"md_id","accept_src_name","accept_src_cd","busi_time","total_num"
1,电话,"0100","2022-05-01",53
2,来信,"0200","2022-05-01",63
3,网站,"0300","2022-05-01",16
4,小程序/公众号,"0400","2022-05-01",755
5,电话,"0100","2022-05-02",161
6,来信,"0200","2022-05-02",135
7,网站,"0300","2022-05-02",196
8,小程序/公众号,"0400","2022-05-02",199
9,电话,"0100","2022-05-03",87
10,来信,"0200","2022-05-03",56
11,网站,"0300","2022-05-03",82
12,小程序/公众号,"0400","2022-05-03",705
13,电话,"0100","2022-05-04",67
14,来信,"0200","2022-05-04",48
15,网站,"0300","2022-05-04",211
16,小程序/公众号,"0400","2022-05-04",496
17,电话,"0100","2022-05-05",95
18,来信,"0200","2022-05-05",96
19,网站,"0300","2022-05-05",39
20,小程序/公众号,"0400","2022-05-05",322
21,电话,"0100","2022-05-06",136
22,来信,"0200","2022-05-06",75
23,网站,"0300","2022-05-06",134
24,小程序/公众号,"0400","2022-05-06",346
25,电话,"0100","2022-05-07",19
26,来信,"0200","2022-05-07",30
27,网站,"0300","2022-05-07",285
28,小程序/公众号,"0400","2022-05-07",659
29,电话,"0100","2022-05-08",105
30,来信,"0200","2022-05-08",154
31,网站,"0300","2022-05-08",232
32,小程序/公众号,"0400","2022-05-08",310
33,电话,"0100","2022-05-09",99
34,来信,"0200","2022-05-09",144
35,网站,"0300","2022-05-09",115
36,小程序/公众号,"0400","2022-05-09",250
37,电话,"0100","2022-05-10",37
38,来信,"0200","2022-05-10",146
39,网站,"0300","2022-05-10",159
40,小程序/公众号,"0400","2022-05-10",294
41,电话,"0100","2022-05-11",91
42,来信,"0200","2022-05-11",48
43,网站,"0300","2022-05-11",19
44,小程序/公众号,"0400","2022-05-11",496
45,电话,"0100","2022-05-12",50
46,来信,"0200","2022-05-12",167
47,网站,"0300","2022-05-12",185
48,小程序/公众号,"0400","2022-05-12",370
49,电话,"0100","2022-05-13",62
50,来信,"0200","2022-05-13",65
51,网站,"0300","2022-05-13",14
52,小程序/公众号,"0400","2022-05-13",219
53,电话,"0100","2022-05-14",104
54,来信,"0200","2022-05-14",64
55,网站,"0300","2022-05-14",12
56,小程序/公众号,"0400","2022-05-14",405
57,电话,"0100","2022-05-15",46
58,来信,"0200","2022-05-15",95
59,网站,"0300","2022-05-15",35
60,小程序/公众号,"0400","2022-05-15",189
61,电话,"0100","2022-05-16",13
62,来信,"0200","2022-05-16",46
63,网站,"0300","2022-05-16",306
64,小程序/公众号,"0400","2022-05-16",336
65,电话,"0100","2022-05-17",76
66,来信,"0200","2022-05-17",12
67,网站,"0300","2022-05-17",21
68,小程序/公众号,"0400","2022-05-17",448
69,电话,"0100","2022-05-18",92
70,来信,"0200","2022-05-18",21
71,网站,"0300","2022-05-18",283
72,小程序/公众号,"0400","2022-05-18",463
73,电话,"0100","2022-05-19",35
74,来信,"0200","2022-05-19",59
75,网站,"0300","2022-05-19",251
76,小程序/公众号,"0400","2022-05-19",563
77,电话,"0100","2022-05-20",20
78,来信,"0200","2022-05-20",44
79,网站,"0300","2022-05-20",57
80,小程序/公众号,"0400","2022-05-20",264
81,电话,"0100","2022-05-21",30
82,来信,"0200","2022-05-21",49
83,网站,"0300","2022-05-21",20
84,小程序/公众号,"0400","2022-05-21",276
85,电话,"0100","2022-05-22",78
86,来信,"0200","2022-05-22",93
87,网站,"0300","2022-05-22",25
88,小程序/公众号,"0400","2022-05-22",223
89,电话,"0100","2022-05-23",192
90,来信,"0200","2022-05-23",215
91,网站,"0300","2022-05-23",15
92,小程序/公众号,"0400","2022-05-23",429
93,电话,"0100","2022-05-24",154
94,来信,"0200","2022-05-24",12
95,网站,"0300","2022-05-24",340
96,小程序/公众号,"0400","2022-05-24",417
97,电话,"0100","2022-05-25",199
98,来信,"0200","2022-05-25",198
99,网站,"0300","2022-05-25",290
100,小程序/公众号,"0400","2022-05-25",291
101,电话,"0100","2022-05-26",118
102,来信,"0200","2022-05-26",197
103,网站,"0300","2022-05-26",60
104,小程序/公众号,"0400","2022-05-26",580
105,电话,"0100","2022-05-27",52
106,来信,"0200","2022-05-27",20
107,网站,"0300","2022-05-27",272
108,小程序/公众号,"0400","2022-05-27",566
109,电话,"0100","2022-05-28",185
110,来信,"0200","2022-05-28",106
111,网站,"0300","2022-05-28",217
112,小程序/公众号,"0400","2022-05-28",395
113,电话,"0100","2022-05-29",15
114,来信,"0200","2022-05-29",52
115,网站,"0300","2022-05-29",137
116,小程序/公众号,"0400","2022-05-29",395
117,电话,"0100","2022-05-30",42
118,来信,"0200","2022-05-30",94
119,网站,"0300","2022-05-30",36
120,小程序/公众号,"0400","2022-05-30",174
121,电话,"0100","2022-05-31",124
122,来信,"0200","2022-05-31",98
123,网站,"0300","2022-05-31",50
124,小程序/公众号,"0400","2022-05-31",262
125,电话,"0100","2022-06-01",112
126,来信,"0200","2022-06-01",130
127,网站,"0300","2022-06-01",242
128,小程序/公众号,"0400","2022-06-01",474
129,电话,"0100","2022-06-02",95
130,来信,"0200","2022-06-02",127
131,网站,"0300","2022-06-02",178
132,小程序/公众号,"0400","2022-06-02",195
133,电话,"0100","2022-06-03",22
134,来信,"0200","2022-06-03",69
135,网站,"0300","2022-06-03",48
136,小程序/公众号,"0400","2022-06-03",197
137,电话,"0100","2022-06-04",50
138,来信,"0200","2022-06-04",50
139,网站,"0300","2022-06-04",89
140,小程序/公众号,"0400","2022-06-04",263
141,电话,"0100","2022-06-05",185
142,来信,"0200","2022-06-05",154
143,网站,"0300","2022-06-05",76
144,小程序/公众号,"0400","2022-06-05",511
145,电话,"0100","2022-06-06",39
146,来信,"0200","2022-06-06",277
147,网站,"0300","2022-06-06",164
148,小程序/公众号,"0400","2022-06-06",418
149,电话,"0100","2022-06-07",11
150,来信,"0200","2022-06-07",60
151,网站,"0300","2022-06-07",79
152,小程序/公众号,"0400","2022-06-07",162
153,电话,"0100","2022-06-08",190
154,来信,"0200","2022-06-08",136
155,网站,"0300","2022-06-08",28
156,小程序/公众号,"0400","2022-06-08",492
157,电话,"0100","2022-06-09",71
158,来信,"0200","2022-06-09",40
159,网站,"0300","2022-06-09",118
160,小程序/公众号,"0400","2022-06-09",356
161,电话,"0100","2022-06-10",69
162,来信,"0200","2022-06-10",75
163,网站,"0300","2022-06-10",143
164,小程序/公众号,"0400","2022-06-10",144
165,电话,"0100","2022-06-11",17
166,来信,"0200","2022-06-11",191
167,网站,"0300","2022-06-11",220
168,小程序/公众号,"0400","2022-06-11",227
169,电话,"0100","2022-06-12",30
170,来信,"0200","2022-06-12",55
171,网站,"0300","2022-06-12",56
172,小程序/公众号,"0400","2022-06-12",437
173,电话,"0100","2022-06-13",88
174,来信,"0200","2022-06-13",34
175,网站,"0300","2022-06-13",132
176,小程序/公众号,"0400","2022-06-13",208
177,电话,"0100","2022-06-14",196
178,来信,"0200","2022-06-14",52
179,网站,"0300","2022-06-14",147
180,小程序/公众号,"0400","2022-06-14",419
181,电话,"0100","2022-06-15",18
182,来信,"0200","2022-06-15",54
183,网站,"0300","2022-06-15",148
184,小程序/公众号,"0400","2022-06-15",148
185,电话,"0100","2022-06-16",73
186,来信,"0200","2022-06-16",47
187,网站,"0300","2022-06-16",110
188,小程序/公众号,"0400","2022-06-16",145
189,电话,"0100","2022-06-17",45
190,来信,"0200","2022-06-17",298
191,网站,"0300","2022-06-17",32
192,小程序/公众号,"0400","2022-06-17",611
193,电话,"0100","2022-06-18",120
194,来信,"0200","2022-06-18",22
195,网站,"0300","2022-06-18",99
196,小程序/公众号,"0400","2022-06-18",450
197,电话,"0100","2022-06-19",55
198,来信,"0200","2022-06-19",94
199,网站,"0300","2022-06-19",75
200,小程序/公众号,"0400","2022-06-19",114
201,电话,"0100","2022-06-20",44
202,来信,"0200","2022-06-20",90
203,网站,"0300","2022-06-20",93
204,小程序/公众号,"0400","2022-06-20",230
205,电话,"0100","2022-06-21",97
206,来信,"0200","2022-06-21",135
207,网站,"0300","2022-06-21",204
208,小程序/公众号,"0400","2022-06-21",246
209,电话,"0100","2022-06-22",190
210,来信,"0200","2022-06-22",127
211,网站,"0300","2022-06-22",76
212,小程序/公众号,"0400","2022-06-22",508
213,电话,"0100","2022-06-23",13
214,来信,"0200","2022-06-23",78
215,网站,"0300","2022-06-23",214
216,小程序/公众号,"0400","2022-06-23",309
217,电话,"0100","2022-06-24",135
218,来信,"0200","2022-06-24",189
219,网站,"0300","2022-06-24",220
220,小程序/公众号,"0400","2022-06-24",222
221,电话,"0100","2022-06-25",89
222,来信,"0200","2022-06-25",126
223,网站,"0300","2022-06-25",91
224,小程序/公众号,"0400","2022-06-25",255
225,电话,"0100","2022-06-26",10
226,来信,"0200","2022-06-26",27
227,网站,"0300","2022-06-26",105
228,小程序/公众号,"0400","2022-06-26",302
229,电话,"0100","2022-06-27",44
230,来信,"0200","2022-06-27",31
231,网站,"0300","2022-06-27",108
232,小程序/公众号,"0400","2022-06-27",396
233,电话,"0100","2022-06-28",46
234,来信,"0200","2022-06-28",191
235,网站,"0300","2022-06-28",124
236,小程序/公众号,"0400","2022-06-28",555
237,电话,"0100","2022-06-29",27
238,来信,"0200","2022-06-29",36
239,网站,"0300","2022-06-29",114
240,小程序/公众号,"0400","2022-06-29",279
241,电话,"0100","2022-06-30",51
242,来信,"0200","2022-06-30",14
243,网站,"0300","2022-06-30",83
244,小程序/公众号,"0400","2022-06-30",267
245,电话,"0100","2022-07-01",102
246,来信,"0200","2022-07-01",53
247,网站,"0300","2022-07-01",18
248,小程序/公众号,"0400","2022-07-01",261
249,电话,"0100","2022-07-02",35
250,来信,"0200","2022-07-02",190
251,网站,"0300","2022-07-02",197
252,小程序/公众号,"0400","2022-07-02",310
253,电话,"0100","2022-07-03",101
254,来信,"0200","2022-07-03",102
255,网站,"0300","2022-07-03",254
256,小程序/公众号,"0400","2022-07-03",287
257,电话,"0100","2022-07-04",144
258,来信,"0200","2022-07-04",82
259,网站,"0300","2022-07-04",219
260,小程序/公众号,"0400","2022-07-04",385
261,电话,"0100","2022-07-05",146
262,来信,"0200","2022-07-05",128
263,网站,"0300","2022-07-05",179
264,小程序/公众号,"0400","2022-07-05",402
265,电话,"0100","2022-07-06",90
266,来信,"0200","2022-07-06",58
267,网站,"0300","2022-07-06",132
268,小程序/公众号,"0400","2022-07-06",312
269,电话,"0100","2022-07-07",91
270,来信,"0200","2022-07-07",17
271,网站,"0300","2022-07-07",51
272,小程序/公众号,"0400","2022-07-07",208
273,电话,"0100","2022-07-08",70
274,来信,"0200","2022-07-08",66
275,网站,"0300","2022-07-08",100
276,小程序/公众号,"0400","2022-07-08",117
277,电话,"0100","2022-07-09",196
278,来信,"0200","2022-07-09",36
279,网站,"0300","2022-07-09",225
280,小程序/公众号,"0400","2022-07-09",467
281,电话,"0100","2022-07-10",43
282,来信,"0200","2022-07-10",42
283,网站,"0300","2022-07-10",173
284,小程序/公众号,"0400","2022-07-10",575
285,电话,"0100","2022-07-11",31
286,来信,"0200","2022-07-11",25
287,网站,"0300","2022-07-11",110
288,小程序/公众号,"0400","2022-07-11",157
289,电话,"0100","2022-07-12",96
290,来信,"0200","2022-07-12",12
291,网站,"0300","2022-07-12",334
292,小程序/公众号,"0400","2022-07-12",501
293,电话,"0100","2022-07-13",32
294,来信,"0200","2022-07-13",182
295,网站,"0300","2022-07-13",48
296,小程序/公众号,"0400","2022-07-13",324
297,电话,"0100","2022-07-14",159
298,来信,"0200","2022-07-14",215
299,网站,"0300","2022-07-14",185
300,小程序/公众号,"0400","2022-07-14",274
301,电话,"0100","2022-07-15",109
302,来信,"0200","2022-07-15",193
303,网站,"0300","2022-07-15",138
304,小程序/公众号,"0400","2022-07-15",505
305,电话,"0100","2022-07-16",162
306,来信,"0200","2022-07-16",198
307,网站,"0300","2022-07-16",198
308,小程序/公众号,"0400","2022-07-16",242
309,电话,"0100","2022-07-17",67
310,来信,"0200","2022-07-17",17
311,网站,"0300","2022-07-17",72
312,小程序/公众号,"0400","2022-07-17",436
313,电话,"0100","2022-07-18",56
314,来信,"0200","2022-07-18",194
315,网站,"0300","2022-07-18",69
316,小程序/公众号,"0400","2022-07-18",326
317,电话,"0100","2022-07-19",125
318,来信,"0200","2022-07-19",165
319,网站,"0300","2022-07-19",142
320,小程序/公众号,"0400","2022-07-19",217
321,电话,"0100","2022-07-20",84
322,来信,"0200","2022-07-20",94
323,网站,"0300","2022-07-20",137
324,小程序/公众号,"0400","2022-07-20",165
325,电话,"0100","2022-07-21",56
326,来信,"0200","2022-07-21",68
327,网站,"0300","2022-07-21",217
328,小程序/公众号,"0400","2022-07-21",339
329,电话,"0100","2022-07-22",139
330,来信,"0200","2022-07-22",104
331,网站,"0300","2022-07-22",227
332,小程序/公众号,"0400","2022-07-22",292
333,电话,"0100","2022-07-23",31
334,来信,"0200","2022-07-23",81
335,网站,"0300","2022-07-23",16
336,小程序/公众号,"0400","2022-07-23",216
337,电话,"0100","2022-07-24",48
338,来信,"0200","2022-07-24",22
339,网站,"0300","2022-07-24",115
340,小程序/公众号,"0400","2022-07-24",138
341,电话,"0100","2022-07-25",134
342,来信,"0200","2022-07-25",10
343,网站,"0300","2022-07-25",54
344,小程序/公众号,"0400","2022-07-25",370
345,电话,"0100","2022-07-26",41
346,来信,"0200","2022-07-26",207
347,网站,"0300","2022-07-26",148
348,小程序/公众号,"0400","2022-07-26",302
349,电话,"0100","2022-07-27",10
350,来信,"0200","2022-07-27",22
351,网站,"0300","2022-07-27",219
352,小程序/公众号,"0400","2022-07-27",593
353,电话,"0100","2022-07-28",132
354,来信,"0200","2022-07-28",140
355,网站,"0300","2022-07-28",131
356,小程序/公众号,"0400","2022-07-28",165
357,电话,"0100","2022-07-29",214
358,来信,"0200","2022-07-29",134
359,网站,"0300","2022-07-29",41
360,小程序/公众号,"0400","2022-07-29",566
361,电话,"0100","2022-07-30",56
362,来信,"0200","2022-07-30",153
363,网站,"0300","2022-07-30",139
364,小程序/公众号,"0400","2022-07-30",209
365,电话,"0100","2022-07-31",147
366,来信,"0200","2022-07-31",136
367,网站,"0300","2022-07-31",175
368,小程序/公众号,"0400","2022-07-31",198
369,电话,"0100","2022-08-01",14
370,来信,"0200","2022-08-01",75
371,网站,"0300","2022-08-01",156
372,小程序/公众号,"0400","2022-08-01",424
373,电话,"0100","2022-08-02",35
374,来信,"0200","2022-08-02",96
375,网站,"0300","2022-08-02",71
376,小程序/公众号,"0400","2022-08-02",132
377,电话,"0100","2022-08-03",83
378,来信,"0200","2022-08-03",64
379,网站,"0300","2022-08-03",107
380,小程序/公众号,"0400","2022-08-03",197
381,电话,"0100","2022-08-04",87
382,来信,"0200","2022-08-04",244
383,网站,"0300","2022-08-04",164
384,小程序/公众号,"0400","2022-08-04",370
385,电话,"0100","2022-08-05",22
386,来信,"0200","2022-08-05",104
387,网站,"0300","2022-08-05",108
388,小程序/公众号,"0400","2022-08-05",385
389,电话,"0100","2022-08-06",165
390,来信,"0200","2022-08-06",27
391,网站,"0300","2022-08-06",237
392,小程序/公众号,"0400","2022-08-06",278
393,电话,"0100","2022-08-07",73
394,来信,"0200","2022-08-07",38
395,网站,"0300","2022-08-07",104
396,小程序/公众号,"0400","2022-08-07",281
397,电话,"0100","2022-08-08",115
398,来信,"0200","2022-08-08",132
399,网站,"0300","2022-08-08",64
400,小程序/公众号,"0400","2022-08-08",231
401,电话,"0100","2022-08-09",30
402,来信,"0200","2022-08-09",22
403,网站,"0300","2022-08-09",25
404,小程序/公众号,"0400","2022-08-09",227
405,电话,"0100","2022-08-10",88
406,来信,"0200","2022-08-10",28
407,网站,"0300","2022-08-10",98
408,小程序/公众号,"0400","2022-08-10",221
409,电话,"0100","2022-08-11",108
410,来信,"0200","2022-08-11",159
411,网站,"0300","2022-08-11",17
412,小程序/公众号,"0400","2022-08-11",474
413,电话,"0100","2022-08-12",45
414,来信,"0200","2022-08-12",112
415,网站,"0300","2022-08-12",12
416,小程序/公众号,"0400","2022-08-12",245
417,电话,"0100","2022-08-13",95
418,来信,"0200","2022-08-13",10
419,网站,"0300","2022-08-13",19
420,小程序/公众号,"0400","2022-08-13",446
421,电话,"0100","2022-08-14",71
422,来信,"0200","2022-08-14",46
423,网站,"0300","2022-08-14",15
424,小程序/公众号,"0400","2022-08-14",248
425,电话,"0100","2022-08-15",31
426,来信,"0200","2022-08-15",66
427,网站,"0300","2022-08-15",123
428,小程序/公众号,"0400","2022-08-15",185
429,电话,"0100","2022-08-16",46
430,来信,"0200","2022-08-16",294
431,网站,"0300","2022-08-16",241
432,小程序/公众号,"0400","2022-08-16",352
433,电话,"0100","2022-08-17",58
434,来信,"0200","2022-08-17",67
435,网站,"0300","2022-08-17",12
436,小程序/公众号,"0400","2022-08-17",307
437,电话,"0100","2022-08-18",20
438,来信,"0200","2022-08-18",75
439,网站,"0300","2022-08-18",300
440,小程序/公众号,"0400","2022-08-18",416
441,电话,"0100","2022-08-19",216
442,来信,"0200","2022-08-19",153
443,网站,"0300","2022-08-19",211
444,小程序/公众号,"0400","2022-08-19",323
445,电话,"0100","2022-08-20",166
446,来信,"0200","2022-08-20",160
447,网站,"0300","2022-08-20",50
448,小程序/公众号,"0400","2022-08-20",391
449,电话,"0100","2022-08-21",91
450,来信,"0200","2022-08-21",28
451,网站,"0300","2022-08-21",159
452,小程序/公众号,"0400","2022-08-21",161
453,电话,"0100","2022-08-22",49
454,来信,"0200","2022-08-22",220
455,网站,"0300","2022-08-22",51
456,小程序/公众号,"0400","2022-08-22",513
457,电话,"0100","2022-08-23",179
458,来信,"0200","2022-08-23",46
459,网站,"0300","2022-08-23",245
460,小程序/公众号,"0400","2022-08-23",258
461,电话,"0100","2022-08-24",60
462,来信,"0200","2022-08-24",14
463,网站,"0300","2022-08-24",15
464,小程序/公众号,"0400","2022-08-24",679
465,电话,"0100","2022-08-25",52
466,来信,"0200","2022-08-25",52
467,网站,"0300","2022-08-25",178
468,小程序/公众号,"0400","2022-08-25",389
469,电话,"0100","2022-08-26",77
470,来信,"0200","2022-08-26",22
471,网站,"0300","2022-08-26",68
472,小程序/公众号,"0400","2022-08-26",223
473,电话,"0100","2022-08-27",88
474,来信,"0200","2022-08-27",64
475,网站,"0300","2022-08-27",253
476,小程序/公众号,"0400","2022-08-27",331
477,电话,"0100","2022-08-28",31
478,来信,"0200","2022-08-28",129
479,网站,"0300","2022-08-28",125
480,小程序/公众号,"0400","2022-08-28",156
481,电话,"0100","2022-08-29",116
482,来信,"0200","2022-08-29",179
483,网站,"0300","2022-08-29",16
484,小程序/公众号,"0400","2022-08-29",604
485,电话,"0100","2022-08-30",52
486,来信,"0200","2022-08-30",134
487,网站,"0300","2022-08-30",122
488,小程序/公众号,"0400","2022-08-30",303
489,电话,"0100","2022-08-31",36
490,来信,"0200","2022-08-31",60
491,网站,"0300","2022-08-31",197
492,小程序/公众号,"0400","2022-08-31",306
493,电话,"0100","2022-09-01",52
494,来信,"0200","2022-09-01",129
495,网站,"0300","2022-09-01",226
496,小程序/公众号,"0400","2022-09-01",331
497,电话,"0100","2022-09-02",73
498,来信,"0200","2022-09-02",63
499,网站,"0300","2022-09-02",17
500,小程序/公众号,"0400","2022-09-02",203
501,电话,"0100","2022-09-03",57
502,来信,"0200","2022-09-03",84
503,网站,"0300","2022-09-03",83
504,小程序/公众号,"0400","2022-09-03",100
505,电话,"0100","2022-09-04",141
506,来信,"0200","2022-09-04",257
507,网站,"0300","2022-09-04",85
508,小程序/公众号,"0400","2022-09-04",451
509,电话,"0100","2022-09-05",23
510,来信,"0200","2022-09-05",36
511,网站,"0300","2022-09-05",59
512,小程序/公众号,"0400","2022-09-05",305
513,电话,"0100","2022-09-06",18
514,来信,"0200","2022-09-06",116
515,网站,"0300","2022-09-06",21
516,小程序/公众号,"0400","2022-09-06",675
517,电话,"0100","2022-09-07",70
518,来信,"0200","2022-09-07",13
519,网站,"0300","2022-09-07",345
520,小程序/公众号,"0400","2022-09-07",454
521,电话,"0100","2022-09-08",31
522,来信,"0200","2022-09-08",162
523,网站,"0300","2022-09-08",22
524,小程序/公众号,"0400","2022-09-08",485
525,电话,"0100","2022-09-09",118
526,来信,"0200","2022-09-09",85
527,网站,"0300","2022-09-09",92
528,小程序/公众号,"0400","2022-09-09",456
529,电话,"0100","2022-09-10",98
530,来信,"0200","2022-09-10",128
531,网站,"0300","2022-09-10",110
532,小程序/公众号,"0400","2022-09-10",215
533,电话,"0100","2022-09-11",100
534,来信,"0200","2022-09-11",21
535,网站,"0300","2022-09-11",74
536,小程序/公众号,"0400","2022-09-11",279
537,电话,"0100","2022-09-12",41
538,来信,"0200","2022-09-12",38
539,网站,"0300","2022-09-12",141
540,小程序/公众号,"0400","2022-09-12",361
541,电话,"0100","2022-09-13",83
542,来信,"0200","2022-09-13",48
543,网站,"0300","2022-09-13",286
544,小程序/公众号,"0400","2022-09-13",568
545,电话,"0100","2022-09-14",117
546,来信,"0200","2022-09-14",56
547,网站,"0300","2022-09-14",67
548,小程序/公众号,"0400","2022-09-14",261
549,电话,"0100","2022-09-15",28
550,来信,"0200","2022-09-15",133
551,网站,"0300","2022-09-15",189
552,小程序/公众号,"0400","2022-09-15",477
553,电话,"0100","2022-09-16",102
554,来信,"0200","2022-09-16",60
555,网站,"0300","2022-09-16",18
556,小程序/公众号,"0400","2022-09-16",375
557,电话,"0100","2022-09-17",86
558,来信,"0200","2022-09-17",143
559,网站,"0300","2022-09-17",139
560,小程序/公众号,"0400","2022-09-17",218
561,电话,"0100","2022-09-18",136
562,来信,"0200","2022-09-18",37
563,网站,"0300","2022-09-18",110
564,小程序/公众号,"0400","2022-09-18",310
565,电话,"0100","2022-09-19",57
566,来信,"0200","2022-09-19",186
567,网站,"0300","2022-09-19",93
568,小程序/公众号,"0400","2022-09-19",539
569,电话,"0100","2022-09-20",19
570,来信,"0200","2022-09-20",150
571,网站,"0300","2022-09-20",77
572,小程序/公众号,"0400","2022-09-20",322
573,电话,"0100","2022-09-21",131
574,来信,"0200","2022-09-21",82
575,网站,"0300","2022-09-21",55
576,小程序/公众号,"0400","2022-09-21",665
577,电话,"0100","2022-09-22",14
578,来信,"0200","2022-09-22",40
579,网站,"0300","2022-09-22",161
580,小程序/公众号,"0400","2022-09-22",247
581,电话,"0100","2022-09-23",69
582,来信,"0200","2022-09-23",58
583,网站,"0300","2022-09-23",145
584,小程序/公众号,"0400","2022-09-23",247
585,电话,"0100","2022-09-24",68
586,来信,"0200","2022-09-24",220
587,网站,"0300","2022-09-24",64
588,小程序/公众号,"0400","2022-09-24",450
589,电话,"0100","2022-09-25",132
590,来信,"0200","2022-09-25",17
591,网站,"0300","2022-09-25",146
592,小程序/公众号,"0400","2022-09-25",329
593,电话,"0100","2022-09-26",21
594,来信,"0200","2022-09-26",285
595,网站,"0300","2022-09-26",186
596,小程序/公众号,"0400","2022-09-26",449
597,电话,"0100","2022-09-27",123
598,来信,"0200","2022-09-27",184
599,网站,"0300","2022-09-27",206
600,小程序/公众号,"0400","2022-09-27",384
601,电话,"0100","2022-09-28",47
602,来信,"0200","2022-09-28",152
603,网站,"0300","2022-09-28",134
604,小程序/公众号,"0400","2022-09-28",204
605,电话,"0100","2022-09-29",111
606,来信,"0200","2022-09-29",129
607,网站,"0300","2022-09-29",99
608,小程序/公众号,"0400","2022-09-29",255
609,电话,"0100","2022-09-30",137
610,来信,"0200","2022-09-30",224
611,网站,"0300","2022-09-30",77
612,小程序/公众号,"0400","2022-09-30",479
613,电话,"0100","2022-10-01",79
614,来信,"0200","2022-10-01",52
615,网站,"0300","2022-10-01",216
616,小程序/公众号,"0400","2022-10-01",348
617,电话,"0100","2022-10-02",122
618,来信,"0200","2022-10-02",18
619,网站,"0300","2022-10-02",77
620,小程序/公众号,"0400","2022-10-02",644
621,电话,"0100","2022-10-03",30
622,来信,"0200","2022-10-03",132
623,网站,"0300","2022-10-03",211
624,小程序/公众号,"0400","2022-10-03",609
625,电话,"0100","2022-10-04",108
626,来信,"0200","2022-10-04",145
627,网站,"0300","2022-10-04",153
628,小程序/公众号,"0400","2022-10-04",241
629,电话,"0100","2022-10-05",143
630,来信,"0200","2022-10-05",109
631,网站,"0300","2022-10-05",338
632,小程序/公众号,"0400","2022-10-05",393
633,电话,"0100","2022-10-06",44
634,来信,"0200","2022-10-06",72
635,网站,"0300","2022-10-06",73
636,小程序/公众号,"0400","2022-10-06",134
637,电话,"0100","2022-10-07",57
638,来信,"0200","2022-10-07",13
639,网站,"0300","2022-10-07",168
640,小程序/公众号,"0400","2022-10-07",180
641,电话,"0100","2022-10-08",144
642,来信,"0200","2022-10-08",114
643,网站,"0300","2022-10-08",147
644,小程序/公众号,"0400","2022-10-08",201
645,电话,"0100","2022-10-09",127
646,来信,"0200","2022-10-09",143
647,网站,"0300","2022-10-09",27
648,小程序/公众号,"0400","2022-10-09",273
649,电话,"0100","2022-10-10",16
650,来信,"0200","2022-10-10",181
651,网站,"0300","2022-10-10",106
652,小程序/公众号,"0400","2022-10-10",389
653,电话,"0100","2022-10-11",29
654,来信,"0200","2022-10-11",124
655,网站,"0300","2022-10-11",345
656,小程序/公众号,"0400","2022-10-11",491
657,电话,"0100","2022-10-12",121
658,来信,"0200","2022-10-12",58
659,网站,"0300","2022-10-12",152
660,小程序/公众号,"0400","2022-10-12",216
661,电话,"0100","2022-10-13",100
662,来信,"0200","2022-10-13",138
663,网站,"0300","2022-10-13",60
664,小程序/公众号,"0400","2022-10-13",255
665,电话,"0100","2022-10-14",72
666,来信,"0200","2022-10-14",250
667,网站,"0300","2022-10-14",11
668,小程序/公众号,"0400","2022-10-14",492
669,电话,"0100","2022-10-15",55
670,来信,"0200","2022-10-15",264
671,网站,"0300","2022-10-15",282
672,小程序/公众号,"0400","2022-10-15",309
673,电话,"0100","2022-10-16",47
674,来信,"0200","2022-10-16",121
675,网站,"0300","2022-10-16",123
676,小程序/公众号,"0400","2022-10-16",209
677,电话,"0100","2022-10-17",60
678,来信,"0200","2022-10-17",11
679,网站,"0300","2022-10-17",322
680,小程序/公众号,"0400","2022-10-17",458
681,电话,"0100","2022-10-18",65
682,来信,"0200","2022-10-18",70
683,网站,"0300","2022-10-18",116
684,小程序/公众号,"0400","2022-10-18",190
685,电话,"0100","2022-10-19",87
686,来信,"0200","2022-10-19",168
687,网站,"0300","2022-10-19",71
688,小程序/公众号,"0400","2022-10-19",402
689,电话,"0100","2022-10-20",69
690,来信,"0200","2022-10-20",98
691,网站,"0300","2022-10-20",273
692,小程序/公众号,"0400","2022-10-20",295
693,电话,"0100","2022-10-21",66
694,来信,"0200","2022-10-21",111
695,网站,"0300","2022-10-21",67
696,小程序/公众号,"0400","2022-10-21",235
697,电话,"0100","2022-10-22",95
698,来信,"0200","2022-10-22",49
699,网站,"0300","2022-10-22",12
700,小程序/公众号,"0400","2022-10-22",238
701,电话,"0100","2022-10-23",54
702,来信,"0200","2022-10-23",78
703,网站,"0300","2022-10-23",75
704,小程序/公众号,"0400","2022-10-23",331
705,电话,"0100","2022-10-24",52
706,来信,"0200","2022-10-24",92
707,网站,"0300","2022-10-24",241
708,小程序/公众号,"0400","2022-10-24",458
709,电话,"0100","2022-10-25",207
710,来信,"0200","2022-10-25",155
711,网站,"0300","2022-10-25",179
712,小程序/公众号,"0400","2022-10-25",395
713,电话,"0100","2022-10-26",13
714,来信,"0200","2022-10-26",86
715,网站,"0300","2022-10-26",134
716,小程序/公众号,"0400","2022-10-26",163
717,电话,"0100","2022-10-27",45
718,来信,"0200","2022-10-27",66
719,网站,"0300","2022-10-27",77
720,小程序/公众号,"0400","2022-10-27",389
721,电话,"0100","2022-10-28",71
722,来信,"0200","2022-10-28",89
723,网站,"0300","2022-10-28",80
724,小程序/公众号,"0400","2022-10-28",202
725,电话,"0100","2022-10-29",87
726,来信,"0200","2022-10-29",235
727,网站,"0300","2022-10-29",27
728,小程序/公众号,"0400","2022-10-29",476
729,电话,"0100","2022-10-30",85
730,来信,"0200","2022-10-30",42
731,网站,"0300","2022-10-30",120
732,小程序/公众号,"0400","2022-10-30",153
733,电话,"0100","2022-10-31",37
734,来信,"0200","2022-10-31",92
735,网站,"0300","2022-10-31",91
736,小程序/公众号,"0400","2022-10-31",118
737,电话,"0100","2022-11-01",62
738,来信,"0200","2022-11-01",91
739,网站,"0300","2022-11-01",66
740,小程序/公众号,"0400","2022-11-01",642
741,电话,"0100","2022-11-02",107
742,来信,"0200","2022-11-02",46
743,网站,"0300","2022-11-02",226
744,小程序/公众号,"0400","2022-11-02",277
745,电话,"0100","2022-11-03",191
746,来信,"0200","2022-11-03",71
747,网站,"0300","2022-11-03",268
748,小程序/公众号,"0400","2022-11-03",379
749,电话,"0100","2022-11-04",64
750,来信,"0200","2022-11-04",104
751,网站,"0300","2022-11-04",17
752,小程序/公众号,"0400","2022-11-04",225
753,电话,"0100","2022-11-05",160
754,来信,"0200","2022-11-05",113
755,网站,"0300","2022-11-05",29
756,小程序/公众号,"0400","2022-11-05",357
757,电话,"0100","2022-11-06",184
758,来信,"0200","2022-11-06",12
759,网站,"0300","2022-11-06",144
760,小程序/公众号,"0400","2022-11-06",413
761,电话,"0100","2022-11-07",82
762,来信,"0200","2022-11-07",155
763,网站,"0300","2022-11-07",107
764,小程序/公众号,"0400","2022-11-07",222
765,电话,"0100","2022-11-08",51
766,来信,"0200","2022-11-08",140
767,网站,"0300","2022-11-08",242
768,小程序/公众号,"0400","2022-11-08",302
769,电话,"0100","2022-11-09",237
770,来信,"0200","2022-11-09",199
771,网站,"0300","2022-11-09",210
772,小程序/公众号,"0400","2022-11-09",350
773,电话,"0100","2022-11-10",185
774,来信,"0200","2022-11-10",133
775,网站,"0300","2022-11-10",194
776,小程序/公众号,"0400","2022-11-10",287
777,电话,"0100","2022-11-11",79
778,来信,"0200","2022-11-11",19
779,网站,"0300","2022-11-11",112
780,小程序/公众号,"0400","2022-11-11",336
781,电话,"0100","2022-11-12",49
782,来信,"0200","2022-11-12",198
783,网站,"0300","2022-11-12",77
784,小程序/公众号,"0400","2022-11-12",578
785,电话,"0100","2022-11-13",167
786,来信,"0200","2022-11-13",257
787,网站,"0300","2022-11-13",210
788,小程序/公众号,"0400","2022-11-13",366
789,电话,"0100","2022-11-14",123
790,来信,"0200","2022-11-14",234
791,网站,"0300","2022-11-14",272
792,小程序/公众号,"0400","2022-11-14",287
793,电话,"0100","2022-11-15",74
794,来信,"0200","2022-11-15",106
795,网站,"0300","2022-11-15",65
796,小程序/公众号,"0400","2022-11-15",166
797,电话,"0100","2022-11-16",47
798,来信,"0200","2022-11-16",34
799,网站,"0300","2022-11-16",116
800,小程序/公众号,"0400","2022-11-16",251
801,电话,"0100","2022-11-17",138
802,来信,"0200","2022-11-17",116
803,网站,"0300","2022-11-17",115
804,小程序/公众号,"0400","2022-11-17",194
805,电话,"0100","2022-11-18",101
806,来信,"0200","2022-11-18",191
807,网站,"0300","2022-11-18",34
808,小程序/公众号,"0400","2022-11-18",413
809,电话,"0100","2022-11-19",103
810,来信,"0200","2022-11-19",132
811,网站,"0300","2022-11-19",69
812,小程序/公众号,"0400","2022-11-19",277
813,电话,"0100","2022-11-20",70
814,来信,"0200","2022-11-20",196
815,网站,"0300","2022-11-20",178
816,小程序/公众号,"0400","2022-11-20",227
817,电话,"0100","2022-11-21",107
818,来信,"0200","2022-11-21",77
819,网站,"0300","2022-11-21",33
820,小程序/公众号,"0400","2022-11-21",214
821,电话,"0100","2022-11-22",79
822,来信,"0200","2022-11-22",31
823,网站,"0300","2022-11-22",19
824,小程序/公众号,"0400","2022-11-22",187
825,电话,"0100","2022-11-23",191
826,来信,"0200","2022-11-23",67
827,网站,"0300","2022-11-23",202
828,小程序/公众号,"0400","2022-11-23",310
829,电话,"0100","2022-11-24",69
830,来信,"0200","2022-11-24",214
831,网站,"0300","2022-11-24",271
832,小程序/公众号,"0400","2022-11-24",317
833,电话,"0100","2022-11-25",140
834,来信,"0200","2022-11-25",86
835,网站,"0300","2022-11-25",45
836,小程序/公众号,"0400","2022-11-25",303
837,电话,"0100","2022-11-26",45
838,来信,"0200","2022-11-26",72
839,网站,"0300","2022-11-26",29
840,小程序/公众号,"0400","2022-11-26",173
841,电话,"0100","2022-11-27",68
842,来信,"0200","2022-11-27",43
843,网站,"0300","2022-11-27",108
844,小程序/公众号,"0400","2022-11-27",123
845,电话,"0100","2022-11-28",143
846,来信,"0200","2022-11-28",149
847,网站,"0300","2022-11-28",23
848,小程序/公众号,"0400","2022-11-28",460
849,电话,"0100","2022-11-29",37
850,来信,"0200","2022-11-29",43
851,网站,"0300","2022-11-29",112
852,小程序/公众号,"0400","2022-11-29",169
853,电话,"0100","2022-11-30",102
854,来信,"0200","2022-11-30",41
855,网站,"0300","2022-11-30",99
856,小程序/公众号,"0400","2022-11-30",462
857,电话,"0100","2022-12-01",126
858,来信,"0200","2022-12-01",75
859,网站,"0300","2022-12-01",145
860,小程序/公众号,"0400","2022-12-01",302
861,电话,"0100","2022-12-02",53
862,来信,"0200","2022-12-02",132
863,网站,"0300","2022-12-02",66
864,小程序/公众号,"0400","2022-12-02",311
865,电话,"0100","2022-12-03",42
866,来信,"0200","2022-12-03",68
867,网站,"0300","2022-12-03",222
868,小程序/公众号,"0400","2022-12-03",639
869,电话,"0100","2022-12-04",55
870,来信,"0200","2022-12-04",24
871,网站,"0300","2022-12-04",242
872,小程序/公众号,"0400","2022-12-04",286
873,电话,"0100","2022-12-05",114
874,来信,"0200","2022-12-05",42
875,网站,"0300","2022-12-05",64
876,小程序/公众号,"0400","2022-12-05",456
877,电话,"0100","2022-12-06",90
878,来信,"0200","2022-12-06",22
879,网站,"0300","2022-12-06",44
880,小程序/公众号,"0400","2022-12-06",322
881,电话,"0100","2022-12-07",100
882,来信,"0200","2022-12-07",93
883,网站,"0300","2022-12-07",50
884,小程序/公众号,"0400","2022-12-07",216
885,电话,"0100","2022-12-08",24
886,来信,"0200","2022-12-08",71
887,网站,"0300","2022-12-08",158
888,小程序/公众号,"0400","2022-12-08",235
889,电话,"0100","2022-12-09",146
890,来信,"0200","2022-12-09",102
891,网站,"0300","2022-12-09",121
892,小程序/公众号,"0400","2022-12-09",221
893,电话,"0100","2022-12-10",13
894,来信,"0200","2022-12-10",48
895,网站,"0300","2022-12-10",74
896,小程序/公众号,"0400","2022-12-10",172
897,电话,"0100","2022-12-11",38
898,来信,"0200","2022-12-11",51
899,网站,"0300","2022-12-11",51
900,小程序/公众号,"0400","2022-12-11",203
901,电话,"0100","2022-12-12",56
902,来信,"0200","2022-12-12",35
903,网站,"0300","2022-12-12",183
904,小程序/公众号,"0400","2022-12-12",250
905,电话,"0100","2022-12-13",118
906,来信,"0200","2022-12-13",101
907,网站,"0300","2022-12-13",90
908,小程序/公众号,"0400","2022-12-13",325
909,电话,"0100","2022-12-14",120
910,来信,"0200","2022-12-14",32
911,网站,"0300","2022-12-14",16
912,小程序/公众号,"0400","2022-12-14",722
913,电话,"0100","2022-12-15",32
914,来信,"0200","2022-12-15",86
915,网站,"0300","2022-12-15",60
916,小程序/公众号,"0400","2022-12-15",135
917,电话,"0100","2022-12-16",12
918,来信,"0200","2022-12-16",75
919,网站,"0300","2022-12-16",373
920,小程序/公众号,"0400","2022-12-16",523
921,电话,"0100","2022-12-17",34
922,来信,"0200","2022-12-17",195
923,网站,"0300","2022-12-17",151
924,小程序/公众号,"0400","2022-12-17",418
925,电话,"0100","2022-12-18",210
926,来信,"0200","2022-12-18",148
927,网站,"0300","2022-12-18",186
928,小程序/公众号,"0400","2022-12-18",310
929,电话,"0100","2022-12-19",217
930,来信,"0200","2022-12-19",156
931,网站,"0300","2022-12-19",94
932,小程序/公众号,"0400","2022-12-19",464
933,电话,"0100","2022-12-20",87
934,来信,"0200","2022-12-20",44
935,网站,"0300","2022-12-20",63
936,小程序/公众号,"0400","2022-12-20",233
937,电话,"0100","2022-12-21",55
938,来信,"0200","2022-12-21",11
939,网站,"0300","2022-12-21",15
940,小程序/公众号,"0400","2022-12-21",389
941,电话,"0100","2022-12-22",65
942,来信,"0200","2022-12-22",112
943,网站,"0300","2022-12-22",101
944,小程序/公众号,"0400","2022-12-22",180
945,电话,"0100","2022-12-23",69
946,来信,"0200","2022-12-23",56
947,网站,"0300","2022-12-23",123
948,小程序/公众号,"0400","2022-12-23",262
949,电话,"0100","2022-12-24",120
950,来信,"0200","2022-12-24",47
951,网站,"0300","2022-12-24",168
952,小程序/公众号,"0400","2022-12-24",410
953,电话,"0100","2022-12-25",91
954,来信,"0200","2022-12-25",29
955,网站,"0300","2022-12-25",160
956,小程序/公众号,"0400","2022-12-25",359
957,电话,"0100","2022-12-26",137
958,来信,"0200","2022-12-26",48
959,网站,"0300","2022-12-26",29
960,小程序/公众号,"0400","2022-12-26",474
961,电话,"0100","2022-12-27",42
962,来信,"0200","2022-12-27",165
963,网站,"0300","2022-12-27",117
964,小程序/公众号,"0400","2022-12-27",333
965,电话,"0100","2022-12-28",60
966,来信,"0200","2022-12-28",85
967,网站,"0300","2022-12-28",98
968,小程序/公众号,"0400","2022-12-28",212
969,电话,"0100","2022-12-29",66
970,来信,"0200","2022-12-29",58
971,网站,"0300","2022-12-29",47
972,小程序/公众号,"0400","2022-12-29",192
973,电话,"0100","2022-12-30",39
974,来信,"0200","2022-12-30",135
975,网站,"0300","2022-12-30",60
976,小程序/公众号,"0400","2022-12-30",454
977,电话,"0100","2022-12-31",65
978,来信,"0200","2022-12-31",102
979,网站,"0300","2022-12-31",214
980,小程序/公众号,"0400","2022-12-31",317
981,电话,"0100","2023-01-01",171
982,来信,"0200","2023-01-01",23
983,网站,"0300","2023-01-01",34
984,小程序/公众号,"0400","2023-01-01",661
985,电话,"0100","2023-01-02",46
986,来信,"0200","2023-01-02",101
987,网站,"0300","2023-01-02",84
988,小程序/公众号,"0400","2023-01-02",162
989,电话,"0100","2023-01-03",17
990,来信,"0200","2023-01-03",61
991,网站,"0300","2023-01-03",225
992,小程序/公众号,"0400","2023-01-03",232
993,电话,"0100","2023-01-04",106
994,来信,"0200","2023-01-04",104
995,网站,"0300","2023-01-04",67
996,小程序/公众号,"0400","2023-01-04",149
997,电话,"0100","2023-01-05",210
998,来信,"0200","2023-01-05",163
999,网站,"0300","2023-01-05",253
1000,小程序/公众号,"0400","2023-01-05",258
1001,电话,"0100","2023-01-06",39
1002,来信,"0200","2023-01-06",74
1003,网站,"0300","2023-01-06",17
1004,小程序/公众号,"0400","2023-01-06",693
1005,电话,"0100","2023-01-07",19
1006,来信,"0200","2023-01-07",64
1007,网站,"0300","2023-01-07",55
1008,小程序/公众号,"0400","2023-01-07",647
1009,电话,"0100","2023-01-08",178
1010,来信,"0200","2023-01-08",20
1011,网站,"0300","2023-01-08",23
1012,小程序/公众号,"0400","2023-01-08",587
1013,电话,"0100","2023-01-09",81
1014,来信,"0200","2023-01-09",24
1015,网站,"0300","2023-01-09",86
1016,小程序/公众号,"0400","2023-01-09",176
1017,电话,"0100","2023-01-10",81
1018,来信,"0200","2023-01-10",27
1019,网站,"0300","2023-01-10",39
1020,小程序/公众号,"0400","2023-01-10",233
1021,电话,"0100","2023-01-11",154
1022,来信,"0200","2023-01-11",45
1023,网站,"0300","2023-01-11",114
1024,小程序/公众号,"0400","2023-01-11",350
1025,电话,"0100","2023-01-12",161
1026,来信,"0200","2023-01-12",219
1027,网站,"0300","2023-01-12",20
1028,小程序/公众号,"0400","2023-01-12",448
1029,电话,"0100","2023-01-13",150
1030,来信,"0200","2023-01-13",55
1031,网站,"0300","2023-01-13",287
1032,小程序/公众号,"0400","2023-01-13",385
1033,电话,"0100","2023-01-14",129
1034,来信,"0200","2023-01-14",99
1035,网站,"0300","2023-01-14",12
1036,小程序/公众号,"0400","2023-01-14",500
1037,电话,"0100","2023-01-15",126
1038,来信,"0200","2023-01-15",30
1039,网站,"0300","2023-01-15",110
1040,小程序/公众号,"0400","2023-01-15",243
1041,电话,"0100","2023-01-16",183
1042,来信,"0200","2023-01-16",39
1043,网站,"0300","2023-01-16",209
1044,小程序/公众号,"0400","2023-01-16",476
1045,电话,"0100","2023-01-17",23
1046,来信,"0200","2023-01-17",56
1047,网站,"0300","2023-01-17",186
1048,小程序/公众号,"0400","2023-01-17",366
1049,电话,"0100","2023-01-18",93
1050,来信,"0200","2023-01-18",112
1051,网站,"0300","2023-01-18",141
1052,小程序/公众号,"0400","2023-01-18",234
1053,电话,"0100","2023-01-19",54
1054,来信,"0200","2023-01-19",134
1055,网站,"0300","2023-01-19",149
1056,小程序/公众号,"0400","2023-01-19",157
1057,电话,"0100","2023-01-20",141
1058,来信,"0200","2023-01-20",73
1059,网站,"0300","2023-01-20",20
1060,小程序/公众号,"0400","2023-01-20",407
1061,电话,"0100","2023-01-21",118
1062,来信,"0200","2023-01-21",81
1063,网站,"0300","2023-01-21",176
1064,小程序/公众号,"0400","2023-01-21",292
1065,电话,"0100","2023-01-22",32
1066,来信,"0200","2023-01-22",119
1067,网站,"0300","2023-01-22",30
1068,小程序/公众号,"0400","2023-01-22",246
1069,电话,"0100","2023-01-23",61
1070,来信,"0200","2023-01-23",136
1071,网站,"0300","2023-01-23",323
1072,小程序/公众号,"0400","2023-01-23",420
1073,电话,"0100","2023-01-24",15
1074,来信,"0200","2023-01-24",153
1075,网站,"0300","2023-01-24",136
1076,小程序/公众号,"0400","2023-01-24",228
1077,电话,"0100","2023-01-25",82
1078,来信,"0200","2023-01-25",57
1079,网站,"0300","2023-01-25",30
1080,小程序/公众号,"0400","2023-01-25",462
1081,电话,"0100","2023-01-26",59
1082,来信,"0200","2023-01-26",99
1083,网站,"0300","2023-01-26",57
1084,小程序/公众号,"0400","2023-01-26",491
1085,电话,"0100","2023-01-27",109
1086,来信,"0200","2023-01-27",80
1087,网站,"0300","2023-01-27",111
1088,小程序/公众号,"0400","2023-01-27",535
1089,电话,"0100","2023-01-28",104
1090,来信,"0200","2023-01-28",24
1091,网站,"0300","2023-01-28",209
1092,小程序/公众号,"0400","2023-01-28",211
1093,电话,"0100","2023-01-29",11
1094,来信,"0200","2023-01-29",28
1095,网站,"0300","2023-01-29",110
1096,小程序/公众号,"0400","2023-01-29",234
1097,电话,"0100","2023-01-30",71
1098,来信,"0200","2023-01-30",84
1099,网站,"0300","2023-01-30",116
1100,小程序/公众号,"0400","2023-01-30",130
1101,电话,"0100","2023-01-31",85
1102,来信,"0200","2023-01-31",14
1103,网站,"0300","2023-01-31",181
1104,小程序/公众号,"0400","2023-01-31",552
1105,电话,"0100","2023-02-01",40
1106,来信,"0200","2023-02-01",62
1107,网站,"0300","2023-02-01",11
1108,小程序/公众号,"0400","2023-02-01",232
1109,电话,"0100","2023-02-02",45
1110,来信,"0200","2023-02-02",75
1111,网站,"0300","2023-02-02",69
1112,小程序/公众号,"0400","2023-02-02",130
1113,电话,"0100","2023-02-03",70
1114,来信,"0200","2023-02-03",12
1115,网站,"0300","2023-02-03",270
1116,小程序/公众号,"0400","2023-02-03",597
1117,电话,"0100","2023-02-04",35
1118,来信,"0200","2023-02-04",91
1119,网站,"0300","2023-02-04",31
1120,小程序/公众号,"0400","2023-02-04",481
1121,电话,"0100","2023-02-05",65
1122,来信,"0200","2023-02-05",54
1123,网站,"0300","2023-02-05",45
1124,小程序/公众号,"0400","2023-02-05",156
1125,电话,"0100","2023-02-06",39
1126,来信,"0200","2023-02-06",112
1127,网站,"0300","2023-02-06",180
1128,小程序/公众号,"0400","2023-02-06",455
1129,电话,"0100","2023-02-07",54
1130,来信,"0200","2023-02-07",53
1131,网站,"0300","2023-02-07",30
1132,小程序/公众号,"0400","2023-02-07",174
1133,电话,"0100","2023-02-08",175
1134,来信,"0200","2023-02-08",136
1135,网站,"0300","2023-02-08",219
1136,小程序/公众号,"0400","2023-02-08",458
1137,电话,"0100","2023-02-09",50
1138,来信,"0200","2023-02-09",201
1139,网站,"0300","2023-02-09",122
1140,小程序/公众号,"0400","2023-02-09",293
1141,电话,"0100","2023-02-10",53
1142,来信,"0200","2023-02-10",39
1143,网站,"0300","2023-02-10",69
1144,小程序/公众号,"0400","2023-02-10",276
1145,电话,"0100","2023-02-11",32
1146,来信,"0200","2023-02-11",88
1147,网站,"0300","2023-02-11",35
1148,小程序/公众号,"0400","2023-02-11",292
1149,电话,"0100","2023-02-12",112
1150,来信,"0200","2023-02-12",26
1151,网站,"0300","2023-02-12",109
1152,小程序/公众号,"0400","2023-02-12",262
1153,电话,"0100","2023-02-13",118
1154,来信,"0200","2023-02-13",95
1155,网站,"0300","2023-02-13",290
1156,小程序/公众号,"0400","2023-02-13",307
1157,电话,"0100","2023-02-14",202
1158,来信,"0200","2023-02-14",165
1159,网站,"0300","2023-02-14",221
1160,小程序/公众号,"0400","2023-02-14",343
1161,电话,"0100","2023-02-15",165
1162,来信,"0200","2023-02-15",150
1163,网站,"0300","2023-02-15",88
1164,小程序/公众号,"0400","2023-02-15",454
1165,电话,"0100","2023-02-16",101
1166,来信,"0200","2023-02-16",56
1167,网站,"0300","2023-02-16",56
1168,小程序/公众号,"0400","2023-02-16",254
1169,电话,"0100","2023-02-17",155
1170,来信,"0200","2023-02-17",124
1171,网站,"0300","2023-02-17",240
1172,小程序/公众号,"0400","2023-02-17",330
1173,电话,"0100","2023-02-18",206
1174,来信,"0200","2023-02-18",45
1175,网站,"0300","2023-02-18",248
1176,小程序/公众号,"0400","2023-02-18",381
1177,电话,"0100","2023-02-19",171
1178,来信,"0200","2023-02-19",138
1179,网站,"0300","2023-02-19",147
1180,小程序/公众号,"0400","2023-02-19",308
1181,电话,"0100","2023-02-20",36
1182,来信,"0200","2023-02-20",70
1183,网站,"0300","2023-02-20",81
1184,小程序/公众号,"0400","2023-02-20",554
1185,电话,"0100","2023-02-21",91
1186,来信,"0200","2023-02-21",158
1187,网站,"0300","2023-02-21",103
1188,小程序/公众号,"0400","2023-02-21",280
1189,电话,"0100","2023-02-22",55
1190,来信,"0200","2023-02-22",23
1191,网站,"0300","2023-02-22",85
1192,小程序/公众号,"0400","2023-02-22",219
1193,电话,"0100","2023-02-23",40
1194,来信,"0200","2023-02-23",31
1195,网站,"0300","2023-02-23",223
1196,小程序/公众号,"0400","2023-02-23",355
1197,电话,"0100","2023-02-24",163
1198,来信,"0200","2023-02-24",211
1199,网站,"0300","2023-02-24",133
1200,小程序/公众号,"0400","2023-02-24",444
1201,电话,"0100","2023-02-25",101
1202,来信,"0200","2023-02-25",54
1203,网站,"0300","2023-02-25",122
1204,小程序/公众号,"0400","2023-02-25",194
1205,电话,"0100","2023-02-26",144
1206,来信,"0200","2023-02-26",205
1207,网站,"0300","2023-02-26",114
1208,小程序/公众号,"0400","2023-02-26",465
1209,电话,"0100","2023-02-27",23
1210,来信,"0200","2023-02-27",131
1211,网站,"0300","2023-02-27",182
1212,小程序/公众号,"0400","2023-02-27",410
1213,电话,"0100","2023-02-28",62
1214,来信,"0200","2023-02-28",142
1215,网站,"0300","2023-02-28",58
1216,小程序/公众号,"0400","2023-02-28",244
1217,电话,"0100","2023-03-01",107
1218,来信,"0200","2023-03-01",89
1219,网站,"0300","2023-03-01",97
1220,小程序/公众号,"0400","2023-03-01",157
1221,电话,"0100","2023-03-02",49
1222,来信,"0200","2023-03-02",12
1223,网站,"0300","2023-03-02",123
1224,小程序/公众号,"0400","2023-03-02",213
1225,电话,"0100","2023-03-03",29
1226,来信,"0200","2023-03-03",153
1227,网站,"0300","2023-03-03",146
1228,小程序/公众号,"0400","2023-03-03",315
1229,电话,"0100","2023-03-04",147
1230,来信,"0200","2023-03-04",116
1231,网站,"0300","2023-03-04",72
1232,小程序/公众号,"0400","2023-03-04",362
1233,电话,"0100","2023-03-05",41
1234,来信,"0200","2023-03-05",25
1235,网站,"0300","2023-03-05",36
1236,小程序/公众号,"0400","2023-03-05",508
1237,电话,"0100","2023-03-06",131
1238,来信,"0200","2023-03-06",68
1239,网站,"0300","2023-03-06",194
1240,小程序/公众号,"0400","2023-03-06",383
1241,电话,"0100","2023-03-07",158
1242,来信,"0200","2023-03-07",158
1243,网站,"0300","2023-03-07",74
1244,小程序/公众号,"0400","2023-03-07",333
1245,电话,"0100","2023-03-08",25
1246,来信,"0200","2023-03-08",98
1247,网站,"0300","2023-03-08",177
1248,小程序/公众号,"0400","2023-03-08",262
1249,电话,"0100","2023-03-09",60
1250,来信,"0200","2023-03-09",32
1251,网站,"0300","2023-03-09",71
1252,小程序/公众号,"0400","2023-03-09",501
1253,电话,"0100","2023-03-10",88
1254,来信,"0200","2023-03-10",151
1255,网站,"0300","2023-03-10",135
1256,小程序/公众号,"0400","2023-03-10",250
1257,电话,"0100","2023-03-11",84
1258,来信,"0200","2023-03-11",70
1259,网站,"0300","2023-03-11",118
1260,小程序/公众号,"0400","2023-03-11",172
1261,电话,"0100","2023-03-12",112
1262,来信,"0200","2023-03-12",183
1263,网站,"0300","2023-03-12",257
1264,小程序/公众号,"0400","2023-03-12",380
1265,电话,"0100","2023-03-13",180
1266,来信,"0200","2023-03-13",140
1267,网站,"0300","2023-03-13",180
1268,小程序/公众号,"0400","2023-03-13",285
1269,电话,"0100","2023-03-14",14
1270,来信,"0200","2023-03-14",78
1271,网站,"0300","2023-03-14",52
1272,小程序/公众号,"0400","2023-03-14",476
1273,电话,"0100","2023-03-15",26
1274,来信,"0200","2023-03-15",43
1275,网站,"0300","2023-03-15",57
1276,小程序/公众号,"0400","2023-03-15",196
1277,电话,"0100","2023-03-16",134
1278,来信,"0200","2023-03-16",163
1279,网站,"0300","2023-03-16",39
1280,小程序/公众号,"0400","2023-03-16",395
1281,电话,"0100","2023-03-17",53
1282,来信,"0200","2023-03-17",130
1283,网站,"0300","2023-03-17",235
1284,小程序/公众号,"0400","2023-03-17",266
1285,电话,"0100","2023-03-18",137
1286,来信,"0200","2023-03-18",35
1287,网站,"0300","2023-03-18",174
1288,小程序/公众号,"0400","2023-03-18",381
1289,电话,"0100","2023-03-19",84
1290,来信,"0200","2023-03-19",40
1291,网站,"0300","2023-03-19",104
1292,小程序/公众号,"0400","2023-03-19",116
1293,电话,"0100","2023-03-20",181
1294,来信,"0200","2023-03-20",197
1295,网站,"0300","2023-03-20",246
1296,小程序/公众号,"0400","2023-03-20",347
1297,电话,"0100","2023-03-21",108
1298,来信,"0200","2023-03-21",78
1299,网站,"0300","2023-03-21",168
1300,小程序/公众号,"0400","2023-03-21",211
1301,电话,"0100","2023-03-22",102
1302,来信,"0200","2023-03-22",119
1303,网站,"0300","2023-03-22",31
1304,小程序/公众号,"0400","2023-03-22",395
1305,电话,"0100","2023-03-23",196
1306,来信,"0200","2023-03-23",29
1307,网站,"0300","2023-03-23",17
1308,小程序/公众号,"0400","2023-03-23",582
1309,电话,"0100","2023-03-24",190
1310,来信,"0200","2023-03-24",91
1311,网站,"0300","2023-03-24",275
1312,小程序/公众号,"0400","2023-03-24",336
1313,电话,"0100","2023-03-25",83
1314,来信,"0200","2023-03-25",66
1315,网站,"0300","2023-03-25",64
1316,小程序/公众号,"0400","2023-03-25",147
1317,电话,"0100","2023-03-26",135
1318,来信,"0200","2023-03-26",126
1319,网站,"0300","2023-03-26",136
1320,小程序/公众号,"0400","2023-03-26",527
1321,电话,"0100","2023-03-27",78
1322,来信,"0200","2023-03-27",261
1323,网站,"0300","2023-03-27",146
1324,小程序/公众号,"0400","2023-03-27",485
1325,电话,"0100","2023-03-28",79
1326,来信,"0200","2023-03-28",84
1327,网站,"0300","2023-03-28",97
1328,小程序/公众号,"0400","2023-03-28",179
1329,电话,"0100","2023-03-29",79
1330,来信,"0200","2023-03-29",30
1331,网站,"0300","2023-03-29",128
1332,小程序/公众号,"0400","2023-03-29",282
1333,电话,"0100","2023-03-30",74
1334,来信,"0200","2023-03-30",113
1335,网站,"0300","2023-03-30",36
1336,小程序/公众号,"0400","2023-03-30",244
1337,电话,"0100","2023-03-31",64
1338,来信,"0200","2023-03-31",35
1339,网站,"0300","2023-03-31",74
1340,小程序/公众号,"0400","2023-03-31",132
1341,电话,"0100","2023-04-01",29
1342,来信,"0200","2023-04-01",74
1343,网站,"0300","2023-04-01",41
1344,小程序/公众号,"0400","2023-04-01",159
1345,电话,"0100","2023-04-02",40
1346,来信,"0200","2023-04-02",26
1347,网站,"0300","2023-04-02",18
1348,小程序/公众号,"0400","2023-04-02",251
1349,电话,"0100","2023-04-03",64
1350,来信,"0200","2023-04-03",34
1351,网站,"0300","2023-04-03",150
1352,小程序/公众号,"0400","2023-04-03",170
1353,电话,"0100","2023-04-04",234
1354,来信,"0200","2023-04-04",124
1355,网站,"0300","2023-04-04",262
1356,小程序/公众号,"0400","2023-04-04",333
1357,电话,"0100","2023-04-05",62
1358,来信,"0200","2023-04-05",77
1359,网站,"0300","2023-04-05",30
1360,小程序/公众号,"0400","2023-04-05",304
1361,电话,"0100","2023-04-06",86
1362,来信,"0200","2023-04-06",26
1363,网站,"0300","2023-04-06",73
1364,小程序/公众号,"0400","2023-04-06",222
1365,电话,"0100","2023-04-07",147
1366,来信,"0200","2023-04-07",94
1367,网站,"0300","2023-04-07",25
1368,小程序/公众号,"0400","2023-04-07",371
1369,电话,"0100","2023-04-08",52
1370,来信,"0200","2023-04-08",89
1371,网站,"0300","2023-04-08",42
1372,小程序/公众号,"0400","2023-04-08",150
1373,电话,"0100","2023-04-09",197
1374,来信,"0200","2023-04-09",144
1375,网站,"0300","2023-04-09",188
1376,小程序/公众号,"0400","2023-04-09",329
1377,电话,"0100","2023-04-10",67
1378,来信,"0200","2023-04-10",158
1379,网站,"0300","2023-04-10",300
1380,小程序/公众号,"0400","2023-04-10",348
1381,电话,"0100","2023-04-11",118
1382,来信,"0200","2023-04-11",59
1383,网站,"0300","2023-04-11",381
1384,小程序/公众号,"0400","2023-04-11",389
1385,电话,"0100","2023-04-12",136
1386,来信,"0200","2023-04-12",69
1387,网站,"0300","2023-04-12",280
1388,小程序/公众号,"0400","2023-04-12",350
1389,电话,"0100","2023-04-13",56
1390,来信,"0200","2023-04-13",28
1391,网站,"0300","2023-04-13",205
1392,小程序/公众号,"0400","2023-04-13",634
1393,电话,"0100","2023-04-14",129
1394,来信,"0200","2023-04-14",181
1395,网站,"0300","2023-04-14",157
1396,小程序/公众号,"0400","2023-04-14",227
1397,电话,"0100","2023-04-15",68
1398,来信,"0200","2023-04-15",235
1399,网站,"0300","2023-04-15",197
1400,小程序/公众号,"0400","2023-04-15",480
1401,电话,"0100","2023-04-16",94
1402,来信,"0200","2023-04-16",87
1403,网站,"0300","2023-04-16",138
1404,小程序/公众号,"0400","2023-04-16",223
1405,电话,"0100","2023-04-17",49
1406,来信,"0200","2023-04-17",64
1407,网站,"0300","2023-04-17",168
1408,小程序/公众号,"0400","2023-04-17",508
1409,电话,"0100","2023-04-18",36
1410,来信,"0200","2023-04-18",79
1411,网站,"0300","2023-04-18",90
1412,小程序/公众号,"0400","2023-04-18",415
1413,电话,"0100","2023-04-19",29
1414,来信,"0200","2023-04-19",218
1415,网站,"0300","2023-04-19",157
1416,小程序/公众号,"0400","2023-04-19",309
1417,电话,"0100","2023-04-20",76
1418,来信,"0200","2023-04-20",217
1419,网站,"0300","2023-04-20",105
1420,小程序/公众号,"0400","2023-04-20",400
1421,电话,"0100","2023-04-21",75
1422,来信,"0200","2023-04-21",18
1423,网站,"0300","2023-04-21",168
1424,小程序/公众号,"0400","2023-04-21",365
1425,电话,"0100","2023-04-22",165
1426,来信,"0200","2023-04-22",103
1427,网站,"0300","2023-04-22",266
1428,小程序/公众号,"0400","2023-04-22",337
1429,电话,"0100","2023-04-23",62
1430,来信,"0200","2023-04-23",109
1431,网站,"0300","2023-04-23",16
1432,小程序/公众号,"0400","2023-04-23",309
1433,电话,"0100","2023-04-24",20
1434,来信,"0200","2023-04-24",141
1435,网站,"0300","2023-04-24",126
1436,小程序/公众号,"0400","2023-04-24",217
1437,电话,"0100","2023-04-25",140
1438,来信,"0200","2023-04-25",204
1439,网站,"0300","2023-04-25",58
1440,小程序/公众号,"0400","2023-04-25",491
1441,电话,"0100","2023-04-26",150
1442,来信,"0200","2023-04-26",156
1443,网站,"0300","2023-04-26",194
1444,小程序/公众号,"0400","2023-04-26",396
1445,电话,"0100","2023-04-27",123
1446,来信,"0200","2023-04-27",35
1447,网站,"0300","2023-04-27",279
1448,小程序/公众号,"0400","2023-04-27",498
1449,电话,"0100","2023-04-28",179
1450,来信,"0200","2023-04-28",227
1451,网站,"0300","2023-04-28",206
1452,小程序/公众号,"0400","2023-04-28",388
1453,电话,"0100","2023-04-29",136
1454,来信,"0200","2023-04-29",67
1455,网站,"0300","2023-04-29",173
1456,小程序/公众号,"0400","2023-04-29",353
1457,电话,"0100","2023-04-30",82
1458,来信,"0200","2023-04-30",57
1459,网站,"0300","2023-04-30",114
1460,小程序/公众号,"0400","2023-04-30",151
1461,电话,"0100","2023-05-01",156
1462,来信,"0200","2023-05-01",53
1463,网站,"0300","2023-05-01",140
1464,小程序/公众号,"0400","2023-05-01",406
1465,电话,"0100","2023-05-02",88
1466,来信,"0200","2023-05-02",172
1467,网站,"0300","2023-05-02",139
1468,小程序/公众号,"0400","2023-05-02",247
1469,电话,"0100","2023-05-03",114
1470,来信,"0200","2023-05-03",159
1471,网站,"0300","2023-05-03",81
1472,小程序/公众号,"0400","2023-05-03",369
1473,电话,"0100","2023-05-04",88
1474,来信,"0200","2023-05-04",117
1475,网站,"0300","2023-05-04",103
1476,小程序/公众号,"0400","2023-05-04",215
1477,电话,"0100","2023-05-05",52
1478,来信,"0200","2023-05-05",42
1479,网站,"0300","2023-05-05",76
1480,小程序/公众号,"0400","2023-05-05",145
1481,电话,"0100","2023-05-06",127
1482,来信,"0200","2023-05-06",91
1483,网站,"0300","2023-05-06",94
1484,小程序/公众号,"0400","2023-05-06",677
1485,电话,"0100","2023-05-07",96
1486,来信,"0200","2023-05-07",97
1487,网站,"0300","2023-05-07",56
1488,小程序/公众号,"0400","2023-05-07",139
1489,电话,"0100","2023-05-08",99
1490,来信,"0200","2023-05-08",183
1491,网站,"0300","2023-05-08",113
1492,小程序/公众号,"0400","2023-05-08",419
1493,电话,"0100","2023-05-09",88
1494,来信,"0200","2023-05-09",95
1495,网站,"0300","2023-05-09",61
1496,小程序/公众号,"0400","2023-05-09",265
1497,电话,"0100","2023-05-10",53
1498,来信,"0200","2023-05-10",187
1499,网站,"0300","2023-05-10",35
1500,小程序/公众号,"0400","2023-05-10",410
1501,电话,"0100","2023-05-11",43
1502,来信,"0200","2023-05-11",109
1503,网站,"0300","2023-05-11",69
1504,小程序/公众号,"0400","2023-05-11",165
1505,电话,"0100","2023-05-12",130
1506,来信,"0200","2023-05-12",106
1507,网站,"0300","2023-05-12",109
1508,小程序/公众号,"0400","2023-05-12",178
1509,电话,"0100","2023-05-13",20
1510,来信,"0200","2023-05-13",23
1511,网站,"0300","2023-05-13",197
1512,小程序/公众号,"0400","2023-05-13",293
1513,电话,"0100","2023-05-14",29
1514,来信,"0200","2023-05-14",35
1515,网站,"0300","2023-05-14",150
1516,小程序/公众号,"0400","2023-05-14",219
1517,电话,"0100","2023-05-15",38
1518,来信,"0200","2023-05-15",208
1519,网站,"0300","2023-05-15",12
1520,小程序/公众号,"0400","2023-05-15",468
1521,电话,"0100","2023-05-16",19
1522,来信,"0200","2023-05-16",169
1523,网站,"0300","2023-05-16",38
1524,小程序/公众号,"0400","2023-05-16",716
1525,电话,"0100","2023-05-17",73
1526,来信,"0200","2023-05-17",19
1527,网站,"0300","2023-05-17",105
1528,小程序/公众号,"0400","2023-05-17",108
1529,电话,"0100","2023-05-18",154
1530,来信,"0200","2023-05-18",42
1531,网站,"0300","2023-05-18",237
1532,小程序/公众号,"0400","2023-05-18",314
1533,电话,"0100","2023-05-19",121
1534,来信,"0200","2023-05-19",190
1535,网站,"0300","2023-05-19",155
1536,小程序/公众号,"0400","2023-05-19",391
1537,电话,"0100","2023-05-20",18
1538,来信,"0200","2023-05-20",123
1539,网站,"0300","2023-05-20",156
1540,小程序/公众号,"0400","2023-05-20",167
1541,电话,"0100","2023-05-21",118
1542,来信,"0200","2023-05-21",64
1543,网站,"0300","2023-05-21",77
1544,小程序/公众号,"0400","2023-05-21",293
1545,电话,"0100","2023-05-22",54
1546,来信,"0200","2023-05-22",138
1547,网站,"0300","2023-05-22",69
1548,小程序/公众号,"0400","2023-05-22",274
1549,电话,"0100","2023-05-23",102
1550,来信,"0200","2023-05-23",102
1551,网站,"0300","2023-05-23",25
1552,小程序/公众号,"0400","2023-05-23",397
1553,电话,"0100","2023-05-24",207
1554,来信,"0200","2023-05-24",124
1555,网站,"0300","2023-05-24",123
1556,小程序/公众号,"0400","2023-05-24",419
1557,电话,"0100","2023-05-25",38
1558,来信,"0200","2023-05-25",32
1559,网站,"0300","2023-05-25",111
1560,小程序/公众号,"0400","2023-05-25",175
1561,电话,"0100","2023-05-26",85
1562,来信,"0200","2023-05-26",106
1563,网站,"0300","2023-05-26",108
1564,小程序/公众号,"0400","2023-05-26",382
1565,电话,"0100","2023-05-27",24
1566,来信,"0200","2023-05-27",218
1567,网站,"0300","2023-05-27",325
1568,小程序/公众号,"0400","2023-05-27",344
1569,电话,"0100","2023-05-28",79
1570,来信,"0200","2023-05-28",14
1571,网站,"0300","2023-05-28",117
1572,小程序/公众号,"0400","2023-05-28",335
1573,电话,"0100","2023-05-29",49
1574,来信,"0200","2023-05-29",79
1575,网站,"0300","2023-05-29",217
1576,小程序/公众号,"0400","2023-05-29",267
1577,电话,"0100","2023-05-30",79
1578,来信,"0200","2023-05-30",247
1579,网站,"0300","2023-05-30",255
1580,小程序/公众号,"0400","2023-05-30",406
1581,电话,"0100","2023-05-31",166
1582,来信,"0200","2023-05-31",138
1583,网站,"0300","2023-05-31",56
1584,小程序/公众号,"0400","2023-05-31",421
1585,电话,"0100","2023-06-01",66
1586,来信,"0200","2023-06-01",190
1587,网站,"0300","2023-06-01",289
1588,小程序/公众号,"0400","2023-06-01",309
1589,电话,"0100","2023-06-02",14
1590,来信,"0200","2023-06-02",15
1591,网站,"0300","2023-06-02",79
1592,小程序/公众号,"0400","2023-06-02",253
1593,电话,"0100","2023-06-03",88
1594,来信,"0200","2023-06-03",244
1595,网站,"0300","2023-06-03",249
1596,小程序/公众号,"0400","2023-06-03",316
1597,电话,"0100","2023-06-04",110
1598,来信,"0200","2023-06-04",170
1599,网站,"0300","2023-06-04",23
1600,小程序/公众号,"0400","2023-06-04",343
1601,电话,"0100","2023-06-05",50
1602,来信,"0200","2023-06-05",76
1603,网站,"0300","2023-06-05",30
1604,小程序/公众号,"0400","2023-06-05",378
1605,电话,"0100","2023-06-06",92
1606,来信,"0200","2023-06-06",28
1607,网站,"0300","2023-06-06",154
1608,小程序/公众号,"0400","2023-06-06",157
1609,电话,"0100","2023-06-07",99
1610,来信,"0200","2023-06-07",88
1611,网站,"0300","2023-06-07",139
1612,小程序/公众号,"0400","2023-06-07",201
1613,电话,"0100","2023-06-08",138
1614,来信,"0200","2023-06-08",67
1615,网站,"0300","2023-06-08",18
1616,小程序/公众号,"0400","2023-06-08",378
1617,电话,"0100","2023-06-09",179
1618,来信,"0200","2023-06-09",22
1619,网站,"0300","2023-06-09",178
1620,小程序/公众号,"0400","2023-06-09",415
1621,电话,"0100","2023-06-10",100
1622,来信,"0200","2023-06-10",60
1623,网站,"0300","2023-06-10",139
1624,小程序/公众号,"0400","2023-06-10",465
1625,电话,"0100","2023-06-11",120
1626,来信,"0200","2023-06-11",115
1627,网站,"0300","2023-06-11",108
1628,小程序/公众号,"0400","2023-06-11",218
1629,电话,"0100","2023-06-12",125
1630,来信,"0200","2023-06-12",178
1631,网站,"0300","2023-06-12",145
1632,小程序/公众号,"0400","2023-06-12",249
1633,电话,"0100","2023-06-13",143
1634,来信,"0200","2023-06-13",106
1635,网站,"0300","2023-06-13",82
1636,小程序/公众号,"0400","2023-06-13",606
1637,电话,"0100","2023-06-14",136
1638,来信,"0200","2023-06-14",59
1639,网站,"0300","2023-06-14",33
1640,小程序/公众号,"0400","2023-06-14",381
1641,电话,"0100","2023-06-15",164
1642,来信,"0200","2023-06-15",66
1643,网站,"0300","2023-06-15",215
1644,小程序/公众号,"0400","2023-06-15",314
1645,电话,"0100","2023-06-16",106
1646,来信,"0200","2023-06-16",172
1647,网站,"0300","2023-06-16",261
1648,小程序/公众号,"0400","2023-06-16",339
1649,电话,"0100","2023-06-17",167
1650,来信,"0200","2023-06-17",245
1651,网站,"0300","2023-06-17",236
1652,小程序/公众号,"0400","2023-06-17",324
1653,电话,"0100","2023-06-18",192
1654,来信,"0200","2023-06-18",194
1655,网站,"0300","2023-06-18",159
1656,小程序/公众号,"0400","2023-06-18",441
1657,电话,"0100","2023-06-19",86
1658,来信,"0200","2023-06-19",46
1659,网站,"0300","2023-06-19",97
1660,小程序/公众号,"0400","2023-06-19",328
1661,电话,"0100","2023-06-20",175
1662,来信,"0200","2023-06-20",50
1663,网站,"0300","2023-06-20",132
1664,小程序/公众号,"0400","2023-06-20",344
1665,电话,"0100","2023-06-21",149
1666,来信,"0200","2023-06-21",173
1667,网站,"0300","2023-06-21",28
1668,小程序/公众号,"0400","2023-06-21",423
1669,电话,"0100","2023-06-22",31
1670,来信,"0200","2023-06-22",13
1671,网站,"0300","2023-06-22",105
1672,小程序/公众号,"0400","2023-06-22",175
1673,电话,"0100","2023-06-23",42
1674,来信,"0200","2023-06-23",250
1675,网站,"0300","2023-06-23",131
1676,小程序/公众号,"0400","2023-06-23",441
1677,电话,"0100","2023-06-24",143
1678,来信,"0200","2023-06-24",157
1679,网站,"0300","2023-06-24",57
1680,小程序/公众号,"0400","2023-06-24",325
1681,电话,"0100","2023-06-25",148
1682,来信,"0200","2023-06-25",40
1683,网站,"0300","2023-06-25",229
1684,小程序/公众号,"0400","2023-06-25",270
1685,电话,"0100","2023-06-26",27
1686,来信,"0200","2023-06-26",85
1687,网站,"0300","2023-06-26",209
1688,小程序/公众号,"0400","2023-06-26",243
1689,电话,"0100","2023-06-27",40
1690,来信,"0200","2023-06-27",207
1691,网站,"0300","2023-06-27",257
1692,小程序/公众号,"0400","2023-06-27",347
1693,电话,"0100","2023-06-28",41
1694,来信,"0200","2023-06-28",86
1695,网站,"0300","2023-06-28",80
1696,小程序/公众号,"0400","2023-06-28",360
1697,电话,"0100","2023-06-29",79
1698,来信,"0200","2023-06-29",87
1699,网站,"0300","2023-06-29",20
1700,小程序/公众号,"0400","2023-06-29",349
1701,电话,"0100","2023-06-30",158
1702,来信,"0200","2023-06-30",257
1703,网站,"0300","2023-06-30",203
1704,小程序/公众号,"0400","2023-06-30",356
1705,电话,"0100","2023-07-01",33
1706,来信,"0200","2023-07-01",192
1707,网站,"0300","2023-07-01",75
1708,小程序/公众号,"0400","2023-07-01",511
1709,电话,"0100","2023-07-02",191
1710,来信,"0200","2023-07-02",172
1711,网站,"0300","2023-07-02",59
1712,小程序/公众号,"0400","2023-07-02",437
1713,电话,"0100","2023-07-03",120
1714,来信,"0200","2023-07-03",76
1715,网站,"0300","2023-07-03",134
1716,小程序/公众号,"0400","2023-07-03",219
1717,电话,"0100","2023-07-04",140
1718,来信,"0200","2023-07-04",158
1719,网站,"0300","2023-07-04",179
1720,小程序/公众号,"0400","2023-07-04",326
1721,电话,"0100","2023-07-05",77
1722,来信,"0200","2023-07-05",97
1723,网站,"0300","2023-07-05",128
1724,小程序/公众号,"0400","2023-07-05",138
1725,电话,"0100","2023-07-06",50
1726,来信,"0200","2023-07-06",139
1727,网站,"0300","2023-07-06",172
1728,小程序/公众号,"0400","2023-07-06",551
1729,电话,"0100","2023-07-07",175
1730,来信,"0200","2023-07-07",170
1731,网站,"0300","2023-07-07",125
1732,小程序/公众号,"0400","2023-07-07",367
1733,电话,"0100","2023-07-08",48
1734,来信,"0200","2023-07-08",93
1735,网站,"0300","2023-07-08",242
1736,小程序/公众号,"0400","2023-07-08",511
1737,电话,"0100","2023-07-09",50
1738,来信,"0200","2023-07-09",155
1739,网站,"0300","2023-07-09",123
1740,小程序/公众号,"0400","2023-07-09",252
1741,电话,"0100","2023-07-10",69
1742,来信,"0200","2023-07-10",37
1743,网站,"0300","2023-07-10",66
1744,小程序/公众号,"0400","2023-07-10",195
1745,电话,"0100","2023-07-11",96
1746,来信,"0200","2023-07-11",54
1747,网站,"0300","2023-07-11",129
1748,小程序/公众号,"0400","2023-07-11",234
1749,电话,"0100","2023-07-12",90
1750,来信,"0200","2023-07-12",137
1751,网站,"0300","2023-07-12",101
1752,小程序/公众号,"0400","2023-07-12",624
1753,电话,"0100","2023-07-13",20
1754,来信,"0200","2023-07-13",47
1755,网站,"0300","2023-07-13",215
1756,小程序/公众号,"0400","2023-07-13",481
1757,电话,"0100","2023-07-14",31
1758,来信,"0200","2023-07-14",107
1759,网站,"0300","2023-07-14",146
1760,小程序/公众号,"0400","2023-07-14",252
1761,电话,"0100","2023-07-15",18
1762,来信,"0200","2023-07-15",94
1763,网站,"0300","2023-07-15",51
1764,小程序/公众号,"0400","2023-07-15",164
1765,电话,"0100","2023-07-16",114
1766,来信,"0200","2023-07-16",141
1767,网站,"0300","2023-07-16",112
1768,小程序/公众号,"0400","2023-07-16",465
1769,电话,"0100","2023-07-17",184
1770,来信,"0200","2023-07-17",158
1771,网站,"0300","2023-07-17",55
1772,小程序/公众号,"0400","2023-07-17",413
1773,电话,"0100","2023-07-18",31
1774,来信,"0200","2023-07-18",61
1775,网站,"0300","2023-07-18",61
1776,小程序/公众号,"0400","2023-07-18",170
1777,电话,"0100","2023-07-19",49
1778,来信,"0200","2023-07-19",11
1779,网站,"0300","2023-07-19",214
1780,小程序/公众号,"0400","2023-07-19",219
1781,电话,"0100","2023-07-20",52
1782,来信,"0200","2023-07-20",239
1783,网站,"0300","2023-07-20",207
1784,小程序/公众号,"0400","2023-07-20",290
1785,电话,"0100","2023-07-21",204
1786,来信,"0200","2023-07-21",143
1787,网站,"0300","2023-07-21",46
1788,小程序/公众号,"0400","2023-07-21",488
1789,电话,"0100","2023-07-22",133
1790,来信,"0200","2023-07-22",101
1791,网站,"0300","2023-07-22",188
1792,小程序/公众号,"0400","2023-07-22",363
1793,电话,"0100","2023-07-23",104
1794,来信,"0200","2023-07-23",33
1795,网站,"0300","2023-07-23",182
1796,小程序/公众号,"0400","2023-07-23",401
1797,电话,"0100","2023-07-24",40
1798,来信,"0200","2023-07-24",17
1799,网站,"0300","2023-07-24",66
1800,小程序/公众号,"0400","2023-07-24",219
1801,电话,"0100","2023-07-25",133
1802,来信,"0200","2023-07-25",21
1803,网站,"0300","2023-07-25",175
1804,小程序/公众号,"0400","2023-07-25",223
1805,电话,"0100","2023-07-26",61
1806,来信,"0200","2023-07-26",138
1807,网站,"0300","2023-07-26",137
1808,小程序/公众号,"0400","2023-07-26",313
1809,电话,"0100","2023-07-27",73
1810,来信,"0200","2023-07-27",236
1811,网站,"0300","2023-07-27",76
1812,小程序/公众号,"0400","2023-07-27",479
1813,电话,"0100","2023-07-28",52
1814,来信,"0200","2023-07-28",12
1815,网站,"0300","2023-07-28",57
1816,小程序/公众号,"0400","2023-07-28",184
1817,电话,"0100","2023-07-29",173
1818,来信,"0200","2023-07-29",176
1819,网站,"0300","2023-07-29",265
1820,小程序/公众号,"0400","2023-07-29",358
1821,电话,"0100","2023-07-30",26
1822,来信,"0200","2023-07-30",60
1823,网站,"0300","2023-07-30",76
1824,小程序/公众号,"0400","2023-07-30",250
1825,电话,"0100","2023-07-31",105
1826,来信,"0200","2023-07-31",210
1827,网站,"0300","2023-07-31",146
1828,小程序/公众号,"0400","2023-07-31",285
1829,电话,"0100","2023-08-01",114
1830,来信,"0200","2023-08-01",86
1831,网站,"0300","2023-08-01",92
1832,小程序/公众号,"0400","2023-08-01",174
1833,电话,"0100","2023-08-02",90
1834,来信,"0200","2023-08-02",54
1835,网站,"0300","2023-08-02",212
1836,小程序/公众号,"0400","2023-08-02",390
1837,电话,"0100","2023-08-03",23
1838,来信,"0200","2023-08-03",22
1839,网站,"0300","2023-08-03",224
1840,小程序/公众号,"0400","2023-08-03",443
1841,电话,"0100","2023-08-04",38
1842,来信,"0200","2023-08-04",38
1843,网站,"0300","2023-08-04",37
1844,小程序/公众号,"0400","2023-08-04",210
1845,电话,"0100","2023-08-05",34
1846,来信,"0200","2023-08-05",162
1847,网站,"0300","2023-08-05",107
1848,小程序/公众号,"0400","2023-08-05",232
1849,电话,"0100","2023-08-06",212
1850,来信,"0200","2023-08-06",52
1851,网站,"0300","2023-08-06",95
1852,小程序/公众号,"0400","2023-08-06",545
1853,电话,"0100","2023-08-07",42
1854,来信,"0200","2023-08-07",82
1855,网站,"0300","2023-08-07",101
1856,小程序/公众号,"0400","2023-08-07",107
1857,电话,"0100","2023-08-08",73
1858,来信,"0200","2023-08-08",54
1859,网站,"0300","2023-08-08",94
1860,小程序/公众号,"0400","2023-08-08",120
1861,电话,"0100","2023-08-09",82
1862,来信,"0200","2023-08-09",50
1863,网站,"0300","2023-08-09",77
1864,小程序/公众号,"0400","2023-08-09",149
1865,电话,"0100","2023-08-10",79
1866,来信,"0200","2023-08-10",66
1867,网站,"0300","2023-08-10",93
1868,小程序/公众号,"0400","2023-08-10",151
1869,电话,"0100","2023-08-11",184
1870,来信,"0200","2023-08-11",51
1871,网站,"0300","2023-08-11",130
1872,小程序/公众号,"0400","2023-08-11",539
1873,电话,"0100","2023-08-12",119
1874,来信,"0200","2023-08-12",61
1875,网站,"0300","2023-08-12",306
1876,小程序/公众号,"0400","2023-08-12",431
1877,电话,"0100","2023-08-13",53
1878,来信,"0200","2023-08-13",125
1879,网站,"0300","2023-08-13",85
1880,小程序/公众号,"0400","2023-08-13",455
1881,电话,"0100","2023-08-14",149
1882,来信,"0200","2023-08-14",85
1883,网站,"0300","2023-08-14",122
1884,小程序/公众号,"0400","2023-08-14",608
1885,电话,"0100","2023-08-15",29
1886,来信,"0200","2023-08-15",30
1887,网站,"0300","2023-08-15",212
1888,小程序/公众号,"0400","2023-08-15",481
1889,电话,"0100","2023-08-16",55
1890,来信,"0200","2023-08-16",32
1891,网站,"0300","2023-08-16",52
1892,小程序/公众号,"0400","2023-08-16",288
1893,电话,"0100","2023-08-17",46
1894,来信,"0200","2023-08-17",103
1895,网站,"0300","2023-08-17",115
1896,小程序/公众号,"0400","2023-08-17",212
1897,电话,"0100","2023-08-18",15
1898,来信,"0200","2023-08-18",21
1899,网站,"0300","2023-08-18",110
1900,小程序/公众号,"0400","2023-08-18",161
1901,电话,"0100","2023-08-19",48
1902,来信,"0200","2023-08-19",84
1903,网站,"0300","2023-08-19",104
1904,小程序/公众号,"0400","2023-08-19",276
1905,电话,"0100","2023-08-20",162
1906,来信,"0200","2023-08-20",185
1907,网站,"0300","2023-08-20",11
1908,小程序/公众号,"0400","2023-08-20",479
1909,电话,"0100","2023-08-21",117
1910,来信,"0200","2023-08-21",120
1911,网站,"0300","2023-08-21",20
1912,小程序/公众号,"0400","2023-08-21",469
1913,电话,"0100","2023-08-22",46
1914,来信,"0200","2023-08-22",110
1915,网站,"0300","2023-08-22",212
1916,小程序/公众号,"0400","2023-08-22",360
1917,电话,"0100","2023-08-23",40
1918,来信,"0200","2023-08-23",85
1919,网站,"0300","2023-08-23",27
1920,小程序/公众号,"0400","2023-08-23",155
1921,电话,"0100","2023-08-24",107
1922,来信,"0200","2023-08-24",133
1923,网站,"0300","2023-08-24",197
1924,小程序/公众号,"0400","2023-08-24",295
1925,电话,"0100","2023-08-25",45
1926,来信,"0200","2023-08-25",32
1927,网站,"0300","2023-08-25",129
1928,小程序/公众号,"0400","2023-08-25",228
1929,电话,"0100","2023-08-26",19
1930,来信,"0200","2023-08-26",60
1931,网站,"0300","2023-08-26",152
1932,小程序/公众号,"0400","2023-08-26",486
1933,电话,"0100","2023-08-27",49
1934,来信,"0200","2023-08-27",149
1935,网站,"0300","2023-08-27",98
1936,小程序/公众号,"0400","2023-08-27",348
1937,电话,"0100","2023-08-28",200
1938,来信,"0200","2023-08-28",50
1939,网站,"0300","2023-08-28",211
1940,小程序/公众号,"0400","2023-08-28",504
1941,电话,"0100","2023-08-29",162
1942,来信,"0200","2023-08-29",50
1943,网站,"0300","2023-08-29",51
1944,小程序/公众号,"0400","2023-08-29",521
1945,电话,"0100","2023-08-30",79
1946,来信,"0200","2023-08-30",58
1947,网站,"0300","2023-08-30",114
1948,小程序/公众号,"0400","2023-08-30",368
1949,电话,"0100","2023-08-31",19
1950,来信,"0200","2023-08-31",37
1951,网站,"0300","2023-08-31",144
1952,小程序/公众号,"0400","2023-08-31",370
1953,电话,"0100","2023-09-01",73
1954,来信,"0200","2023-09-01",222
1955,网站,"0300","2023-09-01",264
1956,小程序/公众号,"0400","2023-09-01",404
1957,电话,"0100","2023-09-02",123
1958,来信,"0200","2023-09-02",66
1959,网站,"0300","2023-09-02",151
1960,小程序/公众号,"0400","2023-09-02",502
1961,电话,"0100","2023-09-03",32
1962,来信,"0200","2023-09-03",106
1963,网站,"0300","2023-09-03",298
1964,小程序/公众号,"0400","2023-09-03",311
1965,电话,"0100","2023-09-04",168
1966,来信,"0200","2023-09-04",37
1967,网站,"0300","2023-09-04",16
1968,小程序/公众号,"0400","2023-09-04",711
1969,电话,"0100","2023-09-05",27
1970,来信,"0200","2023-09-05",57
1971,网站,"0300","2023-09-05",23
1972,小程序/公众号,"0400","2023-09-05",397
1973,电话,"0100","2023-09-06",59
1974,来信,"0200","2023-09-06",89
1975,网站,"0300","2023-09-06",89
1976,小程序/公众号,"0400","2023-09-06",125
1977,电话,"0100","2023-09-07",87
1978,来信,"0200","2023-09-07",35
1979,网站,"0300","2023-09-07",98
1980,小程序/公众号,"0400","2023-09-07",151
1981,电话,"0100","2023-09-08",95
1982,来信,"0200","2023-09-08",294
1983,网站,"0300","2023-09-08",169
1984,小程序/公众号,"0400","2023-09-08",427
1985,电话,"0100","2023-09-09",43
1986,来信,"0200","2023-09-09",89
1987,网站,"0300","2023-09-09",255
1988,小程序/公众号,"0400","2023-09-09",509
1989,电话,"0100","2023-09-10",25
1990,来信,"0200","2023-09-10",42
1991,网站,"0300","2023-09-10",164
1992,小程序/公众号,"0400","2023-09-10",206
1993,电话,"0100","2023-09-11",31
1994,来信,"0200","2023-09-11",202
1995,网站,"0300","2023-09-11",230
1996,小程序/公众号,"0400","2023-09-11",294
1997,电话,"0100","2023-09-12",12
1998,来信,"0200","2023-09-12",125
1999,网站,"0300","2023-09-12",180
2000,小程序/公众号,"0400","2023-09-12",486
2001,电话,"0100","2023-09-13",68
2002,来信,"0200","2023-09-13",17
2003,网站,"0300","2023-09-13",87
2004,小程序/公众号,"0400","2023-09-13",204
2005,电话,"0100","2023-09-14",75
2006,来信,"0200","2023-09-14",31
2007,网站,"0300","2023-09-14",34
2008,小程序/公众号,"0400","2023-09-14",205
2009,电话,"0100","2023-09-15",120
2010,来信,"0200","2023-09-15",248
2011,网站,"0300","2023-09-15",117
2012,小程序/公众号,"0400","2023-09-15",404
2013,电话,"0100","2023-09-16",107
2014,来信,"0200","2023-09-16",32
2015,网站,"0300","2023-09-16",11
2016,小程序/公众号,"0400","2023-09-16",564
2017,电话,"0100","2023-09-17",21
2018,来信,"0200","2023-09-17",86
2019,网站,"0300","2023-09-17",67
2020,小程序/公众号,"0400","2023-09-17",391
2021,电话,"0100","2023-09-18",178
2022,来信,"0200","2023-09-18",256
2023,网站,"0300","2023-09-18",91
2024,小程序/公众号,"0400","2023-09-18",453
2025,电话,"0100","2023-09-19",120
2026,来信,"0200","2023-09-19",133
2027,网站,"0300","2023-09-19",134
2028,小程序/公众号,"0400","2023-09-19",368
2029,电话,"0100","2023-09-20",120
2030,来信,"0200","2023-09-20",176
2031,网站,"0300","2023-09-20",181
2032,小程序/公众号,"0400","2023-09-20",246
2033,电话,"0100","2023-09-21",10
2034,来信,"0200","2023-09-21",132
2035,网站,"0300","2023-09-21",65
2036,小程序/公众号,"0400","2023-09-21",339
2037,电话,"0100","2023-09-22",14
2038,来信,"0200","2023-09-22",203
2039,网站,"0300","2023-09-22",93
2040,小程序/公众号,"0400","2023-09-22",388
2041,电话,"0100","2023-09-23",85
2042,来信,"0200","2023-09-23",84
2043,网站,"0300","2023-09-23",185
2044,小程序/公众号,"0400","2023-09-23",211
2045,电话,"0100","2023-09-24",46
2046,来信,"0200","2023-09-24",96
2047,网站,"0300","2023-09-24",28
2048,小程序/公众号,"0400","2023-09-24",472
2049,电话,"0100","2023-09-25",27
2050,来信,"0200","2023-09-25",54
2051,网站,"0300","2023-09-25",71
2052,小程序/公众号,"0400","2023-09-25",212
2053,电话,"0100","2023-09-26",67
2054,来信,"0200","2023-09-26",66
2055,网站,"0300","2023-09-26",107
2056,小程序/公众号,"0400","2023-09-26",647
2057,电话,"0100","2023-09-27",43
2058,来信,"0200","2023-09-27",38
2059,网站,"0300","2023-09-27",49
2060,小程序/公众号,"0400","2023-09-27",212
2061,电话,"0100","2023-09-28",68
2062,来信,"0200","2023-09-28",11
2063,网站,"0300","2023-09-28",39
2064,小程序/公众号,"0400","2023-09-28",291
2065,电话,"0100","2023-09-29",73
2066,来信,"0200","2023-09-29",28
2067,网站,"0300","2023-09-29",137
2068,小程序/公众号,"0400","2023-09-29",533
2069,电话,"0100","2023-09-30",18
2070,来信,"0200","2023-09-30",103
2071,网站,"0300","2023-09-30",51
2072,小程序/公众号,"0400","2023-09-30",300
2073,电话,"0100","2023-10-01",48
2074,来信,"0200","2023-10-01",12
2075,网站,"0300","2023-10-01",95
2076,小程序/公众号,"0400","2023-10-01",368
2077,电话,"0100","2023-10-02",56
2078,来信,"0200","2023-10-02",24
2079,网站,"0300","2023-10-02",35
2080,小程序/公众号,"0400","2023-10-02",202
2081,电话,"0100","2023-10-03",108
2082,来信,"0200","2023-10-03",69
2083,网站,"0300","2023-10-03",109
2084,小程序/公众号,"0400","2023-10-03",389
2085,电话,"0100","2023-10-04",103
2086,来信,"0200","2023-10-04",90
2087,网站,"0300","2023-10-04",212
2088,小程序/公众号,"0400","2023-10-04",507
2089,电话,"0100","2023-10-05",179
2090,来信,"0200","2023-10-05",228
2091,网站,"0300","2023-10-05",134
2092,小程序/公众号,"0400","2023-10-05",371
2093,电话,"0100","2023-10-06",181
2094,来信,"0200","2023-10-06",194
2095,网站,"0300","2023-10-06",191
2096,小程序/公众号,"0400","2023-10-06",363
2097,电话,"0100","2023-10-07",176
2098,来信,"0200","2023-10-07",15
2099,网站,"0300","2023-10-07",52
2100,小程序/公众号,"0400","2023-10-07",478
2101,电话,"0100","2023-10-08",21
2102,来信,"0200","2023-10-08",57
2103,网站,"0300","2023-10-08",36
2104,小程序/公众号,"0400","2023-10-08",228
2105,电话,"0100","2023-10-09",35
2106,来信,"0200","2023-10-09",196
2107,网站,"0300","2023-10-09",206
2108,小程序/公众号,"0400","2023-10-09",237
2109,电话,"0100","2023-10-10",60
2110,来信,"0200","2023-10-10",86
2111,网站,"0300","2023-10-10",310
2112,小程序/公众号,"0400","2023-10-10",336
2113,电话,"0100","2023-10-11",206
2114,来信,"0200","2023-10-11",232
2115,网站,"0300","2023-10-11",26
2116,小程序/公众号,"0400","2023-10-11",522
2117,电话,"0100","2023-10-12",153
2118,来信,"0200","2023-10-12",132
2119,网站,"0300","2023-10-12",26
2120,小程序/公众号,"0400","2023-10-12",301
2121,电话,"0100","2023-10-13",178
2122,来信,"0200","2023-10-13",51
2123,网站,"0300","2023-10-13",129
2124,小程序/公众号,"0400","2023-10-13",395
2125,电话,"0100","2023-10-14",21
2126,来信,"0200","2023-10-14",266
2127,网站,"0300","2023-10-14",96
2128,小程序/公众号,"0400","2023-10-14",469
2129,电话,"0100","2023-10-15",89
2130,来信,"0200","2023-10-15",77
2131,网站,"0300","2023-10-15",46
2132,小程序/公众号,"0400","2023-10-15",277
2133,电话,"0100","2023-10-16",96
2134,来信,"0200","2023-10-16",32
2135,网站,"0300","2023-10-16",94
2136,小程序/公众号,"0400","2023-10-16",419
2137,电话,"0100","2023-10-17",101
2138,来信,"0200","2023-10-17",260
2139,网站,"0300","2023-10-17",96
2140,小程序/公众号,"0400","2023-10-17",485
2141,电话,"0100","2023-10-18",22
2142,来信,"0200","2023-10-18",42
2143,网站,"0300","2023-10-18",19
2144,小程序/公众号,"0400","2023-10-18",233
2145,电话,"0100","2023-10-19",80
2146,来信,"0200","2023-10-19",81
2147,网站,"0300","2023-10-19",106
2148,小程序/公众号,"0400","2023-10-19",213
2149,电话,"0100","2023-10-20",46
2150,来信,"0200","2023-10-20",88
2151,网站,"0300","2023-10-20",107
2152,小程序/公众号,"0400","2023-10-20",209
2153,电话,"0100","2023-10-21",76
2154,来信,"0200","2023-10-21",107
2155,网站,"0300","2023-10-21",104
2156,小程序/公众号,"0400","2023-10-21",547
2157,电话,"0100","2023-10-22",117
2158,来信,"0200","2023-10-22",192
2159,网站,"0300","2023-10-22",109
2160,小程序/公众号,"0400","2023-10-22",279
2161,电话,"0100","2023-10-23",69
2162,来信,"0200","2023-10-23",40
2163,网站,"0300","2023-10-23",183
2164,小程序/公众号,"0400","2023-10-23",189
2165,电话,"0100","2023-10-24",91
2166,来信,"0200","2023-10-24",148
2167,网站,"0300","2023-10-24",204
2168,小程序/公众号,"0400","2023-10-24",266
2169,电话,"0100","2023-10-25",82
2170,来信,"0200","2023-10-25",25
2171,网站,"0300","2023-10-25",70
2172,小程序/公众号,"0400","2023-10-25",218
2173,电话,"0100","2023-10-26",233
2174,来信,"0200","2023-10-26",192
2175,网站,"0300","2023-10-26",240
2176,小程序/公众号,"0400","2023-10-26",308
2177,电话,"0100","2023-10-27",141
2178,来信,"0200","2023-10-27",74
2179,网站,"0300","2023-10-27",101
2180,小程序/公众号,"0400","2023-10-27",430
2181,电话,"0100","2023-10-28",231
2182,来信,"0200","2023-10-28",21
2183,网站,"0300","2023-10-28",122
2184,小程序/公众号,"0400","2023-10-28",556
2185,电话,"0100","2023-10-29",97
2186,来信,"0200","2023-10-29",122
2187,网站,"0300","2023-10-29",36
2188,小程序/公众号,"0400","2023-10-29",251
2189,电话,"0100","2023-10-30",111
2190,来信,"0200","2023-10-30",61
2191,网站,"0300","2023-10-30",173
2192,小程序/公众号,"0400","2023-10-30",395
2193,电话,"0100","2023-10-31",193
2194,来信,"0200","2023-10-31",116
2195,网站,"0300","2023-10-31",187
2196,小程序/公众号,"0400","2023-10-31",322
2197,电话,"0100","2023-11-01",49
2198,来信,"0200","2023-11-01",196
2199,网站,"0300","2023-11-01",191
2200,小程序/公众号,"0400","2023-11-01",381
2201,电话,"0100","2023-11-02",164
2202,来信,"0200","2023-11-02",31
2203,网站,"0300","2023-11-02",38
2204,小程序/公众号,"0400","2023-11-02",524
2205,电话,"0100","2023-11-03",98
2206,来信,"0200","2023-11-03",61
2207,网站,"0300","2023-11-03",141
2208,小程序/公众号,"0400","2023-11-03",220
2209,电话,"0100","2023-11-04",64
2210,来信,"0200","2023-11-04",26
2211,网站,"0300","2023-11-04",417
2212,小程序/公众号,"0400","2023-11-04",472
2213,电话,"0100","2023-11-05",46
2214,来信,"0200","2023-11-05",57
2215,网站,"0300","2023-11-05",120
2216,小程序/公众号,"0400","2023-11-05",433
2217,电话,"0100","2023-11-06",56
2218,来信,"0200","2023-11-06",22
2219,网站,"0300","2023-11-06",13
2220,小程序/公众号,"0400","2023-11-06",795
2221,电话,"0100","2023-11-07",89
2222,来信,"0200","2023-11-07",27
2223,网站,"0300","2023-11-07",25
2224,小程序/公众号,"0400","2023-11-07",380
2225,电话,"0100","2023-11-08",100
2226,来信,"0200","2023-11-08",34
2227,网站,"0300","2023-11-08",156
2228,小程序/公众号,"0400","2023-11-08",232
2229,电话,"0100","2023-11-09",116
2230,来信,"0200","2023-11-09",119
2231,网站,"0300","2023-11-09",228
2232,小程序/公众号,"0400","2023-11-09",247
2233,电话,"0100","2023-11-10",152
2234,来信,"0200","2023-11-10",220
2235,网站,"0300","2023-11-10",28
2236,小程序/公众号,"0400","2023-11-10",552
2237,电话,"0100","2023-11-11",25
2238,来信,"0200","2023-11-11",58
2239,网站,"0300","2023-11-11",225
2240,小程序/公众号,"0400","2023-11-11",275
2241,电话,"0100","2023-11-12",202
2242,来信,"0200","2023-11-12",39
2243,网站,"0300","2023-11-12",280
2244,小程序/公众号,"0400","2023-11-12",430
2245,电话,"0100","2023-11-13",108
2246,来信,"0200","2023-11-13",102
2247,网站,"0300","2023-11-13",239
2248,小程序/公众号,"0400","2023-11-13",309
2249,电话,"0100","2023-11-14",13
2250,来信,"0200","2023-11-14",184
2251,网站,"0300","2023-11-14",132
2252,小程序/公众号,"0400","2023-11-14",304
2253,电话,"0100","2023-11-15",152
2254,来信,"0200","2023-11-15",97
2255,网站,"0300","2023-11-15",239
2256,小程序/公众号,"0400","2023-11-15",246
2257,电话,"0100","2023-11-16",159
2258,来信,"0200","2023-11-16",50
2259,网站,"0300","2023-11-16",71
2260,小程序/公众号,"0400","2023-11-16",358
2261,电话,"0100","2023-11-17",35
2262,来信,"0200","2023-11-17",196
2263,网站,"0300","2023-11-17",86
2264,小程序/公众号,"0400","2023-11-17",361
2265,电话,"0100","2023-11-18",119
2266,来信,"0200","2023-11-18",97
2267,网站,"0300","2023-11-18",81
2268,小程序/公众号,"0400","2023-11-18",204
2269,电话,"0100","2023-11-19",129
2270,来信,"0200","2023-11-19",120
2271,网站,"0300","2023-11-19",46
2272,小程序/公众号,"0400","2023-11-19",495
2273,电话,"0100","2023-11-20",83
2274,来信,"0200","2023-11-20",91
2275,网站,"0300","2023-11-20",78
2276,小程序/公众号,"0400","2023-11-20",263
2277,电话,"0100","2023-11-21",126
2278,来信,"0200","2023-11-21",15
2279,网站,"0300","2023-11-21",126
2280,小程序/公众号,"0400","2023-11-21",501
2281,电话,"0100","2023-11-22",65
2282,来信,"0200","2023-11-22",45
2283,网站,"0300","2023-11-22",80
2284,小程序/公众号,"0400","2023-11-22",740
2285,电话,"0100","2023-11-23",76
2286,来信,"0200","2023-11-23",204
2287,网站,"0300","2023-11-23",33
2288,小程序/公众号,"0400","2023-11-23",428
2289,电话,"0100","2023-11-24",51
2290,来信,"0200","2023-11-24",104
2291,网站,"0300","2023-11-24",51
2292,小程序/公众号,"0400","2023-11-24",219
2293,电话,"0100","2023-11-25",27
2294,来信,"0200","2023-11-25",94
2295,网站,"0300","2023-11-25",106
2296,小程序/公众号,"0400","2023-11-25",160
2297,电话,"0100","2023-11-26",43
2298,来信,"0200","2023-11-26",172
2299,网站,"0300","2023-11-26",71
2300,小程序/公众号,"0400","2023-11-26",700
2301,电话,"0100","2023-11-27",13
2302,来信,"0200","2023-11-27",49
2303,网站,"0300","2023-11-27",183
2304,小程序/公众号,"0400","2023-11-27",289
2305,电话,"0100","2023-11-28",61
2306,来信,"0200","2023-11-28",12
2307,网站,"0300","2023-11-28",87
2308,小程序/公众号,"0400","2023-11-28",251
2309,电话,"0100","2023-11-29",46
2310,来信,"0200","2023-11-29",180
2311,网站,"0300","2023-11-29",32
2312,小程序/公众号,"0400","2023-11-29",526
2313,电话,"0100","2023-11-30",118
2314,来信,"0200","2023-11-30",209
2315,网站,"0300","2023-11-30",102
2316,小程序/公众号,"0400","2023-11-30",566
2317,电话,"0100","2023-12-01",47
2318,来信,"0200","2023-12-01",204
2319,网站,"0300","2023-12-01",152
2320,小程序/公众号,"0400","2023-12-01",400
2321,电话,"0100","2023-12-02",93
2322,来信,"0200","2023-12-02",161
2323,网站,"0300","2023-12-02",303
2324,小程序/公众号,"0400","2023-12-02",383
2325,电话,"0100","2023-12-03",70
2326,来信,"0200","2023-12-03",83
2327,网站,"0300","2023-12-03",27
2328,小程序/公众号,"0400","2023-12-03",357
2329,电话,"0100","2023-12-04",103
2330,来信,"0200","2023-12-04",11
2331,网站,"0300","2023-12-04",56
2332,小程序/公众号,"0400","2023-12-04",338
2333,电话,"0100","2023-12-05",62
2334,来信,"0200","2023-12-05",12
2335,网站,"0300","2023-12-05",78
2336,小程序/公众号,"0400","2023-12-05",174
2337,电话,"0100","2023-12-06",111
2338,来信,"0200","2023-12-06",100
2339,网站,"0300","2023-12-06",109
2340,小程序/公众号,"0400","2023-12-06",154
2341,电话,"0100","2023-12-07",152
2342,来信,"0200","2023-12-07",209
2343,网站,"0300","2023-12-07",179
2344,小程序/公众号,"0400","2023-12-07",391
2345,电话,"0100","2023-12-08",55
2346,来信,"0200","2023-12-08",194
2347,网站,"0300","2023-12-08",86
2348,小程序/公众号,"0400","2023-12-08",472
2349,电话,"0100","2023-12-09",58
2350,来信,"0200","2023-12-09",18
2351,网站,"0300","2023-12-09",384
2352,小程序/公众号,"0400","2023-12-09",475
2353,电话,"0100","2023-12-10",31
2354,来信,"0200","2023-12-10",151
2355,网站,"0300","2023-12-10",195
2356,小程序/公众号,"0400","2023-12-10",431
2357,电话,"0100","2023-12-11",21
2358,来信,"0200","2023-12-11",116
2359,网站,"0300","2023-12-11",67
2360,小程序/公众号,"0400","2023-12-11",177
2361,电话,"0100","2023-12-12",80
2362,来信,"0200","2023-12-12",18
2363,网站,"0300","2023-12-12",56
2364,小程序/公众号,"0400","2023-12-12",256
2365,电话,"0100","2023-12-13",95
2366,来信,"0200","2023-12-13",73
2367,网站,"0300","2023-12-13",120
2368,小程序/公众号,"0400","2023-12-13",123
2369,电话,"0100","2023-12-14",115
2370,来信,"0200","2023-12-14",128
2371,网站,"0300","2023-12-14",35
2372,小程序/公众号,"0400","2023-12-14",300
2373,电话,"0100","2023-12-15",47
2374,来信,"0200","2023-12-15",52
2375,网站,"0300","2023-12-15",25
2376,小程序/公众号,"0400","2023-12-15",271
2377,电话,"0100","2023-12-16",17
2378,来信,"0200","2023-12-16",28
2379,网站,"0300","2023-12-16",145
2380,小程序/公众号,"0400","2023-12-16",187
2381,电话,"0100","2023-12-17",15
2382,来信,"0200","2023-12-17",13
2383,网站,"0300","2023-12-17",112
2384,小程序/公众号,"0400","2023-12-17",738
2385,电话,"0100","2023-12-18",13
2386,来信,"0200","2023-12-18",152
2387,网站,"0300","2023-12-18",206
2388,小程序/公众号,"0400","2023-12-18",572
2389,电话,"0100","2023-12-19",163
2390,来信,"0200","2023-12-19",205
2391,网站,"0300","2023-12-19",51
2392,小程序/公众号,"0400","2023-12-19",427
2393,电话,"0100","2023-12-20",79
2394,来信,"0200","2023-12-20",209
2395,网站,"0300","2023-12-20",314
2396,小程序/公众号,"0400","2023-12-20",345
2397,电话,"0100","2023-12-21",50
2398,来信,"0200","2023-12-21",27
2399,网站,"0300","2023-12-21",83
2400,小程序/公众号,"0400","2023-12-21",313
2401,电话,"0100","2023-12-22",16
2402,来信,"0200","2023-12-22",186
2403,网站,"0300","2023-12-22",314
2404,小程序/公众号,"0400","2023-12-22",382
2405,电话,"0100","2023-12-23",107
2406,来信,"0200","2023-12-23",58
2407,网站,"0300","2023-12-23",217
2408,小程序/公众号,"0400","2023-12-23",227
2409,电话,"0100","2023-12-24",48
2410,来信,"0200","2023-12-24",179
2411,网站,"0300","2023-12-24",22
2412,小程序/公众号,"0400","2023-12-24",613
2413,电话,"0100","2023-12-25",140
2414,来信,"0200","2023-12-25",137
2415,网站,"0300","2023-12-25",81
2416,小程序/公众号,"0400","2023-12-25",289
2417,电话,"0100","2023-12-26",103
2418,来信,"0200","2023-12-26",23
2419,网站,"0300","2023-12-26",171
2420,小程序/公众号,"0400","2023-12-26",172
2421,电话,"0100","2023-12-27",15
2422,来信,"0200","2023-12-27",14
2423,网站,"0300","2023-12-27",16
2424,小程序/公众号,"0400","2023-12-27",439
2425,电话,"0100","2023-12-28",38
2426,来信,"0200","2023-12-28",80
2427,网站,"0300","2023-12-28",26
2428,小程序/公众号,"0400","2023-12-28",206
2429,电话,"0100","2023-12-29",85
2430,来信,"0200","2023-12-29",199
2431,网站,"0300","2023-12-29",142
2432,小程序/公众号,"0400","2023-12-29",446
2433,电话,"0100","2023-12-30",136
2434,来信,"0200","2023-12-30",107
2435,网站,"0300","2023-12-30",15
2436,小程序/公众号,"0400","2023-12-30",717
2437,电话,"0100","2023-12-31",148
2438,来信,"0200","2023-12-31",224
2439,网站,"0300","2023-12-31",170
2440,小程序/公众号,"0400","2023-12-31",319
2441,电话,"0100","2024-01-01",104
2442,来信,"0200","2024-01-01",184
2443,网站,"0300","2024-01-01",131
2444,小程序/公众号,"0400","2024-01-01",356
2445,电话,"0100","2024-01-02",110
2446,来信,"0200","2024-01-02",76
2447,网站,"0300","2024-01-02",161
2448,小程序/公众号,"0400","2024-01-02",275
2449,电话,"0100","2024-01-03",95
2450,来信,"0200","2024-01-03",28
2451,网站,"0300","2024-01-03",125
2452,小程序/公众号,"0400","2024-01-03",229
2453,电话,"0100","2024-01-04",151
2454,来信,"0200","2024-01-04",76
2455,网站,"0300","2024-01-04",132
2456,小程序/公众号,"0400","2024-01-04",641
2457,电话,"0100","2024-01-05",94
2458,来信,"0200","2024-01-05",179
2459,网站,"0300","2024-01-05",198
2460,小程序/公众号,"0400","2024-01-05",392
2461,电话,"0100","2024-01-06",65
2462,来信,"0200","2024-01-06",107
2463,网站,"0300","2024-01-06",37
2464,小程序/公众号,"0400","2024-01-06",312
2465,电话,"0100","2024-01-07",61
2466,来信,"0200","2024-01-07",68
2467,网站,"0300","2024-01-07",68
2468,小程序/公众号,"0400","2024-01-07",136
2469,电话,"0100","2024-01-08",101
2470,来信,"0200","2024-01-08",85
2471,网站,"0300","2024-01-08",53
2472,小程序/公众号,"0400","2024-01-08",686
2473,电话,"0100","2024-01-09",44
2474,来信,"0200","2024-01-09",268
2475,网站,"0300","2024-01-09",179
2476,小程序/公众号,"0400","2024-01-09",375
2477,电话,"0100","2024-01-10",33
2478,来信,"0200","2024-01-10",47
2479,网站,"0300","2024-01-10",56
2480,小程序/公众号,"0400","2024-01-10",190
2481,电话,"0100","2024-01-11",169
2482,来信,"0200","2024-01-11",118
2483,网站,"0300","2024-01-11",38
2484,小程序/公众号,"0400","2024-01-11",577
2485,电话,"0100","2024-01-12",207
2486,来信,"0200","2024-01-12",62
2487,网站,"0300","2024-01-12",304
2488,小程序/公众号,"0400","2024-01-12",422
2489,电话,"0100","2024-01-13",73
2490,来信,"0200","2024-01-13",147
2491,网站,"0300","2024-01-13",174
2492,小程序/公众号,"0400","2024-01-13",243
2493,电话,"0100","2024-01-14",184
2494,来信,"0200","2024-01-14",230
2495,网站,"0300","2024-01-14",59
2496,小程序/公众号,"0400","2024-01-14",464
2497,电话,"0100","2024-01-15",24
2498,来信,"0200","2024-01-15",161
2499,网站,"0300","2024-01-15",76
2500,小程序/公众号,"0400","2024-01-15",590
2501,电话,"0100","2024-01-16",161
2502,来信,"0200","2024-01-16",11
2503,网站,"0300","2024-01-16",180
2504,小程序/公众号,"0400","2024-01-16",593
2505,电话,"0100","2024-01-17",125
2506,来信,"0200","2024-01-17",68
2507,网站,"0300","2024-01-17",271
2508,小程序/公众号,"0400","2024-01-17",280
2509,电话,"0100","2024-01-18",57
2510,来信,"0200","2024-01-18",108
2511,网站,"0300","2024-01-18",162
2512,小程序/公众号,"0400","2024-01-18",205
2513,电话,"0100","2024-01-19",81
2514,来信,"0200","2024-01-19",108
2515,网站,"0300","2024-01-19",73
2516,小程序/公众号,"0400","2024-01-19",180
2517,电话,"0100","2024-01-20",199
2518,来信,"0200","2024-01-20",185
2519,网站,"0300","2024-01-20",202
2520,小程序/公众号,"0400","2024-01-20",210
2521,电话,"0100","2024-01-21",75
2522,来信,"0200","2024-01-21",75
2523,网站,"0300","2024-01-21",100
2524,小程序/公众号,"0400","2024-01-21",195
2525,电话,"0100","2024-01-22",16
2526,来信,"0200","2024-01-22",258
2527,网站,"0300","2024-01-22",112
2528,小程序/公众号,"0400","2024-01-22",554
2529,电话,"0100","2024-01-23",10
2530,来信,"0200","2024-01-23",98
2531,网站,"0300","2024-01-23",54
2532,小程序/公众号,"0400","2024-01-23",170
2533,电话,"0100","2024-01-24",86
2534,来信,"0200","2024-01-24",34
2535,网站,"0300","2024-01-24",265
2536,小程序/公众号,"0400","2024-01-24",383
2537,电话,"0100","2024-01-25",28
2538,来信,"0200","2024-01-25",46
2539,网站,"0300","2024-01-25",27
2540,小程序/公众号,"0400","2024-01-25",199
2541,电话,"0100","2024-01-26",32
2542,来信,"0200","2024-01-26",165
2543,网站,"0300","2024-01-26",156
2544,小程序/公众号,"0400","2024-01-26",222
2545,电话,"0100","2024-01-27",42
2546,来信,"0200","2024-01-27",131
2547,网站,"0300","2024-01-27",143
2548,小程序/公众号,"0400","2024-01-27",450
2549,电话,"0100","2024-01-28",77
2550,来信,"0200","2024-01-28",77
2551,网站,"0300","2024-01-28",78
2552,小程序/公众号,"0400","2024-01-28",260
2553,电话,"0100","2024-01-29",33
2554,来信,"0200","2024-01-29",26
2555,网站,"0300","2024-01-29",179
2556,小程序/公众号,"0400","2024-01-29",290
2557,电话,"0100","2024-01-30",80
2558,来信,"0200","2024-01-30",138
2559,网站,"0300","2024-01-30",18
2560,小程序/公众号,"0400","2024-01-30",325
2561,电话,"0100","2024-01-31",35
2562,来信,"0200","2024-01-31",106
2563,网站,"0300","2024-01-31",62
2564,小程序/公众号,"0400","2024-01-31",223
2565,电话,"0100","2024-02-01",52
2566,来信,"0200","2024-02-01",56
2567,网站,"0300","2024-02-01",88
2568,小程序/公众号,"0400","2024-02-01",160
2569,电话,"0100","2024-02-02",190
2570,来信,"0200","2024-02-02",104
2571,网站,"0300","2024-02-02",206
2572,小程序/公众号,"0400","2024-02-02",312
2573,电话,"0100","2024-02-03",100
2574,来信,"0200","2024-02-03",110
2575,网站,"0300","2024-02-03",118
2576,小程序/公众号,"0400","2024-02-03",505
2577,电话,"0100","2024-02-04",142
2578,来信,"0200","2024-02-04",129
2579,网站,"0300","2024-02-04",84
2580,小程序/公众号,"0400","2024-02-04",247
2581,电话,"0100","2024-02-05",107
2582,来信,"0200","2024-02-05",122
2583,网站,"0300","2024-02-05",129
2584,小程序/公众号,"0400","2024-02-05",144
2585,电话,"0100","2024-02-06",51
2586,来信,"0200","2024-02-06",135
2587,网站,"0300","2024-02-06",194
2588,小程序/公众号,"0400","2024-02-06",613
2589,电话,"0100","2024-02-07",101
2590,来信,"0200","2024-02-07",61
2591,网站,"0300","2024-02-07",49
2592,小程序/公众号,"0400","2024-02-07",268
2593,电话,"0100","2024-02-08",14
2594,来信,"0200","2024-02-08",24
2595,网站,"0300","2024-02-08",435
2596,小程序/公众号,"0400","2024-02-08",449
2597,电话,"0100","2024-02-09",18
2598,来信,"0200","2024-02-09",58
2599,网站,"0300","2024-02-09",55
2600,小程序/公众号,"0400","2024-02-09",771
2601,电话,"0100","2024-02-10",84
2602,来信,"0200","2024-02-10",57
2603,网站,"0300","2024-02-10",87
2604,小程序/公众号,"0400","2024-02-10",602
2605,电话,"0100","2024-02-11",97
2606,来信,"0200","2024-02-11",147
2607,网站,"0300","2024-02-11",151
2608,小程序/公众号,"0400","2024-02-11",415
2609,电话,"0100","2024-02-12",137
2610,来信,"0200","2024-02-12",72
2611,网站,"0300","2024-02-12",96
2612,小程序/公众号,"0400","2024-02-12",281
2613,电话,"0100","2024-02-13",52
2614,来信,"0200","2024-02-13",151
2615,网站,"0300","2024-02-13",111
2616,小程序/公众号,"0400","2024-02-13",341
2617,电话,"0100","2024-02-14",134
2618,来信,"0200","2024-02-14",84
2619,网站,"0300","2024-02-14",33
2620,小程序/公众号,"0400","2024-02-14",306
2621,电话,"0100","2024-02-15",130
2622,来信,"0200","2024-02-15",71
2623,网站,"0300","2024-02-15",194
2624,小程序/公众号,"0400","2024-02-15",250
2625,电话,"0100","2024-02-16",45
2626,来信,"0200","2024-02-16",50
2627,网站,"0300","2024-02-16",65
2628,小程序/公众号,"0400","2024-02-16",156
2629,电话,"0100","2024-02-17",41
2630,来信,"0200","2024-02-17",86
2631,网站,"0300","2024-02-17",71
2632,小程序/公众号,"0400","2024-02-17",107
2633,电话,"0100","2024-02-18",73
2634,来信,"0200","2024-02-18",42
2635,网站,"0300","2024-02-18",35
2636,小程序/公众号,"0400","2024-02-18",174
2637,电话,"0100","2024-02-19",19
2638,来信,"0200","2024-02-19",97
2639,网站,"0300","2024-02-19",88
2640,小程序/公众号,"0400","2024-02-19",132
2641,电话,"0100","2024-02-20",30
2642,来信,"0200","2024-02-20",298
2643,网站,"0300","2024-02-20",109
2644,小程序/公众号,"0400","2024-02-20",563
2645,电话,"0100","2024-02-21",93
2646,来信,"0200","2024-02-21",25
2647,网站,"0300","2024-02-21",206
2648,小程序/公众号,"0400","2024-02-21",253
2649,电话,"0100","2024-02-22",21
2650,来信,"0200","2024-02-22",21
2651,网站,"0300","2024-02-22",165
2652,小程序/公众号,"0400","2024-02-22",261
2653,电话,"0100","2024-02-23",95
2654,来信,"0200","2024-02-23",26
2655,网站,"0300","2024-02-23",94
2656,小程序/公众号,"0400","2024-02-23",240
2657,电话,"0100","2024-02-24",71
2658,来信,"0200","2024-02-24",22
2659,网站,"0300","2024-02-24",61
2660,小程序/公众号,"0400","2024-02-24",164
2661,电话,"0100","2024-02-25",177
2662,来信,"0200","2024-02-25",83
2663,网站,"0300","2024-02-25",229
2664,小程序/公众号,"0400","2024-02-25",389
2665,电话,"0100","2024-02-26",179
2666,来信,"0200","2024-02-26",38
2667,网站,"0300","2024-02-26",71
2668,小程序/公众号,"0400","2024-02-26",557
2669,电话,"0100","2024-02-27",32
2670,来信,"0200","2024-02-27",56
2671,网站,"0300","2024-02-27",146
2672,小程序/公众号,"0400","2024-02-27",161
2673,电话,"0100","2024-02-28",152
2674,来信,"0200","2024-02-28",74
2675,网站,"0300","2024-02-28",190
2676,小程序/公众号,"0400","2024-02-28",203
2677,电话,"0100","2024-02-29",42
2678,来信,"0200","2024-02-29",105
2679,网站,"0300","2024-02-29",413
2680,小程序/公众号,"0400","2024-02-29",419
2681,电话,"0100","2024-03-01",174
2682,来信,"0200","2024-03-01",151
2683,网站,"0300","2024-03-01",184
2684,小程序/公众号,"0400","2024-03-01",451
2685,电话,"0100","2024-03-02",157
2686,来信,"0200","2024-03-02",96
2687,网站,"0300","2024-03-02",140
2688,小程序/公众号,"0400","2024-03-02",523
2689,电话,"0100","2024-03-03",66
2690,来信,"0200","2024-03-03",82
2691,网站,"0300","2024-03-03",45
2692,小程序/公众号,"0400","2024-03-03",676
2693,电话,"0100","2024-03-04",165
2694,来信,"0200","2024-03-04",146
2695,网站,"0300","2024-03-04",62
2696,小程序/公众号,"0400","2024-03-04",329
2697,电话,"0100","2024-03-05",48
2698,来信,"0200","2024-03-05",31
2699,网站,"0300","2024-03-05",69
2700,小程序/公众号,"0400","2024-03-05",375
2701,电话,"0100","2024-03-06",78
2702,来信,"0200","2024-03-06",238
2703,网站,"0300","2024-03-06",133
2704,小程序/公众号,"0400","2024-03-06",350
2705,电话,"0100","2024-03-07",58
2706,来信,"0200","2024-03-07",158
2707,网站,"0300","2024-03-07",32
2708,小程序/公众号,"0400","2024-03-07",445
2709,电话,"0100","2024-03-08",38
2710,来信,"0200","2024-03-08",119
2711,网站,"0300","2024-03-08",142
2712,小程序/公众号,"0400","2024-03-08",216
2713,电话,"0100","2024-03-09",61
2714,来信,"0200","2024-03-09",98
2715,网站,"0300","2024-03-09",27
2716,小程序/公众号,"0400","2024-03-09",229
2717,电话,"0100","2024-03-10",204
2718,来信,"0200","2024-03-10",128
2719,网站,"0300","2024-03-10",238
2720,小程序/公众号,"0400","2024-03-10",321
2721,电话,"0100","2024-03-11",46
2722,来信,"0200","2024-03-11",114
2723,网站,"0300","2024-03-11",58
2724,小程序/公众号,"0400","2024-03-11",287
2725,电话,"0100","2024-03-12",13
2726,来信,"0200","2024-03-12",18
2727,网站,"0300","2024-03-12",280
2728,小程序/公众号,"0400","2024-03-12",412
2729,电话,"0100","2024-03-13",65
2730,来信,"0200","2024-03-13",146
2731,网站,"0300","2024-03-13",173
2732,小程序/公众号,"0400","2024-03-13",397
2733,电话,"0100","2024-03-14",65
2734,来信,"0200","2024-03-14",195
2735,网站,"0300","2024-03-14",81
2736,小程序/公众号,"0400","2024-03-14",366
2737,电话,"0100","2024-03-15",56
2738,来信,"0200","2024-03-15",91
2739,网站,"0300","2024-03-15",227
2740,小程序/公众号,"0400","2024-03-15",496
2741,电话,"0100","2024-03-16",25
2742,来信,"0200","2024-03-16",27
2743,网站,"0300","2024-03-16",34
2744,小程序/公众号,"0400","2024-03-16",508
2745,电话,"0100","2024-03-17",74
2746,来信,"0200","2024-03-17",112
2747,网站,"0300","2024-03-17",30
2748,小程序/公众号,"0400","2024-03-17",226
2749,电话,"0100","2024-03-18",29
2750,来信,"0200","2024-03-18",145
2751,网站,"0300","2024-03-18",35
2752,小程序/公众号,"0400","2024-03-18",354
2753,电话,"0100","2024-03-19",209
2754,来信,"0200","2024-03-19",210
2755,网站,"0300","2024-03-19",83
2756,小程序/公众号,"0400","2024-03-19",398
2757,电话,"0100","2024-03-20",101
2758,来信,"0200","2024-03-20",116
2759,网站,"0300","2024-03-20",179
2760,小程序/公众号,"0400","2024-03-20",248
2761,电话,"0100","2024-03-21",84
2762,来信,"0200","2024-03-21",72
2763,网站,"0300","2024-03-21",289
2764,小程序/公众号,"0400","2024-03-21",346
2765,电话,"0100","2024-03-22",45
2766,来信,"0200","2024-03-22",168
2767,网站,"0300","2024-03-22",51
2768,小程序/公众号,"0400","2024-03-22",562
2769,电话,"0100","2024-03-23",62
2770,来信,"0200","2024-03-23",54
2771,网站,"0300","2024-03-23",55
2772,小程序/公众号,"0400","2024-03-23",235
2773,电话,"0100","2024-03-24",95
2774,来信,"0200","2024-03-24",75
2775,网站,"0300","2024-03-24",138
2776,小程序/公众号,"0400","2024-03-24",159
2777,电话,"0100","2024-03-25",56
2778,来信,"0200","2024-03-25",129
2779,网站,"0300","2024-03-25",55
2780,小程序/公众号,"0400","2024-03-25",264
2781,电话,"0100","2024-03-26",93
2782,来信,"0200","2024-03-26",35
2783,网站,"0300","2024-03-26",146
2784,小程序/公众号,"0400","2024-03-26",523
2785,电话,"0100","2024-03-27",28
2786,来信,"0200","2024-03-27",118
2787,网站,"0300","2024-03-27",205
2788,小程序/公众号,"0400","2024-03-27",287
2789,电话,"0100","2024-03-28",145
2790,来信,"0200","2024-03-28",90
2791,网站,"0300","2024-03-28",205
2792,小程序/公众号,"0400","2024-03-28",267
2793,电话,"0100","2024-03-29",111
2794,来信,"0200","2024-03-29",132
2795,网站,"0300","2024-03-29",153
2796,小程序/公众号,"0400","2024-03-29",382
2797,电话,"0100","2024-03-30",175
2798,来信,"0200","2024-03-30",205
2799,网站,"0300","2024-03-30",191
2800,小程序/公众号,"0400","2024-03-30",280
2801,电话,"0100","2024-03-31",139
2802,来信,"0200","2024-03-31",106
2803,网站,"0300","2024-03-31",116
2804,小程序/公众号,"0400","2024-03-31",315
2805,电话,"0100","2024-04-01",110
2806,来信,"0200","2024-04-01",23
2807,网站,"0300","2024-04-01",47
2808,小程序/公众号,"0400","2024-04-01",395
2809,电话,"0100","2024-04-02",69
2810,来信,"0200","2024-04-02",37
2811,网站,"0300","2024-04-02",95
2812,小程序/公众号,"0400","2024-04-02",348
2813,电话,"0100","2024-04-03",99
2814,来信,"0200","2024-04-03",115
2815,网站,"0300","2024-04-03",111
2816,小程序/公众号,"0400","2024-04-03",190
2817,电话,"0100","2024-04-04",135
2818,来信,"0200","2024-04-04",252
2819,网站,"0300","2024-04-04",164
2820,小程序/公众号,"0400","2024-04-04",389
2821,电话,"0100","2024-04-05",152
2822,来信,"0200","2024-04-05",92
2823,网站,"0300","2024-04-05",202
2824,小程序/公众号,"0400","2024-04-05",502
2825,电话,"0100","2024-04-06",17
2826,来信,"0200","2024-04-06",16
2827,网站,"0300","2024-04-06",123
2828,小程序/公众号,"0400","2024-04-06",199
2829,电话,"0100","2024-04-07",136
2830,来信,"0200","2024-04-07",90
2831,网站,"0300","2024-04-07",65
2832,小程序/公众号,"0400","2024-04-07",334
2833,电话,"0100","2024-04-08",120
2834,来信,"0200","2024-04-08",47
2835,网站,"0300","2024-04-08",149
2836,小程序/公众号,"0400","2024-04-08",505
2837,电话,"0100","2024-04-09",91
2838,来信,"0200","2024-04-09",129
2839,网站,"0300","2024-04-09",134
2840,小程序/公众号,"0400","2024-04-09",136
2841,电话,"0100","2024-04-10",10
2842,来信,"0200","2024-04-10",61
2843,网站,"0300","2024-04-10",10
2844,小程序/公众号,"0400","2024-04-10",229
2845,电话,"0100","2024-04-11",75
2846,来信,"0200","2024-04-11",103
2847,网站,"0300","2024-04-11",293
2848,小程序/公众号,"0400","2024-04-11",517
2849,电话,"0100","2024-04-12",64
2850,来信,"0200","2024-04-12",215
2851,网站,"0300","2024-04-12",52
2852,小程序/公众号,"0400","2024-04-12",504
2853,电话,"0100","2024-04-13",164
2854,来信,"0200","2024-04-13",156
2855,网站,"0300","2024-04-13",71
2856,小程序/公众号,"0400","2024-04-13",420
2857,电话,"0100","2024-04-14",74
2858,来信,"0200","2024-04-14",101
2859,网站,"0300","2024-04-14",313
2860,小程序/公众号,"0400","2024-04-14",326
2861,电话,"0100","2024-04-15",142
2862,来信,"0200","2024-04-15",102
2863,网站,"0300","2024-04-15",125
2864,小程序/公众号,"0400","2024-04-15",584
2865,电话,"0100","2024-04-16",175
2866,来信,"0200","2024-04-16",164
2867,网站,"0300","2024-04-16",126
2868,小程序/公众号,"0400","2024-04-16",338
2869,电话,"0100","2024-04-17",12
2870,来信,"0200","2024-04-17",29
2871,网站,"0300","2024-04-17",153
2872,小程序/公众号,"0400","2024-04-17",211
2873,电话,"0100","2024-04-18",137
2874,来信,"0200","2024-04-18",36
2875,网站,"0300","2024-04-18",209
2876,小程序/公众号,"0400","2024-04-18",222
2877,电话,"0100","2024-04-19",53
2878,来信,"0200","2024-04-19",84
2879,网站,"0300","2024-04-19",32
2880,小程序/公众号,"0400","2024-04-19",339
2881,电话,"0100","2024-04-20",89
2882,来信,"0200","2024-04-20",167
2883,网站,"0300","2024-04-20",40
2884,小程序/公众号,"0400","2024-04-20",328
2885,电话,"0100","2024-04-21",85
2886,来信,"0200","2024-04-21",57
2887,网站,"0300","2024-04-21",12
2888,小程序/公众号,"0400","2024-04-21",419
2889,电话,"0100","2024-04-22",232
2890,来信,"0200","2024-04-22",178
2891,网站,"0300","2024-04-22",251
2892,小程序/公众号,"0400","2024-04-22",329
2893,电话,"0100","2024-04-23",172
2894,来信,"0200","2024-04-23",69
2895,网站,"0300","2024-04-23",221
2896,小程序/公众号,"0400","2024-04-23",319
2897,电话,"0100","2024-04-24",47
2898,来信,"0200","2024-04-24",36
2899,网站,"0300","2024-04-24",15
2900,小程序/公众号,"0400","2024-04-24",205
2901,电话,"0100","2024-04-25",69
2902,来信,"0200","2024-04-25",38
2903,网站,"0300","2024-04-25",100
2904,小程序/公众号,"0400","2024-04-25",126
2905,电话,"0100","2024-04-26",68
2906,来信,"0200","2024-04-26",144
2907,网站,"0300","2024-04-26",12
2908,小程序/公众号,"0400","2024-04-26",425
2909,电话,"0100","2024-04-27",63
2910,来信,"0200","2024-04-27",167
2911,网站,"0300","2024-04-27",153
2912,小程序/公众号,"0400","2024-04-27",516
2913,电话,"0100","2024-04-28",90
2914,来信,"0200","2024-04-28",153
2915,网站,"0300","2024-04-28",146
2916,小程序/公众号,"0400","2024-04-28",545
2917,电话,"0100","2024-04-29",41
2918,来信,"0200","2024-04-29",77
2919,网站,"0300","2024-04-29",48
2920,小程序/公众号,"0400","2024-04-29",275
2921,电话,"0100","2024-04-30",50
2922,来信,"0200","2024-04-30",270
2923,网站,"0300","2024-04-30",55
2924,小程序/公众号,"0400","2024-04-30",585
2925,电话,"0100","2024-05-01",68
2926,来信,"0200","2024-05-01",79
2927,网站,"0300","2024-05-01",24
2928,小程序/公众号,"0400","2024-05-01",397
2929,电话,"0100","2024-05-02",103
2930,来信,"0200","2024-05-02",84
2931,网站,"0300","2024-05-02",117
2932,小程序/公众号,"0400","2024-05-02",125
2933,电话,"0100","2024-05-03",90
2934,来信,"0200","2024-05-03",152
2935,网站,"0300","2024-05-03",126
2936,小程序/公众号,"0400","2024-05-03",193
2937,电话,"0100","2024-05-04",66
2938,来信,"0200","2024-05-04",57
2939,网站,"0300","2024-05-04",140
2940,小程序/公众号,"0400","2024-05-04",294
2941,电话,"0100","2024-05-05",200
2942,来信,"0200","2024-05-05",204
2943,网站,"0300","2024-05-05",175
2944,小程序/公众号,"0400","2024-05-05",363
2945,电话,"0100","2024-05-06",78
2946,来信,"0200","2024-05-06",181
2947,网站,"0300","2024-05-06",31
2948,小程序/公众号,"0400","2024-05-06",439
2949,电话,"0100","2024-05-07",102
2950,来信,"0200","2024-05-07",56
2951,网站,"0300","2024-05-07",62
2952,小程序/公众号,"0400","2024-05-07",322
2953,电话,"0100","2024-05-08",20
2954,来信,"0200","2024-05-08",137
2955,网站,"0300","2024-05-08",195
2956,小程序/公众号,"0400","2024-05-08",199
2957,电话,"0100","2024-05-09",13
2958,来信,"0200","2024-05-09",39
2959,网站,"0300","2024-05-09",133
2960,小程序/公众号,"0400","2024-05-09",200
2961,电话,"0100","2024-05-10",129
2962,来信,"0200","2024-05-10",66
2963,网站,"0300","2024-05-10",384
2964,小程序/公众号,"0400","2024-05-10",392
2965,电话,"0100","2024-05-11",39
2966,来信,"0200","2024-05-11",102
2967,网站,"0300","2024-05-11",47
2968,小程序/公众号,"0400","2024-05-11",300
2969,电话,"0100","2024-05-12",82
2970,来信,"0200","2024-05-12",128
2971,网站,"0300","2024-05-12",64
2972,小程序/公众号,"0400","2024-05-12",308
2973,电话,"0100","2024-05-13",148
2974,来信,"0200","2024-05-13",14
2975,网站,"0300","2024-05-13",112
2976,小程序/公众号,"0400","2024-05-13",521
2977,电话,"0100","2024-05-14",177
2978,来信,"0200","2024-05-14",152
2979,网站,"0300","2024-05-14",322
2980,小程序/公众号,"0400","2024-05-14",326
2981,电话,"0100","2024-05-15",155
2982,来信,"0200","2024-05-15",91
2983,网站,"0300","2024-05-15",51
2984,小程序/公众号,"0400","2024-05-15",500
2985,电话,"0100","2024-05-16",165
2986,来信,"0200","2024-05-16",152
2987,网站,"0300","2024-05-16",262
2988,小程序/公众号,"0400","2024-05-16",381
2989,电话,"0100","2024-05-17",66
2990,来信,"0200","2024-05-17",54
2991,网站,"0300","2024-05-17",33
2992,小程序/公众号,"0400","2024-05-17",206
2993,电话,"0100","2024-05-18",160
2994,来信,"0200","2024-05-18",224
2995,网站,"0300","2024-05-18",141
2996,小程序/公众号,"0400","2024-05-18",324
2997,电话,"0100","2024-05-19",32
2998,来信,"0200","2024-05-19",13
2999,网站,"0300","2024-05-19",126
3000,小程序/公众号,"0400","2024-05-19",153
3001,电话,"0100","2024-05-20",33
3002,来信,"0200","2024-05-20",223
3003,网站,"0300","2024-05-20",76
3004,小程序/公众号,"0400","2024-05-20",572
3005,电话,"0100","2024-05-21",96
3006,来信,"0200","2024-05-21",161
3007,网站,"0300","2024-05-21",153
3008,小程序/公众号,"0400","2024-05-21",252
3009,电话,"0100","2024-05-22",184
3010,来信,"0200","2024-05-22",127
3011,网站,"0300","2024-05-22",55
3012,小程序/公众号,"0400","2024-05-22",439
3013,电话,"0100","2024-05-23",125
3014,来信,"0200","2024-05-23",212
3015,网站,"0300","2024-05-23",49
3016,小程序/公众号,"0400","2024-05-23",610
3017,电话,"0100","2024-05-24",71
3018,来信,"0200","2024-05-24",43
3019,网站,"0300","2024-05-24",139
3020,小程序/公众号,"0400","2024-05-24",322
3021,电话,"0100","2024-05-25",87
3022,来信,"0200","2024-05-25",11
3023,网站,"0300","2024-05-25",166
3024,小程序/公众号,"0400","2024-05-25",289
3025,电话,"0100","2024-05-26",107
3026,来信,"0200","2024-05-26",85
3027,网站,"0300","2024-05-26",125
3028,小程序/公众号,"0400","2024-05-26",198
3029,电话,"0100","2024-05-27",167
3030,来信,"0200","2024-05-27",124
3031,网站,"0300","2024-05-27",156
3032,小程序/公众号,"0400","2024-05-27",340
3033,电话,"0100","2024-05-28",66
3034,来信,"0200","2024-05-28",137
3035,网站,"0300","2024-05-28",50
3036,小程序/公众号,"0400","2024-05-28",245
3037,电话,"0100","2024-05-29",97
3038,来信,"0200","2024-05-29",166
3039,网站,"0300","2024-05-29",171
3040,小程序/公众号,"0400","2024-05-29",327
3041,电话,"0100","2024-05-30",237
3042,来信,"0200","2024-05-30",81
3043,网站,"0300","2024-05-30",48
3044,小程序/公众号,"0400","2024-05-30",589
3045,电话,"0100","2024-05-31",33
3046,来信,"0200","2024-05-31",18
3047,网站,"0300","2024-05-31",30
3048,小程序/公众号,"0400","2024-05-31",262
3049,电话,"0100","2024-06-01",46
3050,来信,"0200","2024-06-01",155
3051,网站,"0300","2024-06-01",173
3052,小程序/公众号,"0400","2024-06-01",302
3053,电话,"0100","2024-06-02",72
3054,来信,"0200","2024-06-02",145
3055,网站,"0300","2024-06-02",86
3056,小程序/公众号,"0400","2024-06-02",236
3057,电话,"0100","2024-06-03",237
3058,来信,"0200","2024-06-03",92
3059,网站,"0300","2024-06-03",321
3060,小程序/公众号,"0400","2024-06-03",335
3061,电话,"0100","2024-06-04",36
3062,来信,"0200","2024-06-04",97
3063,网站,"0300","2024-06-04",13
3064,小程序/公众号,"0400","2024-06-04",214
3065,电话,"0100","2024-06-05",18
3066,来信,"0200","2024-06-05",93
3067,网站,"0300","2024-06-05",62
3068,小程序/公众号,"0400","2024-06-05",178
3069,电话,"0100","2024-06-06",65
3070,来信,"0200","2024-06-06",141
3071,网站,"0300","2024-06-06",68
3072,小程序/公众号,"0400","2024-06-06",595
3073,电话,"0100","2024-06-07",19
3074,来信,"0200","2024-06-07",26
3075,网站,"0300","2024-06-07",27
3076,小程序/公众号,"0400","2024-06-07",291
3077,电话,"0100","2024-06-08",162
3078,来信,"0200","2024-06-08",47
3079,网站,"0300","2024-06-08",79
3080,小程序/公众号,"0400","2024-06-08",412
3081,电话,"0100","2024-06-09",74
3082,来信,"0200","2024-06-09",184
3083,网站,"0300","2024-06-09",234
3084,小程序/公众号,"0400","2024-06-09",296
3085,电话,"0100","2024-06-10",55
3086,来信,"0200","2024-06-10",19
3087,网站,"0300","2024-06-10",87
3088,小程序/公众号,"0400","2024-06-10",256
3089,电话,"0100","2024-06-11",105
3090,来信,"0200","2024-06-11",158
3091,网站,"0300","2024-06-11",96
3092,小程序/公众号,"0400","2024-06-11",283
3093,电话,"0100","2024-06-12",88
3094,来信,"0200","2024-06-12",54
3095,网站,"0300","2024-06-12",281
3096,小程序/公众号,"0400","2024-06-12",355
3097,电话,"0100","2024-06-13",186
3098,来信,"0200","2024-06-13",28
3099,网站,"0300","2024-06-13",177
3100,小程序/公众号,"0400","2024-06-13",440
3101,电话,"0100","2024-06-14",126
3102,来信,"0200","2024-06-14",87
3103,网站,"0300","2024-06-14",141
3104,小程序/公众号,"0400","2024-06-14",197
3105,电话,"0100","2024-06-15",121
3106,来信,"0200","2024-06-15",118
3107,网站,"0300","2024-06-15",129
3108,小程序/公众号,"0400","2024-06-15",448
3109,电话,"0100","2024-06-16",165
3110,来信,"0200","2024-06-16",73
3111,网站,"0300","2024-06-16",41
3112,小程序/公众号,"0400","2024-06-16",657
3113,电话,"0100","2024-06-17",135
3114,来信,"0200","2024-06-17",113
3115,网站,"0300","2024-06-17",178
3116,小程序/公众号,"0400","2024-06-17",225
3117,电话,"0100","2024-06-18",67
3118,来信,"0200","2024-06-18",186
3119,网站,"0300","2024-06-18",148
3120,小程序/公众号,"0400","2024-06-18",373
3121,电话,"0100","2024-06-19",82
3122,来信,"0200","2024-06-19",143
3123,网站,"0300","2024-06-19",167
3124,小程序/公众号,"0400","2024-06-19",209
3125,电话,"0100","2024-06-20",46
3126,来信,"0200","2024-06-20",46
3127,网站,"0300","2024-06-20",282
3128,小程序/公众号,"0400","2024-06-20",354
3129,电话,"0100","2024-06-21",107
3130,来信,"0200","2024-06-21",105
3131,网站,"0300","2024-06-21",105
3132,小程序/公众号,"0400","2024-06-21",196
3133,电话,"0100","2024-06-22",40
3134,来信,"0200","2024-06-22",41
3135,网站,"0300","2024-06-22",255
3136,小程序/公众号,"0400","2024-06-22",607
3137,电话,"0100","2024-06-23",61
3138,来信,"0200","2024-06-23",82
3139,网站,"0300","2024-06-23",61
3140,小程序/公众号,"0400","2024-06-23",198
3141,电话,"0100","2024-06-24",79
3142,来信,"0200","2024-06-24",16
3143,网站,"0300","2024-06-24",107
3144,小程序/公众号,"0400","2024-06-24",274
3145,电话,"0100","2024-06-25",61
3146,来信,"0200","2024-06-25",109
3147,网站,"0300","2024-06-25",90
3148,小程序/公众号,"0400","2024-06-25",285
3149,电话,"0100","2024-06-26",24
3150,来信,"0200","2024-06-26",58
3151,网站,"0300","2024-06-26",34
3152,小程序/公众号,"0400","2024-06-26",217
3153,电话,"0100","2024-06-27",176
3154,来信,"0200","2024-06-27",68
3155,网站,"0300","2024-06-27",21
3156,小程序/公众号,"0400","2024-06-27",722
3157,电话,"0100","2024-06-28",98
3158,来信,"0200","2024-06-28",77
3159,网站,"0300","2024-06-28",233
3160,小程序/公众号,"0400","2024-06-28",360
3161,电话,"0100","2024-06-29",48
3162,来信,"0200","2024-06-29",105
3163,网站,"0300","2024-06-29",49
3164,小程序/公众号,"0400","2024-06-29",732
3165,电话,"0100","2024-06-30",181
3166,来信,"0200","2024-06-30",16
3167,网站,"0300","2024-06-30",178
3168,小程序/公众号,"0400","2024-06-30",531
3169,电话,"0100","2024-07-01",221
3170,来信,"0200","2024-07-01",181
3171,网站,"0300","2024-07-01",186
3172,小程序/公众号,"0400","2024-07-01",323
3173,电话,"0100","2024-07-02",49
3174,来信,"0200","2024-07-02",23
3175,网站,"0300","2024-07-02",189
3176,小程序/公众号,"0400","2024-07-02",322
3177,电话,"0100","2024-07-03",101
3178,来信,"0200","2024-07-03",129
3179,网站,"0300","2024-07-03",63
3180,小程序/公众号,"0400","2024-07-03",297
3181,电话,"0100","2024-07-04",154
3182,来信,"0200","2024-07-04",141
3183,网站,"0300","2024-07-04",32
3184,小程序/公众号,"0400","2024-07-04",292
3185,电话,"0100","2024-07-05",60
3186,来信,"0200","2024-07-05",82
3187,网站,"0300","2024-07-05",102
3188,小程序/公众号,"0400","2024-07-05",122
3189,电话,"0100","2024-07-06",45
3190,来信,"0200","2024-07-06",136
3191,网站,"0300","2024-07-06",180
3192,小程序/公众号,"0400","2024-07-06",286
3193,电话,"0100","2024-07-07",118
3194,来信,"0200","2024-07-07",41
3195,网站,"0300","2024-07-07",156
3196,小程序/公众号,"0400","2024-07-07",345
3197,电话,"0100","2024-07-08",158
3198,来信,"0200","2024-07-08",156
3199,网站,"0300","2024-07-08",212
3200,小程序/公众号,"0400","2024-07-08",246
3201,电话,"0100","2024-07-09",71
3202,来信,"0200","2024-07-09",81
3203,网站,"0300","2024-07-09",14
3204,小程序/公众号,"0400","2024-07-09",199
3205,电话,"0100","2024-07-10",124
3206,来信,"0200","2024-07-10",81
3207,网站,"0300","2024-07-10",90
3208,小程序/公众号,"0400","2024-07-10",545
3209,电话,"0100","2024-07-11",113
3210,来信,"0200","2024-07-11",27
3211,网站,"0300","2024-07-11",299
3212,小程序/公众号,"0400","2024-07-11",310
3213,电话,"0100","2024-07-12",140
3214,来信,"0200","2024-07-12",57
3215,网站,"0300","2024-07-12",25
3216,小程序/公众号,"0400","2024-07-12",460
3217,电话,"0100","2024-07-13",151
3218,来信,"0200","2024-07-13",164
3219,网站,"0300","2024-07-13",112
3220,小程序/公众号,"0400","2024-07-13",348
3221,电话,"0100","2024-07-14",51
3222,来信,"0200","2024-07-14",13
3223,网站,"0300","2024-07-14",68
3224,小程序/公众号,"0400","2024-07-14",560
3225,电话,"0100","2024-07-15",165
3226,来信,"0200","2024-07-15",71
3227,网站,"0300","2024-07-15",13
3228,小程序/公众号,"0400","2024-07-15",447
3229,电话,"0100","2024-07-16",59
3230,来信,"0200","2024-07-16",19
3231,网站,"0300","2024-07-16",227
3232,小程序/公众号,"0400","2024-07-16",478
3233,电话,"0100","2024-07-17",134
3234,来信,"0200","2024-07-17",108
3235,网站,"0300","2024-07-17",76
3236,小程序/公众号,"0400","2024-07-17",290
3237,电话,"0100","2024-07-18",96
3238,来信,"0200","2024-07-18",213
3239,网站,"0300","2024-07-18",138
3240,小程序/公众号,"0400","2024-07-18",390
3241,电话,"0100","2024-07-19",114
3242,来信,"0200","2024-07-19",139
3243,网站,"0300","2024-07-19",160
3244,小程序/公众号,"0400","2024-07-19",194
3245,电话,"0100","2024-07-20",11
3246,来信,"0200","2024-07-20",16
3247,网站,"0300","2024-07-20",113
3248,小程序/公众号,"0400","2024-07-20",182
3249,电话,"0100","2024-07-21",56
3250,来信,"0200","2024-07-21",55
3251,网站,"0300","2024-07-21",55
3252,小程序/公众号,"0400","2024-07-21",142
3253,电话,"0100","2024-07-22",112
3254,来信,"0200","2024-07-22",103
3255,网站,"0300","2024-07-22",273
3256,小程序/公众号,"0400","2024-07-22",454
3257,电话,"0100","2024-07-23",27
3258,来信,"0200","2024-07-23",20
3259,网站,"0300","2024-07-23",133
3260,小程序/公众号,"0400","2024-07-23",142
3261,电话,"0100","2024-07-24",24
3262,来信,"0200","2024-07-24",88
3263,网站,"0300","2024-07-24",30
3264,小程序/公众号,"0400","2024-07-24",177
3265,电话,"0100","2024-07-25",146
3266,来信,"0200","2024-07-25",96
3267,网站,"0300","2024-07-25",197
3268,小程序/公众号,"0400","2024-07-25",504
3269,电话,"0100","2024-07-26",63
3270,来信,"0200","2024-07-26",13
3271,网站,"0300","2024-07-26",152
3272,小程序/公众号,"0400","2024-07-26",311
3273,电话,"0100","2024-07-27",137
3274,来信,"0200","2024-07-27",201
3275,网站,"0300","2024-07-27",186
3276,小程序/公众号,"0400","2024-07-27",369
3277,电话,"0100","2024-07-28",147
3278,来信,"0200","2024-07-28",73
3279,网站,"0300","2024-07-28",126
3280,小程序/公众号,"0400","2024-07-28",255
3281,电话,"0100","2024-07-29",106
3282,来信,"0200","2024-07-29",250
3283,网站,"0300","2024-07-29",114
3284,小程序/公众号,"0400","2024-07-29",435
3285,电话,"0100","2024-07-30",93
3286,来信,"0200","2024-07-30",115
3287,网站,"0300","2024-07-30",151
3288,小程序/公众号,"0400","2024-07-30",248
3289,电话,"0100","2024-07-31",54
3290,来信,"0200","2024-07-31",84
3291,网站,"0300","2024-07-31",66
3292,小程序/公众号,"0400","2024-07-31",140
3293,电话,"0100","2024-08-01",98
3294,来信,"0200","2024-08-01",47
3295,网站,"0300","2024-08-01",92
3296,小程序/公众号,"0400","2024-08-01",225
3297,电话,"0100","2024-08-02",114
3298,来信,"0200","2024-08-02",101
3299,网站,"0300","2024-08-02",113
3300,小程序/公众号,"0400","2024-08-02",236
3301,电话,"0100","2024-08-03",25
3302,来信,"0200","2024-08-03",41
3303,网站,"0300","2024-08-03",321
3304,小程序/公众号,"0400","2024-08-03",530
3305,电话,"0100","2024-08-04",67
3306,来信,"0200","2024-08-04",91
3307,网站,"0300","2024-08-04",82
3308,小程序/公众号,"0400","2024-08-04",104
3309,电话,"0100","2024-08-05",183
3310,来信,"0200","2024-08-05",210
3311,网站,"0300","2024-08-05",30
3312,小程序/公众号,"0400","2024-08-05",502
3313,电话,"0100","2024-08-06",69
3314,来信,"0200","2024-08-06",49
3315,网站,"0300","2024-08-06",92
3316,小程序/公众号,"0400","2024-08-06",159
3317,电话,"0100","2024-08-07",18
3318,来信,"0200","2024-08-07",76
3319,网站,"0300","2024-08-07",24
3320,小程序/公众号,"0400","2024-08-07",198
3321,电话,"0100","2024-08-08",38
3322,来信,"0200","2024-08-08",39
3323,网站,"0300","2024-08-08",114
3324,小程序/公众号,"0400","2024-08-08",127
3325,电话,"0100","2024-08-09",23
3326,来信,"0200","2024-08-09",100
3327,网站,"0300","2024-08-09",34
3328,小程序/公众号,"0400","2024-08-09",421
3329,电话,"0100","2024-08-10",76
3330,来信,"0200","2024-08-10",141
3331,网站,"0300","2024-08-10",65
3332,小程序/公众号,"0400","2024-08-10",554
3333,电话,"0100","2024-08-11",14
3334,来信,"0200","2024-08-11",166
3335,网站,"0300","2024-08-11",79
3336,小程序/公众号,"0400","2024-08-11",296
3337,电话,"0100","2024-08-12",205
3338,来信,"0200","2024-08-12",122
3339,网站,"0300","2024-08-12",257
3340,小程序/公众号,"0400","2024-08-12",379
3341,电话,"0100","2024-08-13",44
3342,来信,"0200","2024-08-13",148
3343,网站,"0300","2024-08-13",173
3344,小程序/公众号,"0400","2024-08-13",219
3345,电话,"0100","2024-08-14",95
3346,来信,"0200","2024-08-14",81
3347,网站,"0300","2024-08-14",91
3348,小程序/公众号,"0400","2024-08-14",194
3349,电话,"0100","2024-08-15",65
3350,来信,"0200","2024-08-15",209
3351,网站,"0300","2024-08-15",329
3352,小程序/公众号,"0400","2024-08-15",343
3353,电话,"0100","2024-08-16",75
3354,来信,"0200","2024-08-16",80
3355,网站,"0300","2024-08-16",93
3356,小程序/公众号,"0400","2024-08-16",213
3357,电话,"0100","2024-08-17",65
3358,来信,"0200","2024-08-17",113
3359,网站,"0300","2024-08-17",127
3360,小程序/公众号,"0400","2024-08-17",241
3361,电话,"0100","2024-08-18",94
3362,来信,"0200","2024-08-18",38
3363,网站,"0300","2024-08-18",44
3364,小程序/公众号,"0400","2024-08-18",400
3365,电话,"0100","2024-08-19",163
3366,来信,"0200","2024-08-19",80
3367,网站,"0300","2024-08-19",86
3368,小程序/公众号,"0400","2024-08-19",358
3369,电话,"0100","2024-08-20",232
3370,来信,"0200","2024-08-20",19
3371,网站,"0300","2024-08-20",71
3372,小程序/公众号,"0400","2024-08-20",635
3373,电话,"0100","2024-08-21",213
3374,来信,"0200","2024-08-21",89
3375,网站,"0300","2024-08-21",329
3376,小程序/公众号,"0400","2024-08-21",365
3377,电话,"0100","2024-08-22",53
3378,来信,"0200","2024-08-22",170
3379,网站,"0300","2024-08-22",249
3380,小程序/公众号,"0400","2024-08-22",479
3381,电话,"0100","2024-08-23",15
3382,来信,"0200","2024-08-23",58
3383,网站,"0300","2024-08-23",54
3384,小程序/公众号,"0400","2024-08-23",244
3385,电话,"0100","2024-08-24",161
3386,来信,"0200","2024-08-24",117
3387,网站,"0300","2024-08-24",223
3388,小程序/公众号,"0400","2024-08-24",223
3389,电话,"0100","2024-08-25",16
3390,来信,"0200","2024-08-25",91
3391,网站,"0300","2024-08-25",194
3392,小程序/公众号,"0400","2024-08-25",348
3393,电话,"0100","2024-08-26",130
3394,来信,"0200","2024-08-26",167
3395,网站,"0300","2024-08-26",259
3396,小程序/公众号,"0400","2024-08-26",343
3397,电话,"0100","2024-08-27",114
3398,来信,"0200","2024-08-27",163
3399,网站,"0300","2024-08-27",108
3400,小程序/公众号,"0400","2024-08-27",257
3401,电话,"0100","2024-08-28",68
3402,来信,"0200","2024-08-28",199
3403,网站,"0300","2024-08-28",148
3404,小程序/公众号,"0400","2024-08-28",351
3405,电话,"0100","2024-08-29",160
3406,来信,"0200","2024-08-29",150
3407,网站,"0300","2024-08-29",114
3408,小程序/公众号,"0400","2024-08-29",546
3409,电话,"0100","2024-08-30",99
3410,来信,"0200","2024-08-30",20
3411,网站,"0300","2024-08-30",221
3412,小程序/公众号,"0400","2024-08-30",588
3413,电话,"0100","2024-08-31",86
3414,来信,"0200","2024-08-31",133
3415,网站,"0300","2024-08-31",64
3416,小程序/公众号,"0400","2024-08-31",440
3417,电话,"0100","2024-09-01",19
3418,来信,"0200","2024-09-01",38
3419,网站,"0300","2024-09-01",144
3420,小程序/公众号,"0400","2024-09-01",293
3421,电话,"0100","2024-09-02",10
3422,来信,"0200","2024-09-02",119
3423,网站,"0300","2024-09-02",27
3424,小程序/公众号,"0400","2024-09-02",261
3425,电话,"0100","2024-09-03",29
3426,来信,"0200","2024-09-03",140
3427,网站,"0300","2024-09-03",51
3428,小程序/公众号,"0400","2024-09-03",319
3429,电话,"0100","2024-09-04",106
3430,来信,"0200","2024-09-04",20
3431,网站,"0300","2024-09-04",50
3432,小程序/公众号,"0400","2024-09-04",700
3433,电话,"0100","2024-09-05",105
3434,来信,"0200","2024-09-05",172
3435,网站,"0300","2024-09-05",237
3436,小程序/公众号,"0400","2024-09-05",329
3437,电话,"0100","2024-09-06",20
3438,来信,"0200","2024-09-06",97
3439,网站,"0300","2024-09-06",84
3440,小程序/公众号,"0400","2024-09-06",195
3441,电话,"0100","2024-09-07",12
3442,来信,"0200","2024-09-07",220
3443,网站,"0300","2024-09-07",41
3444,小程序/公众号,"0400","2024-09-07",403
3445,电话,"0100","2024-09-08",215
3446,来信,"0200","2024-09-08",204
3447,网站,"0300","2024-09-08",213
3448,小程序/公众号,"0400","2024-09-08",337
3449,电话,"0100","2024-09-09",22
3450,来信,"0200","2024-09-09",51
3451,网站,"0300","2024-09-09",56
3452,小程序/公众号,"0400","2024-09-09",637
3453,电话,"0100","2024-09-10",100
3454,来信,"0200","2024-09-10",38
3455,网站,"0300","2024-09-10",27
3456,小程序/公众号,"0400","2024-09-10",380
3457,电话,"0100","2024-09-11",216
3458,来信,"0200","2024-09-11",139
3459,网站,"0300","2024-09-11",144
3460,小程序/公众号,"0400","2024-09-11",371
3461,电话,"0100","2024-09-12",92
3462,来信,"0200","2024-09-12",34
3463,网站,"0300","2024-09-12",110
3464,小程序/公众号,"0400","2024-09-12",134
3465,电话,"0100","2024-09-13",44
3466,来信,"0200","2024-09-13",105
3467,网站,"0300","2024-09-13",137
3468,小程序/公众号,"0400","2024-09-13",377
3469,电话,"0100","2024-09-14",119
3470,来信,"0200","2024-09-14",36
3471,网站,"0300","2024-09-14",84
3472,小程序/公众号,"0400","2024-09-14",414
3473,电话,"0100","2024-09-15",56
3474,来信,"0200","2024-09-15",89
3475,网站,"0300","2024-09-15",24
3476,小程序/公众号,"0400","2024-09-15",241
3477,电话,"0100","2024-09-16",122
3478,来信,"0200","2024-09-16",82
3479,网站,"0300","2024-09-16",52
3480,小程序/公众号,"0400","2024-09-16",248
3481,电话,"0100","2024-09-17",68
3482,来信,"0200","2024-09-17",139
3483,网站,"0300","2024-09-17",90
3484,小程序/公众号,"0400","2024-09-17",439
3485,电话,"0100","2024-09-18",114
3486,来信,"0200","2024-09-18",18
3487,网站,"0300","2024-09-18",60
3488,小程序/公众号,"0400","2024-09-18",500
3489,电话,"0100","2024-09-19",88
3490,来信,"0200","2024-09-19",79
3491,网站,"0300","2024-09-19",58
3492,小程序/公众号,"0400","2024-09-19",408
3493,电话,"0100","2024-09-20",52
3494,来信,"0200","2024-09-20",52
3495,网站,"0300","2024-09-20",237
3496,小程序/公众号,"0400","2024-09-20",585
3497,电话,"0100","2024-09-21",77
3498,来信,"0200","2024-09-21",72
3499,网站,"0300","2024-09-21",101
3500,小程序/公众号,"0400","2024-09-21",274
3501,电话,"0100","2024-09-22",31
3502,来信,"0200","2024-09-22",243
3503,网站,"0300","2024-09-22",188
3504,小程序/公众号,"0400","2024-09-22",434
3505,电话,"0100","2024-09-23",134
3506,来信,"0200","2024-09-23",138
3507,网站,"0300","2024-09-23",115
3508,小程序/公众号,"0400","2024-09-23",213
3509,电话,"0100","2024-09-24",107
3510,来信,"0200","2024-09-24",197
3511,网站,"0300","2024-09-24",52
3512,小程序/公众号,"0400","2024-09-24",498
3513,电话,"0100","2024-09-25",146
3514,来信,"0200","2024-09-25",124
3515,网站,"0300","2024-09-25",63
3516,小程序/公众号,"0400","2024-09-25",277
3517,电话,"0100","2024-09-26",35
3518,来信,"0200","2024-09-26",32
3519,网站,"0300","2024-09-26",186
3520,小程序/公众号,"0400","2024-09-26",280
3521,电话,"0100","2024-09-27",16
3522,来信,"0200","2024-09-27",58
3523,网站,"0300","2024-09-27",113
3524,小程序/公众号,"0400","2024-09-27",424
3525,电话,"0100","2024-09-28",11
3526,来信,"0200","2024-09-28",117
3527,网站,"0300","2024-09-28",128
3528,小程序/公众号,"0400","2024-09-28",225
3529,电话,"0100","2024-09-29",123
3530,来信,"0200","2024-09-29",35
3531,网站,"0300","2024-09-29",147
3532,小程序/公众号,"0400","2024-09-29",407
3533,电话,"0100","2024-09-30",129
3534,来信,"0200","2024-09-30",149
3535,网站,"0300","2024-09-30",63
3536,小程序/公众号,"0400","2024-09-30",313
3537,电话,"0100","2024-10-01",152
3538,来信,"0200","2024-10-01",166
3539,网站,"0300","2024-10-01",37
3540,小程序/公众号,"0400","2024-10-01",323
3541,电话,"0100","2024-10-02",109
3542,来信,"0200","2024-10-02",130
3543,网站,"0300","2024-10-02",78
3544,小程序/公众号,"0400","2024-10-02",650
3545,电话,"0100","2024-10-03",35
3546,来信,"0200","2024-10-03",98
3547,网站,"0300","2024-10-03",108
3548,小程序/公众号,"0400","2024-10-03",205
3549,电话,"0100","2024-10-04",177
3550,来信,"0200","2024-10-04",10
3551,网站,"0300","2024-10-04",224
3552,小程序/公众号,"0400","2024-10-04",426
3553,电话,"0100","2024-10-05",32
3554,来信,"0200","2024-10-05",107
3555,网站,"0300","2024-10-05",132
3556,小程序/公众号,"0400","2024-10-05",270
3557,电话,"0100","2024-10-06",30
3558,来信,"0200","2024-10-06",94
3559,网站,"0300","2024-10-06",145
3560,小程序/公众号,"0400","2024-10-06",164
3561,电话,"0100","2024-10-07",56
3562,来信,"0200","2024-10-07",71
3563,网站,"0300","2024-10-07",206
3564,小程序/公众号,"0400","2024-10-07",277
3565,电话,"0100","2024-10-08",206
3566,来信,"0200","2024-10-08",32
3567,网站,"0300","2024-10-08",45
3568,小程序/公众号,"0400","2024-10-08",570
3569,电话,"0100","2024-10-09",117
3570,来信,"0200","2024-10-09",133
3571,网站,"0300","2024-10-09",49
3572,小程序/公众号,"0400","2024-10-09",352
3573,电话,"0100","2024-10-10",92
3574,来信,"0200","2024-10-10",271
3575,网站,"0300","2024-10-10",51
3576,小程序/公众号,"0400","2024-10-10",528
3577,电话,"0100","2024-10-11",21
3578,来信,"0200","2024-10-11",77
3579,网站,"0300","2024-10-11",128
3580,小程序/公众号,"0400","2024-10-11",173
3581,电话,"0100","2024-10-12",61
3582,来信,"0200","2024-10-12",74
3583,网站,"0300","2024-10-12",17
3584,小程序/公众号,"0400","2024-10-12",152
3585,电话,"0100","2024-10-13",78
3586,来信,"0200","2024-10-13",140
3587,网站,"0300","2024-10-13",200
3588,小程序/公众号,"0400","2024-10-13",205
3589,电话,"0100","2024-10-14",34
3590,来信,"0200","2024-10-14",86
3591,网站,"0300","2024-10-14",244
3592,小程序/公众号,"0400","2024-10-14",612
3593,电话,"0100","2024-10-15",115
3594,来信,"0200","2024-10-15",59
3595,网站,"0300","2024-10-15",135
3596,小程序/公众号,"0400","2024-10-15",251
3597,电话,"0100","2024-10-16",66
3598,来信,"0200","2024-10-16",121
3599,网站,"0300","2024-10-16",92
3600,小程序/公众号,"0400","2024-10-16",163
3601,电话,"0100","2024-10-17",125
3602,来信,"0200","2024-10-17",106
3603,网站,"0300","2024-10-17",215
3604,小程序/公众号,"0400","2024-10-17",491
3605,电话,"0100","2024-10-18",69
3606,来信,"0200","2024-10-18",128
3607,网站,"0300","2024-10-18",172
3608,小程序/公众号,"0400","2024-10-18",281
3609,电话,"0100","2024-10-19",155
3610,来信,"0200","2024-10-19",99
3611,网站,"0300","2024-10-19",30
3612,小程序/公众号,"0400","2024-10-19",476
3613,电话,"0100","2024-10-20",101
3614,来信,"0200","2024-10-20",159
3615,网站,"0300","2024-10-20",116
3616,小程序/公众号,"0400","2024-10-20",328
3617,电话,"0100","2024-10-21",134
3618,来信,"0200","2024-10-21",92
3619,网站,"0300","2024-10-21",59
3620,小程序/公众号,"0400","2024-10-21",269
3621,电话,"0100","2024-10-22",82
3622,来信,"0200","2024-10-22",72
3623,网站,"0300","2024-10-22",55
3624,小程序/公众号,"0400","2024-10-22",400
3625,电话,"0100","2024-10-23",87
3626,来信,"0200","2024-10-23",75
3627,网站,"0300","2024-10-23",53
3628,小程序/公众号,"0400","2024-10-23",180
3629,电话,"0100","2024-10-24",103
3630,来信,"0200","2024-10-24",146
3631,网站,"0300","2024-10-24",139
3632,小程序/公众号,"0400","2024-10-24",248
3633,电话,"0100","2024-10-25",172
3634,来信,"0200","2024-10-25",174
3635,网站,"0300","2024-10-25",216
3636,小程序/公众号,"0400","2024-10-25",366
3637,电话,"0100","2024-10-26",72
3638,来信,"0200","2024-10-26",104
3639,网站,"0300","2024-10-26",114
3640,小程序/公众号,"0400","2024-10-26",356
3641,电话,"0100","2024-10-27",28
3642,来信,"0200","2024-10-27",135
3643,网站,"0300","2024-10-27",75
3644,小程序/公众号,"0400","2024-10-27",480
3645,电话,"0100","2024-10-28",92
3646,来信,"0200","2024-10-28",73
3647,网站,"0300","2024-10-28",74
3648,小程序/公众号,"0400","2024-10-28",336
3649,电话,"0100","2024-10-29",106
3650,来信,"0200","2024-10-29",95
3651,网站,"0300","2024-10-29",53
3652,小程序/公众号,"0400","2024-10-29",263
3653,电话,"0100","2024-10-30",29
3654,来信,"0200","2024-10-30",11
3655,网站,"0300","2024-10-30",346
3656,小程序/公众号,"0400","2024-10-30",347
3657,电话,"0100","2024-10-31",77
3658,来信,"0200","2024-10-31",97
3659,网站,"0300","2024-10-31",123
3660,小程序/公众号,"0400","2024-10-31",169
3661,电话,"0100","2024-11-01",19
3662,来信,"0200","2024-11-01",84
3663,网站,"0300","2024-11-01",44
3664,小程序/公众号,"0400","2024-11-01",191
3665,电话,"0100","2024-11-02",86
3666,来信,"0200","2024-11-02",123
3667,网站,"0300","2024-11-02",17
3668,小程序/公众号,"0400","2024-11-02",275
3669,电话,"0100","2024-11-03",104
3670,来信,"0200","2024-11-03",58
3671,网站,"0300","2024-11-03",118
3672,小程序/公众号,"0400","2024-11-03",182
3673,电话,"0100","2024-11-04",30
3674,来信,"0200","2024-11-04",169
3675,网站,"0300","2024-11-04",10
3676,小程序/公众号,"0400","2024-11-04",391
3677,电话,"0100","2024-11-05",138
3678,来信,"0200","2024-11-05",71
3679,网站,"0300","2024-11-05",148
3680,小程序/公众号,"0400","2024-11-05",356
3681,电话,"0100","2024-11-06",211
3682,来信,"0200","2024-11-06",83
3683,网站,"0300","2024-11-06",260
3684,小程序/公众号,"0400","2024-11-06",318
3685,电话,"0100","2024-11-07",10
3686,来信,"0200","2024-11-07",46
3687,网站,"0300","2024-11-07",158
3688,小程序/公众号,"0400","2024-11-07",195
3689,电话,"0100","2024-11-08",107
3690,来信,"0200","2024-11-08",157
3691,网站,"0300","2024-11-08",35
3692,小程序/公众号,"0400","2024-11-08",422
3693,电话,"0100","2024-11-09",107
3694,来信,"0200","2024-11-09",87
3695,网站,"0300","2024-11-09",94
3696,小程序/公众号,"0400","2024-11-09",149
3697,电话,"0100","2024-11-10",20
3698,来信,"0200","2024-11-10",116
3699,网站,"0300","2024-11-10",32
3700,小程序/公众号,"0400","2024-11-10",323
3701,电话,"0100","2024-11-11",59
3702,来信,"0200","2024-11-11",152
3703,网站,"0300","2024-11-11",28
3704,小程序/公众号,"0400","2024-11-11",546
3705,电话,"0100","2024-11-12",131
3706,来信,"0200","2024-11-12",149
3707,网站,"0300","2024-11-12",49
3708,小程序/公众号,"0400","2024-11-12",500
3709,电话,"0100","2024-11-13",141
3710,来信,"0200","2024-11-13",36
3711,网站,"0300","2024-11-13",248
3712,小程序/公众号,"0400","2024-11-13",535
3713,电话,"0100","2024-11-14",63
3714,来信,"0200","2024-11-14",180
3715,网站,"0300","2024-11-14",312
3716,小程序/公众号,"0400","2024-11-14",364
3717,电话,"0100","2024-11-15",99
3718,来信,"0200","2024-11-15",91
3719,网站,"0300","2024-11-15",122
3720,小程序/公众号,"0400","2024-11-15",189
3721,电话,"0100","2024-11-16",209
3722,来信,"0200","2024-11-16",190
3723,网站,"0300","2024-11-16",17
3724,小程序/公众号,"0400","2024-11-16",429
3725,电话,"0100","2024-11-17",21
3726,来信,"0200","2024-11-17",24
3727,网站,"0300","2024-11-17",95
3728,小程序/公众号,"0400","2024-11-17",373
3729,电话,"0100","2024-11-18",23
3730,来信,"0200","2024-11-18",123
3731,网站,"0300","2024-11-18",409
3732,小程序/公众号,"0400","2024-11-18",422
3733,电话,"0100","2024-11-19",122
3734,来信,"0200","2024-11-19",102
3735,网站,"0300","2024-11-19",73
3736,小程序/公众号,"0400","2024-11-19",658
3737,电话,"0100","2024-11-20",39
3738,来信,"0200","2024-11-20",136
3739,网站,"0300","2024-11-20",89
3740,小程序/公众号,"0400","2024-11-20",473
3741,电话,"0100","2024-11-21",48
3742,来信,"0200","2024-11-21",22
3743,网站,"0300","2024-11-21",333
3744,小程序/公众号,"0400","2024-11-21",556
3745,电话,"0100","2024-11-22",221
3746,来信,"0200","2024-11-22",242
3747,网站,"0300","2024-11-22",122
3748,小程序/公众号,"0400","2024-11-22",383
3749,电话,"0100","2024-11-23",80
3750,来信,"0200","2024-11-23",195
3751,网站,"0300","2024-11-23",215
3752,小程序/公众号,"0400","2024-11-23",274
3753,电话,"0100","2024-11-24",50
3754,来信,"0200","2024-11-24",68
3755,网站,"0300","2024-11-24",23
3756,小程序/公众号,"0400","2024-11-24",197
3757,电话,"0100","2024-11-25",132
3758,来信,"0200","2024-11-25",208
3759,网站,"0300","2024-11-25",30
3760,小程序/公众号,"0400","2024-11-25",428
3761,电话,"0100","2024-11-26",25
3762,来信,"0200","2024-11-26",69
3763,网站,"0300","2024-11-26",141
3764,小程序/公众号,"0400","2024-11-26",285
3765,电话,"0100","2024-11-27",155
3766,来信,"0200","2024-11-27",76
3767,网站,"0300","2024-11-27",191
3768,小程序/公众号,"0400","2024-11-27",281
3769,电话,"0100","2024-11-28",92
3770,来信,"0200","2024-11-28",49
3771,网站,"0300","2024-11-28",78
3772,小程序/公众号,"0400","2024-11-28",176
3773,电话,"0100","2024-11-29",121
3774,来信,"0200","2024-11-29",170
3775,网站,"0300","2024-11-29",122
3776,小程序/公众号,"0400","2024-11-29",296
3777,电话,"0100","2024-11-30",31
3778,来信,"0200","2024-11-30",53
3779,网站,"0300","2024-11-30",97
3780,小程序/公众号,"0400","2024-11-30",180
3781,电话,"0100","2024-12-01",192
3782,来信,"0200","2024-12-01",142
3783,网站,"0300","2024-12-01",139
3784,小程序/公众号,"0400","2024-12-01",314
3785,电话,"0100","2024-12-02",77
3786,来信,"0200","2024-12-02",85
3787,网站,"0300","2024-12-02",88
3788,小程序/公众号,"0400","2024-12-02",150
3789,电话,"0100","2024-12-03",58
3790,来信,"0200","2024-12-03",88
3791,网站,"0300","2024-12-03",133
3792,小程序/公众号,"0400","2024-12-03",302
3793,电话,"0100","2024-12-04",113
3794,来信,"0200","2024-12-04",112
3795,网站,"0300","2024-12-04",67
3796,小程序/公众号,"0400","2024-12-04",571
3797,电话,"0100","2024-12-05",41
3798,来信,"0200","2024-12-05",51
3799,网站,"0300","2024-12-05",103
3800,小程序/公众号,"0400","2024-12-05",249
3801,电话,"0100","2024-12-06",145
3802,来信,"0200","2024-12-06",166
3803,网站,"0300","2024-12-06",81
3804,小程序/公众号,"0400","2024-12-06",374
3805,电话,"0100","2024-12-07",127
3806,来信,"0200","2024-12-07",66
3807,网站,"0300","2024-12-07",132
3808,小程序/公众号,"0400","2024-12-07",416
3809,电话,"0100","2024-12-08",75
3810,来信,"0200","2024-12-08",14
3811,网站,"0300","2024-12-08",164
3812,小程序/公众号,"0400","2024-12-08",438
3813,电话,"0100","2024-12-09",21
3814,来信,"0200","2024-12-09",204
3815,网站,"0300","2024-12-09",29
3816,小程序/公众号,"0400","2024-12-09",584
3817,电话,"0100","2024-12-10",59
3818,来信,"0200","2024-12-10",69
3819,网站,"0300","2024-12-10",338
3820,小程序/公众号,"0400","2024-12-10",406
3821,电话,"0100","2024-12-11",107
3822,来信,"0200","2024-12-11",131
3823,网站,"0300","2024-12-11",17
3824,小程序/公众号,"0400","2024-12-11",248
3825,电话,"0100","2024-12-12",17
3826,来信,"0200","2024-12-12",138
3827,网站,"0300","2024-12-12",140
3828,小程序/公众号,"0400","2024-12-12",395
3829,电话,"0100","2024-12-13",19
3830,来信,"0200","2024-12-13",130
3831,网站,"0300","2024-12-13",141
3832,小程序/公众号,"0400","2024-12-13",355
3833,电话,"0100","2024-12-14",108
3834,来信,"0200","2024-12-14",57
3835,网站,"0300","2024-12-14",32
3836,小程序/公众号,"0400","2024-12-14",744
3837,电话,"0100","2024-12-15",14
3838,来信,"0200","2024-12-15",137
3839,网站,"0300","2024-12-15",298
3840,小程序/公众号,"0400","2024-12-15",307
3841,电话,"0100","2024-12-16",50
3842,来信,"0200","2024-12-16",77
3843,网站,"0300","2024-12-16",103
3844,小程序/公众号,"0400","2024-12-16",176
3845,电话,"0100","2024-12-17",117
3846,来信,"0200","2024-12-17",170
3847,网站,"0300","2024-12-17",332
3848,小程序/公众号,"0400","2024-12-17",359
3849,电话,"0100","2024-12-18",61
3850,来信,"0200","2024-12-18",104
3851,网站,"0300","2024-12-18",93
3852,小程序/公众号,"0400","2024-12-18",227
3853,电话,"0100","2024-12-19",131
3854,来信,"0200","2024-12-19",170
3855,网站,"0300","2024-12-19",100
3856,小程序/公众号,"0400","2024-12-19",307
3857,电话,"0100","2024-12-20",80
3858,来信,"0200","2024-12-20",24
3859,网站,"0300","2024-12-20",17
3860,小程序/公众号,"0400","2024-12-20",381
3861,电话,"0100","2024-12-21",86
3862,来信,"0200","2024-12-21",182
3863,网站,"0300","2024-12-21",179
3864,小程序/公众号,"0400","2024-12-21",369
3865,电话,"0100","2024-12-22",140
3866,来信,"0200","2024-12-22",29
3867,网站,"0300","2024-12-22",67
3868,小程序/公众号,"0400","2024-12-22",395
3869,电话,"0100","2024-12-23",124
3870,来信,"0200","2024-12-23",152
3871,网站,"0300","2024-12-23",157
3872,小程序/公众号,"0400","2024-12-23",325
3873,电话,"0100","2024-12-24",125
3874,来信,"0200","2024-12-24",69
3875,网站,"0300","2024-12-24",51
3876,小程序/公众号,"0400","2024-12-24",260
3877,电话,"0100","2024-12-25",73
3878,来信,"0200","2024-12-25",44
3879,网站,"0300","2024-12-25",58
3880,小程序/公众号,"0400","2024-12-25",204
3881,电话,"0100","2024-12-26",96
3882,来信,"0200","2024-12-26",124
3883,网站,"0300","2024-12-26",151
3884,小程序/公众号,"0400","2024-12-26",205
3885,电话,"0100","2024-12-27",97
3886,来信,"0200","2024-12-27",50
3887,网站,"0300","2024-12-27",221
3888,小程序/公众号,"0400","2024-12-27",243
3889,电话,"0100","2024-12-28",134
3890,来信,"0200","2024-12-28",107
3891,网站,"0300","2024-12-28",244
3892,小程序/公众号,"0400","2024-12-28",377
3893,电话,"0100","2024-12-29",62
3894,来信,"0200","2024-12-29",74
3895,网站,"0300","2024-12-29",106
3896,小程序/公众号,"0400","2024-12-29",138
3897,电话,"0100","2024-12-30",142
3898,来信,"0200","2024-12-30",119
3899,网站,"0300","2024-12-30",159
3900,小程序/公众号,"0400","2024-12-30",167
3901,电话,"0100","2024-12-31",64
3902,来信,"0200","2024-12-31",76
3903,网站,"0300","2024-12-31",133
3904,小程序/公众号,"0400","2024-12-31",165
3905,电话,"0100","2025-01-01",156
3906,来信,"0200","2025-01-01",151
3907,网站,"0300","2025-01-01",144
3908,小程序/公众号,"0400","2025-01-01",285
3909,电话,"0100","2025-01-02",105
3910,来信,"0200","2025-01-02",147
3911,网站,"0300","2025-01-02",346
3912,小程序/公众号,"0400","2025-01-02",362
3913,电话,"0100","2025-01-03",47
3914,来信,"0200","2025-01-03",129
3915,网站,"0300","2025-01-03",88
3916,小程序/公众号,"0400","2025-01-03",176
3917,电话,"0100","2025-01-04",98
3918,来信,"0200","2025-01-04",92
3919,网站,"0300","2025-01-04",22
3920,小程序/公众号,"0400","2025-01-04",717
3921,电话,"0100","2025-01-05",53
3922,来信,"0200","2025-01-05",128
3923,网站,"0300","2025-01-05",113
3924,小程序/公众号,"0400","2025-01-05",389
3925,电话,"0100","2025-01-06",75
3926,来信,"0200","2025-01-06",80
3927,网站,"0300","2025-01-06",115
3928,小程序/公众号,"0400","2025-01-06",184
3929,电话,"0100","2025-01-07",165
3930,来信,"0200","2025-01-07",48
3931,网站,"0300","2025-01-07",227
3932,小程序/公众号,"0400","2025-01-07",556
3933,电话,"0100","2025-01-08",16
3934,来信,"0200","2025-01-08",58
3935,网站,"0300","2025-01-08",216
3936,小程序/公众号,"0400","2025-01-08",286
3937,电话,"0100","2025-01-09",102
3938,来信,"0200","2025-01-09",112
3939,网站,"0300","2025-01-09",16
3940,小程序/公众号,"0400","2025-01-09",312
3941,电话,"0100","2025-01-10",103
3942,来信,"0200","2025-01-10",23
3943,网站,"0300","2025-01-10",171
3944,小程序/公众号,"0400","2025-01-10",412
3945,电话,"0100","2025-01-11",23
3946,来信,"0200","2025-01-11",194
3947,网站,"0300","2025-01-11",195
3948,小程序/公众号,"0400","2025-01-11",201
3949,电话,"0100","2025-01-12",17
3950,来信,"0200","2025-01-12",77
3951,网站,"0300","2025-01-12",76
3952,小程序/公众号,"0400","2025-01-12",749
3953,电话,"0100","2025-01-13",37
3954,来信,"0200","2025-01-13",84
3955,网站,"0300","2025-01-13",197
3956,小程序/公众号,"0400","2025-01-13",488
3957,电话,"0100","2025-01-14",230
3958,来信,"0200","2025-01-14",215
3959,网站,"0300","2025-01-14",57
3960,小程序/公众号,"0400","2025-01-14",439
3961,电话,"0100","2025-01-15",88
3962,来信,"0200","2025-01-15",33
3963,网站,"0300","2025-01-15",23
3964,小程序/公众号,"0400","2025-01-15",263
3965,电话,"0100","2025-01-16",149
3966,来信,"0200","2025-01-16",163
3967,网站,"0300","2025-01-16",10
3968,小程序/公众号,"0400","2025-01-16",416
3969,电话,"0100","2025-01-17",85
3970,来信,"0200","2025-01-17",239
3971,网站,"0300","2025-01-17",232
3972,小程序/公众号,"0400","2025-01-17",323
3973,电话,"0100","2025-01-18",25
3974,来信,"0200","2025-01-18",49
3975,网站,"0300","2025-01-18",57
3976,小程序/公众号,"0400","2025-01-18",214
3977,电话,"0100","2025-01-19",37
3978,来信,"0200","2025-01-19",208
3979,网站,"0300","2025-01-19",72
3980,小程序/公众号,"0400","2025-01-19",454
3981,电话,"0100","2025-01-20",93
3982,来信,"0200","2025-01-20",77
3983,网站,"0300","2025-01-20",27
3984,小程序/公众号,"0400","2025-01-20",181
3985,电话,"0100","2025-01-21",59
3986,来信,"0200","2025-01-21",93
3987,网站,"0300","2025-01-21",42
3988,小程序/公众号,"0400","2025-01-21",174
3989,电话,"0100","2025-01-22",13
3990,来信,"0200","2025-01-22",56
3991,网站,"0300","2025-01-22",28
3992,小程序/公众号,"0400","2025-01-22",263
3993,电话,"0100","2025-01-23",162
3994,来信,"0200","2025-01-23",134
3995,网站,"0300","2025-01-23",96
3996,小程序/公众号,"0400","2025-01-23",264
3997,电话,"0100","2025-01-24",48
3998,来信,"0200","2025-01-24",242
3999,网站,"0300","2025-01-24",99
4000,小程序/公众号,"0400","2025-01-24",452
4001,电话,"0100","2025-01-25",34
4002,来信,"0200","2025-01-25",106
4003,网站,"0300","2025-01-25",32
4004,小程序/公众号,"0400","2025-01-25",510
4005,电话,"0100","2025-01-26",95
4006,来信,"0200","2025-01-26",109
4007,网站,"0300","2025-01-26",189
4008,小程序/公众号,"0400","2025-01-26",340
4009,电话,"0100","2025-01-27",95
4010,来信,"0200","2025-01-27",222
4011,网站,"0300","2025-01-27",273
4012,小程序/公众号,"0400","2025-01-27",359
4013,电话,"0100","2025-01-28",89
4014,来信,"0200","2025-01-28",108
4015,网站,"0300","2025-01-28",172
4016,小程序/公众号,"0400","2025-01-28",580
4017,电话,"0100","2025-01-29",164
4018,来信,"0200","2025-01-29",119
4019,网站,"0300","2025-01-29",69
4020,小程序/公众号,"0400","2025-01-29",327
4021,电话,"0100","2025-01-30",48
4022,来信,"0200","2025-01-30",184
4023,网站,"0300","2025-01-30",359
4024,小程序/公众号,"0400","2025-01-30",391
4025,电话,"0100","2025-01-31",105
4026,来信,"0200","2025-01-31",66
4027,网站,"0300","2025-01-31",21
4028,小程序/公众号,"0400","2025-01-31",647
4029,电话,"0100","2025-02-01",40
4030,来信,"0200","2025-02-01",135
4031,网站,"0300","2025-02-01",114
4032,小程序/公众号,"0400","2025-02-01",241
4033,电话,"0100","2025-02-02",21
4034,来信,"0200","2025-02-02",158
4035,网站,"0300","2025-02-02",209
4036,小程序/公众号,"0400","2025-02-02",353
4037,电话,"0100","2025-02-03",210
4038,来信,"0200","2025-02-03",37
4039,网站,"0300","2025-02-03",13
4040,小程序/公众号,"0400","2025-02-03",593
4041,电话,"0100","2025-02-04",34
4042,来信,"0200","2025-02-04",32
4043,网站,"0300","2025-02-04",127
4044,小程序/公众号,"0400","2025-02-04",152
4045,电话,"0100","2025-02-05",62
4046,来信,"0200","2025-02-05",60
4047,网站,"0300","2025-02-05",252
4048,小程序/公众号,"0400","2025-02-05",421
4049,电话,"0100","2025-02-06",75
4050,来信,"0200","2025-02-06",74
4051,网站,"0300","2025-02-06",68
4052,小程序/公众号,"0400","2025-02-06",83
4053,电话,"0100","2025-02-07",10
4054,来信,"0200","2025-02-07",148
4055,网站,"0300","2025-02-07",147
4056,小程序/公众号,"0400","2025-02-07",432
4057,电话,"0100","2025-02-08",26
4058,来信,"0200","2025-02-08",72
4059,网站,"0300","2025-02-08",98
4060,小程序/公众号,"0400","2025-02-08",149
4061,电话,"0100","2025-02-09",168
4062,来信,"0200","2025-02-09",20
4063,网站,"0300","2025-02-09",200
4064,小程序/公众号,"0400","2025-02-09",573
4065,电话,"0100","2025-02-10",82
4066,来信,"0200","2025-02-10",87
4067,网站,"0300","2025-02-10",227
4068,小程序/公众号,"0400","2025-02-10",407
4069,电话,"0100","2025-02-11",109
4070,来信,"0200","2025-02-11",135
4071,网站,"0300","2025-02-11",109
4072,小程序/公众号,"0400","2025-02-11",210
4073,电话,"0100","2025-02-12",92
4074,来信,"0200","2025-02-12",34
4075,网站,"0300","2025-02-12",213
4076,小程序/公众号,"0400","2025-02-12",275
4077,电话,"0100","2025-02-13",118
4078,来信,"0200","2025-02-13",144
4079,网站,"0300","2025-02-13",53
4080,小程序/公众号,"0400","2025-02-13",254
4081,电话,"0100","2025-02-14",15
4082,来信,"0200","2025-02-14",107
4083,网站,"0300","2025-02-14",18
4084,小程序/公众号,"0400","2025-02-14",249
4085,电话,"0100","2025-02-15",117
4086,来信,"0200","2025-02-15",104
4087,网站,"0300","2025-02-15",93
4088,小程序/公众号,"0400","2025-02-15",197
4089,电话,"0100","2025-02-16",108
4090,来信,"0200","2025-02-16",126
4091,网站,"0300","2025-02-16",130
4092,小程序/公众号,"0400","2025-02-16",150
4093,电话,"0100","2025-02-17",92
4094,来信,"0200","2025-02-17",90
4095,网站,"0300","2025-02-17",34
4096,小程序/公众号,"0400","2025-02-17",182
4097,电话,"0100","2025-02-18",29
4098,来信,"0200","2025-02-18",134
4099,网站,"0300","2025-02-18",374
4100,小程序/公众号,"0400","2025-02-18",384
4101,电话,"0100","2025-02-19",127
4102,来信,"0200","2025-02-19",118
4103,网站,"0300","2025-02-19",142
4104,小程序/公众号,"0400","2025-02-19",188
4105,电话,"0100","2025-02-20",64
4106,来信,"0200","2025-02-20",70
4107,网站,"0300","2025-02-20",157
4108,小程序/公众号,"0400","2025-02-20",339
4109,电话,"0100","2025-02-21",53
4110,来信,"0200","2025-02-21",53
4111,网站,"0300","2025-02-21",168
4112,小程序/公众号,"0400","2025-02-21",489
4113,电话,"0100","2025-02-22",92
4114,来信,"0200","2025-02-22",203
4115,网站,"0300","2025-02-22",16
4116,小程序/公众号,"0400","2025-02-22",392
4117,电话,"0100","2025-02-23",137
4118,来信,"0200","2025-02-23",184
4119,网站,"0300","2025-02-23",62
4120,小程序/公众号,"0400","2025-02-23",570
4121,电话,"0100","2025-02-24",216
4122,来信,"0200","2025-02-24",89
4123,网站,"0300","2025-02-24",16
4124,小程序/公众号,"0400","2025-02-24",556
4125,电话,"0100","2025-02-25",179
4126,来信,"0200","2025-02-25",27
4127,网站,"0300","2025-02-25",21
4128,小程序/公众号,"0400","2025-02-25",712
4129,电话,"0100","2025-02-26",80
4130,来信,"0200","2025-02-26",33
4131,网站,"0300","2025-02-26",53
4132,小程序/公众号,"0400","2025-02-26",226
4133,电话,"0100","2025-02-27",49
4134,来信,"0200","2025-02-27",40
4135,网站,"0300","2025-02-27",72
4136,小程序/公众号,"0400","2025-02-27",180
4137,电话,"0100","2025-02-28",73
4138,来信,"0200","2025-02-28",116
4139,网站,"0300","2025-02-28",92
4140,小程序/公众号,"0400","2025-02-28",222
4141,电话,"0100","2025-03-01",66
4142,来信,"0200","2025-03-01",150
4143,网站,"0300","2025-03-01",93
4144,小程序/公众号,"0400","2025-03-01",546
4145,电话,"0100","2025-03-02",114
4146,来信,"0200","2025-03-02",60
4147,网站,"0300","2025-03-02",18
4148,小程序/公众号,"0400","2025-03-02",376
4149,电话,"0100","2025-03-03",95
4150,来信,"0200","2025-03-03",103
4151,网站,"0300","2025-03-03",136
4152,小程序/公众号,"0400","2025-03-03",181
4153,电话,"0100","2025-03-04",94
4154,来信,"0200","2025-03-04",37
4155,网站,"0300","2025-03-04",339
4156,小程序/公众号,"0400","2025-03-04",380
4157,电话,"0100","2025-03-05",77
4158,来信,"0200","2025-03-05",82
4159,网站,"0300","2025-03-05",98
4160,小程序/公众号,"0400","2025-03-05",190
4161,电话,"0100","2025-03-06",100
4162,来信,"0200","2025-03-06",62
4163,网站,"0300","2025-03-06",104
4164,小程序/公众号,"0400","2025-03-06",352
4165,电话,"0100","2025-03-07",98
4166,来信,"0200","2025-03-07",32
4167,网站,"0300","2025-03-07",221
4168,小程序/公众号,"0400","2025-03-07",508
4169,电话,"0100","2025-03-08",58
4170,来信,"0200","2025-03-08",76
4171,网站,"0300","2025-03-08",80
4172,小程序/公众号,"0400","2025-03-08",255
4173,电话,"0100","2025-03-09",75
4174,来信,"0200","2025-03-09",51
4175,网站,"0300","2025-03-09",12
4176,小程序/公众号,"0400","2025-03-09",181
4177,电话,"0100","2025-03-10",28
4178,来信,"0200","2025-03-10",18
4179,网站,"0300","2025-03-10",263
4180,小程序/公众号,"0400","2025-03-10",362
4181,电话,"0100","2025-03-11",40
4182,来信,"0200","2025-03-11",147
4183,网站,"0300","2025-03-11",309
4184,小程序/公众号,"0400","2025-03-11",419
4185,电话,"0100","2025-03-12",157
4186,来信,"0200","2025-03-12",157
4187,网站,"0300","2025-03-12",21
4188,小程序/公众号,"0400","2025-03-12",498
4189,电话,"0100","2025-03-13",50
4190,来信,"0200","2025-03-13",60
4191,网站,"0300","2025-03-13",115
4192,小程序/公众号,"0400","2025-03-13",127
4193,电话,"0100","2025-03-14",65
4194,来信,"0200","2025-03-14",11
4195,网站,"0300","2025-03-14",69
4196,小程序/公众号,"0400","2025-03-14",219
4197,电话,"0100","2025-03-15",70
4198,来信,"0200","2025-03-15",74
4199,网站,"0300","2025-03-15",44
4200,小程序/公众号,"0400","2025-03-15",155
4201,电话,"0100","2025-03-16",226
4202,来信,"0200","2025-03-16",213
4203,网站,"0300","2025-03-16",94
4204,小程序/公众号,"0400","2025-03-16",448
4205,电话,"0100","2025-03-17",106
4206,来信,"0200","2025-03-17",105
4207,网站,"0300","2025-03-17",140
4208,小程序/公众号,"0400","2025-03-17",576
4209,电话,"0100","2025-03-18",110
4210,来信,"0200","2025-03-18",17
4211,网站,"0300","2025-03-18",213
4212,小程序/公众号,"0400","2025-03-18",621
4213,电话,"0100","2025-03-19",112
4214,来信,"0200","2025-03-19",28
4215,网站,"0300","2025-03-19",32
4216,小程序/公众号,"0400","2025-03-19",620
4217,电话,"0100","2025-03-20",61
4218,来信,"0200","2025-03-20",257
4219,网站,"0300","2025-03-20",326
4220,小程序/公众号,"0400","2025-03-20",351
4221,电话,"0100","2025-03-21",63
4222,来信,"0200","2025-03-21",81
4223,网站,"0300","2025-03-21",50
4224,小程序/公众号,"0400","2025-03-21",170
4225,电话,"0100","2025-03-22",71
4226,来信,"0200","2025-03-22",149
4227,网站,"0300","2025-03-22",78
4228,小程序/公众号,"0400","2025-03-22",235
4229,电话,"0100","2025-03-23",124
4230,来信,"0200","2025-03-23",163
4231,网站,"0300","2025-03-23",147
4232,小程序/公众号,"0400","2025-03-23",266
4233,电话,"0100","2025-03-24",80
4234,来信,"0200","2025-03-24",58
4235,网站,"0300","2025-03-24",13
4236,小程序/公众号,"0400","2025-03-24",174
4237,电话,"0100","2025-03-25",107
4238,来信,"0200","2025-03-25",161
4239,网站,"0300","2025-03-25",41
4240,小程序/公众号,"0400","2025-03-25",298
4241,电话,"0100","2025-03-26",102
4242,来信,"0200","2025-03-26",26
4243,网站,"0300","2025-03-26",126
4244,小程序/公众号,"0400","2025-03-26",271
4245,电话,"0100","2025-03-27",33
4246,来信,"0200","2025-03-27",165
4247,网站,"0300","2025-03-27",194
4248,小程序/公众号,"0400","2025-03-27",217
4249,电话,"0100","2025-03-28",28
4250,来信,"0200","2025-03-28",48
4251,网站,"0300","2025-03-28",65
4252,小程序/公众号,"0400","2025-03-28",305
4253,电话,"0100","2025-03-29",52
4254,来信,"0200","2025-03-29",165
4255,网站,"0300","2025-03-29",245
4256,小程序/公众号,"0400","2025-03-29",322
4257,电话,"0100","2025-03-30",162
4258,来信,"0200","2025-03-30",156
4259,网站,"0300","2025-03-30",68
4260,小程序/公众号,"0400","2025-03-30",480
4261,电话,"0100","2025-03-31",112
4262,来信,"0200","2025-03-31",150
4263,网站,"0300","2025-03-31",159
4264,小程序/公众号,"0400","2025-03-31",327
4265,电话,"0100","2025-04-01",47
4266,来信,"0200","2025-04-01",91
4267,网站,"0300","2025-04-01",94
4268,小程序/公众号,"0400","2025-04-01",120
4269,电话,"0100","2025-04-02",68
4270,来信,"0200","2025-04-02",194
4271,网站,"0300","2025-04-02",174
4272,小程序/公众号,"0400","2025-04-02",473
4273,电话,"0100","2025-04-03",38
4274,来信,"0200","2025-04-03",159
4275,网站,"0300","2025-04-03",139
4276,小程序/公众号,"0400","2025-04-03",223
4277,电话,"0100","2025-04-04",44
4278,来信,"0200","2025-04-04",128
4279,网站,"0300","2025-04-04",43
4280,小程序/公众号,"0400","2025-04-04",236
4281,电话,"0100","2025-04-05",132
4282,来信,"0200","2025-04-05",93
4283,网站,"0300","2025-04-05",61
4284,小程序/公众号,"0400","2025-04-05",281
4285,电话,"0100","2025-04-06",184
4286,来信,"0200","2025-04-06",80
4287,网站,"0300","2025-04-06",211
4288,小程序/公众号,"0400","2025-04-06",335
4289,电话,"0100","2025-04-07",60
4290,来信,"0200","2025-04-07",29
4291,网站,"0300","2025-04-07",111
4292,小程序/公众号,"0400","2025-04-07",207
4293,电话,"0100","2025-04-08",166
4294,来信,"0200","2025-04-08",181
4295,网站,"0300","2025-04-08",200
4296,小程序/公众号,"0400","2025-04-08",357
4297,电话,"0100","2025-04-09",123
4298,来信,"0200","2025-04-09",26
4299,网站,"0300","2025-04-09",39
4300,小程序/公众号,"0400","2025-04-09",375
4301,电话,"0100","2025-04-10",126
4302,来信,"0200","2025-04-10",77
4303,网站,"0300","2025-04-10",72
4304,小程序/公众号,"0400","2025-04-10",410
4305,电话,"0100","2025-04-11",79
4306,来信,"0200","2025-04-11",33
4307,网站,"0300","2025-04-11",170
4308,小程序/公众号,"0400","2025-04-11",181
4309,电话,"0100","2025-04-12",119
4310,来信,"0200","2025-04-12",24
4311,网站,"0300","2025-04-12",153
4312,小程序/公众号,"0400","2025-04-12",364
4313,电话,"0100","2025-04-13",98
4314,来信,"0200","2025-04-13",79
4315,网站,"0300","2025-04-13",84
4316,小程序/公众号,"0400","2025-04-13",246
4317,电话,"0100","2025-04-14",49
4318,来信,"0200","2025-04-14",130
4319,网站,"0300","2025-04-14",161
4320,小程序/公众号,"0400","2025-04-14",231
4321,电话,"0100","2025-04-15",64
4322,来信,"0200","2025-04-15",72
4323,网站,"0300","2025-04-15",37
4324,小程序/公众号,"0400","2025-04-15",149
4325,电话,"0100","2025-04-16",61
4326,来信,"0200","2025-04-16",91
4327,网站,"0300","2025-04-16",80
4328,小程序/公众号,"0400","2025-04-16",530
4329,电话,"0100","2025-04-17",102
4330,来信,"0200","2025-04-17",219
4331,网站,"0300","2025-04-17",200
4332,小程序/公众号,"0400","2025-04-17",257
4333,电话,"0100","2025-04-18",143
4334,来信,"0200","2025-04-18",158
4335,网站,"0300","2025-04-18",69
4336,小程序/公众号,"0400","2025-04-18",306
4337,电话,"0100","2025-04-19",12
4338,来信,"0200","2025-04-19",82
4339,网站,"0300","2025-04-19",235
4340,小程序/公众号,"0400","2025-04-19",331
4341,电话,"0100","2025-04-20",103
4342,来信,"0200","2025-04-20",66
4343,网站,"0300","2025-04-20",116
4344,小程序/公众号,"0400","2025-04-20",207
4345,电话,"0100","2025-04-21",53
4346,来信,"0200","2025-04-21",93
4347,网站,"0300","2025-04-21",36
4348,小程序/公众号,"0400","2025-04-21",212
4349,电话,"0100","2025-04-22",61
4350,来信,"0200","2025-04-22",55
4351,网站,"0300","2025-04-22",51
4352,小程序/公众号,"0400","2025-04-22",143
4353,电话,"0100","2025-04-23",37
4354,来信,"0200","2025-04-23",42
4355,网站,"0300","2025-04-23",38
4356,小程序/公众号,"0400","2025-04-23",245
4357,电话,"0100","2025-04-24",223
4358,来信,"0200","2025-04-24",245
4359,网站,"0300","2025-04-24",19
4360,小程序/公众号,"0400","2025-04-24",506
4361,电话,"0100","2025-04-25",87
4362,来信,"0200","2025-04-25",103
4363,网站,"0300","2025-04-25",118
4364,小程序/公众号,"0400","2025-04-25",208
4365,电话,"0100","2025-04-26",116
4366,来信,"0200","2025-04-26",228
4367,网站,"0300","2025-04-26",168
4368,小程序/公众号,"0400","2025-04-26",409
4369,电话,"0100","2025-04-27",164
4370,来信,"0200","2025-04-27",87
4371,网站,"0300","2025-04-27",98
4372,小程序/公众号,"0400","2025-04-27",442
4373,电话,"0100","2025-04-28",39
4374,来信,"0200","2025-04-28",69
4375,网站,"0300","2025-04-28",18
4376,小程序/公众号,"0400","2025-04-28",246
4377,电话,"0100","2025-04-29",131
4378,来信,"0200","2025-04-29",52
4379,网站,"0300","2025-04-29",91
4380,小程序/公众号,"0400","2025-04-29",404
4381,电话,"0100","2025-04-30",38
4382,来信,"0200","2025-04-30",74
4383,网站,"0300","2025-04-30",21
4384,小程序/公众号,"0400","2025-04-30",210
4385,电话,"0100","2025-05-01",63
4386,来信,"0200","2025-05-01",123
4387,网站,"0300","2025-05-01",80
4388,小程序/公众号,"0400","2025-05-01",339
4389,电话,"0100","2025-05-02",75
4390,来信,"0200","2025-05-02",144
4391,网站,"0300","2025-05-02",188
4392,小程序/公众号,"0400","2025-05-02",227
4393,电话,"0100","2025-05-03",159
4394,来信,"0200","2025-05-03",36
4395,网站,"0300","2025-05-03",99
4396,小程序/公众号,"0400","2025-05-03",370
4397,电话,"0100","2025-05-04",76
4398,来信,"0200","2025-05-04",117
4399,网站,"0300","2025-05-04",30
4400,小程序/公众号,"0400","2025-05-04",559
4401,电话,"0100","2025-05-05",86
4402,来信,"0200","2025-05-05",95
4403,网站,"0300","2025-05-05",104
4404,小程序/公众号,"0400","2025-05-05",142
4405,电话,"0100","2025-05-06",102
4406,来信,"0200","2025-05-06",98
4407,网站,"0300","2025-05-06",96
4408,小程序/公众号,"0400","2025-05-06",196
4409,电话,"0100","2025-05-07",10
4410,来信,"0200","2025-05-07",85
4411,网站,"0300","2025-05-07",99
4412,小程序/公众号,"0400","2025-05-07",355
4413,电话,"0100","2025-05-08",47
4414,来信,"0200","2025-05-08",51
4415,网站,"0300","2025-05-08",37
4416,小程序/公众号,"0400","2025-05-08",182
4417,电话,"0100","2025-05-09",68
4418,来信,"0200","2025-05-09",133
4419,网站,"0300","2025-05-09",133
4420,小程序/公众号,"0400","2025-05-09",494
4421,电话,"0100","2025-05-10",26
4422,来信,"0200","2025-05-10",84
4423,网站,"0300","2025-05-10",219
4424,小程序/公众号,"0400","2025-05-10",417
4425,电话,"0100","2025-05-11",31
4426,来信,"0200","2025-05-11",79
4427,网站,"0300","2025-05-11",93
4428,小程序/公众号,"0400","2025-05-11",103
4429,电话,"0100","2025-05-12",95
4430,来信,"0200","2025-05-12",91
4431,网站,"0300","2025-05-12",16
4432,小程序/公众号,"0400","2025-05-12",477
4433,电话,"0100","2025-05-13",209
4434,来信,"0200","2025-05-13",108
4435,网站,"0300","2025-05-13",133
4436,小程序/公众号,"0400","2025-05-13",447
4437,电话,"0100","2025-05-14",25
4438,来信,"0200","2025-05-14",102
4439,网站,"0300","2025-05-14",66
4440,小程序/公众号,"0400","2025-05-14",300
4441,电话,"0100","2025-05-15",40
4442,来信,"0200","2025-05-15",142
4443,网站,"0300","2025-05-15",172
4444,小程序/公众号,"0400","2025-05-15",314
4445,电话,"0100","2025-05-16",145
4446,来信,"0200","2025-05-16",151
4447,网站,"0300","2025-05-16",71
4448,小程序/公众号,"0400","2025-05-16",260
4449,电话,"0100","2025-05-17",119
4450,来信,"0200","2025-05-17",157
4451,网站,"0300","2025-05-17",16
4452,小程序/公众号,"0400","2025-05-17",308
4453,电话,"0100","2025-05-18",108
4454,来信,"0200","2025-05-18",111
4455,网站,"0300","2025-05-18",65
4456,小程序/公众号,"0400","2025-05-18",534
4457,电话,"0100","2025-05-19",12
4458,来信,"0200","2025-05-19",33
4459,网站,"0300","2025-05-19",141
4460,小程序/公众号,"0400","2025-05-19",252
4461,电话,"0100","2025-05-20",215
4462,来信,"0200","2025-05-20",97
4463,网站,"0300","2025-05-20",215
4464,小程序/公众号,"0400","2025-05-20",342
4465,电话,"0100","2025-05-21",73
4466,来信,"0200","2025-05-21",34
4467,网站,"0300","2025-05-21",55
4468,小程序/公众号,"0400","2025-05-21",208
4469,电话,"0100","2025-05-22",14
4470,来信,"0200","2025-05-22",245
4471,网站,"0300","2025-05-22",188
4472,小程序/公众号,"0400","2025-05-22",513
4473,电话,"0100","2025-05-23",40
4474,来信,"0200","2025-05-23",35
4475,网站,"0300","2025-05-23",125
4476,小程序/公众号,"0400","2025-05-23",282
4477,电话,"0100","2025-05-24",110
4478,来信,"0200","2025-05-24",71
4479,网站,"0300","2025-05-24",12
4480,小程序/公众号,"0400","2025-05-24",341
4481,电话,"0100","2025-05-25",92
4482,来信,"0200","2025-05-25",60
4483,网站,"0300","2025-05-25",30
4484,小程序/公众号,"0400","2025-05-25",310
4485,电话,"0100","2025-05-26",100
4486,来信,"0200","2025-05-26",68
4487,网站,"0300","2025-05-26",125
4488,小程序/公众号,"0400","2025-05-26",182
4489,电话,"0100","2025-05-27",53
4490,来信,"0200","2025-05-27",44
4491,网站,"0300","2025-05-27",119
4492,小程序/公众号,"0400","2025-05-27",150
4493,电话,"0100","2025-05-28",12
4494,来信,"0200","2025-05-28",61
4495,网站,"0300","2025-05-28",22
4496,小程序/公众号,"0400","2025-05-28",873
4497,电话,"0100","2025-05-29",71
4498,来信,"0200","2025-05-29",131
4499,网站,"0300","2025-05-29",22
4500,小程序/公众号,"0400","2025-05-29",489
4501,电话,"0100","2025-05-30",61
4502,来信,"0200","2025-05-30",78
4503,网站,"0300","2025-05-30",116
4504,小程序/公众号,"0400","2025-05-30",137
4505,电话,"0100","2025-05-31",50
4506,来信,"0200","2025-05-31",156
4507,网站,"0300","2025-05-31",100
4508,小程序/公众号,"0400","2025-05-31",242
4509,电话,"0100","2025-06-01",98
4510,来信,"0200","2025-06-01",164
4511,网站,"0300","2025-06-01",146
4512,小程序/公众号,"0400","2025-06-01",521
4513,电话,"0100","2025-06-02",65
4514,来信,"0200","2025-06-02",19
4515,网站,"0300","2025-06-02",58
4516,小程序/公众号,"0400","2025-06-02",248
4517,电话,"0100","2025-06-03",27
4518,来信,"0200","2025-06-03",122
4519,网站,"0300","2025-06-03",226
4520,小程序/公众号,"0400","2025-06-03",334
4521,电话,"0100","2025-06-04",38
4522,来信,"0200","2025-06-04",25
4523,网站,"0300","2025-06-04",28
4524,小程序/公众号,"0400","2025-06-04",274
4525,电话,"0100","2025-06-05",33
4526,来信,"0200","2025-06-05",16
4527,网站,"0300","2025-06-05",296
4528,小程序/公众号,"0400","2025-06-05",363
4529,电话,"0100","2025-06-06",115
4530,来信,"0200","2025-06-06",137
4531,网站,"0300","2025-06-06",182
4532,小程序/公众号,"0400","2025-06-06",207
4533,电话,"0100","2025-06-07",47
4534,来信,"0200","2025-06-07",33
4535,网站,"0300","2025-06-07",173
4536,小程序/公众号,"0400","2025-06-07",319
4537,电话,"0100","2025-06-08",130
4538,来信,"0200","2025-06-08",53
4539,网站,"0300","2025-06-08",118
4540,小程序/公众号,"0400","2025-06-08",615
4541,电话,"0100","2025-06-09",37
4542,来信,"0200","2025-06-09",25
4543,网站,"0300","2025-06-09",101
4544,小程序/公众号,"0400","2025-06-09",587
4545,电话,"0100","2025-06-10",133
4546,来信,"0200","2025-06-10",24
4547,网站,"0300","2025-06-10",234
4548,小程序/公众号,"0400","2025-06-10",263
4549,电话,"0100","2025-06-11",60
4550,来信,"0200","2025-06-11",26
4551,网站,"0300","2025-06-11",37
4552,小程序/公众号,"0400","2025-06-11",715
4553,电话,"0100","2025-06-12",65
4554,来信,"0200","2025-06-12",45
4555,网站,"0300","2025-06-12",103
4556,小程序/公众号,"0400","2025-06-12",599
4557,电话,"0100","2025-06-13",213
4558,来信,"0200","2025-06-13",135
4559,网站,"0300","2025-06-13",157
4560,小程序/公众号,"0400","2025-06-13",367
4561,电话,"0100","2025-06-14",136
4562,来信,"0200","2025-06-14",32
4563,网站,"0300","2025-06-14",241
4564,小程序/公众号,"0400","2025-06-14",290
4565,电话,"0100","2025-06-15",122
4566,来信,"0200","2025-06-15",41
4567,网站,"0300","2025-06-15",192
4568,小程序/公众号,"0400","2025-06-15",553
4569,电话,"0100","2025-06-16",58
4570,来信,"0200","2025-06-16",64
4571,网站,"0300","2025-06-16",63
4572,小程序/公众号,"0400","2025-06-16",185
4573,电话,"0100","2025-06-17",56
4574,来信,"0200","2025-06-17",93
4575,网站,"0300","2025-06-17",73
4576,小程序/公众号,"0400","2025-06-17",212
4577,电话,"0100","2025-06-18",161
4578,来信,"0200","2025-06-18",97
4579,网站,"0300","2025-06-18",42
4580,小程序/公众号,"0400","2025-06-18",449
4581,电话,"0100","2025-06-19",78
4582,来信,"0200","2025-06-19",60
4583,网站,"0300","2025-06-19",354
4584,小程序/公众号,"0400","2025-06-19",447
4585,电话,"0100","2025-06-20",148
4586,来信,"0200","2025-06-20",250
4587,网站,"0300","2025-06-20",44
4588,小程序/公众号,"0400","2025-06-20",520
4589,电话,"0100","2025-06-21",132
4590,来信,"0200","2025-06-21",162
4591,网站,"0300","2025-06-21",191
4592,小程序/公众号,"0400","2025-06-21",421
4593,电话,"0100","2025-06-22",111
4594,来信,"0200","2025-06-22",175
4595,网站,"0300","2025-06-22",146
4596,小程序/公众号,"0400","2025-06-22",456
4597,电话,"0100","2025-06-23",57
4598,来信,"0200","2025-06-23",157
4599,网站,"0300","2025-06-23",146
4600,小程序/公众号,"0400","2025-06-23",539
4601,电话,"0100","2025-06-24",62
4602,来信,"0200","2025-06-24",85
4603,网站,"0300","2025-06-24",22
4604,小程序/公众号,"0400","2025-06-24",431
4605,电话,"0100","2025-06-25",127
4606,来信,"0200","2025-06-25",33
4607,网站,"0300","2025-06-25",136
4608,小程序/公众号,"0400","2025-06-25",310
4609,电话,"0100","2025-06-26",96
4610,来信,"0200","2025-06-26",188
4611,网站,"0300","2025-06-26",190
4612,小程序/公众号,"0400","2025-06-26",307
4613,电话,"0100","2025-06-27",165
4614,来信,"0200","2025-06-27",148
4615,网站,"0300","2025-06-27",280
4616,小程序/公众号,"0400","2025-06-27",354
4617,电话,"0100","2025-06-28",67
4618,来信,"0200","2025-06-28",23
4619,网站,"0300","2025-06-28",158
4620,小程序/公众号,"0400","2025-06-28",586
4621,电话,"0100","2025-06-29",59
4622,来信,"0200","2025-06-29",97
4623,网站,"0300","2025-06-29",110
4624,小程序/公众号,"0400","2025-06-29",229
4625,电话,"0100","2025-06-30",21
4626,来信,"0200","2025-06-30",100
4627,网站,"0300","2025-06-30",87
4628,小程序/公众号,"0400","2025-06-30",380
4629,电话,"0100","2025-07-01",147
4630,来信,"0200","2025-07-01",32
4631,网站,"0300","2025-07-01",82
4632,小程序/公众号,"0400","2025-07-01",340
4633,电话,"0100","2025-07-02",98
4634,来信,"0200","2025-07-02",81
4635,网站,"0300","2025-07-02",80
4636,小程序/公众号,"0400","2025-07-02",623
4637,电话,"0100","2025-07-03",99
4638,来信,"0200","2025-07-03",56
4639,网站,"0300","2025-07-03",142
4640,小程序/公众号,"0400","2025-07-03",592
4641,电话,"0100","2025-07-04",79
4642,来信,"0200","2025-07-04",75
4643,网站,"0300","2025-07-04",314
4644,小程序/公众号,"0400","2025-07-04",457
4645,电话,"0100","2025-07-05",25
4646,来信,"0200","2025-07-05",34
4647,网站,"0300","2025-07-05",64
4648,小程序/公众号,"0400","2025-07-05",433
4649,电话,"0100","2025-07-06",176
4650,来信,"0200","2025-07-06",49
4651,网站,"0300","2025-07-06",172
4652,小程序/公众号,"0400","2025-07-06",592
4653,电话,"0100","2025-07-07",103
4654,来信,"0200","2025-07-07",40
4655,网站,"0300","2025-07-07",174
4656,小程序/公众号,"0400","2025-07-07",279
4657,电话,"0100","2025-07-08",11
4658,来信,"0200","2025-07-08",48
4659,网站,"0300","2025-07-08",39
4660,小程序/公众号,"0400","2025-07-08",252
4661,电话,"0100","2025-07-09",151
4662,来信,"0200","2025-07-09",122
4663,网站,"0300","2025-07-09",234
4664,小程序/公众号,"0400","2025-07-09",291
4665,电话,"0100","2025-07-10",20
4666,来信,"0200","2025-07-10",52
4667,网站,"0300","2025-07-10",35
4668,小程序/公众号,"0400","2025-07-10",296
4669,电话,"0100","2025-07-11",66
4670,来信,"0200","2025-07-11",11
4671,网站,"0300","2025-07-11",178
4672,小程序/公众号,"0400","2025-07-11",636
4673,电话,"0100","2025-07-12",43
4674,来信,"0200","2025-07-12",28
4675,网站,"0300","2025-07-12",285
4676,小程序/公众号,"0400","2025-07-12",590
4677,电话,"0100","2025-07-13",64
4678,来信,"0200","2025-07-13",69
4679,网站,"0300","2025-07-13",134
4680,小程序/公众号,"0400","2025-07-13",253
4681,电话,"0100","2025-07-14",44
4682,来信,"0200","2025-07-14",71
4683,网站,"0300","2025-07-14",130
4684,小程序/公众号,"0400","2025-07-14",192
4685,电话,"0100","2025-07-15",97
4686,来信,"0200","2025-07-15",58
4687,网站,"0300","2025-07-15",38
4688,小程序/公众号,"0400","2025-07-15",220
4689,电话,"0100","2025-07-16",162
4690,来信,"0200","2025-07-16",30
4691,网站,"0300","2025-07-16",160
4692,小程序/公众号,"0400","2025-07-16",392
4693,电话,"0100","2025-07-17",14
4694,来信,"0200","2025-07-17",204
4695,网站,"0300","2025-07-17",206
4696,小程序/公众号,"0400","2025-07-17",325
4697,电话,"0100","2025-07-18",34
4698,来信,"0200","2025-07-18",10
4699,网站,"0300","2025-07-18",69
4700,小程序/公众号,"0400","2025-07-18",620
4701,电话,"0100","2025-07-19",213
4702,来信,"0200","2025-07-19",150
4703,网站,"0300","2025-07-19",43
4704,小程序/公众号,"0400","2025-07-19",453
4705,电话,"0100","2025-07-20",127
4706,来信,"0200","2025-07-20",33
4707,网站,"0300","2025-07-20",64
4708,小程序/公众号,"0400","2025-07-20",634
4709,电话,"0100","2025-07-21",10
4710,来信,"0200","2025-07-21",64
4711,网站,"0300","2025-07-21",46
4712,小程序/公众号,"0400","2025-07-21",594
4713,电话,"0100","2025-07-22",98
4714,来信,"0200","2025-07-22",37
4715,网站,"0300","2025-07-22",173
4716,小程序/公众号,"0400","2025-07-22",343
4717,电话,"0100","2025-07-23",93
4718,来信,"0200","2025-07-23",35
4719,网站,"0300","2025-07-23",156
4720,小程序/公众号,"0400","2025-07-23",439
4721,电话,"0100","2025-07-24",109
4722,来信,"0200","2025-07-24",272
4723,网站,"0300","2025-07-24",175
4724,小程序/公众号,"0400","2025-07-24",396
4725,电话,"0100","2025-07-25",135
4726,来信,"0200","2025-07-25",146
4727,网站,"0300","2025-07-25",108
4728,小程序/公众号,"0400","2025-07-25",280
4729,电话,"0100","2025-07-26",53
4730,来信,"0200","2025-07-26",72
4731,网站,"0300","2025-07-26",188
4732,小程序/公众号,"0400","2025-07-26",240
4733,电话,"0100","2025-07-27",55
4734,来信,"0200","2025-07-27",34
4735,网站,"0300","2025-07-27",137
4736,小程序/公众号,"0400","2025-07-27",166
4737,电话,"0100","2025-07-28",73
4738,来信,"0200","2025-07-28",50
4739,网站,"0300","2025-07-28",73
4740,小程序/公众号,"0400","2025-07-28",152
4741,电话,"0100","2025-07-29",159
4742,来信,"0200","2025-07-29",225
4743,网站,"0300","2025-07-29",198
4744,小程序/公众号,"0400","2025-07-29",323
4745,电话,"0100","2025-07-30",210
4746,来信,"0200","2025-07-30",182
4747,网站,"0300","2025-07-30",135
4748,小程序/公众号,"0400","2025-07-30",321
4749,电话,"0100","2025-07-31",36
4750,来信,"0200","2025-07-31",60
4751,网站,"0300","2025-07-31",34
4752,小程序/公众号,"0400","2025-07-31",177
4753,电话,"0100","2025-08-01",140
4754,来信,"0200","2025-08-01",133
4755,网站,"0300","2025-08-01",32
4756,小程序/公众号,"0400","2025-08-01",259
