"md_id","area_name","busi_time","total_num"
1,C区,"2022-05-01",33
2,D区,"2022-05-01",108
3,B区,"2022-05-01",39
4,E区,"2022-05-01",67
5,A区,"2022-05-01",640
6,C区,"2022-05-02",130
7,D区,"2022-05-02",103
8,B区,"2022-05-02",80
9,E区,"2022-05-02",142
10,A区,"2022-05-02",236
11,C区,"2022-05-03",63
12,D区,"2022-05-03",13
13,B区,"2022-05-03",276
14,E区,"2022-05-03",254
15,A区,"2022-05-03",324
16,C区,"2022-05-04",30
17,D区,"2022-05-04",15
18,B区,"2022-05-04",75
19,E区,"2022-05-04",84
20,A区,"2022-05-04",618
21,C区,"2022-05-05",74
22,D区,"2022-05-05",12
23,B区,"2022-05-05",103
24,E区,"2022-05-05",59
25,A区,"2022-05-05",304
26,C区,"2022-05-06",20
27,D区,"2022-05-06",104
28,B区,"2022-05-06",67
29,E区,"2022-05-06",84
30,A区,"2022-05-06",416
31,C区,"2022-05-07",99
32,D区,"2022-05-07",180
33,B区,"2022-05-07",225
34,E区,"2022-05-07",100
35,A区,"2022-05-07",389
36,C区,"2022-05-08",33
37,D区,"2022-05-08",22
38,B区,"2022-05-08",150
39,E区,"2022-05-08",107
40,A区,"2022-05-08",489
41,C区,"2022-05-09",24
42,D区,"2022-05-09",37
43,B区,"2022-05-09",38
44,E区,"2022-05-09",162
45,A区,"2022-05-09",347
46,C区,"2022-05-10",53
47,D区,"2022-05-10",68
48,B区,"2022-05-10",11
49,E区,"2022-05-10",67
50,A区,"2022-05-10",437
51,C区,"2022-05-11",42
52,D区,"2022-05-11",93
53,B区,"2022-05-11",118
54,E区,"2022-05-11",69
55,A区,"2022-05-11",332
56,C区,"2022-05-12",62
57,D区,"2022-05-12",84
58,B区,"2022-05-12",40
59,E区,"2022-05-12",94
60,A区,"2022-05-12",492
61,C区,"2022-05-13",15
62,D区,"2022-05-13",15
63,B区,"2022-05-13",91
64,E区,"2022-05-13",47
65,A区,"2022-05-13",192
66,C区,"2022-05-14",57
67,D区,"2022-05-14",72
68,B区,"2022-05-14",51
69,E区,"2022-05-14",36
70,A区,"2022-05-14",369
71,C区,"2022-05-15",29
72,D区,"2022-05-15",50
73,B区,"2022-05-15",34
74,E区,"2022-05-15",57
75,A区,"2022-05-15",195
76,C区,"2022-05-16",15
77,D区,"2022-05-16",32
78,B区,"2022-05-16",56
79,E区,"2022-05-16",211
80,A区,"2022-05-16",387
81,C区,"2022-05-17",109
82,D区,"2022-05-17",85
83,B区,"2022-05-17",51
84,E区,"2022-05-17",102
85,A区,"2022-05-17",210
86,C区,"2022-05-18",57
87,D区,"2022-05-18",106
88,B区,"2022-05-18",166
89,E区,"2022-05-18",236
90,A区,"2022-05-18",294
91,C区,"2022-05-19",116
92,D区,"2022-05-19",163
93,B区,"2022-05-19",119
94,E区,"2022-05-19",226
95,A区,"2022-05-19",284
96,C区,"2022-05-20",34
97,D区,"2022-05-20",37
98,B区,"2022-05-20",34
99,E区,"2022-05-20",126
100,A区,"2022-05-20",154
101,C区,"2022-05-21",19
102,D区,"2022-05-21",67
103,B区,"2022-05-21",70
104,E区,"2022-05-21",66
105,A区,"2022-05-21",153
106,C区,"2022-05-22",69
107,D区,"2022-05-22",36
108,B区,"2022-05-22",55
109,E区,"2022-05-22",106
110,A区,"2022-05-22",153
111,C区,"2022-05-23",157
112,D区,"2022-05-23",82
113,B区,"2022-05-23",146
114,E区,"2022-05-23",179
115,A区,"2022-05-23",287
116,C区,"2022-05-24",46
117,D区,"2022-05-24",90
118,B区,"2022-05-24",49
119,E区,"2022-05-24",181
120,A区,"2022-05-24",557
121,C区,"2022-05-25",107
122,D区,"2022-05-25",177
123,B区,"2022-05-25",166
124,E区,"2022-05-25",145
125,A区,"2022-05-25",383
126,C区,"2022-05-26",158
127,D区,"2022-05-26",57
128,B区,"2022-05-26",70
129,E区,"2022-05-26",73
130,A区,"2022-05-26",597
131,C区,"2022-05-27",132
132,D区,"2022-05-27",18
133,B区,"2022-05-27",236
134,E区,"2022-05-27",180
135,A区,"2022-05-27",344
136,C区,"2022-05-28",179
137,D区,"2022-05-28",115
138,B区,"2022-05-28",156
139,E区,"2022-05-28",19
140,A区,"2022-05-28",434
141,C区,"2022-05-29",14
142,D区,"2022-05-29",73
143,B区,"2022-05-29",31
144,E区,"2022-05-29",51
145,A区,"2022-05-29",430
146,C区,"2022-05-30",42
147,D区,"2022-05-30",18
148,B区,"2022-05-30",81
149,E区,"2022-05-30",52
150,A区,"2022-05-30",153
151,C区,"2022-05-31",25
152,D区,"2022-05-31",68
153,B区,"2022-05-31",36
154,E区,"2022-05-31",20
155,A区,"2022-05-31",385
156,C区,"2022-06-01",143
157,D区,"2022-06-01",175
158,B区,"2022-06-01",36
159,E区,"2022-06-01",265
160,A区,"2022-06-01",339
161,C区,"2022-06-02",32
162,D区,"2022-06-02",72
163,B区,"2022-06-02",17
164,E区,"2022-06-02",29
165,A区,"2022-06-02",445
166,C区,"2022-06-03",61
167,D区,"2022-06-03",56
168,B区,"2022-06-03",59
169,E区,"2022-06-03",80
170,A区,"2022-06-03",80
171,C区,"2022-06-04",58
172,D区,"2022-06-04",83
173,B区,"2022-06-04",55
174,E区,"2022-06-04",41
175,A区,"2022-06-04",215
176,C区,"2022-06-05",170
177,D区,"2022-06-05",104
178,B区,"2022-06-05",99
179,E区,"2022-06-05",62
180,A区,"2022-06-05",491
181,C区,"2022-06-06",10
182,D区,"2022-06-06",210
183,B区,"2022-06-06",207
184,E区,"2022-06-06",75
185,A区,"2022-06-06",396
186,C区,"2022-06-07",49
187,D区,"2022-06-07",26
188,B区,"2022-06-07",77
189,E区,"2022-06-07",58
190,A区,"2022-06-07",102
191,C区,"2022-06-08",129
192,D区,"2022-06-08",120
193,B区,"2022-06-08",158
194,E区,"2022-06-08",183
195,A区,"2022-06-08",256
196,C区,"2022-06-09",78
197,D区,"2022-06-09",107
198,B区,"2022-06-09",97
199,E区,"2022-06-09",49
200,A区,"2022-06-09",254
201,C区,"2022-06-10",61
202,D区,"2022-06-10",80
203,B区,"2022-06-10",43
204,E区,"2022-06-10",39
205,A区,"2022-06-10",208
206,C区,"2022-06-11",94
207,D区,"2022-06-11",102
208,B区,"2022-06-11",124
209,E区,"2022-06-11",133
210,A区,"2022-06-11",202
211,C区,"2022-06-12",91
212,D区,"2022-06-12",108
213,B区,"2022-06-12",40
214,E区,"2022-06-12",62
215,A区,"2022-06-12",277
216,C区,"2022-06-13",63
217,D区,"2022-06-13",38
218,B区,"2022-06-13",104
219,E区,"2022-06-13",90
220,A区,"2022-06-13",167
221,C区,"2022-06-14",27
222,D区,"2022-06-14",55
223,B区,"2022-06-14",94
224,E区,"2022-06-14",226
225,A区,"2022-06-14",412
226,C区,"2022-06-15",32
227,D区,"2022-06-15",12
228,B区,"2022-06-15",10
229,E区,"2022-06-15",148
230,A区,"2022-06-15",166
231,C区,"2022-06-16",60
232,D区,"2022-06-16",68
233,B区,"2022-06-16",72
234,E区,"2022-06-16",11
235,A区,"2022-06-16",164
236,C区,"2022-06-17",66
237,D区,"2022-06-17",132
238,B区,"2022-06-17",228
239,E区,"2022-06-17",188
240,A区,"2022-06-17",372
241,C区,"2022-06-18",11
242,D区,"2022-06-18",124
243,B区,"2022-06-18",34
244,E区,"2022-06-18",209
245,A区,"2022-06-18",313
246,C区,"2022-06-19",63
247,D区,"2022-06-19",55
248,B区,"2022-06-19",60
249,E区,"2022-06-19",71
250,A区,"2022-06-19",89
251,C区,"2022-06-20",49
252,D区,"2022-06-20",83
253,B区,"2022-06-20",37
254,E区,"2022-06-20",73
255,A区,"2022-06-20",215
256,C区,"2022-06-21",115
257,D区,"2022-06-21",50
258,B区,"2022-06-21",144
259,E区,"2022-06-21",13
260,A区,"2022-06-21",360
261,C区,"2022-06-22",16
262,D区,"2022-06-22",199
263,B区,"2022-06-22",122
264,E区,"2022-06-22",279
265,A区,"2022-06-22",285
266,C区,"2022-06-23",88
267,D区,"2022-06-23",40
268,B区,"2022-06-23",48
269,E区,"2022-06-23",155
270,A区,"2022-06-23",283
271,C区,"2022-06-24",116
272,D区,"2022-06-24",15
273,B区,"2022-06-24",11
274,E区,"2022-06-24",233
275,A区,"2022-06-24",391
276,C区,"2022-06-25",19
277,D区,"2022-06-25",13
278,B区,"2022-06-25",12
279,E区,"2022-06-25",252
280,A区,"2022-06-25",265
281,C区,"2022-06-26",19
282,D区,"2022-06-26",77
283,B区,"2022-06-26",83
284,E区,"2022-06-26",19
285,A区,"2022-06-26",246
286,C区,"2022-06-27",55
287,D区,"2022-06-27",41
288,B区,"2022-06-27",88
289,E区,"2022-06-27",53
290,A区,"2022-06-27",342
291,C区,"2022-06-28",83
292,D区,"2022-06-28",11
293,B区,"2022-06-28",132
294,E区,"2022-06-28",46
295,A区,"2022-06-28",644
296,C区,"2022-06-29",86
297,D区,"2022-06-29",36
298,B区,"2022-06-29",85
299,E区,"2022-06-29",25
300,A区,"2022-06-29",224
301,C区,"2022-06-30",21
302,D区,"2022-06-30",87
303,B区,"2022-06-30",21
304,E区,"2022-06-30",50
305,A区,"2022-06-30",236
306,C区,"2022-07-01",70
307,D区,"2022-07-01",41
308,B区,"2022-07-01",66
309,E区,"2022-07-01",11
310,A区,"2022-07-01",246
311,C区,"2022-07-02",53
312,D区,"2022-07-02",158
313,B区,"2022-07-02",164
314,E区,"2022-07-02",177
315,A区,"2022-07-02",180
316,C区,"2022-07-03",145
317,D区,"2022-07-03",54
318,B区,"2022-07-03",33
319,E区,"2022-07-03",24
320,A区,"2022-07-03",488
321,C区,"2022-07-04",31
322,D区,"2022-07-04",178
323,B区,"2022-07-04",54
324,E区,"2022-07-04",176
325,A区,"2022-07-04",391
326,C区,"2022-07-05",120
327,D区,"2022-07-05",60
328,B区,"2022-07-05",182
329,E区,"2022-07-05",181
330,A区,"2022-07-05",312
331,C区,"2022-07-06",11
332,D区,"2022-07-06",76
333,B区,"2022-07-06",24
334,E区,"2022-07-06",237
335,A区,"2022-07-06",244
336,C区,"2022-07-07",58
337,D区,"2022-07-07",71
338,B区,"2022-07-07",44
339,E区,"2022-07-07",42
340,A区,"2022-07-07",152
341,C区,"2022-07-08",64
342,D区,"2022-07-08",38
343,B区,"2022-07-08",31
344,E区,"2022-07-08",14
345,A区,"2022-07-08",206
346,C区,"2022-07-09",93
347,D区,"2022-07-09",53
348,B区,"2022-07-09",18
349,E区,"2022-07-09",317
350,A区,"2022-07-09",443
351,C区,"2022-07-10",67
352,D区,"2022-07-10",89
353,B区,"2022-07-10",77
354,E区,"2022-07-10",264
355,A区,"2022-07-10",336
356,C区,"2022-07-11",47
357,D区,"2022-07-11",26
358,B区,"2022-07-11",66
359,E区,"2022-07-11",66
360,A区,"2022-07-11",118
361,C区,"2022-07-12",35
362,D区,"2022-07-12",176
363,B区,"2022-07-12",87
364,E区,"2022-07-12",69
365,A区,"2022-07-12",576
366,C区,"2022-07-13",31
367,D区,"2022-07-13",60
368,B区,"2022-07-13",82
369,E区,"2022-07-13",118
370,A区,"2022-07-13",295
371,C区,"2022-07-14",142
372,D区,"2022-07-14",148
373,B区,"2022-07-14",29
374,E区,"2022-07-14",254
375,A区,"2022-07-14",260
376,C区,"2022-07-15",28
377,D区,"2022-07-15",162
378,B区,"2022-07-15",200
379,E区,"2022-07-15",139
380,A区,"2022-07-15",416
381,C区,"2022-07-16",127
382,D区,"2022-07-16",107
383,B区,"2022-07-16",61
384,E区,"2022-07-16",67
385,A区,"2022-07-16",438
386,C区,"2022-07-17",89
387,D区,"2022-07-17",19
388,B区,"2022-07-17",41
389,E区,"2022-07-17",52
390,A区,"2022-07-17",391
391,C区,"2022-07-18",112
392,D区,"2022-07-18",118
393,B区,"2022-07-18",12
394,E区,"2022-07-18",92
395,A区,"2022-07-18",311
396,C区,"2022-07-19",129
397,D区,"2022-07-19",102
398,B区,"2022-07-19",133
399,E区,"2022-07-19",14
400,A区,"2022-07-19",271
401,C区,"2022-07-20",79
402,D区,"2022-07-20",81
403,B区,"2022-07-20",89
404,E区,"2022-07-20",67
405,A区,"2022-07-20",164
406,C区,"2022-07-21",30
407,D区,"2022-07-21",19
408,B区,"2022-07-21",133
409,E区,"2022-07-21",19
410,A区,"2022-07-21",479
411,C区,"2022-07-22",31
412,D区,"2022-07-22",112
413,B区,"2022-07-22",75
414,E区,"2022-07-22",196
415,A区,"2022-07-22",348
416,C区,"2022-07-23",48
417,D区,"2022-07-23",73
418,B区,"2022-07-23",38
419,E区,"2022-07-23",92
420,A区,"2022-07-23",93
421,C区,"2022-07-24",12
422,D区,"2022-07-24",20
423,B区,"2022-07-24",60
424,E区,"2022-07-24",85
425,A区,"2022-07-24",146
426,C区,"2022-07-25",64
427,D区,"2022-07-25",118
428,B区,"2022-07-25",96
429,E区,"2022-07-25",13
430,A区,"2022-07-25",277
431,C区,"2022-07-26",72
432,D区,"2022-07-26",48
433,B区,"2022-07-26",62
434,E区,"2022-07-26",55
435,A区,"2022-07-26",461
436,C区,"2022-07-27",113
437,D区,"2022-07-27",56
438,B区,"2022-07-27",20
439,E区,"2022-07-27",71
440,A区,"2022-07-27",584
441,C区,"2022-07-28",48
442,D区,"2022-07-28",23
443,B区,"2022-07-28",31
444,E区,"2022-07-28",89
445,A区,"2022-07-28",377
446,C区,"2022-07-29",55
447,D区,"2022-07-29",14
448,B区,"2022-07-29",134
449,E区,"2022-07-29",329
450,A区,"2022-07-29",423
451,C区,"2022-07-30",98
452,D区,"2022-07-30",79
453,B区,"2022-07-30",87
454,E区,"2022-07-30",79
455,A区,"2022-07-30",214
456,C区,"2022-07-31",112
457,D区,"2022-07-31",51
458,B区,"2022-07-31",129
459,E区,"2022-07-31",181
460,A区,"2022-07-31",183
461,C区,"2022-08-01",107
462,D区,"2022-08-01",11
463,B区,"2022-08-01",170
464,E区,"2022-08-01",69
465,A区,"2022-08-01",312
466,C区,"2022-08-02",50
467,D区,"2022-08-02",23
468,B区,"2022-08-02",36
469,E区,"2022-08-02",71
470,A区,"2022-08-02",154
471,C区,"2022-08-03",59
472,D区,"2022-08-03",28
473,B区,"2022-08-03",110
474,E区,"2022-08-03",122
475,A区,"2022-08-03",132
476,C区,"2022-08-04",127
477,D区,"2022-08-04",18
478,B区,"2022-08-04",58
479,E区,"2022-08-04",319
480,A区,"2022-08-04",343
481,C区,"2022-08-05",30
482,D区,"2022-08-05",64
483,B区,"2022-08-05",70
484,E区,"2022-08-05",186
485,A区,"2022-08-05",269
486,C区,"2022-08-06",59
487,D区,"2022-08-06",144
488,B区,"2022-08-06",89
489,E区,"2022-08-06",33
490,A区,"2022-08-06",382
491,C区,"2022-08-07",44
492,D区,"2022-08-07",44
493,B区,"2022-08-07",87
494,E区,"2022-08-07",45
495,A区,"2022-08-07",276
496,C区,"2022-08-08",84
497,D区,"2022-08-08",90
498,B区,"2022-08-08",60
499,E区,"2022-08-08",126
500,A区,"2022-08-08",182
501,C区,"2022-08-09",39
502,D区,"2022-08-09",22
503,B区,"2022-08-09",46
504,E区,"2022-08-09",40
505,A区,"2022-08-09",157
506,C区,"2022-08-10",84
507,D区,"2022-08-10",71
508,B区,"2022-08-10",67
509,E区,"2022-08-10",27
510,A区,"2022-08-10",186
511,C区,"2022-08-11",68
512,D区,"2022-08-11",69
513,B区,"2022-08-11",161
514,E区,"2022-08-11",229
515,A区,"2022-08-11",231
516,C区,"2022-08-12",64
517,D区,"2022-08-12",70
518,B区,"2022-08-12",89
519,E区,"2022-08-12",35
520,A区,"2022-08-12",156
521,C区,"2022-08-13",73
522,D区,"2022-08-13",32
523,B区,"2022-08-13",108
524,E区,"2022-08-13",10
525,A区,"2022-08-13",347
526,C区,"2022-08-14",72
527,D区,"2022-08-14",56
528,B区,"2022-08-14",37
529,E区,"2022-08-14",98
530,A区,"2022-08-14",117
531,C区,"2022-08-15",74
532,D区,"2022-08-15",63
533,B区,"2022-08-15",79
534,E区,"2022-08-15",21
535,A区,"2022-08-15",168
536,C区,"2022-08-16",155
537,D区,"2022-08-16",28
538,B区,"2022-08-16",250
539,E区,"2022-08-16",70
540,A区,"2022-08-16",430
541,C区,"2022-08-17",87
542,D区,"2022-08-17",64
543,B区,"2022-08-17",78
544,E区,"2022-08-17",90
545,A区,"2022-08-17",125
546,C区,"2022-08-18",52
547,D区,"2022-08-18",59
548,B区,"2022-08-18",100
549,E区,"2022-08-18",79
550,A区,"2022-08-18",521
551,C区,"2022-08-19",68
552,D区,"2022-08-19",54
553,B区,"2022-08-19",46
554,E区,"2022-08-19",262
555,A区,"2022-08-19",473
556,C区,"2022-08-20",89
557,D区,"2022-08-20",17
558,B区,"2022-08-20",134
559,E区,"2022-08-20",171
560,A区,"2022-08-20",356
561,C区,"2022-08-21",13
562,D区,"2022-08-21",13
563,B区,"2022-08-21",65
564,E区,"2022-08-21",28
565,A区,"2022-08-21",320
566,C区,"2022-08-22",126
567,D区,"2022-08-22",152
568,B区,"2022-08-22",126
569,E区,"2022-08-22",180
570,A区,"2022-08-22",249
571,C区,"2022-08-23",128
572,D区,"2022-08-23",14
573,B区,"2022-08-23",17
574,E区,"2022-08-23",103
575,A区,"2022-08-23",466
576,C区,"2022-08-24",89
577,D区,"2022-08-24",167
578,B区,"2022-08-24",74
579,E区,"2022-08-24",194
580,A区,"2022-08-24",244
581,C区,"2022-08-25",46
582,D区,"2022-08-25",12
583,B区,"2022-08-25",27
584,E区,"2022-08-25",70
585,A区,"2022-08-25",516
586,C区,"2022-08-26",21
587,D区,"2022-08-26",82
588,B区,"2022-08-26",52
589,E区,"2022-08-26",80
590,A区,"2022-08-26",155
591,C区,"2022-08-27",103
592,D区,"2022-08-27",138
593,B区,"2022-08-27",128
594,E区,"2022-08-27",102
595,A区,"2022-08-27",265
596,C区,"2022-08-28",11
597,D区,"2022-08-28",41
598,B区,"2022-08-28",77
599,E区,"2022-08-28",96
600,A区,"2022-08-28",216
601,C区,"2022-08-29",173
602,D区,"2022-08-29",121
603,B区,"2022-08-29",58
604,E区,"2022-08-29",148
605,A区,"2022-08-29",415
606,C区,"2022-08-30",55
607,D区,"2022-08-30",122
608,B区,"2022-08-30",57
609,E区,"2022-08-30",89
610,A区,"2022-08-30",288
611,C区,"2022-08-31",20
612,D区,"2022-08-31",62
613,B区,"2022-08-31",21
614,E区,"2022-08-31",206
615,A区,"2022-08-31",290
616,C区,"2022-09-01",125
617,D区,"2022-09-01",11
618,B区,"2022-09-01",60
619,E区,"2022-09-01",259
620,A区,"2022-09-01",283
621,C区,"2022-09-02",28
622,D区,"2022-09-02",13
623,B区,"2022-09-02",103
624,E区,"2022-09-02",62
625,A区,"2022-09-02",150
626,C区,"2022-09-03",55
627,D区,"2022-09-03",19
628,B区,"2022-09-03",43
629,E区,"2022-09-03",57
630,A区,"2022-09-03",150
631,C区,"2022-09-04",34
632,D区,"2022-09-04",170
633,B区,"2022-09-04",78
634,E区,"2022-09-04",87
635,A区,"2022-09-04",565
636,C区,"2022-09-05",42
637,D区,"2022-09-05",11
638,B区,"2022-09-05",95
639,E区,"2022-09-05",58
640,A区,"2022-09-05",217
641,C区,"2022-09-06",68
642,D区,"2022-09-06",108
643,B区,"2022-09-06",79
644,E区,"2022-09-06",64
645,A区,"2022-09-06",511
646,C区,"2022-09-07",96
647,D区,"2022-09-07",195
648,B区,"2022-09-07",115
649,E区,"2022-09-07",93
650,A区,"2022-09-07",383
651,C区,"2022-09-08",118
652,D区,"2022-09-08",32
653,B区,"2022-09-08",127
654,E区,"2022-09-08",141
655,A区,"2022-09-08",282
656,C区,"2022-09-09",120
657,D区,"2022-09-09",53
658,B区,"2022-09-09",37
659,E区,"2022-09-09",246
660,A区,"2022-09-09",295
661,C区,"2022-09-10",98
662,D区,"2022-09-10",42
663,B区,"2022-09-10",113
664,E区,"2022-09-10",48
665,A区,"2022-09-10",250
666,C区,"2022-09-11",41
667,D区,"2022-09-11",74
668,B区,"2022-09-11",113
669,E区,"2022-09-11",49
670,A区,"2022-09-11",197
671,C区,"2022-09-12",78
672,D区,"2022-09-12",101
673,B区,"2022-09-12",59
674,E区,"2022-09-12",116
675,A区,"2022-09-12",227
676,C区,"2022-09-13",74
677,D区,"2022-09-13",159
678,B区,"2022-09-13",200
679,E区,"2022-09-13",47
680,A区,"2022-09-13",505
681,C区,"2022-09-14",91
682,D区,"2022-09-14",93
683,B区,"2022-09-14",60
684,E区,"2022-09-14",91
685,A区,"2022-09-14",166
686,C区,"2022-09-15",137
687,D区,"2022-09-15",132
688,B区,"2022-09-15",85
689,E区,"2022-09-15",59
690,A区,"2022-09-15",414
691,C区,"2022-09-16",95
692,D区,"2022-09-16",56
693,B区,"2022-09-16",82
694,E区,"2022-09-16",38
695,A区,"2022-09-16",284
696,C区,"2022-09-17",93
697,D区,"2022-09-17",70
698,B区,"2022-09-17",115
699,E区,"2022-09-17",97
700,A区,"2022-09-17",211
701,C区,"2022-09-18",62
702,D区,"2022-09-18",30
703,B区,"2022-09-18",44
704,E区,"2022-09-18",217
705,A区,"2022-09-18",240
706,C区,"2022-09-19",155
707,D区,"2022-09-19",124
708,B区,"2022-09-19",109
709,E区,"2022-09-19",95
710,A区,"2022-09-19",392
711,C区,"2022-09-20",105
712,D区,"2022-09-20",102
713,B区,"2022-09-20",20
714,E区,"2022-09-20",164
715,A区,"2022-09-20",177
716,C区,"2022-09-21",148
717,D区,"2022-09-21",46
718,B区,"2022-09-21",54
719,E区,"2022-09-21",177
720,A区,"2022-09-21",508
721,C区,"2022-09-22",69
722,D区,"2022-09-22",50
723,B区,"2022-09-22",78
724,E区,"2022-09-22",118
725,A区,"2022-09-22",147
726,C区,"2022-09-23",31
727,D区,"2022-09-23",30
728,B区,"2022-09-23",130
729,E区,"2022-09-23",134
730,A区,"2022-09-23",194
731,C区,"2022-09-24",150
732,D区,"2022-09-24",50
733,B区,"2022-09-24",138
734,E区,"2022-09-24",81
735,A区,"2022-09-24",383
736,C区,"2022-09-25",24
737,D区,"2022-09-25",49
738,B区,"2022-09-25",34
739,E区,"2022-09-25",111
740,A区,"2022-09-25",406
741,C区,"2022-09-26",56
742,D区,"2022-09-26",128
743,B区,"2022-09-26",57
744,E区,"2022-09-26",228
745,A区,"2022-09-26",472
746,C区,"2022-09-27",145
747,D区,"2022-09-27",127
748,B区,"2022-09-27",174
749,E区,"2022-09-27",171
750,A区,"2022-09-27",280
751,C区,"2022-09-28",12
752,D区,"2022-09-28",19
753,B区,"2022-09-28",166
754,E区,"2022-09-28",121
755,A区,"2022-09-28",219
756,C区,"2022-09-29",67
757,D区,"2022-09-29",124
758,B区,"2022-09-29",105
759,E区,"2022-09-29",21
760,A区,"2022-09-29",277
761,C区,"2022-09-30",32
762,D区,"2022-09-30",136
763,B区,"2022-09-30",131
764,E区,"2022-09-30",52
765,A区,"2022-09-30",566
766,C区,"2022-10-01",17
767,D区,"2022-10-01",21
768,B区,"2022-10-01",80
769,E区,"2022-10-01",278
770,A区,"2022-10-01",299
771,C区,"2022-10-02",18
772,D区,"2022-10-02",122
773,B区,"2022-10-02",10
774,E区,"2022-10-02",337
775,A区,"2022-10-02",374
776,C区,"2022-10-03",172
777,D区,"2022-10-03",131
778,B区,"2022-10-03",214
779,E区,"2022-10-03",31
780,A区,"2022-10-03",434
781,C区,"2022-10-04",44
782,D区,"2022-10-04",105
783,B区,"2022-10-04",97
784,E区,"2022-10-04",117
785,A区,"2022-10-04",284
786,C区,"2022-10-05",135
787,D区,"2022-10-05",82
788,B区,"2022-10-05",154
789,E区,"2022-10-05",200
790,A区,"2022-10-05",412
791,C区,"2022-10-06",49
792,D区,"2022-10-06",35
793,B区,"2022-10-06",25
794,E区,"2022-10-06",49
795,A区,"2022-10-06",165
796,C区,"2022-10-07",11
797,D区,"2022-10-07",55
798,B区,"2022-10-07",111
799,E区,"2022-10-07",107
800,A区,"2022-10-07",134
801,C区,"2022-10-08",67
802,D区,"2022-10-08",53
803,B区,"2022-10-08",104
804,E区,"2022-10-08",163
805,A区,"2022-10-08",219
806,C区,"2022-10-09",107
807,D区,"2022-10-09",11
808,B区,"2022-10-09",70
809,E区,"2022-10-09",73
810,A区,"2022-10-09",309
811,C区,"2022-10-10",77
812,D区,"2022-10-10",37
813,B区,"2022-10-10",61
814,E区,"2022-10-10",247
815,A区,"2022-10-10",270
816,C区,"2022-10-11",181
817,D区,"2022-10-11",71
818,B区,"2022-10-11",120
819,E区,"2022-10-11",45
820,A区,"2022-10-11",572
821,C区,"2022-10-12",88
822,D区,"2022-10-12",23
823,B区,"2022-10-12",12
824,E区,"2022-10-12",176
825,A区,"2022-10-12",248
826,C区,"2022-10-13",15
827,D区,"2022-10-13",76
828,B区,"2022-10-13",78
829,E区,"2022-10-13",25
830,A区,"2022-10-13",359
831,C区,"2022-10-14",85
832,D区,"2022-10-14",142
833,B区,"2022-10-14",122
834,E区,"2022-10-14",140
835,A区,"2022-10-14",336
836,C区,"2022-10-15",79
837,D区,"2022-10-15",45
838,B区,"2022-10-15",121
839,E区,"2022-10-15",286
840,A区,"2022-10-15",379
841,C区,"2022-10-16",36
842,D区,"2022-10-16",86
843,B区,"2022-10-16",11
844,E区,"2022-10-16",83
845,A区,"2022-10-16",284
846,C区,"2022-10-17",14
847,D区,"2022-10-17",87
848,B区,"2022-10-17",112
849,E区,"2022-10-17",267
850,A区,"2022-10-17",371
851,C区,"2022-10-18",57
852,D区,"2022-10-18",90
853,B区,"2022-10-18",52
854,E区,"2022-10-18",16
855,A区,"2022-10-18",226
856,C区,"2022-10-19",114
857,D区,"2022-10-19",14
858,B区,"2022-10-19",114
859,E区,"2022-10-19",101
860,A区,"2022-10-19",385
861,C区,"2022-10-20",49
862,D区,"2022-10-20",69
863,B区,"2022-10-20",163
864,E区,"2022-10-20",26
865,A区,"2022-10-20",428
866,C区,"2022-10-21",43
867,D区,"2022-10-21",69
868,B区,"2022-10-21",63
869,E区,"2022-10-21",39
870,A区,"2022-10-21",265
871,C区,"2022-10-22",32
872,D区,"2022-10-22",18
873,B区,"2022-10-22",20
874,E区,"2022-10-22",119
875,A区,"2022-10-22",205
876,C区,"2022-10-23",71
877,D区,"2022-10-23",102
878,B区,"2022-10-23",61
879,E区,"2022-10-23",80
880,A区,"2022-10-23",224
881,C区,"2022-10-24",89
882,D区,"2022-10-24",168
883,B区,"2022-10-24",58
884,E区,"2022-10-24",218
885,A区,"2022-10-24",310
886,C区,"2022-10-25",87
887,D区,"2022-10-25",126
888,B区,"2022-10-25",207
889,E区,"2022-10-25",195
890,A区,"2022-10-25",321
891,C区,"2022-10-26",21
892,D区,"2022-10-26",36
893,B区,"2022-10-26",72
894,E区,"2022-10-26",51
895,A区,"2022-10-26",216
896,C区,"2022-10-27",62
897,D区,"2022-10-27",10
898,B区,"2022-10-27",129
899,E区,"2022-10-27",10
900,A区,"2022-10-27",366
901,C区,"2022-10-28",10
902,D区,"2022-10-28",85
903,B区,"2022-10-28",24
904,E区,"2022-10-28",84
905,A区,"2022-10-28",239
906,C区,"2022-10-29",39
907,D区,"2022-10-29",174
908,B区,"2022-10-29",54
909,E区,"2022-10-29",103
910,A区,"2022-10-29",455
911,C区,"2022-10-30",14
912,D区,"2022-10-30",74
913,B区,"2022-10-30",15
914,E区,"2022-10-30",21
915,A区,"2022-10-30",276
916,C区,"2022-10-31",35
917,D区,"2022-10-31",43
918,B区,"2022-10-31",44
919,E区,"2022-10-31",88
920,A区,"2022-10-31",128
921,C区,"2022-11-01",28
922,D区,"2022-11-01",58
923,B区,"2022-11-01",24
924,E区,"2022-11-01",244
925,A区,"2022-11-01",507
926,C区,"2022-11-02",53
927,D区,"2022-11-02",99
928,B区,"2022-11-02",79
929,E区,"2022-11-02",202
930,A区,"2022-11-02",223
931,C区,"2022-11-03",90
932,D区,"2022-11-03",163
933,B区,"2022-11-03",81
934,E区,"2022-11-03",267
935,A区,"2022-11-03",308
936,C区,"2022-11-04",74
937,D区,"2022-11-04",28
938,B区,"2022-11-04",35
939,E区,"2022-11-04",136
940,A区,"2022-11-04",137
941,C区,"2022-11-05",74
942,D区,"2022-11-05",99
943,B区,"2022-11-05",42
944,E区,"2022-11-05",84
945,A区,"2022-11-05",360
946,C区,"2022-11-06",65
947,D区,"2022-11-06",28
948,B区,"2022-11-06",200
949,E区,"2022-11-06",120
950,A区,"2022-11-06",340
951,C区,"2022-11-07",53
952,D区,"2022-11-07",39
953,B区,"2022-11-07",146
954,E区,"2022-11-07",154
955,A区,"2022-11-07",174
956,C区,"2022-11-08",15
957,D区,"2022-11-08",16
958,B区,"2022-11-08",204
959,E区,"2022-11-08",80
960,A区,"2022-11-08",420
961,C区,"2022-11-09",115
962,D区,"2022-11-09",14
963,B区,"2022-11-09",114
964,E区,"2022-11-09",91
965,A区,"2022-11-09",662
966,C区,"2022-11-10",76
967,D区,"2022-11-10",73
968,B区,"2022-11-10",191
969,E区,"2022-11-10",95
970,A区,"2022-11-10",364
971,C区,"2022-11-11",11
972,D区,"2022-11-11",133
973,B区,"2022-11-11",101
974,E区,"2022-11-11",113
975,A区,"2022-11-11",188
976,C区,"2022-11-12",20
977,D区,"2022-11-12",176
978,B区,"2022-11-12",18
979,E区,"2022-11-12",188
980,A区,"2022-11-12",500
981,C区,"2022-11-13",63
982,D区,"2022-11-13",39
983,B区,"2022-11-13",35
984,E区,"2022-11-13",125
985,A区,"2022-11-13",738
986,C区,"2022-11-14",50
987,D区,"2022-11-14",74
988,B区,"2022-11-14",153
989,E区,"2022-11-14",166
990,A区,"2022-11-14",473
991,C区,"2022-11-15",56
992,D区,"2022-11-15",57
993,B区,"2022-11-15",30
994,E区,"2022-11-15",10
995,A区,"2022-11-15",258
996,C区,"2022-11-16",33
997,D区,"2022-11-16",80
998,B区,"2022-11-16",98
999,E区,"2022-11-16",98
1000,A区,"2022-11-16",139
1001,C区,"2022-11-17",72
1002,D区,"2022-11-17",95
1003,B区,"2022-11-17",57
1004,E区,"2022-11-17",63
1005,A区,"2022-11-17",276
1006,C区,"2022-11-18",136
1007,D区,"2022-11-18",28
1008,B区,"2022-11-18",65
1009,E区,"2022-11-18",245
1010,A区,"2022-11-18",265
1011,C区,"2022-11-19",48
1012,D区,"2022-11-19",51
1013,B区,"2022-11-19",87
1014,E区,"2022-11-19",116
1015,A区,"2022-11-19",279
1016,C区,"2022-11-20",104
1017,D区,"2022-11-20",115
1018,B区,"2022-11-20",72
1019,E区,"2022-11-20",68
1020,A区,"2022-11-20",312
1021,C区,"2022-11-21",39
1022,D区,"2022-11-21",44
1023,B区,"2022-11-21",54
1024,E区,"2022-11-21",130
1025,A区,"2022-11-21",164
1026,C区,"2022-11-22",62
1027,D区,"2022-11-22",20
1028,B区,"2022-11-22",45
1029,E区,"2022-11-22",75
1030,A区,"2022-11-22",114
1031,C区,"2022-11-23",75
1032,D区,"2022-11-23",34
1033,B区,"2022-11-23",88
1034,E区,"2022-11-23",171
1035,A区,"2022-11-23",402
1036,C区,"2022-11-24",37
1037,D区,"2022-11-24",10
1038,B区,"2022-11-24",173
1039,E区,"2022-11-24",171
1040,A区,"2022-11-24",480
1041,C区,"2022-11-25",103
1042,D区,"2022-11-25",64
1043,B区,"2022-11-25",17
1044,E区,"2022-11-25",70
1045,A区,"2022-11-25",320
1046,C区,"2022-11-26",22
1047,D区,"2022-11-26",37
1048,B区,"2022-11-26",20
1049,E区,"2022-11-26",45
1050,A区,"2022-11-26",195
1051,C区,"2022-11-27",62
1052,D区,"2022-11-27",23
1053,B区,"2022-11-27",71
1054,E区,"2022-11-27",67
1055,A区,"2022-11-27",119
1056,C区,"2022-11-28",60
1057,D区,"2022-11-28",73
1058,B区,"2022-11-28",117
1059,E区,"2022-11-28",220
1060,A区,"2022-11-28",305
1061,C区,"2022-11-29",33
1062,D区,"2022-11-29",63
1063,B区,"2022-11-29",72
1064,E区,"2022-11-29",41
1065,A区,"2022-11-29",152
1066,C区,"2022-11-30",76
1067,D区,"2022-11-30",15
1068,B区,"2022-11-30",169
1069,E区,"2022-11-30",128
1070,A区,"2022-11-30",316
1071,C区,"2022-12-01",40
1072,D区,"2022-12-01",94
1073,B区,"2022-12-01",12
1074,E区,"2022-12-01",235
1075,A区,"2022-12-01",267
1076,C区,"2022-12-02",88
1077,D区,"2022-12-02",73
1078,B区,"2022-12-02",47
1079,E区,"2022-12-02",149
1080,A区,"2022-12-02",205
1081,C区,"2022-12-03",176
1082,D区,"2022-12-03",177
1083,B区,"2022-12-03",126
1084,E区,"2022-12-03",231
1085,A区,"2022-12-03",261
1086,C区,"2022-12-04",40
1087,D区,"2022-12-04",62
1088,B区,"2022-12-04",134
1089,E区,"2022-12-04",31
1090,A区,"2022-12-04",340
1091,C区,"2022-12-05",55
1092,D区,"2022-12-05",48
1093,B区,"2022-12-05",173
1094,E区,"2022-12-05",134
1095,A区,"2022-12-05",266
1096,C区,"2022-12-06",11
1097,D区,"2022-12-06",37
1098,B区,"2022-12-06",109
1099,E区,"2022-12-06",128
1100,A区,"2022-12-06",193
1101,C区,"2022-12-07",71
1102,D区,"2022-12-07",39
1103,B区,"2022-12-07",97
1104,E区,"2022-12-07",46
1105,A区,"2022-12-07",206
1106,C区,"2022-12-08",65
1107,D区,"2022-12-08",88
1108,B区,"2022-12-08",91
1109,E区,"2022-12-08",86
1110,A区,"2022-12-08",158
1111,C区,"2022-12-09",109
1112,D区,"2022-12-09",41
1113,B区,"2022-12-09",71
1114,E区,"2022-12-09",143
1115,A区,"2022-12-09",226
1116,C区,"2022-12-10",58
1117,D区,"2022-12-10",37
1118,B区,"2022-12-10",63
1119,E区,"2022-12-10",34
1120,A区,"2022-12-10",115
1121,C区,"2022-12-11",54
1122,D区,"2022-12-11",39
1123,B区,"2022-12-11",58
1124,E区,"2022-12-11",59
1125,A区,"2022-12-11",133
1126,C区,"2022-12-12",54
1127,D区,"2022-12-12",91
1128,B区,"2022-12-12",126
1129,E区,"2022-12-12",108
1130,A区,"2022-12-12",145
1131,C区,"2022-12-13",105
1132,D区,"2022-12-13",68
1133,B区,"2022-12-13",86
1134,E区,"2022-12-13",139
1135,A区,"2022-12-13",236
1136,C区,"2022-12-14",163
1137,D区,"2022-12-14",137
1138,B区,"2022-12-14",75
1139,E区,"2022-12-14",33
1140,A区,"2022-12-14",482
1141,C区,"2022-12-15",58
1142,D区,"2022-12-15",10
1143,B区,"2022-12-15",81
1144,E区,"2022-12-15",51
1145,A区,"2022-12-15",113
1146,C区,"2022-12-16",158
1147,D区,"2022-12-16",185
1148,B区,"2022-12-16",158
1149,E区,"2022-12-16",39
1150,A区,"2022-12-16",443
1151,C区,"2022-12-17",75
1152,D区,"2022-12-17",74
1153,B区,"2022-12-17",123
1154,E区,"2022-12-17",241
1155,A区,"2022-12-17",285
1156,C区,"2022-12-18",55
1157,D区,"2022-12-18",72
1158,B区,"2022-12-18",145
1159,E区,"2022-12-18",93
1160,A区,"2022-12-18",489
1161,C区,"2022-12-19",68
1162,D区,"2022-12-19",146
1163,B区,"2022-12-19",119
1164,E区,"2022-12-19",181
1165,A区,"2022-12-19",417
1166,C区,"2022-12-20",40
1167,D区,"2022-12-20",78
1168,B区,"2022-12-20",84
1169,E区,"2022-12-20",21
1170,A区,"2022-12-20",204
1171,C区,"2022-12-21",92
1172,D区,"2022-12-21",41
1173,B区,"2022-12-21",108
1174,E区,"2022-12-21",109
1175,A区,"2022-12-21",120
1176,C区,"2022-12-22",34
1177,D区,"2022-12-22",81
1178,B区,"2022-12-22",49
1179,E区,"2022-12-22",18
1180,A区,"2022-12-22",276
1181,C区,"2022-12-23",33
1182,D区,"2022-12-23",65
1183,B区,"2022-12-23",44
1184,E区,"2022-12-23",18
1185,A区,"2022-12-23",350
1186,C区,"2022-12-24",47
1187,D区,"2022-12-24",11
1188,B区,"2022-12-24",219
1189,E区,"2022-12-24",23
1190,A区,"2022-12-24",445
1191,C区,"2022-12-25",90
1192,D区,"2022-12-25",17
1193,B区,"2022-12-25",50
1194,E区,"2022-12-25",63
1195,A区,"2022-12-25",419
1196,C区,"2022-12-26",68
1197,D区,"2022-12-26",139
1198,B区,"2022-12-26",134
1199,E区,"2022-12-26",13
1200,A区,"2022-12-26",334
1201,C区,"2022-12-27",69
1202,D区,"2022-12-27",28
1203,B区,"2022-12-27",34
1204,E区,"2022-12-27",257
1205,A区,"2022-12-27",269
1206,C区,"2022-12-28",34
1207,D区,"2022-12-28",15
1208,B区,"2022-12-28",10
1209,E区,"2022-12-28",57
1210,A区,"2022-12-28",339
1211,C区,"2022-12-29",17
1212,D区,"2022-12-29",55
1213,B区,"2022-12-29",39
1214,E区,"2022-12-29",119
1215,A区,"2022-12-29",133
1216,C区,"2022-12-30",45
1217,D区,"2022-12-30",74
1218,B区,"2022-12-30",160
1219,E区,"2022-12-30",93
1220,A区,"2022-12-30",316
1221,C区,"2022-12-31",135
1222,D区,"2022-12-31",105
1223,B区,"2022-12-31",44
1224,E区,"2022-12-31",102
1225,A区,"2022-12-31",312
1226,C区,"2023-01-01",120
1227,D区,"2023-01-01",105
1228,B区,"2023-01-01",164
1229,E区,"2023-01-01",17
1230,A区,"2023-01-01",483
1231,C区,"2023-01-02",74
1232,D区,"2023-01-02",71
1233,B区,"2023-01-02",70
1234,E区,"2023-01-02",65
1235,A区,"2023-01-02",113
1236,C区,"2023-01-03",12
1237,D区,"2023-01-03",40
1238,B区,"2023-01-03",34
1239,E区,"2023-01-03",45
1240,A区,"2023-01-03",404
1241,C区,"2023-01-04",12
1242,D区,"2023-01-04",57
1243,B区,"2023-01-04",74
1244,E区,"2023-01-04",136
1245,A区,"2023-01-04",147
1246,C区,"2023-01-05",112
1247,D区,"2023-01-05",89
1248,B区,"2023-01-05",207
1249,E区,"2023-01-05",228
1250,A区,"2023-01-05",248
1251,C区,"2023-01-06",134
1252,D区,"2023-01-06",38
1253,B区,"2023-01-06",126
1254,E区,"2023-01-06",89
1255,A区,"2023-01-06",436
1256,C区,"2023-01-07",152
1257,D区,"2023-01-07",68
1258,B区,"2023-01-07",16
1259,E区,"2023-01-07",37
1260,A区,"2023-01-07",512
1261,C区,"2023-01-08",45
1262,D区,"2023-01-08",16
1263,B区,"2023-01-08",107
1264,E区,"2023-01-08",267
1265,A区,"2023-01-08",373
1266,C区,"2023-01-09",69
1267,D区,"2023-01-09",64
1268,B区,"2023-01-09",37
1269,E区,"2023-01-09",39
1270,A区,"2023-01-09",158
1271,C区,"2023-01-10",23
1272,D区,"2023-01-10",29
1273,B区,"2023-01-10",63
1274,E区,"2023-01-10",15
1275,A区,"2023-01-10",250
1276,C区,"2023-01-11",10
1277,D区,"2023-01-11",118
1278,B区,"2023-01-11",142
1279,E区,"2023-01-11",71
1280,A区,"2023-01-11",322
1281,C区,"2023-01-12",98
1282,D区,"2023-01-12",126
1283,B区,"2023-01-12",170
1284,E区,"2023-01-12",181
1285,A区,"2023-01-12",273
1286,C区,"2023-01-13",163
1287,D区,"2023-01-13",47
1288,B区,"2023-01-13",57
1289,E区,"2023-01-13",218
1290,A区,"2023-01-13",392
1291,C区,"2023-01-14",24
1292,D区,"2023-01-14",44
1293,B区,"2023-01-14",127
1294,E区,"2023-01-14",255
1295,A区,"2023-01-14",290
1296,C区,"2023-01-15",49
1297,D区,"2023-01-15",34
1298,B区,"2023-01-15",141
1299,E区,"2023-01-15",125
1300,A区,"2023-01-15",160
1301,C区,"2023-01-16",45
1302,D区,"2023-01-16",80
1303,B区,"2023-01-16",218
1304,E区,"2023-01-16",135
1305,A区,"2023-01-16",429
1306,C区,"2023-01-17",16
1307,D区,"2023-01-17",135
1308,B区,"2023-01-17",53
1309,E区,"2023-01-17",42
1310,A区,"2023-01-17",385
1311,C区,"2023-01-18",58
1312,D区,"2023-01-18",19
1313,B区,"2023-01-18",162
1314,E区,"2023-01-18",52
1315,A区,"2023-01-18",289
1316,C区,"2023-01-19",39
1317,D区,"2023-01-19",19
1318,B区,"2023-01-19",129
1319,E区,"2023-01-19",25
1320,A区,"2023-01-19",282
1321,C区,"2023-01-20",114
1322,D区,"2023-01-20",55
1323,B区,"2023-01-20",121
1324,E区,"2023-01-20",84
1325,A区,"2023-01-20",267
1326,C区,"2023-01-21",73
1327,D区,"2023-01-21",146
1328,B区,"2023-01-21",43
1329,E区,"2023-01-21",15
1330,A区,"2023-01-21",390
1331,C区,"2023-01-22",67
1332,D区,"2023-01-22",68
1333,B区,"2023-01-22",41
1334,E区,"2023-01-22",47
1335,A区,"2023-01-22",204
1336,C区,"2023-01-23",150
1337,D区,"2023-01-23",49
1338,B区,"2023-01-23",181
1339,E区,"2023-01-23",170
1340,A区,"2023-01-23",390
1341,C区,"2023-01-24",106
1342,D区,"2023-01-24",56
1343,B区,"2023-01-24",46
1344,E区,"2023-01-24",133
1345,A区,"2023-01-24",191
1346,C区,"2023-01-25",26
1347,D区,"2023-01-25",68
1348,B区,"2023-01-25",89
1349,E区,"2023-01-25",223
1350,A区,"2023-01-25",225
1351,C区,"2023-01-26",104
1352,D区,"2023-01-26",55
1353,B区,"2023-01-26",61
1354,E区,"2023-01-26",217
1355,A区,"2023-01-26",269
1356,C区,"2023-01-27",11
1357,D区,"2023-01-27",139
1358,B区,"2023-01-27",88
1359,E区,"2023-01-27",113
1360,A区,"2023-01-27",484
1361,C区,"2023-01-28",102
1362,D区,"2023-01-28",91
1363,B区,"2023-01-28",43
1364,E区,"2023-01-28",99
1365,A区,"2023-01-28",213
1366,C区,"2023-01-29",36
1367,D区,"2023-01-29",78
1368,B区,"2023-01-29",31
1369,E区,"2023-01-29",40
1370,A区,"2023-01-29",198
1371,C区,"2023-01-30",24
1372,D区,"2023-01-30",10
1373,B区,"2023-01-30",46
1374,E区,"2023-01-30",97
1375,A区,"2023-01-30",224
1376,C区,"2023-01-31",126
1377,D区,"2023-01-31",18
1378,B区,"2023-01-31",168
1379,E区,"2023-01-31",19
1380,A区,"2023-01-31",501
1381,C区,"2023-02-01",59
1382,D区,"2023-02-01",24
1383,B区,"2023-02-01",39
1384,E区,"2023-02-01",106
1385,A区,"2023-02-01",117
1386,C区,"2023-02-02",56
1387,D区,"2023-02-02",50
1388,B区,"2023-02-02",49
1389,E区,"2023-02-02",69
1390,A区,"2023-02-02",95
1391,C区,"2023-02-03",145
1392,D区,"2023-02-03",118
1393,B区,"2023-02-03",60
1394,E区,"2023-02-03",308
1395,A区,"2023-02-03",318
1396,C区,"2023-02-04",72
1397,D区,"2023-02-04",90
1398,B区,"2023-02-04",10
1399,E区,"2023-02-04",211
1400,A区,"2023-02-04",255
1401,C区,"2023-02-05",48
1402,D区,"2023-02-05",65
1403,B区,"2023-02-05",13
1404,E区,"2023-02-05",88
1405,A区,"2023-02-05",106
1406,C区,"2023-02-06",29
1407,D区,"2023-02-06",34
1408,B区,"2023-02-06",216
1409,E区,"2023-02-06",41
1410,A区,"2023-02-06",466
1411,C区,"2023-02-07",59
1412,D区,"2023-02-07",50
1413,B区,"2023-02-07",56
1414,E区,"2023-02-07",71
1415,A区,"2023-02-07",75
1416,C区,"2023-02-08",28
1417,D区,"2023-02-08",159
1418,B区,"2023-02-08",209
1419,E区,"2023-02-08",163
1420,A区,"2023-02-08",429
1421,C区,"2023-02-09",102
1422,D区,"2023-02-09",78
1423,B区,"2023-02-09",127
1424,E区,"2023-02-09",70
1425,A区,"2023-02-09",289
1426,C区,"2023-02-10",44
1427,D区,"2023-02-10",10
1428,B区,"2023-02-10",25
1429,E区,"2023-02-10",169
1430,A区,"2023-02-10",189
1431,C区,"2023-02-11",40
1432,D区,"2023-02-11",89
1433,B区,"2023-02-11",88
1434,E区,"2023-02-11",83
1435,A区,"2023-02-11",147
1436,C区,"2023-02-12",46
1437,D区,"2023-02-12",50
1438,B区,"2023-02-12",38
1439,E区,"2023-02-12",94
1440,A区,"2023-02-12",281
1441,C区,"2023-02-13",57
1442,D区,"2023-02-13",99
1443,B区,"2023-02-13",52
1444,E区,"2023-02-13",251
1445,A区,"2023-02-13",351
1446,C区,"2023-02-14",117
1447,D区,"2023-02-14",54
1448,B区,"2023-02-14",115
1449,E区,"2023-02-14",61
1450,A区,"2023-02-14",584
1451,C区,"2023-02-15",101
1452,D区,"2023-02-15",65
1453,B区,"2023-02-15",167
1454,E区,"2023-02-15",89
1455,A区,"2023-02-15",435
1456,C区,"2023-02-16",56
1457,D区,"2023-02-16",79
1458,B区,"2023-02-16",48
1459,E区,"2023-02-16",86
1460,A区,"2023-02-16",198
1461,C区,"2023-02-17",146
1462,D区,"2023-02-17",84
1463,B区,"2023-02-17",63
1464,E区,"2023-02-17",122
1465,A区,"2023-02-17",434
1466,C区,"2023-02-18",30
1467,D区,"2023-02-18",199
1468,B区,"2023-02-18",49
1469,E区,"2023-02-18",198
1470,A区,"2023-02-18",404
1471,C区,"2023-02-19",84
1472,D区,"2023-02-19",21
1473,B区,"2023-02-19",129
1474,E区,"2023-02-19",98
1475,A区,"2023-02-19",432
1476,C区,"2023-02-20",147
1477,D区,"2023-02-20",98
1478,B区,"2023-02-20",51
1479,E区,"2023-02-20",107
1480,A区,"2023-02-20",338
1481,C区,"2023-02-21",16
1482,D区,"2023-02-21",105
1483,B区,"2023-02-21",142
1484,E区,"2023-02-21",62
1485,A区,"2023-02-21",307
1486,C区,"2023-02-22",71
1487,D区,"2023-02-22",53
1488,B区,"2023-02-22",66
1489,E区,"2023-02-22",91
1490,A区,"2023-02-22",101
1491,C区,"2023-02-23",58
1492,D区,"2023-02-23",105
1493,B区,"2023-02-23",100
1494,E区,"2023-02-23",154
1495,A区,"2023-02-23",232
1496,C区,"2023-02-24",153
1497,D区,"2023-02-24",182
1498,B区,"2023-02-24",105
1499,E区,"2023-02-24",255
1500,A区,"2023-02-24",256
1501,C区,"2023-02-25",88
1502,D区,"2023-02-25",94
1503,B区,"2023-02-25",96
1504,E区,"2023-02-25",13
1505,A区,"2023-02-25",180
1506,C区,"2023-02-26",117
1507,D区,"2023-02-26",140
1508,B区,"2023-02-26",147
1509,E区,"2023-02-26",261
1510,A区,"2023-02-26",263
1511,C区,"2023-02-27",80
1512,D区,"2023-02-27",146
1513,B区,"2023-02-27",61
1514,E区,"2023-02-27",70
1515,A区,"2023-02-27",389
1516,C区,"2023-02-28",43
1517,D区,"2023-02-28",28
1518,B区,"2023-02-28",14
1519,E区,"2023-02-28",69
1520,A区,"2023-02-28",352
1521,C区,"2023-03-01",11
1522,D区,"2023-03-01",71
1523,B区,"2023-03-01",24
1524,E区,"2023-03-01",169
1525,A区,"2023-03-01",175
1526,C区,"2023-03-02",57
1527,D区,"2023-03-02",64
1528,B区,"2023-03-02",33
1529,E区,"2023-03-02",62
1530,A区,"2023-03-02",181
1531,C区,"2023-03-03",12
1532,D区,"2023-03-03",154
1533,B区,"2023-03-03",139
1534,E区,"2023-03-03",70
1535,A区,"2023-03-03",268
1536,C区,"2023-03-04",118
1537,D区,"2023-03-04",112
1538,B区,"2023-03-04",71
1539,E区,"2023-03-04",35
1540,A区,"2023-03-04",361
1541,C区,"2023-03-05",19
1542,D区,"2023-03-05",90
1543,B区,"2023-03-05",110
1544,E区,"2023-03-05",81
1545,A区,"2023-03-05",310
1546,C区,"2023-03-06",48
1547,D区,"2023-03-06",29
1548,B区,"2023-03-06",54
1549,E区,"2023-03-06",229
1550,A区,"2023-03-06",416
1551,C区,"2023-03-07",15
1552,D区,"2023-03-07",87
1553,B区,"2023-03-07",135
1554,E区,"2023-03-07",218
1555,A区,"2023-03-07",268
1556,C区,"2023-03-08",109
1557,D区,"2023-03-08",38
1558,B区,"2023-03-08",32
1559,E区,"2023-03-08",141
1560,A区,"2023-03-08",242
1561,C区,"2023-03-09",123
1562,D区,"2023-03-09",23
1563,B区,"2023-03-09",148
1564,E区,"2023-03-09",123
1565,A区,"2023-03-09",247
1566,C区,"2023-03-10",52
1567,D区,"2023-03-10",81
1568,B区,"2023-03-10",62
1569,E区,"2023-03-10",91
1570,A区,"2023-03-10",338
1571,C区,"2023-03-11",86
1572,D区,"2023-03-11",48
1573,B区,"2023-03-11",87
1574,E区,"2023-03-11",78
1575,A区,"2023-03-11",145
1576,C区,"2023-03-12",59
1577,D区,"2023-03-12",16
1578,B区,"2023-03-12",282
1579,E区,"2023-03-12",271
1580,A区,"2023-03-12",304
1581,C区,"2023-03-13",49
1582,D区,"2023-03-13",108
1583,B区,"2023-03-13",117
1584,E区,"2023-03-13",217
1585,A区,"2023-03-13",294
1586,C区,"2023-03-14",95
1587,D区,"2023-03-14",53
1588,B区,"2023-03-14",84
1589,E区,"2023-03-14",175
1590,A区,"2023-03-14",213
1591,C区,"2023-03-15",24
1592,D区,"2023-03-15",53
1593,B区,"2023-03-15",68
1594,E区,"2023-03-15",32
1595,A区,"2023-03-15",145
1596,C区,"2023-03-16",36
1597,D区,"2023-03-16",45
1598,B区,"2023-03-16",120
1599,E区,"2023-03-16",118
1600,A区,"2023-03-16",412
1601,C区,"2023-03-17",33
1602,D区,"2023-03-17",82
1603,B区,"2023-03-17",23
1604,E区,"2023-03-17",265
1605,A区,"2023-03-17",281
1606,C区,"2023-03-18",37
1607,D区,"2023-03-18",26
1608,B区,"2023-03-18",167
1609,E区,"2023-03-18",37
1610,A区,"2023-03-18",460
1611,C区,"2023-03-19",57
1612,D区,"2023-03-19",38
1613,B区,"2023-03-19",61
1614,E区,"2023-03-19",55
1615,A区,"2023-03-19",133
1616,C区,"2023-03-20",115
1617,D区,"2023-03-20",110
1618,B区,"2023-03-20",37
1619,E区,"2023-03-20",68
1620,A区,"2023-03-20",641
1621,C区,"2023-03-21",95
1622,D区,"2023-03-21",21
1623,B区,"2023-03-21",63
1624,E区,"2023-03-21",132
1625,A区,"2023-03-21",254
1626,C区,"2023-03-22",35
1627,D区,"2023-03-22",59
1628,B区,"2023-03-22",30
1629,E区,"2023-03-22",71
1630,A区,"2023-03-22",452
1631,C区,"2023-03-23",138
1632,D区,"2023-03-23",164
1633,B区,"2023-03-23",114
1634,E区,"2023-03-23",126
1635,A区,"2023-03-23",282
1636,C区,"2023-03-24",94
1637,D区,"2023-03-24",63
1638,B区,"2023-03-24",125
1639,E区,"2023-03-24",69
1640,A区,"2023-03-24",541
1641,C区,"2023-03-25",44
1642,D区,"2023-03-25",52
1643,B区,"2023-03-25",48
1644,E区,"2023-03-25",103
1645,A区,"2023-03-25",113
1646,C区,"2023-03-26",85
1647,D区,"2023-03-26",11
1648,B区,"2023-03-26",245
1649,E区,"2023-03-26",175
1650,A区,"2023-03-26",408
1651,C区,"2023-03-27",179
1652,D区,"2023-03-27",29
1653,B区,"2023-03-27",109
1654,E区,"2023-03-27",98
1655,A区,"2023-03-27",555
1656,C区,"2023-03-28",37
1657,D区,"2023-03-28",76
1658,B区,"2023-03-28",91
1659,E区,"2023-03-28",19
1660,A区,"2023-03-28",216
1661,C区,"2023-03-29",11
1662,D区,"2023-03-29",39
1663,B区,"2023-03-29",85
1664,E区,"2023-03-29",139
1665,A区,"2023-03-29",245
1666,C区,"2023-03-30",17
1667,D区,"2023-03-30",61
1668,B区,"2023-03-30",65
1669,E区,"2023-03-30",62
1670,A区,"2023-03-30",262
1671,C区,"2023-03-31",61
1672,D区,"2023-03-31",51
1673,B区,"2023-03-31",57
1674,E区,"2023-03-31",28
1675,A区,"2023-03-31",108
1676,C区,"2023-04-01",24
1677,D区,"2023-04-01",11
1678,B区,"2023-04-01",74
1679,E区,"2023-04-01",62
1680,A区,"2023-04-01",132
1681,C区,"2023-04-02",37
1682,D区,"2023-04-02",16
1683,B区,"2023-04-02",79
1684,E区,"2023-04-02",60
1685,A区,"2023-04-02",143
1686,C区,"2023-04-03",52
1687,D区,"2023-04-03",38
1688,B区,"2023-04-03",15
1689,E区,"2023-04-03",46
1690,A区,"2023-04-03",267
1691,C区,"2023-04-04",147
1692,D区,"2023-04-04",169
1693,B区,"2023-04-04",103
1694,E区,"2023-04-04",172
1695,A区,"2023-04-04",362
1696,C区,"2023-04-05",46
1697,D区,"2023-04-05",71
1698,B区,"2023-04-05",38
1699,E区,"2023-04-05",48
1700,A区,"2023-04-05",270
1701,C区,"2023-04-06",29
1702,D区,"2023-04-06",74
1703,B区,"2023-04-06",90
1704,E区,"2023-04-06",63
1705,A区,"2023-04-06",151
1706,C区,"2023-04-07",125
1707,D区,"2023-04-07",19
1708,B区,"2023-04-07",37
1709,E区,"2023-04-07",91
1710,A区,"2023-04-07",365
1711,C区,"2023-04-08",55
1712,D区,"2023-04-08",25
1713,B区,"2023-04-08",24
1714,E区,"2023-04-08",111
1715,A区,"2023-04-08",118
1716,C区,"2023-04-09",129
1717,D区,"2023-04-09",83
1718,B区,"2023-04-09",52
1719,E区,"2023-04-09",62
1720,A区,"2023-04-09",532
1721,C区,"2023-04-10",159
1722,D区,"2023-04-10",57
1723,B区,"2023-04-10",113
1724,E区,"2023-04-10",137
1725,A区,"2023-04-10",407
1726,C区,"2023-04-11",121
1727,D区,"2023-04-11",43
1728,B区,"2023-04-11",130
1729,E区,"2023-04-11",221
1730,A区,"2023-04-11",432
1731,C区,"2023-04-12",101
1732,D区,"2023-04-12",16
1733,B区,"2023-04-12",15
1734,E区,"2023-04-12",294
1735,A区,"2023-04-12",409
1736,C区,"2023-04-13",79
1737,D区,"2023-04-13",94
1738,B区,"2023-04-13",17
1739,E区,"2023-04-13",17
1740,A区,"2023-04-13",716
1741,C区,"2023-04-14",45
1742,D区,"2023-04-14",13
1743,B区,"2023-04-14",189
1744,E区,"2023-04-14",166
1745,A区,"2023-04-14",281
1746,C区,"2023-04-15",163
1747,D区,"2023-04-15",70
1748,B区,"2023-04-15",154
1749,E区,"2023-04-15",259
1750,A区,"2023-04-15",334
1751,C区,"2023-04-16",97
1752,D区,"2023-04-16",32
1753,B区,"2023-04-16",136
1754,E区,"2023-04-16",23
1755,A区,"2023-04-16",254
1756,C区,"2023-04-17",86
1757,D区,"2023-04-17",60
1758,B区,"2023-04-17",177
1759,E区,"2023-04-17",154
1760,A区,"2023-04-17",312
1761,C区,"2023-04-18",106
1762,D区,"2023-04-18",75
1763,B区,"2023-04-18",125
1764,E区,"2023-04-18",68
1765,A区,"2023-04-18",246
1766,C区,"2023-04-19",16
1767,D区,"2023-04-19",65
1768,B区,"2023-04-19",174
1769,E区,"2023-04-19",96
1770,A区,"2023-04-19",362
1771,C区,"2023-04-20",81
1772,D区,"2023-04-20",35
1773,B区,"2023-04-20",77
1774,E区,"2023-04-20",135
1775,A区,"2023-04-20",470
1776,C区,"2023-04-21",74
1777,D区,"2023-04-21",131
1778,B区,"2023-04-21",10
1779,E区,"2023-04-21",169
1780,A区,"2023-04-21",242
1781,C区,"2023-04-22",132
1782,D区,"2023-04-22",166
1783,B区,"2023-04-22",145
1784,E区,"2023-04-22",109
1785,A区,"2023-04-22",319
1786,C区,"2023-04-23",47
1787,D区,"2023-04-23",37
1788,B区,"2023-04-23",99
1789,E区,"2023-04-23",71
1790,A区,"2023-04-23",242
1791,C区,"2023-04-24",99
1792,D区,"2023-04-24",41
1793,B区,"2023-04-24",98
1794,E区,"2023-04-24",119
1795,A区,"2023-04-24",147
1796,C区,"2023-04-25",40
1797,D区,"2023-04-25",198
1798,B区,"2023-04-25",213
1799,E区,"2023-04-25",145
1800,A区,"2023-04-25",297
1801,C区,"2023-04-26",93
1802,D区,"2023-04-26",79
1803,B区,"2023-04-26",73
1804,E区,"2023-04-26",20
1805,A区,"2023-04-26",631
1806,C区,"2023-04-27",59
1807,D区,"2023-04-27",219
1808,B区,"2023-04-27",21
1809,E区,"2023-04-27",72
1810,A区,"2023-04-27",564
1811,C区,"2023-04-28",133
1812,D区,"2023-04-28",194
1813,B区,"2023-04-28",143
1814,E区,"2023-04-28",257
1815,A区,"2023-04-28",273
1816,C区,"2023-04-29",143
1817,D区,"2023-04-29",81
1818,B区,"2023-04-29",30
1819,E区,"2023-04-29",59
1820,A区,"2023-04-29",416
1821,C区,"2023-04-30",32
1822,D区,"2023-04-30",67
1823,B区,"2023-04-30",79
1824,E区,"2023-04-30",72
1825,A区,"2023-04-30",154
1826,C区,"2023-05-01",91
1827,D区,"2023-05-01",104
1828,B区,"2023-05-01",89
1829,E区,"2023-05-01",110
1830,A区,"2023-05-01",361
1831,C区,"2023-05-02",25
1832,D区,"2023-05-02",56
1833,B区,"2023-05-02",69
1834,E区,"2023-05-02",82
1835,A区,"2023-05-02",414
1836,C区,"2023-05-03",103
1837,D区,"2023-05-03",63
1838,B区,"2023-05-03",144
1839,E区,"2023-05-03",120
1840,A区,"2023-05-03",293
1841,C区,"2023-05-04",80
1842,D区,"2023-05-04",59
1843,B区,"2023-05-04",63
1844,E区,"2023-05-04",30
1845,A区,"2023-05-04",291
1846,C区,"2023-05-05",52
1847,D区,"2023-05-05",29
1848,B区,"2023-05-05",78
1849,E区,"2023-05-05",52
1850,A区,"2023-05-05",104
1851,C区,"2023-05-06",192
1852,D区,"2023-05-06",125
1853,B区,"2023-05-06",102
1854,E区,"2023-05-06",85
1855,A区,"2023-05-06",485
1856,C区,"2023-05-07",65
1857,D区,"2023-05-07",50
1858,B区,"2023-05-07",18
1859,E区,"2023-05-07",50
1860,A区,"2023-05-07",205
1861,C区,"2023-05-08",56
1862,D区,"2023-05-08",188
1863,B区,"2023-05-08",188
1864,E区,"2023-05-08",139
1865,A区,"2023-05-08",243
1866,C区,"2023-05-09",100
1867,D区,"2023-05-09",27
1868,B区,"2023-05-09",66
1869,E区,"2023-05-09",90
1870,A区,"2023-05-09",226
1871,C区,"2023-05-10",126
1872,D区,"2023-05-10",60
1873,B区,"2023-05-10",36
1874,E区,"2023-05-10",20
1875,A区,"2023-05-10",443
1876,C区,"2023-05-11",46
1877,D区,"2023-05-11",60
1878,B区,"2023-05-11",71
1879,E区,"2023-05-11",67
1880,A区,"2023-05-11",142
1881,C区,"2023-05-12",91
1882,D区,"2023-05-12",26
1883,B区,"2023-05-12",39
1884,E区,"2023-05-12",161
1885,A区,"2023-05-12",206
1886,C区,"2023-05-13",26
1887,D区,"2023-05-13",69
1888,B区,"2023-05-13",119
1889,E区,"2023-05-13",27
1890,A区,"2023-05-13",292
1891,C区,"2023-05-14",17
1892,D区,"2023-05-14",89
1893,B区,"2023-05-14",101
1894,E区,"2023-05-14",48
1895,A区,"2023-05-14",178
1896,C区,"2023-05-15",27
1897,D区,"2023-05-15",137
1898,B区,"2023-05-15",103
1899,E区,"2023-05-15",229
1900,A区,"2023-05-15",230
1901,C区,"2023-05-16",140
1902,D区,"2023-05-16",50
1903,B区,"2023-05-16",98
1904,E区,"2023-05-16",112
1905,A区,"2023-05-16",542
1906,C区,"2023-05-17",13
1907,D区,"2023-05-17",28
1908,B区,"2023-05-17",46
1909,E区,"2023-05-17",44
1910,A区,"2023-05-17",174
1911,C区,"2023-05-18",11
1912,D区,"2023-05-18",32
1913,B区,"2023-05-18",76
1914,E区,"2023-05-18",108
1915,A区,"2023-05-18",520
1916,C区,"2023-05-19",40
1917,D区,"2023-05-19",200
1918,B区,"2023-05-19",73
1919,E区,"2023-05-19",269
1920,A区,"2023-05-19",275
1921,C区,"2023-05-20",76
1922,D区,"2023-05-20",85
1923,B区,"2023-05-20",66
1924,E区,"2023-05-20",83
1925,A区,"2023-05-20",154
1926,C区,"2023-05-21",74
1927,D区,"2023-05-21",99
1928,B区,"2023-05-21",95
1929,E区,"2023-05-21",136
1930,A区,"2023-05-21",148
1931,C区,"2023-05-22",30
1932,D区,"2023-05-22",97
1933,B区,"2023-05-22",104
1934,E区,"2023-05-22",87
1935,A区,"2023-05-22",217
1936,C区,"2023-05-23",83
1937,D区,"2023-05-23",43
1938,B区,"2023-05-23",62
1939,E区,"2023-05-23",191
1940,A区,"2023-05-23",247
1941,C区,"2023-05-24",155
1942,D区,"2023-05-24",67
1943,B区,"2023-05-24",33
1944,E区,"2023-05-24",291
1945,A区,"2023-05-24",327
1946,C区,"2023-05-25",29
1947,D区,"2023-05-25",72
1948,B区,"2023-05-25",57
1949,E区,"2023-05-25",80
1950,A区,"2023-05-25",118
1951,C区,"2023-05-26",50
1952,D区,"2023-05-26",143
1953,B区,"2023-05-26",98
1954,E区,"2023-05-26",165
1955,A区,"2023-05-26",225
1956,C区,"2023-05-27",114
1957,D区,"2023-05-27",76
1958,B区,"2023-05-27",26
1959,E区,"2023-05-27",138
1960,A区,"2023-05-27",557
1961,C区,"2023-05-28",10
1962,D区,"2023-05-28",116
1963,B区,"2023-05-28",85
1964,E区,"2023-05-28",100
1965,A区,"2023-05-28",234
1966,C区,"2023-05-29",64
1967,D区,"2023-05-29",100
1968,B区,"2023-05-29",145
1969,E区,"2023-05-29",112
1970,A区,"2023-05-29",191
1971,C区,"2023-05-30",63
1972,D区,"2023-05-30",205
1973,B区,"2023-05-30",227
1974,E区,"2023-05-30",80
1975,A区,"2023-05-30",412
1976,C区,"2023-05-31",13
1977,D区,"2023-05-31",48
1978,B区,"2023-05-31",100
1979,E区,"2023-05-31",211
1980,A区,"2023-05-31",409
1981,C区,"2023-06-01",29
1982,D区,"2023-06-01",80
1983,B区,"2023-06-01",69
1984,E区,"2023-06-01",250
1985,A区,"2023-06-01",426
1986,C区,"2023-06-02",57
1987,D区,"2023-06-02",68
1988,B区,"2023-06-02",17
1989,E区,"2023-06-02",56
1990,A区,"2023-06-02",163
1991,C区,"2023-06-03",42
1992,D区,"2023-06-03",164
1993,B区,"2023-06-03",150
1994,E区,"2023-06-03",118
1995,A区,"2023-06-03",423
1996,C区,"2023-06-04",36
1997,D区,"2023-06-04",58
1998,B区,"2023-06-04",69
1999,E区,"2023-06-04",233
2000,A区,"2023-06-04",250
2001,C区,"2023-06-05",16
2002,D区,"2023-06-05",64
2003,B区,"2023-06-05",112
2004,E区,"2023-06-05",35
2005,A区,"2023-06-05",307
2006,C区,"2023-06-06",71
2007,D区,"2023-06-06",11
2008,B区,"2023-06-06",69
2009,E区,"2023-06-06",98
2010,A区,"2023-06-06",182
2011,C区,"2023-06-07",84
2012,D区,"2023-06-07",40
2013,B区,"2023-06-07",26
2014,E区,"2023-06-07",42
2015,A区,"2023-06-07",335
2016,C区,"2023-06-08",27
2017,D区,"2023-06-08",107
2018,B区,"2023-06-08",17
2019,E区,"2023-06-08",190
2020,A区,"2023-06-08",260
2021,C区,"2023-06-09",22
2022,D区,"2023-06-09",63
2023,B区,"2023-06-09",67
2024,E区,"2023-06-09",22
2025,A区,"2023-06-09",620
2026,C区,"2023-06-10",38
2027,D区,"2023-06-10",139
2028,B区,"2023-06-10",144
2029,E区,"2023-06-10",67
2030,A区,"2023-06-10",376
2031,C区,"2023-06-11",27
2032,D区,"2023-06-11",17
2033,B区,"2023-06-11",103
2034,E区,"2023-06-11",14
2035,A区,"2023-06-11",400
2036,C区,"2023-06-12",37
2037,D区,"2023-06-12",40
2038,B区,"2023-06-12",158
2039,E区,"2023-06-12",224
2040,A区,"2023-06-12",238
2041,C区,"2023-06-13",127
2042,D区,"2023-06-13",115
2043,B区,"2023-06-13",71
2044,E区,"2023-06-13",73
2045,A区,"2023-06-13",551
2046,C区,"2023-06-14",75
2047,D区,"2023-06-14",88
2048,B区,"2023-06-14",108
2049,E区,"2023-06-14",132
2050,A区,"2023-06-14",206
2051,C区,"2023-06-15",94
2052,D区,"2023-06-15",55
2053,B区,"2023-06-15",187
2054,E区,"2023-06-15",155
2055,A区,"2023-06-15",268
2056,C区,"2023-06-16",90
2057,D区,"2023-06-16",50
2058,B区,"2023-06-16",71
2059,E区,"2023-06-16",26
2060,A区,"2023-06-16",641
2061,C区,"2023-06-17",100
2062,D区,"2023-06-17",116
2063,B区,"2023-06-17",242
2064,E区,"2023-06-17",207
2065,A区,"2023-06-17",307
2066,C区,"2023-06-18",104
2067,D区,"2023-06-18",172
2068,B区,"2023-06-18",114
2069,E区,"2023-06-18",97
2070,A区,"2023-06-18",499
2071,C区,"2023-06-19",12
2072,D区,"2023-06-19",26
2073,B区,"2023-06-19",132
2074,E区,"2023-06-19",51
2075,A区,"2023-06-19",336
2076,C区,"2023-06-20",92
2077,D区,"2023-06-20",131
2078,B区,"2023-06-20",14
2079,E区,"2023-06-20",39
2080,A区,"2023-06-20",425
2081,C区,"2023-06-21",120
2082,D区,"2023-06-21",146
2083,B区,"2023-06-21",33
2084,E区,"2023-06-21",154
2085,A区,"2023-06-21",320
2086,C区,"2023-06-22",59
2087,D区,"2023-06-22",15
2088,B区,"2023-06-22",34
2089,E区,"2023-06-22",24
2090,A区,"2023-06-22",192
2091,C区,"2023-06-23",55
2092,D区,"2023-06-23",89
2093,B区,"2023-06-23",31
2094,E区,"2023-06-23",119
2095,A区,"2023-06-23",570
2096,C区,"2023-06-24",125
2097,D区,"2023-06-24",42
2098,B区,"2023-06-24",79
2099,E区,"2023-06-24",19
2100,A区,"2023-06-24",417
2101,C区,"2023-06-25",81
2102,D区,"2023-06-25",78
2103,B区,"2023-06-25",81
2104,E区,"2023-06-25",208
2105,A区,"2023-06-25",239
2106,C区,"2023-06-26",23
2107,D区,"2023-06-26",119
2108,B区,"2023-06-26",56
2109,E区,"2023-06-26",133
2110,A区,"2023-06-26",233
2111,C区,"2023-06-27",82
2112,D区,"2023-06-27",144
2113,B区,"2023-06-27",190
2114,E区,"2023-06-27",55
2115,A区,"2023-06-27",380
2116,C区,"2023-06-28",105
2117,D区,"2023-06-28",100
2118,B区,"2023-06-28",115
2119,E区,"2023-06-28",33
2120,A区,"2023-06-28",214
2121,C区,"2023-06-29",18
2122,D区,"2023-06-29",53
2123,B区,"2023-06-29",36
2124,E区,"2023-06-29",170
2125,A区,"2023-06-29",258
2126,C区,"2023-06-30",57
2127,D区,"2023-06-30",31
2128,B区,"2023-06-30",243
2129,E区,"2023-06-30",273
2130,A区,"2023-06-30",370
2131,C区,"2023-07-01",129
2132,D区,"2023-07-01",79
2133,B区,"2023-07-01",20
2134,E区,"2023-07-01",288
2135,A区,"2023-07-01",295
2136,C区,"2023-07-02",38
2137,D区,"2023-07-02",70
2138,B区,"2023-07-02",220
2139,E区,"2023-07-02",124
2140,A区,"2023-07-02",407
2141,C区,"2023-07-03",105
2142,D区,"2023-07-03",97
2143,B区,"2023-07-03",104
2144,E区,"2023-07-03",50
2145,A区,"2023-07-03",193
2146,C区,"2023-07-04",60
2147,D区,"2023-07-04",182
2148,B区,"2023-07-04",151
2149,E区,"2023-07-04",19
2150,A区,"2023-07-04",391
2151,C区,"2023-07-05",53
2152,D区,"2023-07-05",43
2153,B区,"2023-07-05",89
2154,E区,"2023-07-05",74
2155,A区,"2023-07-05",181
2156,C区,"2023-07-06",139
2157,D区,"2023-07-06",118
2158,B区,"2023-07-06",47
2159,E区,"2023-07-06",138
2160,A区,"2023-07-06",470
2161,C区,"2023-07-07",158
2162,D区,"2023-07-07",148
2163,B区,"2023-07-07",43
2164,E区,"2023-07-07",192
2165,A区,"2023-07-07",296
2166,C区,"2023-07-08",164
2167,D区,"2023-07-08",73
2168,B区,"2023-07-08",67
2169,E区,"2023-07-08",45
2170,A区,"2023-07-08",545
2171,C区,"2023-07-09",21
2172,D区,"2023-07-09",14
2173,B区,"2023-07-09",58
2174,E区,"2023-07-09",19
2175,A区,"2023-07-09",468
2176,C区,"2023-07-10",73
2177,D区,"2023-07-10",28
2178,B区,"2023-07-10",39
2179,E区,"2023-07-10",108
2180,A区,"2023-07-10",119
2181,C区,"2023-07-11",69
2182,D区,"2023-07-11",67
2183,B区,"2023-07-11",120
2184,E区,"2023-07-11",47
2185,A区,"2023-07-11",210
2186,C区,"2023-07-12",20
2187,D区,"2023-07-12",220
2188,B区,"2023-07-12",103
2189,E区,"2023-07-12",181
2190,A区,"2023-07-12",428
2191,C区,"2023-07-13",84
2192,D区,"2023-07-13",48
2193,B区,"2023-07-13",167
2194,E区,"2023-07-13",196
2195,A区,"2023-07-13",268
2196,C区,"2023-07-14",19
2197,D区,"2023-07-14",87
2198,B区,"2023-07-14",137
2199,E区,"2023-07-14",132
2200,A区,"2023-07-14",161
2201,C区,"2023-07-15",28
2202,D区,"2023-07-15",74
2203,B区,"2023-07-15",24
2204,E区,"2023-07-15",11
2205,A区,"2023-07-15",190
2206,C区,"2023-07-16",46
2207,D区,"2023-07-16",16
2208,B区,"2023-07-16",35
2209,E区,"2023-07-16",339
2210,A区,"2023-07-16",396
2211,C区,"2023-07-17",49
2212,D区,"2023-07-17",41
2213,B区,"2023-07-17",132
2214,E区,"2023-07-17",112
2215,A区,"2023-07-17",476
2216,C区,"2023-07-18",52
2217,D区,"2023-07-18",30
2218,B区,"2023-07-18",28
2219,E区,"2023-07-18",24
2220,A区,"2023-07-18",189
2221,C区,"2023-07-19",61
2222,D区,"2023-07-19",76
2223,B区,"2023-07-19",81
2224,E区,"2023-07-19",92
2225,A区,"2023-07-19",183
2226,C区,"2023-07-20",93
2227,D区,"2023-07-20",44
2228,B区,"2023-07-20",136
2229,E区,"2023-07-20",187
2230,A区,"2023-07-20",328
2231,C区,"2023-07-21",94
2232,D区,"2023-07-21",27
2233,B区,"2023-07-21",33
2234,E区,"2023-07-21",208
2235,A区,"2023-07-21",519
2236,C区,"2023-07-22",93
2237,D区,"2023-07-22",146
2238,B区,"2023-07-22",79
2239,E区,"2023-07-22",205
2240,A区,"2023-07-22",262
2241,C区,"2023-07-23",88
2242,D区,"2023-07-23",68
2243,B区,"2023-07-23",94
2244,E区,"2023-07-23",175
2245,A区,"2023-07-23",295
2246,C区,"2023-07-24",54
2247,D区,"2023-07-24",25
2248,B区,"2023-07-24",24
2249,E区,"2023-07-24",102
2250,A区,"2023-07-24",137
2251,C区,"2023-07-25",42
2252,D区,"2023-07-25",103
2253,B区,"2023-07-25",79
2254,E区,"2023-07-25",114
2255,A区,"2023-07-25",214
2256,C区,"2023-07-26",42
2257,D区,"2023-07-26",109
2258,B区,"2023-07-26",20
2259,E区,"2023-07-26",159
2260,A区,"2023-07-26",319
2261,C区,"2023-07-27",142
2262,D区,"2023-07-27",157
2263,B区,"2023-07-27",54
2264,E区,"2023-07-27",44
2265,A区,"2023-07-27",467
2266,C区,"2023-07-28",32
2267,D区,"2023-07-28",38
2268,B区,"2023-07-28",59
2269,E区,"2023-07-28",50
2270,A区,"2023-07-28",126
2271,C区,"2023-07-29",27
2272,D区,"2023-07-29",21
2273,B区,"2023-07-29",212
2274,E区,"2023-07-29",257
2275,A区,"2023-07-29",455
2276,C区,"2023-07-30",18
2277,D区,"2023-07-30",72
2278,B区,"2023-07-30",38
2279,E区,"2023-07-30",123
2280,A区,"2023-07-30",161
2281,C区,"2023-07-31",21
2282,D区,"2023-07-31",106
2283,B区,"2023-07-31",203
2284,E区,"2023-07-31",142
2285,A区,"2023-07-31",274
2286,C区,"2023-08-01",60
2287,D区,"2023-08-01",61
2288,B区,"2023-08-01",54
2289,E区,"2023-08-01",29
2290,A区,"2023-08-01",262
2291,C区,"2023-08-02",56
2292,D区,"2023-08-02",161
2293,B区,"2023-08-02",52
2294,E区,"2023-08-02",119
2295,A区,"2023-08-02",358
2296,C区,"2023-08-03",115
2297,D区,"2023-08-03",42
2298,B区,"2023-08-03",131
2299,E区,"2023-08-03",124
2300,A区,"2023-08-03",300
2301,C区,"2023-08-04",62
2302,D区,"2023-08-04",57
2303,B区,"2023-08-04",56
2304,E区,"2023-08-04",22
2305,A区,"2023-08-04",126
2306,C区,"2023-08-05",62
2307,D区,"2023-08-05",89
2308,B区,"2023-08-05",108
2309,E区,"2023-08-05",84
2310,A区,"2023-08-05",192
2311,C区,"2023-08-06",135
2312,D区,"2023-08-06",161
2313,B区,"2023-08-06",17
2314,E区,"2023-08-06",165
2315,A区,"2023-08-06",426
2316,C区,"2023-08-07",33
2317,D区,"2023-08-07",52
2318,B区,"2023-08-07",30
2319,E区,"2023-08-07",56
2320,A区,"2023-08-07",161
2321,C区,"2023-08-08",15
2322,D区,"2023-08-08",68
2323,B区,"2023-08-08",12
2324,E区,"2023-08-08",108
2325,A区,"2023-08-08",138
2326,C区,"2023-08-09",26
2327,D区,"2023-08-09",69
2328,B区,"2023-08-09",34
2329,E区,"2023-08-09",114
2330,A区,"2023-08-09",115
2331,C区,"2023-08-10",18
2332,D区,"2023-08-10",72
2333,B区,"2023-08-10",36
2334,E区,"2023-08-10",64
2335,A区,"2023-08-10",199
2336,C区,"2023-08-11",146
2337,D区,"2023-08-11",157
2338,B区,"2023-08-11",99
2339,E区,"2023-08-11",107
2340,A区,"2023-08-11",395
2341,C区,"2023-08-12",111
2342,D区,"2023-08-12",47
2343,B区,"2023-08-12",74
2344,E区,"2023-08-12",325
2345,A区,"2023-08-12",360
2346,C区,"2023-08-13",89
2347,D区,"2023-08-13",49
2348,B区,"2023-08-13",42
2349,E区,"2023-08-13",100
2350,A区,"2023-08-13",438
2351,C区,"2023-08-14",176
2352,D区,"2023-08-14",132
2353,B区,"2023-08-14",120
2354,E区,"2023-08-14",188
2355,A区,"2023-08-14",348
2356,C区,"2023-08-15",131
2357,D区,"2023-08-15",37
2358,B区,"2023-08-15",74
2359,E区,"2023-08-15",217
2360,A区,"2023-08-15",293
2361,C区,"2023-08-16",28
2362,D区,"2023-08-16",21
2363,B区,"2023-08-16",28
2364,E区,"2023-08-16",111
2365,A区,"2023-08-16",239
2366,C区,"2023-08-17",30
2367,D区,"2023-08-17",31
2368,B区,"2023-08-17",51
2369,E区,"2023-08-17",98
2370,A区,"2023-08-17",266
2371,C区,"2023-08-18",56
2372,D区,"2023-08-18",18
2373,B区,"2023-08-18",27
2374,E区,"2023-08-18",67
2375,A区,"2023-08-18",139
2376,C区,"2023-08-19",49
2377,D区,"2023-08-19",73
2378,B区,"2023-08-19",76
2379,E区,"2023-08-19",142
2380,A区,"2023-08-19",172
2381,C区,"2023-08-20",88
2382,D区,"2023-08-20",113
2383,B区,"2023-08-20",117
2384,E区,"2023-08-20",82
2385,A区,"2023-08-20",437
2386,C区,"2023-08-21",19
2387,D区,"2023-08-21",58
2388,B区,"2023-08-21",210
2389,E区,"2023-08-21",45
2390,A区,"2023-08-21",394
2391,C区,"2023-08-22",20
2392,D区,"2023-08-22",155
2393,B区,"2023-08-22",29
2394,E区,"2023-08-22",42
2395,A区,"2023-08-22",482
2396,C区,"2023-08-23",61
2397,D区,"2023-08-23",34
2398,B区,"2023-08-23",46
2399,E区,"2023-08-23",16
2400,A区,"2023-08-23",150
2401,C区,"2023-08-24",24
2402,D区,"2023-08-24",147
2403,B区,"2023-08-24",73
2404,E区,"2023-08-24",175
2405,A区,"2023-08-24",313
2406,C区,"2023-08-25",78
2407,D区,"2023-08-25",17
2408,B区,"2023-08-25",13
2409,E区,"2023-08-25",131
2410,A区,"2023-08-25",195
2411,C区,"2023-08-26",57
2412,D区,"2023-08-26",66
2413,B区,"2023-08-26",165
2414,E区,"2023-08-26",168
2415,A区,"2023-08-26",261
2416,C区,"2023-08-27",111
2417,D区,"2023-08-27",119
2418,B区,"2023-08-27",80
2419,E区,"2023-08-27",99
2420,A区,"2023-08-27",235
2421,C区,"2023-08-28",121
2422,D区,"2023-08-28",206
2423,B区,"2023-08-28",59
2424,E区,"2023-08-28",274
2425,A区,"2023-08-28",305
2426,C区,"2023-08-29",15
2427,D区,"2023-08-29",32
2428,B区,"2023-08-29",58
2429,E区,"2023-08-29",19
2430,A区,"2023-08-29",660
2431,C区,"2023-08-30",30
2432,D区,"2023-08-30",144
2433,B区,"2023-08-30",87
2434,E区,"2023-08-30",170
2435,A区,"2023-08-30",188
2436,C区,"2023-08-31",55
2437,D区,"2023-08-31",28
2438,B区,"2023-08-31",29
2439,E区,"2023-08-31",10
2440,A区,"2023-08-31",448
2441,C区,"2023-09-01",180
2442,D区,"2023-09-01",151
2443,B区,"2023-09-01",49
2444,E区,"2023-09-01",244
2445,A区,"2023-09-01",339
2446,C区,"2023-09-02",146
2447,D区,"2023-09-02",77
2448,B区,"2023-09-02",206
2449,E区,"2023-09-02",45
2450,A区,"2023-09-02",368
2451,C区,"2023-09-03",67
2452,D区,"2023-09-03",62
2453,B区,"2023-09-03",64
2454,E区,"2023-09-03",183
2455,A区,"2023-09-03",371
2456,C区,"2023-09-04",30
2457,D区,"2023-09-04",118
2458,B区,"2023-09-04",115
2459,E区,"2023-09-04",283
2460,A区,"2023-09-04",386
2461,C区,"2023-09-05",71
2462,D区,"2023-09-05",104
2463,B区,"2023-09-05",89
2464,E区,"2023-09-05",68
2465,A区,"2023-09-05",172
2466,C区,"2023-09-06",68
2467,D区,"2023-09-06",21
2468,B区,"2023-09-06",16
2469,E区,"2023-09-06",76
2470,A区,"2023-09-06",181
2471,C区,"2023-09-07",10
2472,D区,"2023-09-07",54
2473,B区,"2023-09-07",57
2474,E区,"2023-09-07",23
2475,A区,"2023-09-07",227
2476,C区,"2023-09-08",94
2477,D区,"2023-09-08",63
2478,B区,"2023-09-08",216
2479,E区,"2023-09-08",50
2480,A区,"2023-09-08",562
2481,C区,"2023-09-09",164
2482,D区,"2023-09-09",153
2483,B区,"2023-09-09",150
2484,E区,"2023-09-09",105
2485,A区,"2023-09-09",324
2486,C区,"2023-09-10",87
2487,D区,"2023-09-10",58
2488,B区,"2023-09-10",26
2489,E区,"2023-09-10",93
2490,A区,"2023-09-10",173
2491,C区,"2023-09-11",38
2492,D区,"2023-09-11",138
2493,B区,"2023-09-11",63
2494,E区,"2023-09-11",147
2495,A区,"2023-09-11",371
2496,C区,"2023-09-12",37
2497,D区,"2023-09-12",50
2498,B区,"2023-09-12",105
2499,E区,"2023-09-12",224
2500,A区,"2023-09-12",387
2501,C区,"2023-09-13",69
2502,D区,"2023-09-13",18
2503,B区,"2023-09-13",89
2504,E区,"2023-09-13",72
2505,A区,"2023-09-13",128
2506,C区,"2023-09-14",65
2507,D区,"2023-09-14",23
2508,B区,"2023-09-14",35
2509,E区,"2023-09-14",109
2510,A区,"2023-09-14",113
2511,C区,"2023-09-15",43
2512,D区,"2023-09-15",177
2513,B区,"2023-09-15",95
2514,E区,"2023-09-15",138
2515,A区,"2023-09-15",436
2516,C区,"2023-09-16",60
2517,D区,"2023-09-16",26
2518,B区,"2023-09-16",44
2519,E区,"2023-09-16",106
2520,A区,"2023-09-16",478
2521,C区,"2023-09-17",102
2522,D区,"2023-09-17",13
2523,B区,"2023-09-17",97
2524,E区,"2023-09-17",166
2525,A区,"2023-09-17",187
2526,C区,"2023-09-18",95
2527,D区,"2023-09-18",76
2528,B区,"2023-09-18",149
2529,E区,"2023-09-18",261
2530,A区,"2023-09-18",397
2531,C区,"2023-09-19",32
2532,D区,"2023-09-19",175
2533,B区,"2023-09-19",119
2534,E区,"2023-09-19",77
2535,A区,"2023-09-19",352
2536,C区,"2023-09-20",106
2537,D区,"2023-09-20",112
2538,B区,"2023-09-20",61
2539,E区,"2023-09-20",222
2540,A区,"2023-09-20",222
2541,C区,"2023-09-21",32
2542,D区,"2023-09-21",85
2543,B区,"2023-09-21",52
2544,E区,"2023-09-21",51
2545,A区,"2023-09-21",326
2546,C区,"2023-09-22",125
2547,D区,"2023-09-22",31
2548,B区,"2023-09-22",110
2549,E区,"2023-09-22",136
2550,A区,"2023-09-22",296
2551,C区,"2023-09-23",24
2552,D区,"2023-09-23",86
2553,B区,"2023-09-23",15
2554,E区,"2023-09-23",121
2555,A区,"2023-09-23",319
2556,C区,"2023-09-24",93
2557,D区,"2023-09-24",124
2558,B区,"2023-09-24",34
2559,E区,"2023-09-24",163
2560,A区,"2023-09-24",228
2561,C区,"2023-09-25",26
2562,D区,"2023-09-25",74
2563,B区,"2023-09-25",17
2564,E区,"2023-09-25",14
2565,A区,"2023-09-25",233
2566,C区,"2023-09-26",37
2567,D区,"2023-09-26",155
2568,B区,"2023-09-26",188
2569,E区,"2023-09-26",89
2570,A区,"2023-09-26",418
2571,C区,"2023-09-27",33
2572,D区,"2023-09-27",17
2573,B区,"2023-09-27",48
2574,E区,"2023-09-27",58
2575,A区,"2023-09-27",186
2576,C区,"2023-09-28",24
2577,D区,"2023-09-28",57
2578,B区,"2023-09-28",70
2579,E区,"2023-09-28",47
2580,A区,"2023-09-28",211
2581,C区,"2023-09-29",70
2582,D区,"2023-09-29",120
2583,B区,"2023-09-29",85
2584,E区,"2023-09-29",25
2585,A区,"2023-09-29",471
2586,C区,"2023-09-30",62
2587,D区,"2023-09-30",19
2588,B区,"2023-09-30",101
2589,E区,"2023-09-30",52
2590,A区,"2023-09-30",238
2591,C区,"2023-10-01",96
2592,D区,"2023-10-01",37
2593,B区,"2023-10-01",99
2594,E区,"2023-10-01",98
2595,A区,"2023-10-01",193
2596,C区,"2023-10-02",13
2597,D区,"2023-10-02",75
2598,B区,"2023-10-02",21
2599,E区,"2023-10-02",83
2600,A区,"2023-10-02",125
2601,C区,"2023-10-03",96
2602,D区,"2023-10-03",71
2603,B区,"2023-10-03",161
2604,E区,"2023-10-03",67
2605,A区,"2023-10-03",280
2606,C区,"2023-10-04",31
2607,D区,"2023-10-04",36
2608,B区,"2023-10-04",158
2609,E区,"2023-10-04",137
2610,A区,"2023-10-04",550
2611,C区,"2023-10-05",35
2612,D区,"2023-10-05",97
2613,B区,"2023-10-05",233
2614,E区,"2023-10-05",234
2615,A区,"2023-10-05",313
2616,C区,"2023-10-06",78
2617,D区,"2023-10-06",126
2618,B区,"2023-10-06",108
2619,E区,"2023-10-06",111
2620,A区,"2023-10-06",506
2621,C区,"2023-10-07",41
2622,D区,"2023-10-07",10
2623,B区,"2023-10-07",128
2624,E区,"2023-10-07",255
2625,A区,"2023-10-07",287
2626,C区,"2023-10-08",57
2627,D区,"2023-10-08",69
2628,B区,"2023-10-08",29
2629,E区,"2023-10-08",23
2630,A区,"2023-10-08",164
2631,C区,"2023-10-09",59
2632,D区,"2023-10-09",43
2633,B区,"2023-10-09",82
2634,E区,"2023-10-09",170
2635,A区,"2023-10-09",320
2636,C区,"2023-10-10",37
2637,D区,"2023-10-10",64
2638,B区,"2023-10-10",47
2639,E区,"2023-10-10",185
2640,A区,"2023-10-10",459
2641,C区,"2023-10-11",53
2642,D区,"2023-10-11",155
2643,B区,"2023-10-11",108
2644,E区,"2023-10-11",288
2645,A区,"2023-10-11",382
2646,C区,"2023-10-12",32
2647,D区,"2023-10-12",102
2648,B区,"2023-10-12",137
2649,E区,"2023-10-12",110
2650,A区,"2023-10-12",231
2651,C区,"2023-10-13",53
2652,D区,"2023-10-13",13
2653,B区,"2023-10-13",183
2654,E区,"2023-10-13",210
2655,A区,"2023-10-13",294
2656,C区,"2023-10-14",115
2657,D区,"2023-10-14",163
2658,B区,"2023-10-14",103
2659,E区,"2023-10-14",102
2660,A区,"2023-10-14",369
2661,C区,"2023-10-15",44
2662,D区,"2023-10-15",39
2663,B区,"2023-10-15",107
2664,E区,"2023-10-15",47
2665,A区,"2023-10-15",252
2666,C区,"2023-10-16",25
2667,D区,"2023-10-16",22
2668,B区,"2023-10-16",42
2669,E区,"2023-10-16",88
2670,A区,"2023-10-16",464
2671,C区,"2023-10-17",159
2672,D区,"2023-10-17",50
2673,B区,"2023-10-17",64
2674,E区,"2023-10-17",44
2675,A区,"2023-10-17",625
2676,C区,"2023-10-18",35
2677,D区,"2023-10-18",32
2678,B区,"2023-10-18",25
2679,E区,"2023-10-18",79
2680,A区,"2023-10-18",145
2681,C区,"2023-10-19",21
2682,D区,"2023-10-19",41
2683,B区,"2023-10-19",125
2684,E区,"2023-10-19",128
2685,A区,"2023-10-19",165
2686,C区,"2023-10-20",30
2687,D区,"2023-10-20",93
2688,B区,"2023-10-20",41
2689,E区,"2023-10-20",118
2690,A区,"2023-10-20",168
2691,C区,"2023-10-21",12
2692,D区,"2023-10-21",49
2693,B区,"2023-10-21",241
2694,E区,"2023-10-21",13
2695,A区,"2023-10-21",519
2696,C区,"2023-10-22",19
2697,D区,"2023-10-22",53
2698,B区,"2023-10-22",62
2699,E区,"2023-10-22",178
2700,A区,"2023-10-22",385
2701,C区,"2023-10-23",23
2702,D区,"2023-10-23",72
2703,B区,"2023-10-23",32
2704,E区,"2023-10-23",139
2705,A区,"2023-10-23",215
2706,C区,"2023-10-24",32
2707,D区,"2023-10-24",146
2708,B区,"2023-10-24",137
2709,E区,"2023-10-24",142
2710,A区,"2023-10-24",252
2711,C区,"2023-10-25",37
2712,D区,"2023-10-25",62
2713,B区,"2023-10-25",25
2714,E区,"2023-10-25",129
2715,A区,"2023-10-25",142
2716,C区,"2023-10-26",141
2717,D区,"2023-10-26",97
2718,B区,"2023-10-26",163
2719,E区,"2023-10-26",195
2720,A区,"2023-10-26",377
2721,C区,"2023-10-27",59
2722,D区,"2023-10-27",83
2723,B区,"2023-10-27",121
2724,E区,"2023-10-27",154
2725,A区,"2023-10-27",329
2726,C区,"2023-10-28",159
2727,D区,"2023-10-28",40
2728,B区,"2023-10-28",29
2729,E区,"2023-10-28",144
2730,A区,"2023-10-28",558
2731,C区,"2023-10-29",21
2732,D区,"2023-10-29",73
2733,B区,"2023-10-29",87
2734,E区,"2023-10-29",106
2735,A区,"2023-10-29",219
2736,C区,"2023-10-30",81
2737,D区,"2023-10-30",154
2738,B区,"2023-10-30",67
2739,E区,"2023-10-30",208
2740,A区,"2023-10-30",230
2741,C区,"2023-10-31",133
2742,D区,"2023-10-31",133
2743,B区,"2023-10-31",167
2744,E区,"2023-10-31",126
2745,A区,"2023-10-31",259
2746,C区,"2023-11-01",145
2747,D区,"2023-11-01",111
2748,B区,"2023-11-01",154
2749,E区,"2023-11-01",197
2750,A区,"2023-11-01",210
2751,C区,"2023-11-02",30
2752,D区,"2023-11-02",175
2753,B区,"2023-11-02",73
2754,E区,"2023-11-02",43
2755,A区,"2023-11-02",436
2756,C区,"2023-11-03",59
2757,D区,"2023-11-03",94
2758,B区,"2023-11-03",20
2759,E区,"2023-11-03",55
2760,A区,"2023-11-03",292
2761,C区,"2023-11-04",57
2762,D区,"2023-11-04",34
2763,B区,"2023-11-04",110
2764,E区,"2023-11-04",260
2765,A区,"2023-11-04",518
2766,C区,"2023-11-05",94
2767,D区,"2023-11-05",46
2768,B区,"2023-11-05",72
2769,E区,"2023-11-05",191
2770,A区,"2023-11-05",253
2771,C区,"2023-11-06",144
2772,D区,"2023-11-06",165
2773,B区,"2023-11-06",116
2774,E区,"2023-11-06",200
2775,A区,"2023-11-06",261
2776,C区,"2023-11-07",86
2777,D区,"2023-11-07",51
2778,B区,"2023-11-07",10
2779,E区,"2023-11-07",183
2780,A区,"2023-11-07",191
2781,C区,"2023-11-08",21
2782,D区,"2023-11-08",10
2783,B区,"2023-11-08",10
2784,E区,"2023-11-08",77
2785,A区,"2023-11-08",404
2786,C区,"2023-11-09",101
2787,D区,"2023-11-09",115
2788,B区,"2023-11-09",125
2789,E区,"2023-11-09",127
2790,A区,"2023-11-09",242
2791,C区,"2023-11-10",19
2792,D区,"2023-11-10",107
2793,B区,"2023-11-10",64
2794,E区,"2023-11-10",115
2795,A区,"2023-11-10",647
2796,C区,"2023-11-11",42
2797,D区,"2023-11-11",22
2798,B区,"2023-11-11",16
2799,E区,"2023-11-11",244
2800,A区,"2023-11-11",259
2801,C区,"2023-11-12",18
2802,D区,"2023-11-12",148
2803,B区,"2023-11-12",154
2804,E区,"2023-11-12",248
2805,A区,"2023-11-12",383
2806,C区,"2023-11-13",54
2807,D区,"2023-11-13",142
2808,B区,"2023-11-13",71
2809,E区,"2023-11-13",11
2810,A区,"2023-11-13",480
2811,C区,"2023-11-14",106
2812,D区,"2023-11-14",65
2813,B区,"2023-11-14",147
2814,E区,"2023-11-14",86
2815,A区,"2023-11-14",229
2816,C区,"2023-11-15",96
2817,D区,"2023-11-15",127
2818,B区,"2023-11-15",68
2819,E区,"2023-11-15",110
2820,A区,"2023-11-15",333
2821,C区,"2023-11-16",63
2822,D区,"2023-11-16",125
2823,B区,"2023-11-16",61
2824,E区,"2023-11-16",67
2825,A区,"2023-11-16",322
2826,C区,"2023-11-17",86
2827,D区,"2023-11-17",50
2828,B区,"2023-11-17",160
2829,E区,"2023-11-17",79
2830,A区,"2023-11-17",303
2831,C区,"2023-11-18",95
2832,D区,"2023-11-18",92
2833,B区,"2023-11-18",71
2834,E区,"2023-11-18",92
2835,A区,"2023-11-18",151
2836,C区,"2023-11-19",57
2837,D区,"2023-11-19",152
2838,B区,"2023-11-19",79
2839,E区,"2023-11-19",165
2840,A区,"2023-11-19",337
2841,C区,"2023-11-20",54
2842,D区,"2023-11-20",62
2843,B区,"2023-11-20",92
2844,E区,"2023-11-20",75
2845,A区,"2023-11-20",232
2846,C区,"2023-11-21",77
2847,D区,"2023-11-21",79
2848,B区,"2023-11-21",185
2849,E区,"2023-11-21",92
2850,A区,"2023-11-21",335
2851,C区,"2023-11-22",177
2852,D区,"2023-11-22",169
2853,B区,"2023-11-22",174
2854,E区,"2023-11-22",133
2855,A区,"2023-11-22",277
2856,C区,"2023-11-23",97
2857,D区,"2023-11-23",29
2858,B区,"2023-11-23",191
2859,E区,"2023-11-23",81
2860,A区,"2023-11-23",343
2861,C区,"2023-11-24",58
2862,D区,"2023-11-24",24
2863,B区,"2023-11-24",39
2864,E区,"2023-11-24",132
2865,A区,"2023-11-24",172
2866,C区,"2023-11-25",74
2867,D区,"2023-11-25",77
2868,B区,"2023-11-25",30
2869,E区,"2023-11-25",42
2870,A区,"2023-11-25",164
2871,C区,"2023-11-26",156
2872,D区,"2023-11-26",51
2873,B区,"2023-11-26",183
2874,E区,"2023-11-26",26
2875,A区,"2023-11-26",570
2876,C区,"2023-11-27",90
2877,D区,"2023-11-27",88
2878,B区,"2023-11-27",117
2879,E区,"2023-11-27",117
2880,A区,"2023-11-27",122
2881,C区,"2023-11-28",79
2882,D区,"2023-11-28",54
2883,B区,"2023-11-28",48
2884,E区,"2023-11-28",19
2885,A区,"2023-11-28",211
2886,C区,"2023-11-29",99
2887,D区,"2023-11-29",57
2888,B区,"2023-11-29",186
2889,E区,"2023-11-29",141
2890,A区,"2023-11-29",301
2891,C区,"2023-11-30",172
2892,D区,"2023-11-30",38
2893,B区,"2023-11-30",29
2894,E区,"2023-11-30",347
2895,A区,"2023-11-30",409
2896,C区,"2023-12-01",47
2897,D区,"2023-12-01",75
2898,B区,"2023-12-01",74
2899,E区,"2023-12-01",302
2900,A区,"2023-12-01",305
2901,C区,"2023-12-02",15
2902,D区,"2023-12-02",133
2903,B区,"2023-12-02",62
2904,E区,"2023-12-02",301
2905,A区,"2023-12-02",429
2906,C区,"2023-12-03",36
2907,D区,"2023-12-03",77
2908,B区,"2023-12-03",40
2909,E区,"2023-12-03",167
2910,A区,"2023-12-03",217
2911,C区,"2023-12-04",49
2912,D区,"2023-12-04",99
2913,B区,"2023-12-04",25
2914,E区,"2023-12-04",37
2915,A区,"2023-12-04",298
2916,C区,"2023-12-05",52
2917,D区,"2023-12-05",58
2918,B区,"2023-12-05",57
2919,E区,"2023-12-05",21
2920,A区,"2023-12-05",138
2921,C区,"2023-12-06",72
2922,D区,"2023-12-06",100
2923,B区,"2023-12-06",63
2924,E区,"2023-12-06",76
2925,A区,"2023-12-06",163
2926,C区,"2023-12-07",185
2927,D区,"2023-12-07",119
2928,B区,"2023-12-07",207
2929,E区,"2023-12-07",63
2930,A区,"2023-12-07",357
2931,C区,"2023-12-08",136
2932,D区,"2023-12-08",112
2933,B区,"2023-12-08",114
2934,E区,"2023-12-08",80
2935,A区,"2023-12-08",365
2936,C区,"2023-12-09",113
2937,D区,"2023-12-09",93
2938,B区,"2023-12-09",197
2939,E区,"2023-12-09",253
2940,A区,"2023-12-09",279
2941,C区,"2023-12-10",137
2942,D区,"2023-12-10",25
2943,B区,"2023-12-10",65
2944,E区,"2023-12-10",262
2945,A区,"2023-12-10",319
2946,C区,"2023-12-11",11
2947,D区,"2023-12-11",51
2948,B区,"2023-12-11",69
2949,E区,"2023-12-11",41
2950,A区,"2023-12-11",209
2951,C区,"2023-12-12",51
2952,D区,"2023-12-12",18
2953,B区,"2023-12-12",34
2954,E区,"2023-12-12",17
2955,A区,"2023-12-12",290
2956,C区,"2023-12-13",57
2957,D区,"2023-12-13",42
2958,B区,"2023-12-13",63
2959,E区,"2023-12-13",28
2960,A区,"2023-12-13",221
2961,C区,"2023-12-14",85
2962,D区,"2023-12-14",40
2963,B区,"2023-12-14",150
2964,E区,"2023-12-14",14
2965,A区,"2023-12-14",289
2966,C区,"2023-12-15",34
2967,D区,"2023-12-15",78
2968,B区,"2023-12-15",92
2969,E区,"2023-12-15",77
2970,A区,"2023-12-15",114
2971,C区,"2023-12-16",73
2972,D区,"2023-12-16",19
2973,B区,"2023-12-16",77
2974,E区,"2023-12-16",37
2975,A区,"2023-12-16",171
2976,C区,"2023-12-17",162
2977,D区,"2023-12-17",122
2978,B区,"2023-12-17",71
2979,E区,"2023-12-17",140
2980,A区,"2023-12-17",383
2981,C区,"2023-12-18",82
2982,D区,"2023-12-18",201
2983,B区,"2023-12-18",219
2984,E区,"2023-12-18",153
2985,A区,"2023-12-18",288
2986,C区,"2023-12-19",127
2987,D区,"2023-12-19",46
2988,B区,"2023-12-19",181
2989,E区,"2023-12-19",157
2990,A区,"2023-12-19",335
2991,C区,"2023-12-20",108
2992,D区,"2023-12-20",160
2993,B区,"2023-12-20",213
2994,E区,"2023-12-20",152
2995,A区,"2023-12-20",314
2996,C区,"2023-12-21",47
2997,D区,"2023-12-21",80
2998,B区,"2023-12-21",16
2999,E区,"2023-12-21",61
3000,A区,"2023-12-21",269
3001,C区,"2023-12-22",13
3002,D区,"2023-12-22",171
3003,B区,"2023-12-22",36
3004,E区,"2023-12-22",95
3005,A区,"2023-12-22",583
3006,C区,"2023-12-23",34
3007,D区,"2023-12-23",130
3008,B区,"2023-12-23",13
3009,E区,"2023-12-23",73
3010,A区,"2023-12-23",359
3011,C区,"2023-12-24",154
3012,D区,"2023-12-24",160
3013,B区,"2023-12-24",182
3014,E区,"2023-12-24",88
3015,A区,"2023-12-24",278
3016,C区,"2023-12-25",15
3017,D区,"2023-12-25",75
3018,B区,"2023-12-25",33
3019,E区,"2023-12-25",252
3020,A区,"2023-12-25",272
3021,C区,"2023-12-26",11
3022,D区,"2023-12-26",95
3023,B区,"2023-12-26",100
3024,E区,"2023-12-26",64
3025,A区,"2023-12-26",199
3026,C区,"2023-12-27",11
3027,D区,"2023-12-27",29
3028,B区,"2023-12-27",71
3029,E区,"2023-12-27",107
3030,A区,"2023-12-27",266
3031,C区,"2023-12-28",59
3032,D区,"2023-12-28",26
3033,B区,"2023-12-28",25
3034,E区,"2023-12-28",95
3035,A区,"2023-12-28",145
3036,C区,"2023-12-29",116
3037,D区,"2023-12-29",40
3038,B区,"2023-12-29",118
3039,E区,"2023-12-29",98
3040,A区,"2023-12-29",500
3041,C区,"2023-12-30",52
3042,D区,"2023-12-30",14
3043,B区,"2023-12-30",278
3044,E区,"2023-12-30",72
3045,A区,"2023-12-30",559
3046,C区,"2023-12-31",55
3047,D区,"2023-12-31",115
3048,B区,"2023-12-31",59
3049,E区,"2023-12-31",137
3050,A区,"2023-12-31",495
3051,C区,"2024-01-01",108
3052,D区,"2024-01-01",161
3053,B区,"2024-01-01",54
3054,E区,"2024-01-01",37
3055,A区,"2024-01-01",415
3056,C区,"2024-01-02",26
3057,D区,"2024-01-02",145
3058,B区,"2024-01-02",31
3059,E区,"2024-01-02",151
3060,A区,"2024-01-02",269
3061,C区,"2024-01-03",77
3062,D区,"2024-01-03",42
3063,B区,"2024-01-03",64
3064,E区,"2024-01-03",46
3065,A区,"2024-01-03",248
3066,C区,"2024-01-04",22
3067,D区,"2024-01-04",222
3068,B区,"2024-01-04",20
3069,E区,"2024-01-04",277
3070,A区,"2024-01-04",459
3071,C区,"2024-01-05",115
3072,D区,"2024-01-05",10
3073,B区,"2024-01-05",60
3074,E区,"2024-01-05",182
3075,A区,"2024-01-05",496
3076,C区,"2024-01-06",64
3077,D区,"2024-01-06",33
3078,B区,"2024-01-06",85
3079,E区,"2024-01-06",22
3080,A区,"2024-01-06",317
3081,C区,"2024-01-07",38
3082,D区,"2024-01-07",36
3083,B区,"2024-01-07",64
3084,E区,"2024-01-07",10
3085,A区,"2024-01-07",185
3086,C区,"2024-01-08",19
3087,D区,"2024-01-08",195
3088,B区,"2024-01-08",136
3089,E区,"2024-01-08",287
3090,A区,"2024-01-08",288
3091,C区,"2024-01-09",64
3092,D区,"2024-01-09",177
3093,B区,"2024-01-09",143
3094,E区,"2024-01-09",139
3095,A区,"2024-01-09",343
3096,C区,"2024-01-10",29
3097,D区,"2024-01-10",60
3098,B区,"2024-01-10",61
3099,E区,"2024-01-10",87
3100,A区,"2024-01-10",89
3101,C区,"2024-01-11",131
3102,D区,"2024-01-11",124
3103,B区,"2024-01-11",110
3104,E区,"2024-01-11",79
3105,A区,"2024-01-11",458
3106,C区,"2024-01-12",160
3107,D区,"2024-01-12",168
3108,B区,"2024-01-12",79
3109,E区,"2024-01-12",183
3110,A区,"2024-01-12",405
3111,C区,"2024-01-13",119
3112,D区,"2024-01-13",38
3113,B区,"2024-01-13",32
3114,E区,"2024-01-13",204
3115,A区,"2024-01-13",244
3116,C区,"2024-01-14",133
3117,D区,"2024-01-14",36
3118,B区,"2024-01-14",96
3119,E区,"2024-01-14",197
3120,A区,"2024-01-14",475
3121,C区,"2024-01-15",76
3122,D区,"2024-01-15",89
3123,B区,"2024-01-15",223
3124,E区,"2024-01-15",47
3125,A区,"2024-01-15",416
3126,C区,"2024-01-16",155
3127,D区,"2024-01-16",102
3128,B区,"2024-01-16",131
3129,E区,"2024-01-16",235
3130,A区,"2024-01-16",322
3131,C区,"2024-01-17",19
3132,D区,"2024-01-17",28
3133,B区,"2024-01-17",55
3134,E区,"2024-01-17",298
3135,A区,"2024-01-17",344
3136,C区,"2024-01-18",106
3137,D区,"2024-01-18",99
3138,B区,"2024-01-18",81
3139,E区,"2024-01-18",73
3140,A区,"2024-01-18",173
3141,C区,"2024-01-19",60
3142,D区,"2024-01-19",58
3143,B区,"2024-01-19",60
3144,E区,"2024-01-19",99
3145,A区,"2024-01-19",165
3146,C区,"2024-01-20",151
3147,D区,"2024-01-20",112
3148,B区,"2024-01-20",133
3149,E区,"2024-01-20",199
3150,A区,"2024-01-20",201
3151,C区,"2024-01-21",42
3152,D区,"2024-01-21",50
3153,B区,"2024-01-21",83
3154,E区,"2024-01-21",115
3155,A区,"2024-01-21",155
3156,C区,"2024-01-22",122
3157,D区,"2024-01-22",34
3158,B区,"2024-01-22",210
3159,E区,"2024-01-22",190
3160,A区,"2024-01-22",384
3161,C区,"2024-01-23",34
3162,D区,"2024-01-23",33
3163,B区,"2024-01-23",23
3164,E区,"2024-01-23",68
3165,A区,"2024-01-23",174
3166,C区,"2024-01-24",151
3167,D区,"2024-01-24",110
3168,B区,"2024-01-24",79
3169,E区,"2024-01-24",49
3170,A区,"2024-01-24",379
3171,C区,"2024-01-25",48
3172,D区,"2024-01-25",12
3173,B区,"2024-01-25",21
3174,E区,"2024-01-25",57
3175,A区,"2024-01-25",162
3176,C区,"2024-01-26",37
3177,D区,"2024-01-26",53
3178,B区,"2024-01-26",42
3179,E区,"2024-01-26",172
3180,A区,"2024-01-26",271
3181,C区,"2024-01-27",44
3182,D区,"2024-01-27",16
3183,B区,"2024-01-27",226
3184,E区,"2024-01-27",131
3185,A区,"2024-01-27",349
3186,C区,"2024-01-28",33
3187,D区,"2024-01-28",17
3188,B区,"2024-01-28",86
3189,E区,"2024-01-28",153
3190,A区,"2024-01-28",203
3191,C区,"2024-01-29",58
3192,D区,"2024-01-29",105
3193,B区,"2024-01-29",45
3194,E区,"2024-01-29",69
3195,A区,"2024-01-29",251
3196,C区,"2024-01-30",104
3197,D区,"2024-01-30",16
3198,B区,"2024-01-30",89
3199,E区,"2024-01-30",72
3200,A区,"2024-01-30",280
3201,C区,"2024-01-31",38
3202,D区,"2024-01-31",57
3203,B区,"2024-01-31",40
3204,E区,"2024-01-31",21
3205,A区,"2024-01-31",270
3206,C区,"2024-02-01",17
3207,D区,"2024-02-01",63
3208,B区,"2024-02-01",27
3209,E区,"2024-02-01",106
3210,A区,"2024-02-01",143
3211,C区,"2024-02-02",50
3212,D区,"2024-02-02",134
3213,B区,"2024-02-02",67
3214,E区,"2024-02-02",133
3215,A区,"2024-02-02",428
3216,C区,"2024-02-03",164
3217,D区,"2024-02-03",147
3218,B区,"2024-02-03",126
3219,E区,"2024-02-03",53
3220,A区,"2024-02-03",343
3221,C区,"2024-02-04",102
3222,D区,"2024-02-04",82
3223,B区,"2024-02-04",49
3224,E区,"2024-02-04",115
3225,A区,"2024-02-04",254
3226,C区,"2024-02-05",61
3227,D区,"2024-02-05",74
3228,B区,"2024-02-05",102
3229,E区,"2024-02-05",52
3230,A区,"2024-02-05",213
3231,C区,"2024-02-06",158
3232,D区,"2024-02-06",196
3233,B区,"2024-02-06",34
3234,E区,"2024-02-06",94
3235,A区,"2024-02-06",511
3236,C区,"2024-02-07",39
3237,D区,"2024-02-07",43
3238,B区,"2024-02-07",88
3239,E区,"2024-02-07",146
3240,A区,"2024-02-07",163
3241,C区,"2024-02-08",35
3242,D区,"2024-02-08",115
3243,B区,"2024-02-08",214
3244,E区,"2024-02-08",88
3245,A区,"2024-02-08",470
3246,C区,"2024-02-09",60
3247,D区,"2024-02-09",168
3248,B区,"2024-02-09",190
3249,E区,"2024-02-09",183
3250,A区,"2024-02-09",301
3251,C区,"2024-02-10",123
3252,D区,"2024-02-10",61
3253,B区,"2024-02-10",18
3254,E区,"2024-02-10",269
3255,A区,"2024-02-10",359
3256,C区,"2024-02-11",113
3257,D区,"2024-02-11",17
3258,B区,"2024-02-11",142
3259,E区,"2024-02-11",79
3260,A区,"2024-02-11",459
3261,C区,"2024-02-12",20
3262,D区,"2024-02-12",136
3263,B区,"2024-02-12",40
3264,E区,"2024-02-12",72
3265,A区,"2024-02-12",318
3266,C区,"2024-02-13",91
3267,D区,"2024-02-13",79
3268,B区,"2024-02-13",86
3269,E区,"2024-02-13",36
3270,A区,"2024-02-13",363
3271,C区,"2024-02-14",82
3272,D区,"2024-02-14",59
3273,B区,"2024-02-14",45
3274,E区,"2024-02-14",39
3275,A区,"2024-02-14",332
3276,C区,"2024-02-15",40
3277,D区,"2024-02-15",91
3278,B区,"2024-02-15",50
3279,E区,"2024-02-15",187
3280,A区,"2024-02-15",277
3281,C区,"2024-02-16",16
3282,D区,"2024-02-16",39
3283,B区,"2024-02-16",66
3284,E区,"2024-02-16",36
3285,A区,"2024-02-16",159
3286,C区,"2024-02-17",34
3287,D区,"2024-02-17",53
3288,B区,"2024-02-17",56
3289,E区,"2024-02-17",11
3290,A区,"2024-02-17",151
3291,C区,"2024-02-18",64
3292,D区,"2024-02-18",47
3293,B区,"2024-02-18",45
3294,E区,"2024-02-18",63
3295,A区,"2024-02-18",105
3296,C区,"2024-02-19",63
3297,D区,"2024-02-19",47
3298,B区,"2024-02-19",69
3299,E区,"2024-02-19",49
3300,A区,"2024-02-19",108
3301,C区,"2024-02-20",154
3302,D区,"2024-02-20",170
3303,B区,"2024-02-20",39
3304,E区,"2024-02-20",140
3305,A区,"2024-02-20",497
3306,C区,"2024-02-21",14
3307,D区,"2024-02-21",70
3308,B区,"2024-02-21",99
3309,E区,"2024-02-21",188
3310,A区,"2024-02-21",206
3311,C区,"2024-02-22",92
3312,D区,"2024-02-22",19
3313,B区,"2024-02-22",95
3314,E区,"2024-02-22",105
3315,A区,"2024-02-22",157
3316,C区,"2024-02-23",10
3317,D区,"2024-02-23",13
3318,B区,"2024-02-23",112
3319,E区,"2024-02-23",118
3320,A区,"2024-02-23",202
3321,C区,"2024-02-24",12
3322,D区,"2024-02-24",10
3323,B区,"2024-02-24",50
3324,E区,"2024-02-24",79
3325,A区,"2024-02-24",167
3326,C区,"2024-02-25",102
3327,D区,"2024-02-25",156
3328,B区,"2024-02-25",157
3329,E区,"2024-02-25",110
3330,A区,"2024-02-25",353
3331,C区,"2024-02-26",88
3332,D区,"2024-02-26",96
3333,B区,"2024-02-26",177
3334,E区,"2024-02-26",32
3335,A区,"2024-02-26",452
3336,C区,"2024-02-27",39
3337,D区,"2024-02-27",71
3338,B区,"2024-02-27",77
3339,E区,"2024-02-27",65
3340,A区,"2024-02-27",143
3341,C区,"2024-02-28",51
3342,D区,"2024-02-28",103
3343,B区,"2024-02-28",147
3344,E区,"2024-02-28",154
3345,A区,"2024-02-28",164
3346,C区,"2024-02-29",23
3347,D区,"2024-02-29",212
3348,B区,"2024-02-29",191
3349,E区,"2024-02-29",146
3350,A区,"2024-02-29",407
3351,C区,"2024-03-01",181
3352,D区,"2024-03-01",139
3353,B区,"2024-03-01",126
3354,E区,"2024-03-01",123
3355,A区,"2024-03-01",391
3356,C区,"2024-03-02",34
3357,D区,"2024-03-02",181
3358,B区,"2024-03-02",202
3359,E区,"2024-03-02",152
3360,A区,"2024-03-02",347
3361,C区,"2024-03-03",64
3362,D区,"2024-03-03",57
3363,B区,"2024-03-03",209
3364,E区,"2024-03-03",146
3365,A区,"2024-03-03",393
3366,C区,"2024-03-04",31
3367,D区,"2024-03-04",126
3368,B区,"2024-03-04",88
3369,E区,"2024-03-04",47
3370,A区,"2024-03-04",410
3371,C区,"2024-03-05",94
3372,D区,"2024-03-05",86
3373,B区,"2024-03-05",57
3374,E区,"2024-03-05",46
3375,A区,"2024-03-05",240
3376,C区,"2024-03-06",35
3377,D区,"2024-03-06",19
3378,B区,"2024-03-06",82
3379,E区,"2024-03-06",223
3380,A区,"2024-03-06",440
3381,C区,"2024-03-07",112
3382,D区,"2024-03-07",16
3383,B区,"2024-03-07",85
3384,E区,"2024-03-07",212
3385,A区,"2024-03-07",268
3386,C区,"2024-03-08",62
3387,D区,"2024-03-08",41
3388,B区,"2024-03-08",121
3389,E区,"2024-03-08",46
3390,A区,"2024-03-08",245
3391,C区,"2024-03-09",76
3392,D区,"2024-03-09",71
3393,B区,"2024-03-09",63
3394,E区,"2024-03-09",93
3395,A区,"2024-03-09",112
3396,C区,"2024-03-10",34
3397,D区,"2024-03-10",126
3398,B区,"2024-03-10",214
3399,E区,"2024-03-10",177
3400,A区,"2024-03-10",340
3401,C区,"2024-03-11",34
3402,D区,"2024-03-11",65
3403,B区,"2024-03-11",50
3404,E区,"2024-03-11",17
3405,A区,"2024-03-11",339
3406,C区,"2024-03-12",106
3407,D区,"2024-03-12",109
3408,B区,"2024-03-12",157
3409,E区,"2024-03-12",125
3410,A区,"2024-03-12",226
3411,C区,"2024-03-13",83
3412,D区,"2024-03-13",96
3413,B区,"2024-03-13",67
3414,E区,"2024-03-13",253
3415,A区,"2024-03-13",282
3416,C区,"2024-03-14",125
3417,D区,"2024-03-14",136
3418,B区,"2024-03-14",91
3419,E区,"2024-03-14",112
3420,A区,"2024-03-14",243
3421,C区,"2024-03-15",144
3422,D区,"2024-03-15",173
3423,B区,"2024-03-15",40
3424,E区,"2024-03-15",40
3425,A区,"2024-03-15",473
3426,C区,"2024-03-16",113
3427,D区,"2024-03-16",85
3428,B区,"2024-03-16",125
3429,E区,"2024-03-16",114
3430,A区,"2024-03-16",157
3431,C区,"2024-03-17",25
3432,D区,"2024-03-17",86
3433,B区,"2024-03-17",28
3434,E区,"2024-03-17",87
3435,A区,"2024-03-17",216
3436,C区,"2024-03-18",25
3437,D区,"2024-03-18",92
3438,B区,"2024-03-18",145
3439,E区,"2024-03-18",127
3440,A区,"2024-03-18",174
3441,C区,"2024-03-19",137
3442,D区,"2024-03-19",182
3443,B区,"2024-03-19",120
3444,E区,"2024-03-19",81
3445,A区,"2024-03-19",380
3446,C区,"2024-03-20",61
3447,D区,"2024-03-20",12
3448,B区,"2024-03-20",136
3449,E区,"2024-03-20",106
3450,A区,"2024-03-20",329
3451,C区,"2024-03-21",60
3452,D区,"2024-03-21",133
3453,B区,"2024-03-21",48
3454,E区,"2024-03-21",196
3455,A区,"2024-03-21",354
3456,C区,"2024-03-22",140
3457,D区,"2024-03-22",92
3458,B区,"2024-03-22",149
3459,E区,"2024-03-22",78
3460,A区,"2024-03-22",367
3461,C区,"2024-03-23",47
3462,D区,"2024-03-23",61
3463,B区,"2024-03-23",16
3464,E区,"2024-03-23",140
3465,A区,"2024-03-23",142
3466,C区,"2024-03-24",65
3467,D区,"2024-03-24",35
3468,B区,"2024-03-24",106
3469,E区,"2024-03-24",49
3470,A区,"2024-03-24",212
3471,C区,"2024-03-25",83
3472,D区,"2024-03-25",33
3473,B区,"2024-03-25",80
3474,E区,"2024-03-25",112
3475,A区,"2024-03-25",196
3476,C区,"2024-03-26",18
3477,D区,"2024-03-26",90
3478,B区,"2024-03-26",27
3479,E区,"2024-03-26",121
3480,A区,"2024-03-26",541
3481,C区,"2024-03-27",75
3482,D区,"2024-03-27",121
3483,B区,"2024-03-27",112
3484,E区,"2024-03-27",81
3485,A区,"2024-03-27",249
3486,C区,"2024-03-28",138
3487,D区,"2024-03-28",93
3488,B区,"2024-03-28",54
3489,E区,"2024-03-28",98
3490,A区,"2024-03-28",324
3491,C区,"2024-03-29",95
3492,D区,"2024-03-29",136
3493,B区,"2024-03-29",53
3494,E区,"2024-03-29",148
3495,A区,"2024-03-29",346
3496,C区,"2024-03-30",67
3497,D区,"2024-03-30",12
3498,B区,"2024-03-30",136
3499,E区,"2024-03-30",214
3500,A区,"2024-03-30",422
3501,C区,"2024-03-31",32
3502,D区,"2024-03-31",109
3503,B区,"2024-03-31",69
3504,E区,"2024-03-31",89
3505,A区,"2024-03-31",377
3506,C区,"2024-04-01",107
3507,D区,"2024-04-01",114
3508,B区,"2024-04-01",81
3509,E区,"2024-04-01",59
3510,A区,"2024-04-01",214
3511,C区,"2024-04-02",78
3512,D区,"2024-04-02",97
3513,B区,"2024-04-02",41
3514,E区,"2024-04-02",46
3515,A区,"2024-04-02",287
3516,C区,"2024-04-03",13
3517,D区,"2024-04-03",36
3518,B区,"2024-04-03",36
3519,E区,"2024-04-03",51
3520,A区,"2024-04-03",379
3521,C区,"2024-04-04",111
3522,D区,"2024-04-04",125
3523,B区,"2024-04-04",189
3524,E区,"2024-04-04",140
3525,A区,"2024-04-04",375
3526,C区,"2024-04-05",110
3527,D区,"2024-04-05",127
3528,B区,"2024-04-05",202
3529,E区,"2024-04-05",85
3530,A区,"2024-04-05",424
3531,C区,"2024-04-06",45
3532,D区,"2024-04-06",26
3533,B区,"2024-04-06",64
3534,E区,"2024-04-06",26
3535,A区,"2024-04-06",194
3536,C区,"2024-04-07",29
3537,D区,"2024-04-07",88
3538,B区,"2024-04-07",52
3539,E区,"2024-04-07",33
3540,A区,"2024-04-07",423
3541,C区,"2024-04-08",26
3542,D区,"2024-04-08",194
3543,B区,"2024-04-08",171
3544,E区,"2024-04-08",106
3545,A区,"2024-04-08",324
3546,C区,"2024-04-09",42
3547,D区,"2024-04-09",89
3548,B区,"2024-04-09",109
3549,E区,"2024-04-09",73
3550,A区,"2024-04-09",177
3551,C区,"2024-04-10",57
3552,D区,"2024-04-10",32
3553,B区,"2024-04-10",40
3554,E区,"2024-04-10",37
3555,A区,"2024-04-10",144
3556,C区,"2024-04-11",142
3557,D区,"2024-04-11",72
3558,B区,"2024-04-11",160
3559,E区,"2024-04-11",297
3560,A区,"2024-04-11",317
3561,C区,"2024-04-12",158
3562,D区,"2024-04-12",60
3563,B区,"2024-04-12",118
3564,E区,"2024-04-12",102
3565,A区,"2024-04-12",397
3566,C区,"2024-04-13",127
3567,D区,"2024-04-13",106
3568,B区,"2024-04-13",159
3569,E区,"2024-04-13",65
3570,A区,"2024-04-13",354
3571,C区,"2024-04-14",43
3572,D区,"2024-04-14",151
3573,B区,"2024-04-14",66
3574,E区,"2024-04-14",27
3575,A区,"2024-04-14",527
3576,C区,"2024-04-15",55
3577,D区,"2024-04-15",75
3578,B区,"2024-04-15",124
3579,E区,"2024-04-15",262
3580,A区,"2024-04-15",437
3581,C区,"2024-04-16",110
3582,D区,"2024-04-16",133
3583,B区,"2024-04-16",35
3584,E区,"2024-04-16",22
3585,A区,"2024-04-16",503
3586,C区,"2024-04-17",33
3587,D区,"2024-04-17",82
3588,B区,"2024-04-17",32
3589,E区,"2024-04-17",74
3590,A区,"2024-04-17",184
3591,C区,"2024-04-18",28
3592,D区,"2024-04-18",134
3593,B区,"2024-04-18",11
3594,E区,"2024-04-18",49
3595,A区,"2024-04-18",382
3596,C区,"2024-04-19",94
3597,D区,"2024-04-19",25
3598,B区,"2024-04-19",122
3599,E区,"2024-04-19",113
3600,A区,"2024-04-19",154
3601,C区,"2024-04-20",75
3602,D区,"2024-04-20",113
3603,B区,"2024-04-20",47
3604,E区,"2024-04-20",14
3605,A区,"2024-04-20",375
3606,C区,"2024-04-21",109
3607,D区,"2024-04-21",13
3608,B区,"2024-04-21",104
3609,E区,"2024-04-21",94
3610,A区,"2024-04-21",253
3611,C区,"2024-04-22",177
3612,D区,"2024-04-22",17
3613,B区,"2024-04-22",112
3614,E区,"2024-04-22",33
3615,A区,"2024-04-22",651
3616,C区,"2024-04-23",105
3617,D区,"2024-04-23",26
3618,B区,"2024-04-23",70
3619,E区,"2024-04-23",167
3620,A区,"2024-04-23",413
3621,C区,"2024-04-24",24
3622,D区,"2024-04-24",36
3623,B区,"2024-04-24",35
3624,E区,"2024-04-24",58
3625,A区,"2024-04-24",150
3626,C区,"2024-04-25",31
3627,D区,"2024-04-25",27
3628,B区,"2024-04-25",89
3629,E区,"2024-04-25",50
3630,A区,"2024-04-25",136
3631,C区,"2024-04-26",12
3632,D区,"2024-04-26",29
3633,B区,"2024-04-26",73
3634,E区,"2024-04-26",62
3635,A区,"2024-04-26",473
3636,C区,"2024-04-27",159
3637,D区,"2024-04-27",94
3638,B区,"2024-04-27",36
3639,E区,"2024-04-27",196
3640,A区,"2024-04-27",414
3641,C区,"2024-04-28",116
3642,D区,"2024-04-28",161
3643,B区,"2024-04-28",154
3644,E区,"2024-04-28",138
3645,A区,"2024-04-28",365
3646,C区,"2024-04-29",50
3647,D区,"2024-04-29",86
3648,B区,"2024-04-29",55
3649,E区,"2024-04-29",106
3650,A区,"2024-04-29",144
3651,C区,"2024-04-30",25
3652,D区,"2024-04-30",14
3653,B区,"2024-04-30",31
3654,E区,"2024-04-30",378
3655,A区,"2024-04-30",512
3656,C区,"2024-05-01",82
3657,D区,"2024-05-01",102
3658,B区,"2024-05-01",82
3659,E区,"2024-05-01",96
3660,A区,"2024-05-01",206
3661,C区,"2024-05-02",38
3662,D区,"2024-05-02",40
3663,B区,"2024-05-02",79
3664,E区,"2024-05-02",13
3665,A区,"2024-05-02",259
3666,C区,"2024-05-03",91
3667,D区,"2024-05-03",88
3668,B区,"2024-05-03",63
3669,E区,"2024-05-03",111
3670,A区,"2024-05-03",208
3671,C区,"2024-05-04",35
3672,D区,"2024-05-04",19
3673,B区,"2024-05-04",92
3674,E区,"2024-05-04",128
3675,A区,"2024-05-04",283
3676,C区,"2024-05-05",182
3677,D区,"2024-05-05",137
3678,B区,"2024-05-05",131
3679,E区,"2024-05-05",129
3680,A区,"2024-05-05",363
3681,C区,"2024-05-06",36
3682,D区,"2024-05-06",130
3683,B区,"2024-05-06",99
3684,E区,"2024-05-06",220
3685,A区,"2024-05-06",244
3686,C区,"2024-05-07",66
3687,D区,"2024-05-07",108
3688,B区,"2024-05-07",119
3689,E区,"2024-05-07",38
3690,A区,"2024-05-07",211
3691,C区,"2024-05-08",10
3692,D区,"2024-05-08",16
3693,B区,"2024-05-08",108
3694,E区,"2024-05-08",115
3695,A区,"2024-05-08",302
3696,C区,"2024-05-09",20
3697,D区,"2024-05-09",36
3698,B区,"2024-05-09",13
3699,E区,"2024-05-09",50
3700,A区,"2024-05-09",266
3701,C区,"2024-05-10",144
3702,D区,"2024-05-10",46
3703,B区,"2024-05-10",45
3704,E区,"2024-05-10",144
3705,A区,"2024-05-10",592
3706,C区,"2024-05-11",81
3707,D区,"2024-05-11",39
3708,B区,"2024-05-11",96
3709,E区,"2024-05-11",83
3710,A区,"2024-05-11",189
3711,C区,"2024-05-12",70
3712,D区,"2024-05-12",21
3713,B区,"2024-05-12",80
3714,E区,"2024-05-12",192
3715,A区,"2024-05-12",219
3716,C区,"2024-05-13",65
3717,D区,"2024-05-13",93
3718,B区,"2024-05-13",179
3719,E区,"2024-05-13",219
3720,A区,"2024-05-13",239
3721,C区,"2024-05-14",98
3722,D区,"2024-05-14",216
3723,B区,"2024-05-14",58
3724,E区,"2024-05-14",288
3725,A区,"2024-05-14",317
3726,C区,"2024-05-15",84
3727,D区,"2024-05-15",83
3728,B区,"2024-05-15",86
3729,E区,"2024-05-15",64
3730,A区,"2024-05-15",480
3731,C区,"2024-05-16",87
3732,D区,"2024-05-16",146
3733,B区,"2024-05-16",239
3734,E区,"2024-05-16",103
3735,A区,"2024-05-16",385
3736,C区,"2024-05-17",30
3737,D区,"2024-05-17",27
3738,B区,"2024-05-17",100
3739,E区,"2024-05-17",22
3740,A区,"2024-05-17",180
3741,C区,"2024-05-18",147
3742,D区,"2024-05-18",60
3743,B区,"2024-05-18",158
3744,E区,"2024-05-18",139
3745,A区,"2024-05-18",345
3746,C区,"2024-05-19",22
3747,D区,"2024-05-19",57
3748,B区,"2024-05-19",46
3749,E区,"2024-05-19",29
3750,A区,"2024-05-19",170
3751,C区,"2024-05-20",109
3752,D区,"2024-05-20",198
3753,B区,"2024-05-20",119
3754,E区,"2024-05-20",142
3755,A区,"2024-05-20",336
3756,C区,"2024-05-21",20
3757,D区,"2024-05-21",104
3758,B区,"2024-05-21",81
3759,E区,"2024-05-21",215
3760,A区,"2024-05-21",242
3761,C区,"2024-05-22",106
3762,D区,"2024-05-22",118
3763,B区,"2024-05-22",17
3764,E区,"2024-05-22",137
3765,A区,"2024-05-22",427
3766,C区,"2024-05-23",31
3767,D区,"2024-05-23",110
3768,B区,"2024-05-23",52
3769,E区,"2024-05-23",150
3770,A区,"2024-05-23",653
3771,C区,"2024-05-24",94
3772,D区,"2024-05-24",80
3773,B区,"2024-05-24",118
3774,E区,"2024-05-24",39
3775,A区,"2024-05-24",244
3776,C区,"2024-05-25",66
3777,D区,"2024-05-25",121
3778,B区,"2024-05-25",83
3779,E区,"2024-05-25",34
3780,A区,"2024-05-25",249
3781,C区,"2024-05-26",86
3782,D区,"2024-05-26",41
3783,B区,"2024-05-26",76
3784,E区,"2024-05-26",137
3785,A区,"2024-05-26",175
3786,C区,"2024-05-27",69
3787,D区,"2024-05-27",145
3788,B区,"2024-05-27",50
3789,E区,"2024-05-27",33
3790,A区,"2024-05-27",490
3791,C区,"2024-05-28",15
3792,D区,"2024-05-28",57
3793,B区,"2024-05-28",136
3794,E区,"2024-05-28",127
3795,A区,"2024-05-28",163
3796,C区,"2024-05-29",61
3797,D区,"2024-05-29",24
3798,B区,"2024-05-29",88
3799,E区,"2024-05-29",81
3800,A区,"2024-05-29",507
3801,C区,"2024-05-30",129
3802,D区,"2024-05-30",202
3803,B区,"2024-05-30",66
3804,E区,"2024-05-30",54
3805,A区,"2024-05-30",504
3806,C区,"2024-05-31",56
3807,D区,"2024-05-31",15
3808,B区,"2024-05-31",61
3809,E区,"2024-05-31",32
3810,A区,"2024-05-31",179
3811,C区,"2024-06-01",107
3812,D区,"2024-06-01",88
3813,B区,"2024-06-01",21
3814,E区,"2024-06-01",174
3815,A区,"2024-06-01",286
3816,C区,"2024-06-02",24
3817,D区,"2024-06-02",77
3818,B区,"2024-06-02",108
3819,E区,"2024-06-02",119
3820,A区,"2024-06-02",211
3821,C区,"2024-06-03",122
3822,D区,"2024-06-03",136
3823,B区,"2024-06-03",32
3824,E区,"2024-06-03",66
3825,A区,"2024-06-03",629
3826,C区,"2024-06-04",59
3827,D区,"2024-06-04",53
3828,B区,"2024-06-04",76
3829,E区,"2024-06-04",15
3830,A区,"2024-06-04",157
3831,C区,"2024-06-05",50
3832,D区,"2024-06-05",32
3833,B区,"2024-06-05",75
3834,E区,"2024-06-05",24
3835,A区,"2024-06-05",170
3836,C区,"2024-06-06",111
3837,D区,"2024-06-06",99
3838,B区,"2024-06-06",135
3839,E区,"2024-06-06",36
3840,A区,"2024-06-06",488
3841,C区,"2024-06-07",52
3842,D区,"2024-06-07",30
3843,B区,"2024-06-07",15
3844,E区,"2024-06-07",102
3845,A区,"2024-06-07",164
3846,C区,"2024-06-08",102
3847,D区,"2024-06-08",85
3848,B区,"2024-06-08",152
3849,E区,"2024-06-08",87
3850,A区,"2024-06-08",274
3851,C区,"2024-06-09",77
3852,D区,"2024-06-09",48
3853,B区,"2024-06-09",93
3854,E区,"2024-06-09",77
3855,A区,"2024-06-09",493
3856,C区,"2024-06-10",74
3857,D区,"2024-06-10",15
3858,B区,"2024-06-10",48
3859,E区,"2024-06-10",10
3860,A区,"2024-06-10",270
3861,C区,"2024-06-11",62
3862,D区,"2024-06-11",40
3863,B区,"2024-06-11",71
3864,E区,"2024-06-11",188
3865,A区,"2024-06-11",281
3866,C区,"2024-06-12",124
3867,D区,"2024-06-12",52
3868,B区,"2024-06-12",20
3869,E区,"2024-06-12",86
3870,A区,"2024-06-12",496
3871,C区,"2024-06-13",50
3872,D区,"2024-06-13",117
3873,B区,"2024-06-13",155
3874,E区,"2024-06-13",74
3875,A区,"2024-06-13",435
3876,C区,"2024-06-14",78
3877,D区,"2024-06-14",86
3878,B区,"2024-06-14",64
3879,E区,"2024-06-14",29
3880,A区,"2024-06-14",294
3881,C区,"2024-06-15",114
3882,D区,"2024-06-15",40
3883,B区,"2024-06-15",24
3884,E区,"2024-06-15",300
3885,A区,"2024-06-15",338
3886,C区,"2024-06-16",173
3887,D区,"2024-06-16",132
3888,B区,"2024-06-16",178
3889,E区,"2024-06-16",27
3890,A区,"2024-06-16",426
3891,C区,"2024-06-17",121
3892,D区,"2024-06-17",26
3893,B区,"2024-06-17",56
3894,E区,"2024-06-17",156
3895,A区,"2024-06-17",292
3896,C区,"2024-06-18",154
3897,D区,"2024-06-18",116
3898,B区,"2024-06-18",159
3899,E区,"2024-06-18",94
3900,A区,"2024-06-18",251
3901,C区,"2024-06-19",72
3902,D区,"2024-06-19",84
3903,B区,"2024-06-19",114
3904,E区,"2024-06-19",50
3905,A区,"2024-06-19",281
3906,C区,"2024-06-20",88
3907,D区,"2024-06-20",150
3908,B区,"2024-06-20",42
3909,E区,"2024-06-20",23
3910,A区,"2024-06-20",425
3911,C区,"2024-06-21",15
3912,D区,"2024-06-21",71
3913,B区,"2024-06-21",36
3914,E区,"2024-06-21",93
3915,A区,"2024-06-21",298
3916,C区,"2024-06-22",18
3917,D区,"2024-06-22",34
3918,B区,"2024-06-22",187
3919,E区,"2024-06-22",18
3920,A区,"2024-06-22",686
3921,C区,"2024-06-23",54
3922,D区,"2024-06-23",70
3923,B区,"2024-06-23",21
3924,E区,"2024-06-23",78
3925,A区,"2024-06-23",179
3926,C区,"2024-06-24",33
3927,D区,"2024-06-24",109
3928,B区,"2024-06-24",42
3929,E区,"2024-06-24",104
3930,A区,"2024-06-24",188
3931,C区,"2024-06-25",82
3932,D区,"2024-06-25",29
3933,B区,"2024-06-25",64
3934,E区,"2024-06-25",149
3935,A区,"2024-06-25",221
3936,C区,"2024-06-26",32
3937,D区,"2024-06-26",31
3938,B区,"2024-06-26",50
3939,E区,"2024-06-26",35
3940,A区,"2024-06-26",185
3941,C区,"2024-06-27",30
3942,D区,"2024-06-27",12
3943,B区,"2024-06-27",38
3944,E区,"2024-06-27",237
3945,A区,"2024-06-27",670
3946,C区,"2024-06-28",15
3947,D区,"2024-06-28",142
3948,B区,"2024-06-28",185
3949,E区,"2024-06-28",57
3950,A区,"2024-06-28",369
3951,C区,"2024-06-29",107
3952,D区,"2024-06-29",76
3953,B区,"2024-06-29",67
3954,E区,"2024-06-29",113
3955,A区,"2024-06-29",571
3956,C区,"2024-06-30",24
3957,D区,"2024-06-30",138
3958,B区,"2024-06-30",36
3959,E区,"2024-06-30",236
3960,A区,"2024-06-30",472
3961,C区,"2024-07-01",76
3962,D区,"2024-07-01",26
3963,B区,"2024-07-01",27
3964,E区,"2024-07-01",371
3965,A区,"2024-07-01",411
3966,C区,"2024-07-02",31
3967,D区,"2024-07-02",54
3968,B区,"2024-07-02",91
3969,E区,"2024-07-02",139
3970,A区,"2024-07-02",268
3971,C区,"2024-07-03",29
3972,D区,"2024-07-03",35
3973,B区,"2024-07-03",124
3974,E区,"2024-07-03",38
3975,A区,"2024-07-03",364
3976,C区,"2024-07-04",53
3977,D区,"2024-07-04",128
3978,B区,"2024-07-04",37
3979,E区,"2024-07-04",130
3980,A区,"2024-07-04",271
3981,C区,"2024-07-05",62
3982,D区,"2024-07-05",21
3983,B区,"2024-07-05",91
3984,E区,"2024-07-05",13
3985,A区,"2024-07-05",179
3986,C区,"2024-07-06",46
3987,D区,"2024-07-06",116
3988,B区,"2024-07-06",117
3989,E区,"2024-07-06",18
3990,A区,"2024-07-06",350
3991,C区,"2024-07-07",25
3992,D区,"2024-07-07",106
3993,B区,"2024-07-07",19
3994,E区,"2024-07-07",213
3995,A区,"2024-07-07",297
3996,C区,"2024-07-08",77
3997,D区,"2024-07-08",156
3998,B区,"2024-07-08",153
3999,E区,"2024-07-08",139
4000,A区,"2024-07-08",247
4001,C区,"2024-07-09",42
4002,D区,"2024-07-09",56
4003,B区,"2024-07-09",65
4004,E区,"2024-07-09",77
4005,A区,"2024-07-09",125
4006,C区,"2024-07-10",19
4007,D区,"2024-07-10",155
4008,B区,"2024-07-10",182
4009,E区,"2024-07-10",205
4010,A区,"2024-07-10",279
4011,C区,"2024-07-11",135
4012,D区,"2024-07-11",28
4013,B区,"2024-07-11",11
4014,E区,"2024-07-11",40
4015,A区,"2024-07-11",535
4016,C区,"2024-07-12",133
4017,D区,"2024-07-12",109
4018,B区,"2024-07-12",22
4019,E区,"2024-07-12",186
4020,A区,"2024-07-12",232
4021,C区,"2024-07-13",82
4022,D区,"2024-07-13",15
4023,B区,"2024-07-13",23
4024,E区,"2024-07-13",315
4025,A区,"2024-07-13",340
4026,C区,"2024-07-14",77
4027,D区,"2024-07-14",42
4028,B区,"2024-07-14",68
4029,E区,"2024-07-14",192
4030,A区,"2024-07-14",313
4031,C区,"2024-07-15",119
4032,D区,"2024-07-15",12
4033,B区,"2024-07-15",133
4034,E区,"2024-07-15",171
4035,A区,"2024-07-15",261
4036,C区,"2024-07-16",149
4037,D区,"2024-07-16",120
4038,B区,"2024-07-16",95
4039,E区,"2024-07-16",139
4040,A区,"2024-07-16",280
4041,C区,"2024-07-17",74
4042,D区,"2024-07-17",10
4043,B区,"2024-07-17",29
4044,E区,"2024-07-17",40
4045,A区,"2024-07-17",455
4046,C区,"2024-07-18",135
4047,D区,"2024-07-18",23
4048,B区,"2024-07-18",65
4049,E区,"2024-07-18",162
4050,A区,"2024-07-18",452
4051,C区,"2024-07-19",119
4052,D区,"2024-07-19",114
4053,B区,"2024-07-19",20
4054,E区,"2024-07-19",114
4055,A区,"2024-07-19",240
4056,C区,"2024-07-20",60
4057,D区,"2024-07-20",36
4058,B区,"2024-07-20",54
4059,E区,"2024-07-20",75
4060,A区,"2024-07-20",97
4061,C区,"2024-07-21",52
4062,D区,"2024-07-21",61
4063,B区,"2024-07-21",28
4064,E区,"2024-07-21",55
4065,A区,"2024-07-21",112
4066,C区,"2024-07-22",39
4067,D区,"2024-07-22",175
4068,B区,"2024-07-22",172
4069,E区,"2024-07-22",47
4070,A区,"2024-07-22",509
4071,C区,"2024-07-23",36
4072,D区,"2024-07-23",29
4073,B区,"2024-07-23",69
4074,E区,"2024-07-23",31
4075,A区,"2024-07-23",157
4076,C区,"2024-07-24",11
4077,D区,"2024-07-24",32
4078,B区,"2024-07-24",75
4079,E区,"2024-07-24",100
4080,A区,"2024-07-24",101
4081,C区,"2024-07-25",41
4082,D区,"2024-07-25",65
4083,B区,"2024-07-25",20
4084,E区,"2024-07-25",272
4085,A区,"2024-07-25",545
4086,C区,"2024-07-26",56
4087,D区,"2024-07-26",119
4088,B区,"2024-07-26",45
4089,E区,"2024-07-26",115
4090,A区,"2024-07-26",204
4091,C区,"2024-07-27",151
4092,D区,"2024-07-27",105
4093,B区,"2024-07-27",52
4094,E区,"2024-07-27",108
4095,A区,"2024-07-27",477
4096,C区,"2024-07-28",59
4097,D区,"2024-07-28",63
4098,B区,"2024-07-28",89
4099,E区,"2024-07-28",124
4100,A区,"2024-07-28",266
4101,C区,"2024-07-29",31
4102,D区,"2024-07-29",150
4103,B区,"2024-07-29",124
4104,E区,"2024-07-29",246
4105,A区,"2024-07-29",354
4106,C区,"2024-07-30",46
4107,D区,"2024-07-30",22
4108,B区,"2024-07-30",131
4109,E区,"2024-07-30",149
4110,A区,"2024-07-30",259
4111,C区,"2024-07-31",44
4112,D区,"2024-07-31",74
4113,B区,"2024-07-31",46
4114,E区,"2024-07-31",81
4115,A区,"2024-07-31",99
4116,C区,"2024-08-01",45
4117,D区,"2024-08-01",15
4118,B区,"2024-08-01",12
4119,E区,"2024-08-01",148
4120,A区,"2024-08-01",242
4121,C区,"2024-08-02",87
4122,D区,"2024-08-02",98
4123,B区,"2024-08-02",78
4124,E区,"2024-08-02",89
4125,A区,"2024-08-02",212
4126,C区,"2024-08-03",63
4127,D区,"2024-08-03",35
4128,B区,"2024-08-03",160
4129,E区,"2024-08-03",85
4130,A区,"2024-08-03",574
4131,C区,"2024-08-04",14
4132,D区,"2024-08-04",77
4133,B区,"2024-08-04",20
4134,E区,"2024-08-04",73
4135,A区,"2024-08-04",160
4136,C区,"2024-08-05",50
4137,D区,"2024-08-05",51
4138,B区,"2024-08-05",191
4139,E区,"2024-08-05",124
4140,A区,"2024-08-05",509
4141,C区,"2024-08-06",57
4142,D区,"2024-08-06",38
4143,B区,"2024-08-06",44
4144,E区,"2024-08-06",112
4145,A区,"2024-08-06",118
4146,C区,"2024-08-07",41
4147,D区,"2024-08-07",19
4148,B区,"2024-08-07",79
4149,E区,"2024-08-07",18
4150,A区,"2024-08-07",159
4151,C区,"2024-08-08",23
4152,D区,"2024-08-08",20
4153,B区,"2024-08-08",21
4154,E区,"2024-08-08",105
4155,A区,"2024-08-08",149
4156,C区,"2024-08-09",94
4157,D区,"2024-08-09",99
4158,B区,"2024-08-09",41
4159,E区,"2024-08-09",46
4160,A区,"2024-08-09",298
4161,C区,"2024-08-10",44
4162,D区,"2024-08-10",174
4163,B区,"2024-08-10",124
4164,E区,"2024-08-10",73
4165,A区,"2024-08-10",421
4166,C区,"2024-08-11",104
4167,D区,"2024-08-11",49
4168,B区,"2024-08-11",26
4169,E区,"2024-08-11",139
4170,A区,"2024-08-11",237
4171,C区,"2024-08-12",18
4172,D区,"2024-08-12",178
4173,B区,"2024-08-12",71
4174,E区,"2024-08-12",200
4175,A区,"2024-08-12",496
4176,C区,"2024-08-13",36
4177,D区,"2024-08-13",30
4178,B区,"2024-08-13",136
4179,E区,"2024-08-13",39
4180,A区,"2024-08-13",343
4181,C区,"2024-08-14",46
4182,D区,"2024-08-14",43
4183,B区,"2024-08-14",35
4184,E区,"2024-08-14",168
4185,A区,"2024-08-14",169
4186,C区,"2024-08-15",169
4187,D区,"2024-08-15",13
4188,B区,"2024-08-15",237
4189,E区,"2024-08-15",120
4190,A区,"2024-08-15",407
4191,C区,"2024-08-16",48
4192,D区,"2024-08-16",31
4193,B区,"2024-08-16",66
4194,E区,"2024-08-16",24
4195,A区,"2024-08-16",292
4196,C区,"2024-08-17",50
4197,D区,"2024-08-17",56
4198,B区,"2024-08-17",106
4199,E区,"2024-08-17",56
4200,A区,"2024-08-17",278
4201,C区,"2024-08-18",73
4202,D区,"2024-08-18",83
4203,B区,"2024-08-18",10
4204,E区,"2024-08-18",195
4205,A区,"2024-08-18",215
4206,C区,"2024-08-19",29
4207,D区,"2024-08-19",60
4208,B区,"2024-08-19",10
4209,E区,"2024-08-19",56
4210,A区,"2024-08-19",532
4211,C区,"2024-08-20",53
4212,D区,"2024-08-20",109
4213,B区,"2024-08-20",208
4214,E区,"2024-08-20",225
4215,A区,"2024-08-20",362
4216,C区,"2024-08-21",101
4217,D区,"2024-08-21",86
4218,B区,"2024-08-21",213
4219,E区,"2024-08-21",42
4220,A区,"2024-08-21",554
4221,C区,"2024-08-22",33
4222,D区,"2024-08-22",133
4223,B区,"2024-08-22",203
4224,E区,"2024-08-22",285
4225,A区,"2024-08-22",297
4226,C区,"2024-08-23",35
4227,D区,"2024-08-23",80
4228,B区,"2024-08-23",21
4229,E区,"2024-08-23",103
4230,A区,"2024-08-23",132
4231,C区,"2024-08-24",89
4232,D区,"2024-08-24",49
4233,B区,"2024-08-24",117
4234,E区,"2024-08-24",193
4235,A区,"2024-08-24",276
4236,C区,"2024-08-25",38
4237,D区,"2024-08-25",138
4238,B区,"2024-08-25",101
4239,E区,"2024-08-25",178
4240,A区,"2024-08-25",194
4241,C区,"2024-08-26",59
4242,D区,"2024-08-26",80
4243,B区,"2024-08-26",240
4244,E区,"2024-08-26",260
4245,A区,"2024-08-26",260
4246,C区,"2024-08-27",46
4247,D区,"2024-08-27",100
4248,B区,"2024-08-27",94
4249,E区,"2024-08-27",141
4250,A区,"2024-08-27",261
4251,C区,"2024-08-28",116
4252,D区,"2024-08-28",82
4253,B区,"2024-08-28",117
4254,E区,"2024-08-28",115
4255,A区,"2024-08-28",336
4256,C区,"2024-08-29",47
4257,D区,"2024-08-29",92
4258,B区,"2024-08-29",210
4259,E区,"2024-08-29",83
4260,A区,"2024-08-29",538
4261,C区,"2024-08-30",70
4262,D区,"2024-08-30",12
4263,B区,"2024-08-30",182
4264,E区,"2024-08-30",287
4265,A区,"2024-08-30",377
4266,C区,"2024-08-31",35
4267,D区,"2024-08-31",109
4268,B区,"2024-08-31",143
4269,E区,"2024-08-31",96
4270,A区,"2024-08-31",340
4271,C区,"2024-09-01",95
4272,D区,"2024-09-01",63
4273,B区,"2024-09-01",31
4274,E区,"2024-09-01",46
4275,A区,"2024-09-01",259
4276,C区,"2024-09-02",52
4277,D区,"2024-09-02",44
4278,B区,"2024-09-02",64
4279,E区,"2024-09-02",104
4280,A区,"2024-09-02",153
4281,C区,"2024-09-03",26
4282,D区,"2024-09-03",113
4283,B区,"2024-09-03",29
4284,E区,"2024-09-03",125
4285,A区,"2024-09-03",246
4286,C区,"2024-09-04",11
4287,D区,"2024-09-04",39
4288,B区,"2024-09-04",274
4289,E区,"2024-09-04",123
4290,A区,"2024-09-04",429
4291,C区,"2024-09-05",140
4292,D区,"2024-09-05",92
4293,B区,"2024-09-05",34
4294,E区,"2024-09-05",215
4295,A区,"2024-09-05",362
4296,C区,"2024-09-06",16
4297,D区,"2024-09-06",13
4298,B区,"2024-09-06",80
4299,E区,"2024-09-06",11
4300,A区,"2024-09-06",276
4301,C区,"2024-09-07",110
4302,D区,"2024-09-07",92
4303,B区,"2024-09-07",112
4304,E区,"2024-09-07",136
4305,A区,"2024-09-07",226
4306,C区,"2024-09-08",111
4307,D区,"2024-09-08",99
4308,B区,"2024-09-08",58
4309,E区,"2024-09-08",279
4310,A区,"2024-09-08",422
4311,C区,"2024-09-09",128
4312,D区,"2024-09-09",146
4313,B区,"2024-09-09",79
4314,E区,"2024-09-09",47
4315,A区,"2024-09-09",366
4316,C区,"2024-09-10",88
4317,D区,"2024-09-10",27
4318,B区,"2024-09-10",53
4319,E区,"2024-09-10",177
4320,A区,"2024-09-10",200
4321,C区,"2024-09-11",19
4322,D区,"2024-09-11",91
4323,B区,"2024-09-11",89
4324,E区,"2024-09-11",258
4325,A区,"2024-09-11",413
4326,C区,"2024-09-12",27
4327,D区,"2024-09-12",44
4328,B区,"2024-09-12",35
4329,E区,"2024-09-12",83
4330,A区,"2024-09-12",181
4331,C区,"2024-09-13",20
4332,D区,"2024-09-13",65
4333,B区,"2024-09-13",182
4334,E区,"2024-09-13",170
4335,A区,"2024-09-13",226
4336,C区,"2024-09-14",99
4337,D区,"2024-09-14",116
4338,B区,"2024-09-14",76
4339,E区,"2024-09-14",71
4340,A区,"2024-09-14",291
4341,C区,"2024-09-15",43
4342,D区,"2024-09-15",19
4343,B区,"2024-09-15",18
4344,E区,"2024-09-15",47
4345,A区,"2024-09-15",283
4346,C区,"2024-09-16",74
4347,D区,"2024-09-16",43
4348,B区,"2024-09-16",123
4349,E区,"2024-09-16",93
4350,A区,"2024-09-16",171
4351,C区,"2024-09-17",109
4352,D区,"2024-09-17",50
4353,B区,"2024-09-17",112
4354,E区,"2024-09-17",13
4355,A区,"2024-09-17",452
4356,C区,"2024-09-18",67
4357,D区,"2024-09-18",18
4358,B区,"2024-09-18",200
4359,E区,"2024-09-18",24
4360,A区,"2024-09-18",383
4361,C区,"2024-09-19",16
4362,D区,"2024-09-19",119
4363,B区,"2024-09-19",103
4364,E区,"2024-09-19",180
4365,A区,"2024-09-19",215
4366,C区,"2024-09-20",163
4367,D区,"2024-09-20",125
4368,B区,"2024-09-20",72
4369,E区,"2024-09-20",151
4370,A区,"2024-09-20",415
4371,C区,"2024-09-21",86
4372,D区,"2024-09-21",73
4373,B区,"2024-09-21",44
4374,E区,"2024-09-21",32
4375,A区,"2024-09-21",289
4376,C区,"2024-09-22",179
4377,D区,"2024-09-22",124
4378,B区,"2024-09-22",153
4379,E区,"2024-09-22",13
4380,A区,"2024-09-22",427
4381,C区,"2024-09-23",87
4382,D区,"2024-09-23",28
4383,B区,"2024-09-23",70
4384,E区,"2024-09-23",181
4385,A区,"2024-09-23",234
4386,C区,"2024-09-24",148
4387,D区,"2024-09-24",176
4388,B区,"2024-09-24",52
4389,E区,"2024-09-24",49
4390,A区,"2024-09-24",429
4391,C区,"2024-09-25",73
4392,D区,"2024-09-25",109
4393,B区,"2024-09-25",120
4394,E区,"2024-09-25",90
4395,A区,"2024-09-25",218
4396,C区,"2024-09-26",63
4397,D区,"2024-09-26",96
4398,B区,"2024-09-26",32
4399,E区,"2024-09-26",168
4400,A区,"2024-09-26",174
4401,C区,"2024-09-27",52
4402,D区,"2024-09-27",124
4403,B区,"2024-09-27",134
4404,E区,"2024-09-27",59
4405,A区,"2024-09-27",242
4406,C区,"2024-09-28",84
4407,D区,"2024-09-28",70
4408,B区,"2024-09-28",77
4409,E区,"2024-09-28",38
4410,A区,"2024-09-28",212
4411,C区,"2024-09-29",131
4412,D区,"2024-09-29",135
4413,B区,"2024-09-29",109
4414,E区,"2024-09-29",131
4415,A区,"2024-09-29",206
4416,C区,"2024-09-30",13
4417,D区,"2024-09-30",142
4418,B区,"2024-09-30",91
4419,E区,"2024-09-30",104
4420,A区,"2024-09-30",304
4421,C区,"2024-10-01",70
4422,D区,"2024-10-01",99
4423,B区,"2024-10-01",149
4424,E区,"2024-10-01",53
4425,A区,"2024-10-01",307
4426,C区,"2024-10-02",127
4427,D区,"2024-10-02",189
4428,B区,"2024-10-02",165
4429,E区,"2024-10-02",183
4430,A区,"2024-10-02",303
4431,C区,"2024-10-03",80
4432,D区,"2024-10-03",79
4433,B区,"2024-10-03",55
4434,E区,"2024-10-03",113
4435,A区,"2024-10-03",119
4436,C区,"2024-10-04",121
4437,D区,"2024-10-04",143
4438,B区,"2024-10-04",108
4439,E区,"2024-10-04",213
4440,A区,"2024-10-04",252
4441,C区,"2024-10-05",85
4442,D区,"2024-10-05",43
4443,B区,"2024-10-05",108
4444,E区,"2024-10-05",140
4445,A区,"2024-10-05",165
4446,C区,"2024-10-06",10
4447,D区,"2024-10-06",55
4448,B区,"2024-10-06",95
4449,E区,"2024-10-06",92
4450,A区,"2024-10-06",181
4451,C区,"2024-10-07",103
4452,D区,"2024-10-07",22
4453,B区,"2024-10-07",59
4454,E区,"2024-10-07",203
4455,A区,"2024-10-07",223
4456,C区,"2024-10-08",76
4457,D区,"2024-10-08",50
4458,B区,"2024-10-08",140
4459,E区,"2024-10-08",147
4460,A区,"2024-10-08",440
4461,C区,"2024-10-09",81
4462,D区,"2024-10-09",100
4463,B区,"2024-10-09",28
4464,E区,"2024-10-09",147
4465,A区,"2024-10-09",295
4466,C区,"2024-10-10",183
4467,D区,"2024-10-10",173
4468,B区,"2024-10-10",30
4469,E区,"2024-10-10",153
4470,A区,"2024-10-10",403
4471,C区,"2024-10-11",71
4472,D区,"2024-10-11",22
4473,B区,"2024-10-11",42
4474,E区,"2024-10-11",66
4475,A区,"2024-10-11",198
4476,C区,"2024-10-12",19
4477,D区,"2024-10-12",71
4478,B区,"2024-10-12",23
4479,E区,"2024-10-12",91
4480,A区,"2024-10-12",100
4481,C区,"2024-10-13",73
4482,D区,"2024-10-13",71
4483,B区,"2024-10-13",103
4484,E区,"2024-10-13",81
4485,A区,"2024-10-13",295
4486,C区,"2024-10-14",154
4487,D区,"2024-10-14",176
4488,B区,"2024-10-14",21
4489,E区,"2024-10-14",207
4490,A区,"2024-10-14",418
4491,C区,"2024-10-15",31
4492,D区,"2024-10-15",103
4493,B区,"2024-10-15",40
4494,E区,"2024-10-15",155
4495,A区,"2024-10-15",231
4496,C区,"2024-10-16",32
4497,D区,"2024-10-16",78
4498,B区,"2024-10-16",106
4499,E区,"2024-10-16",60
4500,A区,"2024-10-16",166
4501,C区,"2024-10-17",176
4502,D区,"2024-10-17",62
4503,B区,"2024-10-17",140
4504,E区,"2024-10-17",251
4505,A区,"2024-10-17",308
4506,C区,"2024-10-18",28
4507,D区,"2024-10-18",100
4508,B区,"2024-10-18",137
4509,E区,"2024-10-18",34
4510,A区,"2024-10-18",351
4511,C区,"2024-10-19",134
4512,D区,"2024-10-19",23
4513,B区,"2024-10-19",91
4514,E区,"2024-10-19",197
4515,A区,"2024-10-19",315
4516,C区,"2024-10-20",69
4517,D区,"2024-10-20",26
4518,B区,"2024-10-20",53
4519,E区,"2024-10-20",82
4520,A区,"2024-10-20",474
4521,C区,"2024-10-21",49
4522,D区,"2024-10-21",35
4523,B区,"2024-10-21",72
4524,E区,"2024-10-21",190
4525,A区,"2024-10-21",208
4526,C区,"2024-10-22",32
4527,D区,"2024-10-22",23
4528,B区,"2024-10-22",26
4529,E区,"2024-10-22",85
4530,A区,"2024-10-22",443
4531,C区,"2024-10-23",43
4532,D区,"2024-10-23",27
4533,B区,"2024-10-23",42
4534,E区,"2024-10-23",18
4535,A区,"2024-10-23",265
4536,C区,"2024-10-24",48
4537,D区,"2024-10-24",19
4538,B区,"2024-10-24",170
4539,E区,"2024-10-24",110
4540,A区,"2024-10-24",289
4541,C区,"2024-10-25",85
4542,D区,"2024-10-25",201
4543,B区,"2024-10-25",108
4544,E区,"2024-10-25",129
4545,A区,"2024-10-25",405
4546,C区,"2024-10-26",128
4547,D区,"2024-10-26",94
4548,B区,"2024-10-26",88
4549,E区,"2024-10-26",46
4550,A区,"2024-10-26",290
4551,C区,"2024-10-27",35
4552,D区,"2024-10-27",43
4553,B区,"2024-10-27",92
4554,E区,"2024-10-27",204
4555,A区,"2024-10-27",344
4556,C区,"2024-10-28",36
4557,D区,"2024-10-28",15
4558,B区,"2024-10-28",17
4559,E区,"2024-10-28",73
4560,A区,"2024-10-28",434
4561,C区,"2024-10-29",90
4562,D区,"2024-10-29",103
4563,B区,"2024-10-29",77
4564,E区,"2024-10-29",36
4565,A区,"2024-10-29",211
4566,C区,"2024-10-30",113
4567,D区,"2024-10-30",43
4568,B区,"2024-10-30",145
4569,E区,"2024-10-30",128
4570,A区,"2024-10-30",304
4571,C区,"2024-10-31",21
4572,D区,"2024-10-31",30
4573,B区,"2024-10-31",120
4574,E区,"2024-10-31",56
4575,A区,"2024-10-31",239
4576,C区,"2024-11-01",25
4577,D区,"2024-11-01",22
4578,B区,"2024-11-01",76
4579,E区,"2024-11-01",79
4580,A区,"2024-11-01",136
4581,C区,"2024-11-02",56
4582,D区,"2024-11-02",14
4583,B区,"2024-11-02",42
4584,E区,"2024-11-02",116
4585,A区,"2024-11-02",273
4586,C区,"2024-11-03",30
4587,D区,"2024-11-03",23
4588,B区,"2024-11-03",54
4589,E区,"2024-11-03",100
4590,A区,"2024-11-03",255
4591,C区,"2024-11-04",79
4592,D区,"2024-11-04",90
4593,B区,"2024-11-04",40
4594,E区,"2024-11-04",184
4595,A区,"2024-11-04",207
4596,C区,"2024-11-05",24
4597,D区,"2024-11-05",52
4598,B区,"2024-11-05",126
4599,E区,"2024-11-05",107
4600,A区,"2024-11-05",404
4601,C区,"2024-11-06",19
4602,D区,"2024-11-06",213
4603,B区,"2024-11-06",203
4604,E区,"2024-11-06",195
4605,A区,"2024-11-06",242
4606,C区,"2024-11-07",10
4607,D区,"2024-11-07",89
4608,B区,"2024-11-07",18
4609,E区,"2024-11-07",96
4610,A区,"2024-11-07",196
4611,C区,"2024-11-08",61
4612,D区,"2024-11-08",149
4613,B区,"2024-11-08",109
4614,E区,"2024-11-08",115
4615,A区,"2024-11-08",287
4616,C区,"2024-11-09",13
4617,D区,"2024-11-09",31
4618,B区,"2024-11-09",109
4619,E区,"2024-11-09",39
4620,A区,"2024-11-09",245
4621,C区,"2024-11-10",68
4622,D区,"2024-11-10",88
4623,B区,"2024-11-10",36
4624,E区,"2024-11-10",84
4625,A区,"2024-11-10",215
4626,C区,"2024-11-11",85
4627,D区,"2024-11-11",149
4628,B区,"2024-11-11",80
4629,E区,"2024-11-11",230
4630,A区,"2024-11-11",241
4631,C区,"2024-11-12",151
4632,D区,"2024-11-12",102
4633,B区,"2024-11-12",81
4634,E区,"2024-11-12",139
4635,A区,"2024-11-12",356
4636,C区,"2024-11-13",10
4637,D区,"2024-11-13",146
4638,B区,"2024-11-13",119
4639,E区,"2024-11-13",245
4640,A区,"2024-11-13",440
4641,C区,"2024-11-14",96
4642,D区,"2024-11-14",51
4643,B区,"2024-11-14",27
4644,E区,"2024-11-14",356
4645,A区,"2024-11-14",389
4646,C区,"2024-11-15",32
4647,D区,"2024-11-15",78
4648,B区,"2024-11-15",59
4649,E区,"2024-11-15",34
4650,A区,"2024-11-15",298
4651,C区,"2024-11-16",86
4652,D区,"2024-11-16",118
4653,B区,"2024-11-16",209
4654,E区,"2024-11-16",146
4655,A区,"2024-11-16",286
4656,C区,"2024-11-17",48
4657,D区,"2024-11-17",97
4658,B区,"2024-11-17",39
4659,E区,"2024-11-17",159
4660,A区,"2024-11-17",170
4661,C区,"2024-11-18",66
4662,D区,"2024-11-18",189
4663,B区,"2024-11-18",197
4664,E区,"2024-11-18",85
4665,A区,"2024-11-18",440
4666,C区,"2024-11-19",20
4667,D区,"2024-11-19",188
4668,B区,"2024-11-19",236
4669,E区,"2024-11-19",123
4670,A区,"2024-11-19",388
4671,C区,"2024-11-20",131
4672,D区,"2024-11-20",91
4673,B区,"2024-11-20",148
4674,E区,"2024-11-20",177
4675,A区,"2024-11-20",190
4676,C区,"2024-11-21",34
4677,D区,"2024-11-21",101
4678,B区,"2024-11-21",225
4679,E区,"2024-11-21",272
4680,A区,"2024-11-21",327
4681,C区,"2024-11-22",109
4682,D区,"2024-11-22",43
4683,B区,"2024-11-22",43
4684,E区,"2024-11-22",278
4685,A区,"2024-11-22",495
4686,C区,"2024-11-23",67
4687,D区,"2024-11-23",51
4688,B区,"2024-11-23",187
4689,E区,"2024-11-23",34
4690,A区,"2024-11-23",425
4691,C区,"2024-11-24",19
4692,D区,"2024-11-24",47
4693,B区,"2024-11-24",30
4694,E区,"2024-11-24",62
4695,A区,"2024-11-24",180
4696,C区,"2024-11-25",121
4697,D区,"2024-11-25",117
4698,B区,"2024-11-25",33
4699,E区,"2024-11-25",136
4700,A区,"2024-11-25",391
4701,C区,"2024-11-26",99
4702,D区,"2024-11-26",64
4703,B区,"2024-11-26",97
4704,E区,"2024-11-26",114
4705,A区,"2024-11-26",146
4706,C区,"2024-11-27",49
4707,D区,"2024-11-27",97
4708,B区,"2024-11-27",59
4709,E区,"2024-11-27",57
4710,A区,"2024-11-27",441
4711,C区,"2024-11-28",60
4712,D区,"2024-11-28",20
4713,B区,"2024-11-28",36
4714,E区,"2024-11-28",14
4715,A区,"2024-11-28",265
4716,C区,"2024-11-29",96
4717,D区,"2024-11-29",49
4718,B区,"2024-11-29",106
4719,E区,"2024-11-29",169
4720,A区,"2024-11-29",289
4721,C区,"2024-11-30",68
4722,D区,"2024-11-30",66
4723,B区,"2024-11-30",36
4724,E区,"2024-11-30",29
4725,A区,"2024-11-30",162
4726,C区,"2024-12-01",120
4727,D区,"2024-12-01",77
4728,B区,"2024-12-01",55
4729,E区,"2024-12-01",251
4730,A区,"2024-12-01",284
4731,C区,"2024-12-02",28
4732,D区,"2024-12-02",26
4733,B区,"2024-12-02",62
4734,E区,"2024-12-02",48
4735,A区,"2024-12-02",236
4736,C区,"2024-12-03",50
4737,D区,"2024-12-03",109
4738,B区,"2024-12-03",108
4739,E区,"2024-12-03",82
4740,A区,"2024-12-03",232
4741,C区,"2024-12-04",153
4742,D区,"2024-12-04",27
4743,B区,"2024-12-04",91
4744,E区,"2024-12-04",292
4745,A区,"2024-12-04",300
4746,C区,"2024-12-05",38
4747,D区,"2024-12-05",20
4748,B区,"2024-12-05",79
4749,E区,"2024-12-05",145
4750,A区,"2024-12-05",162
4751,C区,"2024-12-06",19
4752,D区,"2024-12-06",140
4753,B区,"2024-12-06",146
4754,E区,"2024-12-06",171
4755,A区,"2024-12-06",290
4756,C区,"2024-12-07",100
4757,D区,"2024-12-07",32
4758,B区,"2024-12-07",139
4759,E区,"2024-12-07",46
4760,A区,"2024-12-07",424
4761,C区,"2024-12-08",20
4762,D区,"2024-12-08",33
4763,B区,"2024-12-08",70
4764,E区,"2024-12-08",240
4765,A区,"2024-12-08",328
4766,C区,"2024-12-09",88
4767,D区,"2024-12-09",174
4768,B区,"2024-12-09",187
4769,E区,"2024-12-09",152
4770,A区,"2024-12-09",237
4771,C区,"2024-12-10",56
4772,D区,"2024-12-10",51
4773,B区,"2024-12-10",218
4774,E区,"2024-12-10",175
4775,A区,"2024-12-10",372
4776,C区,"2024-12-11",90
4777,D区,"2024-12-11",76
4778,B区,"2024-12-11",13
4779,E区,"2024-12-11",45
4780,A区,"2024-12-11",279
4781,C区,"2024-12-12",115
4782,D区,"2024-12-12",64
4783,B区,"2024-12-12",89
4784,E区,"2024-12-12",208
4785,A区,"2024-12-12",214
4786,C区,"2024-12-13",99
4787,D区,"2024-12-13",84
4788,B区,"2024-12-13",26
4789,E区,"2024-12-13",99
4790,A区,"2024-12-13",337
4791,C区,"2024-12-14",32
4792,D区,"2024-12-14",152
4793,B区,"2024-12-14",134
4794,E区,"2024-12-14",157
4795,A区,"2024-12-14",466
4796,C区,"2024-12-15",101
4797,D区,"2024-12-15",29
4798,B区,"2024-12-15",173
4799,E区,"2024-12-15",106
4800,A区,"2024-12-15",347
4801,C区,"2024-12-16",27
4802,D区,"2024-12-16",64
4803,B区,"2024-12-16",50
4804,E区,"2024-12-16",107
4805,A区,"2024-12-16",158
4806,C区,"2024-12-17",142
4807,D区,"2024-12-17",146
4808,B区,"2024-12-17",101
4809,E区,"2024-12-17",231
4810,A区,"2024-12-17",358
4811,C区,"2024-12-18",24
4812,D区,"2024-12-18",106
4813,B区,"2024-12-18",65
4814,E区,"2024-12-18",85
4815,A区,"2024-12-18",205
4816,C区,"2024-12-19",48
4817,D区,"2024-12-19",27
4818,B区,"2024-12-19",145
4819,E区,"2024-12-19",226
4820,A区,"2024-12-19",262
4821,C区,"2024-12-20",71
4822,D区,"2024-12-20",61
4823,B区,"2024-12-20",74
4824,E区,"2024-12-20",97
4825,A区,"2024-12-20",199
4826,C区,"2024-12-21",137
4827,D区,"2024-12-21",65
4828,B区,"2024-12-21",20
4829,E区,"2024-12-21",19
4830,A区,"2024-12-21",575
4831,C区,"2024-12-22",37
4832,D区,"2024-12-22",126
4833,B区,"2024-12-22",14
4834,E区,"2024-12-22",107
4835,A区,"2024-12-22",347
4836,C区,"2024-12-23",36
4837,D区,"2024-12-23",91
4838,B区,"2024-12-23",69
4839,E区,"2024-12-23",63
4840,A区,"2024-12-23",499
4841,C区,"2024-12-24",28
4842,D区,"2024-12-24",24
4843,B区,"2024-12-24",21
4844,E区,"2024-12-24",33
4845,A区,"2024-12-24",399
4846,C区,"2024-12-25",59
4847,D区,"2024-12-25",27
4848,B区,"2024-12-25",91
4849,E区,"2024-12-25",52
4850,A区,"2024-12-25",150
4851,C区,"2024-12-26",91
4852,D区,"2024-12-26",41
4853,B区,"2024-12-26",62
4854,E区,"2024-12-26",18
4855,A区,"2024-12-26",364
4856,C区,"2024-12-27",39
4857,D区,"2024-12-27",49
4858,B区,"2024-12-27",62
4859,E区,"2024-12-27",142
4860,A区,"2024-12-27",319
4861,C区,"2024-12-28",46
4862,D区,"2024-12-28",192
4863,B区,"2024-12-28",183
4864,E区,"2024-12-28",178
4865,A区,"2024-12-28",263
4866,C区,"2024-12-29",68
4867,D区,"2024-12-29",31
4868,B区,"2024-12-29",56
4869,E区,"2024-12-29",73
4870,A区,"2024-12-29",152
4871,C区,"2024-12-30",67
4872,D区,"2024-12-30",41
4873,B区,"2024-12-30",136
4874,E区,"2024-12-30",100
4875,A区,"2024-12-30",243
4876,C区,"2024-12-31",65
4877,D区,"2024-12-31",93
4878,B区,"2024-12-31",39
4879,E区,"2024-12-31",38
4880,A区,"2024-12-31",203
4881,C区,"2025-01-01",87
4882,D区,"2025-01-01",160
4883,B区,"2025-01-01",43
4884,E区,"2025-01-01",161
4885,A区,"2025-01-01",285
4886,C区,"2025-01-02",183
4887,D区,"2025-01-02",23
4888,B区,"2025-01-02",120
4889,E区,"2025-01-02",143
4890,A区,"2025-01-02",491
4891,C区,"2025-01-03",68
4892,D区,"2025-01-03",73
4893,B区,"2025-01-03",85
4894,E区,"2025-01-03",57
4895,A区,"2025-01-03",157
4896,C区,"2025-01-04",178
4897,D区,"2025-01-04",41
4898,B区,"2025-01-04",206
4899,E区,"2025-01-04",171
4900,A区,"2025-01-04",333
4901,C区,"2025-01-05",115
4902,D区,"2025-01-05",80
4903,B区,"2025-01-05",107
4904,E区,"2025-01-05",127
4905,A区,"2025-01-05",254
4906,C区,"2025-01-06",85
4907,D区,"2025-01-06",32
4908,B区,"2025-01-06",111
4909,E区,"2025-01-06",90
4910,A区,"2025-01-06",136
4911,C区,"2025-01-07",71
4912,D区,"2025-01-07",89
4913,B区,"2025-01-07",177
4914,E区,"2025-01-07",98
4915,A区,"2025-01-07",561
4916,C区,"2025-01-08",17
4917,D区,"2025-01-08",47
4918,B区,"2025-01-08",109
4919,E区,"2025-01-08",115
4920,A区,"2025-01-08",288
4921,C区,"2025-01-09",66
4922,D区,"2025-01-09",75
4923,B区,"2025-01-09",38
4924,E区,"2025-01-09",80
4925,A区,"2025-01-09",283
4926,C区,"2025-01-10",74
4927,D区,"2025-01-10",128
4928,B区,"2025-01-10",46
4929,E区,"2025-01-10",173
4930,A区,"2025-01-10",288
4931,C区,"2025-01-11",93
4932,D区,"2025-01-11",60
4933,B区,"2025-01-11",99
4934,E区,"2025-01-11",39
4935,A区,"2025-01-11",322
4936,C区,"2025-01-12",167
4937,D区,"2025-01-12",125
4938,B区,"2025-01-12",209
4939,E区,"2025-01-12",194
4940,A区,"2025-01-12",224
4941,C区,"2025-01-13",58
4942,D区,"2025-01-13",79
4943,B区,"2025-01-13",99
4944,E区,"2025-01-13",284
4945,A区,"2025-01-13",286
4946,C区,"2025-01-14",148
4947,D区,"2025-01-14",47
4948,B区,"2025-01-14",120
4949,E区,"2025-01-14",112
4950,A区,"2025-01-14",514
4951,C区,"2025-01-15",36
4952,D区,"2025-01-15",84
4953,B区,"2025-01-15",31
4954,E区,"2025-01-15",122
4955,A区,"2025-01-15",134
4956,C区,"2025-01-16",48
4957,D区,"2025-01-16",50
4958,B区,"2025-01-16",146
4959,E区,"2025-01-16",142
4960,A区,"2025-01-16",352
4961,C区,"2025-01-17",127
4962,D区,"2025-01-17",134
4963,B区,"2025-01-17",163
4964,E区,"2025-01-17",184
4965,A区,"2025-01-17",271
4966,C区,"2025-01-18",69
4967,D区,"2025-01-18",60
4968,B区,"2025-01-18",44
4969,E区,"2025-01-18",61
4970,A区,"2025-01-18",111
4971,C区,"2025-01-19",108
4972,D区,"2025-01-19",115
4973,B区,"2025-01-19",31
4974,E区,"2025-01-19",254
4975,A区,"2025-01-19",263
4976,C区,"2025-01-20",58
4977,D区,"2025-01-20",15
4978,B区,"2025-01-20",44
4979,E区,"2025-01-20",42
4980,A区,"2025-01-20",219
4981,C区,"2025-01-21",13
4982,D区,"2025-01-21",68
4983,B区,"2025-01-21",94
4984,E区,"2025-01-21",59
4985,A区,"2025-01-21",134
4986,C区,"2025-01-22",61
4987,D区,"2025-01-22",20
4988,B区,"2025-01-22",72
4989,E区,"2025-01-22",100
4990,A区,"2025-01-22",107
4991,C区,"2025-01-23",49
4992,D区,"2025-01-23",10
4993,B区,"2025-01-23",89
4994,E区,"2025-01-23",28
4995,A区,"2025-01-23",480
4996,C区,"2025-01-24",167
4997,D区,"2025-01-24",99
4998,B区,"2025-01-24",146
4999,E区,"2025-01-24",145
5000,A区,"2025-01-24",284
5001,C区,"2025-01-25",37
5002,D区,"2025-01-25",18
5003,B区,"2025-01-25",156
5004,E区,"2025-01-25",185
5005,A区,"2025-01-25",286
5006,C区,"2025-01-26",136
5007,D区,"2025-01-26",108
5008,B区,"2025-01-26",115
5009,E区,"2025-01-26",156
5010,A区,"2025-01-26",218
5011,C区,"2025-01-27",65
5012,D区,"2025-01-27",76
5013,B区,"2025-01-27",195
5014,E区,"2025-01-27",159
5015,A区,"2025-01-27",454
5016,C区,"2025-01-28",108
5017,D区,"2025-01-28",201
5018,B区,"2025-01-28",129
5019,E区,"2025-01-28",142
5020,A区,"2025-01-28",369
5021,C区,"2025-01-29",112
5022,D区,"2025-01-29",25
5023,B区,"2025-01-29",64
5024,E区,"2025-01-29",56
5025,A区,"2025-01-29",422
5026,C区,"2025-01-30",61
5027,D区,"2025-01-30",173
5028,B区,"2025-01-30",21
5029,E区,"2025-01-30",158
5030,A区,"2025-01-30",569
5031,C区,"2025-01-31",102
5032,D区,"2025-01-31",77
5033,B区,"2025-01-31",194
5034,E区,"2025-01-31",43
5035,A区,"2025-01-31",423
5036,C区,"2025-02-01",54
5037,D区,"2025-02-01",20
5038,B区,"2025-02-01",25
5039,E区,"2025-02-01",134
5040,A区,"2025-02-01",297
5041,C区,"2025-02-02",48
5042,D区,"2025-02-02",140
5043,B区,"2025-02-02",117
5044,E区,"2025-02-02",47
5045,A区,"2025-02-02",389
5046,C区,"2025-02-03",74
5047,D区,"2025-02-03",113
5048,B区,"2025-02-03",170
5049,E区,"2025-02-03",88
5050,A区,"2025-02-03",408
5051,C区,"2025-02-04",60
5052,D区,"2025-02-04",28
5053,B区,"2025-02-04",55
5054,E区,"2025-02-04",43
5055,A区,"2025-02-04",159
5056,C区,"2025-02-05",53
5057,D区,"2025-02-05",52
5058,B区,"2025-02-05",161
5059,E区,"2025-02-05",86
5060,A区,"2025-02-05",443
5061,C区,"2025-02-06",55
5062,D区,"2025-02-06",11
5063,B区,"2025-02-06",56
5064,E区,"2025-02-06",12
5065,A区,"2025-02-06",166
5066,C区,"2025-02-07",53
5067,D区,"2025-02-07",16
5068,B区,"2025-02-07",59
5069,E区,"2025-02-07",114
5070,A区,"2025-02-07",495
5071,C区,"2025-02-08",12
5072,D区,"2025-02-08",73
5073,B区,"2025-02-08",82
5074,E区,"2025-02-08",72
5075,A区,"2025-02-08",106
5076,C区,"2025-02-09",85
5077,D区,"2025-02-09",43
5078,B区,"2025-02-09",154
5079,E区,"2025-02-09",110
5080,A区,"2025-02-09",569
5081,C区,"2025-02-10",13
5082,D区,"2025-02-10",168
5083,B区,"2025-02-10",146
5084,E区,"2025-02-10",205
5085,A区,"2025-02-10",271
5086,C区,"2025-02-11",25
5087,D区,"2025-02-11",112
5088,B区,"2025-02-11",125
5089,E区,"2025-02-11",49
5090,A区,"2025-02-11",252
5091,C区,"2025-02-12",86
5092,D区,"2025-02-12",15
5093,B区,"2025-02-12",121
5094,E区,"2025-02-12",105
5095,A区,"2025-02-12",287
5096,C区,"2025-02-13",81
5097,D区,"2025-02-13",10
5098,B区,"2025-02-13",77
5099,E区,"2025-02-13",22
5100,A区,"2025-02-13",379
5101,C区,"2025-02-14",67
5102,D区,"2025-02-14",37
5103,B区,"2025-02-14",68
5104,E区,"2025-02-14",92
5105,A区,"2025-02-14",125
5106,C区,"2025-02-15",34
5107,D区,"2025-02-15",54
5108,B区,"2025-02-15",11
5109,E区,"2025-02-15",180
5110,A区,"2025-02-15",232
5111,C区,"2025-02-16",24
5112,D区,"2025-02-16",119
5113,B区,"2025-02-16",26
5114,E区,"2025-02-16",61
5115,A区,"2025-02-16",284
5116,C区,"2025-02-17",37
5117,D区,"2025-02-17",68
5118,B区,"2025-02-17",12
5119,E区,"2025-02-17",116
5120,A区,"2025-02-17",165
5121,C区,"2025-02-18",17
5122,D区,"2025-02-18",99
5123,B区,"2025-02-18",212
5124,E区,"2025-02-18",171
5125,A区,"2025-02-18",422
5126,C区,"2025-02-19",84
5127,D区,"2025-02-19",87
5128,B区,"2025-02-19",72
5129,E区,"2025-02-19",92
5130,A区,"2025-02-19",240
5131,C区,"2025-02-20",54
5132,D区,"2025-02-20",23
5133,B区,"2025-02-20",158
5134,E区,"2025-02-20",74
5135,A区,"2025-02-20",321
5136,C区,"2025-02-21",91
5137,D区,"2025-02-21",103
5138,B区,"2025-02-21",52
5139,E区,"2025-02-21",170
5140,A区,"2025-02-21",347
5141,C区,"2025-02-22",32
5142,D区,"2025-02-22",135
5143,B区,"2025-02-22",142
5144,E区,"2025-02-22",71
5145,A区,"2025-02-22",323
5146,C区,"2025-02-23",96
5147,D区,"2025-02-23",13
5148,B区,"2025-02-23",134
5149,E区,"2025-02-23",95
5150,A区,"2025-02-23",615
5151,C区,"2025-02-24",63
5152,D区,"2025-02-24",159
5153,B区,"2025-02-24",74
5154,E区,"2025-02-24",258
5155,A区,"2025-02-24",323
5156,C区,"2025-02-25",47
5157,D区,"2025-02-25",142
5158,B区,"2025-02-25",63
5159,E区,"2025-02-25",113
5160,A区,"2025-02-25",574
5161,C区,"2025-02-26",33
5162,D区,"2025-02-26",81
5163,B区,"2025-02-26",31
5164,E区,"2025-02-26",36
5165,A区,"2025-02-26",211
5166,C区,"2025-02-27",54
5167,D区,"2025-02-27",32
5168,B区,"2025-02-27",17
5169,E区,"2025-02-27",106
5170,A区,"2025-02-27",132
5171,C区,"2025-02-28",69
5172,D区,"2025-02-28",69
5173,B区,"2025-02-28",19
5174,E区,"2025-02-28",131
5175,A区,"2025-02-28",215
5176,C区,"2025-03-01",103
5177,D区,"2025-03-01",60
5178,B区,"2025-03-01",74
5179,E区,"2025-03-01",57
5180,A区,"2025-03-01",561
5181,C区,"2025-03-02",36
5182,D区,"2025-03-02",60
5183,B区,"2025-03-02",55
5184,E区,"2025-03-02",206
5185,A区,"2025-03-02",211
5186,C区,"2025-03-03",51
5187,D区,"2025-03-03",106
5188,B区,"2025-03-03",75
5189,E区,"2025-03-03",81
5190,A区,"2025-03-03",202
5191,C区,"2025-03-04",46
5192,D区,"2025-03-04",183
5193,B区,"2025-03-04",65
5194,E区,"2025-03-04",96
5195,A区,"2025-03-04",460
5196,C区,"2025-03-05",13
5197,D区,"2025-03-05",42
5198,B区,"2025-03-05",70
5199,E区,"2025-03-05",138
5200,A区,"2025-03-05",184
5201,C区,"2025-03-06",58
5202,D区,"2025-03-06",119
5203,B区,"2025-03-06",45
5204,E区,"2025-03-06",186
5205,A区,"2025-03-06",210
5206,C区,"2025-03-07",68
5207,D区,"2025-03-07",111
5208,B区,"2025-03-07",93
5209,E区,"2025-03-07",107
5210,A区,"2025-03-07",480
5211,C区,"2025-03-08",38
5212,D区,"2025-03-08",61
5213,B区,"2025-03-08",101
5214,E区,"2025-03-08",80
5215,A区,"2025-03-08",189
5216,C区,"2025-03-09",22
5217,D区,"2025-03-09",28
5218,B区,"2025-03-09",24
5219,E区,"2025-03-09",45
5220,A区,"2025-03-09",200
5221,C区,"2025-03-10",77
5222,D区,"2025-03-10",111
5223,B区,"2025-03-10",19
5224,E区,"2025-03-10",38
5225,A区,"2025-03-10",426
5226,C区,"2025-03-11",125
5227,D区,"2025-03-11",169
5228,B区,"2025-03-11",132
5229,E区,"2025-03-11",37
5230,A区,"2025-03-11",452
5231,C区,"2025-03-12",148
5232,D区,"2025-03-12",23
5233,B区,"2025-03-12",208
5234,E区,"2025-03-12",156
5235,A区,"2025-03-12",298
5236,C区,"2025-03-13",51
5237,D区,"2025-03-13",65
5238,B区,"2025-03-13",42
5239,E区,"2025-03-13",76
5240,A区,"2025-03-13",118
5241,C区,"2025-03-14",61
5242,D区,"2025-03-14",32
5243,B区,"2025-03-14",64
5244,E区,"2025-03-14",53
5245,A区,"2025-03-14",154
5246,C区,"2025-03-15",44
5247,D区,"2025-03-15",42
5248,B区,"2025-03-15",63
5249,E区,"2025-03-15",82
5250,A区,"2025-03-15",112
5251,C区,"2025-03-16",122
5252,D区,"2025-03-16",86
5253,B区,"2025-03-16",142
5254,E区,"2025-03-16",23
5255,A区,"2025-03-16",608
5256,C区,"2025-03-17",144
5257,D区,"2025-03-17",10
5258,B区,"2025-03-17",120
5259,E区,"2025-03-17",238
5260,A区,"2025-03-17",415
5261,C区,"2025-03-18",44
5262,D区,"2025-03-18",32
5263,B区,"2025-03-18",121
5264,E区,"2025-03-18",61
5265,A区,"2025-03-18",703
5266,C区,"2025-03-19",73
5267,D区,"2025-03-19",144
5268,B区,"2025-03-19",70
5269,E区,"2025-03-19",81
5270,A区,"2025-03-19",424
5271,C区,"2025-03-20",19
5272,D区,"2025-03-20",215
5273,B区,"2025-03-20",117
5274,E区,"2025-03-20",167
5275,A区,"2025-03-20",477
5276,C区,"2025-03-21",48
5277,D区,"2025-03-21",46
5278,B区,"2025-03-21",61
5279,E区,"2025-03-21",73
5280,A区,"2025-03-21",136
5281,C区,"2025-03-22",89
5282,D区,"2025-03-22",15
5283,B区,"2025-03-22",107
5284,E区,"2025-03-22",70
5285,A区,"2025-03-22",252
5286,C区,"2025-03-23",57
5287,D区,"2025-03-23",124
5288,B区,"2025-03-23",101
5289,E区,"2025-03-23",127
5290,A区,"2025-03-23",291
5291,C区,"2025-03-24",34
5292,D区,"2025-03-24",10
5293,B区,"2025-03-24",55
5294,E区,"2025-03-24",47
5295,A区,"2025-03-24",179
5296,C区,"2025-03-25",11
5297,D区,"2025-03-25",86
5298,B区,"2025-03-25",33
5299,E区,"2025-03-25",48
5300,A区,"2025-03-25",429
5301,C区,"2025-03-26",95
5302,D区,"2025-03-26",37
5303,B区,"2025-03-26",37
5304,E区,"2025-03-26",38
5305,A区,"2025-03-26",318
5306,C区,"2025-03-27",108
5307,D区,"2025-03-27",103
5308,B区,"2025-03-27",44
5309,E区,"2025-03-27",117
5310,A区,"2025-03-27",237
5311,C区,"2025-03-28",66
5312,D区,"2025-03-28",37
5313,B区,"2025-03-28",30
5314,E区,"2025-03-28",150
5315,A区,"2025-03-28",163
5316,C区,"2025-03-29",108
5317,D区,"2025-03-29",20
5318,B区,"2025-03-29",204
5319,E区,"2025-03-29",31
5320,A区,"2025-03-29",421
5321,C区,"2025-03-30",46
5322,D区,"2025-03-30",194
5323,B区,"2025-03-30",24
5324,E区,"2025-03-30",65
5325,A区,"2025-03-30",537
5326,C区,"2025-03-31",80
5327,D区,"2025-03-31",148
5328,B区,"2025-03-31",152
5329,E区,"2025-03-31",58
5330,A区,"2025-03-31",310
5331,C区,"2025-04-01",20
5332,D区,"2025-04-01",19
5333,B区,"2025-04-01",91
5334,E区,"2025-04-01",110
5335,A区,"2025-04-01",112
5336,C区,"2025-04-02",38
5337,D区,"2025-04-02",176
5338,B区,"2025-04-02",119
5339,E区,"2025-04-02",132
5340,A区,"2025-04-02",444
5341,C区,"2025-04-03",86
5342,D区,"2025-04-03",48
5343,B区,"2025-04-03",33
5344,E区,"2025-04-03",31
5345,A区,"2025-04-03",361
5346,C区,"2025-04-04",41
5347,D区,"2025-04-04",13
5348,B区,"2025-04-04",78
5349,E区,"2025-04-04",20
5350,A区,"2025-04-04",299
5351,C区,"2025-04-05",22
5352,D区,"2025-04-05",82
5353,B区,"2025-04-05",132
5354,E区,"2025-04-05",120
5355,A区,"2025-04-05",211
5356,C区,"2025-04-06",144
5357,D区,"2025-04-06",59
5358,B区,"2025-04-06",172
5359,E区,"2025-04-06",110
5360,A区,"2025-04-06",325
5361,C区,"2025-04-07",49
5362,D区,"2025-04-07",55
5363,B区,"2025-04-07",16
5364,E区,"2025-04-07",15
5365,A区,"2025-04-07",272
5366,C区,"2025-04-08",64
5367,D区,"2025-04-08",73
5368,B区,"2025-04-08",133
5369,E区,"2025-04-08",275
5370,A区,"2025-04-08",359
5371,C区,"2025-04-09",40
5372,D区,"2025-04-09",103
5373,B区,"2025-04-09",45
5374,E区,"2025-04-09",39
5375,A区,"2025-04-09",336
5376,C区,"2025-04-10",73
5377,D区,"2025-04-10",75
5378,B区,"2025-04-10",50
5379,E区,"2025-04-10",181
5380,A区,"2025-04-10",306
5381,C区,"2025-04-11",63
5382,D区,"2025-04-11",37
5383,B区,"2025-04-11",24
5384,E区,"2025-04-11",98
5385,A区,"2025-04-11",241
5386,C区,"2025-04-12",63
5387,D区,"2025-04-12",36
5388,B区,"2025-04-12",184
5389,E区,"2025-04-12",122
5390,A区,"2025-04-12",255
5391,C区,"2025-04-13",40
5392,D区,"2025-04-13",105
5393,B区,"2025-04-13",51
5394,E区,"2025-04-13",35
5395,A区,"2025-04-13",276
5396,C区,"2025-04-14",53
5397,D区,"2025-04-14",63
5398,B区,"2025-04-14",126
5399,E区,"2025-04-14",111
5400,A区,"2025-04-14",218
5401,C区,"2025-04-15",54
5402,D区,"2025-04-15",41
5403,B区,"2025-04-15",63
5404,E区,"2025-04-15",39
5405,A区,"2025-04-15",125
5406,C区,"2025-04-16",54
5407,D区,"2025-04-16",163
5408,B区,"2025-04-16",74
5409,E区,"2025-04-16",70
5410,A区,"2025-04-16",401
5411,C区,"2025-04-17",128
5412,D区,"2025-04-17",79
5413,B区,"2025-04-17",11
5414,E区,"2025-04-17",204
5415,A区,"2025-04-17",356
5416,C区,"2025-04-18",52
5417,D区,"2025-04-18",41
5418,B区,"2025-04-18",20
5419,E区,"2025-04-18",170
5420,A区,"2025-04-18",393
5421,C区,"2025-04-19",21
5422,D区,"2025-04-19",33
5423,B区,"2025-04-19",50
5424,E区,"2025-04-19",274
5425,A区,"2025-04-19",282
5426,C区,"2025-04-20",43
5427,D区,"2025-04-20",51
5428,B区,"2025-04-20",35
5429,E区,"2025-04-20",73
5430,A区,"2025-04-20",290
5431,C区,"2025-04-21",70
5432,D区,"2025-04-21",27
5433,B区,"2025-04-21",87
5434,E区,"2025-04-21",44
5435,A区,"2025-04-21",166
5436,C区,"2025-04-22",62
5437,D区,"2025-04-22",25
5438,B区,"2025-04-22",63
5439,E区,"2025-04-22",49
5440,A区,"2025-04-22",111
5441,C区,"2025-04-23",51
5442,D区,"2025-04-23",19
5443,B区,"2025-04-23",57
5444,E区,"2025-04-23",87
5445,A区,"2025-04-23",148
5446,C区,"2025-04-24",114
5447,D区,"2025-04-24",78
5448,B区,"2025-04-24",235
5449,E区,"2025-04-24",20
5450,A区,"2025-04-24",546
5451,C区,"2025-04-25",56
5452,D区,"2025-04-25",55
5453,B区,"2025-04-25",127
5454,E区,"2025-04-25",107
5455,A区,"2025-04-25",171
5456,C区,"2025-04-26",136
5457,D区,"2025-04-26",159
5458,B区,"2025-04-26",26
5459,E区,"2025-04-26",251
5460,A区,"2025-04-26",349
5461,C区,"2025-04-27",61
5462,D区,"2025-04-27",29
5463,B区,"2025-04-27",141
5464,E区,"2025-04-27",183
5465,A区,"2025-04-27",377
5466,C区,"2025-04-28",61
5467,D区,"2025-04-28",13
5468,B区,"2025-04-28",23
5469,E区,"2025-04-28",123
5470,A区,"2025-04-28",152
5471,C区,"2025-04-29",32
5472,D区,"2025-04-29",104
5473,B区,"2025-04-29",169
5474,E区,"2025-04-29",104
5475,A区,"2025-04-29",269
5476,C区,"2025-04-30",45
5477,D区,"2025-04-30",15
5478,B区,"2025-04-30",46
5479,E区,"2025-04-30",98
5480,A区,"2025-04-30",139
5481,C区,"2025-05-01",106
5482,D区,"2025-05-01",37
5483,B区,"2025-05-01",28
5484,E区,"2025-05-01",58
5485,A区,"2025-05-01",376
5486,C区,"2025-05-02",30
5487,D区,"2025-05-02",89
5488,B区,"2025-05-02",13
5489,E区,"2025-05-02",111
5490,A区,"2025-05-02",391
5491,C区,"2025-05-03",113
5492,D区,"2025-05-03",22
5493,B区,"2025-05-03",63
5494,E区,"2025-05-03",216
5495,A区,"2025-05-03",250
5496,C区,"2025-05-04",78
5497,D区,"2025-05-04",152
5498,B区,"2025-05-04",28
5499,E区,"2025-05-04",262
5500,A区,"2025-05-04",262
5501,C区,"2025-05-05",81
5502,D区,"2025-05-05",68
5503,B区,"2025-05-05",37
5504,E区,"2025-05-05",95
5505,A区,"2025-05-05",146
5506,C区,"2025-05-06",93
5507,D区,"2025-05-06",86
5508,B区,"2025-05-06",100
5509,E区,"2025-05-06",27
5510,A区,"2025-05-06",186
5511,C区,"2025-05-07",84
5512,D区,"2025-05-07",55
5513,B区,"2025-05-07",77
5514,E区,"2025-05-07",90
5515,A区,"2025-05-07",243
5516,C区,"2025-05-08",38
5517,D区,"2025-05-08",28
5518,B区,"2025-05-08",54
5519,E区,"2025-05-08",57
5520,A区,"2025-05-08",140
5521,C区,"2025-05-09",93
5522,D区,"2025-05-09",126
5523,B区,"2025-05-09",28
5524,E区,"2025-05-09",124
5525,A区,"2025-05-09",457
5526,C区,"2025-05-10",106
5527,D区,"2025-05-10",38
5528,B区,"2025-05-10",53
5529,E区,"2025-05-10",36
5530,A区,"2025-05-10",513
5531,C区,"2025-05-11",55
5532,D区,"2025-05-11",46
5533,B区,"2025-05-11",47
5534,E区,"2025-05-11",12
5535,A区,"2025-05-11",146
5536,C区,"2025-05-12",36
5537,D区,"2025-05-12",156
5538,B区,"2025-05-12",140
5539,E区,"2025-05-12",123
5540,A区,"2025-05-12",224
5541,C区,"2025-05-13",74
5542,D区,"2025-05-13",21
5543,B区,"2025-05-13",86
5544,E区,"2025-05-13",351
5545,A区,"2025-05-13",365
5546,C区,"2025-05-14",90
5547,D区,"2025-05-14",61
5548,B区,"2025-05-14",99
5549,E区,"2025-05-14",51
5550,A区,"2025-05-14",192
5551,C区,"2025-05-15",109
5552,D区,"2025-05-15",44
5553,B区,"2025-05-15",127
5554,E区,"2025-05-15",110
5555,A区,"2025-05-15",278
5556,C区,"2025-05-16",64
5557,D区,"2025-05-16",119
5558,B区,"2025-05-16",130
5559,E区,"2025-05-16",122
5560,A区,"2025-05-16",192
5561,C区,"2025-05-17",118
5562,D区,"2025-05-17",110
5563,B区,"2025-05-17",123
5564,E区,"2025-05-17",121
5565,A区,"2025-05-17",128
5566,C区,"2025-05-18",102
5567,D区,"2025-05-18",162
5568,B区,"2025-05-18",155
5569,E区,"2025-05-18",19
5570,A区,"2025-05-18",380
5571,C区,"2025-05-19",31
5572,D区,"2025-05-19",100
5573,B区,"2025-05-19",78
5574,E区,"2025-05-19",88
5575,A区,"2025-05-19",141
5576,C区,"2025-05-20",66
5577,D区,"2025-05-20",121
5578,B区,"2025-05-20",211
5579,E区,"2025-05-20",181
5580,A区,"2025-05-20",290
5581,C区,"2025-05-21",10
5582,D区,"2025-05-21",76
5583,B区,"2025-05-21",44
5584,E区,"2025-05-21",104
5585,A区,"2025-05-21",136
5586,C区,"2025-05-22",151
5587,D区,"2025-05-22",154
5588,B区,"2025-05-22",143
5589,E区,"2025-05-22",217
5590,A区,"2025-05-22",295
5591,C区,"2025-05-23",42
5592,D区,"2025-05-23",20
5593,B区,"2025-05-23",112
5594,E区,"2025-05-23",41
5595,A区,"2025-05-23",267
5596,C区,"2025-05-24",39
5597,D区,"2025-05-24",60
5598,B区,"2025-05-24",128
5599,E区,"2025-05-24",30
5600,A区,"2025-05-24",277
5601,C区,"2025-05-25",71
5602,D区,"2025-05-25",41
5603,B区,"2025-05-25",82
5604,E区,"2025-05-25",125
5605,A区,"2025-05-25",173
5606,C区,"2025-05-26",16
5607,D区,"2025-05-26",64
5608,B区,"2025-05-26",116
5609,E区,"2025-05-26",14
5610,A区,"2025-05-26",265
5611,C区,"2025-05-27",30
5612,D区,"2025-05-27",29
5613,B区,"2025-05-27",86
5614,E区,"2025-05-27",39
5615,A区,"2025-05-27",182
5616,C区,"2025-05-28",179
5617,D区,"2025-05-28",126
5618,B区,"2025-05-28",40
5619,E区,"2025-05-28",190
5620,A区,"2025-05-28",433
5621,C区,"2025-05-29",138
5622,D区,"2025-05-29",14
5623,B区,"2025-05-29",133
5624,E区,"2025-05-29",213
5625,A区,"2025-05-29",215
5626,C区,"2025-05-30",36
5627,D区,"2025-05-30",10
5628,B区,"2025-05-30",95
5629,E区,"2025-05-30",16
5630,A区,"2025-05-30",235
5631,C区,"2025-05-31",75
5632,D区,"2025-05-31",22
5633,B区,"2025-05-31",62
5634,E区,"2025-05-31",22
5635,A区,"2025-05-31",367
5636,C区,"2025-06-01",57
5637,D区,"2025-06-01",46
5638,B区,"2025-06-01",200
5639,E区,"2025-06-01",167
5640,A区,"2025-06-01",459
5641,C区,"2025-06-02",18
5642,D区,"2025-06-02",30
5643,B区,"2025-06-02",13
5644,E区,"2025-06-02",56
5645,A区,"2025-06-02",273
5646,C区,"2025-06-03",122
5647,D区,"2025-06-03",76
5648,B区,"2025-06-03",74
5649,E区,"2025-06-03",72
5650,A区,"2025-06-03",365
5651,C区,"2025-06-04",31
5652,D区,"2025-06-04",37
5653,B区,"2025-06-04",32
5654,E区,"2025-06-04",104
5655,A区,"2025-06-04",161
5656,C区,"2025-06-05",35
5657,D区,"2025-06-05",139
5658,B区,"2025-06-05",125
5659,E区,"2025-06-05",10
5660,A区,"2025-06-05",399
5661,C区,"2025-06-06",122
5662,D区,"2025-06-06",99
5663,B区,"2025-06-06",53
5664,E区,"2025-06-06",132
5665,A区,"2025-06-06",235
5666,C区,"2025-06-07",63
5667,D区,"2025-06-07",103
5668,B区,"2025-06-07",91
5669,E区,"2025-06-07",114
5670,A区,"2025-06-07",201
5671,C区,"2025-06-08",83
5672,D区,"2025-06-08",114
5673,B区,"2025-06-08",194
5674,E区,"2025-06-08",225
5675,A区,"2025-06-08",300
5676,C区,"2025-06-09",79
5677,D区,"2025-06-09",167
5678,B区,"2025-06-09",159
5679,E区,"2025-06-09",111
5680,A区,"2025-06-09",234
5681,C区,"2025-06-10",11
5682,D区,"2025-06-10",155
5683,B区,"2025-06-10",73
5684,E区,"2025-06-10",194
5685,A区,"2025-06-10",221
5686,C区,"2025-06-11",20
5687,D区,"2025-06-11",186
5688,B区,"2025-06-11",127
5689,E区,"2025-06-11",76
5690,A区,"2025-06-11",429
5691,C区,"2025-06-12",121
5692,D区,"2025-06-12",127
5693,B区,"2025-06-12",138
5694,E区,"2025-06-12",117
5695,A区,"2025-06-12",309
5696,C区,"2025-06-13",168
5697,D区,"2025-06-13",110
5698,B区,"2025-06-13",176
5699,E区,"2025-06-13",17
5700,A区,"2025-06-13",401
5701,C区,"2025-06-14",94
5702,D区,"2025-06-14",95
5703,B区,"2025-06-14",31
5704,E区,"2025-06-14",129
5705,A区,"2025-06-14",350
5706,C区,"2025-06-15",144
5707,D区,"2025-06-15",111
5708,B区,"2025-06-15",34
5709,E区,"2025-06-15",36
5710,A区,"2025-06-15",583
5711,C区,"2025-06-16",25
5712,D区,"2025-06-16",47
5713,B区,"2025-06-16",73
5714,E区,"2025-06-16",63
5715,A区,"2025-06-16",162
5716,C区,"2025-06-17",71
5717,D区,"2025-06-17",80
5718,B区,"2025-06-17",17
5719,E区,"2025-06-17",44
5720,A区,"2025-06-17",222
5721,C区,"2025-06-18",32
5722,D区,"2025-06-18",95
5723,B区,"2025-06-18",110
5724,E区,"2025-06-18",45
5725,A区,"2025-06-18",467
5726,C区,"2025-06-19",161
5727,D区,"2025-06-19",96
5728,B区,"2025-06-19",168
5729,E区,"2025-06-19",199
5730,A区,"2025-06-19",315
5731,C区,"2025-06-20",24
5732,D区,"2025-06-20",98
5733,B区,"2025-06-20",85
5734,E区,"2025-06-20",66
5735,A区,"2025-06-20",689
5736,C区,"2025-06-21",29
5737,D区,"2025-06-21",212
5738,B区,"2025-06-21",92
5739,E区,"2025-06-21",122
5740,A区,"2025-06-21",451
5741,C区,"2025-06-22",67
5742,D区,"2025-06-22",144
5743,B区,"2025-06-22",113
5744,E区,"2025-06-22",102
5745,A区,"2025-06-22",462
5746,C区,"2025-06-23",20
5747,D区,"2025-06-23",37
5748,B区,"2025-06-23",209
5749,E区,"2025-06-23",90
5750,A区,"2025-06-23",543
5751,C区,"2025-06-24",104
5752,D区,"2025-06-24",96
5753,B区,"2025-06-24",85
5754,E区,"2025-06-24",19
5755,A区,"2025-06-24",296
5756,C区,"2025-06-25",110
5757,D区,"2025-06-25",70
5758,B区,"2025-06-25",31
5759,E区,"2025-06-25",95
5760,A区,"2025-06-25",300
5761,C区,"2025-06-26",11
5762,D区,"2025-06-26",55
5763,B区,"2025-06-26",15
5764,E区,"2025-06-26",280
5765,A区,"2025-06-26",420
5766,C区,"2025-06-27",128
5767,D区,"2025-06-27",118
5768,B区,"2025-06-27",185
5769,E区,"2025-06-27",76
5770,A区,"2025-06-27",440
5771,C区,"2025-06-28",38
5772,D区,"2025-06-28",71
5773,B区,"2025-06-28",11
5774,E区,"2025-06-28",117
5775,A区,"2025-06-28",597
5776,C区,"2025-06-29",27
5777,D区,"2025-06-29",39
5778,B区,"2025-06-29",10
5779,E区,"2025-06-29",74
5780,A区,"2025-06-29",345
5781,C区,"2025-06-30",17
5782,D区,"2025-06-30",136
5783,B区,"2025-06-30",48
5784,E区,"2025-06-30",88
5785,A区,"2025-06-30",299
5786,C区,"2025-07-01",47
5787,D区,"2025-07-01",35
5788,B区,"2025-07-01",74
5789,E区,"2025-07-01",47
5790,A区,"2025-07-01",398
5791,C区,"2025-07-02",141
5792,D区,"2025-07-02",34
5793,B区,"2025-07-02",32
5794,E区,"2025-07-02",101
5795,A区,"2025-07-02",574
5796,C区,"2025-07-03",101
5797,D区,"2025-07-03",94
5798,B区,"2025-07-03",63
5799,E区,"2025-07-03",272
5800,A区,"2025-07-03",359
5801,C区,"2025-07-04",70
5802,D区,"2025-07-04",184
5803,B区,"2025-07-04",143
5804,E区,"2025-07-04",220
5805,A区,"2025-07-04",308
5806,C区,"2025-07-05",83
5807,D区,"2025-07-05",50
5808,B区,"2025-07-05",132
5809,E区,"2025-07-05",23
5810,A区,"2025-07-05",268
5811,C区,"2025-07-06",193
5812,D区,"2025-07-06",187
5813,B区,"2025-07-06",59
5814,E区,"2025-07-06",18
5815,A区,"2025-07-06",532
5816,C区,"2025-07-07",40
5817,D区,"2025-07-07",75
5818,B区,"2025-07-07",140
5819,E区,"2025-07-07",154
5820,A区,"2025-07-07",187
5821,C区,"2025-07-08",59
5822,D区,"2025-07-08",41
5823,B区,"2025-07-08",32
5824,E区,"2025-07-08",109
5825,A区,"2025-07-08",109
5826,C区,"2025-07-09",30
5827,D区,"2025-07-09",184
5828,B区,"2025-07-09",75
5829,E区,"2025-07-09",116
5830,A区,"2025-07-09",393
5831,C区,"2025-07-10",27
5832,D区,"2025-07-10",32
5833,B区,"2025-07-10",28
5834,E区,"2025-07-10",127
5835,A区,"2025-07-10",189
5836,C区,"2025-07-11",115
5837,D区,"2025-07-11",115
5838,B区,"2025-07-11",207
5839,E区,"2025-07-11",164
5840,A区,"2025-07-11",290
5841,C区,"2025-07-12",188
5842,D区,"2025-07-12",80
5843,B区,"2025-07-12",217
5844,E区,"2025-07-12",96
5845,A区,"2025-07-12",365
5846,C区,"2025-07-13",61
5847,D区,"2025-07-13",72
5848,B区,"2025-07-13",84
5849,E区,"2025-07-13",84
5850,A区,"2025-07-13",219
5851,C区,"2025-07-14",72
5852,D区,"2025-07-14",19
5853,B区,"2025-07-14",76
5854,E区,"2025-07-14",17
5855,A区,"2025-07-14",253
5856,C区,"2025-07-15",26
5857,D区,"2025-07-15",49
5858,B区,"2025-07-15",56
5859,E区,"2025-07-15",101
5860,A区,"2025-07-15",181
5861,C区,"2025-07-16",101
5862,D区,"2025-07-16",95
5863,B区,"2025-07-16",79
5864,E区,"2025-07-16",74
5865,A区,"2025-07-16",395
5866,C区,"2025-07-17",100
5867,D区,"2025-07-17",53
5868,B区,"2025-07-17",151
5869,E区,"2025-07-17",125
5870,A区,"2025-07-17",320
5871,C区,"2025-07-18",81
5872,D区,"2025-07-18",135
5873,B区,"2025-07-18",164
5874,E区,"2025-07-18",76
5875,A区,"2025-07-18",277
5876,C区,"2025-07-19",62
5877,D区,"2025-07-19",42
5878,B区,"2025-07-19",192
5879,E区,"2025-07-19",59
5880,A区,"2025-07-19",504
5881,C区,"2025-07-20",133
5882,D区,"2025-07-20",159
5883,B区,"2025-07-20",89
5884,E区,"2025-07-20",84
5885,A区,"2025-07-20",393
5886,C区,"2025-07-21",114
5887,D区,"2025-07-21",140
5888,B区,"2025-07-21",16
5889,E区,"2025-07-21",99
5890,A区,"2025-07-21",345
5891,C区,"2025-07-22",67
5892,D区,"2025-07-22",84
5893,B区,"2025-07-22",101
5894,E区,"2025-07-22",186
5895,A区,"2025-07-22",213
5896,C区,"2025-07-23",57
5897,D区,"2025-07-23",93
5898,B区,"2025-07-23",161
5899,E区,"2025-07-23",166
5900,A区,"2025-07-23",246
5901,C区,"2025-07-24",121
5902,D区,"2025-07-24",160
5903,B区,"2025-07-24",170
5904,E区,"2025-07-24",88
5905,A区,"2025-07-24",413
5906,C区,"2025-07-25",12
5907,D区,"2025-07-25",38
5908,B区,"2025-07-25",11
5909,E区,"2025-07-25",204
5910,A区,"2025-07-25",404
5911,C区,"2025-07-26",93
5912,D区,"2025-07-26",86
5913,B区,"2025-07-26",59
5914,E区,"2025-07-26",42
5915,A区,"2025-07-26",273
5916,C区,"2025-07-27",63
5917,D区,"2025-07-27",49
5918,B区,"2025-07-27",14
5919,E区,"2025-07-27",78
5920,A区,"2025-07-27",188
5921,C区,"2025-07-28",20
5922,D区,"2025-07-28",65
5923,B区,"2025-07-28",72
5924,E区,"2025-07-28",73
5925,A区,"2025-07-28",118
5926,C区,"2025-07-29",85
5927,D区,"2025-07-29",183
5928,B区,"2025-07-29",168
5929,E区,"2025-07-29",168
5930,A区,"2025-07-29",301
5931,C区,"2025-07-30",148
5932,D区,"2025-07-30",14
5933,B区,"2025-07-30",150
5934,E区,"2025-07-30",224
5935,A区,"2025-07-30",312
5936,C区,"2025-07-31",50
5937,D区,"2025-07-31",17
5938,B区,"2025-07-31",80
5939,E区,"2025-07-31",38
5940,A区,"2025-07-31",122
5941,C区,"2025-08-01",81
5942,D区,"2025-08-01",45
5943,B区,"2025-08-01",75
5944,E区,"2025-08-01",20
5945,A区,"2025-08-01",343
