"md_id","busi_time","callback_type","callback_cnt","success_cnt","satisfaction_cnt","dissatisfaction_cnt","no_evaluate_cnt","avg_callback_time"
1,"2022-05-01",1,76,41,37,2,2,3.84
2,"2022-05-01",2,107,89,81,7,1,0.0
3,"2022-05-01",3,148,120,85,2,33,2.79
4,"2022-05-02",1,84,38,5,17,16,7.04
5,"2022-05-02",2,76,64,64,0,0,0.0
6,"2022-05-02",3,106,76,48,21,7,1.81
7,"2022-05-03",1,72,43,9,32,2,5.67
8,"2022-05-03",2,129,64,10,16,38,0.0
9,"2022-05-03",3,124,119,23,28,68,4.32
10,"2022-05-04",1,168,69,13,18,38,9.07
11,"2022-05-04",2,66,30,3,20,7,0.0
12,"2022-05-04",3,175,64,56,3,5,3.72
13,"2022-05-05",1,114,48,15,7,26,8.14
14,"2022-05-05",2,96,46,3,3,40,0.0
15,"2022-05-05",3,158,90,15,66,9,1.04
16,"2022-05-06",1,84,52,0,29,23,4.6
17,"2022-05-06",2,160,129,119,7,3,0.0
18,"2022-05-06",3,108,83,64,15,4,2.16
19,"2022-05-07",1,169,138,63,75,0,6.59
20,"2022-05-07",2,182,68,3,50,15,0.0
21,"2022-05-07",3,87,31,23,3,5,4.42
22,"2022-05-08",1,52,47,26,4,17,8.06
23,"2022-05-08",2,174,51,8,25,18,0.0
24,"2022-05-08",3,71,57,50,1,6,1.39
25,"2022-05-09",1,50,30,7,13,10,4.81
26,"2022-05-09",2,171,99,43,44,12,0.0
27,"2022-05-09",3,130,122,6,73,43,4.56
28,"2022-05-10",1,84,46,27,17,2,2.42
29,"2022-05-10",2,190,159,80,79,0,0.0
30,"2022-05-10",3,169,34,10,22,2,3.6
31,"2022-05-11",1,80,71,67,2,2,3.42
32,"2022-05-11",2,182,177,89,28,60,0.0
33,"2022-05-11",3,125,86,10,32,44,2.53
34,"2022-05-12",1,85,62,24,12,26,9.17
35,"2022-05-12",2,194,74,51,21,2,0.0
36,"2022-05-12",3,161,87,70,17,0,4.12
37,"2022-05-13",1,143,48,17,8,23,4.2
38,"2022-05-13",2,55,43,11,4,28,0.0
39,"2022-05-13",3,132,55,43,5,7,2.28
40,"2022-05-14",1,55,49,18,29,2,6.57
41,"2022-05-14",2,185,43,43,0,0,0.0
42,"2022-05-14",3,105,58,55,2,1,2.8
43,"2022-05-15",1,114,85,37,7,41,2.99
44,"2022-05-15",2,95,32,16,6,10,0.0
45,"2022-05-15",3,60,48,26,9,13,4.07
46,"2022-05-16",1,195,176,8,105,63,5.52
47,"2022-05-16",2,114,104,69,25,10,0.0
48,"2022-05-16",3,142,54,37,3,14,1.96
49,"2022-05-17",1,143,116,104,11,1,6.19
50,"2022-05-17",2,153,62,11,19,32,0.0
51,"2022-05-17",3,110,54,45,0,9,4.22
52,"2022-05-18",1,144,134,14,35,85,5.69
53,"2022-05-18",2,114,72,2,44,26,0.0
54,"2022-05-18",3,150,126,60,27,39,1.89
55,"2022-05-19",1,153,43,19,18,6,3.1
56,"2022-05-19",2,191,108,83,6,19,0.0
57,"2022-05-19",3,117,64,48,6,10,4.88
58,"2022-05-20",1,112,108,8,49,51,4.17
59,"2022-05-20",2,132,34,16,8,10,0.0
60,"2022-05-20",3,161,33,30,1,2,4.17
61,"2022-05-21",1,166,58,17,39,2,9.75
62,"2022-05-21",2,169,57,7,50,0,0.0
63,"2022-05-21",3,184,98,74,21,3,2.51
64,"2022-05-22",1,179,124,119,3,2,2.06
65,"2022-05-22",2,161,40,26,12,2,0.0
66,"2022-05-22",3,175,138,80,37,21,2.28
67,"2022-05-23",1,175,77,41,6,30,7.5
68,"2022-05-23",2,97,69,23,1,45,0.0
69,"2022-05-23",3,84,68,9,16,43,3.72
70,"2022-05-24",1,59,31,19,6,6,6.57
71,"2022-05-24",2,91,80,25,9,46,0.0
72,"2022-05-24",3,198,31,13,0,18,2.65
73,"2022-05-25",1,68,55,29,14,12,2.69
74,"2022-05-25",2,108,56,43,11,2,0.0
75,"2022-05-25",3,112,31,8,14,9,1.55
76,"2022-05-26",1,146,132,49,57,26,4.52
77,"2022-05-26",2,157,75,5,53,17,0.0
78,"2022-05-26",3,93,41,41,0,0,1.15
79,"2022-05-27",1,86,82,65,4,13,5.98
80,"2022-05-27",2,74,67,29,26,12,0.0
81,"2022-05-27",3,179,107,52,44,11,3.36
82,"2022-05-28",1,168,150,16,18,116,5.32
83,"2022-05-28",2,178,169,130,0,39,0.0
84,"2022-05-28",3,56,32,23,2,7,3.96
85,"2022-05-29",1,154,149,147,2,0,2.74
86,"2022-05-29",2,98,75,39,14,22,0.0
87,"2022-05-29",3,171,120,45,53,22,2.44
88,"2022-05-30",1,62,34,25,7,2,2.3
89,"2022-05-30",2,70,42,17,18,7,0.0
90,"2022-05-30",3,82,69,28,14,27,2.9
91,"2022-05-31",1,59,58,49,6,3,10.0
92,"2022-05-31",2,101,77,2,29,46,0.0
93,"2022-05-31",3,91,68,3,47,18,2.81
94,"2022-06-01",1,89,85,29,39,17,7.29
95,"2022-06-01",2,121,79,4,9,66,0.0
96,"2022-06-01",3,60,53,6,26,21,1.16
97,"2022-06-02",1,59,51,33,1,17,9.67
98,"2022-06-02",2,161,79,71,6,2,0.0
99,"2022-06-02",3,192,168,111,8,49,3.15
100,"2022-06-03",1,179,50,37,11,2,5.77
101,"2022-06-03",2,118,79,23,44,12,0.0
102,"2022-06-03",3,99,93,49,21,23,1.04
103,"2022-06-04",1,135,40,32,6,2,6.24
104,"2022-06-04",2,177,58,54,3,1,0.0
105,"2022-06-04",3,112,74,67,6,1,3.72
106,"2022-06-05",1,98,63,32,30,1,2.43
107,"2022-06-05",2,53,31,28,0,3,0.0
108,"2022-06-05",3,196,131,72,48,11,2.58
109,"2022-06-06",1,151,128,59,16,53,7.4
110,"2022-06-06",2,130,71,1,32,38,0.0
111,"2022-06-06",3,90,38,0,26,12,1.44
112,"2022-06-07",1,94,80,75,4,1,2.6
113,"2022-06-07",2,98,90,65,4,21,0.0
114,"2022-06-07",3,83,40,13,27,0,2.21
115,"2022-06-08",1,106,80,0,29,51,9.2
116,"2022-06-08",2,197,30,14,6,10,0.0
117,"2022-06-08",3,103,92,66,16,10,2.54
118,"2022-06-09",1,167,62,40,8,14,4.06
119,"2022-06-09",2,116,70,45,22,3,0.0
120,"2022-06-09",3,158,68,19,5,44,4.59
121,"2022-06-10",1,116,32,17,11,4,7.57
122,"2022-06-10",2,129,113,3,36,74,0.0
123,"2022-06-10",3,72,30,12,15,3,1.23
124,"2022-06-11",1,81,39,4,22,13,4.08
125,"2022-06-11",2,163,131,80,50,1,0.0
126,"2022-06-11",3,122,108,38,11,59,3.7
127,"2022-06-12",1,169,90,56,28,6,2.55
128,"2022-06-12",2,52,46,29,1,16,0.0
129,"2022-06-12",3,75,51,25,16,10,1.21
130,"2022-06-13",1,93,30,2,16,12,2.86
131,"2022-06-13",2,177,136,49,48,39,0.0
132,"2022-06-13",3,121,41,34,6,1,1.13
133,"2022-06-14",1,178,169,75,29,65,8.92
134,"2022-06-14",2,92,52,25,11,16,0.0
135,"2022-06-14",3,82,45,14,31,0,4.3
136,"2022-06-15",1,190,186,17,133,36,3.58
137,"2022-06-15",2,97,92,45,35,12,0.0
138,"2022-06-15",3,139,46,41,2,3,4.63
139,"2022-06-16",1,153,107,20,16,71,6.19
140,"2022-06-16",2,200,56,17,6,33,0.0
141,"2022-06-16",3,121,119,30,50,39,3.32
142,"2022-06-17",1,72,31,0,13,18,2.42
143,"2022-06-17",2,102,82,47,13,22,0.0
144,"2022-06-17",3,83,71,66,3,2,4.85
145,"2022-06-18",1,177,47,30,4,13,4.25
146,"2022-06-18",2,146,107,18,43,46,0.0
147,"2022-06-18",3,109,72,33,6,33,2.32
148,"2022-06-19",1,197,132,97,13,22,7.94
149,"2022-06-19",2,164,143,22,4,117,0.0
150,"2022-06-19",3,90,64,13,28,23,3.97
151,"2022-06-20",1,123,70,24,0,46,3.89
152,"2022-06-20",2,186,184,158,6,20,0.0
153,"2022-06-20",3,83,60,30,6,24,1.29
154,"2022-06-21",1,94,81,10,54,17,5.66
155,"2022-06-21",2,185,168,23,100,45,0.0
156,"2022-06-21",3,136,100,22,19,59,2.2
157,"2022-06-22",1,50,33,3,1,29,8.61
158,"2022-06-22",2,141,65,28,26,11,0.0
159,"2022-06-22",3,97,86,78,8,0,1.12
160,"2022-06-23",1,114,77,72,3,2,4.66
161,"2022-06-23",2,186,66,1,3,62,0.0
162,"2022-06-23",3,53,33,25,0,8,3.87
163,"2022-06-24",1,150,138,113,24,1,9.07
164,"2022-06-24",2,96,57,16,39,2,0.0
165,"2022-06-24",3,87,64,62,1,1,4.36
166,"2022-06-25",1,192,73,35,12,26,8.68
167,"2022-06-25",2,110,87,33,24,30,0.0
168,"2022-06-25",3,111,47,21,21,5,2.56
169,"2022-06-26",1,124,49,48,1,0,3.96
170,"2022-06-26",2,79,77,0,22,55,0.0
171,"2022-06-26",3,63,57,55,2,0,3.51
172,"2022-06-27",1,122,86,67,0,19,5.08
173,"2022-06-27",2,164,81,7,57,17,0.0
174,"2022-06-27",3,164,129,7,60,62,3.28
175,"2022-06-28",1,154,58,53,0,5,4.37
176,"2022-06-28",2,118,73,4,35,34,0.0
177,"2022-06-28",3,112,73,13,57,3,2.85
178,"2022-06-29",1,197,90,29,15,46,4.42
179,"2022-06-29",2,200,31,12,5,14,0.0
180,"2022-06-29",3,116,51,49,0,2,4.07
181,"2022-06-30",1,104,76,2,8,66,7.11
182,"2022-06-30",2,197,188,127,4,57,0.0
183,"2022-06-30",3,156,41,3,26,12,2.39
184,"2022-07-01",1,164,78,34,5,39,7.09
185,"2022-07-01",2,54,47,16,18,13,0.0
186,"2022-07-01",3,155,32,29,3,0,1.71
187,"2022-07-02",1,76,57,55,0,2,7.93
188,"2022-07-02",2,200,153,36,70,47,0.0
189,"2022-07-02",3,193,119,56,63,0,4.23
190,"2022-07-03",1,157,87,7,30,50,4.0
191,"2022-07-03",2,154,99,58,20,21,0.0
192,"2022-07-03",3,137,71,29,24,18,3.62
193,"2022-07-04",1,80,60,35,0,25,2.43
194,"2022-07-04",2,126,30,19,1,10,0.0
195,"2022-07-04",3,53,33,0,29,4,2.21
196,"2022-07-05",1,153,72,16,23,33,2.97
197,"2022-07-05",2,74,37,9,8,20,0.0
198,"2022-07-05",3,78,46,7,37,2,4.37
199,"2022-07-06",1,199,30,4,25,1,5.55
200,"2022-07-06",2,187,106,68,35,3,0.0
201,"2022-07-06",3,156,124,114,7,3,1.98
202,"2022-07-07",1,52,30,8,10,12,9.24
203,"2022-07-07",2,159,124,33,26,65,0.0
204,"2022-07-07",3,85,42,42,0,0,1.74
205,"2022-07-08",1,140,72,30,8,34,2.49
206,"2022-07-08",2,138,121,112,1,8,0.0
207,"2022-07-08",3,117,69,41,9,19,4.58
208,"2022-07-09",1,166,112,81,31,0,3.8
209,"2022-07-09",2,150,89,36,32,21,0.0
210,"2022-07-09",3,144,83,23,2,58,4.61
211,"2022-07-10",1,148,133,8,78,47,7.51
212,"2022-07-10",2,187,106,10,48,48,0.0
213,"2022-07-10",3,56,31,8,3,20,2.06
214,"2022-07-11",1,68,51,43,6,2,8.14
215,"2022-07-11",2,56,42,7,26,9,0.0
216,"2022-07-11",3,112,103,28,14,61,3.34
217,"2022-07-12",1,57,45,28,9,8,8.4
218,"2022-07-12",2,99,64,20,10,34,0.0
219,"2022-07-12",3,84,73,16,12,45,3.43
220,"2022-07-13",1,113,109,29,44,36,3.89
221,"2022-07-13",2,112,39,22,10,7,0.0
222,"2022-07-13",3,180,49,27,1,21,1.65
223,"2022-07-14",1,196,34,32,1,1,8.2
224,"2022-07-14",2,91,72,60,4,8,0.0
225,"2022-07-14",3,196,47,24,22,1,1.98
226,"2022-07-15",1,153,38,12,5,21,6.49
227,"2022-07-15",2,198,173,118,42,13,0.0
228,"2022-07-15",3,115,72,59,6,7,4.57
229,"2022-07-16",1,114,43,38,0,5,5.81
230,"2022-07-16",2,99,33,17,8,8,0.0
231,"2022-07-16",3,156,111,11,14,86,2.62
232,"2022-07-17",1,170,81,56,15,10,6.33
233,"2022-07-17",2,157,115,16,9,90,0.0
234,"2022-07-17",3,93,82,37,40,5,2.42
235,"2022-07-18",1,137,56,47,8,1,9.32
236,"2022-07-18",2,190,118,19,69,30,0.0
237,"2022-07-18",3,104,42,37,0,5,3.5
238,"2022-07-19",1,59,31,2,27,2,3.88
239,"2022-07-19",2,179,169,113,6,50,0.0
240,"2022-07-19",3,188,31,8,15,8,4.22
241,"2022-07-20",1,118,94,2,18,74,5.41
242,"2022-07-20",2,91,48,10,25,13,0.0
243,"2022-07-20",3,96,30,24,6,0,4.14
244,"2022-07-21",1,159,115,84,20,11,4.98
245,"2022-07-21",2,68,64,39,22,3,0.0
246,"2022-07-21",3,145,58,28,20,10,3.02
247,"2022-07-22",1,175,110,69,20,21,5.15
248,"2022-07-22",2,163,110,28,34,48,0.0
249,"2022-07-22",3,55,39,26,5,8,2.73
250,"2022-07-23",1,178,155,11,124,20,6.41
251,"2022-07-23",2,96,56,19,7,30,0.0
252,"2022-07-23",3,171,157,110,31,16,3.46
253,"2022-07-24",1,80,64,33,17,14,2.75
254,"2022-07-24",2,106,105,43,56,6,0.0
255,"2022-07-24",3,83,55,35,12,8,3.18
256,"2022-07-25",1,137,67,24,43,0,4.87
257,"2022-07-25",2,169,168,131,28,9,0.0
258,"2022-07-25",3,134,113,41,10,62,2.4
259,"2022-07-26",1,95,82,79,3,0,3.41
260,"2022-07-26",2,108,50,19,16,15,0.0
261,"2022-07-26",3,128,39,3,12,24,4.38
262,"2022-07-27",1,73,71,62,1,8,7.71
263,"2022-07-27",2,57,35,28,2,5,0.0
264,"2022-07-27",3,74,50,34,2,14,4.84
265,"2022-07-28",1,80,52,13,26,13,5.23
266,"2022-07-28",2,145,54,16,0,38,0.0
267,"2022-07-28",3,129,63,8,6,49,4.15
268,"2022-07-29",1,179,79,41,32,6,5.08
269,"2022-07-29",2,115,110,31,31,48,0.0
270,"2022-07-29",3,95,67,16,33,18,2.72
271,"2022-07-30",1,117,111,48,62,1,3.01
272,"2022-07-30",2,91,35,17,9,9,0.0
273,"2022-07-30",3,182,132,105,0,27,3.88
274,"2022-07-31",1,131,75,11,1,63,9.01
275,"2022-07-31",2,70,69,31,27,11,0.0
276,"2022-07-31",3,90,37,33,1,3,4.18
277,"2022-08-01",1,120,53,43,2,8,6.72
278,"2022-08-01",2,102,40,10,10,20,0.0
279,"2022-08-01",3,125,69,8,10,51,2.13
280,"2022-08-02",1,183,94,35,15,44,8.96
281,"2022-08-02",2,123,115,112,1,2,0.0
282,"2022-08-02",3,188,131,64,4,63,3.55
283,"2022-08-03",1,154,83,63,4,16,9.73
284,"2022-08-03",2,100,64,15,43,6,0.0
285,"2022-08-03",3,188,59,48,2,9,1.22
286,"2022-08-04",1,112,36,4,4,28,3.86
287,"2022-08-04",2,101,43,11,29,3,0.0
288,"2022-08-04",3,90,33,28,0,5,3.3
289,"2022-08-05",1,123,36,30,1,5,3.01
290,"2022-08-05",2,67,59,15,1,43,0.0
291,"2022-08-05",3,92,63,13,27,23,4.84
292,"2022-08-06",1,151,66,26,32,8,7.35
293,"2022-08-06",2,112,94,62,16,16,0.0
294,"2022-08-06",3,56,30,7,3,20,2.57
295,"2022-08-07",1,77,60,34,7,19,7.21
296,"2022-08-07",2,136,78,47,1,30,0.0
297,"2022-08-07",3,189,110,13,35,62,2.44
298,"2022-08-08",1,187,65,14,46,5,6.14
299,"2022-08-08",2,53,49,13,18,18,0.0
300,"2022-08-08",3,165,100,85,12,3,2.98
301,"2022-08-09",1,74,47,44,2,1,7.93
302,"2022-08-09",2,129,109,29,2,78,0.0
303,"2022-08-09",3,73,57,15,41,1,2.39
304,"2022-08-10",1,134,58,14,31,13,3.93
305,"2022-08-10",2,179,177,145,9,23,0.0
306,"2022-08-10",3,80,63,50,6,7,1.86
307,"2022-08-11",1,169,42,1,11,30,2.08
308,"2022-08-11",2,129,76,66,3,7,0.0
309,"2022-08-11",3,84,32,1,19,12,4.79
310,"2022-08-12",1,95,74,7,15,52,7.75
311,"2022-08-12",2,87,40,26,8,6,0.0
312,"2022-08-12",3,86,40,11,20,9,2.72
313,"2022-08-13",1,200,41,20,1,20,5.08
314,"2022-08-13",2,73,56,30,15,11,0.0
315,"2022-08-13",3,97,82,19,3,60,1.24
316,"2022-08-14",1,198,135,55,42,38,7.9
317,"2022-08-14",2,77,30,18,1,11,0.0
318,"2022-08-14",3,182,141,4,64,73,4.51
319,"2022-08-15",1,200,171,90,51,30,7.71
320,"2022-08-15",2,89,74,5,8,61,0.0
321,"2022-08-15",3,64,60,4,0,56,1.95
322,"2022-08-16",1,126,97,67,10,20,2.24
323,"2022-08-16",2,132,68,20,16,32,0.0
324,"2022-08-16",3,162,35,27,6,2,2.96
325,"2022-08-17",1,136,42,33,8,1,8.84
326,"2022-08-17",2,146,66,14,42,10,0.0
327,"2022-08-17",3,111,86,53,19,14,2.73
328,"2022-08-18",1,71,64,45,8,11,9.62
329,"2022-08-18",2,195,106,11,52,43,0.0
330,"2022-08-18",3,84,60,9,23,28,3.3
331,"2022-08-19",1,185,155,9,94,52,3.45
332,"2022-08-19",2,193,123,20,81,22,0.0
333,"2022-08-19",3,124,49,11,3,35,2.64
334,"2022-08-20",1,165,88,67,11,10,5.55
335,"2022-08-20",2,179,37,9,8,20,0.0
336,"2022-08-20",3,144,123,68,52,3,2.39
337,"2022-08-21",1,60,31,3,0,28,7.96
338,"2022-08-21",2,113,110,26,50,34,0.0
339,"2022-08-21",3,90,51,41,3,7,2.61
340,"2022-08-22",1,157,123,88,20,15,9.19
341,"2022-08-22",2,176,37,32,3,2,0.0
342,"2022-08-22",3,142,113,1,108,4,4.12
343,"2022-08-23",1,137,92,72,15,5,2.72
344,"2022-08-23",2,66,32,7,4,21,0.0
345,"2022-08-23",3,114,61,8,9,44,1.65
346,"2022-08-24",1,53,48,11,9,28,3.23
347,"2022-08-24",2,199,87,40,8,39,0.0
348,"2022-08-24",3,167,152,149,3,0,4.71
349,"2022-08-25",1,50,43,26,4,13,6.99
350,"2022-08-25",2,199,79,5,4,70,0.0
351,"2022-08-25",3,166,125,24,100,1,3.37
352,"2022-08-26",1,135,81,38,32,11,2.08
353,"2022-08-26",2,147,129,85,17,27,0.0
354,"2022-08-26",3,135,133,70,32,31,2.0
355,"2022-08-27",1,75,39,23,12,4,6.29
356,"2022-08-27",2,173,153,46,22,85,0.0
357,"2022-08-27",3,145,123,97,0,26,4.97
358,"2022-08-28",1,61,52,12,26,14,9.21
359,"2022-08-28",2,135,134,121,8,5,0.0
360,"2022-08-28",3,192,188,97,59,32,2.81
361,"2022-08-29",1,123,54,4,30,20,3.41
362,"2022-08-29",2,97,42,41,0,1,0.0
363,"2022-08-29",3,52,35,19,0,16,1.78
364,"2022-08-30",1,173,121,50,30,41,2.45
365,"2022-08-30",2,60,41,3,0,38,0.0
366,"2022-08-30",3,63,30,19,11,0,4.58
367,"2022-08-31",1,84,67,39,14,14,6.26
368,"2022-08-31",2,192,164,82,11,71,0.0
369,"2022-08-31",3,132,31,20,0,11,2.69
370,"2022-09-01",1,169,159,46,48,65,4.58
371,"2022-09-01",2,85,83,24,52,7,0.0
372,"2022-09-01",3,98,50,41,3,6,3.17
373,"2022-09-02",1,189,157,69,29,59,3.13
374,"2022-09-02",2,109,46,36,2,8,0.0
375,"2022-09-02",3,187,53,35,1,17,4.62
376,"2022-09-03",1,76,74,22,50,2,6.49
377,"2022-09-03",2,177,100,95,1,4,0.0
378,"2022-09-03",3,135,50,4,39,7,3.13
379,"2022-09-04",1,142,78,57,14,7,2.34
380,"2022-09-04",2,126,120,37,57,26,0.0
381,"2022-09-04",3,93,57,27,9,21,3.19
382,"2022-09-05",1,196,92,13,30,49,2.47
383,"2022-09-05",2,121,100,6,30,64,0.0
384,"2022-09-05",3,97,81,69,1,11,4.53
385,"2022-09-06",1,125,41,23,18,0,6.3
386,"2022-09-06",2,141,90,89,0,1,0.0
387,"2022-09-06",3,63,51,35,7,9,3.14
388,"2022-09-07",1,102,97,58,22,17,4.67
389,"2022-09-07",2,157,56,44,0,12,0.0
390,"2022-09-07",3,91,53,33,12,8,2.55
391,"2022-09-08",1,183,123,68,46,9,6.61
392,"2022-09-08",2,88,38,33,4,1,0.0
393,"2022-09-08",3,131,77,3,52,22,2.59
394,"2022-09-09",1,120,73,46,25,2,7.08
395,"2022-09-09",2,102,52,51,1,0,0.0
396,"2022-09-09",3,74,72,54,5,13,3.83
397,"2022-09-10",1,197,192,72,105,15,7.27
398,"2022-09-10",2,147,120,56,20,44,0.0
399,"2022-09-10",3,115,52,35,14,3,4.02
400,"2022-09-11",1,178,169,37,71,61,2.96
401,"2022-09-11",2,176,115,59,47,9,0.0
402,"2022-09-11",3,63,62,61,0,1,3.47
403,"2022-09-12",1,131,101,82,11,8,9.41
404,"2022-09-12",2,132,41,14,12,15,0.0
405,"2022-09-12",3,141,134,68,24,42,1.76
406,"2022-09-13",1,180,57,10,40,7,2.62
407,"2022-09-13",2,77,76,20,7,49,0.0
408,"2022-09-13",3,128,55,20,21,14,4.92
409,"2022-09-14",1,184,73,10,54,9,6.73
410,"2022-09-14",2,114,107,11,52,44,0.0
411,"2022-09-14",3,188,90,80,8,2,1.69
412,"2022-09-15",1,192,38,5,14,19,8.21
413,"2022-09-15",2,108,100,96,0,4,0.0
414,"2022-09-15",3,63,49,13,32,4,3.24
415,"2022-09-16",1,53,33,2,31,0,4.25
416,"2022-09-16",2,158,111,94,4,13,0.0
417,"2022-09-16",3,134,102,51,16,35,3.68
418,"2022-09-17",1,55,44,11,4,29,8.88
419,"2022-09-17",2,124,39,30,7,2,0.0
420,"2022-09-17",3,62,49,10,32,7,1.33
421,"2022-09-18",1,161,65,62,1,2,8.87
422,"2022-09-18",2,87,59,30,21,8,0.0
423,"2022-09-18",3,143,68,26,19,23,4.61
424,"2022-09-19",1,192,140,29,111,0,5.18
425,"2022-09-19",2,181,125,3,14,108,0.0
426,"2022-09-19",3,88,47,26,19,2,4.84
427,"2022-09-20",1,128,87,11,12,64,4.37
428,"2022-09-20",2,170,104,103,1,0,0.0
429,"2022-09-20",3,119,40,7,5,28,3.48
430,"2022-09-21",1,137,133,104,14,15,8.62
431,"2022-09-21",2,194,93,71,7,15,0.0
432,"2022-09-21",3,118,49,9,7,33,1.81
433,"2022-09-22",1,62,61,31,3,27,6.02
434,"2022-09-22",2,68,54,1,4,49,0.0
435,"2022-09-22",3,141,134,62,25,47,2.09
436,"2022-09-23",1,135,36,13,3,20,4.88
437,"2022-09-23",2,146,40,1,38,1,0.0
438,"2022-09-23",3,160,55,2,36,17,1.59
439,"2022-09-24",1,189,155,34,22,99,3.75
440,"2022-09-24",2,69,62,60,2,0,0.0
441,"2022-09-24",3,66,53,45,0,8,1.35
442,"2022-09-25",1,121,111,83,14,14,2.41
443,"2022-09-25",2,148,73,22,44,7,0.0
444,"2022-09-25",3,58,42,13,12,17,2.96
445,"2022-09-26",1,183,66,40,4,22,6.93
446,"2022-09-26",2,148,93,15,16,62,0.0
447,"2022-09-26",3,199,184,11,128,45,4.34
448,"2022-09-27",1,136,116,62,53,1,3.82
449,"2022-09-27",2,191,140,30,100,10,0.0
450,"2022-09-27",3,63,34,10,6,18,1.12
451,"2022-09-28",1,108,37,3,4,30,9.2
452,"2022-09-28",2,173,101,28,30,43,0.0
453,"2022-09-28",3,143,63,44,17,2,2.19
454,"2022-09-29",1,133,32,2,27,3,3.32
455,"2022-09-29",2,70,47,14,5,28,0.0
456,"2022-09-29",3,97,96,19,68,9,1.82
457,"2022-09-30",1,71,46,14,23,9,3.4
458,"2022-09-30",2,116,82,61,4,17,0.0
459,"2022-09-30",3,116,106,16,59,31,3.41
460,"2022-10-01",1,84,42,8,27,7,4.06
461,"2022-10-01",2,72,31,21,10,0,0.0
462,"2022-10-01",3,82,59,33,12,14,2.08
463,"2022-10-02",1,174,91,77,11,3,2.48
464,"2022-10-02",2,115,89,6,41,42,0.0
465,"2022-10-02",3,117,53,39,13,1,2.27
466,"2022-10-03",1,125,105,65,29,11,8.23
467,"2022-10-03",2,186,83,0,14,69,0.0
468,"2022-10-03",3,125,54,1,7,46,2.46
469,"2022-10-04",1,98,37,30,2,5,9.45
470,"2022-10-04",2,199,196,97,18,81,0.0
471,"2022-10-04",3,155,82,70,3,9,4.63
472,"2022-10-05",1,144,84,1,56,27,9.1
473,"2022-10-05",2,62,45,20,11,14,0.0
474,"2022-10-05",3,182,169,97,22,50,4.0
475,"2022-10-06",1,59,52,4,31,17,2.34
476,"2022-10-06",2,189,169,87,20,62,0.0
477,"2022-10-06",3,158,40,26,12,2,1.94
478,"2022-10-07",1,63,40,40,0,0,7.03
479,"2022-10-07",2,65,54,33,16,5,0.0
480,"2022-10-07",3,125,124,77,47,0,4.49
481,"2022-10-08",1,95,64,52,0,12,4.25
482,"2022-10-08",2,165,51,45,1,5,0.0
483,"2022-10-08",3,65,40,13,24,3,1.49
484,"2022-10-09",1,170,163,56,84,23,6.31
485,"2022-10-09",2,135,99,86,5,8,0.0
486,"2022-10-09",3,89,80,9,16,55,1.12
487,"2022-10-10",1,70,44,1,25,18,8.82
488,"2022-10-10",2,121,94,52,33,9,0.0
489,"2022-10-10",3,85,54,35,16,3,1.28
490,"2022-10-11",1,90,30,28,1,1,4.82
491,"2022-10-11",2,103,62,33,29,0,0.0
492,"2022-10-11",3,153,105,86,9,10,3.46
493,"2022-10-12",1,144,86,58,14,14,3.95
494,"2022-10-12",2,109,66,28,2,36,0.0
495,"2022-10-12",3,111,39,31,3,5,1.93
496,"2022-10-13",1,141,128,123,1,4,5.88
497,"2022-10-13",2,126,60,48,3,9,0.0
498,"2022-10-13",3,89,52,8,32,12,2.19
499,"2022-10-14",1,156,103,20,18,65,5.59
500,"2022-10-14",2,103,64,18,45,1,0.0
501,"2022-10-14",3,195,114,51,54,9,3.05
502,"2022-10-15",1,132,51,16,19,16,2.63
503,"2022-10-15",2,125,38,22,5,11,0.0
504,"2022-10-15",3,130,55,20,34,1,2.01
505,"2022-10-16",1,122,64,14,37,13,7.65
506,"2022-10-16",2,70,57,18,24,15,0.0
507,"2022-10-16",3,60,41,4,34,3,4.84
508,"2022-10-17",1,95,58,14,31,13,5.45
509,"2022-10-17",2,79,60,5,45,10,0.0
510,"2022-10-17",3,116,62,14,5,43,2.87
511,"2022-10-18",1,141,85,70,9,6,5.7
512,"2022-10-18",2,140,78,52,21,5,0.0
513,"2022-10-18",3,91,52,3,37,12,2.74
514,"2022-10-19",1,129,123,68,9,46,6.72
515,"2022-10-19",2,81,68,43,17,8,0.0
516,"2022-10-19",3,117,101,48,18,35,2.26
517,"2022-10-20",1,56,36,9,3,24,4.37
518,"2022-10-20",2,52,40,23,2,15,0.0
519,"2022-10-20",3,118,86,63,18,5,1.62
520,"2022-10-21",1,131,114,65,30,19,8.21
521,"2022-10-21",2,51,35,12,14,9,0.0
522,"2022-10-21",3,175,69,69,0,0,2.38
523,"2022-10-22",1,177,86,61,21,4,2.37
524,"2022-10-22",2,55,45,34,8,3,0.0
525,"2022-10-22",3,63,52,45,1,6,4.76
526,"2022-10-23",1,92,54,41,7,6,9.79
527,"2022-10-23",2,175,44,41,1,2,0.0
528,"2022-10-23",3,198,165,76,48,41,1.21
529,"2022-10-24",1,131,62,40,5,17,4.46
530,"2022-10-24",2,163,110,34,49,27,0.0
531,"2022-10-24",3,99,66,39,20,7,1.68
532,"2022-10-25",1,133,120,113,5,2,9.95
533,"2022-10-25",2,54,37,5,19,13,0.0
534,"2022-10-25",3,198,33,15,1,17,2.01
535,"2022-10-26",1,84,74,39,5,30,3.94
536,"2022-10-26",2,86,66,34,6,26,0.0
537,"2022-10-26",3,175,102,76,0,26,2.76
538,"2022-10-27",1,113,107,41,62,4,6.65
539,"2022-10-27",2,200,147,110,2,35,0.0
540,"2022-10-27",3,155,136,136,0,0,1.42
541,"2022-10-28",1,195,148,35,103,10,9.64
542,"2022-10-28",2,145,103,48,45,10,0.0
543,"2022-10-28",3,90,75,41,22,12,1.52
544,"2022-10-29",1,70,35,35,0,0,6.94
545,"2022-10-29",2,88,35,0,24,11,0.0
546,"2022-10-29",3,97,30,21,4,5,4.31
547,"2022-10-30",1,133,91,15,38,38,2.67
548,"2022-10-30",2,67,63,33,13,17,0.0
549,"2022-10-30",3,121,109,52,56,1,4.9
550,"2022-10-31",1,176,149,122,6,21,5.15
551,"2022-10-31",2,130,116,38,68,10,0.0
552,"2022-10-31",3,172,79,30,19,30,4.64
553,"2022-11-01",1,84,48,24,1,23,8.23
554,"2022-11-01",2,127,123,28,78,17,0.0
555,"2022-11-01",3,131,83,30,29,24,1.74
556,"2022-11-02",1,170,105,104,1,0,4.47
557,"2022-11-02",2,71,41,2,1,38,0.0
558,"2022-11-02",3,125,63,59,4,0,2.57
559,"2022-11-03",1,132,119,31,57,31,4.53
560,"2022-11-03",2,142,119,55,57,7,0.0
561,"2022-11-03",3,156,102,32,42,28,4.05
562,"2022-11-04",1,146,31,10,13,8,7.03
563,"2022-11-04",2,140,38,7,10,21,0.0
564,"2022-11-04",3,156,84,31,16,37,3.47
565,"2022-11-05",1,104,48,17,19,12,5.24
566,"2022-11-05",2,152,82,82,0,0,0.0
567,"2022-11-05",3,120,93,71,21,1,3.39
568,"2022-11-06",1,71,58,58,0,0,2.93
569,"2022-11-06",2,50,34,20,6,8,0.0
570,"2022-11-06",3,70,57,54,0,3,2.75
571,"2022-11-07",1,57,44,8,11,25,7.77
572,"2022-11-07",2,98,85,71,3,11,0.0
573,"2022-11-07",3,103,99,47,39,13,3.24
574,"2022-11-08",1,109,73,15,13,45,4.15
575,"2022-11-08",2,71,51,1,21,29,0.0
576,"2022-11-08",3,89,82,6,71,5,2.81
577,"2022-11-09",1,62,52,21,16,15,5.82
578,"2022-11-09",2,107,96,74,10,12,0.0
579,"2022-11-09",3,105,73,53,0,20,1.83
580,"2022-11-10",1,142,52,43,5,4,4.83
581,"2022-11-10",2,124,123,62,22,39,0.0
582,"2022-11-10",3,87,38,16,20,2,1.25
583,"2022-11-11",1,96,40,16,7,17,8.31
584,"2022-11-11",2,174,139,6,123,10,0.0
585,"2022-11-11",3,57,41,6,10,25,2.98
586,"2022-11-12",1,92,55,7,5,43,8.94
587,"2022-11-12",2,93,45,3,41,1,0.0
588,"2022-11-12",3,106,100,38,15,47,2.98
589,"2022-11-13",1,73,34,4,24,6,2.5
590,"2022-11-13",2,103,58,24,10,24,0.0
591,"2022-11-13",3,56,43,5,19,19,3.95
592,"2022-11-14",1,149,60,26,0,34,8.48
593,"2022-11-14",2,142,63,11,49,3,0.0
594,"2022-11-14",3,107,51,23,25,3,1.1
595,"2022-11-15",1,82,34,24,2,8,5.94
596,"2022-11-15",2,170,32,20,4,8,0.0
597,"2022-11-15",3,85,71,48,15,8,4.37
598,"2022-11-16",1,83,73,41,23,9,9.84
599,"2022-11-16",2,97,55,21,8,26,0.0
600,"2022-11-16",3,76,72,58,8,6,3.58
601,"2022-11-17",1,76,35,21,4,10,8.96
602,"2022-11-17",2,61,44,23,11,10,0.0
603,"2022-11-17",3,179,48,48,0,0,2.57
604,"2022-11-18",1,187,70,50,11,9,7.25
605,"2022-11-18",2,91,52,9,21,22,0.0
606,"2022-11-18",3,165,57,50,4,3,4.45
607,"2022-11-19",1,145,78,77,1,0,5.4
608,"2022-11-19",2,166,110,24,84,2,0.0
609,"2022-11-19",3,59,40,11,27,2,1.81
610,"2022-11-20",1,95,90,1,15,74,2.25
611,"2022-11-20",2,135,61,9,41,11,0.0
612,"2022-11-20",3,144,34,5,13,16,3.29
613,"2022-11-21",1,174,113,90,9,14,7.42
614,"2022-11-21",2,102,92,3,75,14,0.0
615,"2022-11-21",3,174,172,23,135,14,2.09
616,"2022-11-22",1,199,185,153,25,7,3.22
617,"2022-11-22",2,189,184,59,84,41,0.0
618,"2022-11-22",3,90,47,31,4,12,3.16
619,"2022-11-23",1,106,91,39,23,29,4.78
620,"2022-11-23",2,61,32,19,7,6,0.0
621,"2022-11-23",3,115,100,67,28,5,1.91
622,"2022-11-24",1,79,57,11,1,45,3.29
623,"2022-11-24",2,129,40,7,18,15,0.0
624,"2022-11-24",3,193,187,31,66,90,2.23
625,"2022-11-25",1,58,53,22,19,12,5.84
626,"2022-11-25",2,111,105,46,27,32,0.0
627,"2022-11-25",3,63,49,48,1,0,1.89
628,"2022-11-26",1,64,55,31,15,9,5.3
629,"2022-11-26",2,55,41,25,16,0,0.0
630,"2022-11-26",3,176,158,107,34,17,1.54
631,"2022-11-27",1,162,98,66,2,30,3.17
632,"2022-11-27",2,132,57,1,42,14,0.0
633,"2022-11-27",3,127,38,1,4,33,3.78
634,"2022-11-28",1,181,143,2,117,24,8.19
635,"2022-11-28",2,187,66,8,18,40,0.0
636,"2022-11-28",3,116,38,0,26,12,4.35
637,"2022-11-29",1,185,93,38,22,33,8.96
638,"2022-11-29",2,137,110,71,22,17,0.0
639,"2022-11-29",3,123,36,17,6,13,3.19
640,"2022-11-30",1,110,37,28,9,0,3.11
641,"2022-11-30",2,128,53,28,15,10,0.0
642,"2022-11-30",3,107,77,19,25,33,3.55
643,"2022-12-01",1,72,71,47,22,2,4.64
644,"2022-12-01",2,162,33,27,4,2,0.0
645,"2022-12-01",3,167,123,12,58,53,1.19
646,"2022-12-02",1,153,114,112,0,2,5.93
647,"2022-12-02",2,133,129,99,8,22,0.0
648,"2022-12-02",3,176,98,68,4,26,1.63
649,"2022-12-03",1,168,46,3,0,43,4.25
650,"2022-12-03",2,195,185,45,23,117,0.0
651,"2022-12-03",3,120,89,78,11,0,4.34
652,"2022-12-04",1,157,98,64,11,23,4.97
653,"2022-12-04",2,174,94,31,7,56,0.0
654,"2022-12-04",3,89,70,66,2,2,2.48
655,"2022-12-05",1,133,36,12,14,10,8.67
656,"2022-12-05",2,95,34,1,32,1,0.0
657,"2022-12-05",3,165,156,124,5,27,4.36
658,"2022-12-06",1,68,43,8,7,28,9.19
659,"2022-12-06",2,67,59,43,8,8,0.0
660,"2022-12-06",3,58,46,42,3,1,1.81
661,"2022-12-07",1,103,48,47,1,0,2.56
662,"2022-12-07",2,156,125,17,20,88,0.0
663,"2022-12-07",3,96,63,38,2,23,3.9
664,"2022-12-08",1,94,48,10,0,38,6.81
665,"2022-12-08",2,119,84,25,46,13,0.0
666,"2022-12-08",3,56,49,31,12,6,3.21
667,"2022-12-09",1,157,44,19,6,19,8.02
668,"2022-12-09",2,91,84,1,27,56,0.0
669,"2022-12-09",3,146,141,68,6,67,3.09
670,"2022-12-10",1,105,103,55,12,36,7.28
671,"2022-12-10",2,70,57,4,30,23,0.0
672,"2022-12-10",3,77,31,22,0,9,2.12
673,"2022-12-11",1,81,34,1,27,6,8.98
674,"2022-12-11",2,192,93,20,53,20,0.0
675,"2022-12-11",3,88,78,39,35,4,3.61
676,"2022-12-12",1,192,179,61,58,60,8.38
677,"2022-12-12",2,72,67,24,34,9,0.0
678,"2022-12-12",3,86,34,19,11,4,3.28
679,"2022-12-13",1,133,66,1,49,16,7.03
680,"2022-12-13",2,96,86,27,25,34,0.0
681,"2022-12-13",3,128,93,1,42,50,3.01
682,"2022-12-14",1,119,33,2,30,1,4.92
683,"2022-12-14",2,163,109,46,46,17,0.0
684,"2022-12-14",3,116,112,2,27,83,2.76
685,"2022-12-15",1,83,68,20,3,45,3.04
686,"2022-12-15",2,65,60,48,6,6,0.0
687,"2022-12-15",3,178,85,11,10,64,2.26
688,"2022-12-16",1,59,49,2,4,43,6.11
689,"2022-12-16",2,91,62,23,0,39,0.0
690,"2022-12-16",3,175,151,131,6,14,3.07
691,"2022-12-17",1,145,105,104,0,1,3.85
692,"2022-12-17",2,66,41,20,8,13,0.0
693,"2022-12-17",3,51,47,25,21,1,3.13
694,"2022-12-18",1,197,76,40,13,23,7.35
695,"2022-12-18",2,162,156,59,94,3,0.0
696,"2022-12-18",3,169,75,32,3,40,1.51
697,"2022-12-19",1,174,122,81,21,20,3.48
698,"2022-12-19",2,152,104,77,18,9,0.0
699,"2022-12-19",3,65,61,11,7,43,3.76
700,"2022-12-20",1,161,99,61,31,7,2.92
701,"2022-12-20",2,148,142,132,8,2,0.0
702,"2022-12-20",3,177,87,8,1,78,1.3
703,"2022-12-21",1,60,44,28,2,14,7.43
704,"2022-12-21",2,112,70,18,47,5,0.0
705,"2022-12-21",3,110,96,61,30,5,2.78
706,"2022-12-22",1,173,75,43,7,25,8.33
707,"2022-12-22",2,149,128,77,38,13,0.0
708,"2022-12-22",3,152,149,134,5,10,3.97
709,"2022-12-23",1,59,53,44,8,1,7.06
710,"2022-12-23",2,166,85,43,9,33,0.0
711,"2022-12-23",3,155,124,68,32,24,2.5
712,"2022-12-24",1,153,123,111,12,0,3.69
713,"2022-12-24",2,92,67,53,4,10,0.0
714,"2022-12-24",3,197,182,1,47,134,3.07
715,"2022-12-25",1,71,50,3,18,29,7.11
716,"2022-12-25",2,148,82,43,4,35,0.0
717,"2022-12-25",3,164,48,31,17,0,3.17
718,"2022-12-26",1,147,50,19,28,3,9.61
719,"2022-12-26",2,182,93,92,0,1,0.0
720,"2022-12-26",3,143,41,8,17,16,4.63
721,"2022-12-27",1,131,100,77,1,22,8.19
722,"2022-12-27",2,122,87,48,6,33,0.0
723,"2022-12-27",3,109,95,59,0,36,2.98
724,"2022-12-28",1,58,35,27,8,0,8.96
725,"2022-12-28",2,151,121,11,94,16,0.0
726,"2022-12-28",3,96,63,36,25,2,1.96
727,"2022-12-29",1,197,85,64,2,19,3.31
728,"2022-12-29",2,67,64,63,1,0,0.0
729,"2022-12-29",3,111,86,36,25,25,3.48
730,"2022-12-30",1,121,120,92,25,3,4.86
731,"2022-12-30",2,169,154,113,13,28,0.0
732,"2022-12-30",3,195,72,61,5,6,4.38
733,"2022-12-31",1,174,172,21,38,113,9.61
734,"2022-12-31",2,188,65,21,19,25,0.0
735,"2022-12-31",3,137,58,53,5,0,3.9
736,"2023-01-01",1,140,74,0,14,60,8.29
737,"2023-01-01",2,192,88,76,8,4,0.0
738,"2023-01-01",3,83,37,29,3,5,1.55
739,"2023-01-02",1,64,42,35,4,3,5.46
740,"2023-01-02",2,55,44,4,36,4,0.0
741,"2023-01-02",3,130,107,33,23,51,2.06
742,"2023-01-03",1,176,112,80,23,9,8.48
743,"2023-01-03",2,154,100,11,6,83,0.0
744,"2023-01-03",3,159,130,93,28,9,2.25
745,"2023-01-04",1,136,34,30,2,2,4.09
746,"2023-01-04",2,81,80,27,24,29,0.0
747,"2023-01-04",3,183,51,35,9,7,4.7
748,"2023-01-05",1,185,43,25,16,2,4.36
749,"2023-01-05",2,134,132,131,0,1,0.0
750,"2023-01-05",3,140,117,117,0,0,4.68
751,"2023-01-06",1,94,30,18,6,6,2.7
752,"2023-01-06",2,144,60,27,18,15,0.0
753,"2023-01-06",3,188,119,12,37,70,1.91
754,"2023-01-07",1,54,35,11,7,17,4.92
755,"2023-01-07",2,168,115,93,21,1,0.0
756,"2023-01-07",3,148,143,16,117,10,4.93
757,"2023-01-08",1,98,48,13,31,4,3.68
758,"2023-01-08",2,142,65,7,15,43,0.0
759,"2023-01-08",3,59,51,25,5,21,3.04
760,"2023-01-09",1,65,46,23,8,15,4.58
761,"2023-01-09",2,152,97,74,13,10,0.0
762,"2023-01-09",3,127,125,25,79,21,2.19
763,"2023-01-10",1,79,42,41,0,1,7.64
764,"2023-01-10",2,67,54,23,20,11,0.0
765,"2023-01-10",3,112,88,8,17,63,1.9
766,"2023-01-11",1,132,101,51,38,12,4.34
767,"2023-01-11",2,66,61,12,44,5,0.0
768,"2023-01-11",3,181,97,90,6,1,3.38
769,"2023-01-12",1,128,35,22,7,6,2.41
770,"2023-01-12",2,198,63,17,2,44,0.0
771,"2023-01-12",3,92,49,40,8,1,3.47
772,"2023-01-13",1,134,31,6,14,11,2.13
773,"2023-01-13",2,51,46,35,1,10,0.0
774,"2023-01-13",3,117,63,57,1,5,2.87
775,"2023-01-14",1,122,42,34,8,0,5.7
776,"2023-01-14",2,73,44,1,43,0,0.0
777,"2023-01-14",3,120,95,72,6,17,3.48
778,"2023-01-15",1,198,106,39,56,11,8.12
779,"2023-01-15",2,122,103,33,70,0,0.0
780,"2023-01-15",3,51,37,14,8,15,1.65
781,"2023-01-16",1,138,62,32,24,6,7.41
782,"2023-01-16",2,126,96,52,20,24,0.0
783,"2023-01-16",3,119,54,2,33,19,1.23
784,"2023-01-17",1,123,52,4,15,33,2.76
785,"2023-01-17",2,68,38,5,25,8,0.0
786,"2023-01-17",3,146,112,85,12,15,4.53
787,"2023-01-18",1,96,50,28,9,13,8.2
788,"2023-01-18",2,150,44,1,19,24,0.0
789,"2023-01-18",3,76,71,0,38,33,3.73
790,"2023-01-19",1,195,148,9,84,55,5.16
791,"2023-01-19",2,107,34,6,4,24,0.0
792,"2023-01-19",3,134,58,8,8,42,2.07
793,"2023-01-20",1,63,41,37,3,1,5.78
794,"2023-01-20",2,161,152,40,29,83,0.0
795,"2023-01-20",3,160,31,21,9,1,3.73
796,"2023-01-21",1,101,64,60,0,4,2.54
797,"2023-01-21",2,146,104,38,14,52,0.0
798,"2023-01-21",3,78,74,4,20,50,2.15
799,"2023-01-22",1,174,53,34,17,2,8.79
800,"2023-01-22",2,160,78,1,64,13,0.0
801,"2023-01-22",3,77,56,40,8,8,3.79
802,"2023-01-23",1,153,113,97,4,12,7.86
803,"2023-01-23",2,174,45,19,8,18,0.0
804,"2023-01-23",3,151,146,59,82,5,1.12
805,"2023-01-24",1,184,96,39,47,10,7.28
806,"2023-01-24",2,192,58,14,44,0,0.0
807,"2023-01-24",3,148,118,13,93,12,3.25
808,"2023-01-25",1,53,38,19,11,8,6.93
809,"2023-01-25",2,116,43,38,2,3,0.0
810,"2023-01-25",3,82,31,5,13,13,4.97
811,"2023-01-26",1,135,63,37,9,17,7.12
812,"2023-01-26",2,112,69,9,51,9,0.0
813,"2023-01-26",3,122,79,38,35,6,1.12
814,"2023-01-27",1,75,52,21,11,20,9.45
815,"2023-01-27",2,63,33,1,4,28,0.0
816,"2023-01-27",3,122,89,23,35,31,2.02
817,"2023-01-28",1,157,123,117,4,2,4.73
818,"2023-01-28",2,147,107,80,7,20,0.0
819,"2023-01-28",3,87,80,70,2,8,4.45
820,"2023-01-29",1,153,41,18,19,4,9.16
821,"2023-01-29",2,126,110,80,15,15,0.0
822,"2023-01-29",3,195,78,70,2,6,4.99
823,"2023-01-30",1,110,48,18,27,3,8.03
824,"2023-01-30",2,77,44,11,8,25,0.0
825,"2023-01-30",3,183,53,13,15,25,2.09
826,"2023-01-31",1,89,59,58,0,1,4.74
827,"2023-01-31",2,163,148,94,51,3,0.0
828,"2023-01-31",3,139,61,15,7,39,1.52
829,"2023-02-01",1,132,92,74,14,4,3.46
830,"2023-02-01",2,189,149,131,8,10,0.0
831,"2023-02-01",3,87,82,65,15,2,2.66
832,"2023-02-02",1,116,74,72,1,1,6.66
833,"2023-02-02",2,132,98,79,12,7,0.0
834,"2023-02-02",3,136,117,70,22,25,1.86
835,"2023-02-03",1,135,53,14,33,6,5.21
836,"2023-02-03",2,77,39,38,1,0,0.0
837,"2023-02-03",3,60,47,35,11,1,2.09
838,"2023-02-04",1,84,68,59,5,4,3.57
839,"2023-02-04",2,199,174,167,5,2,0.0
840,"2023-02-04",3,108,69,7,6,56,1.42
841,"2023-02-05",1,138,103,98,1,4,8.17
842,"2023-02-05",2,109,81,76,4,1,0.0
843,"2023-02-05",3,53,38,8,26,4,1.36
844,"2023-02-06",1,66,65,7,20,38,3.5
845,"2023-02-06",2,84,71,4,53,14,0.0
846,"2023-02-06",3,154,76,40,26,10,3.51
847,"2023-02-07",1,124,38,6,25,7,6.26
848,"2023-02-07",2,200,96,87,4,5,0.0
849,"2023-02-07",3,77,76,20,45,11,4.66
850,"2023-02-08",1,126,67,1,56,10,9.64
851,"2023-02-08",2,125,47,17,0,30,0.0
852,"2023-02-08",3,170,47,6,10,31,2.4
853,"2023-02-09",1,175,53,18,2,33,3.26
854,"2023-02-09",2,178,143,98,35,10,0.0
855,"2023-02-09",3,196,106,23,77,6,4.76
856,"2023-02-10",1,80,71,11,54,6,9.77
857,"2023-02-10",2,170,81,79,0,2,0.0
858,"2023-02-10",3,119,72,40,20,12,3.27
859,"2023-02-11",1,123,109,109,0,0,2.91
860,"2023-02-11",2,172,151,132,3,16,0.0
861,"2023-02-11",3,132,98,23,61,14,3.78
862,"2023-02-12",1,196,43,9,24,10,3.57
863,"2023-02-12",2,92,44,2,3,39,0.0
864,"2023-02-12",3,177,48,21,8,19,3.42
865,"2023-02-13",1,165,45,6,23,16,5.31
866,"2023-02-13",2,81,33,6,16,11,0.0
867,"2023-02-13",3,143,53,51,1,1,1.75
868,"2023-02-14",1,80,54,19,34,1,9.77
869,"2023-02-14",2,127,122,75,5,42,0.0
870,"2023-02-14",3,54,48,11,11,26,1.98
871,"2023-02-15",1,110,68,57,7,4,8.78
872,"2023-02-15",2,177,137,60,12,65,0.0
873,"2023-02-15",3,169,91,56,35,0,4.55
874,"2023-02-16",1,161,158,71,20,67,9.85
875,"2023-02-16",2,109,91,24,40,27,0.0
876,"2023-02-16",3,170,102,49,50,3,3.69
877,"2023-02-17",1,110,61,29,24,8,2.19
878,"2023-02-17",2,187,51,30,15,6,0.0
879,"2023-02-17",3,149,133,95,20,18,1.98
880,"2023-02-18",1,111,55,23,30,2,4.56
881,"2023-02-18",2,136,92,64,22,6,0.0
882,"2023-02-18",3,77,48,18,8,22,4.57
883,"2023-02-19",1,173,137,23,85,29,4.69
884,"2023-02-19",2,94,75,20,17,38,0.0
885,"2023-02-19",3,92,62,31,4,27,3.5
886,"2023-02-20",1,75,54,13,26,15,9.39
887,"2023-02-20",2,150,113,4,92,17,0.0
888,"2023-02-20",3,154,40,2,12,26,3.64
889,"2023-02-21",1,175,31,3,9,19,5.58
890,"2023-02-21",2,144,117,56,54,7,0.0
891,"2023-02-21",3,104,48,2,32,14,3.09
892,"2023-02-22",1,167,63,30,23,10,8.72
893,"2023-02-22",2,134,33,2,9,22,0.0
894,"2023-02-22",3,125,70,55,6,9,3.26
895,"2023-02-23",1,136,112,76,33,3,7.13
896,"2023-02-23",2,154,64,61,0,3,0.0
897,"2023-02-23",3,118,82,0,34,48,3.24
898,"2023-02-24",1,79,63,13,25,25,5.69
899,"2023-02-24",2,156,101,26,67,8,0.0
900,"2023-02-24",3,74,36,13,13,10,2.06
901,"2023-02-25",1,118,35,31,1,3,2.72
902,"2023-02-25",2,200,185,59,124,2,0.0
903,"2023-02-25",3,77,65,33,27,5,3.26
904,"2023-02-26",1,134,42,35,6,1,8.85
905,"2023-02-26",2,64,55,12,24,19,0.0
906,"2023-02-26",3,184,54,26,25,3,3.01
907,"2023-02-27",1,145,133,75,45,13,9.48
908,"2023-02-27",2,136,61,16,42,3,0.0
909,"2023-02-27",3,77,38,20,12,6,3.14
910,"2023-02-28",1,116,82,59,9,14,2.11
911,"2023-02-28",2,193,114,29,46,39,0.0
912,"2023-02-28",3,103,69,28,24,17,1.19
913,"2023-03-01",1,129,58,55,2,1,8.93
914,"2023-03-01",2,70,60,6,14,40,0.0
915,"2023-03-01",3,148,64,53,4,7,3.29
916,"2023-03-02",1,155,137,86,33,18,8.34
917,"2023-03-02",2,152,131,13,107,11,0.0
918,"2023-03-02",3,160,86,67,6,13,1.28
919,"2023-03-03",1,71,67,11,32,24,3.92
920,"2023-03-03",2,166,44,42,1,1,0.0
921,"2023-03-03",3,131,43,28,13,2,3.79
922,"2023-03-04",1,146,116,106,5,5,2.52
923,"2023-03-04",2,92,32,26,2,4,0.0
924,"2023-03-04",3,62,41,30,10,1,4.02
925,"2023-03-05",1,130,40,11,12,17,5.45
926,"2023-03-05",2,77,40,40,0,0,0.0
927,"2023-03-05",3,149,42,7,8,27,2.42
928,"2023-03-06",1,198,91,75,8,8,8.41
929,"2023-03-06",2,85,73,24,28,21,0.0
930,"2023-03-06",3,183,115,19,45,51,2.5
931,"2023-03-07",1,80,30,8,21,1,8.44
932,"2023-03-07",2,140,44,10,13,21,0.0
933,"2023-03-07",3,192,103,99,3,1,1.46
934,"2023-03-08",1,135,134,40,84,10,6.49
935,"2023-03-08",2,125,114,75,30,9,0.0
936,"2023-03-08",3,60,40,26,3,11,1.71
937,"2023-03-09",1,183,182,31,66,85,6.23
938,"2023-03-09",2,70,63,59,3,1,0.0
939,"2023-03-09",3,179,139,15,91,33,4.32
940,"2023-03-10",1,93,31,5,6,20,5.69
941,"2023-03-10",2,104,39,36,2,1,0.0
942,"2023-03-10",3,79,60,43,13,4,2.82
943,"2023-03-11",1,58,57,28,26,3,9.5
944,"2023-03-11",2,88,56,36,12,8,0.0
945,"2023-03-11",3,164,57,54,0,3,2.48
946,"2023-03-12",1,130,49,38,8,3,5.19
947,"2023-03-12",2,62,34,27,4,3,0.0
948,"2023-03-12",3,168,104,55,20,29,3.03
949,"2023-03-13",1,190,117,66,32,19,4.21
950,"2023-03-13",2,102,93,12,24,57,0.0
951,"2023-03-13",3,77,59,21,35,3,3.47
952,"2023-03-14",1,183,63,12,8,43,7.35
953,"2023-03-14",2,86,52,30,11,11,0.0
954,"2023-03-14",3,59,57,22,27,8,1.92
955,"2023-03-15",1,196,68,33,29,6,5.04
956,"2023-03-15",2,73,44,22,10,12,0.0
957,"2023-03-15",3,51,43,3,12,28,3.01
958,"2023-03-16",1,156,126,67,4,55,9.09
959,"2023-03-16",2,188,39,16,4,19,0.0
960,"2023-03-16",3,105,84,33,41,10,3.68
961,"2023-03-17",1,69,67,4,61,2,9.43
962,"2023-03-17",2,50,31,27,4,0,0.0
963,"2023-03-17",3,178,41,19,11,11,1.02
964,"2023-03-18",1,138,104,58,1,45,4.67
965,"2023-03-18",2,73,64,39,10,15,0.0
966,"2023-03-18",3,101,92,28,37,27,2.34
967,"2023-03-19",1,61,53,13,13,27,4.79
968,"2023-03-19",2,169,119,30,8,81,0.0
969,"2023-03-19",3,152,44,19,23,2,1.36
970,"2023-03-20",1,140,106,75,13,18,4.74
971,"2023-03-20",2,87,69,58,9,2,0.0
972,"2023-03-20",3,194,139,95,41,3,3.47
973,"2023-03-21",1,74,34,3,17,14,2.75
974,"2023-03-21",2,103,91,59,30,2,0.0
975,"2023-03-21",3,153,64,2,40,22,1.09
976,"2023-03-22",1,178,36,0,6,30,7.91
977,"2023-03-22",2,105,46,3,7,36,0.0
978,"2023-03-22",3,181,143,58,0,85,4.38
979,"2023-03-23",1,59,43,17,0,26,6.53
980,"2023-03-23",2,176,41,5,10,26,0.0
981,"2023-03-23",3,128,46,2,17,27,4.65
982,"2023-03-24",1,146,76,75,0,1,5.61
983,"2023-03-24",2,127,60,15,9,36,0.0
984,"2023-03-24",3,97,46,19,3,24,1.19
985,"2023-03-25",1,183,49,27,2,20,7.52
986,"2023-03-25",2,175,128,70,38,20,0.0
987,"2023-03-25",3,131,64,54,5,5,4.25
988,"2023-03-26",1,187,126,53,67,6,6.81
989,"2023-03-26",2,179,61,16,27,18,0.0
990,"2023-03-26",3,83,39,8,24,7,2.75
991,"2023-03-27",1,72,60,23,10,27,4.34
992,"2023-03-27",2,160,47,11,1,35,0.0
993,"2023-03-27",3,156,51,20,5,26,4.93
994,"2023-03-28",1,66,47,20,2,25,8.82
995,"2023-03-28",2,101,36,18,12,6,0.0
996,"2023-03-28",3,85,30,2,1,27,1.02
997,"2023-03-29",1,96,68,9,30,29,3.86
998,"2023-03-29",2,185,110,78,20,12,0.0
999,"2023-03-29",3,64,32,5,16,11,4.71
1000,"2023-03-30",1,57,37,18,14,5,7.99
1001,"2023-03-30",2,188,173,60,15,98,0.0
1002,"2023-03-30",3,126,102,72,17,13,3.04
1003,"2023-03-31",1,190,183,117,54,12,5.74
1004,"2023-03-31",2,55,50,6,39,5,0.0
1005,"2023-03-31",3,133,111,74,21,16,4.67
1006,"2023-04-01",1,124,62,22,38,2,6.83
1007,"2023-04-01",2,98,79,60,10,9,0.0
1008,"2023-04-01",3,55,34,27,0,7,3.29
1009,"2023-04-02",1,151,61,23,28,10,2.35
1010,"2023-04-02",2,146,87,20,27,40,0.0
1011,"2023-04-02",3,120,115,85,26,4,1.69
1012,"2023-04-03",1,106,105,79,13,13,5.07
1013,"2023-04-03",2,61,33,17,9,7,0.0
1014,"2023-04-03",3,74,71,46,25,0,3.78
1015,"2023-04-04",1,197,155,63,84,8,2.54
1016,"2023-04-04",2,123,74,33,0,41,0.0
1017,"2023-04-04",3,75,36,25,8,3,3.34
1018,"2023-04-05",1,99,64,14,27,23,2.46
1019,"2023-04-05",2,161,159,86,62,11,0.0
1020,"2023-04-05",3,166,109,40,14,55,3.3
1021,"2023-04-06",1,86,72,20,2,50,5.41
1022,"2023-04-06",2,168,118,30,35,53,0.0
1023,"2023-04-06",3,148,108,26,66,16,2.33
1024,"2023-04-07",1,108,43,2,2,39,8.72
1025,"2023-04-07",2,74,68,12,35,21,0.0
1026,"2023-04-07",3,77,33,15,7,11,3.0
1027,"2023-04-08",1,160,129,90,36,3,6.14
1028,"2023-04-08",2,123,113,34,7,72,0.0
1029,"2023-04-08",3,70,64,16,19,29,1.42
1030,"2023-04-09",1,171,148,27,62,59,7.92
1031,"2023-04-09",2,189,135,32,6,97,0.0
1032,"2023-04-09",3,178,64,27,37,0,4.24
1033,"2023-04-10",1,53,49,39,7,3,8.34
1034,"2023-04-10",2,111,81,22,12,47,0.0
1035,"2023-04-10",3,57,50,2,14,34,2.55
1036,"2023-04-11",1,168,123,103,8,12,9.12
1037,"2023-04-11",2,114,44,44,0,0,0.0
1038,"2023-04-11",3,128,95,12,31,52,1.34
1039,"2023-04-12",1,120,41,36,2,3,4.02
1040,"2023-04-12",2,131,32,28,1,3,0.0
1041,"2023-04-12",3,165,53,4,2,47,4.99
1042,"2023-04-13",1,75,39,18,15,6,8.04
1043,"2023-04-13",2,192,73,43,0,30,0.0
1044,"2023-04-13",3,62,39,8,15,16,3.34
1045,"2023-04-14",1,63,33,33,0,0,7.27
1046,"2023-04-14",2,71,58,19,22,17,0.0
1047,"2023-04-14",3,193,168,16,137,15,4.91
1048,"2023-04-15",1,61,31,18,0,13,6.83
1049,"2023-04-15",2,152,95,28,27,40,0.0
1050,"2023-04-15",3,100,92,56,11,25,1.84
1051,"2023-04-16",1,127,71,18,5,48,4.24
1052,"2023-04-16",2,146,105,83,1,21,0.0
1053,"2023-04-16",3,164,151,73,63,15,1.89
1054,"2023-04-17",1,130,97,20,8,69,5.75
1055,"2023-04-17",2,81,40,6,17,17,0.0
1056,"2023-04-17",3,76,49,0,0,49,1.31
1057,"2023-04-18",1,188,130,93,16,21,9.5
1058,"2023-04-18",2,122,86,74,3,9,0.0
1059,"2023-04-18",3,137,54,19,32,3,1.17
1060,"2023-04-19",1,80,51,5,6,40,5.35
1061,"2023-04-19",2,167,135,51,13,71,0.0
1062,"2023-04-19",3,54,39,12,8,19,2.03
1063,"2023-04-20",1,86,37,34,2,1,3.55
1064,"2023-04-20",2,78,52,0,47,5,0.0
1065,"2023-04-20",3,108,80,0,43,37,2.82
1066,"2023-04-21",1,120,32,24,4,4,3.75
1067,"2023-04-21",2,138,93,40,31,22,0.0
1068,"2023-04-21",3,119,88,19,36,33,1.5
1069,"2023-04-22",1,176,64,8,25,31,7.93
1070,"2023-04-22",2,58,53,32,7,14,0.0
1071,"2023-04-22",3,60,49,9,37,3,3.13
1072,"2023-04-23",1,157,70,64,6,0,3.59
1073,"2023-04-23",2,92,32,28,3,1,0.0
1074,"2023-04-23",3,139,72,9,21,42,2.37
1075,"2023-04-24",1,104,43,37,0,6,2.91
1076,"2023-04-24",2,88,72,17,37,18,0.0
1077,"2023-04-24",3,184,144,73,41,30,2.04
1078,"2023-04-25",1,166,98,47,6,45,7.38
1079,"2023-04-25",2,200,93,72,10,11,0.0
1080,"2023-04-25",3,111,98,98,0,0,3.04
1081,"2023-04-26",1,55,44,20,1,23,5.8
1082,"2023-04-26",2,135,36,19,3,14,0.0
1083,"2023-04-26",3,194,96,64,3,29,2.04
1084,"2023-04-27",1,78,57,31,20,6,9.74
1085,"2023-04-27",2,193,134,10,109,15,0.0
1086,"2023-04-27",3,165,127,25,8,94,2.06
1087,"2023-04-28",1,86,44,16,0,28,6.29
1088,"2023-04-28",2,116,101,52,39,10,0.0
1089,"2023-04-28",3,63,41,19,5,17,3.3
1090,"2023-04-29",1,166,136,56,42,38,7.75
1091,"2023-04-29",2,96,52,17,12,23,0.0
1092,"2023-04-29",3,138,100,79,18,3,2.75
1093,"2023-04-30",1,186,129,41,85,3,4.98
1094,"2023-04-30",2,73,38,5,1,32,0.0
1095,"2023-04-30",3,170,47,2,17,28,4.03
1096,"2023-05-01",1,55,34,24,10,0,3.96
1097,"2023-05-01",2,108,35,11,9,15,0.0
1098,"2023-05-01",3,183,84,22,49,13,2.83
1099,"2023-05-02",1,128,40,36,0,4,3.32
1100,"2023-05-02",2,126,57,4,20,33,0.0
1101,"2023-05-02",3,139,121,44,33,44,4.71
1102,"2023-05-03",1,64,37,30,5,2,7.5
1103,"2023-05-03",2,106,72,30,20,22,0.0
1104,"2023-05-03",3,87,65,3,55,7,2.26
1105,"2023-05-04",1,111,54,4,49,1,3.03
1106,"2023-05-04",2,134,133,106,27,0,0.0
1107,"2023-05-04",3,65,32,25,2,5,1.12
1108,"2023-05-05",1,187,41,37,4,0,7.4
1109,"2023-05-05",2,156,39,2,1,36,0.0
1110,"2023-05-05",3,62,43,31,3,9,4.54
1111,"2023-05-06",1,64,53,0,12,41,2.47
1112,"2023-05-06",2,120,59,29,2,28,0.0
1113,"2023-05-06",3,70,41,11,14,16,3.97
1114,"2023-05-07",1,148,35,16,15,4,9.03
1115,"2023-05-07",2,110,73,12,41,20,0.0
1116,"2023-05-07",3,139,35,6,25,4,2.22
1117,"2023-05-08",1,180,80,70,7,3,9.91
1118,"2023-05-08",2,186,58,54,1,3,0.0
1119,"2023-05-08",3,175,108,38,6,64,3.45
1120,"2023-05-09",1,57,39,12,23,4,2.59
1121,"2023-05-09",2,182,53,21,18,14,0.0
1122,"2023-05-09",3,156,101,74,1,26,4.42
1123,"2023-05-10",1,99,32,21,8,3,6.84
1124,"2023-05-10",2,134,92,42,27,23,0.0
1125,"2023-05-10",3,87,53,38,7,8,3.14
1126,"2023-05-11",1,165,141,115,7,19,4.07
1127,"2023-05-11",2,142,132,45,34,53,0.0
1128,"2023-05-11",3,135,116,25,54,37,1.68
1129,"2023-05-12",1,200,91,34,18,39,5.44
1130,"2023-05-12",2,165,53,29,24,0,0.0
1131,"2023-05-12",3,58,46,17,1,28,1.24
1132,"2023-05-13",1,55,49,22,3,24,8.24
1133,"2023-05-13",2,166,110,98,7,5,0.0
1134,"2023-05-13",3,50,40,18,8,14,1.25
1135,"2023-05-14",1,110,48,36,5,7,6.11
1136,"2023-05-14",2,181,93,93,0,0,0.0
1137,"2023-05-14",3,85,54,7,30,17,2.02
1138,"2023-05-15",1,154,34,31,2,1,7.99
1139,"2023-05-15",2,112,75,61,6,8,0.0
1140,"2023-05-15",3,195,126,55,20,51,4.19
1141,"2023-05-16",1,199,195,96,37,62,9.41
1142,"2023-05-16",2,59,40,23,6,11,0.0
1143,"2023-05-16",3,192,169,68,26,75,4.36
1144,"2023-05-17",1,109,47,28,2,17,8.78
1145,"2023-05-17",2,148,66,15,16,35,0.0
1146,"2023-05-17",3,108,32,21,9,2,3.75
1147,"2023-05-18",1,192,72,38,8,26,4.5
1148,"2023-05-18",2,57,52,10,31,11,0.0
1149,"2023-05-18",3,65,49,39,8,2,2.66
1150,"2023-05-19",1,141,133,23,37,73,7.34
1151,"2023-05-19",2,91,70,11,14,45,0.0
1152,"2023-05-19",3,122,97,85,7,5,3.77
1153,"2023-05-20",1,92,57,51,2,4,8.92
1154,"2023-05-20",2,64,45,39,2,4,0.0
1155,"2023-05-20",3,188,66,6,37,23,3.18
1156,"2023-05-21",1,56,43,23,12,8,5.6
1157,"2023-05-21",2,71,65,31,19,15,0.0
1158,"2023-05-21",3,90,37,17,19,1,4.37
1159,"2023-05-22",1,128,105,65,28,12,3.3
1160,"2023-05-22",2,127,78,36,35,7,0.0
1161,"2023-05-22",3,67,45,21,6,18,1.28
1162,"2023-05-23",1,96,42,1,8,33,8.04
1163,"2023-05-23",2,112,43,28,1,14,0.0
1164,"2023-05-23",3,86,34,25,7,2,4.92
1165,"2023-05-24",1,148,41,33,1,7,9.32
1166,"2023-05-24",2,64,55,53,1,1,0.0
1167,"2023-05-24",3,178,172,69,66,37,2.25
1168,"2023-05-25",1,88,48,30,11,7,3.63
1169,"2023-05-25",2,164,111,111,0,0,0.0
1170,"2023-05-25",3,168,166,108,30,28,2.85
1171,"2023-05-26",1,176,99,82,13,4,8.85
1172,"2023-05-26",2,83,48,38,8,2,0.0
1173,"2023-05-26",3,76,45,18,23,4,4.56
1174,"2023-05-27",1,200,188,65,56,67,6.62
1175,"2023-05-27",2,111,59,21,21,17,0.0
1176,"2023-05-27",3,118,37,12,15,10,1.07
1177,"2023-05-28",1,109,42,22,7,13,6.7
1178,"2023-05-28",2,190,68,29,38,1,0.0
1179,"2023-05-28",3,100,49,3,4,42,1.1
1180,"2023-05-29",1,183,166,142,4,20,8.53
1181,"2023-05-29",2,111,33,29,2,2,0.0
1182,"2023-05-29",3,63,48,9,7,32,1.36
1183,"2023-05-30",1,157,38,33,4,1,6.44
1184,"2023-05-30",2,152,130,27,20,83,0.0
1185,"2023-05-30",3,95,45,20,13,12,2.74
1186,"2023-05-31",1,171,91,61,12,18,2.95
1187,"2023-05-31",2,131,41,21,11,9,0.0
1188,"2023-05-31",3,106,88,63,0,25,2.35
1189,"2023-06-01",1,137,117,105,9,3,3.31
1190,"2023-06-01",2,193,120,120,0,0,0.0
1191,"2023-06-01",3,197,31,4,1,26,2.73
1192,"2023-06-02",1,167,63,52,8,3,5.26
1193,"2023-06-02",2,104,97,67,10,20,0.0
1194,"2023-06-02",3,194,96,44,11,41,4.7
1195,"2023-06-03",1,166,119,5,11,103,6.29
1196,"2023-06-03",2,140,50,17,14,19,0.0
1197,"2023-06-03",3,74,72,14,31,27,1.93
1198,"2023-06-04",1,108,65,31,23,11,3.76
1199,"2023-06-04",2,197,135,70,32,33,0.0
1200,"2023-06-04",3,82,67,47,12,8,2.62
1201,"2023-06-05",1,90,32,6,20,6,9.85
1202,"2023-06-05",2,61,53,23,27,3,0.0
1203,"2023-06-05",3,154,66,46,10,10,4.3
1204,"2023-06-06",1,117,73,35,23,15,6.23
1205,"2023-06-06",2,199,112,80,5,27,0.0
1206,"2023-06-06",3,134,30,21,4,5,4.55
1207,"2023-06-07",1,108,64,53,9,2,2.2
1208,"2023-06-07",2,88,33,13,19,1,0.0
1209,"2023-06-07",3,121,52,31,20,1,4.24
1210,"2023-06-08",1,154,51,21,19,11,2.45
1211,"2023-06-08",2,178,116,43,57,16,0.0
1212,"2023-06-08",3,112,68,67,1,0,1.68
1213,"2023-06-09",1,121,70,35,33,2,7.9
1214,"2023-06-09",2,150,102,67,33,2,0.0
1215,"2023-06-09",3,169,135,112,7,16,1.87
1216,"2023-06-10",1,168,74,70,2,2,2.68
1217,"2023-06-10",2,129,91,24,4,63,0.0
1218,"2023-06-10",3,182,180,16,48,116,2.42
1219,"2023-06-11",1,189,97,19,60,18,5.47
1220,"2023-06-11",2,91,90,80,8,2,0.0
1221,"2023-06-11",3,108,50,7,10,33,2.11
1222,"2023-06-12",1,100,54,47,4,3,3.88
1223,"2023-06-12",2,128,91,28,55,8,0.0
1224,"2023-06-12",3,64,38,3,6,29,4.66
1225,"2023-06-13",1,178,135,8,31,96,9.36
1226,"2023-06-13",2,60,33,21,10,2,0.0
1227,"2023-06-13",3,98,33,7,18,8,1.74
1228,"2023-06-14",1,113,56,34,4,18,6.27
1229,"2023-06-14",2,157,70,57,8,5,0.0
1230,"2023-06-14",3,177,146,90,8,48,4.14
1231,"2023-06-15",1,177,111,74,12,25,6.52
1232,"2023-06-15",2,72,69,47,20,2,0.0
1233,"2023-06-15",3,91,78,23,51,4,2.97
1234,"2023-06-16",1,168,65,26,23,16,7.01
1235,"2023-06-16",2,80,52,23,10,19,0.0
1236,"2023-06-16",3,118,89,13,52,24,2.01
1237,"2023-06-17",1,88,39,10,0,29,3.22
1238,"2023-06-17",2,51,48,20,2,26,0.0
1239,"2023-06-17",3,177,86,59,10,17,4.4
1240,"2023-06-18",1,82,64,22,9,33,8.24
1241,"2023-06-18",2,135,95,60,22,13,0.0
1242,"2023-06-18",3,181,125,24,42,59,4.05
1243,"2023-06-19",1,196,176,16,138,22,5.11
1244,"2023-06-19",2,139,85,60,8,17,0.0
1245,"2023-06-19",3,104,74,10,3,61,1.25
1246,"2023-06-20",1,186,109,87,22,0,8.34
1247,"2023-06-20",2,52,43,23,12,8,0.0
1248,"2023-06-20",3,77,48,22,22,4,4.69
1249,"2023-06-21",1,105,102,26,51,25,8.86
1250,"2023-06-21",2,134,111,32,14,65,0.0
1251,"2023-06-21",3,198,189,51,128,10,1.25
1252,"2023-06-22",1,95,56,34,2,20,4.54
1253,"2023-06-22",2,146,107,56,0,51,0.0
1254,"2023-06-22",3,142,123,78,21,24,2.11
1255,"2023-06-23",1,135,58,31,7,20,6.89
1256,"2023-06-23",2,180,111,12,75,24,0.0
1257,"2023-06-23",3,69,37,34,1,2,1.99
1258,"2023-06-24",1,62,32,14,8,10,9.02
1259,"2023-06-24",2,173,139,37,80,22,0.0
1260,"2023-06-24",3,194,72,11,54,7,2.93
1261,"2023-06-25",1,58,45,45,0,0,9.83
1262,"2023-06-25",2,170,86,68,2,16,0.0
1263,"2023-06-25",3,174,142,126,16,0,1.64
1264,"2023-06-26",1,73,33,25,6,2,7.36
1265,"2023-06-26",2,150,146,143,1,2,0.0
1266,"2023-06-26",3,169,69,53,8,8,3.97
1267,"2023-06-27",1,50,38,33,3,2,6.44
1268,"2023-06-27",2,95,58,34,0,24,0.0
1269,"2023-06-27",3,184,64,15,33,16,2.08
1270,"2023-06-28",1,199,185,1,140,44,6.74
1271,"2023-06-28",2,53,32,13,5,14,0.0
1272,"2023-06-28",3,86,55,47,7,1,1.61
1273,"2023-06-29",1,99,87,80,2,5,6.31
1274,"2023-06-29",2,187,74,20,38,16,0.0
1275,"2023-06-29",3,196,152,21,78,53,4.18
1276,"2023-06-30",1,74,68,54,14,0,8.47
1277,"2023-06-30",2,187,87,59,18,10,0.0
1278,"2023-06-30",3,153,90,85,0,5,4.75
1279,"2023-07-01",1,158,31,27,3,1,5.91
1280,"2023-07-01",2,66,57,23,25,9,0.0
1281,"2023-07-01",3,179,118,21,81,16,1.72
1282,"2023-07-02",1,100,62,37,4,21,4.9
1283,"2023-07-02",2,124,82,22,50,10,0.0
1284,"2023-07-02",3,83,30,8,2,20,2.16
1285,"2023-07-03",1,125,65,0,17,48,2.76
1286,"2023-07-03",2,68,47,17,23,7,0.0
1287,"2023-07-03",3,52,50,14,28,8,4.49
1288,"2023-07-04",1,87,34,2,3,29,5.76
1289,"2023-07-04",2,91,72,68,1,3,0.0
1290,"2023-07-04",3,177,166,90,69,7,2.91
1291,"2023-07-05",1,158,47,30,13,4,6.28
1292,"2023-07-05",2,194,190,59,91,40,0.0
1293,"2023-07-05",3,58,53,21,2,30,3.92
1294,"2023-07-06",1,92,43,31,1,11,8.15
1295,"2023-07-06",2,163,118,109,5,4,0.0
1296,"2023-07-06",3,195,47,45,2,0,1.76
1297,"2023-07-07",1,126,67,28,7,32,3.56
1298,"2023-07-07",2,153,36,14,2,20,0.0
1299,"2023-07-07",3,101,31,23,2,6,4.4
1300,"2023-07-08",1,153,75,30,39,6,9.83
1301,"2023-07-08",2,188,93,52,3,38,0.0
1302,"2023-07-08",3,115,77,36,38,3,3.96
1303,"2023-07-09",1,151,54,31,7,16,9.12
1304,"2023-07-09",2,73,64,45,9,10,0.0
1305,"2023-07-09",3,142,102,49,23,30,1.59
1306,"2023-07-10",1,94,51,19,10,22,9.47
1307,"2023-07-10",2,102,46,41,1,4,0.0
1308,"2023-07-10",3,133,66,13,7,46,3.08
1309,"2023-07-11",1,149,64,0,19,45,3.86
1310,"2023-07-11",2,131,116,113,3,0,0.0
1311,"2023-07-11",3,81,68,64,3,1,2.73
1312,"2023-07-12",1,150,117,96,11,10,6.21
1313,"2023-07-12",2,137,41,31,6,4,0.0
1314,"2023-07-12",3,93,84,57,21,6,4.12
1315,"2023-07-13",1,114,38,18,18,2,6.61
1316,"2023-07-13",2,187,121,65,56,0,0.0
1317,"2023-07-13",3,89,73,36,15,22,3.56
1318,"2023-07-14",1,86,80,46,3,31,7.9
1319,"2023-07-14",2,139,126,114,7,5,0.0
1320,"2023-07-14",3,59,34,33,0,1,2.0
1321,"2023-07-15",1,104,53,29,16,8,2.68
1322,"2023-07-15",2,105,60,43,14,3,0.0
1323,"2023-07-15",3,176,150,29,64,57,1.74
1324,"2023-07-16",1,160,150,38,109,3,2.95
1325,"2023-07-16",2,77,65,0,16,49,0.0
1326,"2023-07-16",3,102,84,79,2,3,3.64
1327,"2023-07-17",1,50,49,44,4,1,8.2
1328,"2023-07-17",2,175,173,146,12,15,0.0
1329,"2023-07-17",3,197,122,84,27,11,4.3
1330,"2023-07-18",1,95,56,0,5,51,9.96
1331,"2023-07-18",2,191,90,87,2,1,0.0
1332,"2023-07-18",3,101,89,49,7,33,4.62
1333,"2023-07-19",1,85,68,15,34,19,9.66
1334,"2023-07-19",2,124,35,11,23,1,0.0
1335,"2023-07-19",3,138,44,3,13,28,4.33
1336,"2023-07-20",1,99,42,37,1,4,3.41
1337,"2023-07-20",2,158,154,4,84,66,0.0
1338,"2023-07-20",3,192,176,175,0,1,2.48
1339,"2023-07-21",1,199,96,52,29,15,7.96
1340,"2023-07-21",2,148,69,65,0,4,0.0
1341,"2023-07-21",3,104,77,34,9,34,2.88
1342,"2023-07-22",1,87,30,7,12,11,6.45
1343,"2023-07-22",2,131,56,50,2,4,0.0
1344,"2023-07-22",3,162,111,28,56,27,2.04
1345,"2023-07-23",1,171,135,4,123,8,7.46
1346,"2023-07-23",2,105,42,41,0,1,0.0
1347,"2023-07-23",3,71,56,42,1,13,4.85
1348,"2023-07-24",1,52,31,20,6,5,2.09
1349,"2023-07-24",2,183,119,111,7,1,0.0
1350,"2023-07-24",3,140,91,12,24,55,2.16
1351,"2023-07-25",1,65,47,36,9,2,6.06
1352,"2023-07-25",2,116,47,23,3,21,0.0
1353,"2023-07-25",3,99,59,43,3,13,4.81
1354,"2023-07-26",1,197,178,64,9,105,3.88
1355,"2023-07-26",2,122,82,81,0,1,0.0
1356,"2023-07-26",3,99,53,3,34,16,3.75
1357,"2023-07-27",1,142,136,26,80,30,6.39
1358,"2023-07-27",2,80,52,39,3,10,0.0
1359,"2023-07-27",3,117,103,60,4,39,3.65
1360,"2023-07-28",1,102,63,42,3,18,5.92
1361,"2023-07-28",2,89,74,54,3,17,0.0
1362,"2023-07-28",3,52,32,29,2,1,1.12
1363,"2023-07-29",1,186,80,80,0,0,7.31
1364,"2023-07-29",2,195,31,9,15,7,0.0
1365,"2023-07-29",3,165,53,53,0,0,1.73
1366,"2023-07-30",1,80,66,17,34,15,7.59
1367,"2023-07-30",2,130,35,3,2,30,0.0
1368,"2023-07-30",3,117,82,67,8,7,3.69
1369,"2023-07-31",1,68,30,12,8,10,3.15
1370,"2023-07-31",2,69,55,34,13,8,0.0
1371,"2023-07-31",3,91,49,2,6,41,1.81
1372,"2023-08-01",1,67,33,31,1,1,8.71
1373,"2023-08-01",2,191,172,55,58,59,0.0
1374,"2023-08-01",3,73,41,3,5,33,4.04
1375,"2023-08-02",1,66,53,11,7,35,5.89
1376,"2023-08-02",2,103,90,11,37,42,0.0
1377,"2023-08-02",3,69,43,27,5,11,2.76
1378,"2023-08-03",1,151,114,17,25,72,9.23
1379,"2023-08-03",2,63,45,16,2,27,0.0
1380,"2023-08-03",3,115,111,60,10,41,2.52
1381,"2023-08-04",1,178,117,81,25,11,7.8
1382,"2023-08-04",2,116,93,47,44,2,0.0
1383,"2023-08-04",3,184,81,49,13,19,3.81
1384,"2023-08-05",1,153,70,29,20,21,8.54
1385,"2023-08-05",2,160,124,43,13,68,0.0
1386,"2023-08-05",3,116,82,63,12,7,4.95
1387,"2023-08-06",1,74,45,33,6,6,8.27
1388,"2023-08-06",2,89,65,16,28,21,0.0
1389,"2023-08-06",3,128,93,13,60,20,3.98
1390,"2023-08-07",1,123,83,11,59,13,6.17
1391,"2023-08-07",2,52,39,20,15,4,0.0
1392,"2023-08-07",3,116,112,98,3,11,3.08
1393,"2023-08-08",1,80,36,16,9,11,7.63
1394,"2023-08-08",2,70,30,8,21,1,0.0
1395,"2023-08-08",3,75,36,5,19,12,3.18
1396,"2023-08-09",1,80,46,1,20,25,5.39
1397,"2023-08-09",2,134,108,64,18,26,0.0
1398,"2023-08-09",3,140,70,30,6,34,2.19
1399,"2023-08-10",1,121,116,108,8,0,6.55
1400,"2023-08-10",2,146,66,62,3,1,0.0
1401,"2023-08-10",3,183,94,21,4,69,2.52
1402,"2023-08-11",1,199,90,85,0,5,8.67
1403,"2023-08-11",2,151,51,43,5,3,0.0
1404,"2023-08-11",3,142,71,27,22,22,3.01
1405,"2023-08-12",1,184,33,25,2,6,8.64
1406,"2023-08-12",2,111,39,16,8,15,0.0
1407,"2023-08-12",3,130,79,75,4,0,4.75
1408,"2023-08-13",1,105,98,93,3,2,5.37
1409,"2023-08-13",2,88,87,68,7,12,0.0
1410,"2023-08-13",3,129,52,19,8,25,1.26
1411,"2023-08-14",1,89,55,2,34,19,7.5
1412,"2023-08-14",2,184,115,10,41,64,0.0
1413,"2023-08-14",3,184,103,61,40,2,3.37
1414,"2023-08-15",1,172,113,102,3,8,9.94
1415,"2023-08-15",2,142,36,2,1,33,0.0
1416,"2023-08-15",3,140,38,5,28,5,1.68
1417,"2023-08-16",1,188,158,43,23,92,7.62
1418,"2023-08-16",2,154,116,89,14,13,0.0
1419,"2023-08-16",3,138,75,19,32,24,2.04
1420,"2023-08-17",1,193,127,18,22,87,3.86
1421,"2023-08-17",2,179,160,125,7,28,0.0
1422,"2023-08-17",3,164,123,51,54,18,2.98
1423,"2023-08-18",1,130,120,29,23,68,6.2
1424,"2023-08-18",2,52,47,9,23,15,0.0
1425,"2023-08-18",3,115,101,86,0,15,3.23
1426,"2023-08-19",1,113,42,39,2,1,6.87
1427,"2023-08-19",2,169,68,3,2,63,0.0
1428,"2023-08-19",3,108,81,46,22,13,3.29
1429,"2023-08-20",1,120,98,41,20,37,8.66
1430,"2023-08-20",2,126,66,48,3,15,0.0
1431,"2023-08-20",3,66,45,20,20,5,4.44
1432,"2023-08-21",1,150,60,33,10,17,7.12
1433,"2023-08-21",2,70,37,30,4,3,0.0
1434,"2023-08-21",3,151,147,115,23,9,1.93
1435,"2023-08-22",1,195,177,110,27,40,5.62
1436,"2023-08-22",2,128,93,71,4,18,0.0
1437,"2023-08-22",3,105,32,6,19,7,1.25
1438,"2023-08-23",1,175,42,11,1,30,7.51
1439,"2023-08-23",2,126,64,6,17,41,0.0
1440,"2023-08-23",3,102,61,19,20,22,1.49
1441,"2023-08-24",1,167,147,18,53,76,8.78
1442,"2023-08-24",2,164,55,55,0,0,0.0
1443,"2023-08-24",3,62,53,24,8,21,1.19
1444,"2023-08-25",1,105,64,29,30,5,9.06
1445,"2023-08-25",2,96,39,14,10,15,0.0
1446,"2023-08-25",3,175,134,124,4,6,2.28
1447,"2023-08-26",1,59,55,42,2,11,3.34
1448,"2023-08-26",2,189,30,21,6,3,0.0
1449,"2023-08-26",3,180,85,4,5,76,3.07
1450,"2023-08-27",1,141,51,30,20,1,5.93
1451,"2023-08-27",2,83,75,1,9,65,0.0
1452,"2023-08-27",3,56,50,30,3,17,4.85
1453,"2023-08-28",1,78,50,30,7,13,2.34
1454,"2023-08-28",2,192,166,94,18,54,0.0
1455,"2023-08-28",3,190,37,35,2,0,2.47
1456,"2023-08-29",1,169,72,45,2,25,9.84
1457,"2023-08-29",2,76,72,39,4,29,0.0
1458,"2023-08-29",3,166,132,92,25,15,2.81
1459,"2023-08-30",1,57,55,14,41,0,7.83
1460,"2023-08-30",2,113,62,5,33,24,0.0
1461,"2023-08-30",3,112,83,31,1,51,1.4
1462,"2023-08-31",1,186,48,46,2,0,5.2
1463,"2023-08-31",2,73,57,56,1,0,0.0
1464,"2023-08-31",3,172,121,88,22,11,2.5
1465,"2023-09-01",1,51,31,5,5,21,3.79
1466,"2023-09-01",2,65,41,13,15,13,0.0
1467,"2023-09-01",3,53,36,7,10,19,2.46
1468,"2023-09-02",1,106,89,29,27,33,8.43
1469,"2023-09-02",2,191,116,34,17,65,0.0
1470,"2023-09-02",3,184,144,97,19,28,2.61
1471,"2023-09-03",1,105,50,12,25,13,6.92
1472,"2023-09-03",2,163,68,14,51,3,0.0
1473,"2023-09-03",3,96,67,35,8,24,1.22
1474,"2023-09-04",1,66,54,32,12,10,2.61
1475,"2023-09-04",2,118,116,91,23,2,0.0
1476,"2023-09-04",3,150,147,22,19,106,1.48
1477,"2023-09-05",1,81,49,40,0,9,5.27
1478,"2023-09-05",2,159,71,62,9,0,0.0
1479,"2023-09-05",3,139,92,86,4,2,2.63
1480,"2023-09-06",1,167,116,82,10,24,8.37
1481,"2023-09-06",2,64,33,13,0,20,0.0
1482,"2023-09-06",3,82,35,7,1,27,4.39
1483,"2023-09-07",1,146,144,49,88,7,2.17
1484,"2023-09-07",2,104,49,13,4,32,0.0
1485,"2023-09-07",3,57,34,26,4,4,3.83
1486,"2023-09-08",1,195,167,123,38,6,3.8
1487,"2023-09-08",2,158,45,38,6,1,0.0
1488,"2023-09-08",3,148,52,51,1,0,1.92
1489,"2023-09-09",1,185,45,16,20,9,3.68
1490,"2023-09-09",2,185,129,19,12,98,0.0
1491,"2023-09-09",3,152,39,5,5,29,1.99
1492,"2023-09-10",1,164,60,22,28,10,4.59
1493,"2023-09-10",2,114,30,20,1,9,0.0
1494,"2023-09-10",3,179,87,79,6,2,4.29
1495,"2023-09-11",1,89,76,49,1,26,7.83
1496,"2023-09-11",2,111,70,24,22,24,0.0
1497,"2023-09-11",3,152,78,67,5,6,2.0
1498,"2023-09-12",1,79,44,40,4,0,7.63
1499,"2023-09-12",2,101,52,11,29,12,0.0
1500,"2023-09-12",3,74,43,13,20,10,4.8
1501,"2023-09-13",1,196,133,67,47,19,2.89
1502,"2023-09-13",2,81,33,1,25,7,0.0
1503,"2023-09-13",3,197,165,127,25,13,3.26
1504,"2023-09-14",1,187,76,5,17,54,5.9
1505,"2023-09-14",2,146,74,33,26,15,0.0
1506,"2023-09-14",3,61,52,12,13,27,4.89
1507,"2023-09-15",1,104,69,18,4,47,6.8
1508,"2023-09-15",2,186,55,46,6,3,0.0
1509,"2023-09-15",3,66,58,40,9,9,3.38
1510,"2023-09-16",1,96,30,10,16,4,8.56
1511,"2023-09-16",2,160,84,81,0,3,0.0
1512,"2023-09-16",3,89,39,38,0,1,2.44
1513,"2023-09-17",1,50,43,13,2,28,4.32
1514,"2023-09-17",2,177,148,23,10,115,0.0
1515,"2023-09-17",3,79,40,35,4,1,4.99
1516,"2023-09-18",1,140,89,38,47,4,2.45
1517,"2023-09-18",2,121,66,53,12,1,0.0
1518,"2023-09-18",3,67,49,22,19,8,4.24
1519,"2023-09-19",1,90,39,16,7,16,6.08
1520,"2023-09-19",2,119,60,17,43,0,0.0
1521,"2023-09-19",3,51,35,33,0,2,4.01
1522,"2023-09-20",1,136,112,7,20,85,7.28
1523,"2023-09-20",2,72,42,36,1,5,0.0
1524,"2023-09-20",3,189,162,8,54,100,3.03
1525,"2023-09-21",1,135,128,85,16,27,4.55
1526,"2023-09-21",2,86,53,13,1,39,0.0
1527,"2023-09-21",3,86,70,4,15,51,3.77
1528,"2023-09-22",1,59,35,35,0,0,9.16
1529,"2023-09-22",2,57,40,31,1,8,0.0
1530,"2023-09-22",3,170,109,5,38,66,2.79
1531,"2023-09-23",1,173,54,10,32,12,2.74
1532,"2023-09-23",2,83,56,41,5,10,0.0
1533,"2023-09-23",3,122,113,34,1,78,1.54
1534,"2023-09-24",1,76,37,19,18,0,5.77
1535,"2023-09-24",2,70,53,22,12,19,0.0
1536,"2023-09-24",3,58,48,21,11,16,1.8
1537,"2023-09-25",1,67,62,4,29,29,7.26
1538,"2023-09-25",2,187,156,24,74,58,0.0
1539,"2023-09-25",3,57,46,13,32,1,3.13
1540,"2023-09-26",1,88,51,51,0,0,7.8
1541,"2023-09-26",2,137,93,42,19,32,0.0
1542,"2023-09-26",3,131,77,14,13,50,4.36
1543,"2023-09-27",1,82,63,0,10,53,6.91
1544,"2023-09-27",2,126,107,68,39,0,0.0
1545,"2023-09-27",3,120,48,7,1,40,2.03
1546,"2023-09-28",1,164,50,2,19,29,2.52
1547,"2023-09-28",2,65,46,34,10,2,0.0
1548,"2023-09-28",3,69,66,33,5,28,3.38
1549,"2023-09-29",1,84,58,2,42,14,3.82
1550,"2023-09-29",2,58,31,25,2,4,0.0
1551,"2023-09-29",3,91,89,11,31,47,3.48
1552,"2023-09-30",1,129,51,19,10,22,8.76
1553,"2023-09-30",2,127,93,22,36,35,0.0
1554,"2023-09-30",3,190,70,43,22,5,4.96
1555,"2023-10-01",1,113,100,83,17,0,3.73
1556,"2023-10-01",2,57,53,12,36,5,0.0
1557,"2023-10-01",3,180,116,49,1,66,1.16
1558,"2023-10-02",1,176,147,51,40,56,6.34
1559,"2023-10-02",2,195,111,50,58,3,0.0
1560,"2023-10-02",3,87,52,51,1,0,1.35
1561,"2023-10-03",1,134,91,20,24,47,2.83
1562,"2023-10-03",2,126,31,4,9,18,0.0
1563,"2023-10-03",3,142,95,26,8,61,4.01
1564,"2023-10-04",1,200,181,129,51,1,9.11
1565,"2023-10-04",2,65,48,3,12,33,0.0
1566,"2023-10-04",3,190,30,20,5,5,3.07
1567,"2023-10-05",1,198,82,27,32,23,8.15
1568,"2023-10-05",2,196,147,118,24,5,0.0
1569,"2023-10-05",3,114,60,4,25,31,3.13
1570,"2023-10-06",1,143,32,12,19,1,8.94
1571,"2023-10-06",2,87,49,40,2,7,0.0
1572,"2023-10-06",3,112,99,91,5,3,1.43
1573,"2023-10-07",1,74,72,32,12,28,9.73
1574,"2023-10-07",2,102,32,4,6,22,0.0
1575,"2023-10-07",3,147,138,16,66,56,2.2
1576,"2023-10-08",1,198,159,90,57,12,2.36
1577,"2023-10-08",2,156,44,36,0,8,0.0
1578,"2023-10-08",3,52,40,24,16,0,2.69
1579,"2023-10-09",1,187,93,73,16,4,8.59
1580,"2023-10-09",2,129,114,6,34,74,0.0
1581,"2023-10-09",3,193,56,2,50,4,2.77
1582,"2023-10-10",1,153,49,35,0,14,4.89
1583,"2023-10-10",2,112,43,10,18,15,0.0
1584,"2023-10-10",3,87,34,21,8,5,1.93
1585,"2023-10-11",1,133,129,115,1,13,9.54
1586,"2023-10-11",2,63,50,1,32,17,0.0
1587,"2023-10-11",3,78,69,49,20,0,4.58
1588,"2023-10-12",1,83,76,4,8,64,3.77
1589,"2023-10-12",2,61,53,27,3,23,0.0
1590,"2023-10-12",3,174,73,2,8,63,4.23
1591,"2023-10-13",1,143,92,1,71,20,2.66
1592,"2023-10-13",2,190,150,76,5,69,0.0
1593,"2023-10-13",3,92,89,55,15,19,2.84
1594,"2023-10-14",1,102,64,3,54,7,4.79
1595,"2023-10-14",2,170,118,64,49,5,0.0
1596,"2023-10-14",3,153,32,27,5,0,4.89
1597,"2023-10-15",1,81,32,28,3,1,5.28
1598,"2023-10-15",2,196,159,101,55,3,0.0
1599,"2023-10-15",3,91,31,5,17,9,2.84
1600,"2023-10-16",1,121,62,5,48,9,3.59
1601,"2023-10-16",2,184,154,29,18,107,0.0
1602,"2023-10-16",3,196,55,3,34,18,3.68
1603,"2023-10-17",1,117,105,26,70,9,2.34
1604,"2023-10-17",2,105,68,24,10,34,0.0
1605,"2023-10-17",3,139,92,0,71,21,3.7
1606,"2023-10-18",1,195,33,30,1,2,6.24
1607,"2023-10-18",2,188,107,64,4,39,0.0
1608,"2023-10-18",3,198,156,136,7,13,4.15
1609,"2023-10-19",1,199,120,28,38,54,3.94
1610,"2023-10-19",2,177,76,62,12,2,0.0
1611,"2023-10-19",3,98,84,28,17,39,2.12
1612,"2023-10-20",1,84,68,33,35,0,3.34
1613,"2023-10-20",2,125,36,15,18,3,0.0
1614,"2023-10-20",3,99,78,29,25,24,1.69
1615,"2023-10-21",1,151,85,77,4,4,6.97
1616,"2023-10-21",2,147,136,133,0,3,0.0
1617,"2023-10-21",3,68,30,14,1,15,1.23
1618,"2023-10-22",1,183,96,20,16,60,9.07
1619,"2023-10-22",2,54,37,35,2,0,0.0
1620,"2023-10-22",3,164,66,44,6,16,4.87
1621,"2023-10-23",1,73,30,13,3,14,4.88
1622,"2023-10-23",2,146,65,22,22,21,0.0
1623,"2023-10-23",3,115,80,15,7,58,1.41
1624,"2023-10-24",1,70,69,60,5,4,4.22
1625,"2023-10-24",2,120,119,65,3,51,0.0
1626,"2023-10-24",3,115,58,13,31,14,1.91
1627,"2023-10-25",1,60,44,33,2,9,8.09
1628,"2023-10-25",2,84,79,38,34,7,0.0
1629,"2023-10-25",3,105,48,4,29,15,4.35
1630,"2023-10-26",1,53,43,7,26,10,5.77
1631,"2023-10-26",2,55,48,18,30,0,0.0
1632,"2023-10-26",3,114,68,13,32,23,1.85
1633,"2023-10-27",1,193,156,131,7,18,4.45
1634,"2023-10-27",2,107,37,2,20,15,0.0
1635,"2023-10-27",3,118,35,32,0,3,3.39
1636,"2023-10-28",1,51,35,23,6,6,8.83
1637,"2023-10-28",2,117,107,89,9,9,0.0
1638,"2023-10-28",3,124,92,63,27,2,3.12
1639,"2023-10-29",1,91,45,7,2,36,9.08
1640,"2023-10-29",2,180,126,59,20,47,0.0
1641,"2023-10-29",3,187,108,40,63,5,2.3
1642,"2023-10-30",1,105,61,36,15,10,4.78
1643,"2023-10-30",2,77,34,2,26,6,0.0
1644,"2023-10-30",3,188,107,41,47,19,2.02
1645,"2023-10-31",1,181,49,48,1,0,8.72
1646,"2023-10-31",2,112,56,14,40,2,0.0
1647,"2023-10-31",3,160,49,33,11,5,1.02
1648,"2023-11-01",1,107,94,44,44,6,6.01
1649,"2023-11-01",2,166,160,125,24,11,0.0
1650,"2023-11-01",3,84,40,23,1,16,3.55
1651,"2023-11-02",1,53,31,5,16,10,3.73
1652,"2023-11-02",2,152,78,24,24,30,0.0
1653,"2023-11-02",3,190,63,59,4,0,1.85
1654,"2023-11-03",1,53,50,16,14,20,4.67
1655,"2023-11-03",2,92,39,12,5,22,0.0
1656,"2023-11-03",3,103,47,16,30,1,3.97
1657,"2023-11-04",1,156,88,72,5,11,9.34
1658,"2023-11-04",2,50,49,8,0,41,0.0
1659,"2023-11-04",3,91,43,4,15,24,2.94
1660,"2023-11-05",1,112,53,8,23,22,4.76
1661,"2023-11-05",2,168,146,116,4,26,0.0
1662,"2023-11-05",3,136,74,24,17,33,4.58
1663,"2023-11-06",1,115,111,50,28,33,5.33
1664,"2023-11-06",2,70,43,16,21,6,0.0
1665,"2023-11-06",3,166,133,105,28,0,3.81
1666,"2023-11-07",1,183,152,60,13,79,7.29
1667,"2023-11-07",2,72,63,56,7,0,0.0
1668,"2023-11-07",3,125,113,63,40,10,2.55
1669,"2023-11-08",1,147,145,97,36,12,8.5
1670,"2023-11-08",2,148,56,9,39,8,0.0
1671,"2023-11-08",3,76,40,27,1,12,3.25
1672,"2023-11-09",1,90,32,21,4,7,9.14
1673,"2023-11-09",2,169,82,62,19,1,0.0
1674,"2023-11-09",3,59,39,8,10,21,1.89
1675,"2023-11-10",1,190,60,39,14,7,9.8
1676,"2023-11-10",2,83,54,30,18,6,0.0
1677,"2023-11-10",3,143,72,23,4,45,3.96
1678,"2023-11-11",1,138,118,26,6,86,5.95
1679,"2023-11-11",2,139,82,69,7,6,0.0
1680,"2023-11-11",3,118,101,23,39,39,4.59
1681,"2023-11-12",1,89,79,9,16,54,8.15
1682,"2023-11-12",2,80,69,38,0,31,0.0
1683,"2023-11-12",3,118,99,85,4,10,1.59
1684,"2023-11-13",1,80,56,20,9,27,2.6
1685,"2023-11-13",2,70,37,34,2,1,0.0
1686,"2023-11-13",3,178,96,35,12,49,3.46
1687,"2023-11-14",1,186,68,48,7,13,9.88
1688,"2023-11-14",2,106,52,6,26,20,0.0
1689,"2023-11-14",3,150,94,16,20,58,2.56
1690,"2023-11-15",1,191,149,87,27,35,6.92
1691,"2023-11-15",2,159,65,63,0,2,0.0
1692,"2023-11-15",3,155,126,103,7,16,1.79
1693,"2023-11-16",1,73,37,32,2,3,7.12
1694,"2023-11-16",2,70,56,54,0,2,0.0
1695,"2023-11-16",3,121,34,10,14,10,3.45
1696,"2023-11-17",1,185,65,40,14,11,8.14
1697,"2023-11-17",2,179,74,47,24,3,0.0
1698,"2023-11-17",3,177,114,83,14,17,1.31
1699,"2023-11-18",1,155,103,35,28,40,8.06
1700,"2023-11-18",2,151,120,104,0,16,0.0
1701,"2023-11-18",3,157,50,44,1,5,3.51
1702,"2023-11-19",1,67,57,28,23,6,5.07
1703,"2023-11-19",2,167,81,11,58,12,0.0
1704,"2023-11-19",3,85,77,9,65,3,4.06
1705,"2023-11-20",1,62,42,2,25,15,7.25
1706,"2023-11-20",2,103,71,14,50,7,0.0
1707,"2023-11-20",3,183,55,2,23,30,1.55
1708,"2023-11-21",1,100,84,22,39,23,9.75
1709,"2023-11-21",2,159,101,26,14,61,0.0
1710,"2023-11-21",3,92,83,75,1,7,1.44
1711,"2023-11-22",1,180,93,56,33,4,5.15
1712,"2023-11-22",2,59,33,24,4,5,0.0
1713,"2023-11-22",3,165,40,11,29,0,4.76
1714,"2023-11-23",1,122,100,54,16,30,7.47
1715,"2023-11-23",2,175,95,88,3,4,0.0
1716,"2023-11-23",3,55,52,11,6,35,4.37
1717,"2023-11-24",1,61,51,51,0,0,2.94
1718,"2023-11-24",2,172,69,1,35,33,0.0
1719,"2023-11-24",3,164,100,46,0,54,4.59
1720,"2023-11-25",1,171,161,145,15,1,4.62
1721,"2023-11-25",2,72,51,9,35,7,0.0
1722,"2023-11-25",3,184,57,47,2,8,2.01
1723,"2023-11-26",1,91,40,9,30,1,8.94
1724,"2023-11-26",2,151,72,69,3,0,0.0
1725,"2023-11-26",3,128,48,34,0,14,1.65
1726,"2023-11-27",1,129,50,49,1,0,7.96
1727,"2023-11-27",2,161,158,143,2,13,0.0
1728,"2023-11-27",3,117,70,26,28,16,1.41
1729,"2023-11-28",1,56,51,3,16,32,7.71
1730,"2023-11-28",2,171,45,39,2,4,0.0
1731,"2023-11-28",3,177,51,51,0,0,2.83
1732,"2023-11-29",1,74,30,27,2,1,6.05
1733,"2023-11-29",2,122,67,19,2,46,0.0
1734,"2023-11-29",3,89,70,64,6,0,4.72
1735,"2023-11-30",1,152,46,13,30,3,2.21
1736,"2023-11-30",2,112,76,32,19,25,0.0
1737,"2023-11-30",3,131,108,103,3,2,4.42
1738,"2023-12-01",1,57,52,41,8,3,3.82
1739,"2023-12-01",2,107,81,44,16,21,0.0
1740,"2023-12-01",3,148,32,20,2,10,2.64
1741,"2023-12-02",1,62,38,33,0,5,2.5
1742,"2023-12-02",2,184,70,5,46,19,0.0
1743,"2023-12-02",3,167,102,58,9,35,4.58
1744,"2023-12-03",1,195,98,14,81,3,5.64
1745,"2023-12-03",2,77,40,33,6,1,0.0
1746,"2023-12-03",3,190,97,24,58,15,2.32
1747,"2023-12-04",1,119,71,37,21,13,3.83
1748,"2023-12-04",2,178,120,114,1,5,0.0
1749,"2023-12-04",3,187,122,120,0,2,1.24
1750,"2023-12-05",1,103,42,35,2,5,5.13
1751,"2023-12-05",2,132,52,46,4,2,0.0
1752,"2023-12-05",3,164,96,16,0,80,1.83
1753,"2023-12-06",1,127,95,80,9,6,9.69
1754,"2023-12-06",2,190,155,100,32,23,0.0
1755,"2023-12-06",3,128,99,30,67,2,2.47
1756,"2023-12-07",1,92,65,32,4,29,3.0
1757,"2023-12-07",2,143,66,50,13,3,0.0
1758,"2023-12-07",3,198,37,27,9,1,3.03
1759,"2023-12-08",1,81,68,52,14,2,8.84
1760,"2023-12-08",2,108,80,31,38,11,0.0
1761,"2023-12-08",3,183,114,62,28,24,3.97
1762,"2023-12-09",1,82,79,37,27,15,7.97
1763,"2023-12-09",2,85,78,36,37,5,0.0
1764,"2023-12-09",3,193,63,41,22,0,4.21
1765,"2023-12-10",1,145,91,60,30,1,9.26
1766,"2023-12-10",2,154,103,96,3,4,0.0
1767,"2023-12-10",3,144,50,10,14,26,4.14
1768,"2023-12-11",1,112,62,60,2,0,4.24
1769,"2023-12-11",2,97,35,10,8,17,0.0
1770,"2023-12-11",3,140,131,107,14,10,4.17
1771,"2023-12-12",1,107,31,24,1,6,6.37
1772,"2023-12-12",2,146,136,22,47,67,0.0
1773,"2023-12-12",3,123,119,82,11,26,4.73
1774,"2023-12-13",1,117,98,29,41,28,2.5
1775,"2023-12-13",2,144,139,56,74,9,0.0
1776,"2023-12-13",3,65,37,23,12,2,5.0
1777,"2023-12-14",1,139,130,3,120,7,7.91
1778,"2023-12-14",2,116,104,11,69,24,0.0
1779,"2023-12-14",3,121,46,12,2,32,1.43
1780,"2023-12-15",1,159,96,96,0,0,3.64
1781,"2023-12-15",2,196,32,19,13,0,0.0
1782,"2023-12-15",3,195,190,175,7,8,3.34
1783,"2023-12-16",1,196,164,41,80,43,9.03
1784,"2023-12-16",2,55,35,2,14,19,0.0
1785,"2023-12-16",3,187,173,39,87,47,4.61
1786,"2023-12-17",1,100,91,25,13,53,6.24
1787,"2023-12-17",2,104,52,38,4,10,0.0
1788,"2023-12-17",3,136,77,21,13,43,2.19
1789,"2023-12-18",1,197,160,35,65,60,3.32
1790,"2023-12-18",2,113,49,6,15,28,0.0
1791,"2023-12-18",3,150,124,6,75,43,2.75
1792,"2023-12-19",1,160,156,88,52,16,6.44
1793,"2023-12-19",2,82,33,33,0,0,0.0
1794,"2023-12-19",3,63,33,3,20,10,1.14
1795,"2023-12-20",1,188,41,1,1,39,9.67
1796,"2023-12-20",2,134,90,12,75,3,0.0
1797,"2023-12-20",3,189,60,30,11,19,3.67
1798,"2023-12-21",1,126,114,19,15,80,7.61
1799,"2023-12-21",2,176,50,47,1,2,0.0
1800,"2023-12-21",3,89,64,29,21,14,4.79
1801,"2023-12-22",1,98,31,0,29,2,7.53
1802,"2023-12-22",2,158,42,6,12,24,0.0
1803,"2023-12-22",3,80,41,28,7,6,3.05
1804,"2023-12-23",1,197,133,12,29,92,7.03
1805,"2023-12-23",2,90,31,4,23,4,0.0
1806,"2023-12-23",3,64,56,25,12,19,2.79
1807,"2023-12-24",1,200,32,9,17,6,8.22
1808,"2023-12-24",2,86,51,39,5,7,0.0
1809,"2023-12-24",3,70,40,34,1,5,2.99
1810,"2023-12-25",1,184,46,33,12,1,3.84
1811,"2023-12-25",2,109,49,39,2,8,0.0
1812,"2023-12-25",3,167,104,84,6,14,3.55
1813,"2023-12-26",1,102,37,8,26,3,2.42
1814,"2023-12-26",2,82,79,29,8,42,0.0
1815,"2023-12-26",3,157,89,31,16,42,4.5
1816,"2023-12-27",1,154,60,49,10,1,7.12
1817,"2023-12-27",2,144,69,56,8,5,0.0
1818,"2023-12-27",3,152,55,26,12,17,1.66
1819,"2023-12-28",1,187,119,85,19,15,7.31
1820,"2023-12-28",2,154,81,14,32,35,0.0
1821,"2023-12-28",3,137,102,16,46,40,2.19
1822,"2023-12-29",1,78,77,49,7,21,7.7
1823,"2023-12-29",2,184,92,70,9,13,0.0
1824,"2023-12-29",3,128,57,31,5,21,2.27
1825,"2023-12-30",1,79,44,21,21,2,6.36
1826,"2023-12-30",2,140,136,10,48,78,0.0
1827,"2023-12-30",3,109,41,21,13,7,1.09
1828,"2023-12-31",1,150,84,65,18,1,8.73
1829,"2023-12-31",2,59,49,44,3,2,0.0
1830,"2023-12-31",3,191,144,116,17,11,4.36
1831,"2024-01-01",1,135,93,32,1,60,7.44
1832,"2024-01-01",2,166,42,15,1,26,0.0
1833,"2024-01-01",3,96,65,15,16,34,3.98
1834,"2024-01-02",1,73,43,38,2,3,5.12
1835,"2024-01-02",2,51,33,9,18,6,0.0
1836,"2024-01-02",3,184,90,78,8,4,1.14
1837,"2024-01-03",1,76,52,45,5,2,8.57
1838,"2024-01-03",2,88,59,6,7,46,0.0
1839,"2024-01-03",3,100,91,41,25,25,2.59
1840,"2024-01-04",1,104,103,96,7,0,3.64
1841,"2024-01-04",2,118,39,37,2,0,0.0
1842,"2024-01-04",3,189,65,16,8,41,2.1
1843,"2024-01-05",1,124,88,32,43,13,3.88
1844,"2024-01-05",2,136,100,74,10,16,0.0
1845,"2024-01-05",3,133,38,4,16,18,3.17
1846,"2024-01-06",1,128,54,0,34,20,4.26
1847,"2024-01-06",2,156,97,96,0,1,0.0
1848,"2024-01-06",3,99,58,18,1,39,1.1
1849,"2024-01-07",1,100,48,19,22,7,7.67
1850,"2024-01-07",2,145,82,12,29,41,0.0
1851,"2024-01-07",3,78,42,35,5,2,2.97
1852,"2024-01-08",1,108,65,33,8,24,6.75
1853,"2024-01-08",2,90,63,3,6,54,0.0
1854,"2024-01-08",3,66,36,10,18,8,1.31
1855,"2024-01-09",1,54,37,31,6,0,5.87
1856,"2024-01-09",2,68,32,1,20,11,0.0
1857,"2024-01-09",3,104,83,34,43,6,4.53
1858,"2024-01-10",1,184,113,68,33,12,5.59
1859,"2024-01-10",2,165,148,119,13,16,0.0
1860,"2024-01-10",3,90,45,8,28,9,4.42
1861,"2024-01-11",1,117,64,59,0,5,2.92
1862,"2024-01-11",2,147,96,89,7,0,0.0
1863,"2024-01-11",3,133,81,73,4,4,2.34
1864,"2024-01-12",1,134,104,8,59,37,2.33
1865,"2024-01-12",2,149,98,84,0,14,0.0
1866,"2024-01-12",3,60,53,15,25,13,4.64
1867,"2024-01-13",1,55,39,28,2,9,6.77
1868,"2024-01-13",2,111,48,12,9,27,0.0
1869,"2024-01-13",3,157,134,32,48,54,4.06
1870,"2024-01-14",1,178,52,35,10,7,8.95
1871,"2024-01-14",2,87,70,27,5,38,0.0
1872,"2024-01-14",3,69,35,26,4,5,4.0
1873,"2024-01-15",1,149,55,20,28,7,7.93
1874,"2024-01-15",2,130,46,12,27,7,0.0
1875,"2024-01-15",3,71,61,40,7,14,4.07
1876,"2024-01-16",1,183,103,16,47,40,5.89
1877,"2024-01-16",2,151,41,40,1,0,0.0
1878,"2024-01-16",3,99,62,32,19,11,2.76
1879,"2024-01-17",1,151,104,7,61,36,8.4
1880,"2024-01-17",2,80,76,14,47,15,0.0
1881,"2024-01-17",3,197,145,40,85,20,4.43
1882,"2024-01-18",1,149,50,24,18,8,9.91
1883,"2024-01-18",2,125,120,100,12,8,0.0
1884,"2024-01-18",3,84,68,46,11,11,1.42
1885,"2024-01-19",1,189,163,27,129,7,2.44
1886,"2024-01-19",2,186,155,114,30,11,0.0
1887,"2024-01-19",3,89,64,49,8,7,4.14
1888,"2024-01-20",1,117,101,0,84,17,6.21
1889,"2024-01-20",2,92,86,12,12,62,0.0
1890,"2024-01-20",3,155,110,98,10,2,1.99
1891,"2024-01-21",1,160,50,46,0,4,3.03
1892,"2024-01-21",2,164,43,33,3,7,0.0
1893,"2024-01-21",3,190,81,18,20,43,2.73
1894,"2024-01-22",1,142,130,18,82,30,4.86
1895,"2024-01-22",2,142,59,48,2,9,0.0
1896,"2024-01-22",3,139,135,2,87,46,4.25
1897,"2024-01-23",1,69,57,44,3,10,9.64
1898,"2024-01-23",2,182,85,4,42,39,0.0
1899,"2024-01-23",3,121,101,53,15,33,1.44
1900,"2024-01-24",1,142,34,1,17,16,2.76
1901,"2024-01-24",2,143,122,33,49,40,0.0
1902,"2024-01-24",3,198,168,18,119,31,4.22
1903,"2024-01-25",1,141,71,38,10,23,4.99
1904,"2024-01-25",2,89,31,8,17,6,0.0
1905,"2024-01-25",3,65,48,43,3,2,2.85
1906,"2024-01-26",1,188,140,31,97,12,6.65
1907,"2024-01-26",2,101,72,53,17,2,0.0
1908,"2024-01-26",3,106,52,18,28,6,1.17
1909,"2024-01-27",1,135,98,73,10,15,5.78
1910,"2024-01-27",2,102,83,38,7,38,0.0
1911,"2024-01-27",3,81,47,5,2,40,4.97
1912,"2024-01-28",1,151,84,37,16,31,6.82
1913,"2024-01-28",2,73,60,34,8,18,0.0
1914,"2024-01-28",3,193,95,48,28,19,3.32
1915,"2024-01-29",1,185,102,50,27,25,2.55
1916,"2024-01-29",2,132,93,32,11,50,0.0
1917,"2024-01-29",3,54,45,17,9,19,2.75
1918,"2024-01-30",1,116,64,38,22,4,3.34
1919,"2024-01-30",2,89,72,60,11,1,0.0
1920,"2024-01-30",3,138,33,27,2,4,1.21
1921,"2024-01-31",1,141,49,10,26,13,3.0
1922,"2024-01-31",2,124,85,19,47,19,0.0
1923,"2024-01-31",3,137,90,45,13,32,1.51
1924,"2024-02-01",1,70,38,32,1,5,5.22
1925,"2024-02-01",2,132,69,51,11,7,0.0
1926,"2024-02-01",3,148,33,30,3,0,3.17
1927,"2024-02-02",1,54,32,3,26,3,8.77
1928,"2024-02-02",2,66,48,39,3,6,0.0
1929,"2024-02-02",3,91,39,26,6,7,3.83
1930,"2024-02-03",1,106,103,79,0,24,6.69
1931,"2024-02-03",2,180,137,136,0,1,0.0
1932,"2024-02-03",3,128,63,14,25,24,2.28
1933,"2024-02-04",1,139,52,28,15,9,4.15
1934,"2024-02-04",2,125,33,13,0,20,0.0
1935,"2024-02-04",3,68,42,29,5,8,3.04
1936,"2024-02-05",1,104,48,11,31,6,9.16
1937,"2024-02-05",2,124,49,2,33,14,0.0
1938,"2024-02-05",3,114,80,79,1,0,4.1
1939,"2024-02-06",1,129,56,39,2,15,7.54
1940,"2024-02-06",2,143,114,12,65,37,0.0
1941,"2024-02-06",3,101,95,88,6,1,3.89
1942,"2024-02-07",1,108,98,58,24,16,8.56
1943,"2024-02-07",2,84,70,55,13,2,0.0
1944,"2024-02-07",3,138,108,9,27,72,4.36
1945,"2024-02-08",1,159,129,91,13,25,9.5
1946,"2024-02-08",2,112,54,8,9,37,0.0
1947,"2024-02-08",3,168,107,99,1,7,3.12
1948,"2024-02-09",1,125,83,47,7,29,4.64
1949,"2024-02-09",2,123,68,49,12,7,0.0
1950,"2024-02-09",3,52,42,4,38,0,4.15
1951,"2024-02-10",1,89,56,15,35,6,2.42
1952,"2024-02-10",2,164,59,34,7,18,0.0
1953,"2024-02-10",3,106,57,40,15,2,3.11
1954,"2024-02-11",1,99,82,2,51,29,8.34
1955,"2024-02-11",2,185,170,61,61,48,0.0
1956,"2024-02-11",3,166,129,94,19,16,1.93
1957,"2024-02-12",1,198,113,43,56,14,6.06
1958,"2024-02-12",2,169,110,75,34,1,0.0
1959,"2024-02-12",3,99,70,28,19,23,3.74
1960,"2024-02-13",1,147,38,12,15,11,2.09
1961,"2024-02-13",2,88,67,20,37,10,0.0
1962,"2024-02-13",3,50,37,20,10,7,1.08
1963,"2024-02-14",1,150,115,102,1,12,2.67
1964,"2024-02-14",2,52,31,2,28,1,0.0
1965,"2024-02-14",3,125,70,29,6,35,4.22
1966,"2024-02-15",1,102,33,28,0,5,7.39
1967,"2024-02-15",2,184,165,6,85,74,0.0
1968,"2024-02-15",3,158,121,60,61,0,2.49
1969,"2024-02-16",1,104,103,32,57,14,7.48
1970,"2024-02-16",2,107,68,34,17,17,0.0
1971,"2024-02-16",3,173,38,29,9,0,1.95
1972,"2024-02-17",1,157,127,127,0,0,6.03
1973,"2024-02-17",2,195,78,62,8,8,0.0
1974,"2024-02-17",3,88,73,37,21,15,2.21
1975,"2024-02-18",1,190,108,36,29,43,9.27
1976,"2024-02-18",2,74,69,2,11,56,0.0
1977,"2024-02-18",3,58,49,31,7,11,2.49
1978,"2024-02-19",1,168,40,25,8,7,3.89
1979,"2024-02-19",2,119,46,10,17,19,0.0
1980,"2024-02-19",3,154,114,61,14,39,1.83
1981,"2024-02-20",1,98,97,75,17,5,7.17
1982,"2024-02-20",2,93,90,46,7,37,0.0
1983,"2024-02-20",3,197,194,9,64,121,3.0
1984,"2024-02-21",1,91,71,9,43,19,5.83
1985,"2024-02-21",2,90,68,14,5,49,0.0
1986,"2024-02-21",3,159,77,21,34,22,1.46
1987,"2024-02-22",1,101,50,8,6,36,4.49
1988,"2024-02-22",2,103,53,38,9,6,0.0
1989,"2024-02-22",3,200,136,131,0,5,3.7
1990,"2024-02-23",1,155,103,37,3,63,5.75
1991,"2024-02-23",2,161,117,7,38,72,0.0
1992,"2024-02-23",3,51,40,19,21,0,1.17
1993,"2024-02-24",1,122,78,35,40,3,4.56
1994,"2024-02-24",2,65,61,1,47,13,0.0
1995,"2024-02-24",3,118,103,24,41,38,1.9
1996,"2024-02-25",1,121,97,55,1,41,9.88
1997,"2024-02-25",2,161,104,4,21,79,0.0
1998,"2024-02-25",3,84,62,28,34,0,1.75
1999,"2024-02-26",1,88,30,16,12,2,9.88
2000,"2024-02-26",2,143,76,7,5,64,0.0
2001,"2024-02-26",3,68,48,37,8,3,1.63
2002,"2024-02-27",1,196,58,33,14,11,4.74
2003,"2024-02-27",2,196,150,140,5,5,0.0
2004,"2024-02-27",3,178,66,10,33,23,4.45
2005,"2024-02-28",1,89,43,26,6,11,7.14
2006,"2024-02-28",2,78,74,7,49,18,0.0
2007,"2024-02-28",3,82,62,19,27,16,3.5
2008,"2024-02-29",1,84,31,5,9,17,3.53
2009,"2024-02-29",2,157,91,72,17,2,0.0
2010,"2024-02-29",3,129,120,106,10,4,2.92
2011,"2024-03-01",1,124,101,60,0,41,6.41
2012,"2024-03-01",2,70,34,1,32,1,0.0
2013,"2024-03-01",3,189,142,71,54,17,1.44
2014,"2024-03-02",1,129,37,9,23,5,3.51
2015,"2024-03-02",2,67,50,1,38,11,0.0
2016,"2024-03-02",3,109,90,25,38,27,2.45
2017,"2024-03-03",1,154,48,29,9,10,3.38
2018,"2024-03-03",2,135,104,54,6,44,0.0
2019,"2024-03-03",3,152,31,19,3,9,4.88
2020,"2024-03-04",1,104,74,63,5,6,8.55
2021,"2024-03-04",2,74,57,38,5,14,0.0
2022,"2024-03-04",3,199,182,146,11,25,2.56
2023,"2024-03-05",1,108,87,23,18,46,2.62
2024,"2024-03-05",2,196,139,74,40,25,0.0
2025,"2024-03-05",3,157,76,31,15,30,1.52
2026,"2024-03-06",1,172,70,6,20,44,7.42
2027,"2024-03-06",2,149,139,13,73,53,0.0
2028,"2024-03-06",3,89,35,9,13,13,4.1
2029,"2024-03-07",1,191,69,14,47,8,7.3
2030,"2024-03-07",2,130,45,34,5,6,0.0
2031,"2024-03-07",3,108,60,27,18,15,1.07
2032,"2024-03-08",1,122,96,45,5,46,8.11
2033,"2024-03-08",2,144,101,87,10,4,0.0
2034,"2024-03-08",3,162,113,29,59,25,2.23
2035,"2024-03-09",1,194,137,118,10,9,3.9
2036,"2024-03-09",2,119,115,85,12,18,0.0
2037,"2024-03-09",3,100,34,23,4,7,1.83
2038,"2024-03-10",1,172,112,54,56,2,4.99
2039,"2024-03-10",2,109,41,24,10,7,0.0
2040,"2024-03-10",3,170,78,72,3,3,1.35
2041,"2024-03-11",1,74,72,71,1,0,9.38
2042,"2024-03-11",2,157,90,88,2,0,0.0
2043,"2024-03-11",3,68,44,1,14,29,2.16
2044,"2024-03-12",1,189,157,17,99,41,8.58
2045,"2024-03-12",2,94,39,33,6,0,0.0
2046,"2024-03-12",3,55,42,22,18,2,2.27
2047,"2024-03-13",1,135,124,60,32,32,2.34
2048,"2024-03-13",2,182,147,73,19,55,0.0
2049,"2024-03-13",3,82,56,56,0,0,3.48
2050,"2024-03-14",1,161,77,26,16,35,6.47
2051,"2024-03-14",2,78,69,25,24,20,0.0
2052,"2024-03-14",3,175,32,24,1,7,3.39
2053,"2024-03-15",1,54,46,30,10,6,2.7
2054,"2024-03-15",2,89,54,44,8,2,0.0
2055,"2024-03-15",3,169,73,14,25,34,1.87
2056,"2024-03-16",1,81,62,18,6,38,4.61
2057,"2024-03-16",2,155,70,10,34,26,0.0
2058,"2024-03-16",3,75,68,58,0,10,3.89
2059,"2024-03-17",1,135,101,80,20,1,6.03
2060,"2024-03-17",2,65,32,6,11,15,0.0
2061,"2024-03-17",3,190,177,135,14,28,3.82
2062,"2024-03-18",1,166,45,30,13,2,8.48
2063,"2024-03-18",2,89,82,56,21,5,0.0
2064,"2024-03-18",3,111,102,80,13,9,2.39
2065,"2024-03-19",1,130,67,12,6,49,4.37
2066,"2024-03-19",2,99,54,40,13,1,0.0
2067,"2024-03-19",3,108,33,15,9,9,4.24
2068,"2024-03-20",1,194,131,91,5,35,3.92
2069,"2024-03-20",2,100,79,50,25,4,0.0
2070,"2024-03-20",3,102,95,74,10,11,3.6
2071,"2024-03-21",1,82,77,45,24,8,4.41
2072,"2024-03-21",2,85,84,11,19,54,0.0
2073,"2024-03-21",3,171,112,14,47,51,4.94
2074,"2024-03-22",1,87,37,27,10,0,6.84
2075,"2024-03-22",2,185,48,2,21,25,0.0
2076,"2024-03-22",3,118,94,17,55,22,3.27
2077,"2024-03-23",1,110,81,41,0,40,2.52
2078,"2024-03-23",2,58,40,20,11,9,0.0
2079,"2024-03-23",3,74,61,17,13,31,1.66
2080,"2024-03-24",1,121,45,1,31,13,4.41
2081,"2024-03-24",2,54,35,6,23,6,0.0
2082,"2024-03-24",3,93,37,22,10,5,3.09
2083,"2024-03-25",1,136,106,74,10,22,6.93
2084,"2024-03-25",2,84,49,23,4,22,0.0
2085,"2024-03-25",3,128,30,21,9,0,1.72
2086,"2024-03-26",1,173,79,18,18,43,3.64
2087,"2024-03-26",2,88,37,31,6,0,0.0
2088,"2024-03-26",3,68,49,34,13,2,4.08
2089,"2024-03-27",1,154,123,30,50,43,7.82
2090,"2024-03-27",2,169,164,47,38,79,0.0
2091,"2024-03-27",3,128,110,100,0,10,3.58
2092,"2024-03-28",1,185,64,53,6,5,6.61
2093,"2024-03-28",2,179,111,106,3,2,0.0
2094,"2024-03-28",3,134,88,36,1,51,1.73
2095,"2024-03-29",1,145,83,60,20,3,3.52
2096,"2024-03-29",2,122,117,20,79,18,0.0
2097,"2024-03-29",3,186,105,76,28,1,2.5
2098,"2024-03-30",1,101,77,35,15,27,9.5
2099,"2024-03-30",2,75,67,0,2,65,0.0
2100,"2024-03-30",3,51,47,0,8,39,3.95
2101,"2024-03-31",1,174,67,19,47,1,6.45
2102,"2024-03-31",2,91,52,0,23,29,0.0
2103,"2024-03-31",3,140,118,90,11,17,3.35
2104,"2024-04-01",1,127,114,76,25,13,2.2
2105,"2024-04-01",2,188,41,17,21,3,0.0
2106,"2024-04-01",3,196,172,31,51,90,2.94
2107,"2024-04-02",1,132,79,54,6,19,6.7
2108,"2024-04-02",2,150,95,13,53,29,0.0
2109,"2024-04-02",3,105,83,42,33,8,1.97
2110,"2024-04-03",1,167,146,73,15,58,7.48
2111,"2024-04-03",2,150,56,34,17,5,0.0
2112,"2024-04-03",3,85,67,2,65,0,3.58
2113,"2024-04-04",1,171,158,138,19,1,7.43
2114,"2024-04-04",2,159,105,35,49,21,0.0
2115,"2024-04-04",3,139,74,28,43,3,4.99
2116,"2024-04-05",1,162,109,19,7,83,2.61
2117,"2024-04-05",2,161,158,57,82,19,0.0
2118,"2024-04-05",3,140,78,27,34,17,2.81
2119,"2024-04-06",1,138,49,16,25,8,7.12
2120,"2024-04-06",2,174,165,37,25,103,0.0
2121,"2024-04-06",3,153,138,84,10,44,3.02
2122,"2024-04-07",1,90,56,40,14,2,9.01
2123,"2024-04-07",2,88,54,33,11,10,0.0
2124,"2024-04-07",3,61,32,22,2,8,3.87
2125,"2024-04-08",1,145,47,42,1,4,7.53
2126,"2024-04-08",2,143,99,53,36,10,0.0
2127,"2024-04-08",3,76,62,24,3,35,4.0
2128,"2024-04-09",1,72,60,21,14,25,4.89
2129,"2024-04-09",2,74,52,29,19,4,0.0
2130,"2024-04-09",3,116,30,1,11,18,3.05
2131,"2024-04-10",1,191,114,11,44,59,7.36
2132,"2024-04-10",2,173,82,67,15,0,0.0
2133,"2024-04-10",3,174,161,146,14,1,1.46
2134,"2024-04-11",1,158,44,35,7,2,7.64
2135,"2024-04-11",2,82,58,23,15,20,0.0
2136,"2024-04-11",3,127,108,98,3,7,2.6
2137,"2024-04-12",1,152,128,0,5,123,2.98
2138,"2024-04-12",2,177,44,32,5,7,0.0
2139,"2024-04-12",3,59,56,15,0,41,1.32
2140,"2024-04-13",1,157,137,78,29,30,7.13
2141,"2024-04-13",2,181,115,17,79,19,0.0
2142,"2024-04-13",3,70,69,26,23,20,4.19
2143,"2024-04-14",1,186,166,152,14,0,7.77
2144,"2024-04-14",2,110,40,4,6,30,0.0
2145,"2024-04-14",3,190,175,59,66,50,1.16
2146,"2024-04-15",1,191,53,53,0,0,3.58
2147,"2024-04-15",2,118,100,25,54,21,0.0
2148,"2024-04-15",3,194,85,30,4,51,1.76
2149,"2024-04-16",1,51,33,6,17,10,3.58
2150,"2024-04-16",2,152,125,37,7,81,0.0
2151,"2024-04-16",3,143,118,45,10,63,2.49
2152,"2024-04-17",1,53,43,17,17,9,7.2
2153,"2024-04-17",2,85,51,25,16,10,0.0
2154,"2024-04-17",3,136,109,56,19,34,2.99
2155,"2024-04-18",1,106,52,18,24,10,5.25
2156,"2024-04-18",2,66,48,46,2,0,0.0
2157,"2024-04-18",3,116,93,62,20,11,3.11
2158,"2024-04-19",1,62,40,19,20,1,8.59
2159,"2024-04-19",2,192,30,6,15,9,0.0
2160,"2024-04-19",3,57,44,31,1,12,3.47
2161,"2024-04-20",1,186,96,15,16,65,7.71
2162,"2024-04-20",2,142,131,51,43,37,0.0
2163,"2024-04-20",3,65,33,30,2,1,3.01
2164,"2024-04-21",1,121,102,33,32,37,2.31
2165,"2024-04-21",2,146,50,3,6,41,0.0
2166,"2024-04-21",3,114,107,7,68,32,3.73
2167,"2024-04-22",1,160,63,28,4,31,2.15
2168,"2024-04-22",2,71,30,0,14,16,0.0
2169,"2024-04-22",3,198,137,15,64,58,1.96
2170,"2024-04-23",1,69,61,60,1,0,4.07
2171,"2024-04-23",2,146,47,5,39,3,0.0
2172,"2024-04-23",3,101,71,30,36,5,1.04
2173,"2024-04-24",1,143,63,2,42,19,3.02
2174,"2024-04-24",2,190,160,12,54,94,0.0
2175,"2024-04-24",3,154,67,25,9,33,4.62
2176,"2024-04-25",1,79,46,21,3,22,5.45
2177,"2024-04-25",2,84,73,28,20,25,0.0
2178,"2024-04-25",3,171,136,119,15,2,1.01
2179,"2024-04-26",1,52,45,22,16,7,4.95
2180,"2024-04-26",2,192,37,10,21,6,0.0
2181,"2024-04-26",3,55,39,39,0,0,4.35
2182,"2024-04-27",1,66,51,38,10,3,4.89
2183,"2024-04-27",2,103,101,66,19,16,0.0
2184,"2024-04-27",3,93,60,25,30,5,2.01
2185,"2024-04-28",1,187,61,0,13,48,9.66
2186,"2024-04-28",2,99,66,35,17,14,0.0
2187,"2024-04-28",3,108,34,15,14,5,4.43
2188,"2024-04-29",1,50,34,11,21,2,6.59
2189,"2024-04-29",2,64,49,26,11,12,0.0
2190,"2024-04-29",3,84,65,28,0,37,3.45
2191,"2024-04-30",1,94,38,30,1,7,8.28
2192,"2024-04-30",2,169,66,19,16,31,0.0
2193,"2024-04-30",3,137,87,15,11,61,1.66
2194,"2024-05-01",1,64,48,8,7,33,2.65
2195,"2024-05-01",2,59,36,18,2,16,0.0
2196,"2024-05-01",3,122,102,96,3,3,2.96
2197,"2024-05-02",1,164,100,27,24,49,3.83
2198,"2024-05-02",2,101,57,31,7,19,0.0
2199,"2024-05-02",3,187,172,102,57,13,1.53
2200,"2024-05-03",1,156,142,95,11,36,8.8
2201,"2024-05-03",2,186,129,31,19,79,0.0
2202,"2024-05-03",3,100,56,48,1,7,1.68
2203,"2024-05-04",1,100,54,8,6,40,4.57
2204,"2024-05-04",2,68,65,12,28,25,0.0
2205,"2024-05-04",3,91,35,23,7,5,3.98
2206,"2024-05-05",1,80,79,71,4,4,3.73
2207,"2024-05-05",2,127,124,74,29,21,0.0
2208,"2024-05-05",3,151,114,64,42,8,1.96
2209,"2024-05-06",1,153,31,30,0,1,6.46
2210,"2024-05-06",2,159,50,0,12,38,0.0
2211,"2024-05-06",3,157,103,78,5,20,1.41
2212,"2024-05-07",1,171,75,13,37,25,9.16
2213,"2024-05-07",2,55,35,13,10,12,0.0
2214,"2024-05-07",3,122,58,26,6,26,2.18
2215,"2024-05-08",1,87,46,45,1,0,9.94
2216,"2024-05-08",2,163,55,33,21,1,0.0
2217,"2024-05-08",3,74,70,23,7,40,1.01
2218,"2024-05-09",1,198,34,4,22,8,8.07
2219,"2024-05-09",2,73,51,8,0,43,0.0
2220,"2024-05-09",3,136,107,94,0,13,1.65
2221,"2024-05-10",1,53,35,0,2,33,6.49
2222,"2024-05-10",2,192,36,10,23,3,0.0
2223,"2024-05-10",3,182,54,34,8,12,1.11
2224,"2024-05-11",1,118,53,41,7,5,5.54
2225,"2024-05-11",2,185,154,33,80,41,0.0
2226,"2024-05-11",3,107,73,13,51,9,1.51
2227,"2024-05-12",1,52,34,3,25,6,7.33
2228,"2024-05-12",2,175,88,41,44,3,0.0
2229,"2024-05-12",3,107,95,85,2,8,3.27
2230,"2024-05-13",1,180,170,18,134,18,6.98
2231,"2024-05-13",2,183,61,43,17,1,0.0
2232,"2024-05-13",3,153,103,77,6,20,4.29
2233,"2024-05-14",1,175,130,60,5,65,9.09
2234,"2024-05-14",2,171,90,10,0,80,0.0
2235,"2024-05-14",3,69,57,34,0,23,2.08
2236,"2024-05-15",1,182,83,38,4,41,9.64
2237,"2024-05-15",2,167,147,66,20,61,0.0
2238,"2024-05-15",3,140,122,39,13,70,4.92
2239,"2024-05-16",1,88,50,43,2,5,6.96
2240,"2024-05-16",2,194,30,2,2,26,0.0
2241,"2024-05-16",3,98,30,3,23,4,4.72
2242,"2024-05-17",1,147,49,26,13,10,2.39
2243,"2024-05-17",2,136,42,26,10,6,0.0
2244,"2024-05-17",3,67,31,29,2,0,2.48
2245,"2024-05-18",1,138,48,35,1,12,2.02
2246,"2024-05-18",2,66,63,20,2,41,0.0
2247,"2024-05-18",3,154,119,83,36,0,2.07
2248,"2024-05-19",1,110,86,18,26,42,8.93
2249,"2024-05-19",2,111,55,26,9,20,0.0
2250,"2024-05-19",3,119,84,4,53,27,2.71
2251,"2024-05-20",1,68,58,10,20,28,4.77
2252,"2024-05-20",2,65,53,12,34,7,0.0
2253,"2024-05-20",3,175,48,18,13,17,4.99
2254,"2024-05-21",1,153,123,108,15,0,8.08
2255,"2024-05-21",2,195,116,26,21,69,0.0
2256,"2024-05-21",3,176,52,20,21,11,2.48
2257,"2024-05-22",1,88,64,35,3,26,7.32
2258,"2024-05-22",2,159,113,27,8,78,0.0
2259,"2024-05-22",3,109,92,25,22,45,2.39
2260,"2024-05-23",1,70,32,25,2,5,6.3
2261,"2024-05-23",2,124,109,9,97,3,0.0
2262,"2024-05-23",3,119,106,75,15,16,2.74
2263,"2024-05-24",1,139,62,1,9,52,9.77
2264,"2024-05-24",2,61,43,19,14,10,0.0
2265,"2024-05-24",3,126,107,0,61,46,4.98
2266,"2024-05-25",1,85,76,21,44,11,7.52
2267,"2024-05-25",2,198,173,155,7,11,0.0
2268,"2024-05-25",3,56,39,19,4,16,1.67
2269,"2024-05-26",1,144,68,64,4,0,4.93
2270,"2024-05-26",2,85,81,45,9,27,0.0
2271,"2024-05-26",3,69,67,6,51,10,1.23
2272,"2024-05-27",1,63,55,37,7,11,6.02
2273,"2024-05-27",2,107,99,15,27,57,0.0
2274,"2024-05-27",3,73,35,4,7,24,3.92
2275,"2024-05-28",1,183,160,15,75,70,3.48
2276,"2024-05-28",2,182,103,24,4,75,0.0
2277,"2024-05-28",3,192,83,41,25,17,3.73
2278,"2024-05-29",1,72,38,15,16,7,9.43
2279,"2024-05-29",2,154,33,30,1,2,0.0
2280,"2024-05-29",3,52,39,14,19,6,4.79
2281,"2024-05-30",1,155,39,27,9,3,9.53
2282,"2024-05-30",2,188,46,19,12,15,0.0
2283,"2024-05-30",3,166,77,42,19,16,3.62
2284,"2024-05-31",1,180,73,62,6,5,4.06
2285,"2024-05-31",2,110,56,36,10,10,0.0
2286,"2024-05-31",3,52,46,30,3,13,2.8
2287,"2024-06-01",1,184,97,31,18,48,5.11
2288,"2024-06-01",2,71,65,53,3,9,0.0
2289,"2024-06-01",3,107,86,32,15,39,4.77
2290,"2024-06-02",1,89,78,0,70,8,8.3
2291,"2024-06-02",2,113,104,53,6,45,0.0
2292,"2024-06-02",3,188,165,131,21,13,4.79
2293,"2024-06-03",1,94,62,16,38,8,2.61
2294,"2024-06-03",2,55,34,11,9,14,0.0
2295,"2024-06-03",3,64,62,59,2,1,1.33
2296,"2024-06-04",1,107,78,6,20,52,7.2
2297,"2024-06-04",2,175,125,42,76,7,0.0
2298,"2024-06-04",3,53,50,44,5,1,3.4
2299,"2024-06-05",1,166,135,83,30,22,7.11
2300,"2024-06-05",2,108,62,46,10,6,0.0
2301,"2024-06-05",3,100,31,9,13,9,3.41
2302,"2024-06-06",1,147,136,53,16,67,9.91
2303,"2024-06-06",2,52,41,17,23,1,0.0
2304,"2024-06-06",3,169,158,97,33,28,2.36
2305,"2024-06-07",1,72,59,24,24,11,4.29
2306,"2024-06-07",2,69,46,23,1,22,0.0
2307,"2024-06-07",3,145,47,40,6,1,1.34
2308,"2024-06-08",1,156,44,42,2,0,5.07
2309,"2024-06-08",2,135,131,67,63,1,0.0
2310,"2024-06-08",3,169,34,14,6,14,4.76
2311,"2024-06-09",1,151,67,36,9,22,9.81
2312,"2024-06-09",2,68,65,11,14,40,0.0
2313,"2024-06-09",3,144,38,5,30,3,3.86
2314,"2024-06-10",1,171,111,21,59,31,4.89
2315,"2024-06-10",2,65,53,4,2,47,0.0
2316,"2024-06-10",3,142,48,6,19,23,3.52
2317,"2024-06-11",1,137,46,25,16,5,4.25
2318,"2024-06-11",2,137,43,0,40,3,0.0
2319,"2024-06-11",3,142,89,57,24,8,4.94
2320,"2024-06-12",1,167,142,2,27,113,8.06
2321,"2024-06-12",2,98,72,48,2,22,0.0
2322,"2024-06-12",3,140,70,21,10,39,3.0
2323,"2024-06-13",1,137,32,16,9,7,7.61
2324,"2024-06-13",2,92,67,25,23,19,0.0
2325,"2024-06-13",3,189,119,110,0,9,2.5
2326,"2024-06-14",1,196,73,17,3,53,7.28
2327,"2024-06-14",2,71,40,14,8,18,0.0
2328,"2024-06-14",3,98,70,49,12,9,2.63
2329,"2024-06-15",1,191,182,37,126,19,7.11
2330,"2024-06-15",2,78,57,38,15,4,0.0
2331,"2024-06-15",3,127,52,0,26,26,3.69
2332,"2024-06-16",1,200,158,121,8,29,6.56
2333,"2024-06-16",2,128,106,79,16,11,0.0
2334,"2024-06-16",3,200,55,17,26,12,1.51
2335,"2024-06-17",1,89,70,3,43,24,8.98
2336,"2024-06-17",2,80,37,29,6,2,0.0
2337,"2024-06-17",3,183,135,46,52,37,1.31
2338,"2024-06-18",1,104,54,45,4,5,7.99
2339,"2024-06-18",2,194,193,130,48,15,0.0
2340,"2024-06-18",3,59,41,14,26,1,3.72
2341,"2024-06-19",1,95,34,33,1,0,9.71
2342,"2024-06-19",2,62,39,0,8,31,0.0
2343,"2024-06-19",3,75,63,16,7,40,2.28
2344,"2024-06-20",1,64,37,10,9,18,7.87
2345,"2024-06-20",2,128,72,57,6,9,0.0
2346,"2024-06-20",3,65,35,26,9,0,4.33
2347,"2024-06-21",1,166,85,75,3,7,3.01
2348,"2024-06-21",2,128,62,5,38,19,0.0
2349,"2024-06-21",3,146,107,39,5,63,2.09
2350,"2024-06-22",1,59,43,32,11,0,6.24
2351,"2024-06-22",2,86,61,5,2,54,0.0
2352,"2024-06-22",3,117,99,3,31,65,3.48
2353,"2024-06-23",1,146,143,104,12,27,8.87
2354,"2024-06-23",2,140,78,69,8,1,0.0
2355,"2024-06-23",3,50,38,32,3,3,1.77
2356,"2024-06-24",1,192,139,62,56,21,6.71
2357,"2024-06-24",2,129,99,87,11,1,0.0
2358,"2024-06-24",3,62,35,31,0,4,3.31
2359,"2024-06-25",1,98,59,6,15,38,4.15
2360,"2024-06-25",2,101,32,1,19,12,0.0
2361,"2024-06-25",3,78,53,10,31,12,2.82
2362,"2024-06-26",1,65,48,5,6,37,9.38
2363,"2024-06-26",2,86,66,42,9,15,0.0
2364,"2024-06-26",3,77,34,7,21,6,3.31
2365,"2024-06-27",1,96,90,87,1,2,8.53
2366,"2024-06-27",2,134,98,89,6,3,0.0
2367,"2024-06-27",3,157,39,34,2,3,1.53
2368,"2024-06-28",1,72,48,43,0,5,7.27
2369,"2024-06-28",2,200,145,93,43,9,0.0
2370,"2024-06-28",3,195,172,107,8,57,4.81
2371,"2024-06-29",1,178,57,56,0,1,4.35
2372,"2024-06-29",2,170,34,23,1,10,0.0
2373,"2024-06-29",3,182,47,38,6,3,3.37
2374,"2024-06-30",1,165,149,149,0,0,8.28
2375,"2024-06-30",2,104,86,69,14,3,0.0
2376,"2024-06-30",3,143,108,19,22,67,1.64
2377,"2024-07-01",1,150,137,101,31,5,5.55
2378,"2024-07-01",2,79,68,14,15,39,0.0
2379,"2024-07-01",3,196,111,58,21,32,2.98
2380,"2024-07-02",1,90,56,45,5,6,5.15
2381,"2024-07-02",2,69,43,3,3,37,0.0
2382,"2024-07-02",3,53,35,28,0,7,4.05
2383,"2024-07-03",1,172,127,55,41,31,8.12
2384,"2024-07-03",2,173,103,84,3,16,0.0
2385,"2024-07-03",3,86,65,1,33,31,3.75
2386,"2024-07-04",1,123,44,39,0,5,3.77
2387,"2024-07-04",2,53,48,29,0,19,0.0
2388,"2024-07-04",3,102,72,32,21,19,1.83
2389,"2024-07-05",1,135,40,32,5,3,3.49
2390,"2024-07-05",2,138,120,105,12,3,0.0
2391,"2024-07-05",3,195,50,4,40,6,2.18
2392,"2024-07-06",1,131,98,79,14,5,7.97
2393,"2024-07-06",2,196,137,77,5,55,0.0
2394,"2024-07-06",3,174,85,80,5,0,3.52
2395,"2024-07-07",1,134,117,94,3,20,9.06
2396,"2024-07-07",2,96,69,51,0,18,0.0
2397,"2024-07-07",3,195,186,31,70,85,1.52
2398,"2024-07-08",1,175,106,81,11,14,9.68
2399,"2024-07-08",2,197,121,27,37,57,0.0
2400,"2024-07-08",3,142,102,71,5,26,2.88
2401,"2024-07-09",1,61,51,41,5,5,6.71
2402,"2024-07-09",2,178,31,13,2,16,0.0
2403,"2024-07-09",3,117,43,27,4,12,3.6
2404,"2024-07-10",1,176,64,34,29,1,7.44
2405,"2024-07-10",2,72,38,24,11,3,0.0
2406,"2024-07-10",3,68,32,13,3,16,4.32
2407,"2024-07-11",1,167,63,45,8,10,2.63
2408,"2024-07-11",2,78,68,22,14,32,0.0
2409,"2024-07-11",3,67,66,57,8,1,2.37
2410,"2024-07-12",1,158,36,10,13,13,8.8
2411,"2024-07-12",2,140,71,43,14,14,0.0
2412,"2024-07-12",3,126,125,97,13,15,4.78
2413,"2024-07-13",1,141,68,41,13,14,8.2
2414,"2024-07-13",2,86,68,65,0,3,0.0
2415,"2024-07-13",3,66,63,21,39,3,2.15
2416,"2024-07-14",1,176,153,145,0,8,9.98
2417,"2024-07-14",2,187,61,4,55,2,0.0
2418,"2024-07-14",3,88,84,78,6,0,1.78
2419,"2024-07-15",1,198,193,39,20,134,3.14
2420,"2024-07-15",2,123,114,58,35,21,0.0
2421,"2024-07-15",3,55,53,39,14,0,3.26
2422,"2024-07-16",1,130,95,24,46,25,7.94
2423,"2024-07-16",2,127,125,88,16,21,0.0
2424,"2024-07-16",3,146,123,29,51,43,3.83
2425,"2024-07-17",1,152,104,97,1,6,5.17
2426,"2024-07-17",2,131,124,45,46,33,0.0
2427,"2024-07-17",3,129,53,20,18,15,1.89
2428,"2024-07-18",1,131,113,109,3,1,7.03
2429,"2024-07-18",2,140,52,39,7,6,0.0
2430,"2024-07-18",3,170,132,62,16,54,1.92
2431,"2024-07-19",1,146,143,78,62,3,6.37
2432,"2024-07-19",2,107,104,40,39,25,0.0
2433,"2024-07-19",3,169,157,11,125,21,2.37
2434,"2024-07-20",1,82,61,51,7,3,7.12
2435,"2024-07-20",2,196,42,3,1,38,0.0
2436,"2024-07-20",3,173,50,14,20,16,1.15
2437,"2024-07-21",1,184,59,47,11,1,8.14
2438,"2024-07-21",2,80,65,64,0,1,0.0
2439,"2024-07-21",3,53,30,12,2,16,4.19
2440,"2024-07-22",1,143,50,35,11,4,7.92
2441,"2024-07-22",2,137,82,14,28,40,0.0
2442,"2024-07-22",3,103,70,43,3,24,2.72
2443,"2024-07-23",1,192,120,61,46,13,3.81
2444,"2024-07-23",2,139,135,30,95,10,0.0
2445,"2024-07-23",3,68,33,6,9,18,1.94
2446,"2024-07-24",1,125,89,53,29,7,7.95
2447,"2024-07-24",2,76,71,10,31,30,0.0
2448,"2024-07-24",3,61,54,10,33,11,3.21
2449,"2024-07-25",1,158,33,32,1,0,6.44
2450,"2024-07-25",2,116,37,12,10,15,0.0
2451,"2024-07-25",3,61,40,13,10,17,3.69
2452,"2024-07-26",1,89,83,31,29,23,7.77
2453,"2024-07-26",2,121,100,99,1,0,0.0
2454,"2024-07-26",3,51,47,9,11,27,4.7
2455,"2024-07-27",1,125,56,1,2,53,2.15
2456,"2024-07-27",2,56,44,40,3,1,0.0
2457,"2024-07-27",3,200,116,14,79,23,1.53
2458,"2024-07-28",1,160,118,36,16,66,9.69
2459,"2024-07-28",2,179,90,33,33,24,0.0
2460,"2024-07-28",3,179,33,19,0,14,1.38
2461,"2024-07-29",1,73,50,15,34,1,3.06
2462,"2024-07-29",2,58,49,18,18,13,0.0
2463,"2024-07-29",3,147,34,20,0,14,3.92
2464,"2024-07-30",1,151,127,20,100,7,7.78
2465,"2024-07-30",2,165,141,3,120,18,0.0
2466,"2024-07-30",3,98,67,16,15,36,2.54
2467,"2024-07-31",1,120,51,26,13,12,5.44
2468,"2024-07-31",2,130,107,50,43,14,0.0
2469,"2024-07-31",3,103,96,24,42,30,4.96
2470,"2024-08-01",1,86,47,21,11,15,4.4
2471,"2024-08-01",2,124,45,16,8,21,0.0
2472,"2024-08-01",3,177,113,111,2,0,2.12
2473,"2024-08-02",1,171,162,114,31,17,3.0
2474,"2024-08-02",2,131,48,13,18,17,0.0
2475,"2024-08-02",3,197,34,9,9,16,3.41
2476,"2024-08-03",1,148,39,18,3,18,9.25
2477,"2024-08-03",2,114,97,88,2,7,0.0
2478,"2024-08-03",3,196,65,15,22,28,4.45
2479,"2024-08-04",1,142,121,73,25,23,3.99
2480,"2024-08-04",2,117,75,34,0,41,0.0
2481,"2024-08-04",3,159,152,80,0,72,1.83
2482,"2024-08-05",1,130,41,1,36,4,2.28
2483,"2024-08-05",2,129,82,14,24,44,0.0
2484,"2024-08-05",3,58,53,46,6,1,4.96
2485,"2024-08-06",1,195,162,72,11,79,9.98
2486,"2024-08-06",2,195,119,42,36,41,0.0
2487,"2024-08-06",3,54,36,10,2,24,3.32
2488,"2024-08-07",1,168,88,36,11,41,9.34
2489,"2024-08-07",2,107,36,24,12,0,0.0
2490,"2024-08-07",3,161,81,40,17,24,4.98
2491,"2024-08-08",1,60,34,32,0,2,5.25
2492,"2024-08-08",2,169,83,45,16,22,0.0
2493,"2024-08-08",3,131,115,49,37,29,4.14
2494,"2024-08-09",1,189,167,130,5,32,7.25
2495,"2024-08-09",2,80,65,0,33,32,0.0
2496,"2024-08-09",3,99,61,16,2,43,4.12
2497,"2024-08-10",1,84,55,41,10,4,7.38
2498,"2024-08-10",2,166,126,22,60,44,0.0
2499,"2024-08-10",3,59,57,11,27,19,4.7
2500,"2024-08-11",1,179,131,9,36,86,9.56
2501,"2024-08-11",2,177,167,89,35,43,0.0
2502,"2024-08-11",3,169,57,51,5,1,4.75
2503,"2024-08-12",1,139,122,101,2,19,2.11
2504,"2024-08-12",2,64,54,11,3,40,0.0
2505,"2024-08-12",3,129,73,45,19,9,2.53
2506,"2024-08-13",1,88,53,20,20,13,8.65
2507,"2024-08-13",2,77,30,19,6,5,0.0
2508,"2024-08-13",3,166,82,42,6,34,4.22
2509,"2024-08-14",1,55,50,19,1,30,7.68
2510,"2024-08-14",2,99,87,34,41,12,0.0
2511,"2024-08-14",3,93,89,4,8,77,3.17
2512,"2024-08-15",1,174,39,11,10,18,2.65
2513,"2024-08-15",2,129,30,15,11,4,0.0
2514,"2024-08-15",3,103,59,27,0,32,4.07
2515,"2024-08-16",1,186,44,12,14,18,8.66
2516,"2024-08-16",2,130,104,60,16,28,0.0
2517,"2024-08-16",3,160,30,17,1,12,1.99
2518,"2024-08-17",1,92,77,16,10,51,4.44
2519,"2024-08-17",2,56,47,9,27,11,0.0
2520,"2024-08-17",3,161,137,83,33,21,1.74
2521,"2024-08-18",1,60,48,28,6,14,7.83
2522,"2024-08-18",2,132,114,107,4,3,0.0
2523,"2024-08-18",3,105,61,56,3,2,3.13
2524,"2024-08-19",1,128,64,58,4,2,4.57
2525,"2024-08-19",2,127,75,58,0,17,0.0
2526,"2024-08-19",3,96,46,45,1,0,2.76
2527,"2024-08-20",1,103,59,46,11,2,5.25
2528,"2024-08-20",2,70,43,43,0,0,0.0
2529,"2024-08-20",3,134,123,100,11,12,3.42
2530,"2024-08-21",1,132,35,17,17,1,4.5
2531,"2024-08-21",2,112,105,35,5,65,0.0
2532,"2024-08-21",3,127,97,23,31,43,4.21
2533,"2024-08-22",1,60,44,44,0,0,9.07
2534,"2024-08-22",2,159,127,92,33,2,0.0
2535,"2024-08-22",3,91,34,3,30,1,2.39
2536,"2024-08-23",1,168,58,17,27,14,3.68
2537,"2024-08-23",2,93,53,15,12,26,0.0
2538,"2024-08-23",3,196,42,13,4,25,3.44
2539,"2024-08-24",1,58,31,6,4,21,4.24
2540,"2024-08-24",2,149,145,118,6,21,0.0
2541,"2024-08-24",3,66,46,5,13,28,3.88
2542,"2024-08-25",1,151,44,41,0,3,5.22
2543,"2024-08-25",2,98,77,28,18,31,0.0
2544,"2024-08-25",3,126,99,8,72,19,2.73
2545,"2024-08-26",1,118,117,73,35,9,4.03
2546,"2024-08-26",2,128,78,15,58,5,0.0
2547,"2024-08-26",3,64,61,43,1,17,2.78
2548,"2024-08-27",1,126,35,6,3,26,5.4
2549,"2024-08-27",2,75,50,19,14,17,0.0
2550,"2024-08-27",3,149,87,77,2,8,2.34
2551,"2024-08-28",1,89,70,18,19,33,5.42
2552,"2024-08-28",2,72,47,1,16,30,0.0
2553,"2024-08-28",3,75,38,2,34,2,1.75
2554,"2024-08-29",1,180,59,1,42,16,8.42
2555,"2024-08-29",2,181,55,46,3,6,0.0
2556,"2024-08-29",3,135,112,84,16,12,1.05
2557,"2024-08-30",1,66,61,6,5,50,8.04
2558,"2024-08-30",2,153,123,7,2,114,0.0
2559,"2024-08-30",3,154,112,69,26,17,4.65
2560,"2024-08-31",1,69,48,1,39,8,8.34
2561,"2024-08-31",2,86,71,25,38,8,0.0
2562,"2024-08-31",3,168,50,17,13,20,3.52
2563,"2024-09-01",1,134,65,23,4,38,5.22
2564,"2024-09-01",2,87,31,31,0,0,0.0
2565,"2024-09-01",3,57,37,6,3,28,2.36
2566,"2024-09-02",1,116,63,43,7,13,5.6
2567,"2024-09-02",2,179,104,33,19,52,0.0
2568,"2024-09-02",3,200,94,91,0,3,4.87
2569,"2024-09-03",1,172,60,33,26,1,9.11
2570,"2024-09-03",2,167,85,24,13,48,0.0
2571,"2024-09-03",3,147,101,95,6,0,3.64
2572,"2024-09-04",1,185,99,26,35,38,8.84
2573,"2024-09-04",2,107,84,24,37,23,0.0
2574,"2024-09-04",3,114,85,27,6,52,4.88
2575,"2024-09-05",1,96,74,56,13,5,7.72
2576,"2024-09-05",2,116,80,7,32,41,0.0
2577,"2024-09-05",3,132,130,94,18,18,4.86
2578,"2024-09-06",1,173,93,47,1,45,5.38
2579,"2024-09-06",2,187,114,65,46,3,0.0
2580,"2024-09-06",3,125,96,77,5,14,4.34
2581,"2024-09-07",1,183,91,12,62,17,5.58
2582,"2024-09-07",2,161,69,6,27,36,0.0
2583,"2024-09-07",3,114,49,0,46,3,3.32
2584,"2024-09-08",1,83,52,18,29,5,2.38
2585,"2024-09-08",2,63,34,28,1,5,0.0
2586,"2024-09-08",3,149,76,13,53,10,2.14
2587,"2024-09-09",1,144,91,20,5,66,5.29
2588,"2024-09-09",2,125,51,36,11,4,0.0
2589,"2024-09-09",3,88,44,3,41,0,3.47
2590,"2024-09-10",1,104,39,37,0,2,9.32
2591,"2024-09-10",2,196,83,29,45,9,0.0
2592,"2024-09-10",3,104,44,26,12,6,2.17
2593,"2024-09-11",1,112,80,80,0,0,2.12
2594,"2024-09-11",2,109,89,24,41,24,0.0
2595,"2024-09-11",3,189,41,37,1,3,2.5
2596,"2024-09-12",1,192,131,18,22,91,4.69
2597,"2024-09-12",2,112,83,68,7,8,0.0
2598,"2024-09-12",3,104,91,80,1,10,4.98
2599,"2024-09-13",1,199,182,141,31,10,6.37
2600,"2024-09-13",2,55,52,26,5,21,0.0
2601,"2024-09-13",3,123,68,39,17,12,4.92
2602,"2024-09-14",1,195,110,27,32,51,4.34
2603,"2024-09-14",2,136,81,19,58,4,0.0
2604,"2024-09-14",3,198,162,150,4,8,2.51
2605,"2024-09-15",1,195,137,88,37,12,3.68
2606,"2024-09-15",2,169,168,78,6,84,0.0
2607,"2024-09-15",3,119,106,92,11,3,4.55
2608,"2024-09-16",1,133,39,27,2,10,7.21
2609,"2024-09-16",2,106,30,23,7,0,0.0
2610,"2024-09-16",3,138,88,33,39,16,1.84
2611,"2024-09-17",1,185,137,9,66,62,8.53
2612,"2024-09-17",2,190,161,136,13,12,0.0
2613,"2024-09-17",3,194,180,78,60,42,1.99
2614,"2024-09-18",1,176,107,17,14,76,2.24
2615,"2024-09-18",2,65,57,32,25,0,0.0
2616,"2024-09-18",3,147,103,29,40,34,3.79
2617,"2024-09-19",1,149,127,38,11,78,7.52
2618,"2024-09-19",2,193,160,133,15,12,0.0
2619,"2024-09-19",3,89,47,44,3,0,3.28
2620,"2024-09-20",1,179,59,14,5,40,2.37
2621,"2024-09-20",2,57,36,12,0,24,0.0
2622,"2024-09-20",3,85,30,30,0,0,4.05
2623,"2024-09-21",1,136,93,93,0,0,9.52
2624,"2024-09-21",2,126,88,20,18,50,0.0
2625,"2024-09-21",3,195,91,19,27,45,4.48
2626,"2024-09-22",1,86,52,43,2,7,7.17
2627,"2024-09-22",2,143,64,6,27,31,0.0
2628,"2024-09-22",3,58,32,5,13,14,4.08
2629,"2024-09-23",1,117,78,18,46,14,2.39
2630,"2024-09-23",2,93,40,5,1,34,0.0
2631,"2024-09-23",3,125,104,103,1,0,1.11
2632,"2024-09-24",1,85,43,30,0,13,3.16
2633,"2024-09-24",2,120,32,4,5,23,0.0
2634,"2024-09-24",3,198,172,22,80,70,4.23
2635,"2024-09-25",1,128,63,62,0,1,3.81
2636,"2024-09-25",2,170,96,94,1,1,0.0
2637,"2024-09-25",3,118,84,9,18,57,3.56
2638,"2024-09-26",1,172,40,5,34,1,8.63
2639,"2024-09-26",2,126,119,69,26,24,0.0
2640,"2024-09-26",3,56,45,30,7,8,2.66
2641,"2024-09-27",1,175,76,8,67,1,4.77
2642,"2024-09-27",2,62,40,1,6,33,0.0
2643,"2024-09-27",3,191,86,58,11,17,3.12
2644,"2024-09-28",1,193,120,63,35,22,9.0
2645,"2024-09-28",2,157,80,73,6,1,0.0
2646,"2024-09-28",3,69,43,12,26,5,4.91
2647,"2024-09-29",1,166,161,137,14,10,3.67
2648,"2024-09-29",2,52,44,37,6,1,0.0
2649,"2024-09-29",3,129,85,16,1,68,3.53
2650,"2024-09-30",1,50,40,37,2,1,5.51
2651,"2024-09-30",2,130,55,53,0,2,0.0
2652,"2024-09-30",3,94,58,22,17,19,3.62
2653,"2024-10-01",1,120,64,36,9,19,4.47
2654,"2024-10-01",2,97,47,43,0,4,0.0
2655,"2024-10-01",3,125,54,42,12,0,1.33
2656,"2024-10-02",1,79,38,9,26,3,7.03
2657,"2024-10-02",2,110,83,73,7,3,0.0
2658,"2024-10-02",3,104,75,63,9,3,4.78
2659,"2024-10-03",1,86,73,26,26,21,4.35
2660,"2024-10-03",2,130,91,24,52,15,0.0
2661,"2024-10-03",3,99,82,34,45,3,3.92
2662,"2024-10-04",1,194,35,16,0,19,2.01
2663,"2024-10-04",2,109,53,0,29,24,0.0
2664,"2024-10-04",3,108,49,49,0,0,3.62
2665,"2024-10-05",1,103,62,48,5,9,8.75
2666,"2024-10-05",2,90,34,20,13,1,0.0
2667,"2024-10-05",3,90,52,9,8,35,1.28
2668,"2024-10-06",1,51,32,3,19,10,4.14
2669,"2024-10-06",2,138,97,96,0,1,0.0
2670,"2024-10-06",3,52,51,21,2,28,2.72
2671,"2024-10-07",1,147,51,21,23,7,5.85
2672,"2024-10-07",2,71,35,13,12,10,0.0
2673,"2024-10-07",3,52,40,35,1,4,2.82
2674,"2024-10-08",1,155,139,126,3,10,3.56
2675,"2024-10-08",2,56,53,29,10,14,0.0
2676,"2024-10-08",3,110,96,76,4,16,1.54
2677,"2024-10-09",1,147,44,7,3,34,9.51
2678,"2024-10-09",2,71,68,30,21,17,0.0
2679,"2024-10-09",3,116,39,17,15,7,5.0
2680,"2024-10-10",1,150,139,75,35,29,8.96
2681,"2024-10-10",2,59,52,10,30,12,0.0
2682,"2024-10-10",3,92,86,38,18,30,4.92
2683,"2024-10-11",1,132,58,4,6,48,9.69
2684,"2024-10-11",2,152,150,0,114,36,0.0
2685,"2024-10-11",3,143,42,33,1,8,4.15
2686,"2024-10-12",1,153,62,36,10,16,4.55
2687,"2024-10-12",2,85,76,8,51,17,0.0
2688,"2024-10-12",3,187,134,54,73,7,3.95
2689,"2024-10-13",1,145,97,93,4,0,7.99
2690,"2024-10-13",2,164,78,9,39,30,0.0
2691,"2024-10-13",3,194,59,29,11,19,3.32
2692,"2024-10-14",1,102,88,9,63,16,4.82
2693,"2024-10-14",2,131,95,28,57,10,0.0
2694,"2024-10-14",3,99,94,12,18,64,3.91
2695,"2024-10-15",1,131,104,40,13,51,7.35
2696,"2024-10-15",2,65,54,15,13,26,0.0
2697,"2024-10-15",3,182,83,17,66,0,3.1
2698,"2024-10-16",1,149,55,54,1,0,7.68
2699,"2024-10-16",2,117,62,17,24,21,0.0
2700,"2024-10-16",3,150,97,73,5,19,2.43
2701,"2024-10-17",1,107,64,10,39,15,4.39
2702,"2024-10-17",2,72,60,43,11,6,0.0
2703,"2024-10-17",3,117,106,11,61,34,1.45
2704,"2024-10-18",1,58,49,7,2,40,5.15
2705,"2024-10-18",2,130,83,65,11,7,0.0
2706,"2024-10-18",3,64,44,15,15,14,1.75
2707,"2024-10-19",1,90,84,76,4,4,9.99
2708,"2024-10-19",2,138,57,3,29,25,0.0
2709,"2024-10-19",3,126,86,45,9,32,3.04
2710,"2024-10-20",1,143,96,12,80,4,2.05
2711,"2024-10-20",2,114,77,36,31,10,0.0
2712,"2024-10-20",3,187,170,103,60,7,1.5
2713,"2024-10-21",1,54,30,2,25,3,3.12
2714,"2024-10-21",2,68,37,7,17,13,0.0
2715,"2024-10-21",3,181,63,35,6,22,1.43
2716,"2024-10-22",1,135,34,19,9,6,6.68
2717,"2024-10-22",2,80,63,38,3,22,0.0
2718,"2024-10-22",3,144,56,11,45,0,3.63
2719,"2024-10-23",1,68,56,3,37,16,9.19
2720,"2024-10-23",2,87,55,3,40,12,0.0
2721,"2024-10-23",3,72,35,35,0,0,3.29
2722,"2024-10-24",1,67,48,9,20,19,9.6
2723,"2024-10-24",2,119,110,35,63,12,0.0
2724,"2024-10-24",3,136,99,91,1,7,2.67
2725,"2024-10-25",1,141,70,11,23,36,8.04
2726,"2024-10-25",2,55,30,14,15,1,0.0
2727,"2024-10-25",3,125,83,17,16,50,3.56
2728,"2024-10-26",1,142,36,23,4,9,8.01
2729,"2024-10-26",2,113,68,46,9,13,0.0
2730,"2024-10-26",3,157,85,39,41,5,1.05
2731,"2024-10-27",1,123,106,94,4,8,7.36
2732,"2024-10-27",2,186,65,58,7,0,0.0
2733,"2024-10-27",3,72,58,45,7,6,4.67
2734,"2024-10-28",1,65,52,40,5,7,5.81
2735,"2024-10-28",2,119,80,5,4,71,0.0
2736,"2024-10-28",3,86,65,55,3,7,1.67
2737,"2024-10-29",1,142,82,8,20,54,4.39
2738,"2024-10-29",2,107,95,88,5,2,0.0
2739,"2024-10-29",3,96,47,30,2,15,1.52
2740,"2024-10-30",1,137,133,3,118,12,8.54
2741,"2024-10-30",2,140,139,22,36,81,0.0
2742,"2024-10-30",3,114,42,41,0,1,3.53
2743,"2024-10-31",1,171,150,115,8,27,4.89
2744,"2024-10-31",2,141,137,37,55,45,0.0
2745,"2024-10-31",3,111,32,17,12,3,3.61
2746,"2024-11-01",1,117,70,7,27,36,7.09
2747,"2024-11-01",2,150,127,15,1,111,0.0
2748,"2024-11-01",3,148,124,83,31,10,1.72
2749,"2024-11-02",1,167,39,23,1,15,9.84
2750,"2024-11-02",2,71,57,16,2,39,0.0
2751,"2024-11-02",3,131,40,3,11,26,3.64
2752,"2024-11-03",1,161,94,69,4,21,6.91
2753,"2024-11-03",2,169,125,81,18,26,0.0
2754,"2024-11-03",3,190,172,6,82,84,4.2
2755,"2024-11-04",1,97,48,33,4,11,3.12
2756,"2024-11-04",2,165,80,35,38,7,0.0
2757,"2024-11-04",3,115,113,50,33,30,3.4
2758,"2024-11-05",1,113,105,48,41,16,5.01
2759,"2024-11-05",2,134,63,14,25,24,0.0
2760,"2024-11-05",3,186,31,5,23,3,1.08
2761,"2024-11-06",1,87,54,30,17,7,4.69
2762,"2024-11-06",2,185,47,22,8,17,0.0
2763,"2024-11-06",3,200,160,78,23,59,3.55
2764,"2024-11-07",1,99,67,12,28,27,2.32
2765,"2024-11-07",2,117,94,14,73,7,0.0
2766,"2024-11-07",3,106,58,52,4,2,4.35
2767,"2024-11-08",1,190,173,55,78,40,8.94
2768,"2024-11-08",2,127,96,29,43,24,0.0
2769,"2024-11-08",3,129,43,18,18,7,4.56
2770,"2024-11-09",1,125,68,43,7,18,4.0
2771,"2024-11-09",2,153,144,5,16,123,0.0
2772,"2024-11-09",3,85,61,31,19,11,2.69
2773,"2024-11-10",1,90,83,24,1,58,2.31
2774,"2024-11-10",2,108,52,5,3,44,0.0
2775,"2024-11-10",3,104,67,38,23,6,1.51
2776,"2024-11-11",1,158,110,20,54,36,8.24
2777,"2024-11-11",2,90,66,37,25,4,0.0
2778,"2024-11-11",3,167,35,7,10,18,3.55
2779,"2024-11-12",1,180,165,17,105,43,6.72
2780,"2024-11-12",2,149,73,17,10,46,0.0
2781,"2024-11-12",3,159,108,22,71,15,1.56
2782,"2024-11-13",1,55,53,37,14,2,6.03
2783,"2024-11-13",2,78,58,10,19,29,0.0
2784,"2024-11-13",3,91,43,41,0,2,2.37
2785,"2024-11-14",1,143,72,37,23,12,8.19
2786,"2024-11-14",2,67,33,15,4,14,0.0
2787,"2024-11-14",3,84,70,16,12,42,2.07
2788,"2024-11-15",1,99,89,12,17,60,5.48
2789,"2024-11-15",2,187,156,102,36,18,0.0
2790,"2024-11-15",3,100,55,27,2,26,3.56
2791,"2024-11-16",1,181,101,23,77,1,9.23
2792,"2024-11-16",2,189,70,60,2,8,0.0
2793,"2024-11-16",3,112,60,53,3,4,4.69
2794,"2024-11-17",1,97,57,39,18,0,4.96
2795,"2024-11-17",2,186,136,39,15,82,0.0
2796,"2024-11-17",3,59,41,28,5,8,1.94
2797,"2024-11-18",1,107,103,52,17,34,7.86
2798,"2024-11-18",2,144,114,114,0,0,0.0
2799,"2024-11-18",3,103,68,39,0,29,2.96
2800,"2024-11-19",1,128,55,52,0,3,4.85
2801,"2024-11-19",2,50,43,34,9,0,0.0
2802,"2024-11-19",3,99,37,29,3,5,3.14
2803,"2024-11-20",1,115,100,42,35,23,9.44
2804,"2024-11-20",2,106,84,12,1,71,0.0
2805,"2024-11-20",3,115,90,22,35,33,2.76
2806,"2024-11-21",1,88,46,9,37,0,7.6
2807,"2024-11-21",2,199,78,32,33,13,0.0
2808,"2024-11-21",3,95,46,10,2,34,1.28
2809,"2024-11-22",1,156,100,84,5,11,3.98
2810,"2024-11-22",2,92,86,28,32,26,0.0
2811,"2024-11-22",3,163,56,47,1,8,3.01
2812,"2024-11-23",1,164,45,33,8,4,4.49
2813,"2024-11-23",2,70,50,12,9,29,0.0
2814,"2024-11-23",3,88,79,57,10,12,1.13
2815,"2024-11-24",1,167,40,37,1,2,6.34
2816,"2024-11-24",2,192,121,110,11,0,0.0
2817,"2024-11-24",3,153,33,17,9,7,4.08
2818,"2024-11-25",1,136,117,7,85,25,6.97
2819,"2024-11-25",2,191,178,99,24,55,0.0
2820,"2024-11-25",3,62,55,30,10,15,3.18
2821,"2024-11-26",1,89,66,12,11,43,7.57
2822,"2024-11-26",2,175,110,75,27,8,0.0
2823,"2024-11-26",3,145,92,59,7,26,2.05
2824,"2024-11-27",1,154,89,41,9,39,5.53
2825,"2024-11-27",2,160,103,81,1,21,0.0
2826,"2024-11-27",3,51,39,31,4,4,4.44
2827,"2024-11-28",1,80,30,2,6,22,7.07
2828,"2024-11-28",2,135,72,41,20,11,0.0
2829,"2024-11-28",3,98,86,31,37,18,4.35
2830,"2024-11-29",1,195,178,0,157,21,3.8
2831,"2024-11-29",2,63,50,2,32,16,0.0
2832,"2024-11-29",3,185,118,31,65,22,2.54
2833,"2024-11-30",1,112,98,67,5,26,4.85
2834,"2024-11-30",2,88,56,14,15,27,0.0
2835,"2024-11-30",3,133,109,15,53,41,1.7
2836,"2024-12-01",1,76,59,7,50,2,3.67
2837,"2024-12-01",2,71,35,22,4,9,0.0
2838,"2024-12-01",3,155,54,45,7,2,2.09
2839,"2024-12-02",1,167,81,4,7,70,8.98
2840,"2024-12-02",2,165,75,60,2,13,0.0
2841,"2024-12-02",3,136,61,50,0,11,2.45
2842,"2024-12-03",1,72,50,40,8,2,5.97
2843,"2024-12-03",2,191,96,73,0,23,0.0
2844,"2024-12-03",3,120,117,104,6,7,1.24
2845,"2024-12-04",1,79,53,46,5,2,9.65
2846,"2024-12-04",2,196,105,3,85,17,0.0
2847,"2024-12-04",3,63,32,8,0,24,2.19
2848,"2024-12-05",1,102,71,12,59,0,8.19
2849,"2024-12-05",2,144,87,35,19,33,0.0
2850,"2024-12-05",3,105,101,2,55,44,1.22
2851,"2024-12-06",1,197,153,121,8,24,5.37
2852,"2024-12-06",2,169,142,11,104,27,0.0
2853,"2024-12-06",3,75,61,59,0,2,2.75
2854,"2024-12-07",1,64,55,38,2,15,3.77
2855,"2024-12-07",2,147,40,37,0,3,0.0
2856,"2024-12-07",3,157,144,114,29,1,1.54
2857,"2024-12-08",1,199,104,45,46,13,8.39
2858,"2024-12-08",2,190,177,152,25,0,0.0
2859,"2024-12-08",3,175,163,87,57,19,2.27
2860,"2024-12-09",1,136,64,8,23,33,3.82
2861,"2024-12-09",2,183,176,149,4,23,0.0
2862,"2024-12-09",3,108,53,50,1,2,3.66
2863,"2024-12-10",1,80,51,50,1,0,6.7
2864,"2024-12-10",2,139,32,25,0,7,0.0
2865,"2024-12-10",3,65,52,18,27,7,4.42
2866,"2024-12-11",1,185,31,6,18,7,3.76
2867,"2024-12-11",2,156,51,9,3,39,0.0
2868,"2024-12-11",3,52,34,15,5,14,1.56
2869,"2024-12-12",1,75,67,21,45,1,5.27
2870,"2024-12-12",2,153,70,60,6,4,0.0
2871,"2024-12-12",3,161,40,40,0,0,1.95
2872,"2024-12-13",1,128,87,61,8,18,2.21
2873,"2024-12-13",2,125,55,12,22,21,0.0
2874,"2024-12-13",3,66,30,0,10,20,3.89
2875,"2024-12-14",1,194,155,50,32,73,7.95
2876,"2024-12-14",2,63,43,4,25,14,0.0
2877,"2024-12-14",3,155,120,12,26,82,2.38
2878,"2024-12-15",1,68,47,18,6,23,7.49
2879,"2024-12-15",2,165,42,32,4,6,0.0
2880,"2024-12-15",3,140,90,62,7,21,4.23
2881,"2024-12-16",1,81,32,25,1,6,9.98
2882,"2024-12-16",2,51,35,22,9,4,0.0
2883,"2024-12-16",3,54,51,11,30,10,4.62
2884,"2024-12-17",1,72,35,19,9,7,2.06
2885,"2024-12-17",2,68,44,11,7,26,0.0
2886,"2024-12-17",3,112,98,39,41,18,2.96
2887,"2024-12-18",1,59,41,31,3,7,2.96
2888,"2024-12-18",2,110,108,84,18,6,0.0
2889,"2024-12-18",3,122,58,28,10,20,2.36
2890,"2024-12-19",1,110,57,12,42,3,3.77
2891,"2024-12-19",2,99,55,38,7,10,0.0
2892,"2024-12-19",3,195,141,47,45,49,1.26
2893,"2024-12-20",1,78,51,38,12,1,3.96
2894,"2024-12-20",2,151,37,19,8,10,0.0
2895,"2024-12-20",3,123,72,19,44,9,2.55
2896,"2024-12-21",1,184,144,62,69,13,2.86
2897,"2024-12-21",2,119,84,84,0,0,0.0
2898,"2024-12-21",3,108,43,14,18,11,4.76
2899,"2024-12-22",1,132,76,48,7,21,8.19
2900,"2024-12-22",2,162,66,50,12,4,0.0
2901,"2024-12-22",3,175,75,18,24,33,2.62
2902,"2024-12-23",1,105,45,0,33,12,7.12
2903,"2024-12-23",2,161,41,28,9,4,0.0
2904,"2024-12-23",3,124,57,16,27,14,2.81
2905,"2024-12-24",1,126,107,2,4,101,5.43
2906,"2024-12-24",2,81,50,44,6,0,0.0
2907,"2024-12-24",3,148,30,11,17,2,3.18
2908,"2024-12-25",1,103,92,42,0,50,2.42
2909,"2024-12-25",2,103,88,78,7,3,0.0
2910,"2024-12-25",3,131,97,13,19,65,4.91
2911,"2024-12-26",1,52,42,28,13,1,6.37
2912,"2024-12-26",2,153,63,42,5,16,0.0
2913,"2024-12-26",3,58,33,6,8,19,3.42
2914,"2024-12-27",1,170,37,29,6,2,9.55
2915,"2024-12-27",2,171,124,88,15,21,0.0
2916,"2024-12-27",3,122,100,97,1,2,1.64
2917,"2024-12-28",1,146,82,39,27,16,6.11
2918,"2024-12-28",2,168,138,82,54,2,0.0
2919,"2024-12-28",3,148,128,73,44,11,2.83
2920,"2024-12-29",1,140,59,48,9,2,5.37
2921,"2024-12-29",2,183,49,21,0,28,0.0
2922,"2024-12-29",3,146,103,88,8,7,4.58
2923,"2024-12-30",1,166,125,31,81,13,7.64
2924,"2024-12-30",2,90,86,54,22,10,0.0
2925,"2024-12-30",3,111,30,8,21,1,3.53
2926,"2024-12-31",1,148,54,8,0,46,2.36
2927,"2024-12-31",2,84,38,19,11,8,0.0
2928,"2024-12-31",3,156,73,37,5,31,2.76
2929,"2025-01-01",1,78,71,51,8,12,5.4
2930,"2025-01-01",2,163,88,16,59,13,0.0
2931,"2025-01-01",3,51,48,3,28,17,4.28
2932,"2025-01-02",1,80,37,33,4,0,4.41
2933,"2025-01-02",2,130,47,9,12,26,0.0
2934,"2025-01-02",3,56,52,32,17,3,4.05
2935,"2025-01-03",1,125,61,6,3,52,4.22
2936,"2025-01-03",2,154,41,13,13,15,0.0
2937,"2025-01-03",3,111,33,11,8,14,4.84
2938,"2025-01-04",1,104,69,47,22,0,8.49
2939,"2025-01-04",2,77,43,41,2,0,0.0
2940,"2025-01-04",3,81,49,8,0,41,3.85
2941,"2025-01-05",1,68,62,8,34,20,7.06
2942,"2025-01-05",2,180,81,79,1,1,0.0
2943,"2025-01-05",3,50,33,4,11,18,2.68
2944,"2025-01-06",1,196,185,17,50,118,7.18
2945,"2025-01-06",2,186,74,22,33,19,0.0
2946,"2025-01-06",3,109,89,86,3,0,2.43
2947,"2025-01-07",1,71,62,41,2,19,9.55
2948,"2025-01-07",2,57,42,27,9,6,0.0
2949,"2025-01-07",3,52,46,22,2,22,4.76
2950,"2025-01-08",1,159,142,77,31,34,6.75
2951,"2025-01-08",2,156,106,103,0,3,0.0
2952,"2025-01-08",3,179,54,22,6,26,2.31
2953,"2025-01-09",1,135,71,18,37,16,9.83
2954,"2025-01-09",2,57,46,4,24,18,0.0
2955,"2025-01-09",3,78,54,24,15,15,2.48
2956,"2025-01-10",1,99,76,40,33,3,6.34
2957,"2025-01-10",2,167,45,25,14,6,0.0
2958,"2025-01-10",3,198,100,62,29,9,1.82
2959,"2025-01-11",1,93,87,65,20,2,5.81
2960,"2025-01-11",2,152,79,13,31,35,0.0
2961,"2025-01-11",3,139,50,26,20,4,4.44
2962,"2025-01-12",1,70,51,42,9,0,5.17
2963,"2025-01-12",2,96,74,23,27,24,0.0
2964,"2025-01-12",3,188,184,16,54,114,4.51
2965,"2025-01-13",1,128,79,4,58,17,8.58
2966,"2025-01-13",2,107,102,71,25,6,0.0
2967,"2025-01-13",3,183,163,10,139,14,4.38
2968,"2025-01-14",1,103,46,11,16,19,6.74
2969,"2025-01-14",2,192,48,18,20,10,0.0
2970,"2025-01-14",3,66,49,29,15,5,1.64
2971,"2025-01-15",1,194,187,109,67,11,9.11
2972,"2025-01-15",2,71,39,15,21,3,0.0
2973,"2025-01-15",3,146,36,19,6,11,1.59
2974,"2025-01-16",1,171,163,110,8,45,3.98
2975,"2025-01-16",2,86,30,15,3,12,0.0
2976,"2025-01-16",3,177,175,37,9,129,3.94
2977,"2025-01-17",1,192,152,39,34,79,9.66
2978,"2025-01-17",2,162,150,129,5,16,0.0
2979,"2025-01-17",3,146,104,19,52,33,2.88
2980,"2025-01-18",1,76,38,10,27,1,8.71
2981,"2025-01-18",2,92,51,27,1,23,0.0
2982,"2025-01-18",3,126,125,10,69,46,4.03
2983,"2025-01-19",1,178,32,23,3,6,3.2
2984,"2025-01-19",2,78,55,27,7,21,0.0
2985,"2025-01-19",3,54,39,21,11,7,3.54
2986,"2025-01-20",1,126,36,17,7,12,3.23
2987,"2025-01-20",2,105,53,25,25,3,0.0
2988,"2025-01-20",3,54,39,9,5,25,1.65
2989,"2025-01-21",1,165,117,92,23,2,3.49
2990,"2025-01-21",2,96,87,38,2,47,0.0
2991,"2025-01-21",3,59,48,7,13,28,4.67
2992,"2025-01-22",1,90,39,38,0,1,4.05
2993,"2025-01-22",2,170,37,30,0,7,0.0
2994,"2025-01-22",3,58,35,12,9,14,1.42
2995,"2025-01-23",1,126,93,42,47,4,4.25
2996,"2025-01-23",2,62,48,3,36,9,0.0
2997,"2025-01-23",3,96,38,25,4,9,3.41
2998,"2025-01-24",1,134,108,92,4,12,5.56
2999,"2025-01-24",2,175,116,10,101,5,0.0
3000,"2025-01-24",3,178,77,11,3,63,2.96
3001,"2025-01-25",1,82,72,34,16,22,5.9
3002,"2025-01-25",2,102,54,1,8,45,0.0
3003,"2025-01-25",3,178,172,12,33,127,1.49
3004,"2025-01-26",1,69,41,39,2,0,2.54
3005,"2025-01-26",2,172,162,50,66,46,0.0
3006,"2025-01-26",3,163,147,20,78,49,4.21
3007,"2025-01-27",1,196,30,29,1,0,9.66
3008,"2025-01-27",2,71,50,1,21,28,0.0
3009,"2025-01-27",3,113,70,54,4,12,4.67
3010,"2025-01-28",1,66,57,17,24,16,3.44
3011,"2025-01-28",2,51,33,29,2,2,0.0
3012,"2025-01-28",3,120,65,50,1,14,4.34
3013,"2025-01-29",1,198,84,59,25,0,7.9
3014,"2025-01-29",2,139,37,36,1,0,0.0
3015,"2025-01-29",3,114,75,68,2,5,4.89
3016,"2025-01-30",1,146,141,133,6,2,6.21
3017,"2025-01-30",2,140,62,12,27,23,0.0
3018,"2025-01-30",3,79,63,58,4,1,4.41
3019,"2025-01-31",1,137,62,45,12,5,9.41
3020,"2025-01-31",2,90,78,21,2,55,0.0
3021,"2025-01-31",3,182,65,36,18,11,3.15
3022,"2025-02-01",1,111,103,54,46,3,7.19
3023,"2025-02-01",2,76,68,10,28,30,0.0
3024,"2025-02-01",3,131,43,30,8,5,4.87
3025,"2025-02-02",1,138,71,59,10,2,2.68
3026,"2025-02-02",2,200,192,84,4,104,0.0
3027,"2025-02-02",3,177,99,35,4,60,1.3
3028,"2025-02-03",1,66,42,14,19,9,6.5
3029,"2025-02-03",2,70,69,55,1,13,0.0
3030,"2025-02-03",3,76,64,53,8,3,2.71
3031,"2025-02-04",1,75,36,31,0,5,5.26
3032,"2025-02-04",2,66,34,7,13,14,0.0
3033,"2025-02-04",3,115,99,62,34,3,1.29
3034,"2025-02-05",1,181,46,3,6,37,2.79
3035,"2025-02-05",2,91,39,39,0,0,0.0
3036,"2025-02-05",3,88,87,72,2,13,2.16
3037,"2025-02-06",1,101,54,23,2,29,3.19
3038,"2025-02-06",2,125,107,31,35,41,0.0
3039,"2025-02-06",3,79,59,22,35,2,2.46
3040,"2025-02-07",1,150,97,88,6,3,3.47
3041,"2025-02-07",2,58,31,9,20,2,0.0
3042,"2025-02-07",3,59,37,12,16,9,1.52
3043,"2025-02-08",1,185,160,54,25,81,9.37
3044,"2025-02-08",2,194,79,18,61,0,0.0
3045,"2025-02-08",3,117,114,53,13,48,1.26
3046,"2025-02-09",1,98,68,52,4,12,5.94
3047,"2025-02-09",2,68,47,33,5,9,0.0
3048,"2025-02-09",3,169,86,73,8,5,3.56
3049,"2025-02-10",1,125,87,49,10,28,5.48
3050,"2025-02-10",2,71,47,29,7,11,0.0
3051,"2025-02-10",3,66,37,2,22,13,1.45
3052,"2025-02-11",1,145,74,50,14,10,2.73
3053,"2025-02-11",2,59,49,22,12,15,0.0
3054,"2025-02-11",3,58,42,38,3,1,4.14
3055,"2025-02-12",1,79,49,8,40,1,9.65
3056,"2025-02-12",2,195,81,4,52,25,0.0
3057,"2025-02-12",3,54,32,25,6,1,1.52
3058,"2025-02-13",1,63,53,45,7,1,8.97
3059,"2025-02-13",2,95,88,74,0,14,0.0
3060,"2025-02-13",3,110,105,102,1,2,4.63
3061,"2025-02-14",1,158,105,53,22,30,4.11
3062,"2025-02-14",2,105,47,23,21,3,0.0
3063,"2025-02-14",3,104,93,44,4,45,4.83
3064,"2025-02-15",1,149,54,49,5,0,5.31
3065,"2025-02-15",2,114,59,37,14,8,0.0
3066,"2025-02-15",3,52,39,31,1,7,3.89
3067,"2025-02-16",1,74,61,16,14,31,8.93
3068,"2025-02-16",2,59,50,14,14,22,0.0
3069,"2025-02-16",3,79,32,1,17,14,4.93
3070,"2025-02-17",1,152,70,25,26,19,4.86
3071,"2025-02-17",2,122,39,22,17,0,0.0
3072,"2025-02-17",3,114,44,26,5,13,2.32
3073,"2025-02-18",1,183,67,22,16,29,8.59
3074,"2025-02-18",2,155,129,88,31,10,0.0
3075,"2025-02-18",3,172,41,1,22,18,4.32
3076,"2025-02-19",1,171,36,33,0,3,9.88
3077,"2025-02-19",2,65,30,21,5,4,0.0
3078,"2025-02-19",3,159,144,78,8,58,3.18
3079,"2025-02-20",1,58,52,7,33,12,6.83
3080,"2025-02-20",2,86,65,35,6,24,0.0
3081,"2025-02-20",3,151,95,43,22,30,2.52
3082,"2025-02-21",1,141,67,51,2,14,7.62
3083,"2025-02-21",2,180,150,146,2,2,0.0
3084,"2025-02-21",3,190,174,118,18,38,4.09
3085,"2025-02-22",1,59,33,6,24,3,9.84
3086,"2025-02-22",2,181,53,40,11,2,0.0
3087,"2025-02-22",3,94,71,5,34,32,3.03
3088,"2025-02-23",1,110,52,13,39,0,3.85
3089,"2025-02-23",2,171,66,25,12,29,0.0
3090,"2025-02-23",3,162,55,29,11,15,1.01
3091,"2025-02-24",1,135,116,26,74,16,7.97
3092,"2025-02-24",2,52,46,19,19,8,0.0
3093,"2025-02-24",3,50,41,5,36,0,1.6
3094,"2025-02-25",1,112,39,35,1,3,7.44
3095,"2025-02-25",2,51,47,41,1,5,0.0
3096,"2025-02-25",3,96,74,59,8,7,3.7
3097,"2025-02-26",1,191,59,33,20,6,9.46
3098,"2025-02-26",2,69,42,17,11,14,0.0
3099,"2025-02-26",3,189,66,62,4,0,4.93
3100,"2025-02-27",1,68,33,3,4,26,2.91
3101,"2025-02-27",2,130,87,45,23,19,0.0
3102,"2025-02-27",3,116,72,10,30,32,4.69
3103,"2025-02-28",1,72,48,44,1,3,8.06
3104,"2025-02-28",2,178,140,12,1,127,0.0
3105,"2025-02-28",3,98,55,46,1,8,2.5
3106,"2025-03-01",1,128,63,5,7,51,2.65
3107,"2025-03-01",2,69,62,28,29,5,0.0
3108,"2025-03-01",3,61,60,21,1,38,2.69
3109,"2025-03-02",1,89,58,21,31,6,5.47
3110,"2025-03-02",2,90,63,18,9,36,0.0
3111,"2025-03-02",3,135,94,75,19,0,3.66
3112,"2025-03-03",1,169,141,91,45,5,2.02
3113,"2025-03-03",2,106,81,0,28,53,0.0
3114,"2025-03-03",3,57,33,19,2,12,3.94
3115,"2025-03-04",1,76,40,38,1,1,3.83
3116,"2025-03-04",2,109,49,34,6,9,0.0
3117,"2025-03-04",3,59,51,32,14,5,2.86
3118,"2025-03-05",1,193,61,43,10,8,2.8
3119,"2025-03-05",2,152,93,60,29,4,0.0
3120,"2025-03-05",3,165,70,38,26,6,2.82
3121,"2025-03-06",1,156,49,35,13,1,2.66
3122,"2025-03-06",2,124,70,30,34,6,0.0
3123,"2025-03-06",3,175,134,66,43,25,3.13
3124,"2025-03-07",1,57,44,41,0,3,8.03
3125,"2025-03-07",2,105,35,16,0,19,0.0
3126,"2025-03-07",3,200,86,51,33,2,2.85
3127,"2025-03-08",1,192,132,99,25,8,4.51
3128,"2025-03-08",2,85,39,21,5,13,0.0
3129,"2025-03-08",3,144,93,76,1,16,3.38
3130,"2025-03-09",1,51,37,25,8,4,2.6
3131,"2025-03-09",2,185,115,89,7,19,0.0
3132,"2025-03-09",3,111,74,15,27,32,3.45
3133,"2025-03-10",1,148,48,28,17,3,7.66
3134,"2025-03-10",2,75,55,11,23,21,0.0
3135,"2025-03-10",3,97,54,7,47,0,1.69
3136,"2025-03-11",1,54,51,33,5,13,5.8
3137,"2025-03-11",2,165,98,81,8,9,0.0
3138,"2025-03-11",3,122,50,18,27,5,1.93
3139,"2025-03-12",1,81,79,11,7,61,9.19
3140,"2025-03-12",2,110,36,12,24,0,0.0
3141,"2025-03-12",3,122,50,9,17,24,2.15
3142,"2025-03-13",1,167,81,47,29,5,6.26
3143,"2025-03-13",2,146,62,45,2,15,0.0
3144,"2025-03-13",3,66,41,21,5,15,1.02
3145,"2025-03-14",1,169,41,10,7,24,5.29
3146,"2025-03-14",2,106,71,25,9,37,0.0
3147,"2025-03-14",3,164,113,106,6,1,3.74
3148,"2025-03-15",1,159,53,15,19,19,5.96
3149,"2025-03-15",2,193,110,103,7,0,0.0
3150,"2025-03-15",3,130,71,30,32,9,3.56
3151,"2025-03-16",1,160,154,59,61,34,3.07
3152,"2025-03-16",2,159,30,16,4,10,0.0
3153,"2025-03-16",3,147,109,89,19,1,1.82
3154,"2025-03-17",1,117,86,80,0,6,7.01
3155,"2025-03-17",2,106,49,9,33,7,0.0
3156,"2025-03-17",3,50,30,19,10,1,1.16
3157,"2025-03-18",1,69,32,1,17,14,4.96
3158,"2025-03-18",2,150,93,78,8,7,0.0
3159,"2025-03-18",3,71,64,53,2,9,4.42
3160,"2025-03-19",1,66,45,41,2,2,4.9
3161,"2025-03-19",2,164,113,87,4,22,0.0
3162,"2025-03-19",3,76,36,0,2,34,2.49
3163,"2025-03-20",1,64,45,37,0,8,4.55
3164,"2025-03-20",2,139,68,0,8,60,0.0
3165,"2025-03-20",3,79,69,32,16,21,3.23
3166,"2025-03-21",1,197,139,136,1,2,5.77
3167,"2025-03-21",2,149,60,54,3,3,0.0
3168,"2025-03-21",3,151,32,11,16,5,3.34
3169,"2025-03-22",1,152,126,111,8,7,3.01
3170,"2025-03-22",2,62,43,22,11,10,0.0
3171,"2025-03-22",3,195,132,1,30,101,2.17
3172,"2025-03-23",1,57,40,30,1,9,7.28
3173,"2025-03-23",2,164,56,52,0,4,0.0
3174,"2025-03-23",3,163,86,76,6,4,2.57
3175,"2025-03-24",1,146,92,4,22,66,4.0
3176,"2025-03-24",2,56,50,10,13,27,0.0
3177,"2025-03-24",3,64,59,34,21,4,4.13
3178,"2025-03-25",1,95,83,49,18,16,8.36
3179,"2025-03-25",2,93,81,6,2,73,0.0
3180,"2025-03-25",3,96,87,79,8,0,4.51
3181,"2025-03-26",1,83,62,59,1,2,9.87
3182,"2025-03-26",2,114,96,71,21,4,0.0
3183,"2025-03-26",3,64,33,28,3,2,2.94
3184,"2025-03-27",1,123,78,23,50,5,2.89
3185,"2025-03-27",2,94,41,4,36,1,0.0
3186,"2025-03-27",3,85,74,5,36,33,4.72
3187,"2025-03-28",1,98,84,35,47,2,2.5
3188,"2025-03-28",2,93,52,43,2,7,0.0
3189,"2025-03-28",3,167,53,1,40,12,4.8
3190,"2025-03-29",1,88,79,7,29,43,9.17
3191,"2025-03-29",2,152,95,8,85,2,0.0
3192,"2025-03-29",3,100,48,1,26,21,1.22
3193,"2025-03-30",1,145,129,95,19,15,6.59
3194,"2025-03-30",2,121,110,1,48,61,0.0
3195,"2025-03-30",3,107,32,4,18,10,3.27
3196,"2025-03-31",1,100,75,13,8,54,4.26
3197,"2025-03-31",2,127,103,81,6,16,0.0
3198,"2025-03-31",3,74,53,4,20,29,3.97
3199,"2025-04-01",1,72,47,26,9,12,4.24
3200,"2025-04-01",2,171,134,110,1,23,0.0
3201,"2025-04-01",3,95,47,13,16,18,4.87
3202,"2025-04-02",1,58,34,27,5,2,5.51
3203,"2025-04-02",2,114,42,42,0,0,0.0
3204,"2025-04-02",3,106,68,1,10,57,2.3
3205,"2025-04-03",1,104,102,28,18,56,9.4
3206,"2025-04-03",2,155,154,42,20,92,0.0
3207,"2025-04-03",3,58,55,27,9,19,3.01
3208,"2025-04-04",1,126,86,45,24,17,4.35
3209,"2025-04-04",2,114,66,65,0,1,0.0
3210,"2025-04-04",3,141,102,5,57,40,2.25
3211,"2025-04-05",1,59,58,27,25,6,9.34
3212,"2025-04-05",2,122,111,0,5,106,0.0
3213,"2025-04-05",3,131,101,48,35,18,4.4
3214,"2025-04-06",1,97,78,75,1,2,4.25
3215,"2025-04-06",2,109,42,19,20,3,0.0
3216,"2025-04-06",3,101,58,8,37,13,4.36
3217,"2025-04-07",1,134,120,31,64,25,6.4
3218,"2025-04-07",2,72,41,6,29,6,0.0
3219,"2025-04-07",3,121,45,3,31,11,3.15
3220,"2025-04-08",1,106,52,45,4,3,9.27
3221,"2025-04-08",2,50,45,14,0,31,0.0
3222,"2025-04-08",3,195,169,117,40,12,2.75
3223,"2025-04-09",1,151,94,37,49,8,9.16
3224,"2025-04-09",2,128,65,62,3,0,0.0
3225,"2025-04-09",3,130,47,7,28,12,3.66
3226,"2025-04-10",1,124,34,31,3,0,6.85
3227,"2025-04-10",2,122,112,12,38,62,0.0
3228,"2025-04-10",3,80,79,43,14,22,2.07
3229,"2025-04-11",1,107,98,34,53,11,2.4
3230,"2025-04-11",2,161,72,31,38,3,0.0
3231,"2025-04-11",3,173,61,15,5,41,2.68
3232,"2025-04-12",1,170,101,5,21,75,9.2
3233,"2025-04-12",2,128,80,54,22,4,0.0
3234,"2025-04-12",3,84,66,25,35,6,2.23
3235,"2025-04-13",1,105,76,12,22,42,5.72
3236,"2025-04-13",2,161,118,62,14,42,0.0
3237,"2025-04-13",3,170,36,2,27,7,2.08
3238,"2025-04-14",1,110,37,21,11,5,8.34
3239,"2025-04-14",2,58,36,5,2,29,0.0
3240,"2025-04-14",3,85,58,52,3,3,2.74
3241,"2025-04-15",1,137,124,112,6,6,4.46
3242,"2025-04-15",2,69,66,21,2,43,0.0
3243,"2025-04-15",3,99,54,8,27,19,2.44
3244,"2025-04-16",1,98,58,38,14,6,5.27
3245,"2025-04-16",2,192,75,75,0,0,0.0
3246,"2025-04-16",3,56,41,21,19,1,4.57
3247,"2025-04-17",1,143,60,31,18,11,5.08
3248,"2025-04-17",2,173,37,27,0,10,0.0
3249,"2025-04-17",3,123,113,110,3,0,3.14
3250,"2025-04-18",1,94,63,35,2,26,6.3
3251,"2025-04-18",2,76,36,21,2,13,0.0
3252,"2025-04-18",3,129,75,22,47,6,4.05
3253,"2025-04-19",1,97,54,34,14,6,5.31
3254,"2025-04-19",2,72,52,16,22,14,0.0
3255,"2025-04-19",3,156,52,1,49,2,2.98
3256,"2025-04-20",1,64,30,27,3,0,4.68
3257,"2025-04-20",2,161,137,99,17,21,0.0
3258,"2025-04-20",3,158,58,34,23,1,2.18
3259,"2025-04-21",1,145,69,9,41,19,2.5
3260,"2025-04-21",2,161,141,67,43,31,0.0
3261,"2025-04-21",3,54,49,11,28,10,4.43
3262,"2025-04-22",1,75,32,4,8,20,7.51
3263,"2025-04-22",2,60,51,49,1,1,0.0
3264,"2025-04-22",3,121,109,8,55,46,4.1
3265,"2025-04-23",1,61,43,31,7,5,3.83
3266,"2025-04-23",2,112,87,12,47,28,0.0
3267,"2025-04-23",3,188,64,5,4,55,3.55
3268,"2025-04-24",1,71,52,5,25,22,7.35
3269,"2025-04-24",2,88,50,46,3,1,0.0
3270,"2025-04-24",3,179,41,24,7,10,1.84
3271,"2025-04-25",1,168,105,49,44,12,6.64
3272,"2025-04-25",2,77,65,20,41,4,0.0
3273,"2025-04-25",3,80,33,16,8,9,4.31
3274,"2025-04-26",1,136,118,83,29,6,6.04
3275,"2025-04-26",2,192,142,41,73,28,0.0
3276,"2025-04-26",3,76,48,20,19,9,3.91
3277,"2025-04-27",1,124,32,27,4,1,2.89
3278,"2025-04-27",2,108,52,23,11,18,0.0
3279,"2025-04-27",3,91,61,56,0,5,4.12
3280,"2025-04-28",1,95,93,41,51,1,3.12
3281,"2025-04-28",2,63,42,27,5,10,0.0
3282,"2025-04-28",3,110,63,43,18,2,4.91
3283,"2025-04-29",1,142,54,41,4,9,6.21
3284,"2025-04-29",2,70,59,36,11,12,0.0
3285,"2025-04-29",3,146,77,70,3,4,4.47
3286,"2025-04-30",1,183,100,55,30,15,7.93
3287,"2025-04-30",2,185,57,46,7,4,0.0
3288,"2025-04-30",3,164,54,33,14,7,3.15
3289,"2025-05-01",1,140,81,18,61,2,7.75
3290,"2025-05-01",2,92,36,24,3,9,0.0
3291,"2025-05-01",3,146,113,54,31,28,4.54
3292,"2025-05-02",1,116,70,69,0,1,7.56
3293,"2025-05-02",2,162,108,80,5,23,0.0
3294,"2025-05-02",3,83,74,6,7,61,1.11
3295,"2025-05-03",1,175,59,55,4,0,7.16
3296,"2025-05-03",2,191,149,96,11,42,0.0
3297,"2025-05-03",3,196,142,57,66,19,2.41
3298,"2025-05-04",1,107,88,68,11,9,9.59
3299,"2025-05-04",2,73,60,57,0,3,0.0
3300,"2025-05-04",3,190,110,20,1,89,1.12
3301,"2025-05-05",1,117,47,43,0,4,5.56
3302,"2025-05-05",2,100,41,17,16,8,0.0
3303,"2025-05-05",3,85,79,4,74,1,4.97
3304,"2025-05-06",1,92,77,17,13,47,3.58
3305,"2025-05-06",2,101,31,24,5,2,0.0
3306,"2025-05-06",3,108,92,31,5,56,3.51
3307,"2025-05-07",1,196,89,14,68,7,5.47
3308,"2025-05-07",2,85,58,30,17,11,0.0
3309,"2025-05-07",3,59,48,41,3,4,2.91
3310,"2025-05-08",1,50,30,19,7,4,6.06
3311,"2025-05-08",2,154,128,20,7,101,0.0
3312,"2025-05-08",3,95,36,3,19,14,4.02
3313,"2025-05-09",1,166,50,49,0,1,3.54
3314,"2025-05-09",2,84,45,38,4,3,0.0
3315,"2025-05-09",3,169,57,17,15,25,3.74
3316,"2025-05-10",1,107,72,68,3,1,4.68
3317,"2025-05-10",2,176,54,6,4,44,0.0
3318,"2025-05-10",3,106,92,62,20,10,4.21
3319,"2025-05-11",1,184,152,1,33,118,8.19
3320,"2025-05-11",2,166,131,78,44,9,0.0
3321,"2025-05-11",3,181,123,23,83,17,1.56
3322,"2025-05-12",1,101,82,41,22,19,3.35
3323,"2025-05-12",2,193,31,29,1,1,0.0
3324,"2025-05-12",3,127,90,42,9,39,1.43
3325,"2025-05-13",1,133,101,94,0,7,5.84
3326,"2025-05-13",2,169,129,59,48,22,0.0
3327,"2025-05-13",3,58,40,38,1,1,4.6
3328,"2025-05-14",1,123,111,42,6,63,6.57
3329,"2025-05-14",2,181,63,63,0,0,0.0
3330,"2025-05-14",3,50,46,1,40,5,4.9
3331,"2025-05-15",1,152,144,136,1,7,6.51
3332,"2025-05-15",2,146,55,31,13,11,0.0
3333,"2025-05-15",3,104,77,24,28,25,2.29
3334,"2025-05-16",1,136,50,3,13,34,4.73
3335,"2025-05-16",2,101,39,16,18,5,0.0
3336,"2025-05-16",3,147,122,85,30,7,2.59
3337,"2025-05-17",1,59,40,14,13,13,5.07
3338,"2025-05-17",2,161,119,3,33,83,0.0
3339,"2025-05-17",3,101,35,0,6,29,4.19
3340,"2025-05-18",1,63,39,20,5,14,2.06
3341,"2025-05-18",2,139,105,30,25,50,0.0
3342,"2025-05-18",3,69,54,45,3,6,1.65
3343,"2025-05-19",1,186,150,48,52,50,7.49
3344,"2025-05-19",2,171,40,6,32,2,0.0
3345,"2025-05-19",3,154,67,51,9,7,4.84
3346,"2025-05-20",1,72,50,11,15,24,6.58
3347,"2025-05-20",2,175,113,79,19,15,0.0
3348,"2025-05-20",3,105,91,19,23,49,4.85
3349,"2025-05-21",1,195,191,127,22,42,9.91
3350,"2025-05-21",2,114,85,22,5,58,0.0
3351,"2025-05-21",3,90,66,11,34,21,4.56
3352,"2025-05-22",1,106,34,24,9,1,4.33
3353,"2025-05-22",2,69,35,0,14,21,0.0
3354,"2025-05-22",3,180,126,68,12,46,4.76
3355,"2025-05-23",1,80,66,57,8,1,9.19
3356,"2025-05-23",2,118,38,9,20,9,0.0
3357,"2025-05-23",3,101,30,14,16,0,3.43
3358,"2025-05-24",1,142,138,30,34,74,5.18
3359,"2025-05-24",2,62,47,21,8,18,0.0
3360,"2025-05-24",3,130,53,18,10,25,2.49
3361,"2025-05-25",1,143,74,35,19,20,6.59
3362,"2025-05-25",2,198,116,105,9,2,0.0
3363,"2025-05-25",3,184,180,69,78,33,4.99
3364,"2025-05-26",1,124,92,63,14,15,9.63
3365,"2025-05-26",2,156,60,5,23,32,0.0
3366,"2025-05-26",3,54,41,4,14,23,3.74
3367,"2025-05-27",1,186,153,109,38,6,2.51
3368,"2025-05-27",2,113,106,90,0,16,0.0
3369,"2025-05-27",3,182,113,45,61,7,2.42
3370,"2025-05-28",1,194,126,88,17,21,6.17
3371,"2025-05-28",2,129,78,51,2,25,0.0
3372,"2025-05-28",3,135,80,49,15,16,3.22
3373,"2025-05-29",1,189,116,85,18,13,9.59
3374,"2025-05-29",2,145,42,12,27,3,0.0
3375,"2025-05-29",3,116,73,44,18,11,1.19
3376,"2025-05-30",1,114,35,3,3,29,6.96
3377,"2025-05-30",2,129,117,72,11,34,0.0
3378,"2025-05-30",3,53,40,20,13,7,1.97
3379,"2025-05-31",1,162,133,67,1,65,3.86
3380,"2025-05-31",2,78,30,27,2,1,0.0
3381,"2025-05-31",3,126,45,12,14,19,2.73
3382,"2025-06-01",1,178,120,62,41,17,5.3
3383,"2025-06-01",2,122,118,80,1,37,0.0
3384,"2025-06-01",3,74,48,12,26,10,2.38
3385,"2025-06-02",1,94,79,7,59,13,3.04
3386,"2025-06-02",2,111,35,19,6,10,0.0
3387,"2025-06-02",3,88,76,27,19,30,4.42
3388,"2025-06-03",1,109,31,11,18,2,7.02
3389,"2025-06-03",2,135,62,52,10,0,0.0
3390,"2025-06-03",3,159,133,124,4,5,1.71
3391,"2025-06-04",1,63,43,43,0,0,4.12
3392,"2025-06-04",2,200,30,8,12,10,0.0
3393,"2025-06-04",3,123,77,49,16,12,2.42
3394,"2025-06-05",1,168,113,99,12,2,9.71
3395,"2025-06-05",2,173,73,5,59,9,0.0
3396,"2025-06-05",3,114,57,49,2,6,4.83
3397,"2025-06-06",1,186,92,82,3,7,3.29
3398,"2025-06-06",2,164,37,27,9,1,0.0
3399,"2025-06-06",3,182,168,109,45,14,4.74
3400,"2025-06-07",1,103,94,62,18,14,2.04
3401,"2025-06-07",2,110,71,17,43,11,0.0
3402,"2025-06-07",3,200,91,4,21,66,4.75
3403,"2025-06-08",1,101,64,48,3,13,7.94
3404,"2025-06-08",2,135,89,33,18,38,0.0
3405,"2025-06-08",3,127,62,10,43,9,3.87
3406,"2025-06-09",1,189,121,1,120,0,5.29
3407,"2025-06-09",2,184,155,49,60,46,0.0
3408,"2025-06-09",3,163,73,2,40,31,4.7
3409,"2025-06-10",1,75,71,5,2,64,4.21
3410,"2025-06-10",2,146,85,39,44,2,0.0
3411,"2025-06-10",3,182,91,85,1,5,2.72
3412,"2025-06-11",1,67,45,1,6,38,6.83
3413,"2025-06-11",2,152,86,79,3,4,0.0
3414,"2025-06-11",3,164,86,17,2,67,2.26
3415,"2025-06-12",1,112,75,34,38,3,8.2
3416,"2025-06-12",2,58,50,21,10,19,0.0
3417,"2025-06-12",3,78,54,29,14,11,1.54
3418,"2025-06-13",1,173,86,46,31,9,7.45
3419,"2025-06-13",2,197,32,15,5,12,0.0
3420,"2025-06-13",3,124,58,21,36,1,2.36
3421,"2025-06-14",1,113,58,21,7,30,9.98
3422,"2025-06-14",2,124,77,28,3,46,0.0
3423,"2025-06-14",3,101,46,44,1,1,2.5
3424,"2025-06-15",1,185,91,8,31,52,5.18
3425,"2025-06-15",2,60,35,2,8,25,0.0
3426,"2025-06-15",3,159,139,76,10,53,1.34
3427,"2025-06-16",1,102,91,79,2,10,6.75
3428,"2025-06-16",2,127,86,24,13,49,0.0
3429,"2025-06-16",3,100,33,5,9,19,2.94
3430,"2025-06-17",1,71,56,43,3,10,2.98
3431,"2025-06-17",2,163,44,0,17,27,0.0
3432,"2025-06-17",3,120,76,20,5,51,2.22
3433,"2025-06-18",1,197,131,39,83,9,6.07
3434,"2025-06-18",2,100,34,11,3,20,0.0
3435,"2025-06-18",3,147,34,23,1,10,1.42
3436,"2025-06-19",1,171,129,47,1,81,2.58
3437,"2025-06-19",2,136,88,29,52,7,0.0
3438,"2025-06-19",3,75,64,39,4,21,4.19
3439,"2025-06-20",1,80,70,22,8,40,4.2
3440,"2025-06-20",2,200,112,34,35,43,0.0
3441,"2025-06-20",3,169,106,80,5,21,3.47
3442,"2025-06-21",1,129,90,36,16,38,6.53
3443,"2025-06-21",2,90,84,74,1,9,0.0
3444,"2025-06-21",3,115,91,72,16,3,1.84
3445,"2025-06-22",1,117,41,16,17,8,9.0
3446,"2025-06-22",2,95,91,2,48,41,0.0
3447,"2025-06-22",3,102,95,12,38,45,1.36
3448,"2025-06-23",1,174,123,74,31,18,2.14
3449,"2025-06-23",2,168,106,52,15,39,0.0
3450,"2025-06-23",3,145,120,116,0,4,2.03
3451,"2025-06-24",1,69,40,13,13,14,6.89
3452,"2025-06-24",2,132,96,42,31,23,0.0
3453,"2025-06-24",3,53,40,20,2,18,1.47
3454,"2025-06-25",1,131,120,40,31,49,4.37
3455,"2025-06-25",2,99,48,15,21,12,0.0
3456,"2025-06-25",3,145,86,75,6,5,1.7
3457,"2025-06-26",1,107,46,34,3,9,7.47
3458,"2025-06-26",2,103,75,20,14,41,0.0
3459,"2025-06-26",3,65,43,2,19,22,4.93
3460,"2025-06-27",1,87,37,11,23,3,7.24
3461,"2025-06-27",2,55,50,28,17,5,0.0
3462,"2025-06-27",3,129,77,48,8,21,2.38
3463,"2025-06-28",1,191,114,87,0,27,7.5
3464,"2025-06-28",2,160,75,53,22,0,0.0
3465,"2025-06-28",3,150,146,126,3,17,2.84
3466,"2025-06-29",1,163,84,47,27,10,4.53
3467,"2025-06-29",2,141,77,2,28,47,0.0
3468,"2025-06-29",3,55,50,17,8,25,2.15
3469,"2025-06-30",1,179,102,98,4,0,2.21
3470,"2025-06-30",2,182,166,68,65,33,0.0
3471,"2025-06-30",3,111,52,15,33,4,2.44
3472,"2025-07-01",1,147,144,82,13,49,5.48
3473,"2025-07-01",2,170,143,120,16,7,0.0
3474,"2025-07-01",3,162,156,144,8,4,2.31
3475,"2025-07-02",1,139,45,25,9,11,3.85
3476,"2025-07-02",2,192,56,51,0,5,0.0
3477,"2025-07-02",3,87,49,17,0,32,2.84
3478,"2025-07-03",1,165,112,83,12,17,3.04
3479,"2025-07-03",2,116,86,46,31,9,0.0
3480,"2025-07-03",3,130,73,28,44,1,1.12
3481,"2025-07-04",1,60,47,4,30,13,9.53
3482,"2025-07-04",2,88,85,54,0,31,0.0
3483,"2025-07-04",3,173,141,73,7,61,3.86
3484,"2025-07-05",1,110,96,39,27,30,8.99
3485,"2025-07-05",2,186,79,16,19,44,0.0
3486,"2025-07-05",3,66,52,31,2,19,2.24
3487,"2025-07-06",1,54,34,31,2,1,4.74
3488,"2025-07-06",2,129,74,67,7,0,0.0
3489,"2025-07-06",3,53,41,0,41,0,4.14
3490,"2025-07-07",1,181,85,16,4,65,2.72
3491,"2025-07-07",2,132,111,35,18,58,0.0
3492,"2025-07-07",3,179,91,75,13,3,3.49
3493,"2025-07-08",1,123,83,12,0,71,5.25
3494,"2025-07-08",2,107,74,54,9,11,0.0
3495,"2025-07-08",3,194,63,56,7,0,1.35
3496,"2025-07-09",1,194,171,44,116,11,3.29
3497,"2025-07-09",2,54,46,2,25,19,0.0
3498,"2025-07-09",3,192,177,146,15,16,1.68
3499,"2025-07-10",1,78,61,48,11,2,9.95
3500,"2025-07-10",2,132,119,25,85,9,0.0
3501,"2025-07-10",3,200,190,135,8,47,1.39
3502,"2025-07-11",1,150,64,13,7,44,3.24
3503,"2025-07-11",2,111,81,34,11,36,0.0
3504,"2025-07-11",3,70,69,33,33,3,3.09
3505,"2025-07-12",1,70,41,10,20,11,6.99
3506,"2025-07-12",2,146,104,18,2,84,0.0
3507,"2025-07-12",3,160,158,75,21,62,4.17
3508,"2025-07-13",1,138,87,66,13,8,7.1
3509,"2025-07-13",2,73,30,28,0,2,0.0
3510,"2025-07-13",3,63,55,8,44,3,1.01
3511,"2025-07-14",1,144,36,25,4,7,9.66
3512,"2025-07-14",2,177,168,52,31,85,0.0
3513,"2025-07-14",3,200,160,129,27,4,4.62
3514,"2025-07-15",1,77,55,46,8,1,6.04
3515,"2025-07-15",2,152,87,0,53,34,0.0
3516,"2025-07-15",3,80,58,1,50,7,1.37
3517,"2025-07-16",1,76,57,55,2,0,2.46
3518,"2025-07-16",2,160,149,125,4,20,0.0
3519,"2025-07-16",3,85,52,37,6,9,2.1
3520,"2025-07-17",1,191,153,102,34,17,9.05
3521,"2025-07-17",2,147,141,86,3,52,0.0
3522,"2025-07-17",3,153,47,43,4,0,3.27
3523,"2025-07-18",1,191,72,65,7,0,9.68
3524,"2025-07-18",2,69,68,46,1,21,0.0
3525,"2025-07-18",3,118,99,43,51,5,2.2
3526,"2025-07-19",1,121,32,3,20,9,6.19
3527,"2025-07-19",2,110,31,18,5,8,0.0
3528,"2025-07-19",3,115,109,102,0,7,1.79
3529,"2025-07-20",1,51,47,29,12,6,9.17
3530,"2025-07-20",2,107,78,75,0,3,0.0
3531,"2025-07-20",3,172,160,93,39,28,2.28
3532,"2025-07-21",1,140,106,55,23,28,8.65
3533,"2025-07-21",2,174,107,15,92,0,0.0
3534,"2025-07-21",3,198,125,92,25,8,3.07
3535,"2025-07-22",1,51,37,32,4,1,5.36
3536,"2025-07-22",2,136,94,38,12,44,0.0
3537,"2025-07-22",3,143,127,61,37,29,4.0
3538,"2025-07-23",1,162,107,25,12,70,4.52
3539,"2025-07-23",2,60,58,3,32,23,0.0
3540,"2025-07-23",3,126,67,59,3,5,3.96
3541,"2025-07-24",1,90,67,6,2,59,2.13
3542,"2025-07-24",2,135,61,8,40,13,0.0
3543,"2025-07-24",3,52,45,7,31,7,1.98
3544,"2025-07-25",1,111,36,8,28,0,8.6
3545,"2025-07-25",2,63,51,12,22,17,0.0
3546,"2025-07-25",3,139,59,39,14,6,4.47
3547,"2025-07-26",1,148,61,3,48,10,8.9
3548,"2025-07-26",2,100,63,27,5,31,0.0
3549,"2025-07-26",3,99,87,74,1,12,4.99
3550,"2025-07-27",1,82,37,31,6,0,5.81
3551,"2025-07-27",2,129,48,44,0,4,0.0
3552,"2025-07-27",3,67,61,30,21,10,4.48
3553,"2025-07-28",1,124,64,27,34,3,5.89
3554,"2025-07-28",2,125,114,9,23,82,0.0
3555,"2025-07-28",3,86,60,52,7,1,4.11
3556,"2025-07-29",1,81,78,27,9,42,5.77
3557,"2025-07-29",2,106,87,38,3,46,0.0
3558,"2025-07-29",3,195,188,150,18,20,2.83
3559,"2025-07-30",1,108,85,60,23,2,4.19
3560,"2025-07-30",2,145,128,57,17,54,0.0
3561,"2025-07-30",3,199,197,133,37,27,2.77
3562,"2025-07-31",1,137,32,5,2,25,3.88
3563,"2025-07-31",2,169,32,19,6,7,0.0
3564,"2025-07-31",3,88,57,33,2,22,4.26
3565,"2025-08-01",1,102,86,33,12,41,6.42
3566,"2025-08-01",2,68,66,60,5,1,0.0
3567,"2025-08-01",3,151,70,36,13,21,1.75
