"md_id","busi_time","type_name","name","due_cnt","overdue_cnt","serious_overdue_cnt","avg_overdue_time"
1,"2022-05-01",1,一般,185,19,4,48.78
2,"2022-05-01",1,紧急,157,39,8,38.01
3,"2022-05-01",1,特急,191,79,53,22.75
4,"2022-05-01",1,应急事件,129,44,2,27.21
5,"2022-05-01",2,受理中,106,13,7,47.12
6,"2022-05-01",2,办理中,171,83,51,47.88
7,"2022-05-01",2,审核中,162,36,24,26.5
8,"2022-05-01",2,待归档,114,51,22,34.63
9,"2022-05-01",2,已回访,183,47,26,28.44
10,"2022-05-02",1,一般,147,42,19,37.09
11,"2022-05-02",1,紧急,80,28,8,44.22
12,"2022-05-02",1,特急,128,43,28,11.54
13,"2022-05-02",1,应急事件,98,35,4,38.57
14,"2022-05-02",2,受理中,157,68,27,35.31
15,"2022-05-02",2,办理中,154,35,32,53.85
16,"2022-05-02",2,审核中,116,14,8,56.27
17,"2022-05-02",2,待归档,119,39,3,51.29
18,"2022-05-02",2,已回访,155,22,15,54.75
19,"2022-05-03",1,一般,154,28,24,23.69
20,"2022-05-03",1,紧急,157,11,7,44.03
21,"2022-05-03",1,特急,169,51,19,22.85
22,"2022-05-03",1,应急事件,185,61,60,54.57
23,"2022-05-03",2,受理中,141,52,17,33.08
24,"2022-05-03",2,办理中,170,67,59,16.17
25,"2022-05-03",2,审核中,129,41,18,50.45
26,"2022-05-03",2,待归档,142,65,44,26.74
27,"2022-05-03",2,已回访,196,47,40,22.77
28,"2022-05-04",1,一般,153,66,3,30.19
29,"2022-05-04",1,紧急,120,17,0,52.64
30,"2022-05-04",1,特急,185,75,40,18.48
31,"2022-05-04",1,应急事件,80,15,2,34.53
32,"2022-05-04",2,受理中,177,46,36,24.31
33,"2022-05-04",2,办理中,157,27,8,29.35
34,"2022-05-04",2,审核中,193,69,11,27.23
35,"2022-05-04",2,待归档,134,66,64,39.96
36,"2022-05-04",2,已回访,190,38,29,40.21
37,"2022-05-05",1,一般,129,63,59,46.98
38,"2022-05-05",1,紧急,128,28,8,12.5
39,"2022-05-05",1,特急,146,38,36,52.07
40,"2022-05-05",1,应急事件,150,17,0,32.46
41,"2022-05-05",2,受理中,195,40,19,52.4
42,"2022-05-05",2,办理中,151,23,15,55.99
43,"2022-05-05",2,审核中,161,39,17,36.25
44,"2022-05-05",2,待归档,81,31,3,11.99
45,"2022-05-05",2,已回访,196,33,5,26.5
46,"2022-05-06",1,一般,178,16,8,17.99
47,"2022-05-06",1,紧急,114,56,25,56.83
48,"2022-05-06",1,特急,161,28,7,41.74
49,"2022-05-06",1,应急事件,80,35,15,44.34
50,"2022-05-06",2,受理中,123,49,18,44.19
51,"2022-05-06",2,办理中,162,49,12,15.12
52,"2022-05-06",2,审核中,167,73,34,58.69
53,"2022-05-06",2,待归档,175,30,11,27.17
54,"2022-05-06",2,已回访,190,86,83,58.32
55,"2022-05-07",1,一般,120,52,7,14.55
56,"2022-05-07",1,紧急,99,16,1,11.13
57,"2022-05-07",1,特急,168,30,23,23.35
58,"2022-05-07",1,应急事件,138,39,10,58.23
59,"2022-05-07",2,受理中,98,16,12,38.79
60,"2022-05-07",2,办理中,124,27,4,45.36
61,"2022-05-07",2,审核中,184,16,11,53.83
62,"2022-05-07",2,待归档,123,55,26,25.06
63,"2022-05-07",2,已回访,185,26,5,31.38
64,"2022-05-08",1,一般,102,15,0,12.23
65,"2022-05-08",1,紧急,140,10,3,21.25
66,"2022-05-08",1,特急,148,61,36,28.4
67,"2022-05-08",1,应急事件,159,71,39,41.78
68,"2022-05-08",2,受理中,186,91,82,28.55
69,"2022-05-08",2,办理中,178,56,22,59.5
70,"2022-05-08",2,审核中,162,22,7,31.72
71,"2022-05-08",2,待归档,173,46,40,32.77
72,"2022-05-08",2,已回访,138,52,10,41.37
73,"2022-05-09",1,一般,180,22,21,15.42
74,"2022-05-09",1,紧急,98,24,16,19.68
75,"2022-05-09",1,特急,87,27,13,16.61
76,"2022-05-09",1,应急事件,94,11,9,40.35
77,"2022-05-09",2,受理中,130,17,2,24.24
78,"2022-05-09",2,办理中,142,46,30,26.81
79,"2022-05-09",2,审核中,86,20,2,42.24
80,"2022-05-09",2,待归档,171,37,7,10.34
81,"2022-05-09",2,已回访,98,13,12,23.69
82,"2022-05-10",1,一般,114,32,6,52.51
83,"2022-05-10",1,紧急,99,37,7,22.92
84,"2022-05-10",1,特急,162,42,11,25.01
85,"2022-05-10",1,应急事件,165,60,27,27.3
86,"2022-05-10",2,受理中,135,59,11,52.34
87,"2022-05-10",2,办理中,92,33,24,17.47
88,"2022-05-10",2,审核中,152,67,45,48.61
89,"2022-05-10",2,待归档,95,25,17,57.72
90,"2022-05-10",2,已回访,186,70,52,45.99
91,"2022-05-11",1,一般,140,69,45,23.23
92,"2022-05-11",1,紧急,88,22,21,15.04
93,"2022-05-11",1,特急,124,42,28,53.16
94,"2022-05-11",1,应急事件,187,65,53,12.3
95,"2022-05-11",2,受理中,147,42,31,22.14
96,"2022-05-11",2,办理中,197,79,22,17.07
97,"2022-05-11",2,审核中,82,15,12,42.35
98,"2022-05-11",2,待归档,100,25,23,31.01
99,"2022-05-11",2,已回访,161,28,21,27.38
100,"2022-05-12",1,一般,172,37,24,44.85
101,"2022-05-12",1,紧急,173,14,10,17.12
102,"2022-05-12",1,特急,124,23,10,49.78
103,"2022-05-12",1,应急事件,87,26,11,21.58
104,"2022-05-12",2,受理中,158,30,27,59.53
105,"2022-05-12",2,办理中,133,10,2,26.04
106,"2022-05-12",2,审核中,150,72,64,30.19
107,"2022-05-12",2,待归档,102,29,6,21.1
108,"2022-05-12",2,已回访,135,65,34,30.57
109,"2022-05-13",1,一般,144,32,19,45.66
110,"2022-05-13",1,紧急,167,60,30,51.2
111,"2022-05-13",1,特急,176,27,11,23.9
112,"2022-05-13",1,应急事件,124,29,1,55.31
113,"2022-05-13",2,受理中,100,22,11,11.93
114,"2022-05-13",2,办理中,176,18,15,36.43
115,"2022-05-13",2,审核中,94,25,7,11.26
116,"2022-05-13",2,待归档,83,12,2,52.17
117,"2022-05-13",2,已回访,103,36,26,53.34
118,"2022-05-14",1,一般,165,40,14,43.24
119,"2022-05-14",1,紧急,178,24,19,48.07
120,"2022-05-14",1,特急,173,51,18,18.86
121,"2022-05-14",1,应急事件,108,40,0,27.04
122,"2022-05-14",2,受理中,195,11,3,20.21
123,"2022-05-14",2,办理中,116,42,34,44.25
124,"2022-05-14",2,审核中,108,29,23,47.71
125,"2022-05-14",2,待归档,134,34,29,27.21
126,"2022-05-14",2,已回访,84,31,1,56.6
127,"2022-05-15",1,一般,107,41,7,51.88
128,"2022-05-15",1,紧急,154,62,6,55.67
129,"2022-05-15",1,特急,126,18,6,52.64
130,"2022-05-15",1,应急事件,181,56,4,25.42
131,"2022-05-15",2,受理中,132,12,11,44.62
132,"2022-05-15",2,办理中,173,29,9,12.61
133,"2022-05-15",2,审核中,100,14,2,17.56
134,"2022-05-15",2,待归档,199,85,20,53.38
135,"2022-05-15",2,已回访,82,38,18,23.83
136,"2022-05-16",1,一般,107,36,29,54.49
137,"2022-05-16",1,紧急,152,12,3,55.84
138,"2022-05-16",1,特急,120,38,16,32.34
139,"2022-05-16",1,应急事件,80,19,8,54.76
140,"2022-05-16",2,受理中,169,32,15,44.74
141,"2022-05-16",2,办理中,174,81,48,10.56
142,"2022-05-16",2,审核中,175,60,20,26.69
143,"2022-05-16",2,待归档,200,42,1,36.02
144,"2022-05-16",2,已回访,184,20,11,52.19
145,"2022-05-17",1,一般,97,20,19,59.67
146,"2022-05-17",1,紧急,128,13,11,36.93
147,"2022-05-17",1,特急,185,22,7,56.7
148,"2022-05-17",1,应急事件,101,18,3,26.67
149,"2022-05-17",2,受理中,125,57,11,59.04
150,"2022-05-17",2,办理中,183,70,45,24.89
151,"2022-05-17",2,审核中,99,38,16,44.66
152,"2022-05-17",2,待归档,150,72,60,34.8
153,"2022-05-17",2,已回访,110,24,1,43.9
154,"2022-05-18",1,一般,149,29,26,58.33
155,"2022-05-18",1,紧急,152,68,37,39.73
156,"2022-05-18",1,特急,167,57,2,36.43
157,"2022-05-18",1,应急事件,196,91,49,33.65
158,"2022-05-18",2,受理中,118,24,1,44.24
159,"2022-05-18",2,办理中,84,32,3,26.5
160,"2022-05-18",2,审核中,140,57,47,45.44
161,"2022-05-18",2,待归档,181,42,33,43.88
162,"2022-05-18",2,已回访,188,37,10,27.0
163,"2022-05-19",1,一般,169,16,9,20.05
164,"2022-05-19",1,紧急,195,75,8,20.68
165,"2022-05-19",1,特急,94,19,4,28.07
166,"2022-05-19",1,应急事件,165,14,1,46.55
167,"2022-05-19",2,受理中,162,48,20,39.79
168,"2022-05-19",2,办理中,112,27,6,42.01
169,"2022-05-19",2,审核中,136,58,23,45.83
170,"2022-05-19",2,待归档,162,68,56,22.58
171,"2022-05-19",2,已回访,109,40,28,35.61
172,"2022-05-20",1,一般,179,29,3,24.25
173,"2022-05-20",1,紧急,113,46,3,55.41
174,"2022-05-20",1,特急,84,38,10,45.52
175,"2022-05-20",1,应急事件,181,46,22,55.5
176,"2022-05-20",2,受理中,193,19,10,45.01
177,"2022-05-20",2,办理中,125,17,7,56.66
178,"2022-05-20",2,审核中,183,18,9,38.35
179,"2022-05-20",2,待归档,153,29,24,23.85
180,"2022-05-20",2,已回访,125,36,19,29.07
181,"2022-05-21",1,一般,125,59,36,50.73
182,"2022-05-21",1,紧急,94,30,10,11.15
183,"2022-05-21",1,特急,127,29,19,21.14
184,"2022-05-21",1,应急事件,103,46,13,37.71
185,"2022-05-21",2,受理中,81,31,1,11.25
186,"2022-05-21",2,办理中,156,51,46,19.21
187,"2022-05-21",2,审核中,185,89,32,29.45
188,"2022-05-21",2,待归档,100,27,13,33.39
189,"2022-05-21",2,已回访,136,18,17,35.87
190,"2022-05-22",1,一般,171,57,48,28.59
191,"2022-05-22",1,紧急,148,72,61,28.34
192,"2022-05-22",1,特急,142,27,17,58.85
193,"2022-05-22",1,应急事件,186,68,41,48.52
194,"2022-05-22",2,受理中,87,16,9,15.91
195,"2022-05-22",2,办理中,175,35,34,10.65
196,"2022-05-22",2,审核中,120,25,15,34.29
197,"2022-05-22",2,待归档,196,70,63,55.23
198,"2022-05-22",2,已回访,190,52,26,47.35
199,"2022-05-23",1,一般,198,61,53,18.09
200,"2022-05-23",1,紧急,170,66,33,50.78
201,"2022-05-23",1,特急,134,58,8,44.23
202,"2022-05-23",1,应急事件,84,30,10,26.01
203,"2022-05-23",2,受理中,173,84,21,11.01
204,"2022-05-23",2,办理中,107,19,13,49.83
205,"2022-05-23",2,审核中,100,39,21,44.06
206,"2022-05-23",2,待归档,182,65,64,46.91
207,"2022-05-23",2,已回访,127,56,19,30.83
208,"2022-05-24",1,一般,188,42,19,29.69
209,"2022-05-24",1,紧急,165,45,41,48.97
210,"2022-05-24",1,特急,135,34,17,44.2
211,"2022-05-24",1,应急事件,138,58,50,56.65
212,"2022-05-24",2,受理中,104,21,11,37.71
213,"2022-05-24",2,办理中,194,83,6,35.94
214,"2022-05-24",2,审核中,193,76,12,44.06
215,"2022-05-24",2,待归档,179,25,20,40.57
216,"2022-05-24",2,已回访,165,32,0,23.14
217,"2022-05-25",1,一般,190,19,3,21.37
218,"2022-05-25",1,紧急,197,18,2,46.41
219,"2022-05-25",1,特急,99,36,24,11.43
220,"2022-05-25",1,应急事件,174,68,35,48.12
221,"2022-05-25",2,受理中,100,42,17,17.72
222,"2022-05-25",2,办理中,105,37,35,19.74
223,"2022-05-25",2,审核中,88,42,10,28.26
224,"2022-05-25",2,待归档,149,26,18,51.41
225,"2022-05-25",2,已回访,96,41,30,49.43
226,"2022-05-26",1,一般,82,14,10,38.1
227,"2022-05-26",1,紧急,134,31,21,15.23
228,"2022-05-26",1,特急,200,89,51,38.52
229,"2022-05-26",1,应急事件,119,21,12,33.5
230,"2022-05-26",2,受理中,136,67,63,50.43
231,"2022-05-26",2,办理中,148,16,7,55.26
232,"2022-05-26",2,审核中,137,18,4,18.83
233,"2022-05-26",2,待归档,146,26,15,28.58
234,"2022-05-26",2,已回访,136,32,9,52.69
235,"2022-05-27",1,一般,189,30,15,27.28
236,"2022-05-27",1,紧急,123,14,2,24.39
237,"2022-05-27",1,特急,93,19,14,52.71
238,"2022-05-27",1,应急事件,157,29,5,59.7
239,"2022-05-27",2,受理中,165,10,3,41.23
240,"2022-05-27",2,办理中,114,11,1,12.23
241,"2022-05-27",2,审核中,186,49,22,22.31
242,"2022-05-27",2,待归档,163,52,10,57.82
243,"2022-05-27",2,已回访,100,48,26,18.35
244,"2022-05-28",1,一般,166,58,4,28.46
245,"2022-05-28",1,紧急,163,37,11,45.68
246,"2022-05-28",1,特急,150,10,9,54.01
247,"2022-05-28",1,应急事件,104,47,43,35.57
248,"2022-05-28",2,受理中,102,18,2,34.82
249,"2022-05-28",2,办理中,88,34,1,58.24
250,"2022-05-28",2,审核中,197,29,26,28.01
251,"2022-05-28",2,待归档,151,47,21,25.4
252,"2022-05-28",2,已回访,92,20,15,15.61
253,"2022-05-29",1,一般,133,54,1,21.18
254,"2022-05-29",1,紧急,104,11,6,23.85
255,"2022-05-29",1,特急,91,42,33,58.2
256,"2022-05-29",1,应急事件,128,42,19,32.17
257,"2022-05-29",2,受理中,165,25,18,29.57
258,"2022-05-29",2,办理中,115,40,6,56.26
259,"2022-05-29",2,审核中,193,34,23,46.98
260,"2022-05-29",2,待归档,184,16,6,19.65
261,"2022-05-29",2,已回访,150,43,1,16.25
262,"2022-05-30",1,一般,157,21,8,35.9
263,"2022-05-30",1,紧急,100,28,16,44.12
264,"2022-05-30",1,特急,108,23,22,24.26
265,"2022-05-30",1,应急事件,90,31,5,30.39
266,"2022-05-30",2,受理中,179,50,6,35.6
267,"2022-05-30",2,办理中,152,14,9,27.98
268,"2022-05-30",2,审核中,167,73,11,11.43
269,"2022-05-30",2,待归档,83,23,19,57.26
270,"2022-05-30",2,已回访,171,14,1,17.48
271,"2022-05-31",1,一般,161,72,9,34.45
272,"2022-05-31",1,紧急,197,62,15,16.95
273,"2022-05-31",1,特急,135,47,27,50.1
274,"2022-05-31",1,应急事件,103,49,37,20.99
275,"2022-05-31",2,受理中,150,24,2,17.31
276,"2022-05-31",2,办理中,90,13,11,10.19
277,"2022-05-31",2,审核中,192,75,25,43.84
278,"2022-05-31",2,待归档,121,32,18,56.22
279,"2022-05-31",2,已回访,184,42,15,53.03
280,"2022-06-01",1,一般,140,48,4,50.03
281,"2022-06-01",1,紧急,185,31,18,43.86
282,"2022-06-01",1,特急,168,79,0,14.2
283,"2022-06-01",1,应急事件,101,34,5,42.19
284,"2022-06-01",2,受理中,147,61,7,25.6
285,"2022-06-01",2,办理中,172,28,7,14.59
286,"2022-06-01",2,审核中,193,18,13,26.49
287,"2022-06-01",2,待归档,159,46,33,50.4
288,"2022-06-01",2,已回访,148,20,11,30.92
289,"2022-06-02",1,一般,80,31,1,47.43
290,"2022-06-02",1,紧急,143,48,4,17.82
291,"2022-06-02",1,特急,92,17,6,44.74
292,"2022-06-02",1,应急事件,89,43,18,30.58
293,"2022-06-02",2,受理中,94,46,25,11.81
294,"2022-06-02",2,办理中,140,10,9,35.12
295,"2022-06-02",2,审核中,99,44,42,21.73
296,"2022-06-02",2,待归档,149,39,18,17.94
297,"2022-06-02",2,已回访,159,18,12,35.21
298,"2022-06-03",1,一般,110,24,2,59.77
299,"2022-06-03",1,紧急,181,80,69,49.47
300,"2022-06-03",1,特急,83,34,5,32.74
301,"2022-06-03",1,应急事件,123,47,45,41.58
302,"2022-06-03",2,受理中,97,14,12,44.57
303,"2022-06-03",2,办理中,99,22,17,30.75
304,"2022-06-03",2,审核中,195,78,26,32.45
305,"2022-06-03",2,待归档,87,22,14,35.1
306,"2022-06-03",2,已回访,86,20,3,59.74
307,"2022-06-04",1,一般,156,30,16,19.9
308,"2022-06-04",1,紧急,89,42,27,56.23
309,"2022-06-04",1,特急,121,19,0,41.04
310,"2022-06-04",1,应急事件,118,25,21,55.08
311,"2022-06-04",2,受理中,137,29,9,58.28
312,"2022-06-04",2,办理中,87,14,13,26.18
313,"2022-06-04",2,审核中,197,16,1,48.25
314,"2022-06-04",2,待归档,160,19,12,28.8
315,"2022-06-04",2,已回访,170,37,35,27.28
316,"2022-06-05",1,一般,111,21,4,47.65
317,"2022-06-05",1,紧急,180,58,47,19.83
318,"2022-06-05",1,特急,149,33,30,26.06
319,"2022-06-05",1,应急事件,189,74,11,10.83
320,"2022-06-05",2,受理中,147,70,41,21.85
321,"2022-06-05",2,办理中,91,25,14,19.36
322,"2022-06-05",2,审核中,179,63,59,25.3
323,"2022-06-05",2,待归档,170,37,1,52.72
324,"2022-06-05",2,已回访,97,44,41,46.75
325,"2022-06-06",1,一般,184,24,5,44.38
326,"2022-06-06",1,紧急,156,43,21,37.83
327,"2022-06-06",1,特急,93,10,6,43.2
328,"2022-06-06",1,应急事件,103,17,13,45.19
329,"2022-06-06",2,受理中,175,67,5,24.8
330,"2022-06-06",2,办理中,156,65,38,47.65
331,"2022-06-06",2,审核中,115,25,1,10.47
332,"2022-06-06",2,待归档,87,36,7,17.72
333,"2022-06-06",2,已回访,191,78,57,12.18
334,"2022-06-07",1,一般,100,27,16,11.54
335,"2022-06-07",1,紧急,151,36,4,26.79
336,"2022-06-07",1,特急,124,52,0,45.76
337,"2022-06-07",1,应急事件,200,98,45,58.54
338,"2022-06-07",2,受理中,161,54,26,40.52
339,"2022-06-07",2,办理中,105,38,6,17.86
340,"2022-06-07",2,审核中,196,87,43,11.44
341,"2022-06-07",2,待归档,188,69,19,38.3
342,"2022-06-07",2,已回访,169,82,7,51.6
343,"2022-06-08",1,一般,129,57,23,59.56
344,"2022-06-08",1,紧急,120,37,20,23.51
345,"2022-06-08",1,特急,197,24,7,49.35
346,"2022-06-08",1,应急事件,136,40,38,29.9
347,"2022-06-08",2,受理中,200,79,69,21.14
348,"2022-06-08",2,办理中,90,36,17,42.69
349,"2022-06-08",2,审核中,124,58,13,54.59
350,"2022-06-08",2,待归档,138,21,0,10.67
351,"2022-06-08",2,已回访,135,22,12,57.56
352,"2022-06-09",1,一般,146,51,47,13.62
353,"2022-06-09",1,紧急,143,48,15,27.44
354,"2022-06-09",1,特急,137,50,1,49.01
355,"2022-06-09",1,应急事件,112,48,6,13.38
356,"2022-06-09",2,受理中,196,59,16,51.99
357,"2022-06-09",2,办理中,87,39,27,20.31
358,"2022-06-09",2,审核中,140,55,36,37.51
359,"2022-06-09",2,待归档,80,10,2,23.99
360,"2022-06-09",2,已回访,200,76,75,27.83
361,"2022-06-10",1,一般,124,56,21,46.86
362,"2022-06-10",1,紧急,158,74,33,57.11
363,"2022-06-10",1,特急,81,21,1,54.74
364,"2022-06-10",1,应急事件,122,14,9,10.12
365,"2022-06-10",2,受理中,83,20,4,28.68
366,"2022-06-10",2,办理中,122,43,4,43.98
367,"2022-06-10",2,审核中,118,24,22,58.84
368,"2022-06-10",2,待归档,125,29,4,34.24
369,"2022-06-10",2,已回访,119,17,16,36.49
370,"2022-06-11",1,一般,175,79,48,11.15
371,"2022-06-11",1,紧急,93,44,12,23.94
372,"2022-06-11",1,特急,98,34,29,24.27
373,"2022-06-11",1,应急事件,113,53,4,56.09
374,"2022-06-11",2,受理中,181,69,50,23.94
375,"2022-06-11",2,办理中,163,15,8,10.89
376,"2022-06-11",2,审核中,152,61,25,46.59
377,"2022-06-11",2,待归档,110,21,8,27.59
378,"2022-06-11",2,已回访,105,42,19,15.01
379,"2022-06-12",1,一般,166,59,54,42.98
380,"2022-06-12",1,紧急,149,55,27,30.05
381,"2022-06-12",1,特急,163,44,15,24.02
382,"2022-06-12",1,应急事件,90,37,9,31.91
383,"2022-06-12",2,受理中,86,12,6,27.5
384,"2022-06-12",2,办理中,91,23,20,49.43
385,"2022-06-12",2,审核中,96,14,12,44.78
386,"2022-06-12",2,待归档,143,35,7,53.17
387,"2022-06-12",2,已回访,175,24,1,58.36
388,"2022-06-13",1,一般,135,42,9,39.41
389,"2022-06-13",1,紧急,153,29,2,59.53
390,"2022-06-13",1,特急,134,49,10,43.17
391,"2022-06-13",1,应急事件,98,31,24,31.45
392,"2022-06-13",2,受理中,200,44,4,57.14
393,"2022-06-13",2,办理中,177,63,8,10.79
394,"2022-06-13",2,审核中,160,77,9,18.52
395,"2022-06-13",2,待归档,82,25,18,55.84
396,"2022-06-13",2,已回访,94,23,6,50.12
397,"2022-06-14",1,一般,182,26,5,43.42
398,"2022-06-14",1,紧急,105,31,18,21.69
399,"2022-06-14",1,特急,151,65,58,14.76
400,"2022-06-14",1,应急事件,192,53,2,50.71
401,"2022-06-14",2,受理中,147,27,7,44.48
402,"2022-06-14",2,办理中,129,25,3,38.7
403,"2022-06-14",2,审核中,154,12,8,24.03
404,"2022-06-14",2,待归档,176,58,2,36.93
405,"2022-06-14",2,已回访,180,69,26,58.55
406,"2022-06-15",1,一般,99,33,3,21.39
407,"2022-06-15",1,紧急,130,56,55,31.45
408,"2022-06-15",1,特急,88,33,17,25.67
409,"2022-06-15",1,应急事件,148,45,35,56.55
410,"2022-06-15",2,受理中,127,12,8,30.14
411,"2022-06-15",2,办理中,116,16,6,35.56
412,"2022-06-15",2,审核中,105,23,17,57.9
413,"2022-06-15",2,待归档,128,15,11,18.01
414,"2022-06-15",2,已回访,170,28,5,31.72
415,"2022-06-16",1,一般,151,42,17,30.78
416,"2022-06-16",1,紧急,186,14,13,21.89
417,"2022-06-16",1,特急,182,64,42,53.32
418,"2022-06-16",1,应急事件,118,39,9,45.76
419,"2022-06-16",2,受理中,195,53,24,35.89
420,"2022-06-16",2,办理中,136,28,1,36.02
421,"2022-06-16",2,审核中,122,35,23,54.42
422,"2022-06-16",2,待归档,192,76,4,34.85
423,"2022-06-16",2,已回访,104,42,9,32.97
424,"2022-06-17",1,一般,198,73,61,49.73
425,"2022-06-17",1,紧急,87,26,13,22.48
426,"2022-06-17",1,特急,126,24,20,50.81
427,"2022-06-17",1,应急事件,152,26,24,44.21
428,"2022-06-17",2,受理中,164,64,14,51.96
429,"2022-06-17",2,办理中,174,55,39,41.53
430,"2022-06-17",2,审核中,80,10,7,23.31
431,"2022-06-17",2,待归档,148,31,13,18.33
432,"2022-06-17",2,已回访,156,67,23,29.61
433,"2022-06-18",1,一般,111,21,10,21.09
434,"2022-06-18",1,紧急,82,35,9,56.79
435,"2022-06-18",1,特急,169,29,8,54.06
436,"2022-06-18",1,应急事件,98,46,30,33.48
437,"2022-06-18",2,受理中,122,47,41,48.86
438,"2022-06-18",2,办理中,87,20,2,17.27
439,"2022-06-18",2,审核中,162,30,0,19.36
440,"2022-06-18",2,待归档,184,44,13,28.71
441,"2022-06-18",2,已回访,122,47,1,46.52
442,"2022-06-19",1,一般,101,21,9,26.99
443,"2022-06-19",1,紧急,162,19,5,19.94
444,"2022-06-19",1,特急,81,22,6,40.44
445,"2022-06-19",1,应急事件,140,24,19,19.32
446,"2022-06-19",2,受理中,85,10,6,46.83
447,"2022-06-19",2,办理中,122,13,8,14.34
448,"2022-06-19",2,审核中,117,42,36,44.59
449,"2022-06-19",2,待归档,99,48,16,56.01
450,"2022-06-19",2,已回访,197,36,23,44.84
451,"2022-06-20",1,一般,157,67,20,40.93
452,"2022-06-20",1,紧急,174,62,60,48.49
453,"2022-06-20",1,特急,196,60,58,44.86
454,"2022-06-20",1,应急事件,188,22,3,29.64
455,"2022-06-20",2,受理中,123,44,34,16.32
456,"2022-06-20",2,办理中,195,40,35,16.93
457,"2022-06-20",2,审核中,160,26,16,40.24
458,"2022-06-20",2,待归档,123,39,12,19.15
459,"2022-06-20",2,已回访,161,77,44,55.22
460,"2022-06-21",1,一般,119,44,10,50.6
461,"2022-06-21",1,紧急,84,29,2,43.42
462,"2022-06-21",1,特急,111,37,18,40.02
463,"2022-06-21",1,应急事件,150,67,12,48.67
464,"2022-06-21",2,受理中,93,17,4,40.39
465,"2022-06-21",2,办理中,95,33,26,52.1
466,"2022-06-21",2,审核中,143,47,3,52.97
467,"2022-06-21",2,待归档,138,27,12,26.86
468,"2022-06-21",2,已回访,132,54,26,33.39
469,"2022-06-22",1,一般,155,71,19,32.29
470,"2022-06-22",1,紧急,116,43,20,11.85
471,"2022-06-22",1,特急,193,41,25,45.04
472,"2022-06-22",1,应急事件,107,13,10,49.25
473,"2022-06-22",2,受理中,116,44,20,28.61
474,"2022-06-22",2,办理中,123,53,43,59.8
475,"2022-06-22",2,审核中,150,46,26,48.39
476,"2022-06-22",2,待归档,160,60,5,11.43
477,"2022-06-22",2,已回访,176,67,44,16.95
478,"2022-06-23",1,一般,155,15,12,27.24
479,"2022-06-23",1,紧急,171,35,25,29.24
480,"2022-06-23",1,特急,146,68,37,25.59
481,"2022-06-23",1,应急事件,152,23,22,56.35
482,"2022-06-23",2,受理中,93,24,19,18.86
483,"2022-06-23",2,办理中,157,28,4,13.78
484,"2022-06-23",2,审核中,190,63,0,52.39
485,"2022-06-23",2,待归档,164,18,4,50.08
486,"2022-06-23",2,已回访,150,45,34,49.41
487,"2022-06-24",1,一般,127,50,37,12.46
488,"2022-06-24",1,紧急,85,22,9,13.51
489,"2022-06-24",1,特急,167,62,35,30.39
490,"2022-06-24",1,应急事件,141,20,3,34.15
491,"2022-06-24",2,受理中,119,51,14,54.55
492,"2022-06-24",2,办理中,81,29,14,37.98
493,"2022-06-24",2,审核中,175,13,5,24.14
494,"2022-06-24",2,待归档,190,52,41,57.09
495,"2022-06-24",2,已回访,144,12,11,49.54
496,"2022-06-25",1,一般,84,30,16,47.61
497,"2022-06-25",1,紧急,167,32,1,59.27
498,"2022-06-25",1,特急,179,58,38,56.49
499,"2022-06-25",1,应急事件,121,18,2,40.89
500,"2022-06-25",2,受理中,94,41,25,45.06
501,"2022-06-25",2,办理中,100,21,13,47.49
502,"2022-06-25",2,审核中,166,46,20,12.22
503,"2022-06-25",2,待归档,178,19,16,55.65
504,"2022-06-25",2,已回访,190,30,18,31.52
505,"2022-06-26",1,一般,94,13,3,21.1
506,"2022-06-26",1,紧急,126,58,51,11.52
507,"2022-06-26",1,特急,160,47,15,33.76
508,"2022-06-26",1,应急事件,134,62,12,17.11
509,"2022-06-26",2,受理中,183,40,8,28.45
510,"2022-06-26",2,办理中,104,20,11,25.22
511,"2022-06-26",2,审核中,161,56,13,54.71
512,"2022-06-26",2,待归档,176,46,18,23.21
513,"2022-06-26",2,已回访,130,25,20,54.28
514,"2022-06-27",1,一般,119,28,14,19.05
515,"2022-06-27",1,紧急,90,40,1,51.2
516,"2022-06-27",1,特急,97,30,18,45.67
517,"2022-06-27",1,应急事件,183,82,57,21.13
518,"2022-06-27",2,受理中,155,11,7,57.83
519,"2022-06-27",2,办理中,140,58,38,56.32
520,"2022-06-27",2,审核中,193,80,27,54.41
521,"2022-06-27",2,待归档,158,14,8,21.9
522,"2022-06-27",2,已回访,113,37,11,29.9
523,"2022-06-28",1,一般,95,14,3,24.17
524,"2022-06-28",1,紧急,156,42,22,58.83
525,"2022-06-28",1,特急,161,23,5,30.87
526,"2022-06-28",1,应急事件,96,23,15,58.47
527,"2022-06-28",2,受理中,176,30,23,15.36
528,"2022-06-28",2,办理中,115,50,14,52.53
529,"2022-06-28",2,审核中,94,32,24,41.99
530,"2022-06-28",2,待归档,123,38,16,18.14
531,"2022-06-28",2,已回访,121,24,1,59.89
532,"2022-06-29",1,一般,140,13,2,30.72
533,"2022-06-29",1,紧急,106,31,16,30.87
534,"2022-06-29",1,特急,172,26,10,44.74
535,"2022-06-29",1,应急事件,176,15,6,49.89
536,"2022-06-29",2,受理中,95,32,12,30.35
537,"2022-06-29",2,办理中,84,29,5,40.32
538,"2022-06-29",2,审核中,109,49,14,35.89
539,"2022-06-29",2,待归档,101,35,27,30.47
540,"2022-06-29",2,已回访,180,47,18,28.67
541,"2022-06-30",1,一般,166,66,23,48.56
542,"2022-06-30",1,紧急,84,26,23,45.35
543,"2022-06-30",1,特急,110,11,9,10.86
544,"2022-06-30",1,应急事件,99,20,12,41.44
545,"2022-06-30",2,受理中,124,31,8,42.72
546,"2022-06-30",2,办理中,175,75,35,58.15
547,"2022-06-30",2,审核中,157,77,0,14.29
548,"2022-06-30",2,待归档,96,46,45,56.05
549,"2022-06-30",2,已回访,193,94,43,25.7
550,"2022-07-01",1,一般,155,44,33,53.77
551,"2022-07-01",1,紧急,196,29,26,43.53
552,"2022-07-01",1,特急,135,28,15,26.6
553,"2022-07-01",1,应急事件,142,39,15,32.8
554,"2022-07-01",2,受理中,114,27,26,18.38
555,"2022-07-01",2,办理中,164,30,24,44.17
556,"2022-07-01",2,审核中,99,48,23,19.94
557,"2022-07-01",2,待归档,178,81,29,59.99
558,"2022-07-01",2,已回访,159,66,21,55.05
559,"2022-07-02",1,一般,98,43,16,48.22
560,"2022-07-02",1,紧急,123,18,0,57.58
561,"2022-07-02",1,特急,160,78,8,47.59
562,"2022-07-02",1,应急事件,173,69,3,35.23
563,"2022-07-02",2,受理中,100,23,6,22.88
564,"2022-07-02",2,办理中,172,15,3,10.87
565,"2022-07-02",2,审核中,145,52,42,15.4
566,"2022-07-02",2,待归档,132,26,9,10.45
567,"2022-07-02",2,已回访,109,41,35,14.75
568,"2022-07-03",1,一般,149,30,24,26.57
569,"2022-07-03",1,紧急,176,57,2,18.41
570,"2022-07-03",1,特急,105,17,0,46.18
571,"2022-07-03",1,应急事件,179,30,22,21.83
572,"2022-07-03",2,受理中,134,58,26,43.97
573,"2022-07-03",2,办理中,83,38,36,24.11
574,"2022-07-03",2,审核中,162,58,48,28.27
575,"2022-07-03",2,待归档,151,30,21,50.44
576,"2022-07-03",2,已回访,112,49,16,19.58
577,"2022-07-04",1,一般,169,31,20,46.97
578,"2022-07-04",1,紧急,106,37,10,47.22
579,"2022-07-04",1,特急,92,17,4,47.28
580,"2022-07-04",1,应急事件,172,79,39,41.09
581,"2022-07-04",2,受理中,114,41,9,26.51
582,"2022-07-04",2,办理中,173,72,68,48.01
583,"2022-07-04",2,审核中,94,42,15,20.57
584,"2022-07-04",2,待归档,188,34,22,31.26
585,"2022-07-04",2,已回访,174,56,26,54.7
586,"2022-07-05",1,一般,142,32,3,23.95
587,"2022-07-05",1,紧急,158,52,40,20.46
588,"2022-07-05",1,特急,139,15,0,25.35
589,"2022-07-05",1,应急事件,111,50,27,37.02
590,"2022-07-05",2,受理中,139,39,17,46.85
591,"2022-07-05",2,办理中,94,24,9,50.98
592,"2022-07-05",2,审核中,134,52,19,33.43
593,"2022-07-05",2,待归档,107,25,8,17.76
594,"2022-07-05",2,已回访,145,39,35,27.31
595,"2022-07-06",1,一般,134,38,3,57.89
596,"2022-07-06",1,紧急,183,82,12,31.4
597,"2022-07-06",1,特急,99,38,31,48.59
598,"2022-07-06",1,应急事件,198,13,7,26.73
599,"2022-07-06",2,受理中,125,59,57,23.76
600,"2022-07-06",2,办理中,171,67,52,46.35
601,"2022-07-06",2,审核中,125,18,2,17.12
602,"2022-07-06",2,待归档,167,51,49,58.44
603,"2022-07-06",2,已回访,175,15,3,56.3
604,"2022-07-07",1,一般,134,65,64,45.31
605,"2022-07-07",1,紧急,174,27,26,49.02
606,"2022-07-07",1,特急,180,84,77,37.48
607,"2022-07-07",1,应急事件,199,33,4,27.84
608,"2022-07-07",2,受理中,169,37,7,44.75
609,"2022-07-07",2,办理中,87,31,28,23.57
610,"2022-07-07",2,审核中,154,12,5,22.48
611,"2022-07-07",2,待归档,140,22,13,25.59
612,"2022-07-07",2,已回访,192,80,79,32.3
613,"2022-07-08",1,一般,164,53,48,51.92
614,"2022-07-08",1,紧急,101,18,15,17.14
615,"2022-07-08",1,特急,146,57,11,14.87
616,"2022-07-08",1,应急事件,178,61,38,54.49
617,"2022-07-08",2,受理中,107,39,38,44.74
618,"2022-07-08",2,办理中,150,17,11,26.15
619,"2022-07-08",2,审核中,142,64,21,55.78
620,"2022-07-08",2,待归档,95,42,21,50.89
621,"2022-07-08",2,已回访,98,23,16,41.38
622,"2022-07-09",1,一般,140,32,7,19.92
623,"2022-07-09",1,紧急,199,50,21,21.41
624,"2022-07-09",1,特急,107,45,3,52.26
625,"2022-07-09",1,应急事件,132,46,2,48.11
626,"2022-07-09",2,受理中,109,49,44,25.63
627,"2022-07-09",2,办理中,156,46,36,24.08
628,"2022-07-09",2,审核中,138,19,4,54.94
629,"2022-07-09",2,待归档,102,12,3,32.36
630,"2022-07-09",2,已回访,105,44,33,38.84
631,"2022-07-10",1,一般,80,21,15,43.35
632,"2022-07-10",1,紧急,190,41,16,38.69
633,"2022-07-10",1,特急,86,19,11,19.73
634,"2022-07-10",1,应急事件,145,48,19,36.48
635,"2022-07-10",2,受理中,89,16,9,43.89
636,"2022-07-10",2,办理中,89,11,5,39.56
637,"2022-07-10",2,审核中,124,52,17,24.42
638,"2022-07-10",2,待归档,93,11,2,17.55
639,"2022-07-10",2,已回访,164,48,10,23.9
640,"2022-07-11",1,一般,128,10,9,16.75
641,"2022-07-11",1,紧急,160,38,26,39.96
642,"2022-07-11",1,特急,160,71,40,59.16
643,"2022-07-11",1,应急事件,118,32,15,53.78
644,"2022-07-11",2,受理中,199,66,60,29.65
645,"2022-07-11",2,办理中,127,42,1,55.28
646,"2022-07-11",2,审核中,107,43,9,23.48
647,"2022-07-11",2,待归档,105,25,2,12.56
648,"2022-07-11",2,已回访,159,69,26,20.69
649,"2022-07-12",1,一般,156,16,13,23.15
650,"2022-07-12",1,紧急,107,34,13,53.9
651,"2022-07-12",1,特急,138,28,13,20.51
652,"2022-07-12",1,应急事件,174,59,42,12.93
653,"2022-07-12",2,受理中,83,37,35,19.06
654,"2022-07-12",2,办理中,149,44,19,22.35
655,"2022-07-12",2,审核中,187,74,33,48.75
656,"2022-07-12",2,待归档,184,62,47,37.84
657,"2022-07-12",2,已回访,149,38,18,52.52
658,"2022-07-13",1,一般,147,67,33,16.88
659,"2022-07-13",1,紧急,168,82,25,28.96
660,"2022-07-13",1,特急,96,29,10,52.99
661,"2022-07-13",1,应急事件,82,35,33,25.76
662,"2022-07-13",2,受理中,181,79,6,34.1
663,"2022-07-13",2,办理中,162,72,68,54.89
664,"2022-07-13",2,审核中,90,14,10,15.89
665,"2022-07-13",2,待归档,192,35,30,17.13
666,"2022-07-13",2,已回访,177,38,10,41.97
667,"2022-07-14",1,一般,196,80,30,45.89
668,"2022-07-14",1,紧急,138,48,16,17.66
669,"2022-07-14",1,特急,149,69,11,52.34
670,"2022-07-14",1,应急事件,188,76,16,54.51
671,"2022-07-14",2,受理中,156,61,55,34.56
672,"2022-07-14",2,办理中,89,13,0,45.49
673,"2022-07-14",2,审核中,200,93,22,44.3
674,"2022-07-14",2,待归档,131,28,14,54.03
675,"2022-07-14",2,已回访,102,30,11,43.08
676,"2022-07-15",1,一般,176,50,37,43.72
677,"2022-07-15",1,紧急,115,37,35,43.57
678,"2022-07-15",1,特急,83,15,5,19.43
679,"2022-07-15",1,应急事件,191,12,8,16.18
680,"2022-07-15",2,受理中,128,61,0,57.14
681,"2022-07-15",2,办理中,177,73,71,28.07
682,"2022-07-15",2,审核中,127,52,27,21.34
683,"2022-07-15",2,待归档,191,79,31,43.36
684,"2022-07-15",2,已回访,111,23,22,20.02
685,"2022-07-16",1,一般,175,79,64,49.43
686,"2022-07-16",1,紧急,97,19,4,55.78
687,"2022-07-16",1,特急,153,46,39,23.48
688,"2022-07-16",1,应急事件,167,80,70,25.77
689,"2022-07-16",2,受理中,178,17,12,50.1
690,"2022-07-16",2,办理中,154,73,4,26.3
691,"2022-07-16",2,审核中,90,41,9,53.49
692,"2022-07-16",2,待归档,172,82,57,30.39
693,"2022-07-16",2,已回访,164,50,42,58.35
694,"2022-07-17",1,一般,167,66,48,31.33
695,"2022-07-17",1,紧急,118,51,11,35.98
696,"2022-07-17",1,特急,170,63,61,10.85
697,"2022-07-17",1,应急事件,159,36,22,51.18
698,"2022-07-17",2,受理中,165,34,32,39.98
699,"2022-07-17",2,办理中,173,59,48,15.28
700,"2022-07-17",2,审核中,94,18,17,43.3
701,"2022-07-17",2,待归档,100,49,44,21.71
702,"2022-07-17",2,已回访,98,35,11,29.21
703,"2022-07-18",1,一般,143,36,0,49.16
704,"2022-07-18",1,紧急,109,18,4,40.52
705,"2022-07-18",1,特急,80,11,4,53.17
706,"2022-07-18",1,应急事件,189,31,30,16.75
707,"2022-07-18",2,受理中,196,10,7,58.83
708,"2022-07-18",2,办理中,122,42,24,40.09
709,"2022-07-18",2,审核中,169,62,51,38.66
710,"2022-07-18",2,待归档,168,45,15,56.94
711,"2022-07-18",2,已回访,109,23,5,49.02
712,"2022-07-19",1,一般,93,43,39,33.01
713,"2022-07-19",1,紧急,94,14,10,12.26
714,"2022-07-19",1,特急,116,56,15,50.62
715,"2022-07-19",1,应急事件,128,55,35,59.95
716,"2022-07-19",2,受理中,81,38,33,19.0
717,"2022-07-19",2,办理中,185,36,35,20.44
718,"2022-07-19",2,审核中,111,32,13,14.94
719,"2022-07-19",2,待归档,151,26,19,56.66
720,"2022-07-19",2,已回访,124,15,8,17.91
721,"2022-07-20",1,一般,174,57,40,44.27
722,"2022-07-20",1,紧急,132,22,18,55.19
723,"2022-07-20",1,特急,162,49,36,10.75
724,"2022-07-20",1,应急事件,82,29,21,47.34
725,"2022-07-20",2,受理中,85,20,8,37.11
726,"2022-07-20",2,办理中,133,35,14,32.4
727,"2022-07-20",2,审核中,160,37,4,18.61
728,"2022-07-20",2,待归档,188,86,33,50.47
729,"2022-07-20",2,已回访,108,18,16,27.04
730,"2022-07-21",1,一般,116,21,19,22.3
731,"2022-07-21",1,紧急,199,72,11,36.65
732,"2022-07-21",1,特急,107,39,24,17.95
733,"2022-07-21",1,应急事件,81,35,9,12.31
734,"2022-07-21",2,受理中,139,48,36,36.7
735,"2022-07-21",2,办理中,118,45,44,37.82
736,"2022-07-21",2,审核中,112,50,48,18.99
737,"2022-07-21",2,待归档,161,44,10,45.96
738,"2022-07-21",2,已回访,158,77,18,49.47
739,"2022-07-22",1,一般,147,25,13,16.76
740,"2022-07-22",1,紧急,103,16,15,42.04
741,"2022-07-22",1,特急,92,13,11,32.32
742,"2022-07-22",1,应急事件,185,57,36,42.82
743,"2022-07-22",2,受理中,83,19,15,24.07
744,"2022-07-22",2,办理中,171,50,31,30.24
745,"2022-07-22",2,审核中,101,29,17,42.93
746,"2022-07-22",2,待归档,90,19,14,55.02
747,"2022-07-22",2,已回访,123,32,15,48.03
748,"2022-07-23",1,一般,127,27,26,13.09
749,"2022-07-23",1,紧急,94,33,9,52.22
750,"2022-07-23",1,特急,158,44,11,30.59
751,"2022-07-23",1,应急事件,106,17,10,41.72
752,"2022-07-23",2,受理中,85,12,0,39.23
753,"2022-07-23",2,办理中,149,18,7,13.68
754,"2022-07-23",2,审核中,156,22,16,55.37
755,"2022-07-23",2,待归档,161,22,3,45.52
756,"2022-07-23",2,已回访,175,37,5,49.29
757,"2022-07-24",1,一般,129,31,23,29.51
758,"2022-07-24",1,紧急,126,16,5,38.8
759,"2022-07-24",1,特急,143,45,20,45.26
760,"2022-07-24",1,应急事件,187,13,6,50.75
761,"2022-07-24",2,受理中,183,56,21,18.42
762,"2022-07-24",2,办理中,186,31,10,14.22
763,"2022-07-24",2,审核中,115,39,19,40.3
764,"2022-07-24",2,待归档,92,16,2,31.64
765,"2022-07-24",2,已回访,152,24,0,26.71
766,"2022-07-25",1,一般,173,72,25,54.01
767,"2022-07-25",1,紧急,89,23,4,13.12
768,"2022-07-25",1,特急,140,56,14,28.89
769,"2022-07-25",1,应急事件,198,62,26,13.53
770,"2022-07-25",2,受理中,167,29,4,38.07
771,"2022-07-25",2,办理中,178,33,22,40.13
772,"2022-07-25",2,审核中,147,56,27,31.19
773,"2022-07-25",2,待归档,106,10,0,55.19
774,"2022-07-25",2,已回访,175,57,1,54.09
775,"2022-07-26",1,一般,98,18,8,38.24
776,"2022-07-26",1,紧急,86,27,9,34.48
777,"2022-07-26",1,特急,193,44,8,59.15
778,"2022-07-26",1,应急事件,83,37,15,57.74
779,"2022-07-26",2,受理中,104,26,23,39.6
780,"2022-07-26",2,办理中,177,22,18,42.29
781,"2022-07-26",2,审核中,128,55,46,14.36
782,"2022-07-26",2,待归档,161,67,45,43.22
783,"2022-07-26",2,已回访,138,52,29,12.21
784,"2022-07-27",1,一般,147,18,3,57.31
785,"2022-07-27",1,紧急,105,39,16,27.68
786,"2022-07-27",1,特急,89,41,40,53.16
787,"2022-07-27",1,应急事件,110,47,36,17.09
788,"2022-07-27",2,受理中,185,40,25,58.55
789,"2022-07-27",2,办理中,186,52,18,33.27
790,"2022-07-27",2,审核中,89,31,11,14.85
791,"2022-07-27",2,待归档,156,20,5,21.95
792,"2022-07-27",2,已回访,101,16,15,42.39
793,"2022-07-28",1,一般,102,29,0,44.42
794,"2022-07-28",1,紧急,136,42,13,20.51
795,"2022-07-28",1,特急,136,35,33,48.13
796,"2022-07-28",1,应急事件,84,40,29,45.95
797,"2022-07-28",2,受理中,114,48,35,19.21
798,"2022-07-28",2,办理中,131,59,46,46.78
799,"2022-07-28",2,审核中,171,16,2,57.3
800,"2022-07-28",2,待归档,170,65,30,51.22
801,"2022-07-28",2,已回访,126,13,11,52.76
802,"2022-07-29",1,一般,172,21,7,44.96
803,"2022-07-29",1,紧急,136,14,3,59.76
804,"2022-07-29",1,特急,134,45,2,21.35
805,"2022-07-29",1,应急事件,131,59,24,40.24
806,"2022-07-29",2,受理中,95,20,14,21.45
807,"2022-07-29",2,办理中,178,22,13,10.78
808,"2022-07-29",2,审核中,80,32,27,22.35
809,"2022-07-29",2,待归档,174,73,47,43.82
810,"2022-07-29",2,已回访,106,15,13,51.29
811,"2022-07-30",1,一般,178,57,35,46.2
812,"2022-07-30",1,紧急,197,20,19,47.67
813,"2022-07-30",1,特急,115,54,33,31.89
814,"2022-07-30",1,应急事件,141,37,13,42.65
815,"2022-07-30",2,受理中,90,26,8,23.81
816,"2022-07-30",2,办理中,200,98,47,31.1
817,"2022-07-30",2,审核中,92,27,10,59.79
818,"2022-07-30",2,待归档,156,71,59,19.36
819,"2022-07-30",2,已回访,141,11,7,48.18
820,"2022-07-31",1,一般,164,55,24,45.5
821,"2022-07-31",1,紧急,85,36,35,38.14
822,"2022-07-31",1,特急,124,21,4,34.52
823,"2022-07-31",1,应急事件,159,45,17,43.11
824,"2022-07-31",2,受理中,149,46,41,53.14
825,"2022-07-31",2,办理中,170,84,39,16.64
826,"2022-07-31",2,审核中,92,35,18,49.15
827,"2022-07-31",2,待归档,124,34,25,11.57
828,"2022-07-31",2,已回访,101,18,3,50.36
829,"2022-08-01",1,一般,182,77,38,12.25
830,"2022-08-01",1,紧急,153,66,19,24.34
831,"2022-08-01",1,特急,101,39,0,20.12
832,"2022-08-01",1,应急事件,160,61,12,35.01
833,"2022-08-01",2,受理中,151,60,16,25.16
834,"2022-08-01",2,办理中,130,12,2,40.77
835,"2022-08-01",2,审核中,151,67,13,18.37
836,"2022-08-01",2,待归档,142,68,49,28.15
837,"2022-08-01",2,已回访,81,31,4,39.77
838,"2022-08-02",1,一般,114,18,2,35.3
839,"2022-08-02",1,紧急,162,32,29,16.78
840,"2022-08-02",1,特急,82,31,30,14.7
841,"2022-08-02",1,应急事件,141,44,23,40.3
842,"2022-08-02",2,受理中,181,50,36,44.08
843,"2022-08-02",2,办理中,163,76,16,55.39
844,"2022-08-02",2,审核中,197,54,15,10.62
845,"2022-08-02",2,待归档,136,61,30,21.72
846,"2022-08-02",2,已回访,143,40,22,49.81
847,"2022-08-03",1,一般,81,38,11,53.74
848,"2022-08-03",1,紧急,100,14,1,53.86
849,"2022-08-03",1,特急,129,30,19,13.64
850,"2022-08-03",1,应急事件,196,23,5,57.01
851,"2022-08-03",2,受理中,125,52,22,47.96
852,"2022-08-03",2,办理中,170,67,65,33.47
853,"2022-08-03",2,审核中,196,33,22,58.49
854,"2022-08-03",2,待归档,157,42,11,45.97
855,"2022-08-03",2,已回访,157,16,15,32.51
856,"2022-08-04",1,一般,192,90,52,45.6
857,"2022-08-04",1,紧急,122,40,15,57.34
858,"2022-08-04",1,特急,169,54,20,41.75
859,"2022-08-04",1,应急事件,94,17,8,20.64
860,"2022-08-04",2,受理中,192,28,15,49.13
861,"2022-08-04",2,办理中,169,69,40,32.72
862,"2022-08-04",2,审核中,81,38,27,14.62
863,"2022-08-04",2,待归档,184,28,5,22.69
864,"2022-08-04",2,已回访,114,12,2,27.82
865,"2022-08-05",1,一般,160,25,10,22.96
866,"2022-08-05",1,紧急,177,65,61,43.13
867,"2022-08-05",1,特急,191,19,10,20.67
868,"2022-08-05",1,应急事件,166,27,25,58.85
869,"2022-08-05",2,受理中,147,63,25,41.7
870,"2022-08-05",2,办理中,97,21,20,35.41
871,"2022-08-05",2,审核中,81,19,4,25.06
872,"2022-08-05",2,待归档,141,14,10,54.99
873,"2022-08-05",2,已回访,86,41,3,20.6
874,"2022-08-06",1,一般,152,44,25,26.22
875,"2022-08-06",1,紧急,131,29,13,11.69
876,"2022-08-06",1,特急,119,23,17,47.67
877,"2022-08-06",1,应急事件,144,61,33,38.0
878,"2022-08-06",2,受理中,194,91,26,13.87
879,"2022-08-06",2,办理中,186,44,4,57.92
880,"2022-08-06",2,审核中,156,45,13,33.55
881,"2022-08-06",2,待归档,129,10,1,25.88
882,"2022-08-06",2,已回访,142,70,48,30.11
883,"2022-08-07",1,一般,199,93,18,26.6
884,"2022-08-07",1,紧急,87,28,12,42.34
885,"2022-08-07",1,特急,90,26,19,45.92
886,"2022-08-07",1,应急事件,107,26,6,41.45
887,"2022-08-07",2,受理中,126,14,0,47.83
888,"2022-08-07",2,办理中,176,84,11,41.03
889,"2022-08-07",2,审核中,112,24,2,16.84
890,"2022-08-07",2,待归档,97,28,1,40.83
891,"2022-08-07",2,已回访,134,64,62,52.27
892,"2022-08-08",1,一般,198,74,9,52.97
893,"2022-08-08",1,紧急,97,28,16,26.62
894,"2022-08-08",1,特急,85,38,14,57.3
895,"2022-08-08",1,应急事件,161,51,17,33.46
896,"2022-08-08",2,受理中,193,86,81,11.57
897,"2022-08-08",2,办理中,99,33,30,49.5
898,"2022-08-08",2,审核中,200,90,86,32.46
899,"2022-08-08",2,待归档,122,48,20,23.58
900,"2022-08-08",2,已回访,147,57,49,25.35
901,"2022-08-09",1,一般,125,49,7,12.16
902,"2022-08-09",1,紧急,87,17,11,35.24
903,"2022-08-09",1,特急,170,21,4,10.46
904,"2022-08-09",1,应急事件,149,71,41,53.8
905,"2022-08-09",2,受理中,175,69,12,45.62
906,"2022-08-09",2,办理中,153,33,31,45.38
907,"2022-08-09",2,审核中,157,49,13,17.52
908,"2022-08-09",2,待归档,158,33,23,12.54
909,"2022-08-09",2,已回访,97,19,3,19.15
910,"2022-08-10",1,一般,185,34,0,21.12
911,"2022-08-10",1,紧急,137,21,16,53.32
912,"2022-08-10",1,特急,194,95,83,23.98
913,"2022-08-10",1,应急事件,120,33,14,21.26
914,"2022-08-10",2,受理中,118,40,32,36.68
915,"2022-08-10",2,办理中,144,60,29,50.77
916,"2022-08-10",2,审核中,125,16,0,56.32
917,"2022-08-10",2,待归档,184,49,7,23.54
918,"2022-08-10",2,已回访,169,17,6,35.15
919,"2022-08-11",1,一般,194,67,26,12.31
920,"2022-08-11",1,紧急,136,57,56,48.26
921,"2022-08-11",1,特急,197,84,15,23.12
922,"2022-08-11",1,应急事件,155,16,12,39.39
923,"2022-08-11",2,受理中,126,27,16,39.49
924,"2022-08-11",2,办理中,146,67,43,42.14
925,"2022-08-11",2,审核中,195,11,3,41.41
926,"2022-08-11",2,待归档,80,29,15,27.39
927,"2022-08-11",2,已回访,141,23,2,55.94
928,"2022-08-12",1,一般,167,25,5,31.56
929,"2022-08-12",1,紧急,181,53,8,43.22
930,"2022-08-12",1,特急,168,29,17,46.67
931,"2022-08-12",1,应急事件,142,53,28,26.3
932,"2022-08-12",2,受理中,188,39,17,58.06
933,"2022-08-12",2,办理中,174,14,2,45.61
934,"2022-08-12",2,审核中,136,13,9,50.72
935,"2022-08-12",2,待归档,151,54,18,45.61
936,"2022-08-12",2,已回访,132,62,34,33.01
937,"2022-08-13",1,一般,168,31,1,58.41
938,"2022-08-13",1,紧急,141,36,25,14.06
939,"2022-08-13",1,特急,123,24,0,28.3
940,"2022-08-13",1,应急事件,190,24,16,37.13
941,"2022-08-13",2,受理中,167,23,17,23.18
942,"2022-08-13",2,办理中,87,33,16,46.98
943,"2022-08-13",2,审核中,88,26,3,40.05
944,"2022-08-13",2,待归档,156,49,34,54.65
945,"2022-08-13",2,已回访,157,24,13,57.71
946,"2022-08-14",1,一般,102,30,6,37.46
947,"2022-08-14",1,紧急,176,16,6,48.39
948,"2022-08-14",1,特急,119,27,16,26.52
949,"2022-08-14",1,应急事件,104,15,0,24.18
950,"2022-08-14",2,受理中,143,59,49,59.56
951,"2022-08-14",2,办理中,150,63,32,53.18
952,"2022-08-14",2,审核中,167,82,11,27.41
953,"2022-08-14",2,待归档,165,31,26,40.31
954,"2022-08-14",2,已回访,83,27,8,37.09
955,"2022-08-15",1,一般,129,47,12,56.27
956,"2022-08-15",1,紧急,170,14,4,14.3
957,"2022-08-15",1,特急,95,15,12,45.23
958,"2022-08-15",1,应急事件,106,36,20,51.13
959,"2022-08-15",2,受理中,173,22,9,28.17
960,"2022-08-15",2,办理中,94,12,2,49.42
961,"2022-08-15",2,审核中,81,37,17,41.0
962,"2022-08-15",2,待归档,100,49,43,24.44
963,"2022-08-15",2,已回访,151,70,56,53.66
964,"2022-08-16",1,一般,123,60,15,14.49
965,"2022-08-16",1,紧急,101,11,7,23.0
966,"2022-08-16",1,特急,103,21,10,26.89
967,"2022-08-16",1,应急事件,122,15,5,20.87
968,"2022-08-16",2,受理中,111,43,18,10.37
969,"2022-08-16",2,办理中,102,12,4,55.68
970,"2022-08-16",2,审核中,180,44,29,24.81
971,"2022-08-16",2,待归档,94,14,4,39.12
972,"2022-08-16",2,已回访,144,10,2,32.01
973,"2022-08-17",1,一般,187,89,46,14.19
974,"2022-08-17",1,紧急,110,47,14,57.4
975,"2022-08-17",1,特急,127,22,12,51.88
976,"2022-08-17",1,应急事件,180,65,53,59.71
977,"2022-08-17",2,受理中,139,51,9,34.75
978,"2022-08-17",2,办理中,177,83,50,10.76
979,"2022-08-17",2,审核中,188,42,29,27.58
980,"2022-08-17",2,待归档,132,46,38,18.88
981,"2022-08-17",2,已回访,81,28,16,49.96
982,"2022-08-18",1,一般,199,37,32,40.38
983,"2022-08-18",1,紧急,140,53,9,47.7
984,"2022-08-18",1,特急,194,55,28,52.46
985,"2022-08-18",1,应急事件,130,62,53,57.46
986,"2022-08-18",2,受理中,170,78,65,17.32
987,"2022-08-18",2,办理中,114,45,5,27.27
988,"2022-08-18",2,审核中,172,34,19,22.46
989,"2022-08-18",2,待归档,188,25,1,17.22
990,"2022-08-18",2,已回访,108,37,4,26.71
991,"2022-08-19",1,一般,121,10,5,17.97
992,"2022-08-19",1,紧急,116,13,12,15.2
993,"2022-08-19",1,特急,176,75,6,52.51
994,"2022-08-19",1,应急事件,108,28,4,17.34
995,"2022-08-19",2,受理中,175,77,66,20.55
996,"2022-08-19",2,办理中,96,40,33,53.59
997,"2022-08-19",2,审核中,150,63,31,25.32
998,"2022-08-19",2,待归档,143,41,30,49.96
999,"2022-08-19",2,已回访,124,41,5,57.43
1000,"2022-08-20",1,一般,146,32,5,44.33
1001,"2022-08-20",1,紧急,196,42,14,42.11
1002,"2022-08-20",1,特急,175,31,5,50.63
1003,"2022-08-20",1,应急事件,197,56,42,48.56
1004,"2022-08-20",2,受理中,187,53,26,51.86
1005,"2022-08-20",2,办理中,154,15,9,47.47
1006,"2022-08-20",2,审核中,105,35,21,12.64
1007,"2022-08-20",2,待归档,115,31,21,56.47
1008,"2022-08-20",2,已回访,125,52,48,57.51
1009,"2022-08-21",1,一般,108,11,2,44.17
1010,"2022-08-21",1,紧急,89,24,11,34.78
1011,"2022-08-21",1,特急,101,27,6,35.25
1012,"2022-08-21",1,应急事件,131,24,21,49.76
1013,"2022-08-21",2,受理中,135,16,4,45.94
1014,"2022-08-21",2,办理中,85,32,30,22.37
1015,"2022-08-21",2,审核中,124,47,8,53.65
1016,"2022-08-21",2,待归档,123,44,0,19.45
1017,"2022-08-21",2,已回访,95,16,7,51.77
1018,"2022-08-22",1,一般,192,86,13,42.12
1019,"2022-08-22",1,紧急,194,74,4,19.87
1020,"2022-08-22",1,特急,137,55,45,43.04
1021,"2022-08-22",1,应急事件,141,14,6,13.63
1022,"2022-08-22",2,受理中,94,12,7,23.8
1023,"2022-08-22",2,办理中,194,64,44,58.68
1024,"2022-08-22",2,审核中,108,17,6,51.87
1025,"2022-08-22",2,待归档,98,31,13,18.93
1026,"2022-08-22",2,已回访,190,64,28,11.14
1027,"2022-08-23",1,一般,180,73,27,53.55
1028,"2022-08-23",1,紧急,97,47,13,46.06
1029,"2022-08-23",1,特急,154,55,3,23.03
1030,"2022-08-23",1,应急事件,104,47,18,50.51
1031,"2022-08-23",2,受理中,105,31,30,11.31
1032,"2022-08-23",2,办理中,127,15,0,31.63
1033,"2022-08-23",2,审核中,104,36,27,18.04
1034,"2022-08-23",2,待归档,117,19,3,55.77
1035,"2022-08-23",2,已回访,150,33,31,52.65
1036,"2022-08-24",1,一般,112,12,10,52.78
1037,"2022-08-24",1,紧急,156,43,26,56.92
1038,"2022-08-24",1,特急,177,43,31,50.3
1039,"2022-08-24",1,应急事件,144,24,11,17.69
1040,"2022-08-24",2,受理中,128,50,48,39.87
1041,"2022-08-24",2,办理中,164,59,47,47.48
1042,"2022-08-24",2,审核中,97,45,42,34.84
1043,"2022-08-24",2,待归档,96,36,27,49.36
1044,"2022-08-24",2,已回访,173,44,34,59.57
1045,"2022-08-25",1,一般,162,32,9,59.97
1046,"2022-08-25",1,紧急,117,12,2,21.45
1047,"2022-08-25",1,特急,182,58,54,56.77
1048,"2022-08-25",1,应急事件,112,10,2,20.71
1049,"2022-08-25",2,受理中,151,25,14,22.19
1050,"2022-08-25",2,办理中,97,47,3,14.91
1051,"2022-08-25",2,审核中,178,21,8,52.57
1052,"2022-08-25",2,待归档,150,30,18,57.62
1053,"2022-08-25",2,已回访,199,97,57,15.95
1054,"2022-08-26",1,一般,166,62,10,36.86
1055,"2022-08-26",1,紧急,134,41,35,37.43
1056,"2022-08-26",1,特急,196,15,0,34.74
1057,"2022-08-26",1,应急事件,94,45,13,53.53
1058,"2022-08-26",2,受理中,162,15,12,59.05
1059,"2022-08-26",2,办理中,165,61,45,19.05
1060,"2022-08-26",2,审核中,158,63,0,30.88
1061,"2022-08-26",2,待归档,80,29,10,58.34
1062,"2022-08-26",2,已回访,153,21,13,28.18
1063,"2022-08-27",1,一般,181,72,34,10.47
1064,"2022-08-27",1,紧急,158,48,38,11.68
1065,"2022-08-27",1,特急,135,33,10,10.45
1066,"2022-08-27",1,应急事件,137,25,7,37.28
1067,"2022-08-27",2,受理中,198,22,9,38.92
1068,"2022-08-27",2,办理中,174,40,32,33.34
1069,"2022-08-27",2,审核中,197,70,16,14.31
1070,"2022-08-27",2,待归档,188,50,10,12.93
1071,"2022-08-27",2,已回访,89,39,24,17.65
1072,"2022-08-28",1,一般,170,52,47,18.54
1073,"2022-08-28",1,紧急,138,33,14,48.37
1074,"2022-08-28",1,特急,176,12,3,24.86
1075,"2022-08-28",1,应急事件,152,30,24,47.13
1076,"2022-08-28",2,受理中,94,40,10,44.64
1077,"2022-08-28",2,办理中,161,68,61,31.45
1078,"2022-08-28",2,审核中,85,12,0,29.77
1079,"2022-08-28",2,待归档,181,16,12,59.21
1080,"2022-08-28",2,已回访,129,14,4,19.75
1081,"2022-08-29",1,一般,102,34,0,44.05
1082,"2022-08-29",1,紧急,148,73,11,16.94
1083,"2022-08-29",1,特急,187,80,59,38.22
1084,"2022-08-29",1,应急事件,88,36,16,10.14
1085,"2022-08-29",2,受理中,185,89,86,38.02
1086,"2022-08-29",2,办理中,134,29,15,40.45
1087,"2022-08-29",2,审核中,145,40,36,23.94
1088,"2022-08-29",2,待归档,117,26,21,49.61
1089,"2022-08-29",2,已回访,102,22,2,15.89
1090,"2022-08-30",1,一般,191,88,2,48.28
1091,"2022-08-30",1,紧急,155,27,24,40.34
1092,"2022-08-30",1,特急,183,30,2,30.27
1093,"2022-08-30",1,应急事件,104,39,7,11.99
1094,"2022-08-30",2,受理中,176,71,35,48.0
1095,"2022-08-30",2,办理中,176,78,1,30.97
1096,"2022-08-30",2,审核中,105,33,24,27.87
1097,"2022-08-30",2,待归档,121,54,15,52.83
1098,"2022-08-30",2,已回访,143,70,23,37.19
1099,"2022-08-31",1,一般,152,60,23,27.07
1100,"2022-08-31",1,紧急,89,29,24,16.84
1101,"2022-08-31",1,特急,88,30,29,45.65
1102,"2022-08-31",1,应急事件,160,39,0,23.16
1103,"2022-08-31",2,受理中,189,18,9,50.53
1104,"2022-08-31",2,办理中,84,40,16,13.06
1105,"2022-08-31",2,审核中,192,81,3,37.59
1106,"2022-08-31",2,待归档,98,35,8,38.35
1107,"2022-08-31",2,已回访,134,32,12,11.76
1108,"2022-09-01",1,一般,156,37,5,55.41
1109,"2022-09-01",1,紧急,132,28,18,16.58
1110,"2022-09-01",1,特急,136,31,7,34.24
1111,"2022-09-01",1,应急事件,134,37,11,51.8
1112,"2022-09-01",2,受理中,132,45,0,49.31
1113,"2022-09-01",2,办理中,199,97,50,47.0
1114,"2022-09-01",2,审核中,187,29,20,52.08
1115,"2022-09-01",2,待归档,83,21,7,57.0
1116,"2022-09-01",2,已回访,123,36,19,40.14
1117,"2022-09-02",1,一般,183,36,2,26.79
1118,"2022-09-02",1,紧急,137,43,27,32.13
1119,"2022-09-02",1,特急,186,23,13,42.39
1120,"2022-09-02",1,应急事件,132,38,9,17.84
1121,"2022-09-02",2,受理中,118,47,26,46.5
1122,"2022-09-02",2,办理中,182,78,0,23.83
1123,"2022-09-02",2,审核中,196,34,5,52.06
1124,"2022-09-02",2,待归档,153,31,10,15.59
1125,"2022-09-02",2,已回访,176,75,0,53.11
1126,"2022-09-03",1,一般,107,10,7,58.19
1127,"2022-09-03",1,紧急,161,41,10,19.28
1128,"2022-09-03",1,特急,168,72,51,25.33
1129,"2022-09-03",1,应急事件,86,34,16,54.91
1130,"2022-09-03",2,受理中,182,63,31,57.97
1131,"2022-09-03",2,办理中,190,68,40,51.09
1132,"2022-09-03",2,审核中,138,38,21,27.43
1133,"2022-09-03",2,待归档,112,53,28,39.03
1134,"2022-09-03",2,已回访,135,56,37,18.2
1135,"2022-09-04",1,一般,119,51,15,34.48
1136,"2022-09-04",1,紧急,127,45,21,45.47
1137,"2022-09-04",1,特急,112,45,16,56.61
1138,"2022-09-04",1,应急事件,198,94,33,11.36
1139,"2022-09-04",2,受理中,154,56,42,57.89
1140,"2022-09-04",2,办理中,168,56,3,16.37
1141,"2022-09-04",2,审核中,130,19,7,21.85
1142,"2022-09-04",2,待归档,176,23,16,42.08
1143,"2022-09-04",2,已回访,154,53,44,31.75
1144,"2022-09-05",1,一般,103,25,5,37.78
1145,"2022-09-05",1,紧急,102,28,11,21.01
1146,"2022-09-05",1,特急,198,70,64,23.25
1147,"2022-09-05",1,应急事件,173,64,1,18.73
1148,"2022-09-05",2,受理中,142,51,31,35.12
1149,"2022-09-05",2,办理中,166,80,20,11.79
1150,"2022-09-05",2,审核中,195,94,42,12.65
1151,"2022-09-05",2,待归档,177,54,51,19.37
1152,"2022-09-05",2,已回访,122,34,24,41.77
1153,"2022-09-06",1,一般,139,31,3,51.38
1154,"2022-09-06",1,紧急,130,50,18,13.1
1155,"2022-09-06",1,特急,115,21,7,19.49
1156,"2022-09-06",1,应急事件,162,50,25,22.05
1157,"2022-09-06",2,受理中,152,72,63,31.7
1158,"2022-09-06",2,办理中,182,42,35,49.65
1159,"2022-09-06",2,审核中,173,71,14,17.9
1160,"2022-09-06",2,待归档,156,54,9,52.91
1161,"2022-09-06",2,已回访,119,19,6,30.3
1162,"2022-09-07",1,一般,158,26,17,58.41
1163,"2022-09-07",1,紧急,185,16,12,26.13
1164,"2022-09-07",1,特急,163,17,8,40.76
1165,"2022-09-07",1,应急事件,103,13,8,15.34
1166,"2022-09-07",2,受理中,148,31,30,13.4
1167,"2022-09-07",2,办理中,133,63,23,11.11
1168,"2022-09-07",2,审核中,123,46,24,51.86
1169,"2022-09-07",2,待归档,155,23,0,56.35
1170,"2022-09-07",2,已回访,198,31,29,46.75
1171,"2022-09-08",1,一般,80,37,15,42.04
1172,"2022-09-08",1,紧急,100,11,3,31.03
1173,"2022-09-08",1,特急,197,78,21,13.88
1174,"2022-09-08",1,应急事件,167,20,3,45.36
1175,"2022-09-08",2,受理中,104,16,10,27.7
1176,"2022-09-08",2,办理中,130,16,14,12.2
1177,"2022-09-08",2,审核中,84,30,25,56.18
1178,"2022-09-08",2,待归档,93,17,15,57.34
1179,"2022-09-08",2,已回访,156,56,5,46.65
1180,"2022-09-09",1,一般,191,16,10,26.79
1181,"2022-09-09",1,紧急,93,17,10,57.23
1182,"2022-09-09",1,特急,190,28,26,29.46
1183,"2022-09-09",1,应急事件,109,52,43,53.7
1184,"2022-09-09",2,受理中,96,18,4,53.55
1185,"2022-09-09",2,办理中,150,13,0,40.85
1186,"2022-09-09",2,审核中,170,31,14,30.14
1187,"2022-09-09",2,待归档,146,37,8,56.44
1188,"2022-09-09",2,已回访,152,41,34,60.0
1189,"2022-09-10",1,一般,152,27,21,30.83
1190,"2022-09-10",1,紧急,148,18,2,26.54
1191,"2022-09-10",1,特急,194,44,15,34.3
1192,"2022-09-10",1,应急事件,192,74,45,24.83
1193,"2022-09-10",2,受理中,186,40,21,32.31
1194,"2022-09-10",2,办理中,195,83,63,41.95
1195,"2022-09-10",2,审核中,134,37,31,10.93
1196,"2022-09-10",2,待归档,119,55,36,51.35
1197,"2022-09-10",2,已回访,109,15,0,30.52
1198,"2022-09-11",1,一般,183,38,7,48.17
1199,"2022-09-11",1,紧急,132,41,4,50.96
1200,"2022-09-11",1,特急,142,22,14,29.73
1201,"2022-09-11",1,应急事件,163,63,4,48.01
1202,"2022-09-11",2,受理中,182,79,77,13.14
1203,"2022-09-11",2,办理中,134,19,8,49.28
1204,"2022-09-11",2,审核中,130,14,7,37.66
1205,"2022-09-11",2,待归档,199,10,2,33.87
1206,"2022-09-11",2,已回访,148,31,28,32.05
1207,"2022-09-12",1,一般,177,18,0,22.98
1208,"2022-09-12",1,紧急,81,16,5,34.77
1209,"2022-09-12",1,特急,106,26,5,46.2
1210,"2022-09-12",1,应急事件,182,72,1,47.83
1211,"2022-09-12",2,受理中,168,51,50,19.61
1212,"2022-09-12",2,办理中,155,27,16,19.05
1213,"2022-09-12",2,审核中,179,29,17,30.58
1214,"2022-09-12",2,待归档,140,13,8,35.63
1215,"2022-09-12",2,已回访,114,37,5,21.3
1216,"2022-09-13",1,一般,159,55,0,31.98
1217,"2022-09-13",1,紧急,129,57,56,17.16
1218,"2022-09-13",1,特急,141,52,43,30.38
1219,"2022-09-13",1,应急事件,197,76,26,58.45
1220,"2022-09-13",2,受理中,125,45,31,31.16
1221,"2022-09-13",2,办理中,183,82,15,24.42
1222,"2022-09-13",2,审核中,114,50,2,53.42
1223,"2022-09-13",2,待归档,96,15,10,36.94
1224,"2022-09-13",2,已回访,82,15,4,35.46
1225,"2022-09-14",1,一般,152,47,11,17.04
1226,"2022-09-14",1,紧急,197,75,25,54.44
1227,"2022-09-14",1,特急,144,64,56,12.26
1228,"2022-09-14",1,应急事件,92,42,31,30.44
1229,"2022-09-14",2,受理中,161,33,8,50.03
1230,"2022-09-14",2,办理中,119,19,5,27.92
1231,"2022-09-14",2,审核中,197,63,7,42.47
1232,"2022-09-14",2,待归档,86,39,33,16.58
1233,"2022-09-14",2,已回访,127,28,24,44.24
1234,"2022-09-15",1,一般,137,65,44,15.35
1235,"2022-09-15",1,紧急,163,79,60,36.48
1236,"2022-09-15",1,特急,166,70,13,43.87
1237,"2022-09-15",1,应急事件,133,54,40,58.82
1238,"2022-09-15",2,受理中,173,15,14,57.98
1239,"2022-09-15",2,办理中,151,74,58,22.76
1240,"2022-09-15",2,审核中,109,36,4,11.77
1241,"2022-09-15",2,待归档,82,30,28,16.08
1242,"2022-09-15",2,已回访,189,25,14,37.97
1243,"2022-09-16",1,一般,118,55,54,40.22
1244,"2022-09-16",1,紧急,181,47,18,49.99
1245,"2022-09-16",1,特急,158,37,34,22.75
1246,"2022-09-16",1,应急事件,175,79,22,23.3
1247,"2022-09-16",2,受理中,170,24,13,29.3
1248,"2022-09-16",2,办理中,125,26,22,28.97
1249,"2022-09-16",2,审核中,127,17,5,17.61
1250,"2022-09-16",2,待归档,177,39,11,27.31
1251,"2022-09-16",2,已回访,111,33,13,31.63
1252,"2022-09-17",1,一般,175,29,25,23.72
1253,"2022-09-17",1,紧急,96,11,5,22.99
1254,"2022-09-17",1,特急,131,22,17,58.0
1255,"2022-09-17",1,应急事件,152,49,6,10.68
1256,"2022-09-17",2,受理中,157,64,36,52.01
1257,"2022-09-17",2,办理中,196,55,51,46.92
1258,"2022-09-17",2,审核中,149,32,29,28.37
1259,"2022-09-17",2,待归档,186,22,10,23.86
1260,"2022-09-17",2,已回访,99,11,1,28.06
1261,"2022-09-18",1,一般,87,42,16,14.57
1262,"2022-09-18",1,紧急,163,42,25,21.63
1263,"2022-09-18",1,特急,161,39,11,43.9
1264,"2022-09-18",1,应急事件,157,71,34,42.3
1265,"2022-09-18",2,受理中,133,17,5,49.5
1266,"2022-09-18",2,办理中,165,15,4,58.62
1267,"2022-09-18",2,审核中,181,83,57,38.45
1268,"2022-09-18",2,待归档,146,35,25,42.67
1269,"2022-09-18",2,已回访,196,79,67,55.4
1270,"2022-09-19",1,一般,115,17,14,23.57
1271,"2022-09-19",1,紧急,97,15,14,31.92
1272,"2022-09-19",1,特急,200,52,20,22.92
1273,"2022-09-19",1,应急事件,145,64,55,29.54
1274,"2022-09-19",2,受理中,127,61,26,26.94
1275,"2022-09-19",2,办理中,96,39,17,47.7
1276,"2022-09-19",2,审核中,187,87,37,34.94
1277,"2022-09-19",2,待归档,188,19,17,34.7
1278,"2022-09-19",2,已回访,87,37,15,15.58
1279,"2022-09-20",1,一般,181,65,30,26.04
1280,"2022-09-20",1,紧急,88,14,8,55.66
1281,"2022-09-20",1,特急,161,27,20,33.64
1282,"2022-09-20",1,应急事件,195,29,13,50.54
1283,"2022-09-20",2,受理中,176,12,9,55.85
1284,"2022-09-20",2,办理中,149,61,32,25.8
1285,"2022-09-20",2,审核中,115,41,4,26.89
1286,"2022-09-20",2,待归档,164,65,24,13.82
1287,"2022-09-20",2,已回访,186,29,3,32.96
1288,"2022-09-21",1,一般,186,75,45,56.16
1289,"2022-09-21",1,紧急,146,10,3,18.52
1290,"2022-09-21",1,特急,135,32,13,44.26
1291,"2022-09-21",1,应急事件,103,13,0,16.65
1292,"2022-09-21",2,受理中,190,73,67,57.02
1293,"2022-09-21",2,办理中,186,68,9,58.2
1294,"2022-09-21",2,审核中,106,28,18,11.95
1295,"2022-09-21",2,待归档,175,61,53,48.35
1296,"2022-09-21",2,已回访,146,59,5,47.3
1297,"2022-09-22",1,一般,197,73,63,17.27
1298,"2022-09-22",1,紧急,93,45,30,21.92
1299,"2022-09-22",1,特急,115,55,2,20.53
1300,"2022-09-22",1,应急事件,183,49,0,32.34
1301,"2022-09-22",2,受理中,156,55,41,40.29
1302,"2022-09-22",2,办理中,113,15,7,20.86
1303,"2022-09-22",2,审核中,120,50,23,53.91
1304,"2022-09-22",2,待归档,145,33,12,43.24
1305,"2022-09-22",2,已回访,83,13,0,11.55
1306,"2022-09-23",1,一般,90,39,11,29.99
1307,"2022-09-23",1,紧急,97,26,11,21.47
1308,"2022-09-23",1,特急,130,15,4,39.36
1309,"2022-09-23",1,应急事件,113,34,33,54.8
1310,"2022-09-23",2,受理中,199,46,25,50.13
1311,"2022-09-23",2,办理中,146,21,8,56.75
1312,"2022-09-23",2,审核中,121,29,18,49.97
1313,"2022-09-23",2,待归档,196,38,14,50.54
1314,"2022-09-23",2,已回访,117,35,7,37.54
1315,"2022-09-24",1,一般,176,39,0,30.49
1316,"2022-09-24",1,紧急,90,43,10,59.25
1317,"2022-09-24",1,特急,185,81,45,29.49
1318,"2022-09-24",1,应急事件,117,55,35,55.38
1319,"2022-09-24",2,受理中,81,37,17,56.54
1320,"2022-09-24",2,办理中,86,23,10,12.09
1321,"2022-09-24",2,审核中,187,26,14,38.81
1322,"2022-09-24",2,待归档,197,59,43,17.73
1323,"2022-09-24",2,已回访,146,23,11,18.44
1324,"2022-09-25",1,一般,138,63,6,37.89
1325,"2022-09-25",1,紧急,143,20,10,57.71
1326,"2022-09-25",1,特急,82,16,2,39.06
1327,"2022-09-25",1,应急事件,184,78,3,37.01
1328,"2022-09-25",2,受理中,145,43,9,44.75
1329,"2022-09-25",2,办理中,177,58,26,40.84
1330,"2022-09-25",2,审核中,96,41,31,52.95
1331,"2022-09-25",2,待归档,195,96,92,50.96
1332,"2022-09-25",2,已回访,100,46,30,53.42
1333,"2022-09-26",1,一般,80,38,3,23.36
1334,"2022-09-26",1,紧急,194,16,10,41.33
1335,"2022-09-26",1,特急,175,44,28,45.06
1336,"2022-09-26",1,应急事件,82,19,6,50.37
1337,"2022-09-26",2,受理中,138,56,46,15.81
1338,"2022-09-26",2,办理中,114,34,24,51.39
1339,"2022-09-26",2,审核中,164,53,1,45.3
1340,"2022-09-26",2,待归档,155,71,38,59.69
1341,"2022-09-26",2,已回访,138,32,7,46.7
1342,"2022-09-27",1,一般,126,30,13,55.14
1343,"2022-09-27",1,紧急,118,57,11,46.29
1344,"2022-09-27",1,特急,115,24,21,56.06
1345,"2022-09-27",1,应急事件,83,15,14,41.04
1346,"2022-09-27",2,受理中,106,17,3,12.9
1347,"2022-09-27",2,办理中,140,19,17,52.91
1348,"2022-09-27",2,审核中,182,37,21,20.03
1349,"2022-09-27",2,待归档,192,24,20,43.86
1350,"2022-09-27",2,已回访,134,47,38,34.86
1351,"2022-09-28",1,一般,103,17,3,16.84
1352,"2022-09-28",1,紧急,170,62,22,50.46
1353,"2022-09-28",1,特急,143,66,26,52.52
1354,"2022-09-28",1,应急事件,94,33,28,41.3
1355,"2022-09-28",2,受理中,136,36,1,30.85
1356,"2022-09-28",2,办理中,155,48,1,45.56
1357,"2022-09-28",2,审核中,153,25,13,31.54
1358,"2022-09-28",2,待归档,157,44,5,47.97
1359,"2022-09-28",2,已回访,126,21,11,34.42
1360,"2022-09-29",1,一般,117,30,14,25.85
1361,"2022-09-29",1,紧急,106,39,22,27.79
1362,"2022-09-29",1,特急,87,28,23,25.58
1363,"2022-09-29",1,应急事件,101,29,22,40.17
1364,"2022-09-29",2,受理中,121,12,2,21.35
1365,"2022-09-29",2,办理中,132,15,7,44.85
1366,"2022-09-29",2,审核中,137,22,10,28.23
1367,"2022-09-29",2,待归档,153,60,2,10.53
1368,"2022-09-29",2,已回访,114,52,39,10.31
1369,"2022-09-30",1,一般,123,30,23,24.99
1370,"2022-09-30",1,紧急,103,50,34,48.97
1371,"2022-09-30",1,特急,123,46,41,59.03
1372,"2022-09-30",1,应急事件,179,43,15,48.23
1373,"2022-09-30",2,受理中,146,44,31,27.43
1374,"2022-09-30",2,办理中,183,26,19,45.16
1375,"2022-09-30",2,审核中,147,45,43,27.64
1376,"2022-09-30",2,待归档,122,28,3,51.89
1377,"2022-09-30",2,已回访,149,36,4,33.44
1378,"2022-10-01",1,一般,145,50,35,51.3
1379,"2022-10-01",1,紧急,192,21,15,42.59
1380,"2022-10-01",1,特急,199,40,35,14.38
1381,"2022-10-01",1,应急事件,118,37,18,28.77
1382,"2022-10-01",2,受理中,189,55,3,34.93
1383,"2022-10-01",2,办理中,147,58,20,57.46
1384,"2022-10-01",2,审核中,149,58,36,19.12
1385,"2022-10-01",2,待归档,193,68,18,44.52
1386,"2022-10-01",2,已回访,107,10,5,40.35
1387,"2022-10-02",1,一般,112,12,3,37.65
1388,"2022-10-02",1,紧急,115,23,13,41.36
1389,"2022-10-02",1,特急,171,76,70,47.11
1390,"2022-10-02",1,应急事件,169,61,55,48.62
1391,"2022-10-02",2,受理中,103,27,11,52.12
1392,"2022-10-02",2,办理中,198,92,31,52.4
1393,"2022-10-02",2,审核中,101,43,42,40.21
1394,"2022-10-02",2,待归档,96,47,29,19.77
1395,"2022-10-02",2,已回访,185,65,62,59.36
1396,"2022-10-03",1,一般,148,45,33,12.4
1397,"2022-10-03",1,紧急,96,42,28,36.44
1398,"2022-10-03",1,特急,127,26,6,44.1
1399,"2022-10-03",1,应急事件,167,35,6,16.01
1400,"2022-10-03",2,受理中,128,51,30,43.83
1401,"2022-10-03",2,办理中,185,45,37,23.83
1402,"2022-10-03",2,审核中,190,48,33,30.85
1403,"2022-10-03",2,待归档,173,28,5,12.24
1404,"2022-10-03",2,已回访,95,29,20,37.38
1405,"2022-10-04",1,一般,188,77,10,49.89
1406,"2022-10-04",1,紧急,106,48,19,25.88
1407,"2022-10-04",1,特急,199,32,12,10.55
1408,"2022-10-04",1,应急事件,109,47,18,38.55
1409,"2022-10-04",2,受理中,117,56,46,46.59
1410,"2022-10-04",2,办理中,164,20,12,59.52
1411,"2022-10-04",2,审核中,87,29,14,16.1
1412,"2022-10-04",2,待归档,164,29,20,50.77
1413,"2022-10-04",2,已回访,198,47,45,52.43
1414,"2022-10-05",1,一般,134,46,8,22.38
1415,"2022-10-05",1,紧急,194,92,41,19.97
1416,"2022-10-05",1,特急,105,43,27,44.22
1417,"2022-10-05",1,应急事件,133,22,17,48.12
1418,"2022-10-05",2,受理中,165,79,51,10.91
1419,"2022-10-05",2,办理中,82,20,14,46.2
1420,"2022-10-05",2,审核中,115,17,8,42.26
1421,"2022-10-05",2,待归档,89,30,24,33.55
1422,"2022-10-05",2,已回访,110,20,17,46.3
1423,"2022-10-06",1,一般,107,44,23,34.13
1424,"2022-10-06",1,紧急,123,45,43,25.81
1425,"2022-10-06",1,特急,194,15,3,11.14
1426,"2022-10-06",1,应急事件,183,38,14,48.21
1427,"2022-10-06",2,受理中,187,87,3,16.18
1428,"2022-10-06",2,办理中,149,64,41,57.13
1429,"2022-10-06",2,审核中,200,21,13,35.78
1430,"2022-10-06",2,待归档,128,16,2,33.33
1431,"2022-10-06",2,已回访,177,75,61,40.07
1432,"2022-10-07",1,一般,143,55,51,15.83
1433,"2022-10-07",1,紧急,117,55,42,32.75
1434,"2022-10-07",1,特急,131,37,7,53.05
1435,"2022-10-07",1,应急事件,175,55,23,14.43
1436,"2022-10-07",2,受理中,99,10,7,35.54
1437,"2022-10-07",2,办理中,169,11,7,51.76
1438,"2022-10-07",2,审核中,165,20,9,30.82
1439,"2022-10-07",2,待归档,158,54,6,59.67
1440,"2022-10-07",2,已回访,191,88,62,22.34
1441,"2022-10-08",1,一般,186,90,76,23.94
1442,"2022-10-08",1,紧急,155,49,31,14.87
1443,"2022-10-08",1,特急,91,19,16,52.81
1444,"2022-10-08",1,应急事件,108,21,8,40.6
1445,"2022-10-08",2,受理中,102,33,31,50.96
1446,"2022-10-08",2,办理中,141,26,6,25.34
1447,"2022-10-08",2,审核中,144,56,22,55.67
1448,"2022-10-08",2,待归档,127,37,12,30.3
1449,"2022-10-08",2,已回访,196,50,29,17.32
1450,"2022-10-09",1,一般,133,57,44,22.52
1451,"2022-10-09",1,紧急,80,22,3,19.48
1452,"2022-10-09",1,特急,167,26,24,36.88
1453,"2022-10-09",1,应急事件,106,28,8,22.85
1454,"2022-10-09",2,受理中,148,69,18,18.32
1455,"2022-10-09",2,办理中,175,47,35,59.36
1456,"2022-10-09",2,审核中,169,32,20,52.21
1457,"2022-10-09",2,待归档,179,19,3,40.52
1458,"2022-10-09",2,已回访,105,47,4,31.03
1459,"2022-10-10",1,一般,136,52,21,20.86
1460,"2022-10-10",1,紧急,134,32,30,57.95
1461,"2022-10-10",1,特急,117,36,29,13.25
1462,"2022-10-10",1,应急事件,163,41,5,50.41
1463,"2022-10-10",2,受理中,96,22,0,57.67
1464,"2022-10-10",2,办理中,191,30,6,33.71
1465,"2022-10-10",2,审核中,147,40,25,10.94
1466,"2022-10-10",2,待归档,100,32,13,32.76
1467,"2022-10-10",2,已回访,98,22,1,25.32
1468,"2022-10-11",1,一般,198,95,91,52.19
1469,"2022-10-11",1,紧急,92,43,33,41.39
1470,"2022-10-11",1,特急,200,57,30,41.32
1471,"2022-10-11",1,应急事件,136,17,0,15.17
1472,"2022-10-11",2,受理中,81,13,12,14.59
1473,"2022-10-11",2,办理中,135,39,15,12.96
1474,"2022-10-11",2,审核中,95,22,8,41.26
1475,"2022-10-11",2,待归档,174,23,10,16.61
1476,"2022-10-11",2,已回访,86,21,18,14.06
1477,"2022-10-12",1,一般,109,44,2,26.12
1478,"2022-10-12",1,紧急,93,43,16,27.63
1479,"2022-10-12",1,特急,138,42,4,45.64
1480,"2022-10-12",1,应急事件,158,60,19,41.96
1481,"2022-10-12",2,受理中,161,21,16,27.59
1482,"2022-10-12",2,办理中,179,30,6,11.1
1483,"2022-10-12",2,审核中,182,35,24,59.23
1484,"2022-10-12",2,待归档,161,66,59,32.91
1485,"2022-10-12",2,已回访,162,80,41,58.93
1486,"2022-10-13",1,一般,164,69,52,17.47
1487,"2022-10-13",1,紧急,99,17,13,33.68
1488,"2022-10-13",1,特急,187,28,21,24.01
1489,"2022-10-13",1,应急事件,125,40,9,40.13
1490,"2022-10-13",2,受理中,178,65,54,20.35
1491,"2022-10-13",2,办理中,194,30,8,51.65
1492,"2022-10-13",2,审核中,149,15,6,53.33
1493,"2022-10-13",2,待归档,199,19,3,51.9
1494,"2022-10-13",2,已回访,177,22,8,17.62
1495,"2022-10-14",1,一般,86,25,10,30.79
1496,"2022-10-14",1,紧急,89,31,3,38.14
1497,"2022-10-14",1,特急,149,57,35,39.57
1498,"2022-10-14",1,应急事件,145,47,35,52.07
1499,"2022-10-14",2,受理中,198,21,4,56.49
1500,"2022-10-14",2,办理中,91,28,0,36.45
1501,"2022-10-14",2,审核中,197,82,55,33.6
1502,"2022-10-14",2,待归档,119,32,13,51.14
1503,"2022-10-14",2,已回访,119,33,6,57.02
1504,"2022-10-15",1,一般,133,50,7,48.8
1505,"2022-10-15",1,紧急,115,56,1,53.52
1506,"2022-10-15",1,特急,200,27,20,58.34
1507,"2022-10-15",1,应急事件,182,25,3,21.55
1508,"2022-10-15",2,受理中,120,41,14,52.8
1509,"2022-10-15",2,办理中,181,82,40,30.51
1510,"2022-10-15",2,审核中,195,14,0,17.36
1511,"2022-10-15",2,待归档,180,17,0,22.54
1512,"2022-10-15",2,已回访,90,16,0,15.68
1513,"2022-10-16",1,一般,127,30,0,21.83
1514,"2022-10-16",1,紧急,169,33,3,43.46
1515,"2022-10-16",1,特急,155,17,7,55.01
1516,"2022-10-16",1,应急事件,130,32,19,56.08
1517,"2022-10-16",2,受理中,156,69,59,46.61
1518,"2022-10-16",2,办理中,188,14,3,45.49
1519,"2022-10-16",2,审核中,105,51,14,45.93
1520,"2022-10-16",2,待归档,116,54,43,41.12
1521,"2022-10-16",2,已回访,118,44,12,38.55
1522,"2022-10-17",1,一般,124,55,5,43.88
1523,"2022-10-17",1,紧急,157,13,6,36.42
1524,"2022-10-17",1,特急,121,44,10,40.1
1525,"2022-10-17",1,应急事件,145,67,7,42.34
1526,"2022-10-17",2,受理中,98,17,3,26.29
1527,"2022-10-17",2,办理中,122,50,35,32.37
1528,"2022-10-17",2,审核中,139,45,43,19.01
1529,"2022-10-17",2,待归档,194,80,12,42.65
1530,"2022-10-17",2,已回访,109,46,42,57.05
1531,"2022-10-18",1,一般,113,24,4,51.65
1532,"2022-10-18",1,紧急,104,23,14,54.63
1533,"2022-10-18",1,特急,181,58,40,10.16
1534,"2022-10-18",1,应急事件,102,42,29,37.56
1535,"2022-10-18",2,受理中,160,11,0,55.94
1536,"2022-10-18",2,办理中,193,16,11,45.36
1537,"2022-10-18",2,审核中,104,39,29,37.56
1538,"2022-10-18",2,待归档,106,27,20,44.45
1539,"2022-10-18",2,已回访,119,30,24,55.44
1540,"2022-10-19",1,一般,95,32,15,41.53
1541,"2022-10-19",1,紧急,112,37,24,53.96
1542,"2022-10-19",1,特急,81,30,22,31.26
1543,"2022-10-19",1,应急事件,150,26,13,39.51
1544,"2022-10-19",2,受理中,152,67,22,30.33
1545,"2022-10-19",2,办理中,91,12,11,47.85
1546,"2022-10-19",2,审核中,174,11,0,11.84
1547,"2022-10-19",2,待归档,133,13,5,52.5
1548,"2022-10-19",2,已回访,183,21,12,21.71
1549,"2022-10-20",1,一般,80,18,8,32.01
1550,"2022-10-20",1,紧急,182,51,31,53.96
1551,"2022-10-20",1,特急,176,81,1,45.84
1552,"2022-10-20",1,应急事件,163,32,7,12.44
1553,"2022-10-20",2,受理中,105,31,22,28.75
1554,"2022-10-20",2,办理中,166,25,23,55.38
1555,"2022-10-20",2,审核中,90,19,13,42.04
1556,"2022-10-20",2,待归档,84,30,0,57.17
1557,"2022-10-20",2,已回访,98,38,22,12.34
1558,"2022-10-21",1,一般,82,30,4,15.0
1559,"2022-10-21",1,紧急,109,47,32,28.74
1560,"2022-10-21",1,特急,111,48,20,18.34
1561,"2022-10-21",1,应急事件,141,20,10,11.58
1562,"2022-10-21",2,受理中,97,42,15,14.29
1563,"2022-10-21",2,办理中,106,26,12,27.67
1564,"2022-10-21",2,审核中,121,44,16,39.3
1565,"2022-10-21",2,待归档,170,17,12,40.23
1566,"2022-10-21",2,已回访,109,32,28,56.4
1567,"2022-10-22",1,一般,136,31,14,37.68
1568,"2022-10-22",1,紧急,148,11,0,16.94
1569,"2022-10-22",1,特急,181,10,3,56.22
1570,"2022-10-22",1,应急事件,157,18,6,15.43
1571,"2022-10-22",2,受理中,152,21,20,45.06
1572,"2022-10-22",2,办理中,182,75,54,26.9
1573,"2022-10-22",2,审核中,200,50,2,40.64
1574,"2022-10-22",2,待归档,92,35,24,17.73
1575,"2022-10-22",2,已回访,152,12,1,28.71
1576,"2022-10-23",1,一般,169,61,29,33.31
1577,"2022-10-23",1,紧急,106,43,20,35.26
1578,"2022-10-23",1,特急,166,21,1,29.41
1579,"2022-10-23",1,应急事件,174,77,73,25.51
1580,"2022-10-23",2,受理中,188,69,53,42.35
1581,"2022-10-23",2,办理中,179,82,58,54.52
1582,"2022-10-23",2,审核中,121,48,33,24.7
1583,"2022-10-23",2,待归档,146,59,2,28.76
1584,"2022-10-23",2,已回访,81,33,16,16.8
1585,"2022-10-24",1,一般,139,67,44,56.19
1586,"2022-10-24",1,紧急,191,26,24,50.46
1587,"2022-10-24",1,特急,188,35,25,31.86
1588,"2022-10-24",1,应急事件,98,25,8,24.06
1589,"2022-10-24",2,受理中,135,61,55,43.16
1590,"2022-10-24",2,办理中,143,48,37,58.67
1591,"2022-10-24",2,审核中,117,27,7,39.78
1592,"2022-10-24",2,待归档,80,28,18,58.47
1593,"2022-10-24",2,已回访,148,17,9,35.94
1594,"2022-10-25",1,一般,136,40,29,56.68
1595,"2022-10-25",1,紧急,129,23,10,30.12
1596,"2022-10-25",1,特急,193,25,0,52.54
1597,"2022-10-25",1,应急事件,110,21,5,53.95
1598,"2022-10-25",2,受理中,89,10,6,19.05
1599,"2022-10-25",2,办理中,88,39,23,55.39
1600,"2022-10-25",2,审核中,169,30,7,39.99
1601,"2022-10-25",2,待归档,104,17,7,40.39
1602,"2022-10-25",2,已回访,180,80,2,50.66
1603,"2022-10-26",1,一般,183,85,4,55.59
1604,"2022-10-26",1,紧急,120,12,9,57.86
1605,"2022-10-26",1,特急,134,50,45,14.25
1606,"2022-10-26",1,应急事件,136,44,43,19.97
1607,"2022-10-26",2,受理中,160,46,38,10.8
1608,"2022-10-26",2,办理中,183,74,25,31.61
1609,"2022-10-26",2,审核中,126,28,26,56.61
1610,"2022-10-26",2,待归档,178,13,6,29.31
1611,"2022-10-26",2,已回访,107,20,11,19.02
1612,"2022-10-27",1,一般,156,49,39,24.74
1613,"2022-10-27",1,紧急,132,13,11,50.83
1614,"2022-10-27",1,特急,149,30,18,58.67
1615,"2022-10-27",1,应急事件,143,52,12,18.49
1616,"2022-10-27",2,受理中,100,27,1,27.84
1617,"2022-10-27",2,办理中,160,72,29,54.05
1618,"2022-10-27",2,审核中,178,35,24,44.13
1619,"2022-10-27",2,待归档,134,35,16,13.34
1620,"2022-10-27",2,已回访,82,32,0,57.95
1621,"2022-10-28",1,一般,100,37,26,56.5
1622,"2022-10-28",1,紧急,148,10,3,41.27
1623,"2022-10-28",1,特急,165,40,15,23.23
1624,"2022-10-28",1,应急事件,167,55,14,20.61
1625,"2022-10-28",2,受理中,138,25,15,28.11
1626,"2022-10-28",2,办理中,109,52,27,18.58
1627,"2022-10-28",2,审核中,194,13,0,48.09
1628,"2022-10-28",2,待归档,112,30,17,15.07
1629,"2022-10-28",2,已回访,110,10,8,22.54
1630,"2022-10-29",1,一般,133,45,30,45.11
1631,"2022-10-29",1,紧急,176,46,5,34.58
1632,"2022-10-29",1,特急,83,33,11,12.03
1633,"2022-10-29",1,应急事件,192,16,2,46.95
1634,"2022-10-29",2,受理中,89,17,3,21.56
1635,"2022-10-29",2,办理中,139,35,17,13.2
1636,"2022-10-29",2,审核中,193,36,9,51.86
1637,"2022-10-29",2,待归档,196,13,12,56.2
1638,"2022-10-29",2,已回访,96,39,22,14.4
1639,"2022-10-30",1,一般,143,53,13,34.54
1640,"2022-10-30",1,紧急,82,32,8,31.92
1641,"2022-10-30",1,特急,110,32,23,22.91
1642,"2022-10-30",1,应急事件,100,39,32,59.56
1643,"2022-10-30",2,受理中,174,32,26,46.96
1644,"2022-10-30",2,办理中,155,61,44,58.99
1645,"2022-10-30",2,审核中,192,57,39,26.17
1646,"2022-10-30",2,待归档,90,18,0,51.5
1647,"2022-10-30",2,已回访,117,51,21,59.02
1648,"2022-10-31",1,一般,98,33,32,28.05
1649,"2022-10-31",1,紧急,168,42,18,11.87
1650,"2022-10-31",1,特急,147,30,4,12.33
1651,"2022-10-31",1,应急事件,110,34,18,23.71
1652,"2022-10-31",2,受理中,177,62,55,36.6
1653,"2022-10-31",2,办理中,120,13,10,45.73
1654,"2022-10-31",2,审核中,128,30,6,19.89
1655,"2022-10-31",2,待归档,136,62,30,54.5
1656,"2022-10-31",2,已回访,160,24,17,36.78
1657,"2022-11-01",1,一般,144,43,40,47.65
1658,"2022-11-01",1,紧急,95,13,10,52.02
1659,"2022-11-01",1,特急,82,22,18,17.27
1660,"2022-11-01",1,应急事件,121,26,8,29.08
1661,"2022-11-01",2,受理中,100,15,7,45.61
1662,"2022-11-01",2,办理中,148,23,1,52.14
1663,"2022-11-01",2,审核中,160,11,2,16.35
1664,"2022-11-01",2,待归档,80,35,2,18.75
1665,"2022-11-01",2,已回访,88,26,17,33.47
1666,"2022-11-02",1,一般,121,12,10,20.34
1667,"2022-11-02",1,紧急,120,17,12,40.68
1668,"2022-11-02",1,特急,105,40,29,12.56
1669,"2022-11-02",1,应急事件,165,54,53,57.43
1670,"2022-11-02",2,受理中,174,55,0,54.07
1671,"2022-11-02",2,办理中,121,19,2,11.0
1672,"2022-11-02",2,审核中,115,20,19,15.13
1673,"2022-11-02",2,待归档,99,20,14,16.24
1674,"2022-11-02",2,已回访,149,60,23,56.32
1675,"2022-11-03",1,一般,95,29,9,31.4
1676,"2022-11-03",1,紧急,106,37,17,56.79
1677,"2022-11-03",1,特急,83,39,0,35.77
1678,"2022-11-03",1,应急事件,83,18,6,31.7
1679,"2022-11-03",2,受理中,91,33,3,19.43
1680,"2022-11-03",2,办理中,189,36,4,37.1
1681,"2022-11-03",2,审核中,100,11,5,57.23
1682,"2022-11-03",2,待归档,159,54,42,16.65
1683,"2022-11-03",2,已回访,132,44,39,22.57
1684,"2022-11-04",1,一般,192,16,6,58.63
1685,"2022-11-04",1,紧急,193,34,30,24.86
1686,"2022-11-04",1,特急,114,18,2,10.28
1687,"2022-11-04",1,应急事件,161,39,32,41.87
1688,"2022-11-04",2,受理中,198,90,32,58.46
1689,"2022-11-04",2,办理中,101,28,22,34.33
1690,"2022-11-04",2,审核中,123,33,13,52.22
1691,"2022-11-04",2,待归档,177,53,48,49.37
1692,"2022-11-04",2,已回访,170,72,42,33.58
1693,"2022-11-05",1,一般,178,36,7,21.76
1694,"2022-11-05",1,紧急,158,24,22,46.19
1695,"2022-11-05",1,特急,137,33,10,15.09
1696,"2022-11-05",1,应急事件,121,32,8,32.01
1697,"2022-11-05",2,受理中,182,24,4,33.11
1698,"2022-11-05",2,办理中,148,50,13,17.44
1699,"2022-11-05",2,审核中,94,45,6,41.94
1700,"2022-11-05",2,待归档,86,15,1,42.34
1701,"2022-11-05",2,已回访,162,18,5,22.15
1702,"2022-11-06",1,一般,156,41,7,15.89
1703,"2022-11-06",1,紧急,117,47,39,41.41
1704,"2022-11-06",1,特急,196,60,40,53.7
1705,"2022-11-06",1,应急事件,104,24,8,13.57
1706,"2022-11-06",2,受理中,84,32,1,12.18
1707,"2022-11-06",2,办理中,178,77,60,27.31
1708,"2022-11-06",2,审核中,117,52,3,50.1
1709,"2022-11-06",2,待归档,84,18,17,17.75
1710,"2022-11-06",2,已回访,140,29,28,33.43
1711,"2022-11-07",1,一般,87,17,4,50.69
1712,"2022-11-07",1,紧急,106,32,4,22.6
1713,"2022-11-07",1,特急,189,41,11,47.78
1714,"2022-11-07",1,应急事件,172,67,37,32.82
1715,"2022-11-07",2,受理中,175,29,13,48.84
1716,"2022-11-07",2,办理中,142,29,1,56.92
1717,"2022-11-07",2,审核中,157,60,11,45.6
1718,"2022-11-07",2,待归档,147,71,27,58.84
1719,"2022-11-07",2,已回访,103,40,12,34.55
1720,"2022-11-08",1,一般,162,64,9,15.54
1721,"2022-11-08",1,紧急,175,17,1,45.01
1722,"2022-11-08",1,特急,196,33,8,29.21
1723,"2022-11-08",1,应急事件,179,61,56,51.56
1724,"2022-11-08",2,受理中,155,17,3,38.3
1725,"2022-11-08",2,办理中,197,36,34,19.64
1726,"2022-11-08",2,审核中,142,17,10,20.17
1727,"2022-11-08",2,待归档,169,38,13,51.86
1728,"2022-11-08",2,已回访,89,18,5,44.31
1729,"2022-11-09",1,一般,106,17,16,36.88
1730,"2022-11-09",1,紧急,169,20,12,14.12
1731,"2022-11-09",1,特急,164,25,19,58.34
1732,"2022-11-09",1,应急事件,191,82,72,48.83
1733,"2022-11-09",2,受理中,189,38,4,35.73
1734,"2022-11-09",2,办理中,161,31,4,43.11
1735,"2022-11-09",2,审核中,193,86,39,12.86
1736,"2022-11-09",2,待归档,181,43,38,10.75
1737,"2022-11-09",2,已回访,113,50,44,26.55
1738,"2022-11-10",1,一般,196,40,20,37.17
1739,"2022-11-10",1,紧急,185,35,9,50.25
1740,"2022-11-10",1,特急,189,24,11,17.96
1741,"2022-11-10",1,应急事件,134,33,13,23.3
1742,"2022-11-10",2,受理中,121,28,13,59.47
1743,"2022-11-10",2,办理中,189,73,30,20.42
1744,"2022-11-10",2,审核中,195,90,32,49.19
1745,"2022-11-10",2,待归档,147,18,6,26.92
1746,"2022-11-10",2,已回访,125,16,9,56.34
1747,"2022-11-11",1,一般,138,55,44,39.86
1748,"2022-11-11",1,紧急,89,41,2,15.13
1749,"2022-11-11",1,特急,188,58,23,17.63
1750,"2022-11-11",1,应急事件,179,41,11,23.76
1751,"2022-11-11",2,受理中,144,24,19,12.45
1752,"2022-11-11",2,办理中,143,15,8,45.09
1753,"2022-11-11",2,审核中,143,52,11,25.45
1754,"2022-11-11",2,待归档,193,49,25,57.57
1755,"2022-11-11",2,已回访,178,83,35,59.03
1756,"2022-11-12",1,一般,133,12,9,58.33
1757,"2022-11-12",1,紧急,131,59,3,55.66
1758,"2022-11-12",1,特急,200,91,25,51.31
1759,"2022-11-12",1,应急事件,153,58,17,17.44
1760,"2022-11-12",2,受理中,179,10,0,10.19
1761,"2022-11-12",2,办理中,104,41,19,48.05
1762,"2022-11-12",2,审核中,126,32,21,16.02
1763,"2022-11-12",2,待归档,145,29,16,41.02
1764,"2022-11-12",2,已回访,192,68,18,57.29
1765,"2022-11-13",1,一般,190,41,28,23.22
1766,"2022-11-13",1,紧急,197,64,32,31.85
1767,"2022-11-13",1,特急,124,40,13,25.42
1768,"2022-11-13",1,应急事件,170,53,21,15.9
1769,"2022-11-13",2,受理中,185,37,6,21.97
1770,"2022-11-13",2,办理中,126,33,3,26.46
1771,"2022-11-13",2,审核中,115,12,11,28.97
1772,"2022-11-13",2,待归档,142,57,10,19.14
1773,"2022-11-13",2,已回访,159,68,32,35.73
1774,"2022-11-14",1,一般,103,21,0,27.71
1775,"2022-11-14",1,紧急,192,31,0,31.68
1776,"2022-11-14",1,特急,133,57,42,40.81
1777,"2022-11-14",1,应急事件,154,40,5,14.56
1778,"2022-11-14",2,受理中,114,43,8,51.56
1779,"2022-11-14",2,办理中,169,47,6,14.18
1780,"2022-11-14",2,审核中,106,21,5,50.36
1781,"2022-11-14",2,待归档,172,59,26,10.64
1782,"2022-11-14",2,已回访,151,60,8,37.48
1783,"2022-11-15",1,一般,151,43,22,32.8
1784,"2022-11-15",1,紧急,147,27,4,30.59
1785,"2022-11-15",1,特急,166,21,1,59.03
1786,"2022-11-15",1,应急事件,168,26,20,54.3
1787,"2022-11-15",2,受理中,176,56,39,49.73
1788,"2022-11-15",2,办理中,128,21,12,11.69
1789,"2022-11-15",2,审核中,125,11,8,33.75
1790,"2022-11-15",2,待归档,106,14,4,46.68
1791,"2022-11-15",2,已回访,103,19,13,40.69
1792,"2022-11-16",1,一般,83,16,7,29.83
1793,"2022-11-16",1,紧急,186,43,6,50.85
1794,"2022-11-16",1,特急,145,13,7,47.27
1795,"2022-11-16",1,应急事件,84,19,10,29.73
1796,"2022-11-16",2,受理中,178,27,26,48.74
1797,"2022-11-16",2,办理中,136,11,2,28.44
1798,"2022-11-16",2,审核中,144,56,38,24.14
1799,"2022-11-16",2,待归档,145,14,0,47.95
1800,"2022-11-16",2,已回访,165,43,24,17.34
1801,"2022-11-17",1,一般,98,27,9,32.41
1802,"2022-11-17",1,紧急,135,25,15,57.29
1803,"2022-11-17",1,特急,158,20,0,30.55
1804,"2022-11-17",1,应急事件,167,39,11,47.65
1805,"2022-11-17",2,受理中,117,27,9,39.79
1806,"2022-11-17",2,办理中,139,16,7,25.76
1807,"2022-11-17",2,审核中,104,21,15,48.12
1808,"2022-11-17",2,待归档,189,68,43,18.09
1809,"2022-11-17",2,已回访,168,80,32,39.07
1810,"2022-11-18",1,一般,174,65,49,58.29
1811,"2022-11-18",1,紧急,177,20,6,45.21
1812,"2022-11-18",1,特急,145,46,35,55.79
1813,"2022-11-18",1,应急事件,120,26,5,21.57
1814,"2022-11-18",2,受理中,177,73,48,33.17
1815,"2022-11-18",2,办理中,97,25,8,18.49
1816,"2022-11-18",2,审核中,99,25,22,21.64
1817,"2022-11-18",2,待归档,119,53,1,25.18
1818,"2022-11-18",2,已回访,90,12,2,19.03
1819,"2022-11-19",1,一般,182,76,67,28.83
1820,"2022-11-19",1,紧急,135,17,9,20.63
1821,"2022-11-19",1,特急,114,27,6,21.46
1822,"2022-11-19",1,应急事件,102,12,9,43.7
1823,"2022-11-19",2,受理中,109,15,1,22.26
1824,"2022-11-19",2,办理中,97,17,8,50.41
1825,"2022-11-19",2,审核中,149,61,32,55.1
1826,"2022-11-19",2,待归档,145,31,24,57.19
1827,"2022-11-19",2,已回访,88,37,36,40.24
1828,"2022-11-20",1,一般,147,60,48,39.99
1829,"2022-11-20",1,紧急,147,60,45,33.15
1830,"2022-11-20",1,特急,172,37,12,29.69
1831,"2022-11-20",1,应急事件,172,38,7,44.71
1832,"2022-11-20",2,受理中,120,30,17,43.69
1833,"2022-11-20",2,办理中,124,61,18,49.01
1834,"2022-11-20",2,审核中,120,17,8,19.69
1835,"2022-11-20",2,待归档,149,22,5,17.66
1836,"2022-11-20",2,已回访,107,18,10,49.61
1837,"2022-11-21",1,一般,170,36,10,57.48
1838,"2022-11-21",1,紧急,100,47,12,24.31
1839,"2022-11-21",1,特急,171,51,43,11.66
1840,"2022-11-21",1,应急事件,163,76,35,16.4
1841,"2022-11-21",2,受理中,115,31,17,24.37
1842,"2022-11-21",2,办理中,161,65,54,38.28
1843,"2022-11-21",2,审核中,185,41,38,10.52
1844,"2022-11-21",2,待归档,166,14,3,55.67
1845,"2022-11-21",2,已回访,164,34,18,58.27
1846,"2022-11-22",1,一般,137,55,13,30.06
1847,"2022-11-22",1,紧急,179,46,17,49.18
1848,"2022-11-22",1,特急,141,21,6,12.64
1849,"2022-11-22",1,应急事件,85,33,26,43.29
1850,"2022-11-22",2,受理中,90,31,6,25.69
1851,"2022-11-22",2,办理中,200,71,50,34.29
1852,"2022-11-22",2,审核中,142,29,23,15.84
1853,"2022-11-22",2,待归档,109,43,3,52.8
1854,"2022-11-22",2,已回访,151,12,7,58.0
1855,"2022-11-23",1,一般,114,56,50,17.97
1856,"2022-11-23",1,紧急,136,67,56,26.95
1857,"2022-11-23",1,特急,134,55,31,59.49
1858,"2022-11-23",1,应急事件,184,43,5,26.8
1859,"2022-11-23",2,受理中,179,62,29,52.28
1860,"2022-11-23",2,办理中,91,15,11,35.57
1861,"2022-11-23",2,审核中,106,36,5,38.43
1862,"2022-11-23",2,待归档,157,30,7,23.55
1863,"2022-11-23",2,已回访,194,69,24,54.25
1864,"2022-11-24",1,一般,186,42,13,55.43
1865,"2022-11-24",1,紧急,141,63,52,25.57
1866,"2022-11-24",1,特急,117,43,22,24.88
1867,"2022-11-24",1,应急事件,81,18,8,26.37
1868,"2022-11-24",2,受理中,163,45,11,16.33
1869,"2022-11-24",2,办理中,93,18,5,30.11
1870,"2022-11-24",2,审核中,95,23,8,30.77
1871,"2022-11-24",2,待归档,184,66,53,36.5
1872,"2022-11-24",2,已回访,82,17,16,30.21
1873,"2022-11-25",1,一般,183,80,47,48.06
1874,"2022-11-25",1,紧急,168,20,17,11.58
1875,"2022-11-25",1,特急,82,17,12,59.36
1876,"2022-11-25",1,应急事件,156,32,28,34.5
1877,"2022-11-25",2,受理中,125,45,32,27.45
1878,"2022-11-25",2,办理中,197,45,23,50.84
1879,"2022-11-25",2,审核中,111,48,8,26.66
1880,"2022-11-25",2,待归档,140,20,13,22.52
1881,"2022-11-25",2,已回访,159,32,12,33.67
1882,"2022-11-26",1,一般,196,75,48,37.48
1883,"2022-11-26",1,紧急,133,21,15,29.17
1884,"2022-11-26",1,特急,120,27,24,38.47
1885,"2022-11-26",1,应急事件,131,43,32,46.97
1886,"2022-11-26",2,受理中,181,33,29,36.58
1887,"2022-11-26",2,办理中,101,31,6,40.39
1888,"2022-11-26",2,审核中,189,79,63,44.92
1889,"2022-11-26",2,待归档,198,23,0,45.99
1890,"2022-11-26",2,已回访,198,84,9,22.24
1891,"2022-11-27",1,一般,172,53,3,24.25
1892,"2022-11-27",1,紧急,110,44,38,49.24
1893,"2022-11-27",1,特急,175,48,31,43.19
1894,"2022-11-27",1,应急事件,114,30,23,45.94
1895,"2022-11-27",2,受理中,88,35,21,37.91
1896,"2022-11-27",2,办理中,176,67,18,55.95
1897,"2022-11-27",2,审核中,88,27,17,30.5
1898,"2022-11-27",2,待归档,179,19,9,51.31
1899,"2022-11-27",2,已回访,119,24,13,50.92
1900,"2022-11-28",1,一般,199,34,17,22.41
1901,"2022-11-28",1,紧急,83,21,20,29.48
1902,"2022-11-28",1,特急,175,10,0,45.07
1903,"2022-11-28",1,应急事件,160,34,32,52.4
1904,"2022-11-28",2,受理中,168,68,7,39.9
1905,"2022-11-28",2,办理中,82,12,3,13.52
1906,"2022-11-28",2,审核中,83,29,26,33.26
1907,"2022-11-28",2,待归档,196,19,0,20.09
1908,"2022-11-28",2,已回访,192,52,29,29.9
1909,"2022-11-29",1,一般,199,52,51,24.29
1910,"2022-11-29",1,紧急,113,21,11,22.35
1911,"2022-11-29",1,特急,85,21,0,23.53
1912,"2022-11-29",1,应急事件,194,34,18,46.56
1913,"2022-11-29",2,受理中,132,21,18,17.83
1914,"2022-11-29",2,办理中,179,46,41,39.11
1915,"2022-11-29",2,审核中,165,54,31,15.65
1916,"2022-11-29",2,待归档,125,46,32,45.99
1917,"2022-11-29",2,已回访,90,26,6,12.31
1918,"2022-11-30",1,一般,153,36,31,13.89
1919,"2022-11-30",1,紧急,83,29,4,30.63
1920,"2022-11-30",1,特急,154,20,11,37.1
1921,"2022-11-30",1,应急事件,138,25,5,54.4
1922,"2022-11-30",2,受理中,138,31,21,55.35
1923,"2022-11-30",2,办理中,180,37,5,17.64
1924,"2022-11-30",2,审核中,156,47,30,34.13
1925,"2022-11-30",2,待归档,112,11,2,55.66
1926,"2022-11-30",2,已回访,146,13,7,51.64
1927,"2022-12-01",1,一般,106,35,34,10.87
1928,"2022-12-01",1,紧急,150,60,21,59.63
1929,"2022-12-01",1,特急,157,18,0,37.95
1930,"2022-12-01",1,应急事件,163,51,13,33.4
1931,"2022-12-01",2,受理中,117,34,9,37.24
1932,"2022-12-01",2,办理中,137,24,23,59.57
1933,"2022-12-01",2,审核中,181,64,59,20.51
1934,"2022-12-01",2,待归档,186,54,39,36.75
1935,"2022-12-01",2,已回访,195,85,56,28.65
1936,"2022-12-02",1,一般,168,78,8,43.15
1937,"2022-12-02",1,紧急,80,23,7,49.1
1938,"2022-12-02",1,特急,145,22,14,25.97
1939,"2022-12-02",1,应急事件,89,17,15,37.89
1940,"2022-12-02",2,受理中,177,69,29,39.71
1941,"2022-12-02",2,办理中,129,55,39,31.34
1942,"2022-12-02",2,审核中,190,17,13,36.11
1943,"2022-12-02",2,待归档,106,37,21,49.91
1944,"2022-12-02",2,已回访,194,61,3,15.88
1945,"2022-12-03",1,一般,148,54,44,50.67
1946,"2022-12-03",1,紧急,179,66,2,57.44
1947,"2022-12-03",1,特急,143,15,4,24.55
1948,"2022-12-03",1,应急事件,198,64,2,54.78
1949,"2022-12-03",2,受理中,89,28,17,10.47
1950,"2022-12-03",2,办理中,86,14,5,58.18
1951,"2022-12-03",2,审核中,123,58,56,25.51
1952,"2022-12-03",2,待归档,96,11,10,27.18
1953,"2022-12-03",2,已回访,83,21,13,57.74
1954,"2022-12-04",1,一般,182,71,12,33.05
1955,"2022-12-04",1,紧急,193,78,48,48.68
1956,"2022-12-04",1,特急,177,69,19,37.11
1957,"2022-12-04",1,应急事件,119,30,9,48.26
1958,"2022-12-04",2,受理中,87,15,4,45.76
1959,"2022-12-04",2,办理中,146,72,43,28.54
1960,"2022-12-04",2,审核中,170,58,50,26.81
1961,"2022-12-04",2,待归档,178,71,41,34.94
1962,"2022-12-04",2,已回访,189,53,49,17.47
1963,"2022-12-05",1,一般,190,75,57,29.67
1964,"2022-12-05",1,紧急,113,31,20,38.55
1965,"2022-12-05",1,特急,169,56,0,39.16
1966,"2022-12-05",1,应急事件,191,29,11,13.42
1967,"2022-12-05",2,受理中,148,61,19,45.8
1968,"2022-12-05",2,办理中,94,34,20,28.86
1969,"2022-12-05",2,审核中,137,63,41,23.59
1970,"2022-12-05",2,待归档,170,39,35,55.25
1971,"2022-12-05",2,已回访,151,60,47,54.47
1972,"2022-12-06",1,一般,189,58,46,55.2
1973,"2022-12-06",1,紧急,177,79,8,58.97
1974,"2022-12-06",1,特急,115,56,23,46.28
1975,"2022-12-06",1,应急事件,154,17,11,42.24
1976,"2022-12-06",2,受理中,127,49,6,59.41
1977,"2022-12-06",2,办理中,188,66,14,53.99
1978,"2022-12-06",2,审核中,118,11,8,11.29
1979,"2022-12-06",2,待归档,160,64,13,51.57
1980,"2022-12-06",2,已回访,127,56,33,30.6
1981,"2022-12-07",1,一般,150,48,22,37.73
1982,"2022-12-07",1,紧急,164,40,10,37.61
1983,"2022-12-07",1,特急,157,65,14,30.22
1984,"2022-12-07",1,应急事件,90,24,0,42.08
1985,"2022-12-07",2,受理中,106,52,4,47.83
1986,"2022-12-07",2,办理中,101,48,45,11.78
1987,"2022-12-07",2,审核中,120,34,5,58.21
1988,"2022-12-07",2,待归档,127,11,0,18.01
1989,"2022-12-07",2,已回访,89,12,10,13.21
1990,"2022-12-08",1,一般,158,42,12,25.35
1991,"2022-12-08",1,紧急,137,67,42,33.31
1992,"2022-12-08",1,特急,128,29,5,28.33
1993,"2022-12-08",1,应急事件,105,45,43,20.91
1994,"2022-12-08",2,受理中,197,82,25,36.89
1995,"2022-12-08",2,办理中,151,28,9,52.18
1996,"2022-12-08",2,审核中,83,13,10,42.43
1997,"2022-12-08",2,待归档,136,52,35,50.22
1998,"2022-12-08",2,已回访,153,26,9,20.79
1999,"2022-12-09",1,一般,116,30,24,14.46
2000,"2022-12-09",1,紧急,121,14,6,11.74
2001,"2022-12-09",1,特急,111,25,8,50.22
2002,"2022-12-09",1,应急事件,157,58,41,42.87
2003,"2022-12-09",2,受理中,155,32,23,42.63
2004,"2022-12-09",2,办理中,103,48,23,32.59
2005,"2022-12-09",2,审核中,188,40,29,53.43
2006,"2022-12-09",2,待归档,105,34,10,39.46
2007,"2022-12-09",2,已回访,152,71,23,44.78
2008,"2022-12-10",1,一般,110,28,1,42.06
2009,"2022-12-10",1,紧急,161,11,6,44.18
2010,"2022-12-10",1,特急,127,10,5,48.78
2011,"2022-12-10",1,应急事件,150,25,17,54.09
2012,"2022-12-10",2,受理中,131,11,7,16.3
2013,"2022-12-10",2,办理中,104,39,15,41.19
2014,"2022-12-10",2,审核中,104,29,3,51.76
2015,"2022-12-10",2,待归档,159,15,3,12.87
2016,"2022-12-10",2,已回访,146,37,6,15.35
2017,"2022-12-11",1,一般,177,57,36,43.65
2018,"2022-12-11",1,紧急,131,59,38,18.38
2019,"2022-12-11",1,特急,175,23,6,40.92
2020,"2022-12-11",1,应急事件,92,30,18,30.19
2021,"2022-12-11",2,受理中,105,20,9,40.93
2022,"2022-12-11",2,办理中,84,15,8,19.09
2023,"2022-12-11",2,审核中,147,40,2,35.05
2024,"2022-12-11",2,待归档,115,26,7,45.41
2025,"2022-12-11",2,已回访,89,40,3,49.02
2026,"2022-12-12",1,一般,154,54,16,20.44
2027,"2022-12-12",1,紧急,160,53,15,23.6
2028,"2022-12-12",1,特急,194,66,50,10.76
2029,"2022-12-12",1,应急事件,82,28,6,21.57
2030,"2022-12-12",2,受理中,152,17,11,35.15
2031,"2022-12-12",2,办理中,167,46,37,30.12
2032,"2022-12-12",2,审核中,100,26,19,19.06
2033,"2022-12-12",2,待归档,107,32,25,22.19
2034,"2022-12-12",2,已回访,122,36,6,19.9
2035,"2022-12-13",1,一般,81,22,10,36.62
2036,"2022-12-13",1,紧急,106,15,12,51.57
2037,"2022-12-13",1,特急,136,13,7,32.97
2038,"2022-12-13",1,应急事件,98,24,22,16.6
2039,"2022-12-13",2,受理中,98,21,18,35.71
2040,"2022-12-13",2,办理中,122,36,0,15.96
2041,"2022-12-13",2,审核中,136,19,15,49.85
2042,"2022-12-13",2,待归档,80,27,2,19.71
2043,"2022-12-13",2,已回访,176,23,6,13.88
2044,"2022-12-14",1,一般,126,41,14,21.08
2045,"2022-12-14",1,紧急,124,28,25,53.31
2046,"2022-12-14",1,特急,128,37,28,22.65
2047,"2022-12-14",1,应急事件,108,37,12,47.89
2048,"2022-12-14",2,受理中,131,44,0,47.1
2049,"2022-12-14",2,办理中,115,36,20,18.19
2050,"2022-12-14",2,审核中,170,69,46,43.89
2051,"2022-12-14",2,待归档,191,63,2,49.5
2052,"2022-12-14",2,已回访,189,57,52,38.95
2053,"2022-12-15",1,一般,103,21,20,42.24
2054,"2022-12-15",1,紧急,168,75,17,54.27
2055,"2022-12-15",1,特急,107,13,8,57.79
2056,"2022-12-15",1,应急事件,122,14,10,59.22
2057,"2022-12-15",2,受理中,143,65,8,52.97
2058,"2022-12-15",2,办理中,193,45,18,52.35
2059,"2022-12-15",2,审核中,112,33,26,46.71
2060,"2022-12-15",2,待归档,124,44,32,36.74
2061,"2022-12-15",2,已回访,149,57,27,25.13
2062,"2022-12-16",1,一般,106,27,4,17.42
2063,"2022-12-16",1,紧急,200,75,12,44.29
2064,"2022-12-16",1,特急,115,30,22,53.59
2065,"2022-12-16",1,应急事件,154,19,15,17.99
2066,"2022-12-16",2,受理中,166,54,44,15.7
2067,"2022-12-16",2,办理中,164,10,9,25.23
2068,"2022-12-16",2,审核中,166,21,2,57.35
2069,"2022-12-16",2,待归档,166,18,10,11.09
2070,"2022-12-16",2,已回访,170,53,42,42.36
2071,"2022-12-17",1,一般,165,66,57,49.73
2072,"2022-12-17",1,紧急,138,49,48,15.44
2073,"2022-12-17",1,特急,199,61,41,14.94
2074,"2022-12-17",1,应急事件,146,40,0,59.0
2075,"2022-12-17",2,受理中,184,66,1,25.36
2076,"2022-12-17",2,办理中,157,59,35,42.65
2077,"2022-12-17",2,审核中,81,25,16,35.73
2078,"2022-12-17",2,待归档,162,24,3,48.19
2079,"2022-12-17",2,已回访,189,63,47,57.07
2080,"2022-12-18",1,一般,148,60,27,14.09
2081,"2022-12-18",1,紧急,160,63,2,19.11
2082,"2022-12-18",1,特急,106,24,14,29.99
2083,"2022-12-18",1,应急事件,199,43,30,49.57
2084,"2022-12-18",2,受理中,102,20,8,51.13
2085,"2022-12-18",2,办理中,104,18,2,16.43
2086,"2022-12-18",2,审核中,102,10,1,24.1
2087,"2022-12-18",2,待归档,164,49,34,40.25
2088,"2022-12-18",2,已回访,173,72,20,40.08
2089,"2022-12-19",1,一般,161,16,1,55.32
2090,"2022-12-19",1,紧急,118,29,2,54.01
2091,"2022-12-19",1,特急,122,31,3,32.61
2092,"2022-12-19",1,应急事件,189,47,19,32.34
2093,"2022-12-19",2,受理中,127,24,23,19.52
2094,"2022-12-19",2,办理中,145,69,6,49.92
2095,"2022-12-19",2,审核中,80,14,4,43.57
2096,"2022-12-19",2,待归档,166,67,24,33.77
2097,"2022-12-19",2,已回访,156,67,43,38.49
2098,"2022-12-20",1,一般,138,47,15,48.23
2099,"2022-12-20",1,紧急,198,32,23,48.19
2100,"2022-12-20",1,特急,91,29,8,42.06
2101,"2022-12-20",1,应急事件,113,53,18,22.02
2102,"2022-12-20",2,受理中,147,40,1,36.21
2103,"2022-12-20",2,办理中,178,64,1,12.84
2104,"2022-12-20",2,审核中,167,77,64,26.52
2105,"2022-12-20",2,待归档,80,17,13,51.19
2106,"2022-12-20",2,已回访,103,14,5,57.41
2107,"2022-12-21",1,一般,103,20,10,15.77
2108,"2022-12-21",1,紧急,172,61,29,57.34
2109,"2022-12-21",1,特急,172,44,3,13.39
2110,"2022-12-21",1,应急事件,162,23,11,14.97
2111,"2022-12-21",2,受理中,189,14,4,54.03
2112,"2022-12-21",2,办理中,161,11,2,32.68
2113,"2022-12-21",2,审核中,168,37,29,40.44
2114,"2022-12-21",2,待归档,176,16,15,24.91
2115,"2022-12-21",2,已回访,114,14,7,12.09
2116,"2022-12-22",1,一般,176,52,39,40.06
2117,"2022-12-22",1,紧急,154,27,15,39.39
2118,"2022-12-22",1,特急,94,38,0,13.71
2119,"2022-12-22",1,应急事件,84,17,2,57.16
2120,"2022-12-22",2,受理中,112,32,9,28.25
2121,"2022-12-22",2,办理中,192,37,8,10.56
2122,"2022-12-22",2,审核中,86,29,14,24.71
2123,"2022-12-22",2,待归档,83,15,7,50.43
2124,"2022-12-22",2,已回访,109,31,5,11.24
2125,"2022-12-23",1,一般,197,61,31,46.5
2126,"2022-12-23",1,紧急,105,15,8,19.19
2127,"2022-12-23",1,特急,92,12,7,27.33
2128,"2022-12-23",1,应急事件,140,45,22,53.19
2129,"2022-12-23",2,受理中,194,38,36,40.18
2130,"2022-12-23",2,办理中,135,11,2,59.88
2131,"2022-12-23",2,审核中,129,44,9,44.84
2132,"2022-12-23",2,待归档,155,36,28,28.48
2133,"2022-12-23",2,已回访,185,76,17,55.52
2134,"2022-12-24",1,一般,91,10,6,19.82
2135,"2022-12-24",1,紧急,114,20,5,34.32
2136,"2022-12-24",1,特急,120,24,2,32.41
2137,"2022-12-24",1,应急事件,100,15,5,30.36
2138,"2022-12-24",2,受理中,168,69,10,16.8
2139,"2022-12-24",2,办理中,163,29,4,58.0
2140,"2022-12-24",2,审核中,124,10,0,23.13
2141,"2022-12-24",2,待归档,157,27,6,36.14
2142,"2022-12-24",2,已回访,128,12,8,50.85
2143,"2022-12-25",1,一般,120,21,15,21.37
2144,"2022-12-25",1,紧急,150,30,27,21.24
2145,"2022-12-25",1,特急,186,80,39,50.39
2146,"2022-12-25",1,应急事件,151,39,13,51.06
2147,"2022-12-25",2,受理中,139,53,15,20.65
2148,"2022-12-25",2,办理中,150,36,8,58.47
2149,"2022-12-25",2,审核中,112,43,24,28.93
2150,"2022-12-25",2,待归档,92,43,36,32.03
2151,"2022-12-25",2,已回访,162,49,41,11.64
2152,"2022-12-26",1,一般,196,40,36,36.02
2153,"2022-12-26",1,紧急,132,59,26,41.7
2154,"2022-12-26",1,特急,196,20,7,27.31
2155,"2022-12-26",1,应急事件,142,13,9,30.86
2156,"2022-12-26",2,受理中,172,57,8,36.3
2157,"2022-12-26",2,办理中,155,26,9,20.65
2158,"2022-12-26",2,审核中,100,37,34,55.51
2159,"2022-12-26",2,待归档,142,64,19,36.53
2160,"2022-12-26",2,已回访,166,48,38,26.59
2161,"2022-12-27",1,一般,199,79,39,55.09
2162,"2022-12-27",1,紧急,143,32,11,57.55
2163,"2022-12-27",1,特急,81,37,7,36.46
2164,"2022-12-27",1,应急事件,90,32,25,35.83
2165,"2022-12-27",2,受理中,173,48,24,29.95
2166,"2022-12-27",2,办理中,145,23,11,47.59
2167,"2022-12-27",2,审核中,145,44,1,18.5
2168,"2022-12-27",2,待归档,186,67,42,28.56
2169,"2022-12-27",2,已回访,85,16,0,51.19
2170,"2022-12-28",1,一般,99,17,11,34.31
2171,"2022-12-28",1,紧急,166,77,24,38.79
2172,"2022-12-28",1,特急,196,11,1,42.96
2173,"2022-12-28",1,应急事件,121,35,23,22.8
2174,"2022-12-28",2,受理中,116,27,25,40.51
2175,"2022-12-28",2,办理中,83,21,14,20.81
2176,"2022-12-28",2,审核中,179,50,12,12.1
2177,"2022-12-28",2,待归档,149,38,16,37.3
2178,"2022-12-28",2,已回访,127,21,10,31.51
2179,"2022-12-29",1,一般,107,23,7,26.11
2180,"2022-12-29",1,紧急,160,40,37,17.34
2181,"2022-12-29",1,特急,97,16,3,13.55
2182,"2022-12-29",1,应急事件,175,74,71,12.36
2183,"2022-12-29",2,受理中,164,62,25,35.08
2184,"2022-12-29",2,办理中,131,26,12,27.55
2185,"2022-12-29",2,审核中,91,16,13,25.05
2186,"2022-12-29",2,待归档,189,62,44,50.11
2187,"2022-12-29",2,已回访,182,62,12,19.94
2188,"2022-12-30",1,一般,98,41,25,17.39
2189,"2022-12-30",1,紧急,136,34,18,16.73
2190,"2022-12-30",1,特急,173,72,59,26.78
2191,"2022-12-30",1,应急事件,101,10,7,33.65
2192,"2022-12-30",2,受理中,197,46,4,10.34
2193,"2022-12-30",2,办理中,176,12,8,11.94
2194,"2022-12-30",2,审核中,140,41,36,57.88
2195,"2022-12-30",2,待归档,111,41,5,39.35
2196,"2022-12-30",2,已回访,94,34,10,52.87
2197,"2022-12-31",1,一般,96,21,3,32.75
2198,"2022-12-31",1,紧急,106,10,7,26.7
2199,"2022-12-31",1,特急,136,56,4,21.96
2200,"2022-12-31",1,应急事件,90,24,16,10.69
2201,"2022-12-31",2,受理中,157,10,4,52.56
2202,"2022-12-31",2,办理中,195,57,26,29.79
2203,"2022-12-31",2,审核中,84,24,12,24.23
2204,"2022-12-31",2,待归档,124,45,41,45.81
2205,"2022-12-31",2,已回访,140,56,24,37.32
2206,"2023-01-01",1,一般,135,17,2,58.95
2207,"2023-01-01",1,紧急,143,30,3,43.59
2208,"2023-01-01",1,特急,186,90,43,37.02
2209,"2023-01-01",1,应急事件,80,14,11,25.28
2210,"2023-01-01",2,受理中,178,41,12,50.51
2211,"2023-01-01",2,办理中,128,17,4,25.13
2212,"2023-01-01",2,审核中,81,12,11,30.73
2213,"2023-01-01",2,待归档,168,30,11,16.74
2214,"2023-01-01",2,已回访,171,41,11,56.55
2215,"2023-01-02",1,一般,179,30,19,37.08
2216,"2023-01-02",1,紧急,190,46,34,51.13
2217,"2023-01-02",1,特急,144,10,1,49.5
2218,"2023-01-02",1,应急事件,121,12,10,28.8
2219,"2023-01-02",2,受理中,99,10,9,57.83
2220,"2023-01-02",2,办理中,98,40,37,38.5
2221,"2023-01-02",2,审核中,84,34,11,24.33
2222,"2023-01-02",2,待归档,182,52,28,22.13
2223,"2023-01-02",2,已回访,192,66,35,40.41
2224,"2023-01-03",1,一般,113,35,8,37.05
2225,"2023-01-03",1,紧急,143,66,33,50.69
2226,"2023-01-03",1,特急,118,44,0,48.86
2227,"2023-01-03",1,应急事件,149,72,44,59.49
2228,"2023-01-03",2,受理中,97,19,0,26.61
2229,"2023-01-03",2,办理中,178,84,77,24.3
2230,"2023-01-03",2,审核中,132,63,34,50.71
2231,"2023-01-03",2,待归档,120,28,26,50.45
2232,"2023-01-03",2,已回访,123,53,40,41.07
2233,"2023-01-04",1,一般,189,54,35,20.77
2234,"2023-01-04",1,紧急,153,53,31,52.11
2235,"2023-01-04",1,特急,155,76,8,39.83
2236,"2023-01-04",1,应急事件,176,21,5,25.39
2237,"2023-01-04",2,受理中,154,71,56,51.14
2238,"2023-01-04",2,办理中,174,46,12,58.67
2239,"2023-01-04",2,审核中,194,15,10,53.03
2240,"2023-01-04",2,待归档,121,58,50,24.83
2241,"2023-01-04",2,已回访,114,43,1,45.35
2242,"2023-01-05",1,一般,90,14,6,18.9
2243,"2023-01-05",1,紧急,85,18,2,26.61
2244,"2023-01-05",1,特急,171,21,11,17.98
2245,"2023-01-05",1,应急事件,109,30,16,21.96
2246,"2023-01-05",2,受理中,164,48,7,26.9
2247,"2023-01-05",2,办理中,159,31,17,54.91
2248,"2023-01-05",2,审核中,189,53,0,27.4
2249,"2023-01-05",2,待归档,171,42,10,57.44
2250,"2023-01-05",2,已回访,92,17,4,11.74
2251,"2023-01-06",1,一般,144,34,17,12.77
2252,"2023-01-06",1,紧急,100,35,6,59.66
2253,"2023-01-06",1,特急,163,53,36,24.14
2254,"2023-01-06",1,应急事件,86,28,16,56.73
2255,"2023-01-06",2,受理中,140,25,3,32.58
2256,"2023-01-06",2,办理中,144,58,22,55.51
2257,"2023-01-06",2,审核中,170,58,42,52.46
2258,"2023-01-06",2,待归档,172,59,14,10.62
2259,"2023-01-06",2,已回访,160,49,16,33.94
2260,"2023-01-07",1,一般,115,22,3,47.89
2261,"2023-01-07",1,紧急,163,51,50,39.21
2262,"2023-01-07",1,特急,120,49,3,30.78
2263,"2023-01-07",1,应急事件,136,63,32,54.65
2264,"2023-01-07",2,受理中,137,22,13,31.27
2265,"2023-01-07",2,办理中,196,68,34,11.85
2266,"2023-01-07",2,审核中,199,72,26,57.55
2267,"2023-01-07",2,待归档,195,68,28,15.05
2268,"2023-01-07",2,已回访,112,11,9,16.94
2269,"2023-01-08",1,一般,121,44,41,30.59
2270,"2023-01-08",1,紧急,126,56,29,49.27
2271,"2023-01-08",1,特急,168,70,38,47.61
2272,"2023-01-08",1,应急事件,122,49,36,29.68
2273,"2023-01-08",2,受理中,171,31,2,12.52
2274,"2023-01-08",2,办理中,110,34,33,41.01
2275,"2023-01-08",2,审核中,140,25,23,28.24
2276,"2023-01-08",2,待归档,112,13,5,25.1
2277,"2023-01-08",2,已回访,133,38,13,37.35
2278,"2023-01-09",1,一般,123,20,16,32.94
2279,"2023-01-09",1,紧急,152,19,14,50.49
2280,"2023-01-09",1,特急,91,30,7,40.02
2281,"2023-01-09",1,应急事件,166,70,24,43.04
2282,"2023-01-09",2,受理中,160,79,62,38.01
2283,"2023-01-09",2,办理中,156,62,57,10.87
2284,"2023-01-09",2,审核中,178,67,37,55.45
2285,"2023-01-09",2,待归档,178,79,23,53.26
2286,"2023-01-09",2,已回访,156,10,1,38.79
2287,"2023-01-10",1,一般,108,42,32,25.63
2288,"2023-01-10",1,紧急,141,68,17,17.05
2289,"2023-01-10",1,特急,122,42,39,59.8
2290,"2023-01-10",1,应急事件,184,42,0,48.97
2291,"2023-01-10",2,受理中,172,57,46,40.64
2292,"2023-01-10",2,办理中,99,39,22,15.89
2293,"2023-01-10",2,审核中,140,61,38,18.0
2294,"2023-01-10",2,待归档,116,29,4,40.17
2295,"2023-01-10",2,已回访,195,48,16,19.51
2296,"2023-01-11",1,一般,95,41,7,58.08
2297,"2023-01-11",1,紧急,168,51,47,19.95
2298,"2023-01-11",1,特急,149,59,24,24.19
2299,"2023-01-11",1,应急事件,198,51,33,21.04
2300,"2023-01-11",2,受理中,123,14,3,25.03
2301,"2023-01-11",2,办理中,149,49,27,26.5
2302,"2023-01-11",2,审核中,136,38,26,42.17
2303,"2023-01-11",2,待归档,94,38,32,47.52
2304,"2023-01-11",2,已回访,129,53,15,52.7
2305,"2023-01-12",1,一般,86,18,12,50.6
2306,"2023-01-12",1,紧急,190,18,10,49.09
2307,"2023-01-12",1,特急,159,20,5,46.0
2308,"2023-01-12",1,应急事件,165,81,17,50.09
2309,"2023-01-12",2,受理中,198,40,23,46.17
2310,"2023-01-12",2,办理中,126,12,9,54.61
2311,"2023-01-12",2,审核中,108,36,26,25.7
2312,"2023-01-12",2,待归档,119,14,6,37.7
2313,"2023-01-12",2,已回访,90,40,25,45.72
2314,"2023-01-13",1,一般,123,50,30,27.42
2315,"2023-01-13",1,紧急,152,30,18,36.78
2316,"2023-01-13",1,特急,179,62,11,54.73
2317,"2023-01-13",1,应急事件,150,36,22,12.45
2318,"2023-01-13",2,受理中,175,43,21,18.94
2319,"2023-01-13",2,办理中,174,37,36,48.67
2320,"2023-01-13",2,审核中,105,37,21,12.08
2321,"2023-01-13",2,待归档,117,14,3,24.9
2322,"2023-01-13",2,已回访,183,43,26,18.13
2323,"2023-01-14",1,一般,200,71,50,47.59
2324,"2023-01-14",1,紧急,143,21,16,16.13
2325,"2023-01-14",1,特急,122,53,1,52.44
2326,"2023-01-14",1,应急事件,115,19,11,52.91
2327,"2023-01-14",2,受理中,95,46,26,21.26
2328,"2023-01-14",2,办理中,150,29,19,56.5
2329,"2023-01-14",2,审核中,156,68,40,26.03
2330,"2023-01-14",2,待归档,149,44,6,27.83
2331,"2023-01-14",2,已回访,104,26,6,14.65
2332,"2023-01-15",1,一般,145,57,54,41.52
2333,"2023-01-15",1,紧急,114,24,18,15.28
2334,"2023-01-15",1,特急,91,16,8,43.3
2335,"2023-01-15",1,应急事件,111,46,2,34.4
2336,"2023-01-15",2,受理中,166,76,4,11.09
2337,"2023-01-15",2,办理中,151,11,10,43.85
2338,"2023-01-15",2,审核中,189,31,7,53.18
2339,"2023-01-15",2,待归档,163,65,30,41.44
2340,"2023-01-15",2,已回访,91,18,0,14.89
2341,"2023-01-16",1,一般,90,19,12,48.74
2342,"2023-01-16",1,紧急,157,66,0,40.42
2343,"2023-01-16",1,特急,99,43,6,27.73
2344,"2023-01-16",1,应急事件,148,73,18,24.57
2345,"2023-01-16",2,受理中,168,77,12,44.11
2346,"2023-01-16",2,办理中,91,16,5,34.1
2347,"2023-01-16",2,审核中,192,19,4,33.06
2348,"2023-01-16",2,待归档,191,55,45,46.09
2349,"2023-01-16",2,已回访,144,54,25,16.45
2350,"2023-01-17",1,一般,108,16,4,20.48
2351,"2023-01-17",1,紧急,132,65,45,54.46
2352,"2023-01-17",1,特急,174,57,35,50.72
2353,"2023-01-17",1,应急事件,167,75,67,24.32
2354,"2023-01-17",2,受理中,161,76,50,35.62
2355,"2023-01-17",2,办理中,143,27,11,26.69
2356,"2023-01-17",2,审核中,85,17,6,54.99
2357,"2023-01-17",2,待归档,89,16,12,42.62
2358,"2023-01-17",2,已回访,116,11,5,14.95
2359,"2023-01-18",1,一般,142,20,17,19.55
2360,"2023-01-18",1,紧急,129,46,8,13.08
2361,"2023-01-18",1,特急,137,30,29,25.73
2362,"2023-01-18",1,应急事件,133,36,34,20.35
2363,"2023-01-18",2,受理中,100,25,18,42.01
2364,"2023-01-18",2,办理中,117,57,49,52.79
2365,"2023-01-18",2,审核中,121,13,4,50.67
2366,"2023-01-18",2,待归档,133,61,20,40.17
2367,"2023-01-18",2,已回访,110,18,6,16.47
2368,"2023-01-19",1,一般,167,49,41,20.97
2369,"2023-01-19",1,紧急,174,33,26,32.41
2370,"2023-01-19",1,特急,179,16,1,12.54
2371,"2023-01-19",1,应急事件,199,94,90,17.22
2372,"2023-01-19",2,受理中,190,26,8,31.3
2373,"2023-01-19",2,办理中,141,36,11,53.42
2374,"2023-01-19",2,审核中,88,23,1,22.07
2375,"2023-01-19",2,待归档,178,11,4,54.81
2376,"2023-01-19",2,已回访,114,47,23,27.18
2377,"2023-01-20",1,一般,123,14,13,36.8
2378,"2023-01-20",1,紧急,130,34,13,36.23
2379,"2023-01-20",1,特急,85,35,5,56.55
2380,"2023-01-20",1,应急事件,96,41,1,19.5
2381,"2023-01-20",2,受理中,92,17,7,50.2
2382,"2023-01-20",2,办理中,95,20,3,19.69
2383,"2023-01-20",2,审核中,184,30,13,38.08
2384,"2023-01-20",2,待归档,100,27,9,10.95
2385,"2023-01-20",2,已回访,197,34,15,24.6
2386,"2023-01-21",1,一般,150,19,14,46.77
2387,"2023-01-21",1,紧急,154,14,11,19.05
2388,"2023-01-21",1,特急,126,36,23,44.97
2389,"2023-01-21",1,应急事件,88,10,6,10.61
2390,"2023-01-21",2,受理中,182,20,15,59.94
2391,"2023-01-21",2,办理中,118,57,22,14.32
2392,"2023-01-21",2,审核中,126,42,7,54.48
2393,"2023-01-21",2,待归档,92,42,32,43.12
2394,"2023-01-21",2,已回访,106,42,0,22.47
2395,"2023-01-22",1,一般,149,27,17,16.1
2396,"2023-01-22",1,紧急,148,51,13,48.43
2397,"2023-01-22",1,特急,128,54,39,28.92
2398,"2023-01-22",1,应急事件,98,42,41,30.64
2399,"2023-01-22",2,受理中,120,33,1,40.79
2400,"2023-01-22",2,办理中,142,43,41,55.37
2401,"2023-01-22",2,审核中,114,37,33,56.87
2402,"2023-01-22",2,待归档,98,33,26,54.63
2403,"2023-01-22",2,已回访,109,19,6,23.6
2404,"2023-01-23",1,一般,178,39,7,44.98
2405,"2023-01-23",1,紧急,155,75,55,28.97
2406,"2023-01-23",1,特急,199,76,57,22.45
2407,"2023-01-23",1,应急事件,194,25,20,35.31
2408,"2023-01-23",2,受理中,200,95,93,34.45
2409,"2023-01-23",2,办理中,132,64,32,24.15
2410,"2023-01-23",2,审核中,122,14,9,50.1
2411,"2023-01-23",2,待归档,137,10,0,24.99
2412,"2023-01-23",2,已回访,148,67,46,48.16
2413,"2023-01-24",1,一般,188,22,4,51.0
2414,"2023-01-24",1,紧急,147,69,19,24.32
2415,"2023-01-24",1,特急,124,24,15,39.4
2416,"2023-01-24",1,应急事件,99,42,38,45.47
2417,"2023-01-24",2,受理中,191,41,1,51.41
2418,"2023-01-24",2,办理中,102,37,34,46.86
2419,"2023-01-24",2,审核中,107,30,10,42.26
2420,"2023-01-24",2,待归档,162,19,16,11.97
2421,"2023-01-24",2,已回访,109,34,2,49.3
2422,"2023-01-25",1,一般,159,40,4,57.47
2423,"2023-01-25",1,紧急,195,18,17,55.93
2424,"2023-01-25",1,特急,120,19,8,25.83
2425,"2023-01-25",1,应急事件,86,25,14,36.56
2426,"2023-01-25",2,受理中,192,86,65,34.48
2427,"2023-01-25",2,办理中,128,19,10,37.76
2428,"2023-01-25",2,审核中,138,21,4,46.26
2429,"2023-01-25",2,待归档,191,66,44,16.4
2430,"2023-01-25",2,已回访,128,11,8,50.19
2431,"2023-01-26",1,一般,136,63,14,53.79
2432,"2023-01-26",1,紧急,148,17,11,38.1
2433,"2023-01-26",1,特急,181,57,41,22.14
2434,"2023-01-26",1,应急事件,81,28,11,40.74
2435,"2023-01-26",2,受理中,82,24,9,34.36
2436,"2023-01-26",2,办理中,161,31,8,43.84
2437,"2023-01-26",2,审核中,126,39,15,33.2
2438,"2023-01-26",2,待归档,132,32,20,27.43
2439,"2023-01-26",2,已回访,85,19,0,36.55
2440,"2023-01-27",1,一般,159,14,11,16.19
2441,"2023-01-27",1,紧急,187,64,42,35.01
2442,"2023-01-27",1,特急,94,21,2,56.19
2443,"2023-01-27",1,应急事件,118,37,27,37.96
2444,"2023-01-27",2,受理中,83,17,12,20.4
2445,"2023-01-27",2,办理中,171,29,14,54.98
2446,"2023-01-27",2,审核中,99,31,0,31.48
2447,"2023-01-27",2,待归档,193,58,41,49.58
2448,"2023-01-27",2,已回访,187,14,5,29.95
2449,"2023-01-28",1,一般,189,69,25,50.68
2450,"2023-01-28",1,紧急,115,47,27,19.31
2451,"2023-01-28",1,特急,151,41,37,40.87
2452,"2023-01-28",1,应急事件,156,20,11,35.73
2453,"2023-01-28",2,受理中,137,63,13,51.34
2454,"2023-01-28",2,办理中,179,27,8,34.68
2455,"2023-01-28",2,审核中,115,45,18,54.95
2456,"2023-01-28",2,待归档,191,62,33,34.83
2457,"2023-01-28",2,已回访,166,80,43,23.4
2458,"2023-01-29",1,一般,125,20,12,48.53
2459,"2023-01-29",1,紧急,139,24,17,29.74
2460,"2023-01-29",1,特急,134,54,29,25.27
2461,"2023-01-29",1,应急事件,174,68,21,25.14
2462,"2023-01-29",2,受理中,92,38,8,47.93
2463,"2023-01-29",2,办理中,200,63,23,37.52
2464,"2023-01-29",2,审核中,163,17,10,59.52
2465,"2023-01-29",2,待归档,157,59,18,22.54
2466,"2023-01-29",2,已回访,154,50,6,24.68
2467,"2023-01-30",1,一般,89,35,14,22.38
2468,"2023-01-30",1,紧急,163,53,28,23.18
2469,"2023-01-30",1,特急,93,34,9,41.25
2470,"2023-01-30",1,应急事件,144,43,8,54.8
2471,"2023-01-30",2,受理中,97,32,6,47.3
2472,"2023-01-30",2,办理中,126,53,45,58.37
2473,"2023-01-30",2,审核中,187,62,26,44.73
2474,"2023-01-30",2,待归档,198,96,55,15.33
2475,"2023-01-30",2,已回访,198,20,13,54.08
2476,"2023-01-31",1,一般,171,32,5,40.85
2477,"2023-01-31",1,紧急,82,35,12,31.57
2478,"2023-01-31",1,特急,146,61,36,59.01
2479,"2023-01-31",1,应急事件,173,33,9,57.22
2480,"2023-01-31",2,受理中,100,16,15,42.27
2481,"2023-01-31",2,办理中,160,72,15,24.11
2482,"2023-01-31",2,审核中,180,12,9,36.16
2483,"2023-01-31",2,待归档,188,47,9,38.36
2484,"2023-01-31",2,已回访,97,33,30,18.7
2485,"2023-02-01",1,一般,186,41,4,10.84
2486,"2023-02-01",1,紧急,123,23,9,16.07
2487,"2023-02-01",1,特急,189,25,18,59.26
2488,"2023-02-01",1,应急事件,180,17,9,40.99
2489,"2023-02-01",2,受理中,189,29,4,34.85
2490,"2023-02-01",2,办理中,83,16,8,52.8
2491,"2023-02-01",2,审核中,172,53,4,36.81
2492,"2023-02-01",2,待归档,133,25,12,38.08
2493,"2023-02-01",2,已回访,119,30,23,11.93
2494,"2023-02-02",1,一般,106,44,23,37.37
2495,"2023-02-02",1,紧急,105,10,0,39.12
2496,"2023-02-02",1,特急,141,22,19,43.58
2497,"2023-02-02",1,应急事件,144,51,33,12.11
2498,"2023-02-02",2,受理中,88,25,20,37.23
2499,"2023-02-02",2,办理中,102,47,23,51.6
2500,"2023-02-02",2,审核中,193,62,26,58.47
2501,"2023-02-02",2,待归档,122,24,19,20.25
2502,"2023-02-02",2,已回访,95,37,16,19.29
2503,"2023-02-03",1,一般,191,68,24,34.54
2504,"2023-02-03",1,紧急,84,35,22,25.06
2505,"2023-02-03",1,特急,94,30,27,11.11
2506,"2023-02-03",1,应急事件,104,41,0,23.16
2507,"2023-02-03",2,受理中,152,48,5,21.2
2508,"2023-02-03",2,办理中,140,25,14,46.67
2509,"2023-02-03",2,审核中,179,28,17,33.88
2510,"2023-02-03",2,待归档,193,32,14,36.05
2511,"2023-02-03",2,已回访,156,26,3,24.68
2512,"2023-02-04",1,一般,160,43,39,16.8
2513,"2023-02-04",1,紧急,91,26,22,28.56
2514,"2023-02-04",1,特急,165,38,21,31.66
2515,"2023-02-04",1,应急事件,141,47,32,42.06
2516,"2023-02-04",2,受理中,111,45,39,17.11
2517,"2023-02-04",2,办理中,103,29,10,58.15
2518,"2023-02-04",2,审核中,104,27,16,26.32
2519,"2023-02-04",2,待归档,148,24,1,39.66
2520,"2023-02-04",2,已回访,97,31,11,54.46
2521,"2023-02-05",1,一般,190,25,5,52.5
2522,"2023-02-05",1,紧急,123,11,3,45.36
2523,"2023-02-05",1,特急,91,24,2,41.25
2524,"2023-02-05",1,应急事件,99,34,13,43.56
2525,"2023-02-05",2,受理中,149,70,61,56.39
2526,"2023-02-05",2,办理中,129,36,23,26.07
2527,"2023-02-05",2,审核中,117,13,0,31.41
2528,"2023-02-05",2,待归档,115,49,2,40.25
2529,"2023-02-05",2,已回访,103,38,10,48.65
2530,"2023-02-06",1,一般,156,21,14,13.55
2531,"2023-02-06",1,紧急,106,38,36,37.92
2532,"2023-02-06",1,特急,137,62,6,49.25
2533,"2023-02-06",1,应急事件,147,46,12,47.73
2534,"2023-02-06",2,受理中,85,16,9,23.31
2535,"2023-02-06",2,办理中,187,77,16,37.12
2536,"2023-02-06",2,审核中,118,26,5,38.58
2537,"2023-02-06",2,待归档,180,85,21,37.09
2538,"2023-02-06",2,已回访,140,45,11,30.01
2539,"2023-02-07",1,一般,133,10,5,50.27
2540,"2023-02-07",1,紧急,133,42,21,10.45
2541,"2023-02-07",1,特急,119,40,32,43.39
2542,"2023-02-07",1,应急事件,163,18,1,36.09
2543,"2023-02-07",2,受理中,102,31,28,43.44
2544,"2023-02-07",2,办理中,150,35,19,48.01
2545,"2023-02-07",2,审核中,114,43,21,59.07
2546,"2023-02-07",2,待归档,147,70,22,51.96
2547,"2023-02-07",2,已回访,143,29,23,36.42
2548,"2023-02-08",1,一般,139,21,20,14.5
2549,"2023-02-08",1,紧急,123,55,37,34.69
2550,"2023-02-08",1,特急,128,58,26,27.85
2551,"2023-02-08",1,应急事件,84,37,14,58.56
2552,"2023-02-08",2,受理中,109,45,18,44.49
2553,"2023-02-08",2,办理中,140,34,7,18.3
2554,"2023-02-08",2,审核中,115,56,25,45.69
2555,"2023-02-08",2,待归档,115,51,35,51.47
2556,"2023-02-08",2,已回访,112,46,32,49.58
2557,"2023-02-09",1,一般,191,10,6,52.52
2558,"2023-02-09",1,紧急,95,20,1,12.89
2559,"2023-02-09",1,特急,82,12,8,41.4
2560,"2023-02-09",1,应急事件,123,55,51,32.13
2561,"2023-02-09",2,受理中,200,72,30,46.6
2562,"2023-02-09",2,办理中,101,37,19,21.26
2563,"2023-02-09",2,审核中,187,19,0,54.02
2564,"2023-02-09",2,待归档,111,10,3,46.53
2565,"2023-02-09",2,已回访,189,35,10,53.35
2566,"2023-02-10",1,一般,88,28,17,52.04
2567,"2023-02-10",1,紧急,148,40,33,24.63
2568,"2023-02-10",1,特急,189,76,15,51.45
2569,"2023-02-10",1,应急事件,198,50,40,23.54
2570,"2023-02-10",2,受理中,170,75,38,33.74
2571,"2023-02-10",2,办理中,121,21,1,23.07
2572,"2023-02-10",2,审核中,93,13,3,37.48
2573,"2023-02-10",2,待归档,188,57,29,26.88
2574,"2023-02-10",2,已回访,84,16,12,21.61
2575,"2023-02-11",1,一般,193,79,44,40.08
2576,"2023-02-11",1,紧急,104,50,45,55.34
2577,"2023-02-11",1,特急,101,38,22,34.02
2578,"2023-02-11",1,应急事件,153,10,4,35.27
2579,"2023-02-11",2,受理中,172,68,52,11.4
2580,"2023-02-11",2,办理中,172,53,44,31.07
2581,"2023-02-11",2,审核中,87,42,39,58.48
2582,"2023-02-11",2,待归档,98,39,19,36.61
2583,"2023-02-11",2,已回访,182,14,3,29.31
2584,"2023-02-12",1,一般,123,50,4,12.31
2585,"2023-02-12",1,紧急,178,74,27,45.97
2586,"2023-02-12",1,特急,182,64,54,42.08
2587,"2023-02-12",1,应急事件,191,33,32,29.88
2588,"2023-02-12",2,受理中,188,86,38,12.44
2589,"2023-02-12",2,办理中,143,21,14,26.61
2590,"2023-02-12",2,审核中,123,14,12,57.01
2591,"2023-02-12",2,待归档,124,21,19,45.47
2592,"2023-02-12",2,已回访,198,59,45,25.21
2593,"2023-02-13",1,一般,109,35,16,20.87
2594,"2023-02-13",1,紧急,190,49,25,20.55
2595,"2023-02-13",1,特急,88,41,22,29.0
2596,"2023-02-13",1,应急事件,169,83,44,42.46
2597,"2023-02-13",2,受理中,128,57,45,22.96
2598,"2023-02-13",2,办理中,109,50,22,43.76
2599,"2023-02-13",2,审核中,163,46,16,55.59
2600,"2023-02-13",2,待归档,158,60,19,38.35
2601,"2023-02-13",2,已回访,166,51,12,19.17
2602,"2023-02-14",1,一般,111,49,2,37.56
2603,"2023-02-14",1,紧急,160,36,16,58.91
2604,"2023-02-14",1,特急,110,45,42,27.75
2605,"2023-02-14",1,应急事件,191,78,46,16.87
2606,"2023-02-14",2,受理中,89,26,24,11.31
2607,"2023-02-14",2,办理中,106,21,16,28.67
2608,"2023-02-14",2,审核中,113,54,31,43.97
2609,"2023-02-14",2,待归档,165,24,18,52.26
2610,"2023-02-14",2,已回访,130,63,59,26.46
2611,"2023-02-15",1,一般,181,75,60,21.26
2612,"2023-02-15",1,紧急,178,53,36,31.29
2613,"2023-02-15",1,特急,151,15,2,55.95
2614,"2023-02-15",1,应急事件,92,10,7,12.15
2615,"2023-02-15",2,受理中,127,62,3,37.66
2616,"2023-02-15",2,办理中,184,23,10,35.66
2617,"2023-02-15",2,审核中,173,42,30,43.84
2618,"2023-02-15",2,待归档,120,27,24,50.07
2619,"2023-02-15",2,已回访,162,18,6,20.69
2620,"2023-02-16",1,一般,98,10,6,26.35
2621,"2023-02-16",1,紧急,84,13,0,16.14
2622,"2023-02-16",1,特急,83,36,35,33.73
2623,"2023-02-16",1,应急事件,191,81,67,38.35
2624,"2023-02-16",2,受理中,116,27,16,34.25
2625,"2023-02-16",2,办理中,80,37,6,15.87
2626,"2023-02-16",2,审核中,151,56,4,31.42
2627,"2023-02-16",2,待归档,90,11,9,46.66
2628,"2023-02-16",2,已回访,170,30,2,37.14
2629,"2023-02-17",1,一般,135,20,15,32.27
2630,"2023-02-17",1,紧急,120,56,19,39.5
2631,"2023-02-17",1,特急,89,11,9,10.8
2632,"2023-02-17",1,应急事件,188,24,7,58.15
2633,"2023-02-17",2,受理中,83,16,1,58.34
2634,"2023-02-17",2,办理中,100,38,2,41.41
2635,"2023-02-17",2,审核中,155,24,19,59.05
2636,"2023-02-17",2,待归档,92,36,7,14.13
2637,"2023-02-17",2,已回访,189,77,47,23.74
2638,"2023-02-18",1,一般,188,22,18,58.46
2639,"2023-02-18",1,紧急,151,54,4,26.35
2640,"2023-02-18",1,特急,127,12,3,52.46
2641,"2023-02-18",1,应急事件,175,70,42,57.79
2642,"2023-02-18",2,受理中,82,33,0,44.93
2643,"2023-02-18",2,办理中,83,19,15,16.34
2644,"2023-02-18",2,审核中,167,81,33,45.35
2645,"2023-02-18",2,待归档,195,36,13,25.51
2646,"2023-02-18",2,已回访,89,16,4,44.35
2647,"2023-02-19",1,一般,155,19,9,43.97
2648,"2023-02-19",1,紧急,160,49,33,14.34
2649,"2023-02-19",1,特急,157,73,68,25.53
2650,"2023-02-19",1,应急事件,176,80,16,45.25
2651,"2023-02-19",2,受理中,199,43,32,33.57
2652,"2023-02-19",2,办理中,182,14,5,42.12
2653,"2023-02-19",2,审核中,163,53,17,36.27
2654,"2023-02-19",2,待归档,104,43,32,37.69
2655,"2023-02-19",2,已回访,163,53,2,28.17
2656,"2023-02-20",1,一般,197,38,0,30.9
2657,"2023-02-20",1,紧急,122,25,8,16.61
2658,"2023-02-20",1,特急,109,41,20,50.61
2659,"2023-02-20",1,应急事件,88,29,1,35.45
2660,"2023-02-20",2,受理中,152,74,52,47.56
2661,"2023-02-20",2,办理中,101,28,21,24.58
2662,"2023-02-20",2,审核中,129,13,3,29.94
2663,"2023-02-20",2,待归档,119,41,32,56.41
2664,"2023-02-20",2,已回访,94,16,15,21.4
2665,"2023-02-21",1,一般,121,42,24,36.25
2666,"2023-02-21",1,紧急,147,26,2,54.37
2667,"2023-02-21",1,特急,135,41,39,54.48
2668,"2023-02-21",1,应急事件,90,28,11,54.51
2669,"2023-02-21",2,受理中,160,33,19,51.41
2670,"2023-02-21",2,办理中,196,70,56,52.28
2671,"2023-02-21",2,审核中,101,30,2,40.43
2672,"2023-02-21",2,待归档,100,30,1,28.36
2673,"2023-02-21",2,已回访,123,55,16,14.82
2674,"2023-02-22",1,一般,171,75,55,13.83
2675,"2023-02-22",1,紧急,80,13,11,54.3
2676,"2023-02-22",1,特急,85,26,13,33.08
2677,"2023-02-22",1,应急事件,134,37,36,59.07
2678,"2023-02-22",2,受理中,94,12,1,50.26
2679,"2023-02-22",2,办理中,97,47,46,32.21
2680,"2023-02-22",2,审核中,141,64,42,56.15
2681,"2023-02-22",2,待归档,154,43,41,48.81
2682,"2023-02-22",2,已回访,123,49,9,50.35
2683,"2023-02-23",1,一般,84,33,2,49.69
2684,"2023-02-23",1,紧急,180,64,40,30.58
2685,"2023-02-23",1,特急,195,65,30,38.98
2686,"2023-02-23",1,应急事件,194,79,50,14.28
2687,"2023-02-23",2,受理中,191,48,4,54.26
2688,"2023-02-23",2,办理中,161,57,18,46.22
2689,"2023-02-23",2,审核中,90,27,24,43.9
2690,"2023-02-23",2,待归档,104,12,3,51.02
2691,"2023-02-23",2,已回访,159,41,24,42.28
2692,"2023-02-24",1,一般,102,31,24,35.53
2693,"2023-02-24",1,紧急,90,40,35,42.67
2694,"2023-02-24",1,特急,143,43,10,18.53
2695,"2023-02-24",1,应急事件,164,13,9,30.81
2696,"2023-02-24",2,受理中,117,39,10,34.84
2697,"2023-02-24",2,办理中,197,26,9,24.37
2698,"2023-02-24",2,审核中,140,39,25,57.11
2699,"2023-02-24",2,待归档,175,67,49,48.45
2700,"2023-02-24",2,已回访,153,74,36,49.59
2701,"2023-02-25",1,一般,168,15,14,44.14
2702,"2023-02-25",1,紧急,99,44,37,48.27
2703,"2023-02-25",1,特急,166,68,0,40.67
2704,"2023-02-25",1,应急事件,134,31,29,19.85
2705,"2023-02-25",2,受理中,167,17,5,36.01
2706,"2023-02-25",2,办理中,112,37,0,22.0
2707,"2023-02-25",2,审核中,100,13,12,53.22
2708,"2023-02-25",2,待归档,160,73,4,49.1
2709,"2023-02-25",2,已回访,127,55,25,53.29
2710,"2023-02-26",1,一般,145,41,16,34.18
2711,"2023-02-26",1,紧急,119,13,8,48.28
2712,"2023-02-26",1,特急,101,37,20,31.0
2713,"2023-02-26",1,应急事件,111,26,16,34.85
2714,"2023-02-26",2,受理中,148,45,22,48.77
2715,"2023-02-26",2,办理中,96,23,3,51.55
2716,"2023-02-26",2,审核中,110,11,5,13.56
2717,"2023-02-26",2,待归档,117,29,12,54.93
2718,"2023-02-26",2,已回访,139,32,15,22.59
2719,"2023-02-27",1,一般,132,42,14,50.7
2720,"2023-02-27",1,紧急,162,42,37,56.64
2721,"2023-02-27",1,特急,85,26,25,50.15
2722,"2023-02-27",1,应急事件,96,17,4,16.93
2723,"2023-02-27",2,受理中,188,25,12,35.67
2724,"2023-02-27",2,办理中,98,40,36,24.02
2725,"2023-02-27",2,审核中,98,44,6,31.66
2726,"2023-02-27",2,待归档,121,49,6,17.77
2727,"2023-02-27",2,已回访,94,38,30,49.64
2728,"2023-02-28",1,一般,101,49,38,16.73
2729,"2023-02-28",1,紧急,200,43,37,32.73
2730,"2023-02-28",1,特急,117,35,20,13.37
2731,"2023-02-28",1,应急事件,114,45,4,58.2
2732,"2023-02-28",2,受理中,173,33,2,51.92
2733,"2023-02-28",2,办理中,153,50,47,39.68
2734,"2023-02-28",2,审核中,135,48,34,54.52
2735,"2023-02-28",2,待归档,93,39,0,12.67
2736,"2023-02-28",2,已回访,129,12,2,44.51
2737,"2023-03-01",1,一般,131,53,5,25.06
2738,"2023-03-01",1,紧急,119,55,14,16.15
2739,"2023-03-01",1,特急,193,91,0,34.95
2740,"2023-03-01",1,应急事件,144,23,15,38.26
2741,"2023-03-01",2,受理中,158,60,23,53.83
2742,"2023-03-01",2,办理中,120,22,8,53.68
2743,"2023-03-01",2,审核中,188,63,34,28.61
2744,"2023-03-01",2,待归档,94,33,4,47.91
2745,"2023-03-01",2,已回访,105,49,13,34.1
2746,"2023-03-02",1,一般,175,68,29,42.2
2747,"2023-03-02",1,紧急,97,36,23,42.77
2748,"2023-03-02",1,特急,128,23,13,18.61
2749,"2023-03-02",1,应急事件,138,37,19,24.21
2750,"2023-03-02",2,受理中,91,24,5,39.41
2751,"2023-03-02",2,办理中,82,17,10,24.62
2752,"2023-03-02",2,审核中,168,44,1,44.69
2753,"2023-03-02",2,待归档,150,15,12,15.97
2754,"2023-03-02",2,已回访,174,23,11,51.41
2755,"2023-03-03",1,一般,95,20,3,33.9
2756,"2023-03-03",1,紧急,81,39,20,15.67
2757,"2023-03-03",1,特急,87,23,14,56.36
2758,"2023-03-03",1,应急事件,95,36,2,57.02
2759,"2023-03-03",2,受理中,126,56,54,34.51
2760,"2023-03-03",2,办理中,124,39,8,55.13
2761,"2023-03-03",2,审核中,97,25,9,45.22
2762,"2023-03-03",2,待归档,103,40,12,22.43
2763,"2023-03-03",2,已回访,132,26,7,50.55
2764,"2023-03-04",1,一般,126,47,1,34.38
2765,"2023-03-04",1,紧急,91,20,18,22.14
2766,"2023-03-04",1,特急,139,27,22,21.84
2767,"2023-03-04",1,应急事件,81,29,6,47.02
2768,"2023-03-04",2,受理中,188,23,3,53.99
2769,"2023-03-04",2,办理中,197,89,48,50.59
2770,"2023-03-04",2,审核中,162,77,64,52.6
2771,"2023-03-04",2,待归档,182,82,16,40.27
2772,"2023-03-04",2,已回访,128,42,21,37.45
2773,"2023-03-05",1,一般,132,29,19,13.28
2774,"2023-03-05",1,紧急,181,34,21,32.22
2775,"2023-03-05",1,特急,143,20,19,25.55
2776,"2023-03-05",1,应急事件,80,34,4,59.73
2777,"2023-03-05",2,受理中,164,66,19,57.44
2778,"2023-03-05",2,办理中,191,34,27,40.46
2779,"2023-03-05",2,审核中,156,29,18,54.14
2780,"2023-03-05",2,待归档,198,97,65,31.91
2781,"2023-03-05",2,已回访,91,31,5,40.06
2782,"2023-03-06",1,一般,105,34,8,27.06
2783,"2023-03-06",1,紧急,199,11,6,40.92
2784,"2023-03-06",1,特急,119,54,37,56.94
2785,"2023-03-06",1,应急事件,158,12,1,48.96
2786,"2023-03-06",2,受理中,174,59,31,56.62
2787,"2023-03-06",2,办理中,159,17,0,25.74
2788,"2023-03-06",2,审核中,177,76,0,16.1
2789,"2023-03-06",2,待归档,84,34,22,42.08
2790,"2023-03-06",2,已回访,120,41,23,42.73
2791,"2023-03-07",1,一般,141,58,6,52.66
2792,"2023-03-07",1,紧急,197,77,20,51.53
2793,"2023-03-07",1,特急,160,34,16,48.64
2794,"2023-03-07",1,应急事件,127,20,18,55.22
2795,"2023-03-07",2,受理中,148,47,5,46.28
2796,"2023-03-07",2,办理中,174,82,47,39.05
2797,"2023-03-07",2,审核中,109,21,20,51.16
2798,"2023-03-07",2,待归档,105,41,29,57.37
2799,"2023-03-07",2,已回访,113,48,16,33.54
2800,"2023-03-08",1,一般,191,40,18,16.94
2801,"2023-03-08",1,紧急,200,62,7,59.37
2802,"2023-03-08",1,特急,123,10,1,49.8
2803,"2023-03-08",1,应急事件,170,23,18,23.9
2804,"2023-03-08",2,受理中,80,29,8,21.31
2805,"2023-03-08",2,办理中,109,26,0,41.23
2806,"2023-03-08",2,审核中,146,18,0,13.26
2807,"2023-03-08",2,待归档,151,39,6,30.11
2808,"2023-03-08",2,已回访,165,59,33,43.5
2809,"2023-03-09",1,一般,175,40,19,55.32
2810,"2023-03-09",1,紧急,88,40,12,26.43
2811,"2023-03-09",1,特急,85,28,19,46.78
2812,"2023-03-09",1,应急事件,161,76,53,37.72
2813,"2023-03-09",2,受理中,92,18,6,40.4
2814,"2023-03-09",2,办理中,197,24,17,22.71
2815,"2023-03-09",2,审核中,139,67,65,48.34
2816,"2023-03-09",2,待归档,185,18,12,15.36
2817,"2023-03-09",2,已回访,104,33,29,41.5
2818,"2023-03-10",1,一般,124,61,26,39.8
2819,"2023-03-10",1,紧急,164,12,5,27.22
2820,"2023-03-10",1,特急,96,13,7,27.95
2821,"2023-03-10",1,应急事件,135,60,32,45.4
2822,"2023-03-10",2,受理中,183,82,35,10.64
2823,"2023-03-10",2,办理中,151,19,13,17.41
2824,"2023-03-10",2,审核中,196,31,27,39.36
2825,"2023-03-10",2,待归档,153,66,52,18.2
2826,"2023-03-10",2,已回访,98,39,25,27.15
2827,"2023-03-11",1,一般,185,27,3,25.31
2828,"2023-03-11",1,紧急,170,28,2,40.17
2829,"2023-03-11",1,特急,121,25,3,48.86
2830,"2023-03-11",1,应急事件,171,79,53,40.19
2831,"2023-03-11",2,受理中,176,16,13,25.49
2832,"2023-03-11",2,办理中,93,26,15,31.94
2833,"2023-03-11",2,审核中,90,13,5,36.86
2834,"2023-03-11",2,待归档,114,26,0,50.06
2835,"2023-03-11",2,已回访,93,10,5,47.62
2836,"2023-03-12",1,一般,174,50,10,29.01
2837,"2023-03-12",1,紧急,164,73,61,10.91
2838,"2023-03-12",1,特急,152,62,34,20.79
2839,"2023-03-12",1,应急事件,101,37,21,15.08
2840,"2023-03-12",2,受理中,192,43,23,40.6
2841,"2023-03-12",2,办理中,151,18,0,29.94
2842,"2023-03-12",2,审核中,91,21,1,29.33
2843,"2023-03-12",2,待归档,112,47,12,22.07
2844,"2023-03-12",2,已回访,102,50,47,50.72
2845,"2023-03-13",1,一般,155,33,5,22.45
2846,"2023-03-13",1,紧急,135,42,15,55.76
2847,"2023-03-13",1,特急,138,49,31,36.72
2848,"2023-03-13",1,应急事件,117,52,38,17.73
2849,"2023-03-13",2,受理中,185,73,5,49.01
2850,"2023-03-13",2,办理中,168,42,14,50.14
2851,"2023-03-13",2,审核中,200,76,25,58.75
2852,"2023-03-13",2,待归档,89,21,16,46.09
2853,"2023-03-13",2,已回访,80,33,1,31.58
2854,"2023-03-14",1,一般,95,11,6,25.22
2855,"2023-03-14",1,紧急,196,67,45,17.1
2856,"2023-03-14",1,特急,154,52,36,26.69
2857,"2023-03-14",1,应急事件,143,64,46,53.65
2858,"2023-03-14",2,受理中,138,20,10,24.26
2859,"2023-03-14",2,办理中,116,37,32,28.15
2860,"2023-03-14",2,审核中,112,51,26,34.78
2861,"2023-03-14",2,待归档,192,33,14,57.74
2862,"2023-03-14",2,已回访,105,46,29,56.48
2863,"2023-03-15",1,一般,168,23,12,28.43
2864,"2023-03-15",1,紧急,130,63,37,38.8
2865,"2023-03-15",1,特急,109,46,14,13.11
2866,"2023-03-15",1,应急事件,82,32,23,49.18
2867,"2023-03-15",2,受理中,159,37,7,24.09
2868,"2023-03-15",2,办理中,186,39,38,45.44
2869,"2023-03-15",2,审核中,152,63,40,51.86
2870,"2023-03-15",2,待归档,93,22,13,58.33
2871,"2023-03-15",2,已回访,86,30,27,10.12
2872,"2023-03-16",1,一般,80,10,1,51.82
2873,"2023-03-16",1,紧急,142,33,29,21.71
2874,"2023-03-16",1,特急,199,40,0,19.68
2875,"2023-03-16",1,应急事件,113,11,1,14.55
2876,"2023-03-16",2,受理中,151,30,7,42.67
2877,"2023-03-16",2,办理中,91,17,12,47.13
2878,"2023-03-16",2,审核中,94,34,16,15.18
2879,"2023-03-16",2,待归档,153,43,42,23.16
2880,"2023-03-16",2,已回访,103,28,25,58.59
2881,"2023-03-17",1,一般,99,34,9,26.71
2882,"2023-03-17",1,紧急,91,35,4,15.36
2883,"2023-03-17",1,特急,110,22,11,17.38
2884,"2023-03-17",1,应急事件,160,62,5,12.81
2885,"2023-03-17",2,受理中,82,39,12,23.49
2886,"2023-03-17",2,办理中,200,44,14,32.91
2887,"2023-03-17",2,审核中,145,19,2,34.01
2888,"2023-03-17",2,待归档,129,27,14,29.68
2889,"2023-03-17",2,已回访,81,16,2,50.01
2890,"2023-03-18",1,一般,191,65,30,40.16
2891,"2023-03-18",1,紧急,126,49,16,51.68
2892,"2023-03-18",1,特急,84,41,7,57.44
2893,"2023-03-18",1,应急事件,166,82,64,20.27
2894,"2023-03-18",2,受理中,192,65,6,25.63
2895,"2023-03-18",2,办理中,155,53,50,37.25
2896,"2023-03-18",2,审核中,82,38,7,38.28
2897,"2023-03-18",2,待归档,200,27,22,33.7
2898,"2023-03-18",2,已回访,146,40,23,33.65
2899,"2023-03-19",1,一般,100,35,20,48.01
2900,"2023-03-19",1,紧急,111,10,1,24.09
2901,"2023-03-19",1,特急,154,75,12,17.54
2902,"2023-03-19",1,应急事件,199,95,8,35.39
2903,"2023-03-19",2,受理中,104,33,11,41.69
2904,"2023-03-19",2,办理中,128,34,24,21.23
2905,"2023-03-19",2,审核中,199,63,16,47.61
2906,"2023-03-19",2,待归档,132,43,16,43.37
2907,"2023-03-19",2,已回访,102,21,5,13.44
2908,"2023-03-20",1,一般,140,36,31,38.06
2909,"2023-03-20",1,紧急,154,61,4,32.73
2910,"2023-03-20",1,特急,173,81,53,36.39
2911,"2023-03-20",1,应急事件,106,28,19,47.87
2912,"2023-03-20",2,受理中,175,45,10,19.24
2913,"2023-03-20",2,办理中,170,65,24,30.71
2914,"2023-03-20",2,审核中,182,39,4,49.58
2915,"2023-03-20",2,待归档,193,36,29,42.85
2916,"2023-03-20",2,已回访,170,29,5,50.45
2917,"2023-03-21",1,一般,155,43,37,52.74
2918,"2023-03-21",1,紧急,94,40,6,47.66
2919,"2023-03-21",1,特急,167,27,9,35.38
2920,"2023-03-21",1,应急事件,185,58,12,36.0
2921,"2023-03-21",2,受理中,165,55,7,29.6
2922,"2023-03-21",2,办理中,156,68,63,39.12
2923,"2023-03-21",2,审核中,177,39,10,28.52
2924,"2023-03-21",2,待归档,103,43,16,57.52
2925,"2023-03-21",2,已回访,200,89,50,35.15
2926,"2023-03-22",1,一般,134,36,1,57.36
2927,"2023-03-22",1,紧急,135,31,22,12.74
2928,"2023-03-22",1,特急,98,44,0,40.21
2929,"2023-03-22",1,应急事件,136,18,16,14.27
2930,"2023-03-22",2,受理中,139,67,29,19.11
2931,"2023-03-22",2,办理中,130,40,4,47.26
2932,"2023-03-22",2,审核中,121,34,18,38.67
2933,"2023-03-22",2,待归档,84,21,13,27.24
2934,"2023-03-22",2,已回访,173,27,20,39.11
2935,"2023-03-23",1,一般,125,21,17,48.42
2936,"2023-03-23",1,紧急,139,36,33,15.5
2937,"2023-03-23",1,特急,105,13,0,27.4
2938,"2023-03-23",1,应急事件,149,14,0,41.87
2939,"2023-03-23",2,受理中,177,29,21,38.19
2940,"2023-03-23",2,办理中,189,17,2,11.49
2941,"2023-03-23",2,审核中,153,62,25,25.58
2942,"2023-03-23",2,待归档,195,22,15,13.68
2943,"2023-03-23",2,已回访,163,22,7,39.14
2944,"2023-03-24",1,一般,180,58,53,40.3
2945,"2023-03-24",1,紧急,136,42,33,16.38
2946,"2023-03-24",1,特急,100,18,3,33.74
2947,"2023-03-24",1,应急事件,192,39,38,18.83
2948,"2023-03-24",2,受理中,166,33,4,39.6
2949,"2023-03-24",2,办理中,119,23,14,12.6
2950,"2023-03-24",2,审核中,172,78,12,44.3
2951,"2023-03-24",2,待归档,174,16,14,58.95
2952,"2023-03-24",2,已回访,159,78,61,49.27
2953,"2023-03-25",1,一般,175,52,5,14.46
2954,"2023-03-25",1,紧急,121,53,23,32.0
2955,"2023-03-25",1,特急,143,59,43,57.02
2956,"2023-03-25",1,应急事件,132,10,6,16.63
2957,"2023-03-25",2,受理中,198,89,50,30.47
2958,"2023-03-25",2,办理中,121,25,15,48.12
2959,"2023-03-25",2,审核中,120,20,15,52.11
2960,"2023-03-25",2,待归档,168,78,12,56.55
2961,"2023-03-25",2,已回访,164,35,10,49.91
2962,"2023-03-26",1,一般,147,32,6,23.72
2963,"2023-03-26",1,紧急,179,18,8,32.8
2964,"2023-03-26",1,特急,81,33,24,46.52
2965,"2023-03-26",1,应急事件,155,14,13,23.16
2966,"2023-03-26",2,受理中,166,79,18,38.25
2967,"2023-03-26",2,办理中,100,32,25,55.53
2968,"2023-03-26",2,审核中,185,52,36,38.21
2969,"2023-03-26",2,待归档,131,56,8,36.88
2970,"2023-03-26",2,已回访,127,37,27,17.94
2971,"2023-03-27",1,一般,120,20,7,59.77
2972,"2023-03-27",1,紧急,175,81,47,56.26
2973,"2023-03-27",1,特急,97,15,3,26.39
2974,"2023-03-27",1,应急事件,83,26,14,32.86
2975,"2023-03-27",2,受理中,110,21,9,26.07
2976,"2023-03-27",2,办理中,87,14,9,24.08
2977,"2023-03-27",2,审核中,89,27,18,16.96
2978,"2023-03-27",2,待归档,80,26,16,22.24
2979,"2023-03-27",2,已回访,97,31,10,21.81
2980,"2023-03-28",1,一般,194,79,6,41.87
2981,"2023-03-28",1,紧急,141,43,1,24.95
2982,"2023-03-28",1,特急,132,27,24,36.25
2983,"2023-03-28",1,应急事件,177,59,1,57.67
2984,"2023-03-28",2,受理中,171,17,13,32.5
2985,"2023-03-28",2,办理中,80,36,12,54.01
2986,"2023-03-28",2,审核中,105,43,35,14.97
2987,"2023-03-28",2,待归档,106,15,10,45.67
2988,"2023-03-28",2,已回访,195,13,5,29.63
2989,"2023-03-29",1,一般,149,33,23,56.3
2990,"2023-03-29",1,紧急,103,37,8,39.88
2991,"2023-03-29",1,特急,95,45,32,31.57
2992,"2023-03-29",1,应急事件,101,16,15,20.41
2993,"2023-03-29",2,受理中,82,31,16,19.75
2994,"2023-03-29",2,办理中,120,25,6,17.59
2995,"2023-03-29",2,审核中,125,22,5,26.05
2996,"2023-03-29",2,待归档,134,64,8,49.0
2997,"2023-03-29",2,已回访,124,19,2,55.59
2998,"2023-03-30",1,一般,112,34,33,16.61
2999,"2023-03-30",1,紧急,186,72,26,24.2
3000,"2023-03-30",1,特急,93,16,5,13.35
3001,"2023-03-30",1,应急事件,135,46,9,34.96
3002,"2023-03-30",2,受理中,129,15,1,10.48
3003,"2023-03-30",2,办理中,159,58,20,50.79
3004,"2023-03-30",2,审核中,97,28,11,37.9
3005,"2023-03-30",2,待归档,96,13,4,13.07
3006,"2023-03-30",2,已回访,92,36,23,11.43
3007,"2023-03-31",1,一般,161,43,19,56.66
3008,"2023-03-31",1,紧急,166,29,21,47.34
3009,"2023-03-31",1,特急,112,20,10,23.12
3010,"2023-03-31",1,应急事件,122,15,12,42.52
3011,"2023-03-31",2,受理中,174,84,14,16.13
3012,"2023-03-31",2,办理中,129,23,1,21.88
3013,"2023-03-31",2,审核中,182,14,4,22.97
3014,"2023-03-31",2,待归档,80,25,21,22.13
3015,"2023-03-31",2,已回访,93,37,22,11.9
3016,"2023-04-01",1,一般,82,13,12,55.53
3017,"2023-04-01",1,紧急,162,16,5,46.11
3018,"2023-04-01",1,特急,147,44,29,10.71
3019,"2023-04-01",1,应急事件,100,41,17,57.92
3020,"2023-04-01",2,受理中,156,45,2,22.95
3021,"2023-04-01",2,办理中,138,59,12,48.53
3022,"2023-04-01",2,审核中,138,27,9,27.57
3023,"2023-04-01",2,待归档,118,33,30,22.75
3024,"2023-04-01",2,已回访,92,19,1,53.99
3025,"2023-04-02",1,一般,136,63,44,22.5
3026,"2023-04-02",1,紧急,160,37,17,51.48
3027,"2023-04-02",1,特急,189,13,6,17.39
3028,"2023-04-02",1,应急事件,100,25,12,41.58
3029,"2023-04-02",2,受理中,127,56,25,43.06
3030,"2023-04-02",2,办理中,143,48,35,50.93
3031,"2023-04-02",2,审核中,172,80,45,17.05
3032,"2023-04-02",2,待归档,90,34,15,33.52
3033,"2023-04-02",2,已回访,194,92,80,59.67
3034,"2023-04-03",1,一般,143,11,3,43.12
3035,"2023-04-03",1,紧急,153,67,53,50.65
3036,"2023-04-03",1,特急,121,40,14,20.04
3037,"2023-04-03",1,应急事件,90,14,7,23.14
3038,"2023-04-03",2,受理中,187,23,14,18.33
3039,"2023-04-03",2,办理中,177,47,3,46.46
3040,"2023-04-03",2,审核中,108,29,2,11.33
3041,"2023-04-03",2,待归档,157,57,21,29.99
3042,"2023-04-03",2,已回访,169,58,33,25.09
3043,"2023-04-04",1,一般,162,56,35,17.4
3044,"2023-04-04",1,紧急,84,24,14,50.7
3045,"2023-04-04",1,特急,157,21,19,45.6
3046,"2023-04-04",1,应急事件,133,34,7,30.93
3047,"2023-04-04",2,受理中,191,87,9,47.35
3048,"2023-04-04",2,办理中,98,34,1,15.09
3049,"2023-04-04",2,审核中,158,30,19,19.88
3050,"2023-04-04",2,待归档,181,73,59,41.42
3051,"2023-04-04",2,已回访,193,66,17,41.71
3052,"2023-04-05",1,一般,106,18,0,28.33
3053,"2023-04-05",1,紧急,129,28,10,48.01
3054,"2023-04-05",1,特急,114,47,35,20.83
3055,"2023-04-05",1,应急事件,125,48,13,34.72
3056,"2023-04-05",2,受理中,140,15,8,46.44
3057,"2023-04-05",2,办理中,141,36,10,35.63
3058,"2023-04-05",2,审核中,198,24,3,10.0
3059,"2023-04-05",2,待归档,117,36,18,43.72
3060,"2023-04-05",2,已回访,163,38,1,28.43
3061,"2023-04-06",1,一般,110,33,19,19.74
3062,"2023-04-06",1,紧急,113,42,10,35.46
3063,"2023-04-06",1,特急,144,27,22,51.49
3064,"2023-04-06",1,应急事件,132,10,9,26.61
3065,"2023-04-06",2,受理中,120,47,22,32.59
3066,"2023-04-06",2,办理中,149,45,10,27.18
3067,"2023-04-06",2,审核中,184,78,71,57.49
3068,"2023-04-06",2,待归档,128,45,17,12.9
3069,"2023-04-06",2,已回访,165,40,16,34.05
3070,"2023-04-07",1,一般,144,35,24,49.0
3071,"2023-04-07",1,紧急,156,57,28,10.73
3072,"2023-04-07",1,特急,81,25,14,38.4
3073,"2023-04-07",1,应急事件,121,59,29,25.03
3074,"2023-04-07",2,受理中,114,36,8,59.79
3075,"2023-04-07",2,办理中,172,37,0,40.0
3076,"2023-04-07",2,审核中,128,48,28,28.05
3077,"2023-04-07",2,待归档,192,82,5,37.91
3078,"2023-04-07",2,已回访,135,22,13,28.59
3079,"2023-04-08",1,一般,132,20,8,57.72
3080,"2023-04-08",1,紧急,113,22,19,14.59
3081,"2023-04-08",1,特急,175,55,23,20.87
3082,"2023-04-08",1,应急事件,157,71,14,21.29
3083,"2023-04-08",2,受理中,171,32,9,35.19
3084,"2023-04-08",2,办理中,107,47,36,17.78
3085,"2023-04-08",2,审核中,101,47,11,43.85
3086,"2023-04-08",2,待归档,97,41,16,54.64
3087,"2023-04-08",2,已回访,123,58,24,24.07
3088,"2023-04-09",1,一般,175,20,19,14.33
3089,"2023-04-09",1,紧急,85,31,8,58.56
3090,"2023-04-09",1,特急,160,79,25,59.66
3091,"2023-04-09",1,应急事件,101,37,8,20.1
3092,"2023-04-09",2,受理中,194,76,9,58.39
3093,"2023-04-09",2,办理中,105,42,9,55.32
3094,"2023-04-09",2,审核中,120,29,23,41.46
3095,"2023-04-09",2,待归档,186,50,10,58.52
3096,"2023-04-09",2,已回访,125,36,9,52.33
3097,"2023-04-10",1,一般,153,53,39,23.93
3098,"2023-04-10",1,紧急,81,24,9,40.89
3099,"2023-04-10",1,特急,92,20,11,15.62
3100,"2023-04-10",1,应急事件,99,46,8,22.49
3101,"2023-04-10",2,受理中,161,75,64,22.23
3102,"2023-04-10",2,办理中,94,37,28,51.32
3103,"2023-04-10",2,审核中,90,38,26,59.36
3104,"2023-04-10",2,待归档,170,52,34,51.64
3105,"2023-04-10",2,已回访,139,28,23,11.28
3106,"2023-04-11",1,一般,143,28,13,44.73
3107,"2023-04-11",1,紧急,152,16,9,18.09
3108,"2023-04-11",1,特急,120,29,26,56.87
3109,"2023-04-11",1,应急事件,85,29,19,45.57
3110,"2023-04-11",2,受理中,199,15,7,58.76
3111,"2023-04-11",2,办理中,115,44,13,57.7
3112,"2023-04-11",2,审核中,133,14,10,27.44
3113,"2023-04-11",2,待归档,167,41,16,48.06
3114,"2023-04-11",2,已回访,168,53,10,29.66
3115,"2023-04-12",1,一般,193,32,0,16.45
3116,"2023-04-12",1,紧急,192,90,54,49.12
3117,"2023-04-12",1,特急,160,31,0,49.97
3118,"2023-04-12",1,应急事件,157,61,59,33.95
3119,"2023-04-12",2,受理中,198,33,24,41.27
3120,"2023-04-12",2,办理中,182,54,21,25.1
3121,"2023-04-12",2,审核中,154,27,14,53.83
3122,"2023-04-12",2,待归档,115,43,3,39.37
3123,"2023-04-12",2,已回访,100,49,12,18.65
3124,"2023-04-13",1,一般,133,48,2,54.12
3125,"2023-04-13",1,紧急,96,38,20,11.71
3126,"2023-04-13",1,特急,183,41,1,15.9
3127,"2023-04-13",1,应急事件,187,69,22,14.21
3128,"2023-04-13",2,受理中,184,41,26,46.0
3129,"2023-04-13",2,办理中,166,13,12,20.15
3130,"2023-04-13",2,审核中,147,60,54,21.73
3131,"2023-04-13",2,待归档,93,37,23,26.55
3132,"2023-04-13",2,已回访,124,28,7,39.27
3133,"2023-04-14",1,一般,137,48,7,25.52
3134,"2023-04-14",1,紧急,96,30,25,22.84
3135,"2023-04-14",1,特急,182,46,42,11.21
3136,"2023-04-14",1,应急事件,133,55,27,15.1
3137,"2023-04-14",2,受理中,110,46,31,19.78
3138,"2023-04-14",2,办理中,87,10,5,56.12
3139,"2023-04-14",2,审核中,185,34,9,43.47
3140,"2023-04-14",2,待归档,97,27,15,54.49
3141,"2023-04-14",2,已回访,92,34,12,21.58
3142,"2023-04-15",1,一般,181,74,61,52.24
3143,"2023-04-15",1,紧急,107,48,15,31.39
3144,"2023-04-15",1,特急,116,25,1,54.1
3145,"2023-04-15",1,应急事件,104,31,20,27.04
3146,"2023-04-15",2,受理中,80,17,0,10.82
3147,"2023-04-15",2,办理中,116,18,7,26.09
3148,"2023-04-15",2,审核中,98,47,15,47.35
3149,"2023-04-15",2,待归档,104,15,4,43.58
3150,"2023-04-15",2,已回访,187,15,7,17.65
3151,"2023-04-16",1,一般,155,62,16,27.21
3152,"2023-04-16",1,紧急,106,32,12,48.26
3153,"2023-04-16",1,特急,118,25,9,48.44
3154,"2023-04-16",1,应急事件,143,14,10,26.32
3155,"2023-04-16",2,受理中,166,12,4,58.99
3156,"2023-04-16",2,办理中,143,31,16,45.92
3157,"2023-04-16",2,审核中,93,15,13,19.84
3158,"2023-04-16",2,待归档,99,43,36,13.08
3159,"2023-04-16",2,已回访,181,71,41,16.26
3160,"2023-04-17",1,一般,182,84,19,29.01
3161,"2023-04-17",1,紧急,93,16,6,47.47
3162,"2023-04-17",1,特急,86,40,18,50.19
3163,"2023-04-17",1,应急事件,153,17,7,41.9
3164,"2023-04-17",2,受理中,86,31,16,55.9
3165,"2023-04-17",2,办理中,134,14,5,45.84
3166,"2023-04-17",2,审核中,175,47,38,12.98
3167,"2023-04-17",2,待归档,140,29,18,19.06
3168,"2023-04-17",2,已回访,194,54,5,24.82
3169,"2023-04-18",1,一般,110,49,41,30.54
3170,"2023-04-18",1,紧急,174,14,11,11.99
3171,"2023-04-18",1,特急,118,14,2,29.41
3172,"2023-04-18",1,应急事件,84,18,8,35.97
3173,"2023-04-18",2,受理中,183,67,51,27.38
3174,"2023-04-18",2,办理中,194,42,21,13.35
3175,"2023-04-18",2,审核中,118,21,11,34.94
3176,"2023-04-18",2,待归档,135,56,11,10.81
3177,"2023-04-18",2,已回访,195,58,3,19.51
3178,"2023-04-19",1,一般,159,45,21,12.76
3179,"2023-04-19",1,紧急,102,27,21,24.85
3180,"2023-04-19",1,特急,168,33,16,32.34
3181,"2023-04-19",1,应急事件,179,68,65,58.01
3182,"2023-04-19",2,受理中,197,71,24,50.29
3183,"2023-04-19",2,办理中,193,10,9,11.55
3184,"2023-04-19",2,审核中,160,11,7,27.16
3185,"2023-04-19",2,待归档,102,32,2,48.14
3186,"2023-04-19",2,已回访,193,58,18,20.91
3187,"2023-04-20",1,一般,182,76,2,46.24
3188,"2023-04-20",1,紧急,184,82,7,38.41
3189,"2023-04-20",1,特急,192,58,19,19.07
3190,"2023-04-20",1,应急事件,80,13,0,53.41
3191,"2023-04-20",2,受理中,160,45,38,28.84
3192,"2023-04-20",2,办理中,172,77,53,35.4
3193,"2023-04-20",2,审核中,133,37,18,45.95
3194,"2023-04-20",2,待归档,146,32,23,45.95
3195,"2023-04-20",2,已回访,93,32,13,36.86
3196,"2023-04-21",1,一般,117,49,46,52.36
3197,"2023-04-21",1,紧急,142,66,57,36.87
3198,"2023-04-21",1,特急,184,14,7,11.44
3199,"2023-04-21",1,应急事件,93,28,18,54.28
3200,"2023-04-21",2,受理中,114,14,6,35.13
3201,"2023-04-21",2,办理中,168,38,3,59.92
3202,"2023-04-21",2,审核中,146,30,29,22.89
3203,"2023-04-21",2,待归档,151,53,45,44.02
3204,"2023-04-21",2,已回访,159,65,29,30.5
3205,"2023-04-22",1,一般,92,14,6,45.86
3206,"2023-04-22",1,紧急,182,69,23,16.26
3207,"2023-04-22",1,特急,105,51,8,29.11
3208,"2023-04-22",1,应急事件,188,14,13,50.52
3209,"2023-04-22",2,受理中,168,68,6,33.1
3210,"2023-04-22",2,办理中,176,86,73,59.48
3211,"2023-04-22",2,审核中,141,20,13,50.87
3212,"2023-04-22",2,待归档,195,78,47,50.58
3213,"2023-04-22",2,已回访,81,11,3,50.95
3214,"2023-04-23",1,一般,115,46,11,16.79
3215,"2023-04-23",1,紧急,150,69,49,43.76
3216,"2023-04-23",1,特急,173,42,27,25.96
3217,"2023-04-23",1,应急事件,122,31,30,44.58
3218,"2023-04-23",2,受理中,107,15,0,20.3
3219,"2023-04-23",2,办理中,129,49,6,13.86
3220,"2023-04-23",2,审核中,156,39,36,41.09
3221,"2023-04-23",2,待归档,139,22,16,29.87
3222,"2023-04-23",2,已回访,154,23,13,14.43
3223,"2023-04-24",1,一般,137,38,25,24.52
3224,"2023-04-24",1,紧急,194,27,14,40.39
3225,"2023-04-24",1,特急,160,51,1,17.63
3226,"2023-04-24",1,应急事件,160,71,56,24.0
3227,"2023-04-24",2,受理中,121,47,6,36.67
3228,"2023-04-24",2,办理中,127,26,7,30.75
3229,"2023-04-24",2,审核中,170,82,36,13.2
3230,"2023-04-24",2,待归档,185,25,14,16.8
3231,"2023-04-24",2,已回访,184,28,3,52.09
3232,"2023-04-25",1,一般,111,22,15,48.97
3233,"2023-04-25",1,紧急,124,61,24,25.08
3234,"2023-04-25",1,特急,163,49,34,33.7
3235,"2023-04-25",1,应急事件,134,28,0,42.31
3236,"2023-04-25",2,受理中,147,43,5,56.93
3237,"2023-04-25",2,办理中,187,34,23,39.18
3238,"2023-04-25",2,审核中,95,12,10,13.05
3239,"2023-04-25",2,待归档,102,18,17,41.33
3240,"2023-04-25",2,已回访,186,58,53,40.11
3241,"2023-04-26",1,一般,192,91,47,59.4
3242,"2023-04-26",1,紧急,188,47,40,58.3
3243,"2023-04-26",1,特急,128,45,25,10.24
3244,"2023-04-26",1,应急事件,168,40,37,29.3
3245,"2023-04-26",2,受理中,87,32,18,37.33
3246,"2023-04-26",2,办理中,141,22,6,49.62
3247,"2023-04-26",2,审核中,196,18,11,38.0
3248,"2023-04-26",2,待归档,140,34,29,36.71
3249,"2023-04-26",2,已回访,102,42,7,28.1
3250,"2023-04-27",1,一般,136,40,23,56.47
3251,"2023-04-27",1,紧急,121,44,16,59.99
3252,"2023-04-27",1,特急,160,30,28,47.72
3253,"2023-04-27",1,应急事件,187,29,9,45.17
3254,"2023-04-27",2,受理中,151,19,9,24.43
3255,"2023-04-27",2,办理中,98,37,10,48.19
3256,"2023-04-27",2,审核中,152,45,17,28.44
3257,"2023-04-27",2,待归档,81,39,20,17.64
3258,"2023-04-27",2,已回访,142,59,20,38.99
3259,"2023-04-28",1,一般,158,33,21,35.46
3260,"2023-04-28",1,紧急,106,27,18,20.4
3261,"2023-04-28",1,特急,165,25,0,33.42
3262,"2023-04-28",1,应急事件,178,78,19,52.51
3263,"2023-04-28",2,受理中,162,78,4,25.82
3264,"2023-04-28",2,办理中,101,49,24,28.63
3265,"2023-04-28",2,审核中,140,34,24,15.84
3266,"2023-04-28",2,待归档,176,83,16,15.26
3267,"2023-04-28",2,已回访,150,26,2,26.66
3268,"2023-04-29",1,一般,93,33,13,49.65
3269,"2023-04-29",1,紧急,96,38,32,18.43
3270,"2023-04-29",1,特急,196,59,38,40.67
3271,"2023-04-29",1,应急事件,164,77,69,47.53
3272,"2023-04-29",2,受理中,82,19,7,41.65
3273,"2023-04-29",2,办理中,124,59,22,17.19
3274,"2023-04-29",2,审核中,95,20,3,49.71
3275,"2023-04-29",2,待归档,91,12,7,47.71
3276,"2023-04-29",2,已回访,186,66,31,51.72
3277,"2023-04-30",1,一般,155,13,4,58.88
3278,"2023-04-30",1,紧急,85,36,27,33.97
3279,"2023-04-30",1,特急,110,22,8,24.71
3280,"2023-04-30",1,应急事件,87,18,16,20.1
3281,"2023-04-30",2,受理中,181,31,24,10.94
3282,"2023-04-30",2,办理中,123,50,34,44.92
3283,"2023-04-30",2,审核中,89,18,8,10.68
3284,"2023-04-30",2,待归档,131,24,5,54.78
3285,"2023-04-30",2,已回访,189,45,41,19.23
3286,"2023-05-01",1,一般,139,48,44,56.71
3287,"2023-05-01",1,紧急,147,35,21,16.78
3288,"2023-05-01",1,特急,162,21,7,30.98
3289,"2023-05-01",1,应急事件,99,16,14,39.13
3290,"2023-05-01",2,受理中,182,34,20,40.35
3291,"2023-05-01",2,办理中,107,32,11,49.34
3292,"2023-05-01",2,审核中,117,18,9,37.13
3293,"2023-05-01",2,待归档,130,32,0,18.79
3294,"2023-05-01",2,已回访,139,37,19,48.09
3295,"2023-05-02",1,一般,147,43,23,47.32
3296,"2023-05-02",1,紧急,99,10,8,41.42
3297,"2023-05-02",1,特急,148,44,13,24.67
3298,"2023-05-02",1,应急事件,172,21,2,53.46
3299,"2023-05-02",2,受理中,83,38,30,57.72
3300,"2023-05-02",2,办理中,176,45,35,52.11
3301,"2023-05-02",2,审核中,144,11,3,13.28
3302,"2023-05-02",2,待归档,95,17,12,51.44
3303,"2023-05-02",2,已回访,120,41,12,21.98
3304,"2023-05-03",1,一般,134,57,8,18.29
3305,"2023-05-03",1,紧急,80,32,0,50.96
3306,"2023-05-03",1,特急,134,41,23,26.23
3307,"2023-05-03",1,应急事件,151,46,17,32.83
3308,"2023-05-03",2,受理中,141,62,58,55.7
3309,"2023-05-03",2,办理中,179,88,12,46.45
3310,"2023-05-03",2,审核中,189,92,44,30.31
3311,"2023-05-03",2,待归档,87,29,21,18.76
3312,"2023-05-03",2,已回访,159,56,49,32.0
3313,"2023-05-04",1,一般,190,48,0,50.16
3314,"2023-05-04",1,紧急,197,70,63,26.06
3315,"2023-05-04",1,特急,124,28,17,46.41
3316,"2023-05-04",1,应急事件,176,85,11,37.39
3317,"2023-05-04",2,受理中,152,52,24,45.81
3318,"2023-05-04",2,办理中,109,47,37,55.5
3319,"2023-05-04",2,审核中,182,45,10,22.11
3320,"2023-05-04",2,待归档,149,53,48,38.84
3321,"2023-05-04",2,已回访,114,34,25,24.16
3322,"2023-05-05",1,一般,82,31,26,38.03
3323,"2023-05-05",1,紧急,115,50,15,39.73
3324,"2023-05-05",1,特急,164,64,57,56.76
3325,"2023-05-05",1,应急事件,182,46,2,13.73
3326,"2023-05-05",2,受理中,82,20,4,40.76
3327,"2023-05-05",2,办理中,125,11,4,55.59
3328,"2023-05-05",2,审核中,161,10,5,18.9
3329,"2023-05-05",2,待归档,172,18,6,33.41
3330,"2023-05-05",2,已回访,97,27,4,42.72
3331,"2023-05-06",1,一般,148,43,27,34.24
3332,"2023-05-06",1,紧急,181,82,51,53.47
3333,"2023-05-06",1,特急,161,71,58,14.1
3334,"2023-05-06",1,应急事件,185,13,4,16.59
3335,"2023-05-06",2,受理中,101,25,13,32.79
3336,"2023-05-06",2,办理中,155,49,30,16.63
3337,"2023-05-06",2,审核中,153,43,30,52.53
3338,"2023-05-06",2,待归档,130,35,10,18.14
3339,"2023-05-06",2,已回访,128,59,43,16.14
3340,"2023-05-07",1,一般,159,30,9,18.15
3341,"2023-05-07",1,紧急,98,33,18,18.84
3342,"2023-05-07",1,特急,193,75,14,44.31
3343,"2023-05-07",1,应急事件,142,29,10,20.63
3344,"2023-05-07",2,受理中,122,24,6,23.31
3345,"2023-05-07",2,办理中,90,38,13,45.09
3346,"2023-05-07",2,审核中,139,19,18,37.78
3347,"2023-05-07",2,待归档,177,53,14,33.52
3348,"2023-05-07",2,已回访,166,51,11,28.24
3349,"2023-05-08",1,一般,186,79,40,26.19
3350,"2023-05-08",1,紧急,148,33,2,24.46
3351,"2023-05-08",1,特急,84,30,18,54.62
3352,"2023-05-08",1,应急事件,108,33,6,27.91
3353,"2023-05-08",2,受理中,118,20,11,50.71
3354,"2023-05-08",2,办理中,137,43,15,25.05
3355,"2023-05-08",2,审核中,94,40,0,13.22
3356,"2023-05-08",2,待归档,114,22,10,17.11
3357,"2023-05-08",2,已回访,186,80,35,24.88
3358,"2023-05-09",1,一般,185,41,29,47.06
3359,"2023-05-09",1,紧急,119,28,0,44.33
3360,"2023-05-09",1,特急,135,48,0,50.91
3361,"2023-05-09",1,应急事件,191,43,42,42.46
3362,"2023-05-09",2,受理中,200,95,25,24.02
3363,"2023-05-09",2,办理中,114,19,5,39.71
3364,"2023-05-09",2,审核中,85,39,21,17.12
3365,"2023-05-09",2,待归档,88,17,0,28.03
3366,"2023-05-09",2,已回访,187,49,43,47.4
3367,"2023-05-10",1,一般,159,78,46,53.79
3368,"2023-05-10",1,紧急,176,85,15,46.11
3369,"2023-05-10",1,特急,160,35,0,12.89
3370,"2023-05-10",1,应急事件,125,14,4,26.69
3371,"2023-05-10",2,受理中,161,61,38,21.51
3372,"2023-05-10",2,办理中,124,41,18,45.82
3373,"2023-05-10",2,审核中,118,51,23,40.18
3374,"2023-05-10",2,待归档,192,68,52,54.38
3375,"2023-05-10",2,已回访,124,58,51,27.78
3376,"2023-05-11",1,一般,177,65,1,51.16
3377,"2023-05-11",1,紧急,184,73,55,24.13
3378,"2023-05-11",1,特急,110,17,2,11.88
3379,"2023-05-11",1,应急事件,137,28,4,35.65
3380,"2023-05-11",2,受理中,184,59,11,53.58
3381,"2023-05-11",2,办理中,112,18,15,57.48
3382,"2023-05-11",2,审核中,86,36,10,12.16
3383,"2023-05-11",2,待归档,120,17,15,45.39
3384,"2023-05-11",2,已回访,160,52,33,32.74
3385,"2023-05-12",1,一般,143,17,3,20.3
3386,"2023-05-12",1,紧急,80,30,21,36.39
3387,"2023-05-12",1,特急,186,70,45,37.75
3388,"2023-05-12",1,应急事件,193,75,18,39.82
3389,"2023-05-12",2,受理中,153,72,24,54.1
3390,"2023-05-12",2,办理中,117,24,20,57.77
3391,"2023-05-12",2,审核中,180,67,43,29.23
3392,"2023-05-12",2,待归档,164,79,65,36.24
3393,"2023-05-12",2,已回访,102,29,22,52.78
3394,"2023-05-13",1,一般,182,41,7,16.41
3395,"2023-05-13",1,紧急,133,21,0,59.55
3396,"2023-05-13",1,特急,180,56,16,28.36
3397,"2023-05-13",1,应急事件,147,64,28,37.56
3398,"2023-05-13",2,受理中,188,21,12,28.86
3399,"2023-05-13",2,办理中,130,51,41,29.24
3400,"2023-05-13",2,审核中,117,52,31,30.35
3401,"2023-05-13",2,待归档,117,32,10,38.12
3402,"2023-05-13",2,已回访,149,21,9,15.32
3403,"2023-05-14",1,一般,145,30,19,26.09
3404,"2023-05-14",1,紧急,184,37,8,48.15
3405,"2023-05-14",1,特急,186,32,29,44.79
3406,"2023-05-14",1,应急事件,185,16,0,58.95
3407,"2023-05-14",2,受理中,111,42,6,14.67
3408,"2023-05-14",2,办理中,94,40,27,48.72
3409,"2023-05-14",2,审核中,116,34,24,21.08
3410,"2023-05-14",2,待归档,99,14,3,20.1
3411,"2023-05-14",2,已回访,124,20,15,45.93
3412,"2023-05-15",1,一般,196,15,7,13.66
3413,"2023-05-15",1,紧急,80,12,10,34.67
3414,"2023-05-15",1,特急,119,42,34,47.63
3415,"2023-05-15",1,应急事件,130,34,11,50.49
3416,"2023-05-15",2,受理中,144,57,27,15.46
3417,"2023-05-15",2,办理中,200,91,80,20.09
3418,"2023-05-15",2,审核中,132,45,27,21.67
3419,"2023-05-15",2,待归档,127,41,25,33.96
3420,"2023-05-15",2,已回访,128,53,18,13.93
3421,"2023-05-16",1,一般,149,65,41,54.07
3422,"2023-05-16",1,紧急,130,39,27,58.79
3423,"2023-05-16",1,特急,157,43,20,22.61
3424,"2023-05-16",1,应急事件,153,41,30,22.63
3425,"2023-05-16",2,受理中,98,17,16,28.27
3426,"2023-05-16",2,办理中,186,34,24,14.64
3427,"2023-05-16",2,审核中,97,11,3,21.44
3428,"2023-05-16",2,待归档,82,23,6,42.71
3429,"2023-05-16",2,已回访,139,31,13,31.45
3430,"2023-05-17",1,一般,109,31,29,58.34
3431,"2023-05-17",1,紧急,193,66,38,57.59
3432,"2023-05-17",1,特急,134,33,31,53.14
3433,"2023-05-17",1,应急事件,187,22,1,55.04
3434,"2023-05-17",2,受理中,172,29,1,26.18
3435,"2023-05-17",2,办理中,102,48,2,22.38
3436,"2023-05-17",2,审核中,96,20,1,43.91
3437,"2023-05-17",2,待归档,113,52,3,28.05
3438,"2023-05-17",2,已回访,134,53,1,34.14
3439,"2023-05-18",1,一般,193,40,3,40.48
3440,"2023-05-18",1,紧急,152,66,29,21.88
3441,"2023-05-18",1,特急,184,35,6,48.48
3442,"2023-05-18",1,应急事件,171,74,12,33.97
3443,"2023-05-18",2,受理中,144,55,33,49.21
3444,"2023-05-18",2,办理中,194,74,30,31.54
3445,"2023-05-18",2,审核中,198,47,6,11.86
3446,"2023-05-18",2,待归档,142,68,25,51.08
3447,"2023-05-18",2,已回访,122,60,2,43.02
3448,"2023-05-19",1,一般,132,47,8,26.5
3449,"2023-05-19",1,紧急,175,40,31,21.9
3450,"2023-05-19",1,特急,197,36,27,30.32
3451,"2023-05-19",1,应急事件,158,76,74,23.22
3452,"2023-05-19",2,受理中,110,52,21,31.59
3453,"2023-05-19",2,办理中,143,63,32,33.43
3454,"2023-05-19",2,审核中,98,23,15,50.11
3455,"2023-05-19",2,待归档,151,19,16,32.02
3456,"2023-05-19",2,已回访,92,41,15,23.5
3457,"2023-05-20",1,一般,86,17,12,50.08
3458,"2023-05-20",1,紧急,107,17,16,58.48
3459,"2023-05-20",1,特急,188,87,68,51.25
3460,"2023-05-20",1,应急事件,159,45,32,47.37
3461,"2023-05-20",2,受理中,91,14,2,54.86
3462,"2023-05-20",2,办理中,94,11,1,55.72
3463,"2023-05-20",2,审核中,116,55,3,20.93
3464,"2023-05-20",2,待归档,114,17,6,50.94
3465,"2023-05-20",2,已回访,152,70,56,24.69
3466,"2023-05-21",1,一般,103,28,1,55.92
3467,"2023-05-21",1,紧急,198,86,23,22.53
3468,"2023-05-21",1,特急,194,66,43,33.57
3469,"2023-05-21",1,应急事件,101,11,7,48.39
3470,"2023-05-21",2,受理中,98,14,9,12.47
3471,"2023-05-21",2,办理中,186,52,39,24.73
3472,"2023-05-21",2,审核中,144,37,10,59.88
3473,"2023-05-21",2,待归档,167,21,17,51.96
3474,"2023-05-21",2,已回访,110,46,26,22.27
3475,"2023-05-22",1,一般,123,38,22,21.86
3476,"2023-05-22",1,紧急,105,11,1,10.76
3477,"2023-05-22",1,特急,81,22,10,22.1
3478,"2023-05-22",1,应急事件,183,85,83,27.9
3479,"2023-05-22",2,受理中,188,69,30,17.11
3480,"2023-05-22",2,办理中,101,45,14,59.22
3481,"2023-05-22",2,审核中,142,70,40,20.99
3482,"2023-05-22",2,待归档,187,78,24,28.34
3483,"2023-05-22",2,已回访,91,36,12,34.83
3484,"2023-05-23",1,一般,175,59,46,52.97
3485,"2023-05-23",1,紧急,193,47,6,23.75
3486,"2023-05-23",1,特急,170,75,21,20.08
3487,"2023-05-23",1,应急事件,165,57,15,45.41
3488,"2023-05-23",2,受理中,130,43,15,17.26
3489,"2023-05-23",2,办理中,192,36,11,44.84
3490,"2023-05-23",2,审核中,114,22,8,54.39
3491,"2023-05-23",2,待归档,126,15,4,27.67
3492,"2023-05-23",2,已回访,96,10,9,39.06
3493,"2023-05-24",1,一般,166,80,25,38.32
3494,"2023-05-24",1,紧急,107,37,35,43.24
3495,"2023-05-24",1,特急,126,49,16,50.99
3496,"2023-05-24",1,应急事件,112,47,13,37.83
3497,"2023-05-24",2,受理中,138,11,10,19.52
3498,"2023-05-24",2,办理中,127,23,4,16.66
3499,"2023-05-24",2,审核中,164,13,3,46.67
3500,"2023-05-24",2,待归档,158,47,24,12.71
3501,"2023-05-24",2,已回访,134,32,28,56.23
3502,"2023-05-25",1,一般,159,56,21,23.62
3503,"2023-05-25",1,紧急,149,66,28,13.53
3504,"2023-05-25",1,特急,151,36,33,55.4
3505,"2023-05-25",1,应急事件,196,80,0,52.06
3506,"2023-05-25",2,受理中,175,77,29,47.46
3507,"2023-05-25",2,办理中,86,31,22,55.25
3508,"2023-05-25",2,审核中,89,28,21,17.76
3509,"2023-05-25",2,待归档,144,67,40,31.74
3510,"2023-05-25",2,已回访,125,15,6,44.59
3511,"2023-05-26",1,一般,126,35,34,52.67
3512,"2023-05-26",1,紧急,111,37,8,10.78
3513,"2023-05-26",1,特急,170,15,6,34.62
3514,"2023-05-26",1,应急事件,178,25,15,13.48
3515,"2023-05-26",2,受理中,187,86,84,27.89
3516,"2023-05-26",2,办理中,134,31,24,39.1
3517,"2023-05-26",2,审核中,126,34,31,57.35
3518,"2023-05-26",2,待归档,147,13,6,19.89
3519,"2023-05-26",2,已回访,176,56,46,46.7
3520,"2023-05-27",1,一般,149,28,3,42.31
3521,"2023-05-27",1,紧急,172,67,6,46.57
3522,"2023-05-27",1,特急,126,48,24,17.73
3523,"2023-05-27",1,应急事件,137,28,0,53.6
3524,"2023-05-27",2,受理中,193,45,18,46.97
3525,"2023-05-27",2,办理中,96,22,14,12.5
3526,"2023-05-27",2,审核中,155,26,2,37.03
3527,"2023-05-27",2,待归档,127,38,12,50.35
3528,"2023-05-27",2,已回访,195,66,43,18.2
3529,"2023-05-28",1,一般,142,17,6,51.13
3530,"2023-05-28",1,紧急,164,53,7,11.74
3531,"2023-05-28",1,特急,162,26,10,46.85
3532,"2023-05-28",1,应急事件,128,35,30,40.19
3533,"2023-05-28",2,受理中,97,13,7,43.31
3534,"2023-05-28",2,办理中,153,65,23,44.73
3535,"2023-05-28",2,审核中,100,23,6,38.86
3536,"2023-05-28",2,待归档,81,36,32,15.53
3537,"2023-05-28",2,已回访,142,27,25,49.82
3538,"2023-05-29",1,一般,161,33,21,51.81
3539,"2023-05-29",1,紧急,91,22,0,33.63
3540,"2023-05-29",1,特急,190,90,66,38.32
3541,"2023-05-29",1,应急事件,104,37,20,35.81
3542,"2023-05-29",2,受理中,168,62,20,43.77
3543,"2023-05-29",2,办理中,177,84,0,18.05
3544,"2023-05-29",2,审核中,155,39,29,56.15
3545,"2023-05-29",2,待归档,87,41,29,29.88
3546,"2023-05-29",2,已回访,152,32,8,21.75
3547,"2023-05-30",1,一般,111,28,20,52.3
3548,"2023-05-30",1,紧急,116,31,21,54.82
3549,"2023-05-30",1,特急,191,22,17,46.42
3550,"2023-05-30",1,应急事件,113,48,35,42.39
3551,"2023-05-30",2,受理中,134,54,5,51.55
3552,"2023-05-30",2,办理中,172,71,42,34.76
3553,"2023-05-30",2,审核中,188,34,14,30.84
3554,"2023-05-30",2,待归档,187,31,2,39.02
3555,"2023-05-30",2,已回访,140,48,1,45.55
3556,"2023-05-31",1,一般,160,61,4,15.15
3557,"2023-05-31",1,紧急,185,47,28,42.88
3558,"2023-05-31",1,特急,194,28,3,47.47
3559,"2023-05-31",1,应急事件,199,64,49,18.72
3560,"2023-05-31",2,受理中,163,75,44,22.54
3561,"2023-05-31",2,办理中,81,13,6,32.5
3562,"2023-05-31",2,审核中,133,38,30,53.38
3563,"2023-05-31",2,待归档,189,64,21,27.37
3564,"2023-05-31",2,已回访,121,49,39,11.45
3565,"2023-06-01",1,一般,189,21,1,50.52
3566,"2023-06-01",1,紧急,185,41,28,46.06
3567,"2023-06-01",1,特急,153,72,37,59.0
3568,"2023-06-01",1,应急事件,166,40,18,59.61
3569,"2023-06-01",2,受理中,97,45,3,54.27
3570,"2023-06-01",2,办理中,154,20,6,40.34
3571,"2023-06-01",2,审核中,106,14,10,14.2
3572,"2023-06-01",2,待归档,186,33,31,30.84
3573,"2023-06-01",2,已回访,92,43,22,46.17
3574,"2023-06-02",1,一般,81,24,8,15.29
3575,"2023-06-02",1,紧急,197,66,34,54.66
3576,"2023-06-02",1,特急,142,45,31,18.74
3577,"2023-06-02",1,应急事件,155,62,32,58.96
3578,"2023-06-02",2,受理中,163,78,6,55.18
3579,"2023-06-02",2,办理中,146,25,17,47.44
3580,"2023-06-02",2,审核中,179,87,36,59.11
3581,"2023-06-02",2,待归档,169,74,10,23.0
3582,"2023-06-02",2,已回访,147,20,5,18.38
3583,"2023-06-03",1,一般,179,13,12,11.43
3584,"2023-06-03",1,紧急,181,76,60,25.58
3585,"2023-06-03",1,特急,198,68,44,12.53
3586,"2023-06-03",1,应急事件,178,60,8,36.5
3587,"2023-06-03",2,受理中,120,30,17,22.07
3588,"2023-06-03",2,办理中,137,67,58,56.47
3589,"2023-06-03",2,审核中,142,11,1,15.3
3590,"2023-06-03",2,待归档,191,12,8,40.0
3591,"2023-06-03",2,已回访,170,47,17,42.08
3592,"2023-06-04",1,一般,83,36,26,18.51
3593,"2023-06-04",1,紧急,153,32,1,20.78
3594,"2023-06-04",1,特急,141,66,39,27.46
3595,"2023-06-04",1,应急事件,180,23,0,20.44
3596,"2023-06-04",2,受理中,127,32,0,54.7
3597,"2023-06-04",2,办理中,194,29,15,43.12
3598,"2023-06-04",2,审核中,178,22,17,59.93
3599,"2023-06-04",2,待归档,96,12,11,16.05
3600,"2023-06-04",2,已回访,110,35,14,41.22
3601,"2023-06-05",1,一般,129,52,33,52.68
3602,"2023-06-05",1,紧急,84,27,2,36.49
3603,"2023-06-05",1,特急,147,26,16,49.2
3604,"2023-06-05",1,应急事件,191,63,60,59.73
3605,"2023-06-05",2,受理中,94,41,25,56.22
3606,"2023-06-05",2,办理中,173,59,0,30.59
3607,"2023-06-05",2,审核中,170,14,13,33.75
3608,"2023-06-05",2,待归档,145,46,6,20.51
3609,"2023-06-05",2,已回访,171,66,0,44.55
3610,"2023-06-06",1,一般,187,28,27,29.86
3611,"2023-06-06",1,紧急,89,34,0,43.02
3612,"2023-06-06",1,特急,125,42,6,48.87
3613,"2023-06-06",1,应急事件,191,48,6,10.1
3614,"2023-06-06",2,受理中,91,24,20,38.0
3615,"2023-06-06",2,办理中,141,44,34,44.06
3616,"2023-06-06",2,审核中,142,43,12,27.53
3617,"2023-06-06",2,待归档,83,13,7,15.2
3618,"2023-06-06",2,已回访,186,65,28,15.32
3619,"2023-06-07",1,一般,152,70,5,56.07
3620,"2023-06-07",1,紧急,132,56,23,26.01
3621,"2023-06-07",1,特急,138,38,8,22.08
3622,"2023-06-07",1,应急事件,183,48,23,55.25
3623,"2023-06-07",2,受理中,154,29,4,50.08
3624,"2023-06-07",2,办理中,117,37,7,47.33
3625,"2023-06-07",2,审核中,118,39,35,35.92
3626,"2023-06-07",2,待归档,181,75,24,26.07
3627,"2023-06-07",2,已回访,174,36,0,16.34
3628,"2023-06-08",1,一般,122,22,17,24.28
3629,"2023-06-08",1,紧急,169,26,19,40.05
3630,"2023-06-08",1,特急,180,72,38,42.94
3631,"2023-06-08",1,应急事件,190,33,1,51.42
3632,"2023-06-08",2,受理中,142,45,3,46.71
3633,"2023-06-08",2,办理中,142,36,19,18.6
3634,"2023-06-08",2,审核中,144,14,7,38.16
3635,"2023-06-08",2,待归档,193,10,0,27.55
3636,"2023-06-08",2,已回访,200,55,0,36.92
3637,"2023-06-09",1,一般,97,17,11,13.45
3638,"2023-06-09",1,紧急,196,23,5,28.75
3639,"2023-06-09",1,特急,116,23,2,39.88
3640,"2023-06-09",1,应急事件,100,48,15,31.27
3641,"2023-06-09",2,受理中,194,32,9,47.99
3642,"2023-06-09",2,办理中,102,12,11,22.5
3643,"2023-06-09",2,审核中,105,48,46,53.06
3644,"2023-06-09",2,待归档,157,36,20,46.54
3645,"2023-06-09",2,已回访,98,47,13,12.8
3646,"2023-06-10",1,一般,139,60,55,12.54
3647,"2023-06-10",1,紧急,89,42,0,29.89
3648,"2023-06-10",1,特急,187,15,3,10.69
3649,"2023-06-10",1,应急事件,130,27,11,42.41
3650,"2023-06-10",2,受理中,88,28,25,34.76
3651,"2023-06-10",2,办理中,144,15,6,58.76
3652,"2023-06-10",2,审核中,134,39,33,32.51
3653,"2023-06-10",2,待归档,157,63,39,11.15
3654,"2023-06-10",2,已回访,199,63,18,57.61
3655,"2023-06-11",1,一般,125,32,22,52.86
3656,"2023-06-11",1,紧急,97,40,13,59.68
3657,"2023-06-11",1,特急,176,39,18,40.21
3658,"2023-06-11",1,应急事件,112,38,34,41.01
3659,"2023-06-11",2,受理中,152,60,6,24.55
3660,"2023-06-11",2,办理中,117,11,6,41.64
3661,"2023-06-11",2,审核中,166,58,18,50.62
3662,"2023-06-11",2,待归档,175,21,2,59.13
3663,"2023-06-11",2,已回访,84,33,2,46.81
3664,"2023-06-12",1,一般,181,58,55,29.47
3665,"2023-06-12",1,紧急,133,50,17,53.26
3666,"2023-06-12",1,特急,189,80,75,42.42
3667,"2023-06-12",1,应急事件,92,11,3,30.93
3668,"2023-06-12",2,受理中,100,23,22,54.32
3669,"2023-06-12",2,办理中,173,43,14,43.05
3670,"2023-06-12",2,审核中,156,60,51,59.05
3671,"2023-06-12",2,待归档,171,13,0,46.83
3672,"2023-06-12",2,已回访,177,36,24,44.03
3673,"2023-06-13",1,一般,191,87,57,27.55
3674,"2023-06-13",1,紧急,121,58,28,41.9
3675,"2023-06-13",1,特急,97,25,17,42.46
3676,"2023-06-13",1,应急事件,168,70,58,36.22
3677,"2023-06-13",2,受理中,159,12,4,40.59
3678,"2023-06-13",2,办理中,181,72,54,57.01
3679,"2023-06-13",2,审核中,196,49,14,57.16
3680,"2023-06-13",2,待归档,103,28,15,15.87
3681,"2023-06-13",2,已回访,165,29,7,18.21
3682,"2023-06-14",1,一般,131,18,6,39.62
3683,"2023-06-14",1,紧急,102,10,1,45.23
3684,"2023-06-14",1,特急,135,45,1,35.44
3685,"2023-06-14",1,应急事件,187,91,59,52.17
3686,"2023-06-14",2,受理中,101,43,24,29.86
3687,"2023-06-14",2,办理中,141,18,16,35.15
3688,"2023-06-14",2,审核中,117,18,14,57.33
3689,"2023-06-14",2,待归档,123,40,9,19.51
3690,"2023-06-14",2,已回访,175,77,25,14.94
3691,"2023-06-15",1,一般,129,54,19,43.31
3692,"2023-06-15",1,紧急,125,23,18,44.22
3693,"2023-06-15",1,特急,104,45,16,43.47
3694,"2023-06-15",1,应急事件,189,65,62,38.91
3695,"2023-06-15",2,受理中,181,76,2,28.81
3696,"2023-06-15",2,办理中,109,51,37,39.86
3697,"2023-06-15",2,审核中,156,13,0,53.16
3698,"2023-06-15",2,待归档,81,13,8,53.01
3699,"2023-06-15",2,已回访,106,18,0,24.53
3700,"2023-06-16",1,一般,98,14,9,57.92
3701,"2023-06-16",1,紧急,108,18,12,13.13
3702,"2023-06-16",1,特急,191,78,18,18.65
3703,"2023-06-16",1,应急事件,86,17,1,51.08
3704,"2023-06-16",2,受理中,168,18,12,23.31
3705,"2023-06-16",2,办理中,190,44,29,37.69
3706,"2023-06-16",2,审核中,190,68,50,49.87
3707,"2023-06-16",2,待归档,195,87,34,57.46
3708,"2023-06-16",2,已回访,100,13,7,42.13
3709,"2023-06-17",1,一般,127,15,14,19.75
3710,"2023-06-17",1,紧急,142,35,15,22.13
3711,"2023-06-17",1,特急,193,15,14,52.68
3712,"2023-06-17",1,应急事件,112,49,11,29.72
3713,"2023-06-17",2,受理中,169,68,62,39.32
3714,"2023-06-17",2,办理中,119,23,21,34.77
3715,"2023-06-17",2,审核中,82,25,4,18.73
3716,"2023-06-17",2,待归档,194,40,26,14.42
3717,"2023-06-17",2,已回访,131,12,0,32.21
3718,"2023-06-18",1,一般,102,27,6,13.47
3719,"2023-06-18",1,紧急,196,83,70,53.43
3720,"2023-06-18",1,特急,152,46,32,18.2
3721,"2023-06-18",1,应急事件,94,23,9,19.4
3722,"2023-06-18",2,受理中,95,36,19,11.36
3723,"2023-06-18",2,办理中,110,34,12,32.93
3724,"2023-06-18",2,审核中,197,16,11,10.88
3725,"2023-06-18",2,待归档,85,26,17,33.38
3726,"2023-06-18",2,已回访,115,36,32,52.57
3727,"2023-06-19",1,一般,87,23,15,21.52
3728,"2023-06-19",1,紧急,90,18,0,58.71
3729,"2023-06-19",1,特急,115,52,34,28.88
3730,"2023-06-19",1,应急事件,177,85,76,47.43
3731,"2023-06-19",2,受理中,161,56,1,13.53
3732,"2023-06-19",2,办理中,147,19,11,48.59
3733,"2023-06-19",2,审核中,108,29,18,33.59
3734,"2023-06-19",2,待归档,159,33,1,34.86
3735,"2023-06-19",2,已回访,80,31,16,26.69
3736,"2023-06-20",1,一般,112,23,22,39.16
3737,"2023-06-20",1,紧急,118,32,21,14.06
3738,"2023-06-20",1,特急,168,32,2,20.04
3739,"2023-06-20",1,应急事件,194,92,60,34.98
3740,"2023-06-20",2,受理中,96,39,8,22.88
3741,"2023-06-20",2,办理中,163,62,53,23.69
3742,"2023-06-20",2,审核中,162,75,12,26.47
3743,"2023-06-20",2,待归档,132,34,0,54.9
3744,"2023-06-20",2,已回访,98,31,26,13.82
3745,"2023-06-21",1,一般,107,34,2,24.03
3746,"2023-06-21",1,紧急,159,25,17,50.97
3747,"2023-06-21",1,特急,188,29,23,15.93
3748,"2023-06-21",1,应急事件,125,52,20,32.76
3749,"2023-06-21",2,受理中,81,36,4,47.52
3750,"2023-06-21",2,办理中,120,12,11,28.48
3751,"2023-06-21",2,审核中,95,31,27,29.06
3752,"2023-06-21",2,待归档,91,38,7,44.9
3753,"2023-06-21",2,已回访,83,21,1,12.21
3754,"2023-06-22",1,一般,94,15,3,21.65
3755,"2023-06-22",1,紧急,121,29,20,16.44
3756,"2023-06-22",1,特急,199,36,1,47.82
3757,"2023-06-22",1,应急事件,92,11,7,13.05
3758,"2023-06-22",2,受理中,92,25,20,13.55
3759,"2023-06-22",2,办理中,163,26,11,22.87
3760,"2023-06-22",2,审核中,132,60,51,27.39
3761,"2023-06-22",2,待归档,156,13,12,41.74
3762,"2023-06-22",2,已回访,89,34,21,49.41
3763,"2023-06-23",1,一般,186,68,23,34.04
3764,"2023-06-23",1,紧急,177,86,51,32.12
3765,"2023-06-23",1,特急,105,46,1,19.91
3766,"2023-06-23",1,应急事件,139,59,31,13.87
3767,"2023-06-23",2,受理中,129,11,7,30.62
3768,"2023-06-23",2,办理中,198,39,4,12.84
3769,"2023-06-23",2,审核中,106,50,41,45.62
3770,"2023-06-23",2,待归档,132,61,30,17.32
3771,"2023-06-23",2,已回访,116,52,15,47.56
3772,"2023-06-24",1,一般,151,21,18,42.19
3773,"2023-06-24",1,紧急,96,46,11,44.42
3774,"2023-06-24",1,特急,192,57,56,59.8
3775,"2023-06-24",1,应急事件,107,24,11,15.74
3776,"2023-06-24",2,受理中,112,32,6,39.46
3777,"2023-06-24",2,办理中,157,28,10,32.8
3778,"2023-06-24",2,审核中,177,29,13,41.19
3779,"2023-06-24",2,待归档,153,40,10,51.96
3780,"2023-06-24",2,已回访,105,41,29,37.79
3781,"2023-06-25",1,一般,119,58,23,54.64
3782,"2023-06-25",1,紧急,85,19,7,59.4
3783,"2023-06-25",1,特急,88,12,7,52.8
3784,"2023-06-25",1,应急事件,169,44,12,15.71
3785,"2023-06-25",2,受理中,136,46,41,42.63
3786,"2023-06-25",2,办理中,116,34,24,35.14
3787,"2023-06-25",2,审核中,130,55,28,35.17
3788,"2023-06-25",2,待归档,154,38,12,28.05
3789,"2023-06-25",2,已回访,98,10,5,41.58
3790,"2023-06-26",1,一般,86,28,18,16.61
3791,"2023-06-26",1,紧急,160,22,18,19.44
3792,"2023-06-26",1,特急,101,36,33,14.85
3793,"2023-06-26",1,应急事件,133,44,33,32.18
3794,"2023-06-26",2,受理中,101,42,9,29.97
3795,"2023-06-26",2,办理中,112,19,1,39.54
3796,"2023-06-26",2,审核中,163,78,75,54.74
3797,"2023-06-26",2,待归档,192,66,58,49.98
3798,"2023-06-26",2,已回访,191,43,40,34.4
3799,"2023-06-27",1,一般,133,37,35,49.32
3800,"2023-06-27",1,紧急,188,32,11,38.67
3801,"2023-06-27",1,特急,100,37,2,10.34
3802,"2023-06-27",1,应急事件,138,16,4,24.6
3803,"2023-06-27",2,受理中,113,14,3,31.23
3804,"2023-06-27",2,办理中,140,35,10,33.27
3805,"2023-06-27",2,审核中,191,59,4,41.48
3806,"2023-06-27",2,待归档,96,41,35,20.67
3807,"2023-06-27",2,已回访,166,24,11,14.68
3808,"2023-06-28",1,一般,173,73,6,58.61
3809,"2023-06-28",1,紧急,109,37,36,19.18
3810,"2023-06-28",1,特急,118,35,30,52.88
3811,"2023-06-28",1,应急事件,153,41,15,47.01
3812,"2023-06-28",2,受理中,99,17,5,58.36
3813,"2023-06-28",2,办理中,169,55,29,45.66
3814,"2023-06-28",2,审核中,127,56,19,29.95
3815,"2023-06-28",2,待归档,181,48,35,44.21
3816,"2023-06-28",2,已回访,124,21,2,52.51
3817,"2023-06-29",1,一般,89,35,17,19.66
3818,"2023-06-29",1,紧急,148,11,5,53.5
3819,"2023-06-29",1,特急,146,25,21,54.01
3820,"2023-06-29",1,应急事件,157,37,4,56.35
3821,"2023-06-29",2,受理中,128,60,18,30.18
3822,"2023-06-29",2,办理中,181,23,22,27.44
3823,"2023-06-29",2,审核中,116,15,4,48.03
3824,"2023-06-29",2,待归档,128,22,10,31.28
3825,"2023-06-29",2,已回访,85,11,6,53.74
3826,"2023-06-30",1,一般,190,42,11,31.65
3827,"2023-06-30",1,紧急,148,16,5,30.25
3828,"2023-06-30",1,特急,190,22,8,42.7
3829,"2023-06-30",1,应急事件,139,63,18,22.71
3830,"2023-06-30",2,受理中,96,47,37,34.45
3831,"2023-06-30",2,办理中,104,10,5,13.24
3832,"2023-06-30",2,审核中,100,27,18,13.63
3833,"2023-06-30",2,待归档,166,41,4,33.83
3834,"2023-06-30",2,已回访,92,23,12,19.5
3835,"2023-07-01",1,一般,180,17,13,28.98
3836,"2023-07-01",1,紧急,170,20,13,17.73
3837,"2023-07-01",1,特急,152,19,3,31.96
3838,"2023-07-01",1,应急事件,151,61,48,34.82
3839,"2023-07-01",2,受理中,99,13,4,45.19
3840,"2023-07-01",2,办理中,173,57,26,15.07
3841,"2023-07-01",2,审核中,110,29,21,27.89
3842,"2023-07-01",2,待归档,133,56,37,46.48
3843,"2023-07-01",2,已回访,134,43,18,20.02
3844,"2023-07-02",1,一般,101,17,8,23.03
3845,"2023-07-02",1,紧急,143,31,10,17.57
3846,"2023-07-02",1,特急,162,66,23,49.16
3847,"2023-07-02",1,应急事件,98,37,34,54.66
3848,"2023-07-02",2,受理中,85,24,8,26.07
3849,"2023-07-02",2,办理中,138,53,39,26.38
3850,"2023-07-02",2,审核中,167,54,44,42.62
3851,"2023-07-02",2,待归档,152,53,34,49.12
3852,"2023-07-02",2,已回访,197,74,15,58.83
3853,"2023-07-03",1,一般,200,47,8,45.59
3854,"2023-07-03",1,紧急,83,40,17,31.87
3855,"2023-07-03",1,特急,90,13,5,46.44
3856,"2023-07-03",1,应急事件,81,36,3,32.87
3857,"2023-07-03",2,受理中,199,49,14,36.68
3858,"2023-07-03",2,办理中,123,13,0,45.43
3859,"2023-07-03",2,审核中,105,51,31,26.41
3860,"2023-07-03",2,待归档,188,93,30,49.74
3861,"2023-07-03",2,已回访,99,34,20,57.02
3862,"2023-07-04",1,一般,83,18,3,18.66
3863,"2023-07-04",1,紧急,127,13,3,37.45
3864,"2023-07-04",1,特急,122,37,14,40.15
3865,"2023-07-04",1,应急事件,83,25,3,25.88
3866,"2023-07-04",2,受理中,98,41,22,12.53
3867,"2023-07-04",2,办理中,151,24,13,24.28
3868,"2023-07-04",2,审核中,113,51,16,36.2
3869,"2023-07-04",2,待归档,152,60,29,12.94
3870,"2023-07-04",2,已回访,106,36,5,54.16
3871,"2023-07-05",1,一般,118,28,14,55.92
3872,"2023-07-05",1,紧急,113,12,5,14.09
3873,"2023-07-05",1,特急,137,32,6,16.67
3874,"2023-07-05",1,应急事件,184,34,28,52.05
3875,"2023-07-05",2,受理中,144,42,10,29.86
3876,"2023-07-05",2,办理中,156,75,64,42.96
3877,"2023-07-05",2,审核中,125,42,35,27.18
3878,"2023-07-05",2,待归档,156,47,1,53.06
3879,"2023-07-05",2,已回访,105,37,7,30.14
3880,"2023-07-06",1,一般,195,27,3,30.05
3881,"2023-07-06",1,紧急,152,63,40,43.0
3882,"2023-07-06",1,特急,119,26,25,25.74
3883,"2023-07-06",1,应急事件,104,50,34,47.35
3884,"2023-07-06",2,受理中,149,53,40,16.05
3885,"2023-07-06",2,办理中,124,41,5,11.58
3886,"2023-07-06",2,审核中,93,29,7,24.82
3887,"2023-07-06",2,待归档,84,17,14,45.47
3888,"2023-07-06",2,已回访,168,16,0,23.44
3889,"2023-07-07",1,一般,151,24,19,40.75
3890,"2023-07-07",1,紧急,142,11,5,41.91
3891,"2023-07-07",1,特急,163,72,32,13.6
3892,"2023-07-07",1,应急事件,124,30,22,25.9
3893,"2023-07-07",2,受理中,152,71,69,31.37
3894,"2023-07-07",2,办理中,145,45,33,15.05
3895,"2023-07-07",2,审核中,108,23,15,43.17
3896,"2023-07-07",2,待归档,94,25,4,59.74
3897,"2023-07-07",2,已回访,133,63,17,41.88
3898,"2023-07-08",1,一般,118,23,16,56.68
3899,"2023-07-08",1,紧急,146,18,3,34.12
3900,"2023-07-08",1,特急,168,30,19,49.99
3901,"2023-07-08",1,应急事件,167,72,10,54.65
3902,"2023-07-08",2,受理中,102,12,2,48.51
3903,"2023-07-08",2,办理中,192,78,50,15.75
3904,"2023-07-08",2,审核中,178,37,29,22.16
3905,"2023-07-08",2,待归档,94,26,19,10.78
3906,"2023-07-08",2,已回访,152,47,7,15.97
3907,"2023-07-09",1,一般,171,52,12,40.92
3908,"2023-07-09",1,紧急,109,31,17,31.96
3909,"2023-07-09",1,特急,92,22,5,34.5
3910,"2023-07-09",1,应急事件,163,34,18,39.95
3911,"2023-07-09",2,受理中,166,70,19,44.36
3912,"2023-07-09",2,办理中,124,15,7,54.87
3913,"2023-07-09",2,审核中,186,92,86,47.41
3914,"2023-07-09",2,待归档,180,25,23,36.65
3915,"2023-07-09",2,已回访,196,50,1,44.42
3916,"2023-07-10",1,一般,194,51,46,42.0
3917,"2023-07-10",1,紧急,87,16,1,36.82
3918,"2023-07-10",1,特急,158,33,2,23.93
3919,"2023-07-10",1,应急事件,83,19,18,45.06
3920,"2023-07-10",2,受理中,101,36,15,17.81
3921,"2023-07-10",2,办理中,185,14,3,36.75
3922,"2023-07-10",2,审核中,197,40,4,46.21
3923,"2023-07-10",2,待归档,168,67,30,53.24
3924,"2023-07-10",2,已回访,181,88,58,12.44
3925,"2023-07-11",1,一般,190,73,24,18.11
3926,"2023-07-11",1,紧急,111,31,21,26.62
3927,"2023-07-11",1,特急,142,38,27,54.84
3928,"2023-07-11",1,应急事件,85,32,0,21.9
3929,"2023-07-11",2,受理中,99,13,7,56.28
3930,"2023-07-11",2,办理中,136,60,53,56.49
3931,"2023-07-11",2,审核中,107,37,27,39.79
3932,"2023-07-11",2,待归档,101,41,28,34.94
3933,"2023-07-11",2,已回访,200,39,9,28.86
3934,"2023-07-12",1,一般,90,22,15,33.82
3935,"2023-07-12",1,紧急,144,52,16,10.22
3936,"2023-07-12",1,特急,152,66,9,41.75
3937,"2023-07-12",1,应急事件,113,25,8,40.87
3938,"2023-07-12",2,受理中,124,27,22,46.92
3939,"2023-07-12",2,办理中,200,45,36,56.05
3940,"2023-07-12",2,审核中,197,25,15,20.26
3941,"2023-07-12",2,待归档,115,56,0,40.18
3942,"2023-07-12",2,已回访,96,16,9,25.96
3943,"2023-07-13",1,一般,97,43,39,57.92
3944,"2023-07-13",1,紧急,88,22,8,39.39
3945,"2023-07-13",1,特急,180,59,38,58.84
3946,"2023-07-13",1,应急事件,133,42,37,38.13
3947,"2023-07-13",2,受理中,121,31,7,14.41
3948,"2023-07-13",2,办理中,179,11,2,27.29
3949,"2023-07-13",2,审核中,111,31,13,44.81
3950,"2023-07-13",2,待归档,132,42,24,12.51
3951,"2023-07-13",2,已回访,85,19,5,52.12
3952,"2023-07-14",1,一般,189,53,51,39.8
3953,"2023-07-14",1,紧急,166,24,19,35.78
3954,"2023-07-14",1,特急,124,49,5,29.23
3955,"2023-07-14",1,应急事件,156,59,24,57.39
3956,"2023-07-14",2,受理中,171,53,37,55.88
3957,"2023-07-14",2,办理中,163,22,16,32.95
3958,"2023-07-14",2,审核中,141,34,8,32.7
3959,"2023-07-14",2,待归档,109,14,7,54.49
3960,"2023-07-14",2,已回访,197,40,26,11.17
3961,"2023-07-15",1,一般,169,78,11,20.42
3962,"2023-07-15",1,紧急,199,81,44,23.61
3963,"2023-07-15",1,特急,92,28,23,55.0
3964,"2023-07-15",1,应急事件,199,45,32,55.93
3965,"2023-07-15",2,受理中,156,43,23,58.78
3966,"2023-07-15",2,办理中,98,43,10,58.34
3967,"2023-07-15",2,审核中,169,18,2,35.41
3968,"2023-07-15",2,待归档,130,10,1,57.11
3969,"2023-07-15",2,已回访,85,17,16,18.17
3970,"2023-07-16",1,一般,117,42,16,47.59
3971,"2023-07-16",1,紧急,111,15,0,29.96
3972,"2023-07-16",1,特急,137,43,11,50.07
3973,"2023-07-16",1,应急事件,188,61,54,44.48
3974,"2023-07-16",2,受理中,94,34,30,30.36
3975,"2023-07-16",2,办理中,109,51,4,59.78
3976,"2023-07-16",2,审核中,81,19,9,48.98
3977,"2023-07-16",2,待归档,143,17,10,50.15
3978,"2023-07-16",2,已回访,179,64,36,45.5
3979,"2023-07-17",1,一般,137,33,18,44.75
3980,"2023-07-17",1,紧急,120,33,15,59.6
3981,"2023-07-17",1,特急,146,31,8,48.45
3982,"2023-07-17",1,应急事件,187,84,29,36.77
3983,"2023-07-17",2,受理中,110,26,10,13.69
3984,"2023-07-17",2,办理中,175,78,35,53.25
3985,"2023-07-17",2,审核中,99,47,27,32.37
3986,"2023-07-17",2,待归档,185,49,15,42.88
3987,"2023-07-17",2,已回访,144,16,8,52.8
3988,"2023-07-18",1,一般,179,64,51,57.99
3989,"2023-07-18",1,紧急,164,29,10,43.89
3990,"2023-07-18",1,特急,161,14,0,34.97
3991,"2023-07-18",1,应急事件,127,43,8,18.19
3992,"2023-07-18",2,受理中,142,30,26,29.77
3993,"2023-07-18",2,办理中,144,60,25,29.69
3994,"2023-07-18",2,审核中,166,65,7,53.93
3995,"2023-07-18",2,待归档,198,42,3,43.91
3996,"2023-07-18",2,已回访,90,25,2,26.92
3997,"2023-07-19",1,一般,117,14,2,16.32
3998,"2023-07-19",1,紧急,199,42,28,43.08
3999,"2023-07-19",1,特急,124,44,29,16.29
4000,"2023-07-19",1,应急事件,155,67,42,48.52
4001,"2023-07-19",2,受理中,112,54,24,23.78
4002,"2023-07-19",2,办理中,190,87,80,41.75
4003,"2023-07-19",2,审核中,185,71,56,51.83
4004,"2023-07-19",2,待归档,92,36,2,46.7
4005,"2023-07-19",2,已回访,185,89,84,59.3
4006,"2023-07-20",1,一般,112,34,18,12.11
4007,"2023-07-20",1,紧急,113,26,11,22.04
4008,"2023-07-20",1,特急,180,68,48,31.93
4009,"2023-07-20",1,应急事件,85,41,6,36.37
4010,"2023-07-20",2,受理中,132,16,14,21.46
4011,"2023-07-20",2,办理中,178,10,0,13.99
4012,"2023-07-20",2,审核中,193,78,38,45.8
4013,"2023-07-20",2,待归档,172,66,23,34.18
4014,"2023-07-20",2,已回访,188,44,19,33.91
4015,"2023-07-21",1,一般,149,28,5,10.79
4016,"2023-07-21",1,紧急,136,51,43,47.43
4017,"2023-07-21",1,特急,188,40,36,21.87
4018,"2023-07-21",1,应急事件,173,65,49,31.63
4019,"2023-07-21",2,受理中,130,27,25,19.28
4020,"2023-07-21",2,办理中,137,38,9,27.78
4021,"2023-07-21",2,审核中,134,12,1,12.4
4022,"2023-07-21",2,待归档,115,14,6,19.66
4023,"2023-07-21",2,已回访,119,22,5,47.81
4024,"2023-07-22",1,一般,90,35,5,13.99
4025,"2023-07-22",1,紧急,156,61,11,37.66
4026,"2023-07-22",1,特急,135,30,22,31.99
4027,"2023-07-22",1,应急事件,123,42,13,52.14
4028,"2023-07-22",2,受理中,171,17,12,51.62
4029,"2023-07-22",2,办理中,98,42,26,15.88
4030,"2023-07-22",2,审核中,132,53,3,10.17
4031,"2023-07-22",2,待归档,142,35,12,13.93
4032,"2023-07-22",2,已回访,157,75,12,19.06
4033,"2023-07-23",1,一般,91,23,11,24.5
4034,"2023-07-23",1,紧急,165,56,52,45.76
4035,"2023-07-23",1,特急,183,89,81,23.39
4036,"2023-07-23",1,应急事件,191,37,15,34.67
4037,"2023-07-23",2,受理中,131,23,0,21.02
4038,"2023-07-23",2,办理中,169,68,49,58.14
4039,"2023-07-23",2,审核中,89,31,29,22.46
4040,"2023-07-23",2,待归档,185,56,18,34.52
4041,"2023-07-23",2,已回访,87,37,17,12.65
4042,"2023-07-24",1,一般,128,48,14,28.76
4043,"2023-07-24",1,紧急,153,34,6,28.42
4044,"2023-07-24",1,特急,182,57,13,57.61
4045,"2023-07-24",1,应急事件,200,12,6,30.19
4046,"2023-07-24",2,受理中,117,55,5,43.47
4047,"2023-07-24",2,办理中,144,44,36,56.09
4048,"2023-07-24",2,审核中,170,48,41,12.89
4049,"2023-07-24",2,待归档,133,47,36,38.18
4050,"2023-07-24",2,已回访,92,36,34,27.38
4051,"2023-07-25",1,一般,130,39,38,11.69
4052,"2023-07-25",1,紧急,182,43,42,56.97
4053,"2023-07-25",1,特急,159,33,23,19.16
4054,"2023-07-25",1,应急事件,111,16,11,58.57
4055,"2023-07-25",2,受理中,140,26,24,24.89
4056,"2023-07-25",2,办理中,194,77,3,51.42
4057,"2023-07-25",2,审核中,118,20,17,38.71
4058,"2023-07-25",2,待归档,138,26,17,41.28
4059,"2023-07-25",2,已回访,155,49,29,35.72
4060,"2023-07-26",1,一般,125,26,18,16.82
4061,"2023-07-26",1,紧急,102,46,24,41.1
4062,"2023-07-26",1,特急,100,30,14,27.14
4063,"2023-07-26",1,应急事件,165,37,25,41.87
4064,"2023-07-26",2,受理中,132,59,51,48.65
4065,"2023-07-26",2,办理中,94,41,30,30.21
4066,"2023-07-26",2,审核中,194,14,9,47.64
4067,"2023-07-26",2,待归档,147,34,30,32.67
4068,"2023-07-26",2,已回访,174,40,29,31.35
4069,"2023-07-27",1,一般,180,52,33,33.02
4070,"2023-07-27",1,紧急,95,37,6,57.54
4071,"2023-07-27",1,特急,145,64,47,54.67
4072,"2023-07-27",1,应急事件,118,41,18,31.23
4073,"2023-07-27",2,受理中,114,23,0,42.12
4074,"2023-07-27",2,办理中,171,75,6,12.87
4075,"2023-07-27",2,审核中,162,45,28,38.1
4076,"2023-07-27",2,待归档,110,33,27,28.99
4077,"2023-07-27",2,已回访,100,44,16,28.55
4078,"2023-07-28",1,一般,169,20,1,43.09
4079,"2023-07-28",1,紧急,90,44,41,23.26
4080,"2023-07-28",1,特急,82,29,20,47.49
4081,"2023-07-28",1,应急事件,199,55,17,30.74
4082,"2023-07-28",2,受理中,181,36,16,31.05
4083,"2023-07-28",2,办理中,167,53,12,43.58
4084,"2023-07-28",2,审核中,135,13,1,10.16
4085,"2023-07-28",2,待归档,98,26,8,56.51
4086,"2023-07-28",2,已回访,144,47,34,51.4
4087,"2023-07-29",1,一般,136,54,51,29.67
4088,"2023-07-29",1,紧急,144,27,3,43.32
4089,"2023-07-29",1,特急,174,17,5,58.47
4090,"2023-07-29",1,应急事件,178,45,14,18.93
4091,"2023-07-29",2,受理中,159,76,40,15.9
4092,"2023-07-29",2,办理中,150,47,43,26.63
4093,"2023-07-29",2,审核中,95,13,4,27.05
4094,"2023-07-29",2,待归档,87,16,3,23.3
4095,"2023-07-29",2,已回访,123,47,7,27.91
4096,"2023-07-30",1,一般,130,49,39,12.44
4097,"2023-07-30",1,紧急,85,10,5,21.02
4098,"2023-07-30",1,特急,163,54,34,14.89
4099,"2023-07-30",1,应急事件,194,70,34,46.39
4100,"2023-07-30",2,受理中,145,31,12,36.99
4101,"2023-07-30",2,办理中,194,89,55,37.47
4102,"2023-07-30",2,审核中,158,53,44,42.42
4103,"2023-07-30",2,待归档,147,37,2,41.6
4104,"2023-07-30",2,已回访,84,31,29,58.64
4105,"2023-07-31",1,一般,173,85,23,35.76
4106,"2023-07-31",1,紧急,108,25,18,32.76
4107,"2023-07-31",1,特急,174,41,25,36.22
4108,"2023-07-31",1,应急事件,107,35,34,49.23
4109,"2023-07-31",2,受理中,93,44,26,26.74
4110,"2023-07-31",2,办理中,115,26,8,55.49
4111,"2023-07-31",2,审核中,175,46,44,26.31
4112,"2023-07-31",2,待归档,109,44,4,44.78
4113,"2023-07-31",2,已回访,106,16,1,31.85
4114,"2023-08-01",1,一般,155,74,9,55.38
4115,"2023-08-01",1,紧急,143,28,12,53.01
4116,"2023-08-01",1,特急,129,10,8,40.22
4117,"2023-08-01",1,应急事件,110,50,27,33.59
4118,"2023-08-01",2,受理中,100,10,8,10.92
4119,"2023-08-01",2,办理中,106,52,47,19.31
4120,"2023-08-01",2,审核中,121,51,35,55.32
4121,"2023-08-01",2,待归档,136,11,0,34.19
4122,"2023-08-01",2,已回访,198,87,60,24.99
4123,"2023-08-02",1,一般,141,34,9,12.35
4124,"2023-08-02",1,紧急,130,45,38,35.47
4125,"2023-08-02",1,特急,160,76,58,35.08
4126,"2023-08-02",1,应急事件,194,73,50,35.21
4127,"2023-08-02",2,受理中,146,32,1,51.07
4128,"2023-08-02",2,办理中,91,12,8,10.07
4129,"2023-08-02",2,审核中,159,36,19,29.02
4130,"2023-08-02",2,待归档,156,18,6,52.3
4131,"2023-08-02",2,已回访,180,87,55,16.11
4132,"2023-08-03",1,一般,175,14,4,44.96
4133,"2023-08-03",1,紧急,94,37,32,51.04
4134,"2023-08-03",1,特急,180,14,9,16.96
4135,"2023-08-03",1,应急事件,147,39,38,18.71
4136,"2023-08-03",2,受理中,97,27,21,53.25
4137,"2023-08-03",2,办理中,162,80,2,29.15
4138,"2023-08-03",2,审核中,174,86,7,15.56
4139,"2023-08-03",2,待归档,191,39,6,48.43
4140,"2023-08-03",2,已回访,96,23,15,19.9
4141,"2023-08-04",1,一般,85,16,9,14.45
4142,"2023-08-04",1,紧急,104,51,48,50.04
4143,"2023-08-04",1,特急,194,56,16,36.66
4144,"2023-08-04",1,应急事件,189,31,19,10.59
4145,"2023-08-04",2,受理中,122,13,2,38.15
4146,"2023-08-04",2,办理中,193,72,30,38.85
4147,"2023-08-04",2,审核中,139,17,2,58.39
4148,"2023-08-04",2,待归档,179,50,18,49.72
4149,"2023-08-04",2,已回访,167,30,15,44.87
4150,"2023-08-05",1,一般,196,51,30,18.57
4151,"2023-08-05",1,紧急,193,74,27,28.8
4152,"2023-08-05",1,特急,121,34,32,27.99
4153,"2023-08-05",1,应急事件,179,67,23,26.99
4154,"2023-08-05",2,受理中,177,35,30,39.32
4155,"2023-08-05",2,办理中,200,20,1,36.48
4156,"2023-08-05",2,审核中,177,80,25,12.69
4157,"2023-08-05",2,待归档,124,23,13,17.59
4158,"2023-08-05",2,已回访,85,21,19,30.5
4159,"2023-08-06",1,一般,97,39,15,38.71
4160,"2023-08-06",1,紧急,107,42,6,18.61
4161,"2023-08-06",1,特急,171,62,6,40.57
4162,"2023-08-06",1,应急事件,158,12,4,17.42
4163,"2023-08-06",2,受理中,111,22,20,20.24
4164,"2023-08-06",2,办理中,122,16,5,18.33
4165,"2023-08-06",2,审核中,121,47,1,55.12
4166,"2023-08-06",2,待归档,136,35,26,19.15
4167,"2023-08-06",2,已回访,177,21,8,21.95
4168,"2023-08-07",1,一般,89,34,2,57.41
4169,"2023-08-07",1,紧急,115,17,3,31.34
4170,"2023-08-07",1,特急,139,11,0,25.14
4171,"2023-08-07",1,应急事件,178,74,20,14.66
4172,"2023-08-07",2,受理中,123,60,51,48.5
4173,"2023-08-07",2,办理中,161,24,13,10.1
4174,"2023-08-07",2,审核中,162,17,8,47.51
4175,"2023-08-07",2,待归档,86,37,1,19.41
4176,"2023-08-07",2,已回访,117,15,3,53.84
4177,"2023-08-08",1,一般,187,68,36,14.08
4178,"2023-08-08",1,紧急,148,57,7,12.45
4179,"2023-08-08",1,特急,122,19,3,48.97
4180,"2023-08-08",1,应急事件,121,58,15,55.0
4181,"2023-08-08",2,受理中,104,15,8,17.78
4182,"2023-08-08",2,办理中,115,26,21,35.0
4183,"2023-08-08",2,审核中,87,15,11,12.97
4184,"2023-08-08",2,待归档,109,26,7,11.91
4185,"2023-08-08",2,已回访,187,80,13,13.31
4186,"2023-08-09",1,一般,195,46,35,20.44
4187,"2023-08-09",1,紧急,182,64,45,19.4
4188,"2023-08-09",1,特急,124,53,51,52.56
4189,"2023-08-09",1,应急事件,131,37,16,52.98
4190,"2023-08-09",2,受理中,136,55,19,59.92
4191,"2023-08-09",2,办理中,148,33,31,52.31
4192,"2023-08-09",2,审核中,83,28,2,30.91
4193,"2023-08-09",2,待归档,199,95,0,23.08
4194,"2023-08-09",2,已回访,92,27,24,42.13
4195,"2023-08-10",1,一般,95,37,7,40.9
4196,"2023-08-10",1,紧急,136,33,4,15.78
4197,"2023-08-10",1,特急,192,12,2,10.83
4198,"2023-08-10",1,应急事件,141,65,46,22.11
4199,"2023-08-10",2,受理中,186,56,49,55.04
4200,"2023-08-10",2,办理中,135,19,6,51.24
4201,"2023-08-10",2,审核中,120,53,34,53.74
4202,"2023-08-10",2,待归档,91,11,9,31.98
4203,"2023-08-10",2,已回访,106,48,44,22.53
4204,"2023-08-11",1,一般,141,58,40,45.68
4205,"2023-08-11",1,紧急,149,59,23,14.43
4206,"2023-08-11",1,特急,178,26,6,15.6
4207,"2023-08-11",1,应急事件,110,37,35,56.11
4208,"2023-08-11",2,受理中,107,12,10,45.87
4209,"2023-08-11",2,办理中,164,27,8,44.16
4210,"2023-08-11",2,审核中,97,30,3,17.83
4211,"2023-08-11",2,待归档,103,26,14,15.54
4212,"2023-08-11",2,已回访,114,38,9,37.5
4213,"2023-08-12",1,一般,93,28,20,43.79
4214,"2023-08-12",1,紧急,130,39,17,51.07
4215,"2023-08-12",1,特急,98,36,13,29.85
4216,"2023-08-12",1,应急事件,110,41,39,51.89
4217,"2023-08-12",2,受理中,109,31,18,18.22
4218,"2023-08-12",2,办理中,184,75,26,20.06
4219,"2023-08-12",2,审核中,86,40,25,44.46
4220,"2023-08-12",2,待归档,150,38,25,22.12
4221,"2023-08-12",2,已回访,144,65,59,34.55
4222,"2023-08-13",1,一般,109,10,8,11.61
4223,"2023-08-13",1,紧急,169,16,9,56.3
4224,"2023-08-13",1,特急,83,19,16,28.06
4225,"2023-08-13",1,应急事件,158,24,10,55.17
4226,"2023-08-13",2,受理中,106,18,7,34.27
4227,"2023-08-13",2,办理中,169,54,43,22.7
4228,"2023-08-13",2,审核中,184,77,0,44.68
4229,"2023-08-13",2,待归档,129,46,23,31.47
4230,"2023-08-13",2,已回访,80,25,9,42.95
4231,"2023-08-14",1,一般,126,32,13,24.25
4232,"2023-08-14",1,紧急,162,55,34,50.5
4233,"2023-08-14",1,特急,135,28,16,22.49
4234,"2023-08-14",1,应急事件,94,28,14,49.19
4235,"2023-08-14",2,受理中,95,37,16,16.23
4236,"2023-08-14",2,办理中,143,33,0,21.84
4237,"2023-08-14",2,审核中,198,51,24,35.4
4238,"2023-08-14",2,待归档,115,10,7,33.2
4239,"2023-08-14",2,已回访,92,26,12,31.51
4240,"2023-08-15",1,一般,134,24,14,20.16
4241,"2023-08-15",1,紧急,189,14,5,55.21
4242,"2023-08-15",1,特急,143,51,25,46.54
4243,"2023-08-15",1,应急事件,84,35,7,50.4
4244,"2023-08-15",2,受理中,91,31,25,50.15
4245,"2023-08-15",2,办理中,108,14,7,10.37
4246,"2023-08-15",2,审核中,85,36,26,22.59
4247,"2023-08-15",2,待归档,124,40,16,18.0
4248,"2023-08-15",2,已回访,99,34,20,43.3
4249,"2023-08-16",1,一般,99,25,24,15.77
4250,"2023-08-16",1,紧急,196,26,20,28.66
4251,"2023-08-16",1,特急,148,62,48,58.47
4252,"2023-08-16",1,应急事件,125,44,3,27.74
4253,"2023-08-16",2,受理中,198,67,38,46.06
4254,"2023-08-16",2,办理中,95,27,2,13.57
4255,"2023-08-16",2,审核中,171,20,5,20.35
4256,"2023-08-16",2,待归档,195,69,54,11.83
4257,"2023-08-16",2,已回访,81,32,3,50.59
4258,"2023-08-17",1,一般,117,47,45,15.92
4259,"2023-08-17",1,紧急,174,14,13,40.29
4260,"2023-08-17",1,特急,114,53,15,42.12
4261,"2023-08-17",1,应急事件,99,32,27,24.92
4262,"2023-08-17",2,受理中,179,53,22,35.08
4263,"2023-08-17",2,办理中,90,34,32,58.54
4264,"2023-08-17",2,审核中,129,22,4,39.23
4265,"2023-08-17",2,待归档,155,15,13,12.4
4266,"2023-08-17",2,已回访,181,57,6,44.2
4267,"2023-08-18",1,一般,183,55,9,54.05
4268,"2023-08-18",1,紧急,83,17,14,59.7
4269,"2023-08-18",1,特急,100,12,9,46.78
4270,"2023-08-18",1,应急事件,109,42,19,35.88
4271,"2023-08-18",2,受理中,104,45,34,40.93
4272,"2023-08-18",2,办理中,115,55,52,41.31
4273,"2023-08-18",2,审核中,89,26,10,24.1
4274,"2023-08-18",2,待归档,196,12,8,17.9
4275,"2023-08-18",2,已回访,153,14,8,24.11
4276,"2023-08-19",1,一般,111,47,22,22.9
4277,"2023-08-19",1,紧急,159,19,8,26.23
4278,"2023-08-19",1,特急,163,74,2,32.07
4279,"2023-08-19",1,应急事件,155,48,13,45.26
4280,"2023-08-19",2,受理中,159,21,15,50.9
4281,"2023-08-19",2,办理中,89,39,30,35.26
4282,"2023-08-19",2,审核中,93,15,10,11.63
4283,"2023-08-19",2,待归档,193,77,56,51.04
4284,"2023-08-19",2,已回访,83,25,13,26.73
4285,"2023-08-20",1,一般,142,44,18,16.52
4286,"2023-08-20",1,紧急,130,25,16,31.5
4287,"2023-08-20",1,特急,101,37,36,57.71
4288,"2023-08-20",1,应急事件,110,33,22,29.7
4289,"2023-08-20",2,受理中,150,35,5,16.01
4290,"2023-08-20",2,办理中,139,48,21,57.15
4291,"2023-08-20",2,审核中,180,52,46,18.6
4292,"2023-08-20",2,待归档,83,29,2,45.67
4293,"2023-08-20",2,已回访,185,70,10,48.63
4294,"2023-08-21",1,一般,88,10,1,37.13
4295,"2023-08-21",1,紧急,173,14,9,27.89
4296,"2023-08-21",1,特急,158,56,26,45.6
4297,"2023-08-21",1,应急事件,128,49,13,48.8
4298,"2023-08-21",2,受理中,145,35,22,30.81
4299,"2023-08-21",2,办理中,138,11,4,49.65
4300,"2023-08-21",2,审核中,194,31,3,50.46
4301,"2023-08-21",2,待归档,161,11,0,38.78
4302,"2023-08-21",2,已回访,119,57,48,57.42
4303,"2023-08-22",1,一般,191,77,65,31.92
4304,"2023-08-22",1,紧急,114,26,13,29.84
4305,"2023-08-22",1,特急,158,54,1,21.76
4306,"2023-08-22",1,应急事件,174,74,50,10.03
4307,"2023-08-22",2,受理中,193,10,7,44.34
4308,"2023-08-22",2,办理中,93,38,21,14.1
4309,"2023-08-22",2,审核中,84,23,5,41.85
4310,"2023-08-22",2,待归档,114,46,28,53.18
4311,"2023-08-22",2,已回访,139,44,37,54.01
4312,"2023-08-23",1,一般,103,22,3,35.74
4313,"2023-08-23",1,紧急,108,35,5,35.67
4314,"2023-08-23",1,特急,82,13,0,49.28
4315,"2023-08-23",1,应急事件,147,40,10,41.67
4316,"2023-08-23",2,受理中,166,12,2,31.58
4317,"2023-08-23",2,办理中,120,11,9,34.95
4318,"2023-08-23",2,审核中,164,63,26,16.05
4319,"2023-08-23",2,待归档,180,66,13,42.74
4320,"2023-08-23",2,已回访,115,16,10,51.68
4321,"2023-08-24",1,一般,159,50,46,52.23
4322,"2023-08-24",1,紧急,167,54,24,42.88
4323,"2023-08-24",1,特急,176,22,7,21.16
4324,"2023-08-24",1,应急事件,104,31,18,17.71
4325,"2023-08-24",2,受理中,196,72,9,31.5
4326,"2023-08-24",2,办理中,189,76,58,30.64
4327,"2023-08-24",2,审核中,176,58,35,53.08
4328,"2023-08-24",2,待归档,175,76,23,22.94
4329,"2023-08-24",2,已回访,99,32,22,13.7
4330,"2023-08-25",1,一般,108,14,2,58.28
4331,"2023-08-25",1,紧急,109,53,50,58.48
4332,"2023-08-25",1,特急,188,57,54,33.96
4333,"2023-08-25",1,应急事件,107,20,2,38.47
4334,"2023-08-25",2,受理中,198,97,83,37.97
4335,"2023-08-25",2,办理中,157,17,0,55.57
4336,"2023-08-25",2,审核中,185,83,70,44.82
4337,"2023-08-25",2,待归档,161,15,12,21.15
4338,"2023-08-25",2,已回访,98,43,38,41.17
4339,"2023-08-26",1,一般,183,64,11,56.61
4340,"2023-08-26",1,紧急,174,53,12,35.39
4341,"2023-08-26",1,特急,103,31,30,44.72
4342,"2023-08-26",1,应急事件,152,40,24,26.69
4343,"2023-08-26",2,受理中,88,41,33,37.06
4344,"2023-08-26",2,办理中,149,30,4,48.85
4345,"2023-08-26",2,审核中,194,18,12,39.67
4346,"2023-08-26",2,待归档,169,55,28,27.67
4347,"2023-08-26",2,已回访,152,63,48,56.53
4348,"2023-08-27",1,一般,187,41,6,27.51
4349,"2023-08-27",1,紧急,178,38,10,59.72
4350,"2023-08-27",1,特急,187,38,31,56.39
4351,"2023-08-27",1,应急事件,113,36,29,20.05
4352,"2023-08-27",2,受理中,142,60,37,45.48
4353,"2023-08-27",2,办理中,172,35,10,35.87
4354,"2023-08-27",2,审核中,115,15,5,30.67
4355,"2023-08-27",2,待归档,117,46,19,21.52
4356,"2023-08-27",2,已回访,154,55,34,57.16
4357,"2023-08-28",1,一般,109,27,16,16.67
4358,"2023-08-28",1,紧急,88,17,9,38.53
4359,"2023-08-28",1,特急,95,45,38,59.96
4360,"2023-08-28",1,应急事件,88,43,21,44.47
4361,"2023-08-28",2,受理中,143,21,3,53.73
4362,"2023-08-28",2,办理中,135,18,14,46.71
4363,"2023-08-28",2,审核中,177,19,2,14.66
4364,"2023-08-28",2,待归档,101,30,18,18.74
4365,"2023-08-28",2,已回访,146,45,17,14.72
4366,"2023-08-29",1,一般,115,55,48,27.19
4367,"2023-08-29",1,紧急,86,39,4,54.36
4368,"2023-08-29",1,特急,82,19,11,26.21
4369,"2023-08-29",1,应急事件,157,54,7,24.67
4370,"2023-08-29",2,受理中,131,52,30,12.52
4371,"2023-08-29",2,办理中,94,11,6,16.44
4372,"2023-08-29",2,审核中,99,47,40,18.89
4373,"2023-08-29",2,待归档,130,48,18,36.61
4374,"2023-08-29",2,已回访,153,64,36,52.98
4375,"2023-08-30",1,一般,99,16,14,56.15
4376,"2023-08-30",1,紧急,115,24,3,57.05
4377,"2023-08-30",1,特急,165,36,32,37.07
4378,"2023-08-30",1,应急事件,175,15,9,45.3
4379,"2023-08-30",2,受理中,109,19,18,28.55
4380,"2023-08-30",2,办理中,125,11,8,44.53
4381,"2023-08-30",2,审核中,170,16,1,43.73
4382,"2023-08-30",2,待归档,194,14,5,44.44
4383,"2023-08-30",2,已回访,148,28,22,17.2
4384,"2023-08-31",1,一般,148,73,56,38.15
4385,"2023-08-31",1,紧急,95,20,8,55.46
4386,"2023-08-31",1,特急,104,41,33,46.43
4387,"2023-08-31",1,应急事件,92,45,14,52.68
4388,"2023-08-31",2,受理中,192,36,5,10.53
4389,"2023-08-31",2,办理中,159,29,19,57.43
4390,"2023-08-31",2,审核中,143,55,36,11.72
4391,"2023-08-31",2,待归档,114,21,9,42.0
4392,"2023-08-31",2,已回访,85,21,0,59.2
4393,"2023-09-01",1,一般,90,26,16,57.5
4394,"2023-09-01",1,紧急,107,15,1,59.76
4395,"2023-09-01",1,特急,199,43,4,27.48
4396,"2023-09-01",1,应急事件,173,35,21,37.42
4397,"2023-09-01",2,受理中,182,24,11,10.65
4398,"2023-09-01",2,办理中,170,51,47,44.62
4399,"2023-09-01",2,审核中,98,18,5,46.73
4400,"2023-09-01",2,待归档,177,20,4,34.39
4401,"2023-09-01",2,已回访,82,39,32,47.67
4402,"2023-09-02",1,一般,196,34,28,13.15
4403,"2023-09-02",1,紧急,89,41,21,16.82
4404,"2023-09-02",1,特急,102,23,5,35.53
4405,"2023-09-02",1,应急事件,144,22,20,31.18
4406,"2023-09-02",2,受理中,87,28,22,20.74
4407,"2023-09-02",2,办理中,165,24,21,37.16
4408,"2023-09-02",2,审核中,178,17,9,15.53
4409,"2023-09-02",2,待归档,85,33,18,52.91
4410,"2023-09-02",2,已回访,137,20,9,59.32
4411,"2023-09-03",1,一般,91,38,11,29.16
4412,"2023-09-03",1,紧急,110,44,11,57.72
4413,"2023-09-03",1,特急,149,36,18,54.87
4414,"2023-09-03",1,应急事件,95,38,33,11.91
4415,"2023-09-03",2,受理中,126,24,20,46.39
4416,"2023-09-03",2,办理中,140,18,3,18.97
4417,"2023-09-03",2,审核中,177,11,7,48.76
4418,"2023-09-03",2,待归档,192,62,25,40.18
4419,"2023-09-03",2,已回访,183,69,41,41.79
4420,"2023-09-04",1,一般,186,16,7,52.79
4421,"2023-09-04",1,紧急,118,20,0,35.99
4422,"2023-09-04",1,特急,188,60,46,46.22
4423,"2023-09-04",1,应急事件,100,11,4,57.12
4424,"2023-09-04",2,受理中,138,36,18,51.81
4425,"2023-09-04",2,办理中,178,67,8,11.37
4426,"2023-09-04",2,审核中,124,48,44,20.07
4427,"2023-09-04",2,待归档,116,15,12,15.57
4428,"2023-09-04",2,已回访,98,20,16,37.6
4429,"2023-09-05",1,一般,91,20,7,40.24
4430,"2023-09-05",1,紧急,163,37,21,34.28
4431,"2023-09-05",1,特急,139,29,18,15.36
4432,"2023-09-05",1,应急事件,185,74,66,23.8
4433,"2023-09-05",2,受理中,88,21,16,53.06
4434,"2023-09-05",2,办理中,136,64,25,54.98
4435,"2023-09-05",2,审核中,113,39,31,48.43
4436,"2023-09-05",2,待归档,162,38,11,26.91
4437,"2023-09-05",2,已回访,148,23,18,55.08
4438,"2023-09-06",1,一般,134,32,13,31.77
4439,"2023-09-06",1,紧急,133,18,1,51.99
4440,"2023-09-06",1,特急,125,33,31,59.09
4441,"2023-09-06",1,应急事件,141,47,33,22.39
4442,"2023-09-06",2,受理中,106,38,26,48.76
4443,"2023-09-06",2,办理中,153,17,12,51.94
4444,"2023-09-06",2,审核中,181,28,5,14.02
4445,"2023-09-06",2,待归档,130,24,8,51.97
4446,"2023-09-06",2,已回访,196,88,19,23.79
4447,"2023-09-07",1,一般,101,23,10,14.95
4448,"2023-09-07",1,紧急,119,46,25,35.21
4449,"2023-09-07",1,特急,108,11,8,14.47
4450,"2023-09-07",1,应急事件,93,40,14,49.24
4451,"2023-09-07",2,受理中,162,23,20,12.69
4452,"2023-09-07",2,办理中,96,16,1,29.95
4453,"2023-09-07",2,审核中,85,16,3,32.33
4454,"2023-09-07",2,待归档,166,69,0,48.65
4455,"2023-09-07",2,已回访,100,13,1,43.45
4456,"2023-09-08",1,一般,155,13,7,43.05
4457,"2023-09-08",1,紧急,109,12,8,17.06
4458,"2023-09-08",1,特急,112,41,8,58.91
4459,"2023-09-08",1,应急事件,151,33,0,19.59
4460,"2023-09-08",2,受理中,180,26,4,44.71
4461,"2023-09-08",2,办理中,99,24,8,39.08
4462,"2023-09-08",2,审核中,108,45,10,43.77
4463,"2023-09-08",2,待归档,108,34,32,21.81
4464,"2023-09-08",2,已回访,161,74,5,36.81
4465,"2023-09-09",1,一般,176,58,42,50.83
4466,"2023-09-09",1,紧急,172,78,17,46.63
4467,"2023-09-09",1,特急,127,46,41,40.26
4468,"2023-09-09",1,应急事件,159,35,20,26.76
4469,"2023-09-09",2,受理中,195,62,44,59.55
4470,"2023-09-09",2,办理中,126,49,29,45.35
4471,"2023-09-09",2,审核中,160,65,50,37.57
4472,"2023-09-09",2,待归档,117,16,9,41.09
4473,"2023-09-09",2,已回访,114,33,18,45.32
4474,"2023-09-10",1,一般,154,19,11,14.74
4475,"2023-09-10",1,紧急,174,22,16,20.76
4476,"2023-09-10",1,特急,157,39,25,43.42
4477,"2023-09-10",1,应急事件,200,28,21,46.64
4478,"2023-09-10",2,受理中,117,33,11,53.14
4479,"2023-09-10",2,办理中,173,60,24,14.72
4480,"2023-09-10",2,审核中,167,79,47,16.66
4481,"2023-09-10",2,待归档,124,37,10,15.5
4482,"2023-09-10",2,已回访,152,72,0,54.71
4483,"2023-09-11",1,一般,81,29,21,19.36
4484,"2023-09-11",1,紧急,119,11,0,17.68
4485,"2023-09-11",1,特急,82,40,5,32.67
4486,"2023-09-11",1,应急事件,135,29,2,31.67
4487,"2023-09-11",2,受理中,159,78,53,21.97
4488,"2023-09-11",2,办理中,187,30,28,24.85
4489,"2023-09-11",2,审核中,189,67,55,27.85
4490,"2023-09-11",2,待归档,166,65,40,13.53
4491,"2023-09-11",2,已回访,112,53,9,12.95
4492,"2023-09-12",1,一般,148,61,59,53.88
4493,"2023-09-12",1,紧急,153,42,5,30.73
4494,"2023-09-12",1,特急,152,69,38,43.13
4495,"2023-09-12",1,应急事件,132,31,9,34.78
4496,"2023-09-12",2,受理中,162,41,0,14.12
4497,"2023-09-12",2,办理中,119,27,3,36.83
4498,"2023-09-12",2,审核中,116,42,6,55.08
4499,"2023-09-12",2,待归档,113,24,12,15.28
4500,"2023-09-12",2,已回访,182,27,6,15.4
4501,"2023-09-13",1,一般,187,31,25,35.27
4502,"2023-09-13",1,紧急,178,21,9,23.34
4503,"2023-09-13",1,特急,101,29,3,31.93
4504,"2023-09-13",1,应急事件,96,45,29,40.57
4505,"2023-09-13",2,受理中,168,32,23,17.38
4506,"2023-09-13",2,办理中,129,55,16,38.97
4507,"2023-09-13",2,审核中,180,37,28,58.84
4508,"2023-09-13",2,待归档,134,52,3,27.13
4509,"2023-09-13",2,已回访,132,24,3,32.44
4510,"2023-09-14",1,一般,195,71,44,22.63
4511,"2023-09-14",1,紧急,119,55,23,48.93
4512,"2023-09-14",1,特急,169,10,5,13.85
4513,"2023-09-14",1,应急事件,141,22,7,35.19
4514,"2023-09-14",2,受理中,141,57,45,55.06
4515,"2023-09-14",2,办理中,89,19,8,41.66
4516,"2023-09-14",2,审核中,126,62,52,41.6
4517,"2023-09-14",2,待归档,129,62,53,12.75
4518,"2023-09-14",2,已回访,87,13,7,15.02
4519,"2023-09-15",1,一般,139,68,67,11.88
4520,"2023-09-15",1,紧急,90,37,5,28.0
4521,"2023-09-15",1,特急,181,62,15,59.59
4522,"2023-09-15",1,应急事件,98,10,9,13.44
4523,"2023-09-15",2,受理中,83,15,13,22.25
4524,"2023-09-15",2,办理中,112,25,15,51.77
4525,"2023-09-15",2,审核中,171,46,31,54.27
4526,"2023-09-15",2,待归档,94,20,1,38.96
4527,"2023-09-15",2,已回访,138,17,7,37.78
4528,"2023-09-16",1,一般,85,17,2,10.61
4529,"2023-09-16",1,紧急,111,39,34,11.54
4530,"2023-09-16",1,特急,88,10,8,34.47
4531,"2023-09-16",1,应急事件,125,25,11,53.53
4532,"2023-09-16",2,受理中,136,25,19,27.36
4533,"2023-09-16",2,办理中,107,52,49,21.58
4534,"2023-09-16",2,审核中,161,51,23,14.42
4535,"2023-09-16",2,待归档,131,11,6,27.04
4536,"2023-09-16",2,已回访,98,39,5,24.91
4537,"2023-09-17",1,一般,94,18,12,35.86
4538,"2023-09-17",1,紧急,108,11,10,43.31
4539,"2023-09-17",1,特急,145,50,35,59.28
4540,"2023-09-17",1,应急事件,131,12,9,18.59
4541,"2023-09-17",2,受理中,149,16,11,23.49
4542,"2023-09-17",2,办理中,112,21,1,45.34
4543,"2023-09-17",2,审核中,191,22,2,10.45
4544,"2023-09-17",2,待归档,160,68,65,36.68
4545,"2023-09-17",2,已回访,117,20,1,25.07
4546,"2023-09-18",1,一般,127,22,20,22.09
4547,"2023-09-18",1,紧急,124,51,16,59.27
4548,"2023-09-18",1,特急,127,42,18,52.09
4549,"2023-09-18",1,应急事件,154,31,16,17.92
4550,"2023-09-18",2,受理中,113,12,3,43.43
4551,"2023-09-18",2,办理中,126,26,17,29.61
4552,"2023-09-18",2,审核中,103,45,15,16.04
4553,"2023-09-18",2,待归档,162,33,6,40.85
4554,"2023-09-18",2,已回访,128,50,1,57.01
4555,"2023-09-19",1,一般,109,52,40,15.12
4556,"2023-09-19",1,紧急,118,13,6,51.46
4557,"2023-09-19",1,特急,103,42,17,51.38
4558,"2023-09-19",1,应急事件,121,28,21,57.14
4559,"2023-09-19",2,受理中,166,19,3,19.05
4560,"2023-09-19",2,办理中,193,65,39,38.67
4561,"2023-09-19",2,审核中,196,47,2,30.5
4562,"2023-09-19",2,待归档,135,47,22,43.21
4563,"2023-09-19",2,已回访,173,61,15,48.41
4564,"2023-09-20",1,一般,177,59,58,22.94
4565,"2023-09-20",1,紧急,100,41,36,50.3
4566,"2023-09-20",1,特急,179,15,7,41.74
4567,"2023-09-20",1,应急事件,112,22,2,54.84
4568,"2023-09-20",2,受理中,185,85,30,16.12
4569,"2023-09-20",2,办理中,123,23,18,51.21
4570,"2023-09-20",2,审核中,171,37,6,55.35
4571,"2023-09-20",2,待归档,190,21,2,21.72
4572,"2023-09-20",2,已回访,192,82,35,12.92
4573,"2023-09-21",1,一般,187,44,9,19.12
4574,"2023-09-21",1,紧急,168,10,4,54.04
4575,"2023-09-21",1,特急,154,32,11,11.99
4576,"2023-09-21",1,应急事件,134,65,51,50.84
4577,"2023-09-21",2,受理中,142,66,29,21.7
4578,"2023-09-21",2,办理中,92,40,19,21.93
4579,"2023-09-21",2,审核中,99,20,8,33.03
4580,"2023-09-21",2,待归档,86,33,20,11.13
4581,"2023-09-21",2,已回访,114,56,15,15.07
4582,"2023-09-22",1,一般,180,36,17,20.18
4583,"2023-09-22",1,紧急,194,22,13,38.84
4584,"2023-09-22",1,特急,103,16,9,21.13
4585,"2023-09-22",1,应急事件,166,73,10,12.45
4586,"2023-09-22",2,受理中,96,11,7,13.69
4587,"2023-09-22",2,办理中,116,10,4,22.74
4588,"2023-09-22",2,审核中,142,60,3,44.77
4589,"2023-09-22",2,待归档,153,26,20,30.88
4590,"2023-09-22",2,已回访,151,49,10,20.13
4591,"2023-09-23",1,一般,120,11,10,32.27
4592,"2023-09-23",1,紧急,115,39,4,12.39
4593,"2023-09-23",1,特急,126,24,20,13.84
4594,"2023-09-23",1,应急事件,181,13,10,26.1
4595,"2023-09-23",2,受理中,181,64,37,51.13
4596,"2023-09-23",2,办理中,95,33,19,31.55
4597,"2023-09-23",2,审核中,94,28,17,57.49
4598,"2023-09-23",2,待归档,91,29,7,35.95
4599,"2023-09-23",2,已回访,142,51,50,38.48
4600,"2023-09-24",1,一般,124,35,3,38.93
4601,"2023-09-24",1,紧急,84,27,25,11.38
4602,"2023-09-24",1,特急,110,43,12,33.71
4603,"2023-09-24",1,应急事件,166,61,50,13.85
4604,"2023-09-24",2,受理中,149,63,52,14.25
4605,"2023-09-24",2,办理中,189,81,6,23.93
4606,"2023-09-24",2,审核中,98,13,8,23.47
4607,"2023-09-24",2,待归档,146,39,14,20.92
4608,"2023-09-24",2,已回访,167,18,10,27.25
4609,"2023-09-25",1,一般,164,57,0,10.82
4610,"2023-09-25",1,紧急,115,27,8,37.89
4611,"2023-09-25",1,特急,196,75,22,10.64
4612,"2023-09-25",1,应急事件,151,15,12,22.24
4613,"2023-09-25",2,受理中,190,31,11,59.53
4614,"2023-09-25",2,办理中,139,65,61,20.48
4615,"2023-09-25",2,审核中,123,22,16,57.48
4616,"2023-09-25",2,待归档,127,61,56,53.94
4617,"2023-09-25",2,已回访,186,28,5,26.21
4618,"2023-09-26",1,一般,97,47,29,48.68
4619,"2023-09-26",1,紧急,152,44,32,41.83
4620,"2023-09-26",1,特急,173,16,8,31.42
4621,"2023-09-26",1,应急事件,177,29,2,23.83
4622,"2023-09-26",2,受理中,123,28,19,51.11
4623,"2023-09-26",2,办理中,184,26,17,44.68
4624,"2023-09-26",2,审核中,152,36,19,28.55
4625,"2023-09-26",2,待归档,196,63,1,56.85
4626,"2023-09-26",2,已回访,173,39,18,21.08
4627,"2023-09-27",1,一般,140,48,20,23.37
4628,"2023-09-27",1,紧急,180,22,20,40.65
4629,"2023-09-27",1,特急,111,45,19,33.26
4630,"2023-09-27",1,应急事件,101,47,17,33.27
4631,"2023-09-27",2,受理中,101,17,0,12.24
4632,"2023-09-27",2,办理中,188,70,34,20.69
4633,"2023-09-27",2,审核中,110,12,1,32.15
4634,"2023-09-27",2,待归档,171,67,23,48.91
4635,"2023-09-27",2,已回访,135,10,0,18.95
4636,"2023-09-28",1,一般,89,34,19,56.9
4637,"2023-09-28",1,紧急,124,43,42,43.55
4638,"2023-09-28",1,特急,137,64,38,14.14
4639,"2023-09-28",1,应急事件,156,27,10,43.71
4640,"2023-09-28",2,受理中,86,41,6,20.77
4641,"2023-09-28",2,办理中,112,21,20,21.37
4642,"2023-09-28",2,审核中,126,48,15,43.94
4643,"2023-09-28",2,待归档,173,29,24,20.69
4644,"2023-09-28",2,已回访,189,40,28,57.74
4645,"2023-09-29",1,一般,169,41,36,19.58
4646,"2023-09-29",1,紧急,182,18,12,40.3
4647,"2023-09-29",1,特急,190,13,11,22.31
4648,"2023-09-29",1,应急事件,84,22,5,30.6
4649,"2023-09-29",2,受理中,138,21,11,33.92
4650,"2023-09-29",2,办理中,165,30,22,42.37
4651,"2023-09-29",2,审核中,173,54,4,24.01
4652,"2023-09-29",2,待归档,188,24,19,17.03
4653,"2023-09-29",2,已回访,163,45,16,39.87
4654,"2023-09-30",1,一般,90,10,2,39.27
4655,"2023-09-30",1,紧急,164,81,72,28.55
4656,"2023-09-30",1,特急,143,33,26,59.17
4657,"2023-09-30",1,应急事件,168,34,31,28.38
4658,"2023-09-30",2,受理中,150,51,17,16.46
4659,"2023-09-30",2,办理中,103,43,3,26.76
4660,"2023-09-30",2,审核中,198,32,20,26.91
4661,"2023-09-30",2,待归档,89,20,19,22.87
4662,"2023-09-30",2,已回访,96,19,5,57.5
4663,"2023-10-01",1,一般,127,50,46,12.44
4664,"2023-10-01",1,紧急,83,23,3,51.91
4665,"2023-10-01",1,特急,95,13,6,34.81
4666,"2023-10-01",1,应急事件,151,69,21,25.37
4667,"2023-10-01",2,受理中,158,36,24,55.48
4668,"2023-10-01",2,办理中,107,28,9,48.66
4669,"2023-10-01",2,审核中,136,44,17,21.85
4670,"2023-10-01",2,待归档,101,35,10,48.64
4671,"2023-10-01",2,已回访,126,55,13,56.81
4672,"2023-10-02",1,一般,167,37,30,14.71
4673,"2023-10-02",1,紧急,130,47,38,29.89
4674,"2023-10-02",1,特急,190,33,5,50.44
4675,"2023-10-02",1,应急事件,141,55,9,12.01
4676,"2023-10-02",2,受理中,178,13,0,42.37
4677,"2023-10-02",2,办理中,90,35,16,27.65
4678,"2023-10-02",2,审核中,185,40,16,41.04
4679,"2023-10-02",2,待归档,135,43,4,13.5
4680,"2023-10-02",2,已回访,149,42,2,22.45
4681,"2023-10-03",1,一般,185,87,49,49.65
4682,"2023-10-03",1,紧急,128,48,15,32.51
4683,"2023-10-03",1,特急,195,81,43,34.28
4684,"2023-10-03",1,应急事件,112,15,13,26.96
4685,"2023-10-03",2,受理中,126,49,41,59.21
4686,"2023-10-03",2,办理中,148,19,17,42.07
4687,"2023-10-03",2,审核中,92,45,25,18.75
4688,"2023-10-03",2,待归档,95,18,16,18.35
4689,"2023-10-03",2,已回访,135,43,42,40.4
4690,"2023-10-04",1,一般,160,34,18,31.95
4691,"2023-10-04",1,紧急,153,45,6,53.92
4692,"2023-10-04",1,特急,120,57,32,10.94
4693,"2023-10-04",1,应急事件,116,51,43,16.46
4694,"2023-10-04",2,受理中,113,15,8,29.4
4695,"2023-10-04",2,办理中,120,32,24,36.55
4696,"2023-10-04",2,审核中,157,33,7,29.76
4697,"2023-10-04",2,待归档,153,23,0,36.4
4698,"2023-10-04",2,已回访,108,30,19,25.14
4699,"2023-10-05",1,一般,199,63,25,36.34
4700,"2023-10-05",1,紧急,111,35,31,12.75
4701,"2023-10-05",1,特急,192,84,78,53.0
4702,"2023-10-05",1,应急事件,89,33,28,17.53
4703,"2023-10-05",2,受理中,179,77,18,59.92
4704,"2023-10-05",2,办理中,108,40,38,53.94
4705,"2023-10-05",2,审核中,89,40,23,23.23
4706,"2023-10-05",2,待归档,101,12,5,24.88
4707,"2023-10-05",2,已回访,151,31,1,30.96
4708,"2023-10-06",1,一般,92,11,0,38.3
4709,"2023-10-06",1,紧急,127,34,9,34.45
4710,"2023-10-06",1,特急,200,30,17,10.76
4711,"2023-10-06",1,应急事件,102,15,1,20.37
4712,"2023-10-06",2,受理中,192,81,1,48.97
4713,"2023-10-06",2,办理中,109,20,3,34.4
4714,"2023-10-06",2,审核中,121,10,8,24.47
4715,"2023-10-06",2,待归档,88,25,20,24.54
4716,"2023-10-06",2,已回访,127,30,3,54.93
4717,"2023-10-07",1,一般,169,33,9,56.67
4718,"2023-10-07",1,紧急,107,16,13,10.65
4719,"2023-10-07",1,特急,110,17,2,17.62
4720,"2023-10-07",1,应急事件,178,86,79,51.19
4721,"2023-10-07",2,受理中,123,52,24,23.21
4722,"2023-10-07",2,办理中,153,60,27,34.31
4723,"2023-10-07",2,审核中,141,53,5,48.0
4724,"2023-10-07",2,待归档,109,21,10,27.75
4725,"2023-10-07",2,已回访,196,30,4,38.25
4726,"2023-10-08",1,一般,171,28,12,18.87
4727,"2023-10-08",1,紧急,119,24,19,38.82
4728,"2023-10-08",1,特急,94,35,7,12.61
4729,"2023-10-08",1,应急事件,171,72,11,33.18
4730,"2023-10-08",2,受理中,103,12,1,42.22
4731,"2023-10-08",2,办理中,115,46,12,21.52
4732,"2023-10-08",2,审核中,157,47,27,19.98
4733,"2023-10-08",2,待归档,118,34,6,52.44
4734,"2023-10-08",2,已回访,121,14,6,55.23
4735,"2023-10-09",1,一般,173,43,11,32.6
4736,"2023-10-09",1,紧急,181,73,3,48.2
4737,"2023-10-09",1,特急,182,86,39,36.57
4738,"2023-10-09",1,应急事件,125,53,10,45.97
4739,"2023-10-09",2,受理中,146,22,10,58.15
4740,"2023-10-09",2,办理中,148,40,12,37.4
4741,"2023-10-09",2,审核中,113,45,18,55.9
4742,"2023-10-09",2,待归档,136,17,8,39.44
4743,"2023-10-09",2,已回访,178,67,42,14.33
4744,"2023-10-10",1,一般,159,14,4,25.93
4745,"2023-10-10",1,紧急,187,49,6,38.19
4746,"2023-10-10",1,特急,191,33,0,38.77
4747,"2023-10-10",1,应急事件,123,54,40,30.99
4748,"2023-10-10",2,受理中,136,36,32,49.19
4749,"2023-10-10",2,办理中,193,52,42,24.73
4750,"2023-10-10",2,审核中,114,51,0,31.15
4751,"2023-10-10",2,待归档,175,70,35,43.98
4752,"2023-10-10",2,已回访,95,34,2,33.46
4753,"2023-10-11",1,一般,85,40,18,17.5
4754,"2023-10-11",1,紧急,197,56,32,16.45
4755,"2023-10-11",1,特急,198,39,31,19.2
4756,"2023-10-11",1,应急事件,181,12,7,11.0
4757,"2023-10-11",2,受理中,191,82,67,47.03
4758,"2023-10-11",2,办理中,105,31,3,41.55
4759,"2023-10-11",2,审核中,195,11,7,23.13
4760,"2023-10-11",2,待归档,102,46,22,38.55
4761,"2023-10-11",2,已回访,165,74,2,25.65
4762,"2023-10-12",1,一般,153,31,10,55.87
4763,"2023-10-12",1,紧急,133,38,12,51.83
4764,"2023-10-12",1,特急,151,27,18,39.82
4765,"2023-10-12",1,应急事件,116,49,2,24.47
4766,"2023-10-12",2,受理中,124,20,4,10.62
4767,"2023-10-12",2,办理中,151,43,0,30.28
4768,"2023-10-12",2,审核中,191,66,21,41.97
4769,"2023-10-12",2,待归档,86,31,25,21.41
4770,"2023-10-12",2,已回访,189,42,32,17.36
4771,"2023-10-13",1,一般,132,45,14,11.72
4772,"2023-10-13",1,紧急,175,64,1,36.9
4773,"2023-10-13",1,特急,83,30,29,50.99
4774,"2023-10-13",1,应急事件,179,70,28,22.92
4775,"2023-10-13",2,受理中,191,89,82,30.42
4776,"2023-10-13",2,办理中,158,42,2,51.21
4777,"2023-10-13",2,审核中,116,41,32,24.24
4778,"2023-10-13",2,待归档,113,13,10,53.52
4779,"2023-10-13",2,已回访,144,70,62,29.86
4780,"2023-10-14",1,一般,112,32,0,27.51
4781,"2023-10-14",1,紧急,131,32,15,17.1
4782,"2023-10-14",1,特急,95,15,12,32.49
4783,"2023-10-14",1,应急事件,99,29,10,51.7
4784,"2023-10-14",2,受理中,106,34,30,54.16
4785,"2023-10-14",2,办理中,116,36,2,45.11
4786,"2023-10-14",2,审核中,84,19,7,47.61
4787,"2023-10-14",2,待归档,103,37,9,15.14
4788,"2023-10-14",2,已回访,101,26,6,48.61
4789,"2023-10-15",1,一般,134,32,26,32.97
4790,"2023-10-15",1,紧急,194,10,1,40.41
4791,"2023-10-15",1,特急,123,18,14,45.83
4792,"2023-10-15",1,应急事件,82,20,1,38.7
4793,"2023-10-15",2,受理中,190,26,1,27.88
4794,"2023-10-15",2,办理中,113,13,7,23.37
4795,"2023-10-15",2,审核中,124,10,5,53.91
4796,"2023-10-15",2,待归档,145,62,13,26.76
4797,"2023-10-15",2,已回访,118,51,1,24.18
4798,"2023-10-16",1,一般,97,23,19,59.15
4799,"2023-10-16",1,紧急,97,46,40,31.98
4800,"2023-10-16",1,特急,158,56,2,36.92
4801,"2023-10-16",1,应急事件,104,45,13,59.0
4802,"2023-10-16",2,受理中,177,14,7,44.62
4803,"2023-10-16",2,办理中,129,12,4,38.58
4804,"2023-10-16",2,审核中,148,49,23,12.19
4805,"2023-10-16",2,待归档,121,25,13,17.12
4806,"2023-10-16",2,已回访,174,81,52,44.15
4807,"2023-10-17",1,一般,102,39,9,35.62
4808,"2023-10-17",1,紧急,94,22,10,25.91
4809,"2023-10-17",1,特急,107,46,11,27.52
4810,"2023-10-17",1,应急事件,185,78,8,41.55
4811,"2023-10-17",2,受理中,97,44,6,40.79
4812,"2023-10-17",2,办理中,177,25,8,33.14
4813,"2023-10-17",2,审核中,183,48,40,23.8
4814,"2023-10-17",2,待归档,127,45,41,31.95
4815,"2023-10-17",2,已回访,120,53,16,34.66
4816,"2023-10-18",1,一般,179,35,25,52.25
4817,"2023-10-18",1,紧急,183,17,11,34.1
4818,"2023-10-18",1,特急,186,16,1,49.03
4819,"2023-10-18",1,应急事件,90,27,11,49.08
4820,"2023-10-18",2,受理中,156,22,0,25.34
4821,"2023-10-18",2,办理中,141,69,46,13.28
4822,"2023-10-18",2,审核中,166,64,19,31.0
4823,"2023-10-18",2,待归档,140,60,3,41.76
4824,"2023-10-18",2,已回访,189,62,45,37.02
4825,"2023-10-19",1,一般,151,14,3,24.08
4826,"2023-10-19",1,紧急,120,15,4,14.72
4827,"2023-10-19",1,特急,148,37,30,17.59
4828,"2023-10-19",1,应急事件,132,23,12,24.43
4829,"2023-10-19",2,受理中,133,48,40,56.98
4830,"2023-10-19",2,办理中,85,26,1,37.44
4831,"2023-10-19",2,审核中,86,42,22,16.83
4832,"2023-10-19",2,待归档,135,57,21,14.35
4833,"2023-10-19",2,已回访,186,79,62,12.75
4834,"2023-10-20",1,一般,181,88,17,25.87
4835,"2023-10-20",1,紧急,86,12,0,29.88
4836,"2023-10-20",1,特急,155,37,30,32.93
4837,"2023-10-20",1,应急事件,199,62,57,38.94
4838,"2023-10-20",2,受理中,118,22,4,49.04
4839,"2023-10-20",2,办理中,89,28,5,28.23
4840,"2023-10-20",2,审核中,110,25,19,51.69
4841,"2023-10-20",2,待归档,150,10,1,18.72
4842,"2023-10-20",2,已回访,112,15,0,45.49
4843,"2023-10-21",1,一般,177,39,8,19.12
4844,"2023-10-21",1,紧急,174,77,2,15.52
4845,"2023-10-21",1,特急,96,42,24,38.17
4846,"2023-10-21",1,应急事件,116,51,46,11.43
4847,"2023-10-21",2,受理中,104,49,26,45.62
4848,"2023-10-21",2,办理中,80,21,13,26.08
4849,"2023-10-21",2,审核中,170,42,6,14.46
4850,"2023-10-21",2,待归档,155,55,0,18.12
4851,"2023-10-21",2,已回访,168,42,39,41.81
4852,"2023-10-22",1,一般,176,81,16,54.03
4853,"2023-10-22",1,紧急,91,38,17,42.3
4854,"2023-10-22",1,特急,171,48,13,31.78
4855,"2023-10-22",1,应急事件,131,39,5,57.95
4856,"2023-10-22",2,受理中,193,48,42,29.5
4857,"2023-10-22",2,办理中,177,26,15,54.08
4858,"2023-10-22",2,审核中,164,59,23,10.43
4859,"2023-10-22",2,待归档,165,30,25,30.31
4860,"2023-10-22",2,已回访,123,46,22,22.24
4861,"2023-10-23",1,一般,105,39,26,50.88
4862,"2023-10-23",1,紧急,98,45,39,47.28
4863,"2023-10-23",1,特急,142,17,15,42.15
4864,"2023-10-23",1,应急事件,100,43,12,17.69
4865,"2023-10-23",2,受理中,191,82,21,33.04
4866,"2023-10-23",2,办理中,156,10,1,35.39
4867,"2023-10-23",2,审核中,193,88,66,45.24
4868,"2023-10-23",2,待归档,157,68,67,17.98
4869,"2023-10-23",2,已回访,88,28,7,22.84
4870,"2023-10-24",1,一般,138,50,49,45.65
4871,"2023-10-24",1,紧急,115,41,4,42.13
4872,"2023-10-24",1,特急,172,19,13,26.94
4873,"2023-10-24",1,应急事件,190,64,17,10.42
4874,"2023-10-24",2,受理中,189,81,47,48.43
4875,"2023-10-24",2,办理中,198,89,38,49.81
4876,"2023-10-24",2,审核中,95,15,12,45.29
4877,"2023-10-24",2,待归档,86,41,15,59.57
4878,"2023-10-24",2,已回访,150,22,9,10.0
4879,"2023-10-25",1,一般,161,64,20,59.79
4880,"2023-10-25",1,紧急,168,73,27,57.75
4881,"2023-10-25",1,特急,91,40,33,41.17
4882,"2023-10-25",1,应急事件,160,13,2,47.2
4883,"2023-10-25",2,受理中,85,14,6,35.65
4884,"2023-10-25",2,办理中,134,54,36,22.14
4885,"2023-10-25",2,审核中,180,56,15,51.16
4886,"2023-10-25",2,待归档,98,26,1,11.56
4887,"2023-10-25",2,已回访,163,74,32,55.43
4888,"2023-10-26",1,一般,189,29,0,40.05
4889,"2023-10-26",1,紧急,167,36,21,34.72
4890,"2023-10-26",1,特急,109,31,2,42.81
4891,"2023-10-26",1,应急事件,105,43,14,49.84
4892,"2023-10-26",2,受理中,171,47,0,23.18
4893,"2023-10-26",2,办理中,150,48,30,50.84
4894,"2023-10-26",2,审核中,153,17,13,26.44
4895,"2023-10-26",2,待归档,167,59,52,50.08
4896,"2023-10-26",2,已回访,169,31,8,57.17
4897,"2023-10-27",1,一般,98,14,12,41.25
4898,"2023-10-27",1,紧急,102,39,36,12.2
4899,"2023-10-27",1,特急,131,17,14,46.57
4900,"2023-10-27",1,应急事件,186,27,6,27.19
4901,"2023-10-27",2,受理中,142,32,31,41.87
4902,"2023-10-27",2,办理中,147,25,13,21.75
4903,"2023-10-27",2,审核中,196,23,6,17.0
4904,"2023-10-27",2,待归档,167,72,28,58.19
4905,"2023-10-27",2,已回访,130,33,7,43.17
4906,"2023-10-28",1,一般,128,36,10,36.05
4907,"2023-10-28",1,紧急,120,42,25,36.77
4908,"2023-10-28",1,特急,175,26,22,39.72
4909,"2023-10-28",1,应急事件,154,59,10,29.74
4910,"2023-10-28",2,受理中,87,29,8,22.68
4911,"2023-10-28",2,办理中,137,32,24,29.18
4912,"2023-10-28",2,审核中,80,14,1,12.57
4913,"2023-10-28",2,待归档,88,35,11,58.93
4914,"2023-10-28",2,已回访,195,30,0,21.59
4915,"2023-10-29",1,一般,102,45,25,58.32
4916,"2023-10-29",1,紧急,119,31,9,16.4
4917,"2023-10-29",1,特急,161,32,8,30.57
4918,"2023-10-29",1,应急事件,92,35,0,59.71
4919,"2023-10-29",2,受理中,108,23,6,20.17
4920,"2023-10-29",2,办理中,112,46,13,47.24
4921,"2023-10-29",2,审核中,138,10,4,37.78
4922,"2023-10-29",2,待归档,136,10,7,33.15
4923,"2023-10-29",2,已回访,103,17,8,49.21
4924,"2023-10-30",1,一般,85,39,11,51.16
4925,"2023-10-30",1,紧急,196,23,21,39.74
4926,"2023-10-30",1,特急,155,25,1,38.06
4927,"2023-10-30",1,应急事件,158,40,24,14.49
4928,"2023-10-30",2,受理中,133,28,18,21.43
4929,"2023-10-30",2,办理中,123,53,0,50.94
4930,"2023-10-30",2,审核中,174,19,3,25.4
4931,"2023-10-30",2,待归档,135,50,36,58.84
4932,"2023-10-30",2,已回访,160,37,24,36.15
4933,"2023-10-31",1,一般,148,27,14,26.37
4934,"2023-10-31",1,紧急,96,38,8,47.22
4935,"2023-10-31",1,特急,124,27,23,16.83
4936,"2023-10-31",1,应急事件,189,24,2,34.85
4937,"2023-10-31",2,受理中,89,22,20,27.93
4938,"2023-10-31",2,办理中,154,11,6,50.81
4939,"2023-10-31",2,审核中,109,32,11,15.17
4940,"2023-10-31",2,待归档,166,31,15,57.61
4941,"2023-10-31",2,已回访,140,49,28,43.36
4942,"2023-11-01",1,一般,143,20,17,39.28
4943,"2023-11-01",1,紧急,83,16,10,25.95
4944,"2023-11-01",1,特急,153,16,0,17.9
4945,"2023-11-01",1,应急事件,127,29,1,34.38
4946,"2023-11-01",2,受理中,87,39,9,52.62
4947,"2023-11-01",2,办理中,161,26,25,52.55
4948,"2023-11-01",2,审核中,158,15,14,38.19
4949,"2023-11-01",2,待归档,127,35,3,13.1
4950,"2023-11-01",2,已回访,152,17,11,39.19
4951,"2023-11-02",1,一般,140,69,21,17.99
4952,"2023-11-02",1,紧急,195,94,10,28.09
4953,"2023-11-02",1,特急,171,53,5,21.85
4954,"2023-11-02",1,应急事件,157,53,40,54.13
4955,"2023-11-02",2,受理中,85,30,24,23.86
4956,"2023-11-02",2,办理中,158,63,5,38.35
4957,"2023-11-02",2,审核中,178,42,22,40.47
4958,"2023-11-02",2,待归档,170,16,3,46.92
4959,"2023-11-02",2,已回访,96,37,0,28.25
4960,"2023-11-03",1,一般,132,47,29,41.67
4961,"2023-11-03",1,紧急,154,74,36,32.17
4962,"2023-11-03",1,特急,90,26,25,19.26
4963,"2023-11-03",1,应急事件,197,90,33,40.16
4964,"2023-11-03",2,受理中,145,13,10,43.57
4965,"2023-11-03",2,办理中,192,29,15,15.46
4966,"2023-11-03",2,审核中,96,35,14,31.24
4967,"2023-11-03",2,待归档,171,71,52,21.24
4968,"2023-11-03",2,已回访,168,36,17,36.42
4969,"2023-11-04",1,一般,99,23,19,53.48
4970,"2023-11-04",1,紧急,102,30,14,40.33
4971,"2023-11-04",1,特急,197,85,18,40.3
4972,"2023-11-04",1,应急事件,195,72,16,41.99
4973,"2023-11-04",2,受理中,179,56,16,33.06
4974,"2023-11-04",2,办理中,84,39,24,55.86
4975,"2023-11-04",2,审核中,127,56,17,29.83
4976,"2023-11-04",2,待归档,180,23,13,24.71
4977,"2023-11-04",2,已回访,189,22,21,49.69
4978,"2023-11-05",1,一般,96,42,17,51.85
4979,"2023-11-05",1,紧急,157,18,11,59.99
4980,"2023-11-05",1,特急,148,50,28,49.67
4981,"2023-11-05",1,应急事件,170,35,17,21.41
4982,"2023-11-05",2,受理中,126,26,7,16.07
4983,"2023-11-05",2,办理中,81,33,10,57.6
4984,"2023-11-05",2,审核中,140,69,51,12.44
4985,"2023-11-05",2,待归档,194,36,0,24.9
4986,"2023-11-05",2,已回访,123,57,27,32.93
4987,"2023-11-06",1,一般,194,27,18,31.44
4988,"2023-11-06",1,紧急,177,53,24,23.28
4989,"2023-11-06",1,特急,166,55,43,52.99
4990,"2023-11-06",1,应急事件,189,44,7,22.43
4991,"2023-11-06",2,受理中,153,59,58,35.23
4992,"2023-11-06",2,办理中,134,54,14,46.5
4993,"2023-11-06",2,审核中,82,17,2,39.36
4994,"2023-11-06",2,待归档,129,16,5,31.21
4995,"2023-11-06",2,已回访,93,44,38,32.39
4996,"2023-11-07",1,一般,122,22,1,41.7
4997,"2023-11-07",1,紧急,162,25,7,58.08
4998,"2023-11-07",1,特急,89,16,4,39.0
4999,"2023-11-07",1,应急事件,199,87,43,39.7
5000,"2023-11-07",2,受理中,107,19,12,54.5
5001,"2023-11-07",2,办理中,175,12,2,34.0
5002,"2023-11-07",2,审核中,128,33,11,24.71
5003,"2023-11-07",2,待归档,115,31,8,21.46
5004,"2023-11-07",2,已回访,179,26,25,54.24
5005,"2023-11-08",1,一般,118,19,11,18.75
5006,"2023-11-08",1,紧急,141,39,36,39.45
5007,"2023-11-08",1,特急,191,27,11,37.73
5008,"2023-11-08",1,应急事件,185,80,18,16.49
5009,"2023-11-08",2,受理中,95,12,9,41.45
5010,"2023-11-08",2,办理中,89,39,19,54.18
5011,"2023-11-08",2,审核中,97,47,36,30.13
5012,"2023-11-08",2,待归档,145,36,6,56.11
5013,"2023-11-08",2,已回访,91,24,14,52.05
5014,"2023-11-09",1,一般,126,15,12,44.59
5015,"2023-11-09",1,紧急,83,23,21,28.36
5016,"2023-11-09",1,特急,93,33,25,39.66
5017,"2023-11-09",1,应急事件,139,19,3,49.22
5018,"2023-11-09",2,受理中,182,19,18,29.4
5019,"2023-11-09",2,办理中,167,63,33,55.19
5020,"2023-11-09",2,审核中,162,15,10,27.72
5021,"2023-11-09",2,待归档,128,19,7,28.06
5022,"2023-11-09",2,已回访,112,17,7,14.14
5023,"2023-11-10",1,一般,123,24,13,13.54
5024,"2023-11-10",1,紧急,148,39,35,35.49
5025,"2023-11-10",1,特急,129,14,3,25.34
5026,"2023-11-10",1,应急事件,160,25,11,31.92
5027,"2023-11-10",2,受理中,147,53,36,44.15
5028,"2023-11-10",2,办理中,146,47,35,26.81
5029,"2023-11-10",2,审核中,97,31,11,56.66
5030,"2023-11-10",2,待归档,80,16,10,20.87
5031,"2023-11-10",2,已回访,179,84,64,49.99
5032,"2023-11-11",1,一般,166,21,20,42.1
5033,"2023-11-11",1,紧急,172,62,19,28.7
5034,"2023-11-11",1,特急,133,29,4,42.2
5035,"2023-11-11",1,应急事件,187,61,36,25.66
5036,"2023-11-11",2,受理中,88,33,21,30.15
5037,"2023-11-11",2,办理中,103,47,20,51.31
5038,"2023-11-11",2,审核中,135,14,10,35.74
5039,"2023-11-11",2,待归档,141,33,23,22.34
5040,"2023-11-11",2,已回访,89,28,12,16.08
5041,"2023-11-12",1,一般,180,69,13,17.02
5042,"2023-11-12",1,紧急,90,37,35,14.12
5043,"2023-11-12",1,特急,109,47,32,48.21
5044,"2023-11-12",1,应急事件,153,25,17,31.6
5045,"2023-11-12",2,受理中,102,32,2,50.82
5046,"2023-11-12",2,办理中,128,39,12,28.93
5047,"2023-11-12",2,审核中,140,30,22,44.45
5048,"2023-11-12",2,待归档,165,79,17,54.01
5049,"2023-11-12",2,已回访,124,24,2,50.45
5050,"2023-11-13",1,一般,120,33,7,24.08
5051,"2023-11-13",1,紧急,177,40,23,32.03
5052,"2023-11-13",1,特急,189,43,16,19.91
5053,"2023-11-13",1,应急事件,82,38,23,30.4
5054,"2023-11-13",2,受理中,196,41,29,14.75
5055,"2023-11-13",2,办理中,136,57,28,45.8
5056,"2023-11-13",2,审核中,166,27,1,59.3
5057,"2023-11-13",2,待归档,150,55,45,40.63
5058,"2023-11-13",2,已回访,128,50,47,35.63
5059,"2023-11-14",1,一般,194,36,32,59.64
5060,"2023-11-14",1,紧急,91,37,20,17.36
5061,"2023-11-14",1,特急,115,27,13,36.43
5062,"2023-11-14",1,应急事件,101,23,3,37.12
5063,"2023-11-14",2,受理中,139,20,7,47.32
5064,"2023-11-14",2,办理中,129,51,19,57.94
5065,"2023-11-14",2,审核中,91,20,2,30.37
5066,"2023-11-14",2,待归档,105,28,26,55.19
5067,"2023-11-14",2,已回访,149,43,27,56.85
5068,"2023-11-15",1,一般,149,65,31,51.52
5069,"2023-11-15",1,紧急,138,35,14,44.87
5070,"2023-11-15",1,特急,127,45,29,57.59
5071,"2023-11-15",1,应急事件,131,29,23,25.61
5072,"2023-11-15",2,受理中,107,24,4,52.66
5073,"2023-11-15",2,办理中,176,34,30,44.85
5074,"2023-11-15",2,审核中,90,12,9,35.74
5075,"2023-11-15",2,待归档,180,43,27,57.88
5076,"2023-11-15",2,已回访,176,83,79,17.01
5077,"2023-11-16",1,一般,169,42,2,31.48
5078,"2023-11-16",1,紧急,195,11,10,46.54
5079,"2023-11-16",1,特急,125,38,36,32.58
5080,"2023-11-16",1,应急事件,194,61,53,27.92
5081,"2023-11-16",2,受理中,124,22,4,38.84
5082,"2023-11-16",2,办理中,164,18,6,36.73
5083,"2023-11-16",2,审核中,174,80,64,49.14
5084,"2023-11-16",2,待归档,85,40,12,43.67
5085,"2023-11-16",2,已回访,96,31,4,57.16
5086,"2023-11-17",1,一般,94,33,22,37.53
5087,"2023-11-17",1,紧急,176,82,43,18.89
5088,"2023-11-17",1,特急,184,29,15,37.09
5089,"2023-11-17",1,应急事件,183,73,20,45.81
5090,"2023-11-17",2,受理中,88,38,32,11.33
5091,"2023-11-17",2,办理中,136,46,33,43.34
5092,"2023-11-17",2,审核中,88,22,2,30.16
5093,"2023-11-17",2,待归档,145,59,41,31.5
5094,"2023-11-17",2,已回访,142,49,4,30.61
5095,"2023-11-18",1,一般,138,17,11,16.56
5096,"2023-11-18",1,紧急,185,84,4,15.54
5097,"2023-11-18",1,特急,183,76,61,17.41
5098,"2023-11-18",1,应急事件,110,33,15,55.73
5099,"2023-11-18",2,受理中,195,40,7,11.28
5100,"2023-11-18",2,办理中,93,37,30,34.66
5101,"2023-11-18",2,审核中,178,45,28,18.94
5102,"2023-11-18",2,待归档,164,41,29,31.99
5103,"2023-11-18",2,已回访,186,18,4,25.94
5104,"2023-11-19",1,一般,118,19,0,34.85
5105,"2023-11-19",1,紧急,192,85,3,57.68
5106,"2023-11-19",1,特急,127,59,51,52.04
5107,"2023-11-19",1,应急事件,106,25,23,32.83
5108,"2023-11-19",2,受理中,160,28,14,49.42
5109,"2023-11-19",2,办理中,162,70,62,41.01
5110,"2023-11-19",2,审核中,181,73,71,42.92
5111,"2023-11-19",2,待归档,181,38,28,50.46
5112,"2023-11-19",2,已回访,181,24,19,11.32
5113,"2023-11-20",1,一般,135,32,3,56.58
5114,"2023-11-20",1,紧急,195,56,46,31.46
5115,"2023-11-20",1,特急,157,22,3,38.39
5116,"2023-11-20",1,应急事件,161,25,15,15.13
5117,"2023-11-20",2,受理中,145,43,16,50.22
5118,"2023-11-20",2,办理中,156,25,11,22.74
5119,"2023-11-20",2,审核中,136,23,3,27.5
5120,"2023-11-20",2,待归档,197,89,74,55.31
5121,"2023-11-20",2,已回访,120,45,29,10.24
5122,"2023-11-21",1,一般,171,50,29,25.41
5123,"2023-11-21",1,紧急,113,55,10,37.07
5124,"2023-11-21",1,特急,160,39,5,34.71
5125,"2023-11-21",1,应急事件,175,70,19,35.3
5126,"2023-11-21",2,受理中,143,14,6,17.97
5127,"2023-11-21",2,办理中,87,29,11,50.95
5128,"2023-11-21",2,审核中,107,26,24,46.21
5129,"2023-11-21",2,待归档,172,19,11,16.93
5130,"2023-11-21",2,已回访,123,51,5,32.02
5131,"2023-11-22",1,一般,180,75,59,26.88
5132,"2023-11-22",1,紧急,185,23,4,19.66
5133,"2023-11-22",1,特急,81,14,11,22.27
5134,"2023-11-22",1,应急事件,98,46,26,18.54
5135,"2023-11-22",2,受理中,184,12,0,34.4
5136,"2023-11-22",2,办理中,141,41,23,38.3
5137,"2023-11-22",2,审核中,124,47,35,35.91
5138,"2023-11-22",2,待归档,90,34,23,51.48
5139,"2023-11-22",2,已回访,123,14,9,30.78
5140,"2023-11-23",1,一般,152,10,6,16.75
5141,"2023-11-23",1,紧急,140,47,8,31.59
5142,"2023-11-23",1,特急,81,11,9,21.68
5143,"2023-11-23",1,应急事件,80,37,19,24.73
5144,"2023-11-23",2,受理中,138,14,13,20.69
5145,"2023-11-23",2,办理中,116,36,27,19.01
5146,"2023-11-23",2,审核中,92,24,14,41.27
5147,"2023-11-23",2,待归档,144,57,49,35.93
5148,"2023-11-23",2,已回访,92,24,17,19.01
5149,"2023-11-24",1,一般,188,89,44,43.86
5150,"2023-11-24",1,紧急,88,10,8,18.22
5151,"2023-11-24",1,特急,138,37,27,29.17
5152,"2023-11-24",1,应急事件,160,61,29,50.45
5153,"2023-11-24",2,受理中,199,92,14,46.17
5154,"2023-11-24",2,办理中,183,14,1,31.42
5155,"2023-11-24",2,审核中,176,38,8,28.48
5156,"2023-11-24",2,待归档,188,77,63,26.38
5157,"2023-11-24",2,已回访,180,45,21,24.4
5158,"2023-11-25",1,一般,85,34,30,46.74
5159,"2023-11-25",1,紧急,84,28,0,52.54
5160,"2023-11-25",1,特急,90,36,16,23.21
5161,"2023-11-25",1,应急事件,154,64,43,37.69
5162,"2023-11-25",2,受理中,120,37,13,33.75
5163,"2023-11-25",2,办理中,160,49,45,24.08
5164,"2023-11-25",2,审核中,151,71,0,36.84
5165,"2023-11-25",2,待归档,170,64,26,38.38
5166,"2023-11-25",2,已回访,91,31,12,45.86
5167,"2023-11-26",1,一般,98,18,13,58.58
5168,"2023-11-26",1,紧急,132,22,8,35.92
5169,"2023-11-26",1,特急,168,47,18,47.39
5170,"2023-11-26",1,应急事件,173,23,1,51.04
5171,"2023-11-26",2,受理中,125,22,16,54.98
5172,"2023-11-26",2,办理中,114,26,25,48.2
5173,"2023-11-26",2,审核中,112,40,34,47.51
5174,"2023-11-26",2,待归档,158,53,6,14.19
5175,"2023-11-26",2,已回访,125,23,8,27.88
5176,"2023-11-27",1,一般,180,71,66,14.71
5177,"2023-11-27",1,紧急,131,27,5,48.58
5178,"2023-11-27",1,特急,145,12,3,59.48
5179,"2023-11-27",1,应急事件,110,43,29,30.71
5180,"2023-11-27",2,受理中,156,49,18,46.53
5181,"2023-11-27",2,办理中,99,48,33,42.39
5182,"2023-11-27",2,审核中,163,51,33,17.98
5183,"2023-11-27",2,待归档,120,53,16,47.08
5184,"2023-11-27",2,已回访,191,48,18,49.63
5185,"2023-11-28",1,一般,168,77,38,11.21
5186,"2023-11-28",1,紧急,128,55,47,57.78
5187,"2023-11-28",1,特急,144,31,18,27.4
5188,"2023-11-28",1,应急事件,108,10,9,32.24
5189,"2023-11-28",2,受理中,96,15,0,30.44
5190,"2023-11-28",2,办理中,129,20,11,43.31
5191,"2023-11-28",2,审核中,106,37,15,30.91
5192,"2023-11-28",2,待归档,183,84,23,43.41
5193,"2023-11-28",2,已回访,133,38,8,47.86
5194,"2023-11-29",1,一般,169,26,13,16.92
5195,"2023-11-29",1,紧急,149,23,2,41.41
5196,"2023-11-29",1,特急,106,17,9,29.8
5197,"2023-11-29",1,应急事件,136,40,21,26.5
5198,"2023-11-29",2,受理中,191,84,82,22.23
5199,"2023-11-29",2,办理中,178,65,22,32.91
5200,"2023-11-29",2,审核中,87,12,10,17.08
5201,"2023-11-29",2,待归档,103,15,12,19.33
5202,"2023-11-29",2,已回访,191,91,27,27.75
5203,"2023-11-30",1,一般,146,69,23,23.14
5204,"2023-11-30",1,紧急,119,29,10,25.5
5205,"2023-11-30",1,特急,194,86,72,33.92
5206,"2023-11-30",1,应急事件,147,37,7,14.61
5207,"2023-11-30",2,受理中,82,11,9,37.13
5208,"2023-11-30",2,办理中,81,23,11,13.61
5209,"2023-11-30",2,审核中,183,10,6,11.38
5210,"2023-11-30",2,待归档,164,74,46,59.69
5211,"2023-11-30",2,已回访,129,11,10,17.57
5212,"2023-12-01",1,一般,174,48,0,12.84
5213,"2023-12-01",1,紧急,103,41,0,55.37
5214,"2023-12-01",1,特急,126,50,13,52.82
5215,"2023-12-01",1,应急事件,84,31,14,25.34
5216,"2023-12-01",2,受理中,151,22,3,32.13
5217,"2023-12-01",2,办理中,200,44,4,42.5
5218,"2023-12-01",2,审核中,168,73,32,41.66
5219,"2023-12-01",2,待归档,188,24,16,41.78
5220,"2023-12-01",2,已回访,143,61,34,45.93
5221,"2023-12-02",1,一般,175,73,53,24.62
5222,"2023-12-02",1,紧急,82,33,31,40.96
5223,"2023-12-02",1,特急,159,26,17,10.35
5224,"2023-12-02",1,应急事件,118,31,6,31.58
5225,"2023-12-02",2,受理中,172,29,13,52.05
5226,"2023-12-02",2,办理中,101,29,22,36.96
5227,"2023-12-02",2,审核中,112,10,1,22.13
5228,"2023-12-02",2,待归档,131,33,32,15.68
5229,"2023-12-02",2,已回访,160,73,28,53.29
5230,"2023-12-03",1,一般,183,75,12,28.99
5231,"2023-12-03",1,紧急,198,74,46,34.32
5232,"2023-12-03",1,特急,158,39,38,33.73
5233,"2023-12-03",1,应急事件,86,35,31,48.9
5234,"2023-12-03",2,受理中,133,59,56,11.45
5235,"2023-12-03",2,办理中,152,40,21,16.8
5236,"2023-12-03",2,审核中,174,57,20,18.38
5237,"2023-12-03",2,待归档,126,35,13,41.49
5238,"2023-12-03",2,已回访,129,19,14,37.34
5239,"2023-12-04",1,一般,158,30,14,57.73
5240,"2023-12-04",1,紧急,158,47,19,30.56
5241,"2023-12-04",1,特急,120,51,7,47.49
5242,"2023-12-04",1,应急事件,133,26,4,52.8
5243,"2023-12-04",2,受理中,153,49,45,11.3
5244,"2023-12-04",2,办理中,111,13,2,40.6
5245,"2023-12-04",2,审核中,116,28,15,49.89
5246,"2023-12-04",2,待归档,175,10,2,10.56
5247,"2023-12-04",2,已回访,98,12,4,26.47
5248,"2023-12-05",1,一般,200,58,35,16.3
5249,"2023-12-05",1,紧急,126,21,6,48.15
5250,"2023-12-05",1,特急,143,50,32,46.26
5251,"2023-12-05",1,应急事件,119,12,9,35.05
5252,"2023-12-05",2,受理中,113,23,10,58.99
5253,"2023-12-05",2,办理中,177,28,26,42.97
5254,"2023-12-05",2,审核中,129,31,0,36.89
5255,"2023-12-05",2,待归档,88,24,6,30.83
5256,"2023-12-05",2,已回访,197,59,28,41.89
5257,"2023-12-06",1,一般,157,72,41,55.79
5258,"2023-12-06",1,紧急,161,54,48,17.64
5259,"2023-12-06",1,特急,125,43,12,16.07
5260,"2023-12-06",1,应急事件,110,50,16,10.75
5261,"2023-12-06",2,受理中,194,14,7,42.62
5262,"2023-12-06",2,办理中,88,13,7,30.61
5263,"2023-12-06",2,审核中,144,66,25,32.79
5264,"2023-12-06",2,待归档,111,42,11,13.51
5265,"2023-12-06",2,已回访,143,69,58,44.97
5266,"2023-12-07",1,一般,161,77,5,13.61
5267,"2023-12-07",1,紧急,135,26,13,45.81
5268,"2023-12-07",1,特急,150,38,30,38.6
5269,"2023-12-07",1,应急事件,85,37,35,48.53
5270,"2023-12-07",2,受理中,112,11,8,25.15
5271,"2023-12-07",2,办理中,108,29,4,58.71
5272,"2023-12-07",2,审核中,124,41,16,36.8
5273,"2023-12-07",2,待归档,126,60,38,32.72
5274,"2023-12-07",2,已回访,135,60,13,46.17
5275,"2023-12-08",1,一般,158,41,15,14.58
5276,"2023-12-08",1,紧急,162,13,9,33.15
5277,"2023-12-08",1,特急,190,45,10,57.86
5278,"2023-12-08",1,应急事件,130,58,12,23.19
5279,"2023-12-08",2,受理中,107,32,5,49.91
5280,"2023-12-08",2,办理中,134,18,10,31.94
5281,"2023-12-08",2,审核中,190,37,20,56.95
5282,"2023-12-08",2,待归档,132,19,3,30.55
5283,"2023-12-08",2,已回访,129,44,28,31.96
5284,"2023-12-09",1,一般,190,87,47,33.05
5285,"2023-12-09",1,紧急,94,36,26,16.42
5286,"2023-12-09",1,特急,81,12,2,33.4
5287,"2023-12-09",1,应急事件,158,54,3,49.04
5288,"2023-12-09",2,受理中,183,49,20,42.0
5289,"2023-12-09",2,办理中,158,78,59,30.85
5290,"2023-12-09",2,审核中,89,14,13,11.75
5291,"2023-12-09",2,待归档,126,43,40,31.8
5292,"2023-12-09",2,已回访,158,58,25,28.06
5293,"2023-12-10",1,一般,177,57,16,22.45
5294,"2023-12-10",1,紧急,147,26,10,23.09
5295,"2023-12-10",1,特急,136,61,25,41.57
5296,"2023-12-10",1,应急事件,136,59,22,13.84
5297,"2023-12-10",2,受理中,186,68,40,10.77
5298,"2023-12-10",2,办理中,85,28,5,43.23
5299,"2023-12-10",2,审核中,167,71,36,32.05
5300,"2023-12-10",2,待归档,167,45,26,42.78
5301,"2023-12-10",2,已回访,125,29,10,11.05
5302,"2023-12-11",1,一般,128,62,36,21.26
5303,"2023-12-11",1,紧急,158,37,4,38.28
5304,"2023-12-11",1,特急,103,38,3,59.48
5305,"2023-12-11",1,应急事件,141,65,43,55.15
5306,"2023-12-11",2,受理中,107,52,48,31.98
5307,"2023-12-11",2,办理中,112,22,20,59.28
5308,"2023-12-11",2,审核中,194,24,4,53.46
5309,"2023-12-11",2,待归档,82,11,5,58.35
5310,"2023-12-11",2,已回访,138,31,3,46.76
5311,"2023-12-12",1,一般,182,60,38,52.18
5312,"2023-12-12",1,紧急,169,48,47,51.06
5313,"2023-12-12",1,特急,199,53,37,54.26
5314,"2023-12-12",1,应急事件,87,22,10,14.8
5315,"2023-12-12",2,受理中,199,34,11,45.89
5316,"2023-12-12",2,办理中,93,30,6,13.54
5317,"2023-12-12",2,审核中,148,51,9,46.96
5318,"2023-12-12",2,待归档,98,17,11,25.02
5319,"2023-12-12",2,已回访,180,71,17,49.67
5320,"2023-12-13",1,一般,119,15,11,53.58
5321,"2023-12-13",1,紧急,138,21,18,35.85
5322,"2023-12-13",1,特急,133,44,31,57.77
5323,"2023-12-13",1,应急事件,144,55,18,52.36
5324,"2023-12-13",2,受理中,127,22,16,58.93
5325,"2023-12-13",2,办理中,175,24,0,10.1
5326,"2023-12-13",2,审核中,179,29,8,26.54
5327,"2023-12-13",2,待归档,127,30,16,10.0
5328,"2023-12-13",2,已回访,193,30,26,28.87
5329,"2023-12-14",1,一般,152,23,8,23.76
5330,"2023-12-14",1,紧急,136,57,44,35.75
5331,"2023-12-14",1,特急,200,92,89,36.82
5332,"2023-12-14",1,应急事件,104,17,10,26.14
5333,"2023-12-14",2,受理中,185,70,52,48.96
5334,"2023-12-14",2,办理中,200,99,85,23.4
5335,"2023-12-14",2,审核中,167,61,21,23.15
5336,"2023-12-14",2,待归档,121,50,24,59.83
5337,"2023-12-14",2,已回访,141,64,22,44.65
5338,"2023-12-15",1,一般,129,12,11,14.8
5339,"2023-12-15",1,紧急,178,49,21,34.69
5340,"2023-12-15",1,特急,100,16,3,46.91
5341,"2023-12-15",1,应急事件,140,46,12,44.91
5342,"2023-12-15",2,受理中,167,36,17,17.83
5343,"2023-12-15",2,办理中,155,32,5,57.91
5344,"2023-12-15",2,审核中,174,60,53,41.33
5345,"2023-12-15",2,待归档,100,35,6,58.13
5346,"2023-12-15",2,已回访,140,60,9,38.09
5347,"2023-12-16",1,一般,143,22,21,10.57
5348,"2023-12-16",1,紧急,192,24,0,13.44
5349,"2023-12-16",1,特急,177,81,47,35.32
5350,"2023-12-16",1,应急事件,135,43,14,44.57
5351,"2023-12-16",2,受理中,103,23,21,44.3
5352,"2023-12-16",2,办理中,186,72,39,46.34
5353,"2023-12-16",2,审核中,180,15,8,50.12
5354,"2023-12-16",2,待归档,161,79,69,23.35
5355,"2023-12-16",2,已回访,125,45,21,36.93
5356,"2023-12-17",1,一般,173,12,9,25.37
5357,"2023-12-17",1,紧急,172,70,40,16.48
5358,"2023-12-17",1,特急,137,33,24,41.0
5359,"2023-12-17",1,应急事件,177,67,0,45.96
5360,"2023-12-17",2,受理中,198,65,29,27.88
5361,"2023-12-17",2,办理中,89,31,20,55.33
5362,"2023-12-17",2,审核中,124,12,2,23.2
5363,"2023-12-17",2,待归档,196,65,45,13.8
5364,"2023-12-17",2,已回访,174,70,27,28.52
5365,"2023-12-18",1,一般,132,34,0,18.19
5366,"2023-12-18",1,紧急,135,46,21,18.02
5367,"2023-12-18",1,特急,195,93,75,54.85
5368,"2023-12-18",1,应急事件,151,12,2,54.3
5369,"2023-12-18",2,受理中,173,49,24,30.77
5370,"2023-12-18",2,办理中,183,25,11,36.11
5371,"2023-12-18",2,审核中,85,38,3,52.07
5372,"2023-12-18",2,待归档,95,24,13,14.87
5373,"2023-12-18",2,已回访,200,64,28,36.11
5374,"2023-12-19",1,一般,132,29,27,55.36
5375,"2023-12-19",1,紧急,159,13,4,56.64
5376,"2023-12-19",1,特急,142,32,18,17.37
5377,"2023-12-19",1,应急事件,177,46,1,55.81
5378,"2023-12-19",2,受理中,196,12,0,43.6
5379,"2023-12-19",2,办理中,193,19,15,21.94
5380,"2023-12-19",2,审核中,133,19,6,38.67
5381,"2023-12-19",2,待归档,173,19,8,19.82
5382,"2023-12-19",2,已回访,96,41,20,47.67
5383,"2023-12-20",1,一般,184,25,16,48.32
5384,"2023-12-20",1,紧急,138,45,14,35.99
5385,"2023-12-20",1,特急,182,86,24,59.99
5386,"2023-12-20",1,应急事件,120,53,30,28.11
5387,"2023-12-20",2,受理中,99,31,23,33.69
5388,"2023-12-20",2,办理中,132,50,12,27.42
5389,"2023-12-20",2,审核中,97,45,21,50.8
5390,"2023-12-20",2,待归档,137,63,28,23.06
5391,"2023-12-20",2,已回访,96,42,20,55.06
5392,"2023-12-21",1,一般,129,46,40,54.9
5393,"2023-12-21",1,紧急,170,16,10,11.44
5394,"2023-12-21",1,特急,198,95,38,26.28
5395,"2023-12-21",1,应急事件,185,65,60,18.38
5396,"2023-12-21",2,受理中,150,50,14,11.11
5397,"2023-12-21",2,办理中,138,44,33,40.27
5398,"2023-12-21",2,审核中,95,41,4,50.9
5399,"2023-12-21",2,待归档,176,55,8,40.98
5400,"2023-12-21",2,已回访,194,81,28,42.54
5401,"2023-12-22",1,一般,134,39,35,31.39
5402,"2023-12-22",1,紧急,166,41,1,11.62
5403,"2023-12-22",1,特急,188,54,46,18.75
5404,"2023-12-22",1,应急事件,99,36,24,30.45
5405,"2023-12-22",2,受理中,155,28,1,23.31
5406,"2023-12-22",2,办理中,169,43,5,23.82
5407,"2023-12-22",2,审核中,182,47,37,39.0
5408,"2023-12-22",2,待归档,133,26,8,26.75
5409,"2023-12-22",2,已回访,180,22,2,24.77
5410,"2023-12-23",1,一般,154,57,27,20.34
5411,"2023-12-23",1,紧急,168,70,12,23.16
5412,"2023-12-23",1,特急,156,21,15,20.68
5413,"2023-12-23",1,应急事件,103,36,3,38.86
5414,"2023-12-23",2,受理中,118,22,12,46.43
5415,"2023-12-23",2,办理中,149,69,24,38.85
5416,"2023-12-23",2,审核中,158,61,31,48.64
5417,"2023-12-23",2,待归档,80,39,12,55.33
5418,"2023-12-23",2,已回访,100,14,7,34.46
5419,"2023-12-24",1,一般,127,36,3,10.28
5420,"2023-12-24",1,紧急,138,30,19,13.9
5421,"2023-12-24",1,特急,99,26,6,43.17
5422,"2023-12-24",1,应急事件,158,24,18,48.62
5423,"2023-12-24",2,受理中,131,38,32,25.51
5424,"2023-12-24",2,办理中,187,91,86,58.18
5425,"2023-12-24",2,审核中,89,17,0,25.11
5426,"2023-12-24",2,待归档,123,20,0,23.07
5427,"2023-12-24",2,已回访,102,48,15,26.33
5428,"2023-12-25",1,一般,115,51,1,44.7
5429,"2023-12-25",1,紧急,86,29,20,11.86
5430,"2023-12-25",1,特急,107,41,3,43.93
5431,"2023-12-25",1,应急事件,131,19,13,24.06
5432,"2023-12-25",2,受理中,119,48,32,32.61
5433,"2023-12-25",2,办理中,118,52,44,15.35
5434,"2023-12-25",2,审核中,184,72,63,20.92
5435,"2023-12-25",2,待归档,86,38,19,58.68
5436,"2023-12-25",2,已回访,139,38,34,57.46
5437,"2023-12-26",1,一般,85,16,7,53.09
5438,"2023-12-26",1,紧急,122,54,35,30.36
5439,"2023-12-26",1,特急,185,46,24,43.14
5440,"2023-12-26",1,应急事件,157,69,19,37.1
5441,"2023-12-26",2,受理中,138,40,30,46.88
5442,"2023-12-26",2,办理中,112,25,19,27.86
5443,"2023-12-26",2,审核中,85,28,8,44.97
5444,"2023-12-26",2,待归档,98,20,11,29.09
5445,"2023-12-26",2,已回访,165,12,0,10.61
5446,"2023-12-27",1,一般,129,27,17,48.0
5447,"2023-12-27",1,紧急,81,30,3,26.32
5448,"2023-12-27",1,特急,178,63,5,34.51
5449,"2023-12-27",1,应急事件,84,23,21,52.3
5450,"2023-12-27",2,受理中,116,45,36,31.38
5451,"2023-12-27",2,办理中,175,57,5,10.72
5452,"2023-12-27",2,审核中,176,22,6,39.56
5453,"2023-12-27",2,待归档,161,37,9,39.99
5454,"2023-12-27",2,已回访,174,82,62,28.86
5455,"2023-12-28",1,一般,95,36,3,31.82
5456,"2023-12-28",1,紧急,167,28,14,27.06
5457,"2023-12-28",1,特急,115,50,34,10.76
5458,"2023-12-28",1,应急事件,131,44,14,52.31
5459,"2023-12-28",2,受理中,113,46,7,31.49
5460,"2023-12-28",2,办理中,153,57,21,48.4
5461,"2023-12-28",2,审核中,175,42,18,18.62
5462,"2023-12-28",2,待归档,200,26,17,15.21
5463,"2023-12-28",2,已回访,116,28,8,26.64
5464,"2023-12-29",1,一般,184,19,4,17.22
5465,"2023-12-29",1,紧急,89,26,6,56.34
5466,"2023-12-29",1,特急,185,87,55,31.83
5467,"2023-12-29",1,应急事件,88,28,23,14.17
5468,"2023-12-29",2,受理中,197,79,29,58.99
5469,"2023-12-29",2,办理中,93,26,2,19.24
5470,"2023-12-29",2,审核中,123,37,7,14.55
5471,"2023-12-29",2,待归档,154,45,29,32.99
5472,"2023-12-29",2,已回访,95,46,6,39.47
5473,"2023-12-30",1,一般,124,21,2,44.41
5474,"2023-12-30",1,紧急,103,26,1,24.57
5475,"2023-12-30",1,特急,136,29,26,52.21
5476,"2023-12-30",1,应急事件,84,23,11,46.96
5477,"2023-12-30",2,受理中,198,22,1,54.69
5478,"2023-12-30",2,办理中,146,48,16,55.69
5479,"2023-12-30",2,审核中,162,48,34,32.14
5480,"2023-12-30",2,待归档,98,39,25,43.01
5481,"2023-12-30",2,已回访,97,35,16,59.86
5482,"2023-12-31",1,一般,196,67,6,23.97
5483,"2023-12-31",1,紧急,196,11,4,20.5
5484,"2023-12-31",1,特急,133,46,30,55.3
5485,"2023-12-31",1,应急事件,180,31,19,38.58
5486,"2023-12-31",2,受理中,93,29,4,58.86
5487,"2023-12-31",2,办理中,181,10,0,22.35
5488,"2023-12-31",2,审核中,88,43,33,36.3
5489,"2023-12-31",2,待归档,117,11,3,29.91
5490,"2023-12-31",2,已回访,200,62,47,30.66
5491,"2024-01-01",1,一般,101,49,47,10.26
5492,"2024-01-01",1,紧急,155,70,49,37.38
5493,"2024-01-01",1,特急,176,87,80,47.9
5494,"2024-01-01",1,应急事件,194,49,0,29.9
5495,"2024-01-01",2,受理中,92,12,7,19.78
5496,"2024-01-01",2,办理中,163,18,6,58.41
5497,"2024-01-01",2,审核中,142,31,25,24.87
5498,"2024-01-01",2,待归档,179,53,27,35.02
5499,"2024-01-01",2,已回访,111,40,4,11.8
5500,"2024-01-02",1,一般,161,72,44,29.99
5501,"2024-01-02",1,紧急,112,36,14,43.96
5502,"2024-01-02",1,特急,156,61,30,30.6
5503,"2024-01-02",1,应急事件,197,54,19,39.85
5504,"2024-01-02",2,受理中,149,13,8,49.32
5505,"2024-01-02",2,办理中,97,29,27,14.35
5506,"2024-01-02",2,审核中,192,61,41,25.11
5507,"2024-01-02",2,待归档,182,36,15,15.51
5508,"2024-01-02",2,已回访,143,27,6,32.84
5509,"2024-01-03",1,一般,126,51,16,34.7
5510,"2024-01-03",1,紧急,170,45,13,46.04
5511,"2024-01-03",1,特急,145,59,11,33.42
5512,"2024-01-03",1,应急事件,196,58,37,34.88
5513,"2024-01-03",2,受理中,145,29,7,24.35
5514,"2024-01-03",2,办理中,86,10,7,12.76
5515,"2024-01-03",2,审核中,170,24,5,25.2
5516,"2024-01-03",2,待归档,182,16,10,19.67
5517,"2024-01-03",2,已回访,91,12,5,38.22
5518,"2024-01-04",1,一般,99,45,13,57.6
5519,"2024-01-04",1,紧急,124,61,34,28.68
5520,"2024-01-04",1,特急,148,54,1,43.97
5521,"2024-01-04",1,应急事件,133,49,4,35.12
5522,"2024-01-04",2,受理中,83,37,25,17.31
5523,"2024-01-04",2,办理中,186,61,29,41.96
5524,"2024-01-04",2,审核中,194,25,12,59.31
5525,"2024-01-04",2,待归档,110,52,16,56.76
5526,"2024-01-04",2,已回访,109,29,5,54.24
5527,"2024-01-05",1,一般,168,23,22,13.14
5528,"2024-01-05",1,紧急,155,62,5,57.92
5529,"2024-01-05",1,特急,132,35,23,24.06
5530,"2024-01-05",1,应急事件,112,44,40,11.28
5531,"2024-01-05",2,受理中,162,45,36,47.07
5532,"2024-01-05",2,办理中,134,58,44,52.24
5533,"2024-01-05",2,审核中,154,30,0,19.28
5534,"2024-01-05",2,待归档,123,14,0,38.28
5535,"2024-01-05",2,已回访,153,38,1,26.88
5536,"2024-01-06",1,一般,161,46,43,43.49
5537,"2024-01-06",1,紧急,131,23,22,45.37
5538,"2024-01-06",1,特急,115,15,8,25.62
5539,"2024-01-06",1,应急事件,199,51,12,45.85
5540,"2024-01-06",2,受理中,158,14,0,38.34
5541,"2024-01-06",2,办理中,180,89,18,25.86
5542,"2024-01-06",2,审核中,116,42,18,47.99
5543,"2024-01-06",2,待归档,149,59,23,53.58
5544,"2024-01-06",2,已回访,83,28,15,26.56
5545,"2024-01-07",1,一般,143,69,60,17.86
5546,"2024-01-07",1,紧急,134,35,14,21.82
5547,"2024-01-07",1,特急,197,52,3,47.1
5548,"2024-01-07",1,应急事件,101,21,9,55.05
5549,"2024-01-07",2,受理中,85,12,3,26.77
5550,"2024-01-07",2,办理中,136,32,17,57.96
5551,"2024-01-07",2,审核中,151,72,61,25.36
5552,"2024-01-07",2,待归档,114,22,16,15.14
5553,"2024-01-07",2,已回访,115,42,18,26.53
5554,"2024-01-08",1,一般,88,20,14,25.57
5555,"2024-01-08",1,紧急,117,17,1,33.67
5556,"2024-01-08",1,特急,89,15,9,15.7
5557,"2024-01-08",1,应急事件,140,61,38,31.67
5558,"2024-01-08",2,受理中,87,31,1,49.25
5559,"2024-01-08",2,办理中,178,53,22,17.09
5560,"2024-01-08",2,审核中,126,26,10,25.07
5561,"2024-01-08",2,待归档,157,69,15,10.44
5562,"2024-01-08",2,已回访,129,59,6,40.41
5563,"2024-01-09",1,一般,194,93,16,29.78
5564,"2024-01-09",1,紧急,103,45,23,43.49
5565,"2024-01-09",1,特急,85,19,18,32.24
5566,"2024-01-09",1,应急事件,191,31,0,25.88
5567,"2024-01-09",2,受理中,118,26,8,17.63
5568,"2024-01-09",2,办理中,85,13,6,12.77
5569,"2024-01-09",2,审核中,141,67,50,26.82
5570,"2024-01-09",2,待归档,97,45,22,47.29
5571,"2024-01-09",2,已回访,116,35,16,54.03
5572,"2024-01-10",1,一般,120,47,24,51.33
5573,"2024-01-10",1,紧急,95,35,7,18.65
5574,"2024-01-10",1,特急,169,17,5,13.37
5575,"2024-01-10",1,应急事件,157,38,8,12.78
5576,"2024-01-10",2,受理中,92,16,6,55.12
5577,"2024-01-10",2,办理中,190,31,1,28.34
5578,"2024-01-10",2,审核中,180,80,79,47.72
5579,"2024-01-10",2,待归档,93,45,3,38.03
5580,"2024-01-10",2,已回访,173,66,1,27.33
5581,"2024-01-11",1,一般,194,22,3,24.19
5582,"2024-01-11",1,紧急,82,11,0,48.03
5583,"2024-01-11",1,特急,168,23,21,34.0
5584,"2024-01-11",1,应急事件,151,66,59,36.47
5585,"2024-01-11",2,受理中,150,63,42,29.19
5586,"2024-01-11",2,办理中,86,16,7,21.79
5587,"2024-01-11",2,审核中,128,13,9,15.1
5588,"2024-01-11",2,待归档,110,16,2,12.01
5589,"2024-01-11",2,已回访,199,14,7,40.13
5590,"2024-01-12",1,一般,98,35,15,36.64
5591,"2024-01-12",1,紧急,131,41,38,28.69
5592,"2024-01-12",1,特急,116,35,24,15.58
5593,"2024-01-12",1,应急事件,115,12,3,15.77
5594,"2024-01-12",2,受理中,94,42,25,28.09
5595,"2024-01-12",2,办理中,180,52,51,38.78
5596,"2024-01-12",2,审核中,92,14,3,49.51
5597,"2024-01-12",2,待归档,145,25,23,20.31
5598,"2024-01-12",2,已回访,183,81,32,17.48
5599,"2024-01-13",1,一般,102,45,44,39.05
5600,"2024-01-13",1,紧急,146,31,1,52.62
5601,"2024-01-13",1,特急,187,71,36,21.96
5602,"2024-01-13",1,应急事件,165,79,11,37.42
5603,"2024-01-13",2,受理中,96,35,21,58.35
5604,"2024-01-13",2,办理中,95,24,13,12.94
5605,"2024-01-13",2,审核中,169,83,0,26.14
5606,"2024-01-13",2,待归档,175,67,7,15.04
5607,"2024-01-13",2,已回访,153,67,39,59.48
5608,"2024-01-14",1,一般,194,51,27,16.05
5609,"2024-01-14",1,紧急,160,51,19,43.53
5610,"2024-01-14",1,特急,125,55,30,43.85
5611,"2024-01-14",1,应急事件,113,49,48,45.95
5612,"2024-01-14",2,受理中,131,30,10,28.34
5613,"2024-01-14",2,办理中,92,40,38,53.84
5614,"2024-01-14",2,审核中,164,72,27,49.0
5615,"2024-01-14",2,待归档,110,43,35,14.62
5616,"2024-01-14",2,已回访,183,33,30,46.81
5617,"2024-01-15",1,一般,121,44,1,15.86
5618,"2024-01-15",1,紧急,94,14,3,36.34
5619,"2024-01-15",1,特急,191,46,43,42.59
5620,"2024-01-15",1,应急事件,99,20,9,40.89
5621,"2024-01-15",2,受理中,126,49,40,58.42
5622,"2024-01-15",2,办理中,182,70,23,44.87
5623,"2024-01-15",2,审核中,81,38,23,54.19
5624,"2024-01-15",2,待归档,112,15,3,16.88
5625,"2024-01-15",2,已回访,128,24,11,59.26
5626,"2024-01-16",1,一般,156,46,32,24.15
5627,"2024-01-16",1,紧急,94,27,17,31.46
5628,"2024-01-16",1,特急,96,37,9,16.64
5629,"2024-01-16",1,应急事件,153,43,3,48.98
5630,"2024-01-16",2,受理中,85,12,2,38.26
5631,"2024-01-16",2,办理中,142,19,0,58.74
5632,"2024-01-16",2,审核中,95,32,2,40.83
5633,"2024-01-16",2,待归档,80,35,0,32.31
5634,"2024-01-16",2,已回访,103,38,21,15.16
5635,"2024-01-17",1,一般,81,18,0,44.57
5636,"2024-01-17",1,紧急,135,16,3,23.67
5637,"2024-01-17",1,特急,101,21,0,25.79
5638,"2024-01-17",1,应急事件,159,21,20,54.57
5639,"2024-01-17",2,受理中,109,15,0,32.97
5640,"2024-01-17",2,办理中,117,24,15,36.37
5641,"2024-01-17",2,审核中,159,33,27,34.8
5642,"2024-01-17",2,待归档,175,47,10,25.64
5643,"2024-01-17",2,已回访,150,41,3,22.09
5644,"2024-01-18",1,一般,131,35,0,43.02
5645,"2024-01-18",1,紧急,144,41,29,27.58
5646,"2024-01-18",1,特急,190,81,65,34.31
5647,"2024-01-18",1,应急事件,123,58,10,51.71
5648,"2024-01-18",2,受理中,158,24,14,19.04
5649,"2024-01-18",2,办理中,141,68,54,42.61
5650,"2024-01-18",2,审核中,177,48,1,37.63
5651,"2024-01-18",2,待归档,200,17,3,21.29
5652,"2024-01-18",2,已回访,190,52,34,42.27
5653,"2024-01-19",1,一般,108,53,34,52.13
5654,"2024-01-19",1,紧急,182,51,48,26.47
5655,"2024-01-19",1,特急,88,42,33,48.42
5656,"2024-01-19",1,应急事件,172,25,3,54.57
5657,"2024-01-19",2,受理中,153,69,21,47.03
5658,"2024-01-19",2,办理中,192,84,50,46.82
5659,"2024-01-19",2,审核中,150,45,5,23.6
5660,"2024-01-19",2,待归档,194,82,40,35.79
5661,"2024-01-19",2,已回访,189,63,25,33.87
5662,"2024-01-20",1,一般,104,19,9,35.54
5663,"2024-01-20",1,紧急,106,18,11,22.71
5664,"2024-01-20",1,特急,118,41,4,42.27
5665,"2024-01-20",1,应急事件,143,46,5,13.51
5666,"2024-01-20",2,受理中,130,25,12,39.86
5667,"2024-01-20",2,办理中,93,42,12,25.71
5668,"2024-01-20",2,审核中,107,31,24,14.58
5669,"2024-01-20",2,待归档,115,30,22,49.14
5670,"2024-01-20",2,已回访,175,74,15,23.89
5671,"2024-01-21",1,一般,110,23,19,21.11
5672,"2024-01-21",1,紧急,154,69,63,27.19
5673,"2024-01-21",1,特急,88,17,9,25.27
5674,"2024-01-21",1,应急事件,180,34,27,45.7
5675,"2024-01-21",2,受理中,150,68,49,26.8
5676,"2024-01-21",2,办理中,95,19,17,23.88
5677,"2024-01-21",2,审核中,133,21,5,43.93
5678,"2024-01-21",2,待归档,163,26,7,15.66
5679,"2024-01-21",2,已回访,181,57,49,25.94
5680,"2024-01-22",1,一般,116,49,0,58.79
5681,"2024-01-22",1,紧急,151,61,1,17.39
5682,"2024-01-22",1,特急,84,31,15,23.68
5683,"2024-01-22",1,应急事件,159,20,8,21.26
5684,"2024-01-22",2,受理中,145,45,8,57.32
5685,"2024-01-22",2,办理中,182,58,37,18.72
5686,"2024-01-22",2,审核中,121,42,30,48.51
5687,"2024-01-22",2,待归档,166,11,7,52.12
5688,"2024-01-22",2,已回访,194,36,13,39.52
5689,"2024-01-23",1,一般,140,65,16,18.01
5690,"2024-01-23",1,紧急,166,60,15,50.59
5691,"2024-01-23",1,特急,88,24,16,59.57
5692,"2024-01-23",1,应急事件,105,35,24,11.34
5693,"2024-01-23",2,受理中,197,70,50,28.19
5694,"2024-01-23",2,办理中,180,65,15,53.32
5695,"2024-01-23",2,审核中,159,72,5,14.65
5696,"2024-01-23",2,待归档,109,50,37,23.21
5697,"2024-01-23",2,已回访,192,28,20,15.29
5698,"2024-01-24",1,一般,121,46,24,22.75
5699,"2024-01-24",1,紧急,112,27,0,32.5
5700,"2024-01-24",1,特急,91,16,0,17.47
5701,"2024-01-24",1,应急事件,127,44,23,35.01
5702,"2024-01-24",2,受理中,191,94,57,29.25
5703,"2024-01-24",2,办理中,158,51,49,56.63
5704,"2024-01-24",2,审核中,146,70,31,22.91
5705,"2024-01-24",2,待归档,89,40,9,53.23
5706,"2024-01-24",2,已回访,166,80,79,20.02
5707,"2024-01-25",1,一般,183,23,3,21.29
5708,"2024-01-25",1,紧急,165,38,5,45.92
5709,"2024-01-25",1,特急,96,38,5,36.0
5710,"2024-01-25",1,应急事件,173,19,8,59.97
5711,"2024-01-25",2,受理中,119,29,13,40.59
5712,"2024-01-25",2,办理中,88,34,30,52.3
5713,"2024-01-25",2,审核中,155,45,36,54.9
5714,"2024-01-25",2,待归档,138,15,5,57.35
5715,"2024-01-25",2,已回访,155,57,13,52.78
5716,"2024-01-26",1,一般,150,41,37,31.76
5717,"2024-01-26",1,紧急,173,59,43,19.91
5718,"2024-01-26",1,特急,184,65,50,44.91
5719,"2024-01-26",1,应急事件,189,23,12,12.04
5720,"2024-01-26",2,受理中,91,21,16,41.93
5721,"2024-01-26",2,办理中,147,13,7,53.24
5722,"2024-01-26",2,审核中,89,21,14,29.47
5723,"2024-01-26",2,待归档,110,47,5,42.09
5724,"2024-01-26",2,已回访,177,71,36,53.61
5725,"2024-01-27",1,一般,180,55,48,32.49
5726,"2024-01-27",1,紧急,124,42,12,54.47
5727,"2024-01-27",1,特急,187,14,10,10.3
5728,"2024-01-27",1,应急事件,152,23,4,23.45
5729,"2024-01-27",2,受理中,143,57,43,53.72
5730,"2024-01-27",2,办理中,143,10,4,12.17
5731,"2024-01-27",2,审核中,186,88,50,23.65
5732,"2024-01-27",2,待归档,180,65,36,42.3
5733,"2024-01-27",2,已回访,200,35,1,50.86
5734,"2024-01-28",1,一般,192,59,39,52.8
5735,"2024-01-28",1,紧急,130,31,0,29.6
5736,"2024-01-28",1,特急,104,40,29,21.99
5737,"2024-01-28",1,应急事件,171,33,29,12.83
5738,"2024-01-28",2,受理中,163,26,7,12.42
5739,"2024-01-28",2,办理中,173,22,13,12.11
5740,"2024-01-28",2,审核中,182,28,20,49.09
5741,"2024-01-28",2,待归档,179,36,23,17.05
5742,"2024-01-28",2,已回访,199,96,93,33.35
5743,"2024-01-29",1,一般,139,66,40,17.55
5744,"2024-01-29",1,紧急,189,93,73,37.24
5745,"2024-01-29",1,特急,116,18,17,24.57
5746,"2024-01-29",1,应急事件,187,44,23,35.75
5747,"2024-01-29",2,受理中,168,13,11,28.5
5748,"2024-01-29",2,办理中,93,44,0,57.29
5749,"2024-01-29",2,审核中,173,20,7,31.36
5750,"2024-01-29",2,待归档,126,33,19,38.77
5751,"2024-01-29",2,已回访,192,54,39,44.62
5752,"2024-01-30",1,一般,192,25,7,40.6
5753,"2024-01-30",1,紧急,117,45,27,14.04
5754,"2024-01-30",1,特急,140,17,4,35.27
5755,"2024-01-30",1,应急事件,163,57,12,29.58
5756,"2024-01-30",2,受理中,179,30,7,34.97
5757,"2024-01-30",2,办理中,92,17,14,13.93
5758,"2024-01-30",2,审核中,156,32,20,53.14
5759,"2024-01-30",2,待归档,191,36,35,53.4
5760,"2024-01-30",2,已回访,190,40,9,28.6
5761,"2024-01-31",1,一般,142,66,42,44.61
5762,"2024-01-31",1,紧急,170,44,41,16.53
5763,"2024-01-31",1,特急,86,24,1,29.38
5764,"2024-01-31",1,应急事件,158,52,19,38.18
5765,"2024-01-31",2,受理中,105,18,11,38.79
5766,"2024-01-31",2,办理中,167,67,39,20.1
5767,"2024-01-31",2,审核中,172,33,31,28.92
5768,"2024-01-31",2,待归档,114,47,4,58.47
5769,"2024-01-31",2,已回访,183,40,35,11.46
5770,"2024-02-01",1,一般,165,10,2,10.24
5771,"2024-02-01",1,紧急,121,47,38,57.1
5772,"2024-02-01",1,特急,162,67,38,27.75
5773,"2024-02-01",1,应急事件,98,23,7,19.51
5774,"2024-02-01",2,受理中,151,19,16,38.51
5775,"2024-02-01",2,办理中,171,15,5,28.63
5776,"2024-02-01",2,审核中,109,21,20,41.34
5777,"2024-02-01",2,待归档,150,67,20,49.82
5778,"2024-02-01",2,已回访,193,63,37,23.41
5779,"2024-02-02",1,一般,104,51,22,22.47
5780,"2024-02-02",1,紧急,158,57,35,20.37
5781,"2024-02-02",1,特急,86,20,11,47.25
5782,"2024-02-02",1,应急事件,135,10,0,33.11
5783,"2024-02-02",2,受理中,133,49,11,37.78
5784,"2024-02-02",2,办理中,83,39,12,47.0
5785,"2024-02-02",2,审核中,128,24,12,16.74
5786,"2024-02-02",2,待归档,97,38,12,22.55
5787,"2024-02-02",2,已回访,199,72,54,19.19
5788,"2024-02-03",1,一般,183,70,13,18.58
5789,"2024-02-03",1,紧急,173,74,34,10.26
5790,"2024-02-03",1,特急,108,13,6,45.58
5791,"2024-02-03",1,应急事件,88,11,1,41.18
5792,"2024-02-03",2,受理中,164,12,6,58.08
5793,"2024-02-03",2,办理中,154,36,15,29.79
5794,"2024-02-03",2,审核中,159,48,33,36.78
5795,"2024-02-03",2,待归档,194,91,36,34.69
5796,"2024-02-03",2,已回访,155,56,1,46.2
5797,"2024-02-04",1,一般,106,31,20,44.4
5798,"2024-02-04",1,紧急,185,35,6,48.99
5799,"2024-02-04",1,特急,111,34,1,20.43
5800,"2024-02-04",1,应急事件,190,67,65,35.24
5801,"2024-02-04",2,受理中,160,35,32,48.37
5802,"2024-02-04",2,办理中,154,19,4,45.08
5803,"2024-02-04",2,审核中,166,82,40,33.82
5804,"2024-02-04",2,待归档,102,50,16,47.42
5805,"2024-02-04",2,已回访,104,37,17,55.1
5806,"2024-02-05",1,一般,196,62,45,59.49
5807,"2024-02-05",1,紧急,179,49,47,29.94
5808,"2024-02-05",1,特急,156,18,7,19.9
5809,"2024-02-05",1,应急事件,142,40,16,12.61
5810,"2024-02-05",2,受理中,163,35,34,52.84
5811,"2024-02-05",2,办理中,172,43,39,27.65
5812,"2024-02-05",2,审核中,89,43,35,48.12
5813,"2024-02-05",2,待归档,113,10,9,54.9
5814,"2024-02-05",2,已回访,132,42,7,28.13
5815,"2024-02-06",1,一般,100,37,35,51.21
5816,"2024-02-06",1,紧急,119,54,40,58.25
5817,"2024-02-06",1,特急,193,16,2,59.85
5818,"2024-02-06",1,应急事件,156,10,9,35.81
5819,"2024-02-06",2,受理中,106,27,24,37.08
5820,"2024-02-06",2,办理中,94,35,12,37.88
5821,"2024-02-06",2,审核中,117,53,6,48.64
5822,"2024-02-06",2,待归档,105,27,11,23.62
5823,"2024-02-06",2,已回访,143,36,1,11.91
5824,"2024-02-07",1,一般,175,54,14,50.48
5825,"2024-02-07",1,紧急,86,16,13,47.53
5826,"2024-02-07",1,特急,196,89,26,20.81
5827,"2024-02-07",1,应急事件,157,27,14,19.64
5828,"2024-02-07",2,受理中,144,59,57,56.82
5829,"2024-02-07",2,办理中,144,23,5,38.01
5830,"2024-02-07",2,审核中,129,56,32,42.13
5831,"2024-02-07",2,待归档,169,55,12,30.27
5832,"2024-02-07",2,已回访,154,23,2,25.77
5833,"2024-02-08",1,一般,96,46,21,56.72
5834,"2024-02-08",1,紧急,148,39,2,56.91
5835,"2024-02-08",1,特急,156,24,0,45.52
5836,"2024-02-08",1,应急事件,135,13,5,31.53
5837,"2024-02-08",2,受理中,187,70,48,52.79
5838,"2024-02-08",2,办理中,175,33,7,13.46
5839,"2024-02-08",2,审核中,146,31,28,22.73
5840,"2024-02-08",2,待归档,82,21,10,48.83
5841,"2024-02-08",2,已回访,137,38,19,14.05
5842,"2024-02-09",1,一般,147,67,30,44.59
5843,"2024-02-09",1,紧急,102,21,6,46.09
5844,"2024-02-09",1,特急,99,18,8,50.88
5845,"2024-02-09",1,应急事件,158,30,21,39.21
5846,"2024-02-09",2,受理中,153,33,7,47.01
5847,"2024-02-09",2,办理中,167,66,13,37.17
5848,"2024-02-09",2,审核中,93,34,3,22.58
5849,"2024-02-09",2,待归档,161,40,7,31.77
5850,"2024-02-09",2,已回访,138,59,13,55.04
5851,"2024-02-10",1,一般,107,41,29,33.84
5852,"2024-02-10",1,紧急,130,35,14,48.15
5853,"2024-02-10",1,特急,113,20,1,13.45
5854,"2024-02-10",1,应急事件,183,37,7,13.39
5855,"2024-02-10",2,受理中,117,47,35,38.65
5856,"2024-02-10",2,办理中,173,78,59,10.19
5857,"2024-02-10",2,审核中,146,37,22,32.65
5858,"2024-02-10",2,待归档,159,58,29,43.26
5859,"2024-02-10",2,已回访,103,21,13,13.2
5860,"2024-02-11",1,一般,103,27,17,18.0
5861,"2024-02-11",1,紧急,115,42,28,39.65
5862,"2024-02-11",1,特急,119,15,10,55.99
5863,"2024-02-11",1,应急事件,164,46,20,45.58
5864,"2024-02-11",2,受理中,155,66,11,47.53
5865,"2024-02-11",2,办理中,200,38,22,32.4
5866,"2024-02-11",2,审核中,178,72,50,42.54
5867,"2024-02-11",2,待归档,159,32,3,42.55
5868,"2024-02-11",2,已回访,183,52,16,59.44
5869,"2024-02-12",1,一般,141,60,40,34.24
5870,"2024-02-12",1,紧急,135,64,61,45.9
5871,"2024-02-12",1,特急,159,10,8,28.17
5872,"2024-02-12",1,应急事件,168,40,28,36.73
5873,"2024-02-12",2,受理中,104,38,33,52.14
5874,"2024-02-12",2,办理中,197,16,6,35.91
5875,"2024-02-12",2,审核中,198,58,11,31.43
5876,"2024-02-12",2,待归档,162,21,10,18.2
5877,"2024-02-12",2,已回访,170,47,13,53.08
5878,"2024-02-13",1,一般,81,13,8,41.45
5879,"2024-02-13",1,紧急,181,57,22,42.51
5880,"2024-02-13",1,特急,88,23,18,42.62
5881,"2024-02-13",1,应急事件,143,47,0,12.11
5882,"2024-02-13",2,受理中,90,22,6,44.9
5883,"2024-02-13",2,办理中,186,52,39,55.97
5884,"2024-02-13",2,审核中,137,66,63,22.49
5885,"2024-02-13",2,待归档,139,62,53,24.14
5886,"2024-02-13",2,已回访,139,46,9,39.58
5887,"2024-02-14",1,一般,153,20,8,22.44
5888,"2024-02-14",1,紧急,127,47,32,13.57
5889,"2024-02-14",1,特急,85,10,5,28.96
5890,"2024-02-14",1,应急事件,83,40,31,19.72
5891,"2024-02-14",2,受理中,185,44,40,56.65
5892,"2024-02-14",2,办理中,116,52,45,37.25
5893,"2024-02-14",2,审核中,134,23,5,38.53
5894,"2024-02-14",2,待归档,195,30,26,19.45
5895,"2024-02-14",2,已回访,168,67,1,38.89
5896,"2024-02-15",1,一般,186,14,7,41.3
5897,"2024-02-15",1,紧急,133,56,12,32.88
5898,"2024-02-15",1,特急,188,57,16,34.91
5899,"2024-02-15",1,应急事件,160,67,25,39.58
5900,"2024-02-15",2,受理中,88,37,11,42.98
5901,"2024-02-15",2,办理中,193,68,52,10.06
5902,"2024-02-15",2,审核中,168,37,19,19.12
5903,"2024-02-15",2,待归档,165,57,30,39.75
5904,"2024-02-15",2,已回访,123,48,18,21.15
5905,"2024-02-16",1,一般,182,20,18,14.38
5906,"2024-02-16",1,紧急,197,91,36,59.45
5907,"2024-02-16",1,特急,111,11,2,12.37
5908,"2024-02-16",1,应急事件,101,36,2,34.65
5909,"2024-02-16",2,受理中,150,48,1,11.28
5910,"2024-02-16",2,办理中,179,71,14,55.13
5911,"2024-02-16",2,审核中,136,43,19,22.06
5912,"2024-02-16",2,待归档,144,42,16,40.29
5913,"2024-02-16",2,已回访,179,16,1,13.47
5914,"2024-02-17",1,一般,125,38,29,50.52
5915,"2024-02-17",1,紧急,81,27,21,40.24
5916,"2024-02-17",1,特急,86,17,5,22.2
5917,"2024-02-17",1,应急事件,165,65,26,30.1
5918,"2024-02-17",2,受理中,132,47,15,39.9
5919,"2024-02-17",2,办理中,157,60,48,14.7
5920,"2024-02-17",2,审核中,112,39,38,18.06
5921,"2024-02-17",2,待归档,139,66,20,53.15
5922,"2024-02-17",2,已回访,138,35,31,30.83
5923,"2024-02-18",1,一般,142,12,11,10.04
5924,"2024-02-18",1,紧急,150,17,9,30.4
5925,"2024-02-18",1,特急,143,44,4,16.45
5926,"2024-02-18",1,应急事件,146,40,36,50.16
5927,"2024-02-18",2,受理中,155,51,6,46.99
5928,"2024-02-18",2,办理中,112,16,5,51.08
5929,"2024-02-18",2,审核中,136,23,14,51.87
5930,"2024-02-18",2,待归档,119,47,34,57.59
5931,"2024-02-18",2,已回访,123,53,28,19.09
5932,"2024-02-19",1,一般,166,77,2,28.46
5933,"2024-02-19",1,紧急,138,27,9,51.4
5934,"2024-02-19",1,特急,186,91,14,16.96
5935,"2024-02-19",1,应急事件,83,11,0,52.46
5936,"2024-02-19",2,受理中,126,21,14,12.32
5937,"2024-02-19",2,办理中,134,47,34,11.32
5938,"2024-02-19",2,审核中,123,51,26,51.36
5939,"2024-02-19",2,待归档,186,83,77,32.24
5940,"2024-02-19",2,已回访,127,48,20,36.3
5941,"2024-02-20",1,一般,136,14,12,28.03
5942,"2024-02-20",1,紧急,167,73,45,10.95
5943,"2024-02-20",1,特急,163,42,3,34.3
5944,"2024-02-20",1,应急事件,88,22,21,23.72
5945,"2024-02-20",2,受理中,171,16,10,40.93
5946,"2024-02-20",2,办理中,151,45,41,14.9
5947,"2024-02-20",2,审核中,86,14,6,38.86
5948,"2024-02-20",2,待归档,95,44,13,41.07
5949,"2024-02-20",2,已回访,190,67,12,30.85
5950,"2024-02-21",1,一般,93,15,11,57.5
5951,"2024-02-21",1,紧急,134,38,25,35.52
5952,"2024-02-21",1,特急,174,61,28,20.62
5953,"2024-02-21",1,应急事件,196,89,53,48.02
5954,"2024-02-21",2,受理中,180,37,5,51.52
5955,"2024-02-21",2,办理中,168,25,19,44.31
5956,"2024-02-21",2,审核中,90,33,11,57.73
5957,"2024-02-21",2,待归档,129,59,24,10.37
5958,"2024-02-21",2,已回访,175,59,27,51.25
5959,"2024-02-22",1,一般,137,64,9,52.97
5960,"2024-02-22",1,紧急,199,48,20,27.85
5961,"2024-02-22",1,特急,191,43,8,20.06
5962,"2024-02-22",1,应急事件,89,23,16,15.96
5963,"2024-02-22",2,受理中,192,14,9,25.05
5964,"2024-02-22",2,办理中,196,49,17,58.51
5965,"2024-02-22",2,审核中,157,72,53,58.65
5966,"2024-02-22",2,待归档,86,34,17,29.3
5967,"2024-02-22",2,已回访,101,33,31,46.36
5968,"2024-02-23",1,一般,200,55,29,18.68
5969,"2024-02-23",1,紧急,146,27,7,52.88
5970,"2024-02-23",1,特急,193,80,58,30.11
5971,"2024-02-23",1,应急事件,123,10,3,59.42
5972,"2024-02-23",2,受理中,181,59,35,36.43
5973,"2024-02-23",2,办理中,108,18,6,53.18
5974,"2024-02-23",2,审核中,190,63,18,57.89
5975,"2024-02-23",2,待归档,163,71,62,53.51
5976,"2024-02-23",2,已回访,135,52,0,43.08
5977,"2024-02-24",1,一般,155,74,39,28.06
5978,"2024-02-24",1,紧急,91,20,6,46.26
5979,"2024-02-24",1,特急,173,11,10,39.39
5980,"2024-02-24",1,应急事件,121,28,16,34.56
5981,"2024-02-24",2,受理中,112,47,43,35.4
5982,"2024-02-24",2,办理中,197,82,60,48.32
5983,"2024-02-24",2,审核中,104,35,3,20.37
5984,"2024-02-24",2,待归档,158,32,19,44.47
5985,"2024-02-24",2,已回访,172,50,23,47.85
5986,"2024-02-25",1,一般,129,47,38,33.8
5987,"2024-02-25",1,紧急,191,41,15,15.36
5988,"2024-02-25",1,特急,114,45,31,34.22
5989,"2024-02-25",1,应急事件,147,61,16,24.42
5990,"2024-02-25",2,受理中,137,34,1,57.08
5991,"2024-02-25",2,办理中,160,10,1,46.15
5992,"2024-02-25",2,审核中,122,23,7,36.05
5993,"2024-02-25",2,待归档,164,79,5,18.06
5994,"2024-02-25",2,已回访,133,47,5,45.73
5995,"2024-02-26",1,一般,114,29,7,35.5
5996,"2024-02-26",1,紧急,84,25,2,28.76
5997,"2024-02-26",1,特急,117,41,39,23.58
5998,"2024-02-26",1,应急事件,182,79,2,14.29
5999,"2024-02-26",2,受理中,146,42,22,33.3
6000,"2024-02-26",2,办理中,142,14,9,11.4
6001,"2024-02-26",2,审核中,152,37,34,22.24
6002,"2024-02-26",2,待归档,161,55,27,43.17
6003,"2024-02-26",2,已回访,118,37,30,13.11
6004,"2024-02-27",1,一般,172,80,67,54.22
6005,"2024-02-27",1,紧急,99,31,29,53.18
6006,"2024-02-27",1,特急,104,51,19,16.21
6007,"2024-02-27",1,应急事件,175,30,28,27.23
6008,"2024-02-27",2,受理中,180,72,57,47.86
6009,"2024-02-27",2,办理中,187,56,37,38.39
6010,"2024-02-27",2,审核中,133,18,8,33.51
6011,"2024-02-27",2,待归档,102,45,22,47.0
6012,"2024-02-27",2,已回访,151,31,14,14.0
6013,"2024-02-28",1,一般,161,52,28,36.94
6014,"2024-02-28",1,紧急,152,31,24,44.39
6015,"2024-02-28",1,特急,86,39,13,49.16
6016,"2024-02-28",1,应急事件,198,62,22,20.99
6017,"2024-02-28",2,受理中,81,13,6,40.07
6018,"2024-02-28",2,办理中,191,68,0,24.22
6019,"2024-02-28",2,审核中,137,55,50,23.16
6020,"2024-02-28",2,待归档,186,29,24,47.74
6021,"2024-02-28",2,已回访,173,76,3,27.28
6022,"2024-02-29",1,一般,142,13,8,33.99
6023,"2024-02-29",1,紧急,146,39,28,45.98
6024,"2024-02-29",1,特急,191,84,12,24.36
6025,"2024-02-29",1,应急事件,80,30,4,57.15
6026,"2024-02-29",2,受理中,191,38,10,51.86
6027,"2024-02-29",2,办理中,190,43,0,37.61
6028,"2024-02-29",2,审核中,168,50,11,20.1
6029,"2024-02-29",2,待归档,184,23,3,16.81
6030,"2024-02-29",2,已回访,193,81,18,29.6
6031,"2024-03-01",1,一般,96,42,26,42.78
6032,"2024-03-01",1,紧急,174,43,11,21.65
6033,"2024-03-01",1,特急,109,51,27,55.7
6034,"2024-03-01",1,应急事件,97,28,3,35.16
6035,"2024-03-01",2,受理中,92,26,21,54.97
6036,"2024-03-01",2,办理中,116,14,9,32.77
6037,"2024-03-01",2,审核中,93,41,38,10.64
6038,"2024-03-01",2,待归档,91,26,2,55.37
6039,"2024-03-01",2,已回访,118,40,19,41.95
6040,"2024-03-02",1,一般,137,33,7,14.87
6041,"2024-03-02",1,紧急,198,16,13,29.8
6042,"2024-03-02",1,特急,143,15,4,27.28
6043,"2024-03-02",1,应急事件,84,28,16,31.82
6044,"2024-03-02",2,受理中,126,29,26,11.91
6045,"2024-03-02",2,办理中,135,14,2,50.37
6046,"2024-03-02",2,审核中,93,35,25,10.44
6047,"2024-03-02",2,待归档,137,50,45,55.6
6048,"2024-03-02",2,已回访,161,28,21,11.28
6049,"2024-03-03",1,一般,131,39,15,37.95
6050,"2024-03-03",1,紧急,172,60,0,57.17
6051,"2024-03-03",1,特急,179,44,26,12.07
6052,"2024-03-03",1,应急事件,87,34,26,24.75
6053,"2024-03-03",2,受理中,81,37,19,56.39
6054,"2024-03-03",2,办理中,81,34,10,48.54
6055,"2024-03-03",2,审核中,196,36,24,11.82
6056,"2024-03-03",2,待归档,141,54,20,23.9
6057,"2024-03-03",2,已回访,84,25,19,10.67
6058,"2024-03-04",1,一般,111,49,4,16.05
6059,"2024-03-04",1,紧急,91,15,6,13.21
6060,"2024-03-04",1,特急,148,47,11,37.64
6061,"2024-03-04",1,应急事件,148,23,20,37.64
6062,"2024-03-04",2,受理中,176,28,5,22.03
6063,"2024-03-04",2,办理中,185,88,29,21.37
6064,"2024-03-04",2,审核中,137,11,6,56.87
6065,"2024-03-04",2,待归档,135,42,25,21.47
6066,"2024-03-04",2,已回访,117,10,7,35.2
6067,"2024-03-05",1,一般,188,87,75,13.75
6068,"2024-03-05",1,紧急,119,24,21,16.65
6069,"2024-03-05",1,特急,94,44,21,27.02
6070,"2024-03-05",1,应急事件,126,57,50,31.63
6071,"2024-03-05",2,受理中,145,14,8,43.99
6072,"2024-03-05",2,办理中,162,14,0,34.01
6073,"2024-03-05",2,审核中,117,22,18,28.51
6074,"2024-03-05",2,待归档,160,71,33,18.6
6075,"2024-03-05",2,已回访,156,29,27,32.9
6076,"2024-03-06",1,一般,173,39,27,50.53
6077,"2024-03-06",1,紧急,195,48,28,12.7
6078,"2024-03-06",1,特急,90,34,23,42.49
6079,"2024-03-06",1,应急事件,147,71,4,20.43
6080,"2024-03-06",2,受理中,162,22,14,58.87
6081,"2024-03-06",2,办理中,84,14,11,39.28
6082,"2024-03-06",2,审核中,170,72,67,54.36
6083,"2024-03-06",2,待归档,175,17,9,31.8
6084,"2024-03-06",2,已回访,80,21,2,52.64
6085,"2024-03-07",1,一般,132,43,30,44.13
6086,"2024-03-07",1,紧急,174,60,12,20.68
6087,"2024-03-07",1,特急,188,25,12,36.46
6088,"2024-03-07",1,应急事件,146,37,18,30.2
6089,"2024-03-07",2,受理中,164,51,32,36.29
6090,"2024-03-07",2,办理中,163,72,69,32.96
6091,"2024-03-07",2,审核中,136,20,9,12.73
6092,"2024-03-07",2,待归档,197,27,0,45.92
6093,"2024-03-07",2,已回访,102,36,14,59.19
6094,"2024-03-08",1,一般,85,38,8,25.01
6095,"2024-03-08",1,紧急,119,49,4,33.48
6096,"2024-03-08",1,特急,172,84,35,57.08
6097,"2024-03-08",1,应急事件,142,31,14,57.21
6098,"2024-03-08",2,受理中,180,49,11,58.52
6099,"2024-03-08",2,办理中,191,50,24,14.64
6100,"2024-03-08",2,审核中,196,88,67,45.44
6101,"2024-03-08",2,待归档,196,41,38,51.93
6102,"2024-03-08",2,已回访,80,12,0,31.39
6103,"2024-03-09",1,一般,85,10,1,20.22
6104,"2024-03-09",1,紧急,194,89,37,52.05
6105,"2024-03-09",1,特急,184,66,20,52.57
6106,"2024-03-09",1,应急事件,184,24,21,28.75
6107,"2024-03-09",2,受理中,170,51,47,19.44
6108,"2024-03-09",2,办理中,172,67,64,54.46
6109,"2024-03-09",2,审核中,126,48,46,56.49
6110,"2024-03-09",2,待归档,175,46,42,55.52
6111,"2024-03-09",2,已回访,83,23,19,54.77
6112,"2024-03-10",1,一般,185,69,8,31.47
6113,"2024-03-10",1,紧急,182,16,0,41.08
6114,"2024-03-10",1,特急,128,25,2,16.9
6115,"2024-03-10",1,应急事件,113,35,12,22.76
6116,"2024-03-10",2,受理中,180,87,49,11.39
6117,"2024-03-10",2,办理中,115,51,48,41.87
6118,"2024-03-10",2,审核中,83,11,8,57.68
6119,"2024-03-10",2,待归档,182,26,5,16.58
6120,"2024-03-10",2,已回访,95,32,27,28.7
6121,"2024-03-11",1,一般,144,25,21,26.75
6122,"2024-03-11",1,紧急,150,25,19,30.25
6123,"2024-03-11",1,特急,118,15,8,17.23
6124,"2024-03-11",1,应急事件,155,10,7,52.46
6125,"2024-03-11",2,受理中,99,18,8,54.38
6126,"2024-03-11",2,办理中,99,42,34,15.18
6127,"2024-03-11",2,审核中,115,15,8,33.77
6128,"2024-03-11",2,待归档,117,23,4,28.16
6129,"2024-03-11",2,已回访,111,10,2,21.19
6130,"2024-03-12",1,一般,180,43,35,45.35
6131,"2024-03-12",1,紧急,103,20,10,14.91
6132,"2024-03-12",1,特急,82,19,4,58.1
6133,"2024-03-12",1,应急事件,178,12,9,42.29
6134,"2024-03-12",2,受理中,111,47,16,10.39
6135,"2024-03-12",2,办理中,128,36,2,24.61
6136,"2024-03-12",2,审核中,85,14,13,46.23
6137,"2024-03-12",2,待归档,121,18,9,44.38
6138,"2024-03-12",2,已回访,188,84,3,20.94
6139,"2024-03-13",1,一般,180,35,8,43.1
6140,"2024-03-13",1,紧急,145,36,10,37.64
6141,"2024-03-13",1,特急,85,19,12,55.56
6142,"2024-03-13",1,应急事件,111,51,3,23.36
6143,"2024-03-13",2,受理中,139,54,6,21.44
6144,"2024-03-13",2,办理中,108,17,16,56.11
6145,"2024-03-13",2,审核中,198,59,7,56.43
6146,"2024-03-13",2,待归档,110,13,7,50.16
6147,"2024-03-13",2,已回访,81,28,5,47.9
6148,"2024-03-14",1,一般,93,34,26,35.04
6149,"2024-03-14",1,紧急,179,26,21,55.62
6150,"2024-03-14",1,特急,147,54,45,33.71
6151,"2024-03-14",1,应急事件,83,15,7,30.03
6152,"2024-03-14",2,受理中,195,75,73,56.42
6153,"2024-03-14",2,办理中,139,49,36,25.38
6154,"2024-03-14",2,审核中,92,40,25,22.04
6155,"2024-03-14",2,待归档,146,27,14,55.62
6156,"2024-03-14",2,已回访,200,98,88,38.44
6157,"2024-03-15",1,一般,194,66,32,23.12
6158,"2024-03-15",1,紧急,198,27,18,45.29
6159,"2024-03-15",1,特急,189,18,2,38.97
6160,"2024-03-15",1,应急事件,144,27,7,11.61
6161,"2024-03-15",2,受理中,162,51,33,21.54
6162,"2024-03-15",2,办理中,136,36,4,43.74
6163,"2024-03-15",2,审核中,156,23,5,53.71
6164,"2024-03-15",2,待归档,123,38,14,58.74
6165,"2024-03-15",2,已回访,159,53,35,33.41
6166,"2024-03-16",1,一般,145,50,34,25.66
6167,"2024-03-16",1,紧急,105,15,6,54.63
6168,"2024-03-16",1,特急,182,33,25,27.15
6169,"2024-03-16",1,应急事件,181,49,1,25.02
6170,"2024-03-16",2,受理中,100,16,5,36.31
6171,"2024-03-16",2,办理中,183,42,30,43.95
6172,"2024-03-16",2,审核中,92,11,0,55.16
6173,"2024-03-16",2,待归档,119,49,2,24.66
6174,"2024-03-16",2,已回访,125,41,32,54.29
6175,"2024-03-17",1,一般,121,32,22,21.23
6176,"2024-03-17",1,紧急,152,39,19,47.21
6177,"2024-03-17",1,特急,184,89,35,49.89
6178,"2024-03-17",1,应急事件,158,41,30,30.39
6179,"2024-03-17",2,受理中,89,15,12,37.37
6180,"2024-03-17",2,办理中,147,69,35,18.69
6181,"2024-03-17",2,审核中,131,31,18,40.4
6182,"2024-03-17",2,待归档,97,10,9,12.21
6183,"2024-03-17",2,已回访,181,40,25,52.05
6184,"2024-03-18",1,一般,82,34,7,55.49
6185,"2024-03-18",1,紧急,154,51,33,11.52
6186,"2024-03-18",1,特急,105,18,15,43.96
6187,"2024-03-18",1,应急事件,169,32,1,15.42
6188,"2024-03-18",2,受理中,133,62,3,11.37
6189,"2024-03-18",2,办理中,152,64,55,52.92
6190,"2024-03-18",2,审核中,195,90,87,14.21
6191,"2024-03-18",2,待归档,194,70,24,11.84
6192,"2024-03-18",2,已回访,85,20,12,13.38
6193,"2024-03-19",1,一般,179,67,5,57.28
6194,"2024-03-19",1,紧急,181,77,38,14.54
6195,"2024-03-19",1,特急,139,13,4,48.11
6196,"2024-03-19",1,应急事件,141,66,21,55.74
6197,"2024-03-19",2,受理中,111,36,5,35.82
6198,"2024-03-19",2,办理中,197,95,27,15.45
6199,"2024-03-19",2,审核中,196,54,44,22.63
6200,"2024-03-19",2,待归档,92,28,24,25.79
6201,"2024-03-19",2,已回访,114,16,10,31.54
6202,"2024-03-20",1,一般,103,32,19,49.17
6203,"2024-03-20",1,紧急,179,28,25,34.75
6204,"2024-03-20",1,特急,141,69,53,52.38
6205,"2024-03-20",1,应急事件,80,26,15,46.99
6206,"2024-03-20",2,受理中,90,23,0,55.89
6207,"2024-03-20",2,办理中,98,12,5,37.62
6208,"2024-03-20",2,审核中,186,30,27,44.85
6209,"2024-03-20",2,待归档,92,43,15,16.53
6210,"2024-03-20",2,已回访,97,16,9,47.15
6211,"2024-03-21",1,一般,155,25,6,23.59
6212,"2024-03-21",1,紧急,175,68,15,52.88
6213,"2024-03-21",1,特急,92,44,26,52.19
6214,"2024-03-21",1,应急事件,153,48,39,45.83
6215,"2024-03-21",2,受理中,89,17,16,28.41
6216,"2024-03-21",2,办理中,175,74,51,30.34
6217,"2024-03-21",2,审核中,98,47,45,58.64
6218,"2024-03-21",2,待归档,130,26,14,37.77
6219,"2024-03-21",2,已回访,176,64,5,12.35
6220,"2024-03-22",1,一般,150,37,34,40.91
6221,"2024-03-22",1,紧急,113,11,1,36.77
6222,"2024-03-22",1,特急,153,11,5,57.13
6223,"2024-03-22",1,应急事件,97,10,9,45.15
6224,"2024-03-22",2,受理中,81,11,3,51.59
6225,"2024-03-22",2,办理中,179,18,9,18.61
6226,"2024-03-22",2,审核中,96,11,2,35.21
6227,"2024-03-22",2,待归档,161,48,38,39.71
6228,"2024-03-22",2,已回访,107,46,39,19.95
6229,"2024-03-23",1,一般,156,72,39,12.28
6230,"2024-03-23",1,紧急,172,23,5,58.39
6231,"2024-03-23",1,特急,92,16,13,44.85
6232,"2024-03-23",1,应急事件,117,12,10,10.65
6233,"2024-03-23",2,受理中,130,52,42,52.55
6234,"2024-03-23",2,办理中,107,21,5,32.95
6235,"2024-03-23",2,审核中,176,79,2,26.36
6236,"2024-03-23",2,待归档,123,43,21,35.68
6237,"2024-03-23",2,已回访,145,17,12,18.84
6238,"2024-03-24",1,一般,134,48,4,56.35
6239,"2024-03-24",1,紧急,136,24,0,58.26
6240,"2024-03-24",1,特急,142,57,34,41.31
6241,"2024-03-24",1,应急事件,82,24,16,34.03
6242,"2024-03-24",2,受理中,113,53,13,25.0
6243,"2024-03-24",2,办理中,147,34,32,24.25
6244,"2024-03-24",2,审核中,174,10,8,18.67
6245,"2024-03-24",2,待归档,80,11,3,44.71
6246,"2024-03-24",2,已回访,161,42,27,23.19
6247,"2024-03-25",1,一般,167,16,4,19.31
6248,"2024-03-25",1,紧急,136,35,3,34.87
6249,"2024-03-25",1,特急,108,52,2,32.51
6250,"2024-03-25",1,应急事件,185,63,39,37.61
6251,"2024-03-25",2,受理中,127,43,31,22.05
6252,"2024-03-25",2,办理中,137,47,28,16.83
6253,"2024-03-25",2,审核中,118,21,17,53.87
6254,"2024-03-25",2,待归档,84,29,4,22.84
6255,"2024-03-25",2,已回访,98,45,30,32.93
6256,"2024-03-26",1,一般,159,40,39,48.92
6257,"2024-03-26",1,紧急,118,37,11,41.32
6258,"2024-03-26",1,特急,184,35,18,20.2
6259,"2024-03-26",1,应急事件,184,57,31,59.77
6260,"2024-03-26",2,受理中,162,37,21,57.24
6261,"2024-03-26",2,办理中,83,16,3,42.05
6262,"2024-03-26",2,审核中,82,39,2,17.6
6263,"2024-03-26",2,待归档,180,75,10,55.01
6264,"2024-03-26",2,已回访,143,66,48,58.16
6265,"2024-03-27",1,一般,152,63,9,38.4
6266,"2024-03-27",1,紧急,145,21,2,41.17
6267,"2024-03-27",1,特急,127,49,9,56.53
6268,"2024-03-27",1,应急事件,150,46,4,51.49
6269,"2024-03-27",2,受理中,140,24,16,39.86
6270,"2024-03-27",2,办理中,124,35,26,41.92
6271,"2024-03-27",2,审核中,133,36,11,51.25
6272,"2024-03-27",2,待归档,183,68,33,49.9
6273,"2024-03-27",2,已回访,169,24,17,42.66
6274,"2024-03-28",1,一般,142,24,7,34.77
6275,"2024-03-28",1,紧急,82,24,3,27.16
6276,"2024-03-28",1,特急,177,65,10,18.67
6277,"2024-03-28",1,应急事件,142,24,6,37.12
6278,"2024-03-28",2,受理中,132,62,2,53.28
6279,"2024-03-28",2,办理中,121,28,15,48.13
6280,"2024-03-28",2,审核中,182,59,41,15.02
6281,"2024-03-28",2,待归档,97,22,18,53.26
6282,"2024-03-28",2,已回访,147,13,6,53.5
6283,"2024-03-29",1,一般,91,24,23,50.89
6284,"2024-03-29",1,紧急,118,31,28,37.22
6285,"2024-03-29",1,特急,129,47,34,45.33
6286,"2024-03-29",1,应急事件,159,70,51,56.24
6287,"2024-03-29",2,受理中,120,29,14,42.11
6288,"2024-03-29",2,办理中,191,29,6,18.37
6289,"2024-03-29",2,审核中,83,29,5,51.33
6290,"2024-03-29",2,待归档,118,22,1,18.72
6291,"2024-03-29",2,已回访,175,29,10,49.2
6292,"2024-03-30",1,一般,114,36,8,46.81
6293,"2024-03-30",1,紧急,193,54,16,53.74
6294,"2024-03-30",1,特急,168,11,3,13.34
6295,"2024-03-30",1,应急事件,95,33,20,56.77
6296,"2024-03-30",2,受理中,94,15,9,58.6
6297,"2024-03-30",2,办理中,188,86,77,40.65
6298,"2024-03-30",2,审核中,99,45,32,20.43
6299,"2024-03-30",2,待归档,125,54,19,10.81
6300,"2024-03-30",2,已回访,146,60,28,53.82
6301,"2024-03-31",1,一般,119,46,29,54.82
6302,"2024-03-31",1,紧急,123,11,6,48.36
6303,"2024-03-31",1,特急,177,55,39,10.96
6304,"2024-03-31",1,应急事件,153,64,34,37.67
6305,"2024-03-31",2,受理中,130,18,11,48.14
6306,"2024-03-31",2,办理中,183,47,42,54.63
6307,"2024-03-31",2,审核中,195,45,44,53.43
6308,"2024-03-31",2,待归档,185,66,39,17.27
6309,"2024-03-31",2,已回访,110,38,22,44.29
6310,"2024-04-01",1,一般,102,39,2,52.8
6311,"2024-04-01",1,紧急,171,10,4,12.2
6312,"2024-04-01",1,特急,82,23,10,41.75
6313,"2024-04-01",1,应急事件,178,35,12,47.3
6314,"2024-04-01",2,受理中,188,50,43,20.1
6315,"2024-04-01",2,办理中,161,19,14,44.1
6316,"2024-04-01",2,审核中,150,58,32,37.79
6317,"2024-04-01",2,待归档,82,33,31,49.61
6318,"2024-04-01",2,已回访,150,74,71,54.17
6319,"2024-04-02",1,一般,171,83,14,34.98
6320,"2024-04-02",1,紧急,194,56,40,40.8
6321,"2024-04-02",1,特急,164,52,18,56.58
6322,"2024-04-02",1,应急事件,123,35,5,50.56
6323,"2024-04-02",2,受理中,114,33,24,21.08
6324,"2024-04-02",2,办理中,170,24,14,17.34
6325,"2024-04-02",2,审核中,188,93,36,43.13
6326,"2024-04-02",2,待归档,135,40,25,41.73
6327,"2024-04-02",2,已回访,163,49,24,16.95
6328,"2024-04-03",1,一般,92,44,32,54.22
6329,"2024-04-03",1,紧急,83,38,12,41.07
6330,"2024-04-03",1,特急,197,54,17,40.06
6331,"2024-04-03",1,应急事件,87,36,17,21.93
6332,"2024-04-03",2,受理中,136,15,12,27.25
6333,"2024-04-03",2,办理中,138,53,14,11.08
6334,"2024-04-03",2,审核中,144,61,58,44.29
6335,"2024-04-03",2,待归档,164,80,67,31.3
6336,"2024-04-03",2,已回访,87,41,20,52.44
6337,"2024-04-04",1,一般,140,16,7,31.08
6338,"2024-04-04",1,紧急,181,23,20,25.56
6339,"2024-04-04",1,特急,81,12,10,30.93
6340,"2024-04-04",1,应急事件,184,22,17,24.41
6341,"2024-04-04",2,受理中,114,42,26,37.31
6342,"2024-04-04",2,办理中,81,31,8,20.66
6343,"2024-04-04",2,审核中,105,46,33,27.55
6344,"2024-04-04",2,待归档,98,21,1,58.57
6345,"2024-04-04",2,已回访,100,15,6,33.31
6346,"2024-04-05",1,一般,83,19,0,11.68
6347,"2024-04-05",1,紧急,106,40,38,50.28
6348,"2024-04-05",1,特急,88,41,7,29.11
6349,"2024-04-05",1,应急事件,198,40,32,27.28
6350,"2024-04-05",2,受理中,93,24,21,11.91
6351,"2024-04-05",2,办理中,176,53,26,25.23
6352,"2024-04-05",2,审核中,112,28,19,43.71
6353,"2024-04-05",2,待归档,191,92,39,40.51
6354,"2024-04-05",2,已回访,141,56,25,13.54
6355,"2024-04-06",1,一般,82,17,3,23.87
6356,"2024-04-06",1,紧急,182,13,10,41.56
6357,"2024-04-06",1,特急,174,71,23,16.7
6358,"2024-04-06",1,应急事件,90,21,4,47.78
6359,"2024-04-06",2,受理中,145,61,39,22.46
6360,"2024-04-06",2,办理中,85,26,6,41.76
6361,"2024-04-06",2,审核中,158,20,5,20.08
6362,"2024-04-06",2,待归档,105,46,18,13.66
6363,"2024-04-06",2,已回访,85,12,11,51.12
6364,"2024-04-07",1,一般,117,30,10,17.59
6365,"2024-04-07",1,紧急,196,87,76,17.42
6366,"2024-04-07",1,特急,115,53,51,18.48
6367,"2024-04-07",1,应急事件,173,25,5,25.92
6368,"2024-04-07",2,受理中,138,49,37,27.41
6369,"2024-04-07",2,办理中,107,48,37,36.79
6370,"2024-04-07",2,审核中,96,10,9,14.9
6371,"2024-04-07",2,待归档,155,54,51,27.04
6372,"2024-04-07",2,已回访,110,27,18,42.91
6373,"2024-04-08",1,一般,128,49,44,13.83
6374,"2024-04-08",1,紧急,188,81,50,48.62
6375,"2024-04-08",1,特急,171,66,35,44.22
6376,"2024-04-08",1,应急事件,178,32,26,15.47
6377,"2024-04-08",2,受理中,190,65,34,29.5
6378,"2024-04-08",2,办理中,117,42,21,39.37
6379,"2024-04-08",2,审核中,157,71,51,30.47
6380,"2024-04-08",2,待归档,122,55,6,10.31
6381,"2024-04-08",2,已回访,156,70,65,19.0
6382,"2024-04-09",1,一般,129,56,43,42.9
6383,"2024-04-09",1,紧急,82,17,14,54.75
6384,"2024-04-09",1,特急,166,62,25,18.68
6385,"2024-04-09",1,应急事件,198,78,41,41.24
6386,"2024-04-09",2,受理中,105,10,1,24.45
6387,"2024-04-09",2,办理中,115,20,10,54.1
6388,"2024-04-09",2,审核中,117,44,34,20.99
6389,"2024-04-09",2,待归档,81,16,12,36.91
6390,"2024-04-09",2,已回访,162,10,0,19.01
6391,"2024-04-10",1,一般,176,77,55,27.18
6392,"2024-04-10",1,紧急,120,48,6,12.75
6393,"2024-04-10",1,特急,85,25,21,33.5
6394,"2024-04-10",1,应急事件,90,42,32,55.42
6395,"2024-04-10",2,受理中,95,38,20,23.59
6396,"2024-04-10",2,办理中,170,35,24,10.52
6397,"2024-04-10",2,审核中,156,48,11,50.71
6398,"2024-04-10",2,待归档,87,28,9,47.04
6399,"2024-04-10",2,已回访,130,55,47,40.3
6400,"2024-04-11",1,一般,146,17,14,45.01
6401,"2024-04-11",1,紧急,99,32,21,50.53
6402,"2024-04-11",1,特急,170,41,25,54.93
6403,"2024-04-11",1,应急事件,105,40,38,49.1
6404,"2024-04-11",2,受理中,150,27,18,53.6
6405,"2024-04-11",2,办理中,146,38,6,57.32
6406,"2024-04-11",2,审核中,180,21,20,54.83
6407,"2024-04-11",2,待归档,197,21,11,14.97
6408,"2024-04-11",2,已回访,158,63,11,46.39
6409,"2024-04-12",1,一般,151,66,5,18.46
6410,"2024-04-12",1,紧急,177,12,4,20.54
6411,"2024-04-12",1,特急,102,36,18,56.27
6412,"2024-04-12",1,应急事件,168,28,6,51.17
6413,"2024-04-12",2,受理中,189,12,9,52.82
6414,"2024-04-12",2,办理中,147,38,20,49.72
6415,"2024-04-12",2,审核中,107,30,15,44.39
6416,"2024-04-12",2,待归档,170,62,4,59.72
6417,"2024-04-12",2,已回访,108,38,17,24.45
6418,"2024-04-13",1,一般,80,36,18,35.68
6419,"2024-04-13",1,紧急,152,69,2,13.89
6420,"2024-04-13",1,特急,102,47,3,31.91
6421,"2024-04-13",1,应急事件,84,40,2,32.77
6422,"2024-04-13",2,受理中,90,25,8,39.02
6423,"2024-04-13",2,办理中,100,40,0,30.4
6424,"2024-04-13",2,审核中,90,33,12,50.0
6425,"2024-04-13",2,待归档,132,43,20,23.27
6426,"2024-04-13",2,已回访,98,46,18,42.46
6427,"2024-04-14",1,一般,173,43,25,16.81
6428,"2024-04-14",1,紧急,167,39,28,54.99
6429,"2024-04-14",1,特急,191,72,57,53.22
6430,"2024-04-14",1,应急事件,150,21,6,24.78
6431,"2024-04-14",2,受理中,192,68,29,44.17
6432,"2024-04-14",2,办理中,195,43,1,54.06
6433,"2024-04-14",2,审核中,131,61,36,35.04
6434,"2024-04-14",2,待归档,129,17,15,29.47
6435,"2024-04-14",2,已回访,96,20,7,26.51
6436,"2024-04-15",1,一般,177,62,27,24.65
6437,"2024-04-15",1,紧急,132,53,25,27.67
6438,"2024-04-15",1,特急,147,40,4,50.02
6439,"2024-04-15",1,应急事件,147,16,8,43.68
6440,"2024-04-15",2,受理中,172,68,29,56.86
6441,"2024-04-15",2,办理中,83,34,23,52.63
6442,"2024-04-15",2,审核中,107,34,19,23.73
6443,"2024-04-15",2,待归档,152,66,52,27.31
6444,"2024-04-15",2,已回访,88,13,8,35.47
6445,"2024-04-16",1,一般,165,48,29,29.7
6446,"2024-04-16",1,紧急,172,84,21,27.2
6447,"2024-04-16",1,特急,149,66,16,25.71
6448,"2024-04-16",1,应急事件,181,42,11,51.61
6449,"2024-04-16",2,受理中,155,59,19,13.24
6450,"2024-04-16",2,办理中,169,15,6,11.68
6451,"2024-04-16",2,审核中,157,69,64,55.6
6452,"2024-04-16",2,待归档,101,17,15,40.52
6453,"2024-04-16",2,已回访,121,12,0,10.56
6454,"2024-04-17",1,一般,90,37,29,54.92
6455,"2024-04-17",1,紧急,165,60,33,47.99
6456,"2024-04-17",1,特急,168,42,30,43.08
6457,"2024-04-17",1,应急事件,102,19,10,51.17
6458,"2024-04-17",2,受理中,180,58,35,30.58
6459,"2024-04-17",2,办理中,97,27,11,10.91
6460,"2024-04-17",2,审核中,104,12,1,12.5
6461,"2024-04-17",2,待归档,135,20,16,45.46
6462,"2024-04-17",2,已回访,154,28,1,48.51
6463,"2024-04-18",1,一般,134,11,7,43.99
6464,"2024-04-18",1,紧急,153,10,3,19.74
6465,"2024-04-18",1,特急,133,49,5,20.31
6466,"2024-04-18",1,应急事件,82,24,10,53.2
6467,"2024-04-18",2,受理中,129,45,29,22.35
6468,"2024-04-18",2,办理中,194,23,14,54.79
6469,"2024-04-18",2,审核中,140,58,36,25.79
6470,"2024-04-18",2,待归档,200,45,41,13.07
6471,"2024-04-18",2,已回访,114,52,32,18.34
6472,"2024-04-19",1,一般,199,35,30,13.56
6473,"2024-04-19",1,紧急,161,10,5,56.65
6474,"2024-04-19",1,特急,191,69,4,21.45
6475,"2024-04-19",1,应急事件,190,48,14,59.8
6476,"2024-04-19",2,受理中,109,11,3,49.27
6477,"2024-04-19",2,办理中,176,32,19,16.33
6478,"2024-04-19",2,审核中,106,21,0,33.82
6479,"2024-04-19",2,待归档,81,10,3,56.94
6480,"2024-04-19",2,已回访,84,28,6,11.3
6481,"2024-04-20",1,一般,135,56,1,40.51
6482,"2024-04-20",1,紧急,154,33,5,19.09
6483,"2024-04-20",1,特急,80,13,11,35.0
6484,"2024-04-20",1,应急事件,176,13,5,46.76
6485,"2024-04-20",2,受理中,105,27,21,22.59
6486,"2024-04-20",2,办理中,179,31,4,41.39
6487,"2024-04-20",2,审核中,131,51,44,54.26
6488,"2024-04-20",2,待归档,195,68,46,29.51
6489,"2024-04-20",2,已回访,184,34,0,36.3
6490,"2024-04-21",1,一般,94,39,2,10.59
6491,"2024-04-21",1,紧急,192,62,41,14.34
6492,"2024-04-21",1,特急,142,21,13,27.3
6493,"2024-04-21",1,应急事件,139,35,34,42.48
6494,"2024-04-21",2,受理中,82,32,4,47.7
6495,"2024-04-21",2,办理中,166,52,15,33.9
6496,"2024-04-21",2,审核中,95,25,11,11.34
6497,"2024-04-21",2,待归档,194,37,1,21.4
6498,"2024-04-21",2,已回访,195,52,39,45.73
6499,"2024-04-22",1,一般,130,32,1,35.1
6500,"2024-04-22",1,紧急,109,31,11,36.77
6501,"2024-04-22",1,特急,89,10,2,56.33
6502,"2024-04-22",1,应急事件,173,80,67,34.41
6503,"2024-04-22",2,受理中,149,40,9,45.0
6504,"2024-04-22",2,办理中,165,38,19,13.21
6505,"2024-04-22",2,审核中,110,45,37,36.98
6506,"2024-04-22",2,待归档,87,30,26,18.78
6507,"2024-04-22",2,已回访,200,26,17,15.18
6508,"2024-04-23",1,一般,124,30,10,23.69
6509,"2024-04-23",1,紧急,134,10,5,36.3
6510,"2024-04-23",1,特急,134,21,19,48.66
6511,"2024-04-23",1,应急事件,149,51,14,33.72
6512,"2024-04-23",2,受理中,150,17,7,24.53
6513,"2024-04-23",2,办理中,81,31,12,49.99
6514,"2024-04-23",2,审核中,147,29,0,15.06
6515,"2024-04-23",2,待归档,183,45,7,46.74
6516,"2024-04-23",2,已回访,160,27,4,47.75
6517,"2024-04-24",1,一般,185,43,4,10.83
6518,"2024-04-24",1,紧急,111,46,16,29.05
6519,"2024-04-24",1,特急,181,33,6,30.69
6520,"2024-04-24",1,应急事件,90,41,9,16.83
6521,"2024-04-24",2,受理中,102,50,30,35.93
6522,"2024-04-24",2,办理中,149,27,7,42.13
6523,"2024-04-24",2,审核中,158,69,38,19.22
6524,"2024-04-24",2,待归档,177,65,31,46.27
6525,"2024-04-24",2,已回访,190,43,16,16.67
6526,"2024-04-25",1,一般,99,45,20,42.11
6527,"2024-04-25",1,紧急,123,60,36,44.85
6528,"2024-04-25",1,特急,183,48,12,30.54
6529,"2024-04-25",1,应急事件,80,25,1,37.34
6530,"2024-04-25",2,受理中,109,13,1,18.36
6531,"2024-04-25",2,办理中,130,28,17,22.14
6532,"2024-04-25",2,审核中,200,69,50,44.94
6533,"2024-04-25",2,待归档,98,24,13,50.43
6534,"2024-04-25",2,已回访,185,42,20,49.33
6535,"2024-04-26",1,一般,144,55,25,17.42
6536,"2024-04-26",1,紧急,162,68,46,14.52
6537,"2024-04-26",1,特急,190,87,25,20.73
6538,"2024-04-26",1,应急事件,151,53,52,24.09
6539,"2024-04-26",2,受理中,114,54,3,43.98
6540,"2024-04-26",2,办理中,108,33,28,41.88
6541,"2024-04-26",2,审核中,157,47,40,44.39
6542,"2024-04-26",2,待归档,197,28,23,32.7
6543,"2024-04-26",2,已回访,122,38,9,45.85
6544,"2024-04-27",1,一般,141,55,10,16.4
6545,"2024-04-27",1,紧急,165,71,63,42.22
6546,"2024-04-27",1,特急,189,27,2,27.95
6547,"2024-04-27",1,应急事件,101,16,2,11.09
6548,"2024-04-27",2,受理中,139,38,25,31.48
6549,"2024-04-27",2,办理中,149,67,59,45.27
6550,"2024-04-27",2,审核中,132,55,53,39.49
6551,"2024-04-27",2,待归档,173,66,7,52.99
6552,"2024-04-27",2,已回访,149,15,11,32.53
6553,"2024-04-28",1,一般,146,25,4,37.78
6554,"2024-04-28",1,紧急,118,29,21,30.5
6555,"2024-04-28",1,特急,89,14,5,30.64
6556,"2024-04-28",1,应急事件,110,12,9,26.4
6557,"2024-04-28",2,受理中,196,74,70,18.99
6558,"2024-04-28",2,办理中,152,29,0,17.79
6559,"2024-04-28",2,审核中,165,15,4,12.6
6560,"2024-04-28",2,待归档,153,32,24,50.81
6561,"2024-04-28",2,已回访,169,26,20,34.95
6562,"2024-04-29",1,一般,96,44,17,26.27
6563,"2024-04-29",1,紧急,124,30,29,52.08
6564,"2024-04-29",1,特急,134,52,22,12.54
6565,"2024-04-29",1,应急事件,136,62,30,28.36
6566,"2024-04-29",2,受理中,186,16,12,29.48
6567,"2024-04-29",2,办理中,102,23,11,24.01
6568,"2024-04-29",2,审核中,84,30,9,44.56
6569,"2024-04-29",2,待归档,181,51,27,26.85
6570,"2024-04-29",2,已回访,95,22,20,41.58
6571,"2024-04-30",1,一般,109,39,37,59.23
6572,"2024-04-30",1,紧急,169,15,12,54.54
6573,"2024-04-30",1,特急,177,37,21,24.69
6574,"2024-04-30",1,应急事件,114,54,13,54.38
6575,"2024-04-30",2,受理中,193,55,34,42.42
6576,"2024-04-30",2,办理中,93,33,22,33.93
6577,"2024-04-30",2,审核中,161,76,45,16.44
6578,"2024-04-30",2,待归档,97,45,33,54.88
6579,"2024-04-30",2,已回访,102,33,17,56.61
6580,"2024-05-01",1,一般,165,18,12,32.61
6581,"2024-05-01",1,紧急,133,62,18,13.17
6582,"2024-05-01",1,特急,189,17,1,28.69
6583,"2024-05-01",1,应急事件,155,36,5,27.21
6584,"2024-05-01",2,受理中,106,48,17,21.01
6585,"2024-05-01",2,办理中,115,35,25,46.49
6586,"2024-05-01",2,审核中,165,18,2,16.4
6587,"2024-05-01",2,待归档,88,15,13,22.03
6588,"2024-05-01",2,已回访,141,22,15,58.68
6589,"2024-05-02",1,一般,149,62,0,26.18
6590,"2024-05-02",1,紧急,106,47,38,18.38
6591,"2024-05-02",1,特急,119,24,7,37.25
6592,"2024-05-02",1,应急事件,171,15,14,59.72
6593,"2024-05-02",2,受理中,91,18,7,45.87
6594,"2024-05-02",2,办理中,131,34,7,45.45
6595,"2024-05-02",2,审核中,115,12,11,53.79
6596,"2024-05-02",2,待归档,125,18,8,34.24
6597,"2024-05-02",2,已回访,194,71,60,47.63
6598,"2024-05-03",1,一般,90,19,4,17.13
6599,"2024-05-03",1,紧急,116,17,10,54.53
6600,"2024-05-03",1,特急,110,41,37,10.48
6601,"2024-05-03",1,应急事件,137,61,25,31.18
6602,"2024-05-03",2,受理中,151,47,31,17.59
6603,"2024-05-03",2,办理中,149,35,26,56.74
6604,"2024-05-03",2,审核中,105,29,15,35.31
6605,"2024-05-03",2,待归档,85,24,23,37.87
6606,"2024-05-03",2,已回访,108,19,0,13.32
6607,"2024-05-04",1,一般,124,10,8,55.67
6608,"2024-05-04",1,紧急,187,12,7,44.12
6609,"2024-05-04",1,特急,173,71,30,29.58
6610,"2024-05-04",1,应急事件,85,27,9,48.95
6611,"2024-05-04",2,受理中,113,38,31,23.1
6612,"2024-05-04",2,办理中,195,20,16,56.48
6613,"2024-05-04",2,审核中,180,29,20,54.19
6614,"2024-05-04",2,待归档,97,18,4,55.12
6615,"2024-05-04",2,已回访,149,52,26,43.65
6616,"2024-05-05",1,一般,166,47,19,11.82
6617,"2024-05-05",1,紧急,147,50,24,23.92
6618,"2024-05-05",1,特急,161,75,59,24.85
6619,"2024-05-05",1,应急事件,147,31,25,50.46
6620,"2024-05-05",2,受理中,198,29,22,23.34
6621,"2024-05-05",2,办理中,84,22,5,39.68
6622,"2024-05-05",2,审核中,98,29,26,47.79
6623,"2024-05-05",2,待归档,162,48,21,42.06
6624,"2024-05-05",2,已回访,158,39,12,55.59
6625,"2024-05-06",1,一般,123,52,38,14.33
6626,"2024-05-06",1,紧急,135,16,6,41.89
6627,"2024-05-06",1,特急,153,34,29,36.43
6628,"2024-05-06",1,应急事件,171,65,60,14.17
6629,"2024-05-06",2,受理中,101,36,30,56.9
6630,"2024-05-06",2,办理中,158,66,35,44.93
6631,"2024-05-06",2,审核中,109,36,22,57.88
6632,"2024-05-06",2,待归档,115,37,26,24.32
6633,"2024-05-06",2,已回访,151,52,31,21.61
6634,"2024-05-07",1,一般,144,47,13,32.02
6635,"2024-05-07",1,紧急,186,41,21,35.49
6636,"2024-05-07",1,特急,161,57,46,42.29
6637,"2024-05-07",1,应急事件,134,57,14,16.9
6638,"2024-05-07",2,受理中,128,31,22,27.79
6639,"2024-05-07",2,办理中,171,47,20,54.25
6640,"2024-05-07",2,审核中,176,26,24,45.27
6641,"2024-05-07",2,待归档,119,36,3,35.99
6642,"2024-05-07",2,已回访,106,50,24,19.09
6643,"2024-05-08",1,一般,85,27,8,47.76
6644,"2024-05-08",1,紧急,102,10,3,19.85
6645,"2024-05-08",1,特急,87,33,27,14.87
6646,"2024-05-08",1,应急事件,98,36,32,20.72
6647,"2024-05-08",2,受理中,141,42,19,28.96
6648,"2024-05-08",2,办理中,120,21,9,35.11
6649,"2024-05-08",2,审核中,176,85,40,48.87
6650,"2024-05-08",2,待归档,127,47,9,11.85
6651,"2024-05-08",2,已回访,127,43,26,54.58
6652,"2024-05-09",1,一般,151,38,37,39.84
6653,"2024-05-09",1,紧急,119,35,2,32.16
6654,"2024-05-09",1,特急,138,10,8,42.16
6655,"2024-05-09",1,应急事件,100,38,12,51.55
6656,"2024-05-09",2,受理中,113,42,5,36.06
6657,"2024-05-09",2,办理中,131,61,44,51.27
6658,"2024-05-09",2,审核中,124,21,19,29.22
6659,"2024-05-09",2,待归档,108,49,5,12.16
6660,"2024-05-09",2,已回访,103,27,21,13.73
6661,"2024-05-10",1,一般,160,54,48,14.32
6662,"2024-05-10",1,紧急,192,59,11,15.38
6663,"2024-05-10",1,特急,87,15,5,44.97
6664,"2024-05-10",1,应急事件,98,23,20,56.89
6665,"2024-05-10",2,受理中,90,44,30,33.41
6666,"2024-05-10",2,办理中,122,12,10,13.51
6667,"2024-05-10",2,审核中,157,73,5,41.62
6668,"2024-05-10",2,待归档,156,34,24,37.66
6669,"2024-05-10",2,已回访,93,21,5,15.74
6670,"2024-05-11",1,一般,97,21,20,55.33
6671,"2024-05-11",1,紧急,97,12,6,48.34
6672,"2024-05-11",1,特急,186,39,37,51.3
6673,"2024-05-11",1,应急事件,91,25,10,53.52
6674,"2024-05-11",2,受理中,134,23,9,24.02
6675,"2024-05-11",2,办理中,193,14,5,50.78
6676,"2024-05-11",2,审核中,106,44,34,14.48
6677,"2024-05-11",2,待归档,93,28,17,55.7
6678,"2024-05-11",2,已回访,149,29,12,24.19
6679,"2024-05-12",1,一般,82,26,11,43.95
6680,"2024-05-12",1,紧急,126,59,20,34.31
6681,"2024-05-12",1,特急,156,19,3,59.91
6682,"2024-05-12",1,应急事件,119,34,23,20.14
6683,"2024-05-12",2,受理中,181,30,10,24.03
6684,"2024-05-12",2,办理中,81,11,7,31.87
6685,"2024-05-12",2,审核中,110,48,34,36.47
6686,"2024-05-12",2,待归档,159,46,5,25.9
6687,"2024-05-12",2,已回访,199,28,24,50.72
6688,"2024-05-13",1,一般,171,45,11,57.02
6689,"2024-05-13",1,紧急,132,18,13,33.83
6690,"2024-05-13",1,特急,110,21,8,17.5
6691,"2024-05-13",1,应急事件,141,16,15,59.18
6692,"2024-05-13",2,受理中,167,16,15,46.87
6693,"2024-05-13",2,办理中,169,76,55,37.51
6694,"2024-05-13",2,审核中,98,11,6,39.49
6695,"2024-05-13",2,待归档,165,25,8,32.0
6696,"2024-05-13",2,已回访,196,52,0,26.1
6697,"2024-05-14",1,一般,127,12,3,26.71
6698,"2024-05-14",1,紧急,196,82,49,50.03
6699,"2024-05-14",1,特急,120,22,5,19.79
6700,"2024-05-14",1,应急事件,108,47,29,28.14
6701,"2024-05-14",2,受理中,86,32,1,57.74
6702,"2024-05-14",2,办理中,174,47,23,54.53
6703,"2024-05-14",2,审核中,180,33,16,29.59
6704,"2024-05-14",2,待归档,130,12,1,33.99
6705,"2024-05-14",2,已回访,153,32,22,13.34
6706,"2024-05-15",1,一般,146,14,13,50.34
6707,"2024-05-15",1,紧急,154,48,24,25.22
6708,"2024-05-15",1,特急,177,39,21,10.97
6709,"2024-05-15",1,应急事件,160,43,40,13.12
6710,"2024-05-15",2,受理中,95,42,37,51.48
6711,"2024-05-15",2,办理中,196,66,31,35.36
6712,"2024-05-15",2,审核中,176,69,2,32.66
6713,"2024-05-15",2,待归档,160,21,2,42.24
6714,"2024-05-15",2,已回访,140,42,13,28.96
6715,"2024-05-16",1,一般,130,16,14,44.82
6716,"2024-05-16",1,紧急,161,49,4,31.99
6717,"2024-05-16",1,特急,189,14,5,21.53
6718,"2024-05-16",1,应急事件,80,11,9,17.7
6719,"2024-05-16",2,受理中,120,12,0,45.69
6720,"2024-05-16",2,办理中,135,64,56,31.54
6721,"2024-05-16",2,审核中,194,15,2,52.25
6722,"2024-05-16",2,待归档,197,93,16,39.58
6723,"2024-05-16",2,已回访,187,70,69,27.92
6724,"2024-05-17",1,一般,106,28,15,59.8
6725,"2024-05-17",1,紧急,148,73,29,15.75
6726,"2024-05-17",1,特急,80,23,1,57.45
6727,"2024-05-17",1,应急事件,134,65,44,24.21
6728,"2024-05-17",2,受理中,86,11,9,43.99
6729,"2024-05-17",2,办理中,164,80,35,43.9
6730,"2024-05-17",2,审核中,172,46,41,22.75
6731,"2024-05-17",2,待归档,103,23,5,12.87
6732,"2024-05-17",2,已回访,142,61,40,34.58
6733,"2024-05-18",1,一般,100,13,2,32.07
6734,"2024-05-18",1,紧急,180,20,5,45.18
6735,"2024-05-18",1,特急,195,28,4,42.82
6736,"2024-05-18",1,应急事件,113,46,37,23.34
6737,"2024-05-18",2,受理中,155,38,17,38.26
6738,"2024-05-18",2,办理中,137,15,2,14.03
6739,"2024-05-18",2,审核中,181,64,29,36.95
6740,"2024-05-18",2,待归档,89,35,34,32.48
6741,"2024-05-18",2,已回访,105,46,5,29.74
6742,"2024-05-19",1,一般,192,33,24,42.95
6743,"2024-05-19",1,紧急,166,22,12,46.43
6744,"2024-05-19",1,特急,194,59,14,50.54
6745,"2024-05-19",1,应急事件,177,70,40,55.0
6746,"2024-05-19",2,受理中,154,70,29,30.18
6747,"2024-05-19",2,办理中,130,55,36,23.87
6748,"2024-05-19",2,审核中,106,52,19,51.63
6749,"2024-05-19",2,待归档,99,44,38,38.27
6750,"2024-05-19",2,已回访,97,25,23,17.29
6751,"2024-05-20",1,一般,167,73,22,34.58
6752,"2024-05-20",1,紧急,86,27,2,14.78
6753,"2024-05-20",1,特急,137,12,11,10.77
6754,"2024-05-20",1,应急事件,195,70,42,50.21
6755,"2024-05-20",2,受理中,125,47,20,38.15
6756,"2024-05-20",2,办理中,128,11,0,21.2
6757,"2024-05-20",2,审核中,160,32,6,20.68
6758,"2024-05-20",2,待归档,118,52,24,42.99
6759,"2024-05-20",2,已回访,83,11,3,54.83
6760,"2024-05-21",1,一般,85,35,22,43.88
6761,"2024-05-21",1,紧急,91,16,15,53.57
6762,"2024-05-21",1,特急,143,58,15,11.97
6763,"2024-05-21",1,应急事件,127,18,9,30.01
6764,"2024-05-21",2,受理中,191,68,50,32.75
6765,"2024-05-21",2,办理中,188,70,50,40.87
6766,"2024-05-21",2,审核中,152,31,11,57.75
6767,"2024-05-21",2,待归档,181,24,16,29.42
6768,"2024-05-21",2,已回访,121,58,44,29.87
6769,"2024-05-22",1,一般,126,10,2,20.35
6770,"2024-05-22",1,紧急,199,71,39,52.85
6771,"2024-05-22",1,特急,103,42,13,43.49
6772,"2024-05-22",1,应急事件,143,23,9,23.88
6773,"2024-05-22",2,受理中,94,14,11,41.67
6774,"2024-05-22",2,办理中,83,17,14,38.94
6775,"2024-05-22",2,审核中,121,59,26,49.18
6776,"2024-05-22",2,待归档,183,82,11,43.35
6777,"2024-05-22",2,已回访,107,13,8,54.57
6778,"2024-05-23",1,一般,103,34,4,40.12
6779,"2024-05-23",1,紧急,115,21,13,12.31
6780,"2024-05-23",1,特急,200,56,37,33.08
6781,"2024-05-23",1,应急事件,92,27,5,36.9
6782,"2024-05-23",2,受理中,187,85,34,41.66
6783,"2024-05-23",2,办理中,192,78,3,37.06
6784,"2024-05-23",2,审核中,161,24,17,52.97
6785,"2024-05-23",2,待归档,126,47,4,31.46
6786,"2024-05-23",2,已回访,187,80,49,21.08
6787,"2024-05-24",1,一般,108,32,5,59.44
6788,"2024-05-24",1,紧急,122,14,6,52.79
6789,"2024-05-24",1,特急,151,37,1,15.68
6790,"2024-05-24",1,应急事件,164,10,1,53.29
6791,"2024-05-24",2,受理中,110,38,32,22.86
6792,"2024-05-24",2,办理中,103,35,25,53.33
6793,"2024-05-24",2,审核中,147,49,28,47.06
6794,"2024-05-24",2,待归档,98,33,9,36.82
6795,"2024-05-24",2,已回访,197,14,5,54.84
6796,"2024-05-25",1,一般,194,84,49,34.75
6797,"2024-05-25",1,紧急,135,33,6,18.81
6798,"2024-05-25",1,特急,141,18,9,24.47
6799,"2024-05-25",1,应急事件,118,44,22,15.63
6800,"2024-05-25",2,受理中,100,15,13,23.99
6801,"2024-05-25",2,办理中,170,13,1,55.01
6802,"2024-05-25",2,审核中,134,34,27,59.58
6803,"2024-05-25",2,待归档,128,42,29,27.82
6804,"2024-05-25",2,已回访,180,85,61,46.27
6805,"2024-05-26",1,一般,174,78,37,43.3
6806,"2024-05-26",1,紧急,102,36,28,39.33
6807,"2024-05-26",1,特急,96,15,12,14.72
6808,"2024-05-26",1,应急事件,131,38,6,21.12
6809,"2024-05-26",2,受理中,83,18,14,15.02
6810,"2024-05-26",2,办理中,130,53,36,43.38
6811,"2024-05-26",2,审核中,178,37,36,27.09
6812,"2024-05-26",2,待归档,80,18,0,30.03
6813,"2024-05-26",2,已回访,194,22,5,24.56
6814,"2024-05-27",1,一般,110,36,15,53.91
6815,"2024-05-27",1,紧急,170,25,16,18.38
6816,"2024-05-27",1,特急,185,42,4,37.92
6817,"2024-05-27",1,应急事件,181,29,27,54.75
6818,"2024-05-27",2,受理中,121,38,5,49.0
6819,"2024-05-27",2,办理中,100,21,16,25.97
6820,"2024-05-27",2,审核中,115,37,32,13.17
6821,"2024-05-27",2,待归档,163,73,63,54.68
6822,"2024-05-27",2,已回访,180,65,13,22.04
6823,"2024-05-28",1,一般,131,49,20,35.47
6824,"2024-05-28",1,紧急,131,62,42,20.0
6825,"2024-05-28",1,特急,180,83,16,28.22
6826,"2024-05-28",1,应急事件,156,41,11,13.67
6827,"2024-05-28",2,受理中,82,15,13,47.68
6828,"2024-05-28",2,办理中,120,14,13,51.0
6829,"2024-05-28",2,审核中,181,65,15,19.77
6830,"2024-05-28",2,待归档,182,32,29,33.76
6831,"2024-05-28",2,已回访,160,57,8,11.02
6832,"2024-05-29",1,一般,84,36,8,47.62
6833,"2024-05-29",1,紧急,165,71,47,48.25
6834,"2024-05-29",1,特急,167,36,13,56.13
6835,"2024-05-29",1,应急事件,137,45,25,31.58
6836,"2024-05-29",2,受理中,94,19,16,19.69
6837,"2024-05-29",2,办理中,112,42,0,55.71
6838,"2024-05-29",2,审核中,175,57,41,58.96
6839,"2024-05-29",2,待归档,119,56,22,32.18
6840,"2024-05-29",2,已回访,165,10,0,25.97
6841,"2024-05-30",1,一般,137,33,9,59.42
6842,"2024-05-30",1,紧急,85,23,1,36.17
6843,"2024-05-30",1,特急,102,46,6,15.36
6844,"2024-05-30",1,应急事件,138,53,8,47.43
6845,"2024-05-30",2,受理中,99,31,27,16.31
6846,"2024-05-30",2,办理中,113,17,5,47.42
6847,"2024-05-30",2,审核中,146,40,1,45.32
6848,"2024-05-30",2,待归档,94,13,9,50.53
6849,"2024-05-30",2,已回访,101,24,12,16.26
6850,"2024-05-31",1,一般,92,16,1,30.11
6851,"2024-05-31",1,紧急,82,17,14,30.51
6852,"2024-05-31",1,特急,127,60,31,43.48
6853,"2024-05-31",1,应急事件,123,27,25,33.91
6854,"2024-05-31",2,受理中,173,67,7,11.58
6855,"2024-05-31",2,办理中,121,49,13,26.63
6856,"2024-05-31",2,审核中,119,34,29,38.88
6857,"2024-05-31",2,待归档,160,20,19,25.84
6858,"2024-05-31",2,已回访,113,28,26,52.54
6859,"2024-06-01",1,一般,154,73,19,28.31
6860,"2024-06-01",1,紧急,154,30,23,35.55
6861,"2024-06-01",1,特急,110,16,5,36.17
6862,"2024-06-01",1,应急事件,165,59,6,11.08
6863,"2024-06-01",2,受理中,80,10,5,11.4
6864,"2024-06-01",2,办理中,187,32,21,58.97
6865,"2024-06-01",2,审核中,108,52,4,56.51
6866,"2024-06-01",2,待归档,183,31,8,16.11
6867,"2024-06-01",2,已回访,175,36,24,11.53
6868,"2024-06-02",1,一般,159,70,58,54.62
6869,"2024-06-02",1,紧急,116,47,34,19.93
6870,"2024-06-02",1,特急,188,91,4,22.13
6871,"2024-06-02",1,应急事件,151,22,13,52.99
6872,"2024-06-02",2,受理中,121,26,12,52.49
6873,"2024-06-02",2,办理中,83,12,5,48.18
6874,"2024-06-02",2,审核中,94,44,1,47.31
6875,"2024-06-02",2,待归档,152,29,12,32.43
6876,"2024-06-02",2,已回访,87,35,3,30.3
6877,"2024-06-03",1,一般,93,12,8,50.99
6878,"2024-06-03",1,紧急,116,29,21,27.97
6879,"2024-06-03",1,特急,134,34,32,44.91
6880,"2024-06-03",1,应急事件,95,23,2,32.04
6881,"2024-06-03",2,受理中,148,52,24,43.33
6882,"2024-06-03",2,办理中,159,52,19,35.19
6883,"2024-06-03",2,审核中,89,31,9,43.93
6884,"2024-06-03",2,待归档,87,40,24,32.94
6885,"2024-06-03",2,已回访,91,20,16,14.68
6886,"2024-06-04",1,一般,126,45,33,44.16
6887,"2024-06-04",1,紧急,170,29,5,17.81
6888,"2024-06-04",1,特急,143,46,17,12.38
6889,"2024-06-04",1,应急事件,155,12,11,31.5
6890,"2024-06-04",2,受理中,171,52,13,54.1
6891,"2024-06-04",2,办理中,153,14,3,32.21
6892,"2024-06-04",2,审核中,190,15,14,40.85
6893,"2024-06-04",2,待归档,186,31,29,22.02
6894,"2024-06-04",2,已回访,122,56,19,40.92
6895,"2024-06-05",1,一般,101,42,32,55.73
6896,"2024-06-05",1,紧急,181,29,6,13.47
6897,"2024-06-05",1,特急,132,42,15,45.61
6898,"2024-06-05",1,应急事件,128,40,14,25.1
6899,"2024-06-05",2,受理中,111,13,6,20.89
6900,"2024-06-05",2,办理中,89,32,29,43.26
6901,"2024-06-05",2,审核中,114,33,23,11.26
6902,"2024-06-05",2,待归档,173,69,19,12.58
6903,"2024-06-05",2,已回访,178,66,45,54.23
6904,"2024-06-06",1,一般,93,42,6,48.05
6905,"2024-06-06",1,紧急,166,35,24,30.91
6906,"2024-06-06",1,特急,129,49,33,38.71
6907,"2024-06-06",1,应急事件,199,25,16,56.08
6908,"2024-06-06",2,受理中,128,35,33,52.49
6909,"2024-06-06",2,办理中,155,18,1,39.79
6910,"2024-06-06",2,审核中,148,39,8,49.65
6911,"2024-06-06",2,待归档,126,38,5,41.33
6912,"2024-06-06",2,已回访,187,75,65,51.69
6913,"2024-06-07",1,一般,176,86,56,39.29
6914,"2024-06-07",1,紧急,106,19,4,30.55
6915,"2024-06-07",1,特急,115,42,30,24.46
6916,"2024-06-07",1,应急事件,158,73,62,49.86
6917,"2024-06-07",2,受理中,147,29,8,31.17
6918,"2024-06-07",2,办理中,189,76,39,39.74
6919,"2024-06-07",2,审核中,167,61,60,57.43
6920,"2024-06-07",2,待归档,139,36,3,24.66
6921,"2024-06-07",2,已回访,193,85,24,43.01
6922,"2024-06-08",1,一般,113,24,12,53.69
6923,"2024-06-08",1,紧急,187,63,7,46.69
6924,"2024-06-08",1,特急,85,34,15,51.93
6925,"2024-06-08",1,应急事件,138,10,1,37.15
6926,"2024-06-08",2,受理中,140,65,55,18.46
6927,"2024-06-08",2,办理中,100,48,29,15.1
6928,"2024-06-08",2,审核中,170,32,20,50.48
6929,"2024-06-08",2,待归档,161,17,0,14.05
6930,"2024-06-08",2,已回访,175,72,8,30.25
6931,"2024-06-09",1,一般,145,53,22,37.48
6932,"2024-06-09",1,紧急,93,38,31,24.99
6933,"2024-06-09",1,特急,90,42,31,39.67
6934,"2024-06-09",1,应急事件,114,21,3,46.95
6935,"2024-06-09",2,受理中,162,71,28,23.82
6936,"2024-06-09",2,办理中,194,16,8,55.85
6937,"2024-06-09",2,审核中,194,19,8,41.8
6938,"2024-06-09",2,待归档,164,71,36,24.52
6939,"2024-06-09",2,已回访,128,38,36,41.63
6940,"2024-06-10",1,一般,140,61,19,16.83
6941,"2024-06-10",1,紧急,109,24,15,20.62
6942,"2024-06-10",1,特急,128,19,0,42.97
6943,"2024-06-10",1,应急事件,139,68,46,41.79
6944,"2024-06-10",2,受理中,195,96,14,28.84
6945,"2024-06-10",2,办理中,134,16,14,41.04
6946,"2024-06-10",2,审核中,176,23,6,20.96
6947,"2024-06-10",2,待归档,188,25,21,59.16
6948,"2024-06-10",2,已回访,125,30,20,46.29
6949,"2024-06-11",1,一般,112,54,27,15.87
6950,"2024-06-11",1,紧急,142,21,9,22.47
6951,"2024-06-11",1,特急,95,26,17,32.29
6952,"2024-06-11",1,应急事件,107,34,33,49.62
6953,"2024-06-11",2,受理中,181,74,3,51.34
6954,"2024-06-11",2,办理中,154,55,52,53.11
6955,"2024-06-11",2,审核中,133,14,9,22.83
6956,"2024-06-11",2,待归档,95,29,12,14.24
6957,"2024-06-11",2,已回访,139,22,8,30.47
6958,"2024-06-12",1,一般,101,34,11,18.23
6959,"2024-06-12",1,紧急,198,73,33,14.41
6960,"2024-06-12",1,特急,135,30,13,45.51
6961,"2024-06-12",1,应急事件,185,90,41,21.17
6962,"2024-06-12",2,受理中,80,16,6,11.61
6963,"2024-06-12",2,办理中,88,16,2,20.56
6964,"2024-06-12",2,审核中,195,70,19,30.63
6965,"2024-06-12",2,待归档,116,23,9,11.67
6966,"2024-06-12",2,已回访,173,54,39,48.75
6967,"2024-06-13",1,一般,94,10,5,22.51
6968,"2024-06-13",1,紧急,93,20,7,56.8
6969,"2024-06-13",1,特急,161,79,78,55.44
6970,"2024-06-13",1,应急事件,124,13,2,24.65
6971,"2024-06-13",2,受理中,85,33,20,35.13
6972,"2024-06-13",2,办理中,124,36,20,28.93
6973,"2024-06-13",2,审核中,97,36,28,58.62
6974,"2024-06-13",2,待归档,95,31,25,15.74
6975,"2024-06-13",2,已回访,141,37,6,47.29
6976,"2024-06-14",1,一般,148,62,3,27.22
6977,"2024-06-14",1,紧急,121,19,2,21.59
6978,"2024-06-14",1,特急,134,36,8,37.63
6979,"2024-06-14",1,应急事件,92,16,4,56.07
6980,"2024-06-14",2,受理中,103,39,36,45.73
6981,"2024-06-14",2,办理中,94,42,28,19.65
6982,"2024-06-14",2,审核中,169,32,13,59.32
6983,"2024-06-14",2,待归档,162,36,7,35.19
6984,"2024-06-14",2,已回访,101,17,15,22.59
6985,"2024-06-15",1,一般,188,30,0,22.89
6986,"2024-06-15",1,紧急,162,34,29,27.97
6987,"2024-06-15",1,特急,199,18,3,35.85
6988,"2024-06-15",1,应急事件,126,31,28,37.75
6989,"2024-06-15",2,受理中,190,55,47,56.76
6990,"2024-06-15",2,办理中,83,12,0,27.79
6991,"2024-06-15",2,审核中,186,47,30,41.21
6992,"2024-06-15",2,待归档,80,23,14,18.14
6993,"2024-06-15",2,已回访,97,27,0,54.7
6994,"2024-06-16",1,一般,188,14,10,11.05
6995,"2024-06-16",1,紧急,105,43,35,45.61
6996,"2024-06-16",1,特急,111,50,2,55.52
6997,"2024-06-16",1,应急事件,172,48,32,52.49
6998,"2024-06-16",2,受理中,118,19,10,26.65
6999,"2024-06-16",2,办理中,142,69,7,34.13
7000,"2024-06-16",2,审核中,185,25,5,38.67
7001,"2024-06-16",2,待归档,147,43,11,59.33
7002,"2024-06-16",2,已回访,186,68,54,50.5
7003,"2024-06-17",1,一般,96,18,7,40.75
7004,"2024-06-17",1,紧急,148,68,58,44.17
7005,"2024-06-17",1,特急,181,23,8,35.68
7006,"2024-06-17",1,应急事件,184,80,72,49.45
7007,"2024-06-17",2,受理中,161,49,0,37.03
7008,"2024-06-17",2,办理中,148,57,10,24.82
7009,"2024-06-17",2,审核中,176,33,0,22.05
7010,"2024-06-17",2,待归档,196,83,68,55.69
7011,"2024-06-17",2,已回访,184,74,15,44.13
7012,"2024-06-18",1,一般,164,64,31,25.3
7013,"2024-06-18",1,紧急,151,13,3,56.05
7014,"2024-06-18",1,特急,159,48,40,14.49
7015,"2024-06-18",1,应急事件,140,63,52,14.38
7016,"2024-06-18",2,受理中,80,19,4,31.7
7017,"2024-06-18",2,办理中,154,66,45,42.02
7018,"2024-06-18",2,审核中,101,42,4,41.67
7019,"2024-06-18",2,待归档,120,53,11,53.26
7020,"2024-06-18",2,已回访,175,63,19,26.94
7021,"2024-06-19",1,一般,112,10,4,23.24
7022,"2024-06-19",1,紧急,159,21,7,49.91
7023,"2024-06-19",1,特急,84,34,29,39.59
7024,"2024-06-19",1,应急事件,195,70,61,21.87
7025,"2024-06-19",2,受理中,124,55,36,35.5
7026,"2024-06-19",2,办理中,113,30,25,32.27
7027,"2024-06-19",2,审核中,187,16,5,35.25
7028,"2024-06-19",2,待归档,82,32,12,19.74
7029,"2024-06-19",2,已回访,128,32,31,35.59
7030,"2024-06-20",1,一般,81,33,14,42.18
7031,"2024-06-20",1,紧急,111,15,8,48.17
7032,"2024-06-20",1,特急,141,12,1,53.43
7033,"2024-06-20",1,应急事件,128,15,9,48.9
7034,"2024-06-20",2,受理中,83,35,25,36.75
7035,"2024-06-20",2,办理中,149,47,32,23.01
7036,"2024-06-20",2,审核中,163,69,23,17.85
7037,"2024-06-20",2,待归档,167,40,11,42.34
7038,"2024-06-20",2,已回访,142,19,15,53.37
7039,"2024-06-21",1,一般,141,14,8,47.61
7040,"2024-06-21",1,紧急,128,22,20,25.36
7041,"2024-06-21",1,特急,193,64,8,16.38
7042,"2024-06-21",1,应急事件,164,52,36,33.6
7043,"2024-06-21",2,受理中,172,37,13,56.29
7044,"2024-06-21",2,办理中,171,49,30,33.3
7045,"2024-06-21",2,审核中,186,47,1,18.53
7046,"2024-06-21",2,待归档,128,46,15,59.11
7047,"2024-06-21",2,已回访,182,21,17,21.02
7048,"2024-06-22",1,一般,185,45,13,41.11
7049,"2024-06-22",1,紧急,119,23,21,26.05
7050,"2024-06-22",1,特急,132,47,1,44.26
7051,"2024-06-22",1,应急事件,177,60,31,27.81
7052,"2024-06-22",2,受理中,172,13,0,27.11
7053,"2024-06-22",2,办理中,126,25,10,43.19
7054,"2024-06-22",2,审核中,160,40,39,43.56
7055,"2024-06-22",2,待归档,133,42,12,23.16
7056,"2024-06-22",2,已回访,142,23,6,23.61
7057,"2024-06-23",1,一般,177,86,5,36.97
7058,"2024-06-23",1,紧急,175,60,38,51.82
7059,"2024-06-23",1,特急,105,28,13,29.58
7060,"2024-06-23",1,应急事件,134,42,36,11.99
7061,"2024-06-23",2,受理中,182,71,47,57.76
7062,"2024-06-23",2,办理中,183,40,17,25.74
7063,"2024-06-23",2,审核中,92,22,0,36.81
7064,"2024-06-23",2,待归档,143,47,21,24.89
7065,"2024-06-23",2,已回访,171,51,46,40.93
7066,"2024-06-24",1,一般,123,49,20,38.15
7067,"2024-06-24",1,紧急,83,27,7,27.47
7068,"2024-06-24",1,特急,109,23,7,18.61
7069,"2024-06-24",1,应急事件,182,67,34,23.26
7070,"2024-06-24",2,受理中,149,52,1,41.72
7071,"2024-06-24",2,办理中,147,59,36,31.03
7072,"2024-06-24",2,审核中,119,35,21,47.95
7073,"2024-06-24",2,待归档,168,77,24,17.51
7074,"2024-06-24",2,已回访,186,88,17,45.55
7075,"2024-06-25",1,一般,118,14,0,28.75
7076,"2024-06-25",1,紧急,95,30,11,10.25
7077,"2024-06-25",1,特急,124,30,9,12.83
7078,"2024-06-25",1,应急事件,162,66,32,16.61
7079,"2024-06-25",2,受理中,154,70,0,42.93
7080,"2024-06-25",2,办理中,159,41,13,40.31
7081,"2024-06-25",2,审核中,200,89,15,51.05
7082,"2024-06-25",2,待归档,120,46,25,28.04
7083,"2024-06-25",2,已回访,176,12,10,16.26
7084,"2024-06-26",1,一般,89,17,5,18.93
7085,"2024-06-26",1,紧急,155,14,11,45.63
7086,"2024-06-26",1,特急,113,52,15,24.37
7087,"2024-06-26",1,应急事件,188,69,55,53.5
7088,"2024-06-26",2,受理中,131,34,24,16.61
7089,"2024-06-26",2,办理中,113,14,8,29.82
7090,"2024-06-26",2,审核中,85,11,10,57.09
7091,"2024-06-26",2,待归档,159,60,0,36.0
7092,"2024-06-26",2,已回访,187,12,3,37.89
7093,"2024-06-27",1,一般,91,21,1,51.16
7094,"2024-06-27",1,紧急,192,54,31,47.23
7095,"2024-06-27",1,特急,104,23,8,11.66
7096,"2024-06-27",1,应急事件,153,53,20,16.12
7097,"2024-06-27",2,受理中,117,30,25,33.29
7098,"2024-06-27",2,办理中,173,61,7,22.07
7099,"2024-06-27",2,审核中,187,27,9,52.23
7100,"2024-06-27",2,待归档,179,31,28,49.32
7101,"2024-06-27",2,已回访,160,78,3,22.58
7102,"2024-06-28",1,一般,177,31,16,49.78
7103,"2024-06-28",1,紧急,189,63,9,11.35
7104,"2024-06-28",1,特急,163,55,38,48.07
7105,"2024-06-28",1,应急事件,123,13,12,51.27
7106,"2024-06-28",2,受理中,135,56,29,30.76
7107,"2024-06-28",2,办理中,94,32,15,44.5
7108,"2024-06-28",2,审核中,101,49,3,40.8
7109,"2024-06-28",2,待归档,155,38,14,30.52
7110,"2024-06-28",2,已回访,145,29,2,13.99
7111,"2024-06-29",1,一般,81,26,16,40.57
7112,"2024-06-29",1,紧急,118,43,15,56.86
7113,"2024-06-29",1,特急,172,32,5,21.67
7114,"2024-06-29",1,应急事件,194,21,20,37.51
7115,"2024-06-29",2,受理中,121,29,27,47.99
7116,"2024-06-29",2,办理中,168,29,17,37.17
7117,"2024-06-29",2,审核中,119,17,4,31.48
7118,"2024-06-29",2,待归档,124,46,27,50.91
7119,"2024-06-29",2,已回访,140,60,32,12.01
7120,"2024-06-30",1,一般,174,21,6,11.05
7121,"2024-06-30",1,紧急,181,10,5,38.75
7122,"2024-06-30",1,特急,194,61,59,48.35
7123,"2024-06-30",1,应急事件,81,38,35,45.38
7124,"2024-06-30",2,受理中,174,62,11,53.59
7125,"2024-06-30",2,办理中,163,28,7,47.18
7126,"2024-06-30",2,审核中,198,68,7,50.05
7127,"2024-06-30",2,待归档,169,19,9,32.33
7128,"2024-06-30",2,已回访,134,39,34,35.22
7129,"2024-07-01",1,一般,124,25,23,55.53
7130,"2024-07-01",1,紧急,198,42,3,28.0
7131,"2024-07-01",1,特急,156,24,21,57.75
7132,"2024-07-01",1,应急事件,157,71,6,46.44
7133,"2024-07-01",2,受理中,187,56,32,26.52
7134,"2024-07-01",2,办理中,199,59,4,45.17
7135,"2024-07-01",2,审核中,134,35,21,39.02
7136,"2024-07-01",2,待归档,177,36,35,50.5
7137,"2024-07-01",2,已回访,98,13,12,46.98
7138,"2024-07-02",1,一般,143,36,28,42.88
7139,"2024-07-02",1,紧急,112,41,31,23.27
7140,"2024-07-02",1,特急,177,73,63,24.56
7141,"2024-07-02",1,应急事件,161,30,10,32.34
7142,"2024-07-02",2,受理中,140,34,32,45.22
7143,"2024-07-02",2,办理中,102,28,9,51.54
7144,"2024-07-02",2,审核中,181,46,25,33.57
7145,"2024-07-02",2,待归档,87,24,15,51.5
7146,"2024-07-02",2,已回访,103,28,13,20.83
7147,"2024-07-03",1,一般,104,22,19,16.69
7148,"2024-07-03",1,紧急,155,47,26,53.15
7149,"2024-07-03",1,特急,108,23,15,57.06
7150,"2024-07-03",1,应急事件,161,49,33,55.74
7151,"2024-07-03",2,受理中,176,62,2,26.98
7152,"2024-07-03",2,办理中,196,24,5,50.85
7153,"2024-07-03",2,审核中,86,39,34,27.93
7154,"2024-07-03",2,待归档,90,23,22,49.08
7155,"2024-07-03",2,已回访,115,12,3,13.18
7156,"2024-07-04",1,一般,179,23,1,45.78
7157,"2024-07-04",1,紧急,179,80,24,13.75
7158,"2024-07-04",1,特急,176,69,16,33.27
7159,"2024-07-04",1,应急事件,165,36,22,18.22
7160,"2024-07-04",2,受理中,197,46,26,27.69
7161,"2024-07-04",2,办理中,132,27,25,35.22
7162,"2024-07-04",2,审核中,191,12,9,24.3
7163,"2024-07-04",2,待归档,172,47,18,49.55
7164,"2024-07-04",2,已回访,140,15,13,16.49
7165,"2024-07-05",1,一般,187,18,3,31.94
7166,"2024-07-05",1,紧急,148,17,11,40.74
7167,"2024-07-05",1,特急,166,30,0,47.83
7168,"2024-07-05",1,应急事件,142,52,39,56.63
7169,"2024-07-05",2,受理中,150,37,9,45.11
7170,"2024-07-05",2,办理中,83,28,10,12.59
7171,"2024-07-05",2,审核中,87,39,9,57.65
7172,"2024-07-05",2,待归档,198,33,6,36.97
7173,"2024-07-05",2,已回访,140,21,14,37.87
7174,"2024-07-06",1,一般,154,17,7,29.13
7175,"2024-07-06",1,紧急,122,59,55,13.71
7176,"2024-07-06",1,特急,83,30,22,29.04
7177,"2024-07-06",1,应急事件,132,51,49,50.76
7178,"2024-07-06",2,受理中,190,16,0,45.95
7179,"2024-07-06",2,办理中,174,71,38,38.98
7180,"2024-07-06",2,审核中,166,61,3,23.59
7181,"2024-07-06",2,待归档,97,15,2,17.69
7182,"2024-07-06",2,已回访,157,75,48,25.25
7183,"2024-07-07",1,一般,199,67,47,45.16
7184,"2024-07-07",1,紧急,115,32,13,41.98
7185,"2024-07-07",1,特急,145,60,34,11.82
7186,"2024-07-07",1,应急事件,84,15,0,38.72
7187,"2024-07-07",2,受理中,195,20,17,26.43
7188,"2024-07-07",2,办理中,138,68,30,28.79
7189,"2024-07-07",2,审核中,176,18,3,29.1
7190,"2024-07-07",2,待归档,127,38,35,40.5
7191,"2024-07-07",2,已回访,143,34,13,13.98
7192,"2024-07-08",1,一般,156,47,38,59.06
7193,"2024-07-08",1,紧急,85,27,25,50.7
7194,"2024-07-08",1,特急,88,29,3,41.2
7195,"2024-07-08",1,应急事件,131,19,1,44.77
7196,"2024-07-08",2,受理中,95,43,37,55.97
7197,"2024-07-08",2,办理中,157,19,6,27.17
7198,"2024-07-08",2,审核中,89,41,38,49.99
7199,"2024-07-08",2,待归档,123,34,23,59.88
7200,"2024-07-08",2,已回访,114,31,14,51.18
7201,"2024-07-09",1,一般,84,15,14,48.63
7202,"2024-07-09",1,紧急,186,62,47,53.23
7203,"2024-07-09",1,特急,141,16,10,52.6
7204,"2024-07-09",1,应急事件,131,59,57,30.09
7205,"2024-07-09",2,受理中,175,69,56,56.02
7206,"2024-07-09",2,办理中,86,22,2,40.47
7207,"2024-07-09",2,审核中,143,30,6,59.49
7208,"2024-07-09",2,待归档,108,11,0,44.39
7209,"2024-07-09",2,已回访,92,13,4,11.03
7210,"2024-07-10",1,一般,140,55,29,43.96
7211,"2024-07-10",1,紧急,134,55,53,18.47
7212,"2024-07-10",1,特急,200,17,7,10.05
7213,"2024-07-10",1,应急事件,130,29,3,47.87
7214,"2024-07-10",2,受理中,146,71,27,56.75
7215,"2024-07-10",2,办理中,170,19,0,22.26
7216,"2024-07-10",2,审核中,146,27,14,35.39
7217,"2024-07-10",2,待归档,118,20,0,17.86
7218,"2024-07-10",2,已回访,152,16,13,54.6
7219,"2024-07-11",1,一般,198,21,13,51.97
7220,"2024-07-11",1,紧急,80,32,8,54.9
7221,"2024-07-11",1,特急,89,29,10,38.13
7222,"2024-07-11",1,应急事件,185,45,24,19.56
7223,"2024-07-11",2,受理中,158,44,3,16.92
7224,"2024-07-11",2,办理中,171,77,57,53.89
7225,"2024-07-11",2,审核中,106,52,44,11.94
7226,"2024-07-11",2,待归档,160,59,25,54.79
7227,"2024-07-11",2,已回访,182,17,14,53.74
7228,"2024-07-12",1,一般,128,57,16,51.48
7229,"2024-07-12",1,紧急,160,69,66,48.08
7230,"2024-07-12",1,特急,148,22,12,45.83
7231,"2024-07-12",1,应急事件,178,48,28,49.12
7232,"2024-07-12",2,受理中,155,15,0,45.42
7233,"2024-07-12",2,办理中,182,75,35,39.72
7234,"2024-07-12",2,审核中,156,23,16,32.57
7235,"2024-07-12",2,待归档,91,17,6,35.16
7236,"2024-07-12",2,已回访,149,64,2,22.53
7237,"2024-07-13",1,一般,164,53,52,43.76
7238,"2024-07-13",1,紧急,160,16,6,42.86
7239,"2024-07-13",1,特急,191,53,26,41.19
7240,"2024-07-13",1,应急事件,136,25,0,33.18
7241,"2024-07-13",2,受理中,178,71,19,34.25
7242,"2024-07-13",2,办理中,118,16,11,36.83
7243,"2024-07-13",2,审核中,197,13,4,36.17
7244,"2024-07-13",2,待归档,99,41,31,12.64
7245,"2024-07-13",2,已回访,96,33,29,26.15
7246,"2024-07-14",1,一般,162,57,13,53.09
7247,"2024-07-14",1,紧急,174,67,57,34.06
7248,"2024-07-14",1,特急,89,15,3,27.85
7249,"2024-07-14",1,应急事件,165,19,5,41.73
7250,"2024-07-14",2,受理中,138,40,7,16.69
7251,"2024-07-14",2,办理中,183,63,25,45.52
7252,"2024-07-14",2,审核中,128,33,27,54.6
7253,"2024-07-14",2,待归档,97,14,9,59.03
7254,"2024-07-14",2,已回访,129,16,11,23.01
7255,"2024-07-15",1,一般,161,36,26,18.75
7256,"2024-07-15",1,紧急,165,16,5,24.94
7257,"2024-07-15",1,特急,196,38,23,53.82
7258,"2024-07-15",1,应急事件,96,18,8,49.37
7259,"2024-07-15",2,受理中,104,34,30,50.01
7260,"2024-07-15",2,办理中,162,17,3,38.06
7261,"2024-07-15",2,审核中,145,56,55,15.13
7262,"2024-07-15",2,待归档,82,11,7,43.27
7263,"2024-07-15",2,已回访,151,29,27,43.83
7264,"2024-07-16",1,一般,103,27,25,15.26
7265,"2024-07-16",1,紧急,105,24,19,45.37
7266,"2024-07-16",1,特急,171,34,15,55.93
7267,"2024-07-16",1,应急事件,187,12,2,14.14
7268,"2024-07-16",2,受理中,128,31,24,18.8
7269,"2024-07-16",2,办理中,103,18,13,43.15
7270,"2024-07-16",2,审核中,95,38,11,37.36
7271,"2024-07-16",2,待归档,141,45,2,57.21
7272,"2024-07-16",2,已回访,99,38,34,37.47
7273,"2024-07-17",1,一般,132,42,40,48.28
7274,"2024-07-17",1,紧急,114,32,30,46.44
7275,"2024-07-17",1,特急,146,16,7,47.89
7276,"2024-07-17",1,应急事件,180,76,22,47.11
7277,"2024-07-17",2,受理中,188,70,31,21.32
7278,"2024-07-17",2,办理中,107,10,1,30.23
7279,"2024-07-17",2,审核中,96,38,6,19.83
7280,"2024-07-17",2,待归档,81,29,16,29.34
7281,"2024-07-17",2,已回访,121,27,8,13.29
7282,"2024-07-18",1,一般,163,58,14,33.33
7283,"2024-07-18",1,紧急,152,46,19,28.78
7284,"2024-07-18",1,特急,164,39,8,31.3
7285,"2024-07-18",1,应急事件,158,13,1,55.87
7286,"2024-07-18",2,受理中,124,36,5,21.03
7287,"2024-07-18",2,办理中,136,67,56,42.97
7288,"2024-07-18",2,审核中,106,52,27,13.77
7289,"2024-07-18",2,待归档,187,22,9,34.36
7290,"2024-07-18",2,已回访,92,13,9,42.0
7291,"2024-07-19",1,一般,190,17,6,22.49
7292,"2024-07-19",1,紧急,94,39,6,56.67
7293,"2024-07-19",1,特急,138,65,4,51.94
7294,"2024-07-19",1,应急事件,88,29,17,50.71
7295,"2024-07-19",2,受理中,126,53,23,19.15
7296,"2024-07-19",2,办理中,178,31,18,18.84
7297,"2024-07-19",2,审核中,82,19,12,35.97
7298,"2024-07-19",2,待归档,190,89,35,54.24
7299,"2024-07-19",2,已回访,142,66,65,33.83
7300,"2024-07-20",1,一般,80,37,12,52.82
7301,"2024-07-20",1,紧急,101,39,21,37.97
7302,"2024-07-20",1,特急,149,21,13,54.62
7303,"2024-07-20",1,应急事件,98,13,3,56.25
7304,"2024-07-20",2,受理中,165,52,12,35.34
7305,"2024-07-20",2,办理中,135,37,26,41.52
7306,"2024-07-20",2,审核中,86,25,7,19.83
7307,"2024-07-20",2,待归档,98,44,21,42.15
7308,"2024-07-20",2,已回访,168,28,4,16.13
7309,"2024-07-21",1,一般,90,22,2,51.24
7310,"2024-07-21",1,紧急,101,23,21,15.78
7311,"2024-07-21",1,特急,156,19,4,12.73
7312,"2024-07-21",1,应急事件,149,25,22,37.86
7313,"2024-07-21",2,受理中,186,59,22,44.79
7314,"2024-07-21",2,办理中,82,31,6,35.53
7315,"2024-07-21",2,审核中,163,40,33,55.61
7316,"2024-07-21",2,待归档,135,45,42,29.35
7317,"2024-07-21",2,已回访,82,35,3,40.7
7318,"2024-07-22",1,一般,169,56,30,53.99
7319,"2024-07-22",1,紧急,163,46,26,48.84
7320,"2024-07-22",1,特急,147,16,13,35.1
7321,"2024-07-22",1,应急事件,91,14,10,13.06
7322,"2024-07-22",2,受理中,152,73,51,10.3
7323,"2024-07-22",2,办理中,149,20,12,56.53
7324,"2024-07-22",2,审核中,197,49,41,42.39
7325,"2024-07-22",2,待归档,111,15,8,40.67
7326,"2024-07-22",2,已回访,114,14,11,11.68
7327,"2024-07-23",1,一般,166,35,25,58.02
7328,"2024-07-23",1,紧急,177,11,10,17.86
7329,"2024-07-23",1,特急,156,18,8,44.67
7330,"2024-07-23",1,应急事件,97,39,32,31.88
7331,"2024-07-23",2,受理中,89,32,16,58.13
7332,"2024-07-23",2,办理中,110,21,15,47.31
7333,"2024-07-23",2,审核中,106,15,1,36.3
7334,"2024-07-23",2,待归档,134,59,2,43.56
7335,"2024-07-23",2,已回访,169,58,12,38.25
7336,"2024-07-24",1,一般,143,23,11,42.55
7337,"2024-07-24",1,紧急,84,37,34,33.06
7338,"2024-07-24",1,特急,190,57,14,54.29
7339,"2024-07-24",1,应急事件,104,27,19,56.6
7340,"2024-07-24",2,受理中,132,63,15,19.41
7341,"2024-07-24",2,办理中,118,41,11,30.31
7342,"2024-07-24",2,审核中,136,60,4,50.96
7343,"2024-07-24",2,待归档,177,51,46,51.21
7344,"2024-07-24",2,已回访,116,23,21,55.42
7345,"2024-07-25",1,一般,83,13,7,27.24
7346,"2024-07-25",1,紧急,194,87,4,25.86
7347,"2024-07-25",1,特急,175,15,2,39.37
7348,"2024-07-25",1,应急事件,90,18,8,56.15
7349,"2024-07-25",2,受理中,193,72,42,33.61
7350,"2024-07-25",2,办理中,82,23,11,34.64
7351,"2024-07-25",2,审核中,196,53,10,31.45
7352,"2024-07-25",2,待归档,99,16,9,23.93
7353,"2024-07-25",2,已回访,199,81,12,46.14
7354,"2024-07-26",1,一般,187,10,7,48.42
7355,"2024-07-26",1,紧急,157,19,16,17.11
7356,"2024-07-26",1,特急,153,43,18,16.91
7357,"2024-07-26",1,应急事件,102,24,10,20.1
7358,"2024-07-26",2,受理中,87,41,26,18.52
7359,"2024-07-26",2,办理中,86,23,22,45.96
7360,"2024-07-26",2,审核中,101,32,25,32.63
7361,"2024-07-26",2,待归档,148,19,16,53.32
7362,"2024-07-26",2,已回访,92,23,6,17.76
7363,"2024-07-27",1,一般,198,62,60,57.17
7364,"2024-07-27",1,紧急,135,36,25,31.01
7365,"2024-07-27",1,特急,88,32,16,52.24
7366,"2024-07-27",1,应急事件,112,26,9,53.76
7367,"2024-07-27",2,受理中,128,33,2,29.3
7368,"2024-07-27",2,办理中,160,53,34,29.27
7369,"2024-07-27",2,审核中,131,18,7,53.6
7370,"2024-07-27",2,待归档,179,63,54,28.47
7371,"2024-07-27",2,已回访,114,52,22,20.0
7372,"2024-07-28",1,一般,117,40,20,53.79
7373,"2024-07-28",1,紧急,197,24,0,15.58
7374,"2024-07-28",1,特急,161,26,19,15.19
7375,"2024-07-28",1,应急事件,123,49,13,15.97
7376,"2024-07-28",2,受理中,151,28,20,53.12
7377,"2024-07-28",2,办理中,90,37,31,48.1
7378,"2024-07-28",2,审核中,149,62,33,50.65
7379,"2024-07-28",2,待归档,172,24,13,53.53
7380,"2024-07-28",2,已回访,113,48,24,50.03
7381,"2024-07-29",1,一般,151,43,6,17.05
7382,"2024-07-29",1,紧急,137,60,40,57.05
7383,"2024-07-29",1,特急,109,27,18,41.87
7384,"2024-07-29",1,应急事件,117,39,6,12.66
7385,"2024-07-29",2,受理中,86,15,0,15.86
7386,"2024-07-29",2,办理中,90,26,2,40.41
7387,"2024-07-29",2,审核中,173,73,31,43.48
7388,"2024-07-29",2,待归档,177,74,27,34.35
7389,"2024-07-29",2,已回访,105,40,32,32.92
7390,"2024-07-30",1,一般,171,65,29,24.15
7391,"2024-07-30",1,紧急,121,41,19,28.7
7392,"2024-07-30",1,特急,189,44,13,14.26
7393,"2024-07-30",1,应急事件,86,27,9,15.23
7394,"2024-07-30",2,受理中,167,17,9,48.2
7395,"2024-07-30",2,办理中,112,43,25,31.91
7396,"2024-07-30",2,审核中,136,50,20,50.84
7397,"2024-07-30",2,待归档,125,25,9,57.24
7398,"2024-07-30",2,已回访,102,12,10,50.22
7399,"2024-07-31",1,一般,176,65,8,16.63
7400,"2024-07-31",1,紧急,91,39,21,18.14
7401,"2024-07-31",1,特急,179,86,13,26.2
7402,"2024-07-31",1,应急事件,197,62,40,49.57
7403,"2024-07-31",2,受理中,96,10,9,17.62
7404,"2024-07-31",2,办理中,118,38,17,18.37
7405,"2024-07-31",2,审核中,130,23,15,57.11
7406,"2024-07-31",2,待归档,199,26,8,41.83
7407,"2024-07-31",2,已回访,151,24,16,43.01
7408,"2024-08-01",1,一般,158,27,7,19.91
7409,"2024-08-01",1,紧急,107,25,9,34.51
7410,"2024-08-01",1,特急,145,12,0,33.36
7411,"2024-08-01",1,应急事件,151,42,16,36.12
7412,"2024-08-01",2,受理中,172,40,12,19.29
7413,"2024-08-01",2,办理中,126,11,2,21.09
7414,"2024-08-01",2,审核中,92,43,12,17.41
7415,"2024-08-01",2,待归档,151,43,20,51.13
7416,"2024-08-01",2,已回访,104,31,15,43.13
7417,"2024-08-02",1,一般,108,29,1,35.97
7418,"2024-08-02",1,紧急,195,26,20,27.48
7419,"2024-08-02",1,特急,87,25,12,22.53
7420,"2024-08-02",1,应急事件,84,20,4,55.41
7421,"2024-08-02",2,受理中,135,40,3,42.04
7422,"2024-08-02",2,办理中,96,31,4,33.2
7423,"2024-08-02",2,审核中,81,36,25,30.73
7424,"2024-08-02",2,待归档,136,10,1,21.7
7425,"2024-08-02",2,已回访,84,35,9,54.17
7426,"2024-08-03",1,一般,161,74,39,41.23
7427,"2024-08-03",1,紧急,140,55,22,48.39
7428,"2024-08-03",1,特急,165,59,31,40.63
7429,"2024-08-03",1,应急事件,158,34,18,52.92
7430,"2024-08-03",2,受理中,86,33,29,11.88
7431,"2024-08-03",2,办理中,143,37,8,29.5
7432,"2024-08-03",2,审核中,114,19,15,59.01
7433,"2024-08-03",2,待归档,146,63,37,39.54
7434,"2024-08-03",2,已回访,95,15,8,19.77
7435,"2024-08-04",1,一般,183,54,51,12.19
7436,"2024-08-04",1,紧急,172,42,41,54.02
7437,"2024-08-04",1,特急,88,35,28,18.95
7438,"2024-08-04",1,应急事件,90,10,0,18.77
7439,"2024-08-04",2,受理中,128,13,7,10.38
7440,"2024-08-04",2,办理中,169,26,13,59.68
7441,"2024-08-04",2,审核中,136,13,2,20.44
7442,"2024-08-04",2,待归档,127,46,7,36.9
7443,"2024-08-04",2,已回访,123,21,8,31.28
7444,"2024-08-05",1,一般,156,73,1,38.01
7445,"2024-08-05",1,紧急,110,40,31,33.4
7446,"2024-08-05",1,特急,126,30,6,29.41
7447,"2024-08-05",1,应急事件,83,12,10,11.33
7448,"2024-08-05",2,受理中,104,12,3,43.89
7449,"2024-08-05",2,办理中,185,81,38,44.17
7450,"2024-08-05",2,审核中,145,51,30,56.84
7451,"2024-08-05",2,待归档,112,32,9,44.05
7452,"2024-08-05",2,已回访,169,83,18,31.25
7453,"2024-08-06",1,一般,192,59,26,36.54
7454,"2024-08-06",1,紧急,84,27,24,10.93
7455,"2024-08-06",1,特急,105,14,2,48.48
7456,"2024-08-06",1,应急事件,117,39,11,38.81
7457,"2024-08-06",2,受理中,139,32,27,46.43
7458,"2024-08-06",2,办理中,126,53,30,45.9
7459,"2024-08-06",2,审核中,163,44,7,19.54
7460,"2024-08-06",2,待归档,102,42,38,55.21
7461,"2024-08-06",2,已回访,113,15,9,24.39
7462,"2024-08-07",1,一般,165,63,53,35.88
7463,"2024-08-07",1,紧急,117,18,13,20.46
7464,"2024-08-07",1,特急,170,24,2,54.54
7465,"2024-08-07",1,应急事件,117,19,8,57.61
7466,"2024-08-07",2,受理中,200,85,28,13.31
7467,"2024-08-07",2,办理中,183,54,51,23.15
7468,"2024-08-07",2,审核中,141,39,21,48.07
7469,"2024-08-07",2,待归档,94,39,4,33.8
7470,"2024-08-07",2,已回访,192,67,66,51.19
7471,"2024-08-08",1,一般,159,56,26,56.08
7472,"2024-08-08",1,紧急,183,34,13,40.89
7473,"2024-08-08",1,特急,128,26,3,32.28
7474,"2024-08-08",1,应急事件,107,31,29,28.79
7475,"2024-08-08",2,受理中,92,20,3,41.15
7476,"2024-08-08",2,办理中,141,66,9,15.31
7477,"2024-08-08",2,审核中,92,30,25,29.73
7478,"2024-08-08",2,待归档,104,50,33,13.93
7479,"2024-08-08",2,已回访,186,16,7,37.32
7480,"2024-08-09",1,一般,171,23,3,56.63
7481,"2024-08-09",1,紧急,89,32,14,28.76
7482,"2024-08-09",1,特急,157,40,7,57.78
7483,"2024-08-09",1,应急事件,128,12,11,18.57
7484,"2024-08-09",2,受理中,96,25,17,36.31
7485,"2024-08-09",2,办理中,156,60,41,48.54
7486,"2024-08-09",2,审核中,100,16,3,59.82
7487,"2024-08-09",2,待归档,118,27,1,40.68
7488,"2024-08-09",2,已回访,186,10,7,28.11
7489,"2024-08-10",1,一般,87,25,19,43.41
7490,"2024-08-10",1,紧急,196,51,40,18.42
7491,"2024-08-10",1,特急,118,26,13,22.37
7492,"2024-08-10",1,应急事件,137,24,7,56.81
7493,"2024-08-10",2,受理中,179,12,9,36.0
7494,"2024-08-10",2,办理中,160,55,27,37.95
7495,"2024-08-10",2,审核中,136,20,17,26.58
7496,"2024-08-10",2,待归档,165,26,7,55.43
7497,"2024-08-10",2,已回访,143,46,41,25.29
7498,"2024-08-11",1,一般,126,21,9,30.77
7499,"2024-08-11",1,紧急,171,70,25,24.22
7500,"2024-08-11",1,特急,199,49,48,36.48
7501,"2024-08-11",1,应急事件,120,31,22,11.01
7502,"2024-08-11",2,受理中,190,16,4,23.1
7503,"2024-08-11",2,办理中,121,25,0,53.59
7504,"2024-08-11",2,审核中,175,38,13,24.25
7505,"2024-08-11",2,待归档,178,51,2,16.32
7506,"2024-08-11",2,已回访,140,18,10,18.25
7507,"2024-08-12",1,一般,171,84,48,15.4
7508,"2024-08-12",1,紧急,186,19,4,55.81
7509,"2024-08-12",1,特急,109,21,9,45.1
7510,"2024-08-12",1,应急事件,189,37,12,19.1
7511,"2024-08-12",2,受理中,129,44,13,15.34
7512,"2024-08-12",2,办理中,166,30,16,57.35
7513,"2024-08-12",2,审核中,90,28,4,20.66
7514,"2024-08-12",2,待归档,83,16,9,40.12
7515,"2024-08-12",2,已回访,82,32,14,44.41
7516,"2024-08-13",1,一般,97,30,14,35.36
7517,"2024-08-13",1,紧急,132,65,54,14.37
7518,"2024-08-13",1,特急,132,56,33,56.48
7519,"2024-08-13",1,应急事件,146,67,8,13.04
7520,"2024-08-13",2,受理中,177,42,14,44.3
7521,"2024-08-13",2,办理中,150,22,14,31.19
7522,"2024-08-13",2,审核中,149,25,21,27.02
7523,"2024-08-13",2,待归档,151,23,9,40.08
7524,"2024-08-13",2,已回访,175,76,25,58.45
7525,"2024-08-14",1,一般,93,19,17,51.33
7526,"2024-08-14",1,紧急,196,44,35,57.75
7527,"2024-08-14",1,特急,180,83,9,50.15
7528,"2024-08-14",1,应急事件,200,43,36,10.73
7529,"2024-08-14",2,受理中,189,35,24,35.79
7530,"2024-08-14",2,办理中,173,52,9,38.96
7531,"2024-08-14",2,审核中,170,72,37,47.34
7532,"2024-08-14",2,待归档,182,17,12,30.6
7533,"2024-08-14",2,已回访,194,57,37,51.47
7534,"2024-08-15",1,一般,170,68,47,24.31
7535,"2024-08-15",1,紧急,193,88,2,42.06
7536,"2024-08-15",1,特急,188,50,40,41.43
7537,"2024-08-15",1,应急事件,193,47,9,18.92
7538,"2024-08-15",2,受理中,167,54,28,13.3
7539,"2024-08-15",2,办理中,190,27,6,54.07
7540,"2024-08-15",2,审核中,178,19,9,35.32
7541,"2024-08-15",2,待归档,102,45,5,44.0
7542,"2024-08-15",2,已回访,88,34,20,13.32
7543,"2024-08-16",1,一般,193,57,47,26.17
7544,"2024-08-16",1,紧急,165,46,14,13.05
7545,"2024-08-16",1,特急,81,21,15,21.53
7546,"2024-08-16",1,应急事件,167,31,14,50.56
7547,"2024-08-16",2,受理中,140,38,15,54.82
7548,"2024-08-16",2,办理中,137,43,23,56.89
7549,"2024-08-16",2,审核中,94,14,3,25.74
7550,"2024-08-16",2,待归档,100,32,22,49.89
7551,"2024-08-16",2,已回访,90,35,2,54.84
7552,"2024-08-17",1,一般,97,20,16,48.76
7553,"2024-08-17",1,紧急,165,68,13,46.64
7554,"2024-08-17",1,特急,118,55,32,30.94
7555,"2024-08-17",1,应急事件,158,69,16,38.28
7556,"2024-08-17",2,受理中,189,93,16,28.02
7557,"2024-08-17",2,办理中,91,29,12,13.06
7558,"2024-08-17",2,审核中,194,77,38,22.75
7559,"2024-08-17",2,待归档,119,38,7,23.77
7560,"2024-08-17",2,已回访,160,59,49,58.8
7561,"2024-08-18",1,一般,120,43,4,28.1
7562,"2024-08-18",1,紧急,114,46,3,59.52
7563,"2024-08-18",1,特急,182,81,33,52.4
7564,"2024-08-18",1,应急事件,199,33,7,22.37
7565,"2024-08-18",2,受理中,133,10,1,53.48
7566,"2024-08-18",2,办理中,174,24,15,13.39
7567,"2024-08-18",2,审核中,190,30,19,52.12
7568,"2024-08-18",2,待归档,112,32,18,33.43
7569,"2024-08-18",2,已回访,133,49,1,54.83
7570,"2024-08-19",1,一般,91,40,33,11.46
7571,"2024-08-19",1,紧急,196,94,37,56.68
7572,"2024-08-19",1,特急,100,39,6,50.83
7573,"2024-08-19",1,应急事件,143,69,43,35.87
7574,"2024-08-19",2,受理中,158,52,32,43.59
7575,"2024-08-19",2,办理中,117,27,22,47.82
7576,"2024-08-19",2,审核中,122,21,16,25.07
7577,"2024-08-19",2,待归档,116,26,19,59.09
7578,"2024-08-19",2,已回访,171,55,51,18.94
7579,"2024-08-20",1,一般,187,81,65,18.31
7580,"2024-08-20",1,紧急,86,37,25,31.53
7581,"2024-08-20",1,特急,198,15,3,34.28
7582,"2024-08-20",1,应急事件,170,38,8,13.31
7583,"2024-08-20",2,受理中,125,25,0,33.22
7584,"2024-08-20",2,办理中,143,69,44,18.58
7585,"2024-08-20",2,审核中,143,51,17,17.82
7586,"2024-08-20",2,待归档,91,17,11,18.2
7587,"2024-08-20",2,已回访,145,19,7,56.55
7588,"2024-08-21",1,一般,92,12,6,54.12
7589,"2024-08-21",1,紧急,127,11,3,56.54
7590,"2024-08-21",1,特急,154,21,14,15.37
7591,"2024-08-21",1,应急事件,180,74,34,32.17
7592,"2024-08-21",2,受理中,167,28,26,30.05
7593,"2024-08-21",2,办理中,150,72,37,22.05
7594,"2024-08-21",2,审核中,126,20,10,43.87
7595,"2024-08-21",2,待归档,142,37,10,42.79
7596,"2024-08-21",2,已回访,85,17,10,13.08
7597,"2024-08-22",1,一般,134,62,7,25.86
7598,"2024-08-22",1,紧急,164,25,7,30.83
7599,"2024-08-22",1,特急,191,22,21,10.09
7600,"2024-08-22",1,应急事件,188,70,54,13.93
7601,"2024-08-22",2,受理中,186,17,14,14.61
7602,"2024-08-22",2,办理中,115,26,25,28.44
7603,"2024-08-22",2,审核中,151,60,34,35.39
7604,"2024-08-22",2,待归档,80,28,12,47.12
7605,"2024-08-22",2,已回访,174,18,9,13.41
7606,"2024-08-23",1,一般,179,73,32,43.93
7607,"2024-08-23",1,紧急,97,13,6,14.77
7608,"2024-08-23",1,特急,185,67,66,53.91
7609,"2024-08-23",1,应急事件,100,10,1,14.53
7610,"2024-08-23",2,受理中,82,20,8,53.96
7611,"2024-08-23",2,办理中,184,62,39,49.6
7612,"2024-08-23",2,审核中,164,47,38,10.47
7613,"2024-08-23",2,待归档,103,14,12,53.69
7614,"2024-08-23",2,已回访,189,31,20,36.68
7615,"2024-08-24",1,一般,103,20,4,14.73
7616,"2024-08-24",1,紧急,120,25,13,18.44
7617,"2024-08-24",1,特急,179,51,28,45.99
7618,"2024-08-24",1,应急事件,193,68,40,58.45
7619,"2024-08-24",2,受理中,155,20,5,56.58
7620,"2024-08-24",2,办理中,179,39,2,16.25
7621,"2024-08-24",2,审核中,186,47,22,41.36
7622,"2024-08-24",2,待归档,193,80,35,55.54
7623,"2024-08-24",2,已回访,145,18,0,21.25
7624,"2024-08-25",1,一般,195,30,28,44.14
7625,"2024-08-25",1,紧急,199,65,35,49.61
7626,"2024-08-25",1,特急,173,27,17,47.87
7627,"2024-08-25",1,应急事件,112,46,28,56.27
7628,"2024-08-25",2,受理中,123,14,6,32.35
7629,"2024-08-25",2,办理中,177,49,25,26.08
7630,"2024-08-25",2,审核中,86,30,0,39.88
7631,"2024-08-25",2,待归档,115,50,23,58.77
7632,"2024-08-25",2,已回访,194,44,33,39.49
7633,"2024-08-26",1,一般,143,24,13,57.29
7634,"2024-08-26",1,紧急,130,15,3,22.52
7635,"2024-08-26",1,特急,92,39,20,16.4
7636,"2024-08-26",1,应急事件,159,76,29,42.19
7637,"2024-08-26",2,受理中,190,80,21,40.39
7638,"2024-08-26",2,办理中,192,89,19,32.99
7639,"2024-08-26",2,审核中,134,34,6,24.68
7640,"2024-08-26",2,待归档,81,32,23,28.58
7641,"2024-08-26",2,已回访,102,26,20,20.93
7642,"2024-08-27",1,一般,123,21,18,18.71
7643,"2024-08-27",1,紧急,165,42,23,53.5
7644,"2024-08-27",1,特急,197,69,62,19.44
7645,"2024-08-27",1,应急事件,124,13,11,48.26
7646,"2024-08-27",2,受理中,174,83,78,49.98
7647,"2024-08-27",2,办理中,106,10,9,52.68
7648,"2024-08-27",2,审核中,111,46,10,36.79
7649,"2024-08-27",2,待归档,161,16,12,40.26
7650,"2024-08-27",2,已回访,177,29,19,23.37
7651,"2024-08-28",1,一般,89,26,24,20.55
7652,"2024-08-28",1,紧急,81,26,6,45.16
7653,"2024-08-28",1,特急,84,21,11,39.42
7654,"2024-08-28",1,应急事件,162,14,10,33.52
7655,"2024-08-28",2,受理中,134,22,13,47.52
7656,"2024-08-28",2,办理中,155,42,3,21.87
7657,"2024-08-28",2,审核中,142,59,39,49.19
7658,"2024-08-28",2,待归档,173,29,26,40.84
7659,"2024-08-28",2,已回访,128,38,11,48.92
7660,"2024-08-29",1,一般,184,32,26,29.95
7661,"2024-08-29",1,紧急,123,17,10,20.64
7662,"2024-08-29",1,特急,171,75,57,22.78
7663,"2024-08-29",1,应急事件,142,38,2,54.64
7664,"2024-08-29",2,受理中,169,48,46,11.12
7665,"2024-08-29",2,办理中,112,18,4,33.85
7666,"2024-08-29",2,审核中,189,45,19,45.07
7667,"2024-08-29",2,待归档,85,20,8,57.37
7668,"2024-08-29",2,已回访,86,31,22,43.16
7669,"2024-08-30",1,一般,106,42,25,42.67
7670,"2024-08-30",1,紧急,94,29,27,36.72
7671,"2024-08-30",1,特急,90,25,16,50.71
7672,"2024-08-30",1,应急事件,173,10,5,23.22
7673,"2024-08-30",2,受理中,104,32,9,51.84
7674,"2024-08-30",2,办理中,185,49,4,21.51
7675,"2024-08-30",2,审核中,88,30,20,33.33
7676,"2024-08-30",2,待归档,175,16,11,12.13
7677,"2024-08-30",2,已回访,98,14,4,26.38
7678,"2024-08-31",1,一般,94,35,20,19.72
7679,"2024-08-31",1,紧急,136,18,12,34.16
7680,"2024-08-31",1,特急,113,11,3,10.69
7681,"2024-08-31",1,应急事件,177,17,12,29.8
7682,"2024-08-31",2,受理中,106,35,7,43.13
7683,"2024-08-31",2,办理中,173,65,39,50.25
7684,"2024-08-31",2,审核中,83,20,5,53.33
7685,"2024-08-31",2,待归档,184,84,5,13.76
7686,"2024-08-31",2,已回访,100,36,17,48.35
7687,"2024-09-01",1,一般,124,49,25,40.32
7688,"2024-09-01",1,紧急,196,25,20,17.91
7689,"2024-09-01",1,特急,191,78,34,49.99
7690,"2024-09-01",1,应急事件,136,33,18,17.16
7691,"2024-09-01",2,受理中,124,27,22,52.75
7692,"2024-09-01",2,办理中,92,42,16,36.55
7693,"2024-09-01",2,审核中,146,19,0,31.26
7694,"2024-09-01",2,待归档,137,19,6,12.84
7695,"2024-09-01",2,已回访,175,22,15,30.67
7696,"2024-09-02",1,一般,172,13,0,45.62
7697,"2024-09-02",1,紧急,128,21,7,30.7
7698,"2024-09-02",1,特急,155,63,17,44.34
7699,"2024-09-02",1,应急事件,143,66,41,29.64
7700,"2024-09-02",2,受理中,80,30,9,40.2
7701,"2024-09-02",2,办理中,117,41,3,49.63
7702,"2024-09-02",2,审核中,108,30,7,50.77
7703,"2024-09-02",2,待归档,115,34,18,51.83
7704,"2024-09-02",2,已回访,134,60,39,26.11
7705,"2024-09-03",1,一般,141,37,22,37.55
7706,"2024-09-03",1,紧急,83,26,14,49.67
7707,"2024-09-03",1,特急,109,44,10,35.55
7708,"2024-09-03",1,应急事件,169,26,9,25.64
7709,"2024-09-03",2,受理中,113,23,5,39.5
7710,"2024-09-03",2,办理中,153,31,3,30.79
7711,"2024-09-03",2,审核中,92,13,6,23.68
7712,"2024-09-03",2,待归档,161,58,29,19.43
7713,"2024-09-03",2,已回访,114,15,9,11.64
7714,"2024-09-04",1,一般,153,33,5,25.55
7715,"2024-09-04",1,紧急,119,41,11,32.21
7716,"2024-09-04",1,特急,111,22,10,31.77
7717,"2024-09-04",1,应急事件,106,15,4,15.43
7718,"2024-09-04",2,受理中,97,31,15,38.02
7719,"2024-09-04",2,办理中,113,39,11,10.12
7720,"2024-09-04",2,审核中,104,45,44,43.23
7721,"2024-09-04",2,待归档,125,47,46,51.62
7722,"2024-09-04",2,已回访,198,79,77,20.88
7723,"2024-09-05",1,一般,100,27,18,55.98
7724,"2024-09-05",1,紧急,80,38,16,11.96
7725,"2024-09-05",1,特急,135,25,9,34.28
7726,"2024-09-05",1,应急事件,167,33,5,59.99
7727,"2024-09-05",2,受理中,200,50,45,15.06
7728,"2024-09-05",2,办理中,140,51,24,39.63
7729,"2024-09-05",2,审核中,116,15,4,52.93
7730,"2024-09-05",2,待归档,139,22,3,41.53
7731,"2024-09-05",2,已回访,191,78,14,42.42
7732,"2024-09-06",1,一般,174,66,14,42.74
7733,"2024-09-06",1,紧急,154,64,11,37.74
7734,"2024-09-06",1,特急,104,47,12,22.09
7735,"2024-09-06",1,应急事件,100,13,1,15.35
7736,"2024-09-06",2,受理中,171,31,14,18.8
7737,"2024-09-06",2,办理中,122,40,29,27.84
7738,"2024-09-06",2,审核中,119,17,7,35.79
7739,"2024-09-06",2,待归档,122,20,14,51.67
7740,"2024-09-06",2,已回访,129,42,17,48.2
7741,"2024-09-07",1,一般,198,49,6,43.11
7742,"2024-09-07",1,紧急,166,68,59,12.95
7743,"2024-09-07",1,特急,126,12,9,29.76
7744,"2024-09-07",1,应急事件,178,66,4,36.19
7745,"2024-09-07",2,受理中,168,19,3,47.41
7746,"2024-09-07",2,办理中,126,19,17,32.62
7747,"2024-09-07",2,审核中,100,39,36,27.13
7748,"2024-09-07",2,待归档,126,41,7,19.03
7749,"2024-09-07",2,已回访,89,23,11,52.66
7750,"2024-09-08",1,一般,111,11,7,55.78
7751,"2024-09-08",1,紧急,172,69,24,59.63
7752,"2024-09-08",1,特急,194,86,40,33.61
7753,"2024-09-08",1,应急事件,94,29,28,33.82
7754,"2024-09-08",2,受理中,83,38,34,56.09
7755,"2024-09-08",2,办理中,143,57,3,29.88
7756,"2024-09-08",2,审核中,161,23,16,14.63
7757,"2024-09-08",2,待归档,162,32,4,46.63
7758,"2024-09-08",2,已回访,177,14,5,25.75
7759,"2024-09-09",1,一般,127,46,7,43.81
7760,"2024-09-09",1,紧急,116,56,34,32.51
7761,"2024-09-09",1,特急,104,34,23,10.4
7762,"2024-09-09",1,应急事件,193,37,27,17.59
7763,"2024-09-09",2,受理中,170,63,57,48.39
7764,"2024-09-09",2,办理中,82,19,8,14.56
7765,"2024-09-09",2,审核中,130,32,5,56.1
7766,"2024-09-09",2,待归档,118,55,15,22.79
7767,"2024-09-09",2,已回访,92,24,15,11.21
7768,"2024-09-10",1,一般,95,24,1,29.76
7769,"2024-09-10",1,紧急,109,43,23,15.96
7770,"2024-09-10",1,特急,118,37,13,18.52
7771,"2024-09-10",1,应急事件,111,13,8,37.79
7772,"2024-09-10",2,受理中,192,39,12,54.17
7773,"2024-09-10",2,办理中,188,82,71,36.04
7774,"2024-09-10",2,审核中,87,37,1,24.53
7775,"2024-09-10",2,待归档,192,45,4,42.03
7776,"2024-09-10",2,已回访,131,21,0,59.95
7777,"2024-09-11",1,一般,113,36,30,20.28
7778,"2024-09-11",1,紧急,180,23,13,43.52
7779,"2024-09-11",1,特急,123,40,20,29.02
7780,"2024-09-11",1,应急事件,121,20,3,48.29
7781,"2024-09-11",2,受理中,197,89,40,33.95
7782,"2024-09-11",2,办理中,155,68,4,58.44
7783,"2024-09-11",2,审核中,145,63,26,28.6
7784,"2024-09-11",2,待归档,182,13,11,51.94
7785,"2024-09-11",2,已回访,151,30,9,26.96
7786,"2024-09-12",1,一般,181,39,29,25.43
7787,"2024-09-12",1,紧急,119,45,21,54.44
7788,"2024-09-12",1,特急,196,55,20,49.8
7789,"2024-09-12",1,应急事件,100,42,32,22.31
7790,"2024-09-12",2,受理中,173,31,20,53.51
7791,"2024-09-12",2,办理中,168,49,27,15.53
7792,"2024-09-12",2,审核中,176,51,15,12.94
7793,"2024-09-12",2,待归档,104,32,19,26.68
7794,"2024-09-12",2,已回访,108,20,11,18.18
7795,"2024-09-13",1,一般,166,49,1,50.33
7796,"2024-09-13",1,紧急,131,22,11,57.76
7797,"2024-09-13",1,特急,200,93,41,18.24
7798,"2024-09-13",1,应急事件,167,28,27,58.22
7799,"2024-09-13",2,受理中,111,35,15,22.59
7800,"2024-09-13",2,办理中,163,32,0,21.93
7801,"2024-09-13",2,审核中,80,28,5,16.29
7802,"2024-09-13",2,待归档,95,33,32,56.67
7803,"2024-09-13",2,已回访,83,18,13,16.39
7804,"2024-09-14",1,一般,140,58,16,58.34
7805,"2024-09-14",1,紧急,126,19,16,53.99
7806,"2024-09-14",1,特急,177,49,17,43.1
7807,"2024-09-14",1,应急事件,88,12,11,19.66
7808,"2024-09-14",2,受理中,90,14,13,56.8
7809,"2024-09-14",2,办理中,131,57,10,11.82
7810,"2024-09-14",2,审核中,89,25,24,32.67
7811,"2024-09-14",2,待归档,134,55,44,40.53
7812,"2024-09-14",2,已回访,142,50,47,24.45
7813,"2024-09-15",1,一般,100,24,11,36.98
7814,"2024-09-15",1,紧急,126,42,29,36.04
7815,"2024-09-15",1,特急,102,30,23,16.01
7816,"2024-09-15",1,应急事件,132,43,22,54.34
7817,"2024-09-15",2,受理中,101,39,24,23.67
7818,"2024-09-15",2,办理中,192,70,49,22.71
7819,"2024-09-15",2,审核中,169,63,1,27.05
7820,"2024-09-15",2,待归档,176,69,15,34.6
7821,"2024-09-15",2,已回访,85,39,9,14.91
7822,"2024-09-16",1,一般,87,23,14,48.35
7823,"2024-09-16",1,紧急,102,34,8,48.06
7824,"2024-09-16",1,特急,151,51,0,57.99
7825,"2024-09-16",1,应急事件,132,20,7,39.51
7826,"2024-09-16",2,受理中,115,45,39,48.37
7827,"2024-09-16",2,办理中,178,85,13,38.07
7828,"2024-09-16",2,审核中,87,28,6,59.91
7829,"2024-09-16",2,待归档,198,55,25,16.13
7830,"2024-09-16",2,已回访,98,19,10,17.47
7831,"2024-09-17",1,一般,126,26,1,36.08
7832,"2024-09-17",1,紧急,91,14,10,50.11
7833,"2024-09-17",1,特急,143,47,39,34.34
7834,"2024-09-17",1,应急事件,158,56,23,15.55
7835,"2024-09-17",2,受理中,160,72,69,20.98
7836,"2024-09-17",2,办理中,122,59,39,22.6
7837,"2024-09-17",2,审核中,176,33,4,31.46
7838,"2024-09-17",2,待归档,91,23,1,12.21
7839,"2024-09-17",2,已回访,100,26,24,12.69
7840,"2024-09-18",1,一般,178,61,38,18.45
7841,"2024-09-18",1,紧急,91,31,8,46.24
7842,"2024-09-18",1,特急,123,23,4,32.7
7843,"2024-09-18",1,应急事件,179,77,50,15.72
7844,"2024-09-18",2,受理中,128,31,15,21.82
7845,"2024-09-18",2,办理中,105,21,15,13.73
7846,"2024-09-18",2,审核中,116,52,16,47.73
7847,"2024-09-18",2,待归档,158,59,1,25.94
7848,"2024-09-18",2,已回访,182,90,52,29.3
7849,"2024-09-19",1,一般,102,16,3,47.23
7850,"2024-09-19",1,紧急,172,19,12,31.73
7851,"2024-09-19",1,特急,172,55,31,11.4
7852,"2024-09-19",1,应急事件,196,50,32,31.84
7853,"2024-09-19",2,受理中,178,21,1,55.93
7854,"2024-09-19",2,办理中,142,38,14,41.76
7855,"2024-09-19",2,审核中,190,66,17,36.45
7856,"2024-09-19",2,待归档,107,36,24,52.77
7857,"2024-09-19",2,已回访,109,39,18,37.19
7858,"2024-09-20",1,一般,84,38,15,14.02
7859,"2024-09-20",1,紧急,132,33,14,59.25
7860,"2024-09-20",1,特急,143,20,13,29.85
7861,"2024-09-20",1,应急事件,93,26,8,44.59
7862,"2024-09-20",2,受理中,102,18,1,47.77
7863,"2024-09-20",2,办理中,181,69,29,16.78
7864,"2024-09-20",2,审核中,172,19,9,45.76
7865,"2024-09-20",2,待归档,118,15,0,17.7
7866,"2024-09-20",2,已回访,132,51,18,23.23
7867,"2024-09-21",1,一般,157,57,24,52.13
7868,"2024-09-21",1,紧急,107,41,2,53.41
7869,"2024-09-21",1,特急,163,78,52,38.48
7870,"2024-09-21",1,应急事件,124,38,22,16.4
7871,"2024-09-21",2,受理中,106,35,5,33.71
7872,"2024-09-21",2,办理中,174,36,25,59.56
7873,"2024-09-21",2,审核中,89,31,30,29.88
7874,"2024-09-21",2,待归档,150,22,11,12.59
7875,"2024-09-21",2,已回访,131,43,40,29.02
7876,"2024-09-22",1,一般,108,40,32,25.27
7877,"2024-09-22",1,紧急,127,37,16,19.07
7878,"2024-09-22",1,特急,95,31,25,31.48
7879,"2024-09-22",1,应急事件,143,49,33,40.42
7880,"2024-09-22",2,受理中,101,34,1,12.32
7881,"2024-09-22",2,办理中,94,22,19,14.9
7882,"2024-09-22",2,审核中,147,72,46,30.78
7883,"2024-09-22",2,待归档,130,36,23,51.51
7884,"2024-09-22",2,已回访,192,43,25,22.34
7885,"2024-09-23",1,一般,87,38,34,44.44
7886,"2024-09-23",1,紧急,172,10,8,37.97
7887,"2024-09-23",1,特急,142,62,27,38.72
7888,"2024-09-23",1,应急事件,134,21,2,45.9
7889,"2024-09-23",2,受理中,171,75,56,46.89
7890,"2024-09-23",2,办理中,165,55,19,25.01
7891,"2024-09-23",2,审核中,95,26,4,24.38
7892,"2024-09-23",2,待归档,187,76,2,57.96
7893,"2024-09-23",2,已回访,140,59,6,21.68
7894,"2024-09-24",1,一般,180,57,9,13.54
7895,"2024-09-24",1,紧急,146,49,30,21.89
7896,"2024-09-24",1,特急,191,57,6,35.99
7897,"2024-09-24",1,应急事件,169,50,39,56.58
7898,"2024-09-24",2,受理中,103,40,5,17.11
7899,"2024-09-24",2,办理中,139,26,20,34.88
7900,"2024-09-24",2,审核中,139,54,41,17.88
7901,"2024-09-24",2,待归档,183,18,0,26.02
7902,"2024-09-24",2,已回访,191,23,12,27.58
7903,"2024-09-25",1,一般,135,17,10,21.78
7904,"2024-09-25",1,紧急,174,13,1,12.58
7905,"2024-09-25",1,特急,92,38,17,29.77
7906,"2024-09-25",1,应急事件,100,21,13,46.44
7907,"2024-09-25",2,受理中,132,12,10,44.39
7908,"2024-09-25",2,办理中,140,32,17,43.25
7909,"2024-09-25",2,审核中,114,33,18,19.09
7910,"2024-09-25",2,待归档,145,70,60,20.47
7911,"2024-09-25",2,已回访,150,18,13,12.06
7912,"2024-09-26",1,一般,140,29,22,39.54
7913,"2024-09-26",1,紧急,146,50,18,48.87
7914,"2024-09-26",1,特急,143,46,10,13.18
7915,"2024-09-26",1,应急事件,111,17,6,55.39
7916,"2024-09-26",2,受理中,112,38,7,15.81
7917,"2024-09-26",2,办理中,163,74,30,45.7
7918,"2024-09-26",2,审核中,110,39,10,54.58
7919,"2024-09-26",2,待归档,181,51,18,42.44
7920,"2024-09-26",2,已回访,198,38,0,21.32
7921,"2024-09-27",1,一般,123,56,18,21.16
7922,"2024-09-27",1,紧急,190,59,16,41.31
7923,"2024-09-27",1,特急,194,92,84,17.65
7924,"2024-09-27",1,应急事件,117,17,6,34.14
7925,"2024-09-27",2,受理中,92,40,26,36.68
7926,"2024-09-27",2,办理中,116,34,11,38.79
7927,"2024-09-27",2,审核中,115,43,32,15.64
7928,"2024-09-27",2,待归档,114,47,37,54.35
7929,"2024-09-27",2,已回访,126,46,38,49.37
7930,"2024-09-28",1,一般,148,12,6,56.14
7931,"2024-09-28",1,紧急,194,72,35,15.37
7932,"2024-09-28",1,特急,86,25,6,15.55
7933,"2024-09-28",1,应急事件,138,37,20,22.49
7934,"2024-09-28",2,受理中,180,74,22,35.33
7935,"2024-09-28",2,办理中,200,59,33,20.18
7936,"2024-09-28",2,审核中,132,27,16,46.4
7937,"2024-09-28",2,待归档,148,43,12,30.71
7938,"2024-09-28",2,已回访,103,37,28,38.74
7939,"2024-09-29",1,一般,135,45,3,49.74
7940,"2024-09-29",1,紧急,110,24,4,27.0
7941,"2024-09-29",1,特急,90,10,0,57.62
7942,"2024-09-29",1,应急事件,180,59,1,44.84
7943,"2024-09-29",2,受理中,85,35,18,36.2
7944,"2024-09-29",2,办理中,187,12,10,45.56
7945,"2024-09-29",2,审核中,168,50,7,35.97
7946,"2024-09-29",2,待归档,149,12,11,29.6
7947,"2024-09-29",2,已回访,179,48,40,30.22
7948,"2024-09-30",1,一般,126,41,2,38.05
7949,"2024-09-30",1,紧急,168,39,25,51.22
7950,"2024-09-30",1,特急,83,40,4,20.73
7951,"2024-09-30",1,应急事件,130,55,41,50.55
7952,"2024-09-30",2,受理中,113,14,4,48.28
7953,"2024-09-30",2,办理中,125,20,8,36.59
7954,"2024-09-30",2,审核中,146,47,3,54.94
7955,"2024-09-30",2,待归档,101,28,15,25.53
7956,"2024-09-30",2,已回访,142,13,7,42.49
7957,"2024-10-01",1,一般,84,22,15,49.75
7958,"2024-10-01",1,紧急,85,25,23,57.34
7959,"2024-10-01",1,特急,160,47,38,37.89
7960,"2024-10-01",1,应急事件,165,62,33,37.2
7961,"2024-10-01",2,受理中,82,35,14,41.24
7962,"2024-10-01",2,办理中,173,31,2,33.37
7963,"2024-10-01",2,审核中,187,18,13,10.12
7964,"2024-10-01",2,待归档,144,65,44,59.71
7965,"2024-10-01",2,已回访,109,38,36,28.73
7966,"2024-10-02",1,一般,179,20,12,11.77
7967,"2024-10-02",1,紧急,139,44,42,16.54
7968,"2024-10-02",1,特急,119,13,0,37.53
7969,"2024-10-02",1,应急事件,181,28,1,36.82
7970,"2024-10-02",2,受理中,118,30,0,48.3
7971,"2024-10-02",2,办理中,133,44,29,30.3
7972,"2024-10-02",2,审核中,92,19,11,27.77
7973,"2024-10-02",2,待归档,198,47,28,37.45
7974,"2024-10-02",2,已回访,128,44,35,51.91
7975,"2024-10-03",1,一般,121,32,0,10.91
7976,"2024-10-03",1,紧急,193,74,8,16.59
7977,"2024-10-03",1,特急,192,26,11,57.18
7978,"2024-10-03",1,应急事件,186,29,9,19.71
7979,"2024-10-03",2,受理中,161,51,46,16.97
7980,"2024-10-03",2,办理中,190,94,33,36.26
7981,"2024-10-03",2,审核中,141,36,18,45.35
7982,"2024-10-03",2,待归档,162,62,23,33.8
7983,"2024-10-03",2,已回访,134,36,1,58.68
7984,"2024-10-04",1,一般,152,66,2,12.09
7985,"2024-10-04",1,紧急,185,32,25,26.75
7986,"2024-10-04",1,特急,90,14,6,56.87
7987,"2024-10-04",1,应急事件,119,36,32,11.15
7988,"2024-10-04",2,受理中,179,29,17,52.87
7989,"2024-10-04",2,办理中,142,50,0,53.38
7990,"2024-10-04",2,审核中,100,28,14,25.11
7991,"2024-10-04",2,待归档,105,14,6,30.9
7992,"2024-10-04",2,已回访,133,28,20,55.32
7993,"2024-10-05",1,一般,191,25,19,54.27
7994,"2024-10-05",1,紧急,106,41,20,18.68
7995,"2024-10-05",1,特急,173,19,3,30.43
7996,"2024-10-05",1,应急事件,155,61,29,31.02
7997,"2024-10-05",2,受理中,153,57,26,23.43
7998,"2024-10-05",2,办理中,141,50,1,56.77
7999,"2024-10-05",2,审核中,194,19,18,41.46
8000,"2024-10-05",2,待归档,167,36,25,13.53
8001,"2024-10-05",2,已回访,167,36,18,47.67
8002,"2024-10-06",1,一般,137,13,1,20.47
8003,"2024-10-06",1,紧急,111,35,9,19.51
8004,"2024-10-06",1,特急,182,74,19,10.21
8005,"2024-10-06",1,应急事件,143,65,54,44.95
8006,"2024-10-06",2,受理中,147,68,9,12.78
8007,"2024-10-06",2,办理中,118,15,6,11.07
8008,"2024-10-06",2,审核中,94,46,4,20.11
8009,"2024-10-06",2,待归档,197,67,41,36.6
8010,"2024-10-06",2,已回访,177,87,55,16.85
8011,"2024-10-07",1,一般,112,54,35,12.36
8012,"2024-10-07",1,紧急,81,29,12,52.29
8013,"2024-10-07",1,特急,82,30,22,28.63
8014,"2024-10-07",1,应急事件,127,28,20,39.92
8015,"2024-10-07",2,受理中,188,67,25,32.81
8016,"2024-10-07",2,办理中,172,59,8,42.6
8017,"2024-10-07",2,审核中,200,85,59,28.45
8018,"2024-10-07",2,待归档,190,21,8,46.83
8019,"2024-10-07",2,已回访,113,33,30,58.61
8020,"2024-10-08",1,一般,127,21,6,43.2
8021,"2024-10-08",1,紧急,116,37,4,26.4
8022,"2024-10-08",1,特急,193,35,24,39.23
8023,"2024-10-08",1,应急事件,90,17,13,48.26
8024,"2024-10-08",2,受理中,138,54,6,16.0
8025,"2024-10-08",2,办理中,200,88,0,56.58
8026,"2024-10-08",2,审核中,152,31,11,28.31
8027,"2024-10-08",2,待归档,162,40,17,52.43
8028,"2024-10-08",2,已回访,137,16,3,11.11
8029,"2024-10-09",1,一般,115,20,9,18.08
8030,"2024-10-09",1,紧急,143,21,18,18.54
8031,"2024-10-09",1,特急,184,34,15,59.1
8032,"2024-10-09",1,应急事件,81,22,4,57.93
8033,"2024-10-09",2,受理中,103,45,43,49.64
8034,"2024-10-09",2,办理中,190,94,75,32.01
8035,"2024-10-09",2,审核中,100,16,8,21.51
8036,"2024-10-09",2,待归档,130,20,16,50.87
8037,"2024-10-09",2,已回访,156,70,35,46.71
8038,"2024-10-10",1,一般,133,23,8,36.22
8039,"2024-10-10",1,紧急,188,18,6,32.27
8040,"2024-10-10",1,特急,190,37,29,19.96
8041,"2024-10-10",1,应急事件,189,18,6,51.96
8042,"2024-10-10",2,受理中,149,12,0,11.23
8043,"2024-10-10",2,办理中,184,63,26,15.96
8044,"2024-10-10",2,审核中,136,32,18,30.16
8045,"2024-10-10",2,待归档,184,14,12,46.16
8046,"2024-10-10",2,已回访,137,53,26,16.02
8047,"2024-10-11",1,一般,148,19,10,29.27
8048,"2024-10-11",1,紧急,96,18,7,53.86
8049,"2024-10-11",1,特急,184,79,37,54.84
8050,"2024-10-11",1,应急事件,159,47,26,14.71
8051,"2024-10-11",2,受理中,103,41,16,48.9
8052,"2024-10-11",2,办理中,117,21,11,21.21
8053,"2024-10-11",2,审核中,118,30,17,15.54
8054,"2024-10-11",2,待归档,104,37,0,21.04
8055,"2024-10-11",2,已回访,181,55,13,17.47
8056,"2024-10-12",1,一般,194,16,9,17.54
8057,"2024-10-12",1,紧急,129,24,16,35.07
8058,"2024-10-12",1,特急,155,38,36,18.03
8059,"2024-10-12",1,应急事件,199,94,69,27.28
8060,"2024-10-12",2,受理中,161,70,22,32.44
8061,"2024-10-12",2,办理中,124,22,4,26.04
8062,"2024-10-12",2,审核中,105,17,3,40.3
8063,"2024-10-12",2,待归档,199,65,59,26.32
8064,"2024-10-12",2,已回访,114,28,3,26.94
8065,"2024-10-13",1,一般,154,50,38,35.84
8066,"2024-10-13",1,紧急,97,34,1,51.39
8067,"2024-10-13",1,特急,134,48,1,58.88
8068,"2024-10-13",1,应急事件,138,17,8,53.05
8069,"2024-10-13",2,受理中,112,33,11,49.94
8070,"2024-10-13",2,办理中,187,11,10,16.25
8071,"2024-10-13",2,审核中,120,32,25,55.17
8072,"2024-10-13",2,待归档,97,15,7,36.43
8073,"2024-10-13",2,已回访,127,61,31,10.53
8074,"2024-10-14",1,一般,125,36,10,19.57
8075,"2024-10-14",1,紧急,108,25,11,51.51
8076,"2024-10-14",1,特急,180,16,14,27.47
8077,"2024-10-14",1,应急事件,94,21,18,37.77
8078,"2024-10-14",2,受理中,199,79,34,42.78
8079,"2024-10-14",2,办理中,89,26,6,40.29
8080,"2024-10-14",2,审核中,179,23,1,50.7
8081,"2024-10-14",2,待归档,152,24,13,35.92
8082,"2024-10-14",2,已回访,144,33,28,42.96
8083,"2024-10-15",1,一般,121,22,9,39.78
8084,"2024-10-15",1,紧急,169,79,19,33.88
8085,"2024-10-15",1,特急,133,26,25,34.56
8086,"2024-10-15",1,应急事件,186,63,57,20.19
8087,"2024-10-15",2,受理中,106,46,45,49.25
8088,"2024-10-15",2,办理中,83,13,9,45.99
8089,"2024-10-15",2,审核中,117,46,28,43.05
8090,"2024-10-15",2,待归档,177,73,22,28.03
8091,"2024-10-15",2,已回访,128,15,6,58.49
8092,"2024-10-16",1,一般,145,10,7,43.99
8093,"2024-10-16",1,紧急,145,24,5,42.61
8094,"2024-10-16",1,特急,87,38,3,28.27
8095,"2024-10-16",1,应急事件,119,43,6,14.21
8096,"2024-10-16",2,受理中,190,12,2,36.16
8097,"2024-10-16",2,办理中,133,32,9,12.1
8098,"2024-10-16",2,审核中,93,22,11,39.84
8099,"2024-10-16",2,待归档,140,32,11,49.96
8100,"2024-10-16",2,已回访,195,14,7,28.76
8101,"2024-10-17",1,一般,176,17,8,25.95
8102,"2024-10-17",1,紧急,111,14,4,47.53
8103,"2024-10-17",1,特急,188,31,10,56.15
8104,"2024-10-17",1,应急事件,157,50,28,49.92
8105,"2024-10-17",2,受理中,127,48,6,20.76
8106,"2024-10-17",2,办理中,136,50,44,59.15
8107,"2024-10-17",2,审核中,95,43,33,44.69
8108,"2024-10-17",2,待归档,92,31,16,23.83
8109,"2024-10-17",2,已回访,87,40,39,52.84
8110,"2024-10-18",1,一般,170,29,14,14.86
8111,"2024-10-18",1,紧急,85,39,27,17.21
8112,"2024-10-18",1,特急,120,59,35,18.63
8113,"2024-10-18",1,应急事件,140,47,15,27.9
8114,"2024-10-18",2,受理中,141,34,29,32.9
8115,"2024-10-18",2,办理中,145,59,4,12.11
8116,"2024-10-18",2,审核中,136,12,11,14.14
8117,"2024-10-18",2,待归档,141,39,19,35.87
8118,"2024-10-18",2,已回访,143,40,12,16.05
8119,"2024-10-19",1,一般,188,15,5,46.34
8120,"2024-10-19",1,紧急,123,28,14,44.65
8121,"2024-10-19",1,特急,97,39,35,48.23
8122,"2024-10-19",1,应急事件,143,11,5,59.99
8123,"2024-10-19",2,受理中,103,42,16,18.25
8124,"2024-10-19",2,办理中,179,69,49,22.76
8125,"2024-10-19",2,审核中,152,35,30,59.38
8126,"2024-10-19",2,待归档,198,32,26,17.98
8127,"2024-10-19",2,已回访,144,17,7,21.32
8128,"2024-10-20",1,一般,108,31,17,17.2
8129,"2024-10-20",1,紧急,198,93,76,22.73
8130,"2024-10-20",1,特急,174,37,22,43.14
8131,"2024-10-20",1,应急事件,127,31,26,31.57
8132,"2024-10-20",2,受理中,197,55,22,36.68
8133,"2024-10-20",2,办理中,151,55,28,47.37
8134,"2024-10-20",2,审核中,181,17,8,39.53
8135,"2024-10-20",2,待归档,183,32,29,24.31
8136,"2024-10-20",2,已回访,113,51,15,10.59
8137,"2024-10-21",1,一般,191,89,55,25.93
8138,"2024-10-21",1,紧急,98,36,24,47.81
8139,"2024-10-21",1,特急,116,18,0,35.5
8140,"2024-10-21",1,应急事件,114,31,23,11.91
8141,"2024-10-21",2,受理中,116,28,7,17.37
8142,"2024-10-21",2,办理中,195,20,6,36.6
8143,"2024-10-21",2,审核中,94,12,5,54.6
8144,"2024-10-21",2,待归档,144,60,19,59.65
8145,"2024-10-21",2,已回访,163,66,2,36.87
8146,"2024-10-22",1,一般,181,68,19,46.41
8147,"2024-10-22",1,紧急,95,24,17,53.55
8148,"2024-10-22",1,特急,194,64,0,32.98
8149,"2024-10-22",1,应急事件,83,29,5,53.2
8150,"2024-10-22",2,受理中,158,47,38,14.33
8151,"2024-10-22",2,办理中,175,84,15,17.06
8152,"2024-10-22",2,审核中,140,19,14,32.04
8153,"2024-10-22",2,待归档,87,33,22,54.73
8154,"2024-10-22",2,已回访,122,35,0,18.65
8155,"2024-10-23",1,一般,133,44,29,22.06
8156,"2024-10-23",1,紧急,104,42,25,44.48
8157,"2024-10-23",1,特急,109,28,16,21.35
8158,"2024-10-23",1,应急事件,109,50,40,11.51
8159,"2024-10-23",2,受理中,85,39,35,16.56
8160,"2024-10-23",2,办理中,124,46,39,37.71
8161,"2024-10-23",2,审核中,198,54,5,18.57
8162,"2024-10-23",2,待归档,170,38,6,13.68
8163,"2024-10-23",2,已回访,128,12,5,10.44
8164,"2024-10-24",1,一般,125,35,29,14.66
8165,"2024-10-24",1,紧急,125,42,38,48.07
8166,"2024-10-24",1,特急,186,56,11,21.14
8167,"2024-10-24",1,应急事件,197,70,2,41.27
8168,"2024-10-24",2,受理中,89,31,0,11.66
8169,"2024-10-24",2,办理中,90,43,18,20.23
8170,"2024-10-24",2,审核中,118,49,3,32.85
8171,"2024-10-24",2,待归档,113,51,27,18.53
8172,"2024-10-24",2,已回访,96,38,5,52.36
8173,"2024-10-25",1,一般,91,35,2,33.41
8174,"2024-10-25",1,紧急,114,36,7,21.86
8175,"2024-10-25",1,特急,125,47,28,10.75
8176,"2024-10-25",1,应急事件,88,38,18,13.18
8177,"2024-10-25",2,受理中,105,29,25,15.45
8178,"2024-10-25",2,办理中,150,72,7,10.05
8179,"2024-10-25",2,审核中,137,41,35,25.79
8180,"2024-10-25",2,待归档,147,25,3,23.18
8181,"2024-10-25",2,已回访,105,13,5,55.53
8182,"2024-10-26",1,一般,196,31,29,23.86
8183,"2024-10-26",1,紧急,132,16,13,43.05
8184,"2024-10-26",1,特急,180,50,20,47.68
8185,"2024-10-26",1,应急事件,107,49,15,56.08
8186,"2024-10-26",2,受理中,177,36,35,33.2
8187,"2024-10-26",2,办理中,193,29,0,42.89
8188,"2024-10-26",2,审核中,93,21,6,10.17
8189,"2024-10-26",2,待归档,178,62,11,51.88
8190,"2024-10-26",2,已回访,131,27,7,21.33
8191,"2024-10-27",1,一般,129,18,16,44.25
8192,"2024-10-27",1,紧急,82,16,8,17.75
8193,"2024-10-27",1,特急,80,35,13,58.4
8194,"2024-10-27",1,应急事件,93,32,26,21.76
8195,"2024-10-27",2,受理中,177,47,4,25.85
8196,"2024-10-27",2,办理中,94,16,14,31.53
8197,"2024-10-27",2,审核中,91,31,2,32.76
8198,"2024-10-27",2,待归档,193,72,68,59.68
8199,"2024-10-27",2,已回访,101,33,19,13.5
8200,"2024-10-28",1,一般,117,56,33,31.65
8201,"2024-10-28",1,紧急,139,65,60,37.18
8202,"2024-10-28",1,特急,136,28,23,43.83
8203,"2024-10-28",1,应急事件,97,45,6,13.88
8204,"2024-10-28",2,受理中,114,13,1,40.41
8205,"2024-10-28",2,办理中,113,50,9,43.45
8206,"2024-10-28",2,审核中,143,51,40,25.1
8207,"2024-10-28",2,待归档,137,17,2,38.54
8208,"2024-10-28",2,已回访,126,32,31,31.89
8209,"2024-10-29",1,一般,96,45,41,27.5
8210,"2024-10-29",1,紧急,140,41,23,11.94
8211,"2024-10-29",1,特急,147,55,42,25.09
8212,"2024-10-29",1,应急事件,167,58,41,28.45
8213,"2024-10-29",2,受理中,91,31,16,34.53
8214,"2024-10-29",2,办理中,125,31,13,41.24
8215,"2024-10-29",2,审核中,191,49,27,23.19
8216,"2024-10-29",2,待归档,81,19,0,53.54
8217,"2024-10-29",2,已回访,123,54,46,26.47
8218,"2024-10-30",1,一般,194,36,2,54.69
8219,"2024-10-30",1,紧急,171,30,11,19.28
8220,"2024-10-30",1,特急,188,32,8,49.75
8221,"2024-10-30",1,应急事件,184,66,5,49.87
8222,"2024-10-30",2,受理中,145,11,4,18.31
8223,"2024-10-30",2,办理中,198,62,14,35.79
8224,"2024-10-30",2,审核中,159,61,37,19.06
8225,"2024-10-30",2,待归档,178,84,5,25.51
8226,"2024-10-30",2,已回访,195,74,16,50.18
8227,"2024-10-31",1,一般,108,20,5,40.76
8228,"2024-10-31",1,紧急,136,29,26,12.8
8229,"2024-10-31",1,特急,147,50,37,29.31
8230,"2024-10-31",1,应急事件,102,20,4,40.79
8231,"2024-10-31",2,受理中,159,25,6,13.22
8232,"2024-10-31",2,办理中,150,25,14,49.78
8233,"2024-10-31",2,审核中,102,11,2,35.97
8234,"2024-10-31",2,待归档,154,18,3,57.85
8235,"2024-10-31",2,已回访,132,49,18,20.6
8236,"2024-11-01",1,一般,163,42,19,14.01
8237,"2024-11-01",1,紧急,137,42,1,19.26
8238,"2024-11-01",1,特急,164,70,39,49.03
8239,"2024-11-01",1,应急事件,126,19,0,28.62
8240,"2024-11-01",2,受理中,114,34,26,50.28
8241,"2024-11-01",2,办理中,168,12,4,58.32
8242,"2024-11-01",2,审核中,178,22,4,32.22
8243,"2024-11-01",2,待归档,161,29,12,48.37
8244,"2024-11-01",2,已回访,135,47,36,36.34
8245,"2024-11-02",1,一般,121,22,10,26.59
8246,"2024-11-02",1,紧急,159,78,75,34.09
8247,"2024-11-02",1,特急,129,51,4,30.74
8248,"2024-11-02",1,应急事件,81,14,5,14.8
8249,"2024-11-02",2,受理中,160,17,10,25.93
8250,"2024-11-02",2,办理中,198,79,7,38.62
8251,"2024-11-02",2,审核中,144,15,13,59.93
8252,"2024-11-02",2,待归档,97,29,13,55.91
8253,"2024-11-02",2,已回访,174,19,18,56.28
8254,"2024-11-03",1,一般,151,66,9,18.88
8255,"2024-11-03",1,紧急,192,41,5,44.95
8256,"2024-11-03",1,特急,149,37,5,27.46
8257,"2024-11-03",1,应急事件,103,37,4,59.06
8258,"2024-11-03",2,受理中,99,31,1,23.41
8259,"2024-11-03",2,办理中,124,38,3,11.07
8260,"2024-11-03",2,审核中,130,10,8,41.97
8261,"2024-11-03",2,待归档,198,42,4,23.47
8262,"2024-11-03",2,已回访,145,71,38,21.15
8263,"2024-11-04",1,一般,114,35,34,34.24
8264,"2024-11-04",1,紧急,172,35,16,24.07
8265,"2024-11-04",1,特急,186,23,11,33.62
8266,"2024-11-04",1,应急事件,186,90,6,10.11
8267,"2024-11-04",2,受理中,164,50,24,25.9
8268,"2024-11-04",2,办理中,89,35,34,45.43
8269,"2024-11-04",2,审核中,124,10,1,38.32
8270,"2024-11-04",2,待归档,112,37,25,14.91
8271,"2024-11-04",2,已回访,172,50,18,12.05
8272,"2024-11-05",1,一般,134,13,8,48.91
8273,"2024-11-05",1,紧急,107,28,13,37.88
8274,"2024-11-05",1,特急,153,29,3,12.02
8275,"2024-11-05",1,应急事件,127,32,16,52.29
8276,"2024-11-05",2,受理中,137,42,0,18.83
8277,"2024-11-05",2,办理中,182,82,64,26.64
8278,"2024-11-05",2,审核中,106,22,17,52.86
8279,"2024-11-05",2,待归档,193,18,13,12.72
8280,"2024-11-05",2,已回访,192,56,18,44.53
8281,"2024-11-06",1,一般,137,50,20,10.39
8282,"2024-11-06",1,紧急,187,57,16,22.72
8283,"2024-11-06",1,特急,88,16,3,36.21
8284,"2024-11-06",1,应急事件,103,39,12,20.8
8285,"2024-11-06",2,受理中,122,15,3,20.75
8286,"2024-11-06",2,办理中,92,24,21,22.41
8287,"2024-11-06",2,审核中,125,39,20,10.56
8288,"2024-11-06",2,待归档,89,18,9,58.02
8289,"2024-11-06",2,已回访,175,57,17,37.3
8290,"2024-11-07",1,一般,157,10,4,50.5
8291,"2024-11-07",1,紧急,83,28,4,59.5
8292,"2024-11-07",1,特急,177,32,6,43.12
8293,"2024-11-07",1,应急事件,127,31,5,14.94
8294,"2024-11-07",2,受理中,182,67,57,21.98
8295,"2024-11-07",2,办理中,175,77,8,36.72
8296,"2024-11-07",2,审核中,157,28,18,53.85
8297,"2024-11-07",2,待归档,142,39,32,24.98
8298,"2024-11-07",2,已回访,114,11,7,23.57
8299,"2024-11-08",1,一般,184,86,19,28.21
8300,"2024-11-08",1,紧急,158,48,10,43.84
8301,"2024-11-08",1,特急,185,29,13,25.45
8302,"2024-11-08",1,应急事件,187,21,2,18.79
8303,"2024-11-08",2,受理中,171,19,13,16.28
8304,"2024-11-08",2,办理中,137,15,9,14.62
8305,"2024-11-08",2,审核中,145,71,1,49.65
8306,"2024-11-08",2,待归档,99,46,25,38.17
8307,"2024-11-08",2,已回访,185,45,23,32.78
8308,"2024-11-09",1,一般,94,32,30,24.99
8309,"2024-11-09",1,紧急,130,14,9,27.92
8310,"2024-11-09",1,特急,154,73,71,25.68
8311,"2024-11-09",1,应急事件,122,21,11,47.4
8312,"2024-11-09",2,受理中,134,26,5,42.71
8313,"2024-11-09",2,办理中,166,33,19,52.24
8314,"2024-11-09",2,审核中,91,30,22,38.2
8315,"2024-11-09",2,待归档,109,44,3,35.01
8316,"2024-11-09",2,已回访,125,60,38,40.14
8317,"2024-11-10",1,一般,145,17,7,32.78
8318,"2024-11-10",1,紧急,169,54,43,47.47
8319,"2024-11-10",1,特急,124,54,43,48.37
8320,"2024-11-10",1,应急事件,116,10,3,13.21
8321,"2024-11-10",2,受理中,143,50,1,18.87
8322,"2024-11-10",2,办理中,200,62,36,46.5
8323,"2024-11-10",2,审核中,172,14,7,49.19
8324,"2024-11-10",2,待归档,126,10,3,44.15
8325,"2024-11-10",2,已回访,170,45,5,44.87
8326,"2024-11-11",1,一般,199,25,17,40.14
8327,"2024-11-11",1,紧急,145,71,56,11.07
8328,"2024-11-11",1,特急,197,85,1,39.28
8329,"2024-11-11",1,应急事件,96,46,1,58.5
8330,"2024-11-11",2,受理中,187,39,7,36.96
8331,"2024-11-11",2,办理中,91,44,13,20.35
8332,"2024-11-11",2,审核中,116,50,12,37.34
8333,"2024-11-11",2,待归档,120,27,5,51.21
8334,"2024-11-11",2,已回访,90,32,6,29.41
8335,"2024-11-12",1,一般,90,26,8,34.12
8336,"2024-11-12",1,紧急,143,24,11,25.97
8337,"2024-11-12",1,特急,163,70,5,21.36
8338,"2024-11-12",1,应急事件,83,37,27,42.86
8339,"2024-11-12",2,受理中,177,40,26,54.93
8340,"2024-11-12",2,办理中,156,21,15,49.52
8341,"2024-11-12",2,审核中,172,69,22,55.24
8342,"2024-11-12",2,待归档,152,42,6,23.78
8343,"2024-11-12",2,已回访,117,29,6,24.29
8344,"2024-11-13",1,一般,88,11,10,23.31
8345,"2024-11-13",1,紧急,130,38,7,12.93
8346,"2024-11-13",1,特急,199,55,50,16.48
8347,"2024-11-13",1,应急事件,163,77,14,20.99
8348,"2024-11-13",2,受理中,189,77,31,15.5
8349,"2024-11-13",2,办理中,162,19,3,45.07
8350,"2024-11-13",2,审核中,152,57,13,36.04
8351,"2024-11-13",2,待归档,190,41,5,55.01
8352,"2024-11-13",2,已回访,125,33,9,58.05
8353,"2024-11-14",1,一般,166,62,8,45.01
8354,"2024-11-14",1,紧急,162,17,16,19.23
8355,"2024-11-14",1,特急,105,31,16,26.87
8356,"2024-11-14",1,应急事件,129,13,5,18.43
8357,"2024-11-14",2,受理中,150,53,20,29.16
8358,"2024-11-14",2,办理中,145,38,9,41.88
8359,"2024-11-14",2,审核中,163,27,0,16.48
8360,"2024-11-14",2,待归档,186,81,69,14.24
8361,"2024-11-14",2,已回访,90,44,42,18.18
8362,"2024-11-15",1,一般,157,72,57,58.58
8363,"2024-11-15",1,紧急,119,32,29,44.92
8364,"2024-11-15",1,特急,180,73,48,19.79
8365,"2024-11-15",1,应急事件,157,33,13,31.19
8366,"2024-11-15",2,受理中,156,77,70,32.55
8367,"2024-11-15",2,办理中,148,18,6,33.62
8368,"2024-11-15",2,审核中,190,60,34,43.46
8369,"2024-11-15",2,待归档,179,68,46,32.06
8370,"2024-11-15",2,已回访,104,35,6,29.44
8371,"2024-11-16",1,一般,132,18,9,27.93
8372,"2024-11-16",1,紧急,123,36,6,13.0
8373,"2024-11-16",1,特急,163,46,32,39.3
8374,"2024-11-16",1,应急事件,127,10,8,29.49
8375,"2024-11-16",2,受理中,189,81,65,25.48
8376,"2024-11-16",2,办理中,157,40,35,45.55
8377,"2024-11-16",2,审核中,150,23,1,16.02
8378,"2024-11-16",2,待归档,101,23,16,58.53
8379,"2024-11-16",2,已回访,177,75,38,55.43
8380,"2024-11-17",1,一般,171,66,44,51.34
8381,"2024-11-17",1,紧急,129,12,11,12.5
8382,"2024-11-17",1,特急,145,35,26,35.1
8383,"2024-11-17",1,应急事件,174,17,8,58.47
8384,"2024-11-17",2,受理中,157,74,46,54.39
8385,"2024-11-17",2,办理中,151,61,42,21.93
8386,"2024-11-17",2,审核中,146,71,59,22.35
8387,"2024-11-17",2,待归档,142,67,23,11.84
8388,"2024-11-17",2,已回访,84,21,19,28.46
8389,"2024-11-18",1,一般,189,87,85,16.97
8390,"2024-11-18",1,紧急,181,13,4,49.4
8391,"2024-11-18",1,特急,191,75,42,16.3
8392,"2024-11-18",1,应急事件,142,13,1,35.4
8393,"2024-11-18",2,受理中,109,51,7,43.18
8394,"2024-11-18",2,办理中,173,69,55,29.09
8395,"2024-11-18",2,审核中,164,47,11,31.3
8396,"2024-11-18",2,待归档,116,32,16,58.6
8397,"2024-11-18",2,已回访,107,20,5,13.71
8398,"2024-11-19",1,一般,157,29,23,39.8
8399,"2024-11-19",1,紧急,139,45,1,30.89
8400,"2024-11-19",1,特急,167,11,6,15.51
8401,"2024-11-19",1,应急事件,104,45,16,43.61
8402,"2024-11-19",2,受理中,165,31,11,49.55
8403,"2024-11-19",2,办理中,134,42,11,54.56
8404,"2024-11-19",2,审核中,87,37,22,27.74
8405,"2024-11-19",2,待归档,199,96,10,31.76
8406,"2024-11-19",2,已回访,80,34,10,15.9
8407,"2024-11-20",1,一般,133,57,55,59.96
8408,"2024-11-20",1,紧急,136,65,58,18.55
8409,"2024-11-20",1,特急,198,40,12,46.59
8410,"2024-11-20",1,应急事件,188,64,14,37.79
8411,"2024-11-20",2,受理中,103,13,10,51.44
8412,"2024-11-20",2,办理中,105,21,9,50.36
8413,"2024-11-20",2,审核中,148,17,16,46.18
8414,"2024-11-20",2,待归档,144,47,40,31.91
8415,"2024-11-20",2,已回访,169,83,15,41.78
8416,"2024-11-21",1,一般,195,58,3,11.04
8417,"2024-11-21",1,紧急,127,15,13,41.63
8418,"2024-11-21",1,特急,194,32,26,47.03
8419,"2024-11-21",1,应急事件,143,64,28,49.96
8420,"2024-11-21",2,受理中,200,40,19,13.95
8421,"2024-11-21",2,办理中,98,10,7,55.77
8422,"2024-11-21",2,审核中,190,22,5,32.85
8423,"2024-11-21",2,待归档,116,11,8,47.71
8424,"2024-11-21",2,已回访,148,68,64,27.41
8425,"2024-11-22",1,一般,158,38,30,15.62
8426,"2024-11-22",1,紧急,177,68,45,33.24
8427,"2024-11-22",1,特急,110,11,4,31.62
8428,"2024-11-22",1,应急事件,112,31,14,22.51
8429,"2024-11-22",2,受理中,116,19,14,28.6
8430,"2024-11-22",2,办理中,108,35,1,18.69
8431,"2024-11-22",2,审核中,189,32,27,30.22
8432,"2024-11-22",2,待归档,111,20,15,33.04
8433,"2024-11-22",2,已回访,192,66,19,57.1
8434,"2024-11-23",1,一般,117,42,35,58.88
8435,"2024-11-23",1,紧急,169,73,14,33.26
8436,"2024-11-23",1,特急,140,34,20,40.61
8437,"2024-11-23",1,应急事件,95,34,14,59.9
8438,"2024-11-23",2,受理中,173,20,10,34.36
8439,"2024-11-23",2,办理中,170,72,41,50.44
8440,"2024-11-23",2,审核中,145,66,57,20.71
8441,"2024-11-23",2,待归档,113,23,5,15.83
8442,"2024-11-23",2,已回访,189,16,14,56.0
8443,"2024-11-24",1,一般,132,15,2,19.75
8444,"2024-11-24",1,紧急,94,34,31,48.19
8445,"2024-11-24",1,特急,115,29,25,17.27
8446,"2024-11-24",1,应急事件,88,43,30,27.31
8447,"2024-11-24",2,受理中,200,82,61,48.93
8448,"2024-11-24",2,办理中,130,60,59,41.4
8449,"2024-11-24",2,审核中,113,10,6,31.64
8450,"2024-11-24",2,待归档,176,72,6,56.25
8451,"2024-11-24",2,已回访,97,18,14,48.07
8452,"2024-11-25",1,一般,187,75,7,40.09
8453,"2024-11-25",1,紧急,127,56,16,59.36
8454,"2024-11-25",1,特急,121,18,17,29.12
8455,"2024-11-25",1,应急事件,106,14,5,11.62
8456,"2024-11-25",2,受理中,166,11,3,33.78
8457,"2024-11-25",2,办理中,167,70,59,12.45
8458,"2024-11-25",2,审核中,109,17,14,37.64
8459,"2024-11-25",2,待归档,89,41,1,30.14
8460,"2024-11-25",2,已回访,82,40,11,19.64
8461,"2024-11-26",1,一般,137,44,40,38.04
8462,"2024-11-26",1,紧急,96,21,9,12.38
8463,"2024-11-26",1,特急,109,20,12,10.73
8464,"2024-11-26",1,应急事件,116,15,5,34.14
8465,"2024-11-26",2,受理中,191,66,20,58.46
8466,"2024-11-26",2,办理中,143,29,9,41.92
8467,"2024-11-26",2,审核中,110,24,18,27.49
8468,"2024-11-26",2,待归档,181,40,7,57.03
8469,"2024-11-26",2,已回访,183,60,12,18.87
8470,"2024-11-27",1,一般,96,17,2,59.74
8471,"2024-11-27",1,紧急,177,39,6,51.78
8472,"2024-11-27",1,特急,81,15,6,26.06
8473,"2024-11-27",1,应急事件,124,30,29,36.42
8474,"2024-11-27",2,受理中,158,69,40,11.85
8475,"2024-11-27",2,办理中,121,24,15,11.67
8476,"2024-11-27",2,审核中,168,80,26,42.91
8477,"2024-11-27",2,待归档,199,41,8,15.2
8478,"2024-11-27",2,已回访,95,32,31,55.11
8479,"2024-11-28",1,一般,170,47,15,27.02
8480,"2024-11-28",1,紧急,117,27,9,20.49
8481,"2024-11-28",1,特急,151,73,38,45.82
8482,"2024-11-28",1,应急事件,81,18,7,42.59
8483,"2024-11-28",2,受理中,85,25,2,50.04
8484,"2024-11-28",2,办理中,135,46,1,48.62
8485,"2024-11-28",2,审核中,132,15,10,22.31
8486,"2024-11-28",2,待归档,186,86,47,42.86
8487,"2024-11-28",2,已回访,197,72,38,56.76
8488,"2024-11-29",1,一般,126,17,10,43.51
8489,"2024-11-29",1,紧急,95,31,17,56.2
8490,"2024-11-29",1,特急,181,81,31,38.7
8491,"2024-11-29",1,应急事件,196,91,52,25.27
8492,"2024-11-29",2,受理中,167,55,20,28.08
8493,"2024-11-29",2,办理中,107,52,18,51.29
8494,"2024-11-29",2,审核中,167,76,36,51.36
8495,"2024-11-29",2,待归档,110,21,13,32.0
8496,"2024-11-29",2,已回访,99,18,0,45.67
8497,"2024-11-30",1,一般,176,63,46,59.64
8498,"2024-11-30",1,紧急,198,26,7,35.09
8499,"2024-11-30",1,特急,111,51,27,27.06
8500,"2024-11-30",1,应急事件,179,17,6,14.73
8501,"2024-11-30",2,受理中,138,11,4,37.31
8502,"2024-11-30",2,办理中,162,69,54,17.35
8503,"2024-11-30",2,审核中,157,62,45,38.72
8504,"2024-11-30",2,待归档,139,55,17,15.67
8505,"2024-11-30",2,已回访,191,83,60,16.37
8506,"2024-12-01",1,一般,118,23,9,36.84
8507,"2024-12-01",1,紧急,145,20,10,56.4
8508,"2024-12-01",1,特急,164,53,0,53.76
8509,"2024-12-01",1,应急事件,112,17,5,29.47
8510,"2024-12-01",2,受理中,129,40,32,44.82
8511,"2024-12-01",2,办理中,153,25,8,18.83
8512,"2024-12-01",2,审核中,139,63,56,33.15
8513,"2024-12-01",2,待归档,121,23,17,43.09
8514,"2024-12-01",2,已回访,180,40,2,35.97
8515,"2024-12-02",1,一般,195,47,43,31.65
8516,"2024-12-02",1,紧急,90,18,0,45.08
8517,"2024-12-02",1,特急,161,17,13,40.3
8518,"2024-12-02",1,应急事件,91,37,20,13.4
8519,"2024-12-02",2,受理中,117,13,6,45.27
8520,"2024-12-02",2,办理中,185,75,69,55.48
8521,"2024-12-02",2,审核中,195,45,26,28.68
8522,"2024-12-02",2,待归档,111,34,28,10.41
8523,"2024-12-02",2,已回访,199,36,35,46.58
8524,"2024-12-03",1,一般,166,68,51,20.54
8525,"2024-12-03",1,紧急,191,84,17,33.47
8526,"2024-12-03",1,特急,133,17,2,11.04
8527,"2024-12-03",1,应急事件,181,70,12,17.08
8528,"2024-12-03",2,受理中,89,20,13,39.75
8529,"2024-12-03",2,办理中,83,14,4,27.14
8530,"2024-12-03",2,审核中,116,27,12,46.4
8531,"2024-12-03",2,待归档,132,55,49,39.66
8532,"2024-12-03",2,已回访,140,45,41,38.32
8533,"2024-12-04",1,一般,120,59,17,50.93
8534,"2024-12-04",1,紧急,166,50,12,41.34
8535,"2024-12-04",1,特急,192,10,7,52.93
8536,"2024-12-04",1,应急事件,99,37,19,55.3
8537,"2024-12-04",2,受理中,130,47,46,25.54
8538,"2024-12-04",2,办理中,85,34,32,23.0
8539,"2024-12-04",2,审核中,110,38,29,45.54
8540,"2024-12-04",2,待归档,117,40,23,31.03
8541,"2024-12-04",2,已回访,167,76,33,12.57
8542,"2024-12-05",1,一般,195,14,11,22.88
8543,"2024-12-05",1,紧急,175,32,12,22.24
8544,"2024-12-05",1,特急,116,54,12,50.14
8545,"2024-12-05",1,应急事件,141,16,1,33.97
8546,"2024-12-05",2,受理中,180,70,22,16.56
8547,"2024-12-05",2,办理中,176,47,42,30.56
8548,"2024-12-05",2,审核中,87,32,30,29.98
8549,"2024-12-05",2,待归档,148,28,27,51.37
8550,"2024-12-05",2,已回访,190,45,3,58.78
8551,"2024-12-06",1,一般,176,67,13,33.92
8552,"2024-12-06",1,紧急,166,33,10,12.43
8553,"2024-12-06",1,特急,128,41,10,20.96
8554,"2024-12-06",1,应急事件,190,36,17,33.84
8555,"2024-12-06",2,受理中,100,11,6,37.64
8556,"2024-12-06",2,办理中,93,41,21,54.48
8557,"2024-12-06",2,审核中,128,51,41,54.89
8558,"2024-12-06",2,待归档,137,30,7,12.9
8559,"2024-12-06",2,已回访,123,43,24,53.7
8560,"2024-12-07",1,一般,119,23,2,38.12
8561,"2024-12-07",1,紧急,142,10,3,19.21
8562,"2024-12-07",1,特急,83,22,17,54.05
8563,"2024-12-07",1,应急事件,90,31,6,36.63
8564,"2024-12-07",2,受理中,192,52,37,39.4
8565,"2024-12-07",2,办理中,200,50,45,16.46
8566,"2024-12-07",2,审核中,112,10,6,27.41
8567,"2024-12-07",2,待归档,121,47,46,13.59
8568,"2024-12-07",2,已回访,100,47,40,48.39
8569,"2024-12-08",1,一般,124,35,5,37.25
8570,"2024-12-08",1,紧急,154,63,9,58.83
8571,"2024-12-08",1,特急,181,56,18,28.19
8572,"2024-12-08",1,应急事件,172,44,27,25.77
8573,"2024-12-08",2,受理中,193,25,13,17.1
8574,"2024-12-08",2,办理中,123,57,45,44.54
8575,"2024-12-08",2,审核中,166,27,5,33.07
8576,"2024-12-08",2,待归档,147,44,31,37.46
8577,"2024-12-08",2,已回访,186,86,71,32.91
8578,"2024-12-09",1,一般,90,20,11,28.25
8579,"2024-12-09",1,紧急,86,37,12,43.6
8580,"2024-12-09",1,特急,146,20,14,12.9
8581,"2024-12-09",1,应急事件,183,19,4,42.52
8582,"2024-12-09",2,受理中,163,74,49,47.2
8583,"2024-12-09",2,办理中,139,34,5,23.92
8584,"2024-12-09",2,审核中,153,29,4,56.78
8585,"2024-12-09",2,待归档,152,42,22,23.0
8586,"2024-12-09",2,已回访,126,62,23,13.79
8587,"2024-12-10",1,一般,196,49,6,41.83
8588,"2024-12-10",1,紧急,118,58,51,15.03
8589,"2024-12-10",1,特急,90,27,23,17.88
8590,"2024-12-10",1,应急事件,86,22,4,36.0
8591,"2024-12-10",2,受理中,136,44,19,52.02
8592,"2024-12-10",2,办理中,188,33,3,31.63
8593,"2024-12-10",2,审核中,119,43,40,23.28
8594,"2024-12-10",2,待归档,154,15,13,20.09
8595,"2024-12-10",2,已回访,100,36,15,37.4
8596,"2024-12-11",1,一般,134,52,12,27.63
8597,"2024-12-11",1,紧急,146,29,26,15.82
8598,"2024-12-11",1,特急,166,47,20,13.02
8599,"2024-12-11",1,应急事件,90,30,28,18.37
8600,"2024-12-11",2,受理中,198,64,43,57.44
8601,"2024-12-11",2,办理中,81,22,20,33.82
8602,"2024-12-11",2,审核中,119,18,8,21.31
8603,"2024-12-11",2,待归档,176,83,44,52.23
8604,"2024-12-11",2,已回访,126,27,23,18.19
8605,"2024-12-12",1,一般,88,38,36,36.97
8606,"2024-12-12",1,紧急,199,98,72,50.13
8607,"2024-12-12",1,特急,130,31,19,24.14
8608,"2024-12-12",1,应急事件,140,45,23,13.43
8609,"2024-12-12",2,受理中,86,14,5,34.59
8610,"2024-12-12",2,办理中,108,10,4,36.43
8611,"2024-12-12",2,审核中,183,28,22,24.9
8612,"2024-12-12",2,待归档,118,18,4,11.59
8613,"2024-12-12",2,已回访,125,55,47,35.58
8614,"2024-12-13",1,一般,126,29,10,53.53
8615,"2024-12-13",1,紧急,90,30,27,29.01
8616,"2024-12-13",1,特急,142,24,10,46.64
8617,"2024-12-13",1,应急事件,152,70,59,23.77
8618,"2024-12-13",2,受理中,81,37,20,15.37
8619,"2024-12-13",2,办理中,119,31,8,26.68
8620,"2024-12-13",2,审核中,130,19,7,11.11
8621,"2024-12-13",2,待归档,185,19,1,47.13
8622,"2024-12-13",2,已回访,92,24,4,40.91
8623,"2024-12-14",1,一般,136,16,1,41.68
8624,"2024-12-14",1,紧急,91,21,18,11.81
8625,"2024-12-14",1,特急,189,40,30,50.51
8626,"2024-12-14",1,应急事件,150,67,65,12.08
8627,"2024-12-14",2,受理中,122,59,33,22.09
8628,"2024-12-14",2,办理中,182,17,8,55.63
8629,"2024-12-14",2,审核中,134,29,20,41.65
8630,"2024-12-14",2,待归档,147,66,34,31.36
8631,"2024-12-14",2,已回访,132,56,14,58.88
8632,"2024-12-15",1,一般,88,43,22,44.5
8633,"2024-12-15",1,紧急,106,34,21,15.09
8634,"2024-12-15",1,特急,198,94,15,27.21
8635,"2024-12-15",1,应急事件,98,33,32,57.58
8636,"2024-12-15",2,受理中,125,40,29,16.01
8637,"2024-12-15",2,办理中,132,13,11,58.89
8638,"2024-12-15",2,审核中,188,78,23,58.1
8639,"2024-12-15",2,待归档,118,26,3,16.0
8640,"2024-12-15",2,已回访,184,31,7,31.83
8641,"2024-12-16",1,一般,138,57,37,27.61
8642,"2024-12-16",1,紧急,173,69,43,10.54
8643,"2024-12-16",1,特急,88,10,3,39.15
8644,"2024-12-16",1,应急事件,90,28,23,51.96
8645,"2024-12-16",2,受理中,155,13,12,59.71
8646,"2024-12-16",2,办理中,99,25,15,19.6
8647,"2024-12-16",2,审核中,167,76,59,25.06
8648,"2024-12-16",2,待归档,137,36,12,40.76
8649,"2024-12-16",2,已回访,89,17,10,50.12
8650,"2024-12-17",1,一般,148,20,17,24.89
8651,"2024-12-17",1,紧急,181,31,7,19.24
8652,"2024-12-17",1,特急,196,94,82,57.49
8653,"2024-12-17",1,应急事件,160,36,0,27.2
8654,"2024-12-17",2,受理中,96,31,21,29.16
8655,"2024-12-17",2,办理中,120,28,11,29.29
8656,"2024-12-17",2,审核中,122,21,8,57.63
8657,"2024-12-17",2,待归档,155,20,15,55.0
8658,"2024-12-17",2,已回访,154,55,32,27.56
8659,"2024-12-18",1,一般,164,10,0,50.21
8660,"2024-12-18",1,紧急,170,72,6,54.53
8661,"2024-12-18",1,特急,187,71,6,30.21
8662,"2024-12-18",1,应急事件,120,58,18,31.76
8663,"2024-12-18",2,受理中,82,16,11,53.85
8664,"2024-12-18",2,办理中,85,39,26,46.02
8665,"2024-12-18",2,审核中,171,25,11,47.36
8666,"2024-12-18",2,待归档,127,14,0,56.04
8667,"2024-12-18",2,已回访,179,18,10,10.37
8668,"2024-12-19",1,一般,113,22,11,16.78
8669,"2024-12-19",1,紧急,128,53,42,10.33
8670,"2024-12-19",1,特急,166,56,29,28.03
8671,"2024-12-19",1,应急事件,199,83,66,37.74
8672,"2024-12-19",2,受理中,183,54,45,27.03
8673,"2024-12-19",2,办理中,147,25,10,46.09
8674,"2024-12-19",2,审核中,95,46,34,50.56
8675,"2024-12-19",2,待归档,114,46,0,35.6
8676,"2024-12-19",2,已回访,171,62,41,34.49
8677,"2024-12-20",1,一般,194,46,32,35.83
8678,"2024-12-20",1,紧急,161,69,40,17.51
8679,"2024-12-20",1,特急,109,53,49,50.77
8680,"2024-12-20",1,应急事件,140,29,19,31.74
8681,"2024-12-20",2,受理中,129,18,10,11.81
8682,"2024-12-20",2,办理中,152,32,3,45.91
8683,"2024-12-20",2,审核中,163,76,20,30.1
8684,"2024-12-20",2,待归档,184,28,0,57.07
8685,"2024-12-20",2,已回访,146,36,28,18.06
8686,"2024-12-21",1,一般,139,56,51,52.54
8687,"2024-12-21",1,紧急,173,52,31,51.91
8688,"2024-12-21",1,特急,121,56,11,26.36
8689,"2024-12-21",1,应急事件,112,41,7,13.73
8690,"2024-12-21",2,受理中,136,48,47,37.23
8691,"2024-12-21",2,办理中,108,19,15,40.42
8692,"2024-12-21",2,审核中,198,11,1,40.03
8693,"2024-12-21",2,待归档,101,27,2,26.89
8694,"2024-12-21",2,已回访,101,36,25,52.58
8695,"2024-12-22",1,一般,138,10,8,29.45
8696,"2024-12-22",1,紧急,95,28,26,20.53
8697,"2024-12-22",1,特急,124,26,25,37.89
8698,"2024-12-22",1,应急事件,88,27,3,18.59
8699,"2024-12-22",2,受理中,174,48,31,46.95
8700,"2024-12-22",2,办理中,92,17,2,47.73
8701,"2024-12-22",2,审核中,83,36,3,13.73
8702,"2024-12-22",2,待归档,178,83,17,40.83
8703,"2024-12-22",2,已回访,127,11,3,54.79
8704,"2024-12-23",1,一般,88,41,0,52.81
8705,"2024-12-23",1,紧急,107,12,1,22.27
8706,"2024-12-23",1,特急,180,75,41,24.39
8707,"2024-12-23",1,应急事件,102,24,23,13.04
8708,"2024-12-23",2,受理中,169,46,25,56.78
8709,"2024-12-23",2,办理中,164,34,7,22.3
8710,"2024-12-23",2,审核中,144,40,27,10.8
8711,"2024-12-23",2,待归档,178,38,30,53.47
8712,"2024-12-23",2,已回访,185,82,36,22.3
8713,"2024-12-24",1,一般,137,57,10,48.91
8714,"2024-12-24",1,紧急,199,73,26,58.85
8715,"2024-12-24",1,特急,124,29,24,18.8
8716,"2024-12-24",1,应急事件,110,21,3,50.92
8717,"2024-12-24",2,受理中,198,24,10,17.32
8718,"2024-12-24",2,办理中,168,54,21,23.05
8719,"2024-12-24",2,审核中,99,32,4,46.23
8720,"2024-12-24",2,待归档,149,60,35,32.35
8721,"2024-12-24",2,已回访,106,36,7,11.99
8722,"2024-12-25",1,一般,171,20,16,38.73
8723,"2024-12-25",1,紧急,129,20,13,31.37
8724,"2024-12-25",1,特急,134,51,9,28.96
8725,"2024-12-25",1,应急事件,112,21,5,47.34
8726,"2024-12-25",2,受理中,85,21,6,27.71
8727,"2024-12-25",2,办理中,88,28,22,58.03
8728,"2024-12-25",2,审核中,109,18,3,53.25
8729,"2024-12-25",2,待归档,83,34,22,11.72
8730,"2024-12-25",2,已回访,94,33,13,21.82
8731,"2024-12-26",1,一般,96,20,11,13.76
8732,"2024-12-26",1,紧急,191,59,14,45.6
8733,"2024-12-26",1,特急,114,52,36,29.05
8734,"2024-12-26",1,应急事件,187,87,85,24.66
8735,"2024-12-26",2,受理中,182,23,19,59.69
8736,"2024-12-26",2,办理中,106,24,21,54.96
8737,"2024-12-26",2,审核中,159,47,27,29.97
8738,"2024-12-26",2,待归档,193,85,73,47.45
8739,"2024-12-26",2,已回访,142,25,17,16.22
8740,"2024-12-27",1,一般,163,68,64,12.37
8741,"2024-12-27",1,紧急,178,76,16,59.01
8742,"2024-12-27",1,特急,81,28,16,11.52
8743,"2024-12-27",1,应急事件,88,33,27,34.31
8744,"2024-12-27",2,受理中,101,30,27,34.57
8745,"2024-12-27",2,办理中,128,27,0,30.26
8746,"2024-12-27",2,审核中,106,36,30,28.66
8747,"2024-12-27",2,待归档,132,39,22,26.05
8748,"2024-12-27",2,已回访,84,32,29,13.78
8749,"2024-12-28",1,一般,191,35,17,55.02
8750,"2024-12-28",1,紧急,183,73,60,16.38
8751,"2024-12-28",1,特急,125,12,2,10.29
8752,"2024-12-28",1,应急事件,190,13,12,26.4
8753,"2024-12-28",2,受理中,160,65,36,13.8
8754,"2024-12-28",2,办理中,152,12,7,56.05
8755,"2024-12-28",2,审核中,96,34,4,10.08
8756,"2024-12-28",2,待归档,164,11,10,17.2
8757,"2024-12-28",2,已回访,195,25,14,47.4
8758,"2024-12-29",1,一般,156,16,15,13.36
8759,"2024-12-29",1,紧急,180,82,57,14.45
8760,"2024-12-29",1,特急,164,60,58,46.72
8761,"2024-12-29",1,应急事件,176,80,44,20.03
8762,"2024-12-29",2,受理中,179,81,8,44.4
8763,"2024-12-29",2,办理中,109,21,11,48.65
8764,"2024-12-29",2,审核中,182,70,51,17.88
8765,"2024-12-29",2,待归档,97,33,25,48.02
8766,"2024-12-29",2,已回访,195,26,18,27.93
8767,"2024-12-30",1,一般,83,32,2,35.51
8768,"2024-12-30",1,紧急,80,30,8,13.55
8769,"2024-12-30",1,特急,147,28,14,26.52
8770,"2024-12-30",1,应急事件,126,35,22,28.46
8771,"2024-12-30",2,受理中,197,33,5,28.49
8772,"2024-12-30",2,办理中,188,15,1,49.16
8773,"2024-12-30",2,审核中,140,34,30,17.45
8774,"2024-12-30",2,待归档,200,15,7,26.52
8775,"2024-12-30",2,已回访,139,36,32,42.04
8776,"2024-12-31",1,一般,123,12,8,34.28
8777,"2024-12-31",1,紧急,199,14,1,32.18
8778,"2024-12-31",1,特急,98,41,12,13.11
8779,"2024-12-31",1,应急事件,83,17,16,25.27
8780,"2024-12-31",2,受理中,184,13,7,26.87
8781,"2024-12-31",2,办理中,82,29,17,38.79
8782,"2024-12-31",2,审核中,102,13,4,36.73
8783,"2024-12-31",2,待归档,162,48,31,12.65
8784,"2024-12-31",2,已回访,196,70,31,55.28
8785,"2025-01-01",1,一般,104,26,18,33.01
8786,"2025-01-01",1,紧急,165,53,52,32.32
8787,"2025-01-01",1,特急,88,29,14,54.17
8788,"2025-01-01",1,应急事件,140,39,7,36.23
8789,"2025-01-01",2,受理中,185,55,39,26.2
8790,"2025-01-01",2,办理中,126,49,26,42.96
8791,"2025-01-01",2,审核中,165,64,9,49.19
8792,"2025-01-01",2,待归档,199,70,65,10.33
8793,"2025-01-01",2,已回访,142,15,13,23.22
8794,"2025-01-02",1,一般,152,19,10,54.52
8795,"2025-01-02",1,紧急,146,65,53,17.16
8796,"2025-01-02",1,特急,100,28,24,29.2
8797,"2025-01-02",1,应急事件,169,31,29,52.69
8798,"2025-01-02",2,受理中,121,48,2,55.87
8799,"2025-01-02",2,办理中,166,11,0,52.84
8800,"2025-01-02",2,审核中,90,19,4,22.15
8801,"2025-01-02",2,待归档,186,55,10,18.57
8802,"2025-01-02",2,已回访,119,22,8,13.79
8803,"2025-01-03",1,一般,187,64,31,33.4
8804,"2025-01-03",1,紧急,182,19,16,43.01
8805,"2025-01-03",1,特急,97,38,20,58.78
8806,"2025-01-03",1,应急事件,125,12,0,18.71
8807,"2025-01-03",2,受理中,168,56,18,35.84
8808,"2025-01-03",2,办理中,149,70,56,14.22
8809,"2025-01-03",2,审核中,176,37,33,54.89
8810,"2025-01-03",2,待归档,103,17,8,31.37
8811,"2025-01-03",2,已回访,177,67,56,45.21
8812,"2025-01-04",1,一般,121,17,2,36.06
8813,"2025-01-04",1,紧急,177,39,26,16.62
8814,"2025-01-04",1,特急,167,78,40,46.08
8815,"2025-01-04",1,应急事件,99,12,6,44.93
8816,"2025-01-04",2,受理中,92,21,9,23.64
8817,"2025-01-04",2,办理中,167,48,31,40.78
8818,"2025-01-04",2,审核中,151,29,19,36.52
8819,"2025-01-04",2,待归档,184,52,8,38.59
8820,"2025-01-04",2,已回访,126,53,44,27.69
8821,"2025-01-05",1,一般,187,73,18,24.91
8822,"2025-01-05",1,紧急,119,54,50,42.03
8823,"2025-01-05",1,特急,119,44,7,59.45
8824,"2025-01-05",1,应急事件,139,15,14,30.12
8825,"2025-01-05",2,受理中,183,44,17,44.89
8826,"2025-01-05",2,办理中,87,28,21,46.82
8827,"2025-01-05",2,审核中,94,11,3,25.0
8828,"2025-01-05",2,待归档,139,11,8,19.02
8829,"2025-01-05",2,已回访,145,25,17,23.2
8830,"2025-01-06",1,一般,145,51,15,59.93
8831,"2025-01-06",1,紧急,116,32,30,49.85
8832,"2025-01-06",1,特急,167,22,16,33.78
8833,"2025-01-06",1,应急事件,193,24,3,29.45
8834,"2025-01-06",2,受理中,149,10,6,41.44
8835,"2025-01-06",2,办理中,83,12,4,26.28
8836,"2025-01-06",2,审核中,102,49,30,10.95
8837,"2025-01-06",2,待归档,99,17,11,34.87
8838,"2025-01-06",2,已回访,82,29,4,51.13
8839,"2025-01-07",1,一般,175,81,30,42.13
8840,"2025-01-07",1,紧急,105,16,14,16.24
8841,"2025-01-07",1,特急,181,17,13,35.42
8842,"2025-01-07",1,应急事件,161,49,23,20.27
8843,"2025-01-07",2,受理中,88,36,17,46.72
8844,"2025-01-07",2,办理中,200,42,36,28.02
8845,"2025-01-07",2,审核中,143,33,2,14.79
8846,"2025-01-07",2,待归档,117,56,12,17.45
8847,"2025-01-07",2,已回访,170,72,44,25.22
8848,"2025-01-08",1,一般,112,24,16,15.44
8849,"2025-01-08",1,紧急,99,46,8,49.9
8850,"2025-01-08",1,特急,178,50,0,47.3
8851,"2025-01-08",1,应急事件,118,53,3,12.26
8852,"2025-01-08",2,受理中,152,13,12,19.73
8853,"2025-01-08",2,办理中,84,29,15,17.56
8854,"2025-01-08",2,审核中,92,14,6,49.6
8855,"2025-01-08",2,待归档,94,37,36,54.81
8856,"2025-01-08",2,已回访,138,64,52,27.19
8857,"2025-01-09",1,一般,181,10,6,24.88
8858,"2025-01-09",1,紧急,196,55,12,22.11
8859,"2025-01-09",1,特急,199,92,54,36.86
8860,"2025-01-09",1,应急事件,178,79,39,39.34
8861,"2025-01-09",2,受理中,178,33,7,54.98
8862,"2025-01-09",2,办理中,189,59,36,14.72
8863,"2025-01-09",2,审核中,89,15,13,21.23
8864,"2025-01-09",2,待归档,149,37,8,46.56
8865,"2025-01-09",2,已回访,168,44,28,36.71
8866,"2025-01-10",1,一般,167,11,10,27.46
8867,"2025-01-10",1,紧急,199,24,18,16.79
8868,"2025-01-10",1,特急,152,55,19,52.6
8869,"2025-01-10",1,应急事件,80,33,18,53.8
8870,"2025-01-10",2,受理中,90,21,7,20.94
8871,"2025-01-10",2,办理中,168,53,9,32.81
8872,"2025-01-10",2,审核中,160,42,26,25.27
8873,"2025-01-10",2,待归档,194,93,4,38.11
8874,"2025-01-10",2,已回访,179,69,52,44.76
8875,"2025-01-11",1,一般,112,28,17,58.33
8876,"2025-01-11",1,紧急,103,44,17,38.79
8877,"2025-01-11",1,特急,90,14,8,49.05
8878,"2025-01-11",1,应急事件,130,64,5,17.55
8879,"2025-01-11",2,受理中,129,27,19,25.23
8880,"2025-01-11",2,办理中,88,18,6,24.19
8881,"2025-01-11",2,审核中,190,78,43,34.63
8882,"2025-01-11",2,待归档,181,39,19,34.72
8883,"2025-01-11",2,已回访,177,42,2,33.44
8884,"2025-01-12",1,一般,195,15,1,29.01
8885,"2025-01-12",1,紧急,144,63,58,18.86
8886,"2025-01-12",1,特急,130,46,38,45.23
8887,"2025-01-12",1,应急事件,156,71,21,46.22
8888,"2025-01-12",2,受理中,181,24,1,10.42
8889,"2025-01-12",2,办理中,117,28,7,34.91
8890,"2025-01-12",2,审核中,185,89,87,10.93
8891,"2025-01-12",2,待归档,118,23,6,28.54
8892,"2025-01-12",2,已回访,106,25,9,15.91
8893,"2025-01-13",1,一般,83,30,5,19.54
8894,"2025-01-13",1,紧急,198,89,75,44.91
8895,"2025-01-13",1,特急,107,16,9,31.0
8896,"2025-01-13",1,应急事件,170,52,1,16.72
8897,"2025-01-13",2,受理中,158,29,12,11.41
8898,"2025-01-13",2,办理中,82,26,1,42.48
8899,"2025-01-13",2,审核中,109,36,21,51.76
8900,"2025-01-13",2,待归档,148,48,31,28.78
8901,"2025-01-13",2,已回访,168,12,9,42.71
8902,"2025-01-14",1,一般,143,54,38,13.75
8903,"2025-01-14",1,紧急,128,59,25,31.57
8904,"2025-01-14",1,特急,149,27,24,37.69
8905,"2025-01-14",1,应急事件,105,32,10,11.64
8906,"2025-01-14",2,受理中,180,43,4,55.68
8907,"2025-01-14",2,办理中,176,45,2,30.75
8908,"2025-01-14",2,审核中,167,37,27,29.3
8909,"2025-01-14",2,待归档,190,31,29,25.05
8910,"2025-01-14",2,已回访,136,48,3,45.73
8911,"2025-01-15",1,一般,136,40,0,58.97
8912,"2025-01-15",1,紧急,86,40,3,13.69
8913,"2025-01-15",1,特急,175,18,15,18.1
8914,"2025-01-15",1,应急事件,90,44,41,32.52
8915,"2025-01-15",2,受理中,130,29,14,27.85
8916,"2025-01-15",2,办理中,96,33,26,29.37
8917,"2025-01-15",2,审核中,177,85,59,35.61
8918,"2025-01-15",2,待归档,95,15,5,42.17
8919,"2025-01-15",2,已回访,194,17,6,19.52
8920,"2025-01-16",1,一般,197,51,31,26.22
8921,"2025-01-16",1,紧急,155,52,12,46.23
8922,"2025-01-16",1,特急,165,13,8,19.88
8923,"2025-01-16",1,应急事件,93,28,7,13.22
8924,"2025-01-16",2,受理中,128,14,0,38.13
8925,"2025-01-16",2,办理中,163,76,2,46.68
8926,"2025-01-16",2,审核中,146,17,10,50.3
8927,"2025-01-16",2,待归档,134,33,16,59.33
8928,"2025-01-16",2,已回访,90,42,3,30.64
8929,"2025-01-17",1,一般,162,24,13,28.99
8930,"2025-01-17",1,紧急,166,76,71,47.0
8931,"2025-01-17",1,特急,116,54,2,39.42
8932,"2025-01-17",1,应急事件,149,35,12,24.41
8933,"2025-01-17",2,受理中,179,32,28,38.93
8934,"2025-01-17",2,办理中,119,34,17,26.36
8935,"2025-01-17",2,审核中,125,10,7,48.53
8936,"2025-01-17",2,待归档,130,48,11,55.17
8937,"2025-01-17",2,已回访,153,29,19,35.18
8938,"2025-01-18",1,一般,117,36,27,38.01
8939,"2025-01-18",1,紧急,187,22,6,38.03
8940,"2025-01-18",1,特急,160,18,10,33.35
8941,"2025-01-18",1,应急事件,156,32,8,24.84
8942,"2025-01-18",2,受理中,109,35,34,46.5
8943,"2025-01-18",2,办理中,124,41,10,54.88
8944,"2025-01-18",2,审核中,101,29,13,14.24
8945,"2025-01-18",2,待归档,145,68,17,42.09
8946,"2025-01-18",2,已回访,94,13,10,43.81
8947,"2025-01-19",1,一般,156,22,2,38.92
8948,"2025-01-19",1,紧急,146,55,49,28.47
8949,"2025-01-19",1,特急,135,57,29,47.9
8950,"2025-01-19",1,应急事件,154,38,24,38.08
8951,"2025-01-19",2,受理中,127,37,12,21.39
8952,"2025-01-19",2,办理中,191,49,1,26.65
8953,"2025-01-19",2,审核中,114,34,2,46.46
8954,"2025-01-19",2,待归档,111,16,11,42.94
8955,"2025-01-19",2,已回访,148,14,12,52.98
8956,"2025-01-20",1,一般,197,94,10,21.91
8957,"2025-01-20",1,紧急,169,54,42,54.06
8958,"2025-01-20",1,特急,180,76,66,31.19
8959,"2025-01-20",1,应急事件,136,20,13,53.92
8960,"2025-01-20",2,受理中,170,78,2,52.58
8961,"2025-01-20",2,办理中,191,66,64,45.71
8962,"2025-01-20",2,审核中,154,76,44,45.86
8963,"2025-01-20",2,待归档,86,14,10,45.63
8964,"2025-01-20",2,已回访,96,38,28,58.22
8965,"2025-01-21",1,一般,191,23,2,17.88
8966,"2025-01-21",1,紧急,86,10,0,42.09
8967,"2025-01-21",1,特急,105,44,21,19.56
8968,"2025-01-21",1,应急事件,108,52,12,53.8
8969,"2025-01-21",2,受理中,199,37,14,47.14
8970,"2025-01-21",2,办理中,200,90,61,17.25
8971,"2025-01-21",2,审核中,118,57,43,37.83
8972,"2025-01-21",2,待归档,132,35,5,36.68
8973,"2025-01-21",2,已回访,96,45,2,22.65
8974,"2025-01-22",1,一般,100,25,2,30.14
8975,"2025-01-22",1,紧急,135,24,19,14.84
8976,"2025-01-22",1,特急,141,66,0,59.87
8977,"2025-01-22",1,应急事件,173,22,17,57.67
8978,"2025-01-22",2,受理中,145,14,9,39.96
8979,"2025-01-22",2,办理中,115,51,36,50.38
8980,"2025-01-22",2,审核中,122,28,24,38.23
8981,"2025-01-22",2,待归档,179,26,10,52.06
8982,"2025-01-22",2,已回访,156,40,29,38.46
8983,"2025-01-23",1,一般,102,18,16,45.08
8984,"2025-01-23",1,紧急,200,22,16,48.0
8985,"2025-01-23",1,特急,122,53,46,59.01
8986,"2025-01-23",1,应急事件,141,55,43,26.83
8987,"2025-01-23",2,受理中,127,35,22,50.9
8988,"2025-01-23",2,办理中,143,49,30,28.85
8989,"2025-01-23",2,审核中,113,21,2,21.57
8990,"2025-01-23",2,待归档,171,68,55,59.92
8991,"2025-01-23",2,已回访,189,70,40,17.9
8992,"2025-01-24",1,一般,115,56,4,43.97
8993,"2025-01-24",1,紧急,186,29,14,21.75
8994,"2025-01-24",1,特急,159,50,8,19.23
8995,"2025-01-24",1,应急事件,117,18,8,27.43
8996,"2025-01-24",2,受理中,171,58,56,57.56
8997,"2025-01-24",2,办理中,169,59,38,46.15
8998,"2025-01-24",2,审核中,194,87,5,50.05
8999,"2025-01-24",2,待归档,89,16,13,26.14
9000,"2025-01-24",2,已回访,178,61,47,54.27
9001,"2025-01-25",1,一般,171,14,2,49.09
9002,"2025-01-25",1,紧急,123,31,4,56.82
9003,"2025-01-25",1,特急,154,58,38,54.07
9004,"2025-01-25",1,应急事件,165,62,61,23.04
9005,"2025-01-25",2,受理中,127,14,7,35.71
9006,"2025-01-25",2,办理中,104,25,16,39.67
9007,"2025-01-25",2,审核中,172,22,13,35.64
9008,"2025-01-25",2,待归档,123,55,16,10.35
9009,"2025-01-25",2,已回访,115,10,4,22.34
9010,"2025-01-26",1,一般,80,19,10,33.55
9011,"2025-01-26",1,紧急,81,19,17,20.37
9012,"2025-01-26",1,特急,182,19,10,13.43
9013,"2025-01-26",1,应急事件,192,92,87,25.38
9014,"2025-01-26",2,受理中,125,29,22,24.44
9015,"2025-01-26",2,办理中,158,32,19,52.83
9016,"2025-01-26",2,审核中,129,14,4,14.07
9017,"2025-01-26",2,待归档,151,29,11,50.47
9018,"2025-01-26",2,已回访,93,10,8,53.51
9019,"2025-01-27",1,一般,193,95,82,57.93
9020,"2025-01-27",1,紧急,140,56,14,57.68
9021,"2025-01-27",1,特急,130,31,5,22.81
9022,"2025-01-27",1,应急事件,191,43,0,34.71
9023,"2025-01-27",2,受理中,172,66,45,22.87
9024,"2025-01-27",2,办理中,137,54,4,19.13
9025,"2025-01-27",2,审核中,125,60,36,36.3
9026,"2025-01-27",2,待归档,89,32,26,25.52
9027,"2025-01-27",2,已回访,173,66,36,42.52
9028,"2025-01-28",1,一般,119,11,2,43.17
9029,"2025-01-28",1,紧急,114,48,3,38.46
9030,"2025-01-28",1,特急,183,86,57,17.79
9031,"2025-01-28",1,应急事件,174,34,2,28.2
9032,"2025-01-28",2,受理中,132,47,27,39.37
9033,"2025-01-28",2,办理中,105,36,6,54.6
9034,"2025-01-28",2,审核中,135,10,7,28.37
9035,"2025-01-28",2,待归档,158,30,3,44.25
9036,"2025-01-28",2,已回访,190,22,11,15.54
9037,"2025-01-29",1,一般,145,40,31,38.54
9038,"2025-01-29",1,紧急,142,69,64,52.38
9039,"2025-01-29",1,特急,199,30,8,40.8
9040,"2025-01-29",1,应急事件,142,37,36,14.04
9041,"2025-01-29",2,受理中,126,30,26,44.06
9042,"2025-01-29",2,办理中,133,31,9,25.28
9043,"2025-01-29",2,审核中,184,73,52,44.83
9044,"2025-01-29",2,待归档,126,32,12,59.72
9045,"2025-01-29",2,已回访,85,19,16,33.04
9046,"2025-01-30",1,一般,178,51,0,48.54
9047,"2025-01-30",1,紧急,143,42,30,32.7
9048,"2025-01-30",1,特急,200,59,22,11.27
9049,"2025-01-30",1,应急事件,141,43,29,26.82
9050,"2025-01-30",2,受理中,122,56,3,43.46
9051,"2025-01-30",2,办理中,175,32,27,44.52
9052,"2025-01-30",2,审核中,176,81,36,51.11
9053,"2025-01-30",2,待归档,189,54,19,23.85
9054,"2025-01-30",2,已回访,98,47,18,17.57
9055,"2025-01-31",1,一般,161,26,23,26.55
9056,"2025-01-31",1,紧急,183,54,53,10.57
9057,"2025-01-31",1,特急,106,42,12,26.42
9058,"2025-01-31",1,应急事件,152,52,33,11.05
9059,"2025-01-31",2,受理中,94,16,8,52.31
9060,"2025-01-31",2,办理中,100,38,5,47.89
9061,"2025-01-31",2,审核中,86,19,5,51.39
9062,"2025-01-31",2,待归档,87,33,24,47.31
9063,"2025-01-31",2,已回访,89,29,7,26.1
9064,"2025-02-01",1,一般,86,20,11,24.56
9065,"2025-02-01",1,紧急,116,14,9,53.2
9066,"2025-02-01",1,特急,195,48,27,26.45
9067,"2025-02-01",1,应急事件,125,10,3,40.41
9068,"2025-02-01",2,受理中,113,30,21,17.08
9069,"2025-02-01",2,办理中,115,22,1,40.27
9070,"2025-02-01",2,审核中,163,42,11,31.17
9071,"2025-02-01",2,待归档,113,33,2,20.26
9072,"2025-02-01",2,已回访,107,20,15,59.11
9073,"2025-02-02",1,一般,121,38,37,46.81
9074,"2025-02-02",1,紧急,146,29,15,34.2
9075,"2025-02-02",1,特急,175,11,2,24.76
9076,"2025-02-02",1,应急事件,148,23,6,30.28
9077,"2025-02-02",2,受理中,198,97,48,44.86
9078,"2025-02-02",2,办理中,82,40,24,19.54
9079,"2025-02-02",2,审核中,137,47,24,36.79
9080,"2025-02-02",2,待归档,124,36,6,45.02
9081,"2025-02-02",2,已回访,190,33,28,57.51
9082,"2025-02-03",1,一般,170,70,24,59.02
9083,"2025-02-03",1,紧急,107,37,17,53.18
9084,"2025-02-03",1,特急,133,21,6,30.23
9085,"2025-02-03",1,应急事件,80,10,8,52.96
9086,"2025-02-03",2,受理中,141,22,11,41.49
9087,"2025-02-03",2,办理中,156,65,50,28.71
9088,"2025-02-03",2,审核中,110,15,6,31.62
9089,"2025-02-03",2,待归档,163,29,4,35.65
9090,"2025-02-03",2,已回访,102,15,2,45.49
9091,"2025-02-04",1,一般,156,19,7,18.0
9092,"2025-02-04",1,紧急,186,77,20,12.07
9093,"2025-02-04",1,特急,98,31,11,21.26
9094,"2025-02-04",1,应急事件,197,60,54,42.29
9095,"2025-02-04",2,受理中,180,70,37,44.17
9096,"2025-02-04",2,办理中,129,44,34,24.89
9097,"2025-02-04",2,审核中,93,40,6,20.77
9098,"2025-02-04",2,待归档,107,26,3,51.83
9099,"2025-02-04",2,已回访,145,50,3,25.14
9100,"2025-02-05",1,一般,184,14,0,33.5
9101,"2025-02-05",1,紧急,150,71,39,30.69
9102,"2025-02-05",1,特急,121,10,8,36.52
9103,"2025-02-05",1,应急事件,122,16,5,37.23
9104,"2025-02-05",2,受理中,129,57,4,17.83
9105,"2025-02-05",2,办理中,183,31,25,16.14
9106,"2025-02-05",2,审核中,128,41,13,56.34
9107,"2025-02-05",2,待归档,145,54,33,50.39
9108,"2025-02-05",2,已回访,139,11,3,52.57
9109,"2025-02-06",1,一般,179,84,68,19.91
9110,"2025-02-06",1,紧急,115,50,41,47.93
9111,"2025-02-06",1,特急,116,21,15,21.03
9112,"2025-02-06",1,应急事件,112,30,11,39.46
9113,"2025-02-06",2,受理中,193,35,4,23.14
9114,"2025-02-06",2,办理中,86,20,14,30.35
9115,"2025-02-06",2,审核中,189,89,5,20.98
9116,"2025-02-06",2,待归档,163,37,17,23.13
9117,"2025-02-06",2,已回访,128,21,15,24.89
9118,"2025-02-07",1,一般,119,41,11,47.08
9119,"2025-02-07",1,紧急,139,48,1,40.53
9120,"2025-02-07",1,特急,87,15,11,31.4
9121,"2025-02-07",1,应急事件,158,26,18,36.8
9122,"2025-02-07",2,受理中,126,18,15,37.32
9123,"2025-02-07",2,办理中,89,19,6,28.61
9124,"2025-02-07",2,审核中,134,25,8,10.25
9125,"2025-02-07",2,待归档,139,35,6,13.19
9126,"2025-02-07",2,已回访,163,67,29,55.5
9127,"2025-02-08",1,一般,89,37,19,49.72
9128,"2025-02-08",1,紧急,194,36,5,17.08
9129,"2025-02-08",1,特急,107,47,9,27.09
9130,"2025-02-08",1,应急事件,167,20,16,26.18
9131,"2025-02-08",2,受理中,99,39,10,32.78
9132,"2025-02-08",2,办理中,108,38,7,25.21
9133,"2025-02-08",2,审核中,108,15,3,40.83
9134,"2025-02-08",2,待归档,124,11,6,44.23
9135,"2025-02-08",2,已回访,121,19,2,35.19
9136,"2025-02-09",1,一般,141,47,21,54.35
9137,"2025-02-09",1,紧急,95,13,11,47.89
9138,"2025-02-09",1,特急,125,11,9,11.17
9139,"2025-02-09",1,应急事件,96,24,7,31.84
9140,"2025-02-09",2,受理中,147,67,55,18.36
9141,"2025-02-09",2,办理中,182,24,4,58.98
9142,"2025-02-09",2,审核中,90,13,7,39.87
9143,"2025-02-09",2,待归档,91,21,13,35.1
9144,"2025-02-09",2,已回访,169,66,50,26.14
9145,"2025-02-10",1,一般,155,29,14,25.57
9146,"2025-02-10",1,紧急,186,51,35,11.88
9147,"2025-02-10",1,特急,199,83,78,17.38
9148,"2025-02-10",1,应急事件,90,11,4,19.05
9149,"2025-02-10",2,受理中,183,24,18,51.96
9150,"2025-02-10",2,办理中,142,34,21,45.57
9151,"2025-02-10",2,审核中,104,14,9,24.14
9152,"2025-02-10",2,待归档,89,20,14,24.5
9153,"2025-02-10",2,已回访,183,88,10,27.83
9154,"2025-02-11",1,一般,118,33,7,18.82
9155,"2025-02-11",1,紧急,172,22,4,57.53
9156,"2025-02-11",1,特急,166,82,54,30.76
9157,"2025-02-11",1,应急事件,150,36,5,30.25
9158,"2025-02-11",2,受理中,135,10,2,51.38
9159,"2025-02-11",2,办理中,138,67,58,24.59
9160,"2025-02-11",2,审核中,96,33,13,28.92
9161,"2025-02-11",2,待归档,184,56,49,30.29
9162,"2025-02-11",2,已回访,159,24,3,37.62
9163,"2025-02-12",1,一般,167,15,10,48.39
9164,"2025-02-12",1,紧急,168,69,15,57.96
9165,"2025-02-12",1,特急,191,75,18,23.64
9166,"2025-02-12",1,应急事件,88,25,0,31.66
9167,"2025-02-12",2,受理中,81,27,1,48.01
9168,"2025-02-12",2,办理中,151,59,31,51.06
9169,"2025-02-12",2,审核中,157,51,29,37.17
9170,"2025-02-12",2,待归档,130,53,16,44.11
9171,"2025-02-12",2,已回访,171,32,26,52.76
9172,"2025-02-13",1,一般,116,51,39,48.45
9173,"2025-02-13",1,紧急,161,45,22,29.62
9174,"2025-02-13",1,特急,132,40,33,14.27
9175,"2025-02-13",1,应急事件,114,36,24,46.38
9176,"2025-02-13",2,受理中,91,22,16,25.13
9177,"2025-02-13",2,办理中,121,34,33,10.43
9178,"2025-02-13",2,审核中,110,45,36,10.75
9179,"2025-02-13",2,待归档,91,28,13,18.19
9180,"2025-02-13",2,已回访,191,62,16,12.84
9181,"2025-02-14",1,一般,190,94,6,28.22
9182,"2025-02-14",1,紧急,111,36,7,31.4
9183,"2025-02-14",1,特急,100,42,13,11.31
9184,"2025-02-14",1,应急事件,162,65,28,48.72
9185,"2025-02-14",2,受理中,112,25,24,20.27
9186,"2025-02-14",2,办理中,199,32,26,46.92
9187,"2025-02-14",2,审核中,165,20,11,25.49
9188,"2025-02-14",2,待归档,165,16,11,24.46
9189,"2025-02-14",2,已回访,114,14,11,52.85
9190,"2025-02-15",1,一般,94,37,34,34.92
9191,"2025-02-15",1,紧急,115,46,10,15.47
9192,"2025-02-15",1,特急,139,13,11,16.87
9193,"2025-02-15",1,应急事件,196,33,5,50.04
9194,"2025-02-15",2,受理中,142,25,0,17.71
9195,"2025-02-15",2,办理中,132,39,14,33.76
9196,"2025-02-15",2,审核中,165,21,18,35.93
9197,"2025-02-15",2,待归档,122,48,15,56.03
9198,"2025-02-15",2,已回访,94,38,16,14.55
9199,"2025-02-16",1,一般,157,46,33,36.81
9200,"2025-02-16",1,紧急,90,43,40,21.25
9201,"2025-02-16",1,特急,113,22,14,27.31
9202,"2025-02-16",1,应急事件,151,41,25,38.02
9203,"2025-02-16",2,受理中,165,81,65,55.13
9204,"2025-02-16",2,办理中,84,10,9,46.9
9205,"2025-02-16",2,审核中,188,64,57,53.26
9206,"2025-02-16",2,待归档,105,37,20,49.94
9207,"2025-02-16",2,已回访,188,58,33,59.41
9208,"2025-02-17",1,一般,88,24,21,59.79
9209,"2025-02-17",1,紧急,163,76,68,24.56
9210,"2025-02-17",1,特急,153,29,11,26.02
9211,"2025-02-17",1,应急事件,200,99,58,17.46
9212,"2025-02-17",2,受理中,157,32,7,21.26
9213,"2025-02-17",2,办理中,87,30,26,59.83
9214,"2025-02-17",2,审核中,111,39,38,41.85
9215,"2025-02-17",2,待归档,139,67,10,45.95
9216,"2025-02-17",2,已回访,174,67,0,16.66
9217,"2025-02-18",1,一般,104,39,37,15.74
9218,"2025-02-18",1,紧急,157,54,34,50.69
9219,"2025-02-18",1,特急,145,18,10,33.38
9220,"2025-02-18",1,应急事件,103,44,36,10.98
9221,"2025-02-18",2,受理中,114,15,6,37.23
9222,"2025-02-18",2,办理中,184,76,1,23.13
9223,"2025-02-18",2,审核中,125,17,8,22.43
9224,"2025-02-18",2,待归档,157,10,5,34.22
9225,"2025-02-18",2,已回访,157,20,6,42.42
9226,"2025-02-19",1,一般,176,55,25,39.29
9227,"2025-02-19",1,紧急,176,77,75,48.27
9228,"2025-02-19",1,特急,185,40,8,42.33
9229,"2025-02-19",1,应急事件,172,33,28,29.74
9230,"2025-02-19",2,受理中,164,76,15,12.5
9231,"2025-02-19",2,办理中,93,10,4,46.45
9232,"2025-02-19",2,审核中,118,53,28,40.17
9233,"2025-02-19",2,待归档,190,82,60,54.05
9234,"2025-02-19",2,已回访,113,14,2,43.81
9235,"2025-02-20",1,一般,137,31,15,34.13
9236,"2025-02-20",1,紧急,89,27,18,44.31
9237,"2025-02-20",1,特急,158,70,14,17.89
9238,"2025-02-20",1,应急事件,104,30,7,27.41
9239,"2025-02-20",2,受理中,103,24,12,46.61
9240,"2025-02-20",2,办理中,140,41,25,36.25
9241,"2025-02-20",2,审核中,159,36,5,39.19
9242,"2025-02-20",2,待归档,161,22,18,25.9
9243,"2025-02-20",2,已回访,186,59,34,15.08
9244,"2025-02-21",1,一般,190,88,67,22.13
9245,"2025-02-21",1,紧急,97,35,29,38.47
9246,"2025-02-21",1,特急,124,25,16,37.88
9247,"2025-02-21",1,应急事件,151,69,53,10.57
9248,"2025-02-21",2,受理中,167,82,48,29.16
9249,"2025-02-21",2,办理中,148,65,36,25.89
9250,"2025-02-21",2,审核中,110,38,16,37.18
9251,"2025-02-21",2,待归档,129,46,11,25.43
9252,"2025-02-21",2,已回访,183,35,25,47.57
9253,"2025-02-22",1,一般,96,22,1,52.37
9254,"2025-02-22",1,紧急,132,44,37,52.63
9255,"2025-02-22",1,特急,109,26,20,20.03
9256,"2025-02-22",1,应急事件,130,52,28,11.36
9257,"2025-02-22",2,受理中,129,17,6,17.9
9258,"2025-02-22",2,办理中,86,22,7,46.48
9259,"2025-02-22",2,审核中,138,44,20,38.13
9260,"2025-02-22",2,待归档,114,15,10,32.88
9261,"2025-02-22",2,已回访,200,52,43,51.15
9262,"2025-02-23",1,一般,155,36,5,42.96
9263,"2025-02-23",1,紧急,170,74,70,25.94
9264,"2025-02-23",1,特急,155,34,23,38.83
9265,"2025-02-23",1,应急事件,85,25,4,35.63
9266,"2025-02-23",2,受理中,125,58,41,22.2
9267,"2025-02-23",2,办理中,92,16,3,17.22
9268,"2025-02-23",2,审核中,196,34,14,29.45
9269,"2025-02-23",2,待归档,150,47,29,17.79
9270,"2025-02-23",2,已回访,182,36,11,32.76
9271,"2025-02-24",1,一般,155,13,0,44.15
9272,"2025-02-24",1,紧急,105,42,18,22.55
9273,"2025-02-24",1,特急,126,58,7,39.93
9274,"2025-02-24",1,应急事件,195,20,5,22.95
9275,"2025-02-24",2,受理中,150,68,41,20.33
9276,"2025-02-24",2,办理中,108,11,7,58.92
9277,"2025-02-24",2,审核中,118,32,14,17.58
9278,"2025-02-24",2,待归档,97,31,3,21.8
9279,"2025-02-24",2,已回访,121,46,1,52.02
9280,"2025-02-25",1,一般,175,22,2,31.18
9281,"2025-02-25",1,紧急,197,76,65,30.73
9282,"2025-02-25",1,特急,128,25,4,10.62
9283,"2025-02-25",1,应急事件,178,39,35,34.92
9284,"2025-02-25",2,受理中,150,64,60,54.73
9285,"2025-02-25",2,办理中,90,38,8,12.87
9286,"2025-02-25",2,审核中,85,10,2,24.01
9287,"2025-02-25",2,待归档,142,26,12,34.35
9288,"2025-02-25",2,已回访,81,38,24,24.0
9289,"2025-02-26",1,一般,89,35,13,47.72
9290,"2025-02-26",1,紧急,164,25,9,13.08
9291,"2025-02-26",1,特急,159,67,21,28.88
9292,"2025-02-26",1,应急事件,131,64,11,23.66
9293,"2025-02-26",2,受理中,104,49,43,40.52
9294,"2025-02-26",2,办理中,146,51,17,42.69
9295,"2025-02-26",2,审核中,137,19,0,54.37
9296,"2025-02-26",2,待归档,159,12,1,18.87
9297,"2025-02-26",2,已回访,113,50,30,26.92
9298,"2025-02-27",1,一般,187,25,19,50.6
9299,"2025-02-27",1,紧急,197,60,39,19.31
9300,"2025-02-27",1,特急,156,54,31,55.38
9301,"2025-02-27",1,应急事件,154,36,33,28.61
9302,"2025-02-27",2,受理中,118,42,16,27.61
9303,"2025-02-27",2,办理中,181,22,13,45.68
9304,"2025-02-27",2,审核中,166,29,5,15.59
9305,"2025-02-27",2,待归档,89,31,11,54.9
9306,"2025-02-27",2,已回访,81,25,13,50.16
9307,"2025-02-28",1,一般,152,73,10,37.04
9308,"2025-02-28",1,紧急,192,75,0,47.24
9309,"2025-02-28",1,特急,159,24,1,31.64
9310,"2025-02-28",1,应急事件,170,27,6,49.32
9311,"2025-02-28",2,受理中,153,24,14,42.97
9312,"2025-02-28",2,办理中,122,43,14,24.07
9313,"2025-02-28",2,审核中,132,16,4,14.49
9314,"2025-02-28",2,待归档,113,24,22,11.89
9315,"2025-02-28",2,已回访,177,41,39,49.6
9316,"2025-03-01",1,一般,164,40,37,39.31
9317,"2025-03-01",1,紧急,93,37,27,56.0
9318,"2025-03-01",1,特急,88,25,12,31.99
9319,"2025-03-01",1,应急事件,84,25,17,58.49
9320,"2025-03-01",2,受理中,163,58,26,39.37
9321,"2025-03-01",2,办理中,104,45,0,10.61
9322,"2025-03-01",2,审核中,199,19,7,14.93
9323,"2025-03-01",2,待归档,145,35,12,47.84
9324,"2025-03-01",2,已回访,116,44,32,50.83
9325,"2025-03-02",1,一般,93,11,6,36.03
9326,"2025-03-02",1,紧急,157,59,55,32.45
9327,"2025-03-02",1,特急,92,16,12,46.56
9328,"2025-03-02",1,应急事件,113,34,33,35.97
9329,"2025-03-02",2,受理中,196,27,22,57.5
9330,"2025-03-02",2,办理中,115,14,3,16.94
9331,"2025-03-02",2,审核中,129,17,14,29.46
9332,"2025-03-02",2,待归档,158,74,55,22.14
9333,"2025-03-02",2,已回访,175,67,39,32.01
9334,"2025-03-03",1,一般,172,39,5,38.49
9335,"2025-03-03",1,紧急,131,15,2,32.88
9336,"2025-03-03",1,特急,191,13,9,20.05
9337,"2025-03-03",1,应急事件,128,32,30,24.56
9338,"2025-03-03",2,受理中,116,46,31,26.44
9339,"2025-03-03",2,办理中,161,54,51,27.66
9340,"2025-03-03",2,审核中,127,46,17,41.03
9341,"2025-03-03",2,待归档,184,11,4,16.43
9342,"2025-03-03",2,已回访,183,21,11,49.59
9343,"2025-03-04",1,一般,149,40,4,25.39
9344,"2025-03-04",1,紧急,127,42,9,15.48
9345,"2025-03-04",1,特急,107,42,22,52.66
9346,"2025-03-04",1,应急事件,94,30,13,35.52
9347,"2025-03-04",2,受理中,135,12,1,43.42
9348,"2025-03-04",2,办理中,169,36,23,53.07
9349,"2025-03-04",2,审核中,89,15,8,12.87
9350,"2025-03-04",2,待归档,106,39,6,12.21
9351,"2025-03-04",2,已回访,154,22,14,35.5
9352,"2025-03-05",1,一般,95,44,36,56.93
9353,"2025-03-05",1,紧急,101,43,7,24.54
9354,"2025-03-05",1,特急,158,44,1,39.28
9355,"2025-03-05",1,应急事件,131,40,29,28.44
9356,"2025-03-05",2,受理中,197,26,14,15.9
9357,"2025-03-05",2,办理中,123,14,6,51.79
9358,"2025-03-05",2,审核中,117,30,17,36.75
9359,"2025-03-05",2,待归档,95,29,10,36.97
9360,"2025-03-05",2,已回访,107,50,1,30.27
9361,"2025-03-06",1,一般,116,35,15,45.39
9362,"2025-03-06",1,紧急,154,43,4,59.26
9363,"2025-03-06",1,特急,200,34,5,14.38
9364,"2025-03-06",1,应急事件,189,30,1,30.59
9365,"2025-03-06",2,受理中,196,79,23,21.48
9366,"2025-03-06",2,办理中,152,41,20,33.31
9367,"2025-03-06",2,审核中,81,32,31,11.41
9368,"2025-03-06",2,待归档,180,85,78,56.34
9369,"2025-03-06",2,已回访,80,38,32,20.38
9370,"2025-03-07",1,一般,157,27,2,20.62
9371,"2025-03-07",1,紧急,97,10,3,40.83
9372,"2025-03-07",1,特急,139,15,14,42.6
9373,"2025-03-07",1,应急事件,156,17,2,26.18
9374,"2025-03-07",2,受理中,146,50,23,38.37
9375,"2025-03-07",2,办理中,157,60,15,25.47
9376,"2025-03-07",2,审核中,180,81,32,11.66
9377,"2025-03-07",2,待归档,109,15,10,11.87
9378,"2025-03-07",2,已回访,129,25,3,28.8
9379,"2025-03-08",1,一般,89,40,32,34.81
9380,"2025-03-08",1,紧急,88,38,21,14.6
9381,"2025-03-08",1,特急,143,16,0,30.29
9382,"2025-03-08",1,应急事件,155,14,1,21.37
9383,"2025-03-08",2,受理中,109,17,6,57.04
9384,"2025-03-08",2,办理中,172,85,24,59.43
9385,"2025-03-08",2,审核中,184,14,9,52.06
9386,"2025-03-08",2,待归档,163,70,68,41.82
9387,"2025-03-08",2,已回访,125,53,25,11.95
9388,"2025-03-09",1,一般,187,20,12,56.92
9389,"2025-03-09",1,紧急,154,38,9,30.65
9390,"2025-03-09",1,特急,100,34,23,11.36
9391,"2025-03-09",1,应急事件,156,33,28,23.91
9392,"2025-03-09",2,受理中,110,13,9,30.12
9393,"2025-03-09",2,办理中,167,34,0,34.27
9394,"2025-03-09",2,审核中,183,70,35,27.34
9395,"2025-03-09",2,待归档,149,31,24,35.53
9396,"2025-03-09",2,已回访,159,33,29,38.3
9397,"2025-03-10",1,一般,151,65,57,45.52
9398,"2025-03-10",1,紧急,112,13,2,20.31
9399,"2025-03-10",1,特急,114,24,2,13.53
9400,"2025-03-10",1,应急事件,190,16,10,51.08
9401,"2025-03-10",2,受理中,172,51,13,16.2
9402,"2025-03-10",2,办理中,124,40,2,36.53
9403,"2025-03-10",2,审核中,114,48,32,47.2
9404,"2025-03-10",2,待归档,200,38,2,27.43
9405,"2025-03-10",2,已回访,93,24,22,12.61
9406,"2025-03-11",1,一般,131,31,18,12.71
9407,"2025-03-11",1,紧急,101,41,6,12.0
9408,"2025-03-11",1,特急,84,10,8,54.48
9409,"2025-03-11",1,应急事件,154,46,22,22.52
9410,"2025-03-11",2,受理中,89,33,32,37.05
9411,"2025-03-11",2,办理中,130,42,33,22.33
9412,"2025-03-11",2,审核中,106,13,10,12.92
9413,"2025-03-11",2,待归档,122,42,15,22.37
9414,"2025-03-11",2,已回访,113,11,10,23.69
9415,"2025-03-12",1,一般,126,51,43,55.67
9416,"2025-03-12",1,紧急,86,29,22,18.95
9417,"2025-03-12",1,特急,174,15,7,25.4
9418,"2025-03-12",1,应急事件,179,61,44,43.97
9419,"2025-03-12",2,受理中,195,66,58,25.34
9420,"2025-03-12",2,办理中,158,34,7,46.05
9421,"2025-03-12",2,审核中,143,64,10,17.66
9422,"2025-03-12",2,待归档,170,39,25,34.73
9423,"2025-03-12",2,已回访,192,42,3,42.05
9424,"2025-03-13",1,一般,84,13,9,19.59
9425,"2025-03-13",1,紧急,160,74,39,22.79
9426,"2025-03-13",1,特急,124,51,16,59.38
9427,"2025-03-13",1,应急事件,143,40,11,55.35
9428,"2025-03-13",2,受理中,175,13,5,36.14
9429,"2025-03-13",2,办理中,147,47,33,54.22
9430,"2025-03-13",2,审核中,196,74,5,12.76
9431,"2025-03-13",2,待归档,181,31,13,50.74
9432,"2025-03-13",2,已回访,121,54,51,12.47
9433,"2025-03-14",1,一般,162,56,51,14.84
9434,"2025-03-14",1,紧急,94,14,3,49.85
9435,"2025-03-14",1,特急,102,24,9,10.35
9436,"2025-03-14",1,应急事件,90,27,2,34.64
9437,"2025-03-14",2,受理中,134,13,3,54.2
9438,"2025-03-14",2,办理中,82,27,24,55.71
9439,"2025-03-14",2,审核中,188,87,71,50.56
9440,"2025-03-14",2,待归档,195,63,17,30.09
9441,"2025-03-14",2,已回访,133,59,45,10.04
9442,"2025-03-15",1,一般,181,40,11,12.0
9443,"2025-03-15",1,紧急,104,31,29,53.79
9444,"2025-03-15",1,特急,145,46,19,24.22
9445,"2025-03-15",1,应急事件,105,14,8,20.98
9446,"2025-03-15",2,受理中,115,32,23,47.79
9447,"2025-03-15",2,办理中,129,17,0,46.5
9448,"2025-03-15",2,审核中,162,43,27,57.71
9449,"2025-03-15",2,待归档,108,10,2,40.41
9450,"2025-03-15",2,已回访,199,47,39,28.89
9451,"2025-03-16",1,一般,177,42,2,28.52
9452,"2025-03-16",1,紧急,156,29,17,21.92
9453,"2025-03-16",1,特急,85,37,8,35.78
9454,"2025-03-16",1,应急事件,193,33,16,26.63
9455,"2025-03-16",2,受理中,102,40,17,57.26
9456,"2025-03-16",2,办理中,175,45,37,15.33
9457,"2025-03-16",2,审核中,152,40,3,38.02
9458,"2025-03-16",2,待归档,157,40,35,52.04
9459,"2025-03-16",2,已回访,158,44,22,15.04
9460,"2025-03-17",1,一般,192,87,4,39.44
9461,"2025-03-17",1,紧急,82,27,0,55.99
9462,"2025-03-17",1,特急,156,36,2,59.38
9463,"2025-03-17",1,应急事件,165,80,61,46.64
9464,"2025-03-17",2,受理中,161,41,14,22.8
9465,"2025-03-17",2,办理中,102,14,2,19.78
9466,"2025-03-17",2,审核中,144,47,19,57.41
9467,"2025-03-17",2,待归档,149,73,13,40.68
9468,"2025-03-17",2,已回访,101,12,7,51.56
9469,"2025-03-18",1,一般,121,33,1,31.37
9470,"2025-03-18",1,紧急,118,55,12,55.86
9471,"2025-03-18",1,特急,92,36,28,40.03
9472,"2025-03-18",1,应急事件,136,49,42,22.78
9473,"2025-03-18",2,受理中,190,29,8,53.32
9474,"2025-03-18",2,办理中,99,35,14,51.17
9475,"2025-03-18",2,审核中,139,54,25,43.52
9476,"2025-03-18",2,待归档,107,42,18,13.51
9477,"2025-03-18",2,已回访,123,59,55,34.5
9478,"2025-03-19",1,一般,160,75,65,53.57
9479,"2025-03-19",1,紧急,83,27,19,36.14
9480,"2025-03-19",1,特急,139,18,6,17.23
9481,"2025-03-19",1,应急事件,148,21,0,24.07
9482,"2025-03-19",2,受理中,149,73,1,22.6
9483,"2025-03-19",2,办理中,95,10,1,53.15
9484,"2025-03-19",2,审核中,104,37,18,58.31
9485,"2025-03-19",2,待归档,193,22,4,37.97
9486,"2025-03-19",2,已回访,122,51,27,39.63
9487,"2025-03-20",1,一般,107,39,33,45.56
9488,"2025-03-20",1,紧急,95,21,19,55.77
9489,"2025-03-20",1,特急,199,56,33,54.3
9490,"2025-03-20",1,应急事件,86,38,4,16.63
9491,"2025-03-20",2,受理中,170,70,56,56.06
9492,"2025-03-20",2,办理中,101,39,17,32.8
9493,"2025-03-20",2,审核中,156,16,1,13.11
9494,"2025-03-20",2,待归档,88,10,9,25.19
9495,"2025-03-20",2,已回访,177,64,0,16.46
9496,"2025-03-21",1,一般,94,23,1,40.2
9497,"2025-03-21",1,紧急,119,25,0,36.85
9498,"2025-03-21",1,特急,139,16,8,27.95
9499,"2025-03-21",1,应急事件,149,52,2,13.34
9500,"2025-03-21",2,受理中,150,71,26,38.91
9501,"2025-03-21",2,办理中,158,32,3,42.41
9502,"2025-03-21",2,审核中,178,74,48,56.04
9503,"2025-03-21",2,待归档,140,42,40,59.75
9504,"2025-03-21",2,已回访,170,73,41,52.61
9505,"2025-03-22",1,一般,105,38,0,10.06
9506,"2025-03-22",1,紧急,142,51,42,13.11
9507,"2025-03-22",1,特急,116,35,12,18.18
9508,"2025-03-22",1,应急事件,118,28,24,47.71
9509,"2025-03-22",2,受理中,81,39,38,52.22
9510,"2025-03-22",2,办理中,179,33,20,27.44
9511,"2025-03-22",2,审核中,83,29,27,16.65
9512,"2025-03-22",2,待归档,100,21,0,27.4
9513,"2025-03-22",2,已回访,174,76,58,37.2
9514,"2025-03-23",1,一般,187,27,12,39.02
9515,"2025-03-23",1,紧急,195,90,45,22.18
9516,"2025-03-23",1,特急,117,29,21,44.06
9517,"2025-03-23",1,应急事件,118,32,18,31.01
9518,"2025-03-23",2,受理中,129,20,9,58.58
9519,"2025-03-23",2,办理中,142,55,3,21.41
9520,"2025-03-23",2,审核中,89,30,3,59.21
9521,"2025-03-23",2,待归档,120,24,10,54.66
9522,"2025-03-23",2,已回访,160,76,10,59.97
9523,"2025-03-24",1,一般,161,41,28,15.39
9524,"2025-03-24",1,紧急,182,10,8,31.2
9525,"2025-03-24",1,特急,88,20,8,16.3
9526,"2025-03-24",1,应急事件,111,15,3,23.49
9527,"2025-03-24",2,受理中,138,15,8,54.67
9528,"2025-03-24",2,办理中,154,23,16,10.31
9529,"2025-03-24",2,审核中,134,63,28,15.11
9530,"2025-03-24",2,待归档,102,14,6,44.25
9531,"2025-03-24",2,已回访,114,45,36,46.49
9532,"2025-03-25",1,一般,147,54,20,21.4
9533,"2025-03-25",1,紧急,115,23,15,18.13
9534,"2025-03-25",1,特急,145,25,24,34.17
9535,"2025-03-25",1,应急事件,143,43,30,15.33
9536,"2025-03-25",2,受理中,137,66,2,25.27
9537,"2025-03-25",2,办理中,143,30,27,57.9
9538,"2025-03-25",2,审核中,91,14,10,27.84
9539,"2025-03-25",2,待归档,129,50,39,27.28
9540,"2025-03-25",2,已回访,178,73,38,33.87
9541,"2025-03-26",1,一般,142,25,17,48.27
9542,"2025-03-26",1,紧急,92,27,25,53.98
9543,"2025-03-26",1,特急,169,29,16,25.83
9544,"2025-03-26",1,应急事件,190,69,43,16.93
9545,"2025-03-26",2,受理中,200,34,8,45.47
9546,"2025-03-26",2,办理中,110,54,3,34.06
9547,"2025-03-26",2,审核中,87,21,3,57.54
9548,"2025-03-26",2,待归档,139,20,5,19.86
9549,"2025-03-26",2,已回访,138,24,3,34.0
9550,"2025-03-27",1,一般,130,13,3,56.2
9551,"2025-03-27",1,紧急,147,61,45,27.36
9552,"2025-03-27",1,特急,183,72,50,15.22
9553,"2025-03-27",1,应急事件,129,29,11,35.69
9554,"2025-03-27",2,受理中,177,62,16,33.66
9555,"2025-03-27",2,办理中,178,70,14,43.72
9556,"2025-03-27",2,审核中,174,21,11,27.96
9557,"2025-03-27",2,待归档,172,52,17,32.19
9558,"2025-03-27",2,已回访,107,24,17,25.0
9559,"2025-03-28",1,一般,185,68,39,41.41
9560,"2025-03-28",1,紧急,158,74,9,16.14
9561,"2025-03-28",1,特急,118,11,7,54.81
9562,"2025-03-28",1,应急事件,175,56,13,34.8
9563,"2025-03-28",2,受理中,115,41,28,24.82
9564,"2025-03-28",2,办理中,163,15,4,13.35
9565,"2025-03-28",2,审核中,199,76,15,47.49
9566,"2025-03-28",2,待归档,125,43,27,52.74
9567,"2025-03-28",2,已回访,105,39,22,37.36
9568,"2025-03-29",1,一般,193,48,5,50.69
9569,"2025-03-29",1,紧急,199,70,60,53.45
9570,"2025-03-29",1,特急,136,36,10,33.88
9571,"2025-03-29",1,应急事件,117,17,7,35.31
9572,"2025-03-29",2,受理中,187,85,13,23.87
9573,"2025-03-29",2,办理中,192,17,1,55.61
9574,"2025-03-29",2,审核中,158,16,1,50.66
9575,"2025-03-29",2,待归档,122,19,6,33.44
9576,"2025-03-29",2,已回访,104,12,5,29.37
9577,"2025-03-30",1,一般,92,30,28,22.37
9578,"2025-03-30",1,紧急,162,31,21,35.37
9579,"2025-03-30",1,特急,192,60,12,57.69
9580,"2025-03-30",1,应急事件,111,42,0,15.86
9581,"2025-03-30",2,受理中,168,24,10,34.99
9582,"2025-03-30",2,办理中,104,24,23,43.45
9583,"2025-03-30",2,审核中,96,13,4,27.78
9584,"2025-03-30",2,待归档,162,12,1,53.79
9585,"2025-03-30",2,已回访,130,47,32,23.42
9586,"2025-03-31",1,一般,142,44,13,10.02
9587,"2025-03-31",1,紧急,134,61,28,40.1
9588,"2025-03-31",1,特急,82,14,2,56.46
9589,"2025-03-31",1,应急事件,103,18,2,31.63
9590,"2025-03-31",2,受理中,181,19,3,56.42
9591,"2025-03-31",2,办理中,151,29,6,23.05
9592,"2025-03-31",2,审核中,177,38,28,19.52
9593,"2025-03-31",2,待归档,194,74,27,31.01
9594,"2025-03-31",2,已回访,147,72,65,40.7
9595,"2025-04-01",1,一般,135,27,16,49.16
9596,"2025-04-01",1,紧急,119,47,7,40.53
9597,"2025-04-01",1,特急,90,38,9,36.88
9598,"2025-04-01",1,应急事件,106,51,6,13.03
9599,"2025-04-01",2,受理中,138,29,5,16.9
9600,"2025-04-01",2,办理中,160,76,39,21.96
9601,"2025-04-01",2,审核中,200,83,11,21.26
9602,"2025-04-01",2,待归档,192,31,25,44.76
9603,"2025-04-01",2,已回访,134,13,1,26.55
9604,"2025-04-02",1,一般,103,48,18,12.01
9605,"2025-04-02",1,紧急,84,39,5,30.66
9606,"2025-04-02",1,特急,140,23,19,51.79
9607,"2025-04-02",1,应急事件,184,75,66,13.26
9608,"2025-04-02",2,受理中,91,24,6,38.11
9609,"2025-04-02",2,办理中,87,37,6,46.17
9610,"2025-04-02",2,审核中,111,10,8,47.28
9611,"2025-04-02",2,待归档,143,29,0,50.28
9612,"2025-04-02",2,已回访,170,14,12,46.13
9613,"2025-04-03",1,一般,93,44,35,36.01
9614,"2025-04-03",1,紧急,145,63,25,23.13
9615,"2025-04-03",1,特急,100,30,24,13.64
9616,"2025-04-03",1,应急事件,162,70,62,30.28
9617,"2025-04-03",2,受理中,163,66,31,41.93
9618,"2025-04-03",2,办理中,106,21,20,26.85
9619,"2025-04-03",2,审核中,172,27,14,58.77
9620,"2025-04-03",2,待归档,198,24,11,43.62
9621,"2025-04-03",2,已回访,94,29,1,42.2
9622,"2025-04-04",1,一般,191,61,6,49.17
9623,"2025-04-04",1,紧急,85,32,31,44.97
9624,"2025-04-04",1,特急,106,34,29,11.28
9625,"2025-04-04",1,应急事件,183,43,14,56.26
9626,"2025-04-04",2,受理中,131,44,39,48.89
9627,"2025-04-04",2,办理中,96,33,32,53.05
9628,"2025-04-04",2,审核中,179,46,36,38.78
9629,"2025-04-04",2,待归档,181,66,1,53.28
9630,"2025-04-04",2,已回访,135,49,25,37.81
9631,"2025-04-05",1,一般,108,37,19,21.42
9632,"2025-04-05",1,紧急,110,33,14,28.07
9633,"2025-04-05",1,特急,87,42,34,57.14
9634,"2025-04-05",1,应急事件,85,33,20,35.85
9635,"2025-04-05",2,受理中,82,16,6,33.5
9636,"2025-04-05",2,办理中,181,71,8,56.82
9637,"2025-04-05",2,审核中,100,40,17,20.49
9638,"2025-04-05",2,待归档,135,30,6,58.01
9639,"2025-04-05",2,已回访,199,62,61,10.35
9640,"2025-04-06",1,一般,97,30,11,37.97
9641,"2025-04-06",1,紧急,166,65,34,31.3
9642,"2025-04-06",1,特急,126,33,21,50.12
9643,"2025-04-06",1,应急事件,119,43,20,50.01
9644,"2025-04-06",2,受理中,148,39,1,12.76
9645,"2025-04-06",2,办理中,116,27,25,23.14
9646,"2025-04-06",2,审核中,190,69,39,43.31
9647,"2025-04-06",2,待归档,190,21,3,55.86
9648,"2025-04-06",2,已回访,177,87,14,41.56
9649,"2025-04-07",1,一般,100,16,2,11.9
9650,"2025-04-07",1,紧急,120,49,31,50.7
9651,"2025-04-07",1,特急,118,48,43,47.85
9652,"2025-04-07",1,应急事件,187,74,11,32.35
9653,"2025-04-07",2,受理中,93,25,18,14.47
9654,"2025-04-07",2,办理中,128,40,13,44.41
9655,"2025-04-07",2,审核中,85,16,12,46.92
9656,"2025-04-07",2,待归档,82,10,7,33.9
9657,"2025-04-07",2,已回访,192,38,2,12.73
9658,"2025-04-08",1,一般,80,13,8,38.72
9659,"2025-04-08",1,紧急,95,20,1,54.67
9660,"2025-04-08",1,特急,132,60,26,40.18
9661,"2025-04-08",1,应急事件,160,75,10,20.18
9662,"2025-04-08",2,受理中,163,75,0,43.18
9663,"2025-04-08",2,办理中,158,15,8,18.22
9664,"2025-04-08",2,审核中,140,64,10,43.37
9665,"2025-04-08",2,待归档,164,25,21,46.43
9666,"2025-04-08",2,已回访,108,29,12,49.71
9667,"2025-04-09",1,一般,84,19,8,14.08
9668,"2025-04-09",1,紧急,101,18,12,51.68
9669,"2025-04-09",1,特急,163,29,7,40.23
9670,"2025-04-09",1,应急事件,84,41,11,13.67
9671,"2025-04-09",2,受理中,123,50,38,19.29
9672,"2025-04-09",2,办理中,128,12,2,52.87
9673,"2025-04-09",2,审核中,185,83,0,24.57
9674,"2025-04-09",2,待归档,106,35,21,53.42
9675,"2025-04-09",2,已回访,145,11,1,30.53
9676,"2025-04-10",1,一般,175,76,13,52.01
9677,"2025-04-10",1,紧急,108,29,26,36.66
9678,"2025-04-10",1,特急,121,32,17,10.39
9679,"2025-04-10",1,应急事件,102,24,17,27.06
9680,"2025-04-10",2,受理中,120,54,8,18.5
9681,"2025-04-10",2,办理中,161,56,11,44.86
9682,"2025-04-10",2,审核中,162,13,11,55.63
9683,"2025-04-10",2,待归档,133,55,17,33.16
9684,"2025-04-10",2,已回访,81,16,1,59.26
9685,"2025-04-11",1,一般,164,10,5,37.31
9686,"2025-04-11",1,紧急,177,37,1,36.81
9687,"2025-04-11",1,特急,159,70,50,32.31
9688,"2025-04-11",1,应急事件,166,41,7,25.86
9689,"2025-04-11",2,受理中,109,27,14,32.04
9690,"2025-04-11",2,办理中,114,54,11,36.81
9691,"2025-04-11",2,审核中,153,19,6,12.71
9692,"2025-04-11",2,待归档,117,23,4,25.75
9693,"2025-04-11",2,已回访,98,17,4,55.0
9694,"2025-04-12",1,一般,183,35,0,38.74
9695,"2025-04-12",1,紧急,158,30,22,25.97
9696,"2025-04-12",1,特急,144,37,14,31.0
9697,"2025-04-12",1,应急事件,166,47,13,25.62
9698,"2025-04-12",2,受理中,93,36,27,21.69
9699,"2025-04-12",2,办理中,151,21,17,48.29
9700,"2025-04-12",2,审核中,80,24,17,18.26
9701,"2025-04-12",2,待归档,121,54,47,13.53
9702,"2025-04-12",2,已回访,167,36,19,28.52
9703,"2025-04-13",1,一般,149,19,1,39.31
9704,"2025-04-13",1,紧急,190,41,26,59.69
9705,"2025-04-13",1,特急,86,35,30,37.65
9706,"2025-04-13",1,应急事件,125,11,9,18.9
9707,"2025-04-13",2,受理中,85,41,10,55.75
9708,"2025-04-13",2,办理中,153,35,19,14.53
9709,"2025-04-13",2,审核中,110,45,26,38.86
9710,"2025-04-13",2,待归档,142,41,12,53.7
9711,"2025-04-13",2,已回访,175,49,17,18.78
9712,"2025-04-14",1,一般,116,45,16,40.21
9713,"2025-04-14",1,紧急,169,12,4,39.49
9714,"2025-04-14",1,特急,190,24,7,45.77
9715,"2025-04-14",1,应急事件,120,26,4,56.16
9716,"2025-04-14",2,受理中,109,34,0,23.56
9717,"2025-04-14",2,办理中,82,33,20,19.24
9718,"2025-04-14",2,审核中,87,41,37,23.91
9719,"2025-04-14",2,待归档,121,15,12,25.14
9720,"2025-04-14",2,已回访,173,20,10,44.33
9721,"2025-04-15",1,一般,109,29,10,23.39
9722,"2025-04-15",1,紧急,93,43,33,56.18
9723,"2025-04-15",1,特急,125,50,1,48.94
9724,"2025-04-15",1,应急事件,129,48,33,43.18
9725,"2025-04-15",2,受理中,195,15,9,16.37
9726,"2025-04-15",2,办理中,164,33,18,37.2
9727,"2025-04-15",2,审核中,87,25,14,54.81
9728,"2025-04-15",2,待归档,143,14,11,24.06
9729,"2025-04-15",2,已回访,83,24,8,56.5
9730,"2025-04-16",1,一般,81,13,10,43.76
9731,"2025-04-16",1,紧急,160,77,65,14.58
9732,"2025-04-16",1,特急,187,49,36,39.4
9733,"2025-04-16",1,应急事件,125,49,30,35.3
9734,"2025-04-16",2,受理中,190,72,35,29.67
9735,"2025-04-16",2,办理中,184,47,38,13.51
9736,"2025-04-16",2,审核中,160,42,31,14.49
9737,"2025-04-16",2,待归档,143,23,0,36.09
9738,"2025-04-16",2,已回访,115,13,4,14.1
9739,"2025-04-17",1,一般,197,78,22,40.42
9740,"2025-04-17",1,紧急,162,62,57,45.41
9741,"2025-04-17",1,特急,169,55,21,53.72
9742,"2025-04-17",1,应急事件,156,20,7,11.54
9743,"2025-04-17",2,受理中,170,51,17,13.15
9744,"2025-04-17",2,办理中,152,41,18,55.63
9745,"2025-04-17",2,审核中,159,24,16,47.75
9746,"2025-04-17",2,待归档,133,11,0,11.85
9747,"2025-04-17",2,已回访,156,59,45,49.45
9748,"2025-04-18",1,一般,161,15,5,10.58
9749,"2025-04-18",1,紧急,136,50,1,13.3
9750,"2025-04-18",1,特急,144,58,57,35.78
9751,"2025-04-18",1,应急事件,199,95,2,44.33
9752,"2025-04-18",2,受理中,174,58,55,54.63
9753,"2025-04-18",2,办理中,197,82,16,47.31
9754,"2025-04-18",2,审核中,96,43,2,52.12
9755,"2025-04-18",2,待归档,173,10,6,34.69
9756,"2025-04-18",2,已回访,105,34,26,48.81
9757,"2025-04-19",1,一般,189,76,16,21.61
9758,"2025-04-19",1,紧急,146,53,3,14.56
9759,"2025-04-19",1,特急,93,44,29,48.02
9760,"2025-04-19",1,应急事件,171,38,26,34.31
9761,"2025-04-19",2,受理中,145,22,17,47.82
9762,"2025-04-19",2,办理中,133,64,4,52.16
9763,"2025-04-19",2,审核中,195,75,24,46.64
9764,"2025-04-19",2,待归档,121,53,23,26.8
9765,"2025-04-19",2,已回访,153,75,8,12.62
9766,"2025-04-20",1,一般,130,37,16,52.86
9767,"2025-04-20",1,紧急,177,46,41,45.64
9768,"2025-04-20",1,特急,180,56,48,46.61
9769,"2025-04-20",1,应急事件,129,22,15,44.77
9770,"2025-04-20",2,受理中,171,43,42,31.94
9771,"2025-04-20",2,办理中,139,65,54,32.43
9772,"2025-04-20",2,审核中,172,85,13,56.01
9773,"2025-04-20",2,待归档,87,31,19,27.23
9774,"2025-04-20",2,已回访,106,34,8,44.26
9775,"2025-04-21",1,一般,176,65,57,45.45
9776,"2025-04-21",1,紧急,104,16,3,24.52
9777,"2025-04-21",1,特急,88,43,28,13.63
9778,"2025-04-21",1,应急事件,119,41,18,22.31
9779,"2025-04-21",2,受理中,163,32,16,54.21
9780,"2025-04-21",2,办理中,161,46,10,47.82
9781,"2025-04-21",2,审核中,176,62,22,45.31
9782,"2025-04-21",2,待归档,120,55,50,24.84
9783,"2025-04-21",2,已回访,137,44,17,17.36
9784,"2025-04-22",1,一般,109,43,16,32.15
9785,"2025-04-22",1,紧急,91,13,1,38.21
9786,"2025-04-22",1,特急,109,34,6,17.12
9787,"2025-04-22",1,应急事件,134,43,5,39.64
9788,"2025-04-22",2,受理中,196,64,62,23.29
9789,"2025-04-22",2,办理中,111,31,8,31.51
9790,"2025-04-22",2,审核中,102,29,4,29.92
9791,"2025-04-22",2,待归档,95,37,24,20.74
9792,"2025-04-22",2,已回访,87,20,4,51.29
9793,"2025-04-23",1,一般,165,49,0,41.71
9794,"2025-04-23",1,紧急,122,22,17,45.86
9795,"2025-04-23",1,特急,151,68,40,16.44
9796,"2025-04-23",1,应急事件,125,57,5,30.29
9797,"2025-04-23",2,受理中,98,20,7,59.12
9798,"2025-04-23",2,办理中,168,37,31,43.94
9799,"2025-04-23",2,审核中,177,33,25,37.21
9800,"2025-04-23",2,待归档,148,22,0,16.08
9801,"2025-04-23",2,已回访,121,40,26,15.64
9802,"2025-04-24",1,一般,85,10,7,37.23
9803,"2025-04-24",1,紧急,187,40,3,51.6
9804,"2025-04-24",1,特急,143,25,0,54.87
9805,"2025-04-24",1,应急事件,96,16,1,15.43
9806,"2025-04-24",2,受理中,81,39,22,35.94
9807,"2025-04-24",2,办理中,176,53,39,51.14
9808,"2025-04-24",2,审核中,183,72,1,46.29
9809,"2025-04-24",2,待归档,196,92,19,15.66
9810,"2025-04-24",2,已回访,97,14,12,13.82
9811,"2025-04-25",1,一般,100,17,2,21.37
9812,"2025-04-25",1,紧急,114,52,17,43.99
9813,"2025-04-25",1,特急,151,43,18,35.93
9814,"2025-04-25",1,应急事件,160,34,15,15.86
9815,"2025-04-25",2,受理中,180,53,27,57.31
9816,"2025-04-25",2,办理中,194,41,0,46.29
9817,"2025-04-25",2,审核中,169,81,24,39.83
9818,"2025-04-25",2,待归档,183,72,57,34.42
9819,"2025-04-25",2,已回访,105,30,25,30.79
9820,"2025-04-26",1,一般,105,28,7,17.4
9821,"2025-04-26",1,紧急,192,34,0,59.42
9822,"2025-04-26",1,特急,108,44,42,16.02
9823,"2025-04-26",1,应急事件,105,23,21,14.27
9824,"2025-04-26",2,受理中,105,21,12,35.7
9825,"2025-04-26",2,办理中,180,73,45,34.26
9826,"2025-04-26",2,审核中,187,38,4,56.51
9827,"2025-04-26",2,待归档,158,71,70,35.97
9828,"2025-04-26",2,已回访,165,14,12,43.85
9829,"2025-04-27",1,一般,131,30,8,47.84
9830,"2025-04-27",1,紧急,142,68,32,56.43
9831,"2025-04-27",1,特急,195,76,15,11.93
9832,"2025-04-27",1,应急事件,177,23,15,11.58
9833,"2025-04-27",2,受理中,142,44,34,28.8
9834,"2025-04-27",2,办理中,167,70,63,59.28
9835,"2025-04-27",2,审核中,130,23,2,41.57
9836,"2025-04-27",2,待归档,102,30,13,28.73
9837,"2025-04-27",2,已回访,184,81,26,47.62
9838,"2025-04-28",1,一般,190,13,12,45.64
9839,"2025-04-28",1,紧急,180,78,39,50.38
9840,"2025-04-28",1,特急,111,30,29,54.53
9841,"2025-04-28",1,应急事件,172,34,10,14.98
9842,"2025-04-28",2,受理中,87,12,1,22.35
9843,"2025-04-28",2,办理中,101,21,9,20.49
9844,"2025-04-28",2,审核中,197,20,19,23.98
9845,"2025-04-28",2,待归档,165,29,23,45.66
9846,"2025-04-28",2,已回访,195,17,13,37.78
9847,"2025-04-29",1,一般,109,10,9,34.55
9848,"2025-04-29",1,紧急,104,29,17,56.87
9849,"2025-04-29",1,特急,162,53,40,31.57
9850,"2025-04-29",1,应急事件,154,53,44,12.67
9851,"2025-04-29",2,受理中,171,11,1,33.86
9852,"2025-04-29",2,办理中,174,35,32,55.78
9853,"2025-04-29",2,审核中,97,41,40,13.36
9854,"2025-04-29",2,待归档,81,39,13,42.78
9855,"2025-04-29",2,已回访,192,29,0,38.59
9856,"2025-04-30",1,一般,80,19,2,27.9
9857,"2025-04-30",1,紧急,111,14,6,19.67
9858,"2025-04-30",1,特急,115,11,9,42.5
9859,"2025-04-30",1,应急事件,145,19,7,43.69
9860,"2025-04-30",2,受理中,140,47,44,14.34
9861,"2025-04-30",2,办理中,159,44,23,17.04
9862,"2025-04-30",2,审核中,142,16,14,35.3
9863,"2025-04-30",2,待归档,123,47,5,47.02
9864,"2025-04-30",2,已回访,121,24,18,17.69
9865,"2025-05-01",1,一般,144,51,5,20.92
9866,"2025-05-01",1,紧急,117,12,5,11.15
9867,"2025-05-01",1,特急,119,52,26,20.25
9868,"2025-05-01",1,应急事件,132,57,1,12.53
9869,"2025-05-01",2,受理中,166,45,26,55.08
9870,"2025-05-01",2,办理中,188,82,33,36.45
9871,"2025-05-01",2,审核中,197,73,2,45.54
9872,"2025-05-01",2,待归档,191,45,34,41.48
9873,"2025-05-01",2,已回访,100,34,2,21.73
9874,"2025-05-02",1,一般,184,65,56,24.08
9875,"2025-05-02",1,紧急,112,53,14,15.61
9876,"2025-05-02",1,特急,197,26,21,38.73
9877,"2025-05-02",1,应急事件,95,28,11,10.66
9878,"2025-05-02",2,受理中,190,17,7,48.91
9879,"2025-05-02",2,办理中,98,47,46,53.46
9880,"2025-05-02",2,审核中,171,30,26,27.1
9881,"2025-05-02",2,待归档,164,40,3,55.06
9882,"2025-05-02",2,已回访,115,31,19,17.59
9883,"2025-05-03",1,一般,84,27,12,56.67
9884,"2025-05-03",1,紧急,199,90,3,11.73
9885,"2025-05-03",1,特急,97,12,7,11.35
9886,"2025-05-03",1,应急事件,85,31,13,24.38
9887,"2025-05-03",2,受理中,145,57,41,54.23
9888,"2025-05-03",2,办理中,129,43,38,31.32
9889,"2025-05-03",2,审核中,144,67,65,11.58
9890,"2025-05-03",2,待归档,130,16,9,58.02
9891,"2025-05-03",2,已回访,163,53,43,20.78
9892,"2025-05-04",1,一般,187,90,52,25.33
9893,"2025-05-04",1,紧急,114,23,22,41.24
9894,"2025-05-04",1,特急,134,62,21,22.67
9895,"2025-05-04",1,应急事件,191,79,68,56.83
9896,"2025-05-04",2,受理中,109,51,48,53.7
9897,"2025-05-04",2,办理中,176,73,43,31.47
9898,"2025-05-04",2,审核中,147,64,48,56.19
9899,"2025-05-04",2,待归档,153,13,1,26.2
9900,"2025-05-04",2,已回访,137,28,22,36.2
9901,"2025-05-05",1,一般,86,30,2,11.31
9902,"2025-05-05",1,紧急,139,51,14,12.72
9903,"2025-05-05",1,特急,168,77,50,35.11
9904,"2025-05-05",1,应急事件,90,35,29,23.51
9905,"2025-05-05",2,受理中,163,57,12,21.0
9906,"2025-05-05",2,办理中,81,31,3,56.56
9907,"2025-05-05",2,审核中,126,44,25,21.57
9908,"2025-05-05",2,待归档,179,87,44,11.14
9909,"2025-05-05",2,已回访,140,50,33,47.5
9910,"2025-05-06",1,一般,90,30,13,48.76
9911,"2025-05-06",1,紧急,97,21,17,38.91
9912,"2025-05-06",1,特急,113,18,2,38.51
9913,"2025-05-06",1,应急事件,193,28,18,11.69
9914,"2025-05-06",2,受理中,149,20,9,53.01
9915,"2025-05-06",2,办理中,194,70,0,48.43
9916,"2025-05-06",2,审核中,165,44,24,44.93
9917,"2025-05-06",2,待归档,178,76,5,35.81
9918,"2025-05-06",2,已回访,102,23,18,51.32
9919,"2025-05-07",1,一般,189,10,2,16.63
9920,"2025-05-07",1,紧急,196,64,21,25.19
9921,"2025-05-07",1,特急,154,23,7,51.08
9922,"2025-05-07",1,应急事件,104,28,12,46.17
9923,"2025-05-07",2,受理中,193,47,41,27.04
9924,"2025-05-07",2,办理中,152,48,44,23.95
9925,"2025-05-07",2,审核中,108,52,14,48.83
9926,"2025-05-07",2,待归档,192,14,5,18.65
9927,"2025-05-07",2,已回访,129,26,18,41.96
9928,"2025-05-08",1,一般,196,51,39,43.55
9929,"2025-05-08",1,紧急,153,36,5,36.58
9930,"2025-05-08",1,特急,142,22,8,11.75
9931,"2025-05-08",1,应急事件,164,69,6,32.11
9932,"2025-05-08",2,受理中,148,42,7,52.9
9933,"2025-05-08",2,办理中,131,12,6,34.21
9934,"2025-05-08",2,审核中,147,66,59,27.6
9935,"2025-05-08",2,待归档,115,19,5,58.63
9936,"2025-05-08",2,已回访,81,35,17,42.91
9937,"2025-05-09",1,一般,102,17,2,14.02
9938,"2025-05-09",1,紧急,156,50,9,41.82
9939,"2025-05-09",1,特急,151,64,56,39.08
9940,"2025-05-09",1,应急事件,99,19,17,41.41
9941,"2025-05-09",2,受理中,173,41,39,22.0
9942,"2025-05-09",2,办理中,155,21,18,48.2
9943,"2025-05-09",2,审核中,184,60,2,33.94
9944,"2025-05-09",2,待归档,197,14,3,21.94
9945,"2025-05-09",2,已回访,160,29,28,12.85
9946,"2025-05-10",1,一般,110,31,5,46.78
9947,"2025-05-10",1,紧急,98,30,24,40.29
9948,"2025-05-10",1,特急,93,38,4,34.44
9949,"2025-05-10",1,应急事件,105,41,16,31.77
9950,"2025-05-10",2,受理中,139,14,0,46.12
9951,"2025-05-10",2,办理中,176,85,46,11.78
9952,"2025-05-10",2,审核中,187,86,13,42.71
9953,"2025-05-10",2,待归档,142,27,8,44.57
9954,"2025-05-10",2,已回访,167,82,31,38.04
9955,"2025-05-11",1,一般,162,49,21,18.32
9956,"2025-05-11",1,紧急,118,15,12,29.79
9957,"2025-05-11",1,特急,176,36,3,38.63
9958,"2025-05-11",1,应急事件,200,76,35,39.11
9959,"2025-05-11",2,受理中,85,28,24,13.29
9960,"2025-05-11",2,办理中,92,20,2,17.12
9961,"2025-05-11",2,审核中,145,10,6,59.83
9962,"2025-05-11",2,待归档,124,55,33,17.13
9963,"2025-05-11",2,已回访,153,64,4,36.61
9964,"2025-05-12",1,一般,169,20,4,59.42
9965,"2025-05-12",1,紧急,102,18,12,35.01
9966,"2025-05-12",1,特急,195,75,28,29.75
9967,"2025-05-12",1,应急事件,110,41,10,47.5
9968,"2025-05-12",2,受理中,180,34,17,53.32
9969,"2025-05-12",2,办理中,164,77,23,31.14
9970,"2025-05-12",2,审核中,162,65,63,36.51
9971,"2025-05-12",2,待归档,195,52,46,28.05
9972,"2025-05-12",2,已回访,195,52,44,42.61
9973,"2025-05-13",1,一般,95,19,14,55.88
9974,"2025-05-13",1,紧急,99,40,11,24.92
9975,"2025-05-13",1,特急,176,13,4,48.15
9976,"2025-05-13",1,应急事件,124,21,15,31.71
9977,"2025-05-13",2,受理中,190,42,36,55.55
9978,"2025-05-13",2,办理中,102,12,1,10.05
9979,"2025-05-13",2,审核中,145,71,43,17.17
9980,"2025-05-13",2,待归档,123,51,41,45.01
9981,"2025-05-13",2,已回访,154,14,8,37.63
9982,"2025-05-14",1,一般,159,75,39,12.15
9983,"2025-05-14",1,紧急,128,43,9,20.46
9984,"2025-05-14",1,特急,127,14,7,17.84
9985,"2025-05-14",1,应急事件,187,49,6,31.38
9986,"2025-05-14",2,受理中,152,60,14,53.85
9987,"2025-05-14",2,办理中,127,62,9,27.07
9988,"2025-05-14",2,审核中,98,14,5,12.81
9989,"2025-05-14",2,待归档,195,77,20,14.73
9990,"2025-05-14",2,已回访,164,35,14,27.73
9991,"2025-05-15",1,一般,144,70,13,27.87
9992,"2025-05-15",1,紧急,103,11,6,20.72
9993,"2025-05-15",1,特急,187,73,48,18.61
9994,"2025-05-15",1,应急事件,135,58,16,47.7
9995,"2025-05-15",2,受理中,177,69,61,21.86
9996,"2025-05-15",2,办理中,80,31,12,49.91
9997,"2025-05-15",2,审核中,85,22,16,38.82
9998,"2025-05-15",2,待归档,183,65,24,40.1
9999,"2025-05-15",2,已回访,120,38,37,31.9
10000,"2025-05-16",1,一般,130,52,33,23.87
10001,"2025-05-16",1,紧急,137,11,7,43.61
10002,"2025-05-16",1,特急,185,59,29,22.92
10003,"2025-05-16",1,应急事件,123,25,7,38.4
10004,"2025-05-16",2,受理中,187,21,15,53.85
10005,"2025-05-16",2,办理中,96,13,8,54.5
10006,"2025-05-16",2,审核中,155,49,18,51.76
10007,"2025-05-16",2,待归档,193,16,9,12.54
10008,"2025-05-16",2,已回访,151,32,8,19.94
10009,"2025-05-17",1,一般,163,59,13,17.67
10010,"2025-05-17",1,紧急,89,25,11,41.23
10011,"2025-05-17",1,特急,142,45,41,45.4
10012,"2025-05-17",1,应急事件,164,51,18,38.09
10013,"2025-05-17",2,受理中,183,24,16,23.95
10014,"2025-05-17",2,办理中,151,28,13,46.87
10015,"2025-05-17",2,审核中,177,61,34,35.21
10016,"2025-05-17",2,待归档,96,13,12,47.51
10017,"2025-05-17",2,已回访,132,50,46,23.83
10018,"2025-05-18",1,一般,150,57,56,33.94
10019,"2025-05-18",1,紧急,123,35,13,47.38
10020,"2025-05-18",1,特急,136,58,20,37.52
10021,"2025-05-18",1,应急事件,94,24,2,17.76
10022,"2025-05-18",2,受理中,169,20,13,19.02
10023,"2025-05-18",2,办理中,99,35,23,29.03
10024,"2025-05-18",2,审核中,89,19,11,18.14
10025,"2025-05-18",2,待归档,182,41,6,59.73
10026,"2025-05-18",2,已回访,150,25,7,21.41
10027,"2025-05-19",1,一般,196,66,7,34.54
10028,"2025-05-19",1,紧急,85,20,12,52.07
10029,"2025-05-19",1,特急,172,21,11,34.59
10030,"2025-05-19",1,应急事件,88,20,19,37.77
10031,"2025-05-19",2,受理中,91,30,5,30.93
10032,"2025-05-19",2,办理中,136,44,4,44.1
10033,"2025-05-19",2,审核中,158,21,20,52.81
10034,"2025-05-19",2,待归档,148,58,26,41.06
10035,"2025-05-19",2,已回访,116,33,27,38.48
10036,"2025-05-20",1,一般,173,14,13,52.3
10037,"2025-05-20",1,紧急,183,49,48,30.87
10038,"2025-05-20",1,特急,196,88,42,40.57
10039,"2025-05-20",1,应急事件,168,56,46,35.52
10040,"2025-05-20",2,受理中,118,54,25,22.74
10041,"2025-05-20",2,办理中,171,44,39,31.99
10042,"2025-05-20",2,审核中,176,21,1,22.42
10043,"2025-05-20",2,待归档,160,12,4,23.82
10044,"2025-05-20",2,已回访,103,15,0,58.56
10045,"2025-05-21",1,一般,192,64,27,50.15
10046,"2025-05-21",1,紧急,168,64,15,23.86
10047,"2025-05-21",1,特急,80,39,5,24.22
10048,"2025-05-21",1,应急事件,186,44,28,33.56
10049,"2025-05-21",2,受理中,128,30,22,43.84
10050,"2025-05-21",2,办理中,137,47,44,41.84
10051,"2025-05-21",2,审核中,101,47,43,51.92
10052,"2025-05-21",2,待归档,128,43,41,21.56
10053,"2025-05-21",2,已回访,101,12,1,29.43
10054,"2025-05-22",1,一般,189,42,33,57.49
10055,"2025-05-22",1,紧急,101,38,7,26.26
10056,"2025-05-22",1,特急,144,19,16,47.73
10057,"2025-05-22",1,应急事件,189,24,10,33.78
10058,"2025-05-22",2,受理中,200,17,15,45.19
10059,"2025-05-22",2,办理中,98,34,2,31.54
10060,"2025-05-22",2,审核中,128,56,5,41.25
10061,"2025-05-22",2,待归档,180,15,0,27.55
10062,"2025-05-22",2,已回访,192,54,5,17.36
10063,"2025-05-23",1,一般,98,10,4,56.24
10064,"2025-05-23",1,紧急,139,20,1,58.57
10065,"2025-05-23",1,特急,89,15,2,37.16
10066,"2025-05-23",1,应急事件,195,92,5,27.58
10067,"2025-05-23",2,受理中,190,55,45,37.96
10068,"2025-05-23",2,办理中,148,39,27,58.16
10069,"2025-05-23",2,审核中,151,29,8,39.03
10070,"2025-05-23",2,待归档,137,31,6,31.3
10071,"2025-05-23",2,已回访,108,17,16,48.03
10072,"2025-05-24",1,一般,142,60,30,45.22
10073,"2025-05-24",1,紧急,111,14,5,49.22
10074,"2025-05-24",1,特急,154,25,24,46.25
10075,"2025-05-24",1,应急事件,91,30,12,44.72
10076,"2025-05-24",2,受理中,141,28,3,44.98
10077,"2025-05-24",2,办理中,161,63,53,14.88
10078,"2025-05-24",2,审核中,191,79,34,10.8
10079,"2025-05-24",2,待归档,89,23,6,20.03
10080,"2025-05-24",2,已回访,106,27,22,47.2
10081,"2025-05-25",1,一般,169,58,10,17.15
10082,"2025-05-25",1,紧急,103,37,11,16.68
10083,"2025-05-25",1,特急,87,18,15,49.73
10084,"2025-05-25",1,应急事件,180,21,11,44.3
10085,"2025-05-25",2,受理中,187,48,30,41.16
10086,"2025-05-25",2,办理中,178,38,24,40.35
10087,"2025-05-25",2,审核中,111,33,25,50.45
10088,"2025-05-25",2,待归档,162,62,27,58.49
10089,"2025-05-25",2,已回访,190,64,29,27.52
10090,"2025-05-26",1,一般,137,16,3,13.4
10091,"2025-05-26",1,紧急,141,57,23,32.24
10092,"2025-05-26",1,特急,175,20,5,29.29
10093,"2025-05-26",1,应急事件,173,19,0,34.06
10094,"2025-05-26",2,受理中,154,50,35,22.95
10095,"2025-05-26",2,办理中,147,25,16,57.33
10096,"2025-05-26",2,审核中,152,46,42,10.27
10097,"2025-05-26",2,待归档,156,32,25,32.05
10098,"2025-05-26",2,已回访,111,15,4,28.0
10099,"2025-05-27",1,一般,125,27,0,50.53
10100,"2025-05-27",1,紧急,145,71,64,15.97
10101,"2025-05-27",1,特急,119,39,27,14.74
10102,"2025-05-27",1,应急事件,146,52,7,33.4
10103,"2025-05-27",2,受理中,185,40,20,57.46
10104,"2025-05-27",2,办理中,140,28,5,27.71
10105,"2025-05-27",2,审核中,192,81,48,24.56
10106,"2025-05-27",2,待归档,83,34,15,21.74
10107,"2025-05-27",2,已回访,97,40,20,47.65
10108,"2025-05-28",1,一般,85,20,1,27.29
10109,"2025-05-28",1,紧急,157,24,11,30.04
10110,"2025-05-28",1,特急,90,27,15,55.91
10111,"2025-05-28",1,应急事件,133,26,23,23.11
10112,"2025-05-28",2,受理中,157,10,8,42.17
10113,"2025-05-28",2,办理中,175,37,13,24.49
10114,"2025-05-28",2,审核中,134,15,2,26.48
10115,"2025-05-28",2,待归档,169,78,19,21.85
10116,"2025-05-28",2,已回访,179,21,8,22.97
10117,"2025-05-29",1,一般,136,64,7,35.21
10118,"2025-05-29",1,紧急,196,34,13,32.64
10119,"2025-05-29",1,特急,128,23,1,15.64
10120,"2025-05-29",1,应急事件,118,31,27,43.57
10121,"2025-05-29",2,受理中,155,61,19,12.41
10122,"2025-05-29",2,办理中,123,21,16,52.98
10123,"2025-05-29",2,审核中,198,90,88,56.48
10124,"2025-05-29",2,待归档,126,25,8,21.62
10125,"2025-05-29",2,已回访,195,23,18,39.79
10126,"2025-05-30",1,一般,119,14,12,57.72
10127,"2025-05-30",1,紧急,106,22,1,20.68
10128,"2025-05-30",1,特急,84,13,12,43.24
10129,"2025-05-30",1,应急事件,159,68,37,48.67
10130,"2025-05-30",2,受理中,165,49,0,35.11
10131,"2025-05-30",2,办理中,123,58,31,39.15
10132,"2025-05-30",2,审核中,185,15,7,54.03
10133,"2025-05-30",2,待归档,126,49,11,53.75
10134,"2025-05-30",2,已回访,188,56,48,36.83
10135,"2025-05-31",1,一般,138,36,34,19.31
10136,"2025-05-31",1,紧急,141,50,38,12.76
10137,"2025-05-31",1,特急,128,43,40,56.42
10138,"2025-05-31",1,应急事件,128,50,17,16.37
10139,"2025-05-31",2,受理中,89,40,6,38.8
10140,"2025-05-31",2,办理中,142,16,7,21.03
10141,"2025-05-31",2,审核中,174,80,26,58.58
10142,"2025-05-31",2,待归档,161,50,0,47.73
10143,"2025-05-31",2,已回访,132,21,5,58.11
10144,"2025-06-01",1,一般,89,12,11,27.64
10145,"2025-06-01",1,紧急,170,29,14,15.61
10146,"2025-06-01",1,特急,196,72,57,13.05
10147,"2025-06-01",1,应急事件,177,55,18,36.93
10148,"2025-06-01",2,受理中,147,55,7,34.51
10149,"2025-06-01",2,办理中,181,54,28,24.89
10150,"2025-06-01",2,审核中,105,19,1,41.35
10151,"2025-06-01",2,待归档,93,30,18,45.96
10152,"2025-06-01",2,已回访,180,40,16,37.03
10153,"2025-06-02",1,一般,191,26,16,22.88
10154,"2025-06-02",1,紧急,159,14,12,15.9
10155,"2025-06-02",1,特急,165,17,9,13.35
10156,"2025-06-02",1,应急事件,90,32,18,56.86
10157,"2025-06-02",2,受理中,122,39,35,32.95
10158,"2025-06-02",2,办理中,102,40,32,39.66
10159,"2025-06-02",2,审核中,130,37,6,16.2
10160,"2025-06-02",2,待归档,163,53,36,19.97
10161,"2025-06-02",2,已回访,94,35,18,19.22
10162,"2025-06-03",1,一般,83,34,3,21.01
10163,"2025-06-03",1,紧急,97,29,14,51.03
10164,"2025-06-03",1,特急,177,59,2,39.44
10165,"2025-06-03",1,应急事件,133,20,1,52.33
10166,"2025-06-03",2,受理中,191,46,25,27.69
10167,"2025-06-03",2,办理中,111,38,16,23.4
10168,"2025-06-03",2,审核中,140,41,37,23.95
10169,"2025-06-03",2,待归档,156,51,19,36.7
10170,"2025-06-03",2,已回访,194,47,26,57.87
10171,"2025-06-04",1,一般,90,24,6,25.84
10172,"2025-06-04",1,紧急,176,45,20,23.16
10173,"2025-06-04",1,特急,133,32,20,48.89
10174,"2025-06-04",1,应急事件,196,69,60,26.4
10175,"2025-06-04",2,受理中,185,38,9,50.87
10176,"2025-06-04",2,办理中,86,30,16,18.77
10177,"2025-06-04",2,审核中,164,76,16,12.53
10178,"2025-06-04",2,待归档,119,41,27,37.77
10179,"2025-06-04",2,已回访,110,30,27,13.92
10180,"2025-06-05",1,一般,189,14,1,18.99
10181,"2025-06-05",1,紧急,188,26,7,58.06
10182,"2025-06-05",1,特急,169,69,11,31.16
10183,"2025-06-05",1,应急事件,113,53,25,57.0
10184,"2025-06-05",2,受理中,143,19,1,25.33
10185,"2025-06-05",2,办理中,182,71,16,34.25
10186,"2025-06-05",2,审核中,166,39,10,55.22
10187,"2025-06-05",2,待归档,116,33,17,49.81
10188,"2025-06-05",2,已回访,122,56,20,25.45
10189,"2025-06-06",1,一般,109,25,20,27.12
10190,"2025-06-06",1,紧急,192,32,29,31.97
10191,"2025-06-06",1,特急,147,69,67,43.12
10192,"2025-06-06",1,应急事件,190,19,16,50.92
10193,"2025-06-06",2,受理中,118,47,4,45.67
10194,"2025-06-06",2,办理中,143,19,6,17.61
10195,"2025-06-06",2,审核中,88,20,16,59.6
10196,"2025-06-06",2,待归档,92,21,15,15.94
10197,"2025-06-06",2,已回访,85,33,15,28.41
10198,"2025-06-07",1,一般,118,34,32,36.52
10199,"2025-06-07",1,紧急,198,39,26,55.13
10200,"2025-06-07",1,特急,175,51,29,51.16
10201,"2025-06-07",1,应急事件,184,47,23,21.53
10202,"2025-06-07",2,受理中,115,11,7,10.36
10203,"2025-06-07",2,办理中,166,82,78,37.43
10204,"2025-06-07",2,审核中,89,15,10,28.09
10205,"2025-06-07",2,待归档,185,55,0,17.78
10206,"2025-06-07",2,已回访,85,19,18,56.37
10207,"2025-06-08",1,一般,132,49,4,12.27
10208,"2025-06-08",1,紧急,164,11,6,39.05
10209,"2025-06-08",1,特急,138,21,11,43.53
10210,"2025-06-08",1,应急事件,198,52,48,35.2
10211,"2025-06-08",2,受理中,85,10,7,52.48
10212,"2025-06-08",2,办理中,80,16,6,11.22
10213,"2025-06-08",2,审核中,147,69,10,37.83
10214,"2025-06-08",2,待归档,149,51,46,20.94
10215,"2025-06-08",2,已回访,94,10,1,48.06
10216,"2025-06-09",1,一般,159,61,20,37.62
10217,"2025-06-09",1,紧急,92,27,7,16.54
10218,"2025-06-09",1,特急,134,52,29,44.75
10219,"2025-06-09",1,应急事件,119,41,34,24.53
10220,"2025-06-09",2,受理中,140,29,3,15.88
10221,"2025-06-09",2,办理中,186,46,36,48.23
10222,"2025-06-09",2,审核中,182,63,6,20.79
10223,"2025-06-09",2,待归档,191,26,14,34.01
10224,"2025-06-09",2,已回访,156,13,11,22.39
10225,"2025-06-10",1,一般,162,17,5,13.68
10226,"2025-06-10",1,紧急,123,15,5,16.59
10227,"2025-06-10",1,特急,196,82,59,40.61
10228,"2025-06-10",1,应急事件,153,32,7,29.81
10229,"2025-06-10",2,受理中,152,49,15,35.21
10230,"2025-06-10",2,办理中,183,18,5,20.41
10231,"2025-06-10",2,审核中,119,29,13,17.64
10232,"2025-06-10",2,待归档,158,52,20,29.3
10233,"2025-06-10",2,已回访,158,41,14,33.73
10234,"2025-06-11",1,一般,83,37,19,33.75
10235,"2025-06-11",1,紧急,153,65,2,50.36
10236,"2025-06-11",1,特急,196,41,29,57.43
10237,"2025-06-11",1,应急事件,174,64,61,36.19
10238,"2025-06-11",2,受理中,154,46,45,26.05
10239,"2025-06-11",2,办理中,153,29,2,34.56
10240,"2025-06-11",2,审核中,103,10,6,34.34
10241,"2025-06-11",2,待归档,175,57,41,25.11
10242,"2025-06-11",2,已回访,196,40,33,16.75
10243,"2025-06-12",1,一般,103,23,18,18.6
10244,"2025-06-12",1,紧急,97,31,5,21.89
10245,"2025-06-12",1,特急,154,41,18,54.13
10246,"2025-06-12",1,应急事件,167,56,33,17.18
10247,"2025-06-12",2,受理中,105,23,16,20.25
10248,"2025-06-12",2,办理中,199,80,6,13.44
10249,"2025-06-12",2,审核中,132,39,9,45.52
10250,"2025-06-12",2,待归档,134,57,44,22.75
10251,"2025-06-12",2,已回访,196,22,6,44.22
10252,"2025-06-13",1,一般,116,45,25,51.22
10253,"2025-06-13",1,紧急,119,32,15,28.97
10254,"2025-06-13",1,特急,170,60,49,51.76
10255,"2025-06-13",1,应急事件,112,13,2,48.47
10256,"2025-06-13",2,受理中,159,27,26,40.15
10257,"2025-06-13",2,办理中,134,42,34,19.26
10258,"2025-06-13",2,审核中,111,17,13,59.29
10259,"2025-06-13",2,待归档,192,43,26,11.85
10260,"2025-06-13",2,已回访,170,82,51,54.04
10261,"2025-06-14",1,一般,133,11,2,22.7
10262,"2025-06-14",1,紧急,138,35,30,37.97
10263,"2025-06-14",1,特急,125,31,10,20.06
10264,"2025-06-14",1,应急事件,152,30,29,23.93
10265,"2025-06-14",2,受理中,96,44,41,24.25
10266,"2025-06-14",2,办理中,127,48,36,56.49
10267,"2025-06-14",2,审核中,89,42,10,40.23
10268,"2025-06-14",2,待归档,127,26,25,21.33
10269,"2025-06-14",2,已回访,85,19,17,15.32
10270,"2025-06-15",1,一般,146,41,23,39.06
10271,"2025-06-15",1,紧急,149,62,32,56.06
10272,"2025-06-15",1,特急,178,77,74,26.47
10273,"2025-06-15",1,应急事件,182,34,32,53.57
10274,"2025-06-15",2,受理中,135,62,28,55.79
10275,"2025-06-15",2,办理中,155,32,31,11.81
10276,"2025-06-15",2,审核中,137,60,7,40.7
10277,"2025-06-15",2,待归档,171,55,3,35.63
10278,"2025-06-15",2,已回访,167,65,40,15.55
10279,"2025-06-16",1,一般,122,54,48,38.06
10280,"2025-06-16",1,紧急,135,62,20,35.41
10281,"2025-06-16",1,特急,123,17,5,53.35
10282,"2025-06-16",1,应急事件,130,31,17,33.92
10283,"2025-06-16",2,受理中,199,19,0,34.01
10284,"2025-06-16",2,办理中,182,61,35,14.94
10285,"2025-06-16",2,审核中,158,42,6,49.72
10286,"2025-06-16",2,待归档,140,12,6,41.27
10287,"2025-06-16",2,已回访,146,18,14,13.91
10288,"2025-06-17",1,一般,166,53,51,10.42
10289,"2025-06-17",1,紧急,123,13,4,19.46
10290,"2025-06-17",1,特急,129,57,43,44.55
10291,"2025-06-17",1,应急事件,178,82,70,45.41
10292,"2025-06-17",2,受理中,82,30,15,10.07
10293,"2025-06-17",2,办理中,192,62,15,15.96
10294,"2025-06-17",2,审核中,125,23,1,36.37
10295,"2025-06-17",2,待归档,119,21,4,56.08
10296,"2025-06-17",2,已回访,97,40,9,40.67
10297,"2025-06-18",1,一般,164,11,10,39.8
10298,"2025-06-18",1,紧急,140,12,5,59.94
10299,"2025-06-18",1,特急,173,39,1,16.22
10300,"2025-06-18",1,应急事件,172,80,3,22.39
10301,"2025-06-18",2,受理中,89,24,1,37.08
10302,"2025-06-18",2,办理中,128,18,4,56.84
10303,"2025-06-18",2,审核中,137,12,1,20.59
10304,"2025-06-18",2,待归档,114,33,26,43.2
10305,"2025-06-18",2,已回访,154,72,10,37.69
10306,"2025-06-19",1,一般,119,12,5,28.3
10307,"2025-06-19",1,紧急,121,12,7,20.22
10308,"2025-06-19",1,特急,149,45,15,16.89
10309,"2025-06-19",1,应急事件,173,20,17,57.42
10310,"2025-06-19",2,受理中,125,10,0,47.37
10311,"2025-06-19",2,办理中,98,14,11,48.16
10312,"2025-06-19",2,审核中,109,41,11,17.07
10313,"2025-06-19",2,待归档,88,25,20,34.61
10314,"2025-06-19",2,已回访,146,48,31,24.15
10315,"2025-06-20",1,一般,183,73,14,30.4
10316,"2025-06-20",1,紧急,178,76,67,57.12
10317,"2025-06-20",1,特急,105,23,15,27.83
10318,"2025-06-20",1,应急事件,87,13,2,19.64
10319,"2025-06-20",2,受理中,151,54,1,10.71
10320,"2025-06-20",2,办理中,194,42,7,22.0
10321,"2025-06-20",2,审核中,102,22,13,33.26
10322,"2025-06-20",2,待归档,99,43,26,16.61
10323,"2025-06-20",2,已回访,109,25,17,40.91
10324,"2025-06-21",1,一般,173,19,4,14.02
10325,"2025-06-21",1,紧急,139,27,20,14.44
10326,"2025-06-21",1,特急,157,29,2,27.02
10327,"2025-06-21",1,应急事件,152,72,36,28.48
10328,"2025-06-21",2,受理中,147,43,0,23.0
10329,"2025-06-21",2,办理中,127,30,18,18.94
10330,"2025-06-21",2,审核中,154,61,42,55.44
10331,"2025-06-21",2,待归档,142,28,25,35.24
10332,"2025-06-21",2,已回访,194,80,33,42.62
10333,"2025-06-22",1,一般,123,37,31,33.59
10334,"2025-06-22",1,紧急,100,14,3,10.85
10335,"2025-06-22",1,特急,159,52,45,45.54
10336,"2025-06-22",1,应急事件,164,71,3,25.87
10337,"2025-06-22",2,受理中,89,14,6,13.52
10338,"2025-06-22",2,办理中,130,62,44,11.06
10339,"2025-06-22",2,审核中,193,44,31,22.2
10340,"2025-06-22",2,待归档,147,61,3,52.35
10341,"2025-06-22",2,已回访,85,12,2,21.62
10342,"2025-06-23",1,一般,166,76,46,14.91
10343,"2025-06-23",1,紧急,136,23,8,58.01
10344,"2025-06-23",1,特急,165,25,22,18.7
10345,"2025-06-23",1,应急事件,191,56,14,34.29
10346,"2025-06-23",2,受理中,138,11,3,59.87
10347,"2025-06-23",2,办理中,156,36,35,23.22
10348,"2025-06-23",2,审核中,168,36,14,37.86
10349,"2025-06-23",2,待归档,172,72,8,17.04
10350,"2025-06-23",2,已回访,160,29,22,17.96
10351,"2025-06-24",1,一般,146,33,3,46.88
10352,"2025-06-24",1,紧急,182,72,41,58.91
10353,"2025-06-24",1,特急,167,53,16,27.61
10354,"2025-06-24",1,应急事件,159,57,29,57.83
10355,"2025-06-24",2,受理中,174,44,31,45.59
10356,"2025-06-24",2,办理中,108,51,33,48.23
10357,"2025-06-24",2,审核中,174,57,5,13.95
10358,"2025-06-24",2,待归档,111,38,25,39.2
10359,"2025-06-24",2,已回访,119,51,29,57.98
10360,"2025-06-25",1,一般,116,56,38,36.0
10361,"2025-06-25",1,紧急,122,45,40,51.57
10362,"2025-06-25",1,特急,103,24,4,17.35
10363,"2025-06-25",1,应急事件,100,27,0,31.25
10364,"2025-06-25",2,受理中,140,19,8,44.05
10365,"2025-06-25",2,办理中,95,25,15,50.64
10366,"2025-06-25",2,审核中,174,22,16,17.26
10367,"2025-06-25",2,待归档,163,56,39,32.69
10368,"2025-06-25",2,已回访,111,47,29,28.38
10369,"2025-06-26",1,一般,112,15,8,29.4
10370,"2025-06-26",1,紧急,192,22,15,34.94
10371,"2025-06-26",1,特急,193,62,43,23.72
10372,"2025-06-26",1,应急事件,117,28,9,27.36
10373,"2025-06-26",2,受理中,108,19,8,19.56
10374,"2025-06-26",2,办理中,104,13,12,43.77
10375,"2025-06-26",2,审核中,192,94,37,51.08
10376,"2025-06-26",2,待归档,159,52,30,26.3
10377,"2025-06-26",2,已回访,138,11,7,15.88
10378,"2025-06-27",1,一般,188,55,40,55.69
10379,"2025-06-27",1,紧急,117,38,4,17.23
10380,"2025-06-27",1,特急,106,45,33,32.87
10381,"2025-06-27",1,应急事件,143,66,17,28.1
10382,"2025-06-27",2,受理中,173,54,13,23.11
10383,"2025-06-27",2,办理中,185,58,47,14.97
10384,"2025-06-27",2,审核中,152,15,11,48.67
10385,"2025-06-27",2,待归档,197,83,15,26.98
10386,"2025-06-27",2,已回访,198,65,28,23.39
10387,"2025-06-28",1,一般,164,20,7,20.94
10388,"2025-06-28",1,紧急,103,26,6,39.06
10389,"2025-06-28",1,特急,81,29,21,26.06
10390,"2025-06-28",1,应急事件,171,10,3,19.83
10391,"2025-06-28",2,受理中,195,71,48,18.69
10392,"2025-06-28",2,办理中,91,19,6,16.07
10393,"2025-06-28",2,审核中,110,53,44,35.89
10394,"2025-06-28",2,待归档,169,63,37,41.93
10395,"2025-06-28",2,已回访,137,67,0,28.05
10396,"2025-06-29",1,一般,93,14,6,23.67
10397,"2025-06-29",1,紧急,157,39,17,45.12
10398,"2025-06-29",1,特急,138,18,17,32.99
10399,"2025-06-29",1,应急事件,178,53,22,46.65
10400,"2025-06-29",2,受理中,187,26,15,20.33
10401,"2025-06-29",2,办理中,199,81,57,46.82
10402,"2025-06-29",2,审核中,138,54,1,53.92
10403,"2025-06-29",2,待归档,135,66,28,15.49
10404,"2025-06-29",2,已回访,113,39,22,42.47
10405,"2025-06-30",1,一般,94,19,2,11.35
10406,"2025-06-30",1,紧急,146,44,21,46.27
10407,"2025-06-30",1,特急,81,26,24,59.31
10408,"2025-06-30",1,应急事件,101,32,19,15.08
10409,"2025-06-30",2,受理中,195,21,13,52.02
10410,"2025-06-30",2,办理中,88,27,11,29.15
10411,"2025-06-30",2,审核中,125,61,13,55.14
10412,"2025-06-30",2,待归档,157,27,21,14.9
10413,"2025-06-30",2,已回访,181,77,38,15.14
10414,"2025-07-01",1,一般,91,38,21,12.23
10415,"2025-07-01",1,紧急,197,84,7,53.0
10416,"2025-07-01",1,特急,113,33,4,33.47
10417,"2025-07-01",1,应急事件,89,29,18,23.45
10418,"2025-07-01",2,受理中,117,22,21,55.84
10419,"2025-07-01",2,办理中,191,23,4,47.86
10420,"2025-07-01",2,审核中,141,40,9,51.14
10421,"2025-07-01",2,待归档,82,10,7,44.81
10422,"2025-07-01",2,已回访,142,65,13,36.69
10423,"2025-07-02",1,一般,161,29,4,14.37
10424,"2025-07-02",1,紧急,129,49,9,23.51
10425,"2025-07-02",1,特急,194,86,83,12.69
10426,"2025-07-02",1,应急事件,187,72,37,56.52
10427,"2025-07-02",2,受理中,98,40,10,39.63
10428,"2025-07-02",2,办理中,113,54,15,13.63
10429,"2025-07-02",2,审核中,81,29,18,22.43
10430,"2025-07-02",2,待归档,137,65,42,40.21
10431,"2025-07-02",2,已回访,163,60,59,57.42
10432,"2025-07-03",1,一般,110,29,24,44.62
10433,"2025-07-03",1,紧急,189,42,36,47.4
10434,"2025-07-03",1,特急,114,14,5,12.56
10435,"2025-07-03",1,应急事件,155,33,17,47.39
10436,"2025-07-03",2,受理中,108,17,2,23.33
10437,"2025-07-03",2,办理中,163,23,10,12.19
10438,"2025-07-03",2,审核中,164,49,16,26.76
10439,"2025-07-03",2,待归档,173,68,25,28.89
10440,"2025-07-03",2,已回访,140,25,5,53.9
10441,"2025-07-04",1,一般,136,38,5,38.98
10442,"2025-07-04",1,紧急,131,49,25,25.41
10443,"2025-07-04",1,特急,120,18,16,55.11
10444,"2025-07-04",1,应急事件,175,68,25,27.07
10445,"2025-07-04",2,受理中,194,93,37,47.96
10446,"2025-07-04",2,办理中,180,23,3,28.23
10447,"2025-07-04",2,审核中,153,49,33,17.95
10448,"2025-07-04",2,待归档,178,27,14,45.19
10449,"2025-07-04",2,已回访,197,58,41,32.69
10450,"2025-07-05",1,一般,139,42,22,27.18
10451,"2025-07-05",1,紧急,168,42,7,47.33
10452,"2025-07-05",1,特急,184,12,5,40.14
10453,"2025-07-05",1,应急事件,150,45,9,21.16
10454,"2025-07-05",2,受理中,182,84,32,56.32
10455,"2025-07-05",2,办理中,194,52,14,28.43
10456,"2025-07-05",2,审核中,81,30,0,38.2
10457,"2025-07-05",2,待归档,108,12,9,55.67
10458,"2025-07-05",2,已回访,91,35,21,58.86
10459,"2025-07-06",1,一般,190,76,4,49.43
10460,"2025-07-06",1,紧急,108,20,9,29.23
10461,"2025-07-06",1,特急,125,27,21,43.12
10462,"2025-07-06",1,应急事件,128,17,3,58.73
10463,"2025-07-06",2,受理中,133,47,35,52.5
10464,"2025-07-06",2,办理中,80,36,22,20.48
10465,"2025-07-06",2,审核中,157,59,15,45.14
10466,"2025-07-06",2,待归档,131,61,38,47.82
10467,"2025-07-06",2,已回访,87,32,6,57.26
10468,"2025-07-07",1,一般,118,30,9,20.27
10469,"2025-07-07",1,紧急,191,15,2,51.72
10470,"2025-07-07",1,特急,93,24,15,35.9
10471,"2025-07-07",1,应急事件,96,11,4,49.8
10472,"2025-07-07",2,受理中,200,45,2,20.99
10473,"2025-07-07",2,办理中,127,11,3,20.07
10474,"2025-07-07",2,审核中,94,31,27,24.76
10475,"2025-07-07",2,待归档,84,40,20,28.63
10476,"2025-07-07",2,已回访,95,29,11,44.93
10477,"2025-07-08",1,一般,175,11,10,34.9
10478,"2025-07-08",1,紧急,159,29,21,25.42
10479,"2025-07-08",1,特急,168,25,2,57.01
10480,"2025-07-08",1,应急事件,123,16,0,43.12
10481,"2025-07-08",2,受理中,136,47,22,56.38
10482,"2025-07-08",2,办理中,151,53,34,33.56
10483,"2025-07-08",2,审核中,184,33,3,14.01
10484,"2025-07-08",2,待归档,141,11,0,44.06
10485,"2025-07-08",2,已回访,156,55,43,31.97
10486,"2025-07-09",1,一般,84,19,1,53.94
10487,"2025-07-09",1,紧急,105,41,7,49.29
10488,"2025-07-09",1,特急,139,16,5,15.67
10489,"2025-07-09",1,应急事件,150,60,55,59.48
10490,"2025-07-09",2,受理中,169,23,21,28.71
10491,"2025-07-09",2,办理中,136,33,0,18.04
10492,"2025-07-09",2,审核中,159,75,62,31.28
10493,"2025-07-09",2,待归档,155,10,2,37.34
10494,"2025-07-09",2,已回访,154,25,8,10.43
10495,"2025-07-10",1,一般,137,55,28,53.27
10496,"2025-07-10",1,紧急,150,16,12,16.26
10497,"2025-07-10",1,特急,112,42,18,22.85
10498,"2025-07-10",1,应急事件,94,46,42,11.28
10499,"2025-07-10",2,受理中,155,75,12,24.99
10500,"2025-07-10",2,办理中,148,28,3,55.05
10501,"2025-07-10",2,审核中,178,27,20,28.67
10502,"2025-07-10",2,待归档,188,41,29,22.96
10503,"2025-07-10",2,已回访,128,37,32,19.72
10504,"2025-07-11",1,一般,184,47,12,20.47
10505,"2025-07-11",1,紧急,154,68,8,56.05
10506,"2025-07-11",1,特急,133,44,27,11.69
10507,"2025-07-11",1,应急事件,82,17,5,27.14
10508,"2025-07-11",2,受理中,143,15,8,37.69
10509,"2025-07-11",2,办理中,196,59,53,23.18
10510,"2025-07-11",2,审核中,93,20,6,48.25
10511,"2025-07-11",2,待归档,143,63,48,30.1
10512,"2025-07-11",2,已回访,146,45,18,44.86
10513,"2025-07-12",1,一般,188,37,12,31.07
10514,"2025-07-12",1,紧急,121,57,43,25.85
10515,"2025-07-12",1,特急,139,29,0,13.92
10516,"2025-07-12",1,应急事件,141,52,27,59.86
10517,"2025-07-12",2,受理中,143,47,32,21.06
10518,"2025-07-12",2,办理中,90,41,30,19.55
10519,"2025-07-12",2,审核中,147,51,27,15.22
10520,"2025-07-12",2,待归档,199,50,37,45.4
10521,"2025-07-12",2,已回访,148,61,25,43.47
10522,"2025-07-13",1,一般,119,48,23,25.98
10523,"2025-07-13",1,紧急,171,46,20,41.98
10524,"2025-07-13",1,特急,98,47,46,44.89
10525,"2025-07-13",1,应急事件,114,10,8,53.61
10526,"2025-07-13",2,受理中,172,39,32,46.89
10527,"2025-07-13",2,办理中,185,43,30,39.82
10528,"2025-07-13",2,审核中,192,41,6,26.7
10529,"2025-07-13",2,待归档,140,57,27,20.02
10530,"2025-07-13",2,已回访,172,33,15,39.48
10531,"2025-07-14",1,一般,174,61,57,12.5
10532,"2025-07-14",1,紧急,87,26,2,11.6
10533,"2025-07-14",1,特急,134,11,2,18.5
10534,"2025-07-14",1,应急事件,156,75,10,52.64
10535,"2025-07-14",2,受理中,112,54,7,23.42
10536,"2025-07-14",2,办理中,119,32,30,57.01
10537,"2025-07-14",2,审核中,124,58,47,12.18
10538,"2025-07-14",2,待归档,126,51,13,27.01
10539,"2025-07-14",2,已回访,111,32,23,48.46
10540,"2025-07-15",1,一般,170,61,49,33.2
10541,"2025-07-15",1,紧急,133,36,20,59.64
10542,"2025-07-15",1,特急,154,71,45,56.66
10543,"2025-07-15",1,应急事件,194,14,3,29.21
10544,"2025-07-15",2,受理中,116,11,3,33.85
10545,"2025-07-15",2,办理中,93,20,1,45.44
10546,"2025-07-15",2,审核中,86,41,39,32.51
10547,"2025-07-15",2,待归档,160,36,0,59.87
10548,"2025-07-15",2,已回访,93,36,24,36.21
10549,"2025-07-16",1,一般,193,14,5,27.47
10550,"2025-07-16",1,紧急,99,25,10,52.75
10551,"2025-07-16",1,特急,117,36,18,22.45
10552,"2025-07-16",1,应急事件,95,39,11,10.54
10553,"2025-07-16",2,受理中,169,77,68,49.46
10554,"2025-07-16",2,办理中,143,12,1,17.5
10555,"2025-07-16",2,审核中,192,21,7,37.65
10556,"2025-07-16",2,待归档,103,27,10,30.68
10557,"2025-07-16",2,已回访,189,11,7,11.79
10558,"2025-07-17",1,一般,176,48,13,35.98
10559,"2025-07-17",1,紧急,137,63,35,59.39
10560,"2025-07-17",1,特急,130,13,9,45.79
10561,"2025-07-17",1,应急事件,123,12,3,23.77
10562,"2025-07-17",2,受理中,197,25,10,56.97
10563,"2025-07-17",2,办理中,135,36,13,27.42
10564,"2025-07-17",2,审核中,131,60,31,40.08
10565,"2025-07-17",2,待归档,104,18,9,40.59
10566,"2025-07-17",2,已回访,92,35,14,24.78
10567,"2025-07-18",1,一般,190,36,25,40.28
10568,"2025-07-18",1,紧急,157,45,39,21.93
10569,"2025-07-18",1,特急,146,29,4,25.53
10570,"2025-07-18",1,应急事件,187,53,8,13.59
10571,"2025-07-18",2,受理中,138,39,20,58.37
10572,"2025-07-18",2,办理中,184,78,2,57.65
10573,"2025-07-18",2,审核中,190,92,35,49.79
10574,"2025-07-18",2,待归档,122,43,13,58.75
10575,"2025-07-18",2,已回访,121,38,26,16.7
10576,"2025-07-19",1,一般,98,21,1,53.68
10577,"2025-07-19",1,紧急,174,12,7,35.78
10578,"2025-07-19",1,特急,132,18,9,18.3
10579,"2025-07-19",1,应急事件,93,10,6,41.3
10580,"2025-07-19",2,受理中,174,81,40,37.88
10581,"2025-07-19",2,办理中,135,65,8,46.09
10582,"2025-07-19",2,审核中,154,68,58,54.06
10583,"2025-07-19",2,待归档,170,59,36,49.3
10584,"2025-07-19",2,已回访,182,10,5,56.06
10585,"2025-07-20",1,一般,133,38,29,20.71
10586,"2025-07-20",1,紧急,153,53,8,32.83
10587,"2025-07-20",1,特急,190,27,20,19.77
10588,"2025-07-20",1,应急事件,120,22,17,17.14
10589,"2025-07-20",2,受理中,158,69,3,47.63
10590,"2025-07-20",2,办理中,178,60,6,44.18
10591,"2025-07-20",2,审核中,97,35,13,51.08
10592,"2025-07-20",2,待归档,163,16,0,44.86
10593,"2025-07-20",2,已回访,158,38,28,11.67
10594,"2025-07-21",1,一般,104,34,27,10.23
10595,"2025-07-21",1,紧急,177,84,23,15.89
10596,"2025-07-21",1,特急,102,38,24,39.26
10597,"2025-07-21",1,应急事件,195,38,36,20.0
10598,"2025-07-21",2,受理中,183,14,12,22.28
10599,"2025-07-21",2,办理中,84,11,8,17.42
10600,"2025-07-21",2,审核中,194,22,13,56.8
10601,"2025-07-21",2,待归档,88,34,11,31.47
10602,"2025-07-21",2,已回访,99,19,14,36.97
10603,"2025-07-22",1,一般,101,12,0,44.78
10604,"2025-07-22",1,紧急,136,22,16,24.2
10605,"2025-07-22",1,特急,127,30,0,44.47
10606,"2025-07-22",1,应急事件,137,32,1,37.37
10607,"2025-07-22",2,受理中,139,59,34,47.94
10608,"2025-07-22",2,办理中,127,31,9,36.12
10609,"2025-07-22",2,审核中,193,34,3,41.58
10610,"2025-07-22",2,待归档,199,38,0,23.31
10611,"2025-07-22",2,已回访,162,15,14,48.85
10612,"2025-07-23",1,一般,131,58,43,51.96
10613,"2025-07-23",1,紧急,103,34,33,58.4
10614,"2025-07-23",1,特急,199,87,52,43.03
10615,"2025-07-23",1,应急事件,134,55,19,33.3
10616,"2025-07-23",2,受理中,146,71,56,20.88
10617,"2025-07-23",2,办理中,91,27,12,54.9
10618,"2025-07-23",2,审核中,81,14,8,48.5
10619,"2025-07-23",2,待归档,98,16,11,27.09
10620,"2025-07-23",2,已回访,161,68,25,44.11
10621,"2025-07-24",1,一般,98,41,20,39.48
10622,"2025-07-24",1,紧急,168,81,61,32.77
10623,"2025-07-24",1,特急,142,41,28,14.49
10624,"2025-07-24",1,应急事件,170,62,56,47.82
10625,"2025-07-24",2,受理中,111,50,16,41.55
10626,"2025-07-24",2,办理中,190,13,1,41.49
10627,"2025-07-24",2,审核中,134,22,21,27.81
10628,"2025-07-24",2,待归档,138,29,24,36.63
10629,"2025-07-24",2,已回访,102,38,19,56.28
10630,"2025-07-25",1,一般,145,14,9,42.43
10631,"2025-07-25",1,紧急,113,17,3,56.9
10632,"2025-07-25",1,特急,160,28,26,49.15
10633,"2025-07-25",1,应急事件,86,40,33,24.81
10634,"2025-07-25",2,受理中,187,13,5,31.4
10635,"2025-07-25",2,办理中,116,45,34,10.97
10636,"2025-07-25",2,审核中,192,83,66,28.62
10637,"2025-07-25",2,待归档,115,43,35,58.41
10638,"2025-07-25",2,已回访,131,26,24,14.4
10639,"2025-07-26",1,一般,102,17,11,16.64
10640,"2025-07-26",1,紧急,196,92,35,17.21
10641,"2025-07-26",1,特急,191,59,27,50.55
10642,"2025-07-26",1,应急事件,119,32,4,52.09
10643,"2025-07-26",2,受理中,145,67,8,53.25
10644,"2025-07-26",2,办理中,194,60,13,43.7
10645,"2025-07-26",2,审核中,97,10,6,55.89
10646,"2025-07-26",2,待归档,183,53,40,50.9
10647,"2025-07-26",2,已回访,99,43,16,51.42
10648,"2025-07-27",1,一般,135,24,22,20.55
10649,"2025-07-27",1,紧急,179,48,22,30.26
10650,"2025-07-27",1,特急,128,10,9,18.22
10651,"2025-07-27",1,应急事件,187,63,13,51.28
10652,"2025-07-27",2,受理中,182,36,25,57.47
10653,"2025-07-27",2,办理中,120,54,33,10.44
10654,"2025-07-27",2,审核中,86,39,1,15.6
10655,"2025-07-27",2,待归档,200,59,5,31.14
10656,"2025-07-27",2,已回访,98,39,3,15.82
10657,"2025-07-28",1,一般,159,32,3,23.72
10658,"2025-07-28",1,紧急,169,53,36,22.41
10659,"2025-07-28",1,特急,81,19,16,35.2
10660,"2025-07-28",1,应急事件,158,19,11,48.41
10661,"2025-07-28",2,受理中,131,12,2,45.37
10662,"2025-07-28",2,办理中,186,83,47,24.22
10663,"2025-07-28",2,审核中,81,19,6,53.79
10664,"2025-07-28",2,待归档,118,11,10,39.52
10665,"2025-07-28",2,已回访,117,36,22,32.98
10666,"2025-07-29",1,一般,187,87,70,30.77
10667,"2025-07-29",1,紧急,81,10,7,13.11
10668,"2025-07-29",1,特急,105,22,16,35.64
10669,"2025-07-29",1,应急事件,158,66,9,57.27
10670,"2025-07-29",2,受理中,145,28,25,28.95
10671,"2025-07-29",2,办理中,127,26,13,44.79
10672,"2025-07-29",2,审核中,91,12,2,21.73
10673,"2025-07-29",2,待归档,171,33,25,46.29
10674,"2025-07-29",2,已回访,90,16,5,29.83
10675,"2025-07-30",1,一般,190,41,13,47.17
10676,"2025-07-30",1,紧急,185,70,15,39.05
10677,"2025-07-30",1,特急,169,71,12,43.22
10678,"2025-07-30",1,应急事件,195,32,3,27.55
10679,"2025-07-30",2,受理中,87,32,11,59.5
10680,"2025-07-30",2,办理中,88,11,5,33.43
10681,"2025-07-30",2,审核中,146,40,6,53.35
10682,"2025-07-30",2,待归档,88,40,9,34.78
10683,"2025-07-30",2,已回访,181,22,20,51.2
10684,"2025-07-31",1,一般,83,22,16,42.73
10685,"2025-07-31",1,紧急,152,55,21,24.41
10686,"2025-07-31",1,特急,151,68,62,42.58
10687,"2025-07-31",1,应急事件,191,12,0,20.82
10688,"2025-07-31",2,受理中,114,15,9,40.6
10689,"2025-07-31",2,办理中,151,69,48,34.33
10690,"2025-07-31",2,审核中,102,37,11,34.2
10691,"2025-07-31",2,待归档,164,41,16,44.93
10692,"2025-07-31",2,已回访,133,19,0,15.27
10693,"2025-08-01",1,一般,142,42,37,12.68
10694,"2025-08-01",1,紧急,182,30,14,14.02
10695,"2025-08-01",1,特急,157,34,8,50.54
10696,"2025-08-01",1,应急事件,153,73,34,38.9
10697,"2025-08-01",2,受理中,125,37,26,15.65
10698,"2025-08-01",2,办理中,150,28,19,25.27
10699,"2025-08-01",2,审核中,147,27,25,43.43
10700,"2025-08-01",2,待归档,130,12,1,48.37
10701,"2025-08-01",2,已回访,200,23,14,57.08
