"md_id","busi_time","order_status","order_cnt"
"0","2022-05-01",话务员暂存,56
"1","2022-05-01",话务员受理,52
"2","2022-05-01",话务员办理,86
"3","2022-05-01",热线审核,76
"4","2022-05-01",热线复核,4
"5","2022-05-01",承办单位审核,65
"6","2022-05-01",承办单位处理,52
"7","2022-05-01",承办单位复核,101
"8","2022-05-01",办结,103
"9","2022-05-01",回访,102
"10","2022-05-01",归档,107
"11","2022-05-01",挂起,83
"12","2022-05-02",话务员暂存,34
"13","2022-05-02",话务员受理,22
"14","2022-05-02",话务员办理,78
"15","2022-05-02",热线审核,116
"16","2022-05-02",热线复核,33
"17","2022-05-02",承办单位审核,8
"18","2022-05-02",承办单位处理,98
"19","2022-05-02",承办单位复核,87
"20","2022-05-02",办结,63
"21","2022-05-02",回访,39
"22","2022-05-02",归档,107
"23","2022-05-02",挂起,6
"24","2022-05-03",话务员暂存,44
"25","2022-05-03",话务员受理,47
"26","2022-05-03",话务员办理,95
"27","2022-05-03",热线审核,65
"28","2022-05-03",热线复核,91
"29","2022-05-03",承办单位审核,112
"30","2022-05-03",承办单位处理,126
"31","2022-05-03",承办单位复核,22
"32","2022-05-03",办结,100
"33","2022-05-03",回访,29
"34","2022-05-03",归档,118
"35","2022-05-03",挂起,81
"36","2022-05-04",话务员暂存,58
"37","2022-05-04",话务员受理,20
"38","2022-05-04",话务员办理,86
"39","2022-05-04",热线审核,23
"40","2022-05-04",热线复核,135
"41","2022-05-04",承办单位审核,91
"42","2022-05-04",承办单位处理,92
"43","2022-05-04",承办单位复核,78
"44","2022-05-04",办结,91
"45","2022-05-04",回访,27
"46","2022-05-04",归档,111
"47","2022-05-04",挂起,10
"48","2022-05-05",话务员暂存,69
"49","2022-05-05",话务员受理,62
"50","2022-05-05",话务员办理,77
"51","2022-05-05",热线审核,62
"52","2022-05-05",热线复核,30
"53","2022-05-05",承办单位审核,20
"54","2022-05-05",承办单位处理,52
"55","2022-05-05",承办单位复核,10
"56","2022-05-05",办结,48
"57","2022-05-05",回访,63
"58","2022-05-05",归档,42
"59","2022-05-05",挂起,17
"60","2022-05-06",话务员暂存,112
"61","2022-05-06",话务员受理,28
"62","2022-05-06",话务员办理,2
"63","2022-05-06",热线审核,60
"64","2022-05-06",热线复核,68
"65","2022-05-06",承办单位审核,67
"66","2022-05-06",承办单位处理,76
"67","2022-05-06",承办单位复核,17
"68","2022-05-06",办结,44
"69","2022-05-06",回访,43
"70","2022-05-06",归档,118
"71","2022-05-06",挂起,56
"72","2022-05-07",话务员暂存,112
"73","2022-05-07",话务员受理,105
"74","2022-05-07",话务员办理,27
"75","2022-05-07",热线审核,105
"76","2022-05-07",热线复核,101
"77","2022-05-07",承办单位审核,94
"78","2022-05-07",承办单位处理,102
"79","2022-05-07",承办单位复核,38
"80","2022-05-07",办结,132
"81","2022-05-07",回访,5
"82","2022-05-07",归档,93
"83","2022-05-07",挂起,79
"84","2022-05-08",话务员暂存,47
"85","2022-05-08",话务员受理,20
"86","2022-05-08",话务员办理,128
"87","2022-05-08",热线审核,60
"88","2022-05-08",热线复核,55
"89","2022-05-08",承办单位审核,76
"90","2022-05-08",承办单位处理,46
"91","2022-05-08",承办单位复核,22
"92","2022-05-08",办结,42
"93","2022-05-08",回访,145
"94","2022-05-08",归档,105
"95","2022-05-08",挂起,55
"96","2022-05-09",话务员暂存,37
"97","2022-05-09",话务员受理,56
"98","2022-05-09",话务员办理,32
"99","2022-05-09",热线审核,87
"100","2022-05-09",热线复核,47
"101","2022-05-09",承办单位审核,86
"102","2022-05-09",承办单位处理,32
"103","2022-05-09",承办单位复核,74
"104","2022-05-09",办结,83
"105","2022-05-09",回访,3
"106","2022-05-09",归档,16
"107","2022-05-09",挂起,55
"108","2022-05-10",话务员暂存,98
"109","2022-05-10",话务员受理,42
"110","2022-05-10",话务员办理,17
"111","2022-05-10",热线审核,6
"112","2022-05-10",热线复核,1
"113","2022-05-10",承办单位审核,86
"114","2022-05-10",承办单位处理,105
"115","2022-05-10",承办单位复核,99
"116","2022-05-10",办结,51
"117","2022-05-10",回访,13
"118","2022-05-10",归档,73
"119","2022-05-10",挂起,45
"120","2022-05-11",话务员暂存,25
"121","2022-05-11",话务员受理,7
"122","2022-05-11",话务员办理,116
"123","2022-05-11",热线审核,67
"124","2022-05-11",热线复核,36
"125","2022-05-11",承办单位审核,51
"126","2022-05-11",承办单位处理,5
"127","2022-05-11",承办单位复核,48
"128","2022-05-11",办结,102
"129","2022-05-11",回访,84
"130","2022-05-11",归档,105
"131","2022-05-11",挂起,8
"132","2022-05-12",话务员暂存,9
"133","2022-05-12",话务员受理,3
"134","2022-05-12",话务员办理,116
"135","2022-05-12",热线审核,25
"136","2022-05-12",热线复核,40
"137","2022-05-12",承办单位审核,145
"138","2022-05-12",承办单位处理,9
"139","2022-05-12",承办单位复核,110
"140","2022-05-12",办结,105
"141","2022-05-12",回访,120
"142","2022-05-12",归档,69
"143","2022-05-12",挂起,21
"144","2022-05-13",话务员暂存,41
"145","2022-05-13",话务员受理,20
"146","2022-05-13",话务员办理,44
"147","2022-05-13",热线审核,23
"148","2022-05-13",热线复核,13
"149","2022-05-13",承办单位审核,17
"150","2022-05-13",承办单位处理,54
"151","2022-05-13",承办单位复核,2
"152","2022-05-13",办结,43
"153","2022-05-13",回访,19
"154","2022-05-13",归档,29
"155","2022-05-13",挂起,55
"156","2022-05-14",话务员暂存,61
"157","2022-05-14",话务员受理,75
"158","2022-05-14",话务员办理,73
"159","2022-05-14",热线审核,47
"160","2022-05-14",热线复核,29
"161","2022-05-14",承办单位审核,73
"162","2022-05-14",承办单位处理,18
"163","2022-05-14",承办单位复核,31
"164","2022-05-14",办结,73
"165","2022-05-14",回访,41
"166","2022-05-14",归档,20
"167","2022-05-14",挂起,44
"168","2022-05-15",话务员暂存,47
"169","2022-05-15",话务员受理,31
"170","2022-05-15",话务员办理,25
"171","2022-05-15",热线审核,52
"172","2022-05-15",热线复核,24
"173","2022-05-15",承办单位审核,12
"174","2022-05-15",承办单位处理,51
"175","2022-05-15",承办单位复核,15
"176","2022-05-15",办结,35
"177","2022-05-15",回访,2
"178","2022-05-15",归档,52
"179","2022-05-15",挂起,19
"180","2022-05-16",话务员暂存,49
"181","2022-05-16",话务员受理,17
"182","2022-05-16",话务员办理,116
"183","2022-05-16",热线审核,6
"184","2022-05-16",热线复核,11
"185","2022-05-16",承办单位审核,46
"186","2022-05-16",承办单位处理,107
"187","2022-05-16",承办单位复核,113
"188","2022-05-16",办结,82
"189","2022-05-16",回访,44
"190","2022-05-16",归档,19
"191","2022-05-16",挂起,91
"192","2022-05-17",话务员暂存,24
"193","2022-05-17",话务员受理,3
"194","2022-05-17",话务员办理,101
"195","2022-05-17",热线审核,10
"196","2022-05-17",热线复核,10
"197","2022-05-17",承办单位审核,18
"198","2022-05-17",承办单位处理,107
"199","2022-05-17",承办单位复核,70
"200","2022-05-17",办结,50
"201","2022-05-17",回访,23
"202","2022-05-17",归档,134
"203","2022-05-17",挂起,7
"204","2022-05-18",话务员暂存,83
"205","2022-05-18",话务员受理,98
"206","2022-05-18",话务员办理,85
"207","2022-05-18",热线审核,47
"208","2022-05-18",热线复核,28
"209","2022-05-18",承办单位审核,53
"210","2022-05-18",承办单位处理,98
"211","2022-05-18",承办单位复核,52
"212","2022-05-18",办结,103
"213","2022-05-18",回访,87
"214","2022-05-18",归档,101
"215","2022-05-18",挂起,24
"216","2022-05-19",话务员暂存,60
"217","2022-05-19",话务员受理,101
"218","2022-05-19",话务员办理,45
"219","2022-05-19",热线审核,70
"220","2022-05-19",热线复核,39
"221","2022-05-19",承办单位审核,72
"222","2022-05-19",承办单位处理,107
"223","2022-05-19",承办单位复核,82
"224","2022-05-19",办结,50
"225","2022-05-19",回访,138
"226","2022-05-19",归档,56
"227","2022-05-19",挂起,88
"228","2022-05-20",话务员暂存,48
"229","2022-05-20",话务员受理,59
"230","2022-05-20",话务员办理,29
"231","2022-05-20",热线审核,11
"232","2022-05-20",热线复核,41
"233","2022-05-20",承办单位审核,10
"234","2022-05-20",承办单位处理,42
"235","2022-05-20",承办单位复核,49
"236","2022-05-20",办结,13
"237","2022-05-20",回访,8
"238","2022-05-20",归档,38
"239","2022-05-20",挂起,37
"240","2022-05-21",话务员暂存,10
"241","2022-05-21",话务员受理,21
"242","2022-05-21",话务员办理,59
"243","2022-05-21",热线审核,34
"244","2022-05-21",热线复核,0
"245","2022-05-21",承办单位审核,51
"246","2022-05-21",承办单位处理,13
"247","2022-05-21",承办单位复核,25
"248","2022-05-21",办结,13
"249","2022-05-21",回访,20
"250","2022-05-21",归档,66
"251","2022-05-21",挂起,63
"252","2022-05-22",话务员暂存,11
"253","2022-05-22",话务员受理,27
"254","2022-05-22",话务员办理,29
"255","2022-05-22",热线审核,73
"256","2022-05-22",热线复核,11
"257","2022-05-22",承办单位审核,62
"258","2022-05-22",承办单位处理,32
"259","2022-05-22",承办单位复核,40
"260","2022-05-22",办结,20
"261","2022-05-22",回访,58
"262","2022-05-22",归档,47
"263","2022-05-22",挂起,9
"264","2022-05-23",话务员暂存,115
"265","2022-05-23",话务员受理,97
"266","2022-05-23",话务员办理,27
"267","2022-05-23",热线审核,130
"268","2022-05-23",热线复核,59
"269","2022-05-23",承办单位审核,95
"270","2022-05-23",承办单位处理,29
"271","2022-05-23",承办单位复核,11
"272","2022-05-23",办结,45
"273","2022-05-23",回访,102
"274","2022-05-23",归档,118
"275","2022-05-23",挂起,23
"276","2022-05-24",话务员暂存,95
"277","2022-05-24",话务员受理,149
"278","2022-05-24",话务员办理,35
"279","2022-05-24",热线审核,43
"280","2022-05-24",热线复核,20
"281","2022-05-24",承办单位审核,4
"282","2022-05-24",承办单位处理,51
"283","2022-05-24",承办单位复核,124
"284","2022-05-24",办结,146
"285","2022-05-24",回访,95
"286","2022-05-24",归档,21
"287","2022-05-24",挂起,140
"288","2022-05-25",话务员暂存,76
"289","2022-05-25",话务员受理,17
"290","2022-05-25",话务员办理,116
"291","2022-05-25",热线审核,38
"292","2022-05-25",热线复核,146
"293","2022-05-25",承办单位审核,55
"294","2022-05-25",承办单位处理,51
"295","2022-05-25",承办单位复核,102
"296","2022-05-25",办结,25
"297","2022-05-25",回访,83
"298","2022-05-25",归档,149
"299","2022-05-25",挂起,120
"300","2022-05-26",话务员暂存,112
"301","2022-05-26",话务员受理,97
"302","2022-05-26",话务员办理,80
"303","2022-05-26",热线审核,98
"304","2022-05-26",热线复核,11
"305","2022-05-26",承办单位审核,80
"306","2022-05-26",承办单位处理,131
"307","2022-05-26",承办单位复核,57
"308","2022-05-26",办结,1
"309","2022-05-26",回访,59
"310","2022-05-26",归档,113
"311","2022-05-26",挂起,116
"312","2022-05-27",话务员暂存,87
"313","2022-05-27",话务员受理,18
"314","2022-05-27",话务员办理,103
"315","2022-05-27",热线审核,68
"316","2022-05-27",热线复核,90
"317","2022-05-27",承办单位审核,77
"318","2022-05-27",承办单位处理,7
"319","2022-05-27",承办单位复核,29
"320","2022-05-27",办结,87
"321","2022-05-27",回访,108
"322","2022-05-27",归档,126
"323","2022-05-27",挂起,110
"324","2022-05-28",话务员暂存,103
"325","2022-05-28",话务员受理,102
"326","2022-05-28",话务员办理,126
"327","2022-05-28",热线审核,109
"328","2022-05-28",热线复核,37
"329","2022-05-28",承办单位审核,87
"330","2022-05-28",承办单位处理,48
"331","2022-05-28",承办单位复核,47
"332","2022-05-28",办结,127
"333","2022-05-28",回访,91
"334","2022-05-28",归档,15
"335","2022-05-28",挂起,11
"336","2022-05-29",话务员暂存,30
"337","2022-05-29",话务员受理,33
"338","2022-05-29",话务员办理,28
"339","2022-05-29",热线审核,89
"340","2022-05-29",热线复核,24
"341","2022-05-29",承办单位审核,84
"342","2022-05-29",承办单位处理,92
"343","2022-05-29",承办单位复核,71
"344","2022-05-29",办结,54
"345","2022-05-29",回访,1
"346","2022-05-29",归档,84
"347","2022-05-29",挂起,9
"348","2022-05-30",话务员暂存,51
"349","2022-05-30",话务员受理,54
"350","2022-05-30",话务员办理,46
"351","2022-05-30",热线审核,27
"352","2022-05-30",热线复核,0
"353","2022-05-30",承办单位审核,3
"354","2022-05-30",承办单位处理,7
"355","2022-05-30",承办单位复核,31
"356","2022-05-30",办结,27
"357","2022-05-30",回访,43
"358","2022-05-30",归档,26
"359","2022-05-30",挂起,31
"360","2022-05-31",话务员暂存,32
"361","2022-05-31",话务员受理,10
"362","2022-05-31",话务员办理,71
"363","2022-05-31",热线审核,90
"364","2022-05-31",热线复核,29
"365","2022-05-31",承办单位审核,48
"366","2022-05-31",承办单位处理,85
"367","2022-05-31",承办单位复核,6
"368","2022-05-31",办结,69
"369","2022-05-31",回访,8
"370","2022-05-31",归档,25
"371","2022-05-31",挂起,61
"372","2022-06-01",话务员暂存,59
"373","2022-06-01",话务员受理,99
"374","2022-06-01",话务员办理,6
"375","2022-06-01",热线审核,94
"376","2022-06-01",热线复核,115
"377","2022-06-01",承办单位审核,118
"378","2022-06-01",承办单位处理,142
"379","2022-06-01",承办单位复核,20
"380","2022-06-01",办结,18
"381","2022-06-01",回访,87
"382","2022-06-01",归档,110
"383","2022-06-01",挂起,90
"384","2022-06-02",话务员暂存,75
"385","2022-06-02",话务员受理,94
"386","2022-06-02",话务员办理,29
"387","2022-06-02",热线审核,41
"388","2022-06-02",热线复核,7
"389","2022-06-02",承办单位审核,73
"390","2022-06-02",承办单位处理,98
"391","2022-06-02",承办单位复核,80
"392","2022-06-02",办结,1
"393","2022-06-02",回访,74
"394","2022-06-02",归档,1
"395","2022-06-02",挂起,22
"396","2022-06-03",话务员暂存,44
"397","2022-06-03",话务员受理,20
"398","2022-06-03",话务员办理,36
"399","2022-06-03",热线审核,42
"400","2022-06-03",热线复核,21
"401","2022-06-03",承办单位审核,33
"402","2022-06-03",承办单位处理,30
"403","2022-06-03",承办单位复核,12
"404","2022-06-03",办结,44
"405","2022-06-03",回访,12
"406","2022-06-03",归档,26
"407","2022-06-03",挂起,16
"408","2022-06-04",话务员暂存,25
"409","2022-06-04",话务员受理,41
"410","2022-06-04",话务员办理,39
"411","2022-06-04",热线审核,59
"412","2022-06-04",热线复核,48
"413","2022-06-04",承办单位审核,41
"414","2022-06-04",承办单位处理,57
"415","2022-06-04",承办单位复核,46
"416","2022-06-04",办结,29
"417","2022-06-04",回访,39
"418","2022-06-04",归档,22
"419","2022-06-04",挂起,6
"420","2022-06-05",话务员暂存,128
"421","2022-06-05",话务员受理,98
"422","2022-06-05",话务员办理,1
"423","2022-06-05",热线审核,135
"424","2022-06-05",热线复核,120
"425","2022-06-05",承办单位审核,39
"426","2022-06-05",承办单位处理,26
"427","2022-06-05",承办单位复核,24
"428","2022-06-05",办结,71
"429","2022-06-05",回访,98
"430","2022-06-05",归档,115
"431","2022-06-05",挂起,71
"432","2022-06-06",话务员暂存,93
"433","2022-06-06",话务员受理,60
"434","2022-06-06",话务员办理,83
"435","2022-06-06",热线审核,18
"436","2022-06-06",热线复核,85
"437","2022-06-06",承办单位审核,109
"438","2022-06-06",承办单位处理,96
"439","2022-06-06",承办单位复核,9
"440","2022-06-06",办结,62
"441","2022-06-06",回访,87
"442","2022-06-06",归档,171
"443","2022-06-06",挂起,25
"444","2022-06-07",话务员暂存,36
"445","2022-06-07",话务员受理,16
"446","2022-06-07",话务员办理,26
"447","2022-06-07",热线审核,11
"448","2022-06-07",热线复核,10
"449","2022-06-07",承办单位审核,33
"450","2022-06-07",承办单位处理,36
"451","2022-06-07",承办单位复核,24
"452","2022-06-07",办结,33
"453","2022-06-07",回访,24
"454","2022-06-07",归档,36
"455","2022-06-07",挂起,27
"456","2022-06-08",话务员暂存,66
"457","2022-06-08",话务员受理,91
"458","2022-06-08",话务员办理,40
"459","2022-06-08",热线审核,56
"460","2022-06-08",热线复核,39
"461","2022-06-08",承办单位审核,106
"462","2022-06-08",承办单位处理,93
"463","2022-06-08",承办单位复核,49
"464","2022-06-08",办结,59
"465","2022-06-08",回访,128
"466","2022-06-08",归档,6
"467","2022-06-08",挂起,113
"468","2022-06-09",话务员暂存,53
"469","2022-06-09",话务员受理,31
"470","2022-06-09",话务员办理,33
"471","2022-06-09",热线审核,35
"472","2022-06-09",热线复核,50
"473","2022-06-09",承办单位审核,63
"474","2022-06-09",承办单位处理,34
"475","2022-06-09",承办单位复核,79
"476","2022-06-09",办结,29
"477","2022-06-09",回访,22
"478","2022-06-09",归档,77
"479","2022-06-09",挂起,79
"480","2022-06-10",话务员暂存,64
"481","2022-06-10",话务员受理,24
"482","2022-06-10",话务员办理,53
"483","2022-06-10",热线审核,27
"484","2022-06-10",热线复核,21
"485","2022-06-10",承办单位审核,44
"486","2022-06-10",承办单位处理,9
"487","2022-06-10",承办单位复核,65
"488","2022-06-10",办结,61
"489","2022-06-10",回访,11
"490","2022-06-10",归档,6
"491","2022-06-10",挂起,46
"492","2022-06-11",话务员暂存,112
"493","2022-06-11",话务员受理,82
"494","2022-06-11",话务员办理,14
"495","2022-06-11",热线审核,39
"496","2022-06-11",热线复核,117
"497","2022-06-11",承办单位审核,96
"498","2022-06-11",承办单位处理,59
"499","2022-06-11",承办单位复核,4
"500","2022-06-11",办结,49
"501","2022-06-11",回访,8
"502","2022-06-11",归档,46
"503","2022-06-11",挂起,29
"504","2022-06-12",话务员暂存,39
"505","2022-06-12",话务员受理,75
"506","2022-06-12",话务员办理,12
"507","2022-06-12",热线审核,82
"508","2022-06-12",热线复核,47
"509","2022-06-12",承办单位审核,38
"510","2022-06-12",承办单位处理,42
"511","2022-06-12",承办单位复核,78
"512","2022-06-12",办结,29
"513","2022-06-12",回访,44
"514","2022-06-12",归档,6
"515","2022-06-12",挂起,86
"516","2022-06-13",话务员暂存,66
"517","2022-06-13",话务员受理,54
"518","2022-06-13",话务员办理,56
"519","2022-06-13",热线审核,3
"520","2022-06-13",热线复核,8
"521","2022-06-13",承办单位审核,47
"522","2022-06-13",承办单位处理,64
"523","2022-06-13",承办单位复核,16
"524","2022-06-13",办结,51
"525","2022-06-13",回访,16
"526","2022-06-13",归档,63
"527","2022-06-13",挂起,18
"528","2022-06-14",话务员暂存,85
"529","2022-06-14",话务员受理,47
"530","2022-06-14",话务员办理,61
"531","2022-06-14",热线审核,13
"532","2022-06-14",热线复核,67
"533","2022-06-14",承办单位审核,60
"534","2022-06-14",承办单位处理,93
"535","2022-06-14",承办单位复核,39
"536","2022-06-14",办结,74
"537","2022-06-14",回访,49
"538","2022-06-14",归档,104
"539","2022-06-14",挂起,122
"540","2022-06-15",话务员暂存,6
"541","2022-06-15",话务员受理,8
"542","2022-06-15",话务员办理,43
"543","2022-06-15",热线审核,13
"544","2022-06-15",热线复核,11
"545","2022-06-15",承办单位审核,5
"546","2022-06-15",承办单位处理,67
"547","2022-06-15",承办单位复核,50
"548","2022-06-15",办结,62
"549","2022-06-15",回访,62
"550","2022-06-15",归档,30
"551","2022-06-15",挂起,11
"552","2022-06-16",话务员暂存,3
"553","2022-06-16",话务员受理,50
"554","2022-06-16",话务员办理,42
"555","2022-06-16",热线审核,65
"556","2022-06-16",热线复核,37
"557","2022-06-16",承办单位审核,19
"558","2022-06-16",承办单位处理,4
"559","2022-06-16",承办单位复核,1
"560","2022-06-16",办结,51
"561","2022-06-16",回访,58
"562","2022-06-16",归档,5
"563","2022-06-16",挂起,40
"564","2022-06-17",话务员暂存,16
"565","2022-06-17",话务员受理,112
"566","2022-06-17",话务员办理,81
"567","2022-06-17",热线审核,24
"568","2022-06-17",热线复核,129
"569","2022-06-17",承办单位审核,60
"570","2022-06-17",承办单位处理,183
"571","2022-06-17",承办单位复核,151
"572","2022-06-17",办结,63
"573","2022-06-17",回访,102
"574","2022-06-17",归档,56
"575","2022-06-17",挂起,9
"576","2022-06-18",话务员暂存,2
"577","2022-06-18",话务员受理,121
"578","2022-06-18",话务员办理,45
"579","2022-06-18",热线审核,15
"580","2022-06-18",热线复核,26
"581","2022-06-18",承办单位审核,109
"582","2022-06-18",承办单位处理,7
"583","2022-06-18",承办单位复核,42
"584","2022-06-18",办结,69
"585","2022-06-18",回访,19
"586","2022-06-18",归档,132
"587","2022-06-18",挂起,104
"588","2022-06-19",话务员暂存,14
"589","2022-06-19",话务员受理,36
"590","2022-06-19",话务员办理,43
"591","2022-06-19",热线审核,18
"592","2022-06-19",热线复核,50
"593","2022-06-19",承办单位审核,30
"594","2022-06-19",承办单位处理,44
"595","2022-06-19",承办单位复核,4
"596","2022-06-19",办结,25
"597","2022-06-19",回访,31
"598","2022-06-19",归档,12
"599","2022-06-19",挂起,31
"600","2022-06-20",话务员暂存,60
"601","2022-06-20",话务员受理,64
"602","2022-06-20",话务员办理,58
"603","2022-06-20",热线审核,12
"604","2022-06-20",热线复核,6
"605","2022-06-20",承办单位审核,65
"606","2022-06-20",承办单位处理,53
"607","2022-06-20",承办单位复核,60
"608","2022-06-20",办结,21
"609","2022-06-20",回访,15
"610","2022-06-20",归档,42
"611","2022-06-20",挂起,1
"612","2022-06-21",话务员暂存,103
"613","2022-06-21",话务员受理,46
"614","2022-06-21",话务员办理,63
"615","2022-06-21",热线审核,1
"616","2022-06-21",热线复核,104
"617","2022-06-21",承办单位审核,38
"618","2022-06-21",承办单位处理,7
"619","2022-06-21",承办单位复核,66
"620","2022-06-21",办结,104
"621","2022-06-21",回访,48
"622","2022-06-21",归档,95
"623","2022-06-21",挂起,7
"624","2022-06-22",话务员暂存,122
"625","2022-06-22",话务员受理,120
"626","2022-06-22",话务员办理,139
"627","2022-06-22",热线审核,87
"628","2022-06-22",热线复核,41
"629","2022-06-22",承办单位审核,64
"630","2022-06-22",承办单位处理,17
"631","2022-06-22",承办单位复核,23
"632","2022-06-22",办结,128
"633","2022-06-22",回访,47
"634","2022-06-22",归档,102
"635","2022-06-22",挂起,11
"636","2022-06-23",话务员暂存,53
"637","2022-06-23",话务员受理,77
"638","2022-06-23",话务员办理,26
"639","2022-06-23",热线审核,70
"640","2022-06-23",热线复核,105
"641","2022-06-23",承办单位审核,7
"642","2022-06-23",承办单位处理,20
"643","2022-06-23",承办单位复核,82
"644","2022-06-23",办结,37
"645","2022-06-23",回访,35
"646","2022-06-23",归档,15
"647","2022-06-23",挂起,87
"648","2022-06-24",话务员暂存,77
"649","2022-06-24",话务员受理,103
"650","2022-06-24",话务员办理,24
"651","2022-06-24",热线审核,9
"652","2022-06-24",热线复核,89
"653","2022-06-24",承办单位审核,62
"654","2022-06-24",承办单位处理,74
"655","2022-06-24",承办单位复核,12
"656","2022-06-24",办结,87
"657","2022-06-24",回访,102
"658","2022-06-24",归档,39
"659","2022-06-24",挂起,88
"660","2022-06-25",话务员暂存,106
"661","2022-06-25",话务员受理,17
"662","2022-06-25",话务员办理,77
"663","2022-06-25",热线审核,11
"664","2022-06-25",热线复核,110
"665","2022-06-25",承办单位审核,16
"666","2022-06-25",承办单位处理,31
"667","2022-06-25",承办单位复核,30
"668","2022-06-25",办结,43
"669","2022-06-25",回访,47
"670","2022-06-25",归档,61
"671","2022-06-25",挂起,12
"672","2022-06-26",话务员暂存,53
"673","2022-06-26",话务员受理,54
"674","2022-06-26",话务员办理,36
"675","2022-06-26",热线审核,59
"676","2022-06-26",热线复核,54
"677","2022-06-26",承办单位审核,41
"678","2022-06-26",承办单位处理,3
"679","2022-06-26",承办单位复核,8
"680","2022-06-26",办结,14
"681","2022-06-26",回访,13
"682","2022-06-26",归档,61
"683","2022-06-26",挂起,48
"684","2022-06-27",话务员暂存,55
"685","2022-06-27",话务员受理,20
"686","2022-06-27",话务员办理,44
"687","2022-06-27",热线审核,76
"688","2022-06-27",热线复核,33
"689","2022-06-27",承办单位审核,76
"690","2022-06-27",承办单位处理,69
"691","2022-06-27",承办单位复核,17
"692","2022-06-27",办结,30
"693","2022-06-27",回访,72
"694","2022-06-27",归档,71
"695","2022-06-27",挂起,16
"696","2022-06-28",话务员暂存,75
"697","2022-06-28",话务员受理,49
"698","2022-06-28",话务员办理,51
"699","2022-06-28",热线审核,137
"700","2022-06-28",热线复核,107
"701","2022-06-28",承办单位审核,48
"702","2022-06-28",承办单位处理,48
"703","2022-06-28",承办单位复核,23
"704","2022-06-28",办结,91
"705","2022-06-28",回访,65
"706","2022-06-28",归档,151
"707","2022-06-28",挂起,71
"708","2022-06-29",话务员暂存,5
"709","2022-06-29",话务员受理,5
"710","2022-06-29",话务员办理,50
"711","2022-06-29",热线审核,3
"712","2022-06-29",热线复核,61
"713","2022-06-29",承办单位审核,74
"714","2022-06-29",承办单位处理,28
"715","2022-06-29",承办单位复核,27
"716","2022-06-29",办结,67
"717","2022-06-29",回访,68
"718","2022-06-29",归档,52
"719","2022-06-29",挂起,16
"720","2022-06-30",话务员暂存,7
"721","2022-06-30",话务员受理,25
"722","2022-06-30",话务员办理,54
"723","2022-06-30",热线审核,18
"724","2022-06-30",热线复核,41
"725","2022-06-30",承办单位审核,55
"726","2022-06-30",承办单位处理,48
"727","2022-06-30",承办单位复核,42
"728","2022-06-30",办结,34
"729","2022-06-30",回访,26
"730","2022-06-30",归档,18
"731","2022-06-30",挂起,47
"732","2022-07-01",话务员暂存,28
"733","2022-07-01",话务员受理,24
"734","2022-07-01",话务员办理,43
"735","2022-07-01",热线审核,16
"736","2022-07-01",热线复核,49
"737","2022-07-01",承办单位审核,49
"738","2022-07-01",承办单位处理,47
"739","2022-07-01",承办单位复核,56
"740","2022-07-01",办结,12
"741","2022-07-01",回访,36
"742","2022-07-01",归档,42
"743","2022-07-01",挂起,32
"744","2022-07-02",话务员暂存,32
"745","2022-07-02",话务员受理,76
"746","2022-07-02",话务员办理,91
"747","2022-07-02",热线审核,78
"748","2022-07-02",热线复核,65
"749","2022-07-02",承办单位审核,51
"750","2022-07-02",承办单位处理,13
"751","2022-07-02",承办单位复核,97
"752","2022-07-02",办结,80
"753","2022-07-02",回访,2
"754","2022-07-02",归档,60
"755","2022-07-02",挂起,87
"756","2022-07-03",话务员暂存,36
"757","2022-07-03",话务员受理,120
"758","2022-07-03",话务员办理,17
"759","2022-07-03",热线审核,101
"760","2022-07-03",热线复核,112
"761","2022-07-03",承办单位审核,39
"762","2022-07-03",承办单位处理,24
"763","2022-07-03",承办单位复核,73
"764","2022-07-03",办结,54
"765","2022-07-03",回访,18
"766","2022-07-03",归档,74
"767","2022-07-03",挂起,76
"768","2022-07-04",话务员暂存,64
"769","2022-07-04",话务员受理,13
"770","2022-07-04",话务员办理,67
"771","2022-07-04",热线审核,87
"772","2022-07-04",热线复核,67
"773","2022-07-04",承办单位审核,59
"774","2022-07-04",承办单位处理,35
"775","2022-07-04",承办单位复核,70
"776","2022-07-04",办结,80
"777","2022-07-04",回访,88
"778","2022-07-04",归档,89
"779","2022-07-04",挂起,111
"780","2022-07-05",话务员暂存,65
"781","2022-07-05",话务员受理,52
"782","2022-07-05",话务员办理,9
"783","2022-07-05",热线审核,81
"784","2022-07-05",热线复核,105
"785","2022-07-05",承办单位审核,45
"786","2022-07-05",承办单位处理,133
"787","2022-07-05",承办单位复核,128
"788","2022-07-05",办结,129
"789","2022-07-05",回访,57
"790","2022-07-05",归档,22
"791","2022-07-05",挂起,29
"792","2022-07-06",话务员暂存,45
"793","2022-07-06",话务员受理,75
"794","2022-07-06",话务员办理,71
"795","2022-07-06",热线审核,60
"796","2022-07-06",热线复核,99
"797","2022-07-06",承办单位审核,75
"798","2022-07-06",承办单位处理,12
"799","2022-07-06",承办单位复核,17
"800","2022-07-06",办结,7
"801","2022-07-06",回访,57
"802","2022-07-06",归档,73
"803","2022-07-06",挂起,1
"804","2022-07-07",话务员暂存,25
"805","2022-07-07",话务员受理,8
"806","2022-07-07",话务员办理,20
"807","2022-07-07",热线审核,44
"808","2022-07-07",热线复核,28
"809","2022-07-07",承办单位审核,51
"810","2022-07-07",承办单位处理,7
"811","2022-07-07",承办单位复核,24
"812","2022-07-07",办结,47
"813","2022-07-07",回访,35
"814","2022-07-07",归档,24
"815","2022-07-07",挂起,54
"816","2022-07-08",话务员暂存,33
"817","2022-07-08",话务员受理,35
"818","2022-07-08",话务员办理,44
"819","2022-07-08",热线审核,26
"820","2022-07-08",热线复核,41
"821","2022-07-08",承办单位审核,20
"822","2022-07-08",承办单位处理,8
"823","2022-07-08",承办单位复核,9
"824","2022-07-08",办结,41
"825","2022-07-08",回访,37
"826","2022-07-08",归档,11
"827","2022-07-08",挂起,48
"828","2022-07-09",话务员暂存,126
"829","2022-07-09",话务员受理,33
"830","2022-07-09",话务员办理,68
"831","2022-07-09",热线审核,139
"832","2022-07-09",热线复核,69
"833","2022-07-09",承办单位审核,12
"834","2022-07-09",承办单位处理,117
"835","2022-07-09",承办单位复核,26
"836","2022-07-09",办结,111
"837","2022-07-09",回访,36
"838","2022-07-09",归档,99
"839","2022-07-09",挂起,88
"840","2022-07-10",话务员暂存,85
"841","2022-07-10",话务员受理,70
"842","2022-07-10",话务员办理,93
"843","2022-07-10",热线审核,125
"844","2022-07-10",热线复核,21
"845","2022-07-10",承办单位审核,127
"846","2022-07-10",承办单位处理,80
"847","2022-07-10",承办单位复核,29
"848","2022-07-10",办结,50
"849","2022-07-10",回访,3
"850","2022-07-10",归档,43
"851","2022-07-10",挂起,107
"852","2022-07-11",话务员暂存,2
"853","2022-07-11",话务员受理,19
"854","2022-07-11",话务员办理,6
"855","2022-07-11",热线审核,59
"856","2022-07-11",热线复核,10
"857","2022-07-11",承办单位审核,57
"858","2022-07-11",承办单位处理,7
"859","2022-07-11",承办单位复核,38
"860","2022-07-11",办结,68
"861","2022-07-11",回访,3
"862","2022-07-11",归档,31
"863","2022-07-11",挂起,23
"864","2022-07-12",话务员暂存,42
"865","2022-07-12",话务员受理,52
"866","2022-07-12",话务员办理,131
"867","2022-07-12",热线审核,115
"868","2022-07-12",热线复核,96
"869","2022-07-12",承办单位审核,16
"870","2022-07-12",承办单位处理,88
"871","2022-07-12",承办单位复核,85
"872","2022-07-12",办结,102
"873","2022-07-12",回访,113
"874","2022-07-12",归档,57
"875","2022-07-12",挂起,46
"876","2022-07-13",话务员暂存,30
"877","2022-07-13",话务员受理,25
"878","2022-07-13",话务员办理,29
"879","2022-07-13",热线审核,81
"880","2022-07-13",热线复核,88
"881","2022-07-13",承办单位审核,14
"882","2022-07-13",承办单位处理,6
"883","2022-07-13",承办单位复核,36
"884","2022-07-13",办结,70
"885","2022-07-13",回访,52
"886","2022-07-13",归档,75
"887","2022-07-13",挂起,80
"888","2022-07-14",话务员暂存,3
"889","2022-07-14",话务员受理,28
"890","2022-07-14",话务员办理,92
"891","2022-07-14",热线审核,61
"892","2022-07-14",热线复核,13
"893","2022-07-14",承办单位审核,19
"894","2022-07-14",承办单位处理,80
"895","2022-07-14",承办单位复核,42
"896","2022-07-14",办结,123
"897","2022-07-14",回访,212
"898","2022-07-14",归档,21
"899","2022-07-14",挂起,139
"900","2022-07-15",话务员暂存,93
"901","2022-07-15",话务员受理,105
"902","2022-07-15",话务员办理,120
"903","2022-07-15",热线审核,43
"904","2022-07-15",热线复核,39
"905","2022-07-15",承办单位审核,46
"906","2022-07-15",承办单位处理,73
"907","2022-07-15",承办单位复核,108
"908","2022-07-15",办结,85
"909","2022-07-15",回访,76
"910","2022-07-15",归档,71
"911","2022-07-15",挂起,86
"912","2022-07-16",话务员暂存,70
"913","2022-07-16",话务员受理,90
"914","2022-07-16",话务员办理,100
"915","2022-07-16",热线审核,94
"916","2022-07-16",热线复核,55
"917","2022-07-16",承办单位审核,42
"918","2022-07-16",承办单位处理,92
"919","2022-07-16",承办单位复核,55
"920","2022-07-16",办结,102
"921","2022-07-16",回访,4
"922","2022-07-16",归档,62
"923","2022-07-16",挂起,34
"924","2022-07-17",话务员暂存,85
"925","2022-07-17",话务员受理,65
"926","2022-07-17",话务员办理,99
"927","2022-07-17",热线审核,73
"928","2022-07-17",热线复核,47
"929","2022-07-17",承办单位审核,11
"930","2022-07-17",承办单位处理,74
"931","2022-07-17",承办单位复核,36
"932","2022-07-17",办结,10
"933","2022-07-17",回访,11
"934","2022-07-17",归档,4
"935","2022-07-17",挂起,77
"936","2022-07-18",话务员暂存,68
"937","2022-07-18",话务员受理,103
"938","2022-07-18",话务员办理,49
"939","2022-07-18",热线审核,9
"940","2022-07-18",热线复核,37
"941","2022-07-18",承办单位审核,56
"942","2022-07-18",承办单位处理,26
"943","2022-07-18",承办单位复核,27
"944","2022-07-18",办结,66
"945","2022-07-18",回访,79
"946","2022-07-18",归档,37
"947","2022-07-18",挂起,88
"948","2022-07-19",话务员暂存,103
"949","2022-07-19",话务员受理,38
"950","2022-07-19",话务员办理,5
"951","2022-07-19",热线审核,51
"952","2022-07-19",热线复核,32
"953","2022-07-19",承办单位审核,18
"954","2022-07-19",承办单位处理,84
"955","2022-07-19",承办单位复核,99
"956","2022-07-19",办结,67
"957","2022-07-19",回访,74
"958","2022-07-19",归档,72
"959","2022-07-19",挂起,6
"960","2022-07-20",话务员暂存,60
"961","2022-07-20",话务员受理,41
"962","2022-07-20",话务员办理,56
"963","2022-07-20",热线审核,9
"964","2022-07-20",热线复核,26
"965","2022-07-20",承办单位审核,6
"966","2022-07-20",承办单位处理,58
"967","2022-07-20",承办单位复核,57
"968","2022-07-20",办结,56
"969","2022-07-20",回访,49
"970","2022-07-20",归档,7
"971","2022-07-20",挂起,55
"972","2022-07-21",话务员暂存,41
"973","2022-07-21",话务员受理,96
"974","2022-07-21",话务员办理,21
"975","2022-07-21",热线审核,25
"976","2022-07-21",热线复核,48
"977","2022-07-21",承办单位审核,27
"978","2022-07-21",承办单位处理,120
"979","2022-07-21",承办单位复核,10
"980","2022-07-21",办结,51
"981","2022-07-21",回访,101
"982","2022-07-21",归档,113
"983","2022-07-21",挂起,27
"984","2022-07-22",话务员暂存,4
"985","2022-07-22",话务员受理,82
"986","2022-07-22",话务员办理,23
"987","2022-07-22",热线审核,120
"988","2022-07-22",热线复核,46
"989","2022-07-22",承办单位审核,133
"990","2022-07-22",承办单位处理,102
"991","2022-07-22",承办单位复核,52
"992","2022-07-22",办结,35
"993","2022-07-22",回访,68
"994","2022-07-22",归档,69
"995","2022-07-22",挂起,28
"996","2022-07-23",话务员暂存,21
"997","2022-07-23",话务员受理,21
"998","2022-07-23",话务员办理,23
"999","2022-07-23",热线审核,34
"1000","2022-07-23",热线复核,62
"1001","2022-07-23",承办单位审核,31
"1002","2022-07-23",承办单位处理,70
"1003","2022-07-23",承办单位复核,12
"1004","2022-07-23",办结,21
"1005","2022-07-23",回访,31
"1006","2022-07-23",归档,8
"1007","2022-07-23",挂起,10
"1008","2022-07-24",话务员暂存,44
"1009","2022-07-24",话务员受理,11
"1010","2022-07-24",话务员办理,44
"1011","2022-07-24",热线审核,43
"1012","2022-07-24",热线复核,23
"1013","2022-07-24",承办单位审核,42
"1014","2022-07-24",承办单位处理,19
"1015","2022-07-24",承办单位复核,4
"1016","2022-07-24",办结,46
"1017","2022-07-24",回访,1
"1018","2022-07-24",归档,44
"1019","2022-07-24",挂起,2
"1020","2022-07-25",话务员暂存,68
"1021","2022-07-25",话务员受理,11
"1022","2022-07-25",话务员办理,24
"1023","2022-07-25",热线审核,20
"1024","2022-07-25",热线复核,20
"1025","2022-07-25",承办单位审核,84
"1026","2022-07-25",承办单位处理,36
"1027","2022-07-25",承办单位复核,18
"1028","2022-07-25",办结,88
"1029","2022-07-25",回访,41
"1030","2022-07-25",归档,81
"1031","2022-07-25",挂起,77
"1032","2022-07-26",话务员暂存,44
"1033","2022-07-26",话务员受理,58
"1034","2022-07-26",话务员办理,14
"1035","2022-07-26",热线审核,120
"1036","2022-07-26",热线复核,107
"1037","2022-07-26",承办单位审核,4
"1038","2022-07-26",承办单位处理,119
"1039","2022-07-26",承办单位复核,18
"1040","2022-07-26",办结,16
"1041","2022-07-26",回访,13
"1042","2022-07-26",归档,111
"1043","2022-07-26",挂起,74
"1044","2022-07-27",话务员暂存,79
"1045","2022-07-27",话务员受理,14
"1046","2022-07-27",话务员办理,34
"1047","2022-07-27",热线审核,169
"1048","2022-07-27",热线复核,176
"1049","2022-07-27",承办单位审核,15
"1050","2022-07-27",承办单位处理,60
"1051","2022-07-27",承办单位复核,55
"1052","2022-07-27",办结,46
"1053","2022-07-27",回访,97
"1054","2022-07-27",归档,98
"1055","2022-07-27",挂起,1
"1056","2022-07-28",话务员暂存,62
"1057","2022-07-28",话务员受理,23
"1058","2022-07-28",话务员办理,58
"1059","2022-07-28",热线审核,11
"1060","2022-07-28",热线复核,59
"1061","2022-07-28",承办单位审核,35
"1062","2022-07-28",承办单位处理,56
"1063","2022-07-28",承办单位复核,42
"1064","2022-07-28",办结,64
"1065","2022-07-28",回访,38
"1066","2022-07-28",归档,58
"1067","2022-07-28",挂起,62
"1068","2022-07-29",话务员暂存,109
"1069","2022-07-29",话务员受理,105
"1070","2022-07-29",话务员办理,110
"1071","2022-07-29",热线审核,85
"1072","2022-07-29",热线复核,20
"1073","2022-07-29",承办单位审核,117
"1074","2022-07-29",承办单位处理,94
"1075","2022-07-29",承办单位复核,1
"1076","2022-07-29",办结,62
"1077","2022-07-29",回访,114
"1078","2022-07-29",归档,66
"1079","2022-07-29",挂起,72
"1080","2022-07-30",话务员暂存,13
"1081","2022-07-30",话务员受理,84
"1082","2022-07-30",话务员办理,48
"1083","2022-07-30",热线审核,41
"1084","2022-07-30",热线复核,88
"1085","2022-07-30",承办单位审核,53
"1086","2022-07-30",承办单位处理,21
"1087","2022-07-30",承办单位复核,9
"1088","2022-07-30",办结,6
"1089","2022-07-30",回访,22
"1090","2022-07-30",归档,91
"1091","2022-07-30",挂起,81
"1092","2022-07-31",话务员暂存,89
"1093","2022-07-31",话务员受理,105
"1094","2022-07-31",话务员办理,26
"1095","2022-07-31",热线审核,53
"1096","2022-07-31",热线复核,53
"1097","2022-07-31",承办单位审核,40
"1098","2022-07-31",承办单位处理,26
"1099","2022-07-31",承办单位复核,85
"1100","2022-07-31",办结,64
"1101","2022-07-31",回访,9
"1102","2022-07-31",归档,46
"1103","2022-07-31",挂起,60
"1104","2022-08-01",话务员暂存,73
"1105","2022-08-01",话务员受理,21
"1106","2022-08-01",话务员办理,105
"1107","2022-08-01",热线审核,2
"1108","2022-08-01",热线复核,54
"1109","2022-08-01",承办单位审核,61
"1110","2022-08-01",承办单位处理,63
"1111","2022-08-01",承办单位复核,17
"1112","2022-08-01",办结,75
"1113","2022-08-01",回访,17
"1114","2022-08-01",归档,49
"1115","2022-08-01",挂起,132
"1116","2022-08-02",话务员暂存,25
"1117","2022-08-02",话务员受理,34
"1118","2022-08-02",话务员办理,15
"1119","2022-08-02",热线审核,39
"1120","2022-08-02",热线复核,33
"1121","2022-08-02",承办单位审核,32
"1122","2022-08-02",承办单位处理,20
"1123","2022-08-02",承办单位复核,13
"1124","2022-08-02",办结,23
"1125","2022-08-02",回访,42
"1126","2022-08-02",归档,23
"1127","2022-08-02",挂起,35
"1128","2022-08-03",话务员暂存,1
"1129","2022-08-03",话务员受理,43
"1130","2022-08-03",话务员办理,53
"1131","2022-08-03",热线审核,27
"1132","2022-08-03",热线复核,17
"1133","2022-08-03",承办单位审核,17
"1134","2022-08-03",承办单位处理,27
"1135","2022-08-03",承办单位复核,68
"1136","2022-08-03",办结,55
"1137","2022-08-03",回访,59
"1138","2022-08-03",归档,29
"1139","2022-08-03",挂起,55
"1140","2022-08-04",话务员暂存,15
"1141","2022-08-04",话务员受理,136
"1142","2022-08-04",话务员办理,68
"1143","2022-08-04",热线审核,62
"1144","2022-08-04",热线复核,95
"1145","2022-08-04",承办单位审核,75
"1146","2022-08-04",承办单位处理,23
"1147","2022-08-04",承办单位复核,77
"1148","2022-08-04",办结,77
"1149","2022-08-04",回访,99
"1150","2022-08-04",归档,21
"1151","2022-08-04",挂起,117
"1152","2022-08-05",话务员暂存,68
"1153","2022-08-05",话务员受理,48
"1154","2022-08-05",话务员办理,87
"1155","2022-08-05",热线审核,34
"1156","2022-08-05",热线复核,60
"1157","2022-08-05",承办单位审核,54
"1158","2022-08-05",承办单位处理,9
"1159","2022-08-05",承办单位复核,47
"1160","2022-08-05",办结,41
"1161","2022-08-05",回访,46
"1162","2022-08-05",归档,48
"1163","2022-08-05",挂起,77
"1164","2022-08-06",话务员暂存,38
"1165","2022-08-06",话务员受理,100
"1166","2022-08-06",话务员办理,2
"1167","2022-08-06",热线审核,35
"1168","2022-08-06",热线复核,77
"1169","2022-08-06",承办单位审核,26
"1170","2022-08-06",承办单位处理,0
"1171","2022-08-06",承办单位复核,108
"1172","2022-08-06",办结,37
"1173","2022-08-06",回访,103
"1174","2022-08-06",归档,101
"1175","2022-08-06",挂起,80
"1176","2022-08-07",话务员暂存,43
"1177","2022-08-07",话务员受理,73
"1178","2022-08-07",话务员办理,75
"1179","2022-08-07",热线审核,14
"1180","2022-08-07",热线复核,67
"1181","2022-08-07",承办单位审核,86
"1182","2022-08-07",承办单位处理,23
"1183","2022-08-07",承办单位复核,5
"1184","2022-08-07",办结,46
"1185","2022-08-07",回访,33
"1186","2022-08-07",归档,29
"1187","2022-08-07",挂起,2
"1188","2022-08-08",话务员暂存,24
"1189","2022-08-08",话务员受理,69
"1190","2022-08-08",话务员办理,70
"1191","2022-08-08",热线审核,9
"1192","2022-08-08",热线复核,63
"1193","2022-08-08",承办单位审核,22
"1194","2022-08-08",承办单位处理,63
"1195","2022-08-08",承办单位复核,8
"1196","2022-08-08",办结,58
"1197","2022-08-08",回访,59
"1198","2022-08-08",归档,48
"1199","2022-08-08",挂起,49
"1200","2022-08-09",话务员暂存,22
"1201","2022-08-09",话务员受理,24
"1202","2022-08-09",话务员办理,32
"1203","2022-08-09",热线审核,3
"1204","2022-08-09",热线复核,11
"1205","2022-08-09",承办单位审核,20
"1206","2022-08-09",承办单位处理,8
"1207","2022-08-09",承办单位复核,33
"1208","2022-08-09",办结,29
"1209","2022-08-09",回访,40
"1210","2022-08-09",归档,38
"1211","2022-08-09",挂起,44
"1212","2022-08-10",话务员暂存,4
"1213","2022-08-10",话务员受理,37
"1214","2022-08-10",话务员办理,18
"1215","2022-08-10",热线审核,3
"1216","2022-08-10",热线复核,54
"1217","2022-08-10",承办单位审核,38
"1218","2022-08-10",承办单位处理,48
"1219","2022-08-10",承办单位复核,49
"1220","2022-08-10",办结,69
"1221","2022-08-10",回访,7
"1222","2022-08-10",归档,35
"1223","2022-08-10",挂起,73
"1224","2022-08-11",话务员暂存,29
"1225","2022-08-11",话务员受理,92
"1226","2022-08-11",话务员办理,21
"1227","2022-08-11",热线审核,90
"1228","2022-08-11",热线复核,26
"1229","2022-08-11",承办单位审核,114
"1230","2022-08-11",承办单位处理,30
"1231","2022-08-11",承办单位复核,55
"1232","2022-08-11",办结,98
"1233","2022-08-11",回访,16
"1234","2022-08-11",归档,110
"1235","2022-08-11",挂起,77
"1236","2022-08-12",话务员暂存,50
"1237","2022-08-12",话务员受理,48
"1238","2022-08-12",话务员办理,20
"1239","2022-08-12",热线审核,49
"1240","2022-08-12",热线复核,22
"1241","2022-08-12",承办单位审核,50
"1242","2022-08-12",承办单位处理,41
"1243","2022-08-12",承办单位复核,36
"1244","2022-08-12",办结,1
"1245","2022-08-12",回访,16
"1246","2022-08-12",归档,20
"1247","2022-08-12",挂起,61
"1248","2022-08-13",话务员暂存,2
"1249","2022-08-13",话务员受理,37
"1250","2022-08-13",话务员办理,17
"1251","2022-08-13",热线审核,22
"1252","2022-08-13",热线复核,97
"1253","2022-08-13",承办单位审核,18
"1254","2022-08-13",承办单位处理,76
"1255","2022-08-13",承办单位复核,71
"1256","2022-08-13",办结,67
"1257","2022-08-13",回访,60
"1258","2022-08-13",归档,93
"1259","2022-08-13",挂起,10
"1260","2022-08-14",话务员暂存,42
"1261","2022-08-14",话务员受理,30
"1262","2022-08-14",话务员办理,43
"1263","2022-08-14",热线审核,54
"1264","2022-08-14",热线复核,27
"1265","2022-08-14",承办单位审核,18
"1266","2022-08-14",承办单位处理,38
"1267","2022-08-14",承办单位复核,41
"1268","2022-08-14",办结,11
"1269","2022-08-14",回访,2
"1270","2022-08-14",归档,58
"1271","2022-08-14",挂起,16
"1272","2022-08-15",话务员暂存,12
"1273","2022-08-15",话务员受理,31
"1274","2022-08-15",话务员办理,85
"1275","2022-08-15",热线审核,7
"1276","2022-08-15",热线复核,50
"1277","2022-08-15",承办单位审核,10
"1278","2022-08-15",承办单位处理,8
"1279","2022-08-15",承办单位复核,48
"1280","2022-08-15",办结,80
"1281","2022-08-15",回访,56
"1282","2022-08-15",归档,8
"1283","2022-08-15",挂起,10
"1284","2022-08-16",话务员暂存,39
"1285","2022-08-16",话务员受理,37
"1286","2022-08-16",话务员办理,90
"1287","2022-08-16",热线审核,78
"1288","2022-08-16",热线复核,70
"1289","2022-08-16",承办单位审核,66
"1290","2022-08-16",承办单位处理,156
"1291","2022-08-16",承办单位复核,106
"1292","2022-08-16",办结,23
"1293","2022-08-16",回访,147
"1294","2022-08-16",归档,3
"1295","2022-08-16",挂起,118
"1296","2022-08-17",话务员暂存,49
"1297","2022-08-17",话务员受理,43
"1298","2022-08-17",话务员办理,32
"1299","2022-08-17",热线审核,57
"1300","2022-08-17",热线复核,40
"1301","2022-08-17",承办单位审核,57
"1302","2022-08-17",承办单位处理,1
"1303","2022-08-17",承办单位复核,36
"1304","2022-08-17",办结,26
"1305","2022-08-17",回访,31
"1306","2022-08-17",归档,34
"1307","2022-08-17",挂起,38
"1308","2022-08-18",话务员暂存,181
"1309","2022-08-18",话务员受理,70
"1310","2022-08-18",话务员办理,56
"1311","2022-08-18",热线审核,62
"1312","2022-08-18",热线复核,20
"1313","2022-08-18",承办单位审核,199
"1314","2022-08-18",承办单位处理,2
"1315","2022-08-18",承办单位复核,10
"1316","2022-08-18",办结,28
"1317","2022-08-18",回访,129
"1318","2022-08-18",归档,51
"1319","2022-08-18",挂起,3
"1320","2022-08-19",话务员暂存,101
"1321","2022-08-19",话务员受理,81
"1322","2022-08-19",话务员办理,131
"1323","2022-08-19",热线审核,43
"1324","2022-08-19",热线复核,38
"1325","2022-08-19",承办单位审核,115
"1326","2022-08-19",承办单位处理,28
"1327","2022-08-19",承办单位复核,70
"1328","2022-08-19",办结,60
"1329","2022-08-19",回访,75
"1330","2022-08-19",归档,107
"1331","2022-08-19",挂起,54
"1332","2022-08-20",话务员暂存,117
"1333","2022-08-20",话务员受理,109
"1334","2022-08-20",话务员办理,81
"1335","2022-08-20",热线审核,63
"1336","2022-08-20",热线复核,66
"1337","2022-08-20",承办单位审核,26
"1338","2022-08-20",承办单位处理,80
"1339","2022-08-20",承办单位复核,54
"1340","2022-08-20",办结,16
"1341","2022-08-20",回访,26
"1342","2022-08-20",归档,118
"1343","2022-08-20",挂起,11
"1344","2022-08-21",话务员暂存,26
"1345","2022-08-21",话务员受理,42
"1346","2022-08-21",话务员办理,61
"1347","2022-08-21",热线审核,7
"1348","2022-08-21",热线复核,61
"1349","2022-08-21",承办单位审核,19
"1350","2022-08-21",承办单位处理,34
"1351","2022-08-21",承办单位复核,40
"1352","2022-08-21",办结,43
"1353","2022-08-21",回访,36
"1354","2022-08-21",归档,54
"1355","2022-08-21",挂起,16
"1356","2022-08-22",话务员暂存,110
"1357","2022-08-22",话务员受理,76
"1358","2022-08-22",话务员办理,9
"1359","2022-08-22",热线审核,28
"1360","2022-08-22",热线复核,106
"1361","2022-08-22",承办单位审核,123
"1362","2022-08-22",承办单位处理,36
"1363","2022-08-22",承办单位复核,51
"1364","2022-08-22",办结,43
"1365","2022-08-22",回访,70
"1366","2022-08-22",归档,50
"1367","2022-08-22",挂起,131
"1368","2022-08-23",话务员暂存,120
"1369","2022-08-23",话务员受理,41
"1370","2022-08-23",话务员办理,67
"1371","2022-08-23",热线审核,101
"1372","2022-08-23",热线复核,39
"1373","2022-08-23",承办单位审核,52
"1374","2022-08-23",承办单位处理,14
"1375","2022-08-23",承办单位复核,67
"1376","2022-08-23",办结,24
"1377","2022-08-23",回访,107
"1378","2022-08-23",归档,70
"1379","2022-08-23",挂起,26
"1380","2022-08-24",话务员暂存,36
"1381","2022-08-24",话务员受理,3
"1382","2022-08-24",话务员办理,1
"1383","2022-08-24",热线审核,103
"1384","2022-08-24",热线复核,131
"1385","2022-08-24",承办单位审核,43
"1386","2022-08-24",承办单位处理,77
"1387","2022-08-24",承办单位复核,60
"1388","2022-08-24",办结,85
"1389","2022-08-24",回访,76
"1390","2022-08-24",归档,49
"1391","2022-08-24",挂起,104
"1392","2022-08-25",话务员暂存,32
"1393","2022-08-25",话务员受理,61
"1394","2022-08-25",话务员办理,21
"1395","2022-08-25",热线审核,95
"1396","2022-08-25",热线复核,13
"1397","2022-08-25",承办单位审核,86
"1398","2022-08-25",承办单位处理,84
"1399","2022-08-25",承办单位复核,67
"1400","2022-08-25",办结,7
"1401","2022-08-25",回访,77
"1402","2022-08-25",归档,122
"1403","2022-08-25",挂起,6
"1404","2022-08-26",话务员暂存,42
"1405","2022-08-26",话务员受理,46
"1406","2022-08-26",话务员办理,17
"1407","2022-08-26",热线审核,34
"1408","2022-08-26",热线复核,30
"1409","2022-08-26",承办单位审核,18
"1410","2022-08-26",承办单位处理,27
"1411","2022-08-26",承办单位复核,33
"1412","2022-08-26",办结,39
"1413","2022-08-26",回访,39
"1414","2022-08-26",归档,26
"1415","2022-08-26",挂起,39
"1416","2022-08-27",话务员暂存,89
"1417","2022-08-27",话务员受理,45
"1418","2022-08-27",话务员办理,98
"1419","2022-08-27",热线审核,5
"1420","2022-08-27",热线复核,48
"1421","2022-08-27",承办单位审核,94
"1422","2022-08-27",承办单位处理,51
"1423","2022-08-27",承办单位复核,81
"1424","2022-08-27",办结,74
"1425","2022-08-27",回访,71
"1426","2022-08-27",归档,56
"1427","2022-08-27",挂起,24
"1428","2022-08-28",话务员暂存,27
"1429","2022-08-28",话务员受理,59
"1430","2022-08-28",话务员办理,10
"1431","2022-08-28",热线审核,71
"1432","2022-08-28",热线复核,79
"1433","2022-08-28",承办单位审核,38
"1434","2022-08-28",承办单位处理,12
"1435","2022-08-28",承办单位复核,81
"1436","2022-08-28",办结,9
"1437","2022-08-28",回访,39
"1438","2022-08-28",归档,13
"1439","2022-08-28",挂起,3
"1440","2022-08-29",话务员暂存,66
"1441","2022-08-29",话务员受理,47
"1442","2022-08-29",话务员办理,35
"1443","2022-08-29",热线审核,103
"1444","2022-08-29",热线复核,43
"1445","2022-08-29",承办单位审核,1
"1446","2022-08-29",承办单位处理,120
"1447","2022-08-29",承办单位复核,83
"1448","2022-08-29",办结,133
"1449","2022-08-29",回访,130
"1450","2022-08-29",归档,77
"1451","2022-08-29",挂起,77
"1452","2022-08-30",话务员暂存,19
"1453","2022-08-30",话务员受理,75
"1454","2022-08-30",话务员办理,80
"1455","2022-08-30",热线审核,30
"1456","2022-08-30",热线复核,71
"1457","2022-08-30",承办单位审核,37
"1458","2022-08-30",承办单位处理,116
"1459","2022-08-30",承办单位复核,36
"1460","2022-08-30",办结,33
"1461","2022-08-30",回访,5
"1462","2022-08-30",归档,7
"1463","2022-08-30",挂起,102
"1464","2022-08-31",话务员暂存,6
"1465","2022-08-31",话务员受理,97
"1466","2022-08-31",话务员办理,23
"1467","2022-08-31",热线审核,33
"1468","2022-08-31",热线复核,56
"1469","2022-08-31",承办单位审核,47
"1470","2022-08-31",承办单位处理,15
"1471","2022-08-31",承办单位复核,81
"1472","2022-08-31",办结,54
"1473","2022-08-31",回访,37
"1474","2022-08-31",归档,70
"1475","2022-08-31",挂起,80
"1476","2022-09-01",话务员暂存,54
"1477","2022-09-01",话务员受理,1
"1478","2022-09-01",话务员办理,18
"1479","2022-09-01",热线审核,67
"1480","2022-09-01",热线复核,70
"1481","2022-09-01",承办单位审核,55
"1482","2022-09-01",承办单位处理,107
"1483","2022-09-01",承办单位复核,73
"1484","2022-09-01",办结,60
"1485","2022-09-01",回访,69
"1486","2022-09-01",归档,106
"1487","2022-09-01",挂起,58
"1488","2022-09-02",话务员暂存,49
"1489","2022-09-02",话务员受理,13
"1490","2022-09-02",话务员办理,27
"1491","2022-09-02",热线审核,12
"1492","2022-09-02",热线复核,22
"1493","2022-09-02",承办单位审核,41
"1494","2022-09-02",承办单位处理,30
"1495","2022-09-02",承办单位复核,29
"1496","2022-09-02",办结,40
"1497","2022-09-02",回访,12
"1498","2022-09-02",归档,34
"1499","2022-09-02",挂起,47
"1500","2022-09-03",话务员暂存,50
"1501","2022-09-03",话务员受理,39
"1502","2022-09-03",话务员办理,6
"1503","2022-09-03",热线审核,51
"1504","2022-09-03",热线复核,9
"1505","2022-09-03",承办单位审核,9
"1506","2022-09-03",承办单位处理,35
"1507","2022-09-03",承办单位复核,3
"1508","2022-09-03",办结,40
"1509","2022-09-03",回访,37
"1510","2022-09-03",归档,40
"1511","2022-09-03",挂起,5
"1512","2022-09-04",话务员暂存,96
"1513","2022-09-04",话务员受理,26
"1514","2022-09-04",话务员办理,10
"1515","2022-09-04",热线审核,62
"1516","2022-09-04",热线复核,119
"1517","2022-09-04",承办单位审核,84
"1518","2022-09-04",承办单位处理,106
"1519","2022-09-04",承办单位复核,54
"1520","2022-09-04",办结,84
"1521","2022-09-04",回访,135
"1522","2022-09-04",归档,102
"1523","2022-09-04",挂起,56
"1524","2022-09-05",话务员暂存,26
"1525","2022-09-05",话务员受理,59
"1526","2022-09-05",话务员办理,25
"1527","2022-09-05",热线审核,52
"1528","2022-09-05",热线复核,41
"1529","2022-09-05",承办单位审核,58
"1530","2022-09-05",承办单位处理,47
"1531","2022-09-05",承办单位复核,15
"1532","2022-09-05",办结,2
"1533","2022-09-05",回访,25
"1534","2022-09-05",归档,50
"1535","2022-09-05",挂起,23
"1536","2022-09-06",话务员暂存,87
"1537","2022-09-06",话务员受理,88
"1538","2022-09-06",话务员办理,28
"1539","2022-09-06",热线审核,21
"1540","2022-09-06",热线复核,81
"1541","2022-09-06",承办单位审核,72
"1542","2022-09-06",承办单位处理,90
"1543","2022-09-06",承办单位复核,26
"1544","2022-09-06",办结,116
"1545","2022-09-06",回访,112
"1546","2022-09-06",归档,27
"1547","2022-09-06",挂起,82
"1548","2022-09-07",话务员暂存,118
"1549","2022-09-07",话务员受理,32
"1550","2022-09-07",话务员办理,31
"1551","2022-09-07",热线审核,14
"1552","2022-09-07",热线复核,22
"1553","2022-09-07",承办单位审核,114
"1554","2022-09-07",承办单位处理,17
"1555","2022-09-07",承办单位复核,130
"1556","2022-09-07",办结,114
"1557","2022-09-07",回访,114
"1558","2022-09-07",归档,113
"1559","2022-09-07",挂起,63
"1560","2022-09-08",话务员暂存,24
"1561","2022-09-08",话务员受理,66
"1562","2022-09-08",话务员办理,105
"1563","2022-09-08",热线审核,98
"1564","2022-09-08",热线复核,64
"1565","2022-09-08",承办单位审核,39
"1566","2022-09-08",承办单位处理,24
"1567","2022-09-08",承办单位复核,89
"1568","2022-09-08",办结,47
"1569","2022-09-08",回访,17
"1570","2022-09-08",归档,94
"1571","2022-09-08",挂起,33
"1572","2022-09-09",话务员暂存,84
"1573","2022-09-09",话务员受理,57
"1574","2022-09-09",话务员办理,85
"1575","2022-09-09",热线审核,48
"1576","2022-09-09",热线复核,35
"1577","2022-09-09",承办单位审核,13
"1578","2022-09-09",承办单位处理,78
"1579","2022-09-09",承办单位复核,89
"1580","2022-09-09",办结,68
"1581","2022-09-09",回访,64
"1582","2022-09-09",归档,43
"1583","2022-09-09",挂起,87
"1584","2022-09-10",话务员暂存,99
"1585","2022-09-10",话务员受理,97
"1586","2022-09-10",话务员办理,45
"1587","2022-09-10",热线审核,6
"1588","2022-09-10",热线复核,9
"1589","2022-09-10",承办单位审核,82
"1590","2022-09-10",承办单位处理,65
"1591","2022-09-10",承办单位复核,33
"1592","2022-09-10",办结,4
"1593","2022-09-10",回访,47
"1594","2022-09-10",归档,63
"1595","2022-09-10",挂起,1
"1596","2022-09-11",话务员暂存,64
"1597","2022-09-11",话务员受理,20
"1598","2022-09-11",话务员办理,72
"1599","2022-09-11",热线审核,33
"1600","2022-09-11",热线复核,13
"1601","2022-09-11",承办单位审核,50
"1602","2022-09-11",承办单位处理,45
"1603","2022-09-11",承办单位复核,45
"1604","2022-09-11",办结,20
"1605","2022-09-11",回访,37
"1606","2022-09-11",归档,14
"1607","2022-09-11",挂起,61
"1608","2022-09-12",话务员暂存,33
"1609","2022-09-12",话务员受理,3
"1610","2022-09-12",话务员办理,60
"1611","2022-09-12",热线审核,38
"1612","2022-09-12",热线复核,83
"1613","2022-09-12",承办单位审核,29
"1614","2022-09-12",承办单位处理,76
"1615","2022-09-12",承办单位复核,19
"1616","2022-09-12",办结,69
"1617","2022-09-12",回访,50
"1618","2022-09-12",归档,55
"1619","2022-09-12",挂起,66
"1620","2022-09-13",话务员暂存,55
"1621","2022-09-13",话务员受理,65
"1622","2022-09-13",话务员办理,111
"1623","2022-09-13",热线审核,168
"1624","2022-09-13",热线复核,212
"1625","2022-09-13",承办单位审核,78
"1626","2022-09-13",承办单位处理,50
"1627","2022-09-13",承办单位复核,30
"1628","2022-09-13",办结,4
"1629","2022-09-13",回访,94
"1630","2022-09-13",归档,54
"1631","2022-09-13",挂起,64
"1632","2022-09-14",话务员暂存,6
"1633","2022-09-14",话务员受理,110
"1634","2022-09-14",话务员办理,19
"1635","2022-09-14",热线审核,51
"1636","2022-09-14",热线复核,104
"1637","2022-09-14",承办单位审核,32
"1638","2022-09-14",承办单位处理,31
"1639","2022-09-14",承办单位复核,10
"1640","2022-09-14",办结,23
"1641","2022-09-14",回访,38
"1642","2022-09-14",归档,65
"1643","2022-09-14",挂起,12
"1644","2022-09-15",话务员暂存,70
"1645","2022-09-15",话务员受理,63
"1646","2022-09-15",话务员办理,32
"1647","2022-09-15",热线审核,61
"1648","2022-09-15",热线复核,82
"1649","2022-09-15",承办单位审核,26
"1650","2022-09-15",承办单位处理,57
"1651","2022-09-15",承办单位复核,98
"1652","2022-09-15",办结,119
"1653","2022-09-15",回访,33
"1654","2022-09-15",归档,112
"1655","2022-09-15",挂起,74
"1656","2022-09-16",话务员暂存,59
"1657","2022-09-16",话务员受理,8
"1658","2022-09-16",话务员办理,65
"1659","2022-09-16",热线审核,24
"1660","2022-09-16",热线复核,77
"1661","2022-09-16",承办单位审核,84
"1662","2022-09-16",承办单位处理,16
"1663","2022-09-16",承办单位复核,38
"1664","2022-09-16",办结,22
"1665","2022-09-16",回访,89
"1666","2022-09-16",归档,46
"1667","2022-09-16",挂起,27
"1668","2022-09-17",话务员暂存,85
"1669","2022-09-17",话务员受理,45
"1670","2022-09-17",话务员办理,56
"1671","2022-09-17",热线审核,14
"1672","2022-09-17",热线复核,48
"1673","2022-09-17",承办单位审核,59
"1674","2022-09-17",承办单位处理,87
"1675","2022-09-17",承办单位复核,44
"1676","2022-09-17",办结,54
"1677","2022-09-17",回访,69
"1678","2022-09-17",归档,17
"1679","2022-09-17",挂起,8
"1680","2022-09-18",话务员暂存,56
"1681","2022-09-18",话务员受理,69
"1682","2022-09-18",话务员办理,16
"1683","2022-09-18",热线审核,33
"1684","2022-09-18",热线复核,20
"1685","2022-09-18",承办单位审核,62
"1686","2022-09-18",承办单位处理,53
"1687","2022-09-18",承办单位复核,91
"1688","2022-09-18",办结,48
"1689","2022-09-18",回访,58
"1690","2022-09-18",归档,70
"1691","2022-09-18",挂起,17
"1692","2022-09-19",话务员暂存,17
"1693","2022-09-19",话务员受理,36
"1694","2022-09-19",话务员办理,92
"1695","2022-09-19",热线审核,13
"1696","2022-09-19",热线复核,148
"1697","2022-09-19",承办单位审核,130
"1698","2022-09-19",承办单位处理,36
"1699","2022-09-19",承办单位复核,114
"1700","2022-09-19",办结,29
"1701","2022-09-19",回访,96
"1702","2022-09-19",归档,62
"1703","2022-09-19",挂起,102
"1704","2022-09-20",话务员暂存,19
"1705","2022-09-20",话务员受理,75
"1706","2022-09-20",话务员办理,16
"1707","2022-09-20",热线审核,59
"1708","2022-09-20",热线复核,45
"1709","2022-09-20",承办单位审核,29
"1710","2022-09-20",承办单位处理,70
"1711","2022-09-20",承办单位复核,39
"1712","2022-09-20",办结,62
"1713","2022-09-20",回访,20
"1714","2022-09-20",归档,55
"1715","2022-09-20",挂起,79
"1716","2022-09-21",话务员暂存,115
"1717","2022-09-21",话务员受理,104
"1718","2022-09-21",话务员办理,100
"1719","2022-09-21",热线审核,58
"1720","2022-09-21",热线复核,62
"1721","2022-09-21",承办单位审核,17
"1722","2022-09-21",承办单位处理,39
"1723","2022-09-21",承办单位复核,83
"1724","2022-09-21",办结,72
"1725","2022-09-21",回访,73
"1726","2022-09-21",归档,97
"1727","2022-09-21",挂起,113
"1728","2022-09-22",话务员暂存,37
"1729","2022-09-22",话务员受理,6
"1730","2022-09-22",话务员办理,60
"1731","2022-09-22",热线审核,52
"1732","2022-09-22",热线复核,52
"1733","2022-09-22",承办单位审核,21
"1734","2022-09-22",承办单位处理,46
"1735","2022-09-22",承办单位复核,29
"1736","2022-09-22",办结,56
"1737","2022-09-22",回访,26
"1738","2022-09-22",归档,35
"1739","2022-09-22",挂起,42
"1740","2022-09-23",话务员暂存,10
"1741","2022-09-23",话务员受理,28
"1742","2022-09-23",话务员办理,78
"1743","2022-09-23",热线审核,38
"1744","2022-09-23",热线复核,15
"1745","2022-09-23",承办单位审核,74
"1746","2022-09-23",承办单位处理,9
"1747","2022-09-23",承办单位复核,45
"1748","2022-09-23",办结,65
"1749","2022-09-23",回访,74
"1750","2022-09-23",归档,12
"1751","2022-09-23",挂起,71
"1752","2022-09-24",话务员暂存,43
"1753","2022-09-24",话务员受理,52
"1754","2022-09-24",话务员办理,90
"1755","2022-09-24",热线审核,48
"1756","2022-09-24",热线复核,71
"1757","2022-09-24",承办单位审核,131
"1758","2022-09-24",承办单位处理,24
"1759","2022-09-24",承办单位复核,64
"1760","2022-09-24",办结,114
"1761","2022-09-24",回访,25
"1762","2022-09-24",归档,58
"1763","2022-09-24",挂起,82
"1764","2022-09-25",话务员暂存,11
"1765","2022-09-25",话务员受理,71
"1766","2022-09-25",话务员办理,38
"1767","2022-09-25",热线审核,29
"1768","2022-09-25",热线复核,89
"1769","2022-09-25",承办单位审核,54
"1770","2022-09-25",承办单位处理,2
"1771","2022-09-25",承办单位复核,83
"1772","2022-09-25",办结,56
"1773","2022-09-25",回访,82
"1774","2022-09-25",归档,12
"1775","2022-09-25",挂起,97
"1776","2022-09-26",话务员暂存,114
"1777","2022-09-26",话务员受理,74
"1778","2022-09-26",话务员办理,8
"1779","2022-09-26",热线审核,118
"1780","2022-09-26",热线复核,134
"1781","2022-09-26",承办单位审核,110
"1782","2022-09-26",承办单位处理,1
"1783","2022-09-26",承办单位复核,88
"1784","2022-09-26",办结,120
"1785","2022-09-26",回访,98
"1786","2022-09-26",归档,66
"1787","2022-09-26",挂起,10
"1788","2022-09-27",话务员暂存,128
"1789","2022-09-27",话务员受理,99
"1790","2022-09-27",话务员办理,102
"1791","2022-09-27",热线审核,98
"1792","2022-09-27",热线复核,140
"1793","2022-09-27",承办单位审核,70
"1794","2022-09-27",承办单位处理,12
"1795","2022-09-27",承办单位复核,55
"1796","2022-09-27",办结,18
"1797","2022-09-27",回访,25
"1798","2022-09-27",归档,12
"1799","2022-09-27",挂起,138
"1800","2022-09-28",话务员暂存,19
"1801","2022-09-28",话务员受理,7
"1802","2022-09-28",话务员办理,3
"1803","2022-09-28",热线审核,17
"1804","2022-09-28",热线复核,9
"1805","2022-09-28",承办单位审核,29
"1806","2022-09-28",承办单位处理,90
"1807","2022-09-28",承办单位复核,55
"1808","2022-09-28",办结,71
"1809","2022-09-28",回访,93
"1810","2022-09-28",归档,55
"1811","2022-09-28",挂起,89
"1812","2022-09-29",话务员暂存,55
"1813","2022-09-29",话务员受理,34
"1814","2022-09-29",话务员办理,72
"1815","2022-09-29",热线审核,53
"1816","2022-09-29",热线复核,46
"1817","2022-09-29",承办单位审核,53
"1818","2022-09-29",承办单位处理,31
"1819","2022-09-29",承办单位复核,63
"1820","2022-09-29",办结,65
"1821","2022-09-29",回访,2
"1822","2022-09-29",归档,55
"1823","2022-09-29",挂起,65
"1824","2022-09-30",话务员暂存,114
"1825","2022-09-30",话务员受理,96
"1826","2022-09-30",话务员办理,31
"1827","2022-09-30",热线审核,5
"1828","2022-09-30",热线复核,111
"1829","2022-09-30",承办单位审核,40
"1830","2022-09-30",承办单位处理,111
"1831","2022-09-30",承办单位复核,57
"1832","2022-09-30",办结,10
"1833","2022-09-30",回访,125
"1834","2022-09-30",归档,106
"1835","2022-09-30",挂起,111
"1836","2022-10-01",话务员暂存,12
"1837","2022-10-01",话务员受理,109
"1838","2022-10-01",话务员办理,141
"1839","2022-10-01",热线审核,87
"1840","2022-10-01",热线复核,12
"1841","2022-10-01",承办单位审核,15
"1842","2022-10-01",承办单位处理,57
"1843","2022-10-01",承办单位复核,54
"1844","2022-10-01",办结,71
"1845","2022-10-01",回访,89
"1846","2022-10-01",归档,12
"1847","2022-10-01",挂起,36
"1848","2022-10-02",话务员暂存,75
"1849","2022-10-02",话务员受理,13
"1850","2022-10-02",话务员办理,79
"1851","2022-10-02",热线审核,116
"1852","2022-10-02",热线复核,98
"1853","2022-10-02",承办单位审核,16
"1854","2022-10-02",承办单位处理,69
"1855","2022-10-02",承办单位复核,52
"1856","2022-10-02",办结,74
"1857","2022-10-02",回访,10
"1858","2022-10-02",归档,130
"1859","2022-10-02",挂起,129
"1860","2022-10-03",话务员暂存,56
"1861","2022-10-03",话务员受理,108
"1862","2022-10-03",话务员办理,104
"1863","2022-10-03",热线审核,109
"1864","2022-10-03",热线复核,28
"1865","2022-10-03",承办单位审核,41
"1866","2022-10-03",承办单位处理,59
"1867","2022-10-03",承办单位复核,127
"1868","2022-10-03",办结,101
"1869","2022-10-03",回访,128
"1870","2022-10-03",归档,86
"1871","2022-10-03",挂起,35
"1872","2022-10-04",话务员暂存,21
"1873","2022-10-04",话务员受理,53
"1874","2022-10-04",话务员办理,82
"1875","2022-10-04",热线审核,20
"1876","2022-10-04",热线复核,63
"1877","2022-10-04",承办单位审核,23
"1878","2022-10-04",承办单位处理,84
"1879","2022-10-04",承办单位复核,88
"1880","2022-10-04",办结,91
"1881","2022-10-04",回访,30
"1882","2022-10-04",归档,76
"1883","2022-10-04",挂起,16
"1884","2022-10-05",话务员暂存,129
"1885","2022-10-05",话务员受理,16
"1886","2022-10-05",话务员办理,28
"1887","2022-10-05",热线审核,116
"1888","2022-10-05",热线复核,100
"1889","2022-10-05",承办单位审核,106
"1890","2022-10-05",承办单位处理,96
"1891","2022-10-05",承办单位复核,123
"1892","2022-10-05",办结,8
"1893","2022-10-05",回访,73
"1894","2022-10-05",归档,134
"1895","2022-10-05",挂起,54
"1896","2022-10-06",话务员暂存,39
"1897","2022-10-06",话务员受理,32
"1898","2022-10-06",话务员办理,17
"1899","2022-10-06",热线审核,15
"1900","2022-10-06",热线复核,28
"1901","2022-10-06",承办单位审核,39
"1902","2022-10-06",承办单位处理,17
"1903","2022-10-06",承办单位复核,34
"1904","2022-10-06",办结,36
"1905","2022-10-06",回访,46
"1906","2022-10-06",归档,5
"1907","2022-10-06",挂起,15
"1908","2022-10-07",话务员暂存,51
"1909","2022-10-07",话务员受理,64
"1910","2022-10-07",话务员办理,6
"1911","2022-10-07",热线审核,20
"1912","2022-10-07",热线复核,25
"1913","2022-10-07",承办单位审核,57
"1914","2022-10-07",承办单位处理,4
"1915","2022-10-07",承办单位复核,27
"1916","2022-10-07",办结,43
"1917","2022-10-07",回访,12
"1918","2022-10-07",归档,87
"1919","2022-10-07",挂起,22
"1920","2022-10-08",话务员暂存,96
"1921","2022-10-08",话务员受理,53
"1922","2022-10-08",话务员办理,90
"1923","2022-10-08",热线审核,42
"1924","2022-10-08",热线复核,16
"1925","2022-10-08",承办单位审核,4
"1926","2022-10-08",承办单位处理,1
"1927","2022-10-08",承办单位复核,60
"1928","2022-10-08",办结,104
"1929","2022-10-08",回访,31
"1930","2022-10-08",归档,51
"1931","2022-10-08",挂起,58
"1932","2022-10-09",话务员暂存,26
"1933","2022-10-09",话务员受理,7
"1934","2022-10-09",话务员办理,85
"1935","2022-10-09",热线审核,72
"1936","2022-10-09",热线复核,5
"1937","2022-10-09",承办单位审核,24
"1938","2022-10-09",承办单位处理,83
"1939","2022-10-09",承办单位复核,53
"1940","2022-10-09",办结,46
"1941","2022-10-09",回访,76
"1942","2022-10-09",归档,46
"1943","2022-10-09",挂起,47
"1944","2022-10-10",话务员暂存,14
"1945","2022-10-10",话务员受理,9
"1946","2022-10-10",话务员办理,70
"1947","2022-10-10",热线审核,101
"1948","2022-10-10",热线复核,56
"1949","2022-10-10",承办单位审核,92
"1950","2022-10-10",承办单位处理,98
"1951","2022-10-10",承办单位复核,75
"1952","2022-10-10",办结,19
"1953","2022-10-10",回访,40
"1954","2022-10-10",归档,71
"1955","2022-10-10",挂起,47
"1956","2022-10-11",话务员暂存,140
"1957","2022-10-11",话务员受理,114
"1958","2022-10-11",话务员办理,1
"1959","2022-10-11",热线审核,179
"1960","2022-10-11",热线复核,74
"1961","2022-10-11",承办单位审核,67
"1962","2022-10-11",承办单位处理,131
"1963","2022-10-11",承办单位复核,24
"1964","2022-10-11",办结,132
"1965","2022-10-11",回访,96
"1966","2022-10-11",归档,10
"1967","2022-10-11",挂起,21
"1968","2022-10-12",话务员暂存,71
"1969","2022-10-12",话务员受理,8
"1970","2022-10-12",话务员办理,27
"1971","2022-10-12",热线审核,18
"1972","2022-10-12",热线复核,34
"1973","2022-10-12",承办单位审核,55
"1974","2022-10-12",承办单位处理,61
"1975","2022-10-12",承办单位复核,75
"1976","2022-10-12",办结,32
"1977","2022-10-12",回访,66
"1978","2022-10-12",归档,65
"1979","2022-10-12",挂起,35
"1980","2022-10-13",话务员暂存,82
"1981","2022-10-13",话务员受理,32
"1982","2022-10-13",话务员办理,64
"1983","2022-10-13",热线审核,34
"1984","2022-10-13",热线复核,52
"1985","2022-10-13",承办单位审核,67
"1986","2022-10-13",承办单位处理,88
"1987","2022-10-13",承办单位复核,55
"1988","2022-10-13",办结,14
"1989","2022-10-13",回访,23
"1990","2022-10-13",归档,18
"1991","2022-10-13",挂起,24
"1992","2022-10-14",话务员暂存,32
"1993","2022-10-14",话务员受理,43
"1994","2022-10-14",话务员办理,68
"1995","2022-10-14",热线审核,8
"1996","2022-10-14",热线复核,21
"1997","2022-10-14",承办单位审核,133
"1998","2022-10-14",承办单位处理,147
"1999","2022-10-14",承办单位复核,144
"2000","2022-10-14",办结,80
"2001","2022-10-14",回访,24
"2002","2022-10-14",归档,113
"2003","2022-10-14",挂起,12
"2004","2022-10-15",话务员暂存,41
"2005","2022-10-15",话务员受理,15
"2006","2022-10-15",话务员办理,117
"2007","2022-10-15",热线审核,118
"2008","2022-10-15",热线复核,44
"2009","2022-10-15",承办单位审核,36
"2010","2022-10-15",承办单位处理,109
"2011","2022-10-15",承办单位复核,116
"2012","2022-10-15",办结,72
"2013","2022-10-15",回访,105
"2014","2022-10-15",归档,15
"2015","2022-10-15",挂起,122
"2016","2022-10-16",话务员暂存,70
"2017","2022-10-16",话务员受理,13
"2018","2022-10-16",话务员办理,27
"2019","2022-10-16",热线审核,69
"2020","2022-10-16",热线复核,1
"2021","2022-10-16",承办单位审核,21
"2022","2022-10-16",承办单位处理,56
"2023","2022-10-16",承办单位复核,39
"2024","2022-10-16",办结,61
"2025","2022-10-16",回访,58
"2026","2022-10-16",归档,54
"2027","2022-10-16",挂起,31
"2028","2022-10-17",话务员暂存,143
"2029","2022-10-17",话务员受理,112
"2030","2022-10-17",话务员办理,91
"2031","2022-10-17",热线审核,10
"2032","2022-10-17",热线复核,8
"2033","2022-10-17",承办单位审核,104
"2034","2022-10-17",承办单位处理,60
"2035","2022-10-17",承办单位复核,85
"2036","2022-10-17",办结,24
"2037","2022-10-17",回访,151
"2038","2022-10-17",归档,12
"2039","2022-10-17",挂起,51
"2040","2022-10-18",话务员暂存,38
"2041","2022-10-18",话务员受理,27
"2042","2022-10-18",话务员办理,25
"2043","2022-10-18",热线审核,25
"2044","2022-10-18",热线复核,58
"2045","2022-10-18",承办单位审核,47
"2046","2022-10-18",承办单位处理,43
"2047","2022-10-18",承办单位复核,37
"2048","2022-10-18",办结,31
"2049","2022-10-18",回访,14
"2050","2022-10-18",归档,42
"2051","2022-10-18",挂起,54
"2052","2022-10-19",话务员暂存,65
"2053","2022-10-19",话务员受理,73
"2054","2022-10-19",话务员办理,1
"2055","2022-10-19",热线审核,82
"2056","2022-10-19",热线复核,33
"2057","2022-10-19",承办单位审核,98
"2058","2022-10-19",承办单位处理,102
"2059","2022-10-19",承办单位复核,48
"2060","2022-10-19",办结,44
"2061","2022-10-19",回访,45
"2062","2022-10-19",归档,77
"2063","2022-10-19",挂起,60
"2064","2022-10-20",话务员暂存,123
"2065","2022-10-20",话务员受理,110
"2066","2022-10-20",话务员办理,63
"2067","2022-10-20",热线审核,88
"2068","2022-10-20",热线复核,25
"2069","2022-10-20",承办单位审核,98
"2070","2022-10-20",承办单位处理,8
"2071","2022-10-20",承办单位复核,47
"2072","2022-10-20",办结,21
"2073","2022-10-20",回访,94
"2074","2022-10-20",归档,6
"2075","2022-10-20",挂起,52
"2076","2022-10-21",话务员暂存,34
"2077","2022-10-21",话务员受理,28
"2078","2022-10-21",话务员办理,22
"2079","2022-10-21",热线审核,85
"2080","2022-10-21",热线复核,50
"2081","2022-10-21",承办单位审核,9
"2082","2022-10-21",承办单位处理,13
"2083","2022-10-21",承办单位复核,38
"2084","2022-10-21",办结,55
"2085","2022-10-21",回访,71
"2086","2022-10-21",归档,38
"2087","2022-10-21",挂起,36
"2088","2022-10-22",话务员暂存,29
"2089","2022-10-22",话务员受理,15
"2090","2022-10-22",话务员办理,35
"2091","2022-10-22",热线审核,32
"2092","2022-10-22",热线复核,37
"2093","2022-10-22",承办单位审核,30
"2094","2022-10-22",承办单位处理,51
"2095","2022-10-22",承办单位复核,19
"2096","2022-10-22",办结,47
"2097","2022-10-22",回访,51
"2098","2022-10-22",归档,18
"2099","2022-10-22",挂起,30
"2100","2022-10-23",话务员暂存,73
"2101","2022-10-23",话务员受理,72
"2102","2022-10-23",话务员办理,33
"2103","2022-10-23",热线审核,33
"2104","2022-10-23",热线复核,29
"2105","2022-10-23",承办单位审核,57
"2106","2022-10-23",承办单位处理,65
"2107","2022-10-23",承办单位复核,33
"2108","2022-10-23",办结,32
"2109","2022-10-23",回访,23
"2110","2022-10-23",归档,59
"2111","2022-10-23",挂起,29
"2112","2022-10-24",话务员暂存,58
"2113","2022-10-24",话务员受理,98
"2114","2022-10-24",话务员办理,19
"2115","2022-10-24",热线审核,77
"2116","2022-10-24",热线复核,121
"2117","2022-10-24",承办单位审核,28
"2118","2022-10-24",承办单位处理,59
"2119","2022-10-24",承办单位复核,83
"2120","2022-10-24",办结,43
"2121","2022-10-24",回访,104
"2122","2022-10-24",归档,78
"2123","2022-10-24",挂起,75
"2124","2022-10-25",话务员暂存,48
"2125","2022-10-25",话务员受理,162
"2126","2022-10-25",话务员办理,149
"2127","2022-10-25",热线审核,3
"2128","2022-10-25",热线复核,105
"2129","2022-10-25",承办单位审核,176
"2130","2022-10-25",承办单位处理,76
"2131","2022-10-25",承办单位复核,10
"2132","2022-10-25",办结,18
"2133","2022-10-25",回访,168
"2134","2022-10-25",归档,15
"2135","2022-10-25",挂起,6
"2136","2022-10-26",话务员暂存,47
"2137","2022-10-26",话务员受理,55
"2138","2022-10-26",话务员办理,18
"2139","2022-10-26",热线审核,52
"2140","2022-10-26",热线复核,10
"2141","2022-10-26",承办单位审核,34
"2142","2022-10-26",承办单位处理,52
"2143","2022-10-26",承办单位复核,15
"2144","2022-10-26",办结,7
"2145","2022-10-26",回访,23
"2146","2022-10-26",归档,31
"2147","2022-10-26",挂起,52
"2148","2022-10-27",话务员暂存,49
"2149","2022-10-27",话务员受理,54
"2150","2022-10-27",话务员办理,61
"2151","2022-10-27",热线审核,35
"2152","2022-10-27",热线复核,61
"2153","2022-10-27",承办单位审核,7
"2154","2022-10-27",承办单位处理,47
"2155","2022-10-27",承办单位复核,59
"2156","2022-10-27",办结,28
"2157","2022-10-27",回访,69
"2158","2022-10-27",归档,53
"2159","2022-10-27",挂起,54
"2160","2022-10-28",话务员暂存,32
"2161","2022-10-28",话务员受理,50
"2162","2022-10-28",话务员办理,14
"2163","2022-10-28",热线审核,11
"2164","2022-10-28",热线复核,35
"2165","2022-10-28",承办单位审核,54
"2166","2022-10-28",承办单位处理,69
"2167","2022-10-28",承办单位复核,7
"2168","2022-10-28",办结,44
"2169","2022-10-28",回访,3
"2170","2022-10-28",归档,64
"2171","2022-10-28",挂起,59
"2172","2022-10-29",话务员暂存,22
"2173","2022-10-29",话务员受理,99
"2174","2022-10-29",话务员办理,78
"2175","2022-10-29",热线审核,116
"2176","2022-10-29",热线复核,93
"2177","2022-10-29",承办单位审核,60
"2178","2022-10-29",承办单位处理,62
"2179","2022-10-29",承办单位复核,59
"2180","2022-10-29",办结,116
"2181","2022-10-29",回访,2
"2182","2022-10-29",归档,81
"2183","2022-10-29",挂起,37
"2184","2022-10-30",话务员暂存,42
"2185","2022-10-30",话务员受理,37
"2186","2022-10-30",话务员办理,11
"2187","2022-10-30",热线审核,48
"2188","2022-10-30",热线复核,10
"2189","2022-10-30",承办单位审核,26
"2190","2022-10-30",承办单位处理,49
"2191","2022-10-30",承办单位复核,58
"2192","2022-10-30",办结,1
"2193","2022-10-30",回访,47
"2194","2022-10-30",归档,50
"2195","2022-10-30",挂起,21
"2196","2022-10-31",话务员暂存,33
"2197","2022-10-31",话务员受理,45
"2198","2022-10-31",话务员办理,50
"2199","2022-10-31",热线审核,53
"2200","2022-10-31",热线复核,34
"2201","2022-10-31",承办单位审核,17
"2202","2022-10-31",承办单位处理,29
"2203","2022-10-31",承办单位复核,15
"2204","2022-10-31",办结,15
"2205","2022-10-31",回访,10
"2206","2022-10-31",归档,33
"2207","2022-10-31",挂起,4
"2208","2022-11-01",话务员暂存,87
"2209","2022-11-01",话务员受理,85
"2210","2022-11-01",话务员办理,107
"2211","2022-11-01",热线审核,13
"2212","2022-11-01",热线复核,115
"2213","2022-11-01",承办单位审核,99
"2214","2022-11-01",承办单位处理,38
"2215","2022-11-01",承办单位复核,106
"2216","2022-11-01",办结,61
"2217","2022-11-01",回访,55
"2218","2022-11-01",归档,47
"2219","2022-11-01",挂起,48
"2220","2022-11-02",话务员暂存,77
"2221","2022-11-02",话务员受理,69
"2222","2022-11-02",话务员办理,11
"2223","2022-11-02",热线审核,11
"2224","2022-11-02",热线复核,87
"2225","2022-11-02",承办单位审核,76
"2226","2022-11-02",承办单位处理,16
"2227","2022-11-02",承办单位复核,52
"2228","2022-11-02",办结,16
"2229","2022-11-02",回访,95
"2230","2022-11-02",归档,84
"2231","2022-11-02",挂起,62
"2232","2022-11-03",话务员暂存,96
"2233","2022-11-03",话务员受理,108
"2234","2022-11-03",话务员办理,111
"2235","2022-11-03",热线审核,101
"2236","2022-11-03",热线复核,7
"2237","2022-11-03",承办单位审核,122
"2238","2022-11-03",承办单位处理,3
"2239","2022-11-03",承办单位复核,52
"2240","2022-11-03",办结,131
"2241","2022-11-03",回访,52
"2242","2022-11-03",归档,65
"2243","2022-11-03",挂起,61
"2244","2022-11-04",话务员暂存,59
"2245","2022-11-04",话务员受理,28
"2246","2022-11-04",话务员办理,59
"2247","2022-11-04",热线审核,53
"2248","2022-11-04",热线复核,13
"2249","2022-11-04",承办单位审核,57
"2250","2022-11-04",承办单位处理,45
"2251","2022-11-04",承办单位复核,11
"2252","2022-11-04",办结,10
"2253","2022-11-04",回访,19
"2254","2022-11-04",归档,55
"2255","2022-11-04",挂起,1
"2256","2022-11-05",话务员暂存,30
"2257","2022-11-05",话务员受理,19
"2258","2022-11-05",话务员办理,66
"2259","2022-11-05",热线审核,61
"2260","2022-11-05",热线复核,55
"2261","2022-11-05",承办单位审核,84
"2262","2022-11-05",承办单位处理,5
"2263","2022-11-05",承办单位复核,106
"2264","2022-11-05",办结,57
"2265","2022-11-05",回访,75
"2266","2022-11-05",归档,75
"2267","2022-11-05",挂起,26
"2268","2022-11-06",话务员暂存,35
"2269","2022-11-06",话务员受理,104
"2270","2022-11-06",话务员办理,94
"2271","2022-11-06",热线审核,4
"2272","2022-11-06",热线复核,66
"2273","2022-11-06",承办单位审核,134
"2274","2022-11-06",承办单位处理,25
"2275","2022-11-06",承办单位复核,97
"2276","2022-11-06",办结,31
"2277","2022-11-06",回访,117
"2278","2022-11-06",归档,37
"2279","2022-11-06",挂起,9
"2280","2022-11-07",话务员暂存,39
"2281","2022-11-07",话务员受理,75
"2282","2022-11-07",话务员办理,30
"2283","2022-11-07",热线审核,12
"2284","2022-11-07",热线复核,65
"2285","2022-11-07",承办单位审核,68
"2286","2022-11-07",承办单位处理,53
"2287","2022-11-07",承办单位复核,21
"2288","2022-11-07",办结,2
"2289","2022-11-07",回访,41
"2290","2022-11-07",归档,73
"2291","2022-11-07",挂起,87
"2292","2022-11-08",话务员暂存,51
"2293","2022-11-08",话务员受理,88
"2294","2022-11-08",话务员办理,9
"2295","2022-11-08",热线审核,115
"2296","2022-11-08",热线复核,19
"2297","2022-11-08",承办单位审核,34
"2298","2022-11-08",承办单位处理,120
"2299","2022-11-08",承办单位复核,20
"2300","2022-11-08",办结,43
"2301","2022-11-08",回访,27
"2302","2022-11-08",归档,109
"2303","2022-11-08",挂起,100
"2304","2022-11-09",话务员暂存,130
"2305","2022-11-09",话务员受理,27
"2306","2022-11-09",话务员办理,76
"2307","2022-11-09",热线审核,81
"2308","2022-11-09",热线复核,7
"2309","2022-11-09",承办单位审核,137
"2310","2022-11-09",承办单位处理,30
"2311","2022-11-09",承办单位复核,111
"2312","2022-11-09",办结,180
"2313","2022-11-09",回访,4
"2314","2022-11-09",归档,92
"2315","2022-11-09",挂起,121
"2316","2022-11-10",话务员暂存,44
"2317","2022-11-10",话务员受理,72
"2318","2022-11-10",话务员办理,123
"2319","2022-11-10",热线审核,121
"2320","2022-11-10",热线复核,120
"2321","2022-11-10",承办单位审核,86
"2322","2022-11-10",承办单位处理,126
"2323","2022-11-10",承办单位复核,4
"2324","2022-11-10",办结,11
"2325","2022-11-10",回访,14
"2326","2022-11-10",归档,13
"2327","2022-11-10",挂起,65
"2328","2022-11-11",话务员暂存,48
"2329","2022-11-11",话务员受理,61
"2330","2022-11-11",话务员办理,50
"2331","2022-11-11",热线审核,8
"2332","2022-11-11",热线复核,65
"2333","2022-11-11",承办单位审核,30
"2334","2022-11-11",承办单位处理,16
"2335","2022-11-11",承办单位复核,71
"2336","2022-11-11",办结,48
"2337","2022-11-11",回访,56
"2338","2022-11-11",归档,43
"2339","2022-11-11",挂起,50
"2340","2022-11-12",话务员暂存,102
"2341","2022-11-12",话务员受理,3
"2342","2022-11-12",话务员办理,109
"2343","2022-11-12",热线审核,81
"2344","2022-11-12",热线复核,133
"2345","2022-11-12",承办单位审核,111
"2346","2022-11-12",承办单位处理,62
"2347","2022-11-12",承办单位复核,33
"2348","2022-11-12",办结,43
"2349","2022-11-12",回访,1
"2350","2022-11-12",归档,126
"2351","2022-11-12",挂起,98
"2352","2022-11-13",话务员暂存,141
"2353","2022-11-13",话务员受理,69
"2354","2022-11-13",话务员办理,32
"2355","2022-11-13",热线审核,120
"2356","2022-11-13",热线复核,71
"2357","2022-11-13",承办单位审核,36
"2358","2022-11-13",承办单位处理,88
"2359","2022-11-13",承办单位复核,113
"2360","2022-11-13",办结,20
"2361","2022-11-13",回访,114
"2362","2022-11-13",归档,134
"2363","2022-11-13",挂起,62
"2364","2022-11-14",话务员暂存,153
"2365","2022-11-14",话务员受理,149
"2366","2022-11-14",话务员办理,151
"2367","2022-11-14",热线审核,8
"2368","2022-11-14",热线复核,28
"2369","2022-11-14",承办单位审核,103
"2370","2022-11-14",承办单位处理,122
"2371","2022-11-14",承办单位复核,65
"2372","2022-11-14",办结,33
"2373","2022-11-14",回访,11
"2374","2022-11-14",归档,72
"2375","2022-11-14",挂起,21
"2376","2022-11-15",话务员暂存,22
"2377","2022-11-15",话务员受理,55
"2378","2022-11-15",话务员办理,24
"2379","2022-11-15",热线审核,20
"2380","2022-11-15",热线复核,55
"2381","2022-11-15",承办单位审核,3
"2382","2022-11-15",承办单位处理,32
"2383","2022-11-15",承办单位复核,36
"2384","2022-11-15",办结,46
"2385","2022-11-15",回访,61
"2386","2022-11-15",归档,3
"2387","2022-11-15",挂起,54
"2388","2022-11-16",话务员暂存,28
"2389","2022-11-16",话务员受理,7
"2390","2022-11-16",话务员办理,71
"2391","2022-11-16",热线审核,29
"2392","2022-11-16",热线复核,10
"2393","2022-11-16",承办单位审核,81
"2394","2022-11-16",承办单位处理,24
"2395","2022-11-16",承办单位复核,24
"2396","2022-11-16",办结,3
"2397","2022-11-16",回访,71
"2398","2022-11-16",归档,66
"2399","2022-11-16",挂起,34
"2400","2022-11-17",话务员暂存,49
"2401","2022-11-17",话务员受理,3
"2402","2022-11-17",话务员办理,65
"2403","2022-11-17",热线审核,68
"2404","2022-11-17",热线复核,9
"2405","2022-11-17",承办单位审核,56
"2406","2022-11-17",承办单位处理,39
"2407","2022-11-17",承办单位复核,41
"2408","2022-11-17",办结,71
"2409","2022-11-17",回访,66
"2410","2022-11-17",归档,35
"2411","2022-11-17",挂起,61
"2412","2022-11-18",话务员暂存,71
"2413","2022-11-18",话务员受理,27
"2414","2022-11-18",话务员办理,62
"2415","2022-11-18",热线审核,26
"2416","2022-11-18",热线复核,54
"2417","2022-11-18",承办单位审核,8
"2418","2022-11-18",承办单位处理,84
"2419","2022-11-18",承办单位复核,56
"2420","2022-11-18",办结,139
"2421","2022-11-18",回访,1
"2422","2022-11-18",归档,125
"2423","2022-11-18",挂起,86
"2424","2022-11-19",话务员暂存,65
"2425","2022-11-19",话务员受理,54
"2426","2022-11-19",话务员办理,74
"2427","2022-11-19",热线审核,49
"2428","2022-11-19",热线复核,65
"2429","2022-11-19",承办单位审核,61
"2430","2022-11-19",承办单位处理,24
"2431","2022-11-19",承办单位复核,26
"2432","2022-11-19",办结,68
"2433","2022-11-19",回访,55
"2434","2022-11-19",归档,13
"2435","2022-11-19",挂起,27
"2436","2022-11-20",话务员暂存,3
"2437","2022-11-20",话务员受理,96
"2438","2022-11-20",话务员办理,70
"2439","2022-11-20",热线审核,35
"2440","2022-11-20",热线复核,58
"2441","2022-11-20",承办单位审核,81
"2442","2022-11-20",承办单位处理,37
"2443","2022-11-20",承办单位复核,68
"2444","2022-11-20",办结,23
"2445","2022-11-20",回访,60
"2446","2022-11-20",归档,93
"2447","2022-11-20",挂起,47
"2448","2022-11-21",话务员暂存,61
"2449","2022-11-21",话务员受理,63
"2450","2022-11-21",话务员办理,16
"2451","2022-11-21",热线审核,50
"2452","2022-11-21",热线复核,26
"2453","2022-11-21",承办单位审核,42
"2454","2022-11-21",承办单位处理,54
"2455","2022-11-21",承办单位复核,1
"2456","2022-11-21",办结,48
"2457","2022-11-21",回访,36
"2458","2022-11-21",归档,8
"2459","2022-11-21",挂起,26
"2460","2022-11-22",话务员暂存,47
"2461","2022-11-22",话务员受理,16
"2462","2022-11-22",话务员办理,26
"2463","2022-11-22",热线审核,50
"2464","2022-11-22",热线复核,18
"2465","2022-11-22",承办单位审核,34
"2466","2022-11-22",承办单位处理,41
"2467","2022-11-22",承办单位复核,19
"2468","2022-11-22",办结,12
"2469","2022-11-22",回访,15
"2470","2022-11-22",归档,21
"2471","2022-11-22",挂起,17
"2472","2022-11-23",话务员暂存,102
"2473","2022-11-23",话务员受理,86
"2474","2022-11-23",话务员办理,122
"2475","2022-11-23",热线审核,59
"2476","2022-11-23",热线复核,1
"2477","2022-11-23",承办单位审核,26
"2478","2022-11-23",承办单位处理,85
"2479","2022-11-23",承办单位复核,121
"2480","2022-11-23",办结,86
"2481","2022-11-23",回访,50
"2482","2022-11-23",归档,21
"2483","2022-11-23",挂起,11
"2484","2022-11-24",话务员暂存,65
"2485","2022-11-24",话务员受理,164
"2486","2022-11-24",话务员办理,117
"2487","2022-11-24",热线审核,9
"2488","2022-11-24",热线复核,6
"2489","2022-11-24",承办单位审核,31
"2490","2022-11-24",承办单位处理,9
"2491","2022-11-24",承办单位复核,135
"2492","2022-11-24",办结,166
"2493","2022-11-24",回访,91
"2494","2022-11-24",归档,29
"2495","2022-11-24",挂起,49
"2496","2022-11-25",话务员暂存,23
"2497","2022-11-25",话务员受理,76
"2498","2022-11-25",话务员办理,71
"2499","2022-11-25",热线审核,54
"2500","2022-11-25",热线复核,19
"2501","2022-11-25",承办单位审核,40
"2502","2022-11-25",承办单位处理,43
"2503","2022-11-25",承办单位复核,65
"2504","2022-11-25",办结,23
"2505","2022-11-25",回访,64
"2506","2022-11-25",归档,12
"2507","2022-11-25",挂起,84
"2508","2022-11-26",话务员暂存,8
"2509","2022-11-26",话务员受理,41
"2510","2022-11-26",话务员办理,4
"2511","2022-11-26",热线审核,41
"2512","2022-11-26",热线复核,5
"2513","2022-11-26",承办单位审核,24
"2514","2022-11-26",承办单位处理,48
"2515","2022-11-26",承办单位复核,50
"2516","2022-11-26",办结,18
"2517","2022-11-26",回访,25
"2518","2022-11-26",归档,33
"2519","2022-11-26",挂起,22
"2520","2022-11-27",话务员暂存,11
"2521","2022-11-27",话务员受理,39
"2522","2022-11-27",话务员办理,26
"2523","2022-11-27",热线审核,41
"2524","2022-11-27",热线复核,34
"2525","2022-11-27",承办单位审核,41
"2526","2022-11-27",承办单位处理,43
"2527","2022-11-27",承办单位复核,12
"2528","2022-11-27",办结,11
"2529","2022-11-27",回访,28
"2530","2022-11-27",归档,38
"2531","2022-11-27",挂起,18
"2532","2022-11-28",话务员暂存,84
"2533","2022-11-28",话务员受理,51
"2534","2022-11-28",话务员办理,108
"2535","2022-11-28",热线审核,122
"2536","2022-11-28",热线复核,102
"2537","2022-11-28",承办单位审核,8
"2538","2022-11-28",承办单位处理,82
"2539","2022-11-28",承办单位复核,9
"2540","2022-11-28",办结,31
"2541","2022-11-28",回访,2
"2542","2022-11-28",归档,62
"2543","2022-11-28",挂起,114
"2544","2022-11-29",话务员暂存,51
"2545","2022-11-29",话务员受理,35
"2546","2022-11-29",话务员办理,2
"2547","2022-11-29",热线审核,35
"2548","2022-11-29",热线复核,6
"2549","2022-11-29",承办单位审核,7
"2550","2022-11-29",承办单位处理,61
"2551","2022-11-29",承办单位复核,6
"2552","2022-11-29",办结,31
"2553","2022-11-29",回访,60
"2554","2022-11-29",归档,6
"2555","2022-11-29",挂起,61
"2556","2022-11-30",话务员暂存,111
"2557","2022-11-30",话务员受理,36
"2558","2022-11-30",话务员办理,28
"2559","2022-11-30",热线审核,18
"2560","2022-11-30",热线复核,72
"2561","2022-11-30",承办单位审核,110
"2562","2022-11-30",承办单位处理,80
"2563","2022-11-30",承办单位复核,4
"2564","2022-11-30",办结,77
"2565","2022-11-30",回访,41
"2566","2022-11-30",归档,55
"2567","2022-11-30",挂起,72
"2568","2022-12-01",话务员暂存,86
"2569","2022-12-01",话务员受理,75
"2570","2022-12-01",话务员办理,3
"2571","2022-12-01",热线审核,16
"2572","2022-12-01",热线复核,32
"2573","2022-12-01",承办单位审核,16
"2574","2022-12-01",承办单位处理,54
"2575","2022-12-01",承办单位复核,55
"2576","2022-12-01",办结,29
"2577","2022-12-01",回访,78
"2578","2022-12-01",归档,116
"2579","2022-12-01",挂起,88
"2580","2022-12-02",话务员暂存,53
"2581","2022-12-02",话务员受理,46
"2582","2022-12-02",话务员办理,39
"2583","2022-12-02",热线审核,37
"2584","2022-12-02",热线复核,20
"2585","2022-12-02",承办单位审核,34
"2586","2022-12-02",承办单位处理,23
"2587","2022-12-02",承办单位复核,68
"2588","2022-12-02",办结,39
"2589","2022-12-02",回访,67
"2590","2022-12-02",归档,63
"2591","2022-12-02",挂起,73
"2592","2022-12-03",话务员暂存,69
"2593","2022-12-03",话务员受理,127
"2594","2022-12-03",话务员办理,148
"2595","2022-12-03",热线审核,127
"2596","2022-12-03",热线复核,20
"2597","2022-12-03",承办单位审核,91
"2598","2022-12-03",承办单位处理,14
"2599","2022-12-03",承办单位复核,144
"2600","2022-12-03",办结,15
"2601","2022-12-03",回访,51
"2602","2022-12-03",归档,73
"2603","2022-12-03",挂起,92
"2604","2022-12-04",话务员暂存,75
"2605","2022-12-04",话务员受理,105
"2606","2022-12-04",话务员办理,5
"2607","2022-12-04",热线审核,79
"2608","2022-12-04",热线复核,15
"2609","2022-12-04",承办单位审核,31
"2610","2022-12-04",承办单位处理,68
"2611","2022-12-04",承办单位复核,53
"2612","2022-12-04",办结,2
"2613","2022-12-04",回访,1
"2614","2022-12-04",归档,64
"2615","2022-12-04",挂起,109
"2616","2022-12-05",话务员暂存,13
"2617","2022-12-05",话务员受理,53
"2618","2022-12-05",话务员办理,58
"2619","2022-12-05",热线审核,51
"2620","2022-12-05",热线复核,79
"2621","2022-12-05",承办单位审核,72
"2622","2022-12-05",承办单位处理,70
"2623","2022-12-05",承办单位复核,62
"2624","2022-12-05",办结,44
"2625","2022-12-05",回访,79
"2626","2022-12-05",归档,70
"2627","2022-12-05",挂起,25
"2628","2022-12-06",话务员暂存,57
"2629","2022-12-06",话务员受理,54
"2630","2022-12-06",话务员办理,12
"2631","2022-12-06",热线审核,32
"2632","2022-12-06",热线复核,63
"2633","2022-12-06",承办单位审核,56
"2634","2022-12-06",承办单位处理,26
"2635","2022-12-06",承办单位复核,12
"2636","2022-12-06",办结,13
"2637","2022-12-06",回访,55
"2638","2022-12-06",归档,64
"2639","2022-12-06",挂起,34
"2640","2022-12-07",话务员暂存,56
"2641","2022-12-07",话务员受理,33
"2642","2022-12-07",话务员办理,14
"2643","2022-12-07",热线审核,26
"2644","2022-12-07",热线复核,62
"2645","2022-12-07",承办单位审核,45
"2646","2022-12-07",承办单位处理,66
"2647","2022-12-07",承办单位复核,9
"2648","2022-12-07",办结,65
"2649","2022-12-07",回访,43
"2650","2022-12-07",归档,4
"2651","2022-12-07",挂起,36
"2652","2022-12-08",话务员暂存,69
"2653","2022-12-08",话务员受理,59
"2654","2022-12-08",话务员办理,49
"2655","2022-12-08",热线审核,16
"2656","2022-12-08",热线复核,13
"2657","2022-12-08",承办单位审核,41
"2658","2022-12-08",承办单位处理,1
"2659","2022-12-08",承办单位复核,38
"2660","2022-12-08",办结,66
"2661","2022-12-08",回访,21
"2662","2022-12-08",归档,68
"2663","2022-12-08",挂起,47
"2664","2022-12-09",话务员暂存,36
"2665","2022-12-09",话务员受理,79
"2666","2022-12-09",话务员办理,24
"2667","2022-12-09",热线审核,7
"2668","2022-12-09",热线复核,79
"2669","2022-12-09",承办单位审核,70
"2670","2022-12-09",承办单位处理,31
"2671","2022-12-09",承办单位复核,58
"2672","2022-12-09",办结,78
"2673","2022-12-09",回访,60
"2674","2022-12-09",归档,46
"2675","2022-12-09",挂起,22
"2676","2022-12-10",话务员暂存,3
"2677","2022-12-10",话务员受理,8
"2678","2022-12-10",话务员办理,39
"2679","2022-12-10",热线审核,20
"2680","2022-12-10",热线复核,40
"2681","2022-12-10",承办单位审核,36
"2682","2022-12-10",承办单位处理,44
"2683","2022-12-10",承办单位复核,1
"2684","2022-12-10",办结,35
"2685","2022-12-10",回访,36
"2686","2022-12-10",归档,23
"2687","2022-12-10",挂起,22
"2688","2022-12-11",话务员暂存,23
"2689","2022-12-11",话务员受理,47
"2690","2022-12-11",话务员办理,49
"2691","2022-12-11",热线审核,73
"2692","2022-12-11",热线复核,26
"2693","2022-12-11",承办单位审核,3
"2694","2022-12-11",承办单位处理,12
"2695","2022-12-11",承办单位复核,38
"2696","2022-12-11",办结,18
"2697","2022-12-11",回访,1
"2698","2022-12-11",归档,30
"2699","2022-12-11",挂起,23
"2700","2022-12-12",话务员暂存,89
"2701","2022-12-12",话务员受理,59
"2702","2022-12-12",话务员办理,43
"2703","2022-12-12",热线审核,21
"2704","2022-12-12",热线复核,68
"2705","2022-12-12",承办单位审核,8
"2706","2022-12-12",承办单位处理,24
"2707","2022-12-12",承办单位复核,72
"2708","2022-12-12",办结,103
"2709","2022-12-12",回访,24
"2710","2022-12-12",归档,8
"2711","2022-12-12",挂起,5
"2712","2022-12-13",话务员暂存,24
"2713","2022-12-13",话务员受理,58
"2714","2022-12-13",话务员办理,68
"2715","2022-12-13",热线审核,47
"2716","2022-12-13",热线复核,63
"2717","2022-12-13",承办单位审核,73
"2718","2022-12-13",承办单位处理,76
"2719","2022-12-13",承办单位复核,61
"2720","2022-12-13",办结,44
"2721","2022-12-13",回访,30
"2722","2022-12-13",归档,54
"2723","2022-12-13",挂起,36
"2724","2022-12-14",话务员暂存,58
"2725","2022-12-14",话务员受理,89
"2726","2022-12-14",话务员办理,87
"2727","2022-12-14",热线审核,22
"2728","2022-12-14",热线复核,46
"2729","2022-12-14",承办单位审核,69
"2730","2022-12-14",承办单位处理,91
"2731","2022-12-14",承办单位复核,123
"2732","2022-12-14",办结,71
"2733","2022-12-14",回访,84
"2734","2022-12-14",归档,51
"2735","2022-12-14",挂起,99
"2736","2022-12-15",话务员暂存,5
"2737","2022-12-15",话务员受理,11
"2738","2022-12-15",话务员办理,43
"2739","2022-12-15",热线审核,23
"2740","2022-12-15",热线复核,44
"2741","2022-12-15",承办单位审核,44
"2742","2022-12-15",承办单位处理,7
"2743","2022-12-15",承办单位复核,31
"2744","2022-12-15",办结,17
"2745","2022-12-15",回访,44
"2746","2022-12-15",归档,18
"2747","2022-12-15",挂起,26
"2748","2022-12-16",话务员暂存,133
"2749","2022-12-16",话务员受理,122
"2750","2022-12-16",话务员办理,26
"2751","2022-12-16",热线审核,42
"2752","2022-12-16",热线复核,90
"2753","2022-12-16",承办单位审核,63
"2754","2022-12-16",承办单位处理,61
"2755","2022-12-16",承办单位复核,115
"2756","2022-12-16",办结,134
"2757","2022-12-16",回访,77
"2758","2022-12-16",归档,113
"2759","2022-12-16",挂起,7
"2760","2022-12-17",话务员暂存,128
"2761","2022-12-17",话务员受理,60
"2762","2022-12-17",话务员办理,40
"2763","2022-12-17",热线审核,36
"2764","2022-12-17",热线复核,83
"2765","2022-12-17",承办单位审核,76
"2766","2022-12-17",承办单位处理,87
"2767","2022-12-17",承办单位复核,129
"2768","2022-12-17",办结,18
"2769","2022-12-17",回访,16
"2770","2022-12-17",归档,79
"2771","2022-12-17",挂起,46
"2772","2022-12-18",话务员暂存,96
"2773","2022-12-18",话务员受理,78
"2774","2022-12-18",话务员办理,134
"2775","2022-12-18",热线审核,20
"2776","2022-12-18",热线复核,46
"2777","2022-12-18",承办单位审核,49
"2778","2022-12-18",承办单位处理,97
"2779","2022-12-18",承办单位复核,124
"2780","2022-12-18",办结,97
"2781","2022-12-18",回访,50
"2782","2022-12-18",归档,22
"2783","2022-12-18",挂起,41
"2784","2022-12-19",话务员暂存,24
"2785","2022-12-19",话务员受理,136
"2786","2022-12-19",话务员办理,150
"2787","2022-12-19",热线审核,72
"2788","2022-12-19",热线复核,13
"2789","2022-12-19",承办单位审核,90
"2790","2022-12-19",承办单位处理,47
"2791","2022-12-19",承办单位复核,40
"2792","2022-12-19",办结,154
"2793","2022-12-19",回访,4
"2794","2022-12-19",归档,42
"2795","2022-12-19",挂起,159
"2796","2022-12-20",话务员暂存,70
"2797","2022-12-20",话务员受理,22
"2798","2022-12-20",话务员办理,34
"2799","2022-12-20",热线审核,60
"2800","2022-12-20",热线复核,28
"2801","2022-12-20",承办单位审核,22
"2802","2022-12-20",承办单位处理,24
"2803","2022-12-20",承办单位复核,70
"2804","2022-12-20",办结,11
"2805","2022-12-20",回访,13
"2806","2022-12-20",归档,59
"2807","2022-12-20",挂起,14
"2808","2022-12-21",话务员暂存,61
"2809","2022-12-21",话务员受理,21
"2810","2022-12-21",话务员办理,53
"2811","2022-12-21",热线审核,20
"2812","2022-12-21",热线复核,9
"2813","2022-12-21",承办单位审核,59
"2814","2022-12-21",承办单位处理,23
"2815","2022-12-21",承办单位复核,51
"2816","2022-12-21",办结,48
"2817","2022-12-21",回访,60
"2818","2022-12-21",归档,32
"2819","2022-12-21",挂起,33
"2820","2022-12-22",话务员暂存,76
"2821","2022-12-22",话务员受理,68
"2822","2022-12-22",话务员办理,56
"2823","2022-12-22",热线审核,1
"2824","2022-12-22",热线复核,13
"2825","2022-12-22",承办单位审核,43
"2826","2022-12-22",承办单位处理,42
"2827","2022-12-22",承办单位复核,72
"2828","2022-12-22",办结,70
"2829","2022-12-22",回访,4
"2830","2022-12-22",归档,5
"2831","2022-12-22",挂起,8
"2832","2022-12-23",话务员暂存,42
"2833","2022-12-23",话务员受理,59
"2834","2022-12-23",话务员办理,35
"2835","2022-12-23",热线审核,29
"2836","2022-12-23",热线复核,22
"2837","2022-12-23",承办单位审核,60
"2838","2022-12-23",承办单位处理,49
"2839","2022-12-23",承办单位复核,51
"2840","2022-12-23",办结,16
"2841","2022-12-23",回访,24
"2842","2022-12-23",归档,59
"2843","2022-12-23",挂起,64
"2844","2022-12-24",话务员暂存,60
"2845","2022-12-24",话务员受理,7
"2846","2022-12-24",话务员办理,96
"2847","2022-12-24",热线审核,75
"2848","2022-12-24",热线复核,70
"2849","2022-12-24",承办单位审核,133
"2850","2022-12-24",承办单位处理,106
"2851","2022-12-24",承办单位复核,48
"2852","2022-12-24",办结,65
"2853","2022-12-24",回访,7
"2854","2022-12-24",归档,57
"2855","2022-12-24",挂起,21
"2856","2022-12-25",话务员暂存,79
"2857","2022-12-25",话务员受理,48
"2858","2022-12-25",话务员办理,24
"2859","2022-12-25",热线审核,40
"2860","2022-12-25",热线复核,72
"2861","2022-12-25",承办单位审核,73
"2862","2022-12-25",承办单位处理,56
"2863","2022-12-25",承办单位复核,58
"2864","2022-12-25",办结,72
"2865","2022-12-25",回访,34
"2866","2022-12-25",归档,62
"2867","2022-12-25",挂起,21
"2868","2022-12-26",话务员暂存,38
"2869","2022-12-26",话务员受理,66
"2870","2022-12-26",话务员办理,31
"2871","2022-12-26",热线审核,10
"2872","2022-12-26",热线复核,83
"2873","2022-12-26",承办单位审核,70
"2874","2022-12-26",承办单位处理,2
"2875","2022-12-26",承办单位复核,58
"2876","2022-12-26",办结,101
"2877","2022-12-26",回访,15
"2878","2022-12-26",归档,96
"2879","2022-12-26",挂起,118
"2880","2022-12-27",话务员暂存,53
"2881","2022-12-27",话务员受理,24
"2882","2022-12-27",话务员办理,77
"2883","2022-12-27",热线审核,48
"2884","2022-12-27",热线复核,97
"2885","2022-12-27",承办单位审核,66
"2886","2022-12-27",承办单位处理,3
"2887","2022-12-27",承办单位复核,69
"2888","2022-12-27",办结,90
"2889","2022-12-27",回访,8
"2890","2022-12-27",归档,64
"2891","2022-12-27",挂起,58
"2892","2022-12-28",话务员暂存,60
"2893","2022-12-28",话务员受理,21
"2894","2022-12-28",话务员办理,41
"2895","2022-12-28",热线审核,39
"2896","2022-12-28",热线复核,20
"2897","2022-12-28",承办单位审核,18
"2898","2022-12-28",承办单位处理,34
"2899","2022-12-28",承办单位复核,58
"2900","2022-12-28",办结,65
"2901","2022-12-28",回访,56
"2902","2022-12-28",归档,5
"2903","2022-12-28",挂起,38
"2904","2022-12-29",话务员暂存,32
"2905","2022-12-29",话务员受理,36
"2906","2022-12-29",话务员办理,33
"2907","2022-12-29",热线审核,30
"2908","2022-12-29",热线复核,34
"2909","2022-12-29",承办单位审核,24
"2910","2022-12-29",承办单位处理,21
"2911","2022-12-29",承办单位复核,41
"2912","2022-12-29",办结,42
"2913","2022-12-29",回访,42
"2914","2022-12-29",归档,1
"2915","2022-12-29",挂起,27
"2916","2022-12-30",话务员暂存,56
"2917","2022-12-30",话务员受理,79
"2918","2022-12-30",话务员办理,26
"2919","2022-12-30",热线审核,34
"2920","2022-12-30",热线复核,30
"2921","2022-12-30",承办单位审核,64
"2922","2022-12-30",承办单位处理,44
"2923","2022-12-30",承办单位复核,79
"2924","2022-12-30",办结,85
"2925","2022-12-30",回访,87
"2926","2022-12-30",归档,37
"2927","2022-12-30",挂起,67
"2928","2022-12-31",话务员暂存,46
"2929","2022-12-31",话务员受理,22
"2930","2022-12-31",话务员办理,18
"2931","2022-12-31",热线审核,109
"2932","2022-12-31",热线复核,60
"2933","2022-12-31",承办单位审核,111
"2934","2022-12-31",承办单位处理,102
"2935","2022-12-31",承办单位复核,102
"2936","2022-12-31",办结,20
"2937","2022-12-31",回访,85
"2938","2022-12-31",归档,20
"2939","2022-12-31",挂起,3
"2940","2023-01-01",话务员暂存,147
"2941","2023-01-01",话务员受理,69
"2942","2023-01-01",话务员办理,156
"2943","2023-01-01",热线审核,22
"2944","2023-01-01",热线复核,85
"2945","2023-01-01",承办单位审核,62
"2946","2023-01-01",承办单位处理,35
"2947","2023-01-01",承办单位复核,65
"2948","2023-01-01",办结,107
"2949","2023-01-01",回访,10
"2950","2023-01-01",归档,109
"2951","2023-01-01",挂起,22
"2952","2023-01-02",话务员暂存,47
"2953","2023-01-02",话务员受理,32
"2954","2023-01-02",话务员办理,9
"2955","2023-01-02",热线审核,49
"2956","2023-01-02",热线复核,65
"2957","2023-01-02",承办单位审核,31
"2958","2023-01-02",承办单位处理,41
"2959","2023-01-02",承办单位复核,44
"2960","2023-01-02",办结,50
"2961","2023-01-02",回访,16
"2962","2023-01-02",归档,6
"2963","2023-01-02",挂起,3
"2964","2023-01-03",话务员暂存,56
"2965","2023-01-03",话务员受理,53
"2966","2023-01-03",话务员办理,59
"2967","2023-01-03",热线审核,45
"2968","2023-01-03",热线复核,54
"2969","2023-01-03",承办单位审核,47
"2970","2023-01-03",承办单位处理,55
"2971","2023-01-03",承办单位复核,35
"2972","2023-01-03",办结,41
"2973","2023-01-03",回访,39
"2974","2023-01-03",归档,12
"2975","2023-01-03",挂起,39
"2976","2023-01-04",话务员暂存,41
"2977","2023-01-04",话务员受理,10
"2978","2023-01-04",话务员办理,25
"2979","2023-01-04",热线审核,49
"2980","2023-01-04",热线复核,44
"2981","2023-01-04",承办单位审核,79
"2982","2023-01-04",承办单位处理,42
"2983","2023-01-04",承办单位复核,73
"2984","2023-01-04",办结,11
"2985","2023-01-04",回访,18
"2986","2023-01-04",归档,29
"2987","2023-01-04",挂起,5
"2988","2023-01-05",话务员暂存,67
"2989","2023-01-05",话务员受理,129
"2990","2023-01-05",话务员办理,39
"2991","2023-01-05",热线审核,63
"2992","2023-01-05",热线复核,69
"2993","2023-01-05",承办单位审核,92
"2994","2023-01-05",承办单位处理,8
"2995","2023-01-05",承办单位复核,107
"2996","2023-01-05",办结,58
"2997","2023-01-05",回访,120
"2998","2023-01-05",归档,101
"2999","2023-01-05",挂起,31
"3000","2023-01-06",话务员暂存,137
"3001","2023-01-06",话务员受理,123
"3002","2023-01-06",话务员办理,6
"3003","2023-01-06",热线审核,7
"3004","2023-01-06",热线复核,64
"3005","2023-01-06",承办单位审核,15
"3006","2023-01-06",承办单位处理,49
"3007","2023-01-06",承办单位复核,33
"3008","2023-01-06",办结,122
"3009","2023-01-06",回访,108
"3010","2023-01-06",归档,63
"3011","2023-01-06",挂起,96
"3012","2023-01-07",话务员暂存,47
"3013","2023-01-07",话务员受理,85
"3014","2023-01-07",话务员办理,23
"3015","2023-01-07",热线审核,12
"3016","2023-01-07",热线复核,114
"3017","2023-01-07",承办单位审核,136
"3018","2023-01-07",承办单位处理,100
"3019","2023-01-07",承办单位复核,27
"3020","2023-01-07",办结,59
"3021","2023-01-07",回访,13
"3022","2023-01-07",归档,6
"3023","2023-01-07",挂起,163
"3024","2023-01-08",话务员暂存,104
"3025","2023-01-08",话务员受理,74
"3026","2023-01-08",话务员办理,54
"3027","2023-01-08",热线审核,63
"3028","2023-01-08",热线复核,94
"3029","2023-01-08",承办单位审核,112
"3030","2023-01-08",承办单位处理,90
"3031","2023-01-08",承办单位复核,42
"3032","2023-01-08",办结,2
"3033","2023-01-08",回访,2
"3034","2023-01-08",归档,65
"3035","2023-01-08",挂起,106
"3036","2023-01-09",话务员暂存,39
"3037","2023-01-09",话务员受理,8
"3038","2023-01-09",话务员办理,41
"3039","2023-01-09",热线审核,38
"3040","2023-01-09",热线复核,28
"3041","2023-01-09",承办单位审核,46
"3042","2023-01-09",承办单位处理,34
"3043","2023-01-09",承办单位复核,42
"3044","2023-01-09",办结,23
"3045","2023-01-09",回访,26
"3046","2023-01-09",归档,8
"3047","2023-01-09",挂起,34
"3048","2023-01-10",话务员暂存,23
"3049","2023-01-10",话务员受理,69
"3050","2023-01-10",话务员办理,21
"3051","2023-01-10",热线审核,12
"3052","2023-01-10",热线复核,5
"3053","2023-01-10",承办单位审核,13
"3054","2023-01-10",承办单位处理,42
"3055","2023-01-10",承办单位复核,63
"3056","2023-01-10",办结,37
"3057","2023-01-10",回访,55
"3058","2023-01-10",归档,20
"3059","2023-01-10",挂起,20
"3060","2023-01-11",话务员暂存,66
"3061","2023-01-11",话务员受理,46
"3062","2023-01-11",话务员办理,81
"3063","2023-01-11",热线审核,6
"3064","2023-01-11",热线复核,87
"3065","2023-01-11",承办单位审核,85
"3066","2023-01-11",承办单位处理,1
"3067","2023-01-11",承办单位复核,82
"3068","2023-01-11",办结,71
"3069","2023-01-11",回访,58
"3070","2023-01-11",归档,17
"3071","2023-01-11",挂起,63
"3072","2023-01-12",话务员暂存,68
"3073","2023-01-12",话务员受理,47
"3074","2023-01-12",话务员办理,33
"3075","2023-01-12",热线审核,114
"3076","2023-01-12",热线复核,72
"3077","2023-01-12",承办单位审核,76
"3078","2023-01-12",承办单位处理,74
"3079","2023-01-12",承办单位复核,96
"3080","2023-01-12",办结,103
"3081","2023-01-12",回访,119
"3082","2023-01-12",归档,24
"3083","2023-01-12",挂起,22
"3084","2023-01-13",话务员暂存,112
"3085","2023-01-13",话务员受理,19
"3086","2023-01-13",话务员办理,105
"3087","2023-01-13",热线审核,23
"3088","2023-01-13",热线复核,44
"3089","2023-01-13",承办单位审核,88
"3090","2023-01-13",承办单位处理,80
"3091","2023-01-13",承办单位复核,49
"3092","2023-01-13",办结,93
"3093","2023-01-13",回访,69
"3094","2023-01-13",归档,77
"3095","2023-01-13",挂起,118
"3096","2023-01-14",话务员暂存,74
"3097","2023-01-14",话务员受理,36
"3098","2023-01-14",话务员办理,24
"3099","2023-01-14",热线审核,71
"3100","2023-01-14",热线复核,48
"3101","2023-01-14",承办单位审核,55
"3102","2023-01-14",承办单位处理,52
"3103","2023-01-14",承办单位复核,76
"3104","2023-01-14",办结,85
"3105","2023-01-14",回访,99
"3106","2023-01-14",归档,28
"3107","2023-01-14",挂起,92
"3108","2023-01-15",话务员暂存,66
"3109","2023-01-15",话务员受理,5
"3110","2023-01-15",话务员办理,47
"3111","2023-01-15",热线审核,15
"3112","2023-01-15",热线复核,70
"3113","2023-01-15",承办单位审核,61
"3114","2023-01-15",承办单位处理,68
"3115","2023-01-15",承办单位复核,39
"3116","2023-01-15",办结,67
"3117","2023-01-15",回访,17
"3118","2023-01-15",归档,10
"3119","2023-01-15",挂起,44
"3120","2023-01-16",话务员暂存,23
"3121","2023-01-16",话务员受理,121
"3122","2023-01-16",话务员办理,102
"3123","2023-01-16",热线审核,171
"3124","2023-01-16",热线复核,132
"3125","2023-01-16",承办单位审核,29
"3126","2023-01-16",承办单位处理,128
"3127","2023-01-16",承办单位复核,24
"3128","2023-01-16",办结,52
"3129","2023-01-16",回访,58
"3130","2023-01-16",归档,3
"3131","2023-01-16",挂起,64
"3132","2023-01-17",话务员暂存,69
"3133","2023-01-17",话务员受理,9
"3134","2023-01-17",话务员办理,57
"3135","2023-01-17",热线审核,72
"3136","2023-01-17",热线复核,40
"3137","2023-01-17",承办单位审核,51
"3138","2023-01-17",承办单位处理,59
"3139","2023-01-17",承办单位复核,92
"3140","2023-01-17",办结,87
"3141","2023-01-17",回访,9
"3142","2023-01-17",归档,80
"3143","2023-01-17",挂起,6
"3144","2023-01-18",话务员暂存,52
"3145","2023-01-18",话务员受理,35
"3146","2023-01-18",话务员办理,54
"3147","2023-01-18",热线审核,31
"3148","2023-01-18",热线复核,69
"3149","2023-01-18",承办单位审核,14
"3150","2023-01-18",承办单位处理,0
"3151","2023-01-18",承办单位复核,80
"3152","2023-01-18",办结,43
"3153","2023-01-18",回访,79
"3154","2023-01-18",归档,63
"3155","2023-01-18",挂起,60
"3156","2023-01-19",话务员暂存,12
"3157","2023-01-19",话务员受理,53
"3158","2023-01-19",话务员办理,64
"3159","2023-01-19",热线审核,45
"3160","2023-01-19",热线复核,15
"3161","2023-01-19",承办单位审核,73
"3162","2023-01-19",承办单位处理,68
"3163","2023-01-19",承办单位复核,9
"3164","2023-01-19",办结,5
"3165","2023-01-19",回访,59
"3166","2023-01-19",归档,83
"3167","2023-01-19",挂起,8
"3168","2023-01-20",话务员暂存,29
"3169","2023-01-20",话务员受理,59
"3170","2023-01-20",话务员办理,25
"3171","2023-01-20",热线审核,89
"3172","2023-01-20",热线复核,102
"3173","2023-01-20",承办单位审核,71
"3174","2023-01-20",承办单位处理,113
"3175","2023-01-20",承办单位复核,17
"3176","2023-01-20",办结,17
"3177","2023-01-20",回访,98
"3178","2023-01-20",归档,10
"3179","2023-01-20",挂起,11
"3180","2023-01-21",话务员暂存,17
"3181","2023-01-21",话务员受理,145
"3182","2023-01-21",话务员办理,86
"3183","2023-01-21",热线审核,38
"3184","2023-01-21",热线复核,15
"3185","2023-01-21",承办单位审核,82
"3186","2023-01-21",承办单位处理,106
"3187","2023-01-21",承办单位复核,7
"3188","2023-01-21",办结,35
"3189","2023-01-21",回访,77
"3190","2023-01-21",归档,41
"3191","2023-01-21",挂起,18
"3192","2023-01-22",话务员暂存,30
"3193","2023-01-22",话务员受理,37
"3194","2023-01-22",话务员办理,47
"3195","2023-01-22",热线审核,62
"3196","2023-01-22",热线复核,35
"3197","2023-01-22",承办单位审核,36
"3198","2023-01-22",承办单位处理,17
"3199","2023-01-22",承办单位复核,34
"3200","2023-01-22",办结,31
"3201","2023-01-22",回访,23
"3202","2023-01-22",归档,25
"3203","2023-01-22",挂起,50
"3204","2023-01-23",话务员暂存,44
"3205","2023-01-23",话务员受理,49
"3206","2023-01-23",话务员办理,49
"3207","2023-01-23",热线审核,8
"3208","2023-01-23",热线复核,107
"3209","2023-01-23",承办单位审核,125
"3210","2023-01-23",承办单位处理,68
"3211","2023-01-23",承办单位复核,84
"3212","2023-01-23",办结,92
"3213","2023-01-23",回访,152
"3214","2023-01-23",归档,18
"3215","2023-01-23",挂起,144
"3216","2023-01-24",话务员暂存,84
"3217","2023-01-24",话务员受理,17
"3218","2023-01-24",话务员办理,75
"3219","2023-01-24",热线审核,26
"3220","2023-01-24",热线复核,55
"3221","2023-01-24",承办单位审核,16
"3222","2023-01-24",承办单位处理,31
"3223","2023-01-24",承办单位复核,8
"3224","2023-01-24",办结,20
"3225","2023-01-24",回访,29
"3226","2023-01-24",归档,87
"3227","2023-01-24",挂起,84
"3228","2023-01-25",话务员暂存,47
"3229","2023-01-25",话务员受理,34
"3230","2023-01-25",话务员办理,43
"3231","2023-01-25",热线审核,14
"3232","2023-01-25",热线复核,25
"3233","2023-01-25",承办单位审核,77
"3234","2023-01-25",承办单位处理,23
"3235","2023-01-25",承办单位复核,53
"3236","2023-01-25",办结,103
"3237","2023-01-25",回访,76
"3238","2023-01-25",归档,97
"3239","2023-01-25",挂起,39
"3240","2023-01-26",话务员暂存,36
"3241","2023-01-26",话务员受理,99
"3242","2023-01-26",话务员办理,128
"3243","2023-01-26",热线审核,40
"3244","2023-01-26",热线复核,74
"3245","2023-01-26",承办单位审核,10
"3246","2023-01-26",承办单位处理,26
"3247","2023-01-26",承办单位复核,60
"3248","2023-01-26",办结,98
"3249","2023-01-26",回访,84
"3250","2023-01-26",归档,3
"3251","2023-01-26",挂起,48
"3252","2023-01-27",话务员暂存,117
"3253","2023-01-27",话务员受理,102
"3254","2023-01-27",话务员办理,107
"3255","2023-01-27",热线审核,9
"3256","2023-01-27",热线复核,97
"3257","2023-01-27",承办单位审核,95
"3258","2023-01-27",承办单位处理,105
"3259","2023-01-27",承办单位复核,8
"3260","2023-01-27",办结,67
"3261","2023-01-27",回访,35
"3262","2023-01-27",归档,66
"3263","2023-01-27",挂起,27
"3264","2023-01-28",话务员暂存,85
"3265","2023-01-28",话务员受理,70
"3266","2023-01-28",话务员办理,24
"3267","2023-01-28",热线审核,58
"3268","2023-01-28",热线复核,62
"3269","2023-01-28",承办单位审核,53
"3270","2023-01-28",承办单位处理,42
"3271","2023-01-28",承办单位复核,38
"3272","2023-01-28",办结,76
"3273","2023-01-28",回访,6
"3274","2023-01-28",归档,11
"3275","2023-01-28",挂起,23
"3276","2023-01-29",话务员暂存,12
"3277","2023-01-29",话务员受理,62
"3278","2023-01-29",话务员办理,57
"3279","2023-01-29",热线审核,24
"3280","2023-01-29",热线复核,24
"3281","2023-01-29",承办单位审核,3
"3282","2023-01-29",承办单位处理,17
"3283","2023-01-29",承办单位复核,67
"3284","2023-01-29",办结,34
"3285","2023-01-29",回访,31
"3286","2023-01-29",归档,3
"3287","2023-01-29",挂起,49
"3288","2023-01-30",话务员暂存,50
"3289","2023-01-30",话务员受理,69
"3290","2023-01-30",话务员办理,50
"3291","2023-01-30",热线审核,72
"3292","2023-01-30",热线复核,20
"3293","2023-01-30",承办单位审核,6
"3294","2023-01-30",承办单位处理,26
"3295","2023-01-30",承办单位复核,8
"3296","2023-01-30",办结,42
"3297","2023-01-30",回访,36
"3298","2023-01-30",归档,7
"3299","2023-01-30",挂起,15
"3300","2023-01-31",话务员暂存,113
"3301","2023-01-31",话务员受理,70
"3302","2023-01-31",话务员办理,76
"3303","2023-01-31",热线审核,14
"3304","2023-01-31",热线复核,20
"3305","2023-01-31",承办单位审核,53
"3306","2023-01-31",承办单位处理,131
"3307","2023-01-31",承办单位复核,27
"3308","2023-01-31",办结,74
"3309","2023-01-31",回访,1
"3310","2023-01-31",归档,132
"3311","2023-01-31",挂起,121
"3312","2023-02-01",话务员暂存,29
"3313","2023-02-01",话务员受理,38
"3314","2023-02-01",话务员办理,14
"3315","2023-02-01",热线审核,27
"3316","2023-02-01",热线复核,13
"3317","2023-02-01",承办单位审核,32
"3318","2023-02-01",承办单位处理,21
"3319","2023-02-01",承办单位复核,52
"3320","2023-02-01",办结,29
"3321","2023-02-01",回访,3
"3322","2023-02-01",归档,28
"3323","2023-02-01",挂起,59
"3324","2023-02-02",话务员暂存,4
"3325","2023-02-02",话务员受理,38
"3326","2023-02-02",话务员办理,50
"3327","2023-02-02",热线审核,18
"3328","2023-02-02",热线复核,11
"3329","2023-02-02",承办单位审核,8
"3330","2023-02-02",承办单位处理,15
"3331","2023-02-02",承办单位复核,37
"3332","2023-02-02",办结,32
"3333","2023-02-02",回访,43
"3334","2023-02-02",归档,56
"3335","2023-02-02",挂起,7
"3336","2023-02-03",话务员暂存,109
"3337","2023-02-03",话务员受理,100
"3338","2023-02-03",话务员办理,97
"3339","2023-02-03",热线审核,89
"3340","2023-02-03",热线复核,48
"3341","2023-02-03",承办单位审核,45
"3342","2023-02-03",承办单位处理,100
"3343","2023-02-03",承办单位复核,74
"3344","2023-02-03",办结,106
"3345","2023-02-03",回访,42
"3346","2023-02-03",归档,65
"3347","2023-02-03",挂起,74
"3348","2023-02-04",话务员暂存,2
"3349","2023-02-04",话务员受理,91
"3350","2023-02-04",话务员办理,91
"3351","2023-02-04",热线审核,8
"3352","2023-02-04",热线复核,88
"3353","2023-02-04",承办单位审核,61
"3354","2023-02-04",承办单位处理,83
"3355","2023-02-04",承办单位复核,18
"3356","2023-02-04",办结,2
"3357","2023-02-04",回访,60
"3358","2023-02-04",归档,73
"3359","2023-02-04",挂起,61
"3360","2023-02-05",话务员暂存,30
"3361","2023-02-05",话务员受理,4
"3362","2023-02-05",话务员办理,41
"3363","2023-02-05",热线审核,43
"3364","2023-02-05",热线复核,37
"3365","2023-02-05",承办单位审核,33
"3366","2023-02-05",承办单位处理,12
"3367","2023-02-05",承办单位复核,22
"3368","2023-02-05",办结,26
"3369","2023-02-05",回访,25
"3370","2023-02-05",归档,8
"3371","2023-02-05",挂起,39
"3372","2023-02-06",话务员暂存,20
"3373","2023-02-06",话务员受理,85
"3374","2023-02-06",话务员办理,105
"3375","2023-02-06",热线审核,104
"3376","2023-02-06",热线复核,55
"3377","2023-02-06",承办单位审核,42
"3378","2023-02-06",承办单位处理,69
"3379","2023-02-06",承办单位复核,14
"3380","2023-02-06",办结,102
"3381","2023-02-06",回访,69
"3382","2023-02-06",归档,28
"3383","2023-02-06",挂起,93
"3384","2023-02-07",话务员暂存,24
"3385","2023-02-07",话务员受理,15
"3386","2023-02-07",话务员办理,31
"3387","2023-02-07",热线审核,47
"3388","2023-02-07",热线复核,38
"3389","2023-02-07",承办单位审核,8
"3390","2023-02-07",承办单位处理,11
"3391","2023-02-07",承办单位复核,42
"3392","2023-02-07",办结,14
"3393","2023-02-07",回访,1
"3394","2023-02-07",归档,44
"3395","2023-02-07",挂起,36
"3396","2023-02-08",话务员暂存,36
"3397","2023-02-08",话务员受理,9
"3398","2023-02-08",话务员办理,130
"3399","2023-02-08",热线审核,1
"3400","2023-02-08",热线复核,18
"3401","2023-02-08",承办单位审核,177
"3402","2023-02-08",承办单位处理,196
"3403","2023-02-08",承办单位复核,56
"3404","2023-02-08",办结,2
"3405","2023-02-08",回访,182
"3406","2023-02-08",归档,98
"3407","2023-02-08",挂起,83
"3408","2023-02-09",话务员暂存,74
"3409","2023-02-09",话务员受理,64
"3410","2023-02-09",话务员办理,82
"3411","2023-02-09",热线审核,78
"3412","2023-02-09",热线复核,67
"3413","2023-02-09",承办单位审核,11
"3414","2023-02-09",承办单位处理,17
"3415","2023-02-09",承办单位复核,53
"3416","2023-02-09",办结,60
"3417","2023-02-09",回访,27
"3418","2023-02-09",归档,84
"3419","2023-02-09",挂起,49
"3420","2023-02-10",话务员暂存,36
"3421","2023-02-10",话务员受理,30
"3422","2023-02-10",话务员办理,62
"3423","2023-02-10",热线审核,44
"3424","2023-02-10",热线复核,50
"3425","2023-02-10",承办单位审核,25
"3426","2023-02-10",承办单位处理,41
"3427","2023-02-10",承办单位复核,55
"3428","2023-02-10",办结,3
"3429","2023-02-10",回访,33
"3430","2023-02-10",归档,23
"3431","2023-02-10",挂起,35
"3432","2023-02-11",话务员暂存,67
"3433","2023-02-11",话务员受理,68
"3434","2023-02-11",话务员办理,13
"3435","2023-02-11",热线审核,32
"3436","2023-02-11",热线复核,2
"3437","2023-02-11",承办单位审核,14
"3438","2023-02-11",承办单位处理,17
"3439","2023-02-11",承办单位复核,38
"3440","2023-02-11",办结,40
"3441","2023-02-11",回访,68
"3442","2023-02-11",归档,81
"3443","2023-02-11",挂起,7
"3444","2023-02-12",话务员暂存,86
"3445","2023-02-12",话务员受理,92
"3446","2023-02-12",话务员办理,40
"3447","2023-02-12",热线审核,32
"3448","2023-02-12",热线复核,6
"3449","2023-02-12",承办单位审核,51
"3450","2023-02-12",承办单位处理,3
"3451","2023-02-12",承办单位复核,56
"3452","2023-02-12",办结,12
"3453","2023-02-12",回访,19
"3454","2023-02-12",归档,38
"3455","2023-02-12",挂起,74
"3456","2023-02-13",话务员暂存,43
"3457","2023-02-13",话务员受理,66
"3458","2023-02-13",话务员办理,96
"3459","2023-02-13",热线审核,145
"3460","2023-02-13",热线复核,2
"3461","2023-02-13",承办单位审核,82
"3462","2023-02-13",承办单位处理,147
"3463","2023-02-13",承办单位复核,26
"3464","2023-02-13",办结,17
"3465","2023-02-13",回访,46
"3466","2023-02-13",归档,33
"3467","2023-02-13",挂起,107
"3468","2023-02-14",话务员暂存,203
"3469","2023-02-14",话务员受理,176
"3470","2023-02-14",话务员办理,29
"3471","2023-02-14",热线审核,175
"3472","2023-02-14",热线复核,73
"3473","2023-02-14",承办单位审核,25
"3474","2023-02-14",承办单位处理,0
"3475","2023-02-14",承办单位复核,76
"3476","2023-02-14",办结,42
"3477","2023-02-14",回访,44
"3478","2023-02-14",归档,32
"3479","2023-02-14",挂起,56
"3480","2023-02-15",话务员暂存,18
"3481","2023-02-15",话务员受理,75
"3482","2023-02-15",话务员办理,77
"3483","2023-02-15",热线审核,54
"3484","2023-02-15",热线复核,30
"3485","2023-02-15",承办单位审核,107
"3486","2023-02-15",承办单位处理,33
"3487","2023-02-15",承办单位复核,84
"3488","2023-02-15",办结,24
"3489","2023-02-15",回访,111
"3490","2023-02-15",归档,160
"3491","2023-02-15",挂起,84
"3492","2023-02-16",话务员暂存,38
"3493","2023-02-16",话务员受理,47
"3494","2023-02-16",话务员办理,58
"3495","2023-02-16",热线审核,54
"3496","2023-02-16",热线复核,52
"3497","2023-02-16",承办单位审核,44
"3498","2023-02-16",承办单位处理,7
"3499","2023-02-16",承办单位复核,19
"3500","2023-02-16",办结,38
"3501","2023-02-16",回访,29
"3502","2023-02-16",归档,30
"3503","2023-02-16",挂起,51
"3504","2023-02-17",话务员暂存,121
"3505","2023-02-17",话务员受理,84
"3506","2023-02-17",话务员办理,65
"3507","2023-02-17",热线审核,44
"3508","2023-02-17",热线复核,31
"3509","2023-02-17",承办单位审核,17
"3510","2023-02-17",承办单位处理,104
"3511","2023-02-17",承办单位复核,40
"3512","2023-02-17",办结,98
"3513","2023-02-17",回访,83
"3514","2023-02-17",归档,116
"3515","2023-02-17",挂起,46
"3516","2023-02-18",话务员暂存,45
"3517","2023-02-18",话务员受理,6
"3518","2023-02-18",话务员办理,80
"3519","2023-02-18",热线审核,55
"3520","2023-02-18",热线复核,119
"3521","2023-02-18",承办单位审核,34
"3522","2023-02-18",承办单位处理,144
"3523","2023-02-18",承办单位复核,94
"3524","2023-02-18",办结,81
"3525","2023-02-18",回访,63
"3526","2023-02-18",归档,48
"3527","2023-02-18",挂起,111
"3528","2023-02-19",话务员暂存,41
"3529","2023-02-19",话务员受理,99
"3530","2023-02-19",话务员办理,43
"3531","2023-02-19",热线审核,81
"3532","2023-02-19",热线复核,81
"3533","2023-02-19",承办单位审核,47
"3534","2023-02-19",承办单位处理,55
"3535","2023-02-19",承办单位复核,53
"3536","2023-02-19",办结,75
"3537","2023-02-19",回访,69
"3538","2023-02-19",归档,45
"3539","2023-02-19",挂起,75
"3540","2023-02-20",话务员暂存,13
"3541","2023-02-20",话务员受理,21
"3542","2023-02-20",话务员办理,95
"3543","2023-02-20",热线审核,90
"3544","2023-02-20",热线复核,54
"3545","2023-02-20",承办单位审核,76
"3546","2023-02-20",承办单位处理,105
"3547","2023-02-20",承办单位复核,37
"3548","2023-02-20",办结,68
"3549","2023-02-20",回访,38
"3550","2023-02-20",归档,97
"3551","2023-02-20",挂起,47
"3552","2023-02-21",话务员暂存,92
"3553","2023-02-21",话务员受理,57
"3554","2023-02-21",话务员办理,34
"3555","2023-02-21",热线审核,17
"3556","2023-02-21",热线复核,48
"3557","2023-02-21",承办单位审核,98
"3558","2023-02-21",承办单位处理,95
"3559","2023-02-21",承办单位复核,17
"3560","2023-02-21",办结,50
"3561","2023-02-21",回访,35
"3562","2023-02-21",归档,84
"3563","2023-02-21",挂起,5
"3564","2023-02-22",话务员暂存,20
"3565","2023-02-22",话务员受理,37
"3566","2023-02-22",话务员办理,34
"3567","2023-02-22",热线审核,27
"3568","2023-02-22",热线复核,12
"3569","2023-02-22",承办单位审核,7
"3570","2023-02-22",承办单位处理,33
"3571","2023-02-22",承办单位复核,67
"3572","2023-02-22",办结,59
"3573","2023-02-22",回访,19
"3574","2023-02-22",归档,56
"3575","2023-02-22",挂起,11
"3576","2023-02-23",话务员暂存,58
"3577","2023-02-23",话务员受理,59
"3578","2023-02-23",话务员办理,67
"3579","2023-02-23",热线审核,43
"3580","2023-02-23",热线复核,74
"3581","2023-02-23",承办单位审核,45
"3582","2023-02-23",承办单位处理,67
"3583","2023-02-23",承办单位复核,39
"3584","2023-02-23",办结,61
"3585","2023-02-23",回访,57
"3586","2023-02-23",归档,30
"3587","2023-02-23",挂起,49
"3588","2023-02-24",话务员暂存,26
"3589","2023-02-24",话务员受理,118
"3590","2023-02-24",话务员办理,18
"3591","2023-02-24",热线审核,70
"3592","2023-02-24",热线复核,62
"3593","2023-02-24",承办单位审核,73
"3594","2023-02-24",承办单位处理,13
"3595","2023-02-24",承办单位复核,145
"3596","2023-02-24",办结,107
"3597","2023-02-24",回访,53
"3598","2023-02-24",归档,220
"3599","2023-02-24",挂起,46
"3600","2023-02-25",话务员暂存,15
"3601","2023-02-25",话务员受理,27
"3602","2023-02-25",话务员办理,13
"3603","2023-02-25",热线审核,21
"3604","2023-02-25",热线复核,95
"3605","2023-02-25",承办单位审核,22
"3606","2023-02-25",承办单位处理,60
"3607","2023-02-25",承办单位复核,72
"3608","2023-02-25",办结,25
"3609","2023-02-25",回访,78
"3610","2023-02-25",归档,11
"3611","2023-02-25",挂起,32
"3612","2023-02-26",话务员暂存,160
"3613","2023-02-26",话务员受理,2
"3614","2023-02-26",话务员办理,56
"3615","2023-02-26",热线审核,146
"3616","2023-02-26",热线复核,57
"3617","2023-02-26",承办单位审核,96
"3618","2023-02-26",承办单位处理,9
"3619","2023-02-26",承办单位复核,31
"3620","2023-02-26",办结,91
"3621","2023-02-26",回访,112
"3622","2023-02-26",归档,144
"3623","2023-02-26",挂起,24
"3624","2023-02-27",话务员暂存,9
"3625","2023-02-27",话务员受理,71
"3626","2023-02-27",话务员办理,51
"3627","2023-02-27",热线审核,90
"3628","2023-02-27",热线复核,63
"3629","2023-02-27",承办单位审核,57
"3630","2023-02-27",承办单位处理,45
"3631","2023-02-27",承办单位复核,93
"3632","2023-02-27",办结,77
"3633","2023-02-27",回访,93
"3634","2023-02-27",归档,47
"3635","2023-02-27",挂起,50
"3636","2023-02-28",话务员暂存,96
"3637","2023-02-28",话务员受理,41
"3638","2023-02-28",话务员办理,2
"3639","2023-02-28",热线审核,50
"3640","2023-02-28",热线复核,2
"3641","2023-02-28",承办单位审核,73
"3642","2023-02-28",承办单位处理,74
"3643","2023-02-28",承办单位复核,30
"3644","2023-02-28",办结,29
"3645","2023-02-28",回访,39
"3646","2023-02-28",归档,52
"3647","2023-02-28",挂起,18
"3648","2023-03-01",话务员暂存,43
"3649","2023-03-01",话务员受理,58
"3650","2023-03-01",话务员办理,31
"3651","2023-03-01",热线审核,38
"3652","2023-03-01",热线复核,49
"3653","2023-03-01",承办单位审核,31
"3654","2023-03-01",承办单位处理,48
"3655","2023-03-01",承办单位复核,45
"3656","2023-03-01",办结,39
"3657","2023-03-01",回访,26
"3658","2023-03-01",归档,8
"3659","2023-03-01",挂起,34
"3660","2023-03-02",话务员暂存,37
"3661","2023-03-02",话务员受理,22
"3662","2023-03-02",话务员办理,46
"3663","2023-03-02",热线审核,45
"3664","2023-03-02",热线复核,30
"3665","2023-03-02",承办单位审核,53
"3666","2023-03-02",承办单位处理,10
"3667","2023-03-02",承办单位复核,51
"3668","2023-03-02",办结,16
"3669","2023-03-02",回访,13
"3670","2023-03-02",归档,63
"3671","2023-03-02",挂起,11
"3672","2023-03-03",话务员暂存,40
"3673","2023-03-03",话务员受理,69
"3674","2023-03-03",话务员办理,55
"3675","2023-03-03",热线审核,67
"3676","2023-03-03",热线复核,44
"3677","2023-03-03",承办单位审核,76
"3678","2023-03-03",承办单位处理,16
"3679","2023-03-03",承办单位复核,42
"3680","2023-03-03",办结,42
"3681","2023-03-03",回访,50
"3682","2023-03-03",归档,76
"3683","2023-03-03",挂起,66
"3684","2023-03-04",话务员暂存,74
"3685","2023-03-04",话务员受理,1
"3686","2023-03-04",话务员办理,39
"3687","2023-03-04",热线审核,24
"3688","2023-03-04",热线复核,79
"3689","2023-03-04",承办单位审核,17
"3690","2023-03-04",承办单位处理,139
"3691","2023-03-04",承办单位复核,18
"3692","2023-03-04",办结,15
"3693","2023-03-04",回访,116
"3694","2023-03-04",归档,97
"3695","2023-03-04",挂起,78
"3696","2023-03-05",话务员暂存,54
"3697","2023-03-05",话务员受理,33
"3698","2023-03-05",话务员办理,37
"3699","2023-03-05",热线审核,53
"3700","2023-03-05",热线复核,76
"3701","2023-03-05",承办单位审核,68
"3702","2023-03-05",承办单位处理,47
"3703","2023-03-05",承办单位复核,100
"3704","2023-03-05",办结,12
"3705","2023-03-05",回访,57
"3706","2023-03-05",归档,34
"3707","2023-03-05",挂起,39
"3708","2023-03-06",话务员暂存,39
"3709","2023-03-06",话务员受理,13
"3710","2023-03-06",话务员办理,89
"3711","2023-03-06",热线审核,102
"3712","2023-03-06",热线复核,63
"3713","2023-03-06",承办单位审核,17
"3714","2023-03-06",承办单位处理,34
"3715","2023-03-06",承办单位复核,108
"3716","2023-03-06",办结,97
"3717","2023-03-06",回访,57
"3718","2023-03-06",归档,110
"3719","2023-03-06",挂起,47
"3720","2023-03-07",话务员暂存,110
"3721","2023-03-07",话务员受理,17
"3722","2023-03-07",话务员办理,131
"3723","2023-03-07",热线审核,8
"3724","2023-03-07",热线复核,15
"3725","2023-03-07",承办单位审核,82
"3726","2023-03-07",承办单位处理,42
"3727","2023-03-07",承办单位复核,8
"3728","2023-03-07",办结,23
"3729","2023-03-07",回访,102
"3730","2023-03-07",归档,61
"3731","2023-03-07",挂起,124
"3732","2023-03-08",话务员暂存,29
"3733","2023-03-08",话务员受理,89
"3734","2023-03-08",话务员办理,90
"3735","2023-03-08",热线审核,2
"3736","2023-03-08",热线复核,36
"3737","2023-03-08",承办单位审核,22
"3738","2023-03-08",承办单位处理,18
"3739","2023-03-08",承办单位复核,20
"3740","2023-03-08",办结,89
"3741","2023-03-08",回访,65
"3742","2023-03-08",归档,59
"3743","2023-03-08",挂起,43
"3744","2023-03-09",话务员暂存,79
"3745","2023-03-09",话务员受理,66
"3746","2023-03-09",话务员办理,89
"3747","2023-03-09",热线审核,6
"3748","2023-03-09",热线复核,10
"3749","2023-03-09",承办单位审核,13
"3750","2023-03-09",承办单位处理,10
"3751","2023-03-09",承办单位复核,77
"3752","2023-03-09",办结,51
"3753","2023-03-09",回访,80
"3754","2023-03-09",归档,87
"3755","2023-03-09",挂起,96
"3756","2023-03-10",话务员暂存,100
"3757","2023-03-10",话务员受理,72
"3758","2023-03-10",话务员办理,28
"3759","2023-03-10",热线审核,105
"3760","2023-03-10",热线复核,65
"3761","2023-03-10",承办单位审核,44
"3762","2023-03-10",承办单位处理,17
"3763","2023-03-10",承办单位复核,23
"3764","2023-03-10",办结,48
"3765","2023-03-10",回访,23
"3766","2023-03-10",归档,10
"3767","2023-03-10",挂起,89
"3768","2023-03-11",话务员暂存,56
"3769","2023-03-11",话务员受理,43
"3770","2023-03-11",话务员办理,38
"3771","2023-03-11",热线审核,57
"3772","2023-03-11",热线复核,25
"3773","2023-03-11",承办单位审核,20
"3774","2023-03-11",承办单位处理,54
"3775","2023-03-11",承办单位复核,2
"3776","2023-03-11",办结,38
"3777","2023-03-11",回访,47
"3778","2023-03-11",归档,52
"3779","2023-03-11",挂起,12
"3780","2023-03-12",话务员暂存,96
"3781","2023-03-12",话务员受理,83
"3782","2023-03-12",话务员办理,137
"3783","2023-03-12",热线审核,64
"3784","2023-03-12",热线复核,46
"3785","2023-03-12",承办单位审核,82
"3786","2023-03-12",承办单位处理,105
"3787","2023-03-12",承办单位复核,82
"3788","2023-03-12",办结,116
"3789","2023-03-12",回访,53
"3790","2023-03-12",归档,37
"3791","2023-03-12",挂起,31
"3792","2023-03-13",话务员暂存,68
"3793","2023-03-13",话务员受理,53
"3794","2023-03-13",话务员办理,124
"3795","2023-03-13",热线审核,59
"3796","2023-03-13",热线复核,35
"3797","2023-03-13",承办单位审核,19
"3798","2023-03-13",承办单位处理,53
"3799","2023-03-13",承办单位复核,74
"3800","2023-03-13",办结,4
"3801","2023-03-13",回访,129
"3802","2023-03-13",归档,146
"3803","2023-03-13",挂起,21
"3804","2023-03-14",话务员暂存,78
"3805","2023-03-14",话务员受理,52
"3806","2023-03-14",话务员办理,50
"3807","2023-03-14",热线审核,28
"3808","2023-03-14",热线复核,58
"3809","2023-03-14",承办单位审核,64
"3810","2023-03-14",承办单位处理,74
"3811","2023-03-14",承办单位复核,100
"3812","2023-03-14",办结,34
"3813","2023-03-14",回访,38
"3814","2023-03-14",归档,26
"3815","2023-03-14",挂起,18
"3816","2023-03-15",话务员暂存,46
"3817","2023-03-15",话务员受理,27
"3818","2023-03-15",话务员办理,21
"3819","2023-03-15",热线审核,22
"3820","2023-03-15",热线复核,27
"3821","2023-03-15",承办单位审核,45
"3822","2023-03-15",承办单位处理,3
"3823","2023-03-15",承办单位复核,25
"3824","2023-03-15",办结,25
"3825","2023-03-15",回访,14
"3826","2023-03-15",归档,36
"3827","2023-03-15",挂起,31
"3828","2023-03-16",话务员暂存,53
"3829","2023-03-16",话务员受理,80
"3830","2023-03-16",话务员办理,91
"3831","2023-03-16",热线审核,58
"3832","2023-03-16",热线复核,97
"3833","2023-03-16",承办单位审核,24
"3834","2023-03-16",承办单位处理,96
"3835","2023-03-16",承办单位复核,66
"3836","2023-03-16",办结,0
"3837","2023-03-16",回访,62
"3838","2023-03-16",归档,56
"3839","2023-03-16",挂起,48
"3840","2023-03-17",话务员暂存,60
"3841","2023-03-17",话务员受理,24
"3842","2023-03-17",话务员办理,106
"3843","2023-03-17",热线审核,18
"3844","2023-03-17",热线复核,90
"3845","2023-03-17",承办单位审核,14
"3846","2023-03-17",承办单位处理,80
"3847","2023-03-17",承办单位复核,93
"3848","2023-03-17",办结,91
"3849","2023-03-17",回访,60
"3850","2023-03-17",归档,38
"3851","2023-03-17",挂起,10
"3852","2023-03-18",话务员暂存,57
"3853","2023-03-18",话务员受理,72
"3854","2023-03-18",话务员办理,55
"3855","2023-03-18",热线审核,16
"3856","2023-03-18",热线复核,50
"3857","2023-03-18",承办单位审核,57
"3858","2023-03-18",承办单位处理,105
"3859","2023-03-18",承办单位复核,108
"3860","2023-03-18",办结,56
"3861","2023-03-18",回访,88
"3862","2023-03-18",归档,13
"3863","2023-03-18",挂起,50
"3864","2023-03-19",话务员暂存,49
"3865","2023-03-19",话务员受理,38
"3866","2023-03-19",话务员办理,10
"3867","2023-03-19",热线审核,40
"3868","2023-03-19",热线复核,40
"3869","2023-03-19",承办单位审核,33
"3870","2023-03-19",承办单位处理,4
"3871","2023-03-19",承办单位复核,24
"3872","2023-03-19",办结,19
"3873","2023-03-19",回访,44
"3874","2023-03-19",归档,3
"3875","2023-03-19",挂起,40
"3876","2023-03-20",话务员暂存,26
"3877","2023-03-20",话务员受理,13
"3878","2023-03-20",话务员办理,153
"3879","2023-03-20",热线审核,135
"3880","2023-03-20",热线复核,54
"3881","2023-03-20",承办单位审核,152
"3882","2023-03-20",承办单位处理,108
"3883","2023-03-20",承办单位复核,90
"3884","2023-03-20",办结,106
"3885","2023-03-20",回访,4
"3886","2023-03-20",归档,4
"3887","2023-03-20",挂起,126
"3888","2023-03-21",话务员暂存,88
"3889","2023-03-21",话务员受理,25
"3890","2023-03-21",话务员办理,82
"3891","2023-03-21",热线审核,2
"3892","2023-03-21",热线复核,0
"3893","2023-03-21",承办单位审核,88
"3894","2023-03-21",承办单位处理,4
"3895","2023-03-21",承办单位复核,43
"3896","2023-03-21",办结,28
"3897","2023-03-21",回访,94
"3898","2023-03-21",归档,43
"3899","2023-03-21",挂起,68
"3900","2023-03-22",话务员暂存,20
"3901","2023-03-22",话务员受理,36
"3902","2023-03-22",话务员办理,57
"3903","2023-03-22",热线审核,29
"3904","2023-03-22",热线复核,56
"3905","2023-03-22",承办单位审核,35
"3906","2023-03-22",承办单位处理,102
"3907","2023-03-22",承办单位复核,98
"3908","2023-03-22",办结,17
"3909","2023-03-22",回访,90
"3910","2023-03-22",归档,59
"3911","2023-03-22",挂起,48
"3912","2023-03-23",话务员暂存,10
"3913","2023-03-23",话务员受理,141
"3914","2023-03-23",话务员办理,25
"3915","2023-03-23",热线审核,47
"3916","2023-03-23",热线复核,67
"3917","2023-03-23",承办单位审核,16
"3918","2023-03-23",承办单位处理,145
"3919","2023-03-23",承办单位复核,126
"3920","2023-03-23",办结,81
"3921","2023-03-23",回访,38
"3922","2023-03-23",归档,123
"3923","2023-03-23",挂起,5
"3924","2023-03-24",话务员暂存,24
"3925","2023-03-24",话务员受理,104
"3926","2023-03-24",话务员办理,134
"3927","2023-03-24",热线审核,66
"3928","2023-03-24",热线复核,59
"3929","2023-03-24",承办单位审核,120
"3930","2023-03-24",承办单位处理,52
"3931","2023-03-24",承办单位复核,59
"3932","2023-03-24",办结,98
"3933","2023-03-24",回访,99
"3934","2023-03-24",归档,59
"3935","2023-03-24",挂起,18
"3936","2023-03-25",话务员暂存,4
"3937","2023-03-25",话务员受理,48
"3938","2023-03-25",话务员办理,29
"3939","2023-03-25",热线审核,25
"3940","2023-03-25",热线复核,16
"3941","2023-03-25",承办单位审核,44
"3942","2023-03-25",承办单位处理,40
"3943","2023-03-25",承办单位复核,32
"3944","2023-03-25",办结,26
"3945","2023-03-25",回访,30
"3946","2023-03-25",归档,34
"3947","2023-03-25",挂起,32
"3948","2023-03-26",话务员暂存,120
"3949","2023-03-26",话务员受理,94
"3950","2023-03-26",话务员办理,122
"3951","2023-03-26",热线审核,35
"3952","2023-03-26",热线复核,102
"3953","2023-03-26",承办单位审核,137
"3954","2023-03-26",承办单位处理,24
"3955","2023-03-26",承办单位复核,125
"3956","2023-03-26",办结,44
"3957","2023-03-26",回访,5
"3958","2023-03-26",归档,22
"3959","2023-03-26",挂起,94
"3960","2023-03-27",话务员暂存,49
"3961","2023-03-27",话务员受理,143
"3962","2023-03-27",话务员办理,152
"3963","2023-03-27",热线审核,2
"3964","2023-03-27",热线复核,43
"3965","2023-03-27",承办单位审核,105
"3966","2023-03-27",承办单位处理,14
"3967","2023-03-27",承办单位复核,158
"3968","2023-03-27",办结,159
"3969","2023-03-27",回访,7
"3970","2023-03-27",归档,89
"3971","2023-03-27",挂起,49
"3972","2023-03-28",话务员暂存,36
"3973","2023-03-28",话务员受理,80
"3974","2023-03-28",话务员办理,12
"3975","2023-03-28",热线审核,33
"3976","2023-03-28",热线复核,5
"3977","2023-03-28",承办单位审核,69
"3978","2023-03-28",承办单位处理,51
"3979","2023-03-28",承办单位复核,55
"3980","2023-03-28",办结,61
"3981","2023-03-28",回访,20
"3982","2023-03-28",归档,11
"3983","2023-03-28",挂起,6
"3984","2023-03-29",话务员暂存,61
"3985","2023-03-29",话务员受理,22
"3986","2023-03-29",话务员办理,28
"3987","2023-03-29",热线审核,60
"3988","2023-03-29",热线复核,57
"3989","2023-03-29",承办单位审核,54
"3990","2023-03-29",承办单位处理,32
"3991","2023-03-29",承办单位复核,13
"3992","2023-03-29",办结,46
"3993","2023-03-29",回访,45
"3994","2023-03-29",归档,47
"3995","2023-03-29",挂起,54
"3996","2023-03-30",话务员暂存,47
"3997","2023-03-30",话务员受理,3
"3998","2023-03-30",话务员办理,53
"3999","2023-03-30",热线审核,27
"4000","2023-03-30",热线复核,41
"4001","2023-03-30",承办单位审核,29
"4002","2023-03-30",承办单位处理,66
"4003","2023-03-30",承办单位复核,44
"4004","2023-03-30",办结,35
"4005","2023-03-30",回访,69
"4006","2023-03-30",归档,42
"4007","2023-03-30",挂起,11
"4008","2023-03-31",话务员暂存,19
"4009","2023-03-31",话务员受理,37
"4010","2023-03-31",话务员办理,45
"4011","2023-03-31",热线审核,35
"4012","2023-03-31",热线复核,9
"4013","2023-03-31",承办单位审核,38
"4014","2023-03-31",承办单位处理,17
"4015","2023-03-31",承办单位复核,5
"4016","2023-03-31",办结,29
"4017","2023-03-31",回访,18
"4018","2023-03-31",归档,16
"4019","2023-03-31",挂起,37
"4020","2023-04-01",话务员暂存,46
"4021","2023-04-01",话务员受理,17
"4022","2023-04-01",话务员办理,17
"4023","2023-04-01",热线审核,2
"4024","2023-04-01",热线复核,27
"4025","2023-04-01",承办单位审核,21
"4026","2023-04-01",承办单位处理,40
"4027","2023-04-01",承办单位复核,46
"4028","2023-04-01",办结,14
"4029","2023-04-01",回访,9
"4030","2023-04-01",归档,43
"4031","2023-04-01",挂起,21
"4032","2023-04-02",话务员暂存,43
"4033","2023-04-02",话务员受理,17
"4034","2023-04-02",话务员办理,24
"4035","2023-04-02",热线审核,22
"4036","2023-04-02",热线复核,40
"4037","2023-04-02",承办单位审核,45
"4038","2023-04-02",承办单位处理,25
"4039","2023-04-02",承办单位复核,6
"4040","2023-04-02",办结,16
"4041","2023-04-02",回访,44
"4042","2023-04-02",归档,42
"4043","2023-04-02",挂起,11
"4044","2023-04-03",话务员暂存,12
"4045","2023-04-03",话务员受理,76
"4046","2023-04-03",话务员办理,11
"4047","2023-04-03",热线审核,20
"4048","2023-04-03",热线复核,27
"4049","2023-04-03",承办单位审核,14
"4050","2023-04-03",承办单位处理,58
"4051","2023-04-03",承办单位复核,27
"4052","2023-04-03",办结,10
"4053","2023-04-03",回访,75
"4054","2023-04-03",归档,43
"4055","2023-04-03",挂起,45
"4056","2023-04-04",话务员暂存,136
"4057","2023-04-04",话务员受理,23
"4058","2023-04-04",话务员办理,175
"4059","2023-04-04",热线审核,2
"4060","2023-04-04",热线复核,139
"4061","2023-04-04",承办单位审核,45
"4062","2023-04-04",承办单位处理,38
"4063","2023-04-04",承办单位复核,176
"4064","2023-04-04",办结,117
"4065","2023-04-04",回访,57
"4066","2023-04-04",归档,29
"4067","2023-04-04",挂起,16
"4068","2023-04-05",话务员暂存,21
"4069","2023-04-05",话务员受理,70
"4070","2023-04-05",话务员办理,30
"4071","2023-04-05",热线审核,43
"4072","2023-04-05",热线复核,18
"4073","2023-04-05",承办单位审核,60
"4074","2023-04-05",承办单位处理,72
"4075","2023-04-05",承办单位复核,7
"4076","2023-04-05",办结,22
"4077","2023-04-05",回访,20
"4078","2023-04-05",归档,43
"4079","2023-04-05",挂起,67
"4080","2023-04-06",话务员暂存,47
"4081","2023-04-06",话务员受理,47
"4082","2023-04-06",话务员办理,3
"4083","2023-04-06",热线审核,3
"4084","2023-04-06",热线复核,30
"4085","2023-04-06",承办单位审核,55
"4086","2023-04-06",承办单位处理,12
"4087","2023-04-06",承办单位复核,47
"4088","2023-04-06",办结,29
"4089","2023-04-06",回访,47
"4090","2023-04-06",归档,50
"4091","2023-04-06",挂起,37
"4092","2023-04-07",话务员暂存,93
"4093","2023-04-07",话务员受理,26
"4094","2023-04-07",话务员办理,66
"4095","2023-04-07",热线审核,77
"4096","2023-04-07",热线复核,97
"4097","2023-04-07",承办单位审核,54
"4098","2023-04-07",承办单位处理,2
"4099","2023-04-07",承办单位复核,75
"4100","2023-04-07",办结,18
"4101","2023-04-07",回访,70
"4102","2023-04-07",归档,39
"4103","2023-04-07",挂起,20
"4104","2023-04-08",话务员暂存,16
"4105","2023-04-08",话务员受理,41
"4106","2023-04-08",话务员办理,41
"4107","2023-04-08",热线审核,23
"4108","2023-04-08",热线复核,10
"4109","2023-04-08",承办单位审核,29
"4110","2023-04-08",承办单位处理,34
"4111","2023-04-08",承办单位复核,36
"4112","2023-04-08",办结,29
"4113","2023-04-08",回访,44
"4114","2023-04-08",归档,18
"4115","2023-04-08",挂起,12
"4116","2023-04-09",话务员暂存,17
"4117","2023-04-09",话务员受理,32
"4118","2023-04-09",话务员办理,42
"4119","2023-04-09",热线审核,84
"4120","2023-04-09",热线复核,10
"4121","2023-04-09",承办单位审核,128
"4122","2023-04-09",承办单位处理,65
"4123","2023-04-09",承办单位复核,155
"4124","2023-04-09",办结,152
"4125","2023-04-09",回访,49
"4126","2023-04-09",归档,64
"4127","2023-04-09",挂起,60
"4128","2023-04-10",话务员暂存,104
"4129","2023-04-10",话务员受理,79
"4130","2023-04-10",话务员办理,103
"4131","2023-04-10",热线审核,37
"4132","2023-04-10",热线复核,79
"4133","2023-04-10",承办单位审核,134
"4134","2023-04-10",承办单位处理,16
"4135","2023-04-10",承办单位复核,75
"4136","2023-04-10",办结,40
"4137","2023-04-10",回访,65
"4138","2023-04-10",归档,116
"4139","2023-04-10",挂起,25
"4140","2023-04-11",话务员暂存,84
"4141","2023-04-11",话务员受理,20
"4142","2023-04-11",话务员办理,147
"4143","2023-04-11",热线审核,10
"4144","2023-04-11",热线复核,129
"4145","2023-04-11",承办单位审核,80
"4146","2023-04-11",承办单位处理,133
"4147","2023-04-11",承办单位复核,71
"4148","2023-04-11",办结,64
"4149","2023-04-11",回访,54
"4150","2023-04-11",归档,3
"4151","2023-04-11",挂起,152
"4152","2023-04-12",话务员暂存,2
"4153","2023-04-12",话务员受理,44
"4154","2023-04-12",话务员办理,62
"4155","2023-04-12",热线审核,94
"4156","2023-04-12",热线复核,106
"4157","2023-04-12",承办单位审核,116
"4158","2023-04-12",承办单位处理,51
"4159","2023-04-12",承办单位复核,31
"4160","2023-04-12",办结,83
"4161","2023-04-12",回访,101
"4162","2023-04-12",归档,33
"4163","2023-04-12",挂起,112
"4164","2023-04-13",话务员暂存,16
"4165","2023-04-13",话务员受理,66
"4166","2023-04-13",话务员办理,7
"4167","2023-04-13",热线审核,128
"4168","2023-04-13",热线复核,36
"4169","2023-04-13",承办单位审核,95
"4170","2023-04-13",承办单位处理,148
"4171","2023-04-13",承办单位复核,141
"4172","2023-04-13",办结,135
"4173","2023-04-13",回访,46
"4174","2023-04-13",归档,96
"4175","2023-04-13",挂起,9
"4176","2023-04-14",话务员暂存,54
"4177","2023-04-14",话务员受理,38
"4178","2023-04-14",话务员办理,76
"4179","2023-04-14",热线审核,13
"4180","2023-04-14",热线复核,81
"4181","2023-04-14",承办单位审核,85
"4182","2023-04-14",承办单位处理,76
"4183","2023-04-14",承办单位复核,59
"4184","2023-04-14",办结,15
"4185","2023-04-14",回访,73
"4186","2023-04-14",归档,46
"4187","2023-04-14",挂起,78
"4188","2023-04-15",话务员暂存,184
"4189","2023-04-15",话务员受理,103
"4190","2023-04-15",话务员办理,80
"4191","2023-04-15",热线审核,48
"4192","2023-04-15",热线复核,20
"4193","2023-04-15",承办单位审核,28
"4194","2023-04-15",承办单位处理,18
"4195","2023-04-15",承办单位复核,157
"4196","2023-04-15",办结,157
"4197","2023-04-15",回访,28
"4198","2023-04-15",归档,8
"4199","2023-04-15",挂起,149
"4200","2023-04-16",话务员暂存,53
"4201","2023-04-16",话务员受理,66
"4202","2023-04-16",话务员办理,54
"4203","2023-04-16",热线审核,40
"4204","2023-04-16",热线复核,56
"4205","2023-04-16",承办单位审核,18
"4206","2023-04-16",承办单位处理,19
"4207","2023-04-16",承办单位复核,42
"4208","2023-04-16",办结,57
"4209","2023-04-16",回访,45
"4210","2023-04-16",归档,56
"4211","2023-04-16",挂起,36
"4212","2023-04-17",话务员暂存,90
"4213","2023-04-17",话务员受理,4
"4214","2023-04-17",话务员办理,72
"4215","2023-04-17",热线审核,6
"4216","2023-04-17",热线复核,109
"4217","2023-04-17",承办单位审核,43
"4218","2023-04-17",承办单位处理,109
"4219","2023-04-17",承办单位复核,63
"4220","2023-04-17",办结,65
"4221","2023-04-17",回访,91
"4222","2023-04-17",归档,32
"4223","2023-04-17",挂起,105
"4224","2023-04-18",话务员暂存,82
"4225","2023-04-18",话务员受理,56
"4226","2023-04-18",话务员办理,71
"4227","2023-04-18",热线审核,47
"4228","2023-04-18",热线复核,48
"4229","2023-04-18",承办单位审核,1
"4230","2023-04-18",承办单位处理,21
"4231","2023-04-18",承办单位复核,49
"4232","2023-04-18",办结,50
"4233","2023-04-18",回访,65
"4234","2023-04-18",归档,61
"4235","2023-04-18",挂起,69
"4236","2023-04-19",话务员暂存,63
"4237","2023-04-19",话务员受理,103
"4238","2023-04-19",话务员办理,110
"4239","2023-04-19",热线审核,90
"4240","2023-04-19",热线复核,17
"4241","2023-04-19",承办单位审核,20
"4242","2023-04-19",承办单位处理,79
"4243","2023-04-19",承办单位复核,10
"4244","2023-04-19",办结,67
"4245","2023-04-19",回访,79
"4246","2023-04-19",归档,41
"4247","2023-04-19",挂起,34
"4248","2023-04-20",话务员暂存,88
"4249","2023-04-20",话务员受理,57
"4250","2023-04-20",话务员办理,6
"4251","2023-04-20",热线审核,40
"4252","2023-04-20",热线复核,116
"4253","2023-04-20",承办单位审核,44
"4254","2023-04-20",承办单位处理,82
"4255","2023-04-20",承办单位复核,91
"4256","2023-04-20",办结,64
"4257","2023-04-20",回访,30
"4258","2023-04-20",归档,37
"4259","2023-04-20",挂起,143
"4260","2023-04-21",话务员暂存,19
"4261","2023-04-21",话务员受理,62
"4262","2023-04-21",话务员办理,58
"4263","2023-04-21",热线审核,72
"4264","2023-04-21",热线复核,47
"4265","2023-04-21",承办单位审核,85
"4266","2023-04-21",承办单位处理,80
"4267","2023-04-21",承办单位复核,44
"4268","2023-04-21",办结,17
"4269","2023-04-21",回访,83
"4270","2023-04-21",归档,6
"4271","2023-04-21",挂起,53
"4272","2023-04-22",话务员暂存,19
"4273","2023-04-22",话务员受理,20
"4274","2023-04-22",话务员办理,165
"4275","2023-04-22",热线审核,45
"4276","2023-04-22",热线复核,55
"4277","2023-04-22",承办单位审核,119
"4278","2023-04-22",承办单位处理,127
"4279","2023-04-22",承办单位复核,89
"4280","2023-04-22",办结,27
"4281","2023-04-22",回访,28
"4282","2023-04-22",归档,98
"4283","2023-04-22",挂起,79
"4284","2023-04-23",话务员暂存,50
"4285","2023-04-23",话务员受理,2
"4286","2023-04-23",话务员办理,3
"4287","2023-04-23",热线审核,71
"4288","2023-04-23",热线复核,44
"4289","2023-04-23",承办单位审核,52
"4290","2023-04-23",承办单位处理,71
"4291","2023-04-23",承办单位复核,53
"4292","2023-04-23",办结,6
"4293","2023-04-23",回访,34
"4294","2023-04-23",归档,39
"4295","2023-04-23",挂起,71
"4296","2023-04-24",话务员暂存,58
"4297","2023-04-24",话务员受理,51
"4298","2023-04-24",话务员办理,65
"4299","2023-04-24",热线审核,63
"4300","2023-04-24",热线复核,0
"4301","2023-04-24",承办单位审核,18
"4302","2023-04-24",承办单位处理,43
"4303","2023-04-24",承办单位复核,22
"4304","2023-04-24",办结,2
"4305","2023-04-24",回访,64
"4306","2023-04-24",归档,57
"4307","2023-04-24",挂起,61
"4308","2023-04-25",话务员暂存,16
"4309","2023-04-25",话务员受理,102
"4310","2023-04-25",话务员办理,49
"4311","2023-04-25",热线审核,83
"4312","2023-04-25",热线复核,67
"4313","2023-04-25",承办单位审核,62
"4314","2023-04-25",承办单位处理,79
"4315","2023-04-25",承办单位复核,87
"4316","2023-04-25",办结,82
"4317","2023-04-25",回访,130
"4318","2023-04-25",归档,58
"4319","2023-04-25",挂起,78
"4320","2023-04-26",话务员暂存,106
"4321","2023-04-26",话务员受理,111
"4322","2023-04-26",话务员办理,32
"4323","2023-04-26",热线审核,110
"4324","2023-04-26",热线复核,105
"4325","2023-04-26",承办单位审核,48
"4326","2023-04-26",承办单位处理,121
"4327","2023-04-26",承办单位复核,53
"4328","2023-04-26",办结,13
"4329","2023-04-26",回访,33
"4330","2023-04-26",归档,86
"4331","2023-04-26",挂起,78
"4332","2023-04-27",话务员暂存,116
"4333","2023-04-27",话务员受理,120
"4334","2023-04-27",话务员办理,67
"4335","2023-04-27",热线审核,33
"4336","2023-04-27",热线复核,46
"4337","2023-04-27",承办单位审核,75
"4338","2023-04-27",承办单位处理,21
"4339","2023-04-27",承办单位复核,110
"4340","2023-04-27",办结,93
"4341","2023-04-27",回访,67
"4342","2023-04-27",归档,128
"4343","2023-04-27",挂起,59
"4344","2023-04-28",话务员暂存,81
"4345","2023-04-28",话务员受理,33
"4346","2023-04-28",话务员办理,65
"4347","2023-04-28",热线审核,89
"4348","2023-04-28",热线复核,60
"4349","2023-04-28",承办单位审核,94
"4350","2023-04-28",承办单位处理,115
"4351","2023-04-28",承办单位复核,119
"4352","2023-04-28",办结,123
"4353","2023-04-28",回访,114
"4354","2023-04-28",归档,87
"4355","2023-04-28",挂起,20
"4356","2023-04-29",话务员暂存,6
"4357","2023-04-29",话务员受理,126
"4358","2023-04-29",话务员办理,63
"4359","2023-04-29",热线审核,140
"4360","2023-04-29",热线复核,14
"4361","2023-04-29",承办单位审核,103
"4362","2023-04-29",承办单位处理,50
"4363","2023-04-29",承办单位复核,1
"4364","2023-04-29",办结,56
"4365","2023-04-29",回访,72
"4366","2023-04-29",归档,2
"4367","2023-04-29",挂起,96
"4368","2023-04-30",话务员暂存,6
"4369","2023-04-30",话务员受理,35
"4370","2023-04-30",话务员办理,9
"4371","2023-04-30",热线审核,42
"4372","2023-04-30",热线复核,36
"4373","2023-04-30",承办单位审核,14
"4374","2023-04-30",承办单位处理,68
"4375","2023-04-30",承办单位复核,59
"4376","2023-04-30",办结,53
"4377","2023-04-30",回访,17
"4378","2023-04-30",归档,58
"4379","2023-04-30",挂起,7
"4380","2023-05-01",话务员暂存,37
"4381","2023-05-01",话务员受理,37
"4382","2023-05-01",话务员办理,94
"4383","2023-05-01",热线审核,106
"4384","2023-05-01",热线复核,60
"4385","2023-05-01",承办单位审核,37
"4386","2023-05-01",承办单位处理,60
"4387","2023-05-01",承办单位复核,4
"4388","2023-05-01",办结,101
"4389","2023-05-01",回访,55
"4390","2023-05-01",归档,103
"4391","2023-05-01",挂起,61
"4392","2023-05-02",话务员暂存,96
"4393","2023-05-02",话务员受理,53
"4394","2023-05-02",话务员办理,89
"4395","2023-05-02",热线审核,52
"4396","2023-05-02",热线复核,36
"4397","2023-05-02",承办单位审核,62
"4398","2023-05-02",承办单位处理,34
"4399","2023-05-02",承办单位复核,23
"4400","2023-05-02",办结,32
"4401","2023-05-02",回访,40
"4402","2023-05-02",归档,98
"4403","2023-05-02",挂起,31
"4404","2023-05-03",话务员暂存,26
"4405","2023-05-03",话务员受理,28
"4406","2023-05-03",话务员办理,84
"4407","2023-05-03",热线审核,114
"4408","2023-05-03",热线复核,73
"4409","2023-05-03",承办单位审核,9
"4410","2023-05-03",承办单位处理,101
"4411","2023-05-03",承办单位复核,13
"4412","2023-05-03",办结,68
"4413","2023-05-03",回访,132
"4414","2023-05-03",归档,10
"4415","2023-05-03",挂起,65
"4416","2023-05-04",话务员暂存,23
"4417","2023-05-04",话务员受理,4
"4418","2023-05-04",话务员办理,32
"4419","2023-05-04",热线审核,39
"4420","2023-05-04",热线复核,78
"4421","2023-05-04",承办单位审核,42
"4422","2023-05-04",承办单位处理,30
"4423","2023-05-04",承办单位复核,79
"4424","2023-05-04",办结,48
"4425","2023-05-04",回访,60
"4426","2023-05-04",归档,50
"4427","2023-05-04",挂起,38
"4428","2023-05-05",话务员暂存,19
"4429","2023-05-05",话务员受理,24
"4430","2023-05-05",话务员办理,7
"4431","2023-05-05",热线审核,49
"4432","2023-05-05",热线复核,36
"4433","2023-05-05",承办单位审核,31
"4434","2023-05-05",承办单位处理,22
"4435","2023-05-05",承办单位复核,35
"4436","2023-05-05",办结,31
"4437","2023-05-05",回访,23
"4438","2023-05-05",归档,38
"4439","2023-05-05",挂起,0
"4440","2023-05-06",话务员暂存,64
"4441","2023-05-06",话务员受理,93
"4442","2023-05-06",话务员办理,152
"4443","2023-05-06",热线审核,111
"4444","2023-05-06",热线复核,17
"4445","2023-05-06",承办单位审核,123
"4446","2023-05-06",承办单位处理,26
"4447","2023-05-06",承办单位复核,117
"4448","2023-05-06",办结,18
"4449","2023-05-06",回访,47
"4450","2023-05-06",归档,68
"4451","2023-05-06",挂起,153
"4452","2023-05-07",话务员暂存,58
"4453","2023-05-07",话务员受理,23
"4454","2023-05-07",话务员办理,19
"4455","2023-05-07",热线审核,42
"4456","2023-05-07",热线复核,5
"4457","2023-05-07",承办单位审核,64
"4458","2023-05-07",承办单位处理,1
"4459","2023-05-07",承办单位复核,49
"4460","2023-05-07",办结,36
"4461","2023-05-07",回访,14
"4462","2023-05-07",归档,65
"4463","2023-05-07",挂起,12
"4464","2023-05-08",话务员暂存,23
"4465","2023-05-08",话务员受理,75
"4466","2023-05-08",话务员办理,94
"4467","2023-05-08",热线审核,102
"4468","2023-05-08",热线复核,73
"4469","2023-05-08",承办单位审核,51
"4470","2023-05-08",承办单位处理,62
"4471","2023-05-08",承办单位复核,22
"4472","2023-05-08",办结,75
"4473","2023-05-08",回访,90
"4474","2023-05-08",归档,93
"4475","2023-05-08",挂起,54
"4476","2023-05-09",话务员暂存,16
"4477","2023-05-09",话务员受理,54
"4478","2023-05-09",话务员办理,54
"4479","2023-05-09",热线审核,28
"4480","2023-05-09",热线复核,70
"4481","2023-05-09",承办单位审核,75
"4482","2023-05-09",承办单位处理,18
"4483","2023-05-09",承办单位复核,68
"4484","2023-05-09",办结,59
"4485","2023-05-09",回访,36
"4486","2023-05-09",归档,21
"4487","2023-05-09",挂起,10
"4488","2023-05-10",话务员暂存,24
"4489","2023-05-10",话务员受理,34
"4490","2023-05-10",话务员办理,106
"4491","2023-05-10",热线审核,62
"4492","2023-05-10",热线复核,104
"4493","2023-05-10",承办单位审核,72
"4494","2023-05-10",承办单位处理,81
"4495","2023-05-10",承办单位复核,77
"4496","2023-05-10",办结,39
"4497","2023-05-10",回访,20
"4498","2023-05-10",归档,24
"4499","2023-05-10",挂起,42
"4500","2023-05-11",话务员暂存,0
"4501","2023-05-11",话务员受理,3
"4502","2023-05-11",话务员办理,46
"4503","2023-05-11",热线审核,35
"4504","2023-05-11",热线复核,49
"4505","2023-05-11",承办单位审核,44
"4506","2023-05-11",承办单位处理,37
"4507","2023-05-11",承办单位复核,50
"4508","2023-05-11",办结,15
"4509","2023-05-11",回访,48
"4510","2023-05-11",归档,32
"4511","2023-05-11",挂起,27
"4512","2023-05-12",话务员暂存,15
"4513","2023-05-12",话务员受理,23
"4514","2023-05-12",话务员办理,41
"4515","2023-05-12",热线审核,66
"4516","2023-05-12",热线复核,37
"4517","2023-05-12",承办单位审核,43
"4518","2023-05-12",承办单位处理,40
"4519","2023-05-12",承办单位复核,55
"4520","2023-05-12",办结,38
"4521","2023-05-12",回访,43
"4522","2023-05-12",归档,58
"4523","2023-05-12",挂起,64
"4524","2023-05-13",话务员暂存,32
"4525","2023-05-13",话务员受理,86
"4526","2023-05-13",话务员办理,10
"4527","2023-05-13",热线审核,83
"4528","2023-05-13",热线复核,30
"4529","2023-05-13",承办单位审核,18
"4530","2023-05-13",承办单位处理,39
"4531","2023-05-13",承办单位复核,31
"4532","2023-05-13",办结,44
"4533","2023-05-13",回访,44
"4534","2023-05-13",归档,32
"4535","2023-05-13",挂起,84
"4536","2023-05-14",话务员暂存,32
"4537","2023-05-14",话务员受理,42
"4538","2023-05-14",话务员办理,55
"4539","2023-05-14",热线审核,61
"4540","2023-05-14",热线复核,34
"4541","2023-05-14",承办单位审核,25
"4542","2023-05-14",承办单位处理,15
"4543","2023-05-14",承办单位复核,36
"4544","2023-05-14",办结,57
"4545","2023-05-14",回访,6
"4546","2023-05-14",归档,39
"4547","2023-05-14",挂起,31
"4548","2023-05-15",话务员暂存,124
"4549","2023-05-15",话务员受理,69
"4550","2023-05-15",话务员办理,8
"4551","2023-05-15",热线审核,82
"4552","2023-05-15",热线复核,30
"4553","2023-05-15",承办单位审核,27
"4554","2023-05-15",承办单位处理,144
"4555","2023-05-15",承办单位复核,2
"4556","2023-05-15",办结,47
"4557","2023-05-15",回访,159
"4558","2023-05-15",归档,20
"4559","2023-05-15",挂起,14
"4560","2023-05-16",话务员暂存,19
"4561","2023-05-16",话务员受理,90
"4562","2023-05-16",话务员办理,102
"4563","2023-05-16",热线审核,121
"4564","2023-05-16",热线复核,76
"4565","2023-05-16",承办单位审核,23
"4566","2023-05-16",承办单位处理,97
"4567","2023-05-16",承办单位复核,137
"4568","2023-05-16",办结,1
"4569","2023-05-16",回访,129
"4570","2023-05-16",归档,52
"4571","2023-05-16",挂起,95
"4572","2023-05-17",话务员暂存,7
"4573","2023-05-17",话务员受理,32
"4574","2023-05-17",话务员办理,6
"4575","2023-05-17",热线审核,28
"4576","2023-05-17",热线复核,23
"4577","2023-05-17",承办单位审核,41
"4578","2023-05-17",承办单位处理,40
"4579","2023-05-17",承办单位复核,15
"4580","2023-05-17",办结,8
"4581","2023-05-17",回访,35
"4582","2023-05-17",归档,42
"4583","2023-05-17",挂起,28
"4584","2023-05-18",话务员暂存,87
"4585","2023-05-18",话务员受理,69
"4586","2023-05-18",话务员办理,83
"4587","2023-05-18",热线审核,60
"4588","2023-05-18",热线复核,41
"4589","2023-05-18",承办单位审核,92
"4590","2023-05-18",承办单位处理,53
"4591","2023-05-18",承办单位复核,69
"4592","2023-05-18",办结,48
"4593","2023-05-18",回访,71
"4594","2023-05-18",归档,5
"4595","2023-05-18",挂起,69
"4596","2023-05-19",话务员暂存,137
"4597","2023-05-19",话务员受理,117
"4598","2023-05-19",话务员办理,47
"4599","2023-05-19",热线审核,135
"4600","2023-05-19",热线复核,33
"4601","2023-05-19",承办单位审核,13
"4602","2023-05-19",承办单位处理,99
"4603","2023-05-19",承办单位复核,25
"4604","2023-05-19",办结,72
"4605","2023-05-19",回访,60
"4606","2023-05-19",归档,8
"4607","2023-05-19",挂起,111
"4608","2023-05-20",话务员暂存,38
"4609","2023-05-20",话务员受理,66
"4610","2023-05-20",话务员办理,28
"4611","2023-05-20",热线审核,28
"4612","2023-05-20",热线复核,24
"4613","2023-05-20",承办单位审核,37
"4614","2023-05-20",承办单位处理,56
"4615","2023-05-20",承办单位复核,43
"4616","2023-05-20",办结,45
"4617","2023-05-20",回访,48
"4618","2023-05-20",归档,25
"4619","2023-05-20",挂起,26
"4620","2023-05-21",话务员暂存,25
"4621","2023-05-21",话务员受理,50
"4622","2023-05-21",话务员办理,78
"4623","2023-05-21",热线审核,9
"4624","2023-05-21",热线复核,37
"4625","2023-05-21",承办单位审核,78
"4626","2023-05-21",承办单位处理,31
"4627","2023-05-21",承办单位复核,47
"4628","2023-05-21",办结,67
"4629","2023-05-21",回访,66
"4630","2023-05-21",归档,45
"4631","2023-05-21",挂起,19
"4632","2023-05-22",话务员暂存,12
"4633","2023-05-22",话务员受理,11
"4634","2023-05-22",话务员办理,54
"4635","2023-05-22",热线审核,114
"4636","2023-05-22",热线复核,32
"4637","2023-05-22",承办单位审核,44
"4638","2023-05-22",承办单位处理,74
"4639","2023-05-22",承办单位复核,46
"4640","2023-05-22",办结,37
"4641","2023-05-22",回访,47
"4642","2023-05-22",归档,34
"4643","2023-05-22",挂起,30
"4644","2023-05-23",话务员暂存,20
"4645","2023-05-23",话务员受理,69
"4646","2023-05-23",话务员办理,102
"4647","2023-05-23",热线审核,70
"4648","2023-05-23",热线复核,93
"4649","2023-05-23",承办单位审核,59
"4650","2023-05-23",承办单位处理,20
"4651","2023-05-23",承办单位复核,25
"4652","2023-05-23",办结,35
"4653","2023-05-23",回访,68
"4654","2023-05-23",归档,22
"4655","2023-05-23",挂起,43
"4656","2023-05-24",话务员暂存,146
"4657","2023-05-24",话务员受理,69
"4658","2023-05-24",话务员办理,134
"4659","2023-05-24",热线审核,32
"4660","2023-05-24",热线复核,124
"4661","2023-05-24",承办单位审核,56
"4662","2023-05-24",承办单位处理,58
"4663","2023-05-24",承办单位复核,39
"4664","2023-05-24",办结,109
"4665","2023-05-24",回访,75
"4666","2023-05-24",归档,6
"4667","2023-05-24",挂起,25
"4668","2023-05-25",话务员暂存,8
"4669","2023-05-25",话务员受理,40
"4670","2023-05-25",话务员办理,3
"4671","2023-05-25",热线审核,24
"4672","2023-05-25",热线复核,27
"4673","2023-05-25",承办单位审核,43
"4674","2023-05-25",承办单位处理,23
"4675","2023-05-25",承办单位复核,21
"4676","2023-05-25",办结,38
"4677","2023-05-25",回访,18
"4678","2023-05-25",归档,60
"4679","2023-05-25",挂起,51
"4680","2023-05-26",话务员暂存,78
"4681","2023-05-26",话务员受理,65
"4682","2023-05-26",话务员办理,61
"4683","2023-05-26",热线审核,61
"4684","2023-05-26",热线复核,70
"4685","2023-05-26",承办单位审核,27
"4686","2023-05-26",承办单位处理,69
"4687","2023-05-26",承办单位复核,1
"4688","2023-05-26",办结,76
"4689","2023-05-26",回访,22
"4690","2023-05-26",归档,88
"4691","2023-05-26",挂起,63
"4692","2023-05-27",话务员暂存,127
"4693","2023-05-27",话务员受理,87
"4694","2023-05-27",话务员办理,49
"4695","2023-05-27",热线审核,18
"4696","2023-05-27",热线复核,114
"4697","2023-05-27",承办单位审核,137
"4698","2023-05-27",承办单位处理,129
"4699","2023-05-27",承办单位复核,61
"4700","2023-05-27",办结,84
"4701","2023-05-27",回访,53
"4702","2023-05-27",归档,2
"4703","2023-05-27",挂起,50
"4704","2023-05-28",话务员暂存,3
"4705","2023-05-28",话务员受理,27
"4706","2023-05-28",话务员办理,87
"4707","2023-05-28",热线审核,81
"4708","2023-05-28",热线复核,72
"4709","2023-05-28",承办单位审核,48
"4710","2023-05-28",承办单位处理,13
"4711","2023-05-28",承办单位复核,9
"4712","2023-05-28",办结,61
"4713","2023-05-28",回访,37
"4714","2023-05-28",归档,28
"4715","2023-05-28",挂起,79
"4716","2023-05-29",话务员暂存,19
"4717","2023-05-29",话务员受理,77
"4718","2023-05-29",话务员办理,73
"4719","2023-05-29",热线审核,90
"4720","2023-05-29",热线复核,29
"4721","2023-05-29",承办单位审核,0
"4722","2023-05-29",承办单位处理,28
"4723","2023-05-29",承办单位复核,95
"4724","2023-05-29",办结,63
"4725","2023-05-29",回访,64
"4726","2023-05-29",归档,23
"4727","2023-05-29",挂起,51
"4728","2023-05-30",话务员暂存,53
"4729","2023-05-30",话务员受理,117
"4730","2023-05-30",话务员办理,51
"4731","2023-05-30",热线审核,232
"4732","2023-05-30",热线复核,86
"4733","2023-05-30",承办单位审核,142
"4734","2023-05-30",承办单位处理,8
"4735","2023-05-30",承办单位复核,8
"4736","2023-05-30",办结,90
"4737","2023-05-30",回访,94
"4738","2023-05-30",归档,80
"4739","2023-05-30",挂起,26
"4740","2023-05-31",话务员暂存,74
"4741","2023-05-31",话务员受理,99
"4742","2023-05-31",话务员办理,9
"4743","2023-05-31",热线审核,108
"4744","2023-05-31",热线复核,4
"4745","2023-05-31",承办单位审核,39
"4746","2023-05-31",承办单位处理,84
"4747","2023-05-31",承办单位复核,59
"4748","2023-05-31",办结,85
"4749","2023-05-31",回访,88
"4750","2023-05-31",归档,127
"4751","2023-05-31",挂起,5
"4752","2023-06-01",话务员暂存,122
"4753","2023-06-01",话务员受理,103
"4754","2023-06-01",话务员办理,21
"4755","2023-06-01",热线审核,77
"4756","2023-06-01",热线复核,19
"4757","2023-06-01",承办单位审核,88
"4758","2023-06-01",承办单位处理,86
"4759","2023-06-01",承办单位复核,99
"4760","2023-06-01",办结,103
"4761","2023-06-01",回访,51
"4762","2023-06-01",归档,84
"4763","2023-06-01",挂起,1
"4764","2023-06-02",话务员暂存,54
"4765","2023-06-02",话务员受理,48
"4766","2023-06-02",话务员办理,47
"4767","2023-06-02",热线审核,40
"4768","2023-06-02",热线复核,22
"4769","2023-06-02",承办单位审核,43
"4770","2023-06-02",承办单位处理,14
"4771","2023-06-02",承办单位复核,36
"4772","2023-06-02",办结,3
"4773","2023-06-02",回访,11
"4774","2023-06-02",归档,11
"4775","2023-06-02",挂起,32
"4776","2023-06-03",话务员暂存,104
"4777","2023-06-03",话务员受理,58
"4778","2023-06-03",话务员办理,91
"4779","2023-06-03",热线审核,5
"4780","2023-06-03",热线复核,69
"4781","2023-06-03",承办单位审核,84
"4782","2023-06-03",承办单位处理,83
"4783","2023-06-03",承办单位复核,76
"4784","2023-06-03",办结,77
"4785","2023-06-03",回访,58
"4786","2023-06-03",归档,82
"4787","2023-06-03",挂起,110
"4788","2023-06-04",话务员暂存,113
"4789","2023-06-04",话务员受理,9
"4790","2023-06-04",话务员办理,5
"4791","2023-06-04",热线审核,85
"4792","2023-06-04",热线复核,7
"4793","2023-06-04",承办单位审核,117
"4794","2023-06-04",承办单位处理,16
"4795","2023-06-04",承办单位复核,30
"4796","2023-06-04",办结,75
"4797","2023-06-04",回访,75
"4798","2023-06-04",归档,11
"4799","2023-06-04",挂起,103
"4800","2023-06-05",话务员暂存,82
"4801","2023-06-05",话务员受理,13
"4802","2023-06-05",话务员办理,67
"4803","2023-06-05",热线审核,6
"4804","2023-06-05",热线复核,16
"4805","2023-06-05",承办单位审核,34
"4806","2023-06-05",承办单位处理,90
"4807","2023-06-05",承办单位复核,3
"4808","2023-06-05",办结,37
"4809","2023-06-05",回访,87
"4810","2023-06-05",归档,16
"4811","2023-06-05",挂起,83
"4812","2023-06-06",话务员暂存,25
"4813","2023-06-06",话务员受理,60
"4814","2023-06-06",话务员办理,0
"4815","2023-06-06",热线审核,28
"4816","2023-06-06",热线复核,45
"4817","2023-06-06",承办单位审核,66
"4818","2023-06-06",承办单位处理,28
"4819","2023-06-06",承办单位复核,73
"4820","2023-06-06",办结,32
"4821","2023-06-06",回访,31
"4822","2023-06-06",归档,24
"4823","2023-06-06",挂起,19
"4824","2023-06-07",话务员暂存,100
"4825","2023-06-07",话务员受理,85
"4826","2023-06-07",话务员办理,8
"4827","2023-06-07",热线审核,43
"4828","2023-06-07",热线复核,11
"4829","2023-06-07",承办单位审核,27
"4830","2023-06-07",承办单位处理,18
"4831","2023-06-07",承办单位复核,84
"4832","2023-06-07",办结,2
"4833","2023-06-07",回访,25
"4834","2023-06-07",归档,78
"4835","2023-06-07",挂起,46
"4836","2023-06-08",话务员暂存,111
"4837","2023-06-08",话务员受理,16
"4838","2023-06-08",话务员办理,8
"4839","2023-06-08",热线审核,15
"4840","2023-06-08",热线复核,116
"4841","2023-06-08",承办单位审核,1
"4842","2023-06-08",承办单位处理,93
"4843","2023-06-08",承办单位复核,9
"4844","2023-06-08",办结,57
"4845","2023-06-08",回访,49
"4846","2023-06-08",归档,6
"4847","2023-06-08",挂起,120
"4848","2023-06-09",话务员暂存,80
"4849","2023-06-09",话务员受理,83
"4850","2023-06-09",话务员办理,85
"4851","2023-06-09",热线审核,15
"4852","2023-06-09",热线复核,62
"4853","2023-06-09",承办单位审核,35
"4854","2023-06-09",承办单位处理,98
"4855","2023-06-09",承办单位复核,37
"4856","2023-06-09",办结,1
"4857","2023-06-09",回访,76
"4858","2023-06-09",归档,109
"4859","2023-06-09",挂起,113
"4860","2023-06-10",话务员暂存,45
"4861","2023-06-10",话务员受理,91
"4862","2023-06-10",话务员办理,64
"4863","2023-06-10",热线审核,20
"4864","2023-06-10",热线复核,104
"4865","2023-06-10",承办单位审核,80
"4866","2023-06-10",承办单位处理,44
"4867","2023-06-10",承办单位复核,96
"4868","2023-06-10",办结,30
"4869","2023-06-10",回访,50
"4870","2023-06-10",归档,68
"4871","2023-06-10",挂起,72
"4872","2023-06-11",话务员暂存,44
"4873","2023-06-11",话务员受理,58
"4874","2023-06-11",话务员办理,71
"4875","2023-06-11",热线审核,58
"4876","2023-06-11",热线复核,49
"4877","2023-06-11",承办单位审核,45
"4878","2023-06-11",承办单位处理,8
"4879","2023-06-11",承办单位复核,90
"4880","2023-06-11",办结,40
"4881","2023-06-11",回访,47
"4882","2023-06-11",归档,28
"4883","2023-06-11",挂起,23
"4884","2023-06-12",话务员暂存,11
"4885","2023-06-12",话务员受理,75
"4886","2023-06-12",话务员办理,22
"4887","2023-06-12",热线审核,16
"4888","2023-06-12",热线复核,49
"4889","2023-06-12",承办单位审核,66
"4890","2023-06-12",承办单位处理,98
"4891","2023-06-12",承办单位复核,47
"4892","2023-06-12",办结,61
"4893","2023-06-12",回访,48
"4894","2023-06-12",归档,100
"4895","2023-06-12",挂起,104
"4896","2023-06-13",话务员暂存,123
"4897","2023-06-13",话务员受理,25
"4898","2023-06-13",话务员办理,29
"4899","2023-06-13",热线审核,22
"4900","2023-06-13",热线复核,32
"4901","2023-06-13",承办单位审核,30
"4902","2023-06-13",承办单位处理,73
"4903","2023-06-13",承办单位复核,139
"4904","2023-06-13",办结,145
"4905","2023-06-13",回访,43
"4906","2023-06-13",归档,173
"4907","2023-06-13",挂起,103
"4908","2023-06-14",话务员暂存,24
"4909","2023-06-14",话务员受理,102
"4910","2023-06-14",话务员办理,13
"4911","2023-06-14",热线审核,37
"4912","2023-06-14",热线复核,51
"4913","2023-06-14",承办单位审核,74
"4914","2023-06-14",承办单位处理,85
"4915","2023-06-14",承办单位复核,16
"4916","2023-06-14",办结,25
"4917","2023-06-14",回访,100
"4918","2023-06-14",归档,72
"4919","2023-06-14",挂起,10
"4920","2023-06-15",话务员暂存,13
"4921","2023-06-15",话务员受理,8
"4922","2023-06-15",话务员办理,87
"4923","2023-06-15",热线审核,59
"4924","2023-06-15",热线复核,135
"4925","2023-06-15",承办单位审核,99
"4926","2023-06-15",承办单位处理,17
"4927","2023-06-15",承办单位复核,108
"4928","2023-06-15",办结,57
"4929","2023-06-15",回访,115
"4930","2023-06-15",归档,4
"4931","2023-06-15",挂起,57
"4932","2023-06-16",话务员暂存,118
"4933","2023-06-16",话务员受理,36
"4934","2023-06-16",话务员办理,3
"4935","2023-06-16",热线审核,129
"4936","2023-06-16",热线复核,67
"4937","2023-06-16",承办单位审核,14
"4938","2023-06-16",承办单位处理,32
"4939","2023-06-16",承办单位复核,15
"4940","2023-06-16",办结,136
"4941","2023-06-16",回访,93
"4942","2023-06-16",归档,109
"4943","2023-06-16",挂起,126
"4944","2023-06-17",话务员暂存,53
"4945","2023-06-17",话务员受理,144
"4946","2023-06-17",话务员办理,131
"4947","2023-06-17",热线审核,83
"4948","2023-06-17",热线复核,26
"4949","2023-06-17",承办单位审核,96
"4950","2023-06-17",承办单位处理,33
"4951","2023-06-17",承办单位复核,10
"4952","2023-06-17",办结,103
"4953","2023-06-17",回访,53
"4954","2023-06-17",归档,118
"4955","2023-06-17",挂起,122
"4956","2023-06-18",话务员暂存,37
"4957","2023-06-18",话务员受理,87
"4958","2023-06-18",话务员办理,89
"4959","2023-06-18",热线审核,68
"4960","2023-06-18",热线复核,80
"4961","2023-06-18",承办单位审核,26
"4962","2023-06-18",承办单位处理,136
"4963","2023-06-18",承办单位复核,103
"4964","2023-06-18",办结,119
"4965","2023-06-18",回访,64
"4966","2023-06-18",归档,70
"4967","2023-06-18",挂起,107
"4968","2023-06-19",话务员暂存,44
"4969","2023-06-19",话务员受理,28
"4970","2023-06-19",话务员办理,67
"4971","2023-06-19",热线审核,40
"4972","2023-06-19",热线复核,28
"4973","2023-06-19",承办单位审核,40
"4974","2023-06-19",承办单位处理,52
"4975","2023-06-19",承办单位复核,31
"4976","2023-06-19",办结,79
"4977","2023-06-19",回访,57
"4978","2023-06-19",归档,21
"4979","2023-06-19",挂起,70
"4980","2023-06-20",话务员暂存,103
"4981","2023-06-20",话务员受理,126
"4982","2023-06-20",话务员办理,110
"4983","2023-06-20",热线审核,14
"4984","2023-06-20",热线复核,0
"4985","2023-06-20",承办单位审核,10
"4986","2023-06-20",承办单位处理,86
"4987","2023-06-20",承办单位复核,93
"4988","2023-06-20",办结,99
"4989","2023-06-20",回访,12
"4990","2023-06-20",归档,10
"4991","2023-06-20",挂起,38
"4992","2023-06-21",话务员暂存,22
"4993","2023-06-21",话务员受理,99
"4994","2023-06-21",话务员办理,75
"4995","2023-06-21",热线审核,116
"4996","2023-06-21",热线复核,122
"4997","2023-06-21",承办单位审核,13
"4998","2023-06-21",承办单位处理,99
"4999","2023-06-21",承办单位复核,60
"5000","2023-06-21",办结,20
"5001","2023-06-21",回访,60
"5002","2023-06-21",归档,12
"5003","2023-06-21",挂起,75
"5004","2023-06-22",话务员暂存,28
"5005","2023-06-22",话务员受理,36
"5006","2023-06-22",话务员办理,22
"5007","2023-06-22",热线审核,19
"5008","2023-06-22",热线复核,31
"5009","2023-06-22",承办单位审核,37
"5010","2023-06-22",承办单位处理,12
"5011","2023-06-22",承办单位复核,31
"5012","2023-06-22",办结,20
"5013","2023-06-22",回访,41
"5014","2023-06-22",归档,18
"5015","2023-06-22",挂起,29
"5016","2023-06-23",话务员暂存,116
"5017","2023-06-23",话务员受理,104
"5018","2023-06-23",话务员办理,69
"5019","2023-06-23",热线审核,96
"5020","2023-06-23",热线复核,59
"5021","2023-06-23",承办单位审核,0
"5022","2023-06-23",承办单位处理,80
"5023","2023-06-23",承办单位复核,44
"5024","2023-06-23",办结,79
"5025","2023-06-23",回访,53
"5026","2023-06-23",归档,118
"5027","2023-06-23",挂起,46
"5028","2023-06-24",话务员暂存,90
"5029","2023-06-24",话务员受理,71
"5030","2023-06-24",话务员办理,95
"5031","2023-06-24",热线审核,53
"5032","2023-06-24",热线复核,20
"5033","2023-06-24",承办单位审核,7
"5034","2023-06-24",承办单位处理,58
"5035","2023-06-24",承办单位复核,80
"5036","2023-06-24",办结,28
"5037","2023-06-24",回访,69
"5038","2023-06-24",归档,34
"5039","2023-06-24",挂起,77
"5040","2023-06-25",话务员暂存,50
"5041","2023-06-25",话务员受理,103
"5042","2023-06-25",话务员办理,110
"5043","2023-06-25",热线审核,31
"5044","2023-06-25",热线复核,73
"5045","2023-06-25",承办单位审核,14
"5046","2023-06-25",承办单位处理,84
"5047","2023-06-25",承办单位复核,41
"5048","2023-06-25",办结,21
"5049","2023-06-25",回访,19
"5050","2023-06-25",归档,61
"5051","2023-06-25",挂起,80
"5052","2023-06-26",话务员暂存,32
"5053","2023-06-26",话务员受理,86
"5054","2023-06-26",话务员办理,43
"5055","2023-06-26",热线审核,39
"5056","2023-06-26",热线复核,84
"5057","2023-06-26",承办单位审核,27
"5058","2023-06-26",承办单位处理,48
"5059","2023-06-26",承办单位复核,40
"5060","2023-06-26",办结,61
"5061","2023-06-26",回访,20
"5062","2023-06-26",归档,67
"5063","2023-06-26",挂起,17
"5064","2023-06-27",话务员暂存,42
"5065","2023-06-27",话务员受理,10
"5066","2023-06-27",话务员办理,99
"5067","2023-06-27",热线审核,125
"5068","2023-06-27",热线复核,10
"5069","2023-06-27",承办单位审核,103
"5070","2023-06-27",承办单位处理,93
"5071","2023-06-27",承办单位复核,78
"5072","2023-06-27",办结,37
"5073","2023-06-27",回访,56
"5074","2023-06-27",归档,139
"5075","2023-06-27",挂起,59
"5076","2023-06-28",话务员暂存,11
"5077","2023-06-28",话务员受理,70
"5078","2023-06-28",话务员办理,18
"5079","2023-06-28",热线审核,10
"5080","2023-06-28",热线复核,49
"5081","2023-06-28",承办单位审核,63
"5082","2023-06-28",承办单位处理,90
"5083","2023-06-28",承办单位复核,61
"5084","2023-06-28",办结,2
"5085","2023-06-28",回访,87
"5086","2023-06-28",归档,30
"5087","2023-06-28",挂起,76
"5088","2023-06-29",话务员暂存,58
"5089","2023-06-29",话务员受理,4
"5090","2023-06-29",话务员办理,32
"5091","2023-06-29",热线审核,44
"5092","2023-06-29",热线复核,66
"5093","2023-06-29",承办单位审核,71
"5094","2023-06-29",承办单位处理,53
"5095","2023-06-29",承办单位复核,10
"5096","2023-06-29",办结,12
"5097","2023-06-29",回访,61
"5098","2023-06-29",归档,55
"5099","2023-06-29",挂起,69
"5100","2023-06-30",话务员暂存,126
"5101","2023-06-30",话务员受理,78
"5102","2023-06-30",话务员办理,14
"5103","2023-06-30",热线审核,82
"5104","2023-06-30",热线复核,31
"5105","2023-06-30",承办单位审核,66
"5106","2023-06-30",承办单位处理,20
"5107","2023-06-30",承办单位复核,144
"5108","2023-06-30",办结,98
"5109","2023-06-30",回访,98
"5110","2023-06-30",归档,99
"5111","2023-06-30",挂起,118
"5112","2023-07-01",话务员暂存,53
"5113","2023-07-01",话务员受理,59
"5114","2023-07-01",话务员办理,92
"5115","2023-07-01",热线审核,20
"5116","2023-07-01",热线复核,77
"5117","2023-07-01",承办单位审核,44
"5118","2023-07-01",承办单位处理,121
"5119","2023-07-01",承办单位复核,69
"5120","2023-07-01",办结,18
"5121","2023-07-01",回访,114
"5122","2023-07-01",归档,61
"5123","2023-07-01",挂起,83
"5124","2023-07-02",话务员暂存,78
"5125","2023-07-02",话务员受理,94
"5126","2023-07-02",话务员办理,92
"5127","2023-07-02",热线审核,20
"5128","2023-07-02",热线复核,54
"5129","2023-07-02",承办单位审核,94
"5130","2023-07-02",承办单位处理,27
"5131","2023-07-02",承办单位复核,101
"5132","2023-07-02",办结,101
"5133","2023-07-02",回访,41
"5134","2023-07-02",归档,129
"5135","2023-07-02",挂起,28
"5136","2023-07-03",话务员暂存,32
"5137","2023-07-03",话务员受理,78
"5138","2023-07-03",话务员办理,1
"5139","2023-07-03",热线审核,25
"5140","2023-07-03",热线复核,78
"5141","2023-07-03",承办单位审核,41
"5142","2023-07-03",承办单位处理,57
"5143","2023-07-03",承办单位复核,69
"5144","2023-07-03",办结,74
"5145","2023-07-03",回访,19
"5146","2023-07-03",归档,24
"5147","2023-07-03",挂起,51
"5148","2023-07-04",话务员暂存,93
"5149","2023-07-04",话务员受理,52
"5150","2023-07-04",话务员办理,48
"5151","2023-07-04",热线审核,48
"5152","2023-07-04",热线复核,88
"5153","2023-07-04",承办单位审核,66
"5154","2023-07-04",承办单位处理,87
"5155","2023-07-04",承办单位复核,56
"5156","2023-07-04",办结,3
"5157","2023-07-04",回访,86
"5158","2023-07-04",归档,98
"5159","2023-07-04",挂起,78
"5160","2023-07-05",话务员暂存,52
"5161","2023-07-05",话务员受理,41
"5162","2023-07-05",话务员办理,5
"5163","2023-07-05",热线审核,0
"5164","2023-07-05",热线复核,58
"5165","2023-07-05",承办单位审核,31
"5166","2023-07-05",承办单位处理,45
"5167","2023-07-05",承办单位复核,47
"5168","2023-07-05",办结,48
"5169","2023-07-05",回访,39
"5170","2023-07-05",归档,55
"5171","2023-07-05",挂起,19
"5172","2023-07-06",话务员暂存,26
"5173","2023-07-06",话务员受理,104
"5174","2023-07-06",话务员办理,88
"5175","2023-07-06",热线审核,87
"5176","2023-07-06",热线复核,43
"5177","2023-07-06",承办单位审核,85
"5178","2023-07-06",承办单位处理,79
"5179","2023-07-06",承办单位复核,99
"5180","2023-07-06",办结,81
"5181","2023-07-06",回访,97
"5182","2023-07-06",归档,33
"5183","2023-07-06",挂起,90
"5184","2023-07-07",话务员暂存,2
"5185","2023-07-07",话务员受理,58
"5186","2023-07-07",话务员办理,83
"5187","2023-07-07",热线审核,81
"5188","2023-07-07",热线复核,68
"5189","2023-07-07",承办单位审核,72
"5190","2023-07-07",承办单位处理,51
"5191","2023-07-07",承办单位复核,94
"5192","2023-07-07",办结,93
"5193","2023-07-07",回访,70
"5194","2023-07-07",归档,85
"5195","2023-07-07",挂起,80
"5196","2023-07-08",话务员暂存,103
"5197","2023-07-08",话务员受理,77
"5198","2023-07-08",话务员办理,104
"5199","2023-07-08",热线审核,92
"5200","2023-07-08",热线复核,60
"5201","2023-07-08",承办单位审核,74
"5202","2023-07-08",承办单位处理,42
"5203","2023-07-08",承办单位复核,88
"5204","2023-07-08",办结,52
"5205","2023-07-08",回访,96
"5206","2023-07-08",归档,61
"5207","2023-07-08",挂起,45
"5208","2023-07-09",话务员暂存,26
"5209","2023-07-09",话务员受理,57
"5210","2023-07-09",话务员办理,17
"5211","2023-07-09",热线审核,23
"5212","2023-07-09",热线复核,90
"5213","2023-07-09",承办单位审核,57
"5214","2023-07-09",承办单位处理,9
"5215","2023-07-09",承办单位复核,46
"5216","2023-07-09",办结,75
"5217","2023-07-09",回访,68
"5218","2023-07-09",归档,73
"5219","2023-07-09",挂起,39
"5220","2023-07-10",话务员暂存,41
"5221","2023-07-10",话务员受理,33
"5222","2023-07-10",话务员办理,2
"5223","2023-07-10",热线审核,20
"5224","2023-07-10",热线复核,24
"5225","2023-07-10",承办单位审核,40
"5226","2023-07-10",承办单位处理,40
"5227","2023-07-10",承办单位复核,21
"5228","2023-07-10",办结,37
"5229","2023-07-10",回访,37
"5230","2023-07-10",归档,31
"5231","2023-07-10",挂起,41
"5232","2023-07-11",话务员暂存,49
"5233","2023-07-11",话务员受理,30
"5234","2023-07-11",话务员办理,27
"5235","2023-07-11",热线审核,40
"5236","2023-07-11",热线复核,72
"5237","2023-07-11",承办单位审核,5
"5238","2023-07-11",承办单位处理,59
"5239","2023-07-11",承办单位复核,56
"5240","2023-07-11",办结,52
"5241","2023-07-11",回访,53
"5242","2023-07-11",归档,54
"5243","2023-07-11",挂起,16
"5244","2023-07-12",话务员暂存,54
"5245","2023-07-12",话务员受理,24
"5246","2023-07-12",话务员办理,120
"5247","2023-07-12",热线审核,92
"5248","2023-07-12",热线复核,125
"5249","2023-07-12",承办单位审核,123
"5250","2023-07-12",承办单位处理,36
"5251","2023-07-12",承办单位复核,124
"5252","2023-07-12",办结,41
"5253","2023-07-12",回访,88
"5254","2023-07-12",归档,30
"5255","2023-07-12",挂起,95
"5256","2023-07-13",话务员暂存,45
"5257","2023-07-13",话务员受理,25
"5258","2023-07-13",话务员办理,3
"5259","2023-07-13",热线审核,29
"5260","2023-07-13",热线复核,48
"5261","2023-07-13",承办单位审核,117
"5262","2023-07-13",承办单位处理,42
"5263","2023-07-13",承办单位复核,139
"5264","2023-07-13",办结,83
"5265","2023-07-13",回访,149
"5266","2023-07-13",归档,51
"5267","2023-07-13",挂起,32
"5268","2023-07-14",话务员暂存,39
"5269","2023-07-14",话务员受理,90
"5270","2023-07-14",话务员办理,32
"5271","2023-07-14",热线审核,3
"5272","2023-07-14",热线复核,81
"5273","2023-07-14",承办单位审核,51
"5274","2023-07-14",承办单位处理,53
"5275","2023-07-14",承办单位复核,45
"5276","2023-07-14",办结,7
"5277","2023-07-14",回访,45
"5278","2023-07-14",归档,29
"5279","2023-07-14",挂起,61
"5280","2023-07-15",话务员暂存,41
"5281","2023-07-15",话务员受理,28
"5282","2023-07-15",话务员办理,7
"5283","2023-07-15",热线审核,51
"5284","2023-07-15",热线复核,2
"5285","2023-07-15",承办单位审核,48
"5286","2023-07-15",承办单位处理,22
"5287","2023-07-15",承办单位复核,55
"5288","2023-07-15",办结,16
"5289","2023-07-15",回访,37
"5290","2023-07-15",归档,17
"5291","2023-07-15",挂起,3
"5292","2023-07-16",话务员暂存,78
"5293","2023-07-16",话务员受理,77
"5294","2023-07-16",话务员办理,124
"5295","2023-07-16",热线审核,56
"5296","2023-07-16",热线复核,80
"5297","2023-07-16",承办单位审核,110
"5298","2023-07-16",承办单位处理,107
"5299","2023-07-16",承办单位复核,20
"5300","2023-07-16",办结,0
"5301","2023-07-16",回访,42
"5302","2023-07-16",归档,13
"5303","2023-07-16",挂起,125
"5304","2023-07-17",话务员暂存,91
"5305","2023-07-17",话务员受理,107
"5306","2023-07-17",话务员办理,99
"5307","2023-07-17",热线审核,101
"5308","2023-07-17",热线复核,47
"5309","2023-07-17",承办单位审核,30
"5310","2023-07-17",承办单位处理,43
"5311","2023-07-17",承办单位复核,102
"5312","2023-07-17",办结,23
"5313","2023-07-17",回访,46
"5314","2023-07-17",归档,61
"5315","2023-07-17",挂起,60
"5316","2023-07-18",话务员暂存,22
"5317","2023-07-18",话务员受理,48
"5318","2023-07-18",话务员办理,5
"5319","2023-07-18",热线审核,9
"5320","2023-07-18",热线复核,33
"5321","2023-07-18",承办单位审核,34
"5322","2023-07-18",承办单位处理,33
"5323","2023-07-18",承办单位复核,36
"5324","2023-07-18",办结,12
"5325","2023-07-18",回访,5
"5326","2023-07-18",归档,41
"5327","2023-07-18",挂起,45
"5328","2023-07-19",话务员暂存,63
"5329","2023-07-19",话务员受理,6
"5330","2023-07-19",话务员办理,32
"5331","2023-07-19",热线审核,41
"5332","2023-07-19",热线复核,43
"5333","2023-07-19",承办单位审核,61
"5334","2023-07-19",承办单位处理,15
"5335","2023-07-19",承办单位复核,57
"5336","2023-07-19",办结,58
"5337","2023-07-19",回访,52
"5338","2023-07-19",归档,3
"5339","2023-07-19",挂起,62
"5340","2023-07-20",话务员暂存,100
"5341","2023-07-20",话务员受理,52
"5342","2023-07-20",话务员办理,15
"5343","2023-07-20",热线审核,93
"5344","2023-07-20",热线复核,76
"5345","2023-07-20",承办单位审核,49
"5346","2023-07-20",承办单位处理,1
"5347","2023-07-20",承办单位复核,37
"5348","2023-07-20",办结,75
"5349","2023-07-20",回访,19
"5350","2023-07-20",归档,166
"5351","2023-07-20",挂起,105
"5352","2023-07-21",话务员暂存,166
"5353","2023-07-21",话务员受理,162
"5354","2023-07-21",话务员办理,8
"5355","2023-07-21",热线审核,9
"5356","2023-07-21",热线复核,64
"5357","2023-07-21",承办单位审核,1
"5358","2023-07-21",承办单位处理,7
"5359","2023-07-21",承办单位复核,180
"5360","2023-07-21",办结,68
"5361","2023-07-21",回访,16
"5362","2023-07-21",归档,39
"5363","2023-07-21",挂起,161
"5364","2023-07-22",话务员暂存,104
"5365","2023-07-22",话务员受理,12
"5366","2023-07-22",话务员办理,23
"5367","2023-07-22",热线审核,7
"5368","2023-07-22",热线复核,44
"5369","2023-07-22",承办单位审核,127
"5370","2023-07-22",承办单位处理,119
"5371","2023-07-22",承办单位复核,48
"5372","2023-07-22",办结,121
"5373","2023-07-22",回访,107
"5374","2023-07-22",归档,55
"5375","2023-07-22",挂起,18
"5376","2023-07-23",话务员暂存,24
"5377","2023-07-23",话务员受理,11
"5378","2023-07-23",话务员办理,105
"5379","2023-07-23",热线审核,58
"5380","2023-07-23",热线复核,53
"5381","2023-07-23",承办单位审核,85
"5382","2023-07-23",承办单位处理,91
"5383","2023-07-23",承办单位复核,33
"5384","2023-07-23",办结,91
"5385","2023-07-23",回访,113
"5386","2023-07-23",归档,28
"5387","2023-07-23",挂起,28
"5388","2023-07-24",话务员暂存,14
"5389","2023-07-24",话务员受理,4
"5390","2023-07-24",话务员办理,49
"5391","2023-07-24",热线审核,44
"5392","2023-07-24",热线复核,33
"5393","2023-07-24",承办单位审核,13
"5394","2023-07-24",承办单位处理,14
"5395","2023-07-24",承办单位复核,53
"5396","2023-07-24",办结,43
"5397","2023-07-24",回访,32
"5398","2023-07-24",归档,42
"5399","2023-07-24",挂起,1
"5400","2023-07-25",话务员暂存,51
"5401","2023-07-25",话务员受理,8
"5402","2023-07-25",话务员办理,33
"5403","2023-07-25",热线审核,57
"5404","2023-07-25",热线复核,28
"5405","2023-07-25",承办单位审核,65
"5406","2023-07-25",承办单位处理,50
"5407","2023-07-25",承办单位复核,65
"5408","2023-07-25",办结,1
"5409","2023-07-25",回访,82
"5410","2023-07-25",归档,33
"5411","2023-07-25",挂起,79
"5412","2023-07-26",话务员暂存,60
"5413","2023-07-26",话务员受理,102
"5414","2023-07-26",话务员办理,17
"5415","2023-07-26",热线审核,103
"5416","2023-07-26",热线复核,69
"5417","2023-07-26",承办单位审核,27
"5418","2023-07-26",承办单位处理,38
"5419","2023-07-26",承办单位复核,25
"5420","2023-07-26",办结,52
"5421","2023-07-26",回访,3
"5422","2023-07-26",归档,87
"5423","2023-07-26",挂起,66
"5424","2023-07-27",话务员暂存,44
"5425","2023-07-27",话务员受理,49
"5426","2023-07-27",话务员办理,80
"5427","2023-07-27",热线审核,63
"5428","2023-07-27",热线复核,16
"5429","2023-07-27",承办单位审核,99
"5430","2023-07-27",承办单位处理,16
"5431","2023-07-27",承办单位复核,0
"5432","2023-07-27",办结,104
"5433","2023-07-27",回访,158
"5434","2023-07-27",归档,120
"5435","2023-07-27",挂起,115
"5436","2023-07-28",话务员暂存,32
"5437","2023-07-28",话务员受理,23
"5438","2023-07-28",话务员办理,36
"5439","2023-07-28",热线审核,31
"5440","2023-07-28",热线复核,12
"5441","2023-07-28",承办单位审核,8
"5442","2023-07-28",承办单位处理,23
"5443","2023-07-28",承办单位复核,10
"5444","2023-07-28",办结,43
"5445","2023-07-28",回访,38
"5446","2023-07-28",归档,42
"5447","2023-07-28",挂起,7
"5448","2023-07-29",话务员暂存,78
"5449","2023-07-29",话务员受理,12
"5450","2023-07-29",话务员办理,81
"5451","2023-07-29",热线审核,137
"5452","2023-07-29",热线复核,31
"5453","2023-07-29",承办单位审核,59
"5454","2023-07-29",承办单位处理,149
"5455","2023-07-29",承办单位复核,142
"5456","2023-07-29",办结,105
"5457","2023-07-29",回访,38
"5458","2023-07-29",归档,19
"5459","2023-07-29",挂起,121
"5460","2023-07-30",话务员暂存,16
"5461","2023-07-30",话务员受理,59
"5462","2023-07-30",话务员办理,4
"5463","2023-07-30",热线审核,49
"5464","2023-07-30",热线复核,35
"5465","2023-07-30",承办单位审核,16
"5466","2023-07-30",承办单位处理,19
"5467","2023-07-30",承办单位复核,58
"5468","2023-07-30",办结,41
"5469","2023-07-30",回访,43
"5470","2023-07-30",归档,37
"5471","2023-07-30",挂起,35
"5472","2023-07-31",话务员暂存,36
"5473","2023-07-31",话务员受理,91
"5474","2023-07-31",话务员办理,101
"5475","2023-07-31",热线审核,4
"5476","2023-07-31",热线复核,49
"5477","2023-07-31",承办单位审核,70
"5478","2023-07-31",承办单位处理,106
"5479","2023-07-31",承办单位复核,10
"5480","2023-07-31",办结,22
"5481","2023-07-31",回访,107
"5482","2023-07-31",归档,52
"5483","2023-07-31",挂起,98
"5484","2023-08-01",话务员暂存,63
"5485","2023-08-01",话务员受理,28
"5486","2023-08-01",话务员办理,65
"5487","2023-08-01",热线审核,9
"5488","2023-08-01",热线复核,33
"5489","2023-08-01",承办单位审核,37
"5490","2023-08-01",承办单位处理,52
"5491","2023-08-01",承办单位复核,4
"5492","2023-08-01",办结,27
"5493","2023-08-01",回访,30
"5494","2023-08-01",归档,59
"5495","2023-08-01",挂起,59
"5496","2023-08-02",话务员暂存,81
"5497","2023-08-02",话务员受理,14
"5498","2023-08-02",话务员办理,52
"5499","2023-08-02",热线审核,94
"5500","2023-08-02",热线复核,99
"5501","2023-08-02",承办单位审核,18
"5502","2023-08-02",承办单位处理,68
"5503","2023-08-02",承办单位复核,45
"5504","2023-08-02",办结,93
"5505","2023-08-02",回访,108
"5506","2023-08-02",归档,56
"5507","2023-08-02",挂起,18
"5508","2023-08-03",话务员暂存,0
"5509","2023-08-03",话务员受理,43
"5510","2023-08-03",话务员办理,44
"5511","2023-08-03",热线审核,97
"5512","2023-08-03",热线复核,60
"5513","2023-08-03",承办单位审核,84
"5514","2023-08-03",承办单位处理,64
"5515","2023-08-03",承办单位复核,87
"5516","2023-08-03",办结,24
"5517","2023-08-03",回访,94
"5518","2023-08-03",归档,39
"5519","2023-08-03",挂起,76
"5520","2023-08-04",话务员暂存,19
"5521","2023-08-04",话务员受理,5
"5522","2023-08-04",话务员办理,2
"5523","2023-08-04",热线审核,43
"5524","2023-08-04",热线复核,52
"5525","2023-08-04",承办单位审核,40
"5526","2023-08-04",承办单位处理,38
"5527","2023-08-04",承办单位复核,41
"5528","2023-08-04",办结,16
"5529","2023-08-04",回访,17
"5530","2023-08-04",归档,30
"5531","2023-08-04",挂起,20
"5532","2023-08-05",话务员暂存,19
"5533","2023-08-05",话务员受理,15
"5534","2023-08-05",话务员办理,33
"5535","2023-08-05",热线审核,38
"5536","2023-08-05",热线复核,70
"5537","2023-08-05",承办单位审核,33
"5538","2023-08-05",承办单位处理,0
"5539","2023-08-05",承办单位复核,93
"5540","2023-08-05",办结,82
"5541","2023-08-05",回访,55
"5542","2023-08-05",归档,30
"5543","2023-08-05",挂起,67
"5544","2023-08-06",话务员暂存,66
"5545","2023-08-06",话务员受理,26
"5546","2023-08-06",话务员办理,101
"5547","2023-08-06",热线审核,55
"5548","2023-08-06",热线复核,135
"5549","2023-08-06",承办单位审核,51
"5550","2023-08-06",承办单位处理,99
"5551","2023-08-06",承办单位复核,30
"5552","2023-08-06",办结,42
"5553","2023-08-06",回访,154
"5554","2023-08-06",归档,20
"5555","2023-08-06",挂起,125
"5556","2023-08-07",话务员暂存,30
"5557","2023-08-07",话务员受理,15
"5558","2023-08-07",话务员办理,16
"5559","2023-08-07",热线审核,40
"5560","2023-08-07",热线复核,43
"5561","2023-08-07",承办单位审核,27
"5562","2023-08-07",承办单位处理,8
"5563","2023-08-07",承办单位复核,5
"5564","2023-08-07",办结,44
"5565","2023-08-07",回访,36
"5566","2023-08-07",归档,52
"5567","2023-08-07",挂起,16
"5568","2023-08-08",话务员暂存,9
"5569","2023-08-08",话务员受理,35
"5570","2023-08-08",话务员办理,20
"5571","2023-08-08",热线审核,38
"5572","2023-08-08",热线复核,29
"5573","2023-08-08",承办单位审核,37
"5574","2023-08-08",承办单位处理,42
"5575","2023-08-08",承办单位复核,14
"5576","2023-08-08",办结,18
"5577","2023-08-08",回访,41
"5578","2023-08-08",归档,23
"5579","2023-08-08",挂起,35
"5580","2023-08-09",话务员暂存,46
"5581","2023-08-09",话务员受理,5
"5582","2023-08-09",话务员办理,53
"5583","2023-08-09",热线审核,6
"5584","2023-08-09",热线复核,49
"5585","2023-08-09",承办单位审核,45
"5586","2023-08-09",承办单位处理,18
"5587","2023-08-09",承办单位复核,42
"5588","2023-08-09",办结,47
"5589","2023-08-09",回访,14
"5590","2023-08-09",归档,21
"5591","2023-08-09",挂起,12
"5592","2023-08-10",话务员暂存,22
"5593","2023-08-10",话务员受理,30
"5594","2023-08-10",话务员办理,27
"5595","2023-08-10",热线审核,13
"5596","2023-08-10",热线复核,33
"5597","2023-08-10",承办单位审核,50
"5598","2023-08-10",承办单位处理,48
"5599","2023-08-10",承办单位复核,13
"5600","2023-08-10",办结,12
"5601","2023-08-10",回访,51
"5602","2023-08-10",归档,51
"5603","2023-08-10",挂起,39
"5604","2023-08-11",话务员暂存,3
"5605","2023-08-11",话务员受理,131
"5606","2023-08-11",话务员办理,179
"5607","2023-08-11",热线审核,8
"5608","2023-08-11",热线复核,76
"5609","2023-08-11",承办单位审核,4
"5610","2023-08-11",承办单位处理,67
"5611","2023-08-11",承办单位复核,132
"5612","2023-08-11",办结,2
"5613","2023-08-11",回访,111
"5614","2023-08-11",归档,129
"5615","2023-08-11",挂起,62
"5616","2023-08-12",话务员暂存,53
"5617","2023-08-12",话务员受理,61
"5618","2023-08-12",话务员办理,91
"5619","2023-08-12",热线审核,65
"5620","2023-08-12",热线复核,153
"5621","2023-08-12",承办单位审核,19
"5622","2023-08-12",承办单位处理,145
"5623","2023-08-12",承办单位复核,151
"5624","2023-08-12",办结,75
"5625","2023-08-12",回访,36
"5626","2023-08-12",归档,27
"5627","2023-08-12",挂起,41
"5628","2023-08-13",话务员暂存,48
"5629","2023-08-13",话务员受理,29
"5630","2023-08-13",话务员办理,32
"5631","2023-08-13",热线审核,98
"5632","2023-08-13",热线复核,108
"5633","2023-08-13",承办单位审核,52
"5634","2023-08-13",承办单位处理,16
"5635","2023-08-13",承办单位复核,47
"5636","2023-08-13",办结,57
"5637","2023-08-13",回访,32
"5638","2023-08-13",归档,86
"5639","2023-08-13",挂起,113
"5640","2023-08-14",话务员暂存,90
"5641","2023-08-14",话务员受理,129
"5642","2023-08-14",话务员办理,101
"5643","2023-08-14",热线审核,37
"5644","2023-08-14",热线复核,14
"5645","2023-08-14",承办单位审核,100
"5646","2023-08-14",承办单位处理,91
"5647","2023-08-14",承办单位复核,118
"5648","2023-08-14",办结,63
"5649","2023-08-14",回访,32
"5650","2023-08-14",归档,111
"5651","2023-08-14",挂起,78
"5652","2023-08-15",话务员暂存,88
"5653","2023-08-15",话务员受理,40
"5654","2023-08-15",话务员办理,2
"5655","2023-08-15",热线审核,75
"5656","2023-08-15",热线复核,27
"5657","2023-08-15",承办单位审核,5
"5658","2023-08-15",承办单位处理,58
"5659","2023-08-15",承办单位复核,143
"5660","2023-08-15",办结,141
"5661","2023-08-15",回访,19
"5662","2023-08-15",归档,123
"5663","2023-08-15",挂起,31
"5664","2023-08-16",话务员暂存,30
"5665","2023-08-16",话务员受理,36
"5666","2023-08-16",话务员办理,7
"5667","2023-08-16",热线审核,53
"5668","2023-08-16",热线复核,36
"5669","2023-08-16",承办单位审核,12
"5670","2023-08-16",承办单位处理,13
"5671","2023-08-16",承办单位复核,43
"5672","2023-08-16",办结,41
"5673","2023-08-16",回访,67
"5674","2023-08-16",归档,37
"5675","2023-08-16",挂起,52
"5676","2023-08-17",话务员暂存,57
"5677","2023-08-17",话务员受理,28
"5678","2023-08-17",话务员办理,29
"5679","2023-08-17",热线审核,44
"5680","2023-08-17",热线复核,61
"5681","2023-08-17",承办单位审核,30
"5682","2023-08-17",承办单位处理,66
"5683","2023-08-17",承办单位复核,53
"5684","2023-08-17",办结,61
"5685","2023-08-17",回访,24
"5686","2023-08-17",归档,16
"5687","2023-08-17",挂起,7
"5688","2023-08-18",话务员暂存,44
"5689","2023-08-18",话务员受理,21
"5690","2023-08-18",话务员办理,37
"5691","2023-08-18",热线审核,33
"5692","2023-08-18",热线复核,5
"5693","2023-08-18",承办单位审核,40
"5694","2023-08-18",承办单位处理,19
"5695","2023-08-18",承办单位复核,22
"5696","2023-08-18",办结,50
"5697","2023-08-18",回访,22
"5698","2023-08-18",归档,0
"5699","2023-08-18",挂起,14
"5700","2023-08-19",话务员暂存,16
"5701","2023-08-19",话务员受理,89
"5702","2023-08-19",话务员办理,31
"5703","2023-08-19",热线审核,34
"5704","2023-08-19",热线复核,49
"5705","2023-08-19",承办单位审核,18
"5706","2023-08-19",承办单位处理,14
"5707","2023-08-19",承办单位复核,43
"5708","2023-08-19",办结,22
"5709","2023-08-19",回访,22
"5710","2023-08-19",归档,64
"5711","2023-08-19",挂起,110
"5712","2023-08-20",话务员暂存,121
"5713","2023-08-20",话务员受理,52
"5714","2023-08-20",话务员办理,129
"5715","2023-08-20",热线审核,147
"5716","2023-08-20",热线复核,81
"5717","2023-08-20",承办单位审核,105
"5718","2023-08-20",承办单位处理,55
"5719","2023-08-20",承办单位复核,20
"5720","2023-08-20",办结,48
"5721","2023-08-20",回访,56
"5722","2023-08-20",归档,12
"5723","2023-08-20",挂起,11
"5724","2023-08-21",话务员暂存,76
"5725","2023-08-21",话务员受理,109
"5726","2023-08-21",话务员办理,72
"5727","2023-08-21",热线审核,108
"5728","2023-08-21",热线复核,56
"5729","2023-08-21",承办单位审核,42
"5730","2023-08-21",承办单位处理,70
"5731","2023-08-21",承办单位复核,11
"5732","2023-08-21",办结,77
"5733","2023-08-21",回访,22
"5734","2023-08-21",归档,73
"5735","2023-08-21",挂起,10
"5736","2023-08-22",话务员暂存,74
"5737","2023-08-22",话务员受理,46
"5738","2023-08-22",话务员办理,1
"5739","2023-08-22",热线审核,103
"5740","2023-08-22",热线复核,74
"5741","2023-08-22",承办单位审核,27
"5742","2023-08-22",承办单位处理,36
"5743","2023-08-22",承办单位复核,92
"5744","2023-08-22",办结,12
"5745","2023-08-22",回访,79
"5746","2023-08-22",归档,91
"5747","2023-08-22",挂起,93
"5748","2023-08-23",话务员暂存,44
"5749","2023-08-23",话务员受理,3
"5750","2023-08-23",话务员办理,45
"5751","2023-08-23",热线审核,30
"5752","2023-08-23",热线复核,26
"5753","2023-08-23",承办单位审核,4
"5754","2023-08-23",承办单位处理,0
"5755","2023-08-23",承办单位复核,33
"5756","2023-08-23",办结,27
"5757","2023-08-23",回访,22
"5758","2023-08-23",归档,36
"5759","2023-08-23",挂起,37
"5760","2023-08-24",话务员暂存,99
"5761","2023-08-24",话务员受理,71
"5762","2023-08-24",话务员办理,36
"5763","2023-08-24",热线审核,45
"5764","2023-08-24",热线复核,65
"5765","2023-08-24",承办单位审核,56
"5766","2023-08-24",承办单位处理,62
"5767","2023-08-24",承办单位复核,106
"5768","2023-08-24",办结,2
"5769","2023-08-24",回访,23
"5770","2023-08-24",归档,109
"5771","2023-08-24",挂起,58
"5772","2023-08-25",话务员暂存,18
"5773","2023-08-25",话务员受理,35
"5774","2023-08-25",话务员办理,42
"5775","2023-08-25",热线审核,52
"5776","2023-08-25",热线复核,52
"5777","2023-08-25",承办单位审核,58
"5778","2023-08-25",承办单位处理,54
"5779","2023-08-25",承办单位复核,12
"5780","2023-08-25",办结,11
"5781","2023-08-25",回访,7
"5782","2023-08-25",归档,56
"5783","2023-08-25",挂起,37
"5784","2023-08-26",话务员暂存,69
"5785","2023-08-26",话务员受理,76
"5786","2023-08-26",话务员办理,53
"5787","2023-08-26",热线审核,74
"5788","2023-08-26",热线复核,39
"5789","2023-08-26",承办单位审核,18
"5790","2023-08-26",承办单位处理,7
"5791","2023-08-26",承办单位复核,78
"5792","2023-08-26",办结,77
"5793","2023-08-26",回访,88
"5794","2023-08-26",归档,90
"5795","2023-08-26",挂起,48
"5796","2023-08-27",话务员暂存,119
"5797","2023-08-27",话务员受理,101
"5798","2023-08-27",话务员办理,42
"5799","2023-08-27",热线审核,11
"5800","2023-08-27",热线复核,37
"5801","2023-08-27",承办单位审核,23
"5802","2023-08-27",承办单位处理,83
"5803","2023-08-27",承办单位复核,31
"5804","2023-08-27",办结,68
"5805","2023-08-27",回访,76
"5806","2023-08-27",归档,5
"5807","2023-08-27",挂起,48
"5808","2023-08-28",话务员暂存,142
"5809","2023-08-28",话务员受理,34
"5810","2023-08-28",话务员办理,25
"5811","2023-08-28",热线审核,19
"5812","2023-08-28",热线复核,64
"5813","2023-08-28",承办单位审核,10
"5814","2023-08-28",承办单位处理,63
"5815","2023-08-28",承办单位复核,174
"5816","2023-08-28",办结,128
"5817","2023-08-28",回访,150
"5818","2023-08-28",归档,121
"5819","2023-08-28",挂起,35
"5820","2023-08-29",话务员暂存,14
"5821","2023-08-29",话务员受理,106
"5822","2023-08-29",话务员办理,5
"5823","2023-08-29",热线审核,125
"5824","2023-08-29",热线复核,94
"5825","2023-08-29",承办单位审核,67
"5826","2023-08-29",承办单位处理,114
"5827","2023-08-29",承办单位复核,50
"5828","2023-08-29",办结,32
"5829","2023-08-29",回访,53
"5830","2023-08-29",归档,85
"5831","2023-08-29",挂起,39
"5832","2023-08-30",话务员暂存,70
"5833","2023-08-30",话务员受理,29
"5834","2023-08-30",话务员办理,21
"5835","2023-08-30",热线审核,92
"5836","2023-08-30",热线复核,69
"5837","2023-08-30",承办单位审核,58
"5838","2023-08-30",承办单位处理,39
"5839","2023-08-30",承办单位复核,43
"5840","2023-08-30",办结,25
"5841","2023-08-30",回访,17
"5842","2023-08-30",归档,81
"5843","2023-08-30",挂起,75
"5844","2023-08-31",话务员暂存,54
"5845","2023-08-31",话务员受理,55
"5846","2023-08-31",话务员办理,48
"5847","2023-08-31",热线审核,76
"5848","2023-08-31",热线复核,30
"5849","2023-08-31",承办单位审核,81
"5850","2023-08-31",承办单位处理,3
"5851","2023-08-31",承办单位复核,43
"5852","2023-08-31",办结,45
"5853","2023-08-31",回访,54
"5854","2023-08-31",归档,29
"5855","2023-08-31",挂起,52
"5856","2023-09-01",话务员暂存,129
"5857","2023-09-01",话务员受理,10
"5858","2023-09-01",话务员办理,102
"5859","2023-09-01",热线审核,25
"5860","2023-09-01",热线复核,21
"5861","2023-09-01",承办单位审核,144
"5862","2023-09-01",承办单位处理,10
"5863","2023-09-01",承办单位复核,115
"5864","2023-09-01",办结,132
"5865","2023-09-01",回访,7
"5866","2023-09-01",归档,168
"5867","2023-09-01",挂起,100
"5868","2023-09-02",话务员暂存,34
"5869","2023-09-02",话务员受理,177
"5870","2023-09-02",话务员办理,65
"5871","2023-09-02",热线审核,81
"5872","2023-09-02",热线复核,37
"5873","2023-09-02",承办单位审核,134
"5874","2023-09-02",承办单位处理,20
"5875","2023-09-02",承办单位复核,64
"5876","2023-09-02",办结,41
"5877","2023-09-02",回访,40
"5878","2023-09-02",归档,60
"5879","2023-09-02",挂起,89
"5880","2023-09-03",话务员暂存,30
"5881","2023-09-03",话务员受理,32
"5882","2023-09-03",话务员办理,1
"5883","2023-09-03",热线审核,63
"5884","2023-09-03",热线复核,9
"5885","2023-09-03",承办单位审核,66
"5886","2023-09-03",承办单位处理,129
"5887","2023-09-03",承办单位复核,52
"5888","2023-09-03",办结,128
"5889","2023-09-03",回访,66
"5890","2023-09-03",归档,156
"5891","2023-09-03",挂起,15
"5892","2023-09-04",话务员暂存,94
"5893","2023-09-04",话务员受理,45
"5894","2023-09-04",话务员办理,33
"5895","2023-09-04",热线审核,133
"5896","2023-09-04",热线复核,142
"5897","2023-09-04",承办单位审核,8
"5898","2023-09-04",承办单位处理,5
"5899","2023-09-04",承办单位复核,18
"5900","2023-09-04",办结,139
"5901","2023-09-04",回访,141
"5902","2023-09-04",归档,61
"5903","2023-09-04",挂起,113
"5904","2023-09-05",话务员暂存,62
"5905","2023-09-05",话务员受理,32
"5906","2023-09-05",话务员办理,80
"5907","2023-09-05",热线审核,2
"5908","2023-09-05",热线复核,32
"5909","2023-09-05",承办单位审核,39
"5910","2023-09-05",承办单位处理,4
"5911","2023-09-05",承办单位复核,63
"5912","2023-09-05",办结,70
"5913","2023-09-05",回访,62
"5914","2023-09-05",归档,28
"5915","2023-09-05",挂起,30
"5916","2023-09-06",话务员暂存,47
"5917","2023-09-06",话务员受理,54
"5918","2023-09-06",话务员办理,3
"5919","2023-09-06",热线审核,47
"5920","2023-09-06",热线复核,38
"5921","2023-09-06",承办单位审核,5
"5922","2023-09-06",承办单位处理,35
"5923","2023-09-06",承办单位复核,7
"5924","2023-09-06",办结,21
"5925","2023-09-06",回访,58
"5926","2023-09-06",归档,43
"5927","2023-09-06",挂起,4
"5928","2023-09-07",话务员暂存,24
"5929","2023-09-07",话务员受理,67
"5930","2023-09-07",话务员办理,5
"5931","2023-09-07",热线审核,20
"5932","2023-09-07",热线复核,7
"5933","2023-09-07",承办单位审核,11
"5934","2023-09-07",承办单位处理,41
"5935","2023-09-07",承办单位复核,38
"5936","2023-09-07",办结,27
"5937","2023-09-07",回访,66
"5938","2023-09-07",归档,4
"5939","2023-09-07",挂起,61
"5940","2023-09-08",话务员暂存,111
"5941","2023-09-08",话务员受理,22
"5942","2023-09-08",话务员办理,60
"5943","2023-09-08",热线审核,81
"5944","2023-09-08",热线复核,68
"5945","2023-09-08",承办单位审核,78
"5946","2023-09-08",承办单位处理,97
"5947","2023-09-08",承办单位复核,60
"5948","2023-09-08",办结,67
"5949","2023-09-08",回访,100
"5950","2023-09-08",归档,122
"5951","2023-09-08",挂起,119
"5952","2023-09-09",话务员暂存,119
"5953","2023-09-09",话务员受理,108
"5954","2023-09-09",话务员办理,92
"5955","2023-09-09",热线审核,49
"5956","2023-09-09",热线复核,33
"5957","2023-09-09",承办单位审核,88
"5958","2023-09-09",承办单位处理,61
"5959","2023-09-09",承办单位复核,46
"5960","2023-09-09",办结,117
"5961","2023-09-09",回访,82
"5962","2023-09-09",归档,67
"5963","2023-09-09",挂起,34
"5964","2023-09-10",话务员暂存,36
"5965","2023-09-10",话务员受理,35
"5966","2023-09-10",话务员办理,49
"5967","2023-09-10",热线审核,39
"5968","2023-09-10",热线复核,60
"5969","2023-09-10",承办单位审核,26
"5970","2023-09-10",承办单位处理,7
"5971","2023-09-10",承办单位复核,50
"5972","2023-09-10",办结,29
"5973","2023-09-10",回访,59
"5974","2023-09-10",归档,32
"5975","2023-09-10",挂起,15
"5976","2023-09-11",话务员暂存,102
"5977","2023-09-11",话务员受理,41
"5978","2023-09-11",话务员办理,57
"5979","2023-09-11",热线审核,83
"5980","2023-09-11",热线复核,66
"5981","2023-09-11",承办单位审核,12
"5982","2023-09-11",承办单位处理,104
"5983","2023-09-11",承办单位复核,91
"5984","2023-09-11",办结,94
"5985","2023-09-11",回访,33
"5986","2023-09-11",归档,10
"5987","2023-09-11",挂起,64
"5988","2023-09-12",话务员暂存,138
"5989","2023-09-12",话务员受理,124
"5990","2023-09-12",话务员办理,70
"5991","2023-09-12",热线审核,48
"5992","2023-09-12",热线复核,44
"5993","2023-09-12",承办单位审核,127
"5994","2023-09-12",承办单位处理,14
"5995","2023-09-12",承办单位复核,87
"5996","2023-09-12",办结,30
"5997","2023-09-12",回访,73
"5998","2023-09-12",归档,49
"5999","2023-09-12",挂起,-1
"6000","2023-09-13",话务员暂存,37
"6001","2023-09-13",话务员受理,51
"6002","2023-09-13",话务员办理,41
"6003","2023-09-13",热线审核,40
"6004","2023-09-13",热线复核,36
"6005","2023-09-13",承办单位审核,5
"6006","2023-09-13",承办单位处理,20
"6007","2023-09-13",承办单位复核,29
"6008","2023-09-13",办结,38
"6009","2023-09-13",回访,8
"6010","2023-09-13",归档,19
"6011","2023-09-13",挂起,52
"6012","2023-09-14",话务员暂存,14
"6013","2023-09-14",话务员受理,27
"6014","2023-09-14",话务员办理,15
"6015","2023-09-14",热线审核,34
"6016","2023-09-14",热线复核,34
"6017","2023-09-14",承办单位审核,11
"6018","2023-09-14",承办单位处理,35
"6019","2023-09-14",承办单位复核,41
"6020","2023-09-14",办结,46
"6021","2023-09-14",回访,35
"6022","2023-09-14",归档,17
"6023","2023-09-14",挂起,36
"6024","2023-09-15",话务员暂存,47
"6025","2023-09-15",话务员受理,107
"6026","2023-09-15",话务员办理,125
"6027","2023-09-15",热线审核,96
"6028","2023-09-15",热线复核,24
"6029","2023-09-15",承办单位审核,64
"6030","2023-09-15",承办单位处理,88
"6031","2023-09-15",承办单位复核,51
"6032","2023-09-15",办结,38
"6033","2023-09-15",回访,95
"6034","2023-09-15",归档,33
"6035","2023-09-15",挂起,121
"6036","2023-09-16",话务员暂存,105
"6037","2023-09-16",话务员受理,105
"6038","2023-09-16",话务员办理,44
"6039","2023-09-16",热线审核,65
"6040","2023-09-16",热线复核,92
"6041","2023-09-16",承办单位审核,28
"6042","2023-09-16",承办单位处理,11
"6043","2023-09-16",承办单位复核,33
"6044","2023-09-16",办结,84
"6045","2023-09-16",回访,27
"6046","2023-09-16",归档,33
"6047","2023-09-16",挂起,87
"6048","2023-09-17",话务员暂存,82
"6049","2023-09-17",话务员受理,80
"6050","2023-09-17",话务员办理,1
"6051","2023-09-17",热线审核,5
"6052","2023-09-17",热线复核,62
"6053","2023-09-17",承办单位审核,67
"6054","2023-09-17",承办单位处理,54
"6055","2023-09-17",承办单位复核,89
"6056","2023-09-17",办结,31
"6057","2023-09-17",回访,54
"6058","2023-09-17",归档,28
"6059","2023-09-17",挂起,12
"6060","2023-09-18",话务员暂存,45
"6061","2023-09-18",话务员受理,4
"6062","2023-09-18",话务员办理,144
"6063","2023-09-18",热线审核,168
"6064","2023-09-18",热线复核,159
"6065","2023-09-18",承办单位审核,48
"6066","2023-09-18",承办单位处理,1
"6067","2023-09-18",承办单位复核,77
"6068","2023-09-18",办结,20
"6069","2023-09-18",回访,119
"6070","2023-09-18",归档,148
"6071","2023-09-18",挂起,45
"6072","2023-09-19",话务员暂存,66
"6073","2023-09-19",话务员受理,86
"6074","2023-09-19",话务员办理,65
"6075","2023-09-19",热线审核,69
"6076","2023-09-19",热线复核,93
"6077","2023-09-19",承办单位审核,68
"6078","2023-09-19",承办单位处理,42
"6079","2023-09-19",承办单位复核,48
"6080","2023-09-19",办结,62
"6081","2023-09-19",回访,76
"6082","2023-09-19",归档,0
"6083","2023-09-19",挂起,80
"6084","2023-09-20",话务员暂存,1
"6085","2023-09-20",话务员受理,58
"6086","2023-09-20",话务员办理,84
"6087","2023-09-20",热线审核,18
"6088","2023-09-20",热线复核,7
"6089","2023-09-20",承办单位审核,108
"6090","2023-09-20",承办单位处理,14
"6091","2023-09-20",承办单位复核,17
"6092","2023-09-20",办结,67
"6093","2023-09-20",回访,133
"6094","2023-09-20",归档,120
"6095","2023-09-20",挂起,96
"6096","2023-09-21",话务员暂存,78
"6097","2023-09-21",话务员受理,22
"6098","2023-09-21",话务员办理,13
"6099","2023-09-21",热线审核,13
"6100","2023-09-21",热线复核,39
"6101","2023-09-21",承办单位审核,8
"6102","2023-09-21",承办单位处理,71
"6103","2023-09-21",承办单位复核,9
"6104","2023-09-21",办结,90
"6105","2023-09-21",回访,91
"6106","2023-09-21",归档,111
"6107","2023-09-21",挂起,1
"6108","2023-09-22",话务员暂存,82
"6109","2023-09-22",话务员受理,49
"6110","2023-09-22",话务员办理,52
"6111","2023-09-22",热线审核,62
"6112","2023-09-22",热线复核,36
"6113","2023-09-22",承办单位审核,82
"6114","2023-09-22",承办单位处理,38
"6115","2023-09-22",承办单位复核,24
"6116","2023-09-22",办结,79
"6117","2023-09-22",回访,8
"6118","2023-09-22",归档,99
"6119","2023-09-22",挂起,87
"6120","2023-09-23",话务员暂存,52
"6121","2023-09-23",话务员受理,46
"6122","2023-09-23",话务员办理,53
"6123","2023-09-23",热线审核,26
"6124","2023-09-23",热线复核,79
"6125","2023-09-23",承办单位审核,56
"6126","2023-09-23",承办单位处理,50
"6127","2023-09-23",承办单位复核,24
"6128","2023-09-23",办结,67
"6129","2023-09-23",回访,8
"6130","2023-09-23",归档,77
"6131","2023-09-23",挂起,27
"6132","2023-09-24",话务员暂存,41
"6133","2023-09-24",话务员受理,49
"6134","2023-09-24",话务员办理,33
"6135","2023-09-24",热线审核,69
"6136","2023-09-24",热线复核,41
"6137","2023-09-24",承办单位审核,64
"6138","2023-09-24",承办单位处理,39
"6139","2023-09-24",承办单位复核,46
"6140","2023-09-24",办结,66
"6141","2023-09-24",回访,55
"6142","2023-09-24",归档,69
"6143","2023-09-24",挂起,70
"6144","2023-09-25",话务员暂存,3
"6145","2023-09-25",话务员受理,22
"6146","2023-09-25",话务员办理,52
"6147","2023-09-25",热线审核,49
"6148","2023-09-25",热线复核,16
"6149","2023-09-25",承办单位审核,10
"6150","2023-09-25",承办单位处理,35
"6151","2023-09-25",承办单位复核,41
"6152","2023-09-25",办结,15
"6153","2023-09-25",回访,38
"6154","2023-09-25",归档,48
"6155","2023-09-25",挂起,35
"6156","2023-09-26",话务员暂存,61
"6157","2023-09-26",话务员受理,57
"6158","2023-09-26",话务员办理,90
"6159","2023-09-26",热线审核,117
"6160","2023-09-26",热线复核,57
"6161","2023-09-26",承办单位审核,6
"6162","2023-09-26",承办单位处理,104
"6163","2023-09-26",承办单位复核,53
"6164","2023-09-26",办结,97
"6165","2023-09-26",回访,82
"6166","2023-09-26",归档,42
"6167","2023-09-26",挂起,121
"6168","2023-09-27",话务员暂存,5
"6169","2023-09-27",话务员受理,37
"6170","2023-09-27",话务员办理,22
"6171","2023-09-27",热线审核,43
"6172","2023-09-27",热线复核,42
"6173","2023-09-27",承办单位审核,31
"6174","2023-09-27",承办单位处理,18
"6175","2023-09-27",承办单位复核,27
"6176","2023-09-27",办结,55
"6177","2023-09-27",回访,34
"6178","2023-09-27",归档,11
"6179","2023-09-27",挂起,17
"6180","2023-09-28",话务员暂存,19
"6181","2023-09-28",话务员受理,29
"6182","2023-09-28",话务员办理,37
"6183","2023-09-28",热线审核,43
"6184","2023-09-28",热线复核,14
"6185","2023-09-28",承办单位审核,23
"6186","2023-09-28",承办单位处理,52
"6187","2023-09-28",承办单位复核,23
"6188","2023-09-28",办结,59
"6189","2023-09-28",回访,24
"6190","2023-09-28",归档,46
"6191","2023-09-28",挂起,40
"6192","2023-09-29",话务员暂存,107
"6193","2023-09-29",话务员受理,2
"6194","2023-09-29",话务员办理,85
"6195","2023-09-29",热线审核,77
"6196","2023-09-29",热线复核,79
"6197","2023-09-29",承办单位审核,86
"6198","2023-09-29",承办单位处理,61
"6199","2023-09-29",承办单位复核,10
"6200","2023-09-29",办结,51
"6201","2023-09-29",回访,107
"6202","2023-09-29",归档,8
"6203","2023-09-29",挂起,98
"6204","2023-09-30",话务员暂存,45
"6205","2023-09-30",话务员受理,50
"6206","2023-09-30",话务员办理,24
"6207","2023-09-30",热线审核,63
"6208","2023-09-30",热线复核,16
"6209","2023-09-30",承办单位审核,41
"6210","2023-09-30",承办单位处理,68
"6211","2023-09-30",承办单位复核,30
"6212","2023-09-30",办结,68
"6213","2023-09-30",回访,15
"6214","2023-09-30",归档,20
"6215","2023-09-30",挂起,32
"6216","2023-10-01",话务员暂存,83
"6217","2023-10-01",话务员受理,39
"6218","2023-10-01",话务员办理,25
"6219","2023-10-01",热线审核,9
"6220","2023-10-01",热线复核,33
"6221","2023-10-01",承办单位审核,16
"6222","2023-10-01",承办单位处理,86
"6223","2023-10-01",承办单位复核,48
"6224","2023-10-01",办结,52
"6225","2023-10-01",回访,15
"6226","2023-10-01",归档,52
"6227","2023-10-01",挂起,65
"6228","2023-10-02",话务员暂存,28
"6229","2023-10-02",话务员受理,35
"6230","2023-10-02",话务员办理,37
"6231","2023-10-02",热线审核,8
"6232","2023-10-02",热线复核,42
"6233","2023-10-02",承办单位审核,36
"6234","2023-10-02",承办单位处理,18
"6235","2023-10-02",承办单位复核,1
"6236","2023-10-02",办结,17
"6237","2023-10-02",回访,41
"6238","2023-10-02",归档,42
"6239","2023-10-02",挂起,12
"6240","2023-10-03",话务员暂存,85
"6241","2023-10-03",话务员受理,50
"6242","2023-10-03",话务员办理,71
"6243","2023-10-03",热线审核,60
"6244","2023-10-03",热线复核,66
"6245","2023-10-03",承办单位审核,17
"6246","2023-10-03",承办单位处理,39
"6247","2023-10-03",承办单位复核,85
"6248","2023-10-03",办结,49
"6249","2023-10-03",回访,61
"6250","2023-10-03",归档,44
"6251","2023-10-03",挂起,48
"6252","2023-10-04",话务员暂存,103
"6253","2023-10-04",话务员受理,113
"6254","2023-10-04",话务员办理,106
"6255","2023-10-04",热线审核,100
"6256","2023-10-04",热线复核,68
"6257","2023-10-04",承办单位审核,42
"6258","2023-10-04",承办单位处理,85
"6259","2023-10-04",承办单位复核,105
"6260","2023-10-04",办结,97
"6261","2023-10-04",回访,56
"6262","2023-10-04",归档,24
"6263","2023-10-04",挂起,13
"6264","2023-10-05",话务员暂存,112
"6265","2023-10-05",话务员受理,46
"6266","2023-10-05",话务员办理,100
"6267","2023-10-05",热线审核,24
"6268","2023-10-05",热线复核,104
"6269","2023-10-05",承办单位审核,49
"6270","2023-10-05",承办单位处理,114
"6271","2023-10-05",承办单位复核,91
"6272","2023-10-05",办结,113
"6273","2023-10-05",回访,55
"6274","2023-10-05",归档,29
"6275","2023-10-05",挂起,75
"6276","2023-10-06",话务员暂存,43
"6277","2023-10-06",话务员受理,69
"6278","2023-10-06",话务员办理,90
"6279","2023-10-06",热线审核,119
"6280","2023-10-06",热线复核,83
"6281","2023-10-06",承办单位审核,65
"6282","2023-10-06",承办单位处理,49
"6283","2023-10-06",承办单位复核,111
"6284","2023-10-06",办结,106
"6285","2023-10-06",回访,19
"6286","2023-10-06",归档,108
"6287","2023-10-06",挂起,67
"6288","2023-10-07",话务员暂存,115
"6289","2023-10-07",话务员受理,62
"6290","2023-10-07",话务员办理,80
"6291","2023-10-07",热线审核,8
"6292","2023-10-07",热线复核,0
"6293","2023-10-07",承办单位审核,43
"6294","2023-10-07",承办单位处理,22
"6295","2023-10-07",承办单位复核,48
"6296","2023-10-07",办结,52
"6297","2023-10-07",回访,96
"6298","2023-10-07",归档,119
"6299","2023-10-07",挂起,76
"6300","2023-10-08",话务员暂存,30
"6301","2023-10-08",话务员受理,4
"6302","2023-10-08",话务员办理,36
"6303","2023-10-08",热线审核,48
"6304","2023-10-08",热线复核,13
"6305","2023-10-08",承办单位审核,33
"6306","2023-10-08",承办单位处理,24
"6307","2023-10-08",承办单位复核,45
"6308","2023-10-08",办结,34
"6309","2023-10-08",回访,20
"6310","2023-10-08",归档,47
"6311","2023-10-08",挂起,8
"6312","2023-10-09",话务员暂存,103
"6313","2023-10-09",话务员受理,72
"6314","2023-10-09",话务员办理,58
"6315","2023-10-09",热线审核,65
"6316","2023-10-09",热线复核,0
"6317","2023-10-09",承办单位审核,66
"6318","2023-10-09",承办单位处理,96
"6319","2023-10-09",承办单位复核,8
"6320","2023-10-09",办结,82
"6321","2023-10-09",回访,23
"6322","2023-10-09",归档,35
"6323","2023-10-09",挂起,66
"6324","2023-10-10",话务员暂存,26
"6325","2023-10-10",话务员受理,38
"6326","2023-10-10",话务员办理,78
"6327","2023-10-10",热线审核,63
"6328","2023-10-10",热线复核,15
"6329","2023-10-10",承办单位审核,103
"6330","2023-10-10",承办单位处理,46
"6331","2023-10-10",承办单位复核,107
"6332","2023-10-10",办结,99
"6333","2023-10-10",回访,37
"6334","2023-10-10",归档,91
"6335","2023-10-10",挂起,89
"6336","2023-10-11",话务员暂存,141
"6337","2023-10-11",话务员受理,31
"6338","2023-10-11",话务员办理,80
"6339","2023-10-11",热线审核,74
"6340","2023-10-11",热线复核,125
"6341","2023-10-11",承办单位审核,83
"6342","2023-10-11",承办单位处理,9
"6343","2023-10-11",承办单位复核,20
"6344","2023-10-11",办结,177
"6345","2023-10-11",回访,129
"6346","2023-10-11",归档,60
"6347","2023-10-11",挂起,57
"6348","2023-10-12",话务员暂存,68
"6349","2023-10-12",话务员受理,45
"6350","2023-10-12",话务员办理,16
"6351","2023-10-12",热线审核,72
"6352","2023-10-12",热线复核,54
"6353","2023-10-12",承办单位审核,20
"6354","2023-10-12",承办单位处理,4
"6355","2023-10-12",承办单位复核,92
"6356","2023-10-12",办结,76
"6357","2023-10-12",回访,17
"6358","2023-10-12",归档,77
"6359","2023-10-12",挂起,71
"6360","2023-10-13",话务员暂存,18
"6361","2023-10-13",话务员受理,38
"6362","2023-10-13",话务员办理,12
"6363","2023-10-13",热线审核,122
"6364","2023-10-13",热线复核,125
"6365","2023-10-13",承办单位审核,48
"6366","2023-10-13",承办单位处理,53
"6367","2023-10-13",承办单位复核,45
"6368","2023-10-13",办结,92
"6369","2023-10-13",回访,15
"6370","2023-10-13",归档,78
"6371","2023-10-13",挂起,107
"6372","2023-10-14",话务员暂存,107
"6373","2023-10-14",话务员受理,38
"6374","2023-10-14",话务员办理,52
"6375","2023-10-14",热线审核,25
"6376","2023-10-14",热线复核,94
"6377","2023-10-14",承办单位审核,79
"6378","2023-10-14",承办单位处理,87
"6379","2023-10-14",承办单位复核,42
"6380","2023-10-14",办结,134
"6381","2023-10-14",回访,20
"6382","2023-10-14",归档,97
"6383","2023-10-14",挂起,77
"6384","2023-10-15",话务员暂存,56
"6385","2023-10-15",话务员受理,17
"6386","2023-10-15",话务员办理,47
"6387","2023-10-15",热线审核,21
"6388","2023-10-15",热线复核,76
"6389","2023-10-15",承办单位审核,24
"6390","2023-10-15",承办单位处理,34
"6391","2023-10-15",承办单位复核,67
"6392","2023-10-15",办结,32
"6393","2023-10-15",回访,14
"6394","2023-10-15",归档,59
"6395","2023-10-15",挂起,42
"6396","2023-10-16",话务员暂存,6
"6397","2023-10-16",话务员受理,90
"6398","2023-10-16",话务员办理,46
"6399","2023-10-16",热线审核,83
"6400","2023-10-16",热线复核,44
"6401","2023-10-16",承办单位审核,66
"6402","2023-10-16",承办单位处理,9
"6403","2023-10-16",承办单位复核,21
"6404","2023-10-16",办结,79
"6405","2023-10-16",回访,92
"6406","2023-10-16",归档,71
"6407","2023-10-16",挂起,34
"6408","2023-10-17",话务员暂存,96
"6409","2023-10-17",话务员受理,47
"6410","2023-10-17",话务员办理,5
"6411","2023-10-17",热线审核,112
"6412","2023-10-17",热线复核,55
"6413","2023-10-17",承办单位审核,150
"6414","2023-10-17",承办单位处理,132
"6415","2023-10-17",承办单位复核,41
"6416","2023-10-17",办结,78
"6417","2023-10-17",回访,134
"6418","2023-10-17",归档,64
"6419","2023-10-17",挂起,28
"6420","2023-10-18",话务员暂存,26
"6421","2023-10-18",话务员受理,26
"6422","2023-10-18",话务员办理,45
"6423","2023-10-18",热线审核,48
"6424","2023-10-18",热线复核,0
"6425","2023-10-18",承办单位审核,27
"6426","2023-10-18",承办单位处理,13
"6427","2023-10-18",承办单位复核,70
"6428","2023-10-18",办结,23
"6429","2023-10-18",回访,9
"6430","2023-10-18",归档,26
"6431","2023-10-18",挂起,3
"6432","2023-10-19",话务员暂存,35
"6433","2023-10-19",话务员受理,71
"6434","2023-10-19",话务员办理,14
"6435","2023-10-19",热线审核,32
"6436","2023-10-19",热线复核,17
"6437","2023-10-19",承办单位审核,4
"6438","2023-10-19",承办单位处理,67
"6439","2023-10-19",承办单位复核,24
"6440","2023-10-19",办结,74
"6441","2023-10-19",回访,22
"6442","2023-10-19",归档,72
"6443","2023-10-19",挂起,48
"6444","2023-10-20",话务员暂存,45
"6445","2023-10-20",话务员受理,24
"6446","2023-10-20",话务员办理,15
"6447","2023-10-20",热线审核,61
"6448","2023-10-20",热线复核,5
"6449","2023-10-20",承办单位审核,20
"6450","2023-10-20",承办单位处理,53
"6451","2023-10-20",承办单位复核,20
"6452","2023-10-20",办结,67
"6453","2023-10-20",回访,65
"6454","2023-10-20",归档,48
"6455","2023-10-20",挂起,27
"6456","2023-10-21",话务员暂存,90
"6457","2023-10-21",话务员受理,109
"6458","2023-10-21",话务员办理,90
"6459","2023-10-21",热线审核,5
"6460","2023-10-21",热线复核,45
"6461","2023-10-21",承办单位审核,123
"6462","2023-10-21",承办单位处理,48
"6463","2023-10-21",承办单位复核,56
"6464","2023-10-21",办结,130
"6465","2023-10-21",回访,13
"6466","2023-10-21",归档,94
"6467","2023-10-21",挂起,31
"6468","2023-10-22",话务员暂存,84
"6469","2023-10-22",话务员受理,66
"6470","2023-10-22",话务员办理,70
"6471","2023-10-22",热线审核,28
"6472","2023-10-22",热线复核,80
"6473","2023-10-22",承办单位审核,2
"6474","2023-10-22",承办单位处理,59
"6475","2023-10-22",承办单位复核,82
"6476","2023-10-22",办结,88
"6477","2023-10-22",回访,46
"6478","2023-10-22",归档,17
"6479","2023-10-22",挂起,75
"6480","2023-10-23",话务员暂存,1
"6481","2023-10-23",话务员受理,8
"6482","2023-10-23",话务员办理,65
"6483","2023-10-23",热线审核,63
"6484","2023-10-23",热线复核,7
"6485","2023-10-23",承办单位审核,81
"6486","2023-10-23",承办单位处理,24
"6487","2023-10-23",承办单位复核,13
"6488","2023-10-23",办结,66
"6489","2023-10-23",回访,9
"6490","2023-10-23",归档,57
"6491","2023-10-23",挂起,87
"6492","2023-10-24",话务员暂存,80
"6493","2023-10-24",话务员受理,43
"6494","2023-10-24",话务员办理,60
"6495","2023-10-24",热线审核,74
"6496","2023-10-24",热线复核,71
"6497","2023-10-24",承办单位审核,67
"6498","2023-10-24",承办单位处理,34
"6499","2023-10-24",承办单位复核,21
"6500","2023-10-24",办结,16
"6501","2023-10-24",回访,97
"6502","2023-10-24",归档,66
"6503","2023-10-24",挂起,80
"6504","2023-10-25",话务员暂存,23
"6505","2023-10-25",话务员受理,1
"6506","2023-10-25",话务员办理,49
"6507","2023-10-25",热线审核,6
"6508","2023-10-25",热线复核,50
"6509","2023-10-25",承办单位审核,25
"6510","2023-10-25",承办单位处理,26
"6511","2023-10-25",承办单位复核,37
"6512","2023-10-25",办结,50
"6513","2023-10-25",回访,14
"6514","2023-10-25",归档,55
"6515","2023-10-25",挂起,59
"6516","2023-10-26",话务员暂存,159
"6517","2023-10-26",话务员受理,42
"6518","2023-10-26",话务员办理,6
"6519","2023-10-26",热线审核,58
"6520","2023-10-26",热线复核,54
"6521","2023-10-26",承办单位审核,153
"6522","2023-10-26",承办单位处理,93
"6523","2023-10-26",承办单位复核,66
"6524","2023-10-26",办结,99
"6525","2023-10-26",回访,15
"6526","2023-10-26",归档,134
"6527","2023-10-26",挂起,94
"6528","2023-10-27",话务员暂存,0
"6529","2023-10-27",话务员受理,8
"6530","2023-10-27",话务员办理,115
"6531","2023-10-27",热线审核,108
"6532","2023-10-27",热线复核,54
"6533","2023-10-27",承办单位审核,9
"6534","2023-10-27",承办单位处理,45
"6535","2023-10-27",承办单位复核,110
"6536","2023-10-27",办结,55
"6537","2023-10-27",回访,94
"6538","2023-10-27",归档,85
"6539","2023-10-27",挂起,63
"6540","2023-10-28",话务员暂存,58
"6541","2023-10-28",话务员受理,16
"6542","2023-10-28",话务员办理,145
"6543","2023-10-28",热线审核,171
"6544","2023-10-28",热线复核,17
"6545","2023-10-28",承办单位审核,96
"6546","2023-10-28",承办单位处理,153
"6547","2023-10-28",承办单位复核,40
"6548","2023-10-28",办结,64
"6549","2023-10-28",回访,33
"6550","2023-10-28",归档,49
"6551","2023-10-28",挂起,88
"6552","2023-10-29",话务员暂存,41
"6553","2023-10-29",话务员受理,31
"6554","2023-10-29",话务员办理,68
"6555","2023-10-29",热线审核,45
"6556","2023-10-29",热线复核,4
"6557","2023-10-29",承办单位审核,69
"6558","2023-10-29",承办单位处理,41
"6559","2023-10-29",承办单位复核,2
"6560","2023-10-29",办结,67
"6561","2023-10-29",回访,81
"6562","2023-10-29",归档,39
"6563","2023-10-29",挂起,18
"6564","2023-10-30",话务员暂存,73
"6565","2023-10-30",话务员受理,113
"6566","2023-10-30",话务员办理,124
"6567","2023-10-30",热线审核,13
"6568","2023-10-30",热线复核,89
"6569","2023-10-30",承办单位审核,39
"6570","2023-10-30",承办单位处理,16
"6571","2023-10-30",承办单位复核,35
"6572","2023-10-30",办结,68
"6573","2023-10-30",回访,78
"6574","2023-10-30",归档,66
"6575","2023-10-30",挂起,26
"6576","2023-10-31",话务员暂存,82
"6577","2023-10-31",话务员受理,26
"6578","2023-10-31",话务员办理,118
"6579","2023-10-31",热线审核,100
"6580","2023-10-31",热线复核,94
"6581","2023-10-31",承办单位审核,59
"6582","2023-10-31",承办单位处理,43
"6583","2023-10-31",承办单位复核,56
"6584","2023-10-31",办结,55
"6585","2023-10-31",回访,122
"6586","2023-10-31",归档,24
"6587","2023-10-31",挂起,39
"6588","2023-11-01",话务员暂存,89
"6589","2023-11-01",话务员受理,106
"6590","2023-11-01",话务员办理,79
"6591","2023-11-01",热线审核,110
"6592","2023-11-01",热线复核,102
"6593","2023-11-01",承办单位审核,108
"6594","2023-11-01",承办单位处理,28
"6595","2023-11-01",承办单位复核,14
"6596","2023-11-01",办结,21
"6597","2023-11-01",回访,35
"6598","2023-11-01",归档,37
"6599","2023-11-01",挂起,88
"6600","2023-11-02",话务员暂存,105
"6601","2023-11-02",话务员受理,101
"6602","2023-11-02",话务员办理,85
"6603","2023-11-02",热线审核,73
"6604","2023-11-02",热线复核,15
"6605","2023-11-02",承办单位审核,2
"6606","2023-11-02",承办单位处理,100
"6607","2023-11-02",承办单位复核,28
"6608","2023-11-02",办结,41
"6609","2023-11-02",回访,109
"6610","2023-11-02",归档,70
"6611","2023-11-02",挂起,28
"6612","2023-11-03",话务员暂存,84
"6613","2023-11-03",话务员受理,87
"6614","2023-11-03",话务员办理,65
"6615","2023-11-03",热线审核,9
"6616","2023-11-03",热线复核,30
"6617","2023-11-03",承办单位审核,88
"6618","2023-11-03",承办单位处理,3
"6619","2023-11-03",承办单位复核,42
"6620","2023-11-03",办结,18
"6621","2023-11-03",回访,15
"6622","2023-11-03",归档,55
"6623","2023-11-03",挂起,24
"6624","2023-11-04",话务员暂存,35
"6625","2023-11-04",话务员受理,25
"6626","2023-11-04",话务员办理,61
"6627","2023-11-04",热线审核,136
"6628","2023-11-04",热线复核,96
"6629","2023-11-04",承办单位审核,24
"6630","2023-11-04",承办单位处理,173
"6631","2023-11-04",承办单位复核,118
"6632","2023-11-04",办结,145
"6633","2023-11-04",回访,70
"6634","2023-11-04",归档,36
"6635","2023-11-04",挂起,60
"6636","2023-11-05",话务员暂存,58
"6637","2023-11-05",话务员受理,23
"6638","2023-11-05",话务员办理,77
"6639","2023-11-05",热线审核,76
"6640","2023-11-05",热线复核,21
"6641","2023-11-05",承办单位审核,23
"6642","2023-11-05",承办单位处理,55
"6643","2023-11-05",承办单位复核,47
"6644","2023-11-05",办结,88
"6645","2023-11-05",回访,82
"6646","2023-11-05",归档,51
"6647","2023-11-05",挂起,55
"6648","2023-11-06",话务员暂存,34
"6649","2023-11-06",话务员受理,76
"6650","2023-11-06",话务员办理,106
"6651","2023-11-06",热线审核,14
"6652","2023-11-06",热线复核,79
"6653","2023-11-06",承办单位审核,62
"6654","2023-11-06",承办单位处理,130
"6655","2023-11-06",承办单位复核,101
"6656","2023-11-06",办结,9
"6657","2023-11-06",回访,102
"6658","2023-11-06",归档,47
"6659","2023-11-06",挂起,126
"6660","2023-11-07",话务员暂存,44
"6661","2023-11-07",话务员受理,46
"6662","2023-11-07",话务员办理,71
"6663","2023-11-07",热线审核,41
"6664","2023-11-07",热线复核,46
"6665","2023-11-07",承办单位审核,8
"6666","2023-11-07",承办单位处理,53
"6667","2023-11-07",承办单位复核,47
"6668","2023-11-07",办结,67
"6669","2023-11-07",回访,18
"6670","2023-11-07",归档,30
"6671","2023-11-07",挂起,50
"6672","2023-11-08",话务员暂存,17
"6673","2023-11-08",话务员受理,20
"6674","2023-11-08",话务员办理,30
"6675","2023-11-08",热线审核,41
"6676","2023-11-08",热线复核,88
"6677","2023-11-08",承办单位审核,47
"6678","2023-11-08",承办单位处理,72
"6679","2023-11-08",承办单位复核,24
"6680","2023-11-08",办结,90
"6681","2023-11-08",回访,73
"6682","2023-11-08",归档,14
"6683","2023-11-08",挂起,6
"6684","2023-11-09",话务员暂存,9
"6685","2023-11-09",话务员受理,125
"6686","2023-11-09",话务员办理,104
"6687","2023-11-09",热线审核,72
"6688","2023-11-09",热线复核,140
"6689","2023-11-09",承办单位审核,91
"6690","2023-11-09",承办单位处理,14
"6691","2023-11-09",承办单位复核,1
"6692","2023-11-09",办结,42
"6693","2023-11-09",回访,49
"6694","2023-11-09",归档,42
"6695","2023-11-09",挂起,21
"6696","2023-11-10",话务员暂存,134
"6697","2023-11-10",话务员受理,90
"6698","2023-11-10",话务员办理,12
"6699","2023-11-10",热线审核,136
"6700","2023-11-10",热线复核,17
"6701","2023-11-10",承办单位审核,84
"6702","2023-11-10",承办单位处理,65
"6703","2023-11-10",承办单位复核,122
"6704","2023-11-10",办结,4
"6705","2023-11-10",回访,57
"6706","2023-11-10",归档,140
"6707","2023-11-10",挂起,91
"6708","2023-11-11",话务员暂存,32
"6709","2023-11-11",话务员受理,51
"6710","2023-11-11",话务员办理,40
"6711","2023-11-11",热线审核,82
"6712","2023-11-11",热线复核,68
"6713","2023-11-11",承办单位审核,43
"6714","2023-11-11",承办单位处理,17
"6715","2023-11-11",承办单位复核,78
"6716","2023-11-11",办结,8
"6717","2023-11-11",回访,57
"6718","2023-11-11",归档,68
"6719","2023-11-11",挂起,39
"6720","2023-11-12",话务员暂存,69
"6721","2023-11-12",话务员受理,115
"6722","2023-11-12",话务员办理,53
"6723","2023-11-12",热线审核,61
"6724","2023-11-12",热线复核,102
"6725","2023-11-12",承办单位审核,22
"6726","2023-11-12",承办单位处理,47
"6727","2023-11-12",承办单位复核,68
"6728","2023-11-12",办结,149
"6729","2023-11-12",回访,118
"6730","2023-11-12",归档,34
"6731","2023-11-12",挂起,113
"6732","2023-11-13",话务员暂存,103
"6733","2023-11-13",话务员受理,99
"6734","2023-11-13",话务员办理,29
"6735","2023-11-13",热线审核,10
"6736","2023-11-13",热线复核,48
"6737","2023-11-13",承办单位审核,86
"6738","2023-11-13",承办单位处理,112
"6739","2023-11-13",承办单位复核,95
"6740","2023-11-13",办结,29
"6741","2023-11-13",回访,12
"6742","2023-11-13",归档,21
"6743","2023-11-13",挂起,114
"6744","2023-11-14",话务员暂存,38
"6745","2023-11-14",话务员受理,94
"6746","2023-11-14",话务员办理,46
"6747","2023-11-14",热线审核,16
"6748","2023-11-14",热线复核,96
"6749","2023-11-14",承办单位审核,82
"6750","2023-11-14",承办单位处理,77
"6751","2023-11-14",承办单位复核,24
"6752","2023-11-14",办结,9
"6753","2023-11-14",回访,22
"6754","2023-11-14",归档,89
"6755","2023-11-14",挂起,40
"6756","2023-11-15",话务员暂存,41
"6757","2023-11-15",话务员受理,16
"6758","2023-11-15",话务员办理,40
"6759","2023-11-15",热线审核,0
"6760","2023-11-15",热线复核,83
"6761","2023-11-15",承办单位审核,79
"6762","2023-11-15",承办单位处理,60
"6763","2023-11-15",承办单位复核,78
"6764","2023-11-15",办结,50
"6765","2023-11-15",回访,121
"6766","2023-11-15",归档,82
"6767","2023-11-15",挂起,84
"6768","2023-11-16",话务员暂存,42
"6769","2023-11-16",话务员受理,6
"6770","2023-11-16",话务员办理,71
"6771","2023-11-16",热线审核,14
"6772","2023-11-16",热线复核,105
"6773","2023-11-16",承办单位审核,41
"6774","2023-11-16",承办单位处理,47
"6775","2023-11-16",承办单位复核,84
"6776","2023-11-16",办结,71
"6777","2023-11-16",回访,54
"6778","2023-11-16",归档,61
"6779","2023-11-16",挂起,42
"6780","2023-11-17",话务员暂存,7
"6781","2023-11-17",话务员受理,83
"6782","2023-11-17",话务员办理,45
"6783","2023-11-17",热线审核,91
"6784","2023-11-17",热线复核,91
"6785","2023-11-17",承办单位审核,45
"6786","2023-11-17",承办单位处理,67
"6787","2023-11-17",承办单位复核,78
"6788","2023-11-17",办结,77
"6789","2023-11-17",回访,20
"6790","2023-11-17",归档,67
"6791","2023-11-17",挂起,7
"6792","2023-11-18",话务员暂存,4
"6793","2023-11-18",话务员受理,22
"6794","2023-11-18",话务员办理,58
"6795","2023-11-18",热线审核,78
"6796","2023-11-18",热线复核,26
"6797","2023-11-18",承办单位审核,74
"6798","2023-11-18",承办单位处理,14
"6799","2023-11-18",承办单位复核,23
"6800","2023-11-18",办结,2
"6801","2023-11-18",回访,46
"6802","2023-11-18",归档,94
"6803","2023-11-18",挂起,60
"6804","2023-11-19",话务员暂存,62
"6805","2023-11-19",话务员受理,32
"6806","2023-11-19",话务员办理,87
"6807","2023-11-19",热线审核,35
"6808","2023-11-19",热线复核,56
"6809","2023-11-19",承办单位审核,65
"6810","2023-11-19",承办单位处理,119
"6811","2023-11-19",承办单位复核,81
"6812","2023-11-19",办结,95
"6813","2023-11-19",回访,29
"6814","2023-11-19",归档,16
"6815","2023-11-19",挂起,113
"6816","2023-11-20",话务员暂存,28
"6817","2023-11-20",话务员受理,43
"6818","2023-11-20",话务员办理,38
"6819","2023-11-20",热线审核,74
"6820","2023-11-20",热线复核,45
"6821","2023-11-20",承办单位审核,32
"6822","2023-11-20",承办单位处理,43
"6823","2023-11-20",承办单位复核,73
"6824","2023-11-20",办结,71
"6825","2023-11-20",回访,34
"6826","2023-11-20",归档,34
"6827","2023-11-20",挂起,0
"6828","2023-11-21",话务员暂存,69
"6829","2023-11-21",话务员受理,91
"6830","2023-11-21",话务员办理,78
"6831","2023-11-21",热线审核,85
"6832","2023-11-21",热线复核,14
"6833","2023-11-21",承办单位审核,60
"6834","2023-11-21",承办单位处理,60
"6835","2023-11-21",承办单位复核,87
"6836","2023-11-21",办结,66
"6837","2023-11-21",回访,36
"6838","2023-11-21",归档,91
"6839","2023-11-21",挂起,31
"6840","2023-11-22",话务员暂存,27
"6841","2023-11-22",话务员受理,125
"6842","2023-11-22",话务员办理,108
"6843","2023-11-22",热线审核,103
"6844","2023-11-22",热线复核,117
"6845","2023-11-22",承办单位审核,59
"6846","2023-11-22",承办单位处理,94
"6847","2023-11-22",承办单位复核,74
"6848","2023-11-22",办结,104
"6849","2023-11-22",回访,21
"6850","2023-11-22",归档,46
"6851","2023-11-22",挂起,52
"6852","2023-11-23",话务员暂存,51
"6853","2023-11-23",话务员受理,80
"6854","2023-11-23",话务员办理,88
"6855","2023-11-23",热线审核,24
"6856","2023-11-23",热线复核,55
"6857","2023-11-23",承办单位审核,47
"6858","2023-11-23",承办单位处理,21
"6859","2023-11-23",承办单位复核,130
"6860","2023-11-23",办结,48
"6861","2023-11-23",回访,110
"6862","2023-11-23",归档,11
"6863","2023-11-23",挂起,76
"6864","2023-11-24",话务员暂存,15
"6865","2023-11-24",话务员受理,43
"6866","2023-11-24",话务员办理,48
"6867","2023-11-24",热线审核,72
"6868","2023-11-24",热线复核,59
"6869","2023-11-24",承办单位审核,43
"6870","2023-11-24",承办单位处理,4
"6871","2023-11-24",承办单位复核,29
"6872","2023-11-24",办结,0
"6873","2023-11-24",回访,72
"6874","2023-11-24",归档,21
"6875","2023-11-24",挂起,19
"6876","2023-11-25",话务员暂存,32
"6877","2023-11-25",话务员受理,9
"6878","2023-11-25",话务员办理,16
"6879","2023-11-25",热线审核,10
"6880","2023-11-25",热线复核,38
"6881","2023-11-25",承办单位审核,27
"6882","2023-11-25",承办单位处理,52
"6883","2023-11-25",承办单位复核,82
"6884","2023-11-25",办结,13
"6885","2023-11-25",回访,46
"6886","2023-11-25",归档,33
"6887","2023-11-25",挂起,29
"6888","2023-11-26",话务员暂存,6
"6889","2023-11-26",话务员受理,155
"6890","2023-11-26",话务员办理,156
"6891","2023-11-26",热线审核,66
"6892","2023-11-26",热线复核,15
"6893","2023-11-26",承办单位审核,116
"6894","2023-11-26",承办单位处理,112
"6895","2023-11-26",承办单位复核,116
"6896","2023-11-26",办结,28
"6897","2023-11-26",回访,170
"6898","2023-11-26",归档,1
"6899","2023-11-26",挂起,45
"6900","2023-11-27",话务员暂存,53
"6901","2023-11-27",话务员受理,105
"6902","2023-11-27",话务员办理,42
"6903","2023-11-27",热线审核,72
"6904","2023-11-27",热线复核,87
"6905","2023-11-27",承办单位审核,5
"6906","2023-11-27",承办单位处理,6
"6907","2023-11-27",承办单位复核,17
"6908","2023-11-27",办结,22
"6909","2023-11-27",回访,5
"6910","2023-11-27",归档,28
"6911","2023-11-27",挂起,92
"6912","2023-11-28",话务员暂存,51
"6913","2023-11-28",话务员受理,30
"6914","2023-11-28",话务员办理,39
"6915","2023-11-28",热线审核,48
"6916","2023-11-28",热线复核,40
"6917","2023-11-28",承办单位审核,15
"6918","2023-11-28",承办单位处理,43
"6919","2023-11-28",承办单位复核,6
"6920","2023-11-28",办结,34
"6921","2023-11-28",回访,63
"6922","2023-11-28",归档,23
"6923","2023-11-28",挂起,19
"6924","2023-11-29",话务员暂存,111
"6925","2023-11-29",话务员受理,55
"6926","2023-11-29",话务员办理,1
"6927","2023-11-29",热线审核,126
"6928","2023-11-29",热线复核,43
"6929","2023-11-29",承办单位审核,125
"6930","2023-11-29",承办单位处理,63
"6931","2023-11-29",承办单位复核,61
"6932","2023-11-29",办结,73
"6933","2023-11-29",回访,22
"6934","2023-11-29",归档,40
"6935","2023-11-29",挂起,64
"6936","2023-11-30",话务员暂存,194
"6937","2023-11-30",话务员受理,5
"6938","2023-11-30",话务员办理,0
"6939","2023-11-30",热线审核,47
"6940","2023-11-30",热线复核,150
"6941","2023-11-30",承办单位审核,132
"6942","2023-11-30",承办单位处理,164
"6943","2023-11-30",承办单位复核,46
"6944","2023-11-30",办结,37
"6945","2023-11-30",回访,174
"6946","2023-11-30",归档,10
"6947","2023-11-30",挂起,36
"6948","2023-12-01",话务员暂存,57
"6949","2023-12-01",话务员受理,0
"6950","2023-12-01",话务员办理,71
"6951","2023-12-01",热线审核,92
"6952","2023-12-01",热线复核,85
"6953","2023-12-01",承办单位审核,107
"6954","2023-12-01",承办单位处理,57
"6955","2023-12-01",承办单位复核,39
"6956","2023-12-01",办结,111
"6957","2023-12-01",回访,10
"6958","2023-12-01",归档,73
"6959","2023-12-01",挂起,101
"6960","2023-12-02",话务员暂存,17
"6961","2023-12-02",话务员受理,32
"6962","2023-12-02",话务员办理,50
"6963","2023-12-02",热线审核,33
"6964","2023-12-02",热线复核,204
"6965","2023-12-02",承办单位审核,102
"6966","2023-12-02",承办单位处理,103
"6967","2023-12-02",承办单位复核,155
"6968","2023-12-02",办结,115
"6969","2023-12-02",回访,16
"6970","2023-12-02",归档,29
"6971","2023-12-02",挂起,84
"6972","2023-12-03",话务员暂存,36
"6973","2023-12-03",话务员受理,89
"6974","2023-12-03",话务员办理,67
"6975","2023-12-03",热线审核,31
"6976","2023-12-03",热线复核,28
"6977","2023-12-03",承办单位审核,48
"6978","2023-12-03",承办单位处理,31
"6979","2023-12-03",承办单位复核,25
"6980","2023-12-03",办结,14
"6981","2023-12-03",回访,44
"6982","2023-12-03",归档,45
"6983","2023-12-03",挂起,79
"6984","2023-12-04",话务员暂存,19
"6985","2023-12-04",话务员受理,7
"6986","2023-12-04",话务员办理,35
"6987","2023-12-04",热线审核,27
"6988","2023-12-04",热线复核,72
"6989","2023-12-04",承办单位审核,17
"6990","2023-12-04",承办单位处理,43
"6991","2023-12-04",承办单位复核,81
"6992","2023-12-04",办结,39
"6993","2023-12-04",回访,21
"6994","2023-12-04",归档,127
"6995","2023-12-04",挂起,20
"6996","2023-12-05",话务员暂存,10
"6997","2023-12-05",话务员受理,27
"6998","2023-12-05",话务员办理,36
"6999","2023-12-05",热线审核,2
"7000","2023-12-05",热线复核,38
"7001","2023-12-05",承办单位审核,38
"7002","2023-12-05",承办单位处理,33
"7003","2023-12-05",承办单位复核,38
"7004","2023-12-05",办结,40
"7005","2023-12-05",回访,19
"7006","2023-12-05",归档,41
"7007","2023-12-05",挂起,4
"7008","2023-12-06",话务员暂存,40
"7009","2023-12-06",话务员受理,40
"7010","2023-12-06",话务员办理,42
"7011","2023-12-06",热线审核,55
"7012","2023-12-06",热线复核,50
"7013","2023-12-06",承办单位审核,59
"7014","2023-12-06",承办单位处理,16
"7015","2023-12-06",承办单位复核,25
"7016","2023-12-06",办结,33
"7017","2023-12-06",回访,33
"7018","2023-12-06",归档,33
"7019","2023-12-06",挂起,48
"7020","2023-12-07",话务员暂存,68
"7021","2023-12-07",话务员受理,98
"7022","2023-12-07",话务员办理,112
"7023","2023-12-07",热线审核,62
"7024","2023-12-07",热线复核,30
"7025","2023-12-07",承办单位审核,106
"7026","2023-12-07",承办单位处理,102
"7027","2023-12-07",承办单位复核,69
"7028","2023-12-07",办结,125
"7029","2023-12-07",回访,101
"7030","2023-12-07",归档,15
"7031","2023-12-07",挂起,43
"7032","2023-12-08",话务员暂存,75
"7033","2023-12-08",话务员受理,94
"7034","2023-12-08",话务员办理,1
"7035","2023-12-08",热线审核,88
"7036","2023-12-08",热线复核,95
"7037","2023-12-08",承办单位审核,93
"7038","2023-12-08",承办单位处理,96
"7039","2023-12-08",承办单位复核,56
"7040","2023-12-08",办结,30
"7041","2023-12-08",回访,64
"7042","2023-12-08",归档,81
"7043","2023-12-08",挂起,34
"7044","2023-12-09",话务员暂存,139
"7045","2023-12-09",话务员受理,15
"7046","2023-12-09",话务员办理,134
"7047","2023-12-09",热线审核,99
"7048","2023-12-09",热线复核,11
"7049","2023-12-09",承办单位审核,43
"7050","2023-12-09",承办单位处理,70
"7051","2023-12-09",承办单位复核,141
"7052","2023-12-09",办结,20
"7053","2023-12-09",回访,42
"7054","2023-12-09",归档,67
"7055","2023-12-09",挂起,154
"7056","2023-12-10",话务员暂存,56
"7057","2023-12-10",话务员受理,5
"7058","2023-12-10",话务员办理,150
"7059","2023-12-10",热线审核,19
"7060","2023-12-10",热线复核,48
"7061","2023-12-10",承办单位审核,111
"7062","2023-12-10",承办单位处理,101
"7063","2023-12-10",承办单位复核,75
"7064","2023-12-10",办结,53
"7065","2023-12-10",回访,84
"7066","2023-12-10",归档,96
"7067","2023-12-10",挂起,10
"7068","2023-12-11",话务员暂存,41
"7069","2023-12-11",话务员受理,46
"7070","2023-12-11",话务员办理,19
"7071","2023-12-11",热线审核,31
"7072","2023-12-11",热线复核,17
"7073","2023-12-11",承办单位审核,67
"7074","2023-12-11",承办单位处理,50
"7075","2023-12-11",承办单位复核,29
"7076","2023-12-11",办结,16
"7077","2023-12-11",回访,11
"7078","2023-12-11",归档,24
"7079","2023-12-11",挂起,30
"7080","2023-12-12",话务员暂存,14
"7081","2023-12-12",话务员受理,5
"7082","2023-12-12",话务员办理,13
"7083","2023-12-12",热线审核,42
"7084","2023-12-12",热线复核,65
"7085","2023-12-12",承办单位审核,20
"7086","2023-12-12",承办单位处理,44
"7087","2023-12-12",承办单位复核,9
"7088","2023-12-12",办结,46
"7089","2023-12-12",回访,34
"7090","2023-12-12",归档,68
"7091","2023-12-12",挂起,50
"7092","2023-12-13",话务员暂存,4
"7093","2023-12-13",话务员受理,77
"7094","2023-12-13",话务员办理,62
"7095","2023-12-13",热线审核,36
"7096","2023-12-13",热线复核,32
"7097","2023-12-13",承办单位审核,17
"7098","2023-12-13",承办单位处理,4
"7099","2023-12-13",承办单位复核,54
"7100","2023-12-13",办结,21
"7101","2023-12-13",回访,33
"7102","2023-12-13",归档,22
"7103","2023-12-13",挂起,49
"7104","2023-12-14",话务员暂存,58
"7105","2023-12-14",话务员受理,68
"7106","2023-12-14",话务员办理,40
"7107","2023-12-14",热线审核,58
"7108","2023-12-14",热线复核,18
"7109","2023-12-14",承办单位审核,64
"7110","2023-12-14",承办单位处理,64
"7111","2023-12-14",承办单位复核,2
"7112","2023-12-14",办结,59
"7113","2023-12-14",回访,12
"7114","2023-12-14",归档,70
"7115","2023-12-14",挂起,65
"7116","2023-12-15",话务员暂存,25
"7117","2023-12-15",话务员受理,52
"7118","2023-12-15",话务员办理,3
"7119","2023-12-15",热线审核,41
"7120","2023-12-15",热线复核,12
"7121","2023-12-15",承办单位审核,28
"7122","2023-12-15",承办单位处理,36
"7123","2023-12-15",承办单位复核,50
"7124","2023-12-15",办结,34
"7125","2023-12-15",回访,42
"7126","2023-12-15",归档,15
"7127","2023-12-15",挂起,57
"7128","2023-12-16",话务员暂存,8
"7129","2023-12-16",话务员受理,34
"7130","2023-12-16",话务员办理,31
"7131","2023-12-16",热线审核,11
"7132","2023-12-16",热线复核,4
"7133","2023-12-16",承办单位审核,70
"7134","2023-12-16",承办单位处理,25
"7135","2023-12-16",承办单位复核,37
"7136","2023-12-16",办结,70
"7137","2023-12-16",回访,1
"7138","2023-12-16",归档,12
"7139","2023-12-16",挂起,74
"7140","2023-12-17",话务员暂存,61
"7141","2023-12-17",话务员受理,32
"7142","2023-12-17",话务员办理,15
"7143","2023-12-17",热线审核,79
"7144","2023-12-17",热线复核,73
"7145","2023-12-17",承办单位审核,122
"7146","2023-12-17",承办单位处理,2
"7147","2023-12-17",承办单位复核,132
"7148","2023-12-17",办结,120
"7149","2023-12-17",回访,124
"7150","2023-12-17",归档,61
"7151","2023-12-17",挂起,57
"7152","2023-12-18",话务员暂存,65
"7153","2023-12-18",话务员受理,1
"7154","2023-12-18",话务员办理,122
"7155","2023-12-18",热线审核,50
"7156","2023-12-18",热线复核,125
"7157","2023-12-18",承办单位审核,94
"7158","2023-12-18",承办单位处理,72
"7159","2023-12-18",承办单位复核,46
"7160","2023-12-18",办结,148
"7161","2023-12-18",回访,11
"7162","2023-12-18",归档,123
"7163","2023-12-18",挂起,86
"7164","2023-12-19",话务员暂存,34
"7165","2023-12-19",话务员受理,110
"7166","2023-12-19",话务员办理,65
"7167","2023-12-19",热线审核,84
"7168","2023-12-19",热线复核,89
"7169","2023-12-19",承办单位审核,71
"7170","2023-12-19",承办单位处理,59
"7171","2023-12-19",承办单位复核,52
"7172","2023-12-19",办结,56
"7173","2023-12-19",回访,18
"7174","2023-12-19",归档,83
"7175","2023-12-19",挂起,125
"7176","2023-12-20",话务员暂存,33
"7177","2023-12-20",话务员受理,142
"7178","2023-12-20",话务员办理,54
"7179","2023-12-20",热线审核,17
"7180","2023-12-20",热线复核,226
"7181","2023-12-20",承办单位审核,59
"7182","2023-12-20",承办单位处理,213
"7183","2023-12-20",承办单位复核,13
"7184","2023-12-20",办结,114
"7185","2023-12-20",回访,64
"7186","2023-12-20",归档,5
"7187","2023-12-20",挂起,7
"7188","2023-12-21",话务员暂存,13
"7189","2023-12-21",话务员受理,49
"7190","2023-12-21",话务员办理,61
"7191","2023-12-21",热线审核,70
"7192","2023-12-21",热线复核,44
"7193","2023-12-21",承办单位审核,38
"7194","2023-12-21",承办单位处理,1
"7195","2023-12-21",承办单位复核,61
"7196","2023-12-21",办结,45
"7197","2023-12-21",回访,31
"7198","2023-12-21",归档,13
"7199","2023-12-21",挂起,47
"7200","2023-12-22",话务员暂存,10
"7201","2023-12-22",话务员受理,23
"7202","2023-12-22",话务员办理,1
"7203","2023-12-22",热线审核,170
"7204","2023-12-22",热线复核,122
"7205","2023-12-22",承办单位审核,36
"7206","2023-12-22",承办单位处理,115
"7207","2023-12-22",承办单位复核,157
"7208","2023-12-22",办结,171
"7209","2023-12-22",回访,76
"7210","2023-12-22",归档,6
"7211","2023-12-22",挂起,11
"7212","2023-12-23",话务员暂存,19
"7213","2023-12-23",话务员受理,20
"7214","2023-12-23",话务员办理,18
"7215","2023-12-23",热线审核,21
"7216","2023-12-23",热线复核,86
"7217","2023-12-23",承办单位审核,77
"7218","2023-12-23",承办单位处理,59
"7219","2023-12-23",承办单位复核,79
"7220","2023-12-23",办结,86
"7221","2023-12-23",回访,67
"7222","2023-12-23",归档,50
"7223","2023-12-23",挂起,27
"7224","2023-12-24",话务员暂存,143
"7225","2023-12-24",话务员受理,26
"7226","2023-12-24",话务员办理,138
"7227","2023-12-24",热线审核,51
"7228","2023-12-24",热线复核,28
"7229","2023-12-24",承办单位审核,70
"7230","2023-12-24",承办单位处理,19
"7231","2023-12-24",承办单位复核,12
"7232","2023-12-24",办结,129
"7233","2023-12-24",回访,25
"7234","2023-12-24",归档,135
"7235","2023-12-24",挂起,86
"7236","2023-12-25",话务员暂存,48
"7237","2023-12-25",话务员受理,76
"7238","2023-12-25",话务员办理,88
"7239","2023-12-25",热线审核,45
"7240","2023-12-25",热线复核,58
"7241","2023-12-25",承办单位审核,47
"7242","2023-12-25",承办单位处理,28
"7243","2023-12-25",承办单位复核,56
"7244","2023-12-25",办结,80
"7245","2023-12-25",回访,13
"7246","2023-12-25",归档,5
"7247","2023-12-25",挂起,103
"7248","2023-12-26",话务员暂存,2
"7249","2023-12-26",话务员受理,52
"7250","2023-12-26",话务员办理,31
"7251","2023-12-26",热线审核,55
"7252","2023-12-26",热线复核,45
"7253","2023-12-26",承办单位审核,37
"7254","2023-12-26",承办单位处理,63
"7255","2023-12-26",承办单位复核,0
"7256","2023-12-26",办结,23
"7257","2023-12-26",回访,53
"7258","2023-12-26",归档,50
"7259","2023-12-26",挂起,58
"7260","2023-12-27",话务员暂存,4
"7261","2023-12-27",话务员受理,34
"7262","2023-12-27",话务员办理,58
"7263","2023-12-27",热线审核,59
"7264","2023-12-27",热线复核,66
"7265","2023-12-27",承办单位审核,13
"7266","2023-12-27",承办单位处理,27
"7267","2023-12-27",承办单位复核,58
"7268","2023-12-27",办结,32
"7269","2023-12-27",回访,16
"7270","2023-12-27",归档,57
"7271","2023-12-27",挂起,60
"7272","2023-12-28",话务员暂存,8
"7273","2023-12-28",话务员受理,38
"7274","2023-12-28",话务员办理,12
"7275","2023-12-28",热线审核,24
"7276","2023-12-28",热线复核,30
"7277","2023-12-28",承办单位审核,30
"7278","2023-12-28",承办单位处理,9
"7279","2023-12-28",承办单位复核,73
"7280","2023-12-28",办结,39
"7281","2023-12-28",回访,25
"7282","2023-12-28",归档,22
"7283","2023-12-28",挂起,40
"7284","2023-12-29",话务员暂存,51
"7285","2023-12-29",话务员受理,57
"7286","2023-12-29",话务员办理,105
"7287","2023-12-29",热线审核,83
"7288","2023-12-29",热线复核,103
"7289","2023-12-29",承办单位审核,84
"7290","2023-12-29",承办单位处理,40
"7291","2023-12-29",承办单位复核,40
"7292","2023-12-29",办结,34
"7293","2023-12-29",回访,97
"7294","2023-12-29",归档,80
"7295","2023-12-29",挂起,98
"7296","2023-12-30",话务员暂存,103
"7297","2023-12-30",话务员受理,134
"7298","2023-12-30",话务员办理,104
"7299","2023-12-30",热线审核,76
"7300","2023-12-30",热线复核,2
"7301","2023-12-30",承办单位审核,77
"7302","2023-12-30",承办单位处理,115
"7303","2023-12-30",承办单位复核,88
"7304","2023-12-30",办结,103
"7305","2023-12-30",回访,111
"7306","2023-12-30",归档,30
"7307","2023-12-30",挂起,32
"7308","2023-12-31",话务员暂存,119
"7309","2023-12-31",话务员受理,5
"7310","2023-12-31",话务员办理,26
"7311","2023-12-31",热线审核,89
"7312","2023-12-31",热线复核,5
"7313","2023-12-31",承办单位审核,103
"7314","2023-12-31",承办单位处理,56
"7315","2023-12-31",承办单位复核,128
"7316","2023-12-31",办结,126
"7317","2023-12-31",回访,127
"7318","2023-12-31",归档,13
"7319","2023-12-31",挂起,64
"7320","2024-01-01",话务员暂存,97
"7321","2024-01-01",话务员受理,43
"7322","2024-01-01",话务员办理,77
"7323","2024-01-01",热线审核,78
"7324","2024-01-01",热线复核,27
"7325","2024-01-01",承办单位审核,7
"7326","2024-01-01",承办单位处理,113
"7327","2024-01-01",承办单位复核,32
"7328","2024-01-01",办结,24
"7329","2024-01-01",回访,136
"7330","2024-01-01",归档,16
"7331","2024-01-01",挂起,125
"7332","2024-01-02",话务员暂存,67
"7333","2024-01-02",话务员受理,88
"7334","2024-01-02",话务员办理,50
"7335","2024-01-02",热线审核,46
"7336","2024-01-02",热线复核,44
"7337","2024-01-02",承办单位审核,30
"7338","2024-01-02",承办单位处理,18
"7339","2024-01-02",承办单位复核,25
"7340","2024-01-02",办结,33
"7341","2024-01-02",回访,102
"7342","2024-01-02",归档,87
"7343","2024-01-02",挂起,32
"7344","2024-01-03",话务员暂存,11
"7345","2024-01-03",话务员受理,72
"7346","2024-01-03",话务员办理,51
"7347","2024-01-03",热线审核,31
"7348","2024-01-03",热线复核,52
"7349","2024-01-03",承办单位审核,44
"7350","2024-01-03",承办单位处理,25
"7351","2024-01-03",承办单位复核,9
"7352","2024-01-03",办结,34
"7353","2024-01-03",回访,61
"7354","2024-01-03",归档,68
"7355","2024-01-03",挂起,19
"7356","2024-01-04",话务员暂存,153
"7357","2024-01-04",话务员受理,63
"7358","2024-01-04",话务员办理,155
"7359","2024-01-04",热线审核,68
"7360","2024-01-04",热线复核,161
"7361","2024-01-04",承办单位审核,12
"7362","2024-01-04",承办单位处理,40
"7363","2024-01-04",承办单位复核,109
"7364","2024-01-04",办结,105
"7365","2024-01-04",回访,65
"7366","2024-01-04",归档,50
"7367","2024-01-04",挂起,19
"7368","2024-01-05",话务员暂存,17
"7369","2024-01-05",话务员受理,126
"7370","2024-01-05",话务员办理,99
"7371","2024-01-05",热线审核,51
"7372","2024-01-05",热线复核,134
"7373","2024-01-05",承办单位审核,43
"7374","2024-01-05",承办单位处理,27
"7375","2024-01-05",承办单位复核,19
"7376","2024-01-05",办结,72
"7377","2024-01-05",回访,61
"7378","2024-01-05",归档,108
"7379","2024-01-05",挂起,106
"7380","2024-01-06",话务员暂存,26
"7381","2024-01-06",话务员受理,5
"7382","2024-01-06",话务员办理,78
"7383","2024-01-06",热线审核,8
"7384","2024-01-06",热线复核,74
"7385","2024-01-06",承办单位审核,2
"7386","2024-01-06",承办单位处理,74
"7387","2024-01-06",承办单位复核,71
"7388","2024-01-06",办结,48
"7389","2024-01-06",回访,3
"7390","2024-01-06",归档,56
"7391","2024-01-06",挂起,76
"7392","2024-01-07",话务员暂存,24
"7393","2024-01-07",话务员受理,44
"7394","2024-01-07",话务员办理,19
"7395","2024-01-07",热线审核,35
"7396","2024-01-07",热线复核,9
"7397","2024-01-07",承办单位审核,46
"7398","2024-01-07",承办单位处理,45
"7399","2024-01-07",承办单位复核,16
"7400","2024-01-07",办结,7
"7401","2024-01-07",回访,11
"7402","2024-01-07",归档,43
"7403","2024-01-07",挂起,34
"7404","2024-01-08",话务员暂存,2
"7405","2024-01-08",话务员受理,132
"7406","2024-01-08",话务员办理,40
"7407","2024-01-08",热线审核,122
"7408","2024-01-08",热线复核,72
"7409","2024-01-08",承办单位审核,97
"7410","2024-01-08",承办单位处理,93
"7411","2024-01-08",承办单位复核,57
"7412","2024-01-08",办结,71
"7413","2024-01-08",回访,124
"7414","2024-01-08",归档,80
"7415","2024-01-08",挂起,35
"7416","2024-01-09",话务员暂存,50
"7417","2024-01-09",话务员受理,84
"7418","2024-01-09",话务员办理,145
"7419","2024-01-09",热线审核,32
"7420","2024-01-09",热线复核,65
"7421","2024-01-09",承办单位审核,40
"7422","2024-01-09",承办单位处理,27
"7423","2024-01-09",承办单位复核,116
"7424","2024-01-09",办结,31
"7425","2024-01-09",回访,129
"7426","2024-01-09",归档,36
"7427","2024-01-09",挂起,111
"7428","2024-01-10",话务员暂存,35
"7429","2024-01-10",话务员受理,32
"7430","2024-01-10",话务员办理,23
"7431","2024-01-10",热线审核,30
"7432","2024-01-10",热线复核,36
"7433","2024-01-10",承办单位审核,15
"7434","2024-01-10",承办单位处理,22
"7435","2024-01-10",承办单位复核,32
"7436","2024-01-10",办结,19
"7437","2024-01-10",回访,36
"7438","2024-01-10",归档,28
"7439","2024-01-10",挂起,18
"7440","2024-01-11",话务员暂存,45
"7441","2024-01-11",话务员受理,113
"7442","2024-01-11",话务员办理,81
"7443","2024-01-11",热线审核,91
"7444","2024-01-11",热线复核,92
"7445","2024-01-11",承办单位审核,26
"7446","2024-01-11",承办单位处理,133
"7447","2024-01-11",承办单位复核,65
"7448","2024-01-11",办结,74
"7449","2024-01-11",回访,64
"7450","2024-01-11",归档,9
"7451","2024-01-11",挂起,109
"7452","2024-01-12",话务员暂存,132
"7453","2024-01-12",话务员受理,148
"7454","2024-01-12",话务员办理,8
"7455","2024-01-12",热线审核,124
"7456","2024-01-12",热线复核,57
"7457","2024-01-12",承办单位审核,17
"7458","2024-01-12",承办单位处理,79
"7459","2024-01-12",承办单位复核,107
"7460","2024-01-12",办结,39
"7461","2024-01-12",回访,145
"7462","2024-01-12",归档,49
"7463","2024-01-12",挂起,90
"7464","2024-01-13",话务员暂存,86
"7465","2024-01-13",话务员受理,72
"7466","2024-01-13",话务员办理,9
"7467","2024-01-13",热线审核,5
"7468","2024-01-13",热线复核,45
"7469","2024-01-13",承办单位审核,88
"7470","2024-01-13",承办单位处理,52
"7471","2024-01-13",承办单位复核,64
"7472","2024-01-13",办结,38
"7473","2024-01-13",回访,76
"7474","2024-01-13",归档,26
"7475","2024-01-13",挂起,76
"7476","2024-01-14",话务员暂存,44
"7477","2024-01-14",话务员受理,16
"7478","2024-01-14",话务员办理,109
"7479","2024-01-14",热线审核,119
"7480","2024-01-14",热线复核,112
"7481","2024-01-14",承办单位审核,87
"7482","2024-01-14",承办单位处理,123
"7483","2024-01-14",承办单位复核,33
"7484","2024-01-14",办结,130
"7485","2024-01-14",回访,48
"7486","2024-01-14",归档,1
"7487","2024-01-14",挂起,115
"7488","2024-01-15",话务员暂存,57
"7489","2024-01-15",话务员受理,93
"7490","2024-01-15",话务员办理,73
"7491","2024-01-15",热线审核,36
"7492","2024-01-15",热线复核,91
"7493","2024-01-15",承办单位审核,88
"7494","2024-01-15",承办单位处理,4
"7495","2024-01-15",承办单位复核,60
"7496","2024-01-15",办结,105
"7497","2024-01-15",回访,46
"7498","2024-01-15",归档,101
"7499","2024-01-15",挂起,97
"7500","2024-01-16",话务员暂存,38
"7501","2024-01-16",话务员受理,78
"7502","2024-01-16",话务员办理,105
"7503","2024-01-16",热线审核,25
"7504","2024-01-16",热线复核,117
"7505","2024-01-16",承办单位审核,13
"7506","2024-01-16",承办单位处理,115
"7507","2024-01-16",承办单位复核,109
"7508","2024-01-16",办结,21
"7509","2024-01-16",回访,138
"7510","2024-01-16",归档,130
"7511","2024-01-16",挂起,56
"7512","2024-01-17",话务员暂存,62
"7513","2024-01-17",话务员受理,59
"7514","2024-01-17",话务员办理,57
"7515","2024-01-17",热线审核,32
"7516","2024-01-17",热线复核,70
"7517","2024-01-17",承办单位审核,70
"7518","2024-01-17",承办单位处理,122
"7519","2024-01-17",承办单位复核,47
"7520","2024-01-17",办结,33
"7521","2024-01-17",回访,115
"7522","2024-01-17",归档,49
"7523","2024-01-17",挂起,28
"7524","2024-01-18",话务员暂存,105
"7525","2024-01-18",话务员受理,60
"7526","2024-01-18",话务员办理,70
"7527","2024-01-18",热线审核,26
"7528","2024-01-18",热线复核,1
"7529","2024-01-18",承办单位审核,104
"7530","2024-01-18",承办单位处理,7
"7531","2024-01-18",承办单位复核,43
"7532","2024-01-18",办结,41
"7533","2024-01-18",回访,47
"7534","2024-01-18",归档,15
"7535","2024-01-18",挂起,13
"7536","2024-01-19",话务员暂存,11
"7537","2024-01-19",话务员受理,52
"7538","2024-01-19",话务员办理,36
"7539","2024-01-19",热线审核,30
"7540","2024-01-19",热线复核,43
"7541","2024-01-19",承办单位审核,58
"7542","2024-01-19",承办单位处理,59
"7543","2024-01-19",承办单位复核,24
"7544","2024-01-19",办结,55
"7545","2024-01-19",回访,62
"7546","2024-01-19",归档,8
"7547","2024-01-19",挂起,4
"7548","2024-01-20",话务员暂存,118
"7549","2024-01-20",话务员受理,65
"7550","2024-01-20",话务员办理,103
"7551","2024-01-20",热线审核,35
"7552","2024-01-20",热线复核,18
"7553","2024-01-20",承办单位审核,79
"7554","2024-01-20",承办单位处理,6
"7555","2024-01-20",承办单位复核,30
"7556","2024-01-20",办结,57
"7557","2024-01-20",回访,102
"7558","2024-01-20",归档,90
"7559","2024-01-20",挂起,93
"7560","2024-01-21",话务员暂存,40
"7561","2024-01-21",话务员受理,53
"7562","2024-01-21",话务员办理,45
"7563","2024-01-21",热线审核,29
"7564","2024-01-21",热线复核,38
"7565","2024-01-21",承办单位审核,66
"7566","2024-01-21",承办单位处理,16
"7567","2024-01-21",承办单位复核,53
"7568","2024-01-21",办结,36
"7569","2024-01-21",回访,22
"7570","2024-01-21",归档,35
"7571","2024-01-21",挂起,12
"7572","2024-01-22",话务员暂存,20
"7573","2024-01-22",话务员受理,136
"7574","2024-01-22",话务员办理,117
"7575","2024-01-22",热线审核,53
"7576","2024-01-22",热线复核,68
"7577","2024-01-22",承办单位审核,30
"7578","2024-01-22",承办单位处理,77
"7579","2024-01-22",承办单位复核,120
"7580","2024-01-22",办结,137
"7581","2024-01-22",回访,124
"7582","2024-01-22",归档,8
"7583","2024-01-22",挂起,50
"7584","2024-01-23",话务员暂存,46
"7585","2024-01-23",话务员受理,22
"7586","2024-01-23",话务员办理,30
"7587","2024-01-23",热线审核,62
"7588","2024-01-23",热线复核,19
"7589","2024-01-23",承办单位审核,47
"7590","2024-01-23",承办单位处理,15
"7591","2024-01-23",承办单位复核,17
"7592","2024-01-23",办结,8
"7593","2024-01-23",回访,16
"7594","2024-01-23",归档,29
"7595","2024-01-23",挂起,21
"7596","2024-01-24",话务员暂存,128
"7597","2024-01-24",话务员受理,49
"7598","2024-01-24",话务员办理,31
"7599","2024-01-24",热线审核,118
"7600","2024-01-24",热线复核,12
"7601","2024-01-24",承办单位审核,87
"7602","2024-01-24",承办单位处理,55
"7603","2024-01-24",承办单位复核,65
"7604","2024-01-24",办结,25
"7605","2024-01-24",回访,51
"7606","2024-01-24",归档,54
"7607","2024-01-24",挂起,93
"7608","2024-01-25",话务员暂存,15
"7609","2024-01-25",话务员受理,36
"7610","2024-01-25",话务员办理,32
"7611","2024-01-25",热线审核,17
"7612","2024-01-25",热线复核,19
"7613","2024-01-25",承办单位审核,21
"7614","2024-01-25",承办单位处理,43
"7615","2024-01-25",承办单位复核,40
"7616","2024-01-25",办结,24
"7617","2024-01-25",回访,10
"7618","2024-01-25",归档,29
"7619","2024-01-25",挂起,14
"7620","2024-01-26",话务员暂存,55
"7621","2024-01-26",话务员受理,60
"7622","2024-01-26",话务员办理,15
"7623","2024-01-26",热线审核,18
"7624","2024-01-26",热线复核,75
"7625","2024-01-26",承办单位审核,73
"7626","2024-01-26",承办单位处理,33
"7627","2024-01-26",承办单位复核,55
"7628","2024-01-26",办结,64
"7629","2024-01-26",回访,41
"7630","2024-01-26",归档,17
"7631","2024-01-26",挂起,69
"7632","2024-01-27",话务员暂存,120
"7633","2024-01-27",话务员受理,21
"7634","2024-01-27",话务员办理,13
"7635","2024-01-27",热线审核,106
"7636","2024-01-27",热线复核,13
"7637","2024-01-27",承办单位审核,71
"7638","2024-01-27",承办单位处理,88
"7639","2024-01-27",承办单位复核,54
"7640","2024-01-27",办结,71
"7641","2024-01-27",回访,62
"7642","2024-01-27",归档,77
"7643","2024-01-27",挂起,70
"7644","2024-01-28",话务员暂存,38
"7645","2024-01-28",话务员受理,44
"7646","2024-01-28",话务员办理,51
"7647","2024-01-28",热线审核,58
"7648","2024-01-28",热线复核,26
"7649","2024-01-28",承办单位审核,7
"7650","2024-01-28",承办单位处理,25
"7651","2024-01-28",承办单位复核,27
"7652","2024-01-28",办结,53
"7653","2024-01-28",回访,38
"7654","2024-01-28",归档,64
"7655","2024-01-28",挂起,61
"7656","2024-01-29",话务员暂存,63
"7657","2024-01-29",话务员受理,6
"7658","2024-01-29",话务员办理,30
"7659","2024-01-29",热线审核,72
"7660","2024-01-29",热线复核,35
"7661","2024-01-29",承办单位审核,41
"7662","2024-01-29",承办单位处理,75
"7663","2024-01-29",承办单位复核,26
"7664","2024-01-29",办结,28
"7665","2024-01-29",回访,67
"7666","2024-01-29",归档,58
"7667","2024-01-29",挂起,27
"7668","2024-01-30",话务员暂存,32
"7669","2024-01-30",话务员受理,65
"7670","2024-01-30",话务员办理,71
"7671","2024-01-30",热线审核,76
"7672","2024-01-30",热线复核,29
"7673","2024-01-30",承办单位审核,93
"7674","2024-01-30",承办单位处理,23
"7675","2024-01-30",承办单位复核,5
"7676","2024-01-30",办结,53
"7677","2024-01-30",回访,28
"7678","2024-01-30",归档,14
"7679","2024-01-30",挂起,72
"7680","2024-01-31",话务员暂存,63
"7681","2024-01-31",话务员受理,40
"7682","2024-01-31",话务员办理,10
"7683","2024-01-31",热线审核,13
"7684","2024-01-31",热线复核,19
"7685","2024-01-31",承办单位审核,68
"7686","2024-01-31",承办单位处理,4
"7687","2024-01-31",承办单位复核,45
"7688","2024-01-31",办结,10
"7689","2024-01-31",回访,35
"7690","2024-01-31",归档,48
"7691","2024-01-31",挂起,71
"7692","2024-02-01",话务员暂存,3
"7693","2024-02-01",话务员受理,68
"7694","2024-02-01",话务员办理,63
"7695","2024-02-01",热线审核,4
"7696","2024-02-01",热线复核,46
"7697","2024-02-01",承办单位审核,29
"7698","2024-02-01",承办单位处理,18
"7699","2024-02-01",承办单位复核,13
"7700","2024-02-01",办结,31
"7701","2024-02-01",回访,21
"7702","2024-02-01",归档,27
"7703","2024-02-01",挂起,33
"7704","2024-02-02",话务员暂存,137
"7705","2024-02-02",话务员受理,50
"7706","2024-02-02",话务员办理,20
"7707","2024-02-02",热线审核,66
"7708","2024-02-02",热线复核,25
"7709","2024-02-02",承办单位审核,52
"7710","2024-02-02",承办单位处理,29
"7711","2024-02-02",承办单位复核,39
"7712","2024-02-02",办结,104
"7713","2024-02-02",回访,53
"7714","2024-02-02",归档,137
"7715","2024-02-02",挂起,100
"7716","2024-02-03",话务员暂存,63
"7717","2024-02-03",话务员受理,155
"7718","2024-02-03",话务员办理,36
"7719","2024-02-03",热线审核,16
"7720","2024-02-03",热线复核,11
"7721","2024-02-03",承办单位审核,9
"7722","2024-02-03",承办单位处理,153
"7723","2024-02-03",承办单位复核,115
"7724","2024-02-03",办结,36
"7725","2024-02-03",回访,103
"7726","2024-02-03",归档,126
"7727","2024-02-03",挂起,10
"7728","2024-02-04",话务员暂存,75
"7729","2024-02-04",话务员受理,41
"7730","2024-02-04",话务员办理,73
"7731","2024-02-04",热线审核,43
"7732","2024-02-04",热线复核,19
"7733","2024-02-04",承办单位审核,17
"7734","2024-02-04",承办单位处理,63
"7735","2024-02-04",承办单位复核,66
"7736","2024-02-04",办结,76
"7737","2024-02-04",回访,68
"7738","2024-02-04",归档,54
"7739","2024-02-04",挂起,7
"7740","2024-02-05",话务员暂存,42
"7741","2024-02-05",话务员受理,63
"7742","2024-02-05",话务员办理,43
"7743","2024-02-05",热线审核,1
"7744","2024-02-05",热线复核,23
"7745","2024-02-05",承办单位审核,15
"7746","2024-02-05",承办单位处理,51
"7747","2024-02-05",承办单位复核,52
"7748","2024-02-05",办结,54
"7749","2024-02-05",回访,47
"7750","2024-02-05",归档,47
"7751","2024-02-05",挂起,64
"7752","2024-02-06",话务员暂存,9
"7753","2024-02-06",话务员受理,85
"7754","2024-02-06",话务员办理,67
"7755","2024-02-06",热线审核,85
"7756","2024-02-06",热线复核,82
"7757","2024-02-06",承办单位审核,103
"7758","2024-02-06",承办单位处理,73
"7759","2024-02-06",承办单位复核,92
"7760","2024-02-06",办结,119
"7761","2024-02-06",回访,86
"7762","2024-02-06",归档,75
"7763","2024-02-06",挂起,117
"7764","2024-02-07",话务员暂存,2
"7765","2024-02-07",话务员受理,36
"7766","2024-02-07",话务员办理,5
"7767","2024-02-07",热线审核,30
"7768","2024-02-07",热线复核,44
"7769","2024-02-07",承办单位审核,78
"7770","2024-02-07",承办单位处理,67
"7771","2024-02-07",承办单位复核,19
"7772","2024-02-07",办结,79
"7773","2024-02-07",回访,41
"7774","2024-02-07",归档,1
"7775","2024-02-07",挂起,77
"7776","2024-02-08",话务员暂存,67
"7777","2024-02-08",话务员受理,33
"7778","2024-02-08",话务员办理,151
"7779","2024-02-08",热线审核,3
"7780","2024-02-08",热线复核,23
"7781","2024-02-08",承办单位审核,85
"7782","2024-02-08",承办单位处理,77
"7783","2024-02-08",承办单位复核,108
"7784","2024-02-08",办结,85
"7785","2024-02-08",回访,135
"7786","2024-02-08",归档,114
"7787","2024-02-08",挂起,41
"7788","2024-02-09",话务员暂存,100
"7789","2024-02-09",话务员受理,76
"7790","2024-02-09",话务员办理,80
"7791","2024-02-09",热线审核,12
"7792","2024-02-09",热线复核,90
"7793","2024-02-09",承办单位审核,104
"7794","2024-02-09",承办单位处理,73
"7795","2024-02-09",承办单位复核,70
"7796","2024-02-09",办结,111
"7797","2024-02-09",回访,96
"7798","2024-02-09",归档,62
"7799","2024-02-09",挂起,28
"7800","2024-02-10",话务员暂存,146
"7801","2024-02-10",话务员受理,100
"7802","2024-02-10",话务员办理,19
"7803","2024-02-10",热线审核,30
"7804","2024-02-10",热线复核,28
"7805","2024-02-10",承办单位审核,139
"7806","2024-02-10",承办单位处理,128
"7807","2024-02-10",承办单位复核,41
"7808","2024-02-10",办结,18
"7809","2024-02-10",回访,65
"7810","2024-02-10",归档,21
"7811","2024-02-10",挂起,95
"7812","2024-02-11",话务员暂存,36
"7813","2024-02-11",话务员受理,57
"7814","2024-02-11",话务员办理,94
"7815","2024-02-11",热线审核,126
"7816","2024-02-11",热线复核,11
"7817","2024-02-11",承办单位审核,112
"7818","2024-02-11",承办单位处理,10
"7819","2024-02-11",承办单位复核,84
"7820","2024-02-11",办结,28
"7821","2024-02-11",回访,103
"7822","2024-02-11",归档,37
"7823","2024-02-11",挂起,112
"7824","2024-02-12",话务员暂存,75
"7825","2024-02-12",话务员受理,47
"7826","2024-02-12",话务员办理,71
"7827","2024-02-12",热线审核,52
"7828","2024-02-12",热线复核,38
"7829","2024-02-12",承办单位审核,69
"7830","2024-02-12",承办单位处理,50
"7831","2024-02-12",承办单位复核,5
"7832","2024-02-12",办结,78
"7833","2024-02-12",回访,6
"7834","2024-02-12",归档,51
"7835","2024-02-12",挂起,44
"7836","2024-02-13",话务员暂存,30
"7837","2024-02-13",话务员受理,75
"7838","2024-02-13",话务员办理,57
"7839","2024-02-13",热线审核,69
"7840","2024-02-13",热线复核,50
"7841","2024-02-13",承办单位审核,49
"7842","2024-02-13",承办单位处理,56
"7843","2024-02-13",承办单位复核,28
"7844","2024-02-13",办结,72
"7845","2024-02-13",回访,61
"7846","2024-02-13",归档,36
"7847","2024-02-13",挂起,72
"7848","2024-02-14",话务员暂存,23
"7849","2024-02-14",话务员受理,30
"7850","2024-02-14",话务员办理,78
"7851","2024-02-14",热线审核,12
"7852","2024-02-14",热线复核,47
"7853","2024-02-14",承办单位审核,12
"7854","2024-02-14",承办单位处理,45
"7855","2024-02-14",承办单位复核,11
"7856","2024-02-14",办结,74
"7857","2024-02-14",回访,25
"7858","2024-02-14",归档,97
"7859","2024-02-14",挂起,103
"7860","2024-02-15",话务员暂存,56
"7861","2024-02-15",话务员受理,90
"7862","2024-02-15",话务员办理,6
"7863","2024-02-15",热线审核,65
"7864","2024-02-15",热线复核,18
"7865","2024-02-15",承办单位审核,58
"7866","2024-02-15",承办单位处理,32
"7867","2024-02-15",承办单位复核,58
"7868","2024-02-15",办结,75
"7869","2024-02-15",回访,91
"7870","2024-02-15",归档,8
"7871","2024-02-15",挂起,88
"7872","2024-02-16",话务员暂存,10
"7873","2024-02-16",话务员受理,33
"7874","2024-02-16",话务员办理,26
"7875","2024-02-16",热线审核,35
"7876","2024-02-16",热线复核,37
"7877","2024-02-16",承办单位审核,34
"7878","2024-02-16",承办单位处理,23
"7879","2024-02-16",承办单位复核,42
"7880","2024-02-16",办结,25
"7881","2024-02-16",回访,17
"7882","2024-02-16",归档,25
"7883","2024-02-16",挂起,9
"7884","2024-02-17",话务员暂存,42
"7885","2024-02-17",话务员受理,38
"7886","2024-02-17",话务员办理,15
"7887","2024-02-17",热线审核,45
"7888","2024-02-17",热线复核,0
"7889","2024-02-17",承办单位审核,26
"7890","2024-02-17",承办单位处理,34
"7891","2024-02-17",承办单位复核,39
"7892","2024-02-17",办结,26
"7893","2024-02-17",回访,5
"7894","2024-02-17",归档,33
"7895","2024-02-17",挂起,2
"7896","2024-02-18",话务员暂存,44
"7897","2024-02-18",话务员受理,44
"7898","2024-02-18",话务员办理,26
"7899","2024-02-18",热线审核,23
"7900","2024-02-18",热线复核,41
"7901","2024-02-18",承办单位审核,30
"7902","2024-02-18",承办单位处理,30
"7903","2024-02-18",承办单位复核,21
"7904","2024-02-18",办结,28
"7905","2024-02-18",回访,13
"7906","2024-02-18",归档,10
"7907","2024-02-18",挂起,14
"7908","2024-02-19",话务员暂存,28
"7909","2024-02-19",话务员受理,0
"7910","2024-02-19",话务员办理,48
"7911","2024-02-19",热线审核,45
"7912","2024-02-19",热线复核,36
"7913","2024-02-19",承办单位审核,6
"7914","2024-02-19",承办单位处理,50
"7915","2024-02-19",承办单位复核,30
"7916","2024-02-19",办结,9
"7917","2024-02-19",回访,44
"7918","2024-02-19",归档,18
"7919","2024-02-19",挂起,22
"7920","2024-02-20",话务员暂存,27
"7921","2024-02-20",话务员受理,102
"7922","2024-02-20",话务员办理,109
"7923","2024-02-20",热线审核,75
"7924","2024-02-20",热线复核,61
"7925","2024-02-20",承办单位审核,89
"7926","2024-02-20",承办单位处理,40
"7927","2024-02-20",承办单位复核,109
"7928","2024-02-20",办结,89
"7929","2024-02-20",回访,79
"7930","2024-02-20",归档,114
"7931","2024-02-20",挂起,106
"7932","2024-02-21",话务员暂存,73
"7933","2024-02-21",话务员受理,63
"7934","2024-02-21",话务员办理,59
"7935","2024-02-21",热线审核,4
"7936","2024-02-21",热线复核,51
"7937","2024-02-21",承办单位审核,80
"7938","2024-02-21",承办单位处理,32
"7939","2024-02-21",承办单位复核,64
"7940","2024-02-21",办结,52
"7941","2024-02-21",回访,6
"7942","2024-02-21",归档,26
"7943","2024-02-21",挂起,67
"7944","2024-02-22",话务员暂存,34
"7945","2024-02-22",话务员受理,50
"7946","2024-02-22",话务员办理,38
"7947","2024-02-22",热线审核,42
"7948","2024-02-22",热线复核,34
"7949","2024-02-22",承办单位审核,40
"7950","2024-02-22",承办单位处理,38
"7951","2024-02-22",承办单位复核,83
"7952","2024-02-22",办结,41
"7953","2024-02-22",回访,8
"7954","2024-02-22",归档,14
"7955","2024-02-22",挂起,46
"7956","2024-02-23",话务员暂存,21
"7957","2024-02-23",话务员受理,113
"7958","2024-02-23",话务员办理,33
"7959","2024-02-23",热线审核,21
"7960","2024-02-23",热线复核,13
"7961","2024-02-23",承办单位审核,23
"7962","2024-02-23",承办单位处理,126
"7963","2024-02-23",承办单位复核,7
"7964","2024-02-23",办结,2
"7965","2024-02-23",回访,9
"7966","2024-02-23",归档,83
"7967","2024-02-23",挂起,4
"7968","2024-02-24",话务员暂存,10
"7969","2024-02-24",话务员受理,33
"7970","2024-02-24",话务员办理,9
"7971","2024-02-24",热线审核,8
"7972","2024-02-24",热线复核,41
"7973","2024-02-24",承办单位审核,32
"7974","2024-02-24",承办单位处理,4
"7975","2024-02-24",承办单位复核,50
"7976","2024-02-24",办结,15
"7977","2024-02-24",回访,22
"7978","2024-02-24",归档,43
"7979","2024-02-24",挂起,51
"7980","2024-02-25",话务员暂存,95
"7981","2024-02-25",话务员受理,44
"7982","2024-02-25",话务员办理,8
"7983","2024-02-25",热线审核,70
"7984","2024-02-25",热线复核,153
"7985","2024-02-25",承办单位审核,95
"7986","2024-02-25",承办单位处理,13
"7987","2024-02-25",承办单位复核,61
"7988","2024-02-25",办结,108
"7989","2024-02-25",回访,29
"7990","2024-02-25",归档,75
"7991","2024-02-25",挂起,127
"7992","2024-02-26",话务员暂存,99
"7993","2024-02-26",话务员受理,101
"7994","2024-02-26",话务员办理,4
"7995","2024-02-26",热线审核,66
"7996","2024-02-26",热线复核,108
"7997","2024-02-26",承办单位审核,53
"7998","2024-02-26",承办单位处理,18
"7999","2024-02-26",承办单位复核,90
"8000","2024-02-26",办结,76
"8001","2024-02-26",回访,109
"8002","2024-02-26",归档,51
"8003","2024-02-26",挂起,70
"8004","2024-02-27",话务员暂存,22
"8005","2024-02-27",话务员受理,49
"8006","2024-02-27",话务员办理,15
"8007","2024-02-27",热线审核,40
"8008","2024-02-27",热线复核,59
"8009","2024-02-27",承办单位审核,8
"8010","2024-02-27",承办单位处理,12
"8011","2024-02-27",承办单位复核,2
"8012","2024-02-27",办结,43
"8013","2024-02-27",回访,59
"8014","2024-02-27",归档,56
"8015","2024-02-27",挂起,30
"8016","2024-02-28",话务员暂存,64
"8017","2024-02-28",话务员受理,84
"8018","2024-02-28",话务员办理,61
"8019","2024-02-28",热线审核,82
"8020","2024-02-28",热线复核,12
"8021","2024-02-28",承办单位审核,63
"8022","2024-02-28",承办单位处理,78
"8023","2024-02-28",承办单位复核,5
"8024","2024-02-28",办结,52
"8025","2024-02-28",回访,36
"8026","2024-02-28",归档,48
"8027","2024-02-28",挂起,34
"8028","2024-02-29",话务员暂存,126
"8029","2024-02-29",话务员受理,24
"8030","2024-02-29",话务员办理,99
"8031","2024-02-29",热线审核,84
"8032","2024-02-29",热线复核,142
"8033","2024-02-29",承办单位审核,6
"8034","2024-02-29",承办单位处理,14
"8035","2024-02-29",承办单位复核,3
"8036","2024-02-29",办结,142
"8037","2024-02-29",回访,139
"8038","2024-02-29",归档,141
"8039","2024-02-29",挂起,59
"8040","2024-03-01",话务员暂存,119
"8041","2024-03-01",话务员受理,13
"8042","2024-03-01",话务员办理,136
"8043","2024-03-01",热线审核,135
"8044","2024-03-01",热线复核,87
"8045","2024-03-01",承办单位审核,38
"8046","2024-03-01",承办单位处理,60
"8047","2024-03-01",承办单位复核,10
"8048","2024-03-01",办结,21
"8049","2024-03-01",回访,142
"8050","2024-03-01",归档,94
"8051","2024-03-01",挂起,105
"8052","2024-03-02",话务员暂存,79
"8053","2024-03-02",话务员受理,87
"8054","2024-03-02",话务员办理,63
"8055","2024-03-02",热线审核,67
"8056","2024-03-02",热线复核,65
"8057","2024-03-02",承办单位审核,110
"8058","2024-03-02",承办单位处理,28
"8059","2024-03-02",承办单位复核,94
"8060","2024-03-02",办结,94
"8061","2024-03-02",回访,98
"8062","2024-03-02",归档,84
"8063","2024-03-02",挂起,47
"8064","2024-03-03",话务员暂存,71
"8065","2024-03-03",话务员受理,82
"8066","2024-03-03",话务员办理,30
"8067","2024-03-03",热线审核,9
"8068","2024-03-03",热线复核,52
"8069","2024-03-03",承办单位审核,59
"8070","2024-03-03",承办单位处理,110
"8071","2024-03-03",承办单位复核,81
"8072","2024-03-03",办结,53
"8073","2024-03-03",回访,117
"8074","2024-03-03",归档,131
"8075","2024-03-03",挂起,74
"8076","2024-03-04",话务员暂存,7
"8077","2024-03-04",话务员受理,86
"8078","2024-03-04",话务员办理,49
"8079","2024-03-04",热线审核,84
"8080","2024-03-04",热线复核,22
"8081","2024-03-04",承办单位审核,101
"8082","2024-03-04",承办单位处理,3
"8083","2024-03-04",承办单位复核,62
"8084","2024-03-04",办结,58
"8085","2024-03-04",回访,65
"8086","2024-03-04",归档,98
"8087","2024-03-04",挂起,67
"8088","2024-03-05",话务员暂存,74
"8089","2024-03-05",话务员受理,7
"8090","2024-03-05",话务员办理,91
"8091","2024-03-05",热线审核,30
"8092","2024-03-05",热线复核,25
"8093","2024-03-05",承办单位审核,90
"8094","2024-03-05",承办单位处理,31
"8095","2024-03-05",承办单位复核,75
"8096","2024-03-05",办结,37
"8097","2024-03-05",回访,36
"8098","2024-03-05",归档,12
"8099","2024-03-05",挂起,15
"8100","2024-03-06",话务员暂存,41
"8101","2024-03-06",话务员受理,35
"8102","2024-03-06",话务员办理,133
"8103","2024-03-06",热线审核,84
"8104","2024-03-06",热线复核,44
"8105","2024-03-06",承办单位审核,95
"8106","2024-03-06",承办单位处理,85
"8107","2024-03-06",承办单位复核,16
"8108","2024-03-06",办结,54
"8109","2024-03-06",回访,127
"8110","2024-03-06",归档,52
"8111","2024-03-06",挂起,33
"8112","2024-03-07",话务员暂存,92
"8113","2024-03-07",话务员受理,90
"8114","2024-03-07",话务员办理,5
"8115","2024-03-07",热线审核,8
"8116","2024-03-07",热线复核,61
"8117","2024-03-07",承办单位审核,24
"8118","2024-03-07",承办单位处理,75
"8119","2024-03-07",承办单位复核,72
"8120","2024-03-07",办结,113
"8121","2024-03-07",回访,6
"8122","2024-03-07",归档,112
"8123","2024-03-07",挂起,35
"8124","2024-03-08",话务员暂存,51
"8125","2024-03-08",话务员受理,10
"8126","2024-03-08",话务员办理,29
"8127","2024-03-08",热线审核,26
"8128","2024-03-08",热线复核,50
"8129","2024-03-08",承办单位审核,42
"8130","2024-03-08",承办单位处理,64
"8131","2024-03-08",承办单位复核,8
"8132","2024-03-08",办结,70
"8133","2024-03-08",回访,69
"8134","2024-03-08",归档,35
"8135","2024-03-08",挂起,61
"8136","2024-03-09",话务员暂存,15
"8137","2024-03-09",话务员受理,47
"8138","2024-03-09",话务员办理,93
"8139","2024-03-09",热线审核,25
"8140","2024-03-09",热线复核,57
"8141","2024-03-09",承办单位审核,24
"8142","2024-03-09",承办单位处理,55
"8143","2024-03-09",承办单位复核,57
"8144","2024-03-09",办结,7
"8145","2024-03-09",回访,27
"8146","2024-03-09",归档,5
"8147","2024-03-09",挂起,3
"8148","2024-03-10",话务员暂存,114
"8149","2024-03-10",话务员受理,69
"8150","2024-03-10",话务员办理,59
"8151","2024-03-10",热线审核,19
"8152","2024-03-10",热线复核,1
"8153","2024-03-10",承办单位审核,65
"8154","2024-03-10",承办单位处理,84
"8155","2024-03-10",承办单位复核,91
"8156","2024-03-10",办结,117
"8157","2024-03-10",回访,114
"8158","2024-03-10",归档,69
"8159","2024-03-10",挂起,89
"8160","2024-03-11",话务员暂存,18
"8161","2024-03-11",话务员受理,87
"8162","2024-03-11",话务员办理,66
"8163","2024-03-11",热线审核,40
"8164","2024-03-11",热线复核,42
"8165","2024-03-11",承办单位审核,68
"8166","2024-03-11",承办单位处理,67
"8167","2024-03-11",承办单位复核,28
"8168","2024-03-11",办结,18
"8169","2024-03-11",回访,27
"8170","2024-03-11",归档,30
"8171","2024-03-11",挂起,14
"8172","2024-03-12",话务员暂存,74
"8173","2024-03-12",话务员受理,73
"8174","2024-03-12",话务员办理,32
"8175","2024-03-12",热线审核,52
"8176","2024-03-12",热线复核,136
"8177","2024-03-12",承办单位审核,18
"8178","2024-03-12",承办单位处理,40
"8179","2024-03-12",承办单位复核,5
"8180","2024-03-12",办结,41
"8181","2024-03-12",回访,124
"8182","2024-03-12",归档,108
"8183","2024-03-12",挂起,20
"8184","2024-03-13",话务员暂存,46
"8185","2024-03-13",话务员受理,80
"8186","2024-03-13",话务员办理,90
"8187","2024-03-13",热线审核,56
"8188","2024-03-13",热线复核,89
"8189","2024-03-13",承办单位审核,35
"8190","2024-03-13",承办单位处理,77
"8191","2024-03-13",承办单位复核,66
"8192","2024-03-13",办结,91
"8193","2024-03-13",回访,95
"8194","2024-03-13",归档,27
"8195","2024-03-13",挂起,29
"8196","2024-03-14",话务员暂存,31
"8197","2024-03-14",话务员受理,66
"8198","2024-03-14",话务员办理,36
"8199","2024-03-14",热线审核,87
"8200","2024-03-14",热线复核,12
"8201","2024-03-14",承办单位审核,94
"8202","2024-03-14",承办单位处理,27
"8203","2024-03-14",承办单位复核,22
"8204","2024-03-14",办结,58
"8205","2024-03-14",回访,69
"8206","2024-03-14",归档,84
"8207","2024-03-14",挂起,121
"8208","2024-03-15",话务员暂存,121
"8209","2024-03-15",话务员受理,42
"8210","2024-03-15",话务员办理,129
"8211","2024-03-15",热线审核,7
"8212","2024-03-15",热线复核,16
"8213","2024-03-15",承办单位审核,101
"8214","2024-03-15",承办单位处理,86
"8215","2024-03-15",承办单位复核,106
"8216","2024-03-15",办结,3
"8217","2024-03-15",回访,71
"8218","2024-03-15",归档,60
"8219","2024-03-15",挂起,128
"8220","2024-03-16",话务员暂存,82
"8221","2024-03-16",话务员受理,4
"8222","2024-03-16",话务员办理,71
"8223","2024-03-16",热线审核,4
"8224","2024-03-16",热线复核,72
"8225","2024-03-16",承办单位审核,22
"8226","2024-03-16",承办单位处理,48
"8227","2024-03-16",承办单位复核,82
"8228","2024-03-16",办结,87
"8229","2024-03-16",回访,60
"8230","2024-03-16",归档,14
"8231","2024-03-16",挂起,48
"8232","2024-03-17",话务员暂存,52
"8233","2024-03-17",话务员受理,19
"8234","2024-03-17",话务员办理,42
"8235","2024-03-17",热线审核,50
"8236","2024-03-17",热线复核,49
"8237","2024-03-17",承办单位审核,48
"8238","2024-03-17",承办单位处理,8
"8239","2024-03-17",承办单位复核,23
"8240","2024-03-17",办结,25
"8241","2024-03-17",回访,50
"8242","2024-03-17",归档,21
"8243","2024-03-17",挂起,55
"8244","2024-03-18",话务员暂存,8
"8245","2024-03-18",话务员受理,49
"8246","2024-03-18",话务员办理,80
"8247","2024-03-18",热线审核,81
"8248","2024-03-18",热线复核,71
"8249","2024-03-18",承办单位审核,12
"8250","2024-03-18",承办单位处理,54
"8251","2024-03-18",承办单位复核,54
"8252","2024-03-18",办结,11
"8253","2024-03-18",回访,9
"8254","2024-03-18",归档,51
"8255","2024-03-18",挂起,83
"8256","2024-03-19",话务员暂存,95
"8257","2024-03-19",话务员受理,20
"8258","2024-03-19",话务员办理,125
"8259","2024-03-19",热线审核,115
"8260","2024-03-19",热线复核,11
"8261","2024-03-19",承办单位审核,116
"8262","2024-03-19",承办单位处理,21
"8263","2024-03-19",承办单位复核,113
"8264","2024-03-19",办结,57
"8265","2024-03-19",回访,31
"8266","2024-03-19",归档,89
"8267","2024-03-19",挂起,107
"8268","2024-03-20",话务员暂存,71
"8269","2024-03-20",话务员受理,95
"8270","2024-03-20",话务员办理,50
"8271","2024-03-20",热线审核,93
"8272","2024-03-20",热线复核,58
"8273","2024-03-20",承办单位审核,46
"8274","2024-03-20",承办单位处理,53
"8275","2024-03-20",承办单位复核,6
"8276","2024-03-20",办结,77
"8277","2024-03-20",回访,70
"8278","2024-03-20",归档,22
"8279","2024-03-20",挂起,3
"8280","2024-03-21",话务员暂存,120
"8281","2024-03-21",话务员受理,119
"8282","2024-03-21",话务员办理,54
"8283","2024-03-21",热线审核,16
"8284","2024-03-21",热线复核,86
"8285","2024-03-21",承办单位审核,34
"8286","2024-03-21",承办单位处理,62
"8287","2024-03-21",承办单位复核,86
"8288","2024-03-21",办结,60
"8289","2024-03-21",回访,10
"8290","2024-03-21",归档,97
"8291","2024-03-21",挂起,47
"8292","2024-03-22",话务员暂存,35
"8293","2024-03-22",话务员受理,115
"8294","2024-03-22",话务员办理,35
"8295","2024-03-22",热线审核,55
"8296","2024-03-22",热线复核,49
"8297","2024-03-22",承办单位审核,63
"8298","2024-03-22",承办单位处理,75
"8299","2024-03-22",承办单位复核,55
"8300","2024-03-22",办结,77
"8301","2024-03-22",回访,74
"8302","2024-03-22",归档,107
"8303","2024-03-22",挂起,86
"8304","2024-03-23",话务员暂存,46
"8305","2024-03-23",话务员受理,46
"8306","2024-03-23",话务员办理,61
"8307","2024-03-23",热线审核,18
"8308","2024-03-23",热线复核,23
"8309","2024-03-23",承办单位审核,2
"8310","2024-03-23",承办单位处理,29
"8311","2024-03-23",承办单位复核,35
"8312","2024-03-23",办结,42
"8313","2024-03-23",回访,17
"8314","2024-03-23",归档,17
"8315","2024-03-23",挂起,70
"8316","2024-03-24",话务员暂存,45
"8317","2024-03-24",话务员受理,59
"8318","2024-03-24",话务员办理,41
"8319","2024-03-24",热线审核,60
"8320","2024-03-24",热线复核,25
"8321","2024-03-24",承办单位审核,26
"8322","2024-03-24",承办单位处理,18
"8323","2024-03-24",承办单位复核,44
"8324","2024-03-24",办结,43
"8325","2024-03-24",回访,44
"8326","2024-03-24",归档,37
"8327","2024-03-24",挂起,25
"8328","2024-03-25",话务员暂存,18
"8329","2024-03-25",话务员受理,67
"8330","2024-03-25",话务员办理,52
"8331","2024-03-25",热线审核,55
"8332","2024-03-25",热线复核,63
"8333","2024-03-25",承办单位审核,13
"8334","2024-03-25",承办单位处理,36
"8335","2024-03-25",承办单位复核,44
"8336","2024-03-25",办结,13
"8337","2024-03-25",回访,71
"8338","2024-03-25",归档,46
"8339","2024-03-25",挂起,26
"8340","2024-03-26",话务员暂存,32
"8341","2024-03-26",话务员受理,121
"8342","2024-03-26",话务员办理,42
"8343","2024-03-26",热线审核,34
"8344","2024-03-26",热线复核,16
"8345","2024-03-26",承办单位审核,67
"8346","2024-03-26",承办单位处理,85
"8347","2024-03-26",承办单位复核,85
"8348","2024-03-26",办结,69
"8349","2024-03-26",回访,49
"8350","2024-03-26",归档,118
"8351","2024-03-26",挂起,79
"8352","2024-03-27",话务员暂存,5
"8353","2024-03-27",话务员受理,87
"8354","2024-03-27",话务员办理,5
"8355","2024-03-27",热线审核,26
"8356","2024-03-27",热线复核,46
"8357","2024-03-27",承办单位审核,75
"8358","2024-03-27",承办单位处理,81
"8359","2024-03-27",承办单位复核,24
"8360","2024-03-27",办结,8
"8361","2024-03-27",回访,106
"8362","2024-03-27",归档,101
"8363","2024-03-27",挂起,74
"8364","2024-03-28",话务员暂存,11
"8365","2024-03-28",话务员受理,34
"8366","2024-03-28",话务员办理,49
"8367","2024-03-28",热线审核,45
"8368","2024-03-28",热线复核,94
"8369","2024-03-28",承办单位审核,15
"8370","2024-03-28",承办单位处理,93
"8371","2024-03-28",承办单位复核,60
"8372","2024-03-28",办结,110
"8373","2024-03-28",回访,76
"8374","2024-03-28",归档,88
"8375","2024-03-28",挂起,32
"8376","2024-03-29",话务员暂存,68
"8377","2024-03-29",话务员受理,127
"8378","2024-03-29",话务员办理,103
"8379","2024-03-29",热线审核,83
"8380","2024-03-29",热线复核,79
"8381","2024-03-29",承办单位审核,8
"8382","2024-03-29",承办单位处理,121
"8383","2024-03-29",承办单位复核,35
"8384","2024-03-29",办结,10
"8385","2024-03-29",回访,90
"8386","2024-03-29",归档,21
"8387","2024-03-29",挂起,33
"8388","2024-03-30",话务员暂存,127
"8389","2024-03-30",话务员受理,53
"8390","2024-03-30",话务员办理,18
"8391","2024-03-30",热线审核,98
"8392","2024-03-30",热线复核,81
"8393","2024-03-30",承办单位审核,126
"8394","2024-03-30",承办单位处理,78
"8395","2024-03-30",承办单位复核,46
"8396","2024-03-30",办结,70
"8397","2024-03-30",回访,135
"8398","2024-03-30",归档,10
"8399","2024-03-30",挂起,9
"8400","2024-03-31",话务员暂存,75
"8401","2024-03-31",话务员受理,36
"8402","2024-03-31",话务员办理,67
"8403","2024-03-31",热线审核,116
"8404","2024-03-31",热线复核,81
"8405","2024-03-31",承办单位审核,34
"8406","2024-03-31",承办单位处理,28
"8407","2024-03-31",承办单位复核,27
"8408","2024-03-31",办结,49
"8409","2024-03-31",回访,36
"8410","2024-03-31",归档,107
"8411","2024-03-31",挂起,20
"8412","2024-04-01",话务员暂存,3
"8413","2024-04-01",话务员受理,78
"8414","2024-04-01",话务员办理,51
"8415","2024-04-01",热线审核,0
"8416","2024-04-01",热线复核,69
"8417","2024-04-01",承办单位审核,51
"8418","2024-04-01",承办单位处理,36
"8419","2024-04-01",承办单位复核,100
"8420","2024-04-01",办结,5
"8421","2024-04-01",回访,96
"8422","2024-04-01",归档,26
"8423","2024-04-01",挂起,60
"8424","2024-04-02",话务员暂存,46
"8425","2024-04-02",话务员受理,17
"8426","2024-04-02",话务员办理,54
"8427","2024-04-02",热线审核,78
"8428","2024-04-02",热线复核,14
"8429","2024-04-02",承办单位审核,60
"8430","2024-04-02",承办单位处理,75
"8431","2024-04-02",承办单位复核,30
"8432","2024-04-02",办结,36
"8433","2024-04-02",回访,89
"8434","2024-04-02",归档,25
"8435","2024-04-02",挂起,25
"8436","2024-04-03",话务员暂存,27
"8437","2024-04-03",话务员受理,69
"8438","2024-04-03",话务员办理,17
"8439","2024-04-03",热线审核,39
"8440","2024-04-03",热线复核,17
"8441","2024-04-03",承办单位审核,70
"8442","2024-04-03",承办单位处理,31
"8443","2024-04-03",承办单位复核,73
"8444","2024-04-03",办结,74
"8445","2024-04-03",回访,54
"8446","2024-04-03",归档,34
"8447","2024-04-03",挂起,10
"8448","2024-04-04",话务员暂存,17
"8449","2024-04-04",话务员受理,115
"8450","2024-04-04",话务员办理,119
"8451","2024-04-04",热线审核,86
"8452","2024-04-04",热线复核,127
"8453","2024-04-04",承办单位审核,105
"8454","2024-04-04",承办单位处理,124
"8455","2024-04-04",承办单位复核,30
"8456","2024-04-04",办结,70
"8457","2024-04-04",回访,17
"8458","2024-04-04",归档,55
"8459","2024-04-04",挂起,75
"8460","2024-04-05",话务员暂存,148
"8461","2024-04-05",话务员受理,132
"8462","2024-04-05",话务员办理,63
"8463","2024-04-05",热线审核,154
"8464","2024-04-05",热线复核,25
"8465","2024-04-05",承办单位审核,165
"8466","2024-04-05",承办单位处理,13
"8467","2024-04-05",承办单位复核,95
"8468","2024-04-05",办结,62
"8469","2024-04-05",回访,34
"8470","2024-04-05",归档,39
"8471","2024-04-05",挂起,18
"8472","2024-04-06",话务员暂存,5
"8473","2024-04-06",话务员受理,54
"8474","2024-04-06",话务员办理,34
"8475","2024-04-06",热线审核,1
"8476","2024-04-06",热线复核,6
"8477","2024-04-06",承办单位审核,30
"8478","2024-04-06",承办单位处理,45
"8479","2024-04-06",承办单位复核,51
"8480","2024-04-06",办结,12
"8481","2024-04-06",回访,27
"8482","2024-04-06",归档,50
"8483","2024-04-06",挂起,40
"8484","2024-04-07",话务员暂存,48
"8485","2024-04-07",话务员受理,82
"8486","2024-04-07",话务员办理,105
"8487","2024-04-07",热线审核,7
"8488","2024-04-07",热线复核,61
"8489","2024-04-07",承办单位审核,69
"8490","2024-04-07",承办单位处理,5
"8491","2024-04-07",承办单位复核,33
"8492","2024-04-07",办结,37
"8493","2024-04-07",回访,58
"8494","2024-04-07",归档,102
"8495","2024-04-07",挂起,18
"8496","2024-04-08",话务员暂存,118
"8497","2024-04-08",话务员受理,110
"8498","2024-04-08",话务员办理,70
"8499","2024-04-08",热线审核,86
"8500","2024-04-08",热线复核,114
"8501","2024-04-08",承办单位审核,85
"8502","2024-04-08",承办单位处理,10
"8503","2024-04-08",承办单位复核,48
"8504","2024-04-08",办结,15
"8505","2024-04-08",回访,28
"8506","2024-04-08",归档,81
"8507","2024-04-08",挂起,56
"8508","2024-04-09",话务员暂存,73
"8509","2024-04-09",话务员受理,16
"8510","2024-04-09",话务员办理,32
"8511","2024-04-09",热线审核,21
"8512","2024-04-09",热线复核,59
"8513","2024-04-09",承办单位审核,58
"8514","2024-04-09",承办单位处理,2
"8515","2024-04-09",承办单位复核,74
"8516","2024-04-09",办结,48
"8517","2024-04-09",回访,27
"8518","2024-04-09",归档,64
"8519","2024-04-09",挂起,16
"8520","2024-04-10",话务员暂存,21
"8521","2024-04-10",话务员受理,28
"8522","2024-04-10",话务员办理,19
"8523","2024-04-10",热线审核,34
"8524","2024-04-10",热线复核,23
"8525","2024-04-10",承办单位审核,21
"8526","2024-04-10",承办单位处理,15
"8527","2024-04-10",承办单位复核,27
"8528","2024-04-10",办结,24
"8529","2024-04-10",回访,26
"8530","2024-04-10",归档,37
"8531","2024-04-10",挂起,35
"8532","2024-04-11",话务员暂存,88
"8533","2024-04-11",话务员受理,2
"8534","2024-04-11",话务员办理,165
"8535","2024-04-11",热线审核,78
"8536","2024-04-11",热线复核,22
"8537","2024-04-11",承办单位审核,119
"8538","2024-04-11",承办单位处理,41
"8539","2024-04-11",承办单位复核,167
"8540","2024-04-11",办结,156
"8541","2024-04-11",回访,114
"8542","2024-04-11",归档,28
"8543","2024-04-11",挂起,8
"8544","2024-04-12",话务员暂存,52
"8545","2024-04-12",话务员受理,114
"8546","2024-04-12",话务员办理,43
"8547","2024-04-12",热线审核,50
"8548","2024-04-12",热线复核,93
"8549","2024-04-12",承办单位审核,38
"8550","2024-04-12",承办单位处理,96
"8551","2024-04-12",承办单位复核,77
"8552","2024-04-12",办结,17
"8553","2024-04-12",回访,46
"8554","2024-04-12",归档,97
"8555","2024-04-12",挂起,112
"8556","2024-04-13",话务员暂存,81
"8557","2024-04-13",话务员受理,69
"8558","2024-04-13",话务员办理,63
"8559","2024-04-13",热线审核,7
"8560","2024-04-13",热线复核,68
"8561","2024-04-13",承办单位审核,16
"8562","2024-04-13",承办单位处理,111
"8563","2024-04-13",承办单位复核,7
"8564","2024-04-13",办结,103
"8565","2024-04-13",回访,109
"8566","2024-04-13",归档,123
"8567","2024-04-13",挂起,54
"8568","2024-04-14",话务员暂存,6
"8569","2024-04-14",话务员受理,67
"8570","2024-04-14",话务员办理,109
"8571","2024-04-14",热线审核,80
"8572","2024-04-14",热线复核,44
"8573","2024-04-14",承办单位审核,73
"8574","2024-04-14",承办单位处理,93
"8575","2024-04-14",承办单位复核,26
"8576","2024-04-14",办结,22
"8577","2024-04-14",回访,135
"8578","2024-04-14",归档,134
"8579","2024-04-14",挂起,25
"8580","2024-04-15",话务员暂存,138
"8581","2024-04-15",话务员受理,112
"8582","2024-04-15",话务员办理,140
"8583","2024-04-15",热线审核,62
"8584","2024-04-15",热线复核,142
"8585","2024-04-15",承办单位审核,23
"8586","2024-04-15",承办单位处理,30
"8587","2024-04-15",承办单位复核,149
"8588","2024-04-15",办结,43
"8589","2024-04-15",回访,62
"8590","2024-04-15",归档,19
"8591","2024-04-15",挂起,33
"8592","2024-04-16",话务员暂存,98
"8593","2024-04-16",话务员受理,75
"8594","2024-04-16",话务员办理,93
"8595","2024-04-16",热线审核,3
"8596","2024-04-16",热线复核,27
"8597","2024-04-16",承办单位审核,85
"8598","2024-04-16",承办单位处理,61
"8599","2024-04-16",承办单位复核,83
"8600","2024-04-16",办结,98
"8601","2024-04-16",回访,47
"8602","2024-04-16",归档,83
"8603","2024-04-16",挂起,50
"8604","2024-04-17",话务员暂存,31
"8605","2024-04-17",话务员受理,21
"8606","2024-04-17",话务员办理,26
"8607","2024-04-17",热线审核,51
"8608","2024-04-17",热线复核,42
"8609","2024-04-17",承办单位审核,5
"8610","2024-04-17",承办单位处理,47
"8611","2024-04-17",承办单位复核,44
"8612","2024-04-17",办结,4
"8613","2024-04-17",回访,37
"8614","2024-04-17",归档,54
"8615","2024-04-17",挂起,43
"8616","2024-04-18",话务员暂存,62
"8617","2024-04-18",话务员受理,52
"8618","2024-04-18",话务员办理,19
"8619","2024-04-18",热线审核,125
"8620","2024-04-18",热线复核,22
"8621","2024-04-18",承办单位审核,70
"8622","2024-04-18",承办单位处理,7
"8623","2024-04-18",承办单位复核,100
"8624","2024-04-18",办结,108
"8625","2024-04-18",回访,20
"8626","2024-04-18",归档,4
"8627","2024-04-18",挂起,15
"8628","2024-04-19",话务员暂存,67
"8629","2024-04-19",话务员受理,12
"8630","2024-04-19",话务员办理,29
"8631","2024-04-19",热线审核,78
"8632","2024-04-19",热线复核,29
"8633","2024-04-19",承办单位审核,26
"8634","2024-04-19",承办单位处理,4
"8635","2024-04-19",承办单位复核,22
"8636","2024-04-19",办结,52
"8637","2024-04-19",回访,85
"8638","2024-04-19",归档,3
"8639","2024-04-19",挂起,101
"8640","2024-04-20",话务员暂存,96
"8641","2024-04-20",话务员受理,76
"8642","2024-04-20",话务员办理,98
"8643","2024-04-20",热线审核,23
"8644","2024-04-20",热线复核,50
"8645","2024-04-20",承办单位审核,65
"8646","2024-04-20",承办单位处理,103
"8647","2024-04-20",承办单位复核,20
"8648","2024-04-20",办结,36
"8649","2024-04-20",回访,26
"8650","2024-04-20",归档,29
"8651","2024-04-20",挂起,2
"8652","2024-04-21",话务员暂存,46
"8653","2024-04-21",话务员受理,38
"8654","2024-04-21",话务员办理,26
"8655","2024-04-21",热线审核,67
"8656","2024-04-21",热线复核,78
"8657","2024-04-21",承办单位审核,54
"8658","2024-04-21",承办单位处理,32
"8659","2024-04-21",承办单位复核,44
"8660","2024-04-21",办结,63
"8661","2024-04-21",回访,16
"8662","2024-04-21",归档,28
"8663","2024-04-21",挂起,81
"8664","2024-04-22",话务员暂存,108
"8665","2024-04-22",话务员受理,125
"8666","2024-04-22",话务员办理,147
"8667","2024-04-22",热线审核,74
"8668","2024-04-22",热线复核,136
"8669","2024-04-22",承办单位审核,108
"8670","2024-04-22",承办单位处理,78
"8671","2024-04-22",承办单位复核,0
"8672","2024-04-22",办结,16
"8673","2024-04-22",回访,87
"8674","2024-04-22",归档,103
"8675","2024-04-22",挂起,8
"8676","2024-04-23",话务员暂存,124
"8677","2024-04-23",话务员受理,8
"8678","2024-04-23",话务员办理,36
"8679","2024-04-23",热线审核,21
"8680","2024-04-23",热线复核,114
"8681","2024-04-23",承办单位审核,46
"8682","2024-04-23",承办单位处理,83
"8683","2024-04-23",承办单位复核,121
"8684","2024-04-23",办结,31
"8685","2024-04-23",回访,77
"8686","2024-04-23",归档,60
"8687","2024-04-23",挂起,60
"8688","2024-04-24",话务员暂存,48
"8689","2024-04-24",话务员受理,25
"8690","2024-04-24",话务员办理,3
"8691","2024-04-24",热线审核,37
"8692","2024-04-24",热线复核,14
"8693","2024-04-24",承办单位审核,18
"8694","2024-04-24",承办单位处理,24
"8695","2024-04-24",承办单位复核,25
"8696","2024-04-24",办结,24
"8697","2024-04-24",回访,49
"8698","2024-04-24",归档,5
"8699","2024-04-24",挂起,31
"8700","2024-04-25",话务员暂存,21
"8701","2024-04-25",话务员受理,17
"8702","2024-04-25",话务员办理,29
"8703","2024-04-25",热线审核,53
"8704","2024-04-25",热线复核,37
"8705","2024-04-25",承办单位审核,20
"8706","2024-04-25",承办单位处理,52
"8707","2024-04-25",承办单位复核,40
"8708","2024-04-25",办结,4
"8709","2024-04-25",回访,25
"8710","2024-04-25",归档,12
"8711","2024-04-25",挂起,23
"8712","2024-04-26",话务员暂存,53
"8713","2024-04-26",话务员受理,83
"8714","2024-04-26",话务员办理,73
"8715","2024-04-26",热线审核,80
"8716","2024-04-26",热线复核,32
"8717","2024-04-26",承办单位审核,46
"8718","2024-04-26",承办单位处理,90
"8719","2024-04-26",承办单位复核,10
"8720","2024-04-26",办结,27
"8721","2024-04-26",回访,25
"8722","2024-04-26",归档,76
"8723","2024-04-26",挂起,54
"8724","2024-04-27",话务员暂存,24
"8725","2024-04-27",话务员受理,63
"8726","2024-04-27",话务员办理,116
"8727","2024-04-27",热线审核,27
"8728","2024-04-27",热线复核,68
"8729","2024-04-27",承办单位审核,57
"8730","2024-04-27",承办单位处理,109
"8731","2024-04-27",承办单位复核,109
"8732","2024-04-27",办结,89
"8733","2024-04-27",回访,37
"8734","2024-04-27",归档,98
"8735","2024-04-27",挂起,102
"8736","2024-04-28",话务员暂存,30
"8737","2024-04-28",话务员受理,122
"8738","2024-04-28",话务员办理,47
"8739","2024-04-28",热线审核,96
"8740","2024-04-28",热线复核,107
"8741","2024-04-28",承办单位审核,37
"8742","2024-04-28",承办单位处理,108
"8743","2024-04-28",承办单位复核,87
"8744","2024-04-28",办结,128
"8745","2024-04-28",回访,67
"8746","2024-04-28",归档,99
"8747","2024-04-28",挂起,6
"8748","2024-04-29",话务员暂存,79
"8749","2024-04-29",话务员受理,52
"8750","2024-04-29",话务员办理,34
"8751","2024-04-29",热线审核,40
"8752","2024-04-29",热线复核,17
"8753","2024-04-29",承办单位审核,3
"8754","2024-04-29",承办单位处理,51
"8755","2024-04-29",承办单位复核,43
"8756","2024-04-29",办结,24
"8757","2024-04-29",回访,45
"8758","2024-04-29",归档,40
"8759","2024-04-29",挂起,13
"8760","2024-04-30",话务员暂存,9
"8761","2024-04-30",话务员受理,66
"8762","2024-04-30",话务员办理,97
"8763","2024-04-30",热线审核,132
"8764","2024-04-30",热线复核,98
"8765","2024-04-30",承办单位审核,75
"8766","2024-04-30",承办单位处理,59
"8767","2024-04-30",承办单位复核,123
"8768","2024-04-30",办结,138
"8769","2024-04-30",回访,60
"8770","2024-04-30",归档,70
"8771","2024-04-30",挂起,33
"8772","2024-05-01",话务员暂存,89
"8773","2024-05-01",话务员受理,47
"8774","2024-05-01",话务员办理,59
"8775","2024-05-01",热线审核,1
"8776","2024-05-01",热线复核,44
"8777","2024-05-01",承办单位审核,58
"8778","2024-05-01",承办单位处理,51
"8779","2024-05-01",承办单位复核,26
"8780","2024-05-01",办结,12
"8781","2024-05-01",回访,80
"8782","2024-05-01",归档,62
"8783","2024-05-01",挂起,39
"8784","2024-05-02",话务员暂存,44
"8785","2024-05-02",话务员受理,28
"8786","2024-05-02",话务员办理,0
"8787","2024-05-02",热线审核,42
"8788","2024-05-02",热线复核,62
"8789","2024-05-02",承办单位审核,24
"8790","2024-05-02",承办单位处理,22
"8791","2024-05-02",承办单位复核,46
"8792","2024-05-02",办结,71
"8793","2024-05-02",回访,28
"8794","2024-05-02",归档,51
"8795","2024-05-02",挂起,11
"8796","2024-05-03",话务员暂存,31
"8797","2024-05-03",话务员受理,19
"8798","2024-05-03",话务员办理,38
"8799","2024-05-03",热线审核,53
"8800","2024-05-03",热线复核,18
"8801","2024-05-03",承办单位审核,98
"8802","2024-05-03",承办单位处理,6
"8803","2024-05-03",承办单位复核,17
"8804","2024-05-03",办结,95
"8805","2024-05-03",回访,87
"8806","2024-05-03",归档,78
"8807","2024-05-03",挂起,21
"8808","2024-05-04",话务员暂存,16
"8809","2024-05-04",话务员受理,58
"8810","2024-05-04",话务员办理,13
"8811","2024-05-04",热线审核,53
"8812","2024-05-04",热线复核,59
"8813","2024-05-04",承办单位审核,65
"8814","2024-05-04",承办单位处理,20
"8815","2024-05-04",承办单位复核,60
"8816","2024-05-04",办结,49
"8817","2024-05-04",回访,68
"8818","2024-05-04",归档,54
"8819","2024-05-04",挂起,42
"8820","2024-05-05",话务员暂存,73
"8821","2024-05-05",话务员受理,35
"8822","2024-05-05",话务员办理,21
"8823","2024-05-05",热线审核,76
"8824","2024-05-05",热线复核,105
"8825","2024-05-05",承办单位审核,26
"8826","2024-05-05",承办单位处理,112
"8827","2024-05-05",承办单位复核,158
"8828","2024-05-05",办结,36
"8829","2024-05-05",回访,45
"8830","2024-05-05",归档,155
"8831","2024-05-05",挂起,100
"8832","2024-05-06",话务员暂存,50
"8833","2024-05-06",话务员受理,29
"8834","2024-05-06",话务员办理,48
"8835","2024-05-06",热线审核,66
"8836","2024-05-06",热线复核,36
"8837","2024-05-06",承办单位审核,97
"8838","2024-05-06",承办单位处理,21
"8839","2024-05-06",承办单位复核,71
"8840","2024-05-06",办结,157
"8841","2024-05-06",回访,52
"8842","2024-05-06",归档,7
"8843","2024-05-06",挂起,95
"8844","2024-05-07",话务员暂存,33
"8845","2024-05-07",话务员受理,18
"8846","2024-05-07",话务员办理,61
"8847","2024-05-07",热线审核,65
"8848","2024-05-07",热线复核,29
"8849","2024-05-07",承办单位审核,71
"8850","2024-05-07",承办单位处理,63
"8851","2024-05-07",承办单位复核,7
"8852","2024-05-07",办结,54
"8853","2024-05-07",回访,66
"8854","2024-05-07",归档,24
"8855","2024-05-07",挂起,51
"8856","2024-05-08",话务员暂存,76
"8857","2024-05-08",话务员受理,10
"8858","2024-05-08",话务员办理,38
"8859","2024-05-08",热线审核,65
"8860","2024-05-08",热线复核,78
"8861","2024-05-08",承办单位审核,16
"8862","2024-05-08",承办单位处理,14
"8863","2024-05-08",承办单位复核,38
"8864","2024-05-08",办结,76
"8865","2024-05-08",回访,48
"8866","2024-05-08",归档,44
"8867","2024-05-08",挂起,48
"8868","2024-05-09",话务员暂存,55
"8869","2024-05-09",话务员受理,23
"8870","2024-05-09",话务员办理,30
"8871","2024-05-09",热线审核,49
"8872","2024-05-09",热线复核,30
"8873","2024-05-09",承办单位审核,54
"8874","2024-05-09",承办单位处理,15
"8875","2024-05-09",承办单位复核,15
"8876","2024-05-09",办结,4
"8877","2024-05-09",回访,6
"8878","2024-05-09",归档,54
"8879","2024-05-09",挂起,50
"8880","2024-05-10",话务员暂存,129
"8881","2024-05-10",话务员受理,5
"8882","2024-05-10",话务员办理,114
"8883","2024-05-10",热线审核,69
"8884","2024-05-10",热线复核,12
"8885","2024-05-10",承办单位审核,19
"8886","2024-05-10",承办单位处理,127
"8887","2024-05-10",承办单位复核,137
"8888","2024-05-10",办结,102
"8889","2024-05-10",回访,22
"8890","2024-05-10",归档,115
"8891","2024-05-10",挂起,120
"8892","2024-05-11",话务员暂存,31
"8893","2024-05-11",话务员受理,26
"8894","2024-05-11",话务员办理,41
"8895","2024-05-11",热线审核,62
"8896","2024-05-11",热线复核,36
"8897","2024-05-11",承办单位审核,57
"8898","2024-05-11",承办单位处理,42
"8899","2024-05-11",承办单位复核,39
"8900","2024-05-11",办结,20
"8901","2024-05-11",回访,43
"8902","2024-05-11",归档,40
"8903","2024-05-11",挂起,51
"8904","2024-05-12",话务员暂存,90
"8905","2024-05-12",话务员受理,54
"8906","2024-05-12",话务员办理,38
"8907","2024-05-12",热线审核,15
"8908","2024-05-12",热线复核,55
"8909","2024-05-12",承办单位审核,31
"8910","2024-05-12",承办单位处理,60
"8911","2024-05-12",承办单位复核,85
"8912","2024-05-12",办结,8
"8913","2024-05-12",回访,58
"8914","2024-05-12",归档,20
"8915","2024-05-12",挂起,68
"8916","2024-05-13",话务员暂存,14
"8917","2024-05-13",话务员受理,94
"8918","2024-05-13",话务员办理,56
"8919","2024-05-13",热线审核,16
"8920","2024-05-13",热线复核,117
"8921","2024-05-13",承办单位审核,115
"8922","2024-05-13",承办单位处理,91
"8923","2024-05-13",承办单位复核,2
"8924","2024-05-13",办结,56
"8925","2024-05-13",回访,115
"8926","2024-05-13",归档,59
"8927","2024-05-13",挂起,60
"8928","2024-05-14",话务员暂存,113
"8929","2024-05-14",话务员受理,61
"8930","2024-05-14",话务员办理,99
"8931","2024-05-14",热线审核,116
"8932","2024-05-14",热线复核,98
"8933","2024-05-14",承办单位审核,18
"8934","2024-05-14",承办单位处理,87
"8935","2024-05-14",承办单位复核,61
"8936","2024-05-14",办结,72
"8937","2024-05-14",回访,25
"8938","2024-05-14",归档,104
"8939","2024-05-14",挂起,123
"8940","2024-05-15",话务员暂存,1
"8941","2024-05-15",话务员受理,107
"8942","2024-05-15",话务员办理,96
"8943","2024-05-15",热线审核,28
"8944","2024-05-15",热线复核,68
"8945","2024-05-15",承办单位审核,109
"8946","2024-05-15",承办单位处理,73
"8947","2024-05-15",承办单位复核,96
"8948","2024-05-15",办结,0
"8949","2024-05-15",回访,102
"8950","2024-05-15",归档,52
"8951","2024-05-15",挂起,65
"8952","2024-05-16",话务员暂存,76
"8953","2024-05-16",话务员受理,141
"8954","2024-05-16",话务员办理,52
"8955","2024-05-16",热线审核,94
"8956","2024-05-16",热线复核,52
"8957","2024-05-16",承办单位审核,27
"8958","2024-05-16",承办单位处理,60
"8959","2024-05-16",承办单位复核,9
"8960","2024-05-16",办结,76
"8961","2024-05-16",回访,66
"8962","2024-05-16",归档,156
"8963","2024-05-16",挂起,151
"8964","2024-05-17",话务员暂存,43
"8965","2024-05-17",话务员受理,40
"8966","2024-05-17",话务员办理,41
"8967","2024-05-17",热线审核,9
"8968","2024-05-17",热线复核,28
"8969","2024-05-17",承办单位审核,6
"8970","2024-05-17",承办单位处理,27
"8971","2024-05-17",承办单位复核,41
"8972","2024-05-17",办结,46
"8973","2024-05-17",回访,12
"8974","2024-05-17",归档,25
"8975","2024-05-17",挂起,41
"8976","2024-05-18",话务员暂存,73
"8977","2024-05-18",话务员受理,63
"8978","2024-05-18",话务员办理,147
"8979","2024-05-18",热线审核,111
"8980","2024-05-18",热线复核,13
"8981","2024-05-18",承办单位审核,38
"8982","2024-05-18",承办单位处理,38
"8983","2024-05-18",承办单位复核,44
"8984","2024-05-18",办结,135
"8985","2024-05-18",回访,110
"8986","2024-05-18",归档,65
"8987","2024-05-18",挂起,12
"8988","2024-05-19",话务员暂存,35
"8989","2024-05-19",话务员受理,37
"8990","2024-05-19",话务员办理,24
"8991","2024-05-19",热线审核,38
"8992","2024-05-19",热线复核,8
"8993","2024-05-19",承办单位审核,10
"8994","2024-05-19",承办单位处理,26
"8995","2024-05-19",承办单位复核,9
"8996","2024-05-19",办结,22
"8997","2024-05-19",回访,39
"8998","2024-05-19",归档,42
"8999","2024-05-19",挂起,34
"9000","2024-05-20",话务员暂存,129
"9001","2024-05-20",话务员受理,65
"9002","2024-05-20",话务员办理,80
"9003","2024-05-20",热线审核,54
"9004","2024-05-20",热线复核,121
"9005","2024-05-20",承办单位审核,67
"9006","2024-05-20",承办单位处理,3
"9007","2024-05-20",承办单位复核,54
"9008","2024-05-20",办结,109
"9009","2024-05-20",回访,130
"9010","2024-05-20",归档,60
"9011","2024-05-20",挂起,32
"9012","2024-05-21",话务员暂存,66
"9013","2024-05-21",话务员受理,35
"9014","2024-05-21",话务员办理,67
"9015","2024-05-21",热线审核,79
"9016","2024-05-21",热线复核,69
"9017","2024-05-21",承办单位审核,72
"9018","2024-05-21",承办单位处理,82
"9019","2024-05-21",承办单位复核,32
"9020","2024-05-21",办结,35
"9021","2024-05-21",回访,32
"9022","2024-05-21",归档,6
"9023","2024-05-21",挂起,87
"9024","2024-05-22",话务员暂存,52
"9025","2024-05-22",话务员受理,127
"9026","2024-05-22",话务员办理,30
"9027","2024-05-22",热线审核,82
"9028","2024-05-22",热线复核,1
"9029","2024-05-22",承办单位审核,131
"9030","2024-05-22",承办单位处理,136
"9031","2024-05-22",承办单位复核,41
"9032","2024-05-22",办结,88
"9033","2024-05-22",回访,76
"9034","2024-05-22",归档,13
"9035","2024-05-22",挂起,28
"9036","2024-05-23",话务员暂存,69
"9037","2024-05-23",话务员受理,120
"9038","2024-05-23",话务员办理,103
"9039","2024-05-23",热线审核,96
"9040","2024-05-23",热线复核,72
"9041","2024-05-23",承办单位审核,43
"9042","2024-05-23",承办单位处理,108
"9043","2024-05-23",承办单位复核,25
"9044","2024-05-23",办结,135
"9045","2024-05-23",回访,112
"9046","2024-05-23",归档,12
"9047","2024-05-23",挂起,101
"9048","2024-05-24",话务员暂存,27
"9049","2024-05-24",话务员受理,8
"9050","2024-05-24",话务员办理,94
"9051","2024-05-24",热线审核,71
"9052","2024-05-24",热线复核,38
"9053","2024-05-24",承办单位审核,56
"9054","2024-05-24",承办单位处理,36
"9055","2024-05-24",承办单位复核,11
"9056","2024-05-24",办结,46
"9057","2024-05-24",回访,53
"9058","2024-05-24",归档,85
"9059","2024-05-24",挂起,50
"9060","2024-05-25",话务员暂存,58
"9061","2024-05-25",话务员受理,25
"9062","2024-05-25",话务员办理,37
"9063","2024-05-25",热线审核,64
"9064","2024-05-25",热线复核,57
"9065","2024-05-25",承办单位审核,52
"9066","2024-05-25",承办单位处理,28
"9067","2024-05-25",承办单位复核,15
"9068","2024-05-25",办结,42
"9069","2024-05-25",回访,65
"9070","2024-05-25",归档,67
"9071","2024-05-25",挂起,43
"9072","2024-05-26",话务员暂存,9
"9073","2024-05-26",话务员受理,43
"9074","2024-05-26",话务员办理,53
"9075","2024-05-26",热线审核,38
"9076","2024-05-26",热线复核,52
"9077","2024-05-26",承办单位审核,58
"9078","2024-05-26",承办单位处理,35
"9079","2024-05-26",承办单位复核,61
"9080","2024-05-26",办结,60
"9081","2024-05-26",回访,25
"9082","2024-05-26",归档,25
"9083","2024-05-26",挂起,56
"9084","2024-05-27",话务员暂存,137
"9085","2024-05-27",话务员受理,13
"9086","2024-05-27",话务员办理,108
"9087","2024-05-27",热线审核,36
"9088","2024-05-27",热线复核,131
"9089","2024-05-27",承办单位审核,15
"9090","2024-05-27",承办单位处理,20
"9091","2024-05-27",承办单位复核,58
"9092","2024-05-27",办结,90
"9093","2024-05-27",回访,122
"9094","2024-05-27",归档,17
"9095","2024-05-27",挂起,40
"9096","2024-05-28",话务员暂存,9
"9097","2024-05-28",话务员受理,27
"9098","2024-05-28",话务员办理,22
"9099","2024-05-28",热线审核,59
"9100","2024-05-28",热线复核,76
"9101","2024-05-28",承办单位审核,11
"9102","2024-05-28",承办单位处理,82
"9103","2024-05-28",承办单位复核,88
"9104","2024-05-28",办结,33
"9105","2024-05-28",回访,11
"9106","2024-05-28",归档,23
"9107","2024-05-28",挂起,57
"9108","2024-05-29",话务员暂存,54
"9109","2024-05-29",话务员受理,21
"9110","2024-05-29",话务员办理,15
"9111","2024-05-29",热线审核,76
"9112","2024-05-29",热线复核,27
"9113","2024-05-29",承办单位审核,30
"9114","2024-05-29",承办单位处理,90
"9115","2024-05-29",承办单位复核,70
"9116","2024-05-29",办结,102
"9117","2024-05-29",回访,130
"9118","2024-05-29",归档,49
"9119","2024-05-29",挂起,97
"9120","2024-05-30",话务员暂存,111
"9121","2024-05-30",话务员受理,16
"9122","2024-05-30",话务员办理,34
"9123","2024-05-30",热线审核,113
"9124","2024-05-30",热线复核,84
"9125","2024-05-30",承办单位审核,26
"9126","2024-05-30",承办单位处理,116
"9127","2024-05-30",承办单位复核,83
"9128","2024-05-30",办结,86
"9129","2024-05-30",回访,99
"9130","2024-05-30",归档,63
"9131","2024-05-30",挂起,124
"9132","2024-05-31",话务员暂存,25
"9133","2024-05-31",话务员受理,1
"9134","2024-05-31",话务员办理,30
"9135","2024-05-31",热线审核,10
"9136","2024-05-31",热线复核,29
"9137","2024-05-31",承办单位审核,47
"9138","2024-05-31",承办单位处理,3
"9139","2024-05-31",承办单位复核,18
"9140","2024-05-31",办结,65
"9141","2024-05-31",回访,32
"9142","2024-05-31",归档,22
"9143","2024-05-31",挂起,61
"9144","2024-06-01",话务员暂存,118
"9145","2024-06-01",话务员受理,18
"9146","2024-06-01",话务员办理,20
"9147","2024-06-01",热线审核,122
"9148","2024-06-01",热线复核,16
"9149","2024-06-01",承办单位审核,22
"9150","2024-06-01",承办单位处理,1
"9151","2024-06-01",承办单位复核,109
"9152","2024-06-01",办结,19
"9153","2024-06-01",回访,26
"9154","2024-06-01",归档,86
"9155","2024-06-01",挂起,119
"9156","2024-06-02",话务员暂存,129
"9157","2024-06-02",话务员受理,57
"9158","2024-06-02",话务员办理,85
"9159","2024-06-02",热线审核,41
"9160","2024-06-02",热线复核,19
"9161","2024-06-02",承办单位审核,26
"9162","2024-06-02",承办单位处理,6
"9163","2024-06-02",承办单位复核,52
"9164","2024-06-02",办结,42
"9165","2024-06-02",回访,2
"9166","2024-06-02",归档,47
"9167","2024-06-02",挂起,33
"9168","2024-06-03",话务员暂存,145
"9169","2024-06-03",话务员受理,118
"9170","2024-06-03",话务员办理,151
"9171","2024-06-03",热线审核,19
"9172","2024-06-03",热线复核,66
"9173","2024-06-03",承办单位审核,150
"9174","2024-06-03",承办单位处理,53
"9175","2024-06-03",承办单位复核,4
"9176","2024-06-03",办结,11
"9177","2024-06-03",回访,56
"9178","2024-06-03",归档,69
"9179","2024-06-03",挂起,143
"9180","2024-06-04",话务员暂存,35
"9181","2024-06-04",话务员受理,3
"9182","2024-06-04",话务员办理,37
"9183","2024-06-04",热线审核,28
"9184","2024-06-04",热线复核,51
"9185","2024-06-04",承办单位审核,49
"9186","2024-06-04",承办单位处理,23
"9187","2024-06-04",承办单位复核,9
"9188","2024-06-04",办结,38
"9189","2024-06-04",回访,16
"9190","2024-06-04",归档,29
"9191","2024-06-04",挂起,42
"9192","2024-06-05",话务员暂存,53
"9193","2024-06-05",话务员受理,17
"9194","2024-06-05",话务员办理,59
"9195","2024-06-05",热线审核,26
"9196","2024-06-05",热线复核,50
"9197","2024-06-05",承办单位审核,23
"9198","2024-06-05",承办单位处理,2
"9199","2024-06-05",承办单位复核,49
"9200","2024-06-05",办结,60
"9201","2024-06-05",回访,1
"9202","2024-06-05",归档,9
"9203","2024-06-05",挂起,2
"9204","2024-06-06",话务员暂存,34
"9205","2024-06-06",话务员受理,86
"9206","2024-06-06",话务员办理,118
"9207","2024-06-06",热线审核,75
"9208","2024-06-06",热线复核,109
"9209","2024-06-06",承办单位审核,81
"9210","2024-06-06",承办单位处理,87
"9211","2024-06-06",承办单位复核,91
"9212","2024-06-06",办结,15
"9213","2024-06-06",回访,85
"9214","2024-06-06",归档,37
"9215","2024-06-06",挂起,51
"9216","2024-06-07",话务员暂存,6
"9217","2024-06-07",话务员受理,52
"9218","2024-06-07",话务员办理,48
"9219","2024-06-07",热线审核,46
"9220","2024-06-07",热线复核,5
"9221","2024-06-07",承办单位审核,33
"9222","2024-06-07",承办单位处理,34
"9223","2024-06-07",承办单位复核,12
"9224","2024-06-07",办结,5
"9225","2024-06-07",回访,48
"9226","2024-06-07",归档,43
"9227","2024-06-07",挂起,31
"9228","2024-06-08",话务员暂存,58
"9229","2024-06-08",话务员受理,80
"9230","2024-06-08",话务员办理,119
"9231","2024-06-08",热线审核,68
"9232","2024-06-08",热线复核,73
"9233","2024-06-08",承办单位审核,18
"9234","2024-06-08",承办单位处理,10
"9235","2024-06-08",承办单位复核,104
"9236","2024-06-08",办结,37
"9237","2024-06-08",回访,32
"9238","2024-06-08",归档,69
"9239","2024-06-08",挂起,32
"9240","2024-06-09",话务员暂存,99
"9241","2024-06-09",话务员受理,122
"9242","2024-06-09",话务员办理,13
"9243","2024-06-09",热线审核,16
"9244","2024-06-09",热线复核,106
"9245","2024-06-09",承办单位审核,47
"9246","2024-06-09",承办单位处理,114
"9247","2024-06-09",承办单位复核,18
"9248","2024-06-09",办结,41
"9249","2024-06-09",回访,31
"9250","2024-06-09",归档,60
"9251","2024-06-09",挂起,121
"9252","2024-06-10",话务员暂存,68
"9253","2024-06-10",话务员受理,7
"9254","2024-06-10",话务员办理,2
"9255","2024-06-10",热线审核,64
"9256","2024-06-10",热线复核,90
"9257","2024-06-10",承办单位审核,10
"9258","2024-06-10",承办单位处理,21
"9259","2024-06-10",承办单位复核,3
"9260","2024-06-10",办结,62
"9261","2024-06-10",回访,37
"9262","2024-06-10",归档,5
"9263","2024-06-10",挂起,48
"9264","2024-06-11",话务员暂存,114
"9265","2024-06-11",话务员受理,19
"9266","2024-06-11",话务员办理,69
"9267","2024-06-11",热线审核,72
"9268","2024-06-11",热线复核,26
"9269","2024-06-11",承办单位审核,84
"9270","2024-06-11",承办单位处理,7
"9271","2024-06-11",承办单位复核,21
"9272","2024-06-11",办结,91
"9273","2024-06-11",回访,6
"9274","2024-06-11",归档,92
"9275","2024-06-11",挂起,41
"9276","2024-06-12",话务员暂存,10
"9277","2024-06-12",话务员受理,31
"9278","2024-06-12",话务员办理,6
"9279","2024-06-12",热线审核,127
"9280","2024-06-12",热线复核,102
"9281","2024-06-12",承办单位审核,122
"9282","2024-06-12",承办单位处理,85
"9283","2024-06-12",承办单位复核,22
"9284","2024-06-12",办结,130
"9285","2024-06-12",回访,104
"9286","2024-06-12",归档,37
"9287","2024-06-12",挂起,2
"9288","2024-06-13",话务员暂存,45
"9289","2024-06-13",话务员受理,116
"9290","2024-06-13",话务员办理,74
"9291","2024-06-13",热线审核,88
"9292","2024-06-13",热线复核,73
"9293","2024-06-13",承办单位审核,93
"9294","2024-06-13",承办单位处理,105
"9295","2024-06-13",承办单位复核,5
"9296","2024-06-13",办结,102
"9297","2024-06-13",回访,26
"9298","2024-06-13",归档,0
"9299","2024-06-13",挂起,104
"9300","2024-06-14",话务员暂存,30
"9301","2024-06-14",话务员受理,13
"9302","2024-06-14",话务员办理,77
"9303","2024-06-14",热线审核,60
"9304","2024-06-14",热线复核,11
"9305","2024-06-14",承办单位审核,21
"9306","2024-06-14",承办单位处理,39
"9307","2024-06-14",承办单位复核,45
"9308","2024-06-14",办结,42
"9309","2024-06-14",回访,68
"9310","2024-06-14",归档,87
"9311","2024-06-14",挂起,58
"9312","2024-06-15",话务员暂存,59
"9313","2024-06-15",话务员受理,72
"9314","2024-06-15",话务员办理,18
"9315","2024-06-15",热线审核,62
"9316","2024-06-15",热线复核,29
"9317","2024-06-15",承办单位审核,125
"9318","2024-06-15",承办单位处理,77
"9319","2024-06-15",承办单位复核,122
"9320","2024-06-15",办结,88
"9321","2024-06-15",回访,30
"9322","2024-06-15",归档,83
"9323","2024-06-15",挂起,51
"9324","2024-06-16",话务员暂存,105
"9325","2024-06-16",话务员受理,86
"9326","2024-06-16",话务员办理,60
"9327","2024-06-16",热线审核,144
"9328","2024-06-16",热线复核,76
"9329","2024-06-16",承办单位审核,72
"9330","2024-06-16",承办单位处理,31
"9331","2024-06-16",承办单位复核,48
"9332","2024-06-16",办结,7
"9333","2024-06-16",回访,97
"9334","2024-06-16",归档,64
"9335","2024-06-16",挂起,146
"9336","2024-06-17",话务员暂存,8
"9337","2024-06-17",话务员受理,48
"9338","2024-06-17",话务员办理,64
"9339","2024-06-17",热线审核,87
"9340","2024-06-17",热线复核,65
"9341","2024-06-17",承办单位审核,39
"9342","2024-06-17",承办单位处理,76
"9343","2024-06-17",承办单位复核,51
"9344","2024-06-17",办结,40
"9345","2024-06-17",回访,47
"9346","2024-06-17",归档,83
"9347","2024-06-17",挂起,43
"9348","2024-06-18",话务员暂存,68
"9349","2024-06-18",话务员受理,17
"9350","2024-06-18",话务员办理,50
"9351","2024-06-18",热线审核,39
"9352","2024-06-18",热线复核,96
"9353","2024-06-18",承办单位审核,73
"9354","2024-06-18",承办单位处理,66
"9355","2024-06-18",承办单位复核,53
"9356","2024-06-18",办结,74
"9357","2024-06-18",回访,105
"9358","2024-06-18",归档,99
"9359","2024-06-18",挂起,34
"9360","2024-06-19",话务员暂存,8
"9361","2024-06-19",话务员受理,56
"9362","2024-06-19",话务员办理,78
"9363","2024-06-19",热线审核,65
"9364","2024-06-19",热线复核,26
"9365","2024-06-19",承办单位审核,72
"9366","2024-06-19",承办单位处理,20
"9367","2024-06-19",承办单位复核,68
"9368","2024-06-19",办结,58
"9369","2024-06-19",回访,11
"9370","2024-06-19",归档,60
"9371","2024-06-19",挂起,79
"9372","2024-06-20",话务员暂存,97
"9373","2024-06-20",话务员受理,10
"9374","2024-06-20",话务员办理,59
"9375","2024-06-20",热线审核,74
"9376","2024-06-20",热线复核,89
"9377","2024-06-20",承办单位审核,79
"9378","2024-06-20",承办单位处理,11
"9379","2024-06-20",承办单位复核,79
"9380","2024-06-20",办结,86
"9381","2024-06-20",回访,9
"9382","2024-06-20",归档,98
"9383","2024-06-20",挂起,37
"9384","2024-06-21",话务员暂存,28
"9385","2024-06-21",话务员受理,34
"9386","2024-06-21",话务员办理,44
"9387","2024-06-21",热线审核,49
"9388","2024-06-21",热线复核,47
"9389","2024-06-21",承办单位审核,43
"9390","2024-06-21",承办单位处理,55
"9391","2024-06-21",承办单位复核,24
"9392","2024-06-21",办结,55
"9393","2024-06-21",回访,47
"9394","2024-06-21",归档,41
"9395","2024-06-21",挂起,46
"9396","2024-06-22",话务员暂存,9
"9397","2024-06-22",话务员受理,114
"9398","2024-06-22",话务员办理,13
"9399","2024-06-22",热线审核,46
"9400","2024-06-22",热线复核,148
"9401","2024-06-22",承办单位审核,56
"9402","2024-06-22",承办单位处理,45
"9403","2024-06-22",承办单位复核,137
"9404","2024-06-22",办结,97
"9405","2024-06-22",回访,132
"9406","2024-06-22",归档,103
"9407","2024-06-22",挂起,43
"9408","2024-06-23",话务员暂存,31
"9409","2024-06-23",话务员受理,18
"9410","2024-06-23",话务员办理,42
"9411","2024-06-23",热线审核,24
"9412","2024-06-23",热线复核,7
"9413","2024-06-23",承办单位审核,32
"9414","2024-06-23",承办单位处理,49
"9415","2024-06-23",承办单位复核,59
"9416","2024-06-23",办结,51
"9417","2024-06-23",回访,54
"9418","2024-06-23",归档,18
"9419","2024-06-23",挂起,17
"9420","2024-06-24",话务员暂存,45
"9421","2024-06-24",话务员受理,83
"9422","2024-06-24",话务员办理,40
"9423","2024-06-24",热线审核,0
"9424","2024-06-24",热线复核,82
"9425","2024-06-24",承办单位审核,62
"9426","2024-06-24",承办单位处理,17
"9427","2024-06-24",承办单位复核,27
"9428","2024-06-24",办结,11
"9429","2024-06-24",回访,10
"9430","2024-06-24",归档,57
"9431","2024-06-24",挂起,42
"9432","2024-06-25",话务员暂存,59
"9433","2024-06-25",话务员受理,8
"9434","2024-06-25",话务员办理,4
"9435","2024-06-25",热线审核,53
"9436","2024-06-25",热线复核,18
"9437","2024-06-25",承办单位审核,28
"9438","2024-06-25",承办单位处理,85
"9439","2024-06-25",承办单位复核,20
"9440","2024-06-25",办结,41
"9441","2024-06-25",回访,45
"9442","2024-06-25",归档,82
"9443","2024-06-25",挂起,102
"9444","2024-06-26",话务员暂存,61
"9445","2024-06-26",话务员受理,49
"9446","2024-06-26",话务员办理,19
"9447","2024-06-26",热线审核,9
"9448","2024-06-26",热线复核,15
"9449","2024-06-26",承办单位审核,59
"9450","2024-06-26",承办单位处理,18
"9451","2024-06-26",承办单位复核,25
"9452","2024-06-26",办结,60
"9453","2024-06-26",回访,3
"9454","2024-06-26",归档,10
"9455","2024-06-26",挂起,5
"9456","2024-06-27",话务员暂存,132
"9457","2024-06-27",话务员受理,90
"9458","2024-06-27",话务员办理,99
"9459","2024-06-27",热线审核,53
"9460","2024-06-27",热线复核,50
"9461","2024-06-27",承办单位审核,4
"9462","2024-06-27",承办单位处理,101
"9463","2024-06-27",承办单位复核,97
"9464","2024-06-27",办结,145
"9465","2024-06-27",回访,69
"9466","2024-06-27",归档,69
"9467","2024-06-27",挂起,78
"9468","2024-06-28",话务员暂存,88
"9469","2024-06-28",话务员受理,28
"9470","2024-06-28",话务员办理,87
"9471","2024-06-28",热线审核,80
"9472","2024-06-28",热线复核,97
"9473","2024-06-28",承办单位审核,74
"9474","2024-06-28",承办单位处理,16
"9475","2024-06-28",承办单位复核,77
"9476","2024-06-28",办结,77
"9477","2024-06-28",回访,4
"9478","2024-06-28",归档,53
"9479","2024-06-28",挂起,87
"9480","2024-06-29",话务员暂存,36
"9481","2024-06-29",话务员受理,52
"9482","2024-06-29",话务员办理,72
"9483","2024-06-29",热线审核,88
"9484","2024-06-29",热线复核,5
"9485","2024-06-29",承办单位审核,51
"9486","2024-06-29",承办单位处理,129
"9487","2024-06-29",承办单位复核,77
"9488","2024-06-29",办结,153
"9489","2024-06-29",回访,90
"9490","2024-06-29",归档,88
"9491","2024-06-29",挂起,93
"9492","2024-06-30",话务员暂存,105
"9493","2024-06-30",话务员受理,1
"9494","2024-06-30",话务员办理,25
"9495","2024-06-30",热线审核,61
"9496","2024-06-30",热线复核,56
"9497","2024-06-30",承办单位审核,162
"9498","2024-06-30",承办单位处理,100
"9499","2024-06-30",承办单位复核,117
"9500","2024-06-30",办结,3
"9501","2024-06-30",回访,77
"9502","2024-06-30",归档,64
"9503","2024-06-30",挂起,135
"9504","2024-07-01",话务员暂存,94
"9505","2024-07-01",话务员受理,75
"9506","2024-07-01",话务员办理,101
"9507","2024-07-01",热线审核,53
"9508","2024-07-01",热线复核,149
"9509","2024-07-01",承办单位审核,29
"9510","2024-07-01",承办单位处理,6
"9511","2024-07-01",承办单位复核,48
"9512","2024-07-01",办结,129
"9513","2024-07-01",回访,41
"9514","2024-07-01",归档,44
"9515","2024-07-01",挂起,142
"9516","2024-07-02",话务员暂存,52
"9517","2024-07-02",话务员受理,60
"9518","2024-07-02",话务员办理,75
"9519","2024-07-02",热线审核,7
"9520","2024-07-02",热线复核,61
"9521","2024-07-02",承办单位审核,2
"9522","2024-07-02",承办单位处理,52
"9523","2024-07-02",承办单位复核,91
"9524","2024-07-02",办结,30
"9525","2024-07-02",回访,70
"9526","2024-07-02",归档,47
"9527","2024-07-02",挂起,36
"9528","2024-07-03",话务员暂存,68
"9529","2024-07-03",话务员受理,66
"9530","2024-07-03",话务员办理,48
"9531","2024-07-03",热线审核,82
"9532","2024-07-03",热线复核,66
"9533","2024-07-03",承办单位审核,17
"9534","2024-07-03",承办单位处理,51
"9535","2024-07-03",承办单位复核,93
"9536","2024-07-03",办结,29
"9537","2024-07-03",回访,59
"9538","2024-07-03",归档,3
"9539","2024-07-03",挂起,8
"9540","2024-07-04",话务员暂存,83
"9541","2024-07-04",话务员受理,19
"9542","2024-07-04",话务员办理,8
"9543","2024-07-04",热线审核,30
"9544","2024-07-04",热线复核,57
"9545","2024-07-04",承办单位审核,78
"9546","2024-07-04",承办单位处理,26
"9547","2024-07-04",承办单位复核,83
"9548","2024-07-04",办结,92
"9549","2024-07-04",回访,86
"9550","2024-07-04",归档,54
"9551","2024-07-04",挂起,3
"9552","2024-07-05",话务员暂存,25
"9553","2024-07-05",话务员受理,37
"9554","2024-07-05",话务员办理,39
"9555","2024-07-05",热线审核,36
"9556","2024-07-05",热线复核,46
"9557","2024-07-05",承办单位审核,21
"9558","2024-07-05",承办单位处理,35
"9559","2024-07-05",承办单位复核,9
"9560","2024-07-05",办结,2
"9561","2024-07-05",回访,47
"9562","2024-07-05",归档,6
"9563","2024-07-05",挂起,63
"9564","2024-07-06",话务员暂存,39
"9565","2024-07-06",话务员受理,56
"9566","2024-07-06",话务员办理,116
"9567","2024-07-06",热线审核,54
"9568","2024-07-06",热线复核,95
"9569","2024-07-06",承办单位审核,2
"9570","2024-07-06",承办单位处理,57
"9571","2024-07-06",承办单位复核,70
"9572","2024-07-06",办结,39
"9573","2024-07-06",回访,54
"9574","2024-07-06",归档,47
"9575","2024-07-06",挂起,18
"9576","2024-07-07",话务员暂存,5
"9577","2024-07-07",话务员受理,7
"9578","2024-07-07",话务员办理,56
"9579","2024-07-07",热线审核,19
"9580","2024-07-07",热线复核,99
"9581","2024-07-07",承办单位审核,86
"9582","2024-07-07",承办单位处理,50
"9583","2024-07-07",承办单位复核,79
"9584","2024-07-07",办结,103
"9585","2024-07-07",回访,98
"9586","2024-07-07",归档,47
"9587","2024-07-07",挂起,11
"9588","2024-07-08",话务员暂存,121
"9589","2024-07-08",话务员受理,113
"9590","2024-07-08",话务员办理,16
"9591","2024-07-08",热线审核,15
"9592","2024-07-08",热线复核,47
"9593","2024-07-08",承办单位审核,54
"9594","2024-07-08",承办单位处理,76
"9595","2024-07-08",承办单位复核,37
"9596","2024-07-08",办结,65
"9597","2024-07-08",回访,121
"9598","2024-07-08",归档,66
"9599","2024-07-08",挂起,41
"9600","2024-07-09",话务员暂存,32
"9601","2024-07-09",话务员受理,8
"9602","2024-07-09",话务员办理,21
"9603","2024-07-09",热线审核,40
"9604","2024-07-09",热线复核,35
"9605","2024-07-09",承办单位审核,44
"9606","2024-07-09",承办单位处理,45
"9607","2024-07-09",承办单位复核,8
"9608","2024-07-09",办结,4
"9609","2024-07-09",回访,30
"9610","2024-07-09",归档,46
"9611","2024-07-09",挂起,52
"9612","2024-07-10",话务员暂存,21
"9613","2024-07-10",话务员受理,125
"9614","2024-07-10",话务员办理,114
"9615","2024-07-10",热线审核,89
"9616","2024-07-10",热线复核,7
"9617","2024-07-10",承办单位审核,50
"9618","2024-07-10",承办单位处理,103
"9619","2024-07-10",承办单位复核,95
"9620","2024-07-10",办结,89
"9621","2024-07-10",回访,7
"9622","2024-07-10",归档,32
"9623","2024-07-10",挂起,108
"9624","2024-07-11",话务员暂存,4
"9625","2024-07-11",话务员受理,130
"9626","2024-07-11",话务员办理,63
"9627","2024-07-11",热线审核,15
"9628","2024-07-11",热线复核,55
"9629","2024-07-11",承办单位审核,32
"9630","2024-07-11",承办单位处理,9
"9631","2024-07-11",承办单位复核,137
"9632","2024-07-11",办结,89
"9633","2024-07-11",回访,133
"9634","2024-07-11",归档,57
"9635","2024-07-11",挂起,25
"9636","2024-07-12",话务员暂存,99
"9637","2024-07-12",话务员受理,26
"9638","2024-07-12",话务员办理,53
"9639","2024-07-12",热线审核,71
"9640","2024-07-12",热线复核,6
"9641","2024-07-12",承办单位审核,49
"9642","2024-07-12",承办单位处理,60
"9643","2024-07-12",承办单位复核,74
"9644","2024-07-12",办结,45
"9645","2024-07-12",回访,25
"9646","2024-07-12",归档,83
"9647","2024-07-12",挂起,91
"9648","2024-07-13",话务员暂存,38
"9649","2024-07-13",话务员受理,70
"9650","2024-07-13",话务员办理,45
"9651","2024-07-13",热线审核,12
"9652","2024-07-13",热线复核,138
"9653","2024-07-13",承办单位审核,137
"9654","2024-07-13",承办单位处理,83
"9655","2024-07-13",承办单位复核,69
"9656","2024-07-13",办结,6
"9657","2024-07-13",回访,133
"9658","2024-07-13",归档,35
"9659","2024-07-13",挂起,9
"9660","2024-07-14",话务员暂存,10
"9661","2024-07-14",话务员受理,45
"9662","2024-07-14",话务员办理,15
"9663","2024-07-14",热线审核,45
"9664","2024-07-14",热线复核,36
"9665","2024-07-14",承办单位审核,90
"9666","2024-07-14",承办单位处理,105
"9667","2024-07-14",承办单位复核,80
"9668","2024-07-14",办结,48
"9669","2024-07-14",回访,77
"9670","2024-07-14",归档,62
"9671","2024-07-14",挂起,79
"9672","2024-07-15",话务员暂存,104
"9673","2024-07-15",话务员受理,132
"9674","2024-07-15",话务员办理,94
"9675","2024-07-15",热线审核,127
"9676","2024-07-15",热线复核,4
"9677","2024-07-15",承办单位审核,8
"9678","2024-07-15",承办单位处理,10
"9679","2024-07-15",承办单位复核,35
"9680","2024-07-15",办结,16
"9681","2024-07-15",回访,66
"9682","2024-07-15",归档,22
"9683","2024-07-15",挂起,78
"9684","2024-07-16",话务员暂存,114
"9685","2024-07-16",话务员受理,87
"9686","2024-07-16",话务员办理,67
"9687","2024-07-16",热线审核,87
"9688","2024-07-16",热线复核,38
"9689","2024-07-16",承办单位审核,9
"9690","2024-07-16",承办单位处理,95
"9691","2024-07-16",承办单位复核,4
"9692","2024-07-16",办结,62
"9693","2024-07-16",回访,85
"9694","2024-07-16",归档,120
"9695","2024-07-16",挂起,15
"9696","2024-07-17",话务员暂存,6
"9697","2024-07-17",话务员受理,116
"9698","2024-07-17",话务员办理,7
"9699","2024-07-17",热线审核,107
"9700","2024-07-17",热线复核,34
"9701","2024-07-17",承办单位审核,20
"9702","2024-07-17",承办单位处理,17
"9703","2024-07-17",承办单位复核,67
"9704","2024-07-17",办结,69
"9705","2024-07-17",回访,69
"9706","2024-07-17",归档,37
"9707","2024-07-17",挂起,59
"9708","2024-07-18",话务员暂存,20
"9709","2024-07-18",话务员受理,16
"9710","2024-07-18",话务员办理,104
"9711","2024-07-18",热线审核,102
"9712","2024-07-18",热线复核,98
"9713","2024-07-18",承办单位审核,130
"9714","2024-07-18",承办单位处理,33
"9715","2024-07-18",承办单位复核,14
"9716","2024-07-18",办结,31
"9717","2024-07-18",回访,94
"9718","2024-07-18",归档,139
"9719","2024-07-18",挂起,56
"9720","2024-07-19",话务员暂存,51
"9721","2024-07-19",话务员受理,10
"9722","2024-07-19",话务员办理,68
"9723","2024-07-19",热线审核,78
"9724","2024-07-19",热线复核,41
"9725","2024-07-19",承办单位审核,6
"9726","2024-07-19",承办单位处理,1
"9727","2024-07-19",承办单位复核,90
"9728","2024-07-19",办结,19
"9729","2024-07-19",回访,114
"9730","2024-07-19",归档,16
"9731","2024-07-19",挂起,113
"9732","2024-07-20",话务员暂存,51
"9733","2024-07-20",话务员受理,14
"9734","2024-07-20",话务员办理,50
"9735","2024-07-20",热线审核,35
"9736","2024-07-20",热线复核,53
"9737","2024-07-20",承办单位审核,2
"9738","2024-07-20",承办单位处理,19
"9739","2024-07-20",承办单位复核,50
"9740","2024-07-20",办结,11
"9741","2024-07-20",回访,3
"9742","2024-07-20",归档,25
"9743","2024-07-20",挂起,9
"9744","2024-07-21",话务员暂存,45
"9745","2024-07-21",话务员受理,30
"9746","2024-07-21",话务员办理,43
"9747","2024-07-21",热线审核,50
"9748","2024-07-21",热线复核,37
"9749","2024-07-21",承办单位审核,19
"9750","2024-07-21",承办单位处理,3
"9751","2024-07-21",承办单位复核,29
"9752","2024-07-21",办结,31
"9753","2024-07-21",回访,9
"9754","2024-07-21",归档,9
"9755","2024-07-21",挂起,3
"9756","2024-07-22",话务员暂存,50
"9757","2024-07-22",话务员受理,126
"9758","2024-07-22",话务员办理,138
"9759","2024-07-22",热线审核,66
"9760","2024-07-22",热线复核,67
"9761","2024-07-22",承办单位审核,9
"9762","2024-07-22",承办单位处理,46
"9763","2024-07-22",承办单位复核,105
"9764","2024-07-22",办结,107
"9765","2024-07-22",回访,54
"9766","2024-07-22",归档,83
"9767","2024-07-22",挂起,91
"9768","2024-07-23",话务员暂存,36
"9769","2024-07-23",话务员受理,1
"9770","2024-07-23",话务员办理,42
"9771","2024-07-23",热线审核,2
"9772","2024-07-23",热线复核,12
"9773","2024-07-23",承办单位审核,39
"9774","2024-07-23",承办单位处理,26
"9775","2024-07-23",承办单位复核,29
"9776","2024-07-23",办结,57
"9777","2024-07-23",回访,10
"9778","2024-07-23",归档,16
"9779","2024-07-23",挂起,52
"9780","2024-07-24",话务员暂存,13
"9781","2024-07-24",话务员受理,18
"9782","2024-07-24",话务员办理,29
"9783","2024-07-24",热线审核,18
"9784","2024-07-24",热线复核,60
"9785","2024-07-24",承办单位审核,53
"9786","2024-07-24",承办单位处理,10
"9787","2024-07-24",承办单位复核,61
"9788","2024-07-24",办结,22
"9789","2024-07-24",回访,11
"9790","2024-07-24",归档,15
"9791","2024-07-24",挂起,9
"9792","2024-07-25",话务员暂存,121
"9793","2024-07-25",话务员受理,110
"9794","2024-07-25",话务员办理,109
"9795","2024-07-25",热线审核,10
"9796","2024-07-25",热线复核,50
"9797","2024-07-25",承办单位审核,125
"9798","2024-07-25",承办单位处理,60
"9799","2024-07-25",承办单位复核,77
"9800","2024-07-25",办结,91
"9801","2024-07-25",回访,102
"9802","2024-07-25",归档,74
"9803","2024-07-25",挂起,14
"9804","2024-07-26",话务员暂存,4
"9805","2024-07-26",话务员受理,69
"9806","2024-07-26",话务员办理,26
"9807","2024-07-26",热线审核,72
"9808","2024-07-26",热线复核,23
"9809","2024-07-26",承办单位审核,24
"9810","2024-07-26",承办单位处理,72
"9811","2024-07-26",承办单位复核,75
"9812","2024-07-26",办结,68
"9813","2024-07-26",回访,23
"9814","2024-07-26",归档,33
"9815","2024-07-26",挂起,50
"9816","2024-07-27",话务员暂存,138
"9817","2024-07-27",话务员受理,65
"9818","2024-07-27",话务员办理,109
"9819","2024-07-27",热线审核,42
"9820","2024-07-27",热线复核,8
"9821","2024-07-27",承办单位审核,118
"9822","2024-07-27",承办单位处理,78
"9823","2024-07-27",承办单位复核,85
"9824","2024-07-27",办结,92
"9825","2024-07-27",回访,22
"9826","2024-07-27",归档,89
"9827","2024-07-27",挂起,47
"9828","2024-07-28",话务员暂存,17
"9829","2024-07-28",话务员受理,78
"9830","2024-07-28",话务员办理,74
"9831","2024-07-28",热线审核,80
"9832","2024-07-28",热线复核,38
"9833","2024-07-28",承办单位审核,3
"9834","2024-07-28",承办单位处理,91
"9835","2024-07-28",承办单位复核,11
"9836","2024-07-28",办结,5
"9837","2024-07-28",回访,88
"9838","2024-07-28",归档,40
"9839","2024-07-28",挂起,76
"9840","2024-07-29",话务员暂存,39
"9841","2024-07-29",话务员受理,90
"9842","2024-07-29",话务员办理,27
"9843","2024-07-29",热线审核,120
"9844","2024-07-29",热线复核,43
"9845","2024-07-29",承办单位审核,66
"9846","2024-07-29",承办单位处理,122
"9847","2024-07-29",承办单位复核,94
"9848","2024-07-29",办结,106
"9849","2024-07-29",回访,125
"9850","2024-07-29",归档,21
"9851","2024-07-29",挂起,52
"9852","2024-07-30",话务员暂存,46
"9853","2024-07-30",话务员受理,2
"9854","2024-07-30",话务员办理,59
"9855","2024-07-30",热线审核,4
"9856","2024-07-30",热线复核,164
"9857","2024-07-30",承办单位审核,1
"9858","2024-07-30",承办单位处理,121
"9859","2024-07-30",承办单位复核,45
"9860","2024-07-30",办结,60
"9861","2024-07-30",回访,34
"9862","2024-07-30",归档,65
"9863","2024-07-30",挂起,6
"9864","2024-07-31",话务员暂存,37
"9865","2024-07-31",话务员受理,23
"9866","2024-07-31",话务员办理,17
"9867","2024-07-31",热线审核,45
"9868","2024-07-31",热线复核,41
"9869","2024-07-31",承办单位审核,39
"9870","2024-07-31",承办单位处理,24
"9871","2024-07-31",承办单位复核,23
"9872","2024-07-31",办结,33
"9873","2024-07-31",回访,48
"9874","2024-07-31",归档,2
"9875","2024-07-31",挂起,12
"9876","2024-08-01",话务员暂存,61
"9877","2024-08-01",话务员受理,66
"9878","2024-08-01",话务员办理,42
"9879","2024-08-01",热线审核,53
"9880","2024-08-01",热线复核,19
"9881","2024-08-01",承办单位审核,33
"9882","2024-08-01",承办单位处理,1
"9883","2024-08-01",承办单位复核,1
"9884","2024-08-01",办结,62
"9885","2024-08-01",回访,22
"9886","2024-08-01",归档,56
"9887","2024-08-01",挂起,46
"9888","2024-08-02",话务员暂存,63
"9889","2024-08-02",话务员受理,42
"9890","2024-08-02",话务员办理,69
"9891","2024-08-02",热线审核,15
"9892","2024-08-02",热线复核,91
"9893","2024-08-02",承办单位审核,30
"9894","2024-08-02",承办单位处理,3
"9895","2024-08-02",承办单位复核,70
"9896","2024-08-02",办结,24
"9897","2024-08-02",回访,91
"9898","2024-08-02",归档,29
"9899","2024-08-02",挂起,37
"9900","2024-08-03",话务员暂存,68
"9901","2024-08-03",话务员受理,41
"9902","2024-08-03",话务员办理,86
"9903","2024-08-03",热线审核,103
"9904","2024-08-03",热线复核,153
"9905","2024-08-03",承办单位审核,33
"9906","2024-08-03",承办单位处理,0
"9907","2024-08-03",承办单位复核,66
"9908","2024-08-03",办结,61
"9909","2024-08-03",回访,133
"9910","2024-08-03",归档,95
"9911","2024-08-03",挂起,78
"9912","2024-08-04",话务员暂存,31
"9913","2024-08-04",话务员受理,38
"9914","2024-08-04",话务员办理,4
"9915","2024-08-04",热线审核,34
"9916","2024-08-04",热线复核,32
"9917","2024-08-04",承办单位审核,24
"9918","2024-08-04",承办单位处理,33
"9919","2024-08-04",承办单位复核,20
"9920","2024-08-04",办结,41
"9921","2024-08-04",回访,10
"9922","2024-08-04",归档,42
"9923","2024-08-04",挂起,35
"9924","2024-08-05",话务员暂存,56
"9925","2024-08-05",话务员受理,63
"9926","2024-08-05",话务员办理,69
"9927","2024-08-05",热线审核,121
"9928","2024-08-05",热线复核,89
"9929","2024-08-05",承办单位审核,80
"9930","2024-08-05",承办单位处理,79
"9931","2024-08-05",承办单位复核,90
"9932","2024-08-05",办结,87
"9933","2024-08-05",回访,101
"9934","2024-08-05",归档,7
"9935","2024-08-05",挂起,83
"9936","2024-08-06",话务员暂存,27
"9937","2024-08-06",话务员受理,4
"9938","2024-08-06",话务员办理,45
"9939","2024-08-06",热线审核,24
"9940","2024-08-06",热线复核,18
"9941","2024-08-06",承办单位审核,55
"9942","2024-08-06",承办单位处理,8
"9943","2024-08-06",承办单位复核,14
"9944","2024-08-06",办结,51
"9945","2024-08-06",回访,50
"9946","2024-08-06",归档,20
"9947","2024-08-06",挂起,53
"9948","2024-08-07",话务员暂存,29
"9949","2024-08-07",话务员受理,40
"9950","2024-08-07",话务员办理,2
"9951","2024-08-07",热线审核,25
"9952","2024-08-07",热线复核,17
"9953","2024-08-07",承办单位审核,9
"9954","2024-08-07",承办单位处理,36
"9955","2024-08-07",承办单位复核,30
"9956","2024-08-07",办结,50
"9957","2024-08-07",回访,34
"9958","2024-08-07",归档,7
"9959","2024-08-07",挂起,37
"9960","2024-08-08",话务员暂存,39
"9961","2024-08-08",话务员受理,27
"9962","2024-08-08",话务员办理,7
"9963","2024-08-08",热线审核,9
"9964","2024-08-08",热线复核,21
"9965","2024-08-08",承办单位审核,4
"9966","2024-08-08",承办单位处理,34
"9967","2024-08-08",承办单位复核,35
"9968","2024-08-08",办结,34
"9969","2024-08-08",回访,53
"9970","2024-08-08",归档,52
"9971","2024-08-08",挂起,3
"9972","2024-08-09",话务员暂存,22
"9973","2024-08-09",话务员受理,60
"9974","2024-08-09",话务员办理,55
"9975","2024-08-09",热线审核,75
"9976","2024-08-09",热线复核,35
"9977","2024-08-09",承办单位审核,79
"9978","2024-08-09",承办单位处理,54
"9979","2024-08-09",承办单位复核,7
"9980","2024-08-09",办结,65
"9981","2024-08-09",回访,2
"9982","2024-08-09",归档,67
"9983","2024-08-09",挂起,57
"9984","2024-08-10",话务员暂存,95
"9985","2024-08-10",话务员受理,54
"9986","2024-08-10",话务员办理,38
"9987","2024-08-10",热线审核,87
"9988","2024-08-10",热线复核,70
"9989","2024-08-10",承办单位审核,93
"9990","2024-08-10",承办单位处理,96
"9991","2024-08-10",承办单位复核,99
"9992","2024-08-10",办结,77
"9993","2024-08-10",回访,33
"9994","2024-08-10",归档,29
"9995","2024-08-10",挂起,65
"9996","2024-08-11",话务员暂存,39
"9997","2024-08-11",话务员受理,39
"9998","2024-08-11",话务员办理,99
"9999","2024-08-11",热线审核,0
"10000","2024-08-11",热线复核,3
"10001","2024-08-11",承办单位审核,30
"10002","2024-08-11",承办单位处理,59
"10003","2024-08-11",承办单位复核,104
"10004","2024-08-11",办结,53
"10005","2024-08-11",回访,23
"10006","2024-08-11",归档,70
"10007","2024-08-11",挂起,36
"10008","2024-08-12",话务员暂存,49
"10009","2024-08-12",话务员受理,31
"10010","2024-08-12",话务员办理,109
"10011","2024-08-12",热线审核,141
"10012","2024-08-12",热线复核,51
"10013","2024-08-12",承办单位审核,80
"10014","2024-08-12",承办单位处理,136
"10015","2024-08-12",承办单位复核,99
"10016","2024-08-12",办结,93
"10017","2024-08-12",回访,5
"10018","2024-08-12",归档,31
"10019","2024-08-12",挂起,138
"10020","2024-08-13",话务员暂存,28
"10021","2024-08-13",话务员受理,85
"10022","2024-08-13",话务员办理,55
"10023","2024-08-13",热线审核,6
"10024","2024-08-13",热线复核,17
"10025","2024-08-13",承办单位审核,14
"10026","2024-08-13",承办单位处理,29
"10027","2024-08-13",承办单位复核,72
"10028","2024-08-13",办结,32
"10029","2024-08-13",回访,38
"10030","2024-08-13",归档,92
"10031","2024-08-13",挂起,116
"10032","2024-08-14",话务员暂存,66
"10033","2024-08-14",话务员受理,9
"10034","2024-08-14",话务员办理,43
"10035","2024-08-14",热线审核,58
"10036","2024-08-14",热线复核,38
"10037","2024-08-14",承办单位审核,20
"10038","2024-08-14",承办单位处理,48
"10039","2024-08-14",承办单位复核,32
"10040","2024-08-14",办结,23
"10041","2024-08-14",回访,29
"10042","2024-08-14",归档,41
"10043","2024-08-14",挂起,54
"10044","2024-08-15",话务员暂存,56
"10045","2024-08-15",话务员受理,46
"10046","2024-08-15",话务员办理,107
"10047","2024-08-15",热线审核,113
"10048","2024-08-15",热线复核,65
"10049","2024-08-15",承办单位审核,142
"10050","2024-08-15",承办单位处理,89
"10051","2024-08-15",承办单位复核,41
"10052","2024-08-15",办结,138
"10053","2024-08-15",回访,49
"10054","2024-08-15",归档,14
"10055","2024-08-15",挂起,86
"10056","2024-08-16",话务员暂存,2
"10057","2024-08-16",话务员受理,41
"10058","2024-08-16",话务员办理,54
"10059","2024-08-16",热线审核,11
"10060","2024-08-16",热线复核,10
"10061","2024-08-16",承办单位审核,77
"10062","2024-08-16",承办单位处理,78
"10063","2024-08-16",承办单位复核,6
"10064","2024-08-16",办结,29
"10065","2024-08-16",回访,33
"10066","2024-08-16",归档,85
"10067","2024-08-16",挂起,35
"10068","2024-08-17",话务员暂存,68
"10069","2024-08-17",话务员受理,62
"10070","2024-08-17",话务员办理,17
"10071","2024-08-17",热线审核,9
"10072","2024-08-17",热线复核,64
"10073","2024-08-17",承办单位审核,66
"10074","2024-08-17",承办单位处理,45
"10075","2024-08-17",承办单位复核,64
"10076","2024-08-17",办结,36
"10077","2024-08-17",回访,60
"10078","2024-08-17",归档,35
"10079","2024-08-17",挂起,20
"10080","2024-08-18",话务员暂存,102
"10081","2024-08-18",话务员受理,55
"10082","2024-08-18",话务员办理,44
"10083","2024-08-18",热线审核,73
"10084","2024-08-18",热线复核,18
"10085","2024-08-18",承办单位审核,15
"10086","2024-08-18",承办单位处理,45
"10087","2024-08-18",承办单位复核,24
"10088","2024-08-18",办结,7
"10089","2024-08-18",回访,47
"10090","2024-08-18",归档,81
"10091","2024-08-18",挂起,65
"10092","2024-08-19",话务员暂存,40
"10093","2024-08-19",话务员受理,56
"10094","2024-08-19",话务员办理,99
"10095","2024-08-19",热线审核,114
"10096","2024-08-19",热线复核,119
"10097","2024-08-19",承办单位审核,11
"10098","2024-08-19",承办单位处理,88
"10099","2024-08-19",承办单位复核,38
"10100","2024-08-19",办结,10
"10101","2024-08-19",回访,79
"10102","2024-08-19",归档,9
"10103","2024-08-19",挂起,24
"10104","2024-08-20",话务员暂存,95
"10105","2024-08-20",话务员受理,84
"10106","2024-08-20",话务员办理,46
"10107","2024-08-20",热线审核,130
"10108","2024-08-20",热线复核,18
"10109","2024-08-20",承办单位审核,15
"10110","2024-08-20",承办单位处理,130
"10111","2024-08-20",承办单位复核,144
"10112","2024-08-20",办结,136
"10113","2024-08-20",回访,4
"10114","2024-08-20",归档,78
"10115","2024-08-20",挂起,77
"10116","2024-08-21",话务员暂存,132
"10117","2024-08-21",话务员受理,71
"10118","2024-08-21",话务员办理,65
"10119","2024-08-21",热线审核,32
"10120","2024-08-21",热线复核,54
"10121","2024-08-21",承办单位审核,128
"10122","2024-08-21",承办单位处理,101
"10123","2024-08-21",承办单位复核,127
"10124","2024-08-21",办结,125
"10125","2024-08-21",回访,24
"10126","2024-08-21",归档,74
"10127","2024-08-21",挂起,63
"10128","2024-08-22",话务员暂存,141
"10129","2024-08-22",话务员受理,19
"10130","2024-08-22",话务员办理,81
"10131","2024-08-22",热线审核,122
"10132","2024-08-22",热线复核,57
"10133","2024-08-22",承办单位审核,9
"10134","2024-08-22",承办单位处理,127
"10135","2024-08-22",承办单位复核,50
"10136","2024-08-22",办结,19
"10137","2024-08-22",回访,5
"10138","2024-08-22",归档,158
"10139","2024-08-22",挂起,163
"10140","2024-08-23",话务员暂存,59
"10141","2024-08-23",话务员受理,16
"10142","2024-08-23",话务员办理,7
"10143","2024-08-23",热线审核,49
"10144","2024-08-23",热线复核,34
"10145","2024-08-23",承办单位审核,48
"10146","2024-08-23",承办单位处理,44
"10147","2024-08-23",承办单位复核,62
"10148","2024-08-23",办结,10
"10149","2024-08-23",回访,5
"10150","2024-08-23",归档,32
"10151","2024-08-23",挂起,5
"10152","2024-08-24",话务员暂存,122
"10153","2024-08-24",话务员受理,46
"10154","2024-08-24",话务员办理,91
"10155","2024-08-24",热线审核,13
"10156","2024-08-24",热线复核,61
"10157","2024-08-24",承办单位审核,37
"10158","2024-08-24",承办单位处理,126
"10159","2024-08-24",承办单位复核,33
"10160","2024-08-24",办结,122
"10161","2024-08-24",回访,45
"10162","2024-08-24",归档,10
"10163","2024-08-24",挂起,18
"10164","2024-08-25",话务员暂存,64
"10165","2024-08-25",话务员受理,13
"10166","2024-08-25",话务员办理,68
"10167","2024-08-25",热线审核,10
"10168","2024-08-25",热线复核,59
"10169","2024-08-25",承办单位审核,59
"10170","2024-08-25",承办单位处理,73
"10171","2024-08-25",承办单位复核,59
"10172","2024-08-25",办结,55
"10173","2024-08-25",回访,67
"10174","2024-08-25",归档,57
"10175","2024-08-25",挂起,65
"10176","2024-08-26",话务员暂存,24
"10177","2024-08-26",话务员受理,32
"10178","2024-08-26",话务员办理,59
"10179","2024-08-26",热线审核,98
"10180","2024-08-26",热线复核,53
"10181","2024-08-26",承办单位审核,55
"10182","2024-08-26",承办单位处理,74
"10183","2024-08-26",承办单位复核,142
"10184","2024-08-26",办结,106
"10185","2024-08-26",回访,46
"10186","2024-08-26",归档,66
"10187","2024-08-26",挂起,144
"10188","2024-08-27",话务员暂存,45
"10189","2024-08-27",话务员受理,5
"10190","2024-08-27",话务员办理,47
"10191","2024-08-27",热线审核,0
"10192","2024-08-27",热线复核,102
"10193","2024-08-27",承办单位审核,86
"10194","2024-08-27",承办单位处理,102
"10195","2024-08-27",承办单位复核,39
"10196","2024-08-27",办结,47
"10197","2024-08-27",回访,86
"10198","2024-08-27",归档,45
"10199","2024-08-27",挂起,38
"10200","2024-08-28",话务员暂存,99
"10201","2024-08-28",话务员受理,77
"10202","2024-08-28",话务员办理,36
"10203","2024-08-28",热线审核,102
"10204","2024-08-28",热线复核,26
"10205","2024-08-28",承办单位审核,103
"10206","2024-08-28",承办单位处理,80
"10207","2024-08-28",承办单位复核,49
"10208","2024-08-28",办结,27
"10209","2024-08-28",回访,35
"10210","2024-08-28",归档,75
"10211","2024-08-28",挂起,57
"10212","2024-08-29",话务员暂存,183
"10213","2024-08-29",话务员受理,76
"10214","2024-08-29",话务员办理,66
"10215","2024-08-29",热线审核,56
"10216","2024-08-29",热线复核,27
"10217","2024-08-29",承办单位审核,79
"10218","2024-08-29",承办单位处理,171
"10219","2024-08-29",承办单位复核,13
"10220","2024-08-29",办结,99
"10221","2024-08-29",回访,105
"10222","2024-08-29",归档,58
"10223","2024-08-29",挂起,37
"10224","2024-08-30",话务员暂存,41
"10225","2024-08-30",话务员受理,66
"10226","2024-08-30",话务员办理,52
"10227","2024-08-30",热线审核,73
"10228","2024-08-30",热线复核,98
"10229","2024-08-30",承办单位审核,135
"10230","2024-08-30",承办单位处理,107
"10231","2024-08-30",承办单位复核,42
"10232","2024-08-30",办结,132
"10233","2024-08-30",回访,57
"10234","2024-08-30",归档,26
"10235","2024-08-30",挂起,99
"10236","2024-08-31",话务员暂存,96
"10237","2024-08-31",话务员受理,24
"10238","2024-08-31",话务员办理,6
"10239","2024-08-31",热线审核,73
"10240","2024-08-31",热线复核,75
"10241","2024-08-31",承办单位审核,87
"10242","2024-08-31",承办单位处理,94
"10243","2024-08-31",承办单位复核,83
"10244","2024-08-31",办结,27
"10245","2024-08-31",回访,85
"10246","2024-08-31",归档,34
"10247","2024-08-31",挂起,39
"10248","2024-09-01",话务员暂存,29
"10249","2024-09-01",话务员受理,39
"10250","2024-09-01",话务员办理,25
"10251","2024-09-01",热线审核,31
"10252","2024-09-01",热线复核,38
"10253","2024-09-01",承办单位审核,65
"10254","2024-09-01",承办单位处理,60
"10255","2024-09-01",承办单位复核,55
"10256","2024-09-01",办结,69
"10257","2024-09-01",回访,26
"10258","2024-09-01",归档,57
"10259","2024-09-01",挂起,0
"10260","2024-09-02",话务员暂存,74
"10261","2024-09-02",话务员受理,37
"10262","2024-09-02",话务员办理,9
"10263","2024-09-02",热线审核,2
"10264","2024-09-02",热线复核,12
"10265","2024-09-02",承办单位审核,42
"10266","2024-09-02",承办单位处理,1
"10267","2024-09-02",承办单位复核,18
"10268","2024-09-02",办结,4
"10269","2024-09-02",回访,45
"10270","2024-09-02",归档,87
"10271","2024-09-02",挂起,86
"10272","2024-09-03",话务员暂存,38
"10273","2024-09-03",话务员受理,55
"10274","2024-09-03",话务员办理,53
"10275","2024-09-03",热线审核,25
"10276","2024-09-03",热线复核,40
"10277","2024-09-03",承办单位审核,80
"10278","2024-09-03",承办单位处理,31
"10279","2024-09-03",承办单位复核,54
"10280","2024-09-03",办结,30
"10281","2024-09-03",回访,78
"10282","2024-09-03",归档,55
"10283","2024-09-03",挂起,0
"10284","2024-09-04",话务员暂存,87
"10285","2024-09-04",话务员受理,26
"10286","2024-09-04",话务员办理,114
"10287","2024-09-04",热线审核,73
"10288","2024-09-04",热线复核,107
"10289","2024-09-04",承办单位审核,111
"10290","2024-09-04",承办单位处理,111
"10291","2024-09-04",承办单位复核,25
"10292","2024-09-04",办结,74
"10293","2024-09-04",回访,33
"10294","2024-09-04",归档,60
"10295","2024-09-04",挂起,55
"10296","2024-09-05",话务员暂存,111
"10297","2024-09-05",话务员受理,69
"10298","2024-09-05",话务员办理,0
"10299","2024-09-05",热线审核,107
"10300","2024-09-05",热线复核,67
"10301","2024-09-05",承办单位审核,89
"10302","2024-09-05",承办单位处理,3
"10303","2024-09-05",承办单位复核,115
"10304","2024-09-05",办结,6
"10305","2024-09-05",回访,80
"10306","2024-09-05",归档,93
"10307","2024-09-05",挂起,103
"10308","2024-09-06",话务员暂存,64
"10309","2024-09-06",话务员受理,24
"10310","2024-09-06",话务员办理,31
"10311","2024-09-06",热线审核,25
"10312","2024-09-06",热线复核,16
"10313","2024-09-06",承办单位审核,23
"10314","2024-09-06",承办单位处理,53
"10315","2024-09-06",承办单位复核,45
"10316","2024-09-06",办结,31
"10317","2024-09-06",回访,23
"10318","2024-09-06",归档,17
"10319","2024-09-06",挂起,44
"10320","2024-09-07",话务员暂存,51
"10321","2024-09-07",话务员受理,54
"10322","2024-09-07",话务员办理,88
"10323","2024-09-07",热线审核,68
"10324","2024-09-07",热线复核,65
"10325","2024-09-07",承办单位审核,41
"10326","2024-09-07",承办单位处理,86
"10327","2024-09-07",承办单位复核,58
"10328","2024-09-07",办结,49
"10329","2024-09-07",回访,34
"10330","2024-09-07",归档,5
"10331","2024-09-07",挂起,77
"10332","2024-09-08",话务员暂存,86
"10333","2024-09-08",话务员受理,119
"10334","2024-09-08",话务员办理,146
"10335","2024-09-08",热线审核,96
"10336","2024-09-08",热线复核,58
"10337","2024-09-08",承办单位审核,39
"10338","2024-09-08",承办单位处理,68
"10339","2024-09-08",承办单位复核,129
"10340","2024-09-08",办结,41
"10341","2024-09-08",回访,42
"10342","2024-09-08",归档,49
"10343","2024-09-08",挂起,96
"10344","2024-09-09",话务员暂存,45
"10345","2024-09-09",话务员受理,37
"10346","2024-09-09",话务员办理,104
"10347","2024-09-09",热线审核,72
"10348","2024-09-09",热线复核,17
"10349","2024-09-09",承办单位审核,68
"10350","2024-09-09",承办单位处理,12
"10351","2024-09-09",承办单位复核,9
"10352","2024-09-09",办结,131
"10353","2024-09-09",回访,131
"10354","2024-09-09",归档,92
"10355","2024-09-09",挂起,48
"10356","2024-09-10",话务员暂存,49
"10357","2024-09-10",话务员受理,29
"10358","2024-09-10",话务员办理,74
"10359","2024-09-10",热线审核,6
"10360","2024-09-10",热线复核,92
"10361","2024-09-10",承办单位审核,7
"10362","2024-09-10",承办单位处理,9
"10363","2024-09-10",承办单位复核,64
"10364","2024-09-10",办结,100
"10365","2024-09-10",回访,89
"10366","2024-09-10",归档,8
"10367","2024-09-10",挂起,18
"10368","2024-09-11",话务员暂存,57
"10369","2024-09-11",话务员受理,23
"10370","2024-09-11",话务员办理,105
"10371","2024-09-11",热线审核,32
"10372","2024-09-11",热线复核,58
"10373","2024-09-11",承办单位审核,26
"10374","2024-09-11",承办单位处理,104
"10375","2024-09-11",承办单位复核,91
"10376","2024-09-11",办结,18
"10377","2024-09-11",回访,133
"10378","2024-09-11",归档,118
"10379","2024-09-11",挂起,105
"10380","2024-09-12",话务员暂存,52
"10381","2024-09-12",话务员受理,18
"10382","2024-09-12",话务员办理,0
"10383","2024-09-12",热线审核,16
"10384","2024-09-12",热线复核,53
"10385","2024-09-12",承办单位审核,17
"10386","2024-09-12",承办单位处理,40
"10387","2024-09-12",承办单位复核,48
"10388","2024-09-12",办结,32
"10389","2024-09-12",回访,48
"10390","2024-09-12",归档,1
"10391","2024-09-12",挂起,45
"10392","2024-09-13",话务员暂存,85
"10393","2024-09-13",话务员受理,13
"10394","2024-09-13",话务员办理,78
"10395","2024-09-13",热线审核,81
"10396","2024-09-13",热线复核,33
"10397","2024-09-13",承办单位审核,87
"10398","2024-09-13",承办单位处理,23
"10399","2024-09-13",承办单位复核,89
"10400","2024-09-13",办结,47
"10401","2024-09-13",回访,65
"10402","2024-09-13",归档,42
"10403","2024-09-13",挂起,20
"10404","2024-09-14",话务员暂存,62
"10405","2024-09-14",话务员受理,35
"10406","2024-09-14",话务员办理,30
"10407","2024-09-14",热线审核,116
"10408","2024-09-14",热线复核,46
"10409","2024-09-14",承办单位审核,81
"10410","2024-09-14",承办单位处理,51
"10411","2024-09-14",承办单位复核,29
"10412","2024-09-14",办结,57
"10413","2024-09-14",回访,68
"10414","2024-09-14",归档,42
"10415","2024-09-14",挂起,36
"10416","2024-09-15",话务员暂存,95
"10417","2024-09-15",话务员受理,7
"10418","2024-09-15",话务员办理,28
"10419","2024-09-15",热线审核,71
"10420","2024-09-15",热线复核,1
"10421","2024-09-15",承办单位审核,44
"10422","2024-09-15",承办单位处理,26
"10423","2024-09-15",承办单位复核,1
"10424","2024-09-15",办结,50
"10425","2024-09-15",回访,13
"10426","2024-09-15",归档,40
"10427","2024-09-15",挂起,34
"10428","2024-09-16",话务员暂存,25
"10429","2024-09-16",话务员受理,17
"10430","2024-09-16",话务员办理,9
"10431","2024-09-16",热线审核,76
"10432","2024-09-16",热线复核,14
"10433","2024-09-16",承办单位审核,28
"10434","2024-09-16",承办单位处理,86
"10435","2024-09-16",承办单位复核,25
"10436","2024-09-16",办结,25
"10437","2024-09-16",回访,74
"10438","2024-09-16",归档,82
"10439","2024-09-16",挂起,43
"10440","2024-09-17",话务员暂存,62
"10441","2024-09-17",话务员受理,7
"10442","2024-09-17",话务员办理,56
"10443","2024-09-17",热线审核,25
"10444","2024-09-17",热线复核,82
"10445","2024-09-17",承办单位审核,46
"10446","2024-09-17",承办单位处理,123
"10447","2024-09-17",承办单位复核,49
"10448","2024-09-17",办结,66
"10449","2024-09-17",回访,113
"10450","2024-09-17",归档,13
"10451","2024-09-17",挂起,94
"10452","2024-09-18",话务员暂存,90
"10453","2024-09-18",话务员受理,68
"10454","2024-09-18",话务员办理,90
"10455","2024-09-18",热线审核,16
"10456","2024-09-18",热线复核,69
"10457","2024-09-18",承办单位审核,100
"10458","2024-09-18",承办单位处理,6
"10459","2024-09-18",承办单位复核,43
"10460","2024-09-18",办结,64
"10461","2024-09-18",回访,26
"10462","2024-09-18",归档,83
"10463","2024-09-18",挂起,37
"10464","2024-09-19",话务员暂存,70
"10465","2024-09-19",话务员受理,45
"10466","2024-09-19",话务员办理,20
"10467","2024-09-19",热线审核,14
"10468","2024-09-19",热线复核,29
"10469","2024-09-19",承办单位审核,56
"10470","2024-09-19",承办单位处理,84
"10471","2024-09-19",承办单位复核,52
"10472","2024-09-19",办结,28
"10473","2024-09-19",回访,47
"10474","2024-09-19",归档,99
"10475","2024-09-19",挂起,89
"10476","2024-09-20",话务员暂存,50
"10477","2024-09-20",话务员受理,101
"10478","2024-09-20",话务员办理,9
"10479","2024-09-20",热线审核,12
"10480","2024-09-20",热线复核,58
"10481","2024-09-20",承办单位审核,36
"10482","2024-09-20",承办单位处理,170
"10483","2024-09-20",承办单位复核,143
"10484","2024-09-20",办结,166
"10485","2024-09-20",回访,93
"10486","2024-09-20",归档,35
"10487","2024-09-20",挂起,53
"10488","2024-09-21",话务员暂存,15
"10489","2024-09-21",话务员受理,24
"10490","2024-09-21",话务员办理,30
"10491","2024-09-21",热线审核,83
"10492","2024-09-21",热线复核,11
"10493","2024-09-21",承办单位审核,55
"10494","2024-09-21",承办单位处理,40
"10495","2024-09-21",承办单位复核,69
"10496","2024-09-21",办结,21
"10497","2024-09-21",回访,77
"10498","2024-09-21",归档,47
"10499","2024-09-21",挂起,52
"10500","2024-09-22",话务员暂存,90
"10501","2024-09-22",话务员受理,8
"10502","2024-09-22",话务员办理,199
"10503","2024-09-22",热线审核,61
"10504","2024-09-22",热线复核,45
"10505","2024-09-22",承办单位审核,82
"10506","2024-09-22",承办单位处理,140
"10507","2024-09-22",承办单位复核,22
"10508","2024-09-22",办结,88
"10509","2024-09-22",回访,52
"10510","2024-09-22",归档,44
"10511","2024-09-22",挂起,65
"10512","2024-09-23",话务员暂存,39
"10513","2024-09-23",话务员受理,10
"10514","2024-09-23",话务员办理,81
"10515","2024-09-23",热线审核,84
"10516","2024-09-23",热线复核,40
"10517","2024-09-23",承办单位审核,40
"10518","2024-09-23",承办单位处理,30
"10519","2024-09-23",承办单位复核,89
"10520","2024-09-23",办结,18
"10521","2024-09-23",回访,93
"10522","2024-09-23",归档,32
"10523","2024-09-23",挂起,44
"10524","2024-09-24",话务员暂存,47
"10525","2024-09-24",话务员受理,38
"10526","2024-09-24",话务员办理,79
"10527","2024-09-24",热线审核,69
"10528","2024-09-24",热线复核,123
"10529","2024-09-24",承办单位审核,13
"10530","2024-09-24",承办单位处理,29
"10531","2024-09-24",承办单位复核,33
"10532","2024-09-24",办结,123
"10533","2024-09-24",回访,100
"10534","2024-09-24",归档,129
"10535","2024-09-24",挂起,71
"10536","2024-09-25",话务员暂存,25
"10537","2024-09-25",话务员受理,63
"10538","2024-09-25",话务员办理,103
"10539","2024-09-25",热线审核,67
"10540","2024-09-25",热线复核,14
"10541","2024-09-25",承办单位审核,34
"10542","2024-09-25",承办单位处理,3
"10543","2024-09-25",承办单位复核,29
"10544","2024-09-25",办结,89
"10545","2024-09-25",回访,37
"10546","2024-09-25",归档,90
"10547","2024-09-25",挂起,56
"10548","2024-09-26",话务员暂存,40
"10549","2024-09-26",话务员受理,39
"10550","2024-09-26",话务员办理,11
"10551","2024-09-26",热线审核,21
"10552","2024-09-26",热线复核,69
"10553","2024-09-26",承办单位审核,27
"10554","2024-09-26",承办单位处理,75
"10555","2024-09-26",承办单位复核,12
"10556","2024-09-26",办结,17
"10557","2024-09-26",回访,86
"10558","2024-09-26",归档,53
"10559","2024-09-26",挂起,83
"10560","2024-09-27",话务员暂存,102
"10561","2024-09-27",话务员受理,25
"10562","2024-09-27",话务员办理,68
"10563","2024-09-27",热线审核,84
"10564","2024-09-27",热线复核,50
"10565","2024-09-27",承办单位审核,19
"10566","2024-09-27",承办单位处理,47
"10567","2024-09-27",承办单位复核,30
"10568","2024-09-27",办结,70
"10569","2024-09-27",回访,62
"10570","2024-09-27",归档,41
"10571","2024-09-27",挂起,13
"10572","2024-09-28",话务员暂存,35
"10573","2024-09-28",话务员受理,46
"10574","2024-09-28",话务员办理,42
"10575","2024-09-28",热线审核,44
"10576","2024-09-28",热线复核,4
"10577","2024-09-28",承办单位审核,44
"10578","2024-09-28",承办单位处理,45
"10579","2024-09-28",承办单位复核,69
"10580","2024-09-28",办结,61
"10581","2024-09-28",回访,36
"10582","2024-09-28",归档,16
"10583","2024-09-28",挂起,39
"10584","2024-09-29",话务员暂存,20
"10585","2024-09-29",话务员受理,115
"10586","2024-09-29",话务员办理,4
"10587","2024-09-29",热线审核,146
"10588","2024-09-29",热线复核,6
"10589","2024-09-29",承办单位审核,153
"10590","2024-09-29",承办单位处理,124
"10591","2024-09-29",承办单位复核,23
"10592","2024-09-29",办结,45
"10593","2024-09-29",回访,27
"10594","2024-09-29",归档,29
"10595","2024-09-29",挂起,20
"10596","2024-09-30",话务员暂存,66
"10597","2024-09-30",话务员受理,98
"10598","2024-09-30",话务员办理,86
"10599","2024-09-30",热线审核,15
"10600","2024-09-30",热线复核,43
"10601","2024-09-30",承办单位审核,73
"10602","2024-09-30",承办单位处理,45
"10603","2024-09-30",承办单位复核,39
"10604","2024-09-30",办结,93
"10605","2024-09-30",回访,52
"10606","2024-09-30",归档,30
"10607","2024-09-30",挂起,14
"10608","2024-10-01",话务员暂存,72
"10609","2024-10-01",话务员受理,26
"10610","2024-10-01",话务员办理,47
"10611","2024-10-01",热线审核,24
"10612","2024-10-01",热线复核,31
"10613","2024-10-01",承办单位审核,76
"10614","2024-10-01",承办单位处理,135
"10615","2024-10-01",承办单位复核,40
"10616","2024-10-01",办结,94
"10617","2024-10-01",回访,13
"10618","2024-10-01",归档,33
"10619","2024-10-01",挂起,87
"10620","2024-10-02",话务员暂存,168
"10621","2024-10-02",话务员受理,52
"10622","2024-10-02",话务员办理,167
"10623","2024-10-02",热线审核,39
"10624","2024-10-02",热线复核,28
"10625","2024-10-02",承办单位审核,68
"10626","2024-10-02",承办单位处理,25
"10627","2024-10-02",承办单位复核,64
"10628","2024-10-02",办结,9
"10629","2024-10-02",回访,62
"10630","2024-10-02",归档,118
"10631","2024-10-02",挂起,167
"10632","2024-10-03",话务员暂存,35
"10633","2024-10-03",话务员受理,82
"10634","2024-10-03",话务员办理,27
"10635","2024-10-03",热线审核,49
"10636","2024-10-03",热线复核,70
"10637","2024-10-03",承办单位审核,67
"10638","2024-10-03",承办单位处理,12
"10639","2024-10-03",承办单位复核,16
"10640","2024-10-03",办结,8
"10641","2024-10-03",回访,31
"10642","2024-10-03",归档,19
"10643","2024-10-03",挂起,30
"10644","2024-10-04",话务员暂存,49
"10645","2024-10-04",话务员受理,100
"10646","2024-10-04",话务员办理,74
"10647","2024-10-04",热线审核,32
"10648","2024-10-04",热线复核,106
"10649","2024-10-04",承办单位审核,101
"10650","2024-10-04",承办单位处理,16
"10651","2024-10-04",承办单位复核,107
"10652","2024-10-04",办结,91
"10653","2024-10-04",回访,75
"10654","2024-10-04",归档,1
"10655","2024-10-04",挂起,85
"10656","2024-10-05",话务员暂存,29
"10657","2024-10-05",话务员受理,17
"10658","2024-10-05",话务员办理,15
"10659","2024-10-05",热线审核,86
"10660","2024-10-05",热线复核,5
"10661","2024-10-05",承办单位审核,40
"10662","2024-10-05",承办单位处理,52
"10663","2024-10-05",承办单位复核,81
"10664","2024-10-05",办结,73
"10665","2024-10-05",回访,17
"10666","2024-10-05",归档,70
"10667","2024-10-05",挂起,56
"10668","2024-10-06",话务员暂存,31
"10669","2024-10-06",话务员受理,36
"10670","2024-10-06",话务员办理,6
"10671","2024-10-06",热线审核,66
"10672","2024-10-06",热线复核,64
"10673","2024-10-06",承办单位审核,13
"10674","2024-10-06",承办单位处理,65
"10675","2024-10-06",承办单位复核,47
"10676","2024-10-06",办结,27
"10677","2024-10-06",回访,11
"10678","2024-10-06",归档,8
"10679","2024-10-06",挂起,59
"10680","2024-10-07",话务员暂存,40
"10681","2024-10-07",话务员受理,36
"10682","2024-10-07",话务员办理,98
"10683","2024-10-07",热线审核,49
"10684","2024-10-07",热线复核,8
"10685","2024-10-07",承办单位审核,24
"10686","2024-10-07",承办单位处理,40
"10687","2024-10-07",承办单位复核,102
"10688","2024-10-07",办结,2
"10689","2024-10-07",回访,115
"10690","2024-10-07",归档,40
"10691","2024-10-07",挂起,56
"10692","2024-10-08",话务员暂存,123
"10693","2024-10-08",话务员受理,109
"10694","2024-10-08",话务员办理,35
"10695","2024-10-08",热线审核,25
"10696","2024-10-08",热线复核,31
"10697","2024-10-08",承办单位审核,106
"10698","2024-10-08",承办单位处理,29
"10699","2024-10-08",承办单位复核,52
"10700","2024-10-08",办结,23
"10701","2024-10-08",回访,131
"10702","2024-10-08",归档,57
"10703","2024-10-08",挂起,132
"10704","2024-10-09",话务员暂存,86
"10705","2024-10-09",话务员受理,60
"10706","2024-10-09",话务员办理,73
"10707","2024-10-09",热线审核,54
"10708","2024-10-09",热线复核,40
"10709","2024-10-09",承办单位审核,53
"10710","2024-10-09",承办单位处理,78
"10711","2024-10-09",承办单位复核,24
"10712","2024-10-09",办结,39
"10713","2024-10-09",回访,56
"10714","2024-10-09",归档,66
"10715","2024-10-09",挂起,22
"10716","2024-10-10",话务员暂存,101
"10717","2024-10-10",话务员受理,103
"10718","2024-10-10",话务员办理,107
"10719","2024-10-10",热线审核,50
"10720","2024-10-10",热线复核,100
"10721","2024-10-10",承办单位审核,25
"10722","2024-10-10",承办单位处理,10
"10723","2024-10-10",承办单位复核,69
"10724","2024-10-10",办结,111
"10725","2024-10-10",回访,63
"10726","2024-10-10",归档,117
"10727","2024-10-10",挂起,86
"10728","2024-10-11",话务员暂存,17
"10729","2024-10-11",话务员受理,24
"10730","2024-10-11",话务员办理,55
"10731","2024-10-11",热线审核,24
"10732","2024-10-11",热线复核,25
"10733","2024-10-11",承办单位审核,1
"10734","2024-10-11",承办单位处理,64
"10735","2024-10-11",承办单位复核,20
"10736","2024-10-11",办结,33
"10737","2024-10-11",回访,57
"10738","2024-10-11",归档,48
"10739","2024-10-11",挂起,31
"10740","2024-10-12",话务员暂存,39
"10741","2024-10-12",话务员受理,0
"10742","2024-10-12",话务员办理,3
"10743","2024-10-12",热线审核,8
"10744","2024-10-12",热线复核,32
"10745","2024-10-12",承办单位审核,43
"10746","2024-10-12",承办单位处理,22
"10747","2024-10-12",承办单位复核,34
"10748","2024-10-12",办结,39
"10749","2024-10-12",回访,34
"10750","2024-10-12",归档,26
"10751","2024-10-12",挂起,24
"10752","2024-10-13",话务员暂存,77
"10753","2024-10-13",话务员受理,44
"10754","2024-10-13",话务员办理,62
"10755","2024-10-13",热线审核,4
"10756","2024-10-13",热线复核,42
"10757","2024-10-13",承办单位审核,92
"10758","2024-10-13",承办单位处理,19
"10759","2024-10-13",承办单位复核,109
"10760","2024-10-13",办结,28
"10761","2024-10-13",回访,118
"10762","2024-10-13",归档,15
"10763","2024-10-13",挂起,13
"10764","2024-10-14",话务员暂存,104
"10765","2024-10-14",话务员受理,152
"10766","2024-10-14",话务员办理,66
"10767","2024-10-14",热线审核,149
"10768","2024-10-14",热线复核,122
"10769","2024-10-14",承办单位审核,3
"10770","2024-10-14",承办单位处理,141
"10771","2024-10-14",承办单位复核,75
"10772","2024-10-14",办结,74
"10773","2024-10-14",回访,30
"10774","2024-10-14",归档,35
"10775","2024-10-14",挂起,25
"10776","2024-10-15",话务员暂存,98
"10777","2024-10-15",话务员受理,22
"10778","2024-10-15",话务员办理,18
"10779","2024-10-15",热线审核,13
"10780","2024-10-15",热线复核,75
"10781","2024-10-15",承办单位审核,59
"10782","2024-10-15",承办单位处理,64
"10783","2024-10-15",承办单位复核,29
"10784","2024-10-15",办结,23
"10785","2024-10-15",回访,42
"10786","2024-10-15",归档,36
"10787","2024-10-15",挂起,81
"10788","2024-10-16",话务员暂存,4
"10789","2024-10-16",话务员受理,65
"10790","2024-10-16",话务员办理,34
"10791","2024-10-16",热线审核,31
"10792","2024-10-16",热线复核,63
"10793","2024-10-16",承办单位审核,26
"10794","2024-10-16",承办单位处理,68
"10795","2024-10-16",承办单位复核,46
"10796","2024-10-16",办结,21
"10797","2024-10-16",回访,49
"10798","2024-10-16",归档,14
"10799","2024-10-16",挂起,21
"10800","2024-10-17",话务员暂存,111
"10801","2024-10-17",话务员受理,76
"10802","2024-10-17",话务员办理,63
"10803","2024-10-17",热线审核,139
"10804","2024-10-17",热线复核,12
"10805","2024-10-17",承办单位审核,113
"10806","2024-10-17",承办单位处理,130
"10807","2024-10-17",承办单位复核,6
"10808","2024-10-17",办结,153
"10809","2024-10-17",回访,19
"10810","2024-10-17",归档,108
"10811","2024-10-17",挂起,7
"10812","2024-10-18",话务员暂存,96
"10813","2024-10-18",话务员受理,7
"10814","2024-10-18",话务员办理,28
"10815","2024-10-18",热线审核,33
"10816","2024-10-18",热线复核,51
"10817","2024-10-18",承办单位审核,53
"10818","2024-10-18",承办单位处理,31
"10819","2024-10-18",承办单位复核,26
"10820","2024-10-18",办结,63
"10821","2024-10-18",回访,111
"10822","2024-10-18",归档,50
"10823","2024-10-18",挂起,101
"10824","2024-10-19",话务员暂存,59
"10825","2024-10-19",话务员受理,5
"10826","2024-10-19",话务员办理,99
"10827","2024-10-19",热线审核,116
"10828","2024-10-19",热线复核,125
"10829","2024-10-19",承办单位审核,10
"10830","2024-10-19",承办单位处理,1
"10831","2024-10-19",承办单位复核,3
"10832","2024-10-19",办结,130
"10833","2024-10-19",回访,54
"10834","2024-10-19",归档,126
"10835","2024-10-19",挂起,32
"10836","2024-10-20",话务员暂存,35
"10837","2024-10-20",话务员受理,90
"10838","2024-10-20",话务员办理,0
"10839","2024-10-20",热线审核,67
"10840","2024-10-20",热线复核,48
"10841","2024-10-20",承办单位审核,73
"10842","2024-10-20",承办单位处理,88
"10843","2024-10-20",承办单位复核,39
"10844","2024-10-20",办结,41
"10845","2024-10-20",回访,86
"10846","2024-10-20",归档,71
"10847","2024-10-20",挂起,66
"10848","2024-10-21",话务员暂存,41
"10849","2024-10-21",话务员受理,3
"10850","2024-10-21",话务员办理,74
"10851","2024-10-21",热线审核,5
"10852","2024-10-21",热线复核,39
"10853","2024-10-21",承办单位审核,38
"10854","2024-10-21",承办单位处理,85
"10855","2024-10-21",承办单位复核,9
"10856","2024-10-21",办结,63
"10857","2024-10-21",回访,69
"10858","2024-10-21",归档,82
"10859","2024-10-21",挂起,46
"10860","2024-10-22",话务员暂存,46
"10861","2024-10-22",话务员受理,15
"10862","2024-10-22",话务员办理,8
"10863","2024-10-22",热线审核,37
"10864","2024-10-22",热线复核,18
"10865","2024-10-22",承办单位审核,49
"10866","2024-10-22",承办单位处理,82
"10867","2024-10-22",承办单位复核,72
"10868","2024-10-22",办结,98
"10869","2024-10-22",回访,88
"10870","2024-10-22",归档,60
"10871","2024-10-22",挂起,36
"10872","2024-10-23",话务员暂存,54
"10873","2024-10-23",话务员受理,16
"10874","2024-10-23",话务员办理,36
"10875","2024-10-23",热线审核,36
"10876","2024-10-23",热线复核,20
"10877","2024-10-23",承办单位审核,22
"10878","2024-10-23",承办单位处理,22
"10879","2024-10-23",承办单位复核,52
"10880","2024-10-23",办结,46
"10881","2024-10-23",回访,33
"10882","2024-10-23",归档,7
"10883","2024-10-23",挂起,51
"10884","2024-10-24",话务员暂存,81
"10885","2024-10-24",话务员受理,66
"10886","2024-10-24",话务员办理,67
"10887","2024-10-24",热线审核,69
"10888","2024-10-24",热线复核,3
"10889","2024-10-24",承办单位审核,61
"10890","2024-10-24",承办单位处理,29
"10891","2024-10-24",承办单位复核,82
"10892","2024-10-24",办结,47
"10893","2024-10-24",回访,8
"10894","2024-10-24",归档,45
"10895","2024-10-24",挂起,78
"10896","2024-10-25",话务员暂存,93
"10897","2024-10-25",话务员受理,114
"10898","2024-10-25",话务员办理,60
"10899","2024-10-25",热线审核,135
"10900","2024-10-25",热线复核,109
"10901","2024-10-25",承办单位审核,145
"10902","2024-10-25",承办单位处理,20
"10903","2024-10-25",承办单位复核,72
"10904","2024-10-25",办结,82
"10905","2024-10-25",回访,2
"10906","2024-10-25",归档,18
"10907","2024-10-25",挂起,78
"10908","2024-10-26",话务员暂存,70
"10909","2024-10-26",话务员受理,72
"10910","2024-10-26",话务员办理,49
"10911","2024-10-26",热线审核,76
"10912","2024-10-26",热线复核,67
"10913","2024-10-26",承办单位审核,13
"10914","2024-10-26",承办单位处理,29
"10915","2024-10-26",承办单位复核,42
"10916","2024-10-26",办结,82
"10917","2024-10-26",回访,100
"10918","2024-10-26",归档,32
"10919","2024-10-26",挂起,14
"10920","2024-10-27",话务员暂存,40
"10921","2024-10-27",话务员受理,103
"10922","2024-10-27",话务员办理,87
"10923","2024-10-27",热线审核,79
"10924","2024-10-27",热线复核,86
"10925","2024-10-27",承办单位审核,80
"10926","2024-10-27",承办单位处理,25
"10927","2024-10-27",承办单位复核,91
"10928","2024-10-27",办结,25
"10929","2024-10-27",回访,24
"10930","2024-10-27",归档,5
"10931","2024-10-27",挂起,73
"10932","2024-10-28",话务员暂存,21
"10933","2024-10-28",话务员受理,17
"10934","2024-10-28",话务员办理,79
"10935","2024-10-28",热线审核,81
"10936","2024-10-28",热线复核,83
"10937","2024-10-28",承办单位审核,37
"10938","2024-10-28",承办单位处理,65
"10939","2024-10-28",承办单位复核,61
"10940","2024-10-28",办结,32
"10941","2024-10-28",回访,4
"10942","2024-10-28",归档,53
"10943","2024-10-28",挂起,42
"10944","2024-10-29",话务员暂存,23
"10945","2024-10-29",话务员受理,46
"10946","2024-10-29",话务员办理,77
"10947","2024-10-29",热线审核,2
"10948","2024-10-29",热线复核,78
"10949","2024-10-29",承办单位审核,65
"10950","2024-10-29",承办单位处理,66
"10951","2024-10-29",承办单位复核,14
"10952","2024-10-29",办结,67
"10953","2024-10-29",回访,30
"10954","2024-10-29",归档,34
"10955","2024-10-29",挂起,15
"10956","2024-10-30",话务员暂存,112
"10957","2024-10-30",话务员受理,11
"10958","2024-10-30",话务员办理,124
"10959","2024-10-30",热线审核,125
"10960","2024-10-30",热线复核,30
"10961","2024-10-30",承办单位审核,104
"10962","2024-10-30",承办单位处理,31
"10963","2024-10-30",承办单位复核,17
"10964","2024-10-30",办结,69
"10965","2024-10-30",回访,4
"10966","2024-10-30",归档,82
"10967","2024-10-30",挂起,24
"10968","2024-10-31",话务员暂存,11
"10969","2024-10-31",话务员受理,56
"10970","2024-10-31",话务员办理,0
"10971","2024-10-31",热线审核,79
"10972","2024-10-31",热线复核,75
"10973","2024-10-31",承办单位审核,64
"10974","2024-10-31",承办单位处理,18
"10975","2024-10-31",承办单位复核,33
"10976","2024-10-31",办结,10
"10977","2024-10-31",回访,4
"10978","2024-10-31",归档,65
"10979","2024-10-31",挂起,51
"10980","2024-11-01",话务员暂存,47
"10981","2024-11-01",话务员受理,22
"10982","2024-11-01",话务员办理,2
"10983","2024-11-01",热线审核,4
"10984","2024-11-01",热线复核,52
"10985","2024-11-01",承办单位审核,18
"10986","2024-11-01",承办单位处理,49
"10987","2024-11-01",承办单位复核,58
"10988","2024-11-01",办结,35
"10989","2024-11-01",回访,1
"10990","2024-11-01",归档,4
"10991","2024-11-01",挂起,46
"10992","2024-11-02",话务员暂存,51
"10993","2024-11-02",话务员受理,49
"10994","2024-11-02",话务员办理,19
"10995","2024-11-02",热线审核,61
"10996","2024-11-02",热线复核,14
"10997","2024-11-02",承办单位审核,13
"10998","2024-11-02",承办单位处理,41
"10999","2024-11-02",承办单位复核,49
"11000","2024-11-02",办结,76
"11001","2024-11-02",回访,54
"11002","2024-11-02",归档,70
"11003","2024-11-02",挂起,4
"11004","2024-11-03",话务员暂存,71
"11005","2024-11-03",话务员受理,69
"11006","2024-11-03",话务员办理,26
"11007","2024-11-03",热线审核,20
"11008","2024-11-03",热线复核,41
"11009","2024-11-03",承办单位审核,20
"11010","2024-11-03",承办单位处理,8
"11011","2024-11-03",承办单位复核,70
"11012","2024-11-03",办结,25
"11013","2024-11-03",回访,72
"11014","2024-11-03",归档,38
"11015","2024-11-03",挂起,2
"11016","2024-11-04",话务员暂存,35
"11017","2024-11-04",话务员受理,83
"11018","2024-11-04",话务员办理,40
"11019","2024-11-04",热线审核,42
"11020","2024-11-04",热线复核,59
"11021","2024-11-04",承办单位审核,76
"11022","2024-11-04",承办单位处理,18
"11023","2024-11-04",承办单位复核,82
"11024","2024-11-04",办结,28
"11025","2024-11-04",回访,63
"11026","2024-11-04",归档,14
"11027","2024-11-04",挂起,60
"11028","2024-11-05",话务员暂存,90
"11029","2024-11-05",话务员受理,63
"11030","2024-11-05",话务员办理,14
"11031","2024-11-05",热线审核,68
"11032","2024-11-05",热线复核,31
"11033","2024-11-05",承办单位审核,82
"11034","2024-11-05",承办单位处理,92
"11035","2024-11-05",承办单位复核,87
"11036","2024-11-05",办结,34
"11037","2024-11-05",回访,51
"11038","2024-11-05",归档,35
"11039","2024-11-05",挂起,66
"11040","2024-11-06",话务员暂存,116
"11041","2024-11-06",话务员受理,70
"11042","2024-11-06",话务员办理,167
"11043","2024-11-06",热线审核,67
"11044","2024-11-06",热线复核,5
"11045","2024-11-06",承办单位审核,48
"11046","2024-11-06",承办单位处理,91
"11047","2024-11-06",承办单位复核,51
"11048","2024-11-06",办结,136
"11049","2024-11-06",回访,59
"11050","2024-11-06",归档,27
"11051","2024-11-06",挂起,35
"11052","2024-11-07",话务员暂存,32
"11053","2024-11-07",话务员受理,47
"11054","2024-11-07",话务员办理,35
"11055","2024-11-07",热线审核,15
"11056","2024-11-07",热线复核,17
"11057","2024-11-07",承办单位审核,77
"11058","2024-11-07",承办单位处理,37
"11059","2024-11-07",承办单位复核,38
"11060","2024-11-07",办结,15
"11061","2024-11-07",回访,34
"11062","2024-11-07",归档,22
"11063","2024-11-07",挂起,40
"11064","2024-11-08",话务员暂存,62
"11065","2024-11-08",话务员受理,80
"11066","2024-11-08",话务员办理,95
"11067","2024-11-08",热线审核,11
"11068","2024-11-08",热线复核,16
"11069","2024-11-08",承办单位审核,61
"11070","2024-11-08",承办单位处理,101
"11071","2024-11-08",承办单位复核,36
"11072","2024-11-08",办结,125
"11073","2024-11-08",回访,13
"11074","2024-11-08",归档,39
"11075","2024-11-08",挂起,82
"11076","2024-11-09",话务员暂存,1
"11077","2024-11-09",话务员受理,52
"11078","2024-11-09",话务员办理,63
"11079","2024-11-09",热线审核,22
"11080","2024-11-09",热线复核,38
"11081","2024-11-09",承办单位审核,51
"11082","2024-11-09",承办单位处理,54
"11083","2024-11-09",承办单位复核,46
"11084","2024-11-09",办结,41
"11085","2024-11-09",回访,64
"11086","2024-11-09",归档,1
"11087","2024-11-09",挂起,4
"11088","2024-11-10",话务员暂存,57
"11089","2024-11-10",话务员受理,14
"11090","2024-11-10",话务员办理,48
"11091","2024-11-10",热线审核,67
"11092","2024-11-10",热线复核,37
"11093","2024-11-10",承办单位审核,47
"11094","2024-11-10",承办单位处理,14
"11095","2024-11-10",承办单位复核,49
"11096","2024-11-10",办结,59
"11097","2024-11-10",回访,46
"11098","2024-11-10",归档,4
"11099","2024-11-10",挂起,49
"11100","2024-11-11",话务员暂存,96
"11101","2024-11-11",话务员受理,117
"11102","2024-11-11",话务员办理,116
"11103","2024-11-11",热线审核,17
"11104","2024-11-11",热线复核,117
"11105","2024-11-11",承办单位审核,39
"11106","2024-11-11",承办单位处理,49
"11107","2024-11-11",承办单位复核,116
"11108","2024-11-11",办结,51
"11109","2024-11-11",回访,5
"11110","2024-11-11",归档,41
"11111","2024-11-11",挂起,21
"11112","2024-11-12",话务员暂存,16
"11113","2024-11-12",话务员受理,77
"11114","2024-11-12",话务员办理,115
"11115","2024-11-12",热线审核,101
"11116","2024-11-12",热线复核,115
"11117","2024-11-12",承办单位审核,108
"11118","2024-11-12",承办单位处理,66
"11119","2024-11-12",承办单位复核,74
"11120","2024-11-12",办结,19
"11121","2024-11-12",回访,130
"11122","2024-11-12",归档,3
"11123","2024-11-12",挂起,5
"11124","2024-11-13",话务员暂存,127
"11125","2024-11-13",话务员受理,103
"11126","2024-11-13",话务员办理,56
"11127","2024-11-13",热线审核,120
"11128","2024-11-13",热线复核,52
"11129","2024-11-13",承办单位审核,23
"11130","2024-11-13",承办单位处理,79
"11131","2024-11-13",承办单位复核,83
"11132","2024-11-13",办结,102
"11133","2024-11-13",回访,5
"11134","2024-11-13",归档,97
"11135","2024-11-13",挂起,113
"11136","2024-11-14",话务员暂存,11
"11137","2024-11-14",话务员受理,27
"11138","2024-11-14",话务员办理,64
"11139","2024-11-14",热线审核,88
"11140","2024-11-14",热线复核,116
"11141","2024-11-14",承办单位审核,83
"11142","2024-11-14",承办单位处理,112
"11143","2024-11-14",承办单位复核,116
"11144","2024-11-14",办结,92
"11145","2024-11-14",回访,93
"11146","2024-11-14",归档,76
"11147","2024-11-14",挂起,41
"11148","2024-11-15",话务员暂存,66
"11149","2024-11-15",话务员受理,22
"11150","2024-11-15",话务员办理,1
"11151","2024-11-15",热线审核,22
"11152","2024-11-15",热线复核,75
"11153","2024-11-15",承办单位审核,19
"11154","2024-11-15",承办单位处理,57
"11155","2024-11-15",承办单位复核,48
"11156","2024-11-15",办结,44
"11157","2024-11-15",回访,35
"11158","2024-11-15",归档,87
"11159","2024-11-15",挂起,25
"11160","2024-11-16",话务员暂存,10
"11161","2024-11-16",话务员受理,106
"11162","2024-11-16",话务员办理,21
"11163","2024-11-16",热线审核,94
"11164","2024-11-16",热线复核,111
"11165","2024-11-16",承办单位审核,117
"11166","2024-11-16",承办单位处理,118
"11167","2024-11-16",承办单位复核,73
"11168","2024-11-16",办结,46
"11169","2024-11-16",回访,52
"11170","2024-11-16",归档,58
"11171","2024-11-16",挂起,39
"11172","2024-11-17",话务员暂存,48
"11173","2024-11-17",话务员受理,37
"11174","2024-11-17",话务员办理,63
"11175","2024-11-17",热线审核,13
"11176","2024-11-17",热线复核,20
"11177","2024-11-17",承办单位审核,54
"11178","2024-11-17",承办单位处理,79
"11179","2024-11-17",承办单位复核,47
"11180","2024-11-17",办结,36
"11181","2024-11-17",回访,34
"11182","2024-11-17",归档,27
"11183","2024-11-17",挂起,55
"11184","2024-11-18",话务员暂存,54
"11185","2024-11-18",话务员受理,72
"11186","2024-11-18",话务员办理,67
"11187","2024-11-18",热线审核,46
"11188","2024-11-18",热线复核,138
"11189","2024-11-18",承办单位审核,43
"11190","2024-11-18",承办单位处理,62
"11191","2024-11-18",承办单位复核,65
"11192","2024-11-18",办结,78
"11193","2024-11-18",回访,124
"11194","2024-11-18",归档,141
"11195","2024-11-18",挂起,87
"11196","2024-11-19",话务员暂存,116
"11197","2024-11-19",话务员受理,43
"11198","2024-11-19",话务员办理,101
"11199","2024-11-19",热线审核,97
"11200","2024-11-19",热线复核,99
"11201","2024-11-19",承办单位审核,87
"11202","2024-11-19",承办单位处理,105
"11203","2024-11-19",承办单位复核,14
"11204","2024-11-19",办结,115
"11205","2024-11-19",回访,37
"11206","2024-11-19",归档,127
"11207","2024-11-19",挂起,14
"11208","2024-11-20",话务员暂存,61
"11209","2024-11-20",话务员受理,101
"11210","2024-11-20",话务员办理,10
"11211","2024-11-20",热线审核,45
"11212","2024-11-20",热线复核,126
"11213","2024-11-20",承办单位审核,36
"11214","2024-11-20",承办单位处理,47
"11215","2024-11-20",承办单位复核,72
"11216","2024-11-20",办结,70
"11217","2024-11-20",回访,86
"11218","2024-11-20",归档,2
"11219","2024-11-20",挂起,81
"11220","2024-11-21",话务员暂存,74
"11221","2024-11-21",话务员受理,25
"11222","2024-11-21",话务员办理,22
"11223","2024-11-21",热线审核,76
"11224","2024-11-21",热线复核,77
"11225","2024-11-21",承办单位审核,143
"11226","2024-11-21",承办单位处理,98
"11227","2024-11-21",承办单位复核,157
"11228","2024-11-21",办结,23
"11229","2024-11-21",回访,150
"11230","2024-11-21",归档,87
"11231","2024-11-21",挂起,27
"11232","2024-11-22",话务员暂存,125
"11233","2024-11-22",话务员受理,48
"11234","2024-11-22",话务员办理,9
"11235","2024-11-22",热线审核,90
"11236","2024-11-22",热线复核,68
"11237","2024-11-22",承办单位审核,109
"11238","2024-11-22",承办单位处理,12
"11239","2024-11-22",承办单位复核,22
"11240","2024-11-22",办结,141
"11241","2024-11-22",回访,71
"11242","2024-11-22",归档,123
"11243","2024-11-22",挂起,150
"11244","2024-11-23",话务员暂存,45
"11245","2024-11-23",话务员受理,3
"11246","2024-11-23",话务员办理,51
"11247","2024-11-23",热线审核,113
"11248","2024-11-23",热线复核,19
"11249","2024-11-23",承办单位审核,73
"11250","2024-11-23",承办单位处理,100
"11251","2024-11-23",承办单位复核,103
"11252","2024-11-23",办结,111
"11253","2024-11-23",回访,39
"11254","2024-11-23",归档,81
"11255","2024-11-23",挂起,26
"11256","2024-11-24",话务员暂存,56
"11257","2024-11-24",话务员受理,6
"11258","2024-11-24",话务员办理,32
"11259","2024-11-24",热线审核,45
"11260","2024-11-24",热线复核,0
"11261","2024-11-24",承办单位审核,61
"11262","2024-11-24",承办单位处理,41
"11263","2024-11-24",承办单位复核,17
"11264","2024-11-24",办结,33
"11265","2024-11-24",回访,9
"11266","2024-11-24",归档,22
"11267","2024-11-24",挂起,16
"11268","2024-11-25",话务员暂存,71
"11269","2024-11-25",话务员受理,47
"11270","2024-11-25",话务员办理,132
"11271","2024-11-25",热线审核,37
"11272","2024-11-25",热线复核,39
"11273","2024-11-25",承办单位审核,21
"11274","2024-11-25",承办单位处理,90
"11275","2024-11-25",承办单位复核,67
"11276","2024-11-25",办结,43
"11277","2024-11-25",回访,79
"11278","2024-11-25",归档,110
"11279","2024-11-25",挂起,62
"11280","2024-11-26",话务员暂存,38
"11281","2024-11-26",话务员受理,37
"11282","2024-11-26",话务员办理,81
"11283","2024-11-26",热线审核,69
"11284","2024-11-26",热线复核,50
"11285","2024-11-26",承办单位审核,11
"11286","2024-11-26",承办单位处理,3
"11287","2024-11-26",承办单位复核,36
"11288","2024-11-26",办结,82
"11289","2024-11-26",回访,74
"11290","2024-11-26",归档,11
"11291","2024-11-26",挂起,28
"11292","2024-11-27",话务员暂存,87
"11293","2024-11-27",话务员受理,18
"11294","2024-11-27",话务员办理,55
"11295","2024-11-27",热线审核,79
"11296","2024-11-27",热线复核,91
"11297","2024-11-27",承办单位审核,47
"11298","2024-11-27",承办单位处理,71
"11299","2024-11-27",承办单位复核,59
"11300","2024-11-27",办结,62
"11301","2024-11-27",回访,66
"11302","2024-11-27",归档,15
"11303","2024-11-27",挂起,53
"11304","2024-11-28",话务员暂存,63
"11305","2024-11-28",话务员受理,31
"11306","2024-11-28",话务员办理,9
"11307","2024-11-28",热线审核,25
"11308","2024-11-28",热线复核,26
"11309","2024-11-28",承办单位审核,59
"11310","2024-11-28",承办单位处理,16
"11311","2024-11-28",承办单位复核,16
"11312","2024-11-28",办结,23
"11313","2024-11-28",回访,46
"11314","2024-11-28",归档,25
"11315","2024-11-28",挂起,56
"11316","2024-11-29",话务员暂存,101
"11317","2024-11-29",话务员受理,6
"11318","2024-11-29",话务员办理,41
"11319","2024-11-29",热线审核,86
"11320","2024-11-29",热线复核,41
"11321","2024-11-29",承办单位审核,95
"11322","2024-11-29",承办单位处理,75
"11323","2024-11-29",承办单位复核,26
"11324","2024-11-29",办结,13
"11325","2024-11-29",回访,98
"11326","2024-11-29",归档,77
"11327","2024-11-29",挂起,50
"11328","2024-11-30",话务员暂存,63
"11329","2024-11-30",话务员受理,26
"11330","2024-11-30",话务员办理,7
"11331","2024-11-30",热线审核,40
"11332","2024-11-30",热线复核,23
"11333","2024-11-30",承办单位审核,59
"11334","2024-11-30",承办单位处理,20
"11335","2024-11-30",承办单位复核,27
"11336","2024-11-30",办结,36
"11337","2024-11-30",回访,38
"11338","2024-11-30",归档,21
"11339","2024-11-30",挂起,1
"11340","2024-12-01",话务员暂存,117
"11341","2024-12-01",话务员受理,129
"11342","2024-12-01",话务员办理,21
"11343","2024-12-01",热线审核,68
"11344","2024-12-01",热线复核,24
"11345","2024-12-01",承办单位审核,105
"11346","2024-12-01",承办单位处理,76
"11347","2024-12-01",承办单位复核,34
"11348","2024-12-01",办结,126
"11349","2024-12-01",回访,35
"11350","2024-12-01",归档,20
"11351","2024-12-01",挂起,32
"11352","2024-12-02",话务员暂存,66
"11353","2024-12-02",话务员受理,23
"11354","2024-12-02",话务员办理,64
"11355","2024-12-02",热线审核,19
"11356","2024-12-02",热线复核,41
"11357","2024-12-02",承办单位审核,41
"11358","2024-12-02",承办单位处理,60
"11359","2024-12-02",承办单位复核,10
"11360","2024-12-02",办结,23
"11361","2024-12-02",回访,4
"11362","2024-12-02",归档,29
"11363","2024-12-02",挂起,20
"11364","2024-12-03",话务员暂存,48
"11365","2024-12-03",话务员受理,61
"11366","2024-12-03",话务员办理,46
"11367","2024-12-03",热线审核,15
"11368","2024-12-03",热线复核,46
"11369","2024-12-03",承办单位审核,61
"11370","2024-12-03",承办单位处理,38
"11371","2024-12-03",承办单位复核,71
"11372","2024-12-03",办结,59
"11373","2024-12-03",回访,73
"11374","2024-12-03",归档,45
"11375","2024-12-03",挂起,18
"11376","2024-12-04",话务员暂存,79
"11377","2024-12-04",话务员受理,60
"11378","2024-12-04",话务员办理,30
"11379","2024-12-04",热线审核,39
"11380","2024-12-04",热线复核,105
"11381","2024-12-04",承办单位审核,101
"11382","2024-12-04",承办单位处理,87
"11383","2024-12-04",承办单位复核,94
"11384","2024-12-04",办结,78
"11385","2024-12-04",回访,71
"11386","2024-12-04",归档,32
"11387","2024-12-04",挂起,87
"11388","2024-12-05",话务员暂存,48
"11389","2024-12-05",话务员受理,44
"11390","2024-12-05",话务员办理,53
"11391","2024-12-05",热线审核,30
"11392","2024-12-05",热线复核,35
"11393","2024-12-05",承办单位审核,1
"11394","2024-12-05",承办单位处理,61
"11395","2024-12-05",承办单位复核,5
"11396","2024-12-05",办结,56
"11397","2024-12-05",回访,41
"11398","2024-12-05",归档,24
"11399","2024-12-05",挂起,46
"11400","2024-12-06",话务员暂存,4
"11401","2024-12-06",话务员受理,87
"11402","2024-12-06",话务员办理,97
"11403","2024-12-06",热线审核,78
"11404","2024-12-06",热线复核,113
"11405","2024-12-06",承办单位审核,9
"11406","2024-12-06",承办单位处理,57
"11407","2024-12-06",承办单位复核,75
"11408","2024-12-06",办结,100
"11409","2024-12-06",回访,27
"11410","2024-12-06",归档,31
"11411","2024-12-06",挂起,88
"11412","2024-12-07",话务员暂存,135
"11413","2024-12-07",话务员受理,22
"11414","2024-12-07",话务员办理,55
"11415","2024-12-07",热线审核,2
"11416","2024-12-07",热线复核,127
"11417","2024-12-07",承办单位审核,12
"11418","2024-12-07",承办单位处理,137
"11419","2024-12-07",承办单位复核,24
"11420","2024-12-07",办结,83
"11421","2024-12-07",回访,22
"11422","2024-12-07",归档,118
"11423","2024-12-07",挂起,4
"11424","2024-12-08",话务员暂存,47
"11425","2024-12-08",话务员受理,131
"11426","2024-12-08",话务员办理,144
"11427","2024-12-08",热线审核,47
"11428","2024-12-08",热线复核,63
"11429","2024-12-08",承办单位审核,22
"11430","2024-12-08",承办单位处理,23
"11431","2024-12-08",承办单位复核,109
"11432","2024-12-08",办结,9
"11433","2024-12-08",回访,10
"11434","2024-12-08",归档,85
"11435","2024-12-08",挂起,1
"11436","2024-12-09",话务员暂存,129
"11437","2024-12-09",话务员受理,117
"11438","2024-12-09",话务员办理,26
"11439","2024-12-09",热线审核,25
"11440","2024-12-09",热线复核,122
"11441","2024-12-09",承办单位审核,46
"11442","2024-12-09",承办单位处理,106
"11443","2024-12-09",承办单位复核,14
"11444","2024-12-09",办结,10
"11445","2024-12-09",回访,63
"11446","2024-12-09",归档,49
"11447","2024-12-09",挂起,131
"11448","2024-12-10",话务员暂存,69
"11449","2024-12-10",话务员受理,115
"11450","2024-12-10",话务员办理,69
"11451","2024-12-10",热线审核,57
"11452","2024-12-10",热线复核,97
"11453","2024-12-10",承办单位审核,31
"11454","2024-12-10",承办单位处理,41
"11455","2024-12-10",承办单位复核,58
"11456","2024-12-10",办结,89
"11457","2024-12-10",回访,31
"11458","2024-12-10",归档,106
"11459","2024-12-10",挂起,109
"11460","2024-12-11",话务员暂存,12
"11461","2024-12-11",话务员受理,69
"11462","2024-12-11",话务员办理,32
"11463","2024-12-11",热线审核,45
"11464","2024-12-11",热线复核,8
"11465","2024-12-11",承办单位审核,43
"11466","2024-12-11",承办单位处理,22
"11467","2024-12-11",承办单位复核,78
"11468","2024-12-11",办结,58
"11469","2024-12-11",回访,57
"11470","2024-12-11",归档,43
"11471","2024-12-11",挂起,36
"11472","2024-12-12",话务员暂存,7
"11473","2024-12-12",话务员受理,11
"11474","2024-12-12",话务员办理,70
"11475","2024-12-12",热线审核,11
"11476","2024-12-12",热线复核,1
"11477","2024-12-12",承办单位审核,104
"11478","2024-12-12",承办单位处理,84
"11479","2024-12-12",承办单位复核,110
"11480","2024-12-12",办结,85
"11481","2024-12-12",回访,65
"11482","2024-12-12",归档,60
"11483","2024-12-12",挂起,82
"11484","2024-12-13",话务员暂存,78
"11485","2024-12-13",话务员受理,102
"11486","2024-12-13",话务员办理,33
"11487","2024-12-13",热线审核,13
"11488","2024-12-13",热线复核,106
"11489","2024-12-13",承办单位审核,53
"11490","2024-12-13",承办单位处理,24
"11491","2024-12-13",承办单位复核,45
"11492","2024-12-13",办结,20
"11493","2024-12-13",回访,94
"11494","2024-12-13",归档,68
"11495","2024-12-13",挂起,9
"11496","2024-12-14",话务员暂存,130
"11497","2024-12-14",话务员受理,135
"11498","2024-12-14",话务员办理,65
"11499","2024-12-14",热线审核,76
"11500","2024-12-14",热线复核,112
"11501","2024-12-14",承办单位审核,94
"11502","2024-12-14",承办单位处理,58
"11503","2024-12-14",承办单位复核,37
"11504","2024-12-14",办结,81
"11505","2024-12-14",回访,32
"11506","2024-12-14",归档,34
"11507","2024-12-14",挂起,87
"11508","2024-12-15",话务员暂存,11
"11509","2024-12-15",话务员受理,71
"11510","2024-12-15",话务员办理,89
"11511","2024-12-15",热线审核,64
"11512","2024-12-15",热线复核,22
"11513","2024-12-15",承办单位审核,88
"11514","2024-12-15",承办单位处理,80
"11515","2024-12-15",承办单位复核,75
"11516","2024-12-15",办结,37
"11517","2024-12-15",回访,66
"11518","2024-12-15",归档,104
"11519","2024-12-15",挂起,49
"11520","2024-12-16",话务员暂存,46
"11521","2024-12-16",话务员受理,1
"11522","2024-12-16",话务员办理,33
"11523","2024-12-16",热线审核,18
"11524","2024-12-16",热线复核,61
"11525","2024-12-16",承办单位审核,49
"11526","2024-12-16",承办单位处理,17
"11527","2024-12-16",承办单位复核,49
"11528","2024-12-16",办结,42
"11529","2024-12-16",回访,9
"11530","2024-12-16",归档,27
"11531","2024-12-16",挂起,54
"11532","2024-12-17",话务员暂存,30
"11533","2024-12-17",话务员受理,79
"11534","2024-12-17",话务员办理,52
"11535","2024-12-17",热线审核,191
"11536","2024-12-17",热线复核,115
"11537","2024-12-17",承办单位审核,179
"11538","2024-12-17",承办单位处理,85
"11539","2024-12-17",承办单位复核,53
"11540","2024-12-17",办结,146
"11541","2024-12-17",回访,20
"11542","2024-12-17",归档,3
"11543","2024-12-17",挂起,25
"11544","2024-12-18",话务员暂存,56
"11545","2024-12-18",话务员受理,31
"11546","2024-12-18",话务员办理,47
"11547","2024-12-18",热线审核,36
"11548","2024-12-18",热线复核,43
"11549","2024-12-18",承办单位审核,31
"11550","2024-12-18",承办单位处理,35
"11551","2024-12-18",承办单位复核,81
"11552","2024-12-18",办结,24
"11553","2024-12-18",回访,26
"11554","2024-12-18",归档,22
"11555","2024-12-18",挂起,53
"11556","2024-12-19",话务员暂存,74
"11557","2024-12-19",话务员受理,7
"11558","2024-12-19",话务员办理,22
"11559","2024-12-19",热线审核,57
"11560","2024-12-19",热线复核,105
"11561","2024-12-19",承办单位审核,9
"11562","2024-12-19",承办单位处理,89
"11563","2024-12-19",承办单位复核,74
"11564","2024-12-19",办结,15
"11565","2024-12-19",回访,93
"11566","2024-12-19",归档,73
"11567","2024-12-19",挂起,90
"11568","2024-12-20",话务员暂存,34
"11569","2024-12-20",话务员受理,53
"11570","2024-12-20",话务员办理,42
"11571","2024-12-20",热线审核,4
"11572","2024-12-20",热线复核,25
"11573","2024-12-20",承办单位审核,62
"11574","2024-12-20",承办单位处理,6
"11575","2024-12-20",承办单位复核,77
"11576","2024-12-20",办结,70
"11577","2024-12-20",回访,50
"11578","2024-12-20",归档,17
"11579","2024-12-20",挂起,62
"11580","2024-12-21",话务员暂存,19
"11581","2024-12-21",话务员受理,11
"11582","2024-12-21",话务员办理,82
"11583","2024-12-21",热线审核,77
"11584","2024-12-21",热线复核,37
"11585","2024-12-21",承办单位审核,11
"11586","2024-12-21",承办单位处理,122
"11587","2024-12-21",承办单位复核,114
"11588","2024-12-21",办结,64
"11589","2024-12-21",回访,51
"11590","2024-12-21",归档,124
"11591","2024-12-21",挂起,104
"11592","2024-12-22",话务员暂存,77
"11593","2024-12-22",话务员受理,65
"11594","2024-12-22",话务员办理,78
"11595","2024-12-22",热线审核,69
"11596","2024-12-22",热线复核,26
"11597","2024-12-22",承办单位审核,90
"11598","2024-12-22",承办单位处理,20
"11599","2024-12-22",承办单位复核,66
"11600","2024-12-22",办结,5
"11601","2024-12-22",回访,44
"11602","2024-12-22",归档,47
"11603","2024-12-22",挂起,44
"11604","2024-12-23",话务员暂存,56
"11605","2024-12-23",话务员受理,6
"11606","2024-12-23",话务员办理,61
"11607","2024-12-23",热线审核,115
"11608","2024-12-23",热线复核,19
"11609","2024-12-23",承办单位审核,219
"11610","2024-12-23",承办单位处理,16
"11611","2024-12-23",承办单位复核,108
"11612","2024-12-23",办结,66
"11613","2024-12-23",回访,62
"11614","2024-12-23",归档,11
"11615","2024-12-23",挂起,19
"11616","2024-12-24",话务员暂存,36
"11617","2024-12-24",话务员受理,80
"11618","2024-12-24",话务员办理,5
"11619","2024-12-24",热线审核,89
"11620","2024-12-24",热线复核,37
"11621","2024-12-24",承办单位审核,8
"11622","2024-12-24",承办单位处理,12
"11623","2024-12-24",承办单位复核,25
"11624","2024-12-24",办结,87
"11625","2024-12-24",回访,28
"11626","2024-12-24",归档,73
"11627","2024-12-24",挂起,25
"11628","2024-12-25",话务员暂存,8
"11629","2024-12-25",话务员受理,43
"11630","2024-12-25",话务员办理,51
"11631","2024-12-25",热线审核,11
"11632","2024-12-25",热线复核,48
"11633","2024-12-25",承办单位审核,21
"11634","2024-12-25",承办单位处理,29
"11635","2024-12-25",承办单位复核,20
"11636","2024-12-25",办结,11
"11637","2024-12-25",回访,23
"11638","2024-12-25",归档,59
"11639","2024-12-25",挂起,55
"11640","2024-12-26",话务员暂存,80
"11641","2024-12-26",话务员受理,14
"11642","2024-12-26",话务员办理,20
"11643","2024-12-26",热线审核,51
"11644","2024-12-26",热线复核,73
"11645","2024-12-26",承办单位审核,4
"11646","2024-12-26",承办单位处理,91
"11647","2024-12-26",承办单位复核,40
"11648","2024-12-26",办结,39
"11649","2024-12-26",回访,104
"11650","2024-12-26",归档,41
"11651","2024-12-26",挂起,19
"11652","2024-12-27",话务员暂存,21
"11653","2024-12-27",话务员受理,36
"11654","2024-12-27",话务员办理,81
"11655","2024-12-27",热线审核,75
"11656","2024-12-27",热线复核,33
"11657","2024-12-27",承办单位审核,80
"11658","2024-12-27",承办单位处理,84
"11659","2024-12-27",承办单位复核,81
"11660","2024-12-27",办结,34
"11661","2024-12-27",回访,23
"11662","2024-12-27",归档,55
"11663","2024-12-27",挂起,8
"11664","2024-12-28",话务员暂存,87
"11665","2024-12-28",话务员受理,63
"11666","2024-12-28",话务员办理,97
"11667","2024-12-28",热线审核,93
"11668","2024-12-28",热线复核,15
"11669","2024-12-28",承办单位审核,81
"11670","2024-12-28",承办单位处理,51
"11671","2024-12-28",承办单位复核,77
"11672","2024-12-28",办结,66
"11673","2024-12-28",回访,61
"11674","2024-12-28",归档,98
"11675","2024-12-28",挂起,73
"11676","2024-12-29",话务员暂存,66
"11677","2024-12-29",话务员受理,15
"11678","2024-12-29",话务员办理,28
"11679","2024-12-29",热线审核,44
"11680","2024-12-29",热线复核,12
"11681","2024-12-29",承办单位审核,23
"11682","2024-12-29",承办单位处理,40
"11683","2024-12-29",承办单位复核,32
"11684","2024-12-29",办结,54
"11685","2024-12-29",回访,15
"11686","2024-12-29",归档,48
"11687","2024-12-29",挂起,3
"11688","2024-12-30",话务员暂存,8
"11689","2024-12-30",话务员受理,46
"11690","2024-12-30",话务员办理,49
"11691","2024-12-30",热线审核,12
"11692","2024-12-30",热线复核,50
"11693","2024-12-30",承办单位审核,68
"11694","2024-12-30",承办单位处理,84
"11695","2024-12-30",承办单位复核,47
"11696","2024-12-30",办结,50
"11697","2024-12-30",回访,60
"11698","2024-12-30",归档,35
"11699","2024-12-30",挂起,78
"11700","2024-12-31",话务员暂存,5
"11701","2024-12-31",话务员受理,53
"11702","2024-12-31",话务员办理,59
"11703","2024-12-31",热线审核,12
"11704","2024-12-31",热线复核,67
"11705","2024-12-31",承办单位审核,16
"11706","2024-12-31",承办单位处理,62
"11707","2024-12-31",承办单位复核,46
"11708","2024-12-31",办结,29
"11709","2024-12-31",回访,7
"11710","2024-12-31",归档,39
"11711","2024-12-31",挂起,43
"11712","2025-01-01",话务员暂存,122
"11713","2025-01-01",话务员受理,90
"11714","2025-01-01",话务员办理,40
"11715","2025-01-01",热线审核,23
"11716","2025-01-01",热线复核,15
"11717","2025-01-01",承办单位审核,20
"11718","2025-01-01",承办单位处理,96
"11719","2025-01-01",承办单位复核,17
"11720","2025-01-01",办结,38
"11721","2025-01-01",回访,143
"11722","2025-01-01",归档,94
"11723","2025-01-01",挂起,38
"11724","2025-01-02",话务员暂存,28
"11725","2025-01-02",话务员受理,76
"11726","2025-01-02",话务员办理,65
"11727","2025-01-02",热线审核,68
"11728","2025-01-02",热线复核,149
"11729","2025-01-02",承办单位审核,59
"11730","2025-01-02",承办单位处理,152
"11731","2025-01-02",承办单位复核,84
"11732","2025-01-02",办结,43
"11733","2025-01-02",回访,115
"11734","2025-01-02",归档,48
"11735","2025-01-02",挂起,73
"11736","2025-01-03",话务员暂存,18
"11737","2025-01-03",话务员受理,48
"11738","2025-01-03",话务员办理,32
"11739","2025-01-03",热线审核,37
"11740","2025-01-03",热线复核,63
"11741","2025-01-03",承办单位审核,56
"11742","2025-01-03",承办单位处理,12
"11743","2025-01-03",承办单位复核,23
"11744","2025-01-03",办结,62
"11745","2025-01-03",回访,14
"11746","2025-01-03",归档,46
"11747","2025-01-03",挂起,29
"11748","2025-01-04",话务员暂存,4
"11749","2025-01-04",话务员受理,60
"11750","2025-01-04",话务员办理,38
"11751","2025-01-04",热线审核,111
"11752","2025-01-04",热线复核,75
"11753","2025-01-04",承办单位审核,105
"11754","2025-01-04",承办单位处理,125
"11755","2025-01-04",承办单位复核,58
"11756","2025-01-04",办结,133
"11757","2025-01-04",回访,109
"11758","2025-01-04",归档,5
"11759","2025-01-04",挂起,106
"11760","2025-01-05",话务员暂存,57
"11761","2025-01-05",话务员受理,75
"11762","2025-01-05",话务员办理,10
"11763","2025-01-05",热线审核,63
"11764","2025-01-05",热线复核,79
"11765","2025-01-05",承办单位审核,88
"11766","2025-01-05",承办单位处理,69
"11767","2025-01-05",承办单位复核,91
"11768","2025-01-05",办结,25
"11769","2025-01-05",回访,16
"11770","2025-01-05",归档,67
"11771","2025-01-05",挂起,43
"11772","2025-01-06",话务员暂存,56
"11773","2025-01-06",话务员受理,51
"11774","2025-01-06",话务员办理,16
"11775","2025-01-06",热线审核,25
"11776","2025-01-06",热线复核,33
"11777","2025-01-06",承办单位审核,66
"11778","2025-01-06",承办单位处理,37
"11779","2025-01-06",承办单位复核,15
"11780","2025-01-06",办结,42
"11781","2025-01-06",回访,33
"11782","2025-01-06",归档,48
"11783","2025-01-06",挂起,32
"11784","2025-01-07",话务员暂存,100
"11785","2025-01-07",话务员受理,130
"11786","2025-01-07",话务员办理,62
"11787","2025-01-07",热线审核,133
"11788","2025-01-07",热线复核,52
"11789","2025-01-07",承办单位审核,39
"11790","2025-01-07",承办单位处理,33
"11791","2025-01-07",承办单位复核,134
"11792","2025-01-07",办结,127
"11793","2025-01-07",回访,82
"11794","2025-01-07",归档,27
"11795","2025-01-07",挂起,77
"11796","2025-01-08",话务员暂存,70
"11797","2025-01-08",话务员受理,76
"11798","2025-01-08",话务员办理,17
"11799","2025-01-08",热线审核,64
"11800","2025-01-08",热线复核,50
"11801","2025-01-08",承办单位审核,74
"11802","2025-01-08",承办单位处理,9
"11803","2025-01-08",承办单位复核,76
"11804","2025-01-08",办结,12
"11805","2025-01-08",回访,64
"11806","2025-01-08",归档,5
"11807","2025-01-08",挂起,59
"11808","2025-01-09",话务员暂存,52
"11809","2025-01-09",话务员受理,23
"11810","2025-01-09",话务员办理,25
"11811","2025-01-09",热线审核,58
"11812","2025-01-09",热线复核,39
"11813","2025-01-09",承办单位审核,29
"11814","2025-01-09",承办单位处理,61
"11815","2025-01-09",承办单位复核,53
"11816","2025-01-09",办结,54
"11817","2025-01-09",回访,32
"11818","2025-01-09",归档,70
"11819","2025-01-09",挂起,46
"11820","2025-01-10",话务员暂存,77
"11821","2025-01-10",话务员受理,92
"11822","2025-01-10",话务员办理,102
"11823","2025-01-10",热线审核,26
"11824","2025-01-10",热线复核,56
"11825","2025-01-10",承办单位审核,17
"11826","2025-01-10",承办单位处理,105
"11827","2025-01-10",承办单位复核,71
"11828","2025-01-10",办结,37
"11829","2025-01-10",回访,71
"11830","2025-01-10",归档,19
"11831","2025-01-10",挂起,36
"11832","2025-01-11",话务员暂存,39
"11833","2025-01-11",话务员受理,95
"11834","2025-01-11",话务员办理,60
"11835","2025-01-11",热线审核,39
"11836","2025-01-11",热线复核,56
"11837","2025-01-11",承办单位审核,9
"11838","2025-01-11",承办单位处理,1
"11839","2025-01-11",承办单位复核,52
"11840","2025-01-11",办结,70
"11841","2025-01-11",回访,78
"11842","2025-01-11",归档,83
"11843","2025-01-11",挂起,31
"11844","2025-01-12",话务员暂存,10
"11845","2025-01-12",话务员受理,57
"11846","2025-01-12",话务员办理,20
"11847","2025-01-12",热线审核,49
"11848","2025-01-12",热线复核,154
"11849","2025-01-12",承办单位审核,121
"11850","2025-01-12",承办单位处理,74
"11851","2025-01-12",承办单位复核,130
"11852","2025-01-12",办结,37
"11853","2025-01-12",回访,13
"11854","2025-01-12",归档,140
"11855","2025-01-12",挂起,114
"11856","2025-01-13",话务员暂存,113
"11857","2025-01-13",话务员受理,90
"11858","2025-01-13",话务员办理,26
"11859","2025-01-13",热线审核,61
"11860","2025-01-13",热线复核,13
"11861","2025-01-13",承办单位审核,36
"11862","2025-01-13",承办单位处理,127
"11863","2025-01-13",承办单位复核,96
"11864","2025-01-13",办结,90
"11865","2025-01-13",回访,3
"11866","2025-01-13",归档,127
"11867","2025-01-13",挂起,24
"11868","2025-01-14",话务员暂存,50
"11869","2025-01-14",话务员受理,24
"11870","2025-01-14",话务员办理,78
"11871","2025-01-14",热线审核,157
"11872","2025-01-14",热线复核,36
"11873","2025-01-14",承办单位审核,14
"11874","2025-01-14",承办单位处理,174
"11875","2025-01-14",承办单位复核,194
"11876","2025-01-14",办结,60
"11877","2025-01-14",回访,13
"11878","2025-01-14",归档,64
"11879","2025-01-14",挂起,77
"11880","2025-01-15",话务员暂存,61
"11881","2025-01-15",话务员受理,59
"11882","2025-01-15",话务员办理,29
"11883","2025-01-15",热线审核,26
"11884","2025-01-15",热线复核,2
"11885","2025-01-15",承办单位审核,13
"11886","2025-01-15",承办单位处理,33
"11887","2025-01-15",承办单位复核,33
"11888","2025-01-15",办结,40
"11889","2025-01-15",回访,61
"11890","2025-01-15",归档,7
"11891","2025-01-15",挂起,43
"11892","2025-01-16",话务员暂存,35
"11893","2025-01-16",话务员受理,83
"11894","2025-01-16",话务员办理,60
"11895","2025-01-16",热线审核,40
"11896","2025-01-16",热线复核,104
"11897","2025-01-16",承办单位审核,57
"11898","2025-01-16",承办单位处理,96
"11899","2025-01-16",承办单位复核,13
"11900","2025-01-16",办结,24
"11901","2025-01-16",回访,16
"11902","2025-01-16",归档,108
"11903","2025-01-16",挂起,102
"11904","2025-01-17",话务员暂存,83
"11905","2025-01-17",话务员受理,29
"11906","2025-01-17",话务员办理,166
"11907","2025-01-17",热线审核,37
"11908","2025-01-17",热线复核,25
"11909","2025-01-17",承办单位审核,160
"11910","2025-01-17",承办单位处理,27
"11911","2025-01-17",承办单位复核,24
"11912","2025-01-17",办结,164
"11913","2025-01-17",回访,0
"11914","2025-01-17",归档,49
"11915","2025-01-17",挂起,115
"11916","2025-01-18",话务员暂存,19
"11917","2025-01-18",话务员受理,39
"11918","2025-01-18",话务员办理,40
"11919","2025-01-18",热线审核,10
"11920","2025-01-18",热线复核,26
"11921","2025-01-18",承办单位审核,20
"11922","2025-01-18",承办单位处理,19
"11923","2025-01-18",承办单位复核,12
"11924","2025-01-18",办结,25
"11925","2025-01-18",回访,43
"11926","2025-01-18",归档,47
"11927","2025-01-18",挂起,45
"11928","2025-01-19",话务员暂存,3
"11929","2025-01-19",话务员受理,103
"11930","2025-01-19",话务员办理,5
"11931","2025-01-19",热线审核,68
"11932","2025-01-19",热线复核,132
"11933","2025-01-19",承办单位审核,20
"11934","2025-01-19",承办单位处理,81
"11935","2025-01-19",承办单位复核,68
"11936","2025-01-19",办结,4
"11937","2025-01-19",回访,117
"11938","2025-01-19",归档,94
"11939","2025-01-19",挂起,76
"11940","2025-01-20",话务员暂存,42
"11941","2025-01-20",话务员受理,27
"11942","2025-01-20",话务员办理,49
"11943","2025-01-20",热线审核,39
"11944","2025-01-20",热线复核,38
"11945","2025-01-20",承办单位审核,37
"11946","2025-01-20",承办单位处理,43
"11947","2025-01-20",承办单位复核,35
"11948","2025-01-20",办结,17
"11949","2025-01-20",回访,11
"11950","2025-01-20",归档,37
"11951","2025-01-20",挂起,3
"11952","2025-01-21",话务员暂存,38
"11953","2025-01-21",话务员受理,6
"11954","2025-01-21",话务员办理,38
"11955","2025-01-21",热线审核,40
"11956","2025-01-21",热线复核,28
"11957","2025-01-21",承办单位审核,27
"11958","2025-01-21",承办单位处理,22
"11959","2025-01-21",承办单位复核,37
"11960","2025-01-21",办结,32
"11961","2025-01-21",回访,28
"11962","2025-01-21",归档,28
"11963","2025-01-21",挂起,44
"11964","2025-01-22",话务员暂存,38
"11965","2025-01-22",话务员受理,17
"11966","2025-01-22",话务员办理,20
"11967","2025-01-22",热线审核,24
"11968","2025-01-22",热线复核,47
"11969","2025-01-22",承办单位审核,26
"11970","2025-01-22",承办单位处理,67
"11971","2025-01-22",承办单位复核,18
"11972","2025-01-22",办结,5
"11973","2025-01-22",回访,59
"11974","2025-01-22",归档,34
"11975","2025-01-22",挂起,5
"11976","2025-01-23",话务员暂存,92
"11977","2025-01-23",话务员受理,47
"11978","2025-01-23",话务员办理,65
"11979","2025-01-23",热线审核,25
"11980","2025-01-23",热线复核,16
"11981","2025-01-23",承办单位审核,19
"11982","2025-01-23",承办单位处理,45
"11983","2025-01-23",承办单位复核,84
"11984","2025-01-23",办结,63
"11985","2025-01-23",回访,85
"11986","2025-01-23",归档,7
"11987","2025-01-23",挂起,108
"11988","2025-01-24",话务员暂存,126
"11989","2025-01-24",话务员受理,128
"11990","2025-01-24",话务员办理,31
"11991","2025-01-24",热线审核,42
"11992","2025-01-24",热线复核,80
"11993","2025-01-24",承办单位审核,56
"11994","2025-01-24",承办单位处理,52
"11995","2025-01-24",承办单位复核,49
"11996","2025-01-24",办结,89
"11997","2025-01-24",回访,54
"11998","2025-01-24",归档,88
"11999","2025-01-24",挂起,46
"12000","2025-01-25",话务员暂存,34
"12001","2025-01-25",话务员受理,74
"12002","2025-01-25",话务员办理,47
"12003","2025-01-25",热线审核,39
"12004","2025-01-25",热线复核,41
"12005","2025-01-25",承办单位审核,51
"12006","2025-01-25",承办单位处理,60
"12007","2025-01-25",承办单位复核,89
"12008","2025-01-25",办结,85
"12009","2025-01-25",回访,21
"12010","2025-01-25",归档,39
"12011","2025-01-25",挂起,102
"12012","2025-01-26",话务员暂存,39
"12013","2025-01-26",话务员受理,103
"12014","2025-01-26",话务员办理,81
"12015","2025-01-26",热线审核,3
"12016","2025-01-26",热线复核,16
"12017","2025-01-26",承办单位审核,95
"12018","2025-01-26",承办单位处理,53
"12019","2025-01-26",承办单位复核,25
"12020","2025-01-26",办结,75
"12021","2025-01-26",回访,93
"12022","2025-01-26",归档,62
"12023","2025-01-26",挂起,88
"12024","2025-01-27",话务员暂存,109
"12025","2025-01-27",话务员受理,105
"12026","2025-01-27",话务员办理,125
"12027","2025-01-27",热线审核,55
"12028","2025-01-27",热线复核,68
"12029","2025-01-27",承办单位审核,107
"12030","2025-01-27",承办单位处理,120
"12031","2025-01-27",承办单位复核,40
"12032","2025-01-27",办结,119
"12033","2025-01-27",回访,14
"12034","2025-01-27",归档,37
"12035","2025-01-27",挂起,50
"12036","2025-01-28",话务员暂存,12
"12037","2025-01-28",话务员受理,55
"12038","2025-01-28",话务员办理,144
"12039","2025-01-28",热线审核,92
"12040","2025-01-28",热线复核,42
"12041","2025-01-28",承办单位审核,28
"12042","2025-01-28",承办单位处理,68
"12043","2025-01-28",承办单位复核,98
"12044","2025-01-28",办结,140
"12045","2025-01-28",回访,127
"12046","2025-01-28",归档,98
"12047","2025-01-28",挂起,45
"12048","2025-01-29",话务员暂存,5
"12049","2025-01-29",话务员受理,63
"12050","2025-01-29",话务员办理,23
"12051","2025-01-29",热线审核,57
"12052","2025-01-29",热线复核,93
"12053","2025-01-29",承办单位审核,83
"12054","2025-01-29",承办单位处理,105
"12055","2025-01-29",承办单位复核,71
"12056","2025-01-29",办结,92
"12057","2025-01-29",回访,59
"12058","2025-01-29",归档,27
"12059","2025-01-29",挂起,1
"12060","2025-01-30",话务员暂存,82
"12061","2025-01-30",话务员受理,29
"12062","2025-01-30",话务员办理,117
"12063","2025-01-30",热线审核,118
"12064","2025-01-30",热线复核,62
"12065","2025-01-30",承办单位审核,128
"12066","2025-01-30",承办单位处理,120
"12067","2025-01-30",承办单位复核,78
"12068","2025-01-30",办结,102
"12069","2025-01-30",回访,25
"12070","2025-01-30",归档,9
"12071","2025-01-30",挂起,112
"12072","2025-01-31",话务员暂存,103
"12073","2025-01-31",话务员受理,76
"12074","2025-01-31",话务员办理,96
"12075","2025-01-31",热线审核,66
"12076","2025-01-31",热线复核,102
"12077","2025-01-31",承办单位审核,20
"12078","2025-01-31",承办单位处理,35
"12079","2025-01-31",承办单位复核,76
"12080","2025-01-31",办结,10
"12081","2025-01-31",回访,111
"12082","2025-01-31",归档,27
"12083","2025-01-31",挂起,117
"12084","2025-02-01",话务员暂存,63
"12085","2025-02-01",话务员受理,53
"12086","2025-02-01",话务员办理,54
"12087","2025-02-01",热线审核,60
"12088","2025-02-01",热线复核,33
"12089","2025-02-01",承办单位审核,69
"12090","2025-02-01",承办单位处理,38
"12091","2025-02-01",承办单位复核,4
"12092","2025-02-01",办结,49
"12093","2025-02-01",回访,27
"12094","2025-02-01",归档,7
"12095","2025-02-01",挂起,73
"12096","2025-02-02",话务员暂存,64
"12097","2025-02-02",话务员受理,69
"12098","2025-02-02",话务员办理,1
"12099","2025-02-02",热线审核,82
"12100","2025-02-02",热线复核,80
"12101","2025-02-02",承办单位审核,34
"12102","2025-02-02",承办单位处理,77
"12103","2025-02-02",承办单位复核,92
"12104","2025-02-02",办结,103
"12105","2025-02-02",回访,5
"12106","2025-02-02",归档,75
"12107","2025-02-02",挂起,59
"12108","2025-02-03",话务员暂存,142
"12109","2025-02-03",话务员受理,12
"12110","2025-02-03",话务员办理,114
"12111","2025-02-03",热线审核,140
"12112","2025-02-03",热线复核,18
"12113","2025-02-03",承办单位审核,14
"12114","2025-02-03",承办单位处理,72
"12115","2025-02-03",承办单位复核,9
"12116","2025-02-03",办结,18
"12117","2025-02-03",回访,136
"12118","2025-02-03",归档,54
"12119","2025-02-03",挂起,124
"12120","2025-02-04",话务员暂存,34
"12121","2025-02-04",话务员受理,30
"12122","2025-02-04",话务员办理,7
"12123","2025-02-04",热线审核,64
"12124","2025-02-04",热线复核,20
"12125","2025-02-04",承办单位审核,27
"12126","2025-02-04",承办单位处理,17
"12127","2025-02-04",承办单位复核,41
"12128","2025-02-04",办结,45
"12129","2025-02-04",回访,11
"12130","2025-02-04",归档,44
"12131","2025-02-04",挂起,5
"12132","2025-02-05",话务员暂存,64
"12133","2025-02-05",话务员受理,44
"12134","2025-02-05",话务员办理,114
"12135","2025-02-05",热线审核,4
"12136","2025-02-05",热线复核,37
"12137","2025-02-05",承办单位审核,5
"12138","2025-02-05",承办单位处理,75
"12139","2025-02-05",承办单位复核,133
"12140","2025-02-05",办结,125
"12141","2025-02-05",回访,135
"12142","2025-02-05",归档,39
"12143","2025-02-05",挂起,20
"12144","2025-02-06",话务员暂存,49
"12145","2025-02-06",话务员受理,7
"12146","2025-02-06",话务员办理,16
"12147","2025-02-06",热线审核,28
"12148","2025-02-06",热线复核,2
"12149","2025-02-06",承办单位审核,16
"12150","2025-02-06",承办单位处理,16
"12151","2025-02-06",承办单位复核,30
"12152","2025-02-06",办结,7
"12153","2025-02-06",回访,51
"12154","2025-02-06",归档,31
"12155","2025-02-06",挂起,47
"12156","2025-02-07",话务员暂存,59
"12157","2025-02-07",话务员受理,29
"12158","2025-02-07",话务员办理,149
"12159","2025-02-07",热线审核,52
"12160","2025-02-07",热线复核,10
"12161","2025-02-07",承办单位审核,70
"12162","2025-02-07",承办单位处理,103
"12163","2025-02-07",承办单位复核,10
"12164","2025-02-07",办结,81
"12165","2025-02-07",回访,24
"12166","2025-02-07",归档,93
"12167","2025-02-07",挂起,57
"12168","2025-02-08",话务员暂存,27
"12169","2025-02-08",话务员受理,6
"12170","2025-02-08",话务员办理,6
"12171","2025-02-08",热线审核,23
"12172","2025-02-08",热线复核,61
"12173","2025-02-08",承办单位审核,37
"12174","2025-02-08",承办单位处理,1
"12175","2025-02-08",承办单位复核,33
"12176","2025-02-08",办结,30
"12177","2025-02-08",回访,68
"12178","2025-02-08",归档,32
"12179","2025-02-08",挂起,21
"12180","2025-02-09",话务员暂存,86
"12181","2025-02-09",话务员受理,145
"12182","2025-02-09",话务员办理,33
"12183","2025-02-09",热线审核,123
"12184","2025-02-09",热线复核,13
"12185","2025-02-09",承办单位审核,40
"12186","2025-02-09",承办单位处理,46
"12187","2025-02-09",承办单位复核,1
"12188","2025-02-09",办结,116
"12189","2025-02-09",回访,146
"12190","2025-02-09",归档,125
"12191","2025-02-09",挂起,87
"12192","2025-02-10",话务员暂存,59
"12193","2025-02-10",话务员受理,103
"12194","2025-02-10",话务员办理,107
"12195","2025-02-10",热线审核,90
"12196","2025-02-10",热线复核,47
"12197","2025-02-10",承办单位审核,45
"12198","2025-02-10",承办单位处理,105
"12199","2025-02-10",承办单位复核,20
"12200","2025-02-10",办结,21
"12201","2025-02-10",回访,76
"12202","2025-02-10",归档,81
"12203","2025-02-10",挂起,49
"12204","2025-02-11",话务员暂存,67
"12205","2025-02-11",话务员受理,28
"12206","2025-02-11",话务员办理,70
"12207","2025-02-11",热线审核,48
"12208","2025-02-11",热线复核,52
"12209","2025-02-11",承办单位审核,30
"12210","2025-02-11",承办单位处理,19
"12211","2025-02-11",承办单位复核,75
"12212","2025-02-11",办结,59
"12213","2025-02-11",回访,57
"12214","2025-02-11",归档,57
"12215","2025-02-11",挂起,1
"12216","2025-02-12",话务员暂存,54
"12217","2025-02-12",话务员受理,7
"12218","2025-02-12",话务员办理,25
"12219","2025-02-12",热线审核,8
"12220","2025-02-12",热线复核,108
"12221","2025-02-12",承办单位审核,27
"12222","2025-02-12",承办单位处理,60
"12223","2025-02-12",承办单位复核,77
"12224","2025-02-12",办结,21
"12225","2025-02-12",回访,123
"12226","2025-02-12",归档,63
"12227","2025-02-12",挂起,41
"12228","2025-02-13",话务员暂存,47
"12229","2025-02-13",话务员受理,38
"12230","2025-02-13",话务员办理,38
"12231","2025-02-13",热线审核,42
"12232","2025-02-13",热线复核,19
"12233","2025-02-13",承办单位审核,31
"12234","2025-02-13",承办单位处理,104
"12235","2025-02-13",承办单位复核,36
"12236","2025-02-13",办结,107
"12237","2025-02-13",回访,24
"12238","2025-02-13",归档,21
"12239","2025-02-13",挂起,62
"12240","2025-02-14",话务员暂存,23
"12241","2025-02-14",话务员受理,46
"12242","2025-02-14",话务员办理,54
"12243","2025-02-14",热线审核,53
"12244","2025-02-14",热线复核,10
"12245","2025-02-14",承办单位审核,1
"12246","2025-02-14",承办单位处理,9
"12247","2025-02-14",承办单位复核,35
"12248","2025-02-14",办结,22
"12249","2025-02-14",回访,30
"12250","2025-02-14",归档,45
"12251","2025-02-14",挂起,61
"12252","2025-02-15",话务员暂存,84
"12253","2025-02-15",话务员受理,63
"12254","2025-02-15",话务员办理,68
"12255","2025-02-15",热线审核,65
"12256","2025-02-15",热线复核,9
"12257","2025-02-15",承办单位审核,10
"12258","2025-02-15",承办单位处理,28
"12259","2025-02-15",承办单位复核,68
"12260","2025-02-15",办结,10
"12261","2025-02-15",回访,10
"12262","2025-02-15",归档,17
"12263","2025-02-15",挂起,79
"12264","2025-02-16",话务员暂存,23
"12265","2025-02-16",话务员受理,69
"12266","2025-02-16",话务员办理,65
"12267","2025-02-16",热线审核,43
"12268","2025-02-16",热线复核,30
"12269","2025-02-16",承办单位审核,44
"12270","2025-02-16",承办单位处理,5
"12271","2025-02-16",承办单位复核,64
"12272","2025-02-16",办结,24
"12273","2025-02-16",回访,67
"12274","2025-02-16",归档,21
"12275","2025-02-16",挂起,59
"12276","2025-02-17",话务员暂存,51
"12277","2025-02-17",话务员受理,30
"12278","2025-02-17",话务员办理,33
"12279","2025-02-17",热线审核,22
"12280","2025-02-17",热线复核,48
"12281","2025-02-17",承办单位审核,52
"12282","2025-02-17",承办单位处理,21
"12283","2025-02-17",承办单位复核,18
"12284","2025-02-17",办结,50
"12285","2025-02-17",回访,6
"12286","2025-02-17",归档,35
"12287","2025-02-17",挂起,32
"12288","2025-02-18",话务员暂存,44
"12289","2025-02-18",话务员受理,150
"12290","2025-02-18",话务员办理,104
"12291","2025-02-18",热线审核,38
"12292","2025-02-18",热线复核,106
"12293","2025-02-18",承办单位审核,149
"12294","2025-02-18",承办单位处理,105
"12295","2025-02-18",承办单位复核,107
"12296","2025-02-18",办结,38
"12297","2025-02-18",回访,25
"12298","2025-02-18",归档,18
"12299","2025-02-18",挂起,37
"12300","2025-02-19",话务员暂存,24
"12301","2025-02-19",话务员受理,94
"12302","2025-02-19",话务员办理,117
"12303","2025-02-19",热线审核,98
"12304","2025-02-19",热线复核,2
"12305","2025-02-19",承办单位审核,24
"12306","2025-02-19",承办单位处理,18
"12307","2025-02-19",承办单位复核,5
"12308","2025-02-19",办结,118
"12309","2025-02-19",回访,3
"12310","2025-02-19",归档,4
"12311","2025-02-19",挂起,68
"12312","2025-02-20",话务员暂存,49
"12313","2025-02-20",话务员受理,44
"12314","2025-02-20",话务员办理,77
"12315","2025-02-20",热线审核,87
"12316","2025-02-20",热线复核,66
"12317","2025-02-20",承办单位审核,82
"12318","2025-02-20",承办单位处理,16
"12319","2025-02-20",承办单位复核,13
"12320","2025-02-20",办结,11
"12321","2025-02-20",回访,26
"12322","2025-02-20",归档,69
"12323","2025-02-20",挂起,90
"12324","2025-02-21",话务员暂存,110
"12325","2025-02-21",话务员受理,25
"12326","2025-02-21",话务员办理,94
"12327","2025-02-21",热线审核,61
"12328","2025-02-21",热线复核,68
"12329","2025-02-21",承办单位审核,12
"12330","2025-02-21",承办单位处理,85
"12331","2025-02-21",承办单位复核,112
"12332","2025-02-21",办结,17
"12333","2025-02-21",回访,6
"12334","2025-02-21",归档,59
"12335","2025-02-21",挂起,114
"12336","2025-02-22",话务员暂存,5
"12337","2025-02-22",话务员受理,57
"12338","2025-02-22",话务员办理,70
"12339","2025-02-22",热线审核,81
"12340","2025-02-22",热线复核,98
"12341","2025-02-22",承办单位审核,40
"12342","2025-02-22",承办单位处理,52
"12343","2025-02-22",承办单位复核,22
"12344","2025-02-22",办结,96
"12345","2025-02-22",回访,71
"12346","2025-02-22",归档,52
"12347","2025-02-22",挂起,59
"12348","2025-02-23",话务员暂存,104
"12349","2025-02-23",话务员受理,62
"12350","2025-02-23",话务员办理,135
"12351","2025-02-23",热线审核,72
"12352","2025-02-23",热线复核,95
"12353","2025-02-23",承办单位审核,27
"12354","2025-02-23",承办单位处理,107
"12355","2025-02-23",承办单位复核,68
"12356","2025-02-23",办结,105
"12357","2025-02-23",回访,7
"12358","2025-02-23",归档,38
"12359","2025-02-23",挂起,133
"12360","2025-02-24",话务员暂存,161
"12361","2025-02-24",话务员受理,124
"12362","2025-02-24",话务员办理,36
"12363","2025-02-24",热线审核,196
"12364","2025-02-24",热线复核,29
"12365","2025-02-24",承办单位审核,152
"12366","2025-02-24",承办单位处理,1
"12367","2025-02-24",承办单位复核,9
"12368","2025-02-24",办结,29
"12369","2025-02-24",回访,29
"12370","2025-02-24",归档,27
"12371","2025-02-24",挂起,84
"12372","2025-02-25",话务员暂存,100
"12373","2025-02-25",话务员受理,12
"12374","2025-02-25",话务员办理,149
"12375","2025-02-25",热线审核,3
"12376","2025-02-25",热线复核,149
"12377","2025-02-25",承办单位审核,27
"12378","2025-02-25",承办单位处理,108
"12379","2025-02-25",承办单位复核,55
"12380","2025-02-25",办结,79
"12381","2025-02-25",回访,155
"12382","2025-02-25",归档,38
"12383","2025-02-25",挂起,64
"12384","2025-02-26",话务员暂存,19
"12385","2025-02-26",话务员受理,13
"12386","2025-02-26",话务员办理,23
"12387","2025-02-26",热线审核,26
"12388","2025-02-26",热线复核,25
"12389","2025-02-26",承办单位审核,38
"12390","2025-02-26",承办单位处理,3
"12391","2025-02-26",承办单位复核,60
"12392","2025-02-26",办结,35
"12393","2025-02-26",回访,66
"12394","2025-02-26",归档,46
"12395","2025-02-26",挂起,38
"12396","2025-02-27",话务员暂存,7
"12397","2025-02-27",话务员受理,23
"12398","2025-02-27",话务员办理,21
"12399","2025-02-27",热线审核,26
"12400","2025-02-27",热线复核,34
"12401","2025-02-27",承办单位审核,22
"12402","2025-02-27",承办单位处理,34
"12403","2025-02-27",承办单位复核,46
"12404","2025-02-27",办结,54
"12405","2025-02-27",回访,40
"12406","2025-02-27",归档,0
"12407","2025-02-27",挂起,34
"12408","2025-02-28",话务员暂存,26
"12409","2025-02-28",话务员受理,27
"12410","2025-02-28",话务员办理,4
"12411","2025-02-28",热线审核,66
"12412","2025-02-28",热线复核,20
"12413","2025-02-28",承办单位审核,78
"12414","2025-02-28",承办单位处理,27
"12415","2025-02-28",承办单位复核,75
"12416","2025-02-28",办结,37
"12417","2025-02-28",回访,74
"12418","2025-02-28",归档,9
"12419","2025-02-28",挂起,60
"12420","2025-03-01",话务员暂存,95
"12421","2025-03-01",话务员受理,10
"12422","2025-03-01",话务员办理,47
"12423","2025-03-01",热线审核,146
"12424","2025-03-01",热线复核,83
"12425","2025-03-01",承办单位审核,37
"12426","2025-03-01",承办单位处理,99
"12427","2025-03-01",承办单位复核,90
"12428","2025-03-01",办结,62
"12429","2025-03-01",回访,123
"12430","2025-03-01",归档,55
"12431","2025-03-01",挂起,8
"12432","2025-03-02",话务员暂存,65
"12433","2025-03-02",话务员受理,23
"12434","2025-03-02",话务员办理,80
"12435","2025-03-02",热线审核,46
"12436","2025-03-02",热线复核,69
"12437","2025-03-02",承办单位审核,57
"12438","2025-03-02",承办单位处理,3
"12439","2025-03-02",承办单位复核,62
"12440","2025-03-02",办结,1
"12441","2025-03-02",回访,19
"12442","2025-03-02",归档,59
"12443","2025-03-02",挂起,84
"12444","2025-03-03",话务员暂存,44
"12445","2025-03-03",话务员受理,23
"12446","2025-03-03",话务员办理,98
"12447","2025-03-03",热线审核,17
"12448","2025-03-03",热线复核,29
"12449","2025-03-03",承办单位审核,11
"12450","2025-03-03",承办单位处理,80
"12451","2025-03-03",承办单位复核,70
"12452","2025-03-03",办结,43
"12453","2025-03-03",回访,41
"12454","2025-03-03",归档,12
"12455","2025-03-03",挂起,47
"12456","2025-03-04",话务员暂存,14
"12457","2025-03-04",话务员受理,18
"12458","2025-03-04",话务员办理,85
"12459","2025-03-04",热线审核,152
"12460","2025-03-04",热线复核,31
"12461","2025-03-04",承办单位审核,76
"12462","2025-03-04",承办单位处理,38
"12463","2025-03-04",承办单位复核,131
"12464","2025-03-04",办结,139
"12465","2025-03-04",回访,61
"12466","2025-03-04",归档,26
"12467","2025-03-04",挂起,79
"12468","2025-03-05",话务员暂存,73
"12469","2025-03-05",话务员受理,37
"12470","2025-03-05",话务员办理,53
"12471","2025-03-05",热线审核,63
"12472","2025-03-05",热线复核,53
"12473","2025-03-05",承办单位审核,41
"12474","2025-03-05",承办单位处理,54
"12475","2025-03-05",承办单位复核,24
"12476","2025-03-05",办结,25
"12477","2025-03-05",回访,6
"12478","2025-03-05",归档,5
"12479","2025-03-05",挂起,13
"12480","2025-03-06",话务员暂存,76
"12481","2025-03-06",话务员受理,11
"12482","2025-03-06",话务员办理,10
"12483","2025-03-06",热线审核,66
"12484","2025-03-06",热线复核,115
"12485","2025-03-06",承办单位审核,85
"12486","2025-03-06",承办单位处理,9
"12487","2025-03-06",承办单位复核,77
"12488","2025-03-06",办结,76
"12489","2025-03-06",回访,0
"12490","2025-03-06",归档,10
"12491","2025-03-06",挂起,83
"12492","2025-03-07",话务员暂存,53
"12493","2025-03-07",话务员受理,133
"12494","2025-03-07",话务员办理,49
"12495","2025-03-07",热线审核,47
"12496","2025-03-07",热线复核,140
"12497","2025-03-07",承办单位审核,23
"12498","2025-03-07",承办单位处理,35
"12499","2025-03-07",承办单位复核,42
"12500","2025-03-07",办结,80
"12501","2025-03-07",回访,84
"12502","2025-03-07",归档,59
"12503","2025-03-07",挂起,114
"12504","2025-03-08",话务员暂存,60
"12505","2025-03-08",话务员受理,51
"12506","2025-03-08",话务员办理,71
"12507","2025-03-08",热线审核,33
"12508","2025-03-08",热线复核,14
"12509","2025-03-08",承办单位审核,41
"12510","2025-03-08",承办单位处理,19
"12511","2025-03-08",承办单位复核,11
"12512","2025-03-08",办结,51
"12513","2025-03-08",回访,19
"12514","2025-03-08",归档,54
"12515","2025-03-08",挂起,45
"12516","2025-03-09",话务员暂存,9
"12517","2025-03-09",话务员受理,21
"12518","2025-03-09",话务员办理,21
"12519","2025-03-09",热线审核,14
"12520","2025-03-09",热线复核,34
"12521","2025-03-09",承办单位审核,34
"12522","2025-03-09",承办单位处理,37
"12523","2025-03-09",承办单位复核,15
"12524","2025-03-09",办结,45
"12525","2025-03-09",回访,39
"12526","2025-03-09",归档,36
"12527","2025-03-09",挂起,14
"12528","2025-03-10",话务员暂存,87
"12529","2025-03-10",话务员受理,67
"12530","2025-03-10",话务员办理,51
"12531","2025-03-10",热线审核,47
"12532","2025-03-10",热线复核,37
"12533","2025-03-10",承办单位审核,80
"12534","2025-03-10",承办单位处理,90
"12535","2025-03-10",承办单位复核,36
"12536","2025-03-10",办结,45
"12537","2025-03-10",回访,29
"12538","2025-03-10",归档,18
"12539","2025-03-10",挂起,84
"12540","2025-03-11",话务员暂存,88
"12541","2025-03-11",话务员受理,28
"12542","2025-03-11",话务员办理,60
"12543","2025-03-11",热线审核,122
"12544","2025-03-11",热线复核,78
"12545","2025-03-11",承办单位审核,36
"12546","2025-03-11",承办单位处理,45
"12547","2025-03-11",承办单位复核,23
"12548","2025-03-11",办结,121
"12549","2025-03-11",回访,70
"12550","2025-03-11",归档,129
"12551","2025-03-11",挂起,115
"12552","2025-03-12",话务员暂存,76
"12553","2025-03-12",话务员受理,116
"12554","2025-03-12",话务员办理,57
"12555","2025-03-12",热线审核,89
"12556","2025-03-12",热线复核,141
"12557","2025-03-12",承办单位审核,39
"12558","2025-03-12",承办单位处理,38
"12559","2025-03-12",承办单位复核,19
"12560","2025-03-12",办结,92
"12561","2025-03-12",回访,19
"12562","2025-03-12",归档,25
"12563","2025-03-12",挂起,122
"12564","2025-03-13",话务员暂存,18
"12565","2025-03-13",话务员受理,15
"12566","2025-03-13",话务员办理,34
"12567","2025-03-13",热线审核,14
"12568","2025-03-13",热线复核,20
"12569","2025-03-13",承办单位审核,48
"12570","2025-03-13",承办单位处理,19
"12571","2025-03-13",承办单位复核,27
"12572","2025-03-13",办结,59
"12573","2025-03-13",回访,38
"12574","2025-03-13",归档,41
"12575","2025-03-13",挂起,19
"12576","2025-03-14",话务员暂存,13
"12577","2025-03-14",话务员受理,34
"12578","2025-03-14",话务员办理,53
"12579","2025-03-14",热线审核,59
"12580","2025-03-14",热线复核,17
"12581","2025-03-14",承办单位审核,32
"12582","2025-03-14",承办单位处理,57
"12583","2025-03-14",承办单位复核,27
"12584","2025-03-14",办结,56
"12585","2025-03-14",回访,8
"12586","2025-03-14",归档,5
"12587","2025-03-14",挂起,3
"12588","2025-03-15",话务员暂存,48
"12589","2025-03-15",话务员受理,34
"12590","2025-03-15",话务员办理,38
"12591","2025-03-15",热线审核,30
"12592","2025-03-15",热线复核,10
"12593","2025-03-15",承办单位审核,7
"12594","2025-03-15",承办单位处理,45
"12595","2025-03-15",承办单位复核,23
"12596","2025-03-15",办结,27
"12597","2025-03-15",回访,27
"12598","2025-03-15",归档,35
"12599","2025-03-15",挂起,19
"12600","2025-03-16",话务员暂存,113
"12601","2025-03-16",话务员受理,113
"12602","2025-03-16",话务员办理,107
"12603","2025-03-16",热线审核,88
"12604","2025-03-16",热线复核,21
"12605","2025-03-16",承办单位审核,140
"12606","2025-03-16",承办单位处理,21
"12607","2025-03-16",承办单位复核,36
"12608","2025-03-16",办结,82
"12609","2025-03-16",回访,74
"12610","2025-03-16",归档,89
"12611","2025-03-16",挂起,97
"12612","2025-03-17",话务员暂存,18
"12613","2025-03-17",话务员受理,134
"12614","2025-03-17",话务员办理,45
"12615","2025-03-17",热线审核,35
"12616","2025-03-17",热线复核,129
"12617","2025-03-17",承办单位审核,120
"12618","2025-03-17",承办单位处理,131
"12619","2025-03-17",承办单位复核,49
"12620","2025-03-17",办结,52
"12621","2025-03-17",回访,37
"12622","2025-03-17",归档,42
"12623","2025-03-17",挂起,135
"12624","2025-03-18",话务员暂存,36
"12625","2025-03-18",话务员受理,100
"12626","2025-03-18",话务员办理,38
"12627","2025-03-18",热线审核,8
"12628","2025-03-18",热线复核,19
"12629","2025-03-18",承办单位审核,95
"12630","2025-03-18",承办单位处理,100
"12631","2025-03-18",承办单位复核,109
"12632","2025-03-18",办结,145
"12633","2025-03-18",回访,139
"12634","2025-03-18",归档,133
"12635","2025-03-18",挂起,39
"12636","2025-03-19",话务员暂存,88
"12637","2025-03-19",话务员受理,72
"12638","2025-03-19",话务员办理,92
"12639","2025-03-19",热线审核,90
"12640","2025-03-19",热线复核,84
"12641","2025-03-19",承办单位审核,59
"12642","2025-03-19",承办单位处理,72
"12643","2025-03-19",承办单位复核,39
"12644","2025-03-19",办结,76
"12645","2025-03-19",回访,64
"12646","2025-03-19",归档,38
"12647","2025-03-19",挂起,18
"12648","2025-03-20",话务员暂存,81
"12649","2025-03-20",话务员受理,50
"12650","2025-03-20",话务员办理,87
"12651","2025-03-20",热线审核,82
"12652","2025-03-20",热线复核,127
"12653","2025-03-20",承办单位审核,54
"12654","2025-03-20",承办单位处理,102
"12655","2025-03-20",承办单位复核,94
"12656","2025-03-20",办结,131
"12657","2025-03-20",回访,138
"12658","2025-03-20",归档,16
"12659","2025-03-20",挂起,33
"12660","2025-03-21",话务员暂存,11
"12661","2025-03-21",话务员受理,19
"12662","2025-03-21",话务员办理,38
"12663","2025-03-21",热线审核,24
"12664","2025-03-21",热线复核,47
"12665","2025-03-21",承办单位审核,12
"12666","2025-03-21",承办单位处理,60
"12667","2025-03-21",承办单位复核,62
"12668","2025-03-21",办结,36
"12669","2025-03-21",回访,2
"12670","2025-03-21",归档,12
"12671","2025-03-21",挂起,41
"12672","2025-03-22",话务员暂存,7
"12673","2025-03-22",话务员受理,22
"12674","2025-03-22",话务员办理,1
"12675","2025-03-22",热线审核,44
"12676","2025-03-22",热线复核,101
"12677","2025-03-22",承办单位审核,6
"12678","2025-03-22",承办单位处理,9
"12679","2025-03-22",承办单位复核,90
"12680","2025-03-22",办结,95
"12681","2025-03-22",回访,39
"12682","2025-03-22",归档,27
"12683","2025-03-22",挂起,92
"12684","2025-03-23",话务员暂存,51
"12685","2025-03-23",话务员受理,34
"12686","2025-03-23",话务员办理,73
"12687","2025-03-23",热线审核,15
"12688","2025-03-23",热线复核,108
"12689","2025-03-23",承办单位审核,25
"12690","2025-03-23",承办单位处理,95
"12691","2025-03-23",承办单位复核,67
"12692","2025-03-23",办结,39
"12693","2025-03-23",回访,88
"12694","2025-03-23",归档,2
"12695","2025-03-23",挂起,103
"12696","2025-03-24",话务员暂存,7
"12697","2025-03-24",话务员受理,10
"12698","2025-03-24",话务员办理,38
"12699","2025-03-24",热线审核,33
"12700","2025-03-24",热线复核,38
"12701","2025-03-24",承办单位审核,19
"12702","2025-03-24",承办单位处理,37
"12703","2025-03-24",承办单位复核,27
"12704","2025-03-24",办结,41
"12705","2025-03-24",回访,31
"12706","2025-03-24",归档,41
"12707","2025-03-24",挂起,3
"12708","2025-03-25",话务员暂存,23
"12709","2025-03-25",话务员受理,59
"12710","2025-03-25",话务员办理,90
"12711","2025-03-25",热线审核,6
"12712","2025-03-25",热线复核,60
"12713","2025-03-25",承办单位审核,41
"12714","2025-03-25",承办单位处理,113
"12715","2025-03-25",承办单位复核,27
"12716","2025-03-25",办结,76
"12717","2025-03-25",回访,26
"12718","2025-03-25",归档,69
"12719","2025-03-25",挂起,17
"12720","2025-03-26",话务员暂存,35
"12721","2025-03-26",话务员受理,41
"12722","2025-03-26",话务员办理,73
"12723","2025-03-26",热线审核,4
"12724","2025-03-26",热线复核,49
"12725","2025-03-26",承办单位审核,30
"12726","2025-03-26",承办单位处理,66
"12727","2025-03-26",承办单位复核,24
"12728","2025-03-26",办结,70
"12729","2025-03-26",回访,85
"12730","2025-03-26",归档,16
"12731","2025-03-26",挂起,32
"12732","2025-03-27",话务员暂存,58
"12733","2025-03-27",话务员受理,5
"12734","2025-03-27",话务员办理,15
"12735","2025-03-27",热线审核,93
"12736","2025-03-27",热线复核,94
"12737","2025-03-27",承办单位审核,89
"12738","2025-03-27",承办单位处理,60
"12739","2025-03-27",承办单位复核,10
"12740","2025-03-27",办结,52
"12741","2025-03-27",回访,33
"12742","2025-03-27",归档,93
"12743","2025-03-27",挂起,7
"12744","2025-03-28",话务员暂存,30
"12745","2025-03-28",话务员受理,21
"12746","2025-03-28",话务员办理,28
"12747","2025-03-28",热线审核,25
"12748","2025-03-28",热线复核,12
"12749","2025-03-28",承办单位审核,22
"12750","2025-03-28",承办单位处理,45
"12751","2025-03-28",承办单位复核,54
"12752","2025-03-28",办结,85
"12753","2025-03-28",回访,39
"12754","2025-03-28",归档,60
"12755","2025-03-28",挂起,25
"12756","2025-03-29",话务员暂存,11
"12757","2025-03-29",话务员受理,124
"12758","2025-03-29",话务员办理,67
"12759","2025-03-29",热线审核,97
"12760","2025-03-29",热线复核,41
"12761","2025-03-29",承办单位审核,96
"12762","2025-03-29",承办单位处理,21
"12763","2025-03-29",承办单位复核,85
"12764","2025-03-29",办结,63
"12765","2025-03-29",回访,114
"12766","2025-03-29",归档,44
"12767","2025-03-29",挂起,21
"12768","2025-03-30",话务员暂存,87
"12769","2025-03-30",话务员受理,62
"12770","2025-03-30",话务员办理,88
"12771","2025-03-30",热线审核,52
"12772","2025-03-30",热线复核,50
"12773","2025-03-30",承办单位审核,83
"12774","2025-03-30",承办单位处理,44
"12775","2025-03-30",承办单位复核,75
"12776","2025-03-30",办结,97
"12777","2025-03-30",回访,106
"12778","2025-03-30",归档,83
"12779","2025-03-30",挂起,39
"12780","2025-03-31",话务员暂存,82
"12781","2025-03-31",话务员受理,30
"12782","2025-03-31",话务员办理,33
"12783","2025-03-31",热线审核,64
"12784","2025-03-31",热线复核,105
"12785","2025-03-31",承办单位审核,35
"12786","2025-03-31",承办单位处理,76
"12787","2025-03-31",承办单位复核,64
"12788","2025-03-31",办结,52
"12789","2025-03-31",回访,29
"12790","2025-03-31",归档,101
"12791","2025-03-31",挂起,77
"12792","2025-04-01",话务员暂存,17
"12793","2025-04-01",话务员受理,29
"12794","2025-04-01",话务员办理,43
"12795","2025-04-01",热线审核,12
"12796","2025-04-01",热线复核,37
"12797","2025-04-01",承办单位审核,34
"12798","2025-04-01",承办单位处理,2
"12799","2025-04-01",承办单位复核,24
"12800","2025-04-01",办结,41
"12801","2025-04-01",回访,41
"12802","2025-04-01",归档,48
"12803","2025-04-01",挂起,24
"12804","2025-04-02",话务员暂存,56
"12805","2025-04-02",话务员受理,140
"12806","2025-04-02",话务员办理,90
"12807","2025-04-02",热线审核,129
"12808","2025-04-02",热线复核,75
"12809","2025-04-02",承办单位审核,107
"12810","2025-04-02",承办单位处理,5
"12811","2025-04-02",承办单位复核,74
"12812","2025-04-02",办结,87
"12813","2025-04-02",回访,1
"12814","2025-04-02",归档,61
"12815","2025-04-02",挂起,84
"12816","2025-04-03",话务员暂存,85
"12817","2025-04-03",话务员受理,10
"12818","2025-04-03",话务员办理,93
"12819","2025-04-03",热线审核,52
"12820","2025-04-03",热线复核,72
"12821","2025-04-03",承办单位审核,21
"12822","2025-04-03",承办单位处理,81
"12823","2025-04-03",承办单位复核,1
"12824","2025-04-03",办结,12
"12825","2025-04-03",回访,55
"12826","2025-04-03",归档,11
"12827","2025-04-03",挂起,66
"12828","2025-04-04",话务员暂存,33
"12829","2025-04-04",话务员受理,42
"12830","2025-04-04",话务员办理,1
"12831","2025-04-04",热线审核,27
"12832","2025-04-04",热线复核,36
"12833","2025-04-04",承办单位审核,81
"12834","2025-04-04",承办单位处理,29
"12835","2025-04-04",承办单位复核,88
"12836","2025-04-04",办结,30
"12837","2025-04-04",回访,50
"12838","2025-04-04",归档,16
"12839","2025-04-04",挂起,18
"12840","2025-04-05",话务员暂存,81
"12841","2025-04-05",话务员受理,62
"12842","2025-04-05",话务员办理,46
"12843","2025-04-05",热线审核,84
"12844","2025-04-05",热线复核,41
"12845","2025-04-05",承办单位审核,22
"12846","2025-04-05",承办单位处理,19
"12847","2025-04-05",承办单位复核,39
"12848","2025-04-05",办结,59
"12849","2025-04-05",回访,52
"12850","2025-04-05",归档,36
"12851","2025-04-05",挂起,26
"12852","2025-04-06",话务员暂存,133
"12853","2025-04-06",话务员受理,83
"12854","2025-04-06",话务员办理,135
"12855","2025-04-06",热线审核,1
"12856","2025-04-06",热线复核,47
"12857","2025-04-06",承办单位审核,85
"12858","2025-04-06",承办单位处理,106
"12859","2025-04-06",承办单位复核,24
"12860","2025-04-06",办结,23
"12861","2025-04-06",回访,21
"12862","2025-04-06",归档,75
"12863","2025-04-06",挂起,77
"12864","2025-04-07",话务员暂存,80
"12865","2025-04-07",话务员受理,11
"12866","2025-04-07",话务员办理,46
"12867","2025-04-07",热线审核,19
"12868","2025-04-07",热线复核,4
"12869","2025-04-07",承办单位审核,64
"12870","2025-04-07",承办单位处理,49
"12871","2025-04-07",承办单位复核,17
"12872","2025-04-07",办结,87
"12873","2025-04-07",回访,9
"12874","2025-04-07",归档,15
"12875","2025-04-07",挂起,6
"12876","2025-04-08",话务员暂存,22
"12877","2025-04-08",话务员受理,68
"12878","2025-04-08",话务员办理,156
"12879","2025-04-08",热线审核,68
"12880","2025-04-08",热线复核,145
"12881","2025-04-08",承办单位审核,1
"12882","2025-04-08",承办单位处理,112
"12883","2025-04-08",承办单位复核,155
"12884","2025-04-08",办结,59
"12885","2025-04-08",回访,29
"12886","2025-04-08",归档,14
"12887","2025-04-08",挂起,75
"12888","2025-04-09",话务员暂存,12
"12889","2025-04-09",话务员受理,51
"12890","2025-04-09",话务员办理,16
"12891","2025-04-09",热线审核,38
"12892","2025-04-09",热线复核,36
"12893","2025-04-09",承办单位审核,24
"12894","2025-04-09",承办单位处理,60
"12895","2025-04-09",承办单位复核,57
"12896","2025-04-09",办结,84
"12897","2025-04-09",回访,39
"12898","2025-04-09",归档,84
"12899","2025-04-09",挂起,62
"12900","2025-04-10",话务员暂存,30
"12901","2025-04-10",话务员受理,43
"12902","2025-04-10",话务员办理,21
"12903","2025-04-10",热线审核,136
"12904","2025-04-10",热线复核,14
"12905","2025-04-10",承办单位审核,138
"12906","2025-04-10",承办单位处理,39
"12907","2025-04-10",承办单位复核,46
"12908","2025-04-10",办结,118
"12909","2025-04-10",回访,1
"12910","2025-04-10",归档,41
"12911","2025-04-10",挂起,58
"12912","2025-04-11",话务员暂存,38
"12913","2025-04-11",话务员受理,54
"12914","2025-04-11",话务员办理,60
"12915","2025-04-11",热线审核,52
"12916","2025-04-11",热线复核,6
"12917","2025-04-11",承办单位审核,49
"12918","2025-04-11",承办单位处理,41
"12919","2025-04-11",承办单位复核,55
"12920","2025-04-11",办结,27
"12921","2025-04-11",回访,57
"12922","2025-04-11",归档,14
"12923","2025-04-11",挂起,10
"12924","2025-04-12",话务员暂存,61
"12925","2025-04-12",话务员受理,101
"12926","2025-04-12",话务员办理,53
"12927","2025-04-12",热线审核,16
"12928","2025-04-12",热线复核,43
"12929","2025-04-12",承办单位审核,10
"12930","2025-04-12",承办单位处理,118
"12931","2025-04-12",承办单位复核,108
"12932","2025-04-12",办结,36
"12933","2025-04-12",回访,68
"12934","2025-04-12",归档,46
"12935","2025-04-12",挂起,0
"12936","2025-04-13",话务员暂存,41
"12937","2025-04-13",话务员受理,55
"12938","2025-04-13",话务员办理,60
"12939","2025-04-13",热线审核,42
"12940","2025-04-13",热线复核,64
"12941","2025-04-13",承办单位审核,68
"12942","2025-04-13",承办单位处理,2
"12943","2025-04-13",承办单位复核,44
"12944","2025-04-13",办结,17
"12945","2025-04-13",回访,3
"12946","2025-04-13",归档,63
"12947","2025-04-13",挂起,48
"12948","2025-04-14",话务员暂存,47
"12949","2025-04-14",话务员受理,140
"12950","2025-04-14",话务员办理,2
"12951","2025-04-14",热线审核,18
"12952","2025-04-14",热线复核,1
"12953","2025-04-14",承办单位审核,38
"12954","2025-04-14",承办单位处理,15
"12955","2025-04-14",承办单位复核,39
"12956","2025-04-14",办结,68
"12957","2025-04-14",回访,58
"12958","2025-04-14",归档,56
"12959","2025-04-14",挂起,89
"12960","2025-04-15",话务员暂存,36
"12961","2025-04-15",话务员受理,48
"12962","2025-04-15",话务员办理,16
"12963","2025-04-15",热线审核,27
"12964","2025-04-15",热线复核,21
"12965","2025-04-15",承办单位审核,36
"12966","2025-04-15",承办单位处理,43
"12967","2025-04-15",承办单位复核,9
"12968","2025-04-15",办结,27
"12969","2025-04-15",回访,40
"12970","2025-04-15",归档,9
"12971","2025-04-15",挂起,10
"12972","2025-04-16",话务员暂存,7
"12973","2025-04-16",话务员受理,28
"12974","2025-04-16",话务员办理,112
"12975","2025-04-16",热线审核,33
"12976","2025-04-16",热线复核,56
"12977","2025-04-16",承办单位审核,126
"12978","2025-04-16",承办单位处理,74
"12979","2025-04-16",承办单位复核,81
"12980","2025-04-16",办结,98
"12981","2025-04-16",回访,83
"12982","2025-04-16",归档,1
"12983","2025-04-16",挂起,63
"12984","2025-04-17",话务员暂存,73
"12985","2025-04-17",话务员受理,6
"12986","2025-04-17",话务员办理,97
"12987","2025-04-17",热线审核,118
"12988","2025-04-17",热线复核,94
"12989","2025-04-17",承办单位审核,5
"12990","2025-04-17",承办单位处理,94
"12991","2025-04-17",承办单位复核,39
"12992","2025-04-17",办结,47
"12993","2025-04-17",回访,85
"12994","2025-04-17",归档,24
"12995","2025-04-17",挂起,96
"12996","2025-04-18",话务员暂存,88
"12997","2025-04-18",话务员受理,100
"12998","2025-04-18",话务员办理,29
"12999","2025-04-18",热线审核,50
"13000","2025-04-18",热线复核,47
"13001","2025-04-18",承办单位审核,79
"13002","2025-04-18",承办单位处理,35
"13003","2025-04-18",承办单位复核,69
"13004","2025-04-18",办结,44
"13005","2025-04-18",回访,62
"13006","2025-04-18",归档,29
"13007","2025-04-18",挂起,44
"13008","2025-04-19",话务员暂存,55
"13009","2025-04-19",话务员受理,85
"13010","2025-04-19",话务员办理,26
"13011","2025-04-19",热线审核,49
"13012","2025-04-19",热线复核,73
"13013","2025-04-19",承办单位审核,88
"13014","2025-04-19",承办单位处理,80
"13015","2025-04-19",承办单位复核,48
"13016","2025-04-19",办结,33
"13017","2025-04-19",回访,60
"13018","2025-04-19",归档,9
"13019","2025-04-19",挂起,54
"13020","2025-04-20",话务员暂存,65
"13021","2025-04-20",话务员受理,36
"13022","2025-04-20",话务员办理,67
"13023","2025-04-20",热线审核,34
"13024","2025-04-20",热线复核,17
"13025","2025-04-20",承办单位审核,34
"13026","2025-04-20",承办单位处理,60
"13027","2025-04-20",承办单位复核,33
"13028","2025-04-20",办结,29
"13029","2025-04-20",回访,21
"13030","2025-04-20",归档,51
"13031","2025-04-20",挂起,45
"13032","2025-04-21",话务员暂存,44
"13033","2025-04-21",话务员受理,31
"13034","2025-04-21",话务员办理,36
"13035","2025-04-21",热线审核,21
"13036","2025-04-21",热线复核,36
"13037","2025-04-21",承办单位审核,54
"13038","2025-04-21",承办单位处理,2
"13039","2025-04-21",承办单位复核,36
"13040","2025-04-21",办结,41
"13041","2025-04-21",回访,36
"13042","2025-04-21",归档,35
"13043","2025-04-21",挂起,22
"13044","2025-04-22",话务员暂存,11
"13045","2025-04-22",话务员受理,49
"13046","2025-04-22",话务员办理,12
"13047","2025-04-22",热线审核,38
"13048","2025-04-22",热线复核,13
"13049","2025-04-22",承办单位审核,59
"13050","2025-04-22",承办单位处理,54
"13051","2025-04-22",承办单位复核,2
"13052","2025-04-22",办结,17
"13053","2025-04-22",回访,28
"13054","2025-04-22",归档,23
"13055","2025-04-22",挂起,4
"13056","2025-04-23",话务员暂存,37
"13057","2025-04-23",话务员受理,47
"13058","2025-04-23",话务员办理,8
"13059","2025-04-23",热线审核,49
"13060","2025-04-23",热线复核,30
"13061","2025-04-23",承办单位审核,18
"13062","2025-04-23",承办单位处理,18
"13063","2025-04-23",承办单位复核,47
"13064","2025-04-23",办结,52
"13065","2025-04-23",回访,18
"13066","2025-04-23",归档,26
"13067","2025-04-23",挂起,12
"13068","2025-04-24",话务员暂存,130
"13069","2025-04-24",话务员受理,107
"13070","2025-04-24",话务员办理,75
"13071","2025-04-24",热线审核,35
"13072","2025-04-24",热线复核,110
"13073","2025-04-24",承办单位审核,60
"13074","2025-04-24",承办单位处理,15
"13075","2025-04-24",承办单位复核,54
"13076","2025-04-24",办结,142
"13077","2025-04-24",回访,72
"13078","2025-04-24",归档,128
"13079","2025-04-24",挂起,65
"13080","2025-04-25",话务员暂存,95
"13081","2025-04-25",话务员受理,3
"13082","2025-04-25",话务员办理,37
"13083","2025-04-25",热线审核,66
"13084","2025-04-25",热线复核,27
"13085","2025-04-25",承办单位审核,21
"13086","2025-04-25",承办单位处理,56
"13087","2025-04-25",承办单位复核,71
"13088","2025-04-25",办结,35
"13089","2025-04-25",回访,42
"13090","2025-04-25",归档,48
"13091","2025-04-25",挂起,15
"13092","2025-04-26",话务员暂存,157
"13093","2025-04-26",话务员受理,7
"13094","2025-04-26",话务员办理,125
"13095","2025-04-26",热线审核,150
"13096","2025-04-26",热线复核,11
"13097","2025-04-26",承办单位审核,42
"13098","2025-04-26",承办单位处理,21
"13099","2025-04-26",承办单位复核,102
"13100","2025-04-26",办结,144
"13101","2025-04-26",回访,2
"13102","2025-04-26",归档,76
"13103","2025-04-26",挂起,84
"13104","2025-04-27",话务员暂存,93
"13105","2025-04-27",话务员受理,100
"13106","2025-04-27",话务员办理,38
"13107","2025-04-27",热线审核,70
"13108","2025-04-27",热线复核,75
"13109","2025-04-27",承办单位审核,87
"13110","2025-04-27",承办单位处理,68
"13111","2025-04-27",承办单位复核,9
"13112","2025-04-27",办结,38
"13113","2025-04-27",回访,41
"13114","2025-04-27",归档,103
"13115","2025-04-27",挂起,69
"13116","2025-04-28",话务员暂存,3
"13117","2025-04-28",话务员受理,54
"13118","2025-04-28",话务员办理,50
"13119","2025-04-28",热线审核,47
"13120","2025-04-28",热线复核,26
"13121","2025-04-28",承办单位审核,17
"13122","2025-04-28",承办单位处理,39
"13123","2025-04-28",承办单位复核,1
"13124","2025-04-28",办结,39
"13125","2025-04-28",回访,40
"13126","2025-04-28",归档,45
"13127","2025-04-28",挂起,11
"13128","2025-04-29",话务员暂存,61
"13129","2025-04-29",话务员受理,82
"13130","2025-04-29",话务员办理,15
"13131","2025-04-29",热线审核,52
"13132","2025-04-29",热线复核,79
"13133","2025-04-29",承办单位审核,60
"13134","2025-04-29",承办单位处理,25
"13135","2025-04-29",承办单位复核,65
"13136","2025-04-29",办结,45
"13137","2025-04-29",回访,46
"13138","2025-04-29",归档,70
"13139","2025-04-29",挂起,78
"13140","2025-04-30",话务员暂存,26
"13141","2025-04-30",话务员受理,40
"13142","2025-04-30",话务员办理,30
"13143","2025-04-30",热线审核,21
"13144","2025-04-30",热线复核,42
"13145","2025-04-30",承办单位审核,29
"13146","2025-04-30",承办单位处理,26
"13147","2025-04-30",承办单位复核,30
"13148","2025-04-30",办结,26
"13149","2025-04-30",回访,27
"13150","2025-04-30",归档,17
"13151","2025-04-30",挂起,29
"13152","2025-05-01",话务员暂存,159
"13153","2025-05-01",话务员受理,84
"13154","2025-05-01",话务员办理,54
"13155","2025-05-01",热线审核,13
"13156","2025-05-01",热线复核,29
"13157","2025-05-01",承办单位审核,115
"13158","2025-05-01",承办单位处理,7
"13159","2025-05-01",承办单位复核,2
"13160","2025-05-01",办结,33
"13161","2025-05-01",回访,28
"13162","2025-05-01",归档,40
"13163","2025-05-01",挂起,41
"13164","2025-05-02",话务员暂存,45
"13165","2025-05-02",话务员受理,35
"13166","2025-05-02",话务员办理,35
"13167","2025-05-02",热线审核,65
"13168","2025-05-02",热线复核,81
"13169","2025-05-02",承办单位审核,82
"13170","2025-05-02",承办单位处理,23
"13171","2025-05-02",承办单位复核,58
"13172","2025-05-02",办结,79
"13173","2025-05-02",回访,15
"13174","2025-05-02",归档,68
"13175","2025-05-02",挂起,48
"13176","2025-05-03",话务员暂存,18
"13177","2025-05-03",话务员受理,69
"13178","2025-05-03",话务员办理,10
"13179","2025-05-03",热线审核,59
"13180","2025-05-03",热线复核,21
"13181","2025-05-03",承办单位审核,133
"13182","2025-05-03",承办单位处理,71
"13183","2025-05-03",承办单位复核,14
"13184","2025-05-03",办结,13
"13185","2025-05-03",回访,36
"13186","2025-05-03",归档,88
"13187","2025-05-03",挂起,132
"13188","2025-05-04",话务员暂存,92
"13189","2025-05-04",话务员受理,79
"13190","2025-05-04",话务员办理,96
"13191","2025-05-04",热线审核,109
"13192","2025-05-04",热线复核,109
"13193","2025-05-04",承办单位审核,28
"13194","2025-05-04",承办单位处理,46
"13195","2025-05-04",承办单位复核,9
"13196","2025-05-04",办结,45
"13197","2025-05-04",回访,60
"13198","2025-05-04",归档,49
"13199","2025-05-04",挂起,60
"13200","2025-05-05",话务员暂存,56
"13201","2025-05-05",话务员受理,57
"13202","2025-05-05",话务员办理,13
"13203","2025-05-05",热线审核,36
"13204","2025-05-05",热线复核,16
"13205","2025-05-05",承办单位审核,48
"13206","2025-05-05",承办单位处理,49
"13207","2025-05-05",承办单位复核,33
"13208","2025-05-05",办结,11
"13209","2025-05-05",回访,56
"13210","2025-05-05",归档,46
"13211","2025-05-05",挂起,6
"13212","2025-05-06",话务员暂存,10
"13213","2025-05-06",话务员受理,49
"13214","2025-05-06",话务员办理,16
"13215","2025-05-06",热线审核,26
"13216","2025-05-06",热线复核,35
"13217","2025-05-06",承办单位审核,46
"13218","2025-05-06",承办单位处理,48
"13219","2025-05-06",承办单位复核,29
"13220","2025-05-06",办结,48
"13221","2025-05-06",回访,25
"13222","2025-05-06",归档,83
"13223","2025-05-06",挂起,77
"13224","2025-05-07",话务员暂存,21
"13225","2025-05-07",话务员受理,15
"13226","2025-05-07",话务员办理,53
"13227","2025-05-07",热线审核,47
"13228","2025-05-07",热线复核,34
"13229","2025-05-07",承办单位审核,28
"13230","2025-05-07",承办单位处理,64
"13231","2025-05-07",承办单位复核,49
"13232","2025-05-07",办结,43
"13233","2025-05-07",回访,42
"13234","2025-05-07",归档,64
"13235","2025-05-07",挂起,89
"13236","2025-05-08",话务员暂存,30
"13237","2025-05-08",话务员受理,7
"13238","2025-05-08",话务员办理,19
"13239","2025-05-08",热线审核,14
"13240","2025-05-08",热线复核,43
"13241","2025-05-08",承办单位审核,39
"13242","2025-05-08",承办单位处理,27
"13243","2025-05-08",承办单位复核,16
"13244","2025-05-08",办结,49
"13245","2025-05-08",回访,40
"13246","2025-05-08",归档,2
"13247","2025-05-08",挂起,31
"13248","2025-05-09",话务员暂存,176
"13249","2025-05-09",话务员受理,128
"13250","2025-05-09",话务员办理,187
"13251","2025-05-09",热线审核,75
"13252","2025-05-09",热线复核,32
"13253","2025-05-09",承办单位审核,10
"13254","2025-05-09",承办单位处理,80
"13255","2025-05-09",承办单位复核,5
"13256","2025-05-09",办结,49
"13257","2025-05-09",回访,45
"13258","2025-05-09",归档,23
"13259","2025-05-09",挂起,18
"13260","2025-05-10",话务员暂存,40
"13261","2025-05-10",话务员受理,23
"13262","2025-05-10",话务员办理,52
"13263","2025-05-10",热线审核,69
"13264","2025-05-10",热线复核,86
"13265","2025-05-10",承办单位审核,110
"13266","2025-05-10",承办单位处理,116
"13267","2025-05-10",承办单位复核,79
"13268","2025-05-10",办结,94
"13269","2025-05-10",回访,16
"13270","2025-05-10",归档,62
"13271","2025-05-10",挂起,-1
"13272","2025-05-11",话务员暂存,37
"13273","2025-05-11",话务员受理,9
"13274","2025-05-11",话务员办理,38
"13275","2025-05-11",热线审核,18
"13276","2025-05-11",热线复核,35
"13277","2025-05-11",承办单位审核,37
"13278","2025-05-11",承办单位处理,6
"13279","2025-05-11",承办单位复核,31
"13280","2025-05-11",办结,32
"13281","2025-05-11",回访,23
"13282","2025-05-11",归档,5
"13283","2025-05-11",挂起,35
"13284","2025-05-12",话务员暂存,10
"13285","2025-05-12",话务员受理,52
"13286","2025-05-12",话务员办理,78
"13287","2025-05-12",热线审核,75
"13288","2025-05-12",热线复核,25
"13289","2025-05-12",承办单位审核,39
"13290","2025-05-12",承办单位处理,92
"13291","2025-05-12",承办单位复核,95
"13292","2025-05-12",办结,74
"13293","2025-05-12",回访,40
"13294","2025-05-12",归档,53
"13295","2025-05-12",挂起,46
"13296","2025-05-13",话务员暂存,62
"13297","2025-05-13",话务员受理,133
"13298","2025-05-13",话务员办理,64
"13299","2025-05-13",热线审核,99
"13300","2025-05-13",热线复核,27
"13301","2025-05-13",承办单位审核,73
"13302","2025-05-13",承办单位处理,72
"13303","2025-05-13",承办单位复核,70
"13304","2025-05-13",办结,62
"13305","2025-05-13",回访,125
"13306","2025-05-13",归档,84
"13307","2025-05-13",挂起,26
"13308","2025-05-14",话务员暂存,66
"13309","2025-05-14",话务员受理,55
"13310","2025-05-14",话务员办理,21
"13311","2025-05-14",热线审核,49
"13312","2025-05-14",热线复核,34
"13313","2025-05-14",承办单位审核,46
"13314","2025-05-14",承办单位处理,42
"13315","2025-05-14",承办单位复核,19
"13316","2025-05-14",办结,21
"13317","2025-05-14",回访,27
"13318","2025-05-14",归档,56
"13319","2025-05-14",挂起,57
"13320","2025-05-15",话务员暂存,61
"13321","2025-05-15",话务员受理,52
"13322","2025-05-15",话务员办理,44
"13323","2025-05-15",热线审核,37
"13324","2025-05-15",热线复核,88
"13325","2025-05-15",承办单位审核,85
"13326","2025-05-15",承办单位处理,42
"13327","2025-05-15",承办单位复核,4
"13328","2025-05-15",办结,70
"13329","2025-05-15",回访,109
"13330","2025-05-15",归档,66
"13331","2025-05-15",挂起,10
"13332","2025-05-16",话务员暂存,89
"13333","2025-05-16",话务员受理,70
"13334","2025-05-16",话务员办理,91
"13335","2025-05-16",热线审核,28
"13336","2025-05-16",热线复核,27
"13337","2025-05-16",承办单位审核,63
"13338","2025-05-16",承办单位处理,29
"13339","2025-05-16",承办单位复核,48
"13340","2025-05-16",办结,90
"13341","2025-05-16",回访,13
"13342","2025-05-16",归档,75
"13343","2025-05-16",挂起,4
"13344","2025-05-17",话务员暂存,4
"13345","2025-05-17",话务员受理,1
"13346","2025-05-17",话务员办理,123
"13347","2025-05-17",热线审核,64
"13348","2025-05-17",热线复核,48
"13349","2025-05-17",承办单位审核,58
"13350","2025-05-17",承办单位处理,93
"13351","2025-05-17",承办单位复核,31
"13352","2025-05-17",办结,84
"13353","2025-05-17",回访,23
"13354","2025-05-17",归档,29
"13355","2025-05-17",挂起,42
"13356","2025-05-18",话务员暂存,124
"13357","2025-05-18",话务员受理,29
"13358","2025-05-18",话务员办理,126
"13359","2025-05-18",热线审核,58
"13360","2025-05-18",热线复核,43
"13361","2025-05-18",承办单位审核,175
"13362","2025-05-18",承办单位处理,91
"13363","2025-05-18",承办单位复核,26
"13364","2025-05-18",办结,42
"13365","2025-05-18",回访,16
"13366","2025-05-18",归档,58
"13367","2025-05-18",挂起,30
"13368","2025-05-19",话务员暂存,50
"13369","2025-05-19",话务员受理,35
"13370","2025-05-19",话务员办理,37
"13371","2025-05-19",热线审核,34
"13372","2025-05-19",热线复核,3
"13373","2025-05-19",承办单位审核,53
"13374","2025-05-19",承办单位处理,44
"13375","2025-05-19",承办单位复核,25
"13376","2025-05-19",办结,40
"13377","2025-05-19",回访,18
"13378","2025-05-19",归档,33
"13379","2025-05-19",挂起,66
"13380","2025-05-20",话务员暂存,103
"13381","2025-05-20",话务员受理,93
"13382","2025-05-20",话务员办理,12
"13383","2025-05-20",热线审核,8
"13384","2025-05-20",热线复核,8
"13385","2025-05-20",承办单位审核,111
"13386","2025-05-20",承办单位处理,73
"13387","2025-05-20",承办单位复核,66
"13388","2025-05-20",办结,78
"13389","2025-05-20",回访,147
"13390","2025-05-20",归档,54
"13391","2025-05-20",挂起,116
"13392","2025-05-21",话务员暂存,19
"13393","2025-05-21",话务员受理,40
"13394","2025-05-21",话务员办理,33
"13395","2025-05-21",热线审核,34
"13396","2025-05-21",热线复核,38
"13397","2025-05-21",承办单位审核,32
"13398","2025-05-21",承办单位处理,41
"13399","2025-05-21",承办单位复核,32
"13400","2025-05-21",办结,41
"13401","2025-05-21",回访,8
"13402","2025-05-21",归档,47
"13403","2025-05-21",挂起,5
"13404","2025-05-22",话务员暂存,14
"13405","2025-05-22",话务员受理,103
"13406","2025-05-22",话务员办理,127
"13407","2025-05-22",热线审核,122
"13408","2025-05-22",热线复核,72
"13409","2025-05-22",承办单位审核,103
"13410","2025-05-22",承办单位处理,55
"13411","2025-05-22",承办单位复核,26
"13412","2025-05-22",办结,89
"13413","2025-05-22",回访,60
"13414","2025-05-22",归档,95
"13415","2025-05-22",挂起,94
"13416","2025-05-23",话务员暂存,7
"13417","2025-05-23",话务员受理,2
"13418","2025-05-23",话务员办理,2
"13419","2025-05-23",热线审核,60
"13420","2025-05-23",热线复核,66
"13421","2025-05-23",承办单位审核,71
"13422","2025-05-23",承办单位处理,43
"13423","2025-05-23",承办单位复核,49
"13424","2025-05-23",办结,65
"13425","2025-05-23",回访,73
"13426","2025-05-23",归档,25
"13427","2025-05-23",挂起,19
"13428","2025-05-24",话务员暂存,54
"13429","2025-05-24",话务员受理,54
"13430","2025-05-24",话务员办理,77
"13431","2025-05-24",热线审核,79
"13432","2025-05-24",热线复核,27
"13433","2025-05-24",承办单位审核,50
"13434","2025-05-24",承办单位处理,36
"13435","2025-05-24",承办单位复核,20
"13436","2025-05-24",办结,7
"13437","2025-05-24",回访,54
"13438","2025-05-24",归档,44
"13439","2025-05-24",挂起,32
"13440","2025-05-25",话务员暂存,11
"13441","2025-05-25",话务员受理,52
"13442","2025-05-25",话务员办理,63
"13443","2025-05-25",热线审核,78
"13444","2025-05-25",热线复核,33
"13445","2025-05-25",承办单位审核,25
"13446","2025-05-25",承办单位处理,32
"13447","2025-05-25",承办单位复核,20
"13448","2025-05-25",办结,9
"13449","2025-05-25",回访,52
"13450","2025-05-25",归档,53
"13451","2025-05-25",挂起,64
"13452","2025-05-26",话务员暂存,28
"13453","2025-05-26",话务员受理,30
"13454","2025-05-26",话务员办理,1
"13455","2025-05-26",热线审核,43
"13456","2025-05-26",热线复核,71
"13457","2025-05-26",承办单位审核,24
"13458","2025-05-26",承办单位处理,75
"13459","2025-05-26",承办单位复核,9
"13460","2025-05-26",办结,26
"13461","2025-05-26",回访,51
"13462","2025-05-26",归档,27
"13463","2025-05-26",挂起,90
"13464","2025-05-27",话务员暂存,10
"13465","2025-05-27",话务员受理,53
"13466","2025-05-27",话务员办理,44
"13467","2025-05-27",热线审核,24
"13468","2025-05-27",热线复核,47
"13469","2025-05-27",承办单位审核,33
"13470","2025-05-27",承办单位处理,45
"13471","2025-05-27",承办单位复核,4
"13472","2025-05-27",办结,55
"13473","2025-05-27",回访,25
"13474","2025-05-27",归档,1
"13475","2025-05-27",挂起,25
"13476","2025-05-28",话务员暂存,23
"13477","2025-05-28",话务员受理,68
"13478","2025-05-28",话务员办理,46
"13479","2025-05-28",热线审核,115
"13480","2025-05-28",热线复核,104
"13481","2025-05-28",承办单位审核,148
"13482","2025-05-28",承办单位处理,51
"13483","2025-05-28",承办单位复核,170
"13484","2025-05-28",办结,34
"13485","2025-05-28",回访,3
"13486","2025-05-28",归档,92
"13487","2025-05-28",挂起,114
"13488","2025-05-29",话务员暂存,143
"13489","2025-05-29",话务员受理,64
"13490","2025-05-29",话务员办理,27
"13491","2025-05-29",热线审核,63
"13492","2025-05-29",热线复核,75
"13493","2025-05-29",承办单位审核,129
"13494","2025-05-29",承办单位处理,38
"13495","2025-05-29",承办单位复核,25
"13496","2025-05-29",办结,21
"13497","2025-05-29",回访,80
"13498","2025-05-29",归档,0
"13499","2025-05-29",挂起,48
"13500","2025-05-30",话务员暂存,38
"13501","2025-05-30",话务员受理,33
"13502","2025-05-30",话务员办理,67
"13503","2025-05-30",热线审核,6
"13504","2025-05-30",热线复核,23
"13505","2025-05-30",承办单位审核,10
"13506","2025-05-30",承办单位处理,13
"13507","2025-05-30",承办单位复核,19
"13508","2025-05-30",办结,59
"13509","2025-05-30",回访,68
"13510","2025-05-30",归档,56
"13511","2025-05-30",挂起,0
"13512","2025-05-31",话务员暂存,9
"13513","2025-05-31",话务员受理,62
"13514","2025-05-31",话务员办理,82
"13515","2025-05-31",热线审核,6
"13516","2025-05-31",热线复核,77
"13517","2025-05-31",承办单位审核,21
"13518","2025-05-31",承办单位处理,49
"13519","2025-05-31",承办单位复核,79
"13520","2025-05-31",办结,66
"13521","2025-05-31",回访,1
"13522","2025-05-31",归档,88
"13523","2025-05-31",挂起,8
"13524","2025-06-01",话务员暂存,142
"13525","2025-06-01",话务员受理,133
"13526","2025-06-01",话务员办理,113
"13527","2025-06-01",热线审核,122
"13528","2025-06-01",热线复核,51
"13529","2025-06-01",承办单位审核,104
"13530","2025-06-01",承办单位处理,38
"13531","2025-06-01",承办单位复核,91
"13532","2025-06-01",办结,65
"13533","2025-06-01",回访,3
"13534","2025-06-01",归档,25
"13535","2025-06-01",挂起,42
"13536","2025-06-02",话务员暂存,35
"13537","2025-06-02",话务员受理,27
"13538","2025-06-02",话务员办理,7
"13539","2025-06-02",热线审核,41
"13540","2025-06-02",热线复核,29
"13541","2025-06-02",承办单位审核,55
"13542","2025-06-02",承办单位处理,8
"13543","2025-06-02",承办单位复核,44
"13544","2025-06-02",办结,22
"13545","2025-06-02",回访,53
"13546","2025-06-02",归档,23
"13547","2025-06-02",挂起,46
"13548","2025-06-03",话务员暂存,120
"13549","2025-06-03",话务员受理,25
"13550","2025-06-03",话务员办理,69
"13551","2025-06-03",热线审核,131
"13552","2025-06-03",热线复核,29
"13553","2025-06-03",承办单位审核,68
"13554","2025-06-03",承办单位处理,91
"13555","2025-06-03",承办单位复核,24
"13556","2025-06-03",办结,21
"13557","2025-06-03",回访,87
"13558","2025-06-03",归档,30
"13559","2025-06-03",挂起,14
"13560","2025-06-04",话务员暂存,44
"13561","2025-06-04",话务员受理,18
"13562","2025-06-04",话务员办理,8
"13563","2025-06-04",热线审核,30
"13564","2025-06-04",热线复核,43
"13565","2025-06-04",承办单位审核,57
"13566","2025-06-04",承办单位处理,1
"13567","2025-06-04",承办单位复核,56
"13568","2025-06-04",办结,41
"13569","2025-06-04",回访,7
"13570","2025-06-04",归档,18
"13571","2025-06-04",挂起,42
"13572","2025-06-05",话务员暂存,54
"13573","2025-06-05",话务员受理,91
"13574","2025-06-05",话务员办理,7
"13575","2025-06-05",热线审核,35
"13576","2025-06-05",热线复核,30
"13577","2025-06-05",承办单位审核,45
"13578","2025-06-05",承办单位处理,64
"13579","2025-06-05",承办单位复核,94
"13580","2025-06-05",办结,71
"13581","2025-06-05",回访,60
"13582","2025-06-05",归档,70
"13583","2025-06-05",挂起,87
"13584","2025-06-06",话务员暂存,67
"13585","2025-06-06",话务员受理,69
"13586","2025-06-06",话务员办理,45
"13587","2025-06-06",热线审核,21
"13588","2025-06-06",热线复核,61
"13589","2025-06-06",承办单位审核,76
"13590","2025-06-06",承办单位处理,21
"13591","2025-06-06",承办单位复核,45
"13592","2025-06-06",办结,30
"13593","2025-06-06",回访,66
"13594","2025-06-06",归档,98
"13595","2025-06-06",挂起,42
"13596","2025-06-07",话务员暂存,77
"13597","2025-06-07",话务员受理,80
"13598","2025-06-07",话务员办理,59
"13599","2025-06-07",热线审核,43
"13600","2025-06-07",热线复核,28
"13601","2025-06-07",承办单位审核,70
"13602","2025-06-07",承办单位处理,15
"13603","2025-06-07",承办单位复核,86
"13604","2025-06-07",办结,45
"13605","2025-06-07",回访,33
"13606","2025-06-07",归档,8
"13607","2025-06-07",挂起,28
"13608","2025-06-08",话务员暂存,121
"13609","2025-06-08",话务员受理,13
"13610","2025-06-08",话务员办理,47
"13611","2025-06-08",热线审核,45
"13612","2025-06-08",热线复核,143
"13613","2025-06-08",承办单位审核,31
"13614","2025-06-08",承办单位处理,24
"13615","2025-06-08",承办单位复核,85
"13616","2025-06-08",办结,123
"13617","2025-06-08",回访,87
"13618","2025-06-08",归档,145
"13619","2025-06-08",挂起,52
"13620","2025-06-09",话务员暂存,16
"13621","2025-06-09",话务员受理,33
"13622","2025-06-09",话务员办理,74
"13623","2025-06-09",热线审核,88
"13624","2025-06-09",热线复核,52
"13625","2025-06-09",承办单位审核,90
"13626","2025-06-09",承办单位处理,92
"13627","2025-06-09",承办单位复核,94
"13628","2025-06-09",办结,101
"13629","2025-06-09",回访,29
"13630","2025-06-09",归档,0
"13631","2025-06-09",挂起,81
"13632","2025-06-10",话务员暂存,24
"13633","2025-06-10",话务员受理,53
"13634","2025-06-10",话务员办理,91
"13635","2025-06-10",热线审核,70
"13636","2025-06-10",热线复核,81
"13637","2025-06-10",承办单位审核,55
"13638","2025-06-10",承办单位处理,59
"13639","2025-06-10",承办单位复核,23
"13640","2025-06-10",办结,69
"13641","2025-06-10",回访,27
"13642","2025-06-10",归档,87
"13643","2025-06-10",挂起,15
"13644","2025-06-11",话务员暂存,5
"13645","2025-06-11",话务员受理,29
"13646","2025-06-11",话务员办理,99
"13647","2025-06-11",热线审核,64
"13648","2025-06-11",热线复核,12
"13649","2025-06-11",承办单位审核,119
"13650","2025-06-11",承办单位处理,28
"13651","2025-06-11",承办单位复核,148
"13652","2025-06-11",办结,98
"13653","2025-06-11",回访,84
"13654","2025-06-11",归档,37
"13655","2025-06-11",挂起,115
"13656","2025-06-12",话务员暂存,6
"13657","2025-06-12",话务员受理,51
"13658","2025-06-12",话务员办理,54
"13659","2025-06-12",热线审核,87
"13660","2025-06-12",热线复核,55
"13661","2025-06-12",承办单位审核,57
"13662","2025-06-12",承办单位处理,97
"13663","2025-06-12",承办单位复核,91
"13664","2025-06-12",办结,96
"13665","2025-06-12",回访,111
"13666","2025-06-12",归档,85
"13667","2025-06-12",挂起,22
"13668","2025-06-13",话务员暂存,91
"13669","2025-06-13",话务员受理,129
"13670","2025-06-13",话务员办理,53
"13671","2025-06-13",热线审核,31
"13672","2025-06-13",热线复核,70
"13673","2025-06-13",承办单位审核,25
"13674","2025-06-13",承办单位处理,47
"13675","2025-06-13",承办单位复核,138
"13676","2025-06-13",办结,104
"13677","2025-06-13",回访,79
"13678","2025-06-13",归档,80
"13679","2025-06-13",挂起,25
"13680","2025-06-14",话务员暂存,5
"13681","2025-06-14",话务员受理,3
"13682","2025-06-14",话务员办理,42
"13683","2025-06-14",热线审核,7
"13684","2025-06-14",热线复核,127
"13685","2025-06-14",承办单位审核,112
"13686","2025-06-14",承办单位处理,20
"13687","2025-06-14",承办单位复核,135
"13688","2025-06-14",办结,28
"13689","2025-06-14",回访,111
"13690","2025-06-14",归档,105
"13691","2025-06-14",挂起,4
"13692","2025-06-15",话务员暂存,92
"13693","2025-06-15",话务员受理,20
"13694","2025-06-15",话务员办理,123
"13695","2025-06-15",热线审核,128
"13696","2025-06-15",热线复核,112
"13697","2025-06-15",承办单位审核,114
"13698","2025-06-15",承办单位处理,131
"13699","2025-06-15",承办单位复核,33
"13700","2025-06-15",办结,17
"13701","2025-06-15",回访,67
"13702","2025-06-15",归档,38
"13703","2025-06-15",挂起,33
"13704","2025-06-16",话务员暂存,8
"13705","2025-06-16",话务员受理,44
"13706","2025-06-16",话务员办理,5
"13707","2025-06-16",热线审核,50
"13708","2025-06-16",热线复核,57
"13709","2025-06-16",承办单位审核,49
"13710","2025-06-16",承办单位处理,17
"13711","2025-06-16",承办单位复核,25
"13712","2025-06-16",办结,15
"13713","2025-06-16",回访,22
"13714","2025-06-16",归档,55
"13715","2025-06-16",挂起,23
"13716","2025-06-17",话务员暂存,52
"13717","2025-06-17",话务员受理,53
"13718","2025-06-17",话务员办理,8
"13719","2025-06-17",热线审核,56
"13720","2025-06-17",热线复核,77
"13721","2025-06-17",承办单位审核,16
"13722","2025-06-17",承办单位处理,37
"13723","2025-06-17",承办单位复核,57
"13724","2025-06-17",办结,4
"13725","2025-06-17",回访,52
"13726","2025-06-17",归档,19
"13727","2025-06-17",挂起,3
"13728","2025-06-18",话务员暂存,76
"13729","2025-06-18",话务员受理,88
"13730","2025-06-18",话务员办理,59
"13731","2025-06-18",热线审核,85
"13732","2025-06-18",热线复核,37
"13733","2025-06-18",承办单位审核,10
"13734","2025-06-18",承办单位处理,34
"13735","2025-06-18",承办单位复核,59
"13736","2025-06-18",办结,41
"13737","2025-06-18",回访,25
"13738","2025-06-18",归档,124
"13739","2025-06-18",挂起,111
"13740","2025-06-19",话务员暂存,24
"13741","2025-06-19",话务员受理,10
"13742","2025-06-19",话务员办理,147
"13743","2025-06-19",热线审核,46
"13744","2025-06-19",热线复核,122
"13745","2025-06-19",承办单位审核,21
"13746","2025-06-19",承办单位处理,73
"13747","2025-06-19",承办单位复核,173
"13748","2025-06-19",办结,32
"13749","2025-06-19",回访,60
"13750","2025-06-19",归档,175
"13751","2025-06-19",挂起,56
"13752","2025-06-20",话务员暂存,50
"13753","2025-06-20",话务员受理,100
"13754","2025-06-20",话务员办理,97
"13755","2025-06-20",热线审核,98
"13756","2025-06-20",热线复核,87
"13757","2025-06-20",承办单位审核,58
"13758","2025-06-20",承办单位处理,98
"13759","2025-06-20",承办单位复核,139
"13760","2025-06-20",办结,73
"13761","2025-06-20",回访,69
"13762","2025-06-20",归档,20
"13763","2025-06-20",挂起,73
"13764","2025-06-21",话务员暂存,129
"13765","2025-06-21",话务员受理,61
"13766","2025-06-21",话务员办理,122
"13767","2025-06-21",热线审核,18
"13768","2025-06-21",热线复核,134
"13769","2025-06-21",承办单位审核,61
"13770","2025-06-21",承办单位处理,24
"13771","2025-06-21",承办单位复核,89
"13772","2025-06-21",办结,61
"13773","2025-06-21",回访,11
"13774","2025-06-21",归档,112
"13775","2025-06-21",挂起,84
"13776","2025-06-22",话务员暂存,2
"13777","2025-06-22",话务员受理,92
"13778","2025-06-22",话务员办理,44
"13779","2025-06-22",热线审核,53
"13780","2025-06-22",热线复核,2
"13781","2025-06-22",承办单位审核,162
"13782","2025-06-22",承办单位处理,126
"13783","2025-06-22",承办单位复核,10
"13784","2025-06-22",办结,114
"13785","2025-06-22",回访,73
"13786","2025-06-22",归档,33
"13787","2025-06-22",挂起,177
"13788","2025-06-23",话务员暂存,56
"13789","2025-06-23",话务员受理,82
"13790","2025-06-23",话务员办理,1
"13791","2025-06-23",热线审核,59
"13792","2025-06-23",热线复核,122
"13793","2025-06-23",承办单位审核,11
"13794","2025-06-23",承办单位处理,52
"13795","2025-06-23",承办单位复核,148
"13796","2025-06-23",办结,8
"13797","2025-06-23",回访,81
"13798","2025-06-23",归档,121
"13799","2025-06-23",挂起,158
"13800","2025-06-24",话务员暂存,42
"13801","2025-06-24",话务员受理,48
"13802","2025-06-24",话务员办理,0
"13803","2025-06-24",热线审核,39
"13804","2025-06-24",热线复核,36
"13805","2025-06-24",承办单位审核,73
"13806","2025-06-24",承办单位处理,28
"13807","2025-06-24",承办单位复核,19
"13808","2025-06-24",办结,93
"13809","2025-06-24",回访,90
"13810","2025-06-24",归档,63
"13811","2025-06-24",挂起,69
"13812","2025-06-25",话务员暂存,14
"13813","2025-06-25",话务员受理,80
"13814","2025-06-25",话务员办理,37
"13815","2025-06-25",热线审核,91
"13816","2025-06-25",热线复核,56
"13817","2025-06-25",承办单位审核,96
"13818","2025-06-25",承办单位处理,8
"13819","2025-06-25",承办单位复核,37
"13820","2025-06-25",办结,25
"13821","2025-06-25",回访,66
"13822","2025-06-25",归档,63
"13823","2025-06-25",挂起,33
"13824","2025-06-26",话务员暂存,16
"13825","2025-06-26",话务员受理,98
"13826","2025-06-26",话务员办理,92
"13827","2025-06-26",热线审核,33
"13828","2025-06-26",热线复核,118
"13829","2025-06-26",承办单位审核,5
"13830","2025-06-26",承办单位处理,22
"13831","2025-06-26",承办单位复核,61
"13832","2025-06-26",办结,75
"13833","2025-06-26",回访,87
"13834","2025-06-26",归档,112
"13835","2025-06-26",挂起,62
"13836","2025-06-27",话务员暂存,23
"13837","2025-06-27",话务员受理,46
"13838","2025-06-27",话务员办理,148
"13839","2025-06-27",热线审核,52
"13840","2025-06-27",热线复核,42
"13841","2025-06-27",承办单位审核,66
"13842","2025-06-27",承办单位处理,3
"13843","2025-06-27",承办单位复核,52
"13844","2025-06-27",办结,137
"13845","2025-06-27",回访,124
"13846","2025-06-27",归档,113
"13847","2025-06-27",挂起,141
"13848","2025-06-28",话务员暂存,78
"13849","2025-06-28",话务员受理,77
"13850","2025-06-28",话务员办理,66
"13851","2025-06-28",热线审核,127
"13852","2025-06-28",热线复核,100
"13853","2025-06-28",承办单位审核,49
"13854","2025-06-28",承办单位处理,125
"13855","2025-06-28",承办单位复核,49
"13856","2025-06-28",办结,36
"13857","2025-06-28",回访,36
"13858","2025-06-28",归档,16
"13859","2025-06-28",挂起,75
"13860","2025-06-29",话务员暂存,2
"13861","2025-06-29",话务员受理,13
"13862","2025-06-29",话务员办理,64
"13863","2025-06-29",热线审核,64
"13864","2025-06-29",热线复核,64
"13865","2025-06-29",承办单位审核,48
"13866","2025-06-29",承办单位处理,51
"13867","2025-06-29",承办单位复核,53
"13868","2025-06-29",办结,46
"13869","2025-06-29",回访,29
"13870","2025-06-29",归档,14
"13871","2025-06-29",挂起,47
"13872","2025-06-30",话务员暂存,17
"13873","2025-06-30",话务员受理,70
"13874","2025-06-30",话务员办理,67
"13875","2025-06-30",热线审核,62
"13876","2025-06-30",热线复核,47
"13877","2025-06-30",承办单位审核,31
"13878","2025-06-30",承办单位处理,40
"13879","2025-06-30",承办单位复核,51
"13880","2025-06-30",办结,89
"13881","2025-06-30",回访,36
"13882","2025-06-30",归档,15
"13883","2025-06-30",挂起,63
"13884","2025-07-01",话务员暂存,81
"13885","2025-07-01",话务员受理,40
"13886","2025-07-01",话务员办理,36
"13887","2025-07-01",热线审核,46
"13888","2025-07-01",热线复核,21
"13889","2025-07-01",承办单位审核,45
"13890","2025-07-01",承办单位处理,6
"13891","2025-07-01",承办单位复核,81
"13892","2025-07-01",办结,64
"13893","2025-07-01",回访,61
"13894","2025-07-01",归档,76
"13895","2025-07-01",挂起,44
"13896","2025-07-02",话务员暂存,78
"13897","2025-07-02",话务员受理,5
"13898","2025-07-02",话务员办理,73
"13899","2025-07-02",热线审核,113
"13900","2025-07-02",热线复核,132
"13901","2025-07-02",承办单位审核,80
"13902","2025-07-02",承办单位处理,75
"13903","2025-07-02",承办单位复核,4
"13904","2025-07-02",办结,39
"13905","2025-07-02",回访,65
"13906","2025-07-02",归档,82
"13907","2025-07-02",挂起,136
"13908","2025-07-03",话务员暂存,153
"13909","2025-07-03",话务员受理,72
"13910","2025-07-03",话务员办理,77
"13911","2025-07-03",热线审核,92
"13912","2025-07-03",热线复核,54
"13913","2025-07-03",承办单位审核,8
"13914","2025-07-03",承办单位处理,55
"13915","2025-07-03",承办单位复核,161
"13916","2025-07-03",办结,75
"13917","2025-07-03",回访,29
"13918","2025-07-03",归档,21
"13919","2025-07-03",挂起,92
"13920","2025-07-04",话务员暂存,70
"13921","2025-07-04",话务员受理,101
"13922","2025-07-04",话务员办理,99
"13923","2025-07-04",热线审核,106
"13924","2025-07-04",热线复核,131
"13925","2025-07-04",承办单位审核,109
"13926","2025-07-04",承办单位处理,84
"13927","2025-07-04",承办单位复核,76
"13928","2025-07-04",办结,11
"13929","2025-07-04",回访,29
"13930","2025-07-04",归档,73
"13931","2025-07-04",挂起,36
"13932","2025-07-05",话务员暂存,32
"13933","2025-07-05",话务员受理,74
"13934","2025-07-05",话务员办理,17
"13935","2025-07-05",热线审核,48
"13936","2025-07-05",热线复核,51
"13937","2025-07-05",承办单位审核,49
"13938","2025-07-05",承办单位处理,19
"13939","2025-07-05",承办单位复核,37
"13940","2025-07-05",办结,85
"13941","2025-07-05",回访,7
"13942","2025-07-05",归档,73
"13943","2025-07-05",挂起,64
"13944","2025-07-06",话务员暂存,82
"13945","2025-07-06",话务员受理,45
"13946","2025-07-06",话务员办理,110
"13947","2025-07-06",热线审核,21
"13948","2025-07-06",热线复核,176
"13949","2025-07-06",承办单位审核,108
"13950","2025-07-06",承办单位处理,185
"13951","2025-07-06",承办单位复核,30
"13952","2025-07-06",办结,44
"13953","2025-07-06",回访,55
"13954","2025-07-06",归档,37
"13955","2025-07-06",挂起,96
"13956","2025-07-07",话务员暂存,5
"13957","2025-07-07",话务员受理,48
"13958","2025-07-07",话务员办理,3
"13959","2025-07-07",热线审核,99
"13960","2025-07-07",热线复核,49
"13961","2025-07-07",承办单位审核,83
"13962","2025-07-07",承办单位处理,49
"13963","2025-07-07",承办单位复核,91
"13964","2025-07-07",办结,31
"13965","2025-07-07",回访,67
"13966","2025-07-07",归档,43
"13967","2025-07-07",挂起,28
"13968","2025-07-08",话务员暂存,44
"13969","2025-07-08",话务员受理,20
"13970","2025-07-08",话务员办理,10
"13971","2025-07-08",热线审核,18
"13972","2025-07-08",热线复核,22
"13973","2025-07-08",承办单位审核,43
"13974","2025-07-08",承办单位处理,20
"13975","2025-07-08",承办单位复核,26
"13976","2025-07-08",办结,35
"13977","2025-07-08",回访,47
"13978","2025-07-08",归档,41
"13979","2025-07-08",挂起,24
"13980","2025-07-09",话务员暂存,46
"13981","2025-07-09",话务员受理,52
"13982","2025-07-09",话务员办理,73
"13983","2025-07-09",热线审核,87
"13984","2025-07-09",热线复核,86
"13985","2025-07-09",承办单位审核,41
"13986","2025-07-09",承办单位处理,115
"13987","2025-07-09",承办单位复核,55
"13988","2025-07-09",办结,96
"13989","2025-07-09",回访,24
"13990","2025-07-09",归档,94
"13991","2025-07-09",挂起,29
"13992","2025-07-10",话务员暂存,8
"13993","2025-07-10",话务员受理,60
"13994","2025-07-10",话务员办理,62
"13995","2025-07-10",热线审核,50
"13996","2025-07-10",热线复核,23
"13997","2025-07-10",承办单位审核,1
"13998","2025-07-10",承办单位处理,26
"13999","2025-07-10",承办单位复核,4
"14000","2025-07-10",办结,3
"14001","2025-07-10",回访,47
"14002","2025-07-10",归档,75
"14003","2025-07-10",挂起,44
"14004","2025-07-11",话务员暂存,70
"14005","2025-07-11",话务员受理,112
"14006","2025-07-11",话务员办理,18
"14007","2025-07-11",热线审核,28
"14008","2025-07-11",热线复核,51
"14009","2025-07-11",承办单位审核,103
"14010","2025-07-11",承办单位处理,72
"14011","2025-07-11",承办单位复核,41
"14012","2025-07-11",办结,133
"14013","2025-07-11",回访,128
"14014","2025-07-11",归档,52
"14015","2025-07-11",挂起,83
"14016","2025-07-12",话务员暂存,86
"14017","2025-07-12",话务员受理,128
"14018","2025-07-12",话务员办理,44
"14019","2025-07-12",热线审核,79
"14020","2025-07-12",热线复核,68
"14021","2025-07-12",承办单位审核,136
"14022","2025-07-12",承办单位处理,53
"14023","2025-07-12",承办单位复核,102
"14024","2025-07-12",办结,44
"14025","2025-07-12",回访,50
"14026","2025-07-12",归档,23
"14027","2025-07-12",挂起,133
"14028","2025-07-13",话务员暂存,64
"14029","2025-07-13",话务员受理,56
"14030","2025-07-13",话务员办理,26
"14031","2025-07-13",热线审核,25
"14032","2025-07-13",热线复核,100
"14033","2025-07-13",承办单位审核,129
"14034","2025-07-13",承办单位处理,16
"14035","2025-07-13",承办单位复核,27
"14036","2025-07-13",办结,12
"14037","2025-07-13",回访,1
"14038","2025-07-13",归档,33
"14039","2025-07-13",挂起,31
"14040","2025-07-14",话务员暂存,0
"14041","2025-07-14",话务员受理,63
"14042","2025-07-14",话务员办理,18
"14043","2025-07-14",热线审核,63
"14044","2025-07-14",热线复核,20
"14045","2025-07-14",承办单位审核,54
"14046","2025-07-14",承办单位处理,49
"14047","2025-07-14",承办单位复核,23
"14048","2025-07-14",办结,8
"14049","2025-07-14",回访,64
"14050","2025-07-14",归档,32
"14051","2025-07-14",挂起,43
"14052","2025-07-15",话务员暂存,78
"14053","2025-07-15",话务员受理,5
"14054","2025-07-15",话务员办理,41
"14055","2025-07-15",热线审核,9
"14056","2025-07-15",热线复核,5
"14057","2025-07-15",承办单位审核,29
"14058","2025-07-15",承办单位处理,63
"14059","2025-07-15",承办单位复核,31
"14060","2025-07-15",办结,18
"14061","2025-07-15",回访,33
"14062","2025-07-15",归档,69
"14063","2025-07-15",挂起,32
"14064","2025-07-16",话务员暂存,16
"14065","2025-07-16",话务员受理,73
"14066","2025-07-16",话务员办理,26
"14067","2025-07-16",热线审核,55
"14068","2025-07-16",热线复核,98
"14069","2025-07-16",承办单位审核,96
"14070","2025-07-16",承办单位处理,88
"14071","2025-07-16",承办单位复核,38
"14072","2025-07-16",办结,44
"14073","2025-07-16",回访,93
"14074","2025-07-16",归档,35
"14075","2025-07-16",挂起,82
"14076","2025-07-17",话务员暂存,4
"14077","2025-07-17",话务员受理,45
"14078","2025-07-17",话务员办理,9
"14079","2025-07-17",热线审核,124
"14080","2025-07-17",热线复核,3
"14081","2025-07-17",承办单位审核,120
"14082","2025-07-17",承办单位处理,102
"14083","2025-07-17",承办单位复核,20
"14084","2025-07-17",办结,32
"14085","2025-07-17",回访,125
"14086","2025-07-17",归档,99
"14087","2025-07-17",挂起,66
"14088","2025-07-18",话务员暂存,26
"14089","2025-07-18",话务员受理,41
"14090","2025-07-18",话务员办理,70
"14091","2025-07-18",热线审核,30
"14092","2025-07-18",热线复核,89
"14093","2025-07-18",承办单位审核,73
"14094","2025-07-18",承办单位处理,35
"14095","2025-07-18",承办单位复核,17
"14096","2025-07-18",办结,135
"14097","2025-07-18",回访,39
"14098","2025-07-18",归档,100
"14099","2025-07-18",挂起,78
"14100","2025-07-19",话务员暂存,51
"14101","2025-07-19",话务员受理,27
"14102","2025-07-19",话务员办理,96
"14103","2025-07-19",热线审核,117
"14104","2025-07-19",热线复核,23
"14105","2025-07-19",承办单位审核,89
"14106","2025-07-19",承办单位处理,60
"14107","2025-07-19",承办单位复核,84
"14108","2025-07-19",办结,63
"14109","2025-07-19",回访,74
"14110","2025-07-19",归档,83
"14111","2025-07-19",挂起,92
"14112","2025-07-20",话务员暂存,48
"14113","2025-07-20",话务员受理,50
"14114","2025-07-20",话务员办理,7
"14115","2025-07-20",热线审核,109
"14116","2025-07-20",热线复核,76
"14117","2025-07-20",承办单位审核,1
"14118","2025-07-20",承办单位处理,72
"14119","2025-07-20",承办单位复核,52
"14120","2025-07-20",办结,116
"14121","2025-07-20",回访,109
"14122","2025-07-20",归档,113
"14123","2025-07-20",挂起,105
"14124","2025-07-21",话务员暂存,85
"14125","2025-07-21",话务员受理,45
"14126","2025-07-21",话务员办理,55
"14127","2025-07-21",热线审核,65
"14128","2025-07-21",热线复核,6
"14129","2025-07-21",承办单位审核,59
"14130","2025-07-21",承办单位处理,19
"14131","2025-07-21",承办单位复核,53
"14132","2025-07-21",办结,67
"14133","2025-07-21",回访,147
"14134","2025-07-21",归档,100
"14135","2025-07-21",挂起,13
"14136","2025-07-22",话务员暂存,49
"14137","2025-07-22",话务员受理,61
"14138","2025-07-22",话务员办理,80
"14139","2025-07-22",热线审核,8
"14140","2025-07-22",热线复核,42
"14141","2025-07-22",承办单位审核,79
"14142","2025-07-22",承办单位处理,65
"14143","2025-07-22",承办单位复核,80
"14144","2025-07-22",办结,26
"14145","2025-07-22",回访,28
"14146","2025-07-22",归档,75
"14147","2025-07-22",挂起,58
"14148","2025-07-23",话务员暂存,26
"14149","2025-07-23",话务员受理,50
"14150","2025-07-23",话务员办理,66
"14151","2025-07-23",热线审核,74
"14152","2025-07-23",热线复核,72
"14153","2025-07-23",承办单位审核,86
"14154","2025-07-23",承办单位处理,23
"14155","2025-07-23",承办单位复核,21
"14156","2025-07-23",办结,39
"14157","2025-07-23",回访,98
"14158","2025-07-23",归档,97
"14159","2025-07-23",挂起,71
"14160","2025-07-24",话务员暂存,68
"14161","2025-07-24",话务员受理,140
"14162","2025-07-24",话务员办理,59
"14163","2025-07-24",热线审核,115
"14164","2025-07-24",热线复核,19
"14165","2025-07-24",承办单位审核,78
"14166","2025-07-24",承办单位处理,11
"14167","2025-07-24",承办单位复核,129
"14168","2025-07-24",办结,68
"14169","2025-07-24",回访,141
"14170","2025-07-24",归档,27
"14171","2025-07-24",挂起,97
"14172","2025-07-25",话务员暂存,73
"14173","2025-07-25",话务员受理,58
"14174","2025-07-25",话务员办理,1
"14175","2025-07-25",热线审核,91
"14176","2025-07-25",热线复核,41
"14177","2025-07-25",承办单位审核,27
"14178","2025-07-25",承办单位处理,46
"14179","2025-07-25",承办单位复核,1
"14180","2025-07-25",办结,118
"14181","2025-07-25",回访,69
"14182","2025-07-25",归档,89
"14183","2025-07-25",挂起,55
"14184","2025-07-26",话务员暂存,51
"14185","2025-07-26",话务员受理,34
"14186","2025-07-26",话务员办理,61
"14187","2025-07-26",热线审核,62
"14188","2025-07-26",热线复核,37
"14189","2025-07-26",承办单位审核,62
"14190","2025-07-26",承办单位处理,62
"14191","2025-07-26",承办单位复核,15
"14192","2025-07-26",办结,44
"14193","2025-07-26",回访,60
"14194","2025-07-26",归档,29
"14195","2025-07-26",挂起,36
"14196","2025-07-27",话务员暂存,0
"14197","2025-07-27",话务员受理,83
"14198","2025-07-27",话务员办理,44
"14199","2025-07-27",热线审核,53
"14200","2025-07-27",热线复核,23
"14201","2025-07-27",承办单位审核,34
"14202","2025-07-27",承办单位处理,29
"14203","2025-07-27",承办单位复核,18
"14204","2025-07-27",办结,14
"14205","2025-07-27",回访,14
"14206","2025-07-27",归档,44
"14207","2025-07-27",挂起,36
"14208","2025-07-28",话务员暂存,24
"14209","2025-07-28",话务员受理,11
"14210","2025-07-28",话务员办理,17
"14211","2025-07-28",热线审核,20
"14212","2025-07-28",热线复核,40
"14213","2025-07-28",承办单位审核,41
"14214","2025-07-28",承办单位处理,15
"14215","2025-07-28",承办单位复核,20
"14216","2025-07-28",办结,30
"14217","2025-07-28",回访,48
"14218","2025-07-28",归档,48
"14219","2025-07-28",挂起,34
"14220","2025-07-29",话务员暂存,13
"14221","2025-07-29",话务员受理,81
"14222","2025-07-29",话务员办理,115
"14223","2025-07-29",热线审核,119
"14224","2025-07-29",热线复核,108
"14225","2025-07-29",承办单位审核,89
"14226","2025-07-29",承办单位处理,120
"14227","2025-07-29",承办单位复核,19
"14228","2025-07-29",办结,121
"14229","2025-07-29",回访,33
"14230","2025-07-29",归档,50
"14231","2025-07-29",挂起,37
"14232","2025-07-30",话务员暂存,51
"14233","2025-07-30",话务员受理,83
"14234","2025-07-30",话务员办理,13
"14235","2025-07-30",热线审核,20
"14236","2025-07-30",热线复核,70
"14237","2025-07-30",承办单位审核,93
"14238","2025-07-30",承办单位处理,54
"14239","2025-07-30",承办单位复核,107
"14240","2025-07-30",办结,97
"14241","2025-07-30",回访,84
"14242","2025-07-30",归档,118
"14243","2025-07-30",挂起,58
"14244","2025-07-31",话务员暂存,25
"14245","2025-07-31",话务员受理,35
"14246","2025-07-31",话务员办理,35
"14247","2025-07-31",热线审核,36
"14248","2025-07-31",热线复核,20
"14249","2025-07-31",承办单位审核,13
"14250","2025-07-31",承办单位处理,39
"14251","2025-07-31",承办单位复核,27
"14252","2025-07-31",办结,1
"14253","2025-07-31",回访,13
"14254","2025-07-31",归档,35
"14255","2025-07-31",挂起,28
"14256","2025-08-01",话务员暂存,21
"14257","2025-08-01",话务员受理,55
"14258","2025-08-01",话务员办理,80
"14259","2025-08-01",热线审核,28
"14260","2025-08-01",热线复核,68
"14261","2025-08-01",承办单位审核,49
"14262","2025-08-01",承办单位处理,11
"14263","2025-08-01",承办单位复核,68
"14264","2025-08-01",办结,56
"14265","2025-08-01",回访,52
"14266","2025-08-01",归档,8
"14267","2025-08-01",挂起,68
