"md_id","busi_date","dept_id","dept_name","flow_stage","total_cnt","rollback_cnt"
1,"2022-05-01","1001",客服一部,话务员暂存,227,0
2,"2022-05-01","1001",客服一部,话务员受理,125,11
3,"2022-05-01","1002",客服二部,话务员受理,124,23
4,"2022-05-01","2001",业务一科,话务员办理,77,5
5,"2022-05-01","2002",业务二科,话务员办理,214,15
6,"2022-05-01","3001",热线审核中心,热线审核,62,10
7,"2022-05-01","3002",热线复核中心,热线复核,154,21
8,"2022-05-01","4001",承办单位A,承办单位审核,233,46
9,"2022-05-01","4001",承办单位A,承办单位处理,59,9
10,"2022-05-01","4002",承办单位B,承办单位处理,81,8
11,"2022-05-01","4003",承办复核部A,承办单位复核,79,8
12,"2022-05-01","5001",结案一部,办结,51,8
13,"2022-05-01","5002",结案二部,办结,101,2
14,"2022-05-01","6001",客户回访一组,回访,94,16
15,"2022-05-01","6002",客户回访二组,回访,103,14
16,"2022-05-01","6003",客户回访三组,回访,57,11
17,"2022-05-01","7001",档案管理部,归档,110,3
18,"2022-05-01","8001",异常工单组,挂起,55,4
19,"2022-05-02","1001",客服一部,话务员暂存,145,0
20,"2022-05-02","1001",客服一部,话务员受理,206,25
21,"2022-05-02","1002",客服二部,话务员受理,172,27
22,"2022-05-02","2001",业务一科,话务员办理,53,5
23,"2022-05-02","2002",业务二科,话务员办理,252,27
24,"2022-05-02","3001",热线审核中心,热线审核,219,31
25,"2022-05-02","3002",热线复核中心,热线复核,107,17
26,"2022-05-02","4001",承办单位A,承办单位审核,101,4
27,"2022-05-02","4001",承办单位A,承办单位处理,149,6
28,"2022-05-02","4002",承办单位B,承办单位处理,202,3
29,"2022-05-02","4003",承办复核部A,承办单位复核,281,2
30,"2022-05-02","5001",结案一部,办结,160,10
31,"2022-05-02","5002",结案二部,办结,215,1
32,"2022-05-02","6001",客户回访一组,回访,130,12
33,"2022-05-02","6002",客户回访二组,回访,254,9
34,"2022-05-02","6003",客户回访三组,回访,239,11
35,"2022-05-02","7001",档案管理部,归档,263,51
36,"2022-05-02","8001",异常工单组,挂起,253,42
37,"2022-05-03","1001",客服一部,话务员暂存,250,0
38,"2022-05-03","1001",客服一部,话务员受理,300,7
39,"2022-05-03","1002",客服二部,话务员受理,124,8
40,"2022-05-03","2001",业务一科,话务员办理,205,3
41,"2022-05-03","2002",业务二科,话务员办理,254,50
42,"2022-05-03","3001",热线审核中心,热线审核,228,40
43,"2022-05-03","3002",热线复核中心,热线复核,274,25
44,"2022-05-03","4001",承办单位A,承办单位审核,202,10
45,"2022-05-03","4001",承办单位A,承办单位处理,272,21
46,"2022-05-03","4002",承办单位B,承办单位处理,200,25
47,"2022-05-03","4003",承办复核部A,承办单位复核,92,5
48,"2022-05-03","5001",结案一部,办结,227,45
49,"2022-05-03","5002",结案二部,办结,120,4
50,"2022-05-03","6001",客户回访一组,回访,57,1
51,"2022-05-03","6002",客户回访二组,回访,69,8
52,"2022-05-03","6003",客户回访三组,回访,131,5
53,"2022-05-03","7001",档案管理部,归档,123,18
54,"2022-05-03","8001",异常工单组,挂起,184,20
55,"2022-05-04","1001",客服一部,话务员暂存,112,0
56,"2022-05-04","1001",客服一部,话务员受理,88,15
57,"2022-05-04","1002",客服二部,话务员受理,281,31
58,"2022-05-04","2001",业务一科,话务员办理,178,9
59,"2022-05-04","2002",业务二科,话务员办理,117,15
60,"2022-05-04","3001",热线审核中心,热线审核,60,6
61,"2022-05-04","3002",热线复核中心,热线复核,225,30
62,"2022-05-04","4001",承办单位A,承办单位审核,300,60
63,"2022-05-04","4001",承办单位A,承办单位处理,89,16
64,"2022-05-04","4002",承办单位B,承办单位处理,292,17
65,"2022-05-04","4003",承办复核部A,承办单位复核,69,0
66,"2022-05-04","5001",结案一部,办结,170,18
67,"2022-05-04","5002",结案二部,办结,147,21
68,"2022-05-04","6001",客户回访一组,回访,193,18
69,"2022-05-04","6002",客户回访二组,回访,85,9
70,"2022-05-04","6003",客户回访三组,回访,83,16
71,"2022-05-04","7001",档案管理部,归档,185,18
72,"2022-05-04","8001",异常工单组,挂起,69,8
73,"2022-05-05","1001",客服一部,话务员暂存,92,0
74,"2022-05-05","1001",客服一部,话务员受理,283,32
75,"2022-05-05","1002",客服二部,话务员受理,161,23
76,"2022-05-05","2001",业务一科,话务员办理,104,6
77,"2022-05-05","2002",业务二科,话务员办理,100,9
78,"2022-05-05","3001",热线审核中心,热线审核,207,17
79,"2022-05-05","3002",热线复核中心,热线复核,77,12
80,"2022-05-05","4001",承办单位A,承办单位审核,286,40
81,"2022-05-05","4001",承办单位A,承办单位处理,202,26
82,"2022-05-05","4002",承办单位B,承办单位处理,252,26
83,"2022-05-05","4003",承办复核部A,承办单位复核,235,37
84,"2022-05-05","5001",结案一部,办结,220,37
85,"2022-05-05","5002",结案二部,办结,287,14
86,"2022-05-05","6001",客户回访一组,回访,280,9
87,"2022-05-05","6002",客户回访二组,回访,252,25
88,"2022-05-05","6003",客户回访三组,回访,127,25
89,"2022-05-05","7001",档案管理部,归档,294,37
90,"2022-05-05","8001",异常工单组,挂起,109,17
91,"2022-05-06","1001",客服一部,话务员暂存,204,0
92,"2022-05-06","1001",客服一部,话务员受理,138,13
93,"2022-05-06","1002",客服二部,话务员受理,83,1
94,"2022-05-06","2001",业务一科,话务员办理,200,0
95,"2022-05-06","2002",业务二科,话务员办理,85,6
96,"2022-05-06","3001",热线审核中心,热线审核,215,29
97,"2022-05-06","3002",热线复核中心,热线复核,204,32
98,"2022-05-06","4001",承办单位A,承办单位审核,176,18
99,"2022-05-06","4001",承办单位A,承办单位处理,226,44
100,"2022-05-06","4002",承办单位B,承办单位处理,229,45
101,"2022-05-06","4003",承办复核部A,承办单位复核,193,13
102,"2022-05-06","5001",结案一部,办结,145,24
103,"2022-05-06","5002",结案二部,办结,141,14
104,"2022-05-06","6001",客户回访一组,回访,52,1
105,"2022-05-06","6002",客户回访二组,回访,115,6
106,"2022-05-06","6003",客户回访三组,回访,168,26
107,"2022-05-06","7001",档案管理部,归档,192,27
108,"2022-05-06","8001",异常工单组,挂起,157,11
109,"2022-05-07","1001",客服一部,话务员暂存,249,0
110,"2022-05-07","1001",客服一部,话务员受理,86,3
111,"2022-05-07","1002",客服二部,话务员受理,207,30
112,"2022-05-07","2001",业务一科,话务员办理,278,43
113,"2022-05-07","2002",业务二科,话务员办理,65,12
114,"2022-05-07","3001",热线审核中心,热线审核,100,4
115,"2022-05-07","3002",热线复核中心,热线复核,166,17
116,"2022-05-07","4001",承办单位A,承办单位审核,247,44
117,"2022-05-07","4001",承办单位A,承办单位处理,103,13
118,"2022-05-07","4002",承办单位B,承办单位处理,259,43
119,"2022-05-07","4003",承办复核部A,承办单位复核,202,25
120,"2022-05-07","5001",结案一部,办结,135,16
121,"2022-05-07","5002",结案二部,办结,145,4
122,"2022-05-07","6001",客户回访一组,回访,256,43
123,"2022-05-07","6002",客户回访二组,回访,297,4
124,"2022-05-07","6003",客户回访三组,回访,156,3
125,"2022-05-07","7001",档案管理部,归档,255,18
126,"2022-05-07","8001",异常工单组,挂起,132,18
127,"2022-05-08","1001",客服一部,话务员暂存,114,0
128,"2022-05-08","1001",客服一部,话务员受理,167,25
129,"2022-05-08","1002",客服二部,话务员受理,213,3
130,"2022-05-08","2001",业务一科,话务员办理,231,1
131,"2022-05-08","2002",业务二科,话务员办理,254,42
132,"2022-05-08","3001",热线审核中心,热线审核,286,25
133,"2022-05-08","3002",热线复核中心,热线复核,108,16
134,"2022-05-08","4001",承办单位A,承办单位审核,298,18
135,"2022-05-08","4001",承办单位A,承办单位处理,259,46
136,"2022-05-08","4002",承办单位B,承办单位处理,131,22
137,"2022-05-08","4003",承办复核部A,承办单位复核,250,40
138,"2022-05-08","5001",结案一部,办结,218,26
139,"2022-05-08","5002",结案二部,办结,283,40
140,"2022-05-08","6001",客户回访一组,回访,291,7
141,"2022-05-08","6002",客户回访二组,回访,278,21
142,"2022-05-08","6003",客户回访三组,回访,177,15
143,"2022-05-08","7001",档案管理部,归档,263,2
144,"2022-05-08","8001",异常工单组,挂起,148,29
145,"2022-05-09","1001",客服一部,话务员暂存,56,0
146,"2022-05-09","1001",客服一部,话务员受理,234,8
147,"2022-05-09","1002",客服二部,话务员受理,223,36
148,"2022-05-09","2001",业务一科,话务员办理,60,12
149,"2022-05-09","2002",业务二科,话务员办理,115,1
150,"2022-05-09","3001",热线审核中心,热线审核,194,31
151,"2022-05-09","3002",热线复核中心,热线复核,173,20
152,"2022-05-09","4001",承办单位A,承办单位审核,59,3
153,"2022-05-09","4001",承办单位A,承办单位处理,77,3
154,"2022-05-09","4002",承办单位B,承办单位处理,274,42
155,"2022-05-09","4003",承办复核部A,承办单位复核,102,6
156,"2022-05-09","5001",结案一部,办结,149,10
157,"2022-05-09","5002",结案二部,办结,223,12
158,"2022-05-09","6001",客户回访一组,回访,174,2
159,"2022-05-09","6002",客户回访二组,回访,164,12
160,"2022-05-09","6003",客户回访三组,回访,62,9
161,"2022-05-09","7001",档案管理部,归档,136,6
162,"2022-05-09","8001",异常工单组,挂起,72,4
163,"2022-05-10","1001",客服一部,话务员暂存,81,0
164,"2022-05-10","1001",客服一部,话务员受理,298,39
165,"2022-05-10","1002",客服二部,话务员受理,175,27
166,"2022-05-10","2001",业务一科,话务员办理,132,24
167,"2022-05-10","2002",业务二科,话务员办理,86,6
168,"2022-05-10","3001",热线审核中心,热线审核,186,28
169,"2022-05-10","3002",热线复核中心,热线复核,80,2
170,"2022-05-10","4001",承办单位A,承办单位审核,246,23
171,"2022-05-10","4001",承办单位A,承办单位处理,112,18
172,"2022-05-10","4002",承办单位B,承办单位处理,101,11
173,"2022-05-10","4003",承办复核部A,承办单位复核,99,11
174,"2022-05-10","5001",结案一部,办结,164,18
175,"2022-05-10","5002",结案二部,办结,201,35
176,"2022-05-10","6001",客户回访一组,回访,205,31
177,"2022-05-10","6002",客户回访二组,回访,76,15
178,"2022-05-10","6003",客户回访三组,回访,139,17
179,"2022-05-10","7001",档案管理部,归档,136,6
180,"2022-05-10","8001",异常工单组,挂起,179,24
181,"2022-05-11","1001",客服一部,话务员暂存,134,0
182,"2022-05-11","1001",客服一部,话务员受理,112,16
183,"2022-05-11","1002",客服二部,话务员受理,88,0
184,"2022-05-11","2001",业务一科,话务员办理,119,14
185,"2022-05-11","2002",业务二科,话务员办理,276,13
186,"2022-05-11","3001",热线审核中心,热线审核,233,16
187,"2022-05-11","3002",热线复核中心,热线复核,206,37
188,"2022-05-11","4001",承办单位A,承办单位审核,146,24
189,"2022-05-11","4001",承办单位A,承办单位处理,285,33
190,"2022-05-11","4002",承办单位B,承办单位处理,215,6
191,"2022-05-11","4003",承办复核部A,承办单位复核,260,31
192,"2022-05-11","5001",结案一部,办结,170,5
193,"2022-05-11","5002",结案二部,办结,133,18
194,"2022-05-11","6001",客户回访一组,回访,65,10
195,"2022-05-11","6002",客户回访二组,回访,260,22
196,"2022-05-11","6003",客户回访三组,回访,279,16
197,"2022-05-11","7001",档案管理部,归档,257,9
198,"2022-05-11","8001",异常工单组,挂起,216,9
199,"2022-05-12","1001",客服一部,话务员暂存,147,0
200,"2022-05-12","1001",客服一部,话务员受理,213,22
201,"2022-05-12","1002",客服二部,话务员受理,50,2
202,"2022-05-12","2001",业务一科,话务员办理,155,28
203,"2022-05-12","2002",业务二科,话务员办理,98,12
204,"2022-05-12","3001",热线审核中心,热线审核,300,56
205,"2022-05-12","3002",热线复核中心,热线复核,114,14
206,"2022-05-12","4001",承办单位A,承办单位审核,213,11
207,"2022-05-12","4001",承办单位A,承办单位处理,245,2
208,"2022-05-12","4002",承办单位B,承办单位处理,223,38
209,"2022-05-12","4003",承办复核部A,承办单位复核,113,19
210,"2022-05-12","5001",结案一部,办结,83,9
211,"2022-05-12","5002",结案二部,办结,67,8
212,"2022-05-12","6001",客户回访一组,回访,288,2
213,"2022-05-12","6002",客户回访二组,回访,179,31
214,"2022-05-12","6003",客户回访三组,回访,185,17
215,"2022-05-12","7001",档案管理部,归档,298,16
216,"2022-05-12","8001",异常工单组,挂起,284,14
217,"2022-05-13","1001",客服一部,话务员暂存,92,0
218,"2022-05-13","1001",客服一部,话务员受理,99,3
219,"2022-05-13","1002",客服二部,话务员受理,165,2
220,"2022-05-13","2001",业务一科,话务员办理,208,17
221,"2022-05-13","2002",业务二科,话务员办理,236,19
222,"2022-05-13","3001",热线审核中心,热线审核,57,8
223,"2022-05-13","3002",热线复核中心,热线复核,300,41
224,"2022-05-13","4001",承办单位A,承办单位审核,243,7
225,"2022-05-13","4001",承办单位A,承办单位处理,183,24
226,"2022-05-13","4002",承办单位B,承办单位处理,233,0
227,"2022-05-13","4003",承办复核部A,承办单位复核,109,1
228,"2022-05-13","5001",结案一部,办结,269,11
229,"2022-05-13","5002",结案二部,办结,64,5
230,"2022-05-13","6001",客户回访一组,回访,116,8
231,"2022-05-13","6002",客户回访二组,回访,259,18
232,"2022-05-13","6003",客户回访三组,回访,103,20
233,"2022-05-13","7001",档案管理部,归档,111,22
234,"2022-05-13","8001",异常工单组,挂起,141,15
235,"2022-05-14","1001",客服一部,话务员暂存,256,0
236,"2022-05-14","1001",客服一部,话务员受理,82,8
237,"2022-05-14","1002",客服二部,话务员受理,191,13
238,"2022-05-14","2001",业务一科,话务员办理,188,8
239,"2022-05-14","2002",业务二科,话务员办理,248,17
240,"2022-05-14","3001",热线审核中心,热线审核,180,16
241,"2022-05-14","3002",热线复核中心,热线复核,100,10
242,"2022-05-14","4001",承办单位A,承办单位审核,191,19
243,"2022-05-14","4001",承办单位A,承办单位处理,176,35
244,"2022-05-14","4002",承办单位B,承办单位处理,160,32
245,"2022-05-14","4003",承办复核部A,承办单位复核,177,4
246,"2022-05-14","5001",结案一部,办结,221,1
247,"2022-05-14","5002",结案二部,办结,166,6
248,"2022-05-14","6001",客户回访一组,回访,214,14
249,"2022-05-14","6002",客户回访二组,回访,257,49
250,"2022-05-14","6003",客户回访三组,回访,87,11
251,"2022-05-14","7001",档案管理部,归档,182,32
252,"2022-05-14","8001",异常工单组,挂起,179,30
253,"2022-05-15","1001",客服一部,话务员暂存,63,0
254,"2022-05-15","1001",客服一部,话务员受理,164,24
255,"2022-05-15","1002",客服二部,话务员受理,207,35
256,"2022-05-15","2001",业务一科,话务员办理,193,34
257,"2022-05-15","2002",业务二科,话务员办理,59,10
258,"2022-05-15","3001",热线审核中心,热线审核,170,5
259,"2022-05-15","3002",热线复核中心,热线复核,69,5
260,"2022-05-15","4001",承办单位A,承办单位审核,114,22
261,"2022-05-15","4001",承办单位A,承办单位处理,105,17
262,"2022-05-15","4002",承办单位B,承办单位处理,158,26
263,"2022-05-15","4003",承办复核部A,承办单位复核,81,15
264,"2022-05-15","5001",结案一部,办结,299,21
265,"2022-05-15","5002",结案二部,办结,138,10
266,"2022-05-15","6001",客户回访一组,回访,73,12
267,"2022-05-15","6002",客户回访二组,回访,85,3
268,"2022-05-15","6003",客户回访三组,回访,149,5
269,"2022-05-15","7001",档案管理部,归档,123,13
270,"2022-05-15","8001",异常工单组,挂起,125,19
271,"2022-05-16","1001",客服一部,话务员暂存,215,0
272,"2022-05-16","1001",客服一部,话务员受理,271,37
273,"2022-05-16","1002",客服二部,话务员受理,206,9
274,"2022-05-16","2001",业务一科,话务员办理,207,23
275,"2022-05-16","2002",业务二科,话务员办理,165,33
276,"2022-05-16","3001",热线审核中心,热线审核,186,35
277,"2022-05-16","3002",热线复核中心,热线复核,140,2
278,"2022-05-16","4001",承办单位A,承办单位审核,159,26
279,"2022-05-16","4001",承办单位A,承办单位处理,215,0
280,"2022-05-16","4002",承办单位B,承办单位处理,52,10
281,"2022-05-16","4003",承办复核部A,承办单位复核,277,11
282,"2022-05-16","5001",结案一部,办结,52,2
283,"2022-05-16","5002",结案二部,办结,161,8
284,"2022-05-16","6001",客户回访一组,回访,220,13
285,"2022-05-16","6002",客户回访二组,回访,87,7
286,"2022-05-16","6003",客户回访三组,回访,288,56
287,"2022-05-16","7001",档案管理部,归档,254,16
288,"2022-05-16","8001",异常工单组,挂起,92,18
289,"2022-05-17","1001",客服一部,话务员暂存,89,0
290,"2022-05-17","1001",客服一部,话务员受理,284,18
291,"2022-05-17","1002",客服二部,话务员受理,215,14
292,"2022-05-17","2001",业务一科,话务员办理,230,6
293,"2022-05-17","2002",业务二科,话务员办理,97,11
294,"2022-05-17","3001",热线审核中心,热线审核,56,11
295,"2022-05-17","3002",热线复核中心,热线复核,202,34
296,"2022-05-17","4001",承办单位A,承办单位审核,276,14
297,"2022-05-17","4001",承办单位A,承办单位处理,65,1
298,"2022-05-17","4002",承办单位B,承办单位处理,148,21
299,"2022-05-17","4003",承办复核部A,承办单位复核,286,39
300,"2022-05-17","5001",结案一部,办结,192,32
301,"2022-05-17","5002",结案二部,办结,250,24
302,"2022-05-17","6001",客户回访一组,回访,146,22
303,"2022-05-17","6002",客户回访二组,回访,102,20
304,"2022-05-17","6003",客户回访三组,回访,148,10
305,"2022-05-17","7001",档案管理部,归档,196,32
306,"2022-05-17","8001",异常工单组,挂起,131,23
307,"2022-05-18","1001",客服一部,话务员暂存,286,0
308,"2022-05-18","1001",客服一部,话务员受理,96,18
309,"2022-05-18","1002",客服二部,话务员受理,92,11
310,"2022-05-18","2001",业务一科,话务员办理,88,10
311,"2022-05-18","2002",业务二科,话务员办理,74,14
312,"2022-05-18","3001",热线审核中心,热线审核,226,35
313,"2022-05-18","3002",热线复核中心,热线复核,83,7
314,"2022-05-18","4001",承办单位A,承办单位审核,102,19
315,"2022-05-18","4001",承办单位A,承办单位处理,284,19
316,"2022-05-18","4002",承办单位B,承办单位处理,72,9
317,"2022-05-18","4003",承办复核部A,承办单位复核,67,7
318,"2022-05-18","5001",结案一部,办结,209,20
319,"2022-05-18","5002",结案二部,办结,60,8
320,"2022-05-18","6001",客户回访一组,回访,103,17
321,"2022-05-18","6002",客户回访二组,回访,201,15
322,"2022-05-18","6003",客户回访三组,回访,288,52
323,"2022-05-18","7001",档案管理部,归档,102,8
324,"2022-05-18","8001",异常工单组,挂起,94,3
325,"2022-05-19","1001",客服一部,话务员暂存,115,0
326,"2022-05-19","1001",客服一部,话务员受理,268,36
327,"2022-05-19","1002",客服二部,话务员受理,230,39
328,"2022-05-19","2001",业务一科,话务员办理,286,51
329,"2022-05-19","2002",业务二科,话务员办理,126,3
330,"2022-05-19","3001",热线审核中心,热线审核,281,49
331,"2022-05-19","3002",热线复核中心,热线复核,165,18
332,"2022-05-19","4001",承办单位A,承办单位审核,249,39
333,"2022-05-19","4001",承办单位A,承办单位处理,222,43
334,"2022-05-19","4002",承办单位B,承办单位处理,211,33
335,"2022-05-19","4003",承办复核部A,承办单位复核,216,3
336,"2022-05-19","5001",结案一部,办结,79,15
337,"2022-05-19","5002",结案二部,办结,134,0
338,"2022-05-19","6001",客户回访一组,回访,152,14
339,"2022-05-19","6002",客户回访二组,回访,299,35
340,"2022-05-19","6003",客户回访三组,回访,300,26
341,"2022-05-19","7001",档案管理部,归档,197,9
342,"2022-05-19","8001",异常工单组,挂起,164,2
343,"2022-05-20","1001",客服一部,话务员暂存,274,0
344,"2022-05-20","1001",客服一部,话务员受理,81,14
345,"2022-05-20","1002",客服二部,话务员受理,291,47
346,"2022-05-20","2001",业务一科,话务员办理,265,17
347,"2022-05-20","2002",业务二科,话务员办理,68,1
348,"2022-05-20","3001",热线审核中心,热线审核,71,10
349,"2022-05-20","3002",热线复核中心,热线复核,57,10
350,"2022-05-20","4001",承办单位A,承办单位审核,271,36
351,"2022-05-20","4001",承办单位A,承办单位处理,147,1
352,"2022-05-20","4002",承办单位B,承办单位处理,109,7
353,"2022-05-20","4003",承办复核部A,承办单位复核,191,15
354,"2022-05-20","5001",结案一部,办结,107,1
355,"2022-05-20","5002",结案二部,办结,88,9
356,"2022-05-20","6001",客户回访一组,回访,53,10
357,"2022-05-20","6002",客户回访二组,回访,151,30
358,"2022-05-20","6003",客户回访三组,回访,167,25
359,"2022-05-20","7001",档案管理部,归档,52,1
360,"2022-05-20","8001",异常工单组,挂起,236,7
361,"2022-05-21","1001",客服一部,话务员暂存,186,0
362,"2022-05-21","1001",客服一部,话务员受理,70,1
363,"2022-05-21","1002",客服二部,话务员受理,274,2
364,"2022-05-21","2001",业务一科,话务员办理,126,7
365,"2022-05-21","2002",业务二科,话务员办理,120,4
366,"2022-05-21","3001",热线审核中心,热线审核,240,28
367,"2022-05-21","3002",热线复核中心,热线复核,106,15
368,"2022-05-21","4001",承办单位A,承办单位审核,285,56
369,"2022-05-21","4001",承办单位A,承办单位处理,219,6
370,"2022-05-21","4002",承办单位B,承办单位处理,271,36
371,"2022-05-21","4003",承办复核部A,承办单位复核,268,6
372,"2022-05-21","5001",结案一部,办结,135,12
373,"2022-05-21","5002",结案二部,办结,229,20
374,"2022-05-21","6001",客户回访一组,回访,233,23
375,"2022-05-21","6002",客户回访二组,回访,295,53
376,"2022-05-21","6003",客户回访三组,回访,92,17
377,"2022-05-21","7001",档案管理部,归档,227,9
378,"2022-05-21","8001",异常工单组,挂起,263,26
379,"2022-05-22","1001",客服一部,话务员暂存,100,0
380,"2022-05-22","1001",客服一部,话务员受理,62,4
381,"2022-05-22","1002",客服二部,话务员受理,72,14
382,"2022-05-22","2001",业务一科,话务员办理,101,6
383,"2022-05-22","2002",业务二科,话务员办理,95,6
384,"2022-05-22","3001",热线审核中心,热线审核,72,11
385,"2022-05-22","3002",热线复核中心,热线复核,60,0
386,"2022-05-22","4001",承办单位A,承办单位审核,141,0
387,"2022-05-22","4001",承办单位A,承办单位处理,131,11
388,"2022-05-22","4002",承办单位B,承办单位处理,120,21
389,"2022-05-22","4003",承办复核部A,承办单位复核,97,2
390,"2022-05-22","5001",结案一部,办结,209,19
391,"2022-05-22","5002",结案二部,办结,294,27
392,"2022-05-22","6001",客户回访一组,回访,294,8
393,"2022-05-22","6002",客户回访二组,回访,165,19
394,"2022-05-22","6003",客户回访三组,回访,148,0
395,"2022-05-22","7001",档案管理部,归档,163,14
396,"2022-05-22","8001",异常工单组,挂起,104,2
397,"2022-05-23","1001",客服一部,话务员暂存,141,0
398,"2022-05-23","1001",客服一部,话务员受理,182,14
399,"2022-05-23","1002",客服二部,话务员受理,110,4
400,"2022-05-23","2001",业务一科,话务员办理,100,5
401,"2022-05-23","2002",业务二科,话务员办理,224,8
402,"2022-05-23","3001",热线审核中心,热线审核,104,12
403,"2022-05-23","3002",热线复核中心,热线复核,96,11
404,"2022-05-23","4001",承办单位A,承办单位审核,60,2
405,"2022-05-23","4001",承办单位A,承办单位处理,282,17
406,"2022-05-23","4002",承办单位B,承办单位处理,160,23
407,"2022-05-23","4003",承办复核部A,承办单位复核,215,14
408,"2022-05-23","5001",结案一部,办结,60,12
409,"2022-05-23","5002",结案二部,办结,102,10
410,"2022-05-23","6001",客户回访一组,回访,165,30
411,"2022-05-23","6002",客户回访二组,回访,213,12
412,"2022-05-23","6003",客户回访三组,回访,61,8
413,"2022-05-23","7001",档案管理部,归档,158,5
414,"2022-05-23","8001",异常工单组,挂起,166,2
415,"2022-05-24","1001",客服一部,话务员暂存,66,0
416,"2022-05-24","1001",客服一部,话务员受理,202,7
417,"2022-05-24","1002",客服二部,话务员受理,128,2
418,"2022-05-24","2001",业务一科,话务员办理,86,6
419,"2022-05-24","2002",业务二科,话务员办理,99,10
420,"2022-05-24","3001",热线审核中心,热线审核,231,14
421,"2022-05-24","3002",热线复核中心,热线复核,298,39
422,"2022-05-24","4001",承办单位A,承办单位审核,240,21
423,"2022-05-24","4001",承办单位A,承办单位处理,294,21
424,"2022-05-24","4002",承办单位B,承办单位处理,169,10
425,"2022-05-24","4003",承办复核部A,承办单位复核,76,7
426,"2022-05-24","5001",结案一部,办结,149,2
427,"2022-05-24","5002",结案二部,办结,299,26
428,"2022-05-24","6001",客户回访一组,回访,192,22
429,"2022-05-24","6002",客户回访二组,回访,73,13
430,"2022-05-24","6003",客户回访三组,回访,61,1
431,"2022-05-24","7001",档案管理部,归档,86,6
432,"2022-05-24","8001",异常工单组,挂起,241,48
433,"2022-05-25","1001",客服一部,话务员暂存,193,0
434,"2022-05-25","1001",客服一部,话务员受理,94,14
435,"2022-05-25","1002",客服二部,话务员受理,166,18
436,"2022-05-25","2001",业务一科,话务员办理,289,5
437,"2022-05-25","2002",业务二科,话务员办理,116,21
438,"2022-05-25","3001",热线审核中心,热线审核,218,35
439,"2022-05-25","3002",热线复核中心,热线复核,213,7
440,"2022-05-25","4001",承办单位A,承办单位审核,165,7
441,"2022-05-25","4001",承办单位A,承办单位处理,236,3
442,"2022-05-25","4002",承办单位B,承办单位处理,184,20
443,"2022-05-25","4003",承办复核部A,承办单位复核,120,14
444,"2022-05-25","5001",结案一部,办结,70,5
445,"2022-05-25","5002",结案二部,办结,226,44
446,"2022-05-25","6001",客户回访一组,回访,184,8
447,"2022-05-25","6002",客户回访二组,回访,177,19
448,"2022-05-25","6003",客户回访三组,回访,275,25
449,"2022-05-25","7001",档案管理部,归档,149,9
450,"2022-05-25","8001",异常工单组,挂起,112,15
451,"2022-05-26","1001",客服一部,话务员暂存,180,0
452,"2022-05-26","1001",客服一部,话务员受理,229,18
453,"2022-05-26","1002",客服二部,话务员受理,180,0
454,"2022-05-26","2001",业务一科,话务员办理,292,37
455,"2022-05-26","2002",业务二科,话务员办理,150,8
456,"2022-05-26","3001",热线审核中心,热线审核,190,16
457,"2022-05-26","3002",热线复核中心,热线复核,136,26
458,"2022-05-26","4001",承办单位A,承办单位审核,279,9
459,"2022-05-26","4001",承办单位A,承办单位处理,129,0
460,"2022-05-26","4002",承办单位B,承办单位处理,297,12
461,"2022-05-26","4003",承办复核部A,承办单位复核,82,5
462,"2022-05-26","5001",结案一部,办结,82,16
463,"2022-05-26","5002",结案二部,办结,123,0
464,"2022-05-26","6001",客户回访一组,回访,294,16
465,"2022-05-26","6002",客户回访二组,回访,67,13
466,"2022-05-26","6003",客户回访三组,回访,248,10
467,"2022-05-26","7001",档案管理部,归档,70,14
468,"2022-05-26","8001",异常工单组,挂起,258,14
469,"2022-05-27","1001",客服一部,话务员暂存,238,0
470,"2022-05-27","1001",客服一部,话务员受理,251,20
471,"2022-05-27","1002",客服二部,话务员受理,231,44
472,"2022-05-27","2001",业务一科,话务员办理,74,6
473,"2022-05-27","2002",业务二科,话务员办理,63,7
474,"2022-05-27","3001",热线审核中心,热线审核,106,19
475,"2022-05-27","3002",热线复核中心,热线复核,248,47
476,"2022-05-27","4001",承办单位A,承办单位审核,283,24
477,"2022-05-27","4001",承办单位A,承办单位处理,262,26
478,"2022-05-27","4002",承办单位B,承办单位处理,240,16
479,"2022-05-27","4003",承办复核部A,承办单位复核,93,7
480,"2022-05-27","5001",结案一部,办结,95,4
481,"2022-05-27","5002",结案二部,办结,114,5
482,"2022-05-27","6001",客户回访一组,回访,266,16
483,"2022-05-27","6002",客户回访二组,回访,216,24
484,"2022-05-27","6003",客户回访三组,回访,102,13
485,"2022-05-27","7001",档案管理部,归档,145,27
486,"2022-05-27","8001",异常工单组,挂起,88,4
487,"2022-05-28","1001",客服一部,话务员暂存,186,0
488,"2022-05-28","1001",客服一部,话务员受理,112,12
489,"2022-05-28","1002",客服二部,话务员受理,272,3
490,"2022-05-28","2001",业务一科,话务员办理,279,17
491,"2022-05-28","2002",业务二科,话务员办理,175,6
492,"2022-05-28","3001",热线审核中心,热线审核,160,19
493,"2022-05-28","3002",热线复核中心,热线复核,149,14
494,"2022-05-28","4001",承办单位A,承办单位审核,224,38
495,"2022-05-28","4001",承办单位A,承办单位处理,173,31
496,"2022-05-28","4002",承办单位B,承办单位处理,233,42
497,"2022-05-28","4003",承办复核部A,承办单位复核,296,18
498,"2022-05-28","5001",结案一部,办结,66,12
499,"2022-05-28","5002",结案二部,办结,57,6
500,"2022-05-28","6001",客户回访一组,回访,183,21
501,"2022-05-28","6002",客户回访二组,回访,85,1
502,"2022-05-28","6003",客户回访三组,回访,83,12
503,"2022-05-28","7001",档案管理部,归档,211,16
504,"2022-05-28","8001",异常工单组,挂起,100,4
505,"2022-05-29","1001",客服一部,话务员暂存,284,0
506,"2022-05-29","1001",客服一部,话务员受理,145,3
507,"2022-05-29","1002",客服二部,话务员受理,106,18
508,"2022-05-29","2001",业务一科,话务员办理,83,12
509,"2022-05-29","2002",业务二科,话务员办理,111,16
510,"2022-05-29","3001",热线审核中心,热线审核,287,43
511,"2022-05-29","3002",热线复核中心,热线复核,232,41
512,"2022-05-29","4001",承办单位A,承办单位审核,300,10
513,"2022-05-29","4001",承办单位A,承办单位处理,288,54
514,"2022-05-29","4002",承办单位B,承办单位处理,296,36
515,"2022-05-29","4003",承办复核部A,承办单位复核,238,46
516,"2022-05-29","5001",结案一部,办结,140,6
517,"2022-05-29","5002",结案二部,办结,82,9
518,"2022-05-29","6001",客户回访一组,回访,171,34
519,"2022-05-29","6002",客户回访二组,回访,239,14
520,"2022-05-29","6003",客户回访三组,回访,246,7
521,"2022-05-29","7001",档案管理部,归档,259,14
522,"2022-05-29","8001",异常工单组,挂起,159,7
523,"2022-05-30","1001",客服一部,话务员暂存,239,0
524,"2022-05-30","1001",客服一部,话务员受理,284,45
525,"2022-05-30","1002",客服二部,话务员受理,132,10
526,"2022-05-30","2001",业务一科,话务员办理,87,3
527,"2022-05-30","2002",业务二科,话务员办理,232,2
528,"2022-05-30","3001",热线审核中心,热线审核,230,6
529,"2022-05-30","3002",热线复核中心,热线复核,181,1
530,"2022-05-30","4001",承办单位A,承办单位审核,146,14
531,"2022-05-30","4001",承办单位A,承办单位处理,76,12
532,"2022-05-30","4002",承办单位B,承办单位处理,220,41
533,"2022-05-30","4003",承办复核部A,承办单位复核,215,34
534,"2022-05-30","5001",结案一部,办结,163,0
535,"2022-05-30","5002",结案二部,办结,231,42
536,"2022-05-30","6001",客户回访一组,回访,142,19
537,"2022-05-30","6002",客户回访二组,回访,261,8
538,"2022-05-30","6003",客户回访三组,回访,229,14
539,"2022-05-30","7001",档案管理部,归档,290,9
540,"2022-05-30","8001",异常工单组,挂起,73,1
541,"2022-05-31","1001",客服一部,话务员暂存,131,0
542,"2022-05-31","1001",客服一部,话务员受理,228,43
543,"2022-05-31","1002",客服二部,话务员受理,237,20
544,"2022-05-31","2001",业务一科,话务员办理,289,6
545,"2022-05-31","2002",业务二科,话务员办理,94,11
546,"2022-05-31","3001",热线审核中心,热线审核,237,41
547,"2022-05-31","3002",热线复核中心,热线复核,141,6
548,"2022-05-31","4001",承办单位A,承办单位审核,78,3
549,"2022-05-31","4001",承办单位A,承办单位处理,123,24
550,"2022-05-31","4002",承办单位B,承办单位处理,55,0
551,"2022-05-31","4003",承办复核部A,承办单位复核,53,5
552,"2022-05-31","5001",结案一部,办结,244,22
553,"2022-05-31","5002",结案二部,办结,119,21
554,"2022-05-31","6001",客户回访一组,回访,174,33
555,"2022-05-31","6002",客户回访二组,回访,145,18
556,"2022-05-31","6003",客户回访三组,回访,156,31
557,"2022-05-31","7001",档案管理部,归档,204,22
558,"2022-05-31","8001",异常工单组,挂起,106,11
559,"2022-06-01","1001",客服一部,话务员暂存,251,0
560,"2022-06-01","1001",客服一部,话务员受理,132,1
561,"2022-06-01","1002",客服二部,话务员受理,112,22
562,"2022-06-01","2001",业务一科,话务员办理,300,52
563,"2022-06-01","2002",业务二科,话务员办理,294,0
564,"2022-06-01","3001",热线审核中心,热线审核,95,13
565,"2022-06-01","3002",热线复核中心,热线复核,139,15
566,"2022-06-01","4001",承办单位A,承办单位审核,283,43
567,"2022-06-01","4001",承办单位A,承办单位处理,280,18
568,"2022-06-01","4002",承办单位B,承办单位处理,294,55
569,"2022-06-01","4003",承办复核部A,承办单位复核,212,10
570,"2022-06-01","5001",结案一部,办结,258,48
571,"2022-06-01","5002",结案二部,办结,296,25
572,"2022-06-01","6001",客户回访一组,回访,234,46
573,"2022-06-01","6002",客户回访二组,回访,280,2
574,"2022-06-01","6003",客户回访三组,回访,87,13
575,"2022-06-01","7001",档案管理部,归档,58,9
576,"2022-06-01","8001",异常工单组,挂起,274,53
577,"2022-06-02","1001",客服一部,话务员暂存,188,0
578,"2022-06-02","1001",客服一部,话务员受理,75,3
579,"2022-06-02","1002",客服二部,话务员受理,177,2
580,"2022-06-02","2001",业务一科,话务员办理,82,8
581,"2022-06-02","2002",业务二科,话务员办理,250,39
582,"2022-06-02","3001",热线审核中心,热线审核,208,32
583,"2022-06-02","3002",热线复核中心,热线复核,135,21
584,"2022-06-02","4001",承办单位A,承办单位审核,77,15
585,"2022-06-02","4001",承办单位A,承办单位处理,278,54
586,"2022-06-02","4002",承办单位B,承办单位处理,260,0
587,"2022-06-02","4003",承办复核部A,承办单位复核,122,11
588,"2022-06-02","5001",结案一部,办结,293,31
589,"2022-06-02","5002",结案二部,办结,82,4
590,"2022-06-02","6001",客户回访一组,回访,271,23
591,"2022-06-02","6002",客户回访二组,回访,220,44
592,"2022-06-02","6003",客户回访三组,回访,250,31
593,"2022-06-02","7001",档案管理部,归档,134,6
594,"2022-06-02","8001",异常工单组,挂起,111,19
595,"2022-06-03","1001",客服一部,话务员暂存,261,0
596,"2022-06-03","1001",客服一部,话务员受理,264,30
597,"2022-06-03","1002",客服二部,话务员受理,148,24
598,"2022-06-03","2001",业务一科,话务员办理,244,18
599,"2022-06-03","2002",业务二科,话务员办理,176,10
600,"2022-06-03","3001",热线审核中心,热线审核,246,49
601,"2022-06-03","3002",热线复核中心,热线复核,163,24
602,"2022-06-03","4001",承办单位A,承办单位审核,280,3
603,"2022-06-03","4001",承办单位A,承办单位处理,215,26
604,"2022-06-03","4002",承办单位B,承办单位处理,168,6
605,"2022-06-03","4003",承办复核部A,承办单位复核,93,5
606,"2022-06-03","5001",结案一部,办结,111,19
607,"2022-06-03","5002",结案二部,办结,94,15
608,"2022-06-03","6001",客户回访一组,回访,134,3
609,"2022-06-03","6002",客户回访二组,回访,122,9
610,"2022-06-03","6003",客户回访三组,回访,298,36
611,"2022-06-03","7001",档案管理部,归档,88,15
612,"2022-06-03","8001",异常工单组,挂起,76,15
613,"2022-06-04","1001",客服一部,话务员暂存,282,0
614,"2022-06-04","1001",客服一部,话务员受理,64,7
615,"2022-06-04","1002",客服二部,话务员受理,88,9
616,"2022-06-04","2001",业务一科,话务员办理,114,19
617,"2022-06-04","2002",业务二科,话务员办理,161,31
618,"2022-06-04","3001",热线审核中心,热线审核,223,37
619,"2022-06-04","3002",热线复核中心,热线复核,285,47
620,"2022-06-04","4001",承办单位A,承办单位审核,75,0
621,"2022-06-04","4001",承办单位A,承办单位处理,102,11
622,"2022-06-04","4002",承办单位B,承办单位处理,193,29
623,"2022-06-04","4003",承办复核部A,承办单位复核,222,33
624,"2022-06-04","5001",结案一部,办结,239,27
625,"2022-06-04","5002",结案二部,办结,275,15
626,"2022-06-04","6001",客户回访一组,回访,177,11
627,"2022-06-04","6002",客户回访二组,回访,272,54
628,"2022-06-04","6003",客户回访三组,回访,278,37
629,"2022-06-04","7001",档案管理部,归档,87,1
630,"2022-06-04","8001",异常工单组,挂起,58,8
631,"2022-06-05","1001",客服一部,话务员暂存,169,0
632,"2022-06-05","1001",客服一部,话务员受理,145,0
633,"2022-06-05","1002",客服二部,话务员受理,255,35
634,"2022-06-05","2001",业务一科,话务员办理,123,3
635,"2022-06-05","2002",业务二科,话务员办理,110,14
636,"2022-06-05","3001",热线审核中心,热线审核,110,22
637,"2022-06-05","3002",热线复核中心,热线复核,238,28
638,"2022-06-05","4001",承办单位A,承办单位审核,110,14
639,"2022-06-05","4001",承办单位A,承办单位处理,181,25
640,"2022-06-05","4002",承办单位B,承办单位处理,272,10
641,"2022-06-05","4003",承办复核部A,承办单位复核,54,0
642,"2022-06-05","5001",结案一部,办结,293,42
643,"2022-06-05","5002",结案二部,办结,66,9
644,"2022-06-05","6001",客户回访一组,回访,212,38
645,"2022-06-05","6002",客户回访二组,回访,105,3
646,"2022-06-05","6003",客户回访三组,回访,146,0
647,"2022-06-05","7001",档案管理部,归档,201,38
648,"2022-06-05","8001",异常工单组,挂起,200,25
649,"2022-06-06","1001",客服一部,话务员暂存,62,0
650,"2022-06-06","1001",客服一部,话务员受理,189,16
651,"2022-06-06","1002",客服二部,话务员受理,174,7
652,"2022-06-06","2001",业务一科,话务员办理,117,11
653,"2022-06-06","2002",业务二科,话务员办理,137,12
654,"2022-06-06","3001",热线审核中心,热线审核,151,13
655,"2022-06-06","3002",热线复核中心,热线复核,248,25
656,"2022-06-06","4001",承办单位A,承办单位审核,175,30
657,"2022-06-06","4001",承办单位A,承办单位处理,217,12
658,"2022-06-06","4002",承办单位B,承办单位处理,300,25
659,"2022-06-06","4003",承办复核部A,承办单位复核,197,16
660,"2022-06-06","5001",结案一部,办结,222,33
661,"2022-06-06","5002",结案二部,办结,81,9
662,"2022-06-06","6001",客户回访一组,回访,163,8
663,"2022-06-06","6002",客户回访二组,回访,118,23
664,"2022-06-06","6003",客户回访三组,回访,159,21
665,"2022-06-06","7001",档案管理部,归档,248,25
666,"2022-06-06","8001",异常工单组,挂起,295,49
667,"2022-06-07","1001",客服一部,话务员暂存,119,0
668,"2022-06-07","1001",客服一部,话务员受理,284,42
669,"2022-06-07","1002",客服二部,话务员受理,212,3
670,"2022-06-07","2001",业务一科,话务员办理,266,3
671,"2022-06-07","2002",业务二科,话务员办理,193,0
672,"2022-06-07","3001",热线审核中心,热线审核,284,11
673,"2022-06-07","3002",热线复核中心,热线复核,134,4
674,"2022-06-07","4001",承办单位A,承办单位审核,78,11
675,"2022-06-07","4001",承办单位A,承办单位处理,259,15
676,"2022-06-07","4002",承办单位B,承办单位处理,64,10
677,"2022-06-07","4003",承办复核部A,承办单位复核,223,13
678,"2022-06-07","5001",结案一部,办结,249,32
679,"2022-06-07","5002",结案二部,办结,226,37
680,"2022-06-07","6001",客户回访一组,回访,58,3
681,"2022-06-07","6002",客户回访二组,回访,179,33
682,"2022-06-07","6003",客户回访三组,回访,120,12
683,"2022-06-07","7001",档案管理部,归档,144,1
684,"2022-06-07","8001",异常工单组,挂起,223,0
685,"2022-06-08","1001",客服一部,话务员暂存,242,0
686,"2022-06-08","1001",客服一部,话务员受理,81,12
687,"2022-06-08","1002",客服二部,话务员受理,116,2
688,"2022-06-08","2001",业务一科,话务员办理,88,15
689,"2022-06-08","2002",业务二科,话务员办理,101,9
690,"2022-06-08","3001",热线审核中心,热线审核,258,43
691,"2022-06-08","3002",热线复核中心,热线复核,293,0
692,"2022-06-08","4001",承办单位A,承办单位审核,294,7
693,"2022-06-08","4001",承办单位A,承办单位处理,167,6
694,"2022-06-08","4002",承办单位B,承办单位处理,58,8
695,"2022-06-08","4003",承办复核部A,承办单位复核,205,33
696,"2022-06-08","5001",结案一部,办结,213,42
697,"2022-06-08","5002",结案二部,办结,274,17
698,"2022-06-08","6001",客户回访一组,回访,270,12
699,"2022-06-08","6002",客户回访二组,回访,106,6
700,"2022-06-08","6003",客户回访三组,回访,202,21
701,"2022-06-08","7001",档案管理部,归档,256,18
702,"2022-06-08","8001",异常工单组,挂起,129,9
703,"2022-06-09","1001",客服一部,话务员暂存,108,0
704,"2022-06-09","1001",客服一部,话务员受理,219,39
705,"2022-06-09","1002",客服二部,话务员受理,229,5
706,"2022-06-09","2001",业务一科,话务员办理,57,10
707,"2022-06-09","2002",业务二科,话务员办理,125,11
708,"2022-06-09","3001",热线审核中心,热线审核,69,9
709,"2022-06-09","3002",热线复核中心,热线复核,89,5
710,"2022-06-09","4001",承办单位A,承办单位审核,108,11
711,"2022-06-09","4001",承办单位A,承办单位处理,76,0
712,"2022-06-09","4002",承办单位B,承办单位处理,256,2
713,"2022-06-09","4003",承办复核部A,承办单位复核,158,14
714,"2022-06-09","5001",结案一部,办结,91,18
715,"2022-06-09","5002",结案二部,办结,132,15
716,"2022-06-09","6001",客户回访一组,回访,264,49
717,"2022-06-09","6002",客户回访二组,回访,210,7
718,"2022-06-09","6003",客户回访三组,回访,279,23
719,"2022-06-09","7001",档案管理部,归档,283,40
720,"2022-06-09","8001",异常工单组,挂起,74,9
721,"2022-06-10","1001",客服一部,话务员暂存,182,0
722,"2022-06-10","1001",客服一部,话务员受理,141,17
723,"2022-06-10","1002",客服二部,话务员受理,121,11
724,"2022-06-10","2001",业务一科,话务员办理,281,14
725,"2022-06-10","2002",业务二科,话务员办理,104,6
726,"2022-06-10","3001",热线审核中心,热线审核,94,11
727,"2022-06-10","3002",热线复核中心,热线复核,142,16
728,"2022-06-10","4001",承办单位A,承办单位审核,71,11
729,"2022-06-10","4001",承办单位A,承办单位处理,262,18
730,"2022-06-10","4002",承办单位B,承办单位处理,122,23
731,"2022-06-10","4003",承办复核部A,承办单位复核,129,18
732,"2022-06-10","5001",结案一部,办结,206,40
733,"2022-06-10","5002",结案二部,办结,67,7
734,"2022-06-10","6001",客户回访一组,回访,263,6
735,"2022-06-10","6002",客户回访二组,回访,119,20
736,"2022-06-10","6003",客户回访三组,回访,270,7
737,"2022-06-10","7001",档案管理部,归档,244,30
738,"2022-06-10","8001",异常工单组,挂起,295,2
739,"2022-06-11","1001",客服一部,话务员暂存,294,0
740,"2022-06-11","1001",客服一部,话务员受理,91,13
741,"2022-06-11","1002",客服二部,话务员受理,134,26
742,"2022-06-11","2001",业务一科,话务员办理,105,17
743,"2022-06-11","2002",业务二科,话务员办理,206,37
744,"2022-06-11","3001",热线审核中心,热线审核,53,2
745,"2022-06-11","3002",热线复核中心,热线复核,152,16
746,"2022-06-11","4001",承办单位A,承办单位审核,101,8
747,"2022-06-11","4001",承办单位A,承办单位处理,224,4
748,"2022-06-11","4002",承办单位B,承办单位处理,89,12
749,"2022-06-11","4003",承办复核部A,承办单位复核,55,2
750,"2022-06-11","5001",结案一部,办结,85,17
751,"2022-06-11","5002",结案二部,办结,198,16
752,"2022-06-11","6001",客户回访一组,回访,172,17
753,"2022-06-11","6002",客户回访二组,回访,101,11
754,"2022-06-11","6003",客户回访三组,回访,156,1
755,"2022-06-11","7001",档案管理部,归档,209,21
756,"2022-06-11","8001",异常工单组,挂起,204,2
757,"2022-06-12","1001",客服一部,话务员暂存,276,0
758,"2022-06-12","1001",客服一部,话务员受理,114,19
759,"2022-06-12","1002",客服二部,话务员受理,276,27
760,"2022-06-12","2001",业务一科,话务员办理,212,41
761,"2022-06-12","2002",业务二科,话务员办理,134,17
762,"2022-06-12","3001",热线审核中心,热线审核,231,45
763,"2022-06-12","3002",热线复核中心,热线复核,267,43
764,"2022-06-12","4001",承办单位A,承办单位审核,83,13
765,"2022-06-12","4001",承办单位A,承办单位处理,101,12
766,"2022-06-12","4002",承办单位B,承办单位处理,262,25
767,"2022-06-12","4003",承办复核部A,承办单位复核,56,3
768,"2022-06-12","5001",结案一部,办结,99,17
769,"2022-06-12","5002",结案二部,办结,55,4
770,"2022-06-12","6001",客户回访一组,回访,89,5
771,"2022-06-12","6002",客户回访二组,回访,84,12
772,"2022-06-12","6003",客户回访三组,回访,298,7
773,"2022-06-12","7001",档案管理部,归档,61,12
774,"2022-06-12","8001",异常工单组,挂起,213,20
775,"2022-06-13","1001",客服一部,话务员暂存,250,0
776,"2022-06-13","1001",客服一部,话务员受理,80,13
777,"2022-06-13","1002",客服二部,话务员受理,123,0
778,"2022-06-13","2001",业务一科,话务员办理,218,37
779,"2022-06-13","2002",业务二科,话务员办理,136,12
780,"2022-06-13","3001",热线审核中心,热线审核,248,35
781,"2022-06-13","3002",热线复核中心,热线复核,219,18
782,"2022-06-13","4001",承办单位A,承办单位审核,174,16
783,"2022-06-13","4001",承办单位A,承办单位处理,171,21
784,"2022-06-13","4002",承办单位B,承办单位处理,112,21
785,"2022-06-13","4003",承办复核部A,承办单位复核,102,10
786,"2022-06-13","5001",结案一部,办结,282,12
787,"2022-06-13","5002",结案二部,办结,165,29
788,"2022-06-13","6001",客户回访一组,回访,65,5
789,"2022-06-13","6002",客户回访二组,回访,227,38
790,"2022-06-13","6003",客户回访三组,回访,241,47
791,"2022-06-13","7001",档案管理部,归档,268,25
792,"2022-06-13","8001",异常工单组,挂起,71,5
793,"2022-06-14","1001",客服一部,话务员暂存,281,0
794,"2022-06-14","1001",客服一部,话务员受理,247,36
795,"2022-06-14","1002",客服二部,话务员受理,232,24
796,"2022-06-14","2001",业务一科,话务员办理,219,3
797,"2022-06-14","2002",业务二科,话务员办理,152,12
798,"2022-06-14","3001",热线审核中心,热线审核,120,21
799,"2022-06-14","3002",热线复核中心,热线复核,98,6
800,"2022-06-14","4001",承办单位A,承办单位审核,103,13
801,"2022-06-14","4001",承办单位A,承办单位处理,258,29
802,"2022-06-14","4002",承办单位B,承办单位处理,173,17
803,"2022-06-14","4003",承办复核部A,承办单位复核,179,25
804,"2022-06-14","5001",结案一部,办结,256,14
805,"2022-06-14","5002",结案二部,办结,155,8
806,"2022-06-14","6001",客户回访一组,回访,206,37
807,"2022-06-14","6002",客户回访二组,回访,110,1
808,"2022-06-14","6003",客户回访三组,回访,52,5
809,"2022-06-14","7001",档案管理部,归档,271,25
810,"2022-06-14","8001",异常工单组,挂起,261,15
811,"2022-06-15","1001",客服一部,话务员暂存,193,0
812,"2022-06-15","1001",客服一部,话务员受理,164,3
813,"2022-06-15","1002",客服二部,话务员受理,224,1
814,"2022-06-15","2001",业务一科,话务员办理,240,10
815,"2022-06-15","2002",业务二科,话务员办理,111,20
816,"2022-06-15","3001",热线审核中心,热线审核,60,8
817,"2022-06-15","3002",热线复核中心,热线复核,252,11
818,"2022-06-15","4001",承办单位A,承办单位审核,146,0
819,"2022-06-15","4001",承办单位A,承办单位处理,272,38
820,"2022-06-15","4002",承办单位B,承办单位处理,94,15
821,"2022-06-15","4003",承办复核部A,承办单位复核,133,21
822,"2022-06-15","5001",结案一部,办结,231,20
823,"2022-06-15","5002",结案二部,办结,183,15
824,"2022-06-15","6001",客户回访一组,回访,84,5
825,"2022-06-15","6002",客户回访二组,回访,77,7
826,"2022-06-15","6003",客户回访三组,回访,227,4
827,"2022-06-15","7001",档案管理部,归档,241,43
828,"2022-06-15","8001",异常工单组,挂起,214,24
829,"2022-06-16","1001",客服一部,话务员暂存,83,0
830,"2022-06-16","1001",客服一部,话务员受理,94,16
831,"2022-06-16","1002",客服二部,话务员受理,149,27
832,"2022-06-16","2001",业务一科,话务员办理,272,14
833,"2022-06-16","2002",业务二科,话务员办理,187,22
834,"2022-06-16","3001",热线审核中心,热线审核,177,15
835,"2022-06-16","3002",热线复核中心,热线复核,183,34
836,"2022-06-16","4001",承办单位A,承办单位审核,197,0
837,"2022-06-16","4001",承办单位A,承办单位处理,104,8
838,"2022-06-16","4002",承办单位B,承办单位处理,202,10
839,"2022-06-16","4003",承办复核部A,承办单位复核,158,7
840,"2022-06-16","5001",结案一部,办结,184,15
841,"2022-06-16","5002",结案二部,办结,219,41
842,"2022-06-16","6001",客户回访一组,回访,298,37
843,"2022-06-16","6002",客户回访二组,回访,87,16
844,"2022-06-16","6003",客户回访三组,回访,205,26
845,"2022-06-16","7001",档案管理部,归档,207,38
846,"2022-06-16","8001",异常工单组,挂起,190,28
847,"2022-06-17","1001",客服一部,话务员暂存,70,0
848,"2022-06-17","1001",客服一部,话务员受理,277,42
849,"2022-06-17","1002",客服二部,话务员受理,280,17
850,"2022-06-17","2001",业务一科,话务员办理,187,16
851,"2022-06-17","2002",业务二科,话务员办理,56,0
852,"2022-06-17","3001",热线审核中心,热线审核,240,16
853,"2022-06-17","3002",热线复核中心,热线复核,128,2
854,"2022-06-17","4001",承办单位A,承办单位审核,186,22
855,"2022-06-17","4001",承办单位A,承办单位处理,291,28
856,"2022-06-17","4002",承办单位B,承办单位处理,64,0
857,"2022-06-17","4003",承办复核部A,承办单位复核,240,45
858,"2022-06-17","5001",结案一部,办结,98,19
859,"2022-06-17","5002",结案二部,办结,268,16
860,"2022-06-17","6001",客户回访一组,回访,57,9
861,"2022-06-17","6002",客户回访二组,回访,114,4
862,"2022-06-17","6003",客户回访三组,回访,194,37
863,"2022-06-17","7001",档案管理部,归档,244,8
864,"2022-06-17","8001",异常工单组,挂起,74,14
865,"2022-06-18","1001",客服一部,话务员暂存,178,0
866,"2022-06-18","1001",客服一部,话务员受理,154,14
867,"2022-06-18","1002",客服二部,话务员受理,240,29
868,"2022-06-18","2001",业务一科,话务员办理,195,36
869,"2022-06-18","2002",业务二科,话务员办理,245,8
870,"2022-06-18","3001",热线审核中心,热线审核,192,18
871,"2022-06-18","3002",热线复核中心,热线复核,146,26
872,"2022-06-18","4001",承办单位A,承办单位审核,105,16
873,"2022-06-18","4001",承办单位A,承办单位处理,111,3
874,"2022-06-18","4002",承办单位B,承办单位处理,198,29
875,"2022-06-18","4003",承办复核部A,承办单位复核,290,30
876,"2022-06-18","5001",结案一部,办结,128,22
877,"2022-06-18","5002",结案二部,办结,59,0
878,"2022-06-18","6001",客户回访一组,回访,114,13
879,"2022-06-18","6002",客户回访二组,回访,243,22
880,"2022-06-18","6003",客户回访三组,回访,267,36
881,"2022-06-18","7001",档案管理部,归档,275,43
882,"2022-06-18","8001",异常工单组,挂起,195,14
883,"2022-06-19","1001",客服一部,话务员暂存,218,0
884,"2022-06-19","1001",客服一部,话务员受理,52,3
885,"2022-06-19","1002",客服二部,话务员受理,100,1
886,"2022-06-19","2001",业务一科,话务员办理,133,5
887,"2022-06-19","2002",业务二科,话务员办理,188,2
888,"2022-06-19","3001",热线审核中心,热线审核,180,26
889,"2022-06-19","3002",热线复核中心,热线复核,265,22
890,"2022-06-19","4001",承办单位A,承办单位审核,212,35
891,"2022-06-19","4001",承办单位A,承办单位处理,83,12
892,"2022-06-19","4002",承办单位B,承办单位处理,265,17
893,"2022-06-19","4003",承办复核部A,承办单位复核,119,23
894,"2022-06-19","5001",结案一部,办结,108,1
895,"2022-06-19","5002",结案二部,办结,272,49
896,"2022-06-19","6001",客户回访一组,回访,240,6
897,"2022-06-19","6002",客户回访二组,回访,254,29
898,"2022-06-19","6003",客户回访三组,回访,230,41
899,"2022-06-19","7001",档案管理部,归档,240,29
900,"2022-06-19","8001",异常工单组,挂起,96,18
901,"2022-06-20","1001",客服一部,话务员暂存,215,0
902,"2022-06-20","1001",客服一部,话务员受理,112,8
903,"2022-06-20","1002",客服二部,话务员受理,283,7
904,"2022-06-20","2001",业务一科,话务员办理,170,20
905,"2022-06-20","2002",业务二科,话务员办理,128,24
906,"2022-06-20","3001",热线审核中心,热线审核,102,1
907,"2022-06-20","3002",热线复核中心,热线复核,232,10
908,"2022-06-20","4001",承办单位A,承办单位审核,153,20
909,"2022-06-20","4001",承办单位A,承办单位处理,187,37
910,"2022-06-20","4002",承办单位B,承办单位处理,147,3
911,"2022-06-20","4003",承办复核部A,承办单位复核,259,14
912,"2022-06-20","5001",结案一部,办结,62,2
913,"2022-06-20","5002",结案二部,办结,108,15
914,"2022-06-20","6001",客户回访一组,回访,110,12
915,"2022-06-20","6002",客户回访二组,回访,206,11
916,"2022-06-20","6003",客户回访三组,回访,287,30
917,"2022-06-20","7001",档案管理部,归档,123,24
918,"2022-06-20","8001",异常工单组,挂起,69,11
919,"2022-06-21","1001",客服一部,话务员暂存,200,0
920,"2022-06-21","1001",客服一部,话务员受理,99,10
921,"2022-06-21","1002",客服二部,话务员受理,178,5
922,"2022-06-21","2001",业务一科,话务员办理,125,3
923,"2022-06-21","2002",业务二科,话务员办理,270,38
924,"2022-06-21","3001",热线审核中心,热线审核,105,11
925,"2022-06-21","3002",热线复核中心,热线复核,265,12
926,"2022-06-21","4001",承办单位A,承办单位审核,249,45
927,"2022-06-21","4001",承办单位A,承办单位处理,210,36
928,"2022-06-21","4002",承办单位B,承办单位处理,281,10
929,"2022-06-21","4003",承办复核部A,承办单位复核,108,11
930,"2022-06-21","5001",结案一部,办结,176,7
931,"2022-06-21","5002",结案二部,办结,239,30
932,"2022-06-21","6001",客户回访一组,回访,101,13
933,"2022-06-21","6002",客户回访二组,回访,207,39
934,"2022-06-21","6003",客户回访三组,回访,253,42
935,"2022-06-21","7001",档案管理部,归档,245,12
936,"2022-06-21","8001",异常工单组,挂起,80,12
937,"2022-06-22","1001",客服一部,话务员暂存,163,0
938,"2022-06-22","1001",客服一部,话务员受理,193,29
939,"2022-06-22","1002",客服二部,话务员受理,159,16
940,"2022-06-22","2001",业务一科,话务员办理,262,50
941,"2022-06-22","2002",业务二科,话务员办理,251,5
942,"2022-06-22","3001",热线审核中心,热线审核,82,12
943,"2022-06-22","3002",热线复核中心,热线复核,203,24
944,"2022-06-22","4001",承办单位A,承办单位审核,128,12
945,"2022-06-22","4001",承办单位A,承办单位处理,89,11
946,"2022-06-22","4002",承办单位B,承办单位处理,83,5
947,"2022-06-22","4003",承办复核部A,承办单位复核,162,15
948,"2022-06-22","5001",结案一部,办结,222,0
949,"2022-06-22","5002",结案二部,办结,71,7
950,"2022-06-22","6001",客户回访一组,回访,254,21
951,"2022-06-22","6002",客户回访二组,回访,62,5
952,"2022-06-22","6003",客户回访三组,回访,69,2
953,"2022-06-22","7001",档案管理部,归档,221,4
954,"2022-06-22","8001",异常工单组,挂起,273,40
955,"2022-06-23","1001",客服一部,话务员暂存,217,0
956,"2022-06-23","1001",客服一部,话务员受理,152,12
957,"2022-06-23","1002",客服二部,话务员受理,271,43
958,"2022-06-23","2001",业务一科,话务员办理,283,4
959,"2022-06-23","2002",业务二科,话务员办理,263,50
960,"2022-06-23","3001",热线审核中心,热线审核,240,30
961,"2022-06-23","3002",热线复核中心,热线复核,59,10
962,"2022-06-23","4001",承办单位A,承办单位审核,287,52
963,"2022-06-23","4001",承办单位A,承办单位处理,178,7
964,"2022-06-23","4002",承办单位B,承办单位处理,117,23
965,"2022-06-23","4003",承办复核部A,承办单位复核,201,27
966,"2022-06-23","5001",结案一部,办结,145,28
967,"2022-06-23","5002",结案二部,办结,126,11
968,"2022-06-23","6001",客户回访一组,回访,59,8
969,"2022-06-23","6002",客户回访二组,回访,155,3
970,"2022-06-23","6003",客户回访三组,回访,60,1
971,"2022-06-23","7001",档案管理部,归档,192,18
972,"2022-06-23","8001",异常工单组,挂起,67,5
973,"2022-06-24","1001",客服一部,话务员暂存,113,0
974,"2022-06-24","1001",客服一部,话务员受理,143,20
975,"2022-06-24","1002",客服二部,话务员受理,69,13
976,"2022-06-24","2001",业务一科,话务员办理,244,31
977,"2022-06-24","2002",业务二科,话务员办理,104,6
978,"2022-06-24","3001",热线审核中心,热线审核,121,23
979,"2022-06-24","3002",热线复核中心,热线复核,155,30
980,"2022-06-24","4001",承办单位A,承办单位审核,58,7
981,"2022-06-24","4001",承办单位A,承办单位处理,59,3
982,"2022-06-24","4002",承办单位B,承办单位处理,63,1
983,"2022-06-24","4003",承办复核部A,承办单位复核,62,11
984,"2022-06-24","5001",结案一部,办结,158,2
985,"2022-06-24","5002",结案二部,办结,124,16
986,"2022-06-24","6001",客户回访一组,回访,276,49
987,"2022-06-24","6002",客户回访二组,回访,243,16
988,"2022-06-24","6003",客户回访三组,回访,75,9
989,"2022-06-24","7001",档案管理部,归档,243,0
990,"2022-06-24","8001",异常工单组,挂起,89,8
991,"2022-06-25","1001",客服一部,话务员暂存,202,0
992,"2022-06-25","1001",客服一部,话务员受理,107,7
993,"2022-06-25","1002",客服二部,话务员受理,88,1
994,"2022-06-25","2001",业务一科,话务员办理,165,7
995,"2022-06-25","2002",业务二科,话务员办理,99,19
996,"2022-06-25","3001",热线审核中心,热线审核,247,35
997,"2022-06-25","3002",热线复核中心,热线复核,126,24
998,"2022-06-25","4001",承办单位A,承办单位审核,113,0
999,"2022-06-25","4001",承办单位A,承办单位处理,51,7
1000,"2022-06-25","4002",承办单位B,承办单位处理,97,3
1001,"2022-06-25","4003",承办复核部A,承办单位复核,180,5
1002,"2022-06-25","5001",结案一部,办结,258,14
1003,"2022-06-25","5002",结案二部,办结,216,41
1004,"2022-06-25","6001",客户回访一组,回访,118,20
1005,"2022-06-25","6002",客户回访二组,回访,233,10
1006,"2022-06-25","6003",客户回访三组,回访,195,35
1007,"2022-06-25","7001",档案管理部,归档,121,11
1008,"2022-06-25","8001",异常工单组,挂起,198,4
1009,"2022-06-26","1001",客服一部,话务员暂存,290,0
1010,"2022-06-26","1001",客服一部,话务员受理,101,14
1011,"2022-06-26","1002",客服二部,话务员受理,261,26
1012,"2022-06-26","2001",业务一科,话务员办理,76,4
1013,"2022-06-26","2002",业务二科,话务员办理,254,26
1014,"2022-06-26","3001",热线审核中心,热线审核,191,8
1015,"2022-06-26","3002",热线复核中心,热线复核,252,33
1016,"2022-06-26","4001",承办单位A,承办单位审核,98,14
1017,"2022-06-26","4001",承办单位A,承办单位处理,254,4
1018,"2022-06-26","4002",承办单位B,承办单位处理,213,29
1019,"2022-06-26","4003",承办复核部A,承办单位复核,222,34
1020,"2022-06-26","5001",结案一部,办结,278,27
1021,"2022-06-26","5002",结案二部,办结,280,7
1022,"2022-06-26","6001",客户回访一组,回访,232,9
1023,"2022-06-26","6002",客户回访二组,回访,230,32
1024,"2022-06-26","6003",客户回访三组,回访,238,13
1025,"2022-06-26","7001",档案管理部,归档,188,2
1026,"2022-06-26","8001",异常工单组,挂起,154,8
1027,"2022-06-27","1001",客服一部,话务员暂存,127,0
1028,"2022-06-27","1001",客服一部,话务员受理,65,0
1029,"2022-06-27","1002",客服二部,话务员受理,120,9
1030,"2022-06-27","2001",业务一科,话务员办理,265,29
1031,"2022-06-27","2002",业务二科,话务员办理,82,16
1032,"2022-06-27","3001",热线审核中心,热线审核,186,28
1033,"2022-06-27","3002",热线复核中心,热线复核,84,7
1034,"2022-06-27","4001",承办单位A,承办单位审核,259,37
1035,"2022-06-27","4001",承办单位A,承办单位处理,165,9
1036,"2022-06-27","4002",承办单位B,承办单位处理,149,24
1037,"2022-06-27","4003",承办复核部A,承办单位复核,200,12
1038,"2022-06-27","5001",结案一部,办结,253,39
1039,"2022-06-27","5002",结案二部,办结,222,26
1040,"2022-06-27","6001",客户回访一组,回访,268,37
1041,"2022-06-27","6002",客户回访二组,回访,89,5
1042,"2022-06-27","6003",客户回访三组,回访,67,1
1043,"2022-06-27","7001",档案管理部,归档,222,4
1044,"2022-06-27","8001",异常工单组,挂起,128,5
1045,"2022-06-28","1001",客服一部,话务员暂存,60,0
1046,"2022-06-28","1001",客服一部,话务员受理,206,25
1047,"2022-06-28","1002",客服二部,话务员受理,196,37
1048,"2022-06-28","2001",业务一科,话务员办理,290,14
1049,"2022-06-28","2002",业务二科,话务员办理,177,20
1050,"2022-06-28","3001",热线审核中心,热线审核,211,24
1051,"2022-06-28","3002",热线复核中心,热线复核,249,16
1052,"2022-06-28","4001",承办单位A,承办单位审核,71,2
1053,"2022-06-28","4001",承办单位A,承办单位处理,262,49
1054,"2022-06-28","4002",承办单位B,承办单位处理,130,15
1055,"2022-06-28","4003",承办复核部A,承办单位复核,69,0
1056,"2022-06-28","5001",结案一部,办结,107,4
1057,"2022-06-28","5002",结案二部,办结,210,5
1058,"2022-06-28","6001",客户回访一组,回访,79,5
1059,"2022-06-28","6002",客户回访二组,回访,120,0
1060,"2022-06-28","6003",客户回访三组,回访,54,10
1061,"2022-06-28","7001",档案管理部,归档,171,31
1062,"2022-06-28","8001",异常工单组,挂起,276,19
1063,"2022-06-29","1001",客服一部,话务员暂存,122,0
1064,"2022-06-29","1001",客服一部,话务员受理,235,23
1065,"2022-06-29","1002",客服二部,话务员受理,263,47
1066,"2022-06-29","2001",业务一科,话务员办理,278,36
1067,"2022-06-29","2002",业务二科,话务员办理,270,48
1068,"2022-06-29","3001",热线审核中心,热线审核,198,22
1069,"2022-06-29","3002",热线复核中心,热线复核,296,7
1070,"2022-06-29","4001",承办单位A,承办单位审核,212,39
1071,"2022-06-29","4001",承办单位A,承办单位处理,75,6
1072,"2022-06-29","4002",承办单位B,承办单位处理,61,4
1073,"2022-06-29","4003",承办复核部A,承办单位复核,184,13
1074,"2022-06-29","5001",结案一部,办结,128,9
1075,"2022-06-29","5002",结案二部,办结,216,4
1076,"2022-06-29","6001",客户回访一组,回访,112,2
1077,"2022-06-29","6002",客户回访二组,回访,186,9
1078,"2022-06-29","6003",客户回访三组,回访,113,0
1079,"2022-06-29","7001",档案管理部,归档,199,25
1080,"2022-06-29","8001",异常工单组,挂起,106,0
1081,"2022-06-30","1001",客服一部,话务员暂存,55,0
1082,"2022-06-30","1001",客服一部,话务员受理,60,10
1083,"2022-06-30","1002",客服二部,话务员受理,192,9
1084,"2022-06-30","2001",业务一科,话务员办理,164,6
1085,"2022-06-30","2002",业务二科,话务员办理,264,16
1086,"2022-06-30","3001",热线审核中心,热线审核,77,0
1087,"2022-06-30","3002",热线复核中心,热线复核,257,21
1088,"2022-06-30","4001",承办单位A,承办单位审核,254,45
1089,"2022-06-30","4001",承办单位A,承办单位处理,127,1
1090,"2022-06-30","4002",承办单位B,承办单位处理,161,19
1091,"2022-06-30","4003",承办复核部A,承办单位复核,211,6
1092,"2022-06-30","5001",结案一部,办结,297,9
1093,"2022-06-30","5002",结案二部,办结,94,0
1094,"2022-06-30","6001",客户回访一组,回访,102,17
1095,"2022-06-30","6002",客户回访二组,回访,58,3
1096,"2022-06-30","6003",客户回访三组,回访,294,43
1097,"2022-06-30","7001",档案管理部,归档,141,26
1098,"2022-06-30","8001",异常工单组,挂起,247,27
1099,"2022-07-01","1001",客服一部,话务员暂存,73,0
1100,"2022-07-01","1001",客服一部,话务员受理,173,18
1101,"2022-07-01","1002",客服二部,话务员受理,213,7
1102,"2022-07-01","2001",业务一科,话务员办理,214,34
1103,"2022-07-01","2002",业务二科,话务员办理,237,45
1104,"2022-07-01","3001",热线审核中心,热线审核,299,31
1105,"2022-07-01","3002",热线复核中心,热线复核,146,0
1106,"2022-07-01","4001",承办单位A,承办单位审核,271,23
1107,"2022-07-01","4001",承办单位A,承办单位处理,204,0
1108,"2022-07-01","4002",承办单位B,承办单位处理,87,12
1109,"2022-07-01","4003",承办复核部A,承办单位复核,97,17
1110,"2022-07-01","5001",结案一部,办结,142,9
1111,"2022-07-01","5002",结案二部,办结,149,16
1112,"2022-07-01","6001",客户回访一组,回访,198,14
1113,"2022-07-01","6002",客户回访二组,回访,215,20
1114,"2022-07-01","6003",客户回访三组,回访,104,10
1115,"2022-07-01","7001",档案管理部,归档,165,5
1116,"2022-07-01","8001",异常工单组,挂起,185,22
1117,"2022-07-02","1001",客服一部,话务员暂存,286,0
1118,"2022-07-02","1001",客服一部,话务员受理,73,8
1119,"2022-07-02","1002",客服二部,话务员受理,143,0
1120,"2022-07-02","2001",业务一科,话务员办理,225,31
1121,"2022-07-02","2002",业务二科,话务员办理,149,1
1122,"2022-07-02","3001",热线审核中心,热线审核,278,19
1123,"2022-07-02","3002",热线复核中心,热线复核,255,40
1124,"2022-07-02","4001",承办单位A,承办单位审核,291,46
1125,"2022-07-02","4001",承办单位A,承办单位处理,292,25
1126,"2022-07-02","4002",承办单位B,承办单位处理,131,1
1127,"2022-07-02","4003",承办复核部A,承办单位复核,175,34
1128,"2022-07-02","5001",结案一部,办结,255,9
1129,"2022-07-02","5002",结案二部,办结,243,28
1130,"2022-07-02","6001",客户回访一组,回访,57,6
1131,"2022-07-02","6002",客户回访二组,回访,294,33
1132,"2022-07-02","6003",客户回访三组,回访,230,22
1133,"2022-07-02","7001",档案管理部,归档,238,30
1134,"2022-07-02","8001",异常工单组,挂起,163,9
1135,"2022-07-03","1001",客服一部,话务员暂存,231,0
1136,"2022-07-03","1001",客服一部,话务员受理,108,15
1137,"2022-07-03","1002",客服二部,话务员受理,104,18
1138,"2022-07-03","2001",业务一科,话务员办理,54,6
1139,"2022-07-03","2002",业务二科,话务员办理,284,54
1140,"2022-07-03","3001",热线审核中心,热线审核,221,17
1141,"2022-07-03","3002",热线复核中心,热线复核,286,13
1142,"2022-07-03","4001",承办单位A,承办单位审核,269,8
1143,"2022-07-03","4001",承办单位A,承办单位处理,285,22
1144,"2022-07-03","4002",承办单位B,承办单位处理,272,9
1145,"2022-07-03","4003",承办复核部A,承办单位复核,233,23
1146,"2022-07-03","5001",结案一部,办结,122,4
1147,"2022-07-03","5002",结案二部,办结,255,20
1148,"2022-07-03","6001",客户回访一组,回访,164,23
1149,"2022-07-03","6002",客户回访二组,回访,271,10
1150,"2022-07-03","6003",客户回访三组,回访,164,9
1151,"2022-07-03","7001",档案管理部,归档,76,3
1152,"2022-07-03","8001",异常工单组,挂起,65,0
1153,"2022-07-04","1001",客服一部,话务员暂存,260,0
1154,"2022-07-04","1001",客服一部,话务员受理,232,2
1155,"2022-07-04","1002",客服二部,话务员受理,270,19
1156,"2022-07-04","2001",业务一科,话务员办理,219,15
1157,"2022-07-04","2002",业务二科,话务员办理,239,36
1158,"2022-07-04","3001",热线审核中心,热线审核,154,3
1159,"2022-07-04","3002",热线复核中心,热线复核,214,25
1160,"2022-07-04","4001",承办单位A,承办单位审核,294,14
1161,"2022-07-04","4001",承办单位A,承办单位处理,249,9
1162,"2022-07-04","4002",承办单位B,承办单位处理,117,21
1163,"2022-07-04","4003",承办复核部A,承办单位复核,218,17
1164,"2022-07-04","5001",结案一部,办结,234,27
1165,"2022-07-04","5002",结案二部,办结,236,33
1166,"2022-07-04","6001",客户回访一组,回访,241,24
1167,"2022-07-04","6002",客户回访二组,回访,106,7
1168,"2022-07-04","6003",客户回访三组,回访,56,3
1169,"2022-07-04","7001",档案管理部,归档,167,30
1170,"2022-07-04","8001",异常工单组,挂起,128,7
1171,"2022-07-05","1001",客服一部,话务员暂存,157,0
1172,"2022-07-05","1001",客服一部,话务员受理,146,9
1173,"2022-07-05","1002",客服二部,话务员受理,276,16
1174,"2022-07-05","2001",业务一科,话务员办理,212,11
1175,"2022-07-05","2002",业务二科,话务员办理,197,37
1176,"2022-07-05","3001",热线审核中心,热线审核,253,33
1177,"2022-07-05","3002",热线复核中心,热线复核,248,10
1178,"2022-07-05","4001",承办单位A,承办单位审核,103,9
1179,"2022-07-05","4001",承办单位A,承办单位处理,263,16
1180,"2022-07-05","4002",承办单位B,承办单位处理,123,12
1181,"2022-07-05","4003",承办复核部A,承办单位复核,146,4
1182,"2022-07-05","5001",结案一部,办结,66,4
1183,"2022-07-05","5002",结案二部,办结,162,18
1184,"2022-07-05","6001",客户回访一组,回访,125,20
1185,"2022-07-05","6002",客户回访二组,回访,164,20
1186,"2022-07-05","6003",客户回访三组,回访,277,42
1187,"2022-07-05","7001",档案管理部,归档,68,0
1188,"2022-07-05","8001",异常工单组,挂起,189,14
1189,"2022-07-06","1001",客服一部,话务员暂存,93,0
1190,"2022-07-06","1001",客服一部,话务员受理,104,4
1191,"2022-07-06","1002",客服二部,话务员受理,153,25
1192,"2022-07-06","2001",业务一科,话务员办理,193,1
1193,"2022-07-06","2002",业务二科,话务员办理,51,7
1194,"2022-07-06","3001",热线审核中心,热线审核,117,8
1195,"2022-07-06","3002",热线复核中心,热线复核,237,13
1196,"2022-07-06","4001",承办单位A,承办单位审核,165,5
1197,"2022-07-06","4001",承办单位A,承办单位处理,61,10
1198,"2022-07-06","4002",承办单位B,承办单位处理,114,15
1199,"2022-07-06","4003",承办复核部A,承办单位复核,126,19
1200,"2022-07-06","5001",结案一部,办结,208,24
1201,"2022-07-06","5002",结案二部,办结,282,36
1202,"2022-07-06","6001",客户回访一组,回访,183,28
1203,"2022-07-06","6002",客户回访二组,回访,89,5
1204,"2022-07-06","6003",客户回访三组,回访,207,9
1205,"2022-07-06","7001",档案管理部,归档,223,32
1206,"2022-07-06","8001",异常工单组,挂起,191,6
1207,"2022-07-07","1001",客服一部,话务员暂存,52,0
1208,"2022-07-07","1001",客服一部,话务员受理,124,20
1209,"2022-07-07","1002",客服二部,话务员受理,98,16
1210,"2022-07-07","2001",业务一科,话务员办理,300,58
1211,"2022-07-07","2002",业务二科,话务员办理,285,36
1212,"2022-07-07","3001",热线审核中心,热线审核,113,3
1213,"2022-07-07","3002",热线复核中心,热线复核,277,29
1214,"2022-07-07","4001",承办单位A,承办单位审核,260,8
1215,"2022-07-07","4001",承办单位A,承办单位处理,205,39
1216,"2022-07-07","4002",承办单位B,承办单位处理,187,35
1217,"2022-07-07","4003",承办复核部A,承办单位复核,280,10
1218,"2022-07-07","5001",结案一部,办结,252,49
1219,"2022-07-07","5002",结案二部,办结,185,16
1220,"2022-07-07","6001",客户回访一组,回访,161,29
1221,"2022-07-07","6002",客户回访二组,回访,178,3
1222,"2022-07-07","6003",客户回访三组,回访,266,18
1223,"2022-07-07","7001",档案管理部,归档,82,5
1224,"2022-07-07","8001",异常工单组,挂起,88,13
1225,"2022-07-08","1001",客服一部,话务员暂存,91,0
1226,"2022-07-08","1001",客服一部,话务员受理,106,17
1227,"2022-07-08","1002",客服二部,话务员受理,299,22
1228,"2022-07-08","2001",业务一科,话务员办理,137,11
1229,"2022-07-08","2002",业务二科,话务员办理,123,14
1230,"2022-07-08","3001",热线审核中心,热线审核,181,7
1231,"2022-07-08","3002",热线复核中心,热线复核,201,20
1232,"2022-07-08","4001",承办单位A,承办单位审核,165,30
1233,"2022-07-08","4001",承办单位A,承办单位处理,137,9
1234,"2022-07-08","4002",承办单位B,承办单位处理,82,5
1235,"2022-07-08","4003",承办复核部A,承办单位复核,112,17
1236,"2022-07-08","5001",结案一部,办结,278,14
1237,"2022-07-08","5002",结案二部,办结,55,11
1238,"2022-07-08","6001",客户回访一组,回访,139,17
1239,"2022-07-08","6002",客户回访二组,回访,258,19
1240,"2022-07-08","6003",客户回访三组,回访,93,9
1241,"2022-07-08","7001",档案管理部,归档,189,0
1242,"2022-07-08","8001",异常工单组,挂起,189,17
1243,"2022-07-09","1001",客服一部,话务员暂存,92,0
1244,"2022-07-09","1001",客服一部,话务员受理,142,10
1245,"2022-07-09","1002",客服二部,话务员受理,118,11
1246,"2022-07-09","2001",业务一科,话务员办理,242,20
1247,"2022-07-09","2002",业务二科,话务员办理,243,36
1248,"2022-07-09","3001",热线审核中心,热线审核,239,46
1249,"2022-07-09","3002",热线复核中心,热线复核,72,0
1250,"2022-07-09","4001",承办单位A,承办单位审核,111,18
1251,"2022-07-09","4001",承办单位A,承办单位处理,252,4
1252,"2022-07-09","4002",承办单位B,承办单位处理,285,31
1253,"2022-07-09","4003",承办复核部A,承办单位复核,262,10
1254,"2022-07-09","5001",结案一部,办结,206,38
1255,"2022-07-09","5002",结案二部,办结,147,17
1256,"2022-07-09","6001",客户回访一组,回访,299,54
1257,"2022-07-09","6002",客户回访二组,回访,141,5
1258,"2022-07-09","6003",客户回访三组,回访,143,2
1259,"2022-07-09","7001",档案管理部,归档,143,26
1260,"2022-07-09","8001",异常工单组,挂起,126,2
1261,"2022-07-10","1001",客服一部,话务员暂存,181,0
1262,"2022-07-10","1001",客服一部,话务员受理,103,19
1263,"2022-07-10","1002",客服二部,话务员受理,255,34
1264,"2022-07-10","2001",业务一科,话务员办理,85,15
1265,"2022-07-10","2002",业务二科,话务员办理,212,40
1266,"2022-07-10","3001",热线审核中心,热线审核,159,1
1267,"2022-07-10","3002",热线复核中心,热线复核,85,13
1268,"2022-07-10","4001",承办单位A,承办单位审核,106,11
1269,"2022-07-10","4001",承办单位A,承办单位处理,112,10
1270,"2022-07-10","4002",承办单位B,承办单位处理,209,41
1271,"2022-07-10","4003",承办复核部A,承办单位复核,280,51
1272,"2022-07-10","5001",结案一部,办结,67,7
1273,"2022-07-10","5002",结案二部,办结,82,16
1274,"2022-07-10","6001",客户回访一组,回访,145,1
1275,"2022-07-10","6002",客户回访二组,回访,253,23
1276,"2022-07-10","6003",客户回访三组,回访,58,8
1277,"2022-07-10","7001",档案管理部,归档,221,31
1278,"2022-07-10","8001",异常工单组,挂起,164,25
1279,"2022-07-11","1001",客服一部,话务员暂存,282,0
1280,"2022-07-11","1001",客服一部,话务员受理,236,12
1281,"2022-07-11","1002",客服二部,话务员受理,293,36
1282,"2022-07-11","2001",业务一科,话务员办理,134,18
1283,"2022-07-11","2002",业务二科,话务员办理,60,6
1284,"2022-07-11","3001",热线审核中心,热线审核,51,9
1285,"2022-07-11","3002",热线复核中心,热线复核,76,9
1286,"2022-07-11","4001",承办单位A,承办单位审核,206,9
1287,"2022-07-11","4001",承办单位A,承办单位处理,118,16
1288,"2022-07-11","4002",承办单位B,承办单位处理,108,16
1289,"2022-07-11","4003",承办复核部A,承办单位复核,219,20
1290,"2022-07-11","5001",结案一部,办结,106,12
1291,"2022-07-11","5002",结案二部,办结,143,19
1292,"2022-07-11","6001",客户回访一组,回访,110,10
1293,"2022-07-11","6002",客户回访二组,回访,289,1
1294,"2022-07-11","6003",客户回访三组,回访,54,3
1295,"2022-07-11","7001",档案管理部,归档,170,19
1296,"2022-07-11","8001",异常工单组,挂起,60,12
1297,"2022-07-12","1001",客服一部,话务员暂存,278,0
1298,"2022-07-12","1001",客服一部,话务员受理,181,23
1299,"2022-07-12","1002",客服二部,话务员受理,179,16
1300,"2022-07-12","2001",业务一科,话务员办理,277,21
1301,"2022-07-12","2002",业务二科,话务员办理,284,35
1302,"2022-07-12","3001",热线审核中心,热线审核,189,12
1303,"2022-07-12","3002",热线复核中心,热线复核,132,17
1304,"2022-07-12","4001",承办单位A,承办单位审核,93,2
1305,"2022-07-12","4001",承办单位A,承办单位处理,72,7
1306,"2022-07-12","4002",承办单位B,承办单位处理,251,11
1307,"2022-07-12","4003",承办复核部A,承办单位复核,170,24
1308,"2022-07-12","5001",结案一部,办结,258,38
1309,"2022-07-12","5002",结案二部,办结,251,38
1310,"2022-07-12","6001",客户回访一组,回访,219,6
1311,"2022-07-12","6002",客户回访二组,回访,82,11
1312,"2022-07-12","6003",客户回访三组,回访,264,51
1313,"2022-07-12","7001",档案管理部,归档,231,10
1314,"2022-07-12","8001",异常工单组,挂起,102,9
1315,"2022-07-13","1001",客服一部,话务员暂存,277,0
1316,"2022-07-13","1001",客服一部,话务员受理,51,8
1317,"2022-07-13","1002",客服二部,话务员受理,132,16
1318,"2022-07-13","2001",业务一科,话务员办理,222,7
1319,"2022-07-13","2002",业务二科,话务员办理,249,18
1320,"2022-07-13","3001",热线审核中心,热线审核,169,28
1321,"2022-07-13","3002",热线复核中心,热线复核,144,19
1322,"2022-07-13","4001",承办单位A,承办单位审核,245,19
1323,"2022-07-13","4001",承办单位A,承办单位处理,282,42
1324,"2022-07-13","4002",承办单位B,承办单位处理,81,9
1325,"2022-07-13","4003",承办复核部A,承办单位复核,68,12
1326,"2022-07-13","5001",结案一部,办结,280,49
1327,"2022-07-13","5002",结案二部,办结,123,24
1328,"2022-07-13","6001",客户回访一组,回访,104,1
1329,"2022-07-13","6002",客户回访二组,回访,85,9
1330,"2022-07-13","6003",客户回访三组,回访,262,44
1331,"2022-07-13","7001",档案管理部,归档,129,11
1332,"2022-07-13","8001",异常工单组,挂起,231,19
1333,"2022-07-14","1001",客服一部,话务员暂存,116,0
1334,"2022-07-14","1001",客服一部,话务员受理,110,6
1335,"2022-07-14","1002",客服二部,话务员受理,142,23
1336,"2022-07-14","2001",业务一科,话务员办理,238,7
1337,"2022-07-14","2002",业务二科,话务员办理,59,7
1338,"2022-07-14","3001",热线审核中心,热线审核,94,2
1339,"2022-07-14","3002",热线复核中心,热线复核,93,17
1340,"2022-07-14","4001",承办单位A,承办单位审核,141,7
1341,"2022-07-14","4001",承办单位A,承办单位处理,120,16
1342,"2022-07-14","4002",承办单位B,承办单位处理,289,6
1343,"2022-07-14","4003",承办复核部A,承办单位复核,278,29
1344,"2022-07-14","5001",结案一部,办结,72,2
1345,"2022-07-14","5002",结案二部,办结,83,0
1346,"2022-07-14","6001",客户回访一组,回访,176,14
1347,"2022-07-14","6002",客户回访二组,回访,206,3
1348,"2022-07-14","6003",客户回访三组,回访,113,10
1349,"2022-07-14","7001",档案管理部,归档,180,6
1350,"2022-07-14","8001",异常工单组,挂起,110,17
1351,"2022-07-15","1001",客服一部,话务员暂存,58,0
1352,"2022-07-15","1001",客服一部,话务员受理,214,4
1353,"2022-07-15","1002",客服二部,话务员受理,264,38
1354,"2022-07-15","2001",业务一科,话务员办理,216,14
1355,"2022-07-15","2002",业务二科,话务员办理,184,1
1356,"2022-07-15","3001",热线审核中心,热线审核,181,23
1357,"2022-07-15","3002",热线复核中心,热线复核,252,28
1358,"2022-07-15","4001",承办单位A,承办单位审核,238,23
1359,"2022-07-15","4001",承办单位A,承办单位处理,101,5
1360,"2022-07-15","4002",承办单位B,承办单位处理,190,8
1361,"2022-07-15","4003",承办复核部A,承办单位复核,80,10
1362,"2022-07-15","5001",结案一部,办结,111,22
1363,"2022-07-15","5002",结案二部,办结,79,2
1364,"2022-07-15","6001",客户回访一组,回访,182,26
1365,"2022-07-15","6002",客户回访二组,回访,289,37
1366,"2022-07-15","6003",客户回访三组,回访,284,15
1367,"2022-07-15","7001",档案管理部,归档,104,8
1368,"2022-07-15","8001",异常工单组,挂起,243,19
1369,"2022-07-16","1001",客服一部,话务员暂存,92,0
1370,"2022-07-16","1001",客服一部,话务员受理,77,13
1371,"2022-07-16","1002",客服二部,话务员受理,145,19
1372,"2022-07-16","2001",业务一科,话务员办理,169,13
1373,"2022-07-16","2002",业务二科,话务员办理,224,38
1374,"2022-07-16","3001",热线审核中心,热线审核,185,20
1375,"2022-07-16","3002",热线复核中心,热线复核,286,2
1376,"2022-07-16","4001",承办单位A,承办单位审核,248,49
1377,"2022-07-16","4001",承办单位A,承办单位处理,58,11
1378,"2022-07-16","4002",承办单位B,承办单位处理,189,13
1379,"2022-07-16","4003",承办复核部A,承办单位复核,289,55
1380,"2022-07-16","5001",结案一部,办结,136,17
1381,"2022-07-16","5002",结案二部,办结,135,20
1382,"2022-07-16","6001",客户回访一组,回访,210,11
1383,"2022-07-16","6002",客户回访二组,回访,205,3
1384,"2022-07-16","6003",客户回访三组,回访,116,2
1385,"2022-07-16","7001",档案管理部,归档,74,11
1386,"2022-07-16","8001",异常工单组,挂起,71,7
1387,"2022-07-17","1001",客服一部,话务员暂存,162,0
1388,"2022-07-17","1001",客服一部,话务员受理,156,16
1389,"2022-07-17","1002",客服二部,话务员受理,282,28
1390,"2022-07-17","2001",业务一科,话务员办理,234,24
1391,"2022-07-17","2002",业务二科,话务员办理,188,21
1392,"2022-07-17","3001",热线审核中心,热线审核,66,6
1393,"2022-07-17","3002",热线复核中心,热线复核,249,47
1394,"2022-07-17","4001",承办单位A,承办单位审核,139,24
1395,"2022-07-17","4001",承办单位A,承办单位处理,285,6
1396,"2022-07-17","4002",承办单位B,承办单位处理,167,28
1397,"2022-07-17","4003",承办复核部A,承办单位复核,221,11
1398,"2022-07-17","5001",结案一部,办结,276,16
1399,"2022-07-17","5002",结案二部,办结,143,15
1400,"2022-07-17","6001",客户回访一组,回访,270,41
1401,"2022-07-17","6002",客户回访二组,回访,201,40
1402,"2022-07-17","6003",客户回访三组,回访,74,13
1403,"2022-07-17","7001",档案管理部,归档,266,31
1404,"2022-07-17","8001",异常工单组,挂起,54,7
1405,"2022-07-18","1001",客服一部,话务员暂存,152,0
1406,"2022-07-18","1001",客服一部,话务员受理,61,9
1407,"2022-07-18","1002",客服二部,话务员受理,293,13
1408,"2022-07-18","2001",业务一科,话务员办理,96,13
1409,"2022-07-18","2002",业务二科,话务员办理,209,8
1410,"2022-07-18","3001",热线审核中心,热线审核,88,12
1411,"2022-07-18","3002",热线复核中心,热线复核,292,40
1412,"2022-07-18","4001",承办单位A,承办单位审核,87,1
1413,"2022-07-18","4001",承办单位A,承办单位处理,83,10
1414,"2022-07-18","4002",承办单位B,承办单位处理,209,15
1415,"2022-07-18","4003",承办复核部A,承办单位复核,219,1
1416,"2022-07-18","5001",结案一部,办结,241,29
1417,"2022-07-18","5002",结案二部,办结,75,1
1418,"2022-07-18","6001",客户回访一组,回访,274,49
1419,"2022-07-18","6002",客户回访二组,回访,298,11
1420,"2022-07-18","6003",客户回访三组,回访,164,20
1421,"2022-07-18","7001",档案管理部,归档,218,21
1422,"2022-07-18","8001",异常工单组,挂起,223,5
1423,"2022-07-19","1001",客服一部,话务员暂存,113,0
1424,"2022-07-19","1001",客服一部,话务员受理,233,6
1425,"2022-07-19","1002",客服二部,话务员受理,272,20
1426,"2022-07-19","2001",业务一科,话务员办理,266,42
1427,"2022-07-19","2002",业务二科,话务员办理,237,34
1428,"2022-07-19","3001",热线审核中心,热线审核,193,1
1429,"2022-07-19","3002",热线复核中心,热线复核,128,7
1430,"2022-07-19","4001",承办单位A,承办单位审核,68,11
1431,"2022-07-19","4001",承办单位A,承办单位处理,254,3
1432,"2022-07-19","4002",承办单位B,承办单位处理,255,16
1433,"2022-07-19","4003",承办复核部A,承办单位复核,268,14
1434,"2022-07-19","5001",结案一部,办结,160,22
1435,"2022-07-19","5002",结案二部,办结,244,43
1436,"2022-07-19","6001",客户回访一组,回访,219,15
1437,"2022-07-19","6002",客户回访二组,回访,208,15
1438,"2022-07-19","6003",客户回访三组,回访,56,5
1439,"2022-07-19","7001",档案管理部,归档,267,10
1440,"2022-07-19","8001",异常工单组,挂起,175,25
1441,"2022-07-20","1001",客服一部,话务员暂存,160,0
1442,"2022-07-20","1001",客服一部,话务员受理,118,11
1443,"2022-07-20","1002",客服二部,话务员受理,232,16
1444,"2022-07-20","2001",业务一科,话务员办理,85,0
1445,"2022-07-20","2002",业务二科,话务员办理,225,1
1446,"2022-07-20","3001",热线审核中心,热线审核,88,11
1447,"2022-07-20","3002",热线复核中心,热线复核,219,29
1448,"2022-07-20","4001",承办单位A,承办单位审核,87,6
1449,"2022-07-20","4001",承办单位A,承办单位处理,237,4
1450,"2022-07-20","4002",承办单位B,承办单位处理,176,17
1451,"2022-07-20","4003",承办复核部A,承办单位复核,235,10
1452,"2022-07-20","5001",结案一部,办结,122,0
1453,"2022-07-20","5002",结案二部,办结,279,44
1454,"2022-07-20","6001",客户回访一组,回访,224,33
1455,"2022-07-20","6002",客户回访二组,回访,189,24
1456,"2022-07-20","6003",客户回访三组,回访,73,2
1457,"2022-07-20","7001",档案管理部,归档,164,30
1458,"2022-07-20","8001",异常工单组,挂起,96,1
1459,"2022-07-21","1001",客服一部,话务员暂存,262,0
1460,"2022-07-21","1001",客服一部,话务员受理,163,5
1461,"2022-07-21","1002",客服二部,话务员受理,210,31
1462,"2022-07-21","2001",业务一科,话务员办理,221,28
1463,"2022-07-21","2002",业务二科,话务员办理,63,4
1464,"2022-07-21","3001",热线审核中心,热线审核,155,3
1465,"2022-07-21","3002",热线复核中心,热线复核,78,1
1466,"2022-07-21","4001",承办单位A,承办单位审核,74,14
1467,"2022-07-21","4001",承办单位A,承办单位处理,239,30
1468,"2022-07-21","4002",承办单位B,承办单位处理,205,24
1469,"2022-07-21","4003",承办复核部A,承办单位复核,153,30
1470,"2022-07-21","5001",结案一部,办结,261,1
1471,"2022-07-21","5002",结案二部,办结,178,7
1472,"2022-07-21","6001",客户回访一组,回访,150,22
1473,"2022-07-21","6002",客户回访二组,回访,188,34
1474,"2022-07-21","6003",客户回访三组,回访,136,10
1475,"2022-07-21","7001",档案管理部,归档,169,26
1476,"2022-07-21","8001",异常工单组,挂起,187,26
1477,"2022-07-22","1001",客服一部,话务员暂存,53,0
1478,"2022-07-22","1001",客服一部,话务员受理,274,41
1479,"2022-07-22","1002",客服二部,话务员受理,114,1
1480,"2022-07-22","2001",业务一科,话务员办理,214,33
1481,"2022-07-22","2002",业务二科,话务员办理,286,28
1482,"2022-07-22","3001",热线审核中心,热线审核,264,36
1483,"2022-07-22","3002",热线复核中心,热线复核,128,20
1484,"2022-07-22","4001",承办单位A,承办单位审核,87,5
1485,"2022-07-22","4001",承办单位A,承办单位处理,231,29
1486,"2022-07-22","4002",承办单位B,承办单位处理,281,37
1487,"2022-07-22","4003",承办复核部A,承办单位复核,77,8
1488,"2022-07-22","5001",结案一部,办结,232,20
1489,"2022-07-22","5002",结案二部,办结,183,29
1490,"2022-07-22","6001",客户回访一组,回访,108,17
1491,"2022-07-22","6002",客户回访二组,回访,266,46
1492,"2022-07-22","6003",客户回访三组,回访,295,38
1493,"2022-07-22","7001",档案管理部,归档,268,5
1494,"2022-07-22","8001",异常工单组,挂起,268,45
1495,"2022-07-23","1001",客服一部,话务员暂存,275,0
1496,"2022-07-23","1001",客服一部,话务员受理,211,22
1497,"2022-07-23","1002",客服二部,话务员受理,202,21
1498,"2022-07-23","2001",业务一科,话务员办理,144,15
1499,"2022-07-23","2002",业务二科,话务员办理,300,14
1500,"2022-07-23","3001",热线审核中心,热线审核,193,5
1501,"2022-07-23","3002",热线复核中心,热线复核,233,38
1502,"2022-07-23","4001",承办单位A,承办单位审核,242,5
1503,"2022-07-23","4001",承办单位A,承办单位处理,70,10
1504,"2022-07-23","4002",承办单位B,承办单位处理,183,34
1505,"2022-07-23","4003",承办复核部A,承办单位复核,213,22
1506,"2022-07-23","5001",结案一部,办结,178,11
1507,"2022-07-23","5002",结案二部,办结,93,16
1508,"2022-07-23","6001",客户回访一组,回访,220,35
1509,"2022-07-23","6002",客户回访二组,回访,119,20
1510,"2022-07-23","6003",客户回访三组,回访,271,27
1511,"2022-07-23","7001",档案管理部,归档,131,3
1512,"2022-07-23","8001",异常工单组,挂起,228,7
1513,"2022-07-24","1001",客服一部,话务员暂存,213,0
1514,"2022-07-24","1001",客服一部,话务员受理,245,9
1515,"2022-07-24","1002",客服二部,话务员受理,240,14
1516,"2022-07-24","2001",业务一科,话务员办理,279,23
1517,"2022-07-24","2002",业务二科,话务员办理,242,34
1518,"2022-07-24","3001",热线审核中心,热线审核,89,0
1519,"2022-07-24","3002",热线复核中心,热线复核,207,1
1520,"2022-07-24","4001",承办单位A,承办单位审核,262,33
1521,"2022-07-24","4001",承办单位A,承办单位处理,165,21
1522,"2022-07-24","4002",承办单位B,承办单位处理,196,7
1523,"2022-07-24","4003",承办复核部A,承办单位复核,294,26
1524,"2022-07-24","5001",结案一部,办结,257,12
1525,"2022-07-24","5002",结案二部,办结,54,0
1526,"2022-07-24","6001",客户回访一组,回访,199,16
1527,"2022-07-24","6002",客户回访二组,回访,207,10
1528,"2022-07-24","6003",客户回访三组,回访,268,33
1529,"2022-07-24","7001",档案管理部,归档,262,23
1530,"2022-07-24","8001",异常工单组,挂起,184,32
1531,"2022-07-25","1001",客服一部,话务员暂存,283,0
1532,"2022-07-25","1001",客服一部,话务员受理,173,23
1533,"2022-07-25","1002",客服二部,话务员受理,229,28
1534,"2022-07-25","2001",业务一科,话务员办理,91,15
1535,"2022-07-25","2002",业务二科,话务员办理,144,1
1536,"2022-07-25","3001",热线审核中心,热线审核,88,5
1537,"2022-07-25","3002",热线复核中心,热线复核,235,47
1538,"2022-07-25","4001",承办单位A,承办单位审核,273,10
1539,"2022-07-25","4001",承办单位A,承办单位处理,129,4
1540,"2022-07-25","4002",承办单位B,承办单位处理,190,7
1541,"2022-07-25","4003",承办复核部A,承办单位复核,178,26
1542,"2022-07-25","5001",结案一部,办结,162,28
1543,"2022-07-25","5002",结案二部,办结,297,24
1544,"2022-07-25","6001",客户回访一组,回访,216,1
1545,"2022-07-25","6002",客户回访二组,回访,125,11
1546,"2022-07-25","6003",客户回访三组,回访,89,2
1547,"2022-07-25","7001",档案管理部,归档,181,19
1548,"2022-07-25","8001",异常工单组,挂起,236,19
1549,"2022-07-26","1001",客服一部,话务员暂存,134,0
1550,"2022-07-26","1001",客服一部,话务员受理,270,45
1551,"2022-07-26","1002",客服二部,话务员受理,202,15
1552,"2022-07-26","2001",业务一科,话务员办理,118,20
1553,"2022-07-26","2002",业务二科,话务员办理,294,4
1554,"2022-07-26","3001",热线审核中心,热线审核,290,46
1555,"2022-07-26","3002",热线复核中心,热线复核,144,7
1556,"2022-07-26","4001",承办单位A,承办单位审核,94,7
1557,"2022-07-26","4001",承办单位A,承办单位处理,240,16
1558,"2022-07-26","4002",承办单位B,承办单位处理,151,22
1559,"2022-07-26","4003",承办复核部A,承办单位复核,254,10
1560,"2022-07-26","5001",结案一部,办结,53,1
1561,"2022-07-26","5002",结案二部,办结,52,8
1562,"2022-07-26","6001",客户回访一组,回访,118,1
1563,"2022-07-26","6002",客户回访二组,回访,93,3
1564,"2022-07-26","6003",客户回访三组,回访,253,16
1565,"2022-07-26","7001",档案管理部,归档,151,16
1566,"2022-07-26","8001",异常工单组,挂起,242,3
1567,"2022-07-27","1001",客服一部,话务员暂存,109,0
1568,"2022-07-27","1001",客服一部,话务员受理,106,8
1569,"2022-07-27","1002",客服二部,话务员受理,130,9
1570,"2022-07-27","2001",业务一科,话务员办理,82,9
1571,"2022-07-27","2002",业务二科,话务员办理,291,28
1572,"2022-07-27","3001",热线审核中心,热线审核,275,40
1573,"2022-07-27","3002",热线复核中心,热线复核,133,17
1574,"2022-07-27","4001",承办单位A,承办单位审核,74,6
1575,"2022-07-27","4001",承办单位A,承办单位处理,277,21
1576,"2022-07-27","4002",承办单位B,承办单位处理,296,2
1577,"2022-07-27","4003",承办复核部A,承办单位复核,219,20
1578,"2022-07-27","5001",结案一部,办结,55,4
1579,"2022-07-27","5002",结案二部,办结,60,2
1580,"2022-07-27","6001",客户回访一组,回访,63,11
1581,"2022-07-27","6002",客户回访二组,回访,119,7
1582,"2022-07-27","6003",客户回访三组,回访,114,10
1583,"2022-07-27","7001",档案管理部,归档,54,0
1584,"2022-07-27","8001",异常工单组,挂起,82,1
1585,"2022-07-28","1001",客服一部,话务员暂存,191,0
1586,"2022-07-28","1001",客服一部,话务员受理,94,4
1587,"2022-07-28","1002",客服二部,话务员受理,115,20
1588,"2022-07-28","2001",业务一科,话务员办理,243,22
1589,"2022-07-28","2002",业务二科,话务员办理,126,12
1590,"2022-07-28","3001",热线审核中心,热线审核,61,4
1591,"2022-07-28","3002",热线复核中心,热线复核,140,6
1592,"2022-07-28","4001",承办单位A,承办单位审核,110,17
1593,"2022-07-28","4001",承办单位A,承办单位处理,247,18
1594,"2022-07-28","4002",承办单位B,承办单位处理,155,6
1595,"2022-07-28","4003",承办复核部A,承办单位复核,76,1
1596,"2022-07-28","5001",结案一部,办结,240,40
1597,"2022-07-28","5002",结案二部,办结,249,48
1598,"2022-07-28","6001",客户回访一组,回访,99,17
1599,"2022-07-28","6002",客户回访二组,回访,161,29
1600,"2022-07-28","6003",客户回访三组,回访,162,18
1601,"2022-07-28","7001",档案管理部,归档,131,10
1602,"2022-07-28","8001",异常工单组,挂起,51,5
1603,"2022-07-29","1001",客服一部,话务员暂存,145,0
1604,"2022-07-29","1001",客服一部,话务员受理,50,2
1605,"2022-07-29","1002",客服二部,话务员受理,174,32
1606,"2022-07-29","2001",业务一科,话务员办理,259,43
1607,"2022-07-29","2002",业务二科,话务员办理,271,39
1608,"2022-07-29","3001",热线审核中心,热线审核,110,18
1609,"2022-07-29","3002",热线复核中心,热线复核,69,2
1610,"2022-07-29","4001",承办单位A,承办单位审核,113,4
1611,"2022-07-29","4001",承办单位A,承办单位处理,150,14
1612,"2022-07-29","4002",承办单位B,承办单位处理,234,11
1613,"2022-07-29","4003",承办复核部A,承办单位复核,147,4
1614,"2022-07-29","5001",结案一部,办结,294,15
1615,"2022-07-29","5002",结案二部,办结,233,20
1616,"2022-07-29","6001",客户回访一组,回访,63,11
1617,"2022-07-29","6002",客户回访二组,回访,235,10
1618,"2022-07-29","6003",客户回访三组,回访,141,11
1619,"2022-07-29","7001",档案管理部,归档,133,13
1620,"2022-07-29","8001",异常工单组,挂起,158,14
1621,"2022-07-30","1001",客服一部,话务员暂存,255,0
1622,"2022-07-30","1001",客服一部,话务员受理,135,14
1623,"2022-07-30","1002",客服二部,话务员受理,59,7
1624,"2022-07-30","2001",业务一科,话务员办理,264,44
1625,"2022-07-30","2002",业务二科,话务员办理,167,7
1626,"2022-07-30","3001",热线审核中心,热线审核,87,3
1627,"2022-07-30","3002",热线复核中心,热线复核,166,6
1628,"2022-07-30","4001",承办单位A,承办单位审核,259,50
1629,"2022-07-30","4001",承办单位A,承办单位处理,88,13
1630,"2022-07-30","4002",承办单位B,承办单位处理,242,11
1631,"2022-07-30","4003",承办复核部A,承办单位复核,204,35
1632,"2022-07-30","5001",结案一部,办结,176,9
1633,"2022-07-30","5002",结案二部,办结,223,35
1634,"2022-07-30","6001",客户回访一组,回访,265,23
1635,"2022-07-30","6002",客户回访二组,回访,111,13
1636,"2022-07-30","6003",客户回访三组,回访,295,57
1637,"2022-07-30","7001",档案管理部,归档,167,13
1638,"2022-07-30","8001",异常工单组,挂起,171,26
1639,"2022-07-31","1001",客服一部,话务员暂存,130,0
1640,"2022-07-31","1001",客服一部,话务员受理,51,10
1641,"2022-07-31","1002",客服二部,话务员受理,252,19
1642,"2022-07-31","2001",业务一科,话务员办理,281,8
1643,"2022-07-31","2002",业务二科,话务员办理,118,6
1644,"2022-07-31","3001",热线审核中心,热线审核,124,18
1645,"2022-07-31","3002",热线复核中心,热线复核,223,26
1646,"2022-07-31","4001",承办单位A,承办单位审核,96,15
1647,"2022-07-31","4001",承办单位A,承办单位处理,158,7
1648,"2022-07-31","4002",承办单位B,承办单位处理,65,5
1649,"2022-07-31","4003",承办复核部A,承办单位复核,205,21
1650,"2022-07-31","5001",结案一部,办结,288,29
1651,"2022-07-31","5002",结案二部,办结,172,25
1652,"2022-07-31","6001",客户回访一组,回访,171,17
1653,"2022-07-31","6002",客户回访二组,回访,53,1
1654,"2022-07-31","6003",客户回访三组,回访,118,11
1655,"2022-07-31","7001",档案管理部,归档,291,39
1656,"2022-07-31","8001",异常工单组,挂起,130,0
1657,"2022-08-01","1001",客服一部,话务员暂存,191,0
1658,"2022-08-01","1001",客服一部,话务员受理,285,10
1659,"2022-08-01","1002",客服二部,话务员受理,115,3
1660,"2022-08-01","2001",业务一科,话务员办理,185,15
1661,"2022-08-01","2002",业务二科,话务员办理,162,18
1662,"2022-08-01","3001",热线审核中心,热线审核,272,40
1663,"2022-08-01","3002",热线复核中心,热线复核,189,2
1664,"2022-08-01","4001",承办单位A,承办单位审核,160,2
1665,"2022-08-01","4001",承办单位A,承办单位处理,181,27
1666,"2022-08-01","4002",承办单位B,承办单位处理,254,30
1667,"2022-08-01","4003",承办复核部A,承办单位复核,251,16
1668,"2022-08-01","5001",结案一部,办结,189,5
1669,"2022-08-01","5002",结案二部,办结,200,38
1670,"2022-08-01","6001",客户回访一组,回访,274,17
1671,"2022-08-01","6002",客户回访二组,回访,102,17
1672,"2022-08-01","6003",客户回访三组,回访,137,1
1673,"2022-08-01","7001",档案管理部,归档,147,23
1674,"2022-08-01","8001",异常工单组,挂起,265,48
1675,"2022-08-02","1001",客服一部,话务员暂存,111,0
1676,"2022-08-02","1001",客服一部,话务员受理,82,0
1677,"2022-08-02","1002",客服二部,话务员受理,85,7
1678,"2022-08-02","2001",业务一科,话务员办理,162,29
1679,"2022-08-02","2002",业务二科,话务员办理,265,18
1680,"2022-08-02","3001",热线审核中心,热线审核,225,39
1681,"2022-08-02","3002",热线复核中心,热线复核,129,0
1682,"2022-08-02","4001",承办单位A,承办单位审核,139,1
1683,"2022-08-02","4001",承办单位A,承办单位处理,221,41
1684,"2022-08-02","4002",承办单位B,承办单位处理,132,11
1685,"2022-08-02","4003",承办复核部A,承办单位复核,207,2
1686,"2022-08-02","5001",结案一部,办结,76,11
1687,"2022-08-02","5002",结案二部,办结,145,25
1688,"2022-08-02","6001",客户回访一组,回访,293,5
1689,"2022-08-02","6002",客户回访二组,回访,137,4
1690,"2022-08-02","6003",客户回访三组,回访,86,13
1691,"2022-08-02","7001",档案管理部,归档,87,12
1692,"2022-08-02","8001",异常工单组,挂起,157,30
1693,"2022-08-03","1001",客服一部,话务员暂存,153,0
1694,"2022-08-03","1001",客服一部,话务员受理,92,12
1695,"2022-08-03","1002",客服二部,话务员受理,146,16
1696,"2022-08-03","2001",业务一科,话务员办理,71,9
1697,"2022-08-03","2002",业务二科,话务员办理,205,37
1698,"2022-08-03","3001",热线审核中心,热线审核,215,2
1699,"2022-08-03","3002",热线复核中心,热线复核,182,20
1700,"2022-08-03","4001",承办单位A,承办单位审核,143,24
1701,"2022-08-03","4001",承办单位A,承办单位处理,167,26
1702,"2022-08-03","4002",承办单位B,承办单位处理,246,31
1703,"2022-08-03","4003",承办复核部A,承办单位复核,193,20
1704,"2022-08-03","5001",结案一部,办结,298,17
1705,"2022-08-03","5002",结案二部,办结,99,11
1706,"2022-08-03","6001",客户回访一组,回访,199,34
1707,"2022-08-03","6002",客户回访二组,回访,88,7
1708,"2022-08-03","6003",客户回访三组,回访,237,1
1709,"2022-08-03","7001",档案管理部,归档,264,10
1710,"2022-08-03","8001",异常工单组,挂起,136,17
1711,"2022-08-04","1001",客服一部,话务员暂存,101,0
1712,"2022-08-04","1001",客服一部,话务员受理,120,19
1713,"2022-08-04","1002",客服二部,话务员受理,211,17
1714,"2022-08-04","2001",业务一科,话务员办理,225,11
1715,"2022-08-04","2002",业务二科,话务员办理,57,3
1716,"2022-08-04","3001",热线审核中心,热线审核,275,24
1717,"2022-08-04","3002",热线复核中心,热线复核,223,27
1718,"2022-08-04","4001",承办单位A,承办单位审核,244,15
1719,"2022-08-04","4001",承办单位A,承办单位处理,222,21
1720,"2022-08-04","4002",承办单位B,承办单位处理,250,36
1721,"2022-08-04","4003",承办复核部A,承办单位复核,179,32
1722,"2022-08-04","5001",结案一部,办结,99,5
1723,"2022-08-04","5002",结案二部,办结,148,24
1724,"2022-08-04","6001",客户回访一组,回访,141,4
1725,"2022-08-04","6002",客户回访二组,回访,187,36
1726,"2022-08-04","6003",客户回访三组,回访,105,21
1727,"2022-08-04","7001",档案管理部,归档,106,12
1728,"2022-08-04","8001",异常工单组,挂起,132,25
1729,"2022-08-05","1001",客服一部,话务员暂存,198,0
1730,"2022-08-05","1001",客服一部,话务员受理,139,24
1731,"2022-08-05","1002",客服二部,话务员受理,58,5
1732,"2022-08-05","2001",业务一科,话务员办理,276,11
1733,"2022-08-05","2002",业务二科,话务员办理,192,32
1734,"2022-08-05","3001",热线审核中心,热线审核,139,14
1735,"2022-08-05","3002",热线复核中心,热线复核,124,22
1736,"2022-08-05","4001",承办单位A,承办单位审核,201,4
1737,"2022-08-05","4001",承办单位A,承办单位处理,132,23
1738,"2022-08-05","4002",承办单位B,承办单位处理,72,3
1739,"2022-08-05","4003",承办复核部A,承办单位复核,78,12
1740,"2022-08-05","5001",结案一部,办结,100,6
1741,"2022-08-05","5002",结案二部,办结,137,5
1742,"2022-08-05","6001",客户回访一组,回访,184,4
1743,"2022-08-05","6002",客户回访二组,回访,266,23
1744,"2022-08-05","6003",客户回访三组,回访,199,3
1745,"2022-08-05","7001",档案管理部,归档,213,29
1746,"2022-08-05","8001",异常工单组,挂起,250,18
1747,"2022-08-06","1001",客服一部,话务员暂存,125,0
1748,"2022-08-06","1001",客服一部,话务员受理,64,2
1749,"2022-08-06","1002",客服二部,话务员受理,102,2
1750,"2022-08-06","2001",业务一科,话务员办理,296,35
1751,"2022-08-06","2002",业务二科,话务员办理,86,15
1752,"2022-08-06","3001",热线审核中心,热线审核,199,38
1753,"2022-08-06","3002",热线复核中心,热线复核,170,2
1754,"2022-08-06","4001",承办单位A,承办单位审核,285,18
1755,"2022-08-06","4001",承办单位A,承办单位处理,192,4
1756,"2022-08-06","4002",承办单位B,承办单位处理,78,0
1757,"2022-08-06","4003",承办复核部A,承办单位复核,199,39
1758,"2022-08-06","5001",结案一部,办结,68,2
1759,"2022-08-06","5002",结案二部,办结,209,21
1760,"2022-08-06","6001",客户回访一组,回访,158,10
1761,"2022-08-06","6002",客户回访二组,回访,298,21
1762,"2022-08-06","6003",客户回访三组,回访,122,8
1763,"2022-08-06","7001",档案管理部,归档,251,12
1764,"2022-08-06","8001",异常工单组,挂起,230,31
1765,"2022-08-07","1001",客服一部,话务员暂存,84,0
1766,"2022-08-07","1001",客服一部,话务员受理,80,4
1767,"2022-08-07","1002",客服二部,话务员受理,58,3
1768,"2022-08-07","2001",业务一科,话务员办理,279,24
1769,"2022-08-07","2002",业务二科,话务员办理,196,16
1770,"2022-08-07","3001",热线审核中心,热线审核,276,40
1771,"2022-08-07","3002",热线复核中心,热线复核,286,11
1772,"2022-08-07","4001",承办单位A,承办单位审核,128,16
1773,"2022-08-07","4001",承办单位A,承办单位处理,228,17
1774,"2022-08-07","4002",承办单位B,承办单位处理,293,56
1775,"2022-08-07","4003",承办复核部A,承办单位复核,108,19
1776,"2022-08-07","5001",结案一部,办结,300,14
1777,"2022-08-07","5002",结案二部,办结,90,1
1778,"2022-08-07","6001",客户回访一组,回访,67,13
1779,"2022-08-07","6002",客户回访二组,回访,53,5
1780,"2022-08-07","6003",客户回访三组,回访,126,25
1781,"2022-08-07","7001",档案管理部,归档,214,4
1782,"2022-08-07","8001",异常工单组,挂起,204,40
1783,"2022-08-08","1001",客服一部,话务员暂存,288,0
1784,"2022-08-08","1001",客服一部,话务员受理,225,13
1785,"2022-08-08","1002",客服二部,话务员受理,158,1
1786,"2022-08-08","2001",业务一科,话务员办理,196,38
1787,"2022-08-08","2002",业务二科,话务员办理,69,13
1788,"2022-08-08","3001",热线审核中心,热线审核,202,17
1789,"2022-08-08","3002",热线复核中心,热线复核,168,15
1790,"2022-08-08","4001",承办单位A,承办单位审核,206,17
1791,"2022-08-08","4001",承办单位A,承办单位处理,233,8
1792,"2022-08-08","4002",承办单位B,承办单位处理,73,0
1793,"2022-08-08","4003",承办复核部A,承办单位复核,60,0
1794,"2022-08-08","5001",结案一部,办结,59,10
1795,"2022-08-08","5002",结案二部,办结,128,11
1796,"2022-08-08","6001",客户回访一组,回访,195,38
1797,"2022-08-08","6002",客户回访二组,回访,83,14
1798,"2022-08-08","6003",客户回访三组,回访,189,37
1799,"2022-08-08","7001",档案管理部,归档,173,5
1800,"2022-08-08","8001",异常工单组,挂起,109,10
1801,"2022-08-09","1001",客服一部,话务员暂存,93,0
1802,"2022-08-09","1001",客服一部,话务员受理,208,36
1803,"2022-08-09","1002",客服二部,话务员受理,231,29
1804,"2022-08-09","2001",业务一科,话务员办理,264,24
1805,"2022-08-09","2002",业务二科,话务员办理,268,47
1806,"2022-08-09","3001",热线审核中心,热线审核,249,23
1807,"2022-08-09","3002",热线复核中心,热线复核,227,0
1808,"2022-08-09","4001",承办单位A,承办单位审核,291,55
1809,"2022-08-09","4001",承办单位A,承办单位处理,151,20
1810,"2022-08-09","4002",承办单位B,承办单位处理,229,40
1811,"2022-08-09","4003",承办复核部A,承办单位复核,209,24
1812,"2022-08-09","5001",结案一部,办结,162,31
1813,"2022-08-09","5002",结案二部,办结,84,2
1814,"2022-08-09","6001",客户回访一组,回访,92,1
1815,"2022-08-09","6002",客户回访二组,回访,103,10
1816,"2022-08-09","6003",客户回访三组,回访,145,17
1817,"2022-08-09","7001",档案管理部,归档,128,22
1818,"2022-08-09","8001",异常工单组,挂起,207,34
1819,"2022-08-10","1001",客服一部,话务员暂存,92,0
1820,"2022-08-10","1001",客服一部,话务员受理,288,25
1821,"2022-08-10","1002",客服二部,话务员受理,174,28
1822,"2022-08-10","2001",业务一科,话务员办理,288,11
1823,"2022-08-10","2002",业务二科,话务员办理,84,11
1824,"2022-08-10","3001",热线审核中心,热线审核,74,12
1825,"2022-08-10","3002",热线复核中心,热线复核,286,3
1826,"2022-08-10","4001",承办单位A,承办单位审核,190,10
1827,"2022-08-10","4001",承办单位A,承办单位处理,54,7
1828,"2022-08-10","4002",承办单位B,承办单位处理,212,4
1829,"2022-08-10","4003",承办复核部A,承办单位复核,175,35
1830,"2022-08-10","5001",结案一部,办结,263,13
1831,"2022-08-10","5002",结案二部,办结,147,8
1832,"2022-08-10","6001",客户回访一组,回访,288,0
1833,"2022-08-10","6002",客户回访二组,回访,122,5
1834,"2022-08-10","6003",客户回访三组,回访,72,10
1835,"2022-08-10","7001",档案管理部,归档,225,16
1836,"2022-08-10","8001",异常工单组,挂起,200,31
1837,"2022-08-11","1001",客服一部,话务员暂存,102,0
1838,"2022-08-11","1001",客服一部,话务员受理,169,25
1839,"2022-08-11","1002",客服二部,话务员受理,280,23
1840,"2022-08-11","2001",业务一科,话务员办理,145,28
1841,"2022-08-11","2002",业务二科,话务员办理,56,10
1842,"2022-08-11","3001",热线审核中心,热线审核,268,19
1843,"2022-08-11","3002",热线复核中心,热线复核,129,14
1844,"2022-08-11","4001",承办单位A,承办单位审核,104,14
1845,"2022-08-11","4001",承办单位A,承办单位处理,187,16
1846,"2022-08-11","4002",承办单位B,承办单位处理,177,2
1847,"2022-08-11","4003",承办复核部A,承办单位复核,271,44
1848,"2022-08-11","5001",结案一部,办结,89,10
1849,"2022-08-11","5002",结案二部,办结,126,3
1850,"2022-08-11","6001",客户回访一组,回访,50,2
1851,"2022-08-11","6002",客户回访二组,回访,232,25
1852,"2022-08-11","6003",客户回访三组,回访,151,2
1853,"2022-08-11","7001",档案管理部,归档,257,0
1854,"2022-08-11","8001",异常工单组,挂起,129,16
1855,"2022-08-12","1001",客服一部,话务员暂存,263,0
1856,"2022-08-12","1001",客服一部,话务员受理,153,11
1857,"2022-08-12","1002",客服二部,话务员受理,61,8
1858,"2022-08-12","2001",业务一科,话务员办理,102,14
1859,"2022-08-12","2002",业务二科,话务员办理,160,7
1860,"2022-08-12","3001",热线审核中心,热线审核,272,13
1861,"2022-08-12","3002",热线复核中心,热线复核,267,33
1862,"2022-08-12","4001",承办单位A,承办单位审核,204,18
1863,"2022-08-12","4001",承办单位A,承办单位处理,298,9
1864,"2022-08-12","4002",承办单位B,承办单位处理,253,43
1865,"2022-08-12","4003",承办复核部A,承办单位复核,238,30
1866,"2022-08-12","5001",结案一部,办结,151,11
1867,"2022-08-12","5002",结案二部,办结,289,22
1868,"2022-08-12","6001",客户回访一组,回访,290,36
1869,"2022-08-12","6002",客户回访二组,回访,132,9
1870,"2022-08-12","6003",客户回访三组,回访,227,9
1871,"2022-08-12","7001",档案管理部,归档,138,19
1872,"2022-08-12","8001",异常工单组,挂起,205,12
1873,"2022-08-13","1001",客服一部,话务员暂存,178,0
1874,"2022-08-13","1001",客服一部,话务员受理,61,9
1875,"2022-08-13","1002",客服二部,话务员受理,69,3
1876,"2022-08-13","2001",业务一科,话务员办理,192,1
1877,"2022-08-13","2002",业务二科,话务员办理,227,11
1878,"2022-08-13","3001",热线审核中心,热线审核,128,2
1879,"2022-08-13","3002",热线复核中心,热线复核,150,24
1880,"2022-08-13","4001",承办单位A,承办单位审核,254,26
1881,"2022-08-13","4001",承办单位A,承办单位处理,268,0
1882,"2022-08-13","4002",承办单位B,承办单位处理,278,50
1883,"2022-08-13","4003",承办复核部A,承办单位复核,120,3
1884,"2022-08-13","5001",结案一部,办结,147,22
1885,"2022-08-13","5002",结案二部,办结,106,20
1886,"2022-08-13","6001",客户回访一组,回访,253,10
1887,"2022-08-13","6002",客户回访二组,回访,290,20
1888,"2022-08-13","6003",客户回访三组,回访,148,14
1889,"2022-08-13","7001",档案管理部,归档,190,30
1890,"2022-08-13","8001",异常工单组,挂起,293,40
1891,"2022-08-14","1001",客服一部,话务员暂存,192,0
1892,"2022-08-14","1001",客服一部,话务员受理,205,16
1893,"2022-08-14","1002",客服二部,话务员受理,151,28
1894,"2022-08-14","2001",业务一科,话务员办理,154,12
1895,"2022-08-14","2002",业务二科,话务员办理,138,20
1896,"2022-08-14","3001",热线审核中心,热线审核,87,17
1897,"2022-08-14","3002",热线复核中心,热线复核,285,10
1898,"2022-08-14","4001",承办单位A,承办单位审核,197,22
1899,"2022-08-14","4001",承办单位A,承办单位处理,249,23
1900,"2022-08-14","4002",承办单位B,承办单位处理,298,53
1901,"2022-08-14","4003",承办复核部A,承办单位复核,262,8
1902,"2022-08-14","5001",结案一部,办结,109,0
1903,"2022-08-14","5002",结案二部,办结,110,20
1904,"2022-08-14","6001",客户回访一组,回访,279,22
1905,"2022-08-14","6002",客户回访二组,回访,159,10
1906,"2022-08-14","6003",客户回访三组,回访,200,17
1907,"2022-08-14","7001",档案管理部,归档,133,5
1908,"2022-08-14","8001",异常工单组,挂起,121,7
1909,"2022-08-15","1001",客服一部,话务员暂存,236,0
1910,"2022-08-15","1001",客服一部,话务员受理,250,22
1911,"2022-08-15","1002",客服二部,话务员受理,127,13
1912,"2022-08-15","2001",业务一科,话务员办理,81,10
1913,"2022-08-15","2002",业务二科,话务员办理,148,9
1914,"2022-08-15","3001",热线审核中心,热线审核,246,7
1915,"2022-08-15","3002",热线复核中心,热线复核,134,16
1916,"2022-08-15","4001",承办单位A,承办单位审核,122,13
1917,"2022-08-15","4001",承办单位A,承办单位处理,141,28
1918,"2022-08-15","4002",承办单位B,承办单位处理,89,16
1919,"2022-08-15","4003",承办复核部A,承办单位复核,86,16
1920,"2022-08-15","5001",结案一部,办结,231,1
1921,"2022-08-15","5002",结案二部,办结,279,7
1922,"2022-08-15","6001",客户回访一组,回访,118,19
1923,"2022-08-15","6002",客户回访二组,回访,245,1
1924,"2022-08-15","6003",客户回访三组,回访,59,7
1925,"2022-08-15","7001",档案管理部,归档,72,10
1926,"2022-08-15","8001",异常工单组,挂起,83,4
1927,"2022-08-16","1001",客服一部,话务员暂存,221,0
1928,"2022-08-16","1001",客服一部,话务员受理,151,14
1929,"2022-08-16","1002",客服二部,话务员受理,214,20
1930,"2022-08-16","2001",业务一科,话务员办理,288,56
1931,"2022-08-16","2002",业务二科,话务员办理,189,1
1932,"2022-08-16","3001",热线审核中心,热线审核,79,10
1933,"2022-08-16","3002",热线复核中心,热线复核,254,24
1934,"2022-08-16","4001",承办单位A,承办单位审核,183,8
1935,"2022-08-16","4001",承办单位A,承办单位处理,60,9
1936,"2022-08-16","4002",承办单位B,承办单位处理,209,3
1937,"2022-08-16","4003",承办复核部A,承办单位复核,210,12
1938,"2022-08-16","5001",结案一部,办结,140,5
1939,"2022-08-16","5002",结案二部,办结,158,25
1940,"2022-08-16","6001",客户回访一组,回访,134,17
1941,"2022-08-16","6002",客户回访二组,回访,114,9
1942,"2022-08-16","6003",客户回访三组,回访,207,37
1943,"2022-08-16","7001",档案管理部,归档,74,8
1944,"2022-08-16","8001",异常工单组,挂起,67,5
1945,"2022-08-17","1001",客服一部,话务员暂存,58,0
1946,"2022-08-17","1001",客服一部,话务员受理,276,50
1947,"2022-08-17","1002",客服二部,话务员受理,254,38
1948,"2022-08-17","2001",业务一科,话务员办理,263,44
1949,"2022-08-17","2002",业务二科,话务员办理,176,33
1950,"2022-08-17","3001",热线审核中心,热线审核,149,7
1951,"2022-08-17","3002",热线复核中心,热线复核,220,14
1952,"2022-08-17","4001",承办单位A,承办单位审核,237,2
1953,"2022-08-17","4001",承办单位A,承办单位处理,277,23
1954,"2022-08-17","4002",承办单位B,承办单位处理,81,3
1955,"2022-08-17","4003",承办复核部A,承办单位复核,77,1
1956,"2022-08-17","5001",结案一部,办结,59,10
1957,"2022-08-17","5002",结案二部,办结,282,49
1958,"2022-08-17","6001",客户回访一组,回访,248,10
1959,"2022-08-17","6002",客户回访二组,回访,202,36
1960,"2022-08-17","6003",客户回访三组,回访,67,1
1961,"2022-08-17","7001",档案管理部,归档,115,22
1962,"2022-08-17","8001",异常工单组,挂起,269,53
1963,"2022-08-18","1001",客服一部,话务员暂存,86,0
1964,"2022-08-18","1001",客服一部,话务员受理,183,7
1965,"2022-08-18","1002",客服二部,话务员受理,273,54
1966,"2022-08-18","2001",业务一科,话务员办理,154,22
1967,"2022-08-18","2002",业务二科,话务员办理,219,42
1968,"2022-08-18","3001",热线审核中心,热线审核,296,9
1969,"2022-08-18","3002",热线复核中心,热线复核,155,21
1970,"2022-08-18","4001",承办单位A,承办单位审核,179,12
1971,"2022-08-18","4001",承办单位A,承办单位处理,90,9
1972,"2022-08-18","4002",承办单位B,承办单位处理,114,1
1973,"2022-08-18","4003",承办复核部A,承办单位复核,229,31
1974,"2022-08-18","5001",结案一部,办结,255,2
1975,"2022-08-18","5002",结案二部,办结,202,9
1976,"2022-08-18","6001",客户回访一组,回访,77,2
1977,"2022-08-18","6002",客户回访二组,回访,164,28
1978,"2022-08-18","6003",客户回访三组,回访,300,54
1979,"2022-08-18","7001",档案管理部,归档,277,13
1980,"2022-08-18","8001",异常工单组,挂起,67,3
1981,"2022-08-19","1001",客服一部,话务员暂存,165,0
1982,"2022-08-19","1001",客服一部,话务员受理,242,47
1983,"2022-08-19","1002",客服二部,话务员受理,85,6
1984,"2022-08-19","2001",业务一科,话务员办理,257,10
1985,"2022-08-19","2002",业务二科,话务员办理,74,3
1986,"2022-08-19","3001",热线审核中心,热线审核,190,21
1987,"2022-08-19","3002",热线复核中心,热线复核,253,34
1988,"2022-08-19","4001",承办单位A,承办单位审核,134,9
1989,"2022-08-19","4001",承办单位A,承办单位处理,137,17
1990,"2022-08-19","4002",承办单位B,承办单位处理,108,12
1991,"2022-08-19","4003",承办复核部A,承办单位复核,78,4
1992,"2022-08-19","5001",结案一部,办结,104,19
1993,"2022-08-19","5002",结案二部,办结,61,4
1994,"2022-08-19","6001",客户回访一组,回访,206,30
1995,"2022-08-19","6002",客户回访二组,回访,77,4
1996,"2022-08-19","6003",客户回访三组,回访,168,27
1997,"2022-08-19","7001",档案管理部,归档,220,22
1998,"2022-08-19","8001",异常工单组,挂起,174,1
1999,"2022-08-20","1001",客服一部,话务员暂存,81,0
2000,"2022-08-20","1001",客服一部,话务员受理,195,5
2001,"2022-08-20","1002",客服二部,话务员受理,56,1
2002,"2022-08-20","2001",业务一科,话务员办理,152,2
2003,"2022-08-20","2002",业务二科,话务员办理,246,26
2004,"2022-08-20","3001",热线审核中心,热线审核,78,5
2005,"2022-08-20","3002",热线复核中心,热线复核,284,46
2006,"2022-08-20","4001",承办单位A,承办单位审核,207,1
2007,"2022-08-20","4001",承办单位A,承办单位处理,134,1
2008,"2022-08-20","4002",承办单位B,承办单位处理,280,45
2009,"2022-08-20","4003",承办复核部A,承办单位复核,141,0
2010,"2022-08-20","5001",结案一部,办结,300,55
2011,"2022-08-20","5002",结案二部,办结,180,9
2012,"2022-08-20","6001",客户回访一组,回访,99,12
2013,"2022-08-20","6002",客户回访二组,回访,212,10
2014,"2022-08-20","6003",客户回访三组,回访,66,4
2015,"2022-08-20","7001",档案管理部,归档,68,1
2016,"2022-08-20","8001",异常工单组,挂起,120,22
2017,"2022-08-21","1001",客服一部,话务员暂存,76,0
2018,"2022-08-21","1001",客服一部,话务员受理,216,0
2019,"2022-08-21","1002",客服二部,话务员受理,92,0
2020,"2022-08-21","2001",业务一科,话务员办理,91,16
2021,"2022-08-21","2002",业务二科,话务员办理,205,27
2022,"2022-08-21","3001",热线审核中心,热线审核,223,16
2023,"2022-08-21","3002",热线复核中心,热线复核,121,9
2024,"2022-08-21","4001",承办单位A,承办单位审核,67,5
2025,"2022-08-21","4001",承办单位A,承办单位处理,294,26
2026,"2022-08-21","4002",承办单位B,承办单位处理,162,23
2027,"2022-08-21","4003",承办复核部A,承办单位复核,129,6
2028,"2022-08-21","5001",结案一部,办结,98,12
2029,"2022-08-21","5002",结案二部,办结,128,20
2030,"2022-08-21","6001",客户回访一组,回访,118,21
2031,"2022-08-21","6002",客户回访二组,回访,165,5
2032,"2022-08-21","6003",客户回访三组,回访,95,10
2033,"2022-08-21","7001",档案管理部,归档,108,5
2034,"2022-08-21","8001",异常工单组,挂起,94,15
2035,"2022-08-22","1001",客服一部,话务员暂存,95,0
2036,"2022-08-22","1001",客服一部,话务员受理,161,32
2037,"2022-08-22","1002",客服二部,话务员受理,84,6
2038,"2022-08-22","2001",业务一科,话务员办理,70,10
2039,"2022-08-22","2002",业务二科,话务员办理,149,9
2040,"2022-08-22","3001",热线审核中心,热线审核,274,52
2041,"2022-08-22","3002",热线复核中心,热线复核,265,10
2042,"2022-08-22","4001",承办单位A,承办单位审核,237,10
2043,"2022-08-22","4001",承办单位A,承办单位处理,126,17
2044,"2022-08-22","4002",承办单位B,承办单位处理,192,10
2045,"2022-08-22","4003",承办复核部A,承办单位复核,207,36
2046,"2022-08-22","5001",结案一部,办结,259,33
2047,"2022-08-22","5002",结案二部,办结,293,6
2048,"2022-08-22","6001",客户回访一组,回访,220,25
2049,"2022-08-22","6002",客户回访二组,回访,211,32
2050,"2022-08-22","6003",客户回访三组,回访,279,31
2051,"2022-08-22","7001",档案管理部,归档,128,12
2052,"2022-08-22","8001",异常工单组,挂起,247,35
2053,"2022-08-23","1001",客服一部,话务员暂存,130,0
2054,"2022-08-23","1001",客服一部,话务员受理,218,5
2055,"2022-08-23","1002",客服二部,话务员受理,142,7
2056,"2022-08-23","2001",业务一科,话务员办理,200,38
2057,"2022-08-23","2002",业务二科,话务员办理,57,0
2058,"2022-08-23","3001",热线审核中心,热线审核,122,19
2059,"2022-08-23","3002",热线复核中心,热线复核,296,10
2060,"2022-08-23","4001",承办单位A,承办单位审核,256,21
2061,"2022-08-23","4001",承办单位A,承办单位处理,277,37
2062,"2022-08-23","4002",承办单位B,承办单位处理,141,18
2063,"2022-08-23","4003",承办复核部A,承办单位复核,218,32
2064,"2022-08-23","5001",结案一部,办结,246,16
2065,"2022-08-23","5002",结案二部,办结,228,31
2066,"2022-08-23","6001",客户回访一组,回访,125,21
2067,"2022-08-23","6002",客户回访二组,回访,125,5
2068,"2022-08-23","6003",客户回访三组,回访,201,12
2069,"2022-08-23","7001",档案管理部,归档,52,2
2070,"2022-08-23","8001",异常工单组,挂起,63,12
2071,"2022-08-24","1001",客服一部,话务员暂存,169,0
2072,"2022-08-24","1001",客服一部,话务员受理,82,16
2073,"2022-08-24","1002",客服二部,话务员受理,128,22
2074,"2022-08-24","2001",业务一科,话务员办理,300,32
2075,"2022-08-24","2002",业务二科,话务员办理,123,7
2076,"2022-08-24","3001",热线审核中心,热线审核,107,10
2077,"2022-08-24","3002",热线复核中心,热线复核,252,14
2078,"2022-08-24","4001",承办单位A,承办单位审核,300,1
2079,"2022-08-24","4001",承办单位A,承办单位处理,70,10
2080,"2022-08-24","4002",承办单位B,承办单位处理,150,26
2081,"2022-08-24","4003",承办复核部A,承办单位复核,85,13
2082,"2022-08-24","5001",结案一部,办结,228,33
2083,"2022-08-24","5002",结案二部,办结,258,50
2084,"2022-08-24","6001",客户回访一组,回访,297,47
2085,"2022-08-24","6002",客户回访二组,回访,265,32
2086,"2022-08-24","6003",客户回访三组,回访,89,3
2087,"2022-08-24","7001",档案管理部,归档,78,15
2088,"2022-08-24","8001",异常工单组,挂起,102,7
2089,"2022-08-25","1001",客服一部,话务员暂存,275,0
2090,"2022-08-25","1001",客服一部,话务员受理,199,3
2091,"2022-08-25","1002",客服二部,话务员受理,57,9
2092,"2022-08-25","2001",业务一科,话务员办理,124,21
2093,"2022-08-25","2002",业务二科,话务员办理,194,6
2094,"2022-08-25","3001",热线审核中心,热线审核,215,5
2095,"2022-08-25","3002",热线复核中心,热线复核,99,8
2096,"2022-08-25","4001",承办单位A,承办单位审核,252,34
2097,"2022-08-25","4001",承办单位A,承办单位处理,90,10
2098,"2022-08-25","4002",承办单位B,承办单位处理,51,6
2099,"2022-08-25","4003",承办复核部A,承办单位复核,112,13
2100,"2022-08-25","5001",结案一部,办结,273,7
2101,"2022-08-25","5002",结案二部,办结,207,10
2102,"2022-08-25","6001",客户回访一组,回访,154,30
2103,"2022-08-25","6002",客户回访二组,回访,152,10
2104,"2022-08-25","6003",客户回访三组,回访,127,21
2105,"2022-08-25","7001",档案管理部,归档,175,11
2106,"2022-08-25","8001",异常工单组,挂起,221,37
2107,"2022-08-26","1001",客服一部,话务员暂存,294,0
2108,"2022-08-26","1001",客服一部,话务员受理,153,22
2109,"2022-08-26","1002",客服二部,话务员受理,255,8
2110,"2022-08-26","2001",业务一科,话务员办理,175,33
2111,"2022-08-26","2002",业务二科,话务员办理,127,23
2112,"2022-08-26","3001",热线审核中心,热线审核,197,23
2113,"2022-08-26","3002",热线复核中心,热线复核,146,2
2114,"2022-08-26","4001",承办单位A,承办单位审核,131,26
2115,"2022-08-26","4001",承办单位A,承办单位处理,82,14
2116,"2022-08-26","4002",承办单位B,承办单位处理,192,6
2117,"2022-08-26","4003",承办复核部A,承办单位复核,70,11
2118,"2022-08-26","5001",结案一部,办结,184,22
2119,"2022-08-26","5002",结案二部,办结,243,6
2120,"2022-08-26","6001",客户回访一组,回访,231,46
2121,"2022-08-26","6002",客户回访二组,回访,63,5
2122,"2022-08-26","6003",客户回访三组,回访,114,20
2123,"2022-08-26","7001",档案管理部,归档,183,12
2124,"2022-08-26","8001",异常工单组,挂起,73,8
2125,"2022-08-27","1001",客服一部,话务员暂存,60,0
2126,"2022-08-27","1001",客服一部,话务员受理,143,23
2127,"2022-08-27","1002",客服二部,话务员受理,151,3
2128,"2022-08-27","2001",业务一科,话务员办理,147,21
2129,"2022-08-27","2002",业务二科,话务员办理,209,0
2130,"2022-08-27","3001",热线审核中心,热线审核,129,4
2131,"2022-08-27","3002",热线复核中心,热线复核,57,7
2132,"2022-08-27","4001",承办单位A,承办单位审核,88,1
2133,"2022-08-27","4001",承办单位A,承办单位处理,294,33
2134,"2022-08-27","4002",承办单位B,承办单位处理,237,20
2135,"2022-08-27","4003",承办复核部A,承办单位复核,72,6
2136,"2022-08-27","5001",结案一部,办结,240,46
2137,"2022-08-27","5002",结案二部,办结,286,35
2138,"2022-08-27","6001",客户回访一组,回访,269,46
2139,"2022-08-27","6002",客户回访二组,回访,172,21
2140,"2022-08-27","6003",客户回访三组,回访,258,25
2141,"2022-08-27","7001",档案管理部,归档,248,5
2142,"2022-08-27","8001",异常工单组,挂起,145,5
2143,"2022-08-28","1001",客服一部,话务员暂存,200,0
2144,"2022-08-28","1001",客服一部,话务员受理,118,8
2145,"2022-08-28","1002",客服二部,话务员受理,173,27
2146,"2022-08-28","2001",业务一科,话务员办理,164,0
2147,"2022-08-28","2002",业务二科,话务员办理,106,6
2148,"2022-08-28","3001",热线审核中心,热线审核,115,6
2149,"2022-08-28","3002",热线复核中心,热线复核,82,14
2150,"2022-08-28","4001",承办单位A,承办单位审核,265,46
2151,"2022-08-28","4001",承办单位A,承办单位处理,159,28
2152,"2022-08-28","4002",承办单位B,承办单位处理,257,28
2153,"2022-08-28","4003",承办复核部A,承办单位复核,245,4
2154,"2022-08-28","5001",结案一部,办结,91,2
2155,"2022-08-28","5002",结案二部,办结,285,23
2156,"2022-08-28","6001",客户回访一组,回访,272,8
2157,"2022-08-28","6002",客户回访二组,回访,248,17
2158,"2022-08-28","6003",客户回访三组,回访,62,8
2159,"2022-08-28","7001",档案管理部,归档,289,55
2160,"2022-08-28","8001",异常工单组,挂起,53,3
2161,"2022-08-29","1001",客服一部,话务员暂存,172,0
2162,"2022-08-29","1001",客服一部,话务员受理,59,11
2163,"2022-08-29","1002",客服二部,话务员受理,270,3
2164,"2022-08-29","2001",业务一科,话务员办理,77,3
2165,"2022-08-29","2002",业务二科,话务员办理,73,8
2166,"2022-08-29","3001",热线审核中心,热线审核,267,19
2167,"2022-08-29","3002",热线复核中心,热线复核,141,28
2168,"2022-08-29","4001",承办单位A,承办单位审核,199,0
2169,"2022-08-29","4001",承办单位A,承办单位处理,294,7
2170,"2022-08-29","4002",承办单位B,承办单位处理,210,9
2171,"2022-08-29","4003",承办复核部A,承办单位复核,59,9
2172,"2022-08-29","5001",结案一部,办结,222,23
2173,"2022-08-29","5002",结案二部,办结,300,5
2174,"2022-08-29","6001",客户回访一组,回访,60,0
2175,"2022-08-29","6002",客户回访二组,回访,285,35
2176,"2022-08-29","6003",客户回访三组,回访,166,6
2177,"2022-08-29","7001",档案管理部,归档,296,56
2178,"2022-08-29","8001",异常工单组,挂起,300,2
2179,"2022-08-30","1001",客服一部,话务员暂存,223,0
2180,"2022-08-30","1001",客服一部,话务员受理,53,1
2181,"2022-08-30","1002",客服二部,话务员受理,276,18
2182,"2022-08-30","2001",业务一科,话务员办理,83,11
2183,"2022-08-30","2002",业务二科,话务员办理,102,20
2184,"2022-08-30","3001",热线审核中心,热线审核,90,0
2185,"2022-08-30","3002",热线复核中心,热线复核,68,13
2186,"2022-08-30","4001",承办单位A,承办单位审核,168,20
2187,"2022-08-30","4001",承办单位A,承办单位处理,57,7
2188,"2022-08-30","4002",承办单位B,承办单位处理,251,23
2189,"2022-08-30","4003",承办复核部A,承办单位复核,283,34
2190,"2022-08-30","5001",结案一部,办结,90,1
2191,"2022-08-30","5002",结案二部,办结,211,1
2192,"2022-08-30","6001",客户回访一组,回访,273,7
2193,"2022-08-30","6002",客户回访二组,回访,266,30
2194,"2022-08-30","6003",客户回访三组,回访,125,0
2195,"2022-08-30","7001",档案管理部,归档,94,17
2196,"2022-08-30","8001",异常工单组,挂起,217,39
2197,"2022-08-31","1001",客服一部,话务员暂存,297,0
2198,"2022-08-31","1001",客服一部,话务员受理,292,4
2199,"2022-08-31","1002",客服二部,话务员受理,104,18
2200,"2022-08-31","2001",业务一科,话务员办理,179,17
2201,"2022-08-31","2002",业务二科,话务员办理,186,6
2202,"2022-08-31","3001",热线审核中心,热线审核,145,27
2203,"2022-08-31","3002",热线复核中心,热线复核,200,27
2204,"2022-08-31","4001",承办单位A,承办单位审核,116,9
2205,"2022-08-31","4001",承办单位A,承办单位处理,184,8
2206,"2022-08-31","4002",承办单位B,承办单位处理,123,0
2207,"2022-08-31","4003",承办复核部A,承办单位复核,82,8
2208,"2022-08-31","5001",结案一部,办结,71,14
2209,"2022-08-31","5002",结案二部,办结,116,21
2210,"2022-08-31","6001",客户回访一组,回访,285,46
2211,"2022-08-31","6002",客户回访二组,回访,150,15
2212,"2022-08-31","6003",客户回访三组,回访,294,25
2213,"2022-08-31","7001",档案管理部,归档,165,8
2214,"2022-08-31","8001",异常工单组,挂起,146,6
2215,"2022-09-01","1001",客服一部,话务员暂存,132,0
2216,"2022-09-01","1001",客服一部,话务员受理,119,0
2217,"2022-09-01","1002",客服二部,话务员受理,249,10
2218,"2022-09-01","2001",业务一科,话务员办理,108,16
2219,"2022-09-01","2002",业务二科,话务员办理,117,15
2220,"2022-09-01","3001",热线审核中心,热线审核,100,5
2221,"2022-09-01","3002",热线复核中心,热线复核,66,13
2222,"2022-09-01","4001",承办单位A,承办单位审核,58,10
2223,"2022-09-01","4001",承办单位A,承办单位处理,199,19
2224,"2022-09-01","4002",承办单位B,承办单位处理,106,1
2225,"2022-09-01","4003",承办复核部A,承办单位复核,116,11
2226,"2022-09-01","5001",结案一部,办结,60,6
2227,"2022-09-01","5002",结案二部,办结,215,13
2228,"2022-09-01","6001",客户回访一组,回访,53,1
2229,"2022-09-01","6002",客户回访二组,回访,292,25
2230,"2022-09-01","6003",客户回访三组,回访,112,21
2231,"2022-09-01","7001",档案管理部,归档,94,17
2232,"2022-09-01","8001",异常工单组,挂起,123,23
2233,"2022-09-02","1001",客服一部,话务员暂存,290,0
2234,"2022-09-02","1001",客服一部,话务员受理,241,33
2235,"2022-09-02","1002",客服二部,话务员受理,217,15
2236,"2022-09-02","2001",业务一科,话务员办理,127,7
2237,"2022-09-02","2002",业务二科,话务员办理,151,2
2238,"2022-09-02","3001",热线审核中心,热线审核,98,0
2239,"2022-09-02","3002",热线复核中心,热线复核,166,13
2240,"2022-09-02","4001",承办单位A,承办单位审核,279,8
2241,"2022-09-02","4001",承办单位A,承办单位处理,52,7
2242,"2022-09-02","4002",承办单位B,承办单位处理,55,8
2243,"2022-09-02","4003",承办复核部A,承办单位复核,103,4
2244,"2022-09-02","5001",结案一部,办结,193,20
2245,"2022-09-02","5002",结案二部,办结,70,1
2246,"2022-09-02","6001",客户回访一组,回访,247,23
2247,"2022-09-02","6002",客户回访二组,回访,167,23
2248,"2022-09-02","6003",客户回访三组,回访,254,34
2249,"2022-09-02","7001",档案管理部,归档,114,16
2250,"2022-09-02","8001",异常工单组,挂起,123,20
2251,"2022-09-03","1001",客服一部,话务员暂存,186,0
2252,"2022-09-03","1001",客服一部,话务员受理,149,24
2253,"2022-09-03","1002",客服二部,话务员受理,250,6
2254,"2022-09-03","2001",业务一科,话务员办理,71,4
2255,"2022-09-03","2002",业务二科,话务员办理,237,21
2256,"2022-09-03","3001",热线审核中心,热线审核,288,23
2257,"2022-09-03","3002",热线复核中心,热线复核,88,6
2258,"2022-09-03","4001",承办单位A,承办单位审核,215,36
2259,"2022-09-03","4001",承办单位A,承办单位处理,96,10
2260,"2022-09-03","4002",承办单位B,承办单位处理,217,31
2261,"2022-09-03","4003",承办复核部A,承办单位复核,97,9
2262,"2022-09-03","5001",结案一部,办结,264,31
2263,"2022-09-03","5002",结案二部,办结,239,43
2264,"2022-09-03","6001",客户回访一组,回访,158,15
2265,"2022-09-03","6002",客户回访二组,回访,56,8
2266,"2022-09-03","6003",客户回访三组,回访,62,4
2267,"2022-09-03","7001",档案管理部,归档,300,59
2268,"2022-09-03","8001",异常工单组,挂起,95,7
2269,"2022-09-04","1001",客服一部,话务员暂存,224,0
2270,"2022-09-04","1001",客服一部,话务员受理,58,2
2271,"2022-09-04","1002",客服二部,话务员受理,245,42
2272,"2022-09-04","2001",业务一科,话务员办理,130,23
2273,"2022-09-04","2002",业务二科,话务员办理,135,20
2274,"2022-09-04","3001",热线审核中心,热线审核,267,23
2275,"2022-09-04","3002",热线复核中心,热线复核,148,22
2276,"2022-09-04","4001",承办单位A,承办单位审核,265,3
2277,"2022-09-04","4001",承办单位A,承办单位处理,50,0
2278,"2022-09-04","4002",承办单位B,承办单位处理,107,15
2279,"2022-09-04","4003",承办复核部A,承办单位复核,230,33
2280,"2022-09-04","5001",结案一部,办结,55,10
2281,"2022-09-04","5002",结案二部,办结,100,19
2282,"2022-09-04","6001",客户回访一组,回访,245,46
2283,"2022-09-04","6002",客户回访二组,回访,266,50
2284,"2022-09-04","6003",客户回访三组,回访,291,29
2285,"2022-09-04","7001",档案管理部,归档,154,29
2286,"2022-09-04","8001",异常工单组,挂起,225,2
2287,"2022-09-05","1001",客服一部,话务员暂存,291,0
2288,"2022-09-05","1001",客服一部,话务员受理,77,2
2289,"2022-09-05","1002",客服二部,话务员受理,143,12
2290,"2022-09-05","2001",业务一科,话务员办理,66,3
2291,"2022-09-05","2002",业务二科,话务员办理,71,1
2292,"2022-09-05","3001",热线审核中心,热线审核,248,35
2293,"2022-09-05","3002",热线复核中心,热线复核,127,18
2294,"2022-09-05","4001",承办单位A,承办单位审核,247,45
2295,"2022-09-05","4001",承办单位A,承办单位处理,101,13
2296,"2022-09-05","4002",承办单位B,承办单位处理,79,4
2297,"2022-09-05","4003",承办复核部A,承办单位复核,152,19
2298,"2022-09-05","5001",结案一部,办结,242,48
2299,"2022-09-05","5002",结案二部,办结,245,43
2300,"2022-09-05","6001",客户回访一组,回访,166,6
2301,"2022-09-05","6002",客户回访二组,回访,203,24
2302,"2022-09-05","6003",客户回访三组,回访,254,21
2303,"2022-09-05","7001",档案管理部,归档,68,11
2304,"2022-09-05","8001",异常工单组,挂起,65,8
2305,"2022-09-06","1001",客服一部,话务员暂存,192,0
2306,"2022-09-06","1001",客服一部,话务员受理,170,15
2307,"2022-09-06","1002",客服二部,话务员受理,90,8
2308,"2022-09-06","2001",业务一科,话务员办理,267,40
2309,"2022-09-06","2002",业务二科,话务员办理,298,57
2310,"2022-09-06","3001",热线审核中心,热线审核,101,14
2311,"2022-09-06","3002",热线复核中心,热线复核,114,9
2312,"2022-09-06","4001",承办单位A,承办单位审核,85,16
2313,"2022-09-06","4001",承办单位A,承办单位处理,281,52
2314,"2022-09-06","4002",承办单位B,承办单位处理,101,6
2315,"2022-09-06","4003",承办复核部A,承办单位复核,59,11
2316,"2022-09-06","5001",结案一部,办结,175,31
2317,"2022-09-06","5002",结案二部,办结,282,15
2318,"2022-09-06","6001",客户回访一组,回访,299,26
2319,"2022-09-06","6002",客户回访二组,回访,240,22
2320,"2022-09-06","6003",客户回访三组,回访,297,48
2321,"2022-09-06","7001",档案管理部,归档,272,19
2322,"2022-09-06","8001",异常工单组,挂起,228,13
2323,"2022-09-07","1001",客服一部,话务员暂存,198,0
2324,"2022-09-07","1001",客服一部,话务员受理,133,14
2325,"2022-09-07","1002",客服二部,话务员受理,119,4
2326,"2022-09-07","2001",业务一科,话务员办理,166,32
2327,"2022-09-07","2002",业务二科,话务员办理,185,28
2328,"2022-09-07","3001",热线审核中心,热线审核,83,6
2329,"2022-09-07","3002",热线复核中心,热线复核,242,2
2330,"2022-09-07","4001",承办单位A,承办单位审核,79,14
2331,"2022-09-07","4001",承办单位A,承办单位处理,109,18
2332,"2022-09-07","4002",承办单位B,承办单位处理,202,34
2333,"2022-09-07","4003",承办复核部A,承办单位复核,78,5
2334,"2022-09-07","5001",结案一部,办结,214,41
2335,"2022-09-07","5002",结案二部,办结,188,28
2336,"2022-09-07","6001",客户回访一组,回访,117,12
2337,"2022-09-07","6002",客户回访二组,回访,212,20
2338,"2022-09-07","6003",客户回访三组,回访,238,4
2339,"2022-09-07","7001",档案管理部,归档,152,10
2340,"2022-09-07","8001",异常工单组,挂起,68,5
2341,"2022-09-08","1001",客服一部,话务员暂存,95,0
2342,"2022-09-08","1001",客服一部,话务员受理,266,37
2343,"2022-09-08","1002",客服二部,话务员受理,257,12
2344,"2022-09-08","2001",业务一科,话务员办理,52,1
2345,"2022-09-08","2002",业务二科,话务员办理,211,28
2346,"2022-09-08","3001",热线审核中心,热线审核,120,23
2347,"2022-09-08","3002",热线复核中心,热线复核,131,7
2348,"2022-09-08","4001",承办单位A,承办单位审核,209,2
2349,"2022-09-08","4001",承办单位A,承办单位处理,247,7
2350,"2022-09-08","4002",承办单位B,承办单位处理,252,28
2351,"2022-09-08","4003",承办复核部A,承办单位复核,67,10
2352,"2022-09-08","5001",结案一部,办结,271,31
2353,"2022-09-08","5002",结案二部,办结,241,45
2354,"2022-09-08","6001",客户回访一组,回访,125,3
2355,"2022-09-08","6002",客户回访二组,回访,65,11
2356,"2022-09-08","6003",客户回访三组,回访,202,19
2357,"2022-09-08","7001",档案管理部,归档,50,1
2358,"2022-09-08","8001",异常工单组,挂起,279,38
2359,"2022-09-09","1001",客服一部,话务员暂存,281,0
2360,"2022-09-09","1001",客服一部,话务员受理,292,26
2361,"2022-09-09","1002",客服二部,话务员受理,152,7
2362,"2022-09-09","2001",业务一科,话务员办理,73,10
2363,"2022-09-09","2002",业务二科,话务员办理,282,42
2364,"2022-09-09","3001",热线审核中心,热线审核,136,25
2365,"2022-09-09","3002",热线复核中心,热线复核,68,11
2366,"2022-09-09","4001",承办单位A,承办单位审核,220,27
2367,"2022-09-09","4001",承办单位A,承办单位处理,134,14
2368,"2022-09-09","4002",承办单位B,承办单位处理,119,14
2369,"2022-09-09","4003",承办复核部A,承办单位复核,135,23
2370,"2022-09-09","5001",结案一部,办结,176,25
2371,"2022-09-09","5002",结案二部,办结,122,23
2372,"2022-09-09","6001",客户回访一组,回访,225,43
2373,"2022-09-09","6002",客户回访二组,回访,222,14
2374,"2022-09-09","6003",客户回访三组,回访,230,18
2375,"2022-09-09","7001",档案管理部,归档,293,56
2376,"2022-09-09","8001",异常工单组,挂起,250,49
2377,"2022-09-10","1001",客服一部,话务员暂存,207,0
2378,"2022-09-10","1001",客服一部,话务员受理,158,12
2379,"2022-09-10","1002",客服二部,话务员受理,115,4
2380,"2022-09-10","2001",业务一科,话务员办理,132,6
2381,"2022-09-10","2002",业务二科,话务员办理,113,3
2382,"2022-09-10","3001",热线审核中心,热线审核,179,23
2383,"2022-09-10","3002",热线复核中心,热线复核,125,5
2384,"2022-09-10","4001",承办单位A,承办单位审核,168,1
2385,"2022-09-10","4001",承办单位A,承办单位处理,273,47
2386,"2022-09-10","4002",承办单位B,承办单位处理,285,33
2387,"2022-09-10","4003",承办复核部A,承办单位复核,164,20
2388,"2022-09-10","5001",结案一部,办结,253,28
2389,"2022-09-10","5002",结案二部,办结,256,16
2390,"2022-09-10","6001",客户回访一组,回访,98,11
2391,"2022-09-10","6002",客户回访二组,回访,216,0
2392,"2022-09-10","6003",客户回访三组,回访,157,20
2393,"2022-09-10","7001",档案管理部,归档,175,25
2394,"2022-09-10","8001",异常工单组,挂起,116,19
2395,"2022-09-11","1001",客服一部,话务员暂存,110,0
2396,"2022-09-11","1001",客服一部,话务员受理,254,39
2397,"2022-09-11","1002",客服二部,话务员受理,220,2
2398,"2022-09-11","2001",业务一科,话务员办理,167,15
2399,"2022-09-11","2002",业务二科,话务员办理,85,6
2400,"2022-09-11","3001",热线审核中心,热线审核,251,8
2401,"2022-09-11","3002",热线复核中心,热线复核,164,29
2402,"2022-09-11","4001",承办单位A,承办单位审核,223,21
2403,"2022-09-11","4001",承办单位A,承办单位处理,208,7
2404,"2022-09-11","4002",承办单位B,承办单位处理,118,11
2405,"2022-09-11","4003",承办复核部A,承办单位复核,144,6
2406,"2022-09-11","5001",结案一部,办结,146,6
2407,"2022-09-11","5002",结案二部,办结,184,30
2408,"2022-09-11","6001",客户回访一组,回访,294,56
2409,"2022-09-11","6002",客户回访二组,回访,237,30
2410,"2022-09-11","6003",客户回访三组,回访,100,1
2411,"2022-09-11","7001",档案管理部,归档,59,6
2412,"2022-09-11","8001",异常工单组,挂起,295,44
2413,"2022-09-12","1001",客服一部,话务员暂存,83,0
2414,"2022-09-12","1001",客服一部,话务员受理,257,35
2415,"2022-09-12","1002",客服二部,话务员受理,134,15
2416,"2022-09-12","2001",业务一科,话务员办理,293,8
2417,"2022-09-12","2002",业务二科,话务员办理,268,2
2418,"2022-09-12","3001",热线审核中心,热线审核,256,19
2419,"2022-09-12","3002",热线复核中心,热线复核,51,6
2420,"2022-09-12","4001",承办单位A,承办单位审核,286,30
2421,"2022-09-12","4001",承办单位A,承办单位处理,104,14
2422,"2022-09-12","4002",承办单位B,承办单位处理,87,3
2423,"2022-09-12","4003",承办复核部A,承办单位复核,261,24
2424,"2022-09-12","5001",结案一部,办结,289,22
2425,"2022-09-12","5002",结案二部,办结,191,0
2426,"2022-09-12","6001",客户回访一组,回访,210,3
2427,"2022-09-12","6002",客户回访二组,回访,248,7
2428,"2022-09-12","6003",客户回访三组,回访,221,30
2429,"2022-09-12","7001",档案管理部,归档,261,17
2430,"2022-09-12","8001",异常工单组,挂起,290,3
2431,"2022-09-13","1001",客服一部,话务员暂存,265,0
2432,"2022-09-13","1001",客服一部,话务员受理,299,57
2433,"2022-09-13","1002",客服二部,话务员受理,229,35
2434,"2022-09-13","2001",业务一科,话务员办理,293,56
2435,"2022-09-13","2002",业务二科,话务员办理,94,4
2436,"2022-09-13","3001",热线审核中心,热线审核,184,26
2437,"2022-09-13","3002",热线复核中心,热线复核,239,43
2438,"2022-09-13","4001",承办单位A,承办单位审核,278,55
2439,"2022-09-13","4001",承办单位A,承办单位处理,289,41
2440,"2022-09-13","4002",承办单位B,承办单位处理,249,9
2441,"2022-09-13","4003",承办复核部A,承办单位复核,133,18
2442,"2022-09-13","5001",结案一部,办结,58,4
2443,"2022-09-13","5002",结案二部,办结,132,16
2444,"2022-09-13","6001",客户回访一组,回访,299,16
2445,"2022-09-13","6002",客户回访二组,回访,68,2
2446,"2022-09-13","6003",客户回访三组,回访,276,6
2447,"2022-09-13","7001",档案管理部,归档,154,2
2448,"2022-09-13","8001",异常工单组,挂起,138,25
2449,"2022-09-14","1001",客服一部,话务员暂存,52,0
2450,"2022-09-14","1001",客服一部,话务员受理,50,7
2451,"2022-09-14","1002",客服二部,话务员受理,191,38
2452,"2022-09-14","2001",业务一科,话务员办理,92,11
2453,"2022-09-14","2002",业务二科,话务员办理,204,17
2454,"2022-09-14","3001",热线审核中心,热线审核,60,12
2455,"2022-09-14","3002",热线复核中心,热线复核,133,14
2456,"2022-09-14","4001",承办单位A,承办单位审核,242,37
2457,"2022-09-14","4001",承办单位A,承办单位处理,211,30
2458,"2022-09-14","4002",承办单位B,承办单位处理,110,9
2459,"2022-09-14","4003",承办复核部A,承办单位复核,71,7
2460,"2022-09-14","5001",结案一部,办结,159,26
2461,"2022-09-14","5002",结案二部,办结,209,40
2462,"2022-09-14","6001",客户回访一组,回访,158,12
2463,"2022-09-14","6002",客户回访二组,回访,168,20
2464,"2022-09-14","6003",客户回访三组,回访,68,6
2465,"2022-09-14","7001",档案管理部,归档,220,9
2466,"2022-09-14","8001",异常工单组,挂起,155,2
2467,"2022-09-15","1001",客服一部,话务员暂存,274,0
2468,"2022-09-15","1001",客服一部,话务员受理,76,9
2469,"2022-09-15","1002",客服二部,话务员受理,191,2
2470,"2022-09-15","2001",业务一科,话务员办理,102,12
2471,"2022-09-15","2002",业务二科,话务员办理,284,13
2472,"2022-09-15","3001",热线审核中心,热线审核,143,23
2473,"2022-09-15","3002",热线复核中心,热线复核,74,8
2474,"2022-09-15","4001",承办单位A,承办单位审核,251,50
2475,"2022-09-15","4001",承办单位A,承办单位处理,81,13
2476,"2022-09-15","4002",承办单位B,承办单位处理,60,5
2477,"2022-09-15","4003",承办复核部A,承办单位复核,110,4
2478,"2022-09-15","5001",结案一部,办结,69,3
2479,"2022-09-15","5002",结案二部,办结,150,23
2480,"2022-09-15","6001",客户回访一组,回访,193,36
2481,"2022-09-15","6002",客户回访二组,回访,273,9
2482,"2022-09-15","6003",客户回访三组,回访,173,7
2483,"2022-09-15","7001",档案管理部,归档,125,20
2484,"2022-09-15","8001",异常工单组,挂起,59,10
2485,"2022-09-16","1001",客服一部,话务员暂存,221,0
2486,"2022-09-16","1001",客服一部,话务员受理,202,29
2487,"2022-09-16","1002",客服二部,话务员受理,97,16
2488,"2022-09-16","2001",业务一科,话务员办理,206,33
2489,"2022-09-16","2002",业务二科,话务员办理,130,20
2490,"2022-09-16","3001",热线审核中心,热线审核,178,1
2491,"2022-09-16","3002",热线复核中心,热线复核,98,11
2492,"2022-09-16","4001",承办单位A,承办单位审核,233,44
2493,"2022-09-16","4001",承办单位A,承办单位处理,85,17
2494,"2022-09-16","4002",承办单位B,承办单位处理,234,31
2495,"2022-09-16","4003",承办复核部A,承办单位复核,218,31
2496,"2022-09-16","5001",结案一部,办结,123,15
2497,"2022-09-16","5002",结案二部,办结,82,6
2498,"2022-09-16","6001",客户回访一组,回访,206,0
2499,"2022-09-16","6002",客户回访二组,回访,221,44
2500,"2022-09-16","6003",客户回访三组,回访,252,5
2501,"2022-09-16","7001",档案管理部,归档,117,14
2502,"2022-09-16","8001",异常工单组,挂起,189,29
2503,"2022-09-17","1001",客服一部,话务员暂存,262,0
2504,"2022-09-17","1001",客服一部,话务员受理,215,32
2505,"2022-09-17","1002",客服二部,话务员受理,233,17
2506,"2022-09-17","2001",业务一科,话务员办理,224,40
2507,"2022-09-17","2002",业务二科,话务员办理,244,5
2508,"2022-09-17","3001",热线审核中心,热线审核,54,4
2509,"2022-09-17","3002",热线复核中心,热线复核,127,20
2510,"2022-09-17","4001",承办单位A,承办单位审核,221,1
2511,"2022-09-17","4001",承办单位A,承办单位处理,292,45
2512,"2022-09-17","4002",承办单位B,承办单位处理,82,16
2513,"2022-09-17","4003",承办复核部A,承办单位复核,112,20
2514,"2022-09-17","5001",结案一部,办结,251,42
2515,"2022-09-17","5002",结案二部,办结,280,29
2516,"2022-09-17","6001",客户回访一组,回访,233,6
2517,"2022-09-17","6002",客户回访二组,回访,163,6
2518,"2022-09-17","6003",客户回访三组,回访,170,29
2519,"2022-09-17","7001",档案管理部,归档,201,11
2520,"2022-09-17","8001",异常工单组,挂起,244,32
2521,"2022-09-18","1001",客服一部,话务员暂存,208,0
2522,"2022-09-18","1001",客服一部,话务员受理,235,25
2523,"2022-09-18","1002",客服二部,话务员受理,112,1
2524,"2022-09-18","2001",业务一科,话务员办理,50,0
2525,"2022-09-18","2002",业务二科,话务员办理,261,42
2526,"2022-09-18","3001",热线审核中心,热线审核,69,10
2527,"2022-09-18","3002",热线复核中心,热线复核,52,4
2528,"2022-09-18","4001",承办单位A,承办单位审核,246,17
2529,"2022-09-18","4001",承办单位A,承办单位处理,299,8
2530,"2022-09-18","4002",承办单位B,承办单位处理,124,10
2531,"2022-09-18","4003",承办复核部A,承办单位复核,131,2
2532,"2022-09-18","5001",结案一部,办结,63,9
2533,"2022-09-18","5002",结案二部,办结,229,43
2534,"2022-09-18","6001",客户回访一组,回访,140,9
2535,"2022-09-18","6002",客户回访二组,回访,279,29
2536,"2022-09-18","6003",客户回访三组,回访,248,37
2537,"2022-09-18","7001",档案管理部,归档,64,6
2538,"2022-09-18","8001",异常工单组,挂起,104,2
2539,"2022-09-19","1001",客服一部,话务员暂存,52,0
2540,"2022-09-19","1001",客服一部,话务员受理,163,30
2541,"2022-09-19","1002",客服二部,话务员受理,53,2
2542,"2022-09-19","2001",业务一科,话务员办理,54,10
2543,"2022-09-19","2002",业务二科,话务员办理,175,24
2544,"2022-09-19","3001",热线审核中心,热线审核,59,10
2545,"2022-09-19","3002",热线复核中心,热线复核,60,0
2546,"2022-09-19","4001",承办单位A,承办单位审核,219,22
2547,"2022-09-19","4001",承办单位A,承办单位处理,160,23
2548,"2022-09-19","4002",承办单位B,承办单位处理,201,32
2549,"2022-09-19","4003",承办复核部A,承办单位复核,191,10
2550,"2022-09-19","5001",结案一部,办结,208,6
2551,"2022-09-19","5002",结案二部,办结,209,17
2552,"2022-09-19","6001",客户回访一组,回访,52,4
2553,"2022-09-19","6002",客户回访二组,回访,122,24
2554,"2022-09-19","6003",客户回访三组,回访,160,15
2555,"2022-09-19","7001",档案管理部,归档,218,12
2556,"2022-09-19","8001",异常工单组,挂起,117,5
2557,"2022-09-20","1001",客服一部,话务员暂存,223,0
2558,"2022-09-20","1001",客服一部,话务员受理,168,23
2559,"2022-09-20","1002",客服二部,话务员受理,210,9
2560,"2022-09-20","2001",业务一科,话务员办理,92,12
2561,"2022-09-20","2002",业务二科,话务员办理,275,1
2562,"2022-09-20","3001",热线审核中心,热线审核,93,2
2563,"2022-09-20","3002",热线复核中心,热线复核,244,6
2564,"2022-09-20","4001",承办单位A,承办单位审核,80,0
2565,"2022-09-20","4001",承办单位A,承办单位处理,56,11
2566,"2022-09-20","4002",承办单位B,承办单位处理,109,2
2567,"2022-09-20","4003",承办复核部A,承办单位复核,277,9
2568,"2022-09-20","5001",结案一部,办结,51,7
2569,"2022-09-20","5002",结案二部,办结,200,37
2570,"2022-09-20","6001",客户回访一组,回访,139,19
2571,"2022-09-20","6002",客户回访二组,回访,273,40
2572,"2022-09-20","6003",客户回访三组,回访,135,16
2573,"2022-09-20","7001",档案管理部,归档,253,49
2574,"2022-09-20","8001",异常工单组,挂起,234,34
2575,"2022-09-21","1001",客服一部,话务员暂存,256,0
2576,"2022-09-21","1001",客服一部,话务员受理,292,38
2577,"2022-09-21","1002",客服二部,话务员受理,223,34
2578,"2022-09-21","2001",业务一科,话务员办理,224,17
2579,"2022-09-21","2002",业务二科,话务员办理,133,25
2580,"2022-09-21","3001",热线审核中心,热线审核,199,36
2581,"2022-09-21","3002",热线复核中心,热线复核,194,0
2582,"2022-09-21","4001",承办单位A,承办单位审核,194,28
2583,"2022-09-21","4001",承办单位A,承办单位处理,104,6
2584,"2022-09-21","4002",承办单位B,承办单位处理,81,12
2585,"2022-09-21","4003",承办复核部A,承办单位复核,205,33
2586,"2022-09-21","5001",结案一部,办结,116,15
2587,"2022-09-21","5002",结案二部,办结,93,18
2588,"2022-09-21","6001",客户回访一组,回访,62,9
2589,"2022-09-21","6002",客户回访二组,回访,63,1
2590,"2022-09-21","6003",客户回访三组,回访,100,3
2591,"2022-09-21","7001",档案管理部,归档,281,43
2592,"2022-09-21","8001",异常工单组,挂起,168,27
2593,"2022-09-22","1001",客服一部,话务员暂存,58,0
2594,"2022-09-22","1001",客服一部,话务员受理,80,7
2595,"2022-09-22","1002",客服二部,话务员受理,243,35
2596,"2022-09-22","2001",业务一科,话务员办理,145,18
2597,"2022-09-22","2002",业务二科,话务员办理,292,8
2598,"2022-09-22","3001",热线审核中心,热线审核,78,4
2599,"2022-09-22","3002",热线复核中心,热线复核,104,5
2600,"2022-09-22","4001",承办单位A,承办单位审核,241,39
2601,"2022-09-22","4001",承办单位A,承办单位处理,282,26
2602,"2022-09-22","4002",承办单位B,承办单位处理,218,17
2603,"2022-09-22","4003",承办复核部A,承办单位复核,95,10
2604,"2022-09-22","5001",结案一部,办结,220,18
2605,"2022-09-22","5002",结案二部,办结,294,11
2606,"2022-09-22","6001",客户回访一组,回访,289,50
2607,"2022-09-22","6002",客户回访二组,回访,245,11
2608,"2022-09-22","6003",客户回访三组,回访,137,27
2609,"2022-09-22","7001",档案管理部,归档,188,23
2610,"2022-09-22","8001",异常工单组,挂起,221,5
2611,"2022-09-23","1001",客服一部,话务员暂存,176,0
2612,"2022-09-23","1001",客服一部,话务员受理,227,13
2613,"2022-09-23","1002",客服二部,话务员受理,281,36
2614,"2022-09-23","2001",业务一科,话务员办理,238,8
2615,"2022-09-23","2002",业务二科,话务员办理,232,22
2616,"2022-09-23","3001",热线审核中心,热线审核,279,53
2617,"2022-09-23","3002",热线复核中心,热线复核,260,16
2618,"2022-09-23","4001",承办单位A,承办单位审核,180,9
2619,"2022-09-23","4001",承办单位A,承办单位处理,78,6
2620,"2022-09-23","4002",承办单位B,承办单位处理,51,6
2621,"2022-09-23","4003",承办复核部A,承办单位复核,172,7
2622,"2022-09-23","5001",结案一部,办结,299,57
2623,"2022-09-23","5002",结案二部,办结,74,10
2624,"2022-09-23","6001",客户回访一组,回访,146,2
2625,"2022-09-23","6002",客户回访二组,回访,241,37
2626,"2022-09-23","6003",客户回访三组,回访,95,17
2627,"2022-09-23","7001",档案管理部,归档,212,40
2628,"2022-09-23","8001",异常工单组,挂起,224,5
2629,"2022-09-24","1001",客服一部,话务员暂存,145,0
2630,"2022-09-24","1001",客服一部,话务员受理,161,2
2631,"2022-09-24","1002",客服二部,话务员受理,220,32
2632,"2022-09-24","2001",业务一科,话务员办理,168,9
2633,"2022-09-24","2002",业务二科,话务员办理,60,0
2634,"2022-09-24","3001",热线审核中心,热线审核,160,30
2635,"2022-09-24","3002",热线复核中心,热线复核,69,0
2636,"2022-09-24","4001",承办单位A,承办单位审核,131,19
2637,"2022-09-24","4001",承办单位A,承办单位处理,227,23
2638,"2022-09-24","4002",承办单位B,承办单位处理,197,10
2639,"2022-09-24","4003",承办复核部A,承办单位复核,109,9
2640,"2022-09-24","5001",结案一部,办结,298,3
2641,"2022-09-24","5002",结案二部,办结,233,11
2642,"2022-09-24","6001",客户回访一组,回访,295,15
2643,"2022-09-24","6002",客户回访二组,回访,261,34
2644,"2022-09-24","6003",客户回访三组,回访,227,5
2645,"2022-09-24","7001",档案管理部,归档,229,20
2646,"2022-09-24","8001",异常工单组,挂起,299,49
2647,"2022-09-25","1001",客服一部,话务员暂存,157,0
2648,"2022-09-25","1001",客服一部,话务员受理,139,18
2649,"2022-09-25","1002",客服二部,话务员受理,164,28
2650,"2022-09-25","2001",业务一科,话务员办理,239,33
2651,"2022-09-25","2002",业务二科,话务员办理,112,9
2652,"2022-09-25","3001",热线审核中心,热线审核,240,5
2653,"2022-09-25","3002",热线复核中心,热线复核,183,29
2654,"2022-09-25","4001",承办单位A,承办单位审核,296,42
2655,"2022-09-25","4001",承办单位A,承办单位处理,171,30
2656,"2022-09-25","4002",承办单位B,承办单位处理,52,1
2657,"2022-09-25","4003",承办复核部A,承办单位复核,130,3
2658,"2022-09-25","5001",结案一部,办结,203,2
2659,"2022-09-25","5002",结案二部,办结,71,2
2660,"2022-09-25","6001",客户回访一组,回访,192,21
2661,"2022-09-25","6002",客户回访二组,回访,230,38
2662,"2022-09-25","6003",客户回访三组,回访,236,21
2663,"2022-09-25","7001",档案管理部,归档,267,42
2664,"2022-09-25","8001",异常工单组,挂起,157,26
2665,"2022-09-26","1001",客服一部,话务员暂存,265,0
2666,"2022-09-26","1001",客服一部,话务员受理,51,5
2667,"2022-09-26","1002",客服二部,话务员受理,109,17
2668,"2022-09-26","2001",业务一科,话务员办理,180,20
2669,"2022-09-26","2002",业务二科,话务员办理,256,33
2670,"2022-09-26","3001",热线审核中心,热线审核,156,14
2671,"2022-09-26","3002",热线复核中心,热线复核,130,12
2672,"2022-09-26","4001",承办单位A,承办单位审核,100,20
2673,"2022-09-26","4001",承办单位A,承办单位处理,225,4
2674,"2022-09-26","4002",承办单位B,承办单位处理,189,3
2675,"2022-09-26","4003",承办复核部A,承办单位复核,161,15
2676,"2022-09-26","5001",结案一部,办结,279,55
2677,"2022-09-26","5002",结案二部,办结,186,13
2678,"2022-09-26","6001",客户回访一组,回访,292,47
2679,"2022-09-26","6002",客户回访二组,回访,189,28
2680,"2022-09-26","6003",客户回访三组,回访,128,22
2681,"2022-09-26","7001",档案管理部,归档,149,6
2682,"2022-09-26","8001",异常工单组,挂起,187,9
2683,"2022-09-27","1001",客服一部,话务员暂存,61,0
2684,"2022-09-27","1001",客服一部,话务员受理,147,12
2685,"2022-09-27","1002",客服二部,话务员受理,164,19
2686,"2022-09-27","2001",业务一科,话务员办理,157,31
2687,"2022-09-27","2002",业务二科,话务员办理,130,10
2688,"2022-09-27","3001",热线审核中心,热线审核,88,1
2689,"2022-09-27","3002",热线复核中心,热线复核,293,45
2690,"2022-09-27","4001",承办单位A,承办单位审核,208,26
2691,"2022-09-27","4001",承办单位A,承办单位处理,263,27
2692,"2022-09-27","4002",承办单位B,承办单位处理,175,13
2693,"2022-09-27","4003",承办复核部A,承办单位复核,78,9
2694,"2022-09-27","5001",结案一部,办结,226,4
2695,"2022-09-27","5002",结案二部,办结,134,17
2696,"2022-09-27","6001",客户回访一组,回访,271,13
2697,"2022-09-27","6002",客户回访二组,回访,261,35
2698,"2022-09-27","6003",客户回访三组,回访,167,11
2699,"2022-09-27","7001",档案管理部,归档,130,23
2700,"2022-09-27","8001",异常工单组,挂起,257,38
2701,"2022-09-28","1001",客服一部,话务员暂存,258,0
2702,"2022-09-28","1001",客服一部,话务员受理,238,27
2703,"2022-09-28","1002",客服二部,话务员受理,205,36
2704,"2022-09-28","2001",业务一科,话务员办理,123,4
2705,"2022-09-28","2002",业务二科,话务员办理,221,41
2706,"2022-09-28","3001",热线审核中心,热线审核,276,23
2707,"2022-09-28","3002",热线复核中心,热线复核,74,1
2708,"2022-09-28","4001",承办单位A,承办单位审核,179,20
2709,"2022-09-28","4001",承办单位A,承办单位处理,175,18
2710,"2022-09-28","4002",承办单位B,承办单位处理,246,48
2711,"2022-09-28","4003",承办复核部A,承办单位复核,239,13
2712,"2022-09-28","5001",结案一部,办结,74,5
2713,"2022-09-28","5002",结案二部,办结,192,23
2714,"2022-09-28","6001",客户回访一组,回访,198,19
2715,"2022-09-28","6002",客户回访二组,回访,120,11
2716,"2022-09-28","6003",客户回访三组,回访,272,45
2717,"2022-09-28","7001",档案管理部,归档,279,22
2718,"2022-09-28","8001",异常工单组,挂起,126,15
2719,"2022-09-29","1001",客服一部,话务员暂存,275,0
2720,"2022-09-29","1001",客服一部,话务员受理,81,6
2721,"2022-09-29","1002",客服二部,话务员受理,270,54
2722,"2022-09-29","2001",业务一科,话务员办理,59,9
2723,"2022-09-29","2002",业务二科,话务员办理,133,1
2724,"2022-09-29","3001",热线审核中心,热线审核,233,11
2725,"2022-09-29","3002",热线复核中心,热线复核,214,0
2726,"2022-09-29","4001",承办单位A,承办单位审核,86,14
2727,"2022-09-29","4001",承办单位A,承办单位处理,138,11
2728,"2022-09-29","4002",承办单位B,承办单位处理,118,6
2729,"2022-09-29","4003",承办复核部A,承办单位复核,167,11
2730,"2022-09-29","5001",结案一部,办结,223,4
2731,"2022-09-29","5002",结案二部,办结,204,40
2732,"2022-09-29","6001",客户回访一组,回访,240,34
2733,"2022-09-29","6002",客户回访二组,回访,112,4
2734,"2022-09-29","6003",客户回访三组,回访,203,15
2735,"2022-09-29","7001",档案管理部,归档,72,6
2736,"2022-09-29","8001",异常工单组,挂起,253,6
2737,"2022-09-30","1001",客服一部,话务员暂存,254,0
2738,"2022-09-30","1001",客服一部,话务员受理,239,12
2739,"2022-09-30","1002",客服二部,话务员受理,100,0
2740,"2022-09-30","2001",业务一科,话务员办理,286,26
2741,"2022-09-30","2002",业务二科,话务员办理,295,54
2742,"2022-09-30","3001",热线审核中心,热线审核,205,35
2743,"2022-09-30","3002",热线复核中心,热线复核,144,6
2744,"2022-09-30","4001",承办单位A,承办单位审核,267,30
2745,"2022-09-30","4001",承办单位A,承办单位处理,197,2
2746,"2022-09-30","4002",承办单位B,承办单位处理,136,10
2747,"2022-09-30","4003",承办复核部A,承办单位复核,54,6
2748,"2022-09-30","5001",结案一部,办结,249,48
2749,"2022-09-30","5002",结案二部,办结,252,5
2750,"2022-09-30","6001",客户回访一组,回访,85,15
2751,"2022-09-30","6002",客户回访二组,回访,59,8
2752,"2022-09-30","6003",客户回访三组,回访,273,49
2753,"2022-09-30","7001",档案管理部,归档,281,31
2754,"2022-09-30","8001",异常工单组,挂起,89,4
2755,"2022-10-01","1001",客服一部,话务员暂存,81,0
2756,"2022-10-01","1001",客服一部,话务员受理,226,28
2757,"2022-10-01","1002",客服二部,话务员受理,238,16
2758,"2022-10-01","2001",业务一科,话务员办理,256,19
2759,"2022-10-01","2002",业务二科,话务员办理,114,0
2760,"2022-10-01","3001",热线审核中心,热线审核,268,29
2761,"2022-10-01","3002",热线复核中心,热线复核,300,34
2762,"2022-10-01","4001",承办单位A,承办单位审核,218,26
2763,"2022-10-01","4001",承办单位A,承办单位处理,239,14
2764,"2022-10-01","4002",承办单位B,承办单位处理,159,23
2765,"2022-10-01","4003",承办复核部A,承办单位复核,101,8
2766,"2022-10-01","5001",结案一部,办结,133,15
2767,"2022-10-01","5002",结案二部,办结,289,27
2768,"2022-10-01","6001",客户回访一组,回访,294,27
2769,"2022-10-01","6002",客户回访二组,回访,83,4
2770,"2022-10-01","6003",客户回访三组,回访,94,2
2771,"2022-10-01","7001",档案管理部,归档,282,18
2772,"2022-10-01","8001",异常工单组,挂起,269,44
2773,"2022-10-02","1001",客服一部,话务员暂存,107,0
2774,"2022-10-02","1001",客服一部,话务员受理,139,7
2775,"2022-10-02","1002",客服二部,话务员受理,98,0
2776,"2022-10-02","2001",业务一科,话务员办理,261,8
2777,"2022-10-02","2002",业务二科,话务员办理,256,18
2778,"2022-10-02","3001",热线审核中心,热线审核,227,25
2779,"2022-10-02","3002",热线复核中心,热线复核,66,5
2780,"2022-10-02","4001",承办单位A,承办单位审核,284,9
2781,"2022-10-02","4001",承办单位A,承办单位处理,109,7
2782,"2022-10-02","4002",承办单位B,承办单位处理,101,7
2783,"2022-10-02","4003",承办复核部A,承办单位复核,240,21
2784,"2022-10-02","5001",结案一部,办结,120,13
2785,"2022-10-02","5002",结案二部,办结,65,13
2786,"2022-10-02","6001",客户回访一组,回访,146,27
2787,"2022-10-02","6002",客户回访二组,回访,197,26
2788,"2022-10-02","6003",客户回访三组,回访,195,3
2789,"2022-10-02","7001",档案管理部,归档,285,4
2790,"2022-10-02","8001",异常工单组,挂起,163,14
2791,"2022-10-03","1001",客服一部,话务员暂存,53,0
2792,"2022-10-03","1001",客服一部,话务员受理,200,21
2793,"2022-10-03","1002",客服二部,话务员受理,228,14
2794,"2022-10-03","2001",业务一科,话务员办理,134,7
2795,"2022-10-03","2002",业务二科,话务员办理,71,10
2796,"2022-10-03","3001",热线审核中心,热线审核,253,17
2797,"2022-10-03","3002",热线复核中心,热线复核,78,5
2798,"2022-10-03","4001",承办单位A,承办单位审核,193,11
2799,"2022-10-03","4001",承办单位A,承办单位处理,155,21
2800,"2022-10-03","4002",承办单位B,承办单位处理,253,17
2801,"2022-10-03","4003",承办复核部A,承办单位复核,105,6
2802,"2022-10-03","5001",结案一部,办结,72,5
2803,"2022-10-03","5002",结案二部,办结,128,6
2804,"2022-10-03","6001",客户回访一组,回访,203,18
2805,"2022-10-03","6002",客户回访二组,回访,62,8
2806,"2022-10-03","6003",客户回访三组,回访,142,20
2807,"2022-10-03","7001",档案管理部,归档,171,29
2808,"2022-10-03","8001",异常工单组,挂起,52,3
2809,"2022-10-04","1001",客服一部,话务员暂存,223,0
2810,"2022-10-04","1001",客服一部,话务员受理,146,22
2811,"2022-10-04","1002",客服二部,话务员受理,75,2
2812,"2022-10-04","2001",业务一科,话务员办理,254,3
2813,"2022-10-04","2002",业务二科,话务员办理,213,42
2814,"2022-10-04","3001",热线审核中心,热线审核,288,40
2815,"2022-10-04","3002",热线复核中心,热线复核,77,2
2816,"2022-10-04","4001",承办单位A,承办单位审核,82,5
2817,"2022-10-04","4001",承办单位A,承办单位处理,50,8
2818,"2022-10-04","4002",承办单位B,承办单位处理,64,11
2819,"2022-10-04","4003",承办复核部A,承办单位复核,245,36
2820,"2022-10-04","5001",结案一部,办结,291,58
2821,"2022-10-04","5002",结案二部,办结,194,17
2822,"2022-10-04","6001",客户回访一组,回访,289,31
2823,"2022-10-04","6002",客户回访二组,回访,231,44
2824,"2022-10-04","6003",客户回访三组,回访,106,13
2825,"2022-10-04","7001",档案管理部,归档,246,8
2826,"2022-10-04","8001",异常工单组,挂起,234,29
2827,"2022-10-05","1001",客服一部,话务员暂存,64,0
2828,"2022-10-05","1001",客服一部,话务员受理,178,27
2829,"2022-10-05","1002",客服二部,话务员受理,107,12
2830,"2022-10-05","2001",业务一科,话务员办理,87,9
2831,"2022-10-05","2002",业务二科,话务员办理,252,18
2832,"2022-10-05","3001",热线审核中心,热线审核,61,2
2833,"2022-10-05","3002",热线复核中心,热线复核,176,22
2834,"2022-10-05","4001",承办单位A,承办单位审核,206,30
2835,"2022-10-05","4001",承办单位A,承办单位处理,259,25
2836,"2022-10-05","4002",承办单位B,承办单位处理,270,16
2837,"2022-10-05","4003",承办复核部A,承办单位复核,114,16
2838,"2022-10-05","5001",结案一部,办结,65,1
2839,"2022-10-05","5002",结案二部,办结,115,15
2840,"2022-10-05","6001",客户回访一组,回访,148,28
2841,"2022-10-05","6002",客户回访二组,回访,248,26
2842,"2022-10-05","6003",客户回访三组,回访,241,37
2843,"2022-10-05","7001",档案管理部,归档,271,11
2844,"2022-10-05","8001",异常工单组,挂起,213,24
2845,"2022-10-06","1001",客服一部,话务员暂存,126,0
2846,"2022-10-06","1001",客服一部,话务员受理,300,11
2847,"2022-10-06","1002",客服二部,话务员受理,240,40
2848,"2022-10-06","2001",业务一科,话务员办理,79,7
2849,"2022-10-06","2002",业务二科,话务员办理,109,10
2850,"2022-10-06","3001",热线审核中心,热线审核,133,16
2851,"2022-10-06","3002",热线复核中心,热线复核,261,13
2852,"2022-10-06","4001",承办单位A,承办单位审核,162,13
2853,"2022-10-06","4001",承办单位A,承办单位处理,92,11
2854,"2022-10-06","4002",承办单位B,承办单位处理,270,2
2855,"2022-10-06","4003",承办复核部A,承办单位复核,66,10
2856,"2022-10-06","5001",结案一部,办结,233,46
2857,"2022-10-06","5002",结案二部,办结,55,3
2858,"2022-10-06","6001",客户回访一组,回访,283,24
2859,"2022-10-06","6002",客户回访二组,回访,212,17
2860,"2022-10-06","6003",客户回访三组,回访,194,16
2861,"2022-10-06","7001",档案管理部,归档,104,10
2862,"2022-10-06","8001",异常工单组,挂起,190,38
2863,"2022-10-07","1001",客服一部,话务员暂存,166,0
2864,"2022-10-07","1001",客服一部,话务员受理,122,24
2865,"2022-10-07","1002",客服二部,话务员受理,208,2
2866,"2022-10-07","2001",业务一科,话务员办理,134,21
2867,"2022-10-07","2002",业务二科,话务员办理,290,24
2868,"2022-10-07","3001",热线审核中心,热线审核,167,8
2869,"2022-10-07","3002",热线复核中心,热线复核,152,23
2870,"2022-10-07","4001",承办单位A,承办单位审核,175,10
2871,"2022-10-07","4001",承办单位A,承办单位处理,113,21
2872,"2022-10-07","4002",承办单位B,承办单位处理,197,35
2873,"2022-10-07","4003",承办复核部A,承办单位复核,269,33
2874,"2022-10-07","5001",结案一部,办结,66,11
2875,"2022-10-07","5002",结案二部,办结,178,31
2876,"2022-10-07","6001",客户回访一组,回访,287,15
2877,"2022-10-07","6002",客户回访二组,回访,62,10
2878,"2022-10-07","6003",客户回访三组,回访,193,28
2879,"2022-10-07","7001",档案管理部,归档,124,12
2880,"2022-10-07","8001",异常工单组,挂起,53,7
2881,"2022-10-08","1001",客服一部,话务员暂存,181,0
2882,"2022-10-08","1001",客服一部,话务员受理,192,38
2883,"2022-10-08","1002",客服二部,话务员受理,233,8
2884,"2022-10-08","2001",业务一科,话务员办理,98,6
2885,"2022-10-08","2002",业务二科,话务员办理,193,27
2886,"2022-10-08","3001",热线审核中心,热线审核,252,10
2887,"2022-10-08","3002",热线复核中心,热线复核,133,25
2888,"2022-10-08","4001",承办单位A,承办单位审核,165,21
2889,"2022-10-08","4001",承办单位A,承办单位处理,207,26
2890,"2022-10-08","4002",承办单位B,承办单位处理,63,5
2891,"2022-10-08","4003",承办复核部A,承办单位复核,137,24
2892,"2022-10-08","5001",结案一部,办结,212,1
2893,"2022-10-08","5002",结案二部,办结,198,29
2894,"2022-10-08","6001",客户回访一组,回访,187,13
2895,"2022-10-08","6002",客户回访二组,回访,271,18
2896,"2022-10-08","6003",客户回访三组,回访,158,2
2897,"2022-10-08","7001",档案管理部,归档,95,1
2898,"2022-10-08","8001",异常工单组,挂起,59,7
2899,"2022-10-09","1001",客服一部,话务员暂存,129,0
2900,"2022-10-09","1001",客服一部,话务员受理,99,12
2901,"2022-10-09","1002",客服二部,话务员受理,213,3
2902,"2022-10-09","2001",业务一科,话务员办理,130,4
2903,"2022-10-09","2002",业务二科,话务员办理,277,39
2904,"2022-10-09","3001",热线审核中心,热线审核,77,0
2905,"2022-10-09","3002",热线复核中心,热线复核,184,7
2906,"2022-10-09","4001",承办单位A,承办单位审核,166,15
2907,"2022-10-09","4001",承办单位A,承办单位处理,102,10
2908,"2022-10-09","4002",承办单位B,承办单位处理,278,33
2909,"2022-10-09","4003",承办复核部A,承办单位复核,260,8
2910,"2022-10-09","5001",结案一部,办结,53,2
2911,"2022-10-09","5002",结案二部,办结,150,12
2912,"2022-10-09","6001",客户回访一组,回访,82,8
2913,"2022-10-09","6002",客户回访二组,回访,286,25
2914,"2022-10-09","6003",客户回访三组,回访,57,9
2915,"2022-10-09","7001",档案管理部,归档,176,10
2916,"2022-10-09","8001",异常工单组,挂起,93,1
2917,"2022-10-10","1001",客服一部,话务员暂存,235,0
2918,"2022-10-10","1001",客服一部,话务员受理,70,4
2919,"2022-10-10","1002",客服二部,话务员受理,174,31
2920,"2022-10-10","2001",业务一科,话务员办理,56,10
2921,"2022-10-10","2002",业务二科,话务员办理,194,17
2922,"2022-10-10","3001",热线审核中心,热线审核,157,31
2923,"2022-10-10","3002",热线复核中心,热线复核,280,23
2924,"2022-10-10","4001",承办单位A,承办单位审核,274,17
2925,"2022-10-10","4001",承办单位A,承办单位处理,277,20
2926,"2022-10-10","4002",承办单位B,承办单位处理,220,1
2927,"2022-10-10","4003",承办复核部A,承办单位复核,218,5
2928,"2022-10-10","5001",结案一部,办结,267,45
2929,"2022-10-10","5002",结案二部,办结,263,5
2930,"2022-10-10","6001",客户回访一组,回访,300,5
2931,"2022-10-10","6002",客户回访二组,回访,112,15
2932,"2022-10-10","6003",客户回访三组,回访,293,38
2933,"2022-10-10","7001",档案管理部,归档,68,3
2934,"2022-10-10","8001",异常工单组,挂起,151,21
2935,"2022-10-11","1001",客服一部,话务员暂存,104,0
2936,"2022-10-11","1001",客服一部,话务员受理,138,11
2937,"2022-10-11","1002",客服二部,话务员受理,287,41
2938,"2022-10-11","2001",业务一科,话务员办理,299,49
2939,"2022-10-11","2002",业务二科,话务员办理,74,0
2940,"2022-10-11","3001",热线审核中心,热线审核,265,50
2941,"2022-10-11","3002",热线复核中心,热线复核,143,21
2942,"2022-10-11","4001",承办单位A,承办单位审核,284,23
2943,"2022-10-11","4001",承办单位A,承办单位处理,101,19
2944,"2022-10-11","4002",承办单位B,承办单位处理,236,19
2945,"2022-10-11","4003",承办复核部A,承办单位复核,280,13
2946,"2022-10-11","5001",结案一部,办结,239,2
2947,"2022-10-11","5002",结案二部,办结,76,12
2948,"2022-10-11","6001",客户回访一组,回访,180,7
2949,"2022-10-11","6002",客户回访二组,回访,213,29
2950,"2022-10-11","6003",客户回访三组,回访,100,7
2951,"2022-10-11","7001",档案管理部,归档,215,12
2952,"2022-10-11","8001",异常工单组,挂起,61,3
2953,"2022-10-12","1001",客服一部,话务员暂存,147,0
2954,"2022-10-12","1001",客服一部,话务员受理,108,17
2955,"2022-10-12","1002",客服二部,话务员受理,176,33
2956,"2022-10-12","2001",业务一科,话务员办理,83,5
2957,"2022-10-12","2002",业务二科,话务员办理,163,12
2958,"2022-10-12","3001",热线审核中心,热线审核,63,5
2959,"2022-10-12","3002",热线复核中心,热线复核,280,30
2960,"2022-10-12","4001",承办单位A,承办单位审核,82,4
2961,"2022-10-12","4001",承办单位A,承办单位处理,216,15
2962,"2022-10-12","4002",承办单位B,承办单位处理,287,3
2963,"2022-10-12","4003",承办复核部A,承办单位复核,134,2
2964,"2022-10-12","5001",结案一部,办结,204,38
2965,"2022-10-12","5002",结案二部,办结,274,34
2966,"2022-10-12","6001",客户回访一组,回访,213,22
2967,"2022-10-12","6002",客户回访二组,回访,64,3
2968,"2022-10-12","6003",客户回访三组,回访,232,15
2969,"2022-10-12","7001",档案管理部,归档,85,4
2970,"2022-10-12","8001",异常工单组,挂起,175,1
2971,"2022-10-13","1001",客服一部,话务员暂存,140,0
2972,"2022-10-13","1001",客服一部,话务员受理,167,24
2973,"2022-10-13","1002",客服二部,话务员受理,51,5
2974,"2022-10-13","2001",业务一科,话务员办理,62,3
2975,"2022-10-13","2002",业务二科,话务员办理,284,45
2976,"2022-10-13","3001",热线审核中心,热线审核,191,30
2977,"2022-10-13","3002",热线复核中心,热线复核,71,13
2978,"2022-10-13","4001",承办单位A,承办单位审核,95,12
2979,"2022-10-13","4001",承办单位A,承办单位处理,298,53
2980,"2022-10-13","4002",承办单位B,承办单位处理,257,41
2981,"2022-10-13","4003",承办复核部A,承办单位复核,218,27
2982,"2022-10-13","5001",结案一部,办结,175,24
2983,"2022-10-13","5002",结案二部,办结,211,23
2984,"2022-10-13","6001",客户回访一组,回访,56,2
2985,"2022-10-13","6002",客户回访二组,回访,205,3
2986,"2022-10-13","6003",客户回访三组,回访,121,23
2987,"2022-10-13","7001",档案管理部,归档,80,0
2988,"2022-10-13","8001",异常工单组,挂起,77,0
2989,"2022-10-14","1001",客服一部,话务员暂存,173,0
2990,"2022-10-14","1001",客服一部,话务员受理,268,15
2991,"2022-10-14","1002",客服二部,话务员受理,206,27
2992,"2022-10-14","2001",业务一科,话务员办理,117,1
2993,"2022-10-14","2002",业务二科,话务员办理,119,19
2994,"2022-10-14","3001",热线审核中心,热线审核,100,16
2995,"2022-10-14","3002",热线复核中心,热线复核,174,8
2996,"2022-10-14","4001",承办单位A,承办单位审核,135,3
2997,"2022-10-14","4001",承办单位A,承办单位处理,229,13
2998,"2022-10-14","4002",承办单位B,承办单位处理,101,17
2999,"2022-10-14","4003",承办复核部A,承办单位复核,282,51
3000,"2022-10-14","5001",结案一部,办结,127,12
3001,"2022-10-14","5002",结案二部,办结,249,6
3002,"2022-10-14","6001",客户回访一组,回访,256,7
3003,"2022-10-14","6002",客户回访二组,回访,290,9
3004,"2022-10-14","6003",客户回访三组,回访,209,40
3005,"2022-10-14","7001",档案管理部,归档,256,22
3006,"2022-10-14","8001",异常工单组,挂起,88,5
3007,"2022-10-15","1001",客服一部,话务员暂存,179,0
3008,"2022-10-15","1001",客服一部,话务员受理,140,18
3009,"2022-10-15","1002",客服二部,话务员受理,150,13
3010,"2022-10-15","2001",业务一科,话务员办理,222,15
3011,"2022-10-15","2002",业务二科,话务员办理,257,22
3012,"2022-10-15","3001",热线审核中心,热线审核,111,12
3013,"2022-10-15","3002",热线复核中心,热线复核,176,25
3014,"2022-10-15","4001",承办单位A,承办单位审核,273,25
3015,"2022-10-15","4001",承办单位A,承办单位处理,235,5
3016,"2022-10-15","4002",承办单位B,承办单位处理,65,4
3017,"2022-10-15","4003",承办复核部A,承办单位复核,239,31
3018,"2022-10-15","5001",结案一部,办结,284,27
3019,"2022-10-15","5002",结案二部,办结,154,24
3020,"2022-10-15","6001",客户回访一组,回访,86,2
3021,"2022-10-15","6002",客户回访二组,回访,224,20
3022,"2022-10-15","6003",客户回访三组,回访,223,12
3023,"2022-10-15","7001",档案管理部,归档,55,6
3024,"2022-10-15","8001",异常工单组,挂起,168,4
3025,"2022-10-16","1001",客服一部,话务员暂存,132,0
3026,"2022-10-16","1001",客服一部,话务员受理,82,6
3027,"2022-10-16","1002",客服二部,话务员受理,257,15
3028,"2022-10-16","2001",业务一科,话务员办理,288,57
3029,"2022-10-16","2002",业务二科,话务员办理,78,9
3030,"2022-10-16","3001",热线审核中心,热线审核,226,43
3031,"2022-10-16","3002",热线复核中心,热线复核,119,10
3032,"2022-10-16","4001",承办单位A,承办单位审核,136,25
3033,"2022-10-16","4001",承办单位A,承办单位处理,202,36
3034,"2022-10-16","4002",承办单位B,承办单位处理,155,2
3035,"2022-10-16","4003",承办复核部A,承办单位复核,128,22
3036,"2022-10-16","5001",结案一部,办结,288,49
3037,"2022-10-16","5002",结案二部,办结,179,26
3038,"2022-10-16","6001",客户回访一组,回访,158,12
3039,"2022-10-16","6002",客户回访二组,回访,279,10
3040,"2022-10-16","6003",客户回访三组,回访,263,38
3041,"2022-10-16","7001",档案管理部,归档,205,27
3042,"2022-10-16","8001",异常工单组,挂起,86,11
3043,"2022-10-17","1001",客服一部,话务员暂存,171,0
3044,"2022-10-17","1001",客服一部,话务员受理,275,18
3045,"2022-10-17","1002",客服二部,话务员受理,239,23
3046,"2022-10-17","2001",业务一科,话务员办理,119,5
3047,"2022-10-17","2002",业务二科,话务员办理,66,3
3048,"2022-10-17","3001",热线审核中心,热线审核,137,5
3049,"2022-10-17","3002",热线复核中心,热线复核,200,37
3050,"2022-10-17","4001",承办单位A,承办单位审核,217,33
3051,"2022-10-17","4001",承办单位A,承办单位处理,292,12
3052,"2022-10-17","4002",承办单位B,承办单位处理,182,12
3053,"2022-10-17","4003",承办复核部A,承办单位复核,155,27
3054,"2022-10-17","5001",结案一部,办结,133,9
3055,"2022-10-17","5002",结案二部,办结,227,36
3056,"2022-10-17","6001",客户回访一组,回访,149,4
3057,"2022-10-17","6002",客户回访二组,回访,283,7
3058,"2022-10-17","6003",客户回访三组,回访,106,20
3059,"2022-10-17","7001",档案管理部,归档,253,29
3060,"2022-10-17","8001",异常工单组,挂起,73,6
3061,"2022-10-18","1001",客服一部,话务员暂存,255,0
3062,"2022-10-18","1001",客服一部,话务员受理,190,36
3063,"2022-10-18","1002",客服二部,话务员受理,187,32
3064,"2022-10-18","2001",业务一科,话务员办理,166,1
3065,"2022-10-18","2002",业务二科,话务员办理,298,15
3066,"2022-10-18","3001",热线审核中心,热线审核,286,11
3067,"2022-10-18","3002",热线复核中心,热线复核,271,21
3068,"2022-10-18","4001",承办单位A,承办单位审核,153,22
3069,"2022-10-18","4001",承办单位A,承办单位处理,201,30
3070,"2022-10-18","4002",承办单位B,承办单位处理,212,6
3071,"2022-10-18","4003",承办复核部A,承办单位复核,243,23
3072,"2022-10-18","5001",结案一部,办结,60,12
3073,"2022-10-18","5002",结案二部,办结,174,3
3074,"2022-10-18","6001",客户回访一组,回访,193,32
3075,"2022-10-18","6002",客户回访二组,回访,123,4
3076,"2022-10-18","6003",客户回访三组,回访,245,46
3077,"2022-10-18","7001",档案管理部,归档,155,18
3078,"2022-10-18","8001",异常工单组,挂起,233,30
3079,"2022-10-19","1001",客服一部,话务员暂存,171,0
3080,"2022-10-19","1001",客服一部,话务员受理,132,11
3081,"2022-10-19","1002",客服二部,话务员受理,204,3
3082,"2022-10-19","2001",业务一科,话务员办理,124,11
3083,"2022-10-19","2002",业务二科,话务员办理,78,14
3084,"2022-10-19","3001",热线审核中心,热线审核,196,30
3085,"2022-10-19","3002",热线复核中心,热线复核,144,5
3086,"2022-10-19","4001",承办单位A,承办单位审核,202,7
3087,"2022-10-19","4001",承办单位A,承办单位处理,136,6
3088,"2022-10-19","4002",承办单位B,承办单位处理,121,15
3089,"2022-10-19","4003",承办复核部A,承办单位复核,102,4
3090,"2022-10-19","5001",结案一部,办结,204,19
3091,"2022-10-19","5002",结案二部,办结,128,13
3092,"2022-10-19","6001",客户回访一组,回访,50,6
3093,"2022-10-19","6002",客户回访二组,回访,116,2
3094,"2022-10-19","6003",客户回访三组,回访,262,37
3095,"2022-10-19","7001",档案管理部,归档,152,14
3096,"2022-10-19","8001",异常工单组,挂起,254,37
3097,"2022-10-20","1001",客服一部,话务员暂存,271,0
3098,"2022-10-20","1001",客服一部,话务员受理,215,35
3099,"2022-10-20","1002",客服二部,话务员受理,186,36
3100,"2022-10-20","2001",业务一科,话务员办理,280,24
3101,"2022-10-20","2002",业务二科,话务员办理,259,20
3102,"2022-10-20","3001",热线审核中心,热线审核,160,28
3103,"2022-10-20","3002",热线复核中心,热线复核,118,19
3104,"2022-10-20","4001",承办单位A,承办单位审核,258,2
3105,"2022-10-20","4001",承办单位A,承办单位处理,126,25
3106,"2022-10-20","4002",承办单位B,承办单位处理,261,33
3107,"2022-10-20","4003",承办复核部A,承办单位复核,70,8
3108,"2022-10-20","5001",结案一部,办结,134,20
3109,"2022-10-20","5002",结案二部,办结,194,36
3110,"2022-10-20","6001",客户回访一组,回访,98,11
3111,"2022-10-20","6002",客户回访二组,回访,229,33
3112,"2022-10-20","6003",客户回访三组,回访,128,1
3113,"2022-10-20","7001",档案管理部,归档,105,14
3114,"2022-10-20","8001",异常工单组,挂起,258,1
3115,"2022-10-21","1001",客服一部,话务员暂存,233,0
3116,"2022-10-21","1001",客服一部,话务员受理,71,6
3117,"2022-10-21","1002",客服二部,话务员受理,99,3
3118,"2022-10-21","2001",业务一科,话务员办理,276,54
3119,"2022-10-21","2002",业务二科,话务员办理,72,0
3120,"2022-10-21","3001",热线审核中心,热线审核,123,12
3121,"2022-10-21","3002",热线复核中心,热线复核,101,15
3122,"2022-10-21","4001",承办单位A,承办单位审核,151,18
3123,"2022-10-21","4001",承办单位A,承办单位处理,91,11
3124,"2022-10-21","4002",承办单位B,承办单位处理,224,16
3125,"2022-10-21","4003",承办复核部A,承办单位复核,218,13
3126,"2022-10-21","5001",结案一部,办结,300,50
3127,"2022-10-21","5002",结案二部,办结,165,18
3128,"2022-10-21","6001",客户回访一组,回访,72,9
3129,"2022-10-21","6002",客户回访二组,回访,112,5
3130,"2022-10-21","6003",客户回访三组,回访,161,25
3131,"2022-10-21","7001",档案管理部,归档,141,24
3132,"2022-10-21","8001",异常工单组,挂起,236,23
3133,"2022-10-22","1001",客服一部,话务员暂存,226,0
3134,"2022-10-22","1001",客服一部,话务员受理,273,7
3135,"2022-10-22","1002",客服二部,话务员受理,109,14
3136,"2022-10-22","2001",业务一科,话务员办理,85,16
3137,"2022-10-22","2002",业务二科,话务员办理,74,4
3138,"2022-10-22","3001",热线审核中心,热线审核,218,19
3139,"2022-10-22","3002",热线复核中心,热线复核,93,15
3140,"2022-10-22","4001",承办单位A,承办单位审核,63,5
3141,"2022-10-22","4001",承办单位A,承办单位处理,251,27
3142,"2022-10-22","4002",承办单位B,承办单位处理,156,22
3143,"2022-10-22","4003",承办复核部A,承办单位复核,83,7
3144,"2022-10-22","5001",结案一部,办结,136,18
3145,"2022-10-22","5002",结案二部,办结,102,1
3146,"2022-10-22","6001",客户回访一组,回访,208,34
3147,"2022-10-22","6002",客户回访二组,回访,52,5
3148,"2022-10-22","6003",客户回访三组,回访,119,13
3149,"2022-10-22","7001",档案管理部,归档,96,13
3150,"2022-10-22","8001",异常工单组,挂起,118,5
3151,"2022-10-23","1001",客服一部,话务员暂存,144,0
3152,"2022-10-23","1001",客服一部,话务员受理,76,9
3153,"2022-10-23","1002",客服二部,话务员受理,104,19
3154,"2022-10-23","2001",业务一科,话务员办理,99,11
3155,"2022-10-23","2002",业务二科,话务员办理,258,12
3156,"2022-10-23","3001",热线审核中心,热线审核,87,15
3157,"2022-10-23","3002",热线复核中心,热线复核,219,26
3158,"2022-10-23","4001",承办单位A,承办单位审核,127,11
3159,"2022-10-23","4001",承办单位A,承办单位处理,66,0
3160,"2022-10-23","4002",承办单位B,承办单位处理,244,1
3161,"2022-10-23","4003",承办复核部A,承办单位复核,167,25
3162,"2022-10-23","5001",结案一部,办结,237,37
3163,"2022-10-23","5002",结案二部,办结,81,16
3164,"2022-10-23","6001",客户回访一组,回访,170,13
3165,"2022-10-23","6002",客户回访二组,回访,217,33
3166,"2022-10-23","6003",客户回访三组,回访,213,20
3167,"2022-10-23","7001",档案管理部,归档,297,17
3168,"2022-10-23","8001",异常工单组,挂起,115,18
3169,"2022-10-24","1001",客服一部,话务员暂存,54,0
3170,"2022-10-24","1001",客服一部,话务员受理,99,8
3171,"2022-10-24","1002",客服二部,话务员受理,274,19
3172,"2022-10-24","2001",业务一科,话务员办理,223,34
3173,"2022-10-24","2002",业务二科,话务员办理,220,41
3174,"2022-10-24","3001",热线审核中心,热线审核,161,16
3175,"2022-10-24","3002",热线复核中心,热线复核,282,19
3176,"2022-10-24","4001",承办单位A,承办单位审核,279,1
3177,"2022-10-24","4001",承办单位A,承办单位处理,255,31
3178,"2022-10-24","4002",承办单位B,承办单位处理,203,7
3179,"2022-10-24","4003",承办复核部A,承办单位复核,92,11
3180,"2022-10-24","5001",结案一部,办结,273,6
3181,"2022-10-24","5002",结案二部,办结,250,19
3182,"2022-10-24","6001",客户回访一组,回访,297,18
3183,"2022-10-24","6002",客户回访二组,回访,66,0
3184,"2022-10-24","6003",客户回访三组,回访,242,5
3185,"2022-10-24","7001",档案管理部,归档,118,10
3186,"2022-10-24","8001",异常工单组,挂起,178,12
3187,"2022-10-25","1001",客服一部,话务员暂存,219,0
3188,"2022-10-25","1001",客服一部,话务员受理,224,28
3189,"2022-10-25","1002",客服二部,话务员受理,166,14
3190,"2022-10-25","2001",业务一科,话务员办理,59,7
3191,"2022-10-25","2002",业务二科,话务员办理,272,46
3192,"2022-10-25","3001",热线审核中心,热线审核,84,5
3193,"2022-10-25","3002",热线复核中心,热线复核,209,11
3194,"2022-10-25","4001",承办单位A,承办单位审核,71,13
3195,"2022-10-25","4001",承办单位A,承办单位处理,148,12
3196,"2022-10-25","4002",承办单位B,承办单位处理,55,0
3197,"2022-10-25","4003",承办复核部A,承办单位复核,54,10
3198,"2022-10-25","5001",结案一部,办结,269,36
3199,"2022-10-25","5002",结案二部,办结,255,12
3200,"2022-10-25","6001",客户回访一组,回访,273,27
3201,"2022-10-25","6002",客户回访二组,回访,279,3
3202,"2022-10-25","6003",客户回访三组,回访,100,2
3203,"2022-10-25","7001",档案管理部,归档,170,5
3204,"2022-10-25","8001",异常工单组,挂起,269,12
3205,"2022-10-26","1001",客服一部,话务员暂存,142,0
3206,"2022-10-26","1001",客服一部,话务员受理,96,15
3207,"2022-10-26","1002",客服二部,话务员受理,171,14
3208,"2022-10-26","2001",业务一科,话务员办理,83,3
3209,"2022-10-26","2002",业务二科,话务员办理,276,10
3210,"2022-10-26","3001",热线审核中心,热线审核,90,7
3211,"2022-10-26","3002",热线复核中心,热线复核,248,12
3212,"2022-10-26","4001",承办单位A,承办单位审核,71,0
3213,"2022-10-26","4001",承办单位A,承办单位处理,108,19
3214,"2022-10-26","4002",承办单位B,承办单位处理,193,19
3215,"2022-10-26","4003",承办复核部A,承办单位复核,59,8
3216,"2022-10-26","5001",结案一部,办结,129,22
3217,"2022-10-26","5002",结案二部,办结,114,17
3218,"2022-10-26","6001",客户回访一组,回访,166,8
3219,"2022-10-26","6002",客户回访二组,回访,293,46
3220,"2022-10-26","6003",客户回访三组,回访,275,17
3221,"2022-10-26","7001",档案管理部,归档,93,9
3222,"2022-10-26","8001",异常工单组,挂起,170,15
3223,"2022-10-27","1001",客服一部,话务员暂存,55,0
3224,"2022-10-27","1001",客服一部,话务员受理,201,6
3225,"2022-10-27","1002",客服二部,话务员受理,205,38
3226,"2022-10-27","2001",业务一科,话务员办理,100,15
3227,"2022-10-27","2002",业务二科,话务员办理,135,13
3228,"2022-10-27","3001",热线审核中心,热线审核,135,22
3229,"2022-10-27","3002",热线复核中心,热线复核,57,3
3230,"2022-10-27","4001",承办单位A,承办单位审核,192,5
3231,"2022-10-27","4001",承办单位A,承办单位处理,270,46
3232,"2022-10-27","4002",承办单位B,承办单位处理,103,0
3233,"2022-10-27","4003",承办复核部A,承办单位复核,191,32
3234,"2022-10-27","5001",结案一部,办结,201,6
3235,"2022-10-27","5002",结案二部,办结,221,8
3236,"2022-10-27","6001",客户回访一组,回访,164,19
3237,"2022-10-27","6002",客户回访二组,回访,141,20
3238,"2022-10-27","6003",客户回访三组,回访,171,7
3239,"2022-10-27","7001",档案管理部,归档,157,3
3240,"2022-10-27","8001",异常工单组,挂起,262,24
3241,"2022-10-28","1001",客服一部,话务员暂存,87,0
3242,"2022-10-28","1001",客服一部,话务员受理,227,33
3243,"2022-10-28","1002",客服二部,话务员受理,82,7
3244,"2022-10-28","2001",业务一科,话务员办理,188,14
3245,"2022-10-28","2002",业务二科,话务员办理,176,31
3246,"2022-10-28","3001",热线审核中心,热线审核,295,46
3247,"2022-10-28","3002",热线复核中心,热线复核,266,21
3248,"2022-10-28","4001",承办单位A,承办单位审核,164,15
3249,"2022-10-28","4001",承办单位A,承办单位处理,168,7
3250,"2022-10-28","4002",承办单位B,承办单位处理,108,6
3251,"2022-10-28","4003",承办复核部A,承办单位复核,197,26
3252,"2022-10-28","5001",结案一部,办结,51,8
3253,"2022-10-28","5002",结案二部,办结,154,18
3254,"2022-10-28","6001",客户回访一组,回访,106,10
3255,"2022-10-28","6002",客户回访二组,回访,143,3
3256,"2022-10-28","6003",客户回访三组,回访,190,27
3257,"2022-10-28","7001",档案管理部,归档,288,38
3258,"2022-10-28","8001",异常工单组,挂起,74,2
3259,"2022-10-29","1001",客服一部,话务员暂存,109,0
3260,"2022-10-29","1001",客服一部,话务员受理,282,24
3261,"2022-10-29","1002",客服二部,话务员受理,91,18
3262,"2022-10-29","2001",业务一科,话务员办理,176,30
3263,"2022-10-29","2002",业务二科,话务员办理,290,57
3264,"2022-10-29","3001",热线审核中心,热线审核,131,11
3265,"2022-10-29","3002",热线复核中心,热线复核,104,9
3266,"2022-10-29","4001",承办单位A,承办单位审核,159,24
3267,"2022-10-29","4001",承办单位A,承办单位处理,114,19
3268,"2022-10-29","4002",承办单位B,承办单位处理,109,8
3269,"2022-10-29","4003",承办复核部A,承办单位复核,298,41
3270,"2022-10-29","5001",结案一部,办结,217,33
3271,"2022-10-29","5002",结案二部,办结,58,7
3272,"2022-10-29","6001",客户回访一组,回访,75,7
3273,"2022-10-29","6002",客户回访二组,回访,281,30
3274,"2022-10-29","6003",客户回访三组,回访,117,9
3275,"2022-10-29","7001",档案管理部,归档,64,2
3276,"2022-10-29","8001",异常工单组,挂起,194,35
3277,"2022-10-30","1001",客服一部,话务员暂存,147,0
3278,"2022-10-30","1001",客服一部,话务员受理,177,6
3279,"2022-10-30","1002",客服二部,话务员受理,183,14
3280,"2022-10-30","2001",业务一科,话务员办理,156,15
3281,"2022-10-30","2002",业务二科,话务员办理,160,31
3282,"2022-10-30","3001",热线审核中心,热线审核,274,39
3283,"2022-10-30","3002",热线复核中心,热线复核,279,40
3284,"2022-10-30","4001",承办单位A,承办单位审核,196,13
3285,"2022-10-30","4001",承办单位A,承办单位处理,209,12
3286,"2022-10-30","4002",承办单位B,承办单位处理,104,2
3287,"2022-10-30","4003",承办复核部A,承办单位复核,213,3
3288,"2022-10-30","5001",结案一部,办结,118,23
3289,"2022-10-30","5002",结案二部,办结,171,23
3290,"2022-10-30","6001",客户回访一组,回访,136,24
3291,"2022-10-30","6002",客户回访二组,回访,68,3
3292,"2022-10-30","6003",客户回访三组,回访,53,9
3293,"2022-10-30","7001",档案管理部,归档,93,15
3294,"2022-10-30","8001",异常工单组,挂起,143,24
3295,"2022-10-31","1001",客服一部,话务员暂存,192,0
3296,"2022-10-31","1001",客服一部,话务员受理,194,20
3297,"2022-10-31","1002",客服二部,话务员受理,78,15
3298,"2022-10-31","2001",业务一科,话务员办理,80,16
3299,"2022-10-31","2002",业务二科,话务员办理,170,13
3300,"2022-10-31","3001",热线审核中心,热线审核,150,10
3301,"2022-10-31","3002",热线复核中心,热线复核,216,42
3302,"2022-10-31","4001",承办单位A,承办单位审核,253,34
3303,"2022-10-31","4001",承办单位A,承办单位处理,142,6
3304,"2022-10-31","4002",承办单位B,承办单位处理,276,51
3305,"2022-10-31","4003",承办复核部A,承办单位复核,202,31
3306,"2022-10-31","5001",结案一部,办结,137,24
3307,"2022-10-31","5002",结案二部,办结,163,8
3308,"2022-10-31","6001",客户回访一组,回访,203,8
3309,"2022-10-31","6002",客户回访二组,回访,290,8
3310,"2022-10-31","6003",客户回访三组,回访,115,15
3311,"2022-10-31","7001",档案管理部,归档,210,1
3312,"2022-10-31","8001",异常工单组,挂起,222,21
3313,"2022-11-01","1001",客服一部,话务员暂存,68,0
3314,"2022-11-01","1001",客服一部,话务员受理,60,4
3315,"2022-11-01","1002",客服二部,话务员受理,70,11
3316,"2022-11-01","2001",业务一科,话务员办理,179,34
3317,"2022-11-01","2002",业务二科,话务员办理,258,45
3318,"2022-11-01","3001",热线审核中心,热线审核,53,8
3319,"2022-11-01","3002",热线复核中心,热线复核,270,18
3320,"2022-11-01","4001",承办单位A,承办单位审核,139,9
3321,"2022-11-01","4001",承办单位A,承办单位处理,118,15
3322,"2022-11-01","4002",承办单位B,承办单位处理,246,37
3323,"2022-11-01","4003",承办复核部A,承办单位复核,143,23
3324,"2022-11-01","5001",结案一部,办结,288,29
3325,"2022-11-01","5002",结案二部,办结,87,0
3326,"2022-11-01","6001",客户回访一组,回访,108,13
3327,"2022-11-01","6002",客户回访二组,回访,89,16
3328,"2022-11-01","6003",客户回访三组,回访,165,26
3329,"2022-11-01","7001",档案管理部,归档,66,9
3330,"2022-11-01","8001",异常工单组,挂起,290,39
3331,"2022-11-02","1001",客服一部,话务员暂存,172,0
3332,"2022-11-02","1001",客服一部,话务员受理,81,13
3333,"2022-11-02","1002",客服二部,话务员受理,182,27
3334,"2022-11-02","2001",业务一科,话务员办理,83,12
3335,"2022-11-02","2002",业务二科,话务员办理,192,9
3336,"2022-11-02","3001",热线审核中心,热线审核,212,20
3337,"2022-11-02","3002",热线复核中心,热线复核,145,23
3338,"2022-11-02","4001",承办单位A,承办单位审核,138,20
3339,"2022-11-02","4001",承办单位A,承办单位处理,122,4
3340,"2022-11-02","4002",承办单位B,承办单位处理,219,0
3341,"2022-11-02","4003",承办复核部A,承办单位复核,212,1
3342,"2022-11-02","5001",结案一部,办结,156,17
3343,"2022-11-02","5002",结案二部,办结,80,3
3344,"2022-11-02","6001",客户回访一组,回访,295,9
3345,"2022-11-02","6002",客户回访二组,回访,169,29
3346,"2022-11-02","6003",客户回访三组,回访,196,21
3347,"2022-11-02","7001",档案管理部,归档,265,50
3348,"2022-11-02","8001",异常工单组,挂起,243,45
3349,"2022-11-03","1001",客服一部,话务员暂存,150,0
3350,"2022-11-03","1001",客服一部,话务员受理,154,25
3351,"2022-11-03","1002",客服二部,话务员受理,171,15
3352,"2022-11-03","2001",业务一科,话务员办理,283,49
3353,"2022-11-03","2002",业务二科,话务员办理,128,16
3354,"2022-11-03","3001",热线审核中心,热线审核,84,9
3355,"2022-11-03","3002",热线复核中心,热线复核,213,42
3356,"2022-11-03","4001",承办单位A,承办单位审核,262,26
3357,"2022-11-03","4001",承办单位A,承办单位处理,132,14
3358,"2022-11-03","4002",承办单位B,承办单位处理,87,13
3359,"2022-11-03","4003",承办复核部A,承办单位复核,254,34
3360,"2022-11-03","5001",结案一部,办结,292,23
3361,"2022-11-03","5002",结案二部,办结,252,39
3362,"2022-11-03","6001",客户回访一组,回访,249,11
3363,"2022-11-03","6002",客户回访二组,回访,99,4
3364,"2022-11-03","6003",客户回访三组,回访,143,28
3365,"2022-11-03","7001",档案管理部,归档,253,30
3366,"2022-11-03","8001",异常工单组,挂起,73,0
3367,"2022-11-04","1001",客服一部,话务员暂存,140,0
3368,"2022-11-04","1001",客服一部,话务员受理,149,5
3369,"2022-11-04","1002",客服二部,话务员受理,168,29
3370,"2022-11-04","2001",业务一科,话务员办理,72,3
3371,"2022-11-04","2002",业务二科,话务员办理,128,2
3372,"2022-11-04","3001",热线审核中心,热线审核,91,6
3373,"2022-11-04","3002",热线复核中心,热线复核,202,13
3374,"2022-11-04","4001",承办单位A,承办单位审核,51,2
3375,"2022-11-04","4001",承办单位A,承办单位处理,276,32
3376,"2022-11-04","4002",承办单位B,承办单位处理,241,10
3377,"2022-11-04","4003",承办复核部A,承办单位复核,126,1
3378,"2022-11-04","5001",结案一部,办结,71,5
3379,"2022-11-04","5002",结案二部,办结,249,3
3380,"2022-11-04","6001",客户回访一组,回访,63,0
3381,"2022-11-04","6002",客户回访二组,回访,206,24
3382,"2022-11-04","6003",客户回访三组,回访,76,12
3383,"2022-11-04","7001",档案管理部,归档,243,7
3384,"2022-11-04","8001",异常工单组,挂起,253,22
3385,"2022-11-05","1001",客服一部,话务员暂存,190,0
3386,"2022-11-05","1001",客服一部,话务员受理,127,6
3387,"2022-11-05","1002",客服二部,话务员受理,76,6
3388,"2022-11-05","2001",业务一科,话务员办理,116,4
3389,"2022-11-05","2002",业务二科,话务员办理,206,36
3390,"2022-11-05","3001",热线审核中心,热线审核,168,20
3391,"2022-11-05","3002",热线复核中心,热线复核,181,28
3392,"2022-11-05","4001",承办单位A,承办单位审核,77,11
3393,"2022-11-05","4001",承办单位A,承办单位处理,106,14
3394,"2022-11-05","4002",承办单位B,承办单位处理,57,7
3395,"2022-11-05","4003",承办复核部A,承办单位复核,88,9
3396,"2022-11-05","5001",结案一部,办结,249,44
3397,"2022-11-05","5002",结案二部,办结,242,3
3398,"2022-11-05","6001",客户回访一组,回访,232,29
3399,"2022-11-05","6002",客户回访二组,回访,98,16
3400,"2022-11-05","6003",客户回访三组,回访,231,45
3401,"2022-11-05","7001",档案管理部,归档,59,9
3402,"2022-11-05","8001",异常工单组,挂起,216,13
3403,"2022-11-06","1001",客服一部,话务员暂存,55,0
3404,"2022-11-06","1001",客服一部,话务员受理,64,1
3405,"2022-11-06","1002",客服二部,话务员受理,108,9
3406,"2022-11-06","2001",业务一科,话务员办理,205,37
3407,"2022-11-06","2002",业务二科,话务员办理,212,17
3408,"2022-11-06","3001",热线审核中心,热线审核,257,51
3409,"2022-11-06","3002",热线复核中心,热线复核,119,15
3410,"2022-11-06","4001",承办单位A,承办单位审核,129,21
3411,"2022-11-06","4001",承办单位A,承办单位处理,207,39
3412,"2022-11-06","4002",承办单位B,承办单位处理,137,15
3413,"2022-11-06","4003",承办复核部A,承办单位复核,255,24
3414,"2022-11-06","5001",结案一部,办结,86,1
3415,"2022-11-06","5002",结案二部,办结,263,13
3416,"2022-11-06","6001",客户回访一组,回访,213,24
3417,"2022-11-06","6002",客户回访二组,回访,192,9
3418,"2022-11-06","6003",客户回访三组,回访,80,9
3419,"2022-11-06","7001",档案管理部,归档,75,14
3420,"2022-11-06","8001",异常工单组,挂起,118,9
3421,"2022-11-07","1001",客服一部,话务员暂存,173,0
3422,"2022-11-07","1001",客服一部,话务员受理,78,3
3423,"2022-11-07","1002",客服二部,话务员受理,150,12
3424,"2022-11-07","2001",业务一科,话务员办理,236,18
3425,"2022-11-07","2002",业务二科,话务员办理,276,42
3426,"2022-11-07","3001",热线审核中心,热线审核,58,1
3427,"2022-11-07","3002",热线复核中心,热线复核,277,16
3428,"2022-11-07","4001",承办单位A,承办单位审核,55,11
3429,"2022-11-07","4001",承办单位A,承办单位处理,167,18
3430,"2022-11-07","4002",承办单位B,承办单位处理,103,15
3431,"2022-11-07","4003",承办复核部A,承办单位复核,161,21
3432,"2022-11-07","5001",结案一部,办结,146,11
3433,"2022-11-07","5002",结案二部,办结,218,18
3434,"2022-11-07","6001",客户回访一组,回访,98,14
3435,"2022-11-07","6002",客户回访二组,回访,210,24
3436,"2022-11-07","6003",客户回访三组,回访,117,13
3437,"2022-11-07","7001",档案管理部,归档,144,16
3438,"2022-11-07","8001",异常工单组,挂起,233,40
3439,"2022-11-08","1001",客服一部,话务员暂存,270,0
3440,"2022-11-08","1001",客服一部,话务员受理,240,26
3441,"2022-11-08","1002",客服二部,话务员受理,234,44
3442,"2022-11-08","2001",业务一科,话务员办理,238,16
3443,"2022-11-08","2002",业务二科,话务员办理,65,12
3444,"2022-11-08","3001",热线审核中心,热线审核,81,7
3445,"2022-11-08","3002",热线复核中心,热线复核,126,4
3446,"2022-11-08","4001",承办单位A,承办单位审核,69,11
3447,"2022-11-08","4001",承办单位A,承办单位处理,104,17
3448,"2022-11-08","4002",承办单位B,承办单位处理,238,47
3449,"2022-11-08","4003",承办复核部A,承办单位复核,242,13
3450,"2022-11-08","5001",结案一部,办结,182,29
3451,"2022-11-08","5002",结案二部,办结,251,31
3452,"2022-11-08","6001",客户回访一组,回访,251,6
3453,"2022-11-08","6002",客户回访二组,回访,131,7
3454,"2022-11-08","6003",客户回访三组,回访,165,32
3455,"2022-11-08","7001",档案管理部,归档,230,9
3456,"2022-11-08","8001",异常工单组,挂起,204,34
3457,"2022-11-09","1001",客服一部,话务员暂存,167,0
3458,"2022-11-09","1001",客服一部,话务员受理,115,0
3459,"2022-11-09","1002",客服二部,话务员受理,115,20
3460,"2022-11-09","2001",业务一科,话务员办理,231,4
3461,"2022-11-09","2002",业务二科,话务员办理,166,23
3462,"2022-11-09","3001",热线审核中心,热线审核,133,22
3463,"2022-11-09","3002",热线复核中心,热线复核,277,5
3464,"2022-11-09","4001",承办单位A,承办单位审核,264,27
3465,"2022-11-09","4001",承办单位A,承办单位处理,211,14
3466,"2022-11-09","4002",承办单位B,承办单位处理,253,44
3467,"2022-11-09","4003",承办复核部A,承办单位复核,270,32
3468,"2022-11-09","5001",结案一部,办结,201,12
3469,"2022-11-09","5002",结案二部,办结,294,46
3470,"2022-11-09","6001",客户回访一组,回访,67,11
3471,"2022-11-09","6002",客户回访二组,回访,243,16
3472,"2022-11-09","6003",客户回访三组,回访,88,15
3473,"2022-11-09","7001",档案管理部,归档,99,2
3474,"2022-11-09","8001",异常工单组,挂起,122,14
3475,"2022-11-10","1001",客服一部,话务员暂存,76,0
3476,"2022-11-10","1001",客服一部,话务员受理,244,42
3477,"2022-11-10","1002",客服二部,话务员受理,140,17
3478,"2022-11-10","2001",业务一科,话务员办理,103,0
3479,"2022-11-10","2002",业务二科,话务员办理,267,40
3480,"2022-11-10","3001",热线审核中心,热线审核,159,11
3481,"2022-11-10","3002",热线复核中心,热线复核,113,14
3482,"2022-11-10","4001",承办单位A,承办单位审核,168,3
3483,"2022-11-10","4001",承办单位A,承办单位处理,76,8
3484,"2022-11-10","4002",承办单位B,承办单位处理,125,23
3485,"2022-11-10","4003",承办复核部A,承办单位复核,120,2
3486,"2022-11-10","5001",结案一部,办结,63,12
3487,"2022-11-10","5002",结案二部,办结,262,20
3488,"2022-11-10","6001",客户回访一组,回访,54,2
3489,"2022-11-10","6002",客户回访二组,回访,199,0
3490,"2022-11-10","6003",客户回访三组,回访,244,16
3491,"2022-11-10","7001",档案管理部,归档,80,8
3492,"2022-11-10","8001",异常工单组,挂起,252,29
3493,"2022-11-11","1001",客服一部,话务员暂存,73,0
3494,"2022-11-11","1001",客服一部,话务员受理,119,5
3495,"2022-11-11","1002",客服二部,话务员受理,271,18
3496,"2022-11-11","2001",业务一科,话务员办理,298,49
3497,"2022-11-11","2002",业务二科,话务员办理,285,21
3498,"2022-11-11","3001",热线审核中心,热线审核,226,42
3499,"2022-11-11","3002",热线复核中心,热线复核,122,18
3500,"2022-11-11","4001",承办单位A,承办单位审核,272,20
3501,"2022-11-11","4001",承办单位A,承办单位处理,262,11
3502,"2022-11-11","4002",承办单位B,承办单位处理,269,34
3503,"2022-11-11","4003",承办复核部A,承办单位复核,79,14
3504,"2022-11-11","5001",结案一部,办结,255,4
3505,"2022-11-11","5002",结案二部,办结,77,4
3506,"2022-11-11","6001",客户回访一组,回访,227,10
3507,"2022-11-11","6002",客户回访二组,回访,157,0
3508,"2022-11-11","6003",客户回访三组,回访,104,0
3509,"2022-11-11","7001",档案管理部,归档,51,0
3510,"2022-11-11","8001",异常工单组,挂起,231,38
3511,"2022-11-12","1001",客服一部,话务员暂存,71,0
3512,"2022-11-12","1001",客服一部,话务员受理,213,40
3513,"2022-11-12","1002",客服二部,话务员受理,245,49
3514,"2022-11-12","2001",业务一科,话务员办理,151,27
3515,"2022-11-12","2002",业务二科,话务员办理,256,5
3516,"2022-11-12","3001",热线审核中心,热线审核,264,29
3517,"2022-11-12","3002",热线复核中心,热线复核,98,8
3518,"2022-11-12","4001",承办单位A,承办单位审核,231,3
3519,"2022-11-12","4001",承办单位A,承办单位处理,236,39
3520,"2022-11-12","4002",承办单位B,承办单位处理,112,1
3521,"2022-11-12","4003",承办复核部A,承办单位复核,266,20
3522,"2022-11-12","5001",结案一部,办结,216,11
3523,"2022-11-12","5002",结案二部,办结,163,13
3524,"2022-11-12","6001",客户回访一组,回访,136,6
3525,"2022-11-12","6002",客户回访二组,回访,73,2
3526,"2022-11-12","6003",客户回访三组,回访,220,8
3527,"2022-11-12","7001",档案管理部,归档,108,17
3528,"2022-11-12","8001",异常工单组,挂起,121,8
3529,"2022-11-13","1001",客服一部,话务员暂存,145,0
3530,"2022-11-13","1001",客服一部,话务员受理,249,35
3531,"2022-11-13","1002",客服二部,话务员受理,123,4
3532,"2022-11-13","2001",业务一科,话务员办理,233,8
3533,"2022-11-13","2002",业务二科,话务员办理,126,18
3534,"2022-11-13","3001",热线审核中心,热线审核,208,40
3535,"2022-11-13","3002",热线复核中心,热线复核,218,22
3536,"2022-11-13","4001",承办单位A,承办单位审核,101,6
3537,"2022-11-13","4001",承办单位A,承办单位处理,232,37
3538,"2022-11-13","4002",承办单位B,承办单位处理,132,14
3539,"2022-11-13","4003",承办复核部A,承办单位复核,147,28
3540,"2022-11-13","5001",结案一部,办结,137,19
3541,"2022-11-13","5002",结案二部,办结,209,40
3542,"2022-11-13","6001",客户回访一组,回访,144,23
3543,"2022-11-13","6002",客户回访二组,回访,167,3
3544,"2022-11-13","6003",客户回访三组,回访,200,8
3545,"2022-11-13","7001",档案管理部,归档,298,53
3546,"2022-11-13","8001",异常工单组,挂起,136,9
3547,"2022-11-14","1001",客服一部,话务员暂存,278,0
3548,"2022-11-14","1001",客服一部,话务员受理,176,11
3549,"2022-11-14","1002",客服二部,话务员受理,63,11
3550,"2022-11-14","2001",业务一科,话务员办理,75,11
3551,"2022-11-14","2002",业务二科,话务员办理,290,16
3552,"2022-11-14","3001",热线审核中心,热线审核,55,5
3553,"2022-11-14","3002",热线复核中心,热线复核,194,10
3554,"2022-11-14","4001",承办单位A,承办单位审核,174,4
3555,"2022-11-14","4001",承办单位A,承办单位处理,298,15
3556,"2022-11-14","4002",承办单位B,承办单位处理,63,2
3557,"2022-11-14","4003",承办复核部A,承办单位复核,182,34
3558,"2022-11-14","5001",结案一部,办结,209,26
3559,"2022-11-14","5002",结案二部,办结,142,28
3560,"2022-11-14","6001",客户回访一组,回访,149,14
3561,"2022-11-14","6002",客户回访二组,回访,206,12
3562,"2022-11-14","6003",客户回访三组,回访,265,39
3563,"2022-11-14","7001",档案管理部,归档,174,0
3564,"2022-11-14","8001",异常工单组,挂起,111,16
3565,"2022-11-15","1001",客服一部,话务员暂存,208,0
3566,"2022-11-15","1001",客服一部,话务员受理,79,9
3567,"2022-11-15","1002",客服二部,话务员受理,173,14
3568,"2022-11-15","2001",业务一科,话务员办理,136,2
3569,"2022-11-15","2002",业务二科,话务员办理,264,19
3570,"2022-11-15","3001",热线审核中心,热线审核,136,15
3571,"2022-11-15","3002",热线复核中心,热线复核,98,0
3572,"2022-11-15","4001",承办单位A,承办单位审核,244,22
3573,"2022-11-15","4001",承办单位A,承办单位处理,241,8
3574,"2022-11-15","4002",承办单位B,承办单位处理,189,6
3575,"2022-11-15","4003",承办复核部A,承办单位复核,289,1
3576,"2022-11-15","5001",结案一部,办结,205,12
3577,"2022-11-15","5002",结案二部,办结,61,12
3578,"2022-11-15","6001",客户回访一组,回访,188,32
3579,"2022-11-15","6002",客户回访二组,回访,295,37
3580,"2022-11-15","6003",客户回访三组,回访,162,3
3581,"2022-11-15","7001",档案管理部,归档,296,15
3582,"2022-11-15","8001",异常工单组,挂起,185,13
3583,"2022-11-16","1001",客服一部,话务员暂存,157,0
3584,"2022-11-16","1001",客服一部,话务员受理,180,5
3585,"2022-11-16","1002",客服二部,话务员受理,257,10
3586,"2022-11-16","2001",业务一科,话务员办理,249,41
3587,"2022-11-16","2002",业务二科,话务员办理,122,17
3588,"2022-11-16","3001",热线审核中心,热线审核,113,21
3589,"2022-11-16","3002",热线复核中心,热线复核,69,9
3590,"2022-11-16","4001",承办单位A,承办单位审核,130,13
3591,"2022-11-16","4001",承办单位A,承办单位处理,123,20
3592,"2022-11-16","4002",承办单位B,承办单位处理,151,10
3593,"2022-11-16","4003",承办复核部A,承办单位复核,169,19
3594,"2022-11-16","5001",结案一部,办结,120,5
3595,"2022-11-16","5002",结案二部,办结,109,0
3596,"2022-11-16","6001",客户回访一组,回访,165,16
3597,"2022-11-16","6002",客户回访二组,回访,114,21
3598,"2022-11-16","6003",客户回访三组,回访,240,43
3599,"2022-11-16","7001",档案管理部,归档,185,15
3600,"2022-11-16","8001",异常工单组,挂起,123,12
3601,"2022-11-17","1001",客服一部,话务员暂存,60,0
3602,"2022-11-17","1001",客服一部,话务员受理,73,14
3603,"2022-11-17","1002",客服二部,话务员受理,76,3
3604,"2022-11-17","2001",业务一科,话务员办理,232,15
3605,"2022-11-17","2002",业务二科,话务员办理,201,2
3606,"2022-11-17","3001",热线审核中心,热线审核,114,21
3607,"2022-11-17","3002",热线复核中心,热线复核,226,11
3608,"2022-11-17","4001",承办单位A,承办单位审核,273,13
3609,"2022-11-17","4001",承办单位A,承办单位处理,92,0
3610,"2022-11-17","4002",承办单位B,承办单位处理,119,1
3611,"2022-11-17","4003",承办复核部A,承办单位复核,235,13
3612,"2022-11-17","5001",结案一部,办结,64,0
3613,"2022-11-17","5002",结案二部,办结,68,1
3614,"2022-11-17","6001",客户回访一组,回访,162,22
3615,"2022-11-17","6002",客户回访二组,回访,288,21
3616,"2022-11-17","6003",客户回访三组,回访,296,13
3617,"2022-11-17","7001",档案管理部,归档,143,4
3618,"2022-11-17","8001",异常工单组,挂起,66,5
3619,"2022-11-18","1001",客服一部,话务员暂存,138,0
3620,"2022-11-18","1001",客服一部,话务员受理,104,9
3621,"2022-11-18","1002",客服二部,话务员受理,217,17
3622,"2022-11-18","2001",业务一科,话务员办理,171,2
3623,"2022-11-18","2002",业务二科,话务员办理,172,16
3624,"2022-11-18","3001",热线审核中心,热线审核,78,6
3625,"2022-11-18","3002",热线复核中心,热线复核,243,43
3626,"2022-11-18","4001",承办单位A,承办单位审核,201,6
3627,"2022-11-18","4001",承办单位A,承办单位处理,185,33
3628,"2022-11-18","4002",承办单位B,承办单位处理,291,17
3629,"2022-11-18","4003",承办复核部A,承办单位复核,92,17
3630,"2022-11-18","5001",结案一部,办结,250,37
3631,"2022-11-18","5002",结案二部,办结,210,5
3632,"2022-11-18","6001",客户回访一组,回访,296,24
3633,"2022-11-18","6002",客户回访二组,回访,153,12
3634,"2022-11-18","6003",客户回访三组,回访,271,2
3635,"2022-11-18","7001",档案管理部,归档,52,3
3636,"2022-11-18","8001",异常工单组,挂起,195,6
3637,"2022-11-19","1001",客服一部,话务员暂存,144,0
3638,"2022-11-19","1001",客服一部,话务员受理,130,12
3639,"2022-11-19","1002",客服二部,话务员受理,241,38
3640,"2022-11-19","2001",业务一科,话务员办理,279,49
3641,"2022-11-19","2002",业务二科,话务员办理,190,22
3642,"2022-11-19","3001",热线审核中心,热线审核,83,2
3643,"2022-11-19","3002",热线复核中心,热线复核,126,0
3644,"2022-11-19","4001",承办单位A,承办单位审核,248,5
3645,"2022-11-19","4001",承办单位A,承办单位处理,261,49
3646,"2022-11-19","4002",承办单位B,承办单位处理,289,32
3647,"2022-11-19","4003",承办复核部A,承办单位复核,79,4
3648,"2022-11-19","5001",结案一部,办结,182,8
3649,"2022-11-19","5002",结案二部,办结,138,23
3650,"2022-11-19","6001",客户回访一组,回访,210,31
3651,"2022-11-19","6002",客户回访二组,回访,164,6
3652,"2022-11-19","6003",客户回访三组,回访,103,0
3653,"2022-11-19","7001",档案管理部,归档,161,10
3654,"2022-11-19","8001",异常工单组,挂起,89,16
3655,"2022-11-20","1001",客服一部,话务员暂存,207,0
3656,"2022-11-20","1001",客服一部,话务员受理,154,0
3657,"2022-11-20","1002",客服二部,话务员受理,130,10
3658,"2022-11-20","2001",业务一科,话务员办理,253,34
3659,"2022-11-20","2002",业务二科,话务员办理,274,52
3660,"2022-11-20","3001",热线审核中心,热线审核,67,6
3661,"2022-11-20","3002",热线复核中心,热线复核,270,41
3662,"2022-11-20","4001",承办单位A,承办单位审核,125,5
3663,"2022-11-20","4001",承办单位A,承办单位处理,279,13
3664,"2022-11-20","4002",承办单位B,承办单位处理,96,15
3665,"2022-11-20","4003",承办复核部A,承办单位复核,283,24
3666,"2022-11-20","5001",结案一部,办结,180,11
3667,"2022-11-20","5002",结案二部,办结,175,5
3668,"2022-11-20","6001",客户回访一组,回访,234,21
3669,"2022-11-20","6002",客户回访二组,回访,128,1
3670,"2022-11-20","6003",客户回访三组,回访,263,14
3671,"2022-11-20","7001",档案管理部,归档,186,36
3672,"2022-11-20","8001",异常工单组,挂起,266,40
3673,"2022-11-21","1001",客服一部,话务员暂存,274,0
3674,"2022-11-21","1001",客服一部,话务员受理,241,8
3675,"2022-11-21","1002",客服二部,话务员受理,79,13
3676,"2022-11-21","2001",业务一科,话务员办理,171,10
3677,"2022-11-21","2002",业务二科,话务员办理,284,23
3678,"2022-11-21","3001",热线审核中心,热线审核,275,25
3679,"2022-11-21","3002",热线复核中心,热线复核,99,6
3680,"2022-11-21","4001",承办单位A,承办单位审核,181,35
3681,"2022-11-21","4001",承办单位A,承办单位处理,254,28
3682,"2022-11-21","4002",承办单位B,承办单位处理,226,37
3683,"2022-11-21","4003",承办复核部A,承办单位复核,91,0
3684,"2022-11-21","5001",结案一部,办结,286,29
3685,"2022-11-21","5002",结案二部,办结,125,11
3686,"2022-11-21","6001",客户回访一组,回访,68,6
3687,"2022-11-21","6002",客户回访二组,回访,248,39
3688,"2022-11-21","6003",客户回访三组,回访,266,44
3689,"2022-11-21","7001",档案管理部,归档,75,11
3690,"2022-11-21","8001",异常工单组,挂起,123,20
3691,"2022-11-22","1001",客服一部,话务员暂存,204,0
3692,"2022-11-22","1001",客服一部,话务员受理,182,33
3693,"2022-11-22","1002",客服二部,话务员受理,50,10
3694,"2022-11-22","2001",业务一科,话务员办理,105,12
3695,"2022-11-22","2002",业务二科,话务员办理,274,14
3696,"2022-11-22","3001",热线审核中心,热线审核,71,2
3697,"2022-11-22","3002",热线复核中心,热线复核,176,4
3698,"2022-11-22","4001",承办单位A,承办单位审核,96,18
3699,"2022-11-22","4001",承办单位A,承办单位处理,74,13
3700,"2022-11-22","4002",承办单位B,承办单位处理,231,18
3701,"2022-11-22","4003",承办复核部A,承办单位复核,56,9
3702,"2022-11-22","5001",结案一部,办结,69,13
3703,"2022-11-22","5002",结案二部,办结,228,2
3704,"2022-11-22","6001",客户回访一组,回访,148,22
3705,"2022-11-22","6002",客户回访二组,回访,128,13
3706,"2022-11-22","6003",客户回访三组,回访,98,7
3707,"2022-11-22","7001",档案管理部,归档,191,23
3708,"2022-11-22","8001",异常工单组,挂起,129,11
3709,"2022-11-23","1001",客服一部,话务员暂存,208,0
3710,"2022-11-23","1001",客服一部,话务员受理,156,13
3711,"2022-11-23","1002",客服二部,话务员受理,297,43
3712,"2022-11-23","2001",业务一科,话务员办理,148,16
3713,"2022-11-23","2002",业务二科,话务员办理,139,26
3714,"2022-11-23","3001",热线审核中心,热线审核,179,34
3715,"2022-11-23","3002",热线复核中心,热线复核,220,36
3716,"2022-11-23","4001",承办单位A,承办单位审核,284,39
3717,"2022-11-23","4001",承办单位A,承办单位处理,140,17
3718,"2022-11-23","4002",承办单位B,承办单位处理,293,43
3719,"2022-11-23","4003",承办复核部A,承办单位复核,50,2
3720,"2022-11-23","5001",结案一部,办结,147,24
3721,"2022-11-23","5002",结案二部,办结,217,3
3722,"2022-11-23","6001",客户回访一组,回访,174,1
3723,"2022-11-23","6002",客户回访二组,回访,92,18
3724,"2022-11-23","6003",客户回访三组,回访,128,6
3725,"2022-11-23","7001",档案管理部,归档,148,19
3726,"2022-11-23","8001",异常工单组,挂起,51,10
3727,"2022-11-24","1001",客服一部,话务员暂存,68,0
3728,"2022-11-24","1001",客服一部,话务员受理,120,16
3729,"2022-11-24","1002",客服二部,话务员受理,112,9
3730,"2022-11-24","2001",业务一科,话务员办理,223,7
3731,"2022-11-24","2002",业务二科,话务员办理,204,38
3732,"2022-11-24","3001",热线审核中心,热线审核,287,4
3733,"2022-11-24","3002",热线复核中心,热线复核,203,13
3734,"2022-11-24","4001",承办单位A,承办单位审核,251,25
3735,"2022-11-24","4001",承办单位A,承办单位处理,115,10
3736,"2022-11-24","4002",承办单位B,承办单位处理,138,7
3737,"2022-11-24","4003",承办复核部A,承办单位复核,234,3
3738,"2022-11-24","5001",结案一部,办结,52,6
3739,"2022-11-24","5002",结案二部,办结,253,3
3740,"2022-11-24","6001",客户回访一组,回访,237,25
3741,"2022-11-24","6002",客户回访二组,回访,107,7
3742,"2022-11-24","6003",客户回访三组,回访,127,3
3743,"2022-11-24","7001",档案管理部,归档,283,14
3744,"2022-11-24","8001",异常工单组,挂起,82,16
3745,"2022-11-25","1001",客服一部,话务员暂存,201,0
3746,"2022-11-25","1001",客服一部,话务员受理,211,25
3747,"2022-11-25","1002",客服二部,话务员受理,173,24
3748,"2022-11-25","2001",业务一科,话务员办理,119,2
3749,"2022-11-25","2002",业务二科,话务员办理,256,32
3750,"2022-11-25","3001",热线审核中心,热线审核,198,26
3751,"2022-11-25","3002",热线复核中心,热线复核,166,22
3752,"2022-11-25","4001",承办单位A,承办单位审核,147,2
3753,"2022-11-25","4001",承办单位A,承办单位处理,90,4
3754,"2022-11-25","4002",承办单位B,承办单位处理,95,15
3755,"2022-11-25","4003",承办复核部A,承办单位复核,83,4
3756,"2022-11-25","5001",结案一部,办结,294,30
3757,"2022-11-25","5002",结案二部,办结,128,23
3758,"2022-11-25","6001",客户回访一组,回访,253,1
3759,"2022-11-25","6002",客户回访二组,回访,217,30
3760,"2022-11-25","6003",客户回访三组,回访,89,12
3761,"2022-11-25","7001",档案管理部,归档,206,26
3762,"2022-11-25","8001",异常工单组,挂起,71,11
3763,"2022-11-26","1001",客服一部,话务员暂存,107,0
3764,"2022-11-26","1001",客服一部,话务员受理,240,2
3765,"2022-11-26","1002",客服二部,话务员受理,169,11
3766,"2022-11-26","2001",业务一科,话务员办理,207,38
3767,"2022-11-26","2002",业务二科,话务员办理,110,20
3768,"2022-11-26","3001",热线审核中心,热线审核,168,33
3769,"2022-11-26","3002",热线复核中心,热线复核,146,5
3770,"2022-11-26","4001",承办单位A,承办单位审核,219,42
3771,"2022-11-26","4001",承办单位A,承办单位处理,186,11
3772,"2022-11-26","4002",承办单位B,承办单位处理,263,50
3773,"2022-11-26","4003",承办复核部A,承办单位复核,258,2
3774,"2022-11-26","5001",结案一部,办结,150,11
3775,"2022-11-26","5002",结案二部,办结,206,4
3776,"2022-11-26","6001",客户回访一组,回访,73,4
3777,"2022-11-26","6002",客户回访二组,回访,73,1
3778,"2022-11-26","6003",客户回访三组,回访,149,1
3779,"2022-11-26","7001",档案管理部,归档,193,27
3780,"2022-11-26","8001",异常工单组,挂起,114,21
3781,"2022-11-27","1001",客服一部,话务员暂存,124,0
3782,"2022-11-27","1001",客服一部,话务员受理,290,40
3783,"2022-11-27","1002",客服二部,话务员受理,112,15
3784,"2022-11-27","2001",业务一科,话务员办理,69,10
3785,"2022-11-27","2002",业务二科,话务员办理,214,8
3786,"2022-11-27","3001",热线审核中心,热线审核,256,31
3787,"2022-11-27","3002",热线复核中心,热线复核,187,28
3788,"2022-11-27","4001",承办单位A,承办单位审核,57,9
3789,"2022-11-27","4001",承办单位A,承办单位处理,137,6
3790,"2022-11-27","4002",承办单位B,承办单位处理,284,20
3791,"2022-11-27","4003",承办复核部A,承办单位复核,255,36
3792,"2022-11-27","5001",结案一部,办结,166,9
3793,"2022-11-27","5002",结案二部,办结,69,12
3794,"2022-11-27","6001",客户回访一组,回访,97,16
3795,"2022-11-27","6002",客户回访二组,回访,173,25
3796,"2022-11-27","6003",客户回访三组,回访,252,50
3797,"2022-11-27","7001",档案管理部,归档,73,4
3798,"2022-11-27","8001",异常工单组,挂起,75,6
3799,"2022-11-28","1001",客服一部,话务员暂存,280,0
3800,"2022-11-28","1001",客服一部,话务员受理,166,11
3801,"2022-11-28","1002",客服二部,话务员受理,215,31
3802,"2022-11-28","2001",业务一科,话务员办理,211,33
3803,"2022-11-28","2002",业务二科,话务员办理,276,0
3804,"2022-11-28","3001",热线审核中心,热线审核,99,19
3805,"2022-11-28","3002",热线复核中心,热线复核,230,35
3806,"2022-11-28","4001",承办单位A,承办单位审核,164,4
3807,"2022-11-28","4001",承办单位A,承办单位处理,115,15
3808,"2022-11-28","4002",承办单位B,承办单位处理,259,25
3809,"2022-11-28","4003",承办复核部A,承办单位复核,186,28
3810,"2022-11-28","5001",结案一部,办结,108,9
3811,"2022-11-28","5002",结案二部,办结,259,45
3812,"2022-11-28","6001",客户回访一组,回访,126,4
3813,"2022-11-28","6002",客户回访二组,回访,59,0
3814,"2022-11-28","6003",客户回访三组,回访,183,5
3815,"2022-11-28","7001",档案管理部,归档,83,4
3816,"2022-11-28","8001",异常工单组,挂起,242,10
3817,"2022-11-29","1001",客服一部,话务员暂存,215,0
3818,"2022-11-29","1001",客服一部,话务员受理,288,13
3819,"2022-11-29","1002",客服二部,话务员受理,104,0
3820,"2022-11-29","2001",业务一科,话务员办理,148,28
3821,"2022-11-29","2002",业务二科,话务员办理,282,23
3822,"2022-11-29","3001",热线审核中心,热线审核,80,8
3823,"2022-11-29","3002",热线复核中心,热线复核,66,7
3824,"2022-11-29","4001",承办单位A,承办单位审核,177,30
3825,"2022-11-29","4001",承办单位A,承办单位处理,169,12
3826,"2022-11-29","4002",承办单位B,承办单位处理,231,41
3827,"2022-11-29","4003",承办复核部A,承办单位复核,195,2
3828,"2022-11-29","5001",结案一部,办结,171,22
3829,"2022-11-29","5002",结案二部,办结,116,21
3830,"2022-11-29","6001",客户回访一组,回访,224,21
3831,"2022-11-29","6002",客户回访二组,回访,265,17
3832,"2022-11-29","6003",客户回访三组,回访,73,12
3833,"2022-11-29","7001",档案管理部,归档,222,9
3834,"2022-11-29","8001",异常工单组,挂起,126,24
3835,"2022-11-30","1001",客服一部,话务员暂存,298,0
3836,"2022-11-30","1001",客服一部,话务员受理,273,19
3837,"2022-11-30","1002",客服二部,话务员受理,253,22
3838,"2022-11-30","2001",业务一科,话务员办理,194,24
3839,"2022-11-30","2002",业务二科,话务员办理,136,4
3840,"2022-11-30","3001",热线审核中心,热线审核,262,17
3841,"2022-11-30","3002",热线复核中心,热线复核,240,25
3842,"2022-11-30","4001",承办单位A,承办单位审核,282,51
3843,"2022-11-30","4001",承办单位A,承办单位处理,281,41
3844,"2022-11-30","4002",承办单位B,承办单位处理,183,29
3845,"2022-11-30","4003",承办复核部A,承办单位复核,292,12
3846,"2022-11-30","5001",结案一部,办结,90,14
3847,"2022-11-30","5002",结案二部,办结,50,3
3848,"2022-11-30","6001",客户回访一组,回访,229,19
3849,"2022-11-30","6002",客户回访二组,回访,66,13
3850,"2022-11-30","6003",客户回访三组,回访,186,4
3851,"2022-11-30","7001",档案管理部,归档,107,21
3852,"2022-11-30","8001",异常工单组,挂起,231,23
3853,"2022-12-01","1001",客服一部,话务员暂存,101,0
3854,"2022-12-01","1001",客服一部,话务员受理,285,49
3855,"2022-12-01","1002",客服二部,话务员受理,63,4
3856,"2022-12-01","2001",业务一科,话务员办理,183,1
3857,"2022-12-01","2002",业务二科,话务员办理,107,13
3858,"2022-12-01","3001",热线审核中心,热线审核,217,19
3859,"2022-12-01","3002",热线复核中心,热线复核,108,11
3860,"2022-12-01","4001",承办单位A,承办单位审核,193,4
3861,"2022-12-01","4001",承办单位A,承办单位处理,117,4
3862,"2022-12-01","4002",承办单位B,承办单位处理,236,8
3863,"2022-12-01","4003",承办复核部A,承办单位复核,205,14
3864,"2022-12-01","5001",结案一部,办结,297,6
3865,"2022-12-01","5002",结案二部,办结,142,2
3866,"2022-12-01","6001",客户回访一组,回访,168,23
3867,"2022-12-01","6002",客户回访二组,回访,120,10
3868,"2022-12-01","6003",客户回访三组,回访,227,45
3869,"2022-12-01","7001",档案管理部,归档,129,14
3870,"2022-12-01","8001",异常工单组,挂起,222,18
3871,"2022-12-02","1001",客服一部,话务员暂存,51,0
3872,"2022-12-02","1001",客服一部,话务员受理,79,9
3873,"2022-12-02","1002",客服二部,话务员受理,62,9
3874,"2022-12-02","2001",业务一科,话务员办理,293,17
3875,"2022-12-02","2002",业务二科,话务员办理,261,28
3876,"2022-12-02","3001",热线审核中心,热线审核,247,16
3877,"2022-12-02","3002",热线复核中心,热线复核,162,10
3878,"2022-12-02","4001",承办单位A,承办单位审核,278,43
3879,"2022-12-02","4001",承办单位A,承办单位处理,287,20
3880,"2022-12-02","4002",承办单位B,承办单位处理,207,3
3881,"2022-12-02","4003",承办复核部A,承办单位复核,130,15
3882,"2022-12-02","5001",结案一部,办结,63,4
3883,"2022-12-02","5002",结案二部,办结,292,49
3884,"2022-12-02","6001",客户回访一组,回访,198,8
3885,"2022-12-02","6002",客户回访二组,回访,255,12
3886,"2022-12-02","6003",客户回访三组,回访,52,1
3887,"2022-12-02","7001",档案管理部,归档,82,14
3888,"2022-12-02","8001",异常工单组,挂起,232,0
3889,"2022-12-03","1001",客服一部,话务员暂存,292,0
3890,"2022-12-03","1001",客服一部,话务员受理,201,27
3891,"2022-12-03","1002",客服二部,话务员受理,294,45
3892,"2022-12-03","2001",业务一科,话务员办理,287,1
3893,"2022-12-03","2002",业务二科,话务员办理,213,32
3894,"2022-12-03","3001",热线审核中心,热线审核,206,19
3895,"2022-12-03","3002",热线复核中心,热线复核,250,26
3896,"2022-12-03","4001",承办单位A,承办单位审核,97,15
3897,"2022-12-03","4001",承办单位A,承办单位处理,159,3
3898,"2022-12-03","4002",承办单位B,承办单位处理,80,14
3899,"2022-12-03","4003",承办复核部A,承办单位复核,283,11
3900,"2022-12-03","5001",结案一部,办结,184,24
3901,"2022-12-03","5002",结案二部,办结,101,7
3902,"2022-12-03","6001",客户回访一组,回访,79,5
3903,"2022-12-03","6002",客户回访二组,回访,265,33
3904,"2022-12-03","6003",客户回访三组,回访,229,24
3905,"2022-12-03","7001",档案管理部,归档,142,16
3906,"2022-12-03","8001",异常工单组,挂起,68,12
3907,"2022-12-04","1001",客服一部,话务员暂存,61,0
3908,"2022-12-04","1001",客服一部,话务员受理,269,12
3909,"2022-12-04","1002",客服二部,话务员受理,233,19
3910,"2022-12-04","2001",业务一科,话务员办理,232,32
3911,"2022-12-04","2002",业务二科,话务员办理,135,17
3912,"2022-12-04","3001",热线审核中心,热线审核,135,14
3913,"2022-12-04","3002",热线复核中心,热线复核,245,40
3914,"2022-12-04","4001",承办单位A,承办单位审核,110,21
3915,"2022-12-04","4001",承办单位A,承办单位处理,271,45
3916,"2022-12-04","4002",承办单位B,承办单位处理,122,24
3917,"2022-12-04","4003",承办复核部A,承办单位复核,275,55
3918,"2022-12-04","5001",结案一部,办结,244,4
3919,"2022-12-04","5002",结案二部,办结,157,31
3920,"2022-12-04","6001",客户回访一组,回访,263,42
3921,"2022-12-04","6002",客户回访二组,回访,136,3
3922,"2022-12-04","6003",客户回访三组,回访,56,11
3923,"2022-12-04","7001",档案管理部,归档,85,11
3924,"2022-12-04","8001",异常工单组,挂起,77,10
3925,"2022-12-05","1001",客服一部,话务员暂存,249,0
3926,"2022-12-05","1001",客服一部,话务员受理,290,47
3927,"2022-12-05","1002",客服二部,话务员受理,158,20
3928,"2022-12-05","2001",业务一科,话务员办理,207,28
3929,"2022-12-05","2002",业务二科,话务员办理,117,12
3930,"2022-12-05","3001",热线审核中心,热线审核,52,2
3931,"2022-12-05","3002",热线复核中心,热线复核,164,19
3932,"2022-12-05","4001",承办单位A,承办单位审核,161,17
3933,"2022-12-05","4001",承办单位A,承办单位处理,279,31
3934,"2022-12-05","4002",承办单位B,承办单位处理,179,21
3935,"2022-12-05","4003",承办复核部A,承办单位复核,246,15
3936,"2022-12-05","5001",结案一部,办结,186,21
3937,"2022-12-05","5002",结案二部,办结,262,0
3938,"2022-12-05","6001",客户回访一组,回访,203,18
3939,"2022-12-05","6002",客户回访二组,回访,283,33
3940,"2022-12-05","6003",客户回访三组,回访,166,11
3941,"2022-12-05","7001",档案管理部,归档,121,16
3942,"2022-12-05","8001",异常工单组,挂起,130,3
3943,"2022-12-06","1001",客服一部,话务员暂存,95,0
3944,"2022-12-06","1001",客服一部,话务员受理,118,1
3945,"2022-12-06","1002",客服二部,话务员受理,276,46
3946,"2022-12-06","2001",业务一科,话务员办理,274,7
3947,"2022-12-06","2002",业务二科,话务员办理,212,10
3948,"2022-12-06","3001",热线审核中心,热线审核,93,11
3949,"2022-12-06","3002",热线复核中心,热线复核,183,32
3950,"2022-12-06","4001",承办单位A,承办单位审核,292,0
3951,"2022-12-06","4001",承办单位A,承办单位处理,195,22
3952,"2022-12-06","4002",承办单位B,承办单位处理,300,45
3953,"2022-12-06","4003",承办复核部A,承办单位复核,297,16
3954,"2022-12-06","5001",结案一部,办结,125,0
3955,"2022-12-06","5002",结案二部,办结,144,2
3956,"2022-12-06","6001",客户回访一组,回访,125,3
3957,"2022-12-06","6002",客户回访二组,回访,299,0
3958,"2022-12-06","6003",客户回访三组,回访,85,17
3959,"2022-12-06","7001",档案管理部,归档,189,26
3960,"2022-12-06","8001",异常工单组,挂起,135,10
3961,"2022-12-07","1001",客服一部,话务员暂存,297,0
3962,"2022-12-07","1001",客服一部,话务员受理,55,9
3963,"2022-12-07","1002",客服二部,话务员受理,66,7
3964,"2022-12-07","2001",业务一科,话务员办理,264,8
3965,"2022-12-07","2002",业务二科,话务员办理,138,22
3966,"2022-12-07","3001",热线审核中心,热线审核,123,15
3967,"2022-12-07","3002",热线复核中心,热线复核,243,1
3968,"2022-12-07","4001",承办单位A,承办单位审核,159,14
3969,"2022-12-07","4001",承办单位A,承办单位处理,249,24
3970,"2022-12-07","4002",承办单位B,承办单位处理,229,17
3971,"2022-12-07","4003",承办复核部A,承办单位复核,142,5
3972,"2022-12-07","5001",结案一部,办结,250,47
3973,"2022-12-07","5002",结案二部,办结,94,1
3974,"2022-12-07","6001",客户回访一组,回访,208,8
3975,"2022-12-07","6002",客户回访二组,回访,231,4
3976,"2022-12-07","6003",客户回访三组,回访,136,7
3977,"2022-12-07","7001",档案管理部,归档,286,19
3978,"2022-12-07","8001",异常工单组,挂起,216,8
3979,"2022-12-08","1001",客服一部,话务员暂存,198,0
3980,"2022-12-08","1001",客服一部,话务员受理,102,13
3981,"2022-12-08","1002",客服二部,话务员受理,217,23
3982,"2022-12-08","2001",业务一科,话务员办理,175,21
3983,"2022-12-08","2002",业务二科,话务员办理,269,9
3984,"2022-12-08","3001",热线审核中心,热线审核,84,14
3985,"2022-12-08","3002",热线复核中心,热线复核,120,2
3986,"2022-12-08","4001",承办单位A,承办单位审核,95,0
3987,"2022-12-08","4001",承办单位A,承办单位处理,194,31
3988,"2022-12-08","4002",承办单位B,承办单位处理,171,7
3989,"2022-12-08","4003",承办复核部A,承办单位复核,119,19
3990,"2022-12-08","5001",结案一部,办结,295,21
3991,"2022-12-08","5002",结案二部,办结,145,22
3992,"2022-12-08","6001",客户回访一组,回访,292,33
3993,"2022-12-08","6002",客户回访二组,回访,208,25
3994,"2022-12-08","6003",客户回访三组,回访,154,21
3995,"2022-12-08","7001",档案管理部,归档,294,20
3996,"2022-12-08","8001",异常工单组,挂起,263,42
3997,"2022-12-09","1001",客服一部,话务员暂存,295,0
3998,"2022-12-09","1001",客服一部,话务员受理,167,28
3999,"2022-12-09","1002",客服二部,话务员受理,70,1
4000,"2022-12-09","2001",业务一科,话务员办理,225,45
4001,"2022-12-09","2002",业务二科,话务员办理,165,16
4002,"2022-12-09","3001",热线审核中心,热线审核,242,36
4003,"2022-12-09","3002",热线复核中心,热线复核,183,31
4004,"2022-12-09","4001",承办单位A,承办单位审核,243,47
4005,"2022-12-09","4001",承办单位A,承办单位处理,120,4
4006,"2022-12-09","4002",承办单位B,承办单位处理,127,14
4007,"2022-12-09","4003",承办复核部A,承办单位复核,275,14
4008,"2022-12-09","5001",结案一部,办结,124,5
4009,"2022-12-09","5002",结案二部,办结,177,13
4010,"2022-12-09","6001",客户回访一组,回访,289,10
4011,"2022-12-09","6002",客户回访二组,回访,202,19
4012,"2022-12-09","6003",客户回访三组,回访,148,13
4013,"2022-12-09","7001",档案管理部,归档,71,0
4014,"2022-12-09","8001",异常工单组,挂起,288,50
4015,"2022-12-10","1001",客服一部,话务员暂存,126,0
4016,"2022-12-10","1001",客服一部,话务员受理,214,37
4017,"2022-12-10","1002",客服二部,话务员受理,80,10
4018,"2022-12-10","2001",业务一科,话务员办理,245,12
4019,"2022-12-10","2002",业务二科,话务员办理,82,4
4020,"2022-12-10","3001",热线审核中心,热线审核,50,3
4021,"2022-12-10","3002",热线复核中心,热线复核,89,3
4022,"2022-12-10","4001",承办单位A,承办单位审核,217,13
4023,"2022-12-10","4001",承办单位A,承办单位处理,58,9
4024,"2022-12-10","4002",承办单位B,承办单位处理,201,12
4025,"2022-12-10","4003",承办复核部A,承办单位复核,151,8
4026,"2022-12-10","5001",结案一部,办结,179,14
4027,"2022-12-10","5002",结案二部,办结,268,13
4028,"2022-12-10","6001",客户回访一组,回访,122,16
4029,"2022-12-10","6002",客户回访二组,回访,121,3
4030,"2022-12-10","6003",客户回访三组,回访,125,15
4031,"2022-12-10","7001",档案管理部,归档,260,27
4032,"2022-12-10","8001",异常工单组,挂起,148,25
4033,"2022-12-11","1001",客服一部,话务员暂存,252,0
4034,"2022-12-11","1001",客服一部,话务员受理,220,32
4035,"2022-12-11","1002",客服二部,话务员受理,272,6
4036,"2022-12-11","2001",业务一科,话务员办理,273,19
4037,"2022-12-11","2002",业务二科,话务员办理,267,14
4038,"2022-12-11","3001",热线审核中心,热线审核,226,33
4039,"2022-12-11","3002",热线复核中心,热线复核,293,22
4040,"2022-12-11","4001",承办单位A,承办单位审核,233,37
4041,"2022-12-11","4001",承办单位A,承办单位处理,137,12
4042,"2022-12-11","4002",承办单位B,承办单位处理,144,22
4043,"2022-12-11","4003",承办复核部A,承办单位复核,290,21
4044,"2022-12-11","5001",结案一部,办结,244,21
4045,"2022-12-11","5002",结案二部,办结,197,4
4046,"2022-12-11","6001",客户回访一组,回访,54,10
4047,"2022-12-11","6002",客户回访二组,回访,84,16
4048,"2022-12-11","6003",客户回访三组,回访,66,5
4049,"2022-12-11","7001",档案管理部,归档,189,1
4050,"2022-12-11","8001",异常工单组,挂起,232,43
4051,"2022-12-12","1001",客服一部,话务员暂存,136,0
4052,"2022-12-12","1001",客服一部,话务员受理,281,38
4053,"2022-12-12","1002",客服二部,话务员受理,225,0
4054,"2022-12-12","2001",业务一科,话务员办理,161,20
4055,"2022-12-12","2002",业务二科,话务员办理,296,42
4056,"2022-12-12","3001",热线审核中心,热线审核,232,42
4057,"2022-12-12","3002",热线复核中心,热线复核,106,19
4058,"2022-12-12","4001",承办单位A,承办单位审核,198,22
4059,"2022-12-12","4001",承办单位A,承办单位处理,278,3
4060,"2022-12-12","4002",承办单位B,承办单位处理,253,33
4061,"2022-12-12","4003",承办复核部A,承办单位复核,53,9
4062,"2022-12-12","5001",结案一部,办结,100,20
4063,"2022-12-12","5002",结案二部,办结,231,35
4064,"2022-12-12","6001",客户回访一组,回访,132,0
4065,"2022-12-12","6002",客户回访二组,回访,294,46
4066,"2022-12-12","6003",客户回访三组,回访,85,1
4067,"2022-12-12","7001",档案管理部,归档,184,6
4068,"2022-12-12","8001",异常工单组,挂起,141,24
4069,"2022-12-13","1001",客服一部,话务员暂存,71,0
4070,"2022-12-13","1001",客服一部,话务员受理,186,6
4071,"2022-12-13","1002",客服二部,话务员受理,195,9
4072,"2022-12-13","2001",业务一科,话务员办理,189,33
4073,"2022-12-13","2002",业务二科,话务员办理,94,9
4074,"2022-12-13","3001",热线审核中心,热线审核,267,42
4075,"2022-12-13","3002",热线复核中心,热线复核,204,39
4076,"2022-12-13","4001",承办单位A,承办单位审核,90,0
4077,"2022-12-13","4001",承办单位A,承办单位处理,58,9
4078,"2022-12-13","4002",承办单位B,承办单位处理,156,11
4079,"2022-12-13","4003",承办复核部A,承办单位复核,265,19
4080,"2022-12-13","5001",结案一部,办结,111,5
4081,"2022-12-13","5002",结案二部,办结,164,7
4082,"2022-12-13","6001",客户回访一组,回访,140,6
4083,"2022-12-13","6002",客户回访二组,回访,300,18
4084,"2022-12-13","6003",客户回访三组,回访,134,7
4085,"2022-12-13","7001",档案管理部,归档,99,2
4086,"2022-12-13","8001",异常工单组,挂起,118,19
4087,"2022-12-14","1001",客服一部,话务员暂存,142,0
4088,"2022-12-14","1001",客服一部,话务员受理,125,3
4089,"2022-12-14","1002",客服二部,话务员受理,226,23
4090,"2022-12-14","2001",业务一科,话务员办理,128,24
4091,"2022-12-14","2002",业务二科,话务员办理,138,10
4092,"2022-12-14","3001",热线审核中心,热线审核,176,20
4093,"2022-12-14","3002",热线复核中心,热线复核,234,13
4094,"2022-12-14","4001",承办单位A,承办单位审核,253,9
4095,"2022-12-14","4001",承办单位A,承办单位处理,159,1
4096,"2022-12-14","4002",承办单位B,承办单位处理,83,9
4097,"2022-12-14","4003",承办复核部A,承办单位复核,228,13
4098,"2022-12-14","5001",结案一部,办结,286,38
4099,"2022-12-14","5002",结案二部,办结,137,19
4100,"2022-12-14","6001",客户回访一组,回访,242,0
4101,"2022-12-14","6002",客户回访二组,回访,105,21
4102,"2022-12-14","6003",客户回访三组,回访,90,14
4103,"2022-12-14","7001",档案管理部,归档,74,10
4104,"2022-12-14","8001",异常工单组,挂起,143,22
4105,"2022-12-15","1001",客服一部,话务员暂存,100,0
4106,"2022-12-15","1001",客服一部,话务员受理,76,10
4107,"2022-12-15","1002",客服二部,话务员受理,217,24
4108,"2022-12-15","2001",业务一科,话务员办理,115,23
4109,"2022-12-15","2002",业务二科,话务员办理,285,37
4110,"2022-12-15","3001",热线审核中心,热线审核,207,40
4111,"2022-12-15","3002",热线复核中心,热线复核,71,6
4112,"2022-12-15","4001",承办单位A,承办单位审核,52,6
4113,"2022-12-15","4001",承办单位A,承办单位处理,129,17
4114,"2022-12-15","4002",承办单位B,承办单位处理,92,8
4115,"2022-12-15","4003",承办复核部A,承办单位复核,282,1
4116,"2022-12-15","5001",结案一部,办结,231,43
4117,"2022-12-15","5002",结案二部,办结,212,22
4118,"2022-12-15","6001",客户回访一组,回访,120,15
4119,"2022-12-15","6002",客户回访二组,回访,179,12
4120,"2022-12-15","6003",客户回访三组,回访,143,4
4121,"2022-12-15","7001",档案管理部,归档,174,14
4122,"2022-12-15","8001",异常工单组,挂起,272,27
4123,"2022-12-16","1001",客服一部,话务员暂存,278,0
4124,"2022-12-16","1001",客服一部,话务员受理,245,25
4125,"2022-12-16","1002",客服二部,话务员受理,152,6
4126,"2022-12-16","2001",业务一科,话务员办理,285,35
4127,"2022-12-16","2002",业务二科,话务员办理,126,17
4128,"2022-12-16","3001",热线审核中心,热线审核,86,1
4129,"2022-12-16","3002",热线复核中心,热线复核,292,3
4130,"2022-12-16","4001",承办单位A,承办单位审核,297,41
4131,"2022-12-16","4001",承办单位A,承办单位处理,170,27
4132,"2022-12-16","4002",承办单位B,承办单位处理,161,5
4133,"2022-12-16","4003",承办复核部A,承办单位复核,85,2
4134,"2022-12-16","5001",结案一部,办结,174,29
4135,"2022-12-16","5002",结案二部,办结,243,38
4136,"2022-12-16","6001",客户回访一组,回访,105,1
4137,"2022-12-16","6002",客户回访二组,回访,166,22
4138,"2022-12-16","6003",客户回访三组,回访,55,5
4139,"2022-12-16","7001",档案管理部,归档,90,7
4140,"2022-12-16","8001",异常工单组,挂起,173,0
4141,"2022-12-17","1001",客服一部,话务员暂存,158,0
4142,"2022-12-17","1001",客服一部,话务员受理,257,7
4143,"2022-12-17","1002",客服二部,话务员受理,165,8
4144,"2022-12-17","2001",业务一科,话务员办理,213,5
4145,"2022-12-17","2002",业务二科,话务员办理,51,7
4146,"2022-12-17","3001",热线审核中心,热线审核,73,5
4147,"2022-12-17","3002",热线复核中心,热线复核,196,34
4148,"2022-12-17","4001",承办单位A,承办单位审核,239,33
4149,"2022-12-17","4001",承办单位A,承办单位处理,128,19
4150,"2022-12-17","4002",承办单位B,承办单位处理,230,17
4151,"2022-12-17","4003",承办复核部A,承办单位复核,107,16
4152,"2022-12-17","5001",结案一部,办结,193,27
4153,"2022-12-17","5002",结案二部,办结,88,13
4154,"2022-12-17","6001",客户回访一组,回访,206,36
4155,"2022-12-17","6002",客户回访二组,回访,180,10
4156,"2022-12-17","6003",客户回访三组,回访,175,32
4157,"2022-12-17","7001",档案管理部,归档,61,2
4158,"2022-12-17","8001",异常工单组,挂起,119,3
4159,"2022-12-18","1001",客服一部,话务员暂存,169,0
4160,"2022-12-18","1001",客服一部,话务员受理,119,8
4161,"2022-12-18","1002",客服二部,话务员受理,108,2
4162,"2022-12-18","2001",业务一科,话务员办理,277,23
4163,"2022-12-18","2002",业务二科,话务员办理,221,10
4164,"2022-12-18","3001",热线审核中心,热线审核,232,0
4165,"2022-12-18","3002",热线复核中心,热线复核,117,23
4166,"2022-12-18","4001",承办单位A,承办单位审核,83,1
4167,"2022-12-18","4001",承办单位A,承办单位处理,132,17
4168,"2022-12-18","4002",承办单位B,承办单位处理,123,3
4169,"2022-12-18","4003",承办复核部A,承办单位复核,128,9
4170,"2022-12-18","5001",结案一部,办结,260,7
4171,"2022-12-18","5002",结案二部,办结,150,3
4172,"2022-12-18","6001",客户回访一组,回访,186,36
4173,"2022-12-18","6002",客户回访二组,回访,186,35
4174,"2022-12-18","6003",客户回访三组,回访,267,45
4175,"2022-12-18","7001",档案管理部,归档,123,20
4176,"2022-12-18","8001",异常工单组,挂起,298,2
4177,"2022-12-19","1001",客服一部,话务员暂存,68,0
4178,"2022-12-19","1001",客服一部,话务员受理,75,4
4179,"2022-12-19","1002",客服二部,话务员受理,69,12
4180,"2022-12-19","2001",业务一科,话务员办理,144,3
4181,"2022-12-19","2002",业务二科,话务员办理,132,23
4182,"2022-12-19","3001",热线审核中心,热线审核,104,15
4183,"2022-12-19","3002",热线复核中心,热线复核,120,17
4184,"2022-12-19","4001",承办单位A,承办单位审核,279,27
4185,"2022-12-19","4001",承办单位A,承办单位处理,237,33
4186,"2022-12-19","4002",承办单位B,承办单位处理,169,16
4187,"2022-12-19","4003",承办复核部A,承办单位复核,75,11
4188,"2022-12-19","5001",结案一部,办结,89,16
4189,"2022-12-19","5002",结案二部,办结,149,16
4190,"2022-12-19","6001",客户回访一组,回访,272,40
4191,"2022-12-19","6002",客户回访二组,回访,234,27
4192,"2022-12-19","6003",客户回访三组,回访,103,6
4193,"2022-12-19","7001",档案管理部,归档,277,43
4194,"2022-12-19","8001",异常工单组,挂起,65,7
4195,"2022-12-20","1001",客服一部,话务员暂存,63,0
4196,"2022-12-20","1001",客服一部,话务员受理,117,19
4197,"2022-12-20","1002",客服二部,话务员受理,63,3
4198,"2022-12-20","2001",业务一科,话务员办理,80,2
4199,"2022-12-20","2002",业务二科,话务员办理,135,22
4200,"2022-12-20","3001",热线审核中心,热线审核,201,40
4201,"2022-12-20","3002",热线复核中心,热线复核,200,23
4202,"2022-12-20","4001",承办单位A,承办单位审核,80,3
4203,"2022-12-20","4001",承办单位A,承办单位处理,130,24
4204,"2022-12-20","4002",承办单位B,承办单位处理,209,26
4205,"2022-12-20","4003",承办复核部A,承办单位复核,198,3
4206,"2022-12-20","5001",结案一部,办结,198,13
4207,"2022-12-20","5002",结案二部,办结,186,6
4208,"2022-12-20","6001",客户回访一组,回访,193,35
4209,"2022-12-20","6002",客户回访二组,回访,284,23
4210,"2022-12-20","6003",客户回访三组,回访,53,1
4211,"2022-12-20","7001",档案管理部,归档,239,10
4212,"2022-12-20","8001",异常工单组,挂起,57,8
4213,"2022-12-21","1001",客服一部,话务员暂存,102,0
4214,"2022-12-21","1001",客服一部,话务员受理,179,19
4215,"2022-12-21","1002",客服二部,话务员受理,186,36
4216,"2022-12-21","2001",业务一科,话务员办理,208,39
4217,"2022-12-21","2002",业务二科,话务员办理,121,24
4218,"2022-12-21","3001",热线审核中心,热线审核,94,4
4219,"2022-12-21","3002",热线复核中心,热线复核,206,11
4220,"2022-12-21","4001",承办单位A,承办单位审核,126,23
4221,"2022-12-21","4001",承办单位A,承办单位处理,275,39
4222,"2022-12-21","4002",承办单位B,承办单位处理,175,31
4223,"2022-12-21","4003",承办复核部A,承办单位复核,161,27
4224,"2022-12-21","5001",结案一部,办结,56,1
4225,"2022-12-21","5002",结案二部,办结,193,11
4226,"2022-12-21","6001",客户回访一组,回访,164,23
4227,"2022-12-21","6002",客户回访二组,回访,280,0
4228,"2022-12-21","6003",客户回访三组,回访,202,33
4229,"2022-12-21","7001",档案管理部,归档,139,0
4230,"2022-12-21","8001",异常工单组,挂起,271,15
4231,"2022-12-22","1001",客服一部,话务员暂存,252,0
4232,"2022-12-22","1001",客服一部,话务员受理,170,11
4233,"2022-12-22","1002",客服二部,话务员受理,169,24
4234,"2022-12-22","2001",业务一科,话务员办理,105,0
4235,"2022-12-22","2002",业务二科,话务员办理,162,14
4236,"2022-12-22","3001",热线审核中心,热线审核,79,4
4237,"2022-12-22","3002",热线复核中心,热线复核,106,15
4238,"2022-12-22","4001",承办单位A,承办单位审核,231,26
4239,"2022-12-22","4001",承办单位A,承办单位处理,130,9
4240,"2022-12-22","4002",承办单位B,承办单位处理,118,12
4241,"2022-12-22","4003",承办复核部A,承办单位复核,99,0
4242,"2022-12-22","5001",结案一部,办结,123,0
4243,"2022-12-22","5002",结案二部,办结,120,15
4244,"2022-12-22","6001",客户回访一组,回访,54,7
4245,"2022-12-22","6002",客户回访二组,回访,167,18
4246,"2022-12-22","6003",客户回访三组,回访,111,20
4247,"2022-12-22","7001",档案管理部,归档,118,12
4248,"2022-12-22","8001",异常工单组,挂起,57,4
4249,"2022-12-23","1001",客服一部,话务员暂存,277,0
4250,"2022-12-23","1001",客服一部,话务员受理,204,35
4251,"2022-12-23","1002",客服二部,话务员受理,65,0
4252,"2022-12-23","2001",业务一科,话务员办理,227,27
4253,"2022-12-23","2002",业务二科,话务员办理,99,4
4254,"2022-12-23","3001",热线审核中心,热线审核,193,24
4255,"2022-12-23","3002",热线复核中心,热线复核,289,48
4256,"2022-12-23","4001",承办单位A,承办单位审核,243,40
4257,"2022-12-23","4001",承办单位A,承办单位处理,266,42
4258,"2022-12-23","4002",承办单位B,承办单位处理,82,7
4259,"2022-12-23","4003",承办复核部A,承办单位复核,92,18
4260,"2022-12-23","5001",结案一部,办结,88,11
4261,"2022-12-23","5002",结案二部,办结,184,33
4262,"2022-12-23","6001",客户回访一组,回访,280,22
4263,"2022-12-23","6002",客户回访二组,回访,147,13
4264,"2022-12-23","6003",客户回访三组,回访,265,24
4265,"2022-12-23","7001",档案管理部,归档,185,9
4266,"2022-12-23","8001",异常工单组,挂起,106,4
4267,"2022-12-24","1001",客服一部,话务员暂存,208,0
4268,"2022-12-24","1001",客服一部,话务员受理,90,8
4269,"2022-12-24","1002",客服二部,话务员受理,77,15
4270,"2022-12-24","2001",业务一科,话务员办理,93,7
4271,"2022-12-24","2002",业务二科,话务员办理,177,22
4272,"2022-12-24","3001",热线审核中心,热线审核,147,12
4273,"2022-12-24","3002",热线复核中心,热线复核,262,39
4274,"2022-12-24","4001",承办单位A,承办单位审核,190,37
4275,"2022-12-24","4001",承办单位A,承办单位处理,122,0
4276,"2022-12-24","4002",承办单位B,承办单位处理,299,14
4277,"2022-12-24","4003",承办复核部A,承办单位复核,132,19
4278,"2022-12-24","5001",结案一部,办结,54,8
4279,"2022-12-24","5002",结案二部,办结,51,2
4280,"2022-12-24","6001",客户回访一组,回访,167,17
4281,"2022-12-24","6002",客户回访二组,回访,53,1
4282,"2022-12-24","6003",客户回访三组,回访,263,4
4283,"2022-12-24","7001",档案管理部,归档,157,8
4284,"2022-12-24","8001",异常工单组,挂起,228,32
4285,"2022-12-25","1001",客服一部,话务员暂存,84,0
4286,"2022-12-25","1001",客服一部,话务员受理,251,45
4287,"2022-12-25","1002",客服二部,话务员受理,102,6
4288,"2022-12-25","2001",业务一科,话务员办理,222,21
4289,"2022-12-25","2002",业务二科,话务员办理,253,23
4290,"2022-12-25","3001",热线审核中心,热线审核,54,5
4291,"2022-12-25","3002",热线复核中心,热线复核,95,19
4292,"2022-12-25","4001",承办单位A,承办单位审核,267,40
4293,"2022-12-25","4001",承办单位A,承办单位处理,145,21
4294,"2022-12-25","4002",承办单位B,承办单位处理,67,6
4295,"2022-12-25","4003",承办复核部A,承办单位复核,182,34
4296,"2022-12-25","5001",结案一部,办结,245,44
4297,"2022-12-25","5002",结案二部,办结,58,0
4298,"2022-12-25","6001",客户回访一组,回访,93,13
4299,"2022-12-25","6002",客户回访二组,回访,111,18
4300,"2022-12-25","6003",客户回访三组,回访,164,6
4301,"2022-12-25","7001",档案管理部,归档,298,28
4302,"2022-12-25","8001",异常工单组,挂起,208,34
4303,"2022-12-26","1001",客服一部,话务员暂存,148,0
4304,"2022-12-26","1001",客服一部,话务员受理,79,13
4305,"2022-12-26","1002",客服二部,话务员受理,255,12
4306,"2022-12-26","2001",业务一科,话务员办理,194,25
4307,"2022-12-26","2002",业务二科,话务员办理,128,23
4308,"2022-12-26","3001",热线审核中心,热线审核,185,26
4309,"2022-12-26","3002",热线复核中心,热线复核,125,1
4310,"2022-12-26","4001",承办单位A,承办单位审核,291,55
4311,"2022-12-26","4001",承办单位A,承办单位处理,262,47
4312,"2022-12-26","4002",承办单位B,承办单位处理,238,46
4313,"2022-12-26","4003",承办复核部A,承办单位复核,58,3
4314,"2022-12-26","5001",结案一部,办结,208,28
4315,"2022-12-26","5002",结案二部,办结,225,39
4316,"2022-12-26","6001",客户回访一组,回访,59,7
4317,"2022-12-26","6002",客户回访二组,回访,284,4
4318,"2022-12-26","6003",客户回访三组,回访,132,9
4319,"2022-12-26","7001",档案管理部,归档,282,11
4320,"2022-12-26","8001",异常工单组,挂起,290,1
4321,"2022-12-27","1001",客服一部,话务员暂存,86,0
4322,"2022-12-27","1001",客服一部,话务员受理,58,4
4323,"2022-12-27","1002",客服二部,话务员受理,74,5
4324,"2022-12-27","2001",业务一科,话务员办理,82,13
4325,"2022-12-27","2002",业务二科,话务员办理,182,12
4326,"2022-12-27","3001",热线审核中心,热线审核,195,7
4327,"2022-12-27","3002",热线复核中心,热线复核,212,11
4328,"2022-12-27","4001",承办单位A,承办单位审核,296,29
4329,"2022-12-27","4001",承办单位A,承办单位处理,51,7
4330,"2022-12-27","4002",承办单位B,承办单位处理,262,16
4331,"2022-12-27","4003",承办复核部A,承办单位复核,77,7
4332,"2022-12-27","5001",结案一部,办结,282,16
4333,"2022-12-27","5002",结案二部,办结,114,14
4334,"2022-12-27","6001",客户回访一组,回访,221,8
4335,"2022-12-27","6002",客户回访二组,回访,208,24
4336,"2022-12-27","6003",客户回访三组,回访,111,19
4337,"2022-12-27","7001",档案管理部,归档,164,1
4338,"2022-12-27","8001",异常工单组,挂起,112,20
4339,"2022-12-28","1001",客服一部,话务员暂存,221,0
4340,"2022-12-28","1001",客服一部,话务员受理,213,33
4341,"2022-12-28","1002",客服二部,话务员受理,163,19
4342,"2022-12-28","2001",业务一科,话务员办理,204,27
4343,"2022-12-28","2002",业务二科,话务员办理,100,11
4344,"2022-12-28","3001",热线审核中心,热线审核,162,22
4345,"2022-12-28","3002",热线复核中心,热线复核,107,6
4346,"2022-12-28","4001",承办单位A,承办单位审核,187,30
4347,"2022-12-28","4001",承办单位A,承办单位处理,171,18
4348,"2022-12-28","4002",承办单位B,承办单位处理,252,37
4349,"2022-12-28","4003",承办复核部A,承办单位复核,214,19
4350,"2022-12-28","5001",结案一部,办结,258,43
4351,"2022-12-28","5002",结案二部,办结,268,18
4352,"2022-12-28","6001",客户回访一组,回访,294,5
4353,"2022-12-28","6002",客户回访二组,回访,163,9
4354,"2022-12-28","6003",客户回访三组,回访,151,0
4355,"2022-12-28","7001",档案管理部,归档,190,7
4356,"2022-12-28","8001",异常工单组,挂起,168,13
4357,"2022-12-29","1001",客服一部,话务员暂存,129,0
4358,"2022-12-29","1001",客服一部,话务员受理,165,21
4359,"2022-12-29","1002",客服二部,话务员受理,200,7
4360,"2022-12-29","2001",业务一科,话务员办理,245,49
4361,"2022-12-29","2002",业务二科,话务员办理,121,1
4362,"2022-12-29","3001",热线审核中心,热线审核,159,6
4363,"2022-12-29","3002",热线复核中心,热线复核,138,16
4364,"2022-12-29","4001",承办单位A,承办单位审核,191,7
4365,"2022-12-29","4001",承办单位A,承办单位处理,244,33
4366,"2022-12-29","4002",承办单位B,承办单位处理,63,11
4367,"2022-12-29","4003",承办复核部A,承办单位复核,182,13
4368,"2022-12-29","5001",结案一部,办结,118,19
4369,"2022-12-29","5002",结案二部,办结,119,12
4370,"2022-12-29","6001",客户回访一组,回访,242,31
4371,"2022-12-29","6002",客户回访二组,回访,129,12
4372,"2022-12-29","6003",客户回访三组,回访,288,54
4373,"2022-12-29","7001",档案管理部,归档,63,8
4374,"2022-12-29","8001",异常工单组,挂起,227,21
4375,"2022-12-30","1001",客服一部,话务员暂存,181,0
4376,"2022-12-30","1001",客服一部,话务员受理,106,21
4377,"2022-12-30","1002",客服二部,话务员受理,248,12
4378,"2022-12-30","2001",业务一科,话务员办理,168,14
4379,"2022-12-30","2002",业务二科,话务员办理,232,26
4380,"2022-12-30","3001",热线审核中心,热线审核,216,9
4381,"2022-12-30","3002",热线复核中心,热线复核,127,21
4382,"2022-12-30","4001",承办单位A,承办单位审核,142,4
4383,"2022-12-30","4001",承办单位A,承办单位处理,218,39
4384,"2022-12-30","4002",承办单位B,承办单位处理,297,41
4385,"2022-12-30","4003",承办复核部A,承办单位复核,134,12
4386,"2022-12-30","5001",结案一部,办结,164,1
4387,"2022-12-30","5002",结案二部,办结,85,3
4388,"2022-12-30","6001",客户回访一组,回访,91,9
4389,"2022-12-30","6002",客户回访二组,回访,104,8
4390,"2022-12-30","6003",客户回访三组,回访,247,9
4391,"2022-12-30","7001",档案管理部,归档,128,25
4392,"2022-12-30","8001",异常工单组,挂起,205,31
4393,"2022-12-31","1001",客服一部,话务员暂存,252,0
4394,"2022-12-31","1001",客服一部,话务员受理,253,47
4395,"2022-12-31","1002",客服二部,话务员受理,159,16
4396,"2022-12-31","2001",业务一科,话务员办理,107,12
4397,"2022-12-31","2002",业务二科,话务员办理,182,31
4398,"2022-12-31","3001",热线审核中心,热线审核,150,30
4399,"2022-12-31","3002",热线复核中心,热线复核,276,46
4400,"2022-12-31","4001",承办单位A,承办单位审核,297,27
4401,"2022-12-31","4001",承办单位A,承办单位处理,83,12
4402,"2022-12-31","4002",承办单位B,承办单位处理,148,14
4403,"2022-12-31","4003",承办复核部A,承办单位复核,139,17
4404,"2022-12-31","5001",结案一部,办结,112,5
4405,"2022-12-31","5002",结案二部,办结,255,27
4406,"2022-12-31","6001",客户回访一组,回访,291,45
4407,"2022-12-31","6002",客户回访二组,回访,96,12
4408,"2022-12-31","6003",客户回访三组,回访,155,2
4409,"2022-12-31","7001",档案管理部,归档,259,33
4410,"2022-12-31","8001",异常工单组,挂起,134,4
4411,"2023-01-01","1001",客服一部,话务员暂存,266,0
4412,"2023-01-01","1001",客服一部,话务员受理,266,47
4413,"2023-01-01","1002",客服二部,话务员受理,112,18
4414,"2023-01-01","2001",业务一科,话务员办理,106,14
4415,"2023-01-01","2002",业务二科,话务员办理,95,6
4416,"2023-01-01","3001",热线审核中心,热线审核,219,2
4417,"2023-01-01","3002",热线复核中心,热线复核,114,8
4418,"2023-01-01","4001",承办单位A,承办单位审核,164,16
4419,"2023-01-01","4001",承办单位A,承办单位处理,150,23
4420,"2023-01-01","4002",承办单位B,承办单位处理,193,36
4421,"2023-01-01","4003",承办复核部A,承办单位复核,178,2
4422,"2023-01-01","5001",结案一部,办结,166,4
4423,"2023-01-01","5002",结案二部,办结,256,34
4424,"2023-01-01","6001",客户回访一组,回访,136,2
4425,"2023-01-01","6002",客户回访二组,回访,116,0
4426,"2023-01-01","6003",客户回访三组,回访,159,11
4427,"2023-01-01","7001",档案管理部,归档,112,19
4428,"2023-01-01","8001",异常工单组,挂起,249,9
4429,"2023-01-02","1001",客服一部,话务员暂存,84,0
4430,"2023-01-02","1001",客服一部,话务员受理,92,12
4431,"2023-01-02","1002",客服二部,话务员受理,120,0
4432,"2023-01-02","2001",业务一科,话务员办理,220,13
4433,"2023-01-02","2002",业务二科,话务员办理,156,28
4434,"2023-01-02","3001",热线审核中心,热线审核,114,5
4435,"2023-01-02","3002",热线复核中心,热线复核,290,5
4436,"2023-01-02","4001",承办单位A,承办单位审核,257,36
4437,"2023-01-02","4001",承办单位A,承办单位处理,66,11
4438,"2023-01-02","4002",承办单位B,承办单位处理,280,30
4439,"2023-01-02","4003",承办复核部A,承办单位复核,141,9
4440,"2023-01-02","5001",结案一部,办结,260,18
4441,"2023-01-02","5002",结案二部,办结,114,20
4442,"2023-01-02","6001",客户回访一组,回访,258,0
4443,"2023-01-02","6002",客户回访二组,回访,179,21
4444,"2023-01-02","6003",客户回访三组,回访,179,26
4445,"2023-01-02","7001",档案管理部,归档,271,38
4446,"2023-01-02","8001",异常工单组,挂起,212,1
4447,"2023-01-03","1001",客服一部,话务员暂存,259,0
4448,"2023-01-03","1001",客服一部,话务员受理,225,21
4449,"2023-01-03","1002",客服二部,话务员受理,190,13
4450,"2023-01-03","2001",业务一科,话务员办理,217,38
4451,"2023-01-03","2002",业务二科,话务员办理,115,12
4452,"2023-01-03","3001",热线审核中心,热线审核,120,15
4453,"2023-01-03","3002",热线复核中心,热线复核,168,24
4454,"2023-01-03","4001",承办单位A,承办单位审核,281,20
4455,"2023-01-03","4001",承办单位A,承办单位处理,220,25
4456,"2023-01-03","4002",承办单位B,承办单位处理,162,1
4457,"2023-01-03","4003",承办复核部A,承办单位复核,109,1
4458,"2023-01-03","5001",结案一部,办结,112,4
4459,"2023-01-03","5002",结案二部,办结,124,16
4460,"2023-01-03","6001",客户回访一组,回访,209,40
4461,"2023-01-03","6002",客户回访二组,回访,182,4
4462,"2023-01-03","6003",客户回访三组,回访,67,8
4463,"2023-01-03","7001",档案管理部,归档,152,2
4464,"2023-01-03","8001",异常工单组,挂起,135,11
4465,"2023-01-04","1001",客服一部,话务员暂存,105,0
4466,"2023-01-04","1001",客服一部,话务员受理,60,9
4467,"2023-01-04","1002",客服二部,话务员受理,151,18
4468,"2023-01-04","2001",业务一科,话务员办理,88,8
4469,"2023-01-04","2002",业务二科,话务员办理,270,42
4470,"2023-01-04","3001",热线审核中心,热线审核,269,1
4471,"2023-01-04","3002",热线复核中心,热线复核,260,19
4472,"2023-01-04","4001",承办单位A,承办单位审核,141,0
4473,"2023-01-04","4001",承办单位A,承办单位处理,60,11
4474,"2023-01-04","4002",承办单位B,承办单位处理,259,35
4475,"2023-01-04","4003",承办复核部A,承办单位复核,207,5
4476,"2023-01-04","5001",结案一部,办结,278,27
4477,"2023-01-04","5002",结案二部,办结,83,15
4478,"2023-01-04","6001",客户回访一组,回访,279,23
4479,"2023-01-04","6002",客户回访二组,回访,179,20
4480,"2023-01-04","6003",客户回访三组,回访,212,21
4481,"2023-01-04","7001",档案管理部,归档,292,39
4482,"2023-01-04","8001",异常工单组,挂起,73,10
4483,"2023-01-05","1001",客服一部,话务员暂存,218,0
4484,"2023-01-05","1001",客服一部,话务员受理,162,1
4485,"2023-01-05","1002",客服二部,话务员受理,134,0
4486,"2023-01-05","2001",业务一科,话务员办理,76,12
4487,"2023-01-05","2002",业务二科,话务员办理,182,10
4488,"2023-01-05","3001",热线审核中心,热线审核,180,8
4489,"2023-01-05","3002",热线复核中心,热线复核,58,5
4490,"2023-01-05","4001",承办单位A,承办单位审核,73,13
4491,"2023-01-05","4001",承办单位A,承办单位处理,207,20
4492,"2023-01-05","4002",承办单位B,承办单位处理,221,15
4493,"2023-01-05","4003",承办复核部A,承办单位复核,246,34
4494,"2023-01-05","5001",结案一部,办结,300,33
4495,"2023-01-05","5002",结案二部,办结,140,25
4496,"2023-01-05","6001",客户回访一组,回访,84,0
4497,"2023-01-05","6002",客户回访二组,回访,130,14
4498,"2023-01-05","6003",客户回访三组,回访,233,33
4499,"2023-01-05","7001",档案管理部,归档,277,25
4500,"2023-01-05","8001",异常工单组,挂起,93,7
4501,"2023-01-06","1001",客服一部,话务员暂存,77,0
4502,"2023-01-06","1001",客服一部,话务员受理,157,7
4503,"2023-01-06","1002",客服二部,话务员受理,91,10
4504,"2023-01-06","2001",业务一科,话务员办理,283,52
4505,"2023-01-06","2002",业务二科,话务员办理,181,21
4506,"2023-01-06","3001",热线审核中心,热线审核,299,20
4507,"2023-01-06","3002",热线复核中心,热线复核,99,12
4508,"2023-01-06","4001",承办单位A,承办单位审核,158,27
4509,"2023-01-06","4001",承办单位A,承办单位处理,83,4
4510,"2023-01-06","4002",承办单位B,承办单位处理,95,17
4511,"2023-01-06","4003",承办复核部A,承办单位复核,136,25
4512,"2023-01-06","5001",结案一部,办结,159,19
4513,"2023-01-06","5002",结案二部,办结,166,4
4514,"2023-01-06","6001",客户回访一组,回访,266,46
4515,"2023-01-06","6002",客户回访二组,回访,173,15
4516,"2023-01-06","6003",客户回访三组,回访,227,16
4517,"2023-01-06","7001",档案管理部,归档,290,12
4518,"2023-01-06","8001",异常工单组,挂起,225,39
4519,"2023-01-07","1001",客服一部,话务员暂存,256,0
4520,"2023-01-07","1001",客服一部,话务员受理,233,34
4521,"2023-01-07","1002",客服二部,话务员受理,168,6
4522,"2023-01-07","2001",业务一科,话务员办理,154,18
4523,"2023-01-07","2002",业务二科,话务员办理,296,23
4524,"2023-01-07","3001",热线审核中心,热线审核,92,13
4525,"2023-01-07","3002",热线复核中心,热线复核,228,11
4526,"2023-01-07","4001",承办单位A,承办单位审核,281,38
4527,"2023-01-07","4001",承办单位A,承办单位处理,278,21
4528,"2023-01-07","4002",承办单位B,承办单位处理,162,21
4529,"2023-01-07","4003",承办复核部A,承办单位复核,267,19
4530,"2023-01-07","5001",结案一部,办结,191,24
4531,"2023-01-07","5002",结案二部,办结,122,5
4532,"2023-01-07","6001",客户回访一组,回访,283,48
4533,"2023-01-07","6002",客户回访二组,回访,115,16
4534,"2023-01-07","6003",客户回访三组,回访,161,20
4535,"2023-01-07","7001",档案管理部,归档,92,12
4536,"2023-01-07","8001",异常工单组,挂起,140,12
4537,"2023-01-08","1001",客服一部,话务员暂存,210,0
4538,"2023-01-08","1001",客服一部,话务员受理,282,16
4539,"2023-01-08","1002",客服二部,话务员受理,282,24
4540,"2023-01-08","2001",业务一科,话务员办理,160,30
4541,"2023-01-08","2002",业务二科,话务员办理,128,5
4542,"2023-01-08","3001",热线审核中心,热线审核,207,12
4543,"2023-01-08","3002",热线复核中心,热线复核,126,9
4544,"2023-01-08","4001",承办单位A,承办单位审核,60,4
4545,"2023-01-08","4001",承办单位A,承办单位处理,225,45
4546,"2023-01-08","4002",承办单位B,承办单位处理,73,1
4547,"2023-01-08","4003",承办复核部A,承办单位复核,162,27
4548,"2023-01-08","5001",结案一部,办结,156,8
4549,"2023-01-08","5002",结案二部,办结,232,26
4550,"2023-01-08","6001",客户回访一组,回访,253,23
4551,"2023-01-08","6002",客户回访二组,回访,203,23
4552,"2023-01-08","6003",客户回访三组,回访,164,18
4553,"2023-01-08","7001",档案管理部,归档,79,5
4554,"2023-01-08","8001",异常工单组,挂起,75,15
4555,"2023-01-09","1001",客服一部,话务员暂存,179,0
4556,"2023-01-09","1001",客服一部,话务员受理,201,27
4557,"2023-01-09","1002",客服二部,话务员受理,133,8
4558,"2023-01-09","2001",业务一科,话务员办理,270,22
4559,"2023-01-09","2002",业务二科,话务员办理,184,2
4560,"2023-01-09","3001",热线审核中心,热线审核,230,44
4561,"2023-01-09","3002",热线复核中心,热线复核,242,21
4562,"2023-01-09","4001",承办单位A,承办单位审核,257,1
4563,"2023-01-09","4001",承办单位A,承办单位处理,148,21
4564,"2023-01-09","4002",承办单位B,承办单位处理,74,7
4565,"2023-01-09","4003",承办复核部A,承办单位复核,263,21
4566,"2023-01-09","5001",结案一部,办结,101,13
4567,"2023-01-09","5002",结案二部,办结,164,10
4568,"2023-01-09","6001",客户回访一组,回访,76,6
4569,"2023-01-09","6002",客户回访二组,回访,63,12
4570,"2023-01-09","6003",客户回访三组,回访,120,23
4571,"2023-01-09","7001",档案管理部,归档,91,6
4572,"2023-01-09","8001",异常工单组,挂起,271,53
4573,"2023-01-10","1001",客服一部,话务员暂存,223,0
4574,"2023-01-10","1001",客服一部,话务员受理,195,20
4575,"2023-01-10","1002",客服二部,话务员受理,100,13
4576,"2023-01-10","2001",业务一科,话务员办理,74,8
4577,"2023-01-10","2002",业务二科,话务员办理,65,4
4578,"2023-01-10","3001",热线审核中心,热线审核,64,0
4579,"2023-01-10","3002",热线复核中心,热线复核,55,11
4580,"2023-01-10","4001",承办单位A,承办单位审核,65,7
4581,"2023-01-10","4001",承办单位A,承办单位处理,117,3
4582,"2023-01-10","4002",承办单位B,承办单位处理,295,24
4583,"2023-01-10","4003",承办复核部A,承办单位复核,190,3
4584,"2023-01-10","5001",结案一部,办结,85,2
4585,"2023-01-10","5002",结案二部,办结,197,7
4586,"2023-01-10","6001",客户回访一组,回访,157,5
4587,"2023-01-10","6002",客户回访二组,回访,286,0
4588,"2023-01-10","6003",客户回访三组,回访,209,2
4589,"2023-01-10","7001",档案管理部,归档,236,2
4590,"2023-01-10","8001",异常工单组,挂起,97,15
4591,"2023-01-11","1001",客服一部,话务员暂存,90,0
4592,"2023-01-11","1001",客服一部,话务员受理,285,39
4593,"2023-01-11","1002",客服二部,话务员受理,120,24
4594,"2023-01-11","2001",业务一科,话务员办理,118,21
4595,"2023-01-11","2002",业务二科,话务员办理,272,17
4596,"2023-01-11","3001",热线审核中心,热线审核,287,34
4597,"2023-01-11","3002",热线复核中心,热线复核,154,0
4598,"2023-01-11","4001",承办单位A,承办单位审核,215,21
4599,"2023-01-11","4001",承办单位A,承办单位处理,277,40
4600,"2023-01-11","4002",承办单位B,承办单位处理,106,4
4601,"2023-01-11","4003",承办复核部A,承办单位复核,129,18
4602,"2023-01-11","5001",结案一部,办结,223,25
4603,"2023-01-11","5002",结案二部,办结,157,28
4604,"2023-01-11","6001",客户回访一组,回访,82,14
4605,"2023-01-11","6002",客户回访二组,回访,149,20
4606,"2023-01-11","6003",客户回访三组,回访,284,10
4607,"2023-01-11","7001",档案管理部,归档,178,28
4608,"2023-01-11","8001",异常工单组,挂起,133,21
4609,"2023-01-12","1001",客服一部,话务员暂存,153,0
4610,"2023-01-12","1001",客服一部,话务员受理,121,19
4611,"2023-01-12","1002",客服二部,话务员受理,165,7
4612,"2023-01-12","2001",业务一科,话务员办理,176,7
4613,"2023-01-12","2002",业务二科,话务员办理,242,48
4614,"2023-01-12","3001",热线审核中心,热线审核,110,5
4615,"2023-01-12","3002",热线复核中心,热线复核,134,0
4616,"2023-01-12","4001",承办单位A,承办单位审核,128,14
4617,"2023-01-12","4001",承办单位A,承办单位处理,288,35
4618,"2023-01-12","4002",承办单位B,承办单位处理,128,15
4619,"2023-01-12","4003",承办复核部A,承办单位复核,109,4
4620,"2023-01-12","5001",结案一部,办结,263,6
4621,"2023-01-12","5002",结案二部,办结,57,2
4622,"2023-01-12","6001",客户回访一组,回访,184,14
4623,"2023-01-12","6002",客户回访二组,回访,155,9
4624,"2023-01-12","6003",客户回访三组,回访,206,0
4625,"2023-01-12","7001",档案管理部,归档,103,6
4626,"2023-01-12","8001",异常工单组,挂起,62,3
4627,"2023-01-13","1001",客服一部,话务员暂存,206,0
4628,"2023-01-13","1001",客服一部,话务员受理,229,24
4629,"2023-01-13","1002",客服二部,话务员受理,79,12
4630,"2023-01-13","2001",业务一科,话务员办理,266,26
4631,"2023-01-13","2002",业务二科,话务员办理,218,7
4632,"2023-01-13","3001",热线审核中心,热线审核,106,14
4633,"2023-01-13","3002",热线复核中心,热线复核,234,2
4634,"2023-01-13","4001",承办单位A,承办单位审核,132,4
4635,"2023-01-13","4001",承办单位A,承办单位处理,97,19
4636,"2023-01-13","4002",承办单位B,承办单位处理,183,25
4637,"2023-01-13","4003",承办复核部A,承办单位复核,250,9
4638,"2023-01-13","5001",结案一部,办结,84,12
4639,"2023-01-13","5002",结案二部,办结,296,57
4640,"2023-01-13","6001",客户回访一组,回访,195,29
4641,"2023-01-13","6002",客户回访二组,回访,60,6
4642,"2023-01-13","6003",客户回访三组,回访,200,30
4643,"2023-01-13","7001",档案管理部,归档,204,32
4644,"2023-01-13","8001",异常工单组,挂起,89,7
4645,"2023-01-14","1001",客服一部,话务员暂存,285,0
4646,"2023-01-14","1001",客服一部,话务员受理,182,16
4647,"2023-01-14","1002",客服二部,话务员受理,71,13
4648,"2023-01-14","2001",业务一科,话务员办理,83,13
4649,"2023-01-14","2002",业务二科,话务员办理,142,19
4650,"2023-01-14","3001",热线审核中心,热线审核,101,13
4651,"2023-01-14","3002",热线复核中心,热线复核,236,19
4652,"2023-01-14","4001",承办单位A,承办单位审核,224,17
4653,"2023-01-14","4001",承办单位A,承办单位处理,247,43
4654,"2023-01-14","4002",承办单位B,承办单位处理,143,1
4655,"2023-01-14","4003",承办复核部A,承办单位复核,286,24
4656,"2023-01-14","5001",结案一部,办结,255,49
4657,"2023-01-14","5002",结案二部,办结,124,17
4658,"2023-01-14","6001",客户回访一组,回访,123,6
4659,"2023-01-14","6002",客户回访二组,回访,54,0
4660,"2023-01-14","6003",客户回访三组,回访,251,32
4661,"2023-01-14","7001",档案管理部,归档,66,6
4662,"2023-01-14","8001",异常工单组,挂起,245,7
4663,"2023-01-15","1001",客服一部,话务员暂存,292,0
4664,"2023-01-15","1001",客服一部,话务员受理,140,10
4665,"2023-01-15","1002",客服二部,话务员受理,100,14
4666,"2023-01-15","2001",业务一科,话务员办理,180,8
4667,"2023-01-15","2002",业务二科,话务员办理,85,6
4668,"2023-01-15","3001",热线审核中心,热线审核,61,12
4669,"2023-01-15","3002",热线复核中心,热线复核,194,7
4670,"2023-01-15","4001",承办单位A,承办单位审核,59,8
4671,"2023-01-15","4001",承办单位A,承办单位处理,216,31
4672,"2023-01-15","4002",承办单位B,承办单位处理,135,4
4673,"2023-01-15","4003",承办复核部A,承办单位复核,143,16
4674,"2023-01-15","5001",结案一部,办结,298,59
4675,"2023-01-15","5002",结案二部,办结,54,5
4676,"2023-01-15","6001",客户回访一组,回访,50,1
4677,"2023-01-15","6002",客户回访二组,回访,89,13
4678,"2023-01-15","6003",客户回访三组,回访,220,7
4679,"2023-01-15","7001",档案管理部,归档,219,7
4680,"2023-01-15","8001",异常工单组,挂起,212,39
4681,"2023-01-16","1001",客服一部,话务员暂存,229,0
4682,"2023-01-16","1001",客服一部,话务员受理,271,10
4683,"2023-01-16","1002",客服二部,话务员受理,157,16
4684,"2023-01-16","2001",业务一科,话务员办理,197,34
4685,"2023-01-16","2002",业务二科,话务员办理,283,7
4686,"2023-01-16","3001",热线审核中心,热线审核,148,19
4687,"2023-01-16","3002",热线复核中心,热线复核,260,21
4688,"2023-01-16","4001",承办单位A,承办单位审核,296,1
4689,"2023-01-16","4001",承办单位A,承办单位处理,102,9
4690,"2023-01-16","4002",承办单位B,承办单位处理,227,21
4691,"2023-01-16","4003",承办复核部A,承办单位复核,237,47
4692,"2023-01-16","5001",结案一部,办结,111,20
4693,"2023-01-16","5002",结案二部,办结,174,11
4694,"2023-01-16","6001",客户回访一组,回访,276,15
4695,"2023-01-16","6002",客户回访二组,回访,280,23
4696,"2023-01-16","6003",客户回访三组,回访,298,58
4697,"2023-01-16","7001",档案管理部,归档,82,4
4698,"2023-01-16","8001",异常工单组,挂起,202,36
4699,"2023-01-17","1001",客服一部,话务员暂存,265,0
4700,"2023-01-17","1001",客服一部,话务员受理,201,0
4701,"2023-01-17","1002",客服二部,话务员受理,173,27
4702,"2023-01-17","2001",业务一科,话务员办理,184,13
4703,"2023-01-17","2002",业务二科,话务员办理,139,22
4704,"2023-01-17","3001",热线审核中心,热线审核,195,39
4705,"2023-01-17","3002",热线复核中心,热线复核,231,43
4706,"2023-01-17","4001",承办单位A,承办单位审核,125,21
4707,"2023-01-17","4001",承办单位A,承办单位处理,81,0
4708,"2023-01-17","4002",承办单位B,承办单位处理,126,8
4709,"2023-01-17","4003",承办复核部A,承办单位复核,261,29
4710,"2023-01-17","5001",结案一部,办结,261,27
4711,"2023-01-17","5002",结案二部,办结,201,15
4712,"2023-01-17","6001",客户回访一组,回访,266,37
4713,"2023-01-17","6002",客户回访二组,回访,246,43
4714,"2023-01-17","6003",客户回访三组,回访,140,26
4715,"2023-01-17","7001",档案管理部,归档,51,4
4716,"2023-01-17","8001",异常工单组,挂起,150,21
4717,"2023-01-18","1001",客服一部,话务员暂存,191,0
4718,"2023-01-18","1001",客服一部,话务员受理,188,21
4719,"2023-01-18","1002",客服二部,话务员受理,230,28
4720,"2023-01-18","2001",业务一科,话务员办理,68,1
4721,"2023-01-18","2002",业务二科,话务员办理,134,21
4722,"2023-01-18","3001",热线审核中心,热线审核,257,51
4723,"2023-01-18","3002",热线复核中心,热线复核,114,1
4724,"2023-01-18","4001",承办单位A,承办单位审核,101,5
4725,"2023-01-18","4001",承办单位A,承办单位处理,188,21
4726,"2023-01-18","4002",承办单位B,承办单位处理,54,9
4727,"2023-01-18","4003",承办复核部A,承办单位复核,121,4
4728,"2023-01-18","5001",结案一部,办结,258,44
4729,"2023-01-18","5002",结案二部,办结,231,26
4730,"2023-01-18","6001",客户回访一组,回访,190,20
4731,"2023-01-18","6002",客户回访二组,回访,272,7
4732,"2023-01-18","6003",客户回访三组,回访,52,4
4733,"2023-01-18","7001",档案管理部,归档,133,19
4734,"2023-01-18","8001",异常工单组,挂起,293,43
4735,"2023-01-19","1001",客服一部,话务员暂存,115,0
4736,"2023-01-19","1001",客服一部,话务员受理,185,35
4737,"2023-01-19","1002",客服二部,话务员受理,127,24
4738,"2023-01-19","2001",业务一科,话务员办理,245,10
4739,"2023-01-19","2002",业务二科,话务员办理,266,30
4740,"2023-01-19","3001",热线审核中心,热线审核,102,13
4741,"2023-01-19","3002",热线复核中心,热线复核,54,2
4742,"2023-01-19","4001",承办单位A,承办单位审核,128,20
4743,"2023-01-19","4001",承办单位A,承办单位处理,126,22
4744,"2023-01-19","4002",承办单位B,承办单位处理,292,35
4745,"2023-01-19","4003",承办复核部A,承办单位复核,84,8
4746,"2023-01-19","5001",结案一部,办结,53,5
4747,"2023-01-19","5002",结案二部,办结,289,5
4748,"2023-01-19","6001",客户回访一组,回访,257,39
4749,"2023-01-19","6002",客户回访二组,回访,65,12
4750,"2023-01-19","6003",客户回访三组,回访,271,23
4751,"2023-01-19","7001",档案管理部,归档,191,6
4752,"2023-01-19","8001",异常工单组,挂起,208,5
4753,"2023-01-20","1001",客服一部,话务员暂存,51,0
4754,"2023-01-20","1001",客服一部,话务员受理,124,1
4755,"2023-01-20","1002",客服二部,话务员受理,173,12
4756,"2023-01-20","2001",业务一科,话务员办理,209,37
4757,"2023-01-20","2002",业务二科,话务员办理,295,2
4758,"2023-01-20","3001",热线审核中心,热线审核,163,28
4759,"2023-01-20","3002",热线复核中心,热线复核,92,4
4760,"2023-01-20","4001",承办单位A,承办单位审核,169,2
4761,"2023-01-20","4001",承办单位A,承办单位处理,289,28
4762,"2023-01-20","4002",承办单位B,承办单位处理,265,50
4763,"2023-01-20","4003",承办复核部A,承办单位复核,206,37
4764,"2023-01-20","5001",结案一部,办结,296,22
4765,"2023-01-20","5002",结案二部,办结,260,43
4766,"2023-01-20","6001",客户回访一组,回访,121,15
4767,"2023-01-20","6002",客户回访二组,回访,171,19
4768,"2023-01-20","6003",客户回访三组,回访,97,16
4769,"2023-01-20","7001",档案管理部,归档,105,2
4770,"2023-01-20","8001",异常工单组,挂起,104,16
4771,"2023-01-21","1001",客服一部,话务员暂存,119,0
4772,"2023-01-21","1001",客服一部,话务员受理,183,20
4773,"2023-01-21","1002",客服二部,话务员受理,165,6
4774,"2023-01-21","2001",业务一科,话务员办理,218,13
4775,"2023-01-21","2002",业务二科,话务员办理,289,38
4776,"2023-01-21","3001",热线审核中心,热线审核,141,4
4777,"2023-01-21","3002",热线复核中心,热线复核,287,49
4778,"2023-01-21","4001",承办单位A,承办单位审核,64,5
4779,"2023-01-21","4001",承办单位A,承办单位处理,190,0
4780,"2023-01-21","4002",承办单位B,承办单位处理,57,5
4781,"2023-01-21","4003",承办复核部A,承办单位复核,109,18
4782,"2023-01-21","5001",结案一部,办结,61,11
4783,"2023-01-21","5002",结案二部,办结,259,11
4784,"2023-01-21","6001",客户回访一组,回访,262,1
4785,"2023-01-21","6002",客户回访二组,回访,65,3
4786,"2023-01-21","6003",客户回访三组,回访,279,45
4787,"2023-01-21","7001",档案管理部,归档,62,10
4788,"2023-01-21","8001",异常工单组,挂起,124,21
4789,"2023-01-22","1001",客服一部,话务员暂存,112,0
4790,"2023-01-22","1001",客服一部,话务员受理,264,24
4791,"2023-01-22","1002",客服二部,话务员受理,73,6
4792,"2023-01-22","2001",业务一科,话务员办理,152,24
4793,"2023-01-22","2002",业务二科,话务员办理,133,22
4794,"2023-01-22","3001",热线审核中心,热线审核,117,0
4795,"2023-01-22","3002",热线复核中心,热线复核,69,6
4796,"2023-01-22","4001",承办单位A,承办单位审核,162,4
4797,"2023-01-22","4001",承办单位A,承办单位处理,105,3
4798,"2023-01-22","4002",承办单位B,承办单位处理,295,8
4799,"2023-01-22","4003",承办复核部A,承办单位复核,221,16
4800,"2023-01-22","5001",结案一部,办结,105,12
4801,"2023-01-22","5002",结案二部,办结,93,1
4802,"2023-01-22","6001",客户回访一组,回访,177,21
4803,"2023-01-22","6002",客户回访二组,回访,190,14
4804,"2023-01-22","6003",客户回访三组,回访,103,0
4805,"2023-01-22","7001",档案管理部,归档,224,36
4806,"2023-01-22","8001",异常工单组,挂起,190,1
4807,"2023-01-23","1001",客服一部,话务员暂存,59,0
4808,"2023-01-23","1001",客服一部,话务员受理,282,8
4809,"2023-01-23","1002",客服二部,话务员受理,241,17
4810,"2023-01-23","2001",业务一科,话务员办理,130,9
4811,"2023-01-23","2002",业务二科,话务员办理,150,19
4812,"2023-01-23","3001",热线审核中心,热线审核,273,26
4813,"2023-01-23","3002",热线复核中心,热线复核,119,15
4814,"2023-01-23","4001",承办单位A,承办单位审核,211,35
4815,"2023-01-23","4001",承办单位A,承办单位处理,178,18
4816,"2023-01-23","4002",承办单位B,承办单位处理,292,20
4817,"2023-01-23","4003",承办复核部A,承办单位复核,117,20
4818,"2023-01-23","5001",结案一部,办结,215,22
4819,"2023-01-23","5002",结案二部,办结,84,12
4820,"2023-01-23","6001",客户回访一组,回访,298,55
4821,"2023-01-23","6002",客户回访二组,回访,143,28
4822,"2023-01-23","6003",客户回访三组,回访,146,20
4823,"2023-01-23","7001",档案管理部,归档,164,29
4824,"2023-01-23","8001",异常工单组,挂起,239,37
4825,"2023-01-24","1001",客服一部,话务员暂存,216,0
4826,"2023-01-24","1001",客服一部,话务员受理,169,25
4827,"2023-01-24","1002",客服二部,话务员受理,256,50
4828,"2023-01-24","2001",业务一科,话务员办理,190,13
4829,"2023-01-24","2002",业务二科,话务员办理,89,9
4830,"2023-01-24","3001",热线审核中心,热线审核,85,0
4831,"2023-01-24","3002",热线复核中心,热线复核,244,22
4832,"2023-01-24","4001",承办单位A,承办单位审核,57,6
4833,"2023-01-24","4001",承办单位A,承办单位处理,286,20
4834,"2023-01-24","4002",承办单位B,承办单位处理,230,12
4835,"2023-01-24","4003",承办复核部A,承办单位复核,299,31
4836,"2023-01-24","5001",结案一部,办结,200,35
4837,"2023-01-24","5002",结案二部,办结,193,0
4838,"2023-01-24","6001",客户回访一组,回访,269,0
4839,"2023-01-24","6002",客户回访二组,回访,198,11
4840,"2023-01-24","6003",客户回访三组,回访,84,7
4841,"2023-01-24","7001",档案管理部,归档,170,4
4842,"2023-01-24","8001",异常工单组,挂起,154,10
4843,"2023-01-25","1001",客服一部,话务员暂存,210,0
4844,"2023-01-25","1001",客服一部,话务员受理,61,6
4845,"2023-01-25","1002",客服二部,话务员受理,276,7
4846,"2023-01-25","2001",业务一科,话务员办理,66,1
4847,"2023-01-25","2002",业务二科,话务员办理,105,3
4848,"2023-01-25","3001",热线审核中心,热线审核,134,18
4849,"2023-01-25","3002",热线复核中心,热线复核,167,8
4850,"2023-01-25","4001",承办单位A,承办单位审核,213,2
4851,"2023-01-25","4001",承办单位A,承办单位处理,228,16
4852,"2023-01-25","4002",承办单位B,承办单位处理,279,47
4853,"2023-01-25","4003",承办复核部A,承办单位复核,59,7
4854,"2023-01-25","5001",结案一部,办结,140,9
4855,"2023-01-25","5002",结案二部,办结,193,30
4856,"2023-01-25","6001",客户回访一组,回访,190,7
4857,"2023-01-25","6002",客户回访二组,回访,295,12
4858,"2023-01-25","6003",客户回访三组,回访,81,11
4859,"2023-01-25","7001",档案管理部,归档,205,20
4860,"2023-01-25","8001",异常工单组,挂起,79,5
4861,"2023-01-26","1001",客服一部,话务员暂存,235,0
4862,"2023-01-26","1001",客服一部,话务员受理,276,4
4863,"2023-01-26","1002",客服二部,话务员受理,236,46
4864,"2023-01-26","2001",业务一科,话务员办理,204,34
4865,"2023-01-26","2002",业务二科,话务员办理,235,4
4866,"2023-01-26","3001",热线审核中心,热线审核,122,4
4867,"2023-01-26","3002",热线复核中心,热线复核,250,31
4868,"2023-01-26","4001",承办单位A,承办单位审核,283,43
4869,"2023-01-26","4001",承办单位A,承办单位处理,142,20
4870,"2023-01-26","4002",承办单位B,承办单位处理,243,17
4871,"2023-01-26","4003",承办复核部A,承办单位复核,52,10
4872,"2023-01-26","5001",结案一部,办结,95,14
4873,"2023-01-26","5002",结案二部,办结,208,14
4874,"2023-01-26","6001",客户回访一组,回访,136,4
4875,"2023-01-26","6002",客户回访二组,回访,219,25
4876,"2023-01-26","6003",客户回访三组,回访,190,13
4877,"2023-01-26","7001",档案管理部,归档,86,11
4878,"2023-01-26","8001",异常工单组,挂起,54,5
4879,"2023-01-27","1001",客服一部,话务员暂存,226,0
4880,"2023-01-27","1001",客服一部,话务员受理,183,12
4881,"2023-01-27","1002",客服二部,话务员受理,154,10
4882,"2023-01-27","2001",业务一科,话务员办理,65,1
4883,"2023-01-27","2002",业务二科,话务员办理,245,19
4884,"2023-01-27","3001",热线审核中心,热线审核,284,55
4885,"2023-01-27","3002",热线复核中心,热线复核,105,1
4886,"2023-01-27","4001",承办单位A,承办单位审核,220,24
4887,"2023-01-27","4001",承办单位A,承办单位处理,186,15
4888,"2023-01-27","4002",承办单位B,承办单位处理,118,0
4889,"2023-01-27","4003",承办复核部A,承办单位复核,243,9
4890,"2023-01-27","5001",结案一部,办结,124,11
4891,"2023-01-27","5002",结案二部,办结,204,14
4892,"2023-01-27","6001",客户回访一组,回访,300,50
4893,"2023-01-27","6002",客户回访二组,回访,53,6
4894,"2023-01-27","6003",客户回访三组,回访,150,23
4895,"2023-01-27","7001",档案管理部,归档,295,20
4896,"2023-01-27","8001",异常工单组,挂起,141,15
4897,"2023-01-28","1001",客服一部,话务员暂存,131,0
4898,"2023-01-28","1001",客服一部,话务员受理,164,4
4899,"2023-01-28","1002",客服二部,话务员受理,286,20
4900,"2023-01-28","2001",业务一科,话务员办理,173,17
4901,"2023-01-28","2002",业务二科,话务员办理,84,13
4902,"2023-01-28","3001",热线审核中心,热线审核,292,7
4903,"2023-01-28","3002",热线复核中心,热线复核,105,9
4904,"2023-01-28","4001",承办单位A,承办单位审核,60,4
4905,"2023-01-28","4001",承办单位A,承办单位处理,246,40
4906,"2023-01-28","4002",承办单位B,承办单位处理,143,13
4907,"2023-01-28","4003",承办复核部A,承办单位复核,229,33
4908,"2023-01-28","5001",结案一部,办结,155,4
4909,"2023-01-28","5002",结案二部,办结,258,16
4910,"2023-01-28","6001",客户回访一组,回访,260,6
4911,"2023-01-28","6002",客户回访二组,回访,237,26
4912,"2023-01-28","6003",客户回访三组,回访,258,9
4913,"2023-01-28","7001",档案管理部,归档,286,0
4914,"2023-01-28","8001",异常工单组,挂起,104,14
4915,"2023-01-29","1001",客服一部,话务员暂存,164,0
4916,"2023-01-29","1001",客服一部,话务员受理,163,19
4917,"2023-01-29","1002",客服二部,话务员受理,175,18
4918,"2023-01-29","2001",业务一科,话务员办理,285,50
4919,"2023-01-29","2002",业务二科,话务员办理,143,19
4920,"2023-01-29","3001",热线审核中心,热线审核,50,0
4921,"2023-01-29","3002",热线复核中心,热线复核,67,8
4922,"2023-01-29","4001",承办单位A,承办单位审核,197,11
4923,"2023-01-29","4001",承办单位A,承办单位处理,110,18
4924,"2023-01-29","4002",承办单位B,承办单位处理,131,23
4925,"2023-01-29","4003",承办复核部A,承办单位复核,150,6
4926,"2023-01-29","5001",结案一部,办结,172,30
4927,"2023-01-29","5002",结案二部,办结,140,17
4928,"2023-01-29","6001",客户回访一组,回访,279,35
4929,"2023-01-29","6002",客户回访二组,回访,199,22
4930,"2023-01-29","6003",客户回访三组,回访,199,13
4931,"2023-01-29","7001",档案管理部,归档,259,30
4932,"2023-01-29","8001",异常工单组,挂起,187,3
4933,"2023-01-30","1001",客服一部,话务员暂存,215,0
4934,"2023-01-30","1001",客服一部,话务员受理,246,48
4935,"2023-01-30","1002",客服二部,话务员受理,146,11
4936,"2023-01-30","2001",业务一科,话务员办理,53,0
4937,"2023-01-30","2002",业务二科,话务员办理,72,13
4938,"2023-01-30","3001",热线审核中心,热线审核,300,47
4939,"2023-01-30","3002",热线复核中心,热线复核,260,14
4940,"2023-01-30","4001",承办单位A,承办单位审核,278,25
4941,"2023-01-30","4001",承办单位A,承办单位处理,168,14
4942,"2023-01-30","4002",承办单位B,承办单位处理,104,2
4943,"2023-01-30","4003",承办复核部A,承办单位复核,159,22
4944,"2023-01-30","5001",结案一部,办结,238,27
4945,"2023-01-30","5002",结案二部,办结,212,19
4946,"2023-01-30","6001",客户回访一组,回访,207,20
4947,"2023-01-30","6002",客户回访二组,回访,117,17
4948,"2023-01-30","6003",客户回访三组,回访,150,16
4949,"2023-01-30","7001",档案管理部,归档,160,25
4950,"2023-01-30","8001",异常工单组,挂起,217,26
4951,"2023-01-31","1001",客服一部,话务员暂存,240,0
4952,"2023-01-31","1001",客服一部,话务员受理,206,11
4953,"2023-01-31","1002",客服二部,话务员受理,60,0
4954,"2023-01-31","2001",业务一科,话务员办理,164,31
4955,"2023-01-31","2002",业务二科,话务员办理,62,1
4956,"2023-01-31","3001",热线审核中心,热线审核,80,2
4957,"2023-01-31","3002",热线复核中心,热线复核,133,15
4958,"2023-01-31","4001",承办单位A,承办单位审核,113,6
4959,"2023-01-31","4001",承办单位A,承办单位处理,157,14
4960,"2023-01-31","4002",承办单位B,承办单位处理,271,23
4961,"2023-01-31","4003",承办复核部A,承办单位复核,85,15
4962,"2023-01-31","5001",结案一部,办结,290,35
4963,"2023-01-31","5002",结案二部,办结,269,40
4964,"2023-01-31","6001",客户回访一组,回访,94,4
4965,"2023-01-31","6002",客户回访二组,回访,270,53
4966,"2023-01-31","6003",客户回访三组,回访,295,15
4967,"2023-01-31","7001",档案管理部,归档,168,23
4968,"2023-01-31","8001",异常工单组,挂起,299,46
4969,"2023-02-01","1001",客服一部,话务员暂存,271,0
4970,"2023-02-01","1001",客服一部,话务员受理,180,0
4971,"2023-02-01","1002",客服二部,话务员受理,254,1
4972,"2023-02-01","2001",业务一科,话务员办理,282,6
4973,"2023-02-01","2002",业务二科,话务员办理,246,11
4974,"2023-02-01","3001",热线审核中心,热线审核,153,28
4975,"2023-02-01","3002",热线复核中心,热线复核,108,10
4976,"2023-02-01","4001",承办单位A,承办单位审核,227,7
4977,"2023-02-01","4001",承办单位A,承办单位处理,195,1
4978,"2023-02-01","4002",承办单位B,承办单位处理,126,5
4979,"2023-02-01","4003",承办复核部A,承办单位复核,240,35
4980,"2023-02-01","5001",结案一部,办结,173,6
4981,"2023-02-01","5002",结案二部,办结,243,18
4982,"2023-02-01","6001",客户回访一组,回访,259,3
4983,"2023-02-01","6002",客户回访二组,回访,197,11
4984,"2023-02-01","6003",客户回访三组,回访,170,14
4985,"2023-02-01","7001",档案管理部,归档,290,58
4986,"2023-02-01","8001",异常工单组,挂起,53,9
4987,"2023-02-02","1001",客服一部,话务员暂存,71,0
4988,"2023-02-02","1001",客服一部,话务员受理,233,24
4989,"2023-02-02","1002",客服二部,话务员受理,111,7
4990,"2023-02-02","2001",业务一科,话务员办理,104,11
4991,"2023-02-02","2002",业务二科,话务员办理,196,24
4992,"2023-02-02","3001",热线审核中心,热线审核,173,0
4993,"2023-02-02","3002",热线复核中心,热线复核,156,30
4994,"2023-02-02","4001",承办单位A,承办单位审核,136,15
4995,"2023-02-02","4001",承办单位A,承办单位处理,130,20
4996,"2023-02-02","4002",承办单位B,承办单位处理,151,17
4997,"2023-02-02","4003",承办复核部A,承办单位复核,64,8
4998,"2023-02-02","5001",结案一部,办结,157,28
4999,"2023-02-02","5002",结案二部,办结,75,2
5000,"2023-02-02","6001",客户回访一组,回访,284,51
5001,"2023-02-02","6002",客户回访二组,回访,61,3
5002,"2023-02-02","6003",客户回访三组,回访,86,1
5003,"2023-02-02","7001",档案管理部,归档,62,10
5004,"2023-02-02","8001",异常工单组,挂起,218,28
5005,"2023-02-03","1001",客服一部,话务员暂存,63,0
5006,"2023-02-03","1001",客服一部,话务员受理,136,2
5007,"2023-02-03","1002",客服二部,话务员受理,91,0
5008,"2023-02-03","2001",业务一科,话务员办理,77,1
5009,"2023-02-03","2002",业务二科,话务员办理,72,3
5010,"2023-02-03","3001",热线审核中心,热线审核,274,32
5011,"2023-02-03","3002",热线复核中心,热线复核,250,30
5012,"2023-02-03","4001",承办单位A,承办单位审核,266,0
5013,"2023-02-03","4001",承办单位A,承办单位处理,204,37
5014,"2023-02-03","4002",承办单位B,承办单位处理,171,30
5015,"2023-02-03","4003",承办复核部A,承办单位复核,180,3
5016,"2023-02-03","5001",结案一部,办结,96,5
5017,"2023-02-03","5002",结案二部,办结,129,10
5018,"2023-02-03","6001",客户回访一组,回访,138,0
5019,"2023-02-03","6002",客户回访二组,回访,56,11
5020,"2023-02-03","6003",客户回访三组,回访,145,15
5021,"2023-02-03","7001",档案管理部,归档,159,14
5022,"2023-02-03","8001",异常工单组,挂起,143,16
5023,"2023-02-04","1001",客服一部,话务员暂存,197,0
5024,"2023-02-04","1001",客服一部,话务员受理,135,23
5025,"2023-02-04","1002",客服二部,话务员受理,69,6
5026,"2023-02-04","2001",业务一科,话务员办理,194,9
5027,"2023-02-04","2002",业务二科,话务员办理,195,19
5028,"2023-02-04","3001",热线审核中心,热线审核,97,16
5029,"2023-02-04","3002",热线复核中心,热线复核,111,11
5030,"2023-02-04","4001",承办单位A,承办单位审核,189,1
5031,"2023-02-04","4001",承办单位A,承办单位处理,101,11
5032,"2023-02-04","4002",承办单位B,承办单位处理,211,32
5033,"2023-02-04","4003",承办复核部A,承办单位复核,196,28
5034,"2023-02-04","5001",结案一部,办结,236,0
5035,"2023-02-04","5002",结案二部,办结,200,6
5036,"2023-02-04","6001",客户回访一组,回访,147,0
5037,"2023-02-04","6002",客户回访二组,回访,215,28
5038,"2023-02-04","6003",客户回访三组,回访,221,31
5039,"2023-02-04","7001",档案管理部,归档,131,22
5040,"2023-02-04","8001",异常工单组,挂起,221,31
5041,"2023-02-05","1001",客服一部,话务员暂存,162,0
5042,"2023-02-05","1001",客服一部,话务员受理,116,9
5043,"2023-02-05","1002",客服二部,话务员受理,90,3
5044,"2023-02-05","2001",业务一科,话务员办理,191,9
5045,"2023-02-05","2002",业务二科,话务员办理,286,48
5046,"2023-02-05","3001",热线审核中心,热线审核,122,23
5047,"2023-02-05","3002",热线复核中心,热线复核,293,46
5048,"2023-02-05","4001",承办单位A,承办单位审核,148,7
5049,"2023-02-05","4001",承办单位A,承办单位处理,121,11
5050,"2023-02-05","4002",承办单位B,承办单位处理,99,0
5051,"2023-02-05","4003",承办复核部A,承办单位复核,117,16
5052,"2023-02-05","5001",结案一部,办结,236,13
5053,"2023-02-05","5002",结案二部,办结,201,21
5054,"2023-02-05","6001",客户回访一组,回访,151,10
5055,"2023-02-05","6002",客户回访二组,回访,145,25
5056,"2023-02-05","6003",客户回访三组,回访,241,48
5057,"2023-02-05","7001",档案管理部,归档,147,12
5058,"2023-02-05","8001",异常工单组,挂起,77,11
5059,"2023-02-06","1001",客服一部,话务员暂存,189,0
5060,"2023-02-06","1001",客服一部,话务员受理,221,30
5061,"2023-02-06","1002",客服二部,话务员受理,249,18
5062,"2023-02-06","2001",业务一科,话务员办理,211,16
5063,"2023-02-06","2002",业务二科,话务员办理,65,2
5064,"2023-02-06","3001",热线审核中心,热线审核,51,10
5065,"2023-02-06","3002",热线复核中心,热线复核,230,17
5066,"2023-02-06","4001",承办单位A,承办单位审核,151,2
5067,"2023-02-06","4001",承办单位A,承办单位处理,247,39
5068,"2023-02-06","4002",承办单位B,承办单位处理,239,43
5069,"2023-02-06","4003",承办复核部A,承办单位复核,185,1
5070,"2023-02-06","5001",结案一部,办结,95,19
5071,"2023-02-06","5002",结案二部,办结,151,26
5072,"2023-02-06","6001",客户回访一组,回访,226,16
5073,"2023-02-06","6002",客户回访二组,回访,110,19
5074,"2023-02-06","6003",客户回访三组,回访,118,14
5075,"2023-02-06","7001",档案管理部,归档,191,9
5076,"2023-02-06","8001",异常工单组,挂起,290,13
5077,"2023-02-07","1001",客服一部,话务员暂存,201,0
5078,"2023-02-07","1001",客服一部,话务员受理,57,11
5079,"2023-02-07","1002",客服二部,话务员受理,151,21
5080,"2023-02-07","2001",业务一科,话务员办理,261,17
5081,"2023-02-07","2002",业务二科,话务员办理,220,39
5082,"2023-02-07","3001",热线审核中心,热线审核,261,26
5083,"2023-02-07","3002",热线复核中心,热线复核,184,4
5084,"2023-02-07","4001",承办单位A,承办单位审核,97,11
5085,"2023-02-07","4001",承办单位A,承办单位处理,177,27
5086,"2023-02-07","4002",承办单位B,承办单位处理,251,24
5087,"2023-02-07","4003",承办复核部A,承办单位复核,92,9
5088,"2023-02-07","5001",结案一部,办结,174,2
5089,"2023-02-07","5002",结案二部,办结,182,36
5090,"2023-02-07","6001",客户回访一组,回访,56,3
5091,"2023-02-07","6002",客户回访二组,回访,208,34
5092,"2023-02-07","6003",客户回访三组,回访,126,3
5093,"2023-02-07","7001",档案管理部,归档,111,18
5094,"2023-02-07","8001",异常工单组,挂起,234,35
5095,"2023-02-08","1001",客服一部,话务员暂存,297,0
5096,"2023-02-08","1001",客服一部,话务员受理,260,39
5097,"2023-02-08","1002",客服二部,话务员受理,78,6
5098,"2023-02-08","2001",业务一科,话务员办理,289,12
5099,"2023-02-08","2002",业务二科,话务员办理,213,38
5100,"2023-02-08","3001",热线审核中心,热线审核,279,9
5101,"2023-02-08","3002",热线复核中心,热线复核,59,8
5102,"2023-02-08","4001",承办单位A,承办单位审核,152,7
5103,"2023-02-08","4001",承办单位A,承办单位处理,93,18
5104,"2023-02-08","4002",承办单位B,承办单位处理,228,2
5105,"2023-02-08","4003",承办复核部A,承办单位复核,86,16
5106,"2023-02-08","5001",结案一部,办结,216,15
5107,"2023-02-08","5002",结案二部,办结,109,17
5108,"2023-02-08","6001",客户回访一组,回访,142,6
5109,"2023-02-08","6002",客户回访二组,回访,275,48
5110,"2023-02-08","6003",客户回访三组,回访,170,22
5111,"2023-02-08","7001",档案管理部,归档,192,27
5112,"2023-02-08","8001",异常工单组,挂起,214,34
5113,"2023-02-09","1001",客服一部,话务员暂存,126,0
5114,"2023-02-09","1001",客服一部,话务员受理,197,31
5115,"2023-02-09","1002",客服二部,话务员受理,142,4
5116,"2023-02-09","2001",业务一科,话务员办理,98,1
5117,"2023-02-09","2002",业务二科,话务员办理,177,14
5118,"2023-02-09","3001",热线审核中心,热线审核,244,4
5119,"2023-02-09","3002",热线复核中心,热线复核,164,11
5120,"2023-02-09","4001",承办单位A,承办单位审核,259,50
5121,"2023-02-09","4001",承办单位A,承办单位处理,110,8
5122,"2023-02-09","4002",承办单位B,承办单位处理,264,39
5123,"2023-02-09","4003",承办复核部A,承办单位复核,250,1
5124,"2023-02-09","5001",结案一部,办结,192,17
5125,"2023-02-09","5002",结案二部,办结,206,27
5126,"2023-02-09","6001",客户回访一组,回访,294,33
5127,"2023-02-09","6002",客户回访二组,回访,172,29
5128,"2023-02-09","6003",客户回访三组,回访,287,44
5129,"2023-02-09","7001",档案管理部,归档,271,38
5130,"2023-02-09","8001",异常工单组,挂起,278,41
5131,"2023-02-10","1001",客服一部,话务员暂存,274,0
5132,"2023-02-10","1001",客服一部,话务员受理,174,21
5133,"2023-02-10","1002",客服二部,话务员受理,131,10
5134,"2023-02-10","2001",业务一科,话务员办理,157,14
5135,"2023-02-10","2002",业务二科,话务员办理,179,11
5136,"2023-02-10","3001",热线审核中心,热线审核,64,0
5137,"2023-02-10","3002",热线复核中心,热线复核,179,24
5138,"2023-02-10","4001",承办单位A,承办单位审核,185,13
5139,"2023-02-10","4001",承办单位A,承办单位处理,169,10
5140,"2023-02-10","4002",承办单位B,承办单位处理,146,22
5141,"2023-02-10","4003",承办复核部A,承办单位复核,199,10
5142,"2023-02-10","5001",结案一部,办结,57,3
5143,"2023-02-10","5002",结案二部,办结,147,5
5144,"2023-02-10","6001",客户回访一组,回访,276,9
5145,"2023-02-10","6002",客户回访二组,回访,136,22
5146,"2023-02-10","6003",客户回访三组,回访,249,3
5147,"2023-02-10","7001",档案管理部,归档,274,51
5148,"2023-02-10","8001",异常工单组,挂起,172,18
5149,"2023-02-11","1001",客服一部,话务员暂存,153,0
5150,"2023-02-11","1001",客服一部,话务员受理,72,8
5151,"2023-02-11","1002",客服二部,话务员受理,141,10
5152,"2023-02-11","2001",业务一科,话务员办理,118,5
5153,"2023-02-11","2002",业务二科,话务员办理,66,12
5154,"2023-02-11","3001",热线审核中心,热线审核,297,27
5155,"2023-02-11","3002",热线复核中心,热线复核,163,25
5156,"2023-02-11","4001",承办单位A,承办单位审核,157,9
5157,"2023-02-11","4001",承办单位A,承办单位处理,278,20
5158,"2023-02-11","4002",承办单位B,承办单位处理,167,23
5159,"2023-02-11","4003",承办复核部A,承办单位复核,136,5
5160,"2023-02-11","5001",结案一部,办结,183,27
5161,"2023-02-11","5002",结案二部,办结,100,6
5162,"2023-02-11","6001",客户回访一组,回访,122,11
5163,"2023-02-11","6002",客户回访二组,回访,106,15
5164,"2023-02-11","6003",客户回访三组,回访,298,54
5165,"2023-02-11","7001",档案管理部,归档,253,9
5166,"2023-02-11","8001",异常工单组,挂起,164,7
5167,"2023-02-12","1001",客服一部,话务员暂存,251,0
5168,"2023-02-12","1001",客服一部,话务员受理,165,9
5169,"2023-02-12","1002",客服二部,话务员受理,189,25
5170,"2023-02-12","2001",业务一科,话务员办理,299,24
5171,"2023-02-12","2002",业务二科,话务员办理,177,34
5172,"2023-02-12","3001",热线审核中心,热线审核,66,1
5173,"2023-02-12","3002",热线复核中心,热线复核,251,44
5174,"2023-02-12","4001",承办单位A,承办单位审核,102,20
5175,"2023-02-12","4001",承办单位A,承办单位处理,265,42
5176,"2023-02-12","4002",承办单位B,承办单位处理,99,19
5177,"2023-02-12","4003",承办复核部A,承办单位复核,71,3
5178,"2023-02-12","5001",结案一部,办结,251,50
5179,"2023-02-12","5002",结案二部,办结,142,5
5180,"2023-02-12","6001",客户回访一组,回访,282,21
5181,"2023-02-12","6002",客户回访二组,回访,128,3
5182,"2023-02-12","6003",客户回访三组,回访,157,1
5183,"2023-02-12","7001",档案管理部,归档,282,38
5184,"2023-02-12","8001",异常工单组,挂起,160,6
5185,"2023-02-13","1001",客服一部,话务员暂存,195,0
5186,"2023-02-13","1001",客服一部,话务员受理,83,12
5187,"2023-02-13","1002",客服二部,话务员受理,294,14
5188,"2023-02-13","2001",业务一科,话务员办理,155,30
5189,"2023-02-13","2002",业务二科,话务员办理,276,53
5190,"2023-02-13","3001",热线审核中心,热线审核,289,0
5191,"2023-02-13","3002",热线复核中心,热线复核,222,13
5192,"2023-02-13","4001",承办单位A,承办单位审核,112,1
5193,"2023-02-13","4001",承办单位A,承办单位处理,246,31
5194,"2023-02-13","4002",承办单位B,承办单位处理,184,25
5195,"2023-02-13","4003",承办复核部A,承办单位复核,107,2
5196,"2023-02-13","5001",结案一部,办结,190,31
5197,"2023-02-13","5002",结案二部,办结,294,6
5198,"2023-02-13","6001",客户回访一组,回访,120,21
5199,"2023-02-13","6002",客户回访二组,回访,171,11
5200,"2023-02-13","6003",客户回访三组,回访,280,47
5201,"2023-02-13","7001",档案管理部,归档,300,46
5202,"2023-02-13","8001",异常工单组,挂起,94,15
5203,"2023-02-14","1001",客服一部,话务员暂存,82,0
5204,"2023-02-14","1001",客服一部,话务员受理,155,5
5205,"2023-02-14","1002",客服二部,话务员受理,72,11
5206,"2023-02-14","2001",业务一科,话务员办理,72,6
5207,"2023-02-14","2002",业务二科,话务员办理,269,48
5208,"2023-02-14","3001",热线审核中心,热线审核,284,55
5209,"2023-02-14","3002",热线复核中心,热线复核,262,22
5210,"2023-02-14","4001",承办单位A,承办单位审核,244,27
5211,"2023-02-14","4001",承办单位A,承办单位处理,237,2
5212,"2023-02-14","4002",承办单位B,承办单位处理,97,5
5213,"2023-02-14","4003",承办复核部A,承办单位复核,154,21
5214,"2023-02-14","5001",结案一部,办结,277,30
5215,"2023-02-14","5002",结案二部,办结,148,13
5216,"2023-02-14","6001",客户回访一组,回访,135,13
5217,"2023-02-14","6002",客户回访二组,回访,58,0
5218,"2023-02-14","6003",客户回访三组,回访,107,8
5219,"2023-02-14","7001",档案管理部,归档,66,5
5220,"2023-02-14","8001",异常工单组,挂起,214,2
5221,"2023-02-15","1001",客服一部,话务员暂存,157,0
5222,"2023-02-15","1001",客服一部,话务员受理,174,7
5223,"2023-02-15","1002",客服二部,话务员受理,286,24
5224,"2023-02-15","2001",业务一科,话务员办理,187,25
5225,"2023-02-15","2002",业务二科,话务员办理,134,21
5226,"2023-02-15","3001",热线审核中心,热线审核,288,53
5227,"2023-02-15","3002",热线复核中心,热线复核,218,38
5228,"2023-02-15","4001",承办单位A,承办单位审核,199,34
5229,"2023-02-15","4001",承办单位A,承办单位处理,168,17
5230,"2023-02-15","4002",承办单位B,承办单位处理,264,12
5231,"2023-02-15","4003",承办复核部A,承办单位复核,226,0
5232,"2023-02-15","5001",结案一部,办结,105,19
5233,"2023-02-15","5002",结案二部,办结,163,0
5234,"2023-02-15","6001",客户回访一组,回访,226,18
5235,"2023-02-15","6002",客户回访二组,回访,88,10
5236,"2023-02-15","6003",客户回访三组,回访,86,3
5237,"2023-02-15","7001",档案管理部,归档,125,16
5238,"2023-02-15","8001",异常工单组,挂起,286,51
5239,"2023-02-16","1001",客服一部,话务员暂存,107,0
5240,"2023-02-16","1001",客服一部,话务员受理,189,34
5241,"2023-02-16","1002",客服二部,话务员受理,72,9
5242,"2023-02-16","2001",业务一科,话务员办理,64,4
5243,"2023-02-16","2002",业务二科,话务员办理,108,13
5244,"2023-02-16","3001",热线审核中心,热线审核,259,47
5245,"2023-02-16","3002",热线复核中心,热线复核,166,2
5246,"2023-02-16","4001",承办单位A,承办单位审核,177,12
5247,"2023-02-16","4001",承办单位A,承办单位处理,127,20
5248,"2023-02-16","4002",承办单位B,承办单位处理,289,36
5249,"2023-02-16","4003",承办复核部A,承办单位复核,138,2
5250,"2023-02-16","5001",结案一部,办结,54,4
5251,"2023-02-16","5002",结案二部,办结,137,12
5252,"2023-02-16","6001",客户回访一组,回访,160,11
5253,"2023-02-16","6002",客户回访二组,回访,243,5
5254,"2023-02-16","6003",客户回访三组,回访,181,9
5255,"2023-02-16","7001",档案管理部,归档,109,14
5256,"2023-02-16","8001",异常工单组,挂起,75,1
5257,"2023-02-17","1001",客服一部,话务员暂存,262,0
5258,"2023-02-17","1001",客服一部,话务员受理,88,5
5259,"2023-02-17","1002",客服二部,话务员受理,269,51
5260,"2023-02-17","2001",业务一科,话务员办理,200,38
5261,"2023-02-17","2002",业务二科,话务员办理,51,10
5262,"2023-02-17","3001",热线审核中心,热线审核,51,1
5263,"2023-02-17","3002",热线复核中心,热线复核,92,5
5264,"2023-02-17","4001",承办单位A,承办单位审核,138,6
5265,"2023-02-17","4001",承办单位A,承办单位处理,168,28
5266,"2023-02-17","4002",承办单位B,承办单位处理,141,24
5267,"2023-02-17","4003",承办复核部A,承办单位复核,272,44
5268,"2023-02-17","5001",结案一部,办结,116,6
5269,"2023-02-17","5002",结案二部,办结,283,6
5270,"2023-02-17","6001",客户回访一组,回访,137,11
5271,"2023-02-17","6002",客户回访二组,回访,234,3
5272,"2023-02-17","6003",客户回访三组,回访,204,29
5273,"2023-02-17","7001",档案管理部,归档,56,9
5274,"2023-02-17","8001",异常工单组,挂起,234,4
5275,"2023-02-18","1001",客服一部,话务员暂存,224,0
5276,"2023-02-18","1001",客服一部,话务员受理,186,0
5277,"2023-02-18","1002",客服二部,话务员受理,158,28
5278,"2023-02-18","2001",业务一科,话务员办理,124,9
5279,"2023-02-18","2002",业务二科,话务员办理,108,1
5280,"2023-02-18","3001",热线审核中心,热线审核,251,9
5281,"2023-02-18","3002",热线复核中心,热线复核,211,37
5282,"2023-02-18","4001",承办单位A,承办单位审核,140,4
5283,"2023-02-18","4001",承办单位A,承办单位处理,163,30
5284,"2023-02-18","4002",承办单位B,承办单位处理,218,14
5285,"2023-02-18","4003",承办复核部A,承办单位复核,198,16
5286,"2023-02-18","5001",结案一部,办结,206,33
5287,"2023-02-18","5002",结案二部,办结,228,3
5288,"2023-02-18","6001",客户回访一组,回访,294,6
5289,"2023-02-18","6002",客户回访二组,回访,121,11
5290,"2023-02-18","6003",客户回访三组,回访,171,8
5291,"2023-02-18","7001",档案管理部,归档,231,27
5292,"2023-02-18","8001",异常工单组,挂起,141,24
5293,"2023-02-19","1001",客服一部,话务员暂存,109,0
5294,"2023-02-19","1001",客服一部,话务员受理,100,15
5295,"2023-02-19","1002",客服二部,话务员受理,104,19
5296,"2023-02-19","2001",业务一科,话务员办理,156,21
5297,"2023-02-19","2002",业务二科,话务员办理,236,14
5298,"2023-02-19","3001",热线审核中心,热线审核,190,19
5299,"2023-02-19","3002",热线复核中心,热线复核,165,9
5300,"2023-02-19","4001",承办单位A,承办单位审核,120,19
5301,"2023-02-19","4001",承办单位A,承办单位处理,162,6
5302,"2023-02-19","4002",承办单位B,承办单位处理,74,10
5303,"2023-02-19","4003",承办复核部A,承办单位复核,274,7
5304,"2023-02-19","5001",结案一部,办结,212,27
5305,"2023-02-19","5002",结案二部,办结,300,17
5306,"2023-02-19","6001",客户回访一组,回访,147,19
5307,"2023-02-19","6002",客户回访二组,回访,274,39
5308,"2023-02-19","6003",客户回访三组,回访,161,5
5309,"2023-02-19","7001",档案管理部,归档,290,21
5310,"2023-02-19","8001",异常工单组,挂起,193,2
5311,"2023-02-20","1001",客服一部,话务员暂存,213,0
5312,"2023-02-20","1001",客服一部,话务员受理,56,5
5313,"2023-02-20","1002",客服二部,话务员受理,229,28
5314,"2023-02-20","2001",业务一科,话务员办理,231,38
5315,"2023-02-20","2002",业务二科,话务员办理,254,32
5316,"2023-02-20","3001",热线审核中心,热线审核,124,3
5317,"2023-02-20","3002",热线复核中心,热线复核,155,5
5318,"2023-02-20","4001",承办单位A,承办单位审核,247,17
5319,"2023-02-20","4001",承办单位A,承办单位处理,112,15
5320,"2023-02-20","4002",承办单位B,承办单位处理,275,29
5321,"2023-02-20","4003",承办复核部A,承办单位复核,227,45
5322,"2023-02-20","5001",结案一部,办结,272,26
5323,"2023-02-20","5002",结案二部,办结,264,36
5324,"2023-02-20","6001",客户回访一组,回访,299,18
5325,"2023-02-20","6002",客户回访二组,回访,137,25
5326,"2023-02-20","6003",客户回访三组,回访,209,4
5327,"2023-02-20","7001",档案管理部,归档,70,10
5328,"2023-02-20","8001",异常工单组,挂起,71,9
5329,"2023-02-21","1001",客服一部,话务员暂存,184,0
5330,"2023-02-21","1001",客服一部,话务员受理,298,36
5331,"2023-02-21","1002",客服二部,话务员受理,294,21
5332,"2023-02-21","2001",业务一科,话务员办理,208,30
5333,"2023-02-21","2002",业务二科,话务员办理,98,8
5334,"2023-02-21","3001",热线审核中心,热线审核,285,27
5335,"2023-02-21","3002",热线复核中心,热线复核,101,5
5336,"2023-02-21","4001",承办单位A,承办单位审核,193,33
5337,"2023-02-21","4001",承办单位A,承办单位处理,264,24
5338,"2023-02-21","4002",承办单位B,承办单位处理,234,18
5339,"2023-02-21","4003",承办复核部A,承办单位复核,124,3
5340,"2023-02-21","5001",结案一部,办结,115,16
5341,"2023-02-21","5002",结案二部,办结,72,4
5342,"2023-02-21","6001",客户回访一组,回访,258,45
5343,"2023-02-21","6002",客户回访二组,回访,166,30
5344,"2023-02-21","6003",客户回访三组,回访,211,21
5345,"2023-02-21","7001",档案管理部,归档,200,27
5346,"2023-02-21","8001",异常工单组,挂起,83,9
5347,"2023-02-22","1001",客服一部,话务员暂存,293,0
5348,"2023-02-22","1001",客服一部,话务员受理,229,12
5349,"2023-02-22","1002",客服二部,话务员受理,82,15
5350,"2023-02-22","2001",业务一科,话务员办理,157,29
5351,"2023-02-22","2002",业务二科,话务员办理,152,19
5352,"2023-02-22","3001",热线审核中心,热线审核,239,33
5353,"2023-02-22","3002",热线复核中心,热线复核,56,8
5354,"2023-02-22","4001",承办单位A,承办单位审核,105,21
5355,"2023-02-22","4001",承办单位A,承办单位处理,54,9
5356,"2023-02-22","4002",承办单位B,承办单位处理,95,0
5357,"2023-02-22","4003",承办复核部A,承办单位复核,259,21
5358,"2023-02-22","5001",结案一部,办结,194,7
5359,"2023-02-22","5002",结案二部,办结,182,21
5360,"2023-02-22","6001",客户回访一组,回访,289,20
5361,"2023-02-22","6002",客户回访二组,回访,73,4
5362,"2023-02-22","6003",客户回访三组,回访,90,3
5363,"2023-02-22","7001",档案管理部,归档,57,9
5364,"2023-02-22","8001",异常工单组,挂起,139,10
5365,"2023-02-23","1001",客服一部,话务员暂存,289,0
5366,"2023-02-23","1001",客服一部,话务员受理,82,16
5367,"2023-02-23","1002",客服二部,话务员受理,131,18
5368,"2023-02-23","2001",业务一科,话务员办理,104,5
5369,"2023-02-23","2002",业务二科,话务员办理,87,6
5370,"2023-02-23","3001",热线审核中心,热线审核,239,17
5371,"2023-02-23","3002",热线复核中心,热线复核,88,5
5372,"2023-02-23","4001",承办单位A,承办单位审核,113,17
5373,"2023-02-23","4001",承办单位A,承办单位处理,270,42
5374,"2023-02-23","4002",承办单位B,承办单位处理,153,3
5375,"2023-02-23","4003",承办复核部A,承办单位复核,129,6
5376,"2023-02-23","5001",结案一部,办结,169,15
5377,"2023-02-23","5002",结案二部,办结,270,47
5378,"2023-02-23","6001",客户回访一组,回访,298,24
5379,"2023-02-23","6002",客户回访二组,回访,183,11
5380,"2023-02-23","6003",客户回访三组,回访,53,0
5381,"2023-02-23","7001",档案管理部,归档,257,6
5382,"2023-02-23","8001",异常工单组,挂起,100,3
5383,"2023-02-24","1001",客服一部,话务员暂存,107,0
5384,"2023-02-24","1001",客服一部,话务员受理,144,10
5385,"2023-02-24","1002",客服二部,话务员受理,225,32
5386,"2023-02-24","2001",业务一科,话务员办理,151,29
5387,"2023-02-24","2002",业务二科,话务员办理,198,19
5388,"2023-02-24","3001",热线审核中心,热线审核,67,0
5389,"2023-02-24","3002",热线复核中心,热线复核,208,1
5390,"2023-02-24","4001",承办单位A,承办单位审核,96,8
5391,"2023-02-24","4001",承办单位A,承办单位处理,101,18
5392,"2023-02-24","4002",承办单位B,承办单位处理,66,7
5393,"2023-02-24","4003",承办复核部A,承办单位复核,281,17
5394,"2023-02-24","5001",结案一部,办结,271,0
5395,"2023-02-24","5002",结案二部,办结,72,10
5396,"2023-02-24","6001",客户回访一组,回访,293,38
5397,"2023-02-24","6002",客户回访二组,回访,176,10
5398,"2023-02-24","6003",客户回访三组,回访,72,12
5399,"2023-02-24","7001",档案管理部,归档,256,31
5400,"2023-02-24","8001",异常工单组,挂起,179,21
5401,"2023-02-25","1001",客服一部,话务员暂存,255,0
5402,"2023-02-25","1001",客服一部,话务员受理,183,3
5403,"2023-02-25","1002",客服二部,话务员受理,238,13
5404,"2023-02-25","2001",业务一科,话务员办理,209,6
5405,"2023-02-25","2002",业务二科,话务员办理,211,35
5406,"2023-02-25","3001",热线审核中心,热线审核,178,3
5407,"2023-02-25","3002",热线复核中心,热线复核,262,14
5408,"2023-02-25","4001",承办单位A,承办单位审核,283,52
5409,"2023-02-25","4001",承办单位A,承办单位处理,92,5
5410,"2023-02-25","4002",承办单位B,承办单位处理,227,23
5411,"2023-02-25","4003",承办复核部A,承办单位复核,188,5
5412,"2023-02-25","5001",结案一部,办结,253,45
5413,"2023-02-25","5002",结案二部,办结,206,21
5414,"2023-02-25","6001",客户回访一组,回访,94,2
5415,"2023-02-25","6002",客户回访二组,回访,256,23
5416,"2023-02-25","6003",客户回访三组,回访,177,25
5417,"2023-02-25","7001",档案管理部,归档,185,23
5418,"2023-02-25","8001",异常工单组,挂起,69,13
5419,"2023-02-26","1001",客服一部,话务员暂存,107,0
5420,"2023-02-26","1001",客服一部,话务员受理,159,25
5421,"2023-02-26","1002",客服二部,话务员受理,116,17
5422,"2023-02-26","2001",业务一科,话务员办理,83,1
5423,"2023-02-26","2002",业务二科,话务员办理,178,14
5424,"2023-02-26","3001",热线审核中心,热线审核,177,4
5425,"2023-02-26","3002",热线复核中心,热线复核,212,5
5426,"2023-02-26","4001",承办单位A,承办单位审核,173,5
5427,"2023-02-26","4001",承办单位A,承办单位处理,230,30
5428,"2023-02-26","4002",承办单位B,承办单位处理,130,18
5429,"2023-02-26","4003",承办复核部A,承办单位复核,138,25
5430,"2023-02-26","5001",结案一部,办结,109,11
5431,"2023-02-26","5002",结案二部,办结,147,5
5432,"2023-02-26","6001",客户回访一组,回访,266,13
5433,"2023-02-26","6002",客户回访二组,回访,193,6
5434,"2023-02-26","6003",客户回访三组,回访,250,14
5435,"2023-02-26","7001",档案管理部,归档,139,23
5436,"2023-02-26","8001",异常工单组,挂起,137,8
5437,"2023-02-27","1001",客服一部,话务员暂存,62,0
5438,"2023-02-27","1001",客服一部,话务员受理,112,2
5439,"2023-02-27","1002",客服二部,话务员受理,184,32
5440,"2023-02-27","2001",业务一科,话务员办理,61,4
5441,"2023-02-27","2002",业务二科,话务员办理,54,6
5442,"2023-02-27","3001",热线审核中心,热线审核,206,5
5443,"2023-02-27","3002",热线复核中心,热线复核,139,11
5444,"2023-02-27","4001",承办单位A,承办单位审核,155,2
5445,"2023-02-27","4001",承办单位A,承办单位处理,172,6
5446,"2023-02-27","4002",承办单位B,承办单位处理,217,34
5447,"2023-02-27","4003",承办复核部A,承办单位复核,259,16
5448,"2023-02-27","5001",结案一部,办结,217,0
5449,"2023-02-27","5002",结案二部,办结,149,8
5450,"2023-02-27","6001",客户回访一组,回访,228,21
5451,"2023-02-27","6002",客户回访二组,回访,279,38
5452,"2023-02-27","6003",客户回访三组,回访,64,8
5453,"2023-02-27","7001",档案管理部,归档,134,20
5454,"2023-02-27","8001",异常工单组,挂起,242,10
5455,"2023-02-28","1001",客服一部,话务员暂存,68,0
5456,"2023-02-28","1001",客服一部,话务员受理,58,2
5457,"2023-02-28","1002",客服二部,话务员受理,69,6
5458,"2023-02-28","2001",业务一科,话务员办理,176,18
5459,"2023-02-28","2002",业务二科,话务员办理,206,7
5460,"2023-02-28","3001",热线审核中心,热线审核,70,9
5461,"2023-02-28","3002",热线复核中心,热线复核,117,21
5462,"2023-02-28","4001",承办单位A,承办单位审核,275,21
5463,"2023-02-28","4001",承办单位A,承办单位处理,223,30
5464,"2023-02-28","4002",承办单位B,承办单位处理,243,22
5465,"2023-02-28","4003",承办复核部A,承办单位复核,275,28
5466,"2023-02-28","5001",结案一部,办结,66,9
5467,"2023-02-28","5002",结案二部,办结,173,5
5468,"2023-02-28","6001",客户回访一组,回访,147,3
5469,"2023-02-28","6002",客户回访二组,回访,197,7
5470,"2023-02-28","6003",客户回访三组,回访,77,4
5471,"2023-02-28","7001",档案管理部,归档,202,31
5472,"2023-02-28","8001",异常工单组,挂起,267,12
5473,"2023-03-01","1001",客服一部,话务员暂存,99,0
5474,"2023-03-01","1001",客服一部,话务员受理,286,20
5475,"2023-03-01","1002",客服二部,话务员受理,102,7
5476,"2023-03-01","2001",业务一科,话务员办理,153,4
5477,"2023-03-01","2002",业务二科,话务员办理,179,29
5478,"2023-03-01","3001",热线审核中心,热线审核,295,22
5479,"2023-03-01","3002",热线复核中心,热线复核,294,50
5480,"2023-03-01","4001",承办单位A,承办单位审核,119,20
5481,"2023-03-01","4001",承办单位A,承办单位处理,209,12
5482,"2023-03-01","4002",承办单位B,承办单位处理,170,24
5483,"2023-03-01","4003",承办复核部A,承办单位复核,173,31
5484,"2023-03-01","5001",结案一部,办结,294,19
5485,"2023-03-01","5002",结案二部,办结,235,17
5486,"2023-03-01","6001",客户回访一组,回访,209,10
5487,"2023-03-01","6002",客户回访二组,回访,286,4
5488,"2023-03-01","6003",客户回访三组,回访,169,6
5489,"2023-03-01","7001",档案管理部,归档,153,12
5490,"2023-03-01","8001",异常工单组,挂起,208,9
5491,"2023-03-02","1001",客服一部,话务员暂存,152,0
5492,"2023-03-02","1001",客服一部,话务员受理,278,13
5493,"2023-03-02","1002",客服二部,话务员受理,51,5
5494,"2023-03-02","2001",业务一科,话务员办理,118,17
5495,"2023-03-02","2002",业务二科,话务员办理,288,38
5496,"2023-03-02","3001",热线审核中心,热线审核,224,42
5497,"2023-03-02","3002",热线复核中心,热线复核,130,1
5498,"2023-03-02","4001",承办单位A,承办单位审核,199,17
5499,"2023-03-02","4001",承办单位A,承办单位处理,256,40
5500,"2023-03-02","4002",承办单位B,承办单位处理,128,13
5501,"2023-03-02","4003",承办复核部A,承办单位复核,287,26
5502,"2023-03-02","5001",结案一部,办结,256,33
5503,"2023-03-02","5002",结案二部,办结,287,28
5504,"2023-03-02","6001",客户回访一组,回访,221,38
5505,"2023-03-02","6002",客户回访二组,回访,135,20
5506,"2023-03-02","6003",客户回访三组,回访,287,52
5507,"2023-03-02","7001",档案管理部,归档,240,20
5508,"2023-03-02","8001",异常工单组,挂起,115,4
5509,"2023-03-03","1001",客服一部,话务员暂存,164,0
5510,"2023-03-03","1001",客服一部,话务员受理,184,25
5511,"2023-03-03","1002",客服二部,话务员受理,56,4
5512,"2023-03-03","2001",业务一科,话务员办理,112,2
5513,"2023-03-03","2002",业务二科,话务员办理,227,30
5514,"2023-03-03","3001",热线审核中心,热线审核,150,14
5515,"2023-03-03","3002",热线复核中心,热线复核,276,19
5516,"2023-03-03","4001",承办单位A,承办单位审核,271,4
5517,"2023-03-03","4001",承办单位A,承办单位处理,85,0
5518,"2023-03-03","4002",承办单位B,承办单位处理,67,8
5519,"2023-03-03","4003",承办复核部A,承办单位复核,161,25
5520,"2023-03-03","5001",结案一部,办结,254,50
5521,"2023-03-03","5002",结案二部,办结,51,8
5522,"2023-03-03","6001",客户回访一组,回访,289,44
5523,"2023-03-03","6002",客户回访二组,回访,172,1
5524,"2023-03-03","6003",客户回访三组,回访,95,5
5525,"2023-03-03","7001",档案管理部,归档,157,19
5526,"2023-03-03","8001",异常工单组,挂起,184,6
5527,"2023-03-04","1001",客服一部,话务员暂存,250,0
5528,"2023-03-04","1001",客服一部,话务员受理,278,8
5529,"2023-03-04","1002",客服二部,话务员受理,157,11
5530,"2023-03-04","2001",业务一科,话务员办理,247,22
5531,"2023-03-04","2002",业务二科,话务员办理,114,1
5532,"2023-03-04","3001",热线审核中心,热线审核,240,14
5533,"2023-03-04","3002",热线复核中心,热线复核,130,23
5534,"2023-03-04","4001",承办单位A,承办单位审核,105,3
5535,"2023-03-04","4001",承办单位A,承办单位处理,137,4
5536,"2023-03-04","4002",承办单位B,承办单位处理,227,2
5537,"2023-03-04","4003",承办复核部A,承办单位复核,236,11
5538,"2023-03-04","5001",结案一部,办结,115,0
5539,"2023-03-04","5002",结案二部,办结,198,26
5540,"2023-03-04","6001",客户回访一组,回访,292,27
5541,"2023-03-04","6002",客户回访二组,回访,178,22
5542,"2023-03-04","6003",客户回访三组,回访,221,43
5543,"2023-03-04","7001",档案管理部,归档,101,0
5544,"2023-03-04","8001",异常工单组,挂起,169,30
5545,"2023-03-05","1001",客服一部,话务员暂存,96,0
5546,"2023-03-05","1001",客服一部,话务员受理,209,30
5547,"2023-03-05","1002",客服二部,话务员受理,192,25
5548,"2023-03-05","2001",业务一科,话务员办理,260,14
5549,"2023-03-05","2002",业务二科,话务员办理,296,51
5550,"2023-03-05","3001",热线审核中心,热线审核,244,46
5551,"2023-03-05","3002",热线复核中心,热线复核,275,44
5552,"2023-03-05","4001",承办单位A,承办单位审核,70,12
5553,"2023-03-05","4001",承办单位A,承办单位处理,252,26
5554,"2023-03-05","4002",承办单位B,承办单位处理,204,11
5555,"2023-03-05","4003",承办复核部A,承办单位复核,246,4
5556,"2023-03-05","5001",结案一部,办结,274,52
5557,"2023-03-05","5002",结案二部,办结,126,7
5558,"2023-03-05","6001",客户回访一组,回访,230,40
5559,"2023-03-05","6002",客户回访二组,回访,108,21
5560,"2023-03-05","6003",客户回访三组,回访,204,33
5561,"2023-03-05","7001",档案管理部,归档,145,5
5562,"2023-03-05","8001",异常工单组,挂起,258,6
5563,"2023-03-06","1001",客服一部,话务员暂存,177,0
5564,"2023-03-06","1001",客服一部,话务员受理,282,5
5565,"2023-03-06","1002",客服二部,话务员受理,58,11
5566,"2023-03-06","2001",业务一科,话务员办理,77,11
5567,"2023-03-06","2002",业务二科,话务员办理,197,10
5568,"2023-03-06","3001",热线审核中心,热线审核,92,8
5569,"2023-03-06","3002",热线复核中心,热线复核,207,17
5570,"2023-03-06","4001",承办单位A,承办单位审核,133,6
5571,"2023-03-06","4001",承办单位A,承办单位处理,171,13
5572,"2023-03-06","4002",承办单位B,承办单位处理,229,7
5573,"2023-03-06","4003",承办复核部A,承办单位复核,244,27
5574,"2023-03-06","5001",结案一部,办结,277,27
5575,"2023-03-06","5002",结案二部,办结,185,25
5576,"2023-03-06","6001",客户回访一组,回访,88,5
5577,"2023-03-06","6002",客户回访二组,回访,86,7
5578,"2023-03-06","6003",客户回访三组,回访,205,11
5579,"2023-03-06","7001",档案管理部,归档,300,31
5580,"2023-03-06","8001",异常工单组,挂起,139,14
5581,"2023-03-07","1001",客服一部,话务员暂存,242,0
5582,"2023-03-07","1001",客服一部,话务员受理,77,3
5583,"2023-03-07","1002",客服二部,话务员受理,266,39
5584,"2023-03-07","2001",业务一科,话务员办理,76,11
5585,"2023-03-07","2002",业务二科,话务员办理,123,0
5586,"2023-03-07","3001",热线审核中心,热线审核,104,1
5587,"2023-03-07","3002",热线复核中心,热线复核,185,3
5588,"2023-03-07","4001",承办单位A,承办单位审核,266,32
5589,"2023-03-07","4001",承办单位A,承办单位处理,210,5
5590,"2023-03-07","4002",承办单位B,承办单位处理,68,4
5591,"2023-03-07","4003",承办复核部A,承办单位复核,68,0
5592,"2023-03-07","5001",结案一部,办结,107,0
5593,"2023-03-07","5002",结案二部,办结,102,20
5594,"2023-03-07","6001",客户回访一组,回访,269,20
5595,"2023-03-07","6002",客户回访二组,回访,150,7
5596,"2023-03-07","6003",客户回访三组,回访,263,43
5597,"2023-03-07","7001",档案管理部,归档,58,7
5598,"2023-03-07","8001",异常工单组,挂起,108,16
5599,"2023-03-08","1001",客服一部,话务员暂存,106,0
5600,"2023-03-08","1001",客服一部,话务员受理,167,14
5601,"2023-03-08","1002",客服二部,话务员受理,203,3
5602,"2023-03-08","2001",业务一科,话务员办理,260,17
5603,"2023-03-08","2002",业务二科,话务员办理,145,24
5604,"2023-03-08","3001",热线审核中心,热线审核,300,8
5605,"2023-03-08","3002",热线复核中心,热线复核,293,40
5606,"2023-03-08","4001",承办单位A,承办单位审核,188,28
5607,"2023-03-08","4001",承办单位A,承办单位处理,216,0
5608,"2023-03-08","4002",承办单位B,承办单位处理,99,1
5609,"2023-03-08","4003",承办复核部A,承办单位复核,166,20
5610,"2023-03-08","5001",结案一部,办结,205,3
5611,"2023-03-08","5002",结案二部,办结,54,7
5612,"2023-03-08","6001",客户回访一组,回访,94,13
5613,"2023-03-08","6002",客户回访二组,回访,120,21
5614,"2023-03-08","6003",客户回访三组,回访,148,11
5615,"2023-03-08","7001",档案管理部,归档,197,2
5616,"2023-03-08","8001",异常工单组,挂起,139,18
5617,"2023-03-09","1001",客服一部,话务员暂存,272,0
5618,"2023-03-09","1001",客服一部,话务员受理,125,11
5619,"2023-03-09","1002",客服二部,话务员受理,115,15
5620,"2023-03-09","2001",业务一科,话务员办理,157,31
5621,"2023-03-09","2002",业务二科,话务员办理,117,21
5622,"2023-03-09","3001",热线审核中心,热线审核,84,1
5623,"2023-03-09","3002",热线复核中心,热线复核,284,5
5624,"2023-03-09","4001",承办单位A,承办单位审核,154,15
5625,"2023-03-09","4001",承办单位A,承办单位处理,230,26
5626,"2023-03-09","4002",承办单位B,承办单位处理,74,2
5627,"2023-03-09","4003",承办复核部A,承办单位复核,195,16
5628,"2023-03-09","5001",结案一部,办结,241,8
5629,"2023-03-09","5002",结案二部,办结,189,25
5630,"2023-03-09","6001",客户回访一组,回访,63,0
5631,"2023-03-09","6002",客户回访二组,回访,233,36
5632,"2023-03-09","6003",客户回访三组,回访,242,32
5633,"2023-03-09","7001",档案管理部,归档,209,12
5634,"2023-03-09","8001",异常工单组,挂起,150,25
5635,"2023-03-10","1001",客服一部,话务员暂存,76,0
5636,"2023-03-10","1001",客服一部,话务员受理,197,30
5637,"2023-03-10","1002",客服二部,话务员受理,111,22
5638,"2023-03-10","2001",业务一科,话务员办理,253,6
5639,"2023-03-10","2002",业务二科,话务员办理,178,15
5640,"2023-03-10","3001",热线审核中心,热线审核,195,24
5641,"2023-03-10","3002",热线复核中心,热线复核,80,3
5642,"2023-03-10","4001",承办单位A,承办单位审核,98,14
5643,"2023-03-10","4001",承办单位A,承办单位处理,204,16
5644,"2023-03-10","4002",承办单位B,承办单位处理,183,13
5645,"2023-03-10","4003",承办复核部A,承办单位复核,172,33
5646,"2023-03-10","5001",结案一部,办结,98,7
5647,"2023-03-10","5002",结案二部,办结,214,31
5648,"2023-03-10","6001",客户回访一组,回访,64,2
5649,"2023-03-10","6002",客户回访二组,回访,68,4
5650,"2023-03-10","6003",客户回访三组,回访,211,40
5651,"2023-03-10","7001",档案管理部,归档,202,36
5652,"2023-03-10","8001",异常工单组,挂起,294,21
5653,"2023-03-11","1001",客服一部,话务员暂存,151,0
5654,"2023-03-11","1001",客服一部,话务员受理,266,17
5655,"2023-03-11","1002",客服二部,话务员受理,283,44
5656,"2023-03-11","2001",业务一科,话务员办理,67,11
5657,"2023-03-11","2002",业务二科,话务员办理,108,8
5658,"2023-03-11","3001",热线审核中心,热线审核,156,22
5659,"2023-03-11","3002",热线复核中心,热线复核,76,6
5660,"2023-03-11","4001",承办单位A,承办单位审核,282,11
5661,"2023-03-11","4001",承办单位A,承办单位处理,288,34
5662,"2023-03-11","4002",承办单位B,承办单位处理,208,31
5663,"2023-03-11","4003",承办复核部A,承办单位复核,104,2
5664,"2023-03-11","5001",结案一部,办结,238,45
5665,"2023-03-11","5002",结案二部,办结,60,1
5666,"2023-03-11","6001",客户回访一组,回访,242,18
5667,"2023-03-11","6002",客户回访二组,回访,196,20
5668,"2023-03-11","6003",客户回访三组,回访,163,29
5669,"2023-03-11","7001",档案管理部,归档,79,8
5670,"2023-03-11","8001",异常工单组,挂起,224,14
5671,"2023-03-12","1001",客服一部,话务员暂存,215,0
5672,"2023-03-12","1001",客服一部,话务员受理,72,3
5673,"2023-03-12","1002",客服二部,话务员受理,272,51
5674,"2023-03-12","2001",业务一科,话务员办理,220,43
5675,"2023-03-12","2002",业务二科,话务员办理,244,47
5676,"2023-03-12","3001",热线审核中心,热线审核,182,36
5677,"2023-03-12","3002",热线复核中心,热线复核,120,0
5678,"2023-03-12","4001",承办单位A,承办单位审核,85,15
5679,"2023-03-12","4001",承办单位A,承办单位处理,54,7
5680,"2023-03-12","4002",承办单位B,承办单位处理,76,14
5681,"2023-03-12","4003",承办复核部A,承办单位复核,98,14
5682,"2023-03-12","5001",结案一部,办结,58,1
5683,"2023-03-12","5002",结案二部,办结,152,3
5684,"2023-03-12","6001",客户回访一组,回访,141,28
5685,"2023-03-12","6002",客户回访二组,回访,283,16
5686,"2023-03-12","6003",客户回访三组,回访,245,22
5687,"2023-03-12","7001",档案管理部,归档,279,24
5688,"2023-03-12","8001",异常工单组,挂起,56,6
5689,"2023-03-13","1001",客服一部,话务员暂存,224,0
5690,"2023-03-13","1001",客服一部,话务员受理,281,33
5691,"2023-03-13","1002",客服二部,话务员受理,210,23
5692,"2023-03-13","2001",业务一科,话务员办理,78,8
5693,"2023-03-13","2002",业务二科,话务员办理,54,10
5694,"2023-03-13","3001",热线审核中心,热线审核,120,7
5695,"2023-03-13","3002",热线复核中心,热线复核,254,14
5696,"2023-03-13","4001",承办单位A,承办单位审核,99,5
5697,"2023-03-13","4001",承办单位A,承办单位处理,246,25
5698,"2023-03-13","4002",承办单位B,承办单位处理,142,12
5699,"2023-03-13","4003",承办复核部A,承办单位复核,111,1
5700,"2023-03-13","5001",结案一部,办结,191,15
5701,"2023-03-13","5002",结案二部,办结,136,13
5702,"2023-03-13","6001",客户回访一组,回访,61,5
5703,"2023-03-13","6002",客户回访二组,回访,165,16
5704,"2023-03-13","6003",客户回访三组,回访,266,17
5705,"2023-03-13","7001",档案管理部,归档,84,10
5706,"2023-03-13","8001",异常工单组,挂起,123,4
5707,"2023-03-14","1001",客服一部,话务员暂存,98,0
5708,"2023-03-14","1001",客服一部,话务员受理,233,42
5709,"2023-03-14","1002",客服二部,话务员受理,144,26
5710,"2023-03-14","2001",业务一科,话务员办理,209,21
5711,"2023-03-14","2002",业务二科,话务员办理,143,0
5712,"2023-03-14","3001",热线审核中心,热线审核,223,17
5713,"2023-03-14","3002",热线复核中心,热线复核,185,23
5714,"2023-03-14","4001",承办单位A,承办单位审核,62,6
5715,"2023-03-14","4001",承办单位A,承办单位处理,171,25
5716,"2023-03-14","4002",承办单位B,承办单位处理,257,11
5717,"2023-03-14","4003",承办复核部A,承办单位复核,52,1
5718,"2023-03-14","5001",结案一部,办结,276,21
5719,"2023-03-14","5002",结案二部,办结,194,16
5720,"2023-03-14","6001",客户回访一组,回访,119,23
5721,"2023-03-14","6002",客户回访二组,回访,152,18
5722,"2023-03-14","6003",客户回访三组,回访,276,27
5723,"2023-03-14","7001",档案管理部,归档,167,9
5724,"2023-03-14","8001",异常工单组,挂起,135,11
5725,"2023-03-15","1001",客服一部,话务员暂存,208,0
5726,"2023-03-15","1001",客服一部,话务员受理,97,12
5727,"2023-03-15","1002",客服二部,话务员受理,221,37
5728,"2023-03-15","2001",业务一科,话务员办理,297,22
5729,"2023-03-15","2002",业务二科,话务员办理,50,3
5730,"2023-03-15","3001",热线审核中心,热线审核,288,18
5731,"2023-03-15","3002",热线复核中心,热线复核,210,22
5732,"2023-03-15","4001",承办单位A,承办单位审核,292,25
5733,"2023-03-15","4001",承办单位A,承办单位处理,178,10
5734,"2023-03-15","4002",承办单位B,承办单位处理,143,13
5735,"2023-03-15","4003",承办复核部A,承办单位复核,156,5
5736,"2023-03-15","5001",结案一部,办结,203,3
5737,"2023-03-15","5002",结案二部,办结,73,14
5738,"2023-03-15","6001",客户回访一组,回访,151,29
5739,"2023-03-15","6002",客户回访二组,回访,122,16
5740,"2023-03-15","6003",客户回访三组,回访,269,17
5741,"2023-03-15","7001",档案管理部,归档,206,17
5742,"2023-03-15","8001",异常工单组,挂起,76,8
5743,"2023-03-16","1001",客服一部,话务员暂存,275,0
5744,"2023-03-16","1001",客服一部,话务员受理,267,28
5745,"2023-03-16","1002",客服二部,话务员受理,188,0
5746,"2023-03-16","2001",业务一科,话务员办理,60,9
5747,"2023-03-16","2002",业务二科,话务员办理,261,26
5748,"2023-03-16","3001",热线审核中心,热线审核,130,4
5749,"2023-03-16","3002",热线复核中心,热线复核,93,12
5750,"2023-03-16","4001",承办单位A,承办单位审核,97,18
5751,"2023-03-16","4001",承办单位A,承办单位处理,59,4
5752,"2023-03-16","4002",承办单位B,承办单位处理,240,38
5753,"2023-03-16","4003",承办复核部A,承办单位复核,185,18
5754,"2023-03-16","5001",结案一部,办结,145,8
5755,"2023-03-16","5002",结案二部,办结,239,15
5756,"2023-03-16","6001",客户回访一组,回访,265,13
5757,"2023-03-16","6002",客户回访二组,回访,239,21
5758,"2023-03-16","6003",客户回访三组,回访,261,46
5759,"2023-03-16","7001",档案管理部,归档,299,8
5760,"2023-03-16","8001",异常工单组,挂起,176,34
5761,"2023-03-17","1001",客服一部,话务员暂存,101,0
5762,"2023-03-17","1001",客服一部,话务员受理,109,4
5763,"2023-03-17","1002",客服二部,话务员受理,181,4
5764,"2023-03-17","2001",业务一科,话务员办理,134,10
5765,"2023-03-17","2002",业务二科,话务员办理,194,33
5766,"2023-03-17","3001",热线审核中心,热线审核,138,24
5767,"2023-03-17","3002",热线复核中心,热线复核,95,9
5768,"2023-03-17","4001",承办单位A,承办单位审核,100,10
5769,"2023-03-17","4001",承办单位A,承办单位处理,172,30
5770,"2023-03-17","4002",承办单位B,承办单位处理,60,2
5771,"2023-03-17","4003",承办复核部A,承办单位复核,234,25
5772,"2023-03-17","5001",结案一部,办结,220,11
5773,"2023-03-17","5002",结案二部,办结,106,7
5774,"2023-03-17","6001",客户回访一组,回访,60,4
5775,"2023-03-17","6002",客户回访二组,回访,54,0
5776,"2023-03-17","6003",客户回访三组,回访,214,31
5777,"2023-03-17","7001",档案管理部,归档,181,34
5778,"2023-03-17","8001",异常工单组,挂起,217,8
5779,"2023-03-18","1001",客服一部,话务员暂存,104,0
5780,"2023-03-18","1001",客服一部,话务员受理,83,9
5781,"2023-03-18","1002",客服二部,话务员受理,284,52
5782,"2023-03-18","2001",业务一科,话务员办理,67,5
5783,"2023-03-18","2002",业务二科,话务员办理,174,25
5784,"2023-03-18","3001",热线审核中心,热线审核,212,29
5785,"2023-03-18","3002",热线复核中心,热线复核,102,0
5786,"2023-03-18","4001",承办单位A,承办单位审核,124,11
5787,"2023-03-18","4001",承办单位A,承办单位处理,93,8
5788,"2023-03-18","4002",承办单位B,承办单位处理,198,31
5789,"2023-03-18","4003",承办复核部A,承办单位复核,214,37
5790,"2023-03-18","5001",结案一部,办结,135,23
5791,"2023-03-18","5002",结案二部,办结,102,4
5792,"2023-03-18","6001",客户回访一组,回访,78,14
5793,"2023-03-18","6002",客户回访二组,回访,212,6
5794,"2023-03-18","6003",客户回访三组,回访,264,45
5795,"2023-03-18","7001",档案管理部,归档,235,19
5796,"2023-03-18","8001",异常工单组,挂起,59,1
5797,"2023-03-19","1001",客服一部,话务员暂存,204,0
5798,"2023-03-19","1001",客服一部,话务员受理,183,14
5799,"2023-03-19","1002",客服二部,话务员受理,251,31
5800,"2023-03-19","2001",业务一科,话务员办理,253,43
5801,"2023-03-19","2002",业务二科,话务员办理,118,18
5802,"2023-03-19","3001",热线审核中心,热线审核,134,2
5803,"2023-03-19","3002",热线复核中心,热线复核,239,36
5804,"2023-03-19","4001",承办单位A,承办单位审核,50,10
5805,"2023-03-19","4001",承办单位A,承办单位处理,180,15
5806,"2023-03-19","4002",承办单位B,承办单位处理,238,8
5807,"2023-03-19","4003",承办复核部A,承办单位复核,136,10
5808,"2023-03-19","5001",结案一部,办结,265,22
5809,"2023-03-19","5002",结案二部,办结,283,51
5810,"2023-03-19","6001",客户回访一组,回访,178,31
5811,"2023-03-19","6002",客户回访二组,回访,205,14
5812,"2023-03-19","6003",客户回访三组,回访,55,8
5813,"2023-03-19","7001",档案管理部,归档,173,11
5814,"2023-03-19","8001",异常工单组,挂起,94,7
5815,"2023-03-20","1001",客服一部,话务员暂存,69,0
5816,"2023-03-20","1001",客服一部,话务员受理,284,37
5817,"2023-03-20","1002",客服二部,话务员受理,128,5
5818,"2023-03-20","2001",业务一科,话务员办理,175,11
5819,"2023-03-20","2002",业务二科,话务员办理,81,10
5820,"2023-03-20","3001",热线审核中心,热线审核,214,6
5821,"2023-03-20","3002",热线复核中心,热线复核,249,7
5822,"2023-03-20","4001",承办单位A,承办单位审核,240,4
5823,"2023-03-20","4001",承办单位A,承办单位处理,209,37
5824,"2023-03-20","4002",承办单位B,承办单位处理,254,50
5825,"2023-03-20","4003",承办复核部A,承办单位复核,176,20
5826,"2023-03-20","5001",结案一部,办结,153,15
5827,"2023-03-20","5002",结案二部,办结,64,7
5828,"2023-03-20","6001",客户回访一组,回访,123,18
5829,"2023-03-20","6002",客户回访二组,回访,93,11
5830,"2023-03-20","6003",客户回访三组,回访,269,48
5831,"2023-03-20","7001",档案管理部,归档,121,5
5832,"2023-03-20","8001",异常工单组,挂起,91,18
5833,"2023-03-21","1001",客服一部,话务员暂存,76,0
5834,"2023-03-21","1001",客服一部,话务员受理,74,14
5835,"2023-03-21","1002",客服二部,话务员受理,271,5
5836,"2023-03-21","2001",业务一科,话务员办理,252,40
5837,"2023-03-21","2002",业务二科,话务员办理,235,10
5838,"2023-03-21","3001",热线审核中心,热线审核,264,42
5839,"2023-03-21","3002",热线复核中心,热线复核,70,11
5840,"2023-03-21","4001",承办单位A,承办单位审核,119,13
5841,"2023-03-21","4001",承办单位A,承办单位处理,181,27
5842,"2023-03-21","4002",承办单位B,承办单位处理,212,2
5843,"2023-03-21","4003",承办复核部A,承办单位复核,88,1
5844,"2023-03-21","5001",结案一部,办结,69,7
5845,"2023-03-21","5002",结案二部,办结,193,1
5846,"2023-03-21","6001",客户回访一组,回访,96,15
5847,"2023-03-21","6002",客户回访二组,回访,113,2
5848,"2023-03-21","6003",客户回访三组,回访,165,12
5849,"2023-03-21","7001",档案管理部,归档,298,46
5850,"2023-03-21","8001",异常工单组,挂起,256,39
5851,"2023-03-22","1001",客服一部,话务员暂存,142,0
5852,"2023-03-22","1001",客服一部,话务员受理,54,3
5853,"2023-03-22","1002",客服二部,话务员受理,225,45
5854,"2023-03-22","2001",业务一科,话务员办理,149,17
5855,"2023-03-22","2002",业务二科,话务员办理,193,29
5856,"2023-03-22","3001",热线审核中心,热线审核,266,35
5857,"2023-03-22","3002",热线复核中心,热线复核,97,16
5858,"2023-03-22","4001",承办单位A,承办单位审核,226,9
5859,"2023-03-22","4001",承办单位A,承办单位处理,262,20
5860,"2023-03-22","4002",承办单位B,承办单位处理,63,8
5861,"2023-03-22","4003",承办复核部A,承办单位复核,200,18
5862,"2023-03-22","5001",结案一部,办结,222,18
5863,"2023-03-22","5002",结案二部,办结,241,14
5864,"2023-03-22","6001",客户回访一组,回访,195,35
5865,"2023-03-22","6002",客户回访二组,回访,260,30
5866,"2023-03-22","6003",客户回访三组,回访,118,13
5867,"2023-03-22","7001",档案管理部,归档,249,18
5868,"2023-03-22","8001",异常工单组,挂起,243,42
5869,"2023-03-23","1001",客服一部,话务员暂存,220,0
5870,"2023-03-23","1001",客服一部,话务员受理,285,50
5871,"2023-03-23","1002",客服二部,话务员受理,115,0
5872,"2023-03-23","2001",业务一科,话务员办理,186,21
5873,"2023-03-23","2002",业务二科,话务员办理,195,8
5874,"2023-03-23","3001",热线审核中心,热线审核,127,20
5875,"2023-03-23","3002",热线复核中心,热线复核,270,4
5876,"2023-03-23","4001",承办单位A,承办单位审核,250,1
5877,"2023-03-23","4001",承办单位A,承办单位处理,173,0
5878,"2023-03-23","4002",承办单位B,承办单位处理,268,35
5879,"2023-03-23","4003",承办复核部A,承办单位复核,298,4
5880,"2023-03-23","5001",结案一部,办结,167,17
5881,"2023-03-23","5002",结案二部,办结,284,12
5882,"2023-03-23","6001",客户回访一组,回访,185,17
5883,"2023-03-23","6002",客户回访二组,回访,260,48
5884,"2023-03-23","6003",客户回访三组,回访,125,18
5885,"2023-03-23","7001",档案管理部,归档,136,12
5886,"2023-03-23","8001",异常工单组,挂起,142,25
5887,"2023-03-24","1001",客服一部,话务员暂存,287,0
5888,"2023-03-24","1001",客服一部,话务员受理,237,12
5889,"2023-03-24","1002",客服二部,话务员受理,89,5
5890,"2023-03-24","2001",业务一科,话务员办理,60,12
5891,"2023-03-24","2002",业务二科,话务员办理,209,33
5892,"2023-03-24","3001",热线审核中心,热线审核,275,42
5893,"2023-03-24","3002",热线复核中心,热线复核,298,59
5894,"2023-03-24","4001",承办单位A,承办单位审核,282,12
5895,"2023-03-24","4001",承办单位A,承办单位处理,178,26
5896,"2023-03-24","4002",承办单位B,承办单位处理,105,3
5897,"2023-03-24","4003",承办复核部A,承办单位复核,253,3
5898,"2023-03-24","5001",结案一部,办结,299,18
5899,"2023-03-24","5002",结案二部,办结,261,42
5900,"2023-03-24","6001",客户回访一组,回访,256,46
5901,"2023-03-24","6002",客户回访二组,回访,239,36
5902,"2023-03-24","6003",客户回访三组,回访,118,10
5903,"2023-03-24","7001",档案管理部,归档,63,9
5904,"2023-03-24","8001",异常工单组,挂起,236,36
5905,"2023-03-25","1001",客服一部,话务员暂存,143,0
5906,"2023-03-25","1001",客服一部,话务员受理,275,27
5907,"2023-03-25","1002",客服二部,话务员受理,207,32
5908,"2023-03-25","2001",业务一科,话务员办理,181,31
5909,"2023-03-25","2002",业务二科,话务员办理,177,1
5910,"2023-03-25","3001",热线审核中心,热线审核,258,20
5911,"2023-03-25","3002",热线复核中心,热线复核,244,43
5912,"2023-03-25","4001",承办单位A,承办单位审核,219,30
5913,"2023-03-25","4001",承办单位A,承办单位处理,231,9
5914,"2023-03-25","4002",承办单位B,承办单位处理,166,5
5915,"2023-03-25","4003",承办复核部A,承办单位复核,83,5
5916,"2023-03-25","5001",结案一部,办结,187,8
5917,"2023-03-25","5002",结案二部,办结,298,21
5918,"2023-03-25","6001",客户回访一组,回访,251,16
5919,"2023-03-25","6002",客户回访二组,回访,119,5
5920,"2023-03-25","6003",客户回访三组,回访,229,31
5921,"2023-03-25","7001",档案管理部,归档,203,33
5922,"2023-03-25","8001",异常工单组,挂起,223,3
5923,"2023-03-26","1001",客服一部,话务员暂存,158,0
5924,"2023-03-26","1001",客服一部,话务员受理,202,36
5925,"2023-03-26","1002",客服二部,话务员受理,249,39
5926,"2023-03-26","2001",业务一科,话务员办理,148,28
5927,"2023-03-26","2002",业务二科,话务员办理,198,39
5928,"2023-03-26","3001",热线审核中心,热线审核,128,9
5929,"2023-03-26","3002",热线复核中心,热线复核,126,4
5930,"2023-03-26","4001",承办单位A,承办单位审核,137,19
5931,"2023-03-26","4001",承办单位A,承办单位处理,120,15
5932,"2023-03-26","4002",承办单位B,承办单位处理,297,39
5933,"2023-03-26","4003",承办复核部A,承办单位复核,270,26
5934,"2023-03-26","5001",结案一部,办结,85,2
5935,"2023-03-26","5002",结案二部,办结,131,16
5936,"2023-03-26","6001",客户回访一组,回访,272,51
5937,"2023-03-26","6002",客户回访二组,回访,206,9
5938,"2023-03-26","6003",客户回访三组,回访,192,36
5939,"2023-03-26","7001",档案管理部,归档,69,10
5940,"2023-03-26","8001",异常工单组,挂起,179,5
5941,"2023-03-27","1001",客服一部,话务员暂存,295,0
5942,"2023-03-27","1001",客服一部,话务员受理,100,12
5943,"2023-03-27","1002",客服二部,话务员受理,98,9
5944,"2023-03-27","2001",业务一科,话务员办理,89,14
5945,"2023-03-27","2002",业务二科,话务员办理,228,37
5946,"2023-03-27","3001",热线审核中心,热线审核,179,1
5947,"2023-03-27","3002",热线复核中心,热线复核,175,11
5948,"2023-03-27","4001",承办单位A,承办单位审核,255,36
5949,"2023-03-27","4001",承办单位A,承办单位处理,95,13
5950,"2023-03-27","4002",承办单位B,承办单位处理,201,6
5951,"2023-03-27","4003",承办复核部A,承办单位复核,278,31
5952,"2023-03-27","5001",结案一部,办结,299,42
5953,"2023-03-27","5002",结案二部,办结,103,6
5954,"2023-03-27","6001",客户回访一组,回访,291,46
5955,"2023-03-27","6002",客户回访二组,回访,153,30
5956,"2023-03-27","6003",客户回访三组,回访,270,2
5957,"2023-03-27","7001",档案管理部,归档,128,17
5958,"2023-03-27","8001",异常工单组,挂起,122,8
5959,"2023-03-28","1001",客服一部,话务员暂存,66,0
5960,"2023-03-28","1001",客服一部,话务员受理,247,5
5961,"2023-03-28","1002",客服二部,话务员受理,179,18
5962,"2023-03-28","2001",业务一科,话务员办理,198,0
5963,"2023-03-28","2002",业务二科,话务员办理,84,13
5964,"2023-03-28","3001",热线审核中心,热线审核,129,6
5965,"2023-03-28","3002",热线复核中心,热线复核,116,6
5966,"2023-03-28","4001",承办单位A,承办单位审核,81,2
5967,"2023-03-28","4001",承办单位A,承办单位处理,140,4
5968,"2023-03-28","4002",承办单位B,承办单位处理,128,13
5969,"2023-03-28","4003",承办复核部A,承办单位复核,166,18
5970,"2023-03-28","5001",结案一部,办结,181,9
5971,"2023-03-28","5002",结案二部,办结,260,34
5972,"2023-03-28","6001",客户回访一组,回访,225,14
5973,"2023-03-28","6002",客户回访二组,回访,194,18
5974,"2023-03-28","6003",客户回访三组,回访,288,47
5975,"2023-03-28","7001",档案管理部,归档,50,4
5976,"2023-03-28","8001",异常工单组,挂起,113,14
5977,"2023-03-29","1001",客服一部,话务员暂存,186,0
5978,"2023-03-29","1001",客服一部,话务员受理,177,12
5979,"2023-03-29","1002",客服二部,话务员受理,227,11
5980,"2023-03-29","2001",业务一科,话务员办理,180,6
5981,"2023-03-29","2002",业务二科,话务员办理,147,3
5982,"2023-03-29","3001",热线审核中心,热线审核,288,38
5983,"2023-03-29","3002",热线复核中心,热线复核,87,10
5984,"2023-03-29","4001",承办单位A,承办单位审核,279,2
5985,"2023-03-29","4001",承办单位A,承办单位处理,207,16
5986,"2023-03-29","4002",承办单位B,承办单位处理,138,3
5987,"2023-03-29","4003",承办复核部A,承办单位复核,92,17
5988,"2023-03-29","5001",结案一部,办结,270,0
5989,"2023-03-29","5002",结案二部,办结,208,14
5990,"2023-03-29","6001",客户回访一组,回访,106,10
5991,"2023-03-29","6002",客户回访二组,回访,283,54
5992,"2023-03-29","6003",客户回访三组,回访,100,20
5993,"2023-03-29","7001",档案管理部,归档,218,24
5994,"2023-03-29","8001",异常工单组,挂起,117,15
5995,"2023-03-30","1001",客服一部,话务员暂存,170,0
5996,"2023-03-30","1001",客服一部,话务员受理,154,11
5997,"2023-03-30","1002",客服二部,话务员受理,272,19
5998,"2023-03-30","2001",业务一科,话务员办理,186,22
5999,"2023-03-30","2002",业务二科,话务员办理,210,2
6000,"2023-03-30","3001",热线审核中心,热线审核,156,22
6001,"2023-03-30","3002",热线复核中心,热线复核,127,16
6002,"2023-03-30","4001",承办单位A,承办单位审核,96,15
6003,"2023-03-30","4001",承办单位A,承办单位处理,281,11
6004,"2023-03-30","4002",承办单位B,承办单位处理,288,43
6005,"2023-03-30","4003",承办复核部A,承办单位复核,217,12
6006,"2023-03-30","5001",结案一部,办结,66,13
6007,"2023-03-30","5002",结案二部,办结,150,13
6008,"2023-03-30","6001",客户回访一组,回访,68,8
6009,"2023-03-30","6002",客户回访二组,回访,213,20
6010,"2023-03-30","6003",客户回访三组,回访,229,23
6011,"2023-03-30","7001",档案管理部,归档,89,4
6012,"2023-03-30","8001",异常工单组,挂起,166,16
6013,"2023-03-31","1001",客服一部,话务员暂存,107,0
6014,"2023-03-31","1001",客服一部,话务员受理,235,21
6015,"2023-03-31","1002",客服二部,话务员受理,67,7
6016,"2023-03-31","2001",业务一科,话务员办理,127,5
6017,"2023-03-31","2002",业务二科,话务员办理,291,20
6018,"2023-03-31","3001",热线审核中心,热线审核,146,18
6019,"2023-03-31","3002",热线复核中心,热线复核,197,5
6020,"2023-03-31","4001",承办单位A,承办单位审核,287,40
6021,"2023-03-31","4001",承办单位A,承办单位处理,227,16
6022,"2023-03-31","4002",承办单位B,承办单位处理,135,0
6023,"2023-03-31","4003",承办复核部A,承办单位复核,183,16
6024,"2023-03-31","5001",结案一部,办结,174,6
6025,"2023-03-31","5002",结案二部,办结,150,13
6026,"2023-03-31","6001",客户回访一组,回访,225,29
6027,"2023-03-31","6002",客户回访二组,回访,122,16
6028,"2023-03-31","6003",客户回访三组,回访,246,38
6029,"2023-03-31","7001",档案管理部,归档,262,48
6030,"2023-03-31","8001",异常工单组,挂起,298,34
6031,"2023-04-01","1001",客服一部,话务员暂存,205,0
6032,"2023-04-01","1001",客服一部,话务员受理,78,0
6033,"2023-04-01","1002",客服二部,话务员受理,131,18
6034,"2023-04-01","2001",业务一科,话务员办理,226,32
6035,"2023-04-01","2002",业务二科,话务员办理,264,7
6036,"2023-04-01","3001",热线审核中心,热线审核,199,22
6037,"2023-04-01","3002",热线复核中心,热线复核,167,3
6038,"2023-04-01","4001",承办单位A,承办单位审核,293,31
6039,"2023-04-01","4001",承办单位A,承办单位处理,121,12
6040,"2023-04-01","4002",承办单位B,承办单位处理,140,1
6041,"2023-04-01","4003",承办复核部A,承办单位复核,225,43
6042,"2023-04-01","5001",结案一部,办结,71,6
6043,"2023-04-01","5002",结案二部,办结,276,34
6044,"2023-04-01","6001",客户回访一组,回访,247,24
6045,"2023-04-01","6002",客户回访二组,回访,208,40
6046,"2023-04-01","6003",客户回访三组,回访,134,22
6047,"2023-04-01","7001",档案管理部,归档,190,21
6048,"2023-04-01","8001",异常工单组,挂起,199,11
6049,"2023-04-02","1001",客服一部,话务员暂存,192,0
6050,"2023-04-02","1001",客服一部,话务员受理,188,30
6051,"2023-04-02","1002",客服二部,话务员受理,211,8
6052,"2023-04-02","2001",业务一科,话务员办理,143,12
6053,"2023-04-02","2002",业务二科,话务员办理,269,51
6054,"2023-04-02","3001",热线审核中心,热线审核,220,16
6055,"2023-04-02","3002",热线复核中心,热线复核,142,22
6056,"2023-04-02","4001",承办单位A,承办单位审核,218,12
6057,"2023-04-02","4001",承办单位A,承办单位处理,107,13
6058,"2023-04-02","4002",承办单位B,承办单位处理,274,36
6059,"2023-04-02","4003",承办复核部A,承办单位复核,157,6
6060,"2023-04-02","5001",结案一部,办结,133,20
6061,"2023-04-02","5002",结案二部,办结,239,47
6062,"2023-04-02","6001",客户回访一组,回访,168,0
6063,"2023-04-02","6002",客户回访二组,回访,84,5
6064,"2023-04-02","6003",客户回访三组,回访,91,3
6065,"2023-04-02","7001",档案管理部,归档,264,46
6066,"2023-04-02","8001",异常工单组,挂起,249,42
6067,"2023-04-03","1001",客服一部,话务员暂存,206,0
6068,"2023-04-03","1001",客服一部,话务员受理,240,14
6069,"2023-04-03","1002",客服二部,话务员受理,197,10
6070,"2023-04-03","2001",业务一科,话务员办理,60,2
6071,"2023-04-03","2002",业务二科,话务员办理,113,2
6072,"2023-04-03","3001",热线审核中心,热线审核,187,8
6073,"2023-04-03","3002",热线复核中心,热线复核,78,0
6074,"2023-04-03","4001",承办单位A,承办单位审核,213,9
6075,"2023-04-03","4001",承办单位A,承办单位处理,143,3
6076,"2023-04-03","4002",承办单位B,承办单位处理,136,12
6077,"2023-04-03","4003",承办复核部A,承办单位复核,272,52
6078,"2023-04-03","5001",结案一部,办结,69,10
6079,"2023-04-03","5002",结案二部,办结,265,22
6080,"2023-04-03","6001",客户回访一组,回访,233,7
6081,"2023-04-03","6002",客户回访二组,回访,194,13
6082,"2023-04-03","6003",客户回访三组,回访,97,18
6083,"2023-04-03","7001",档案管理部,归档,280,17
6084,"2023-04-03","8001",异常工单组,挂起,285,28
6085,"2023-04-04","1001",客服一部,话务员暂存,288,0
6086,"2023-04-04","1001",客服一部,话务员受理,74,2
6087,"2023-04-04","1002",客服二部,话务员受理,288,20
6088,"2023-04-04","2001",业务一科,话务员办理,223,38
6089,"2023-04-04","2002",业务二科,话务员办理,246,36
6090,"2023-04-04","3001",热线审核中心,热线审核,232,34
6091,"2023-04-04","3002",热线复核中心,热线复核,220,16
6092,"2023-04-04","4001",承办单位A,承办单位审核,241,8
6093,"2023-04-04","4001",承办单位A,承办单位处理,67,6
6094,"2023-04-04","4002",承办单位B,承办单位处理,198,11
6095,"2023-04-04","4003",承办复核部A,承办单位复核,213,31
6096,"2023-04-04","5001",结案一部,办结,300,5
6097,"2023-04-04","5002",结案二部,办结,244,38
6098,"2023-04-04","6001",客户回访一组,回访,252,10
6099,"2023-04-04","6002",客户回访二组,回访,231,38
6100,"2023-04-04","6003",客户回访三组,回访,213,39
6101,"2023-04-04","7001",档案管理部,归档,131,14
6102,"2023-04-04","8001",异常工单组,挂起,293,40
6103,"2023-04-05","1001",客服一部,话务员暂存,166,0
6104,"2023-04-05","1001",客服一部,话务员受理,127,3
6105,"2023-04-05","1002",客服二部,话务员受理,58,0
6106,"2023-04-05","2001",业务一科,话务员办理,98,1
6107,"2023-04-05","2002",业务二科,话务员办理,295,2
6108,"2023-04-05","3001",热线审核中心,热线审核,50,1
6109,"2023-04-05","3002",热线复核中心,热线复核,81,4
6110,"2023-04-05","4001",承办单位A,承办单位审核,145,28
6111,"2023-04-05","4001",承办单位A,承办单位处理,176,20
6112,"2023-04-05","4002",承办单位B,承办单位处理,124,24
6113,"2023-04-05","4003",承办复核部A,承办单位复核,154,29
6114,"2023-04-05","5001",结案一部,办结,135,27
6115,"2023-04-05","5002",结案二部,办结,61,3
6116,"2023-04-05","6001",客户回访一组,回访,116,1
6117,"2023-04-05","6002",客户回访二组,回访,252,38
6118,"2023-04-05","6003",客户回访三组,回访,149,11
6119,"2023-04-05","7001",档案管理部,归档,95,17
6120,"2023-04-05","8001",异常工单组,挂起,98,17
6121,"2023-04-06","1001",客服一部,话务员暂存,239,0
6122,"2023-04-06","1001",客服一部,话务员受理,128,1
6123,"2023-04-06","1002",客服二部,话务员受理,232,33
6124,"2023-04-06","2001",业务一科,话务员办理,256,50
6125,"2023-04-06","2002",业务二科,话务员办理,211,0
6126,"2023-04-06","3001",热线审核中心,热线审核,207,20
6127,"2023-04-06","3002",热线复核中心,热线复核,57,9
6128,"2023-04-06","4001",承办单位A,承办单位审核,249,22
6129,"2023-04-06","4001",承办单位A,承办单位处理,248,25
6130,"2023-04-06","4002",承办单位B,承办单位处理,206,37
6131,"2023-04-06","4003",承办复核部A,承办单位复核,148,6
6132,"2023-04-06","5001",结案一部,办结,58,0
6133,"2023-04-06","5002",结案二部,办结,249,45
6134,"2023-04-06","6001",客户回访一组,回访,287,1
6135,"2023-04-06","6002",客户回访二组,回访,109,21
6136,"2023-04-06","6003",客户回访三组,回访,279,29
6137,"2023-04-06","7001",档案管理部,归档,60,4
6138,"2023-04-06","8001",异常工单组,挂起,220,9
6139,"2023-04-07","1001",客服一部,话务员暂存,162,0
6140,"2023-04-07","1001",客服一部,话务员受理,290,7
6141,"2023-04-07","1002",客服二部,话务员受理,161,23
6142,"2023-04-07","2001",业务一科,话务员办理,268,21
6143,"2023-04-07","2002",业务二科,话务员办理,64,3
6144,"2023-04-07","3001",热线审核中心,热线审核,162,29
6145,"2023-04-07","3002",热线复核中心,热线复核,87,15
6146,"2023-04-07","4001",承办单位A,承办单位审核,216,11
6147,"2023-04-07","4001",承办单位A,承办单位处理,238,33
6148,"2023-04-07","4002",承办单位B,承办单位处理,65,12
6149,"2023-04-07","4003",承办复核部A,承办单位复核,139,17
6150,"2023-04-07","5001",结案一部,办结,140,3
6151,"2023-04-07","5002",结案二部,办结,152,3
6152,"2023-04-07","6001",客户回访一组,回访,104,9
6153,"2023-04-07","6002",客户回访二组,回访,160,30
6154,"2023-04-07","6003",客户回访三组,回访,257,42
6155,"2023-04-07","7001",档案管理部,归档,138,5
6156,"2023-04-07","8001",异常工单组,挂起,180,17
6157,"2023-04-08","1001",客服一部,话务员暂存,193,0
6158,"2023-04-08","1001",客服一部,话务员受理,155,4
6159,"2023-04-08","1002",客服二部,话务员受理,199,9
6160,"2023-04-08","2001",业务一科,话务员办理,77,1
6161,"2023-04-08","2002",业务二科,话务员办理,74,10
6162,"2023-04-08","3001",热线审核中心,热线审核,292,10
6163,"2023-04-08","3002",热线复核中心,热线复核,264,12
6164,"2023-04-08","4001",承办单位A,承办单位审核,198,4
6165,"2023-04-08","4001",承办单位A,承办单位处理,106,19
6166,"2023-04-08","4002",承办单位B,承办单位处理,140,26
6167,"2023-04-08","4003",承办复核部A,承办单位复核,86,17
6168,"2023-04-08","5001",结案一部,办结,217,30
6169,"2023-04-08","5002",结案二部,办结,185,14
6170,"2023-04-08","6001",客户回访一组,回访,214,26
6171,"2023-04-08","6002",客户回访二组,回访,200,4
6172,"2023-04-08","6003",客户回访三组,回访,295,35
6173,"2023-04-08","7001",档案管理部,归档,102,11
6174,"2023-04-08","8001",异常工单组,挂起,241,34
6175,"2023-04-09","1001",客服一部,话务员暂存,219,0
6176,"2023-04-09","1001",客服一部,话务员受理,211,13
6177,"2023-04-09","1002",客服二部,话务员受理,190,10
6178,"2023-04-09","2001",业务一科,话务员办理,145,0
6179,"2023-04-09","2002",业务二科,话务员办理,159,29
6180,"2023-04-09","3001",热线审核中心,热线审核,177,29
6181,"2023-04-09","3002",热线复核中心,热线复核,159,31
6182,"2023-04-09","4001",承办单位A,承办单位审核,228,9
6183,"2023-04-09","4001",承办单位A,承办单位处理,145,8
6184,"2023-04-09","4002",承办单位B,承办单位处理,121,22
6185,"2023-04-09","4003",承办复核部A,承办单位复核,170,10
6186,"2023-04-09","5001",结案一部,办结,150,4
6187,"2023-04-09","5002",结案二部,办结,178,34
6188,"2023-04-09","6001",客户回访一组,回访,88,10
6189,"2023-04-09","6002",客户回访二组,回访,91,0
6190,"2023-04-09","6003",客户回访三组,回访,249,33
6191,"2023-04-09","7001",档案管理部,归档,119,14
6192,"2023-04-09","8001",异常工单组,挂起,143,1
6193,"2023-04-10","1001",客服一部,话务员暂存,125,0
6194,"2023-04-10","1001",客服一部,话务员受理,245,7
6195,"2023-04-10","1002",客服二部,话务员受理,299,56
6196,"2023-04-10","2001",业务一科,话务员办理,134,6
6197,"2023-04-10","2002",业务二科,话务员办理,122,7
6198,"2023-04-10","3001",热线审核中心,热线审核,120,5
6199,"2023-04-10","3002",热线复核中心,热线复核,63,12
6200,"2023-04-10","4001",承办单位A,承办单位审核,70,10
6201,"2023-04-10","4001",承办单位A,承办单位处理,203,11
6202,"2023-04-10","4002",承办单位B,承办单位处理,203,14
6203,"2023-04-10","4003",承办复核部A,承办单位复核,293,4
6204,"2023-04-10","5001",结案一部,办结,259,5
6205,"2023-04-10","5002",结案二部,办结,279,46
6206,"2023-04-10","6001",客户回访一组,回访,166,19
6207,"2023-04-10","6002",客户回访二组,回访,52,10
6208,"2023-04-10","6003",客户回访三组,回访,73,8
6209,"2023-04-10","7001",档案管理部,归档,68,7
6210,"2023-04-10","8001",异常工单组,挂起,182,0
6211,"2023-04-11","1001",客服一部,话务员暂存,53,0
6212,"2023-04-11","1001",客服一部,话务员受理,299,58
6213,"2023-04-11","1002",客服二部,话务员受理,117,12
6214,"2023-04-11","2001",业务一科,话务员办理,82,15
6215,"2023-04-11","2002",业务二科,话务员办理,151,12
6216,"2023-04-11","3001",热线审核中心,热线审核,63,12
6217,"2023-04-11","3002",热线复核中心,热线复核,279,55
6218,"2023-04-11","4001",承办单位A,承办单位审核,98,8
6219,"2023-04-11","4001",承办单位A,承办单位处理,96,16
6220,"2023-04-11","4002",承办单位B,承办单位处理,239,16
6221,"2023-04-11","4003",承办复核部A,承办单位复核,200,12
6222,"2023-04-11","5001",结案一部,办结,133,1
6223,"2023-04-11","5002",结案二部,办结,97,4
6224,"2023-04-11","6001",客户回访一组,回访,222,40
6225,"2023-04-11","6002",客户回访二组,回访,299,39
6226,"2023-04-11","6003",客户回访三组,回访,141,17
6227,"2023-04-11","7001",档案管理部,归档,66,6
6228,"2023-04-11","8001",异常工单组,挂起,276,31
6229,"2023-04-12","1001",客服一部,话务员暂存,224,0
6230,"2023-04-12","1001",客服一部,话务员受理,248,33
6231,"2023-04-12","1002",客服二部,话务员受理,279,22
6232,"2023-04-12","2001",业务一科,话务员办理,273,39
6233,"2023-04-12","2002",业务二科,话务员办理,160,11
6234,"2023-04-12","3001",热线审核中心,热线审核,274,31
6235,"2023-04-12","3002",热线复核中心,热线复核,291,8
6236,"2023-04-12","4001",承办单位A,承办单位审核,186,14
6237,"2023-04-12","4001",承办单位A,承办单位处理,195,16
6238,"2023-04-12","4002",承办单位B,承办单位处理,265,38
6239,"2023-04-12","4003",承办复核部A,承办单位复核,235,31
6240,"2023-04-12","5001",结案一部,办结,215,34
6241,"2023-04-12","5002",结案二部,办结,129,20
6242,"2023-04-12","6001",客户回访一组,回访,232,5
6243,"2023-04-12","6002",客户回访二组,回访,182,8
6244,"2023-04-12","6003",客户回访三组,回访,114,4
6245,"2023-04-12","7001",档案管理部,归档,239,14
6246,"2023-04-12","8001",异常工单组,挂起,156,26
6247,"2023-04-13","1001",客服一部,话务员暂存,236,0
6248,"2023-04-13","1001",客服一部,话务员受理,99,9
6249,"2023-04-13","1002",客服二部,话务员受理,167,13
6250,"2023-04-13","2001",业务一科,话务员办理,226,35
6251,"2023-04-13","2002",业务二科,话务员办理,247,47
6252,"2023-04-13","3001",热线审核中心,热线审核,249,8
6253,"2023-04-13","3002",热线复核中心,热线复核,165,12
6254,"2023-04-13","4001",承办单位A,承办单位审核,291,12
6255,"2023-04-13","4001",承办单位A,承办单位处理,287,14
6256,"2023-04-13","4002",承办单位B,承办单位处理,89,11
6257,"2023-04-13","4003",承办复核部A,承办单位复核,182,29
6258,"2023-04-13","5001",结案一部,办结,252,34
6259,"2023-04-13","5002",结案二部,办结,177,18
6260,"2023-04-13","6001",客户回访一组,回访,59,8
6261,"2023-04-13","6002",客户回访二组,回访,160,17
6262,"2023-04-13","6003",客户回访三组,回访,196,26
6263,"2023-04-13","7001",档案管理部,归档,183,18
6264,"2023-04-13","8001",异常工单组,挂起,225,40
6265,"2023-04-14","1001",客服一部,话务员暂存,299,0
6266,"2023-04-14","1001",客服一部,话务员受理,184,33
6267,"2023-04-14","1002",客服二部,话务员受理,185,22
6268,"2023-04-14","2001",业务一科,话务员办理,173,33
6269,"2023-04-14","2002",业务二科,话务员办理,217,17
6270,"2023-04-14","3001",热线审核中心,热线审核,133,15
6271,"2023-04-14","3002",热线复核中心,热线复核,194,8
6272,"2023-04-14","4001",承办单位A,承办单位审核,249,2
6273,"2023-04-14","4001",承办单位A,承办单位处理,286,23
6274,"2023-04-14","4002",承办单位B,承办单位处理,92,18
6275,"2023-04-14","4003",承办复核部A,承办单位复核,208,30
6276,"2023-04-14","5001",结案一部,办结,144,18
6277,"2023-04-14","5002",结案二部,办结,205,26
6278,"2023-04-14","6001",客户回访一组,回访,233,17
6279,"2023-04-14","6002",客户回访二组,回访,207,40
6280,"2023-04-14","6003",客户回访三组,回访,73,8
6281,"2023-04-14","7001",档案管理部,归档,192,3
6282,"2023-04-14","8001",异常工单组,挂起,221,35
6283,"2023-04-15","1001",客服一部,话务员暂存,159,0
6284,"2023-04-15","1001",客服一部,话务员受理,78,10
6285,"2023-04-15","1002",客服二部,话务员受理,139,11
6286,"2023-04-15","2001",业务一科,话务员办理,267,2
6287,"2023-04-15","2002",业务二科,话务员办理,216,33
6288,"2023-04-15","3001",热线审核中心,热线审核,270,29
6289,"2023-04-15","3002",热线复核中心,热线复核,56,4
6290,"2023-04-15","4001",承办单位A,承办单位审核,281,17
6291,"2023-04-15","4001",承办单位A,承办单位处理,80,8
6292,"2023-04-15","4002",承办单位B,承办单位处理,166,24
6293,"2023-04-15","4003",承办复核部A,承办单位复核,74,8
6294,"2023-04-15","5001",结案一部,办结,204,20
6295,"2023-04-15","5002",结案二部,办结,51,7
6296,"2023-04-15","6001",客户回访一组,回访,280,6
6297,"2023-04-15","6002",客户回访二组,回访,112,3
6298,"2023-04-15","6003",客户回访三组,回访,217,15
6299,"2023-04-15","7001",档案管理部,归档,106,1
6300,"2023-04-15","8001",异常工单组,挂起,129,13
6301,"2023-04-16","1001",客服一部,话务员暂存,67,0
6302,"2023-04-16","1001",客服一部,话务员受理,195,8
6303,"2023-04-16","1002",客服二部,话务员受理,271,50
6304,"2023-04-16","2001",业务一科,话务员办理,202,6
6305,"2023-04-16","2002",业务二科,话务员办理,224,44
6306,"2023-04-16","3001",热线审核中心,热线审核,77,11
6307,"2023-04-16","3002",热线复核中心,热线复核,267,22
6308,"2023-04-16","4001",承办单位A,承办单位审核,153,29
6309,"2023-04-16","4001",承办单位A,承办单位处理,134,23
6310,"2023-04-16","4002",承办单位B,承办单位处理,183,21
6311,"2023-04-16","4003",承办复核部A,承办单位复核,248,19
6312,"2023-04-16","5001",结案一部,办结,152,14
6313,"2023-04-16","5002",结案二部,办结,125,6
6314,"2023-04-16","6001",客户回访一组,回访,205,37
6315,"2023-04-16","6002",客户回访二组,回访,182,10
6316,"2023-04-16","6003",客户回访三组,回访,153,17
6317,"2023-04-16","7001",档案管理部,归档,299,30
6318,"2023-04-16","8001",异常工单组,挂起,149,9
6319,"2023-04-17","1001",客服一部,话务员暂存,239,0
6320,"2023-04-17","1001",客服一部,话务员受理,192,0
6321,"2023-04-17","1002",客服二部,话务员受理,139,21
6322,"2023-04-17","2001",业务一科,话务员办理,52,4
6323,"2023-04-17","2002",业务二科,话务员办理,74,4
6324,"2023-04-17","3001",热线审核中心,热线审核,277,45
6325,"2023-04-17","3002",热线复核中心,热线复核,268,32
6326,"2023-04-17","4001",承办单位A,承办单位审核,51,9
6327,"2023-04-17","4001",承办单位A,承办单位处理,231,9
6328,"2023-04-17","4002",承办单位B,承办单位处理,214,12
6329,"2023-04-17","4003",承办复核部A,承办单位复核,60,12
6330,"2023-04-17","5001",结案一部,办结,94,9
6331,"2023-04-17","5002",结案二部,办结,144,22
6332,"2023-04-17","6001",客户回访一组,回访,108,9
6333,"2023-04-17","6002",客户回访二组,回访,262,28
6334,"2023-04-17","6003",客户回访三组,回访,255,15
6335,"2023-04-17","7001",档案管理部,归档,217,36
6336,"2023-04-17","8001",异常工单组,挂起,108,2
6337,"2023-04-18","1001",客服一部,话务员暂存,204,0
6338,"2023-04-18","1001",客服一部,话务员受理,154,3
6339,"2023-04-18","1002",客服二部,话务员受理,256,6
6340,"2023-04-18","2001",业务一科,话务员办理,224,23
6341,"2023-04-18","2002",业务二科,话务员办理,224,43
6342,"2023-04-18","3001",热线审核中心,热线审核,127,9
6343,"2023-04-18","3002",热线复核中心,热线复核,180,5
6344,"2023-04-18","4001",承办单位A,承办单位审核,203,38
6345,"2023-04-18","4001",承办单位A,承办单位处理,165,11
6346,"2023-04-18","4002",承办单位B,承办单位处理,123,23
6347,"2023-04-18","4003",承办复核部A,承办单位复核,72,7
6348,"2023-04-18","5001",结案一部,办结,72,13
6349,"2023-04-18","5002",结案二部,办结,57,4
6350,"2023-04-18","6001",客户回访一组,回访,91,15
6351,"2023-04-18","6002",客户回访二组,回访,254,19
6352,"2023-04-18","6003",客户回访三组,回访,222,6
6353,"2023-04-18","7001",档案管理部,归档,276,52
6354,"2023-04-18","8001",异常工单组,挂起,115,23
6355,"2023-04-19","1001",客服一部,话务员暂存,245,0
6356,"2023-04-19","1001",客服一部,话务员受理,196,30
6357,"2023-04-19","1002",客服二部,话务员受理,158,2
6358,"2023-04-19","2001",业务一科,话务员办理,199,23
6359,"2023-04-19","2002",业务二科,话务员办理,153,18
6360,"2023-04-19","3001",热线审核中心,热线审核,53,2
6361,"2023-04-19","3002",热线复核中心,热线复核,273,45
6362,"2023-04-19","4001",承办单位A,承办单位审核,267,37
6363,"2023-04-19","4001",承办单位A,承办单位处理,56,9
6364,"2023-04-19","4002",承办单位B,承办单位处理,88,7
6365,"2023-04-19","4003",承办复核部A,承办单位复核,216,36
6366,"2023-04-19","5001",结案一部,办结,186,27
6367,"2023-04-19","5002",结案二部,办结,99,2
6368,"2023-04-19","6001",客户回访一组,回访,94,13
6369,"2023-04-19","6002",客户回访二组,回访,111,18
6370,"2023-04-19","6003",客户回访三组,回访,177,12
6371,"2023-04-19","7001",档案管理部,归档,97,17
6372,"2023-04-19","8001",异常工单组,挂起,173,23
6373,"2023-04-20","1001",客服一部,话务员暂存,144,0
6374,"2023-04-20","1001",客服一部,话务员受理,161,18
6375,"2023-04-20","1002",客服二部,话务员受理,218,30
6376,"2023-04-20","2001",业务一科,话务员办理,89,7
6377,"2023-04-20","2002",业务二科,话务员办理,227,42
6378,"2023-04-20","3001",热线审核中心,热线审核,107,1
6379,"2023-04-20","3002",热线复核中心,热线复核,271,47
6380,"2023-04-20","4001",承办单位A,承办单位审核,131,22
6381,"2023-04-20","4001",承办单位A,承办单位处理,110,14
6382,"2023-04-20","4002",承办单位B,承办单位处理,252,5
6383,"2023-04-20","4003",承办复核部A,承办单位复核,192,21
6384,"2023-04-20","5001",结案一部,办结,191,8
6385,"2023-04-20","5002",结案二部,办结,202,19
6386,"2023-04-20","6001",客户回访一组,回访,231,13
6387,"2023-04-20","6002",客户回访二组,回访,145,29
6388,"2023-04-20","6003",客户回访三组,回访,222,24
6389,"2023-04-20","7001",档案管理部,归档,195,22
6390,"2023-04-20","8001",异常工单组,挂起,210,35
6391,"2023-04-21","1001",客服一部,话务员暂存,64,0
6392,"2023-04-21","1001",客服一部,话务员受理,193,9
6393,"2023-04-21","1002",客服二部,话务员受理,248,13
6394,"2023-04-21","2001",业务一科,话务员办理,62,8
6395,"2023-04-21","2002",业务二科,话务员办理,286,52
6396,"2023-04-21","3001",热线审核中心,热线审核,281,19
6397,"2023-04-21","3002",热线复核中心,热线复核,215,37
6398,"2023-04-21","4001",承办单位A,承办单位审核,200,14
6399,"2023-04-21","4001",承办单位A,承办单位处理,257,48
6400,"2023-04-21","4002",承办单位B,承办单位处理,117,1
6401,"2023-04-21","4003",承办复核部A,承办单位复核,208,19
6402,"2023-04-21","5001",结案一部,办结,200,37
6403,"2023-04-21","5002",结案二部,办结,180,10
6404,"2023-04-21","6001",客户回访一组,回访,180,25
6405,"2023-04-21","6002",客户回访二组,回访,220,32
6406,"2023-04-21","6003",客户回访三组,回访,243,48
6407,"2023-04-21","7001",档案管理部,归档,163,24
6408,"2023-04-21","8001",异常工单组,挂起,203,34
6409,"2023-04-22","1001",客服一部,话务员暂存,108,0
6410,"2023-04-22","1001",客服一部,话务员受理,70,3
6411,"2023-04-22","1002",客服二部,话务员受理,280,54
6412,"2023-04-22","2001",业务一科,话务员办理,205,24
6413,"2023-04-22","2002",业务二科,话务员办理,196,15
6414,"2023-04-22","3001",热线审核中心,热线审核,277,41
6415,"2023-04-22","3002",热线复核中心,热线复核,63,2
6416,"2023-04-22","4001",承办单位A,承办单位审核,212,12
6417,"2023-04-22","4001",承办单位A,承办单位处理,124,21
6418,"2023-04-22","4002",承办单位B,承办单位处理,144,15
6419,"2023-04-22","4003",承办复核部A,承办单位复核,235,19
6420,"2023-04-22","5001",结案一部,办结,213,9
6421,"2023-04-22","5002",结案二部,办结,205,9
6422,"2023-04-22","6001",客户回访一组,回访,172,8
6423,"2023-04-22","6002",客户回访二组,回访,82,4
6424,"2023-04-22","6003",客户回访三组,回访,187,37
6425,"2023-04-22","7001",档案管理部,归档,246,5
6426,"2023-04-22","8001",异常工单组,挂起,96,14
6427,"2023-04-23","1001",客服一部,话务员暂存,98,0
6428,"2023-04-23","1001",客服一部,话务员受理,257,45
6429,"2023-04-23","1002",客服二部,话务员受理,184,5
6430,"2023-04-23","2001",业务一科,话务员办理,297,29
6431,"2023-04-23","2002",业务二科,话务员办理,275,30
6432,"2023-04-23","3001",热线审核中心,热线审核,246,46
6433,"2023-04-23","3002",热线复核中心,热线复核,235,16
6434,"2023-04-23","4001",承办单位A,承办单位审核,161,11
6435,"2023-04-23","4001",承办单位A,承办单位处理,179,22
6436,"2023-04-23","4002",承办单位B,承办单位处理,284,45
6437,"2023-04-23","4003",承办复核部A,承办单位复核,225,9
6438,"2023-04-23","5001",结案一部,办结,125,19
6439,"2023-04-23","5002",结案二部,办结,219,13
6440,"2023-04-23","6001",客户回访一组,回访,162,26
6441,"2023-04-23","6002",客户回访二组,回访,185,0
6442,"2023-04-23","6003",客户回访三组,回访,151,24
6443,"2023-04-23","7001",档案管理部,归档,61,2
6444,"2023-04-23","8001",异常工单组,挂起,194,7
6445,"2023-04-24","1001",客服一部,话务员暂存,176,0
6446,"2023-04-24","1001",客服一部,话务员受理,201,26
6447,"2023-04-24","1002",客服二部,话务员受理,178,10
6448,"2023-04-24","2001",业务一科,话务员办理,233,16
6449,"2023-04-24","2002",业务二科,话务员办理,87,14
6450,"2023-04-24","3001",热线审核中心,热线审核,246,47
6451,"2023-04-24","3002",热线复核中心,热线复核,74,0
6452,"2023-04-24","4001",承办单位A,承办单位审核,61,4
6453,"2023-04-24","4001",承办单位A,承办单位处理,295,24
6454,"2023-04-24","4002",承办单位B,承办单位处理,181,17
6455,"2023-04-24","4003",承办复核部A,承办单位复核,158,6
6456,"2023-04-24","5001",结案一部,办结,128,16
6457,"2023-04-24","5002",结案二部,办结,241,10
6458,"2023-04-24","6001",客户回访一组,回访,280,13
6459,"2023-04-24","6002",客户回访二组,回访,108,20
6460,"2023-04-24","6003",客户回访三组,回访,96,3
6461,"2023-04-24","7001",档案管理部,归档,258,13
6462,"2023-04-24","8001",异常工单组,挂起,201,31
6463,"2023-04-25","1001",客服一部,话务员暂存,253,0
6464,"2023-04-25","1001",客服一部,话务员受理,298,16
6465,"2023-04-25","1002",客服二部,话务员受理,106,0
6466,"2023-04-25","2001",业务一科,话务员办理,198,24
6467,"2023-04-25","2002",业务二科,话务员办理,116,11
6468,"2023-04-25","3001",热线审核中心,热线审核,140,26
6469,"2023-04-25","3002",热线复核中心,热线复核,172,2
6470,"2023-04-25","4001",承办单位A,承办单位审核,300,47
6471,"2023-04-25","4001",承办单位A,承办单位处理,189,23
6472,"2023-04-25","4002",承办单位B,承办单位处理,297,52
6473,"2023-04-25","4003",承办复核部A,承办单位复核,194,25
6474,"2023-04-25","5001",结案一部,办结,253,38
6475,"2023-04-25","5002",结案二部,办结,189,2
6476,"2023-04-25","6001",客户回访一组,回访,66,9
6477,"2023-04-25","6002",客户回访二组,回访,247,7
6478,"2023-04-25","6003",客户回访三组,回访,189,28
6479,"2023-04-25","7001",档案管理部,归档,284,5
6480,"2023-04-25","8001",异常工单组,挂起,156,1
6481,"2023-04-26","1001",客服一部,话务员暂存,244,0
6482,"2023-04-26","1001",客服一部,话务员受理,127,7
6483,"2023-04-26","1002",客服二部,话务员受理,64,11
6484,"2023-04-26","2001",业务一科,话务员办理,219,25
6485,"2023-04-26","2002",业务二科,话务员办理,266,14
6486,"2023-04-26","3001",热线审核中心,热线审核,58,1
6487,"2023-04-26","3002",热线复核中心,热线复核,122,23
6488,"2023-04-26","4001",承办单位A,承办单位审核,134,22
6489,"2023-04-26","4001",承办单位A,承办单位处理,105,8
6490,"2023-04-26","4002",承办单位B,承办单位处理,93,1
6491,"2023-04-26","4003",承办复核部A,承办单位复核,144,14
6492,"2023-04-26","5001",结案一部,办结,197,39
6493,"2023-04-26","5002",结案二部,办结,210,34
6494,"2023-04-26","6001",客户回访一组,回访,58,11
6495,"2023-04-26","6002",客户回访二组,回访,230,12
6496,"2023-04-26","6003",客户回访三组,回访,131,6
6497,"2023-04-26","7001",档案管理部,归档,148,29
6498,"2023-04-26","8001",异常工单组,挂起,76,13
6499,"2023-04-27","1001",客服一部,话务员暂存,143,0
6500,"2023-04-27","1001",客服一部,话务员受理,299,24
6501,"2023-04-27","1002",客服二部,话务员受理,244,8
6502,"2023-04-27","2001",业务一科,话务员办理,198,37
6503,"2023-04-27","2002",业务二科,话务员办理,194,1
6504,"2023-04-27","3001",热线审核中心,热线审核,287,31
6505,"2023-04-27","3002",热线复核中心,热线复核,112,9
6506,"2023-04-27","4001",承办单位A,承办单位审核,269,43
6507,"2023-04-27","4001",承办单位A,承办单位处理,151,10
6508,"2023-04-27","4002",承办单位B,承办单位处理,92,0
6509,"2023-04-27","4003",承办复核部A,承办单位复核,171,24
6510,"2023-04-27","5001",结案一部,办结,107,20
6511,"2023-04-27","5002",结案二部,办结,106,3
6512,"2023-04-27","6001",客户回访一组,回访,54,6
6513,"2023-04-27","6002",客户回访二组,回访,113,15
6514,"2023-04-27","6003",客户回访三组,回访,125,4
6515,"2023-04-27","7001",档案管理部,归档,289,28
6516,"2023-04-27","8001",异常工单组,挂起,210,16
6517,"2023-04-28","1001",客服一部,话务员暂存,94,0
6518,"2023-04-28","1001",客服一部,话务员受理,131,2
6519,"2023-04-28","1002",客服二部,话务员受理,237,10
6520,"2023-04-28","2001",业务一科,话务员办理,136,7
6521,"2023-04-28","2002",业务二科,话务员办理,292,11
6522,"2023-04-28","3001",热线审核中心,热线审核,89,12
6523,"2023-04-28","3002",热线复核中心,热线复核,297,43
6524,"2023-04-28","4001",承办单位A,承办单位审核,104,10
6525,"2023-04-28","4001",承办单位A,承办单位处理,240,19
6526,"2023-04-28","4002",承办单位B,承办单位处理,100,16
6527,"2023-04-28","4003",承办复核部A,承办单位复核,145,23
6528,"2023-04-28","5001",结案一部,办结,164,16
6529,"2023-04-28","5002",结案二部,办结,192,14
6530,"2023-04-28","6001",客户回访一组,回访,62,10
6531,"2023-04-28","6002",客户回访二组,回访,197,4
6532,"2023-04-28","6003",客户回访三组,回访,248,35
6533,"2023-04-28","7001",档案管理部,归档,129,3
6534,"2023-04-28","8001",异常工单组,挂起,101,20
6535,"2023-04-29","1001",客服一部,话务员暂存,257,0
6536,"2023-04-29","1001",客服一部,话务员受理,78,8
6537,"2023-04-29","1002",客服二部,话务员受理,131,6
6538,"2023-04-29","2001",业务一科,话务员办理,259,34
6539,"2023-04-29","2002",业务二科,话务员办理,128,6
6540,"2023-04-29","3001",热线审核中心,热线审核,138,25
6541,"2023-04-29","3002",热线复核中心,热线复核,156,31
6542,"2023-04-29","4001",承办单位A,承办单位审核,173,30
6543,"2023-04-29","4001",承办单位A,承办单位处理,230,8
6544,"2023-04-29","4002",承办单位B,承办单位处理,87,11
6545,"2023-04-29","4003",承办复核部A,承办单位复核,68,8
6546,"2023-04-29","5001",结案一部,办结,242,22
6547,"2023-04-29","5002",结案二部,办结,121,10
6548,"2023-04-29","6001",客户回访一组,回访,202,12
6549,"2023-04-29","6002",客户回访二组,回访,244,30
6550,"2023-04-29","6003",客户回访三组,回访,275,8
6551,"2023-04-29","7001",档案管理部,归档,59,8
6552,"2023-04-29","8001",异常工单组,挂起,132,17
6553,"2023-04-30","1001",客服一部,话务员暂存,136,0
6554,"2023-04-30","1001",客服一部,话务员受理,91,10
6555,"2023-04-30","1002",客服二部,话务员受理,139,2
6556,"2023-04-30","2001",业务一科,话务员办理,75,10
6557,"2023-04-30","2002",业务二科,话务员办理,119,14
6558,"2023-04-30","3001",热线审核中心,热线审核,150,13
6559,"2023-04-30","3002",热线复核中心,热线复核,273,24
6560,"2023-04-30","4001",承办单位A,承办单位审核,142,23
6561,"2023-04-30","4001",承办单位A,承办单位处理,98,14
6562,"2023-04-30","4002",承办单位B,承办单位处理,236,46
6563,"2023-04-30","4003",承办复核部A,承办单位复核,149,19
6564,"2023-04-30","5001",结案一部,办结,230,29
6565,"2023-04-30","5002",结案二部,办结,286,4
6566,"2023-04-30","6001",客户回访一组,回访,195,1
6567,"2023-04-30","6002",客户回访二组,回访,226,25
6568,"2023-04-30","6003",客户回访三组,回访,271,46
6569,"2023-04-30","7001",档案管理部,归档,232,34
6570,"2023-04-30","8001",异常工单组,挂起,253,28
6571,"2023-05-01","1001",客服一部,话务员暂存,182,0
6572,"2023-05-01","1001",客服一部,话务员受理,198,3
6573,"2023-05-01","1002",客服二部,话务员受理,108,4
6574,"2023-05-01","2001",业务一科,话务员办理,177,13
6575,"2023-05-01","2002",业务二科,话务员办理,278,48
6576,"2023-05-01","3001",热线审核中心,热线审核,75,1
6577,"2023-05-01","3002",热线复核中心,热线复核,159,21
6578,"2023-05-01","4001",承办单位A,承办单位审核,129,3
6579,"2023-05-01","4001",承办单位A,承办单位处理,226,8
6580,"2023-05-01","4002",承办单位B,承办单位处理,53,2
6581,"2023-05-01","4003",承办复核部A,承办单位复核,50,4
6582,"2023-05-01","5001",结案一部,办结,287,1
6583,"2023-05-01","5002",结案二部,办结,68,5
6584,"2023-05-01","6001",客户回访一组,回访,279,48
6585,"2023-05-01","6002",客户回访二组,回访,221,32
6586,"2023-05-01","6003",客户回访三组,回访,51,0
6587,"2023-05-01","7001",档案管理部,归档,68,1
6588,"2023-05-01","8001",异常工单组,挂起,105,17
6589,"2023-05-02","1001",客服一部,话务员暂存,232,0
6590,"2023-05-02","1001",客服一部,话务员受理,200,10
6591,"2023-05-02","1002",客服二部,话务员受理,202,30
6592,"2023-05-02","2001",业务一科,话务员办理,299,36
6593,"2023-05-02","2002",业务二科,话务员办理,160,21
6594,"2023-05-02","3001",热线审核中心,热线审核,92,13
6595,"2023-05-02","3002",热线复核中心,热线复核,98,11
6596,"2023-05-02","4001",承办单位A,承办单位审核,185,8
6597,"2023-05-02","4001",承办单位A,承办单位处理,133,17
6598,"2023-05-02","4002",承办单位B,承办单位处理,268,42
6599,"2023-05-02","4003",承办复核部A,承办单位复核,101,16
6600,"2023-05-02","5001",结案一部,办结,100,6
6601,"2023-05-02","5002",结案二部,办结,52,9
6602,"2023-05-02","6001",客户回访一组,回访,182,8
6603,"2023-05-02","6002",客户回访二组,回访,60,3
6604,"2023-05-02","6003",客户回访三组,回访,267,41
6605,"2023-05-02","7001",档案管理部,归档,240,44
6606,"2023-05-02","8001",异常工单组,挂起,74,11
6607,"2023-05-03","1001",客服一部,话务员暂存,144,0
6608,"2023-05-03","1001",客服一部,话务员受理,260,17
6609,"2023-05-03","1002",客服二部,话务员受理,264,35
6610,"2023-05-03","2001",业务一科,话务员办理,216,36
6611,"2023-05-03","2002",业务二科,话务员办理,149,27
6612,"2023-05-03","3001",热线审核中心,热线审核,267,31
6613,"2023-05-03","3002",热线复核中心,热线复核,113,8
6614,"2023-05-03","4001",承办单位A,承办单位审核,144,25
6615,"2023-05-03","4001",承办单位A,承办单位处理,156,20
6616,"2023-05-03","4002",承办单位B,承办单位处理,153,2
6617,"2023-05-03","4003",承办复核部A,承办单位复核,300,54
6618,"2023-05-03","5001",结案一部,办结,138,10
6619,"2023-05-03","5002",结案二部,办结,272,26
6620,"2023-05-03","6001",客户回访一组,回访,62,10
6621,"2023-05-03","6002",客户回访二组,回访,279,39
6622,"2023-05-03","6003",客户回访三组,回访,105,1
6623,"2023-05-03","7001",档案管理部,归档,289,19
6624,"2023-05-03","8001",异常工单组,挂起,185,1
6625,"2023-05-04","1001",客服一部,话务员暂存,272,0
6626,"2023-05-04","1001",客服一部,话务员受理,133,13
6627,"2023-05-04","1002",客服二部,话务员受理,212,28
6628,"2023-05-04","2001",业务一科,话务员办理,107,7
6629,"2023-05-04","2002",业务二科,话务员办理,77,6
6630,"2023-05-04","3001",热线审核中心,热线审核,254,15
6631,"2023-05-04","3002",热线复核中心,热线复核,278,34
6632,"2023-05-04","4001",承办单位A,承办单位审核,179,21
6633,"2023-05-04","4001",承办单位A,承办单位处理,66,1
6634,"2023-05-04","4002",承办单位B,承办单位处理,71,0
6635,"2023-05-04","4003",承办复核部A,承办单位复核,141,26
6636,"2023-05-04","5001",结案一部,办结,53,7
6637,"2023-05-04","5002",结案二部,办结,288,54
6638,"2023-05-04","6001",客户回访一组,回访,119,3
6639,"2023-05-04","6002",客户回访二组,回访,247,28
6640,"2023-05-04","6003",客户回访三组,回访,144,20
6641,"2023-05-04","7001",档案管理部,归档,92,3
6642,"2023-05-04","8001",异常工单组,挂起,80,1
6643,"2023-05-05","1001",客服一部,话务员暂存,252,0
6644,"2023-05-05","1001",客服一部,话务员受理,131,21
6645,"2023-05-05","1002",客服二部,话务员受理,78,13
6646,"2023-05-05","2001",业务一科,话务员办理,59,2
6647,"2023-05-05","2002",业务二科,话务员办理,200,34
6648,"2023-05-05","3001",热线审核中心,热线审核,84,8
6649,"2023-05-05","3002",热线复核中心,热线复核,202,0
6650,"2023-05-05","4001",承办单位A,承办单位审核,181,24
6651,"2023-05-05","4001",承办单位A,承办单位处理,113,13
6652,"2023-05-05","4002",承办单位B,承办单位处理,109,4
6653,"2023-05-05","4003",承办复核部A,承办单位复核,153,1
6654,"2023-05-05","5001",结案一部,办结,73,10
6655,"2023-05-05","5002",结案二部,办结,264,20
6656,"2023-05-05","6001",客户回访一组,回访,92,3
6657,"2023-05-05","6002",客户回访二组,回访,242,3
6658,"2023-05-05","6003",客户回访三组,回访,231,37
6659,"2023-05-05","7001",档案管理部,归档,115,4
6660,"2023-05-05","8001",异常工单组,挂起,206,39
6661,"2023-05-06","1001",客服一部,话务员暂存,75,0
6662,"2023-05-06","1001",客服一部,话务员受理,71,0
6663,"2023-05-06","1002",客服二部,话务员受理,176,14
6664,"2023-05-06","2001",业务一科,话务员办理,163,11
6665,"2023-05-06","2002",业务二科,话务员办理,97,7
6666,"2023-05-06","3001",热线审核中心,热线审核,74,3
6667,"2023-05-06","3002",热线复核中心,热线复核,244,33
6668,"2023-05-06","4001",承办单位A,承办单位审核,99,13
6669,"2023-05-06","4001",承办单位A,承办单位处理,176,23
6670,"2023-05-06","4002",承办单位B,承办单位处理,114,17
6671,"2023-05-06","4003",承办复核部A,承办单位复核,287,17
6672,"2023-05-06","5001",结案一部,办结,129,0
6673,"2023-05-06","5002",结案二部,办结,292,7
6674,"2023-05-06","6001",客户回访一组,回访,75,9
6675,"2023-05-06","6002",客户回访二组,回访,278,50
6676,"2023-05-06","6003",客户回访三组,回访,84,11
6677,"2023-05-06","7001",档案管理部,归档,186,1
6678,"2023-05-06","8001",异常工单组,挂起,300,31
6679,"2023-05-07","1001",客服一部,话务员暂存,103,0
6680,"2023-05-07","1001",客服一部,话务员受理,93,13
6681,"2023-05-07","1002",客服二部,话务员受理,63,10
6682,"2023-05-07","2001",业务一科,话务员办理,278,5
6683,"2023-05-07","2002",业务二科,话务员办理,208,2
6684,"2023-05-07","3001",热线审核中心,热线审核,251,4
6685,"2023-05-07","3002",热线复核中心,热线复核,220,10
6686,"2023-05-07","4001",承办单位A,承办单位审核,94,9
6687,"2023-05-07","4001",承办单位A,承办单位处理,79,11
6688,"2023-05-07","4002",承办单位B,承办单位处理,70,7
6689,"2023-05-07","4003",承办复核部A,承办单位复核,71,10
6690,"2023-05-07","5001",结案一部,办结,170,12
6691,"2023-05-07","5002",结案二部,办结,104,17
6692,"2023-05-07","6001",客户回访一组,回访,169,19
6693,"2023-05-07","6002",客户回访二组,回访,176,28
6694,"2023-05-07","6003",客户回访三组,回访,91,17
6695,"2023-05-07","7001",档案管理部,归档,223,20
6696,"2023-05-07","8001",异常工单组,挂起,88,17
6697,"2023-05-08","1001",客服一部,话务员暂存,255,0
6698,"2023-05-08","1001",客服一部,话务员受理,185,17
6699,"2023-05-08","1002",客服二部,话务员受理,64,0
6700,"2023-05-08","2001",业务一科,话务员办理,181,12
6701,"2023-05-08","2002",业务二科,话务员办理,181,5
6702,"2023-05-08","3001",热线审核中心,热线审核,138,19
6703,"2023-05-08","3002",热线复核中心,热线复核,282,3
6704,"2023-05-08","4001",承办单位A,承办单位审核,272,40
6705,"2023-05-08","4001",承办单位A,承办单位处理,110,13
6706,"2023-05-08","4002",承办单位B,承办单位处理,271,1
6707,"2023-05-08","4003",承办复核部A,承办单位复核,201,20
6708,"2023-05-08","5001",结案一部,办结,200,37
6709,"2023-05-08","5002",结案二部,办结,275,24
6710,"2023-05-08","6001",客户回访一组,回访,130,24
6711,"2023-05-08","6002",客户回访二组,回访,60,5
6712,"2023-05-08","6003",客户回访三组,回访,263,7
6713,"2023-05-08","7001",档案管理部,归档,87,6
6714,"2023-05-08","8001",异常工单组,挂起,257,46
6715,"2023-05-09","1001",客服一部,话务员暂存,284,0
6716,"2023-05-09","1001",客服一部,话务员受理,168,28
6717,"2023-05-09","1002",客服二部,话务员受理,262,15
6718,"2023-05-09","2001",业务一科,话务员办理,87,11
6719,"2023-05-09","2002",业务二科,话务员办理,52,7
6720,"2023-05-09","3001",热线审核中心,热线审核,239,28
6721,"2023-05-09","3002",热线复核中心,热线复核,201,33
6722,"2023-05-09","4001",承办单位A,承办单位审核,264,48
6723,"2023-05-09","4001",承办单位A,承办单位处理,90,2
6724,"2023-05-09","4002",承办单位B,承办单位处理,131,12
6725,"2023-05-09","4003",承办复核部A,承办单位复核,176,28
6726,"2023-05-09","5001",结案一部,办结,190,18
6727,"2023-05-09","5002",结案二部,办结,51,1
6728,"2023-05-09","6001",客户回访一组,回访,92,16
6729,"2023-05-09","6002",客户回访二组,回访,244,11
6730,"2023-05-09","6003",客户回访三组,回访,65,9
6731,"2023-05-09","7001",档案管理部,归档,95,3
6732,"2023-05-09","8001",异常工单组,挂起,88,17
6733,"2023-05-10","1001",客服一部,话务员暂存,151,0
6734,"2023-05-10","1001",客服一部,话务员受理,186,10
6735,"2023-05-10","1002",客服二部,话务员受理,293,43
6736,"2023-05-10","2001",业务一科,话务员办理,232,39
6737,"2023-05-10","2002",业务二科,话务员办理,246,43
6738,"2023-05-10","3001",热线审核中心,热线审核,272,5
6739,"2023-05-10","3002",热线复核中心,热线复核,210,19
6740,"2023-05-10","4001",承办单位A,承办单位审核,98,16
6741,"2023-05-10","4001",承办单位A,承办单位处理,183,28
6742,"2023-05-10","4002",承办单位B,承办单位处理,270,35
6743,"2023-05-10","4003",承办复核部A,承办单位复核,246,39
6744,"2023-05-10","5001",结案一部,办结,118,12
6745,"2023-05-10","5002",结案二部,办结,174,27
6746,"2023-05-10","6001",客户回访一组,回访,277,24
6747,"2023-05-10","6002",客户回访二组,回访,294,15
6748,"2023-05-10","6003",客户回访三组,回访,289,53
6749,"2023-05-10","7001",档案管理部,归档,178,7
6750,"2023-05-10","8001",异常工单组,挂起,139,18
6751,"2023-05-11","1001",客服一部,话务员暂存,170,0
6752,"2023-05-11","1001",客服一部,话务员受理,161,30
6753,"2023-05-11","1002",客服二部,话务员受理,176,18
6754,"2023-05-11","2001",业务一科,话务员办理,74,10
6755,"2023-05-11","2002",业务二科,话务员办理,123,10
6756,"2023-05-11","3001",热线审核中心,热线审核,163,29
6757,"2023-05-11","3002",热线复核中心,热线复核,158,24
6758,"2023-05-11","4001",承办单位A,承办单位审核,95,1
6759,"2023-05-11","4001",承办单位A,承办单位处理,229,5
6760,"2023-05-11","4002",承办单位B,承办单位处理,169,23
6761,"2023-05-11","4003",承办复核部A,承办单位复核,239,12
6762,"2023-05-11","5001",结案一部,办结,190,14
6763,"2023-05-11","5002",结案二部,办结,158,0
6764,"2023-05-11","6001",客户回访一组,回访,98,0
6765,"2023-05-11","6002",客户回访二组,回访,219,8
6766,"2023-05-11","6003",客户回访三组,回访,100,8
6767,"2023-05-11","7001",档案管理部,归档,202,27
6768,"2023-05-11","8001",异常工单组,挂起,181,31
6769,"2023-05-12","1001",客服一部,话务员暂存,127,0
6770,"2023-05-12","1001",客服一部,话务员受理,72,0
6771,"2023-05-12","1002",客服二部,话务员受理,157,1
6772,"2023-05-12","2001",业务一科,话务员办理,82,7
6773,"2023-05-12","2002",业务二科,话务员办理,205,18
6774,"2023-05-12","3001",热线审核中心,热线审核,71,3
6775,"2023-05-12","3002",热线复核中心,热线复核,186,13
6776,"2023-05-12","4001",承办单位A,承办单位审核,266,39
6777,"2023-05-12","4001",承办单位A,承办单位处理,200,16
6778,"2023-05-12","4002",承办单位B,承办单位处理,298,43
6779,"2023-05-12","4003",承办复核部A,承办单位复核,118,11
6780,"2023-05-12","5001",结案一部,办结,110,10
6781,"2023-05-12","5002",结案二部,办结,235,21
6782,"2023-05-12","6001",客户回访一组,回访,288,22
6783,"2023-05-12","6002",客户回访二组,回访,76,3
6784,"2023-05-12","6003",客户回访三组,回访,75,3
6785,"2023-05-12","7001",档案管理部,归档,77,9
6786,"2023-05-12","8001",异常工单组,挂起,233,13
6787,"2023-05-13","1001",客服一部,话务员暂存,119,0
6788,"2023-05-13","1001",客服一部,话务员受理,294,40
6789,"2023-05-13","1002",客服二部,话务员受理,96,6
6790,"2023-05-13","2001",业务一科,话务员办理,297,6
6791,"2023-05-13","2002",业务二科,话务员办理,150,9
6792,"2023-05-13","3001",热线审核中心,热线审核,161,24
6793,"2023-05-13","3002",热线复核中心,热线复核,151,26
6794,"2023-05-13","4001",承办单位A,承办单位审核,286,13
6795,"2023-05-13","4001",承办单位A,承办单位处理,189,11
6796,"2023-05-13","4002",承办单位B,承办单位处理,239,2
6797,"2023-05-13","4003",承办复核部A,承办单位复核,223,43
6798,"2023-05-13","5001",结案一部,办结,221,34
6799,"2023-05-13","5002",结案二部,办结,126,3
6800,"2023-05-13","6001",客户回访一组,回访,161,29
6801,"2023-05-13","6002",客户回访二组,回访,223,19
6802,"2023-05-13","6003",客户回访三组,回访,151,21
6803,"2023-05-13","7001",档案管理部,归档,170,15
6804,"2023-05-13","8001",异常工单组,挂起,204,38
6805,"2023-05-14","1001",客服一部,话务员暂存,81,0
6806,"2023-05-14","1001",客服一部,话务员受理,125,5
6807,"2023-05-14","1002",客服二部,话务员受理,104,8
6808,"2023-05-14","2001",业务一科,话务员办理,218,40
6809,"2023-05-14","2002",业务二科,话务员办理,130,2
6810,"2023-05-14","3001",热线审核中心,热线审核,193,36
6811,"2023-05-14","3002",热线复核中心,热线复核,87,1
6812,"2023-05-14","4001",承办单位A,承办单位审核,83,11
6813,"2023-05-14","4001",承办单位A,承办单位处理,258,24
6814,"2023-05-14","4002",承办单位B,承办单位处理,197,6
6815,"2023-05-14","4003",承办复核部A,承办单位复核,131,24
6816,"2023-05-14","5001",结案一部,办结,183,32
6817,"2023-05-14","5002",结案二部,办结,50,9
6818,"2023-05-14","6001",客户回访一组,回访,236,32
6819,"2023-05-14","6002",客户回访二组,回访,69,2
6820,"2023-05-14","6003",客户回访三组,回访,117,18
6821,"2023-05-14","7001",档案管理部,归档,171,21
6822,"2023-05-14","8001",异常工单组,挂起,161,21
6823,"2023-05-15","1001",客服一部,话务员暂存,157,0
6824,"2023-05-15","1001",客服一部,话务员受理,251,11
6825,"2023-05-15","1002",客服二部,话务员受理,203,13
6826,"2023-05-15","2001",业务一科,话务员办理,122,9
6827,"2023-05-15","2002",业务二科,话务员办理,129,4
6828,"2023-05-15","3001",热线审核中心,热线审核,123,4
6829,"2023-05-15","3002",热线复核中心,热线复核,106,20
6830,"2023-05-15","4001",承办单位A,承办单位审核,177,2
6831,"2023-05-15","4001",承办单位A,承办单位处理,162,1
6832,"2023-05-15","4002",承办单位B,承办单位处理,232,6
6833,"2023-05-15","4003",承办复核部A,承办单位复核,251,34
6834,"2023-05-15","5001",结案一部,办结,199,35
6835,"2023-05-15","5002",结案二部,办结,164,9
6836,"2023-05-15","6001",客户回访一组,回访,150,28
6837,"2023-05-15","6002",客户回访二组,回访,170,32
6838,"2023-05-15","6003",客户回访三组,回访,190,20
6839,"2023-05-15","7001",档案管理部,归档,177,32
6840,"2023-05-15","8001",异常工单组,挂起,130,6
6841,"2023-05-16","1001",客服一部,话务员暂存,50,0
6842,"2023-05-16","1001",客服一部,话务员受理,240,44
6843,"2023-05-16","1002",客服二部,话务员受理,196,38
6844,"2023-05-16","2001",业务一科,话务员办理,200,11
6845,"2023-05-16","2002",业务二科,话务员办理,59,5
6846,"2023-05-16","3001",热线审核中心,热线审核,289,17
6847,"2023-05-16","3002",热线复核中心,热线复核,92,10
6848,"2023-05-16","4001",承办单位A,承办单位审核,91,7
6849,"2023-05-16","4001",承办单位A,承办单位处理,147,23
6850,"2023-05-16","4002",承办单位B,承办单位处理,227,5
6851,"2023-05-16","4003",承办复核部A,承办单位复核,124,24
6852,"2023-05-16","5001",结案一部,办结,267,13
6853,"2023-05-16","5002",结案二部,办结,50,0
6854,"2023-05-16","6001",客户回访一组,回访,83,6
6855,"2023-05-16","6002",客户回访二组,回访,108,5
6856,"2023-05-16","6003",客户回访三组,回访,109,8
6857,"2023-05-16","7001",档案管理部,归档,131,24
6858,"2023-05-16","8001",异常工单组,挂起,145,11
6859,"2023-05-17","1001",客服一部,话务员暂存,96,0
6860,"2023-05-17","1001",客服一部,话务员受理,124,17
6861,"2023-05-17","1002",客服二部,话务员受理,293,18
6862,"2023-05-17","2001",业务一科,话务员办理,192,28
6863,"2023-05-17","2002",业务二科,话务员办理,217,39
6864,"2023-05-17","3001",热线审核中心,热线审核,269,38
6865,"2023-05-17","3002",热线复核中心,热线复核,50,8
6866,"2023-05-17","4001",承办单位A,承办单位审核,202,6
6867,"2023-05-17","4001",承办单位A,承办单位处理,287,18
6868,"2023-05-17","4002",承办单位B,承办单位处理,292,13
6869,"2023-05-17","4003",承办复核部A,承办单位复核,250,48
6870,"2023-05-17","5001",结案一部,办结,54,4
6871,"2023-05-17","5002",结案二部,办结,193,33
6872,"2023-05-17","6001",客户回访一组,回访,244,31
6873,"2023-05-17","6002",客户回访二组,回访,291,4
6874,"2023-05-17","6003",客户回访三组,回访,228,16
6875,"2023-05-17","7001",档案管理部,归档,295,32
6876,"2023-05-17","8001",异常工单组,挂起,152,4
6877,"2023-05-18","1001",客服一部,话务员暂存,83,0
6878,"2023-05-18","1001",客服一部,话务员受理,60,8
6879,"2023-05-18","1002",客服二部,话务员受理,81,16
6880,"2023-05-18","2001",业务一科,话务员办理,72,4
6881,"2023-05-18","2002",业务二科,话务员办理,167,24
6882,"2023-05-18","3001",热线审核中心,热线审核,92,14
6883,"2023-05-18","3002",热线复核中心,热线复核,281,51
6884,"2023-05-18","4001",承办单位A,承办单位审核,140,13
6885,"2023-05-18","4001",承办单位A,承办单位处理,86,14
6886,"2023-05-18","4002",承办单位B,承办单位处理,137,11
6887,"2023-05-18","4003",承办复核部A,承办单位复核,273,32
6888,"2023-05-18","5001",结案一部,办结,145,12
6889,"2023-05-18","5002",结案二部,办结,272,39
6890,"2023-05-18","6001",客户回访一组,回访,239,5
6891,"2023-05-18","6002",客户回访二组,回访,71,14
6892,"2023-05-18","6003",客户回访三组,回访,119,14
6893,"2023-05-18","7001",档案管理部,归档,187,17
6894,"2023-05-18","8001",异常工单组,挂起,122,3
6895,"2023-05-19","1001",客服一部,话务员暂存,294,0
6896,"2023-05-19","1001",客服一部,话务员受理,273,49
6897,"2023-05-19","1002",客服二部,话务员受理,72,1
6898,"2023-05-19","2001",业务一科,话务员办理,229,44
6899,"2023-05-19","2002",业务二科,话务员办理,90,17
6900,"2023-05-19","3001",热线审核中心,热线审核,240,45
6901,"2023-05-19","3002",热线复核中心,热线复核,84,15
6902,"2023-05-19","4001",承办单位A,承办单位审核,248,1
6903,"2023-05-19","4001",承办单位A,承办单位处理,101,17
6904,"2023-05-19","4002",承办单位B,承办单位处理,75,1
6905,"2023-05-19","4003",承办复核部A,承办单位复核,274,5
6906,"2023-05-19","5001",结案一部,办结,76,14
6907,"2023-05-19","5002",结案二部,办结,183,27
6908,"2023-05-19","6001",客户回访一组,回访,119,10
6909,"2023-05-19","6002",客户回访二组,回访,88,12
6910,"2023-05-19","6003",客户回访三组,回访,217,0
6911,"2023-05-19","7001",档案管理部,归档,293,25
6912,"2023-05-19","8001",异常工单组,挂起,105,2
6913,"2023-05-20","1001",客服一部,话务员暂存,252,0
6914,"2023-05-20","1001",客服一部,话务员受理,176,3
6915,"2023-05-20","1002",客服二部,话务员受理,246,38
6916,"2023-05-20","2001",业务一科,话务员办理,217,27
6917,"2023-05-20","2002",业务二科,话务员办理,260,21
6918,"2023-05-20","3001",热线审核中心,热线审核,122,24
6919,"2023-05-20","3002",热线复核中心,热线复核,270,39
6920,"2023-05-20","4001",承办单位A,承办单位审核,232,6
6921,"2023-05-20","4001",承办单位A,承办单位处理,95,15
6922,"2023-05-20","4002",承办单位B,承办单位处理,113,8
6923,"2023-05-20","4003",承办复核部A,承办单位复核,157,29
6924,"2023-05-20","5001",结案一部,办结,123,1
6925,"2023-05-20","5002",结案二部,办结,93,5
6926,"2023-05-20","6001",客户回访一组,回访,112,20
6927,"2023-05-20","6002",客户回访二组,回访,278,2
6928,"2023-05-20","6003",客户回访三组,回访,97,17
6929,"2023-05-20","7001",档案管理部,归档,251,49
6930,"2023-05-20","8001",异常工单组,挂起,106,8
6931,"2023-05-21","1001",客服一部,话务员暂存,167,0
6932,"2023-05-21","1001",客服一部,话务员受理,152,23
6933,"2023-05-21","1002",客服二部,话务员受理,153,14
6934,"2023-05-21","2001",业务一科,话务员办理,200,0
6935,"2023-05-21","2002",业务二科,话务员办理,173,9
6936,"2023-05-21","3001",热线审核中心,热线审核,62,8
6937,"2023-05-21","3002",热线复核中心,热线复核,232,16
6938,"2023-05-21","4001",承办单位A,承办单位审核,199,36
6939,"2023-05-21","4001",承办单位A,承办单位处理,62,2
6940,"2023-05-21","4002",承办单位B,承办单位处理,251,38
6941,"2023-05-21","4003",承办复核部A,承办单位复核,52,6
6942,"2023-05-21","5001",结案一部,办结,256,45
6943,"2023-05-21","5002",结案二部,办结,181,25
6944,"2023-05-21","6001",客户回访一组,回访,260,6
6945,"2023-05-21","6002",客户回访二组,回访,174,21
6946,"2023-05-21","6003",客户回访三组,回访,298,42
6947,"2023-05-21","7001",档案管理部,归档,131,1
6948,"2023-05-21","8001",异常工单组,挂起,81,10
6949,"2023-05-22","1001",客服一部,话务员暂存,140,0
6950,"2023-05-22","1001",客服一部,话务员受理,94,4
6951,"2023-05-22","1002",客服二部,话务员受理,216,38
6952,"2023-05-22","2001",业务一科,话务员办理,132,10
6953,"2023-05-22","2002",业务二科,话务员办理,131,8
6954,"2023-05-22","3001",热线审核中心,热线审核,143,1
6955,"2023-05-22","3002",热线复核中心,热线复核,178,14
6956,"2023-05-22","4001",承办单位A,承办单位审核,89,6
6957,"2023-05-22","4001",承办单位A,承办单位处理,258,5
6958,"2023-05-22","4002",承办单位B,承办单位处理,96,10
6959,"2023-05-22","4003",承办复核部A,承办单位复核,76,14
6960,"2023-05-22","5001",结案一部,办结,234,18
6961,"2023-05-22","5002",结案二部,办结,296,31
6962,"2023-05-22","6001",客户回访一组,回访,179,21
6963,"2023-05-22","6002",客户回访二组,回访,176,23
6964,"2023-05-22","6003",客户回访三组,回访,71,1
6965,"2023-05-22","7001",档案管理部,归档,70,10
6966,"2023-05-22","8001",异常工单组,挂起,66,11
6967,"2023-05-23","1001",客服一部,话务员暂存,71,0
6968,"2023-05-23","1001",客服一部,话务员受理,195,2
6969,"2023-05-23","1002",客服二部,话务员受理,144,19
6970,"2023-05-23","2001",业务一科,话务员办理,109,12
6971,"2023-05-23","2002",业务二科,话务员办理,158,22
6972,"2023-05-23","3001",热线审核中心,热线审核,267,34
6973,"2023-05-23","3002",热线复核中心,热线复核,206,40
6974,"2023-05-23","4001",承办单位A,承办单位审核,141,18
6975,"2023-05-23","4001",承办单位A,承办单位处理,80,6
6976,"2023-05-23","4002",承办单位B,承办单位处理,226,17
6977,"2023-05-23","4003",承办复核部A,承办单位复核,165,5
6978,"2023-05-23","5001",结案一部,办结,114,16
6979,"2023-05-23","5002",结案二部,办结,136,14
6980,"2023-05-23","6001",客户回访一组,回访,230,24
6981,"2023-05-23","6002",客户回访二组,回访,202,15
6982,"2023-05-23","6003",客户回访三组,回访,281,25
6983,"2023-05-23","7001",档案管理部,归档,176,18
6984,"2023-05-23","8001",异常工单组,挂起,217,18
6985,"2023-05-24","1001",客服一部,话务员暂存,241,0
6986,"2023-05-24","1001",客服一部,话务员受理,89,4
6987,"2023-05-24","1002",客服二部,话务员受理,277,32
6988,"2023-05-24","2001",业务一科,话务员办理,52,3
6989,"2023-05-24","2002",业务二科,话务员办理,192,9
6990,"2023-05-24","3001",热线审核中心,热线审核,239,9
6991,"2023-05-24","3002",热线复核中心,热线复核,287,28
6992,"2023-05-24","4001",承办单位A,承办单位审核,142,19
6993,"2023-05-24","4001",承办单位A,承办单位处理,209,30
6994,"2023-05-24","4002",承办单位B,承办单位处理,190,2
6995,"2023-05-24","4003",承办复核部A,承办单位复核,227,19
6996,"2023-05-24","5001",结案一部,办结,96,1
6997,"2023-05-24","5002",结案二部,办结,297,34
6998,"2023-05-24","6001",客户回访一组,回访,53,6
6999,"2023-05-24","6002",客户回访二组,回访,156,2
7000,"2023-05-24","6003",客户回访三组,回访,176,6
7001,"2023-05-24","7001",档案管理部,归档,243,39
7002,"2023-05-24","8001",异常工单组,挂起,159,30
7003,"2023-05-25","1001",客服一部,话务员暂存,146,0
7004,"2023-05-25","1001",客服一部,话务员受理,167,3
7005,"2023-05-25","1002",客服二部,话务员受理,277,5
7006,"2023-05-25","2001",业务一科,话务员办理,275,1
7007,"2023-05-25","2002",业务二科,话务员办理,99,15
7008,"2023-05-25","3001",热线审核中心,热线审核,249,25
7009,"2023-05-25","3002",热线复核中心,热线复核,140,28
7010,"2023-05-25","4001",承办单位A,承办单位审核,187,11
7011,"2023-05-25","4001",承办单位A,承办单位处理,140,16
7012,"2023-05-25","4002",承办单位B,承办单位处理,292,2
7013,"2023-05-25","4003",承办复核部A,承办单位复核,252,7
7014,"2023-05-25","5001",结案一部,办结,246,40
7015,"2023-05-25","5002",结案二部,办结,170,0
7016,"2023-05-25","6001",客户回访一组,回访,217,1
7017,"2023-05-25","6002",客户回访二组,回访,164,3
7018,"2023-05-25","6003",客户回访三组,回访,295,2
7019,"2023-05-25","7001",档案管理部,归档,251,39
7020,"2023-05-25","8001",异常工单组,挂起,138,24
7021,"2023-05-26","1001",客服一部,话务员暂存,290,0
7022,"2023-05-26","1001",客服一部,话务员受理,266,18
7023,"2023-05-26","1002",客服二部,话务员受理,109,8
7024,"2023-05-26","2001",业务一科,话务员办理,192,0
7025,"2023-05-26","2002",业务二科,话务员办理,109,13
7026,"2023-05-26","3001",热线审核中心,热线审核,72,5
7027,"2023-05-26","3002",热线复核中心,热线复核,105,18
7028,"2023-05-26","4001",承办单位A,承办单位审核,172,27
7029,"2023-05-26","4001",承办单位A,承办单位处理,190,9
7030,"2023-05-26","4002",承办单位B,承办单位处理,167,14
7031,"2023-05-26","4003",承办复核部A,承办单位复核,100,16
7032,"2023-05-26","5001",结案一部,办结,130,16
7033,"2023-05-26","5002",结案二部,办结,239,41
7034,"2023-05-26","6001",客户回访一组,回访,173,5
7035,"2023-05-26","6002",客户回访二组,回访,240,1
7036,"2023-05-26","6003",客户回访三组,回访,113,0
7037,"2023-05-26","7001",档案管理部,归档,132,5
7038,"2023-05-26","8001",异常工单组,挂起,220,0
7039,"2023-05-27","1001",客服一部,话务员暂存,216,0
7040,"2023-05-27","1001",客服一部,话务员受理,148,3
7041,"2023-05-27","1002",客服二部,话务员受理,204,5
7042,"2023-05-27","2001",业务一科,话务员办理,194,34
7043,"2023-05-27","2002",业务二科,话务员办理,169,8
7044,"2023-05-27","3001",热线审核中心,热线审核,220,38
7045,"2023-05-27","3002",热线复核中心,热线复核,76,9
7046,"2023-05-27","4001",承办单位A,承办单位审核,82,12
7047,"2023-05-27","4001",承办单位A,承办单位处理,190,21
7048,"2023-05-27","4002",承办单位B,承办单位处理,212,25
7049,"2023-05-27","4003",承办复核部A,承办单位复核,113,16
7050,"2023-05-27","5001",结案一部,办结,154,3
7051,"2023-05-27","5002",结案二部,办结,70,9
7052,"2023-05-27","6001",客户回访一组,回访,84,3
7053,"2023-05-27","6002",客户回访二组,回访,292,33
7054,"2023-05-27","6003",客户回访三组,回访,234,2
7055,"2023-05-27","7001",档案管理部,归档,122,18
7056,"2023-05-27","8001",异常工单组,挂起,119,23
7057,"2023-05-28","1001",客服一部,话务员暂存,85,0
7058,"2023-05-28","1001",客服一部,话务员受理,276,4
7059,"2023-05-28","1002",客服二部,话务员受理,53,0
7060,"2023-05-28","2001",业务一科,话务员办理,216,33
7061,"2023-05-28","2002",业务二科,话务员办理,234,17
7062,"2023-05-28","3001",热线审核中心,热线审核,56,8
7063,"2023-05-28","3002",热线复核中心,热线复核,291,16
7064,"2023-05-28","4001",承办单位A,承办单位审核,281,48
7065,"2023-05-28","4001",承办单位A,承办单位处理,252,41
7066,"2023-05-28","4002",承办单位B,承办单位处理,213,22
7067,"2023-05-28","4003",承办复核部A,承办单位复核,63,10
7068,"2023-05-28","5001",结案一部,办结,51,10
7069,"2023-05-28","5002",结案二部,办结,276,9
7070,"2023-05-28","6001",客户回访一组,回访,84,0
7071,"2023-05-28","6002",客户回访二组,回访,147,13
7072,"2023-05-28","6003",客户回访三组,回访,171,16
7073,"2023-05-28","7001",档案管理部,归档,143,15
7074,"2023-05-28","8001",异常工单组,挂起,61,0
7075,"2023-05-29","1001",客服一部,话务员暂存,174,0
7076,"2023-05-29","1001",客服一部,话务员受理,108,1
7077,"2023-05-29","1002",客服二部,话务员受理,73,1
7078,"2023-05-29","2001",业务一科,话务员办理,111,11
7079,"2023-05-29","2002",业务二科,话务员办理,192,6
7080,"2023-05-29","3001",热线审核中心,热线审核,165,28
7081,"2023-05-29","3002",热线复核中心,热线复核,59,1
7082,"2023-05-29","4001",承办单位A,承办单位审核,261,19
7083,"2023-05-29","4001",承办单位A,承办单位处理,84,3
7084,"2023-05-29","4002",承办单位B,承办单位处理,238,6
7085,"2023-05-29","4003",承办复核部A,承办单位复核,224,1
7086,"2023-05-29","5001",结案一部,办结,293,20
7087,"2023-05-29","5002",结案二部,办结,182,28
7088,"2023-05-29","6001",客户回访一组,回访,206,29
7089,"2023-05-29","6002",客户回访二组,回访,231,8
7090,"2023-05-29","6003",客户回访三组,回访,254,26
7091,"2023-05-29","7001",档案管理部,归档,276,37
7092,"2023-05-29","8001",异常工单组,挂起,51,3
7093,"2023-05-30","1001",客服一部,话务员暂存,218,0
7094,"2023-05-30","1001",客服一部,话务员受理,99,3
7095,"2023-05-30","1002",客服二部,话务员受理,252,3
7096,"2023-05-30","2001",业务一科,话务员办理,86,16
7097,"2023-05-30","2002",业务二科,话务员办理,145,17
7098,"2023-05-30","3001",热线审核中心,热线审核,296,59
7099,"2023-05-30","3002",热线复核中心,热线复核,277,20
7100,"2023-05-30","4001",承办单位A,承办单位审核,227,37
7101,"2023-05-30","4001",承办单位A,承办单位处理,135,15
7102,"2023-05-30","4002",承办单位B,承办单位处理,162,24
7103,"2023-05-30","4003",承办复核部A,承办单位复核,146,25
7104,"2023-05-30","5001",结案一部,办结,209,41
7105,"2023-05-30","5002",结案二部,办结,131,13
7106,"2023-05-30","6001",客户回访一组,回访,92,12
7107,"2023-05-30","6002",客户回访二组,回访,130,23
7108,"2023-05-30","6003",客户回访三组,回访,247,37
7109,"2023-05-30","7001",档案管理部,归档,96,19
7110,"2023-05-30","8001",异常工单组,挂起,250,21
7111,"2023-05-31","1001",客服一部,话务员暂存,132,0
7112,"2023-05-31","1001",客服一部,话务员受理,118,6
7113,"2023-05-31","1002",客服二部,话务员受理,136,26
7114,"2023-05-31","2001",业务一科,话务员办理,129,14
7115,"2023-05-31","2002",业务二科,话务员办理,124,9
7116,"2023-05-31","3001",热线审核中心,热线审核,80,2
7117,"2023-05-31","3002",热线复核中心,热线复核,219,5
7118,"2023-05-31","4001",承办单位A,承办单位审核,170,15
7119,"2023-05-31","4001",承办单位A,承办单位处理,236,41
7120,"2023-05-31","4002",承办单位B,承办单位处理,104,17
7121,"2023-05-31","4003",承办复核部A,承办单位复核,175,9
7122,"2023-05-31","5001",结案一部,办结,225,11
7123,"2023-05-31","5002",结案二部,办结,273,45
7124,"2023-05-31","6001",客户回访一组,回访,230,29
7125,"2023-05-31","6002",客户回访二组,回访,99,16
7126,"2023-05-31","6003",客户回访三组,回访,60,12
7127,"2023-05-31","7001",档案管理部,归档,87,13
7128,"2023-05-31","8001",异常工单组,挂起,196,17
7129,"2023-06-01","1001",客服一部,话务员暂存,64,0
7130,"2023-06-01","1001",客服一部,话务员受理,222,18
7131,"2023-06-01","1002",客服二部,话务员受理,144,3
7132,"2023-06-01","2001",业务一科,话务员办理,252,45
7133,"2023-06-01","2002",业务二科,话务员办理,202,16
7134,"2023-06-01","3001",热线审核中心,热线审核,129,3
7135,"2023-06-01","3002",热线复核中心,热线复核,62,5
7136,"2023-06-01","4001",承办单位A,承办单位审核,62,10
7137,"2023-06-01","4001",承办单位A,承办单位处理,249,23
7138,"2023-06-01","4002",承办单位B,承办单位处理,144,28
7139,"2023-06-01","4003",承办复核部A,承办单位复核,93,10
7140,"2023-06-01","5001",结案一部,办结,240,6
7141,"2023-06-01","5002",结案二部,办结,260,45
7142,"2023-06-01","6001",客户回访一组,回访,250,36
7143,"2023-06-01","6002",客户回访二组,回访,287,38
7144,"2023-06-01","6003",客户回访三组,回访,96,17
7145,"2023-06-01","7001",档案管理部,归档,167,10
7146,"2023-06-01","8001",异常工单组,挂起,103,2
7147,"2023-06-02","1001",客服一部,话务员暂存,116,0
7148,"2023-06-02","1001",客服一部,话务员受理,118,11
7149,"2023-06-02","1002",客服二部,话务员受理,247,29
7150,"2023-06-02","2001",业务一科,话务员办理,280,30
7151,"2023-06-02","2002",业务二科,话务员办理,92,9
7152,"2023-06-02","3001",热线审核中心,热线审核,79,7
7153,"2023-06-02","3002",热线复核中心,热线复核,182,35
7154,"2023-06-02","4001",承办单位A,承办单位审核,163,16
7155,"2023-06-02","4001",承办单位A,承办单位处理,211,20
7156,"2023-06-02","4002",承办单位B,承办单位处理,83,4
7157,"2023-06-02","4003",承办复核部A,承办单位复核,206,23
7158,"2023-06-02","5001",结案一部,办结,55,2
7159,"2023-06-02","5002",结案二部,办结,81,11
7160,"2023-06-02","6001",客户回访一组,回访,223,18
7161,"2023-06-02","6002",客户回访二组,回访,189,15
7162,"2023-06-02","6003",客户回访三组,回访,66,0
7163,"2023-06-02","7001",档案管理部,归档,101,16
7164,"2023-06-02","8001",异常工单组,挂起,271,47
7165,"2023-06-03","1001",客服一部,话务员暂存,292,0
7166,"2023-06-03","1001",客服一部,话务员受理,240,28
7167,"2023-06-03","1002",客服二部,话务员受理,262,19
7168,"2023-06-03","2001",业务一科,话务员办理,128,5
7169,"2023-06-03","2002",业务二科,话务员办理,273,4
7170,"2023-06-03","3001",热线审核中心,热线审核,221,13
7171,"2023-06-03","3002",热线复核中心,热线复核,265,10
7172,"2023-06-03","4001",承办单位A,承办单位审核,232,33
7173,"2023-06-03","4001",承办单位A,承办单位处理,210,21
7174,"2023-06-03","4002",承办单位B,承办单位处理,289,2
7175,"2023-06-03","4003",承办复核部A,承办单位复核,179,31
7176,"2023-06-03","5001",结案一部,办结,239,15
7177,"2023-06-03","5002",结案二部,办结,124,4
7178,"2023-06-03","6001",客户回访一组,回访,192,38
7179,"2023-06-03","6002",客户回访二组,回访,55,11
7180,"2023-06-03","6003",客户回访三组,回访,66,13
7181,"2023-06-03","7001",档案管理部,归档,162,24
7182,"2023-06-03","8001",异常工单组,挂起,67,8
7183,"2023-06-04","1001",客服一部,话务员暂存,269,0
7184,"2023-06-04","1001",客服一部,话务员受理,56,1
7185,"2023-06-04","1002",客服二部,话务员受理,134,17
7186,"2023-06-04","2001",业务一科,话务员办理,86,4
7187,"2023-06-04","2002",业务二科,话务员办理,299,54
7188,"2023-06-04","3001",热线审核中心,热线审核,89,0
7189,"2023-06-04","3002",热线复核中心,热线复核,153,17
7190,"2023-06-04","4001",承办单位A,承办单位审核,100,1
7191,"2023-06-04","4001",承办单位A,承办单位处理,210,16
7192,"2023-06-04","4002",承办单位B,承办单位处理,88,0
7193,"2023-06-04","4003",承办复核部A,承办单位复核,264,51
7194,"2023-06-04","5001",结案一部,办结,60,5
7195,"2023-06-04","5002",结案二部,办结,139,0
7196,"2023-06-04","6001",客户回访一组,回访,74,6
7197,"2023-06-04","6002",客户回访二组,回访,161,17
7198,"2023-06-04","6003",客户回访三组,回访,205,12
7199,"2023-06-04","7001",档案管理部,归档,215,37
7200,"2023-06-04","8001",异常工单组,挂起,238,30
7201,"2023-06-05","1001",客服一部,话务员暂存,267,0
7202,"2023-06-05","1001",客服一部,话务员受理,260,33
7203,"2023-06-05","1002",客服二部,话务员受理,275,36
7204,"2023-06-05","2001",业务一科,话务员办理,104,19
7205,"2023-06-05","2002",业务二科,话务员办理,137,15
7206,"2023-06-05","3001",热线审核中心,热线审核,138,12
7207,"2023-06-05","3002",热线复核中心,热线复核,201,16
7208,"2023-06-05","4001",承办单位A,承办单位审核,57,2
7209,"2023-06-05","4001",承办单位A,承办单位处理,78,2
7210,"2023-06-05","4002",承办单位B,承办单位处理,191,19
7211,"2023-06-05","4003",承办复核部A,承办单位复核,68,1
7212,"2023-06-05","5001",结案一部,办结,72,9
7213,"2023-06-05","5002",结案二部,办结,112,11
7214,"2023-06-05","6001",客户回访一组,回访,125,0
7215,"2023-06-05","6002",客户回访二组,回访,222,43
7216,"2023-06-05","6003",客户回访三组,回访,114,9
7217,"2023-06-05","7001",档案管理部,归档,53,4
7218,"2023-06-05","8001",异常工单组,挂起,144,13
7219,"2023-06-06","1001",客服一部,话务员暂存,59,0
7220,"2023-06-06","1001",客服一部,话务员受理,297,35
7221,"2023-06-06","1002",客服二部,话务员受理,166,32
7222,"2023-06-06","2001",业务一科,话务员办理,295,43
7223,"2023-06-06","2002",业务二科,话务员办理,138,21
7224,"2023-06-06","3001",热线审核中心,热线审核,128,19
7225,"2023-06-06","3002",热线复核中心,热线复核,220,3
7226,"2023-06-06","4001",承办单位A,承办单位审核,99,13
7227,"2023-06-06","4001",承办单位A,承办单位处理,274,30
7228,"2023-06-06","4002",承办单位B,承办单位处理,241,29
7229,"2023-06-06","4003",承办复核部A,承办单位复核,72,11
7230,"2023-06-06","5001",结案一部,办结,227,40
7231,"2023-06-06","5002",结案二部,办结,162,27
7232,"2023-06-06","6001",客户回访一组,回访,131,23
7233,"2023-06-06","6002",客户回访二组,回访,152,11
7234,"2023-06-06","6003",客户回访三组,回访,225,26
7235,"2023-06-06","7001",档案管理部,归档,183,7
7236,"2023-06-06","8001",异常工单组,挂起,55,2
7237,"2023-06-07","1001",客服一部,话务员暂存,212,0
7238,"2023-06-07","1001",客服一部,话务员受理,204,6
7239,"2023-06-07","1002",客服二部,话务员受理,205,25
7240,"2023-06-07","2001",业务一科,话务员办理,171,17
7241,"2023-06-07","2002",业务二科,话务员办理,269,49
7242,"2023-06-07","3001",热线审核中心,热线审核,105,21
7243,"2023-06-07","3002",热线复核中心,热线复核,80,9
7244,"2023-06-07","4001",承办单位A,承办单位审核,64,12
7245,"2023-06-07","4001",承办单位A,承办单位处理,118,1
7246,"2023-06-07","4002",承办单位B,承办单位处理,220,4
7247,"2023-06-07","4003",承办复核部A,承办单位复核,90,17
7248,"2023-06-07","5001",结案一部,办结,250,18
7249,"2023-06-07","5002",结案二部,办结,168,29
7250,"2023-06-07","6001",客户回访一组,回访,154,15
7251,"2023-06-07","6002",客户回访二组,回访,228,2
7252,"2023-06-07","6003",客户回访三组,回访,59,6
7253,"2023-06-07","7001",档案管理部,归档,296,59
7254,"2023-06-07","8001",异常工单组,挂起,139,24
7255,"2023-06-08","1001",客服一部,话务员暂存,57,0
7256,"2023-06-08","1001",客服一部,话务员受理,142,3
7257,"2023-06-08","1002",客服二部,话务员受理,83,9
7258,"2023-06-08","2001",业务一科,话务员办理,191,37
7259,"2023-06-08","2002",业务二科,话务员办理,182,18
7260,"2023-06-08","3001",热线审核中心,热线审核,281,2
7261,"2023-06-08","3002",热线复核中心,热线复核,228,5
7262,"2023-06-08","4001",承办单位A,承办单位审核,273,36
7263,"2023-06-08","4001",承办单位A,承办单位处理,139,23
7264,"2023-06-08","4002",承办单位B,承办单位处理,293,51
7265,"2023-06-08","4003",承办复核部A,承办单位复核,71,3
7266,"2023-06-08","5001",结案一部,办结,124,20
7267,"2023-06-08","5002",结案二部,办结,98,14
7268,"2023-06-08","6001",客户回访一组,回访,59,7
7269,"2023-06-08","6002",客户回访二组,回访,116,10
7270,"2023-06-08","6003",客户回访三组,回访,53,8
7271,"2023-06-08","7001",档案管理部,归档,280,43
7272,"2023-06-08","8001",异常工单组,挂起,290,28
7273,"2023-06-09","1001",客服一部,话务员暂存,221,0
7274,"2023-06-09","1001",客服一部,话务员受理,59,9
7275,"2023-06-09","1002",客服二部,话务员受理,167,19
7276,"2023-06-09","2001",业务一科,话务员办理,192,36
7277,"2023-06-09","2002",业务二科,话务员办理,50,9
7278,"2023-06-09","3001",热线审核中心,热线审核,232,33
7279,"2023-06-09","3002",热线复核中心,热线复核,286,25
7280,"2023-06-09","4001",承办单位A,承办单位审核,285,37
7281,"2023-06-09","4001",承办单位A,承办单位处理,149,11
7282,"2023-06-09","4002",承办单位B,承办单位处理,191,32
7283,"2023-06-09","4003",承办复核部A,承办单位复核,255,7
7284,"2023-06-09","5001",结案一部,办结,62,3
7285,"2023-06-09","5002",结案二部,办结,179,0
7286,"2023-06-09","6001",客户回访一组,回访,175,15
7287,"2023-06-09","6002",客户回访二组,回访,241,2
7288,"2023-06-09","6003",客户回访三组,回访,109,9
7289,"2023-06-09","7001",档案管理部,归档,258,37
7290,"2023-06-09","8001",异常工单组,挂起,81,12
7291,"2023-06-10","1001",客服一部,话务员暂存,247,0
7292,"2023-06-10","1001",客服一部,话务员受理,249,7
7293,"2023-06-10","1002",客服二部,话务员受理,178,8
7294,"2023-06-10","2001",业务一科,话务员办理,244,34
7295,"2023-06-10","2002",业务二科,话务员办理,167,26
7296,"2023-06-10","3001",热线审核中心,热线审核,247,9
7297,"2023-06-10","3002",热线复核中心,热线复核,258,42
7298,"2023-06-10","4001",承办单位A,承办单位审核,237,6
7299,"2023-06-10","4001",承办单位A,承办单位处理,204,28
7300,"2023-06-10","4002",承办单位B,承办单位处理,270,5
7301,"2023-06-10","4003",承办复核部A,承办单位复核,166,32
7302,"2023-06-10","5001",结案一部,办结,262,42
7303,"2023-06-10","5002",结案二部,办结,88,14
7304,"2023-06-10","6001",客户回访一组,回访,51,1
7305,"2023-06-10","6002",客户回访二组,回访,250,34
7306,"2023-06-10","6003",客户回访三组,回访,184,6
7307,"2023-06-10","7001",档案管理部,归档,249,44
7308,"2023-06-10","8001",异常工单组,挂起,66,5
7309,"2023-06-11","1001",客服一部,话务员暂存,248,0
7310,"2023-06-11","1001",客服一部,话务员受理,252,38
7311,"2023-06-11","1002",客服二部,话务员受理,156,20
7312,"2023-06-11","2001",业务一科,话务员办理,169,6
7313,"2023-06-11","2002",业务二科,话务员办理,72,3
7314,"2023-06-11","3001",热线审核中心,热线审核,129,13
7315,"2023-06-11","3002",热线复核中心,热线复核,105,18
7316,"2023-06-11","4001",承办单位A,承办单位审核,253,46
7317,"2023-06-11","4001",承办单位A,承办单位处理,105,20
7318,"2023-06-11","4002",承办单位B,承办单位处理,152,2
7319,"2023-06-11","4003",承办复核部A,承办单位复核,51,3
7320,"2023-06-11","5001",结案一部,办结,131,3
7321,"2023-06-11","5002",结案二部,办结,232,11
7322,"2023-06-11","6001",客户回访一组,回访,127,14
7323,"2023-06-11","6002",客户回访二组,回访,78,8
7324,"2023-06-11","6003",客户回访三组,回访,51,3
7325,"2023-06-11","7001",档案管理部,归档,229,38
7326,"2023-06-11","8001",异常工单组,挂起,178,19
7327,"2023-06-12","1001",客服一部,话务员暂存,182,0
7328,"2023-06-12","1001",客服一部,话务员受理,177,26
7329,"2023-06-12","1002",客服二部,话务员受理,126,20
7330,"2023-06-12","2001",业务一科,话务员办理,146,29
7331,"2023-06-12","2002",业务二科,话务员办理,198,3
7332,"2023-06-12","3001",热线审核中心,热线审核,275,23
7333,"2023-06-12","3002",热线复核中心,热线复核,180,17
7334,"2023-06-12","4001",承办单位A,承办单位审核,198,18
7335,"2023-06-12","4001",承办单位A,承办单位处理,166,11
7336,"2023-06-12","4002",承办单位B,承办单位处理,65,9
7337,"2023-06-12","4003",承办复核部A,承办单位复核,115,0
7338,"2023-06-12","5001",结案一部,办结,234,23
7339,"2023-06-12","5002",结案二部,办结,176,32
7340,"2023-06-12","6001",客户回访一组,回访,148,3
7341,"2023-06-12","6002",客户回访二组,回访,292,29
7342,"2023-06-12","6003",客户回访三组,回访,232,38
7343,"2023-06-12","7001",档案管理部,归档,288,18
7344,"2023-06-12","8001",异常工单组,挂起,198,8
7345,"2023-06-13","1001",客服一部,话务员暂存,99,0
7346,"2023-06-13","1001",客服一部,话务员受理,246,22
7347,"2023-06-13","1002",客服二部,话务员受理,102,6
7348,"2023-06-13","2001",业务一科,话务员办理,266,40
7349,"2023-06-13","2002",业务二科,话务员办理,68,2
7350,"2023-06-13","3001",热线审核中心,热线审核,261,9
7351,"2023-06-13","3002",热线复核中心,热线复核,270,35
7352,"2023-06-13","4001",承办单位A,承办单位审核,248,15
7353,"2023-06-13","4001",承办单位A,承办单位处理,219,29
7354,"2023-06-13","4002",承办单位B,承办单位处理,102,3
7355,"2023-06-13","4003",承办复核部A,承办单位复核,223,43
7356,"2023-06-13","5001",结案一部,办结,252,12
7357,"2023-06-13","5002",结案二部,办结,176,18
7358,"2023-06-13","6001",客户回访一组,回访,110,7
7359,"2023-06-13","6002",客户回访二组,回访,155,22
7360,"2023-06-13","6003",客户回访三组,回访,207,13
7361,"2023-06-13","7001",档案管理部,归档,155,6
7362,"2023-06-13","8001",异常工单组,挂起,57,2
7363,"2023-06-14","1001",客服一部,话务员暂存,257,0
7364,"2023-06-14","1001",客服一部,话务员受理,145,10
7365,"2023-06-14","1002",客服二部,话务员受理,69,12
7366,"2023-06-14","2001",业务一科,话务员办理,50,2
7367,"2023-06-14","2002",业务二科,话务员办理,213,17
7368,"2023-06-14","3001",热线审核中心,热线审核,156,6
7369,"2023-06-14","3002",热线复核中心,热线复核,169,21
7370,"2023-06-14","4001",承办单位A,承办单位审核,229,9
7371,"2023-06-14","4001",承办单位A,承办单位处理,151,22
7372,"2023-06-14","4002",承办单位B,承办单位处理,174,20
7373,"2023-06-14","4003",承办复核部A,承办单位复核,162,5
7374,"2023-06-14","5001",结案一部,办结,93,9
7375,"2023-06-14","5002",结案二部,办结,187,25
7376,"2023-06-14","6001",客户回访一组,回访,272,31
7377,"2023-06-14","6002",客户回访二组,回访,181,29
7378,"2023-06-14","6003",客户回访三组,回访,113,9
7379,"2023-06-14","7001",档案管理部,归档,177,29
7380,"2023-06-14","8001",异常工单组,挂起,243,14
7381,"2023-06-15","1001",客服一部,话务员暂存,61,0
7382,"2023-06-15","1001",客服一部,话务员受理,160,18
7383,"2023-06-15","1002",客服二部,话务员受理,294,43
7384,"2023-06-15","2001",业务一科,话务员办理,248,8
7385,"2023-06-15","2002",业务二科,话务员办理,171,24
7386,"2023-06-15","3001",热线审核中心,热线审核,142,17
7387,"2023-06-15","3002",热线复核中心,热线复核,109,14
7388,"2023-06-15","4001",承办单位A,承办单位审核,217,1
7389,"2023-06-15","4001",承办单位A,承办单位处理,220,26
7390,"2023-06-15","4002",承办单位B,承办单位处理,61,3
7391,"2023-06-15","4003",承办复核部A,承办单位复核,270,31
7392,"2023-06-15","5001",结案一部,办结,139,15
7393,"2023-06-15","5002",结案二部,办结,159,17
7394,"2023-06-15","6001",客户回访一组,回访,238,21
7395,"2023-06-15","6002",客户回访二组,回访,260,32
7396,"2023-06-15","6003",客户回访三组,回访,97,7
7397,"2023-06-15","7001",档案管理部,归档,231,13
7398,"2023-06-15","8001",异常工单组,挂起,229,35
7399,"2023-06-16","1001",客服一部,话务员暂存,123,0
7400,"2023-06-16","1001",客服一部,话务员受理,112,5
7401,"2023-06-16","1002",客服二部,话务员受理,256,31
7402,"2023-06-16","2001",业务一科,话务员办理,244,46
7403,"2023-06-16","2002",业务二科,话务员办理,106,9
7404,"2023-06-16","3001",热线审核中心,热线审核,194,2
7405,"2023-06-16","3002",热线复核中心,热线复核,285,2
7406,"2023-06-16","4001",承办单位A,承办单位审核,153,24
7407,"2023-06-16","4001",承办单位A,承办单位处理,243,17
7408,"2023-06-16","4002",承办单位B,承办单位处理,79,2
7409,"2023-06-16","4003",承办复核部A,承办单位复核,208,28
7410,"2023-06-16","5001",结案一部,办结,283,15
7411,"2023-06-16","5002",结案二部,办结,215,24
7412,"2023-06-16","6001",客户回访一组,回访,50,2
7413,"2023-06-16","6002",客户回访二组,回访,188,7
7414,"2023-06-16","6003",客户回访三组,回访,144,20
7415,"2023-06-16","7001",档案管理部,归档,299,36
7416,"2023-06-16","8001",异常工单组,挂起,221,1
7417,"2023-06-17","1001",客服一部,话务员暂存,191,0
7418,"2023-06-17","1001",客服一部,话务员受理,197,10
7419,"2023-06-17","1002",客服二部,话务员受理,298,0
7420,"2023-06-17","2001",业务一科,话务员办理,235,18
7421,"2023-06-17","2002",业务二科,话务员办理,281,32
7422,"2023-06-17","3001",热线审核中心,热线审核,97,17
7423,"2023-06-17","3002",热线复核中心,热线复核,116,21
7424,"2023-06-17","4001",承办单位A,承办单位审核,108,8
7425,"2023-06-17","4001",承办单位A,承办单位处理,206,2
7426,"2023-06-17","4002",承办单位B,承办单位处理,220,5
7427,"2023-06-17","4003",承办复核部A,承办单位复核,119,20
7428,"2023-06-17","5001",结案一部,办结,149,29
7429,"2023-06-17","5002",结案二部,办结,236,3
7430,"2023-06-17","6001",客户回访一组,回访,174,22
7431,"2023-06-17","6002",客户回访二组,回访,236,17
7432,"2023-06-17","6003",客户回访三组,回访,249,4
7433,"2023-06-17","7001",档案管理部,归档,262,3
7434,"2023-06-17","8001",异常工单组,挂起,76,15
7435,"2023-06-18","1001",客服一部,话务员暂存,156,0
7436,"2023-06-18","1001",客服一部,话务员受理,150,23
7437,"2023-06-18","1002",客服二部,话务员受理,127,22
7438,"2023-06-18","2001",业务一科,话务员办理,146,0
7439,"2023-06-18","2002",业务二科,话务员办理,76,5
7440,"2023-06-18","3001",热线审核中心,热线审核,287,41
7441,"2023-06-18","3002",热线复核中心,热线复核,184,4
7442,"2023-06-18","4001",承办单位A,承办单位审核,270,53
7443,"2023-06-18","4001",承办单位A,承办单位处理,219,23
7444,"2023-06-18","4002",承办单位B,承办单位处理,251,33
7445,"2023-06-18","4003",承办复核部A,承办单位复核,76,2
7446,"2023-06-18","5001",结案一部,办结,155,23
7447,"2023-06-18","5002",结案二部,办结,57,2
7448,"2023-06-18","6001",客户回访一组,回访,133,18
7449,"2023-06-18","6002",客户回访二组,回访,238,30
7450,"2023-06-18","6003",客户回访三组,回访,246,27
7451,"2023-06-18","7001",档案管理部,归档,157,24
7452,"2023-06-18","8001",异常工单组,挂起,80,8
7453,"2023-06-19","1001",客服一部,话务员暂存,189,0
7454,"2023-06-19","1001",客服一部,话务员受理,138,7
7455,"2023-06-19","1002",客服二部,话务员受理,247,43
7456,"2023-06-19","2001",业务一科,话务员办理,107,10
7457,"2023-06-19","2002",业务二科,话务员办理,106,11
7458,"2023-06-19","3001",热线审核中心,热线审核,248,10
7459,"2023-06-19","3002",热线复核中心,热线复核,246,6
7460,"2023-06-19","4001",承办单位A,承办单位审核,299,25
7461,"2023-06-19","4001",承办单位A,承办单位处理,231,20
7462,"2023-06-19","4002",承办单位B,承办单位处理,104,18
7463,"2023-06-19","4003",承办复核部A,承办单位复核,171,4
7464,"2023-06-19","5001",结案一部,办结,220,12
7465,"2023-06-19","5002",结案二部,办结,86,7
7466,"2023-06-19","6001",客户回访一组,回访,170,0
7467,"2023-06-19","6002",客户回访二组,回访,194,20
7468,"2023-06-19","6003",客户回访三组,回访,272,22
7469,"2023-06-19","7001",档案管理部,归档,135,6
7470,"2023-06-19","8001",异常工单组,挂起,217,3
7471,"2023-06-20","1001",客服一部,话务员暂存,216,0
7472,"2023-06-20","1001",客服一部,话务员受理,173,31
7473,"2023-06-20","1002",客服二部,话务员受理,234,6
7474,"2023-06-20","2001",业务一科,话务员办理,188,8
7475,"2023-06-20","2002",业务二科,话务员办理,191,34
7476,"2023-06-20","3001",热线审核中心,热线审核,216,32
7477,"2023-06-20","3002",热线复核中心,热线复核,65,2
7478,"2023-06-20","4001",承办单位A,承办单位审核,181,33
7479,"2023-06-20","4001",承办单位A,承办单位处理,110,18
7480,"2023-06-20","4002",承办单位B,承办单位处理,140,18
7481,"2023-06-20","4003",承办复核部A,承办单位复核,84,8
7482,"2023-06-20","5001",结案一部,办结,144,24
7483,"2023-06-20","5002",结案二部,办结,218,0
7484,"2023-06-20","6001",客户回访一组,回访,228,26
7485,"2023-06-20","6002",客户回访二组,回访,270,41
7486,"2023-06-20","6003",客户回访三组,回访,191,17
7487,"2023-06-20","7001",档案管理部,归档,144,13
7488,"2023-06-20","8001",异常工单组,挂起,138,5
7489,"2023-06-21","1001",客服一部,话务员暂存,74,0
7490,"2023-06-21","1001",客服一部,话务员受理,134,23
7491,"2023-06-21","1002",客服二部,话务员受理,53,6
7492,"2023-06-21","2001",业务一科,话务员办理,77,2
7493,"2023-06-21","2002",业务二科,话务员办理,54,3
7494,"2023-06-21","3001",热线审核中心,热线审核,275,27
7495,"2023-06-21","3002",热线复核中心,热线复核,296,46
7496,"2023-06-21","4001",承办单位A,承办单位审核,84,10
7497,"2023-06-21","4001",承办单位A,承办单位处理,175,19
7498,"2023-06-21","4002",承办单位B,承办单位处理,236,37
7499,"2023-06-21","4003",承办复核部A,承办单位复核,152,12
7500,"2023-06-21","5001",结案一部,办结,102,18
7501,"2023-06-21","5002",结案二部,办结,138,5
7502,"2023-06-21","6001",客户回访一组,回访,77,2
7503,"2023-06-21","6002",客户回访二组,回访,100,20
7504,"2023-06-21","6003",客户回访三组,回访,192,30
7505,"2023-06-21","7001",档案管理部,归档,80,3
7506,"2023-06-21","8001",异常工单组,挂起,189,3
7507,"2023-06-22","1001",客服一部,话务员暂存,96,0
7508,"2023-06-22","1001",客服一部,话务员受理,207,13
7509,"2023-06-22","1002",客服二部,话务员受理,143,1
7510,"2023-06-22","2001",业务一科,话务员办理,212,27
7511,"2023-06-22","2002",业务二科,话务员办理,296,34
7512,"2023-06-22","3001",热线审核中心,热线审核,119,12
7513,"2023-06-22","3002",热线复核中心,热线复核,242,32
7514,"2023-06-22","4001",承办单位A,承办单位审核,87,3
7515,"2023-06-22","4001",承办单位A,承办单位处理,74,1
7516,"2023-06-22","4002",承办单位B,承办单位处理,264,2
7517,"2023-06-22","4003",承办复核部A,承办单位复核,266,49
7518,"2023-06-22","5001",结案一部,办结,277,8
7519,"2023-06-22","5002",结案二部,办结,101,8
7520,"2023-06-22","6001",客户回访一组,回访,155,30
7521,"2023-06-22","6002",客户回访二组,回访,215,24
7522,"2023-06-22","6003",客户回访三组,回访,99,2
7523,"2023-06-22","7001",档案管理部,归档,196,31
7524,"2023-06-22","8001",异常工单组,挂起,242,42
7525,"2023-06-23","1001",客服一部,话务员暂存,128,0
7526,"2023-06-23","1001",客服一部,话务员受理,131,2
7527,"2023-06-23","1002",客服二部,话务员受理,83,0
7528,"2023-06-23","2001",业务一科,话务员办理,73,7
7529,"2023-06-23","2002",业务二科,话务员办理,257,39
7530,"2023-06-23","3001",热线审核中心,热线审核,286,15
7531,"2023-06-23","3002",热线复核中心,热线复核,276,21
7532,"2023-06-23","4001",承办单位A,承办单位审核,197,11
7533,"2023-06-23","4001",承办单位A,承办单位处理,235,9
7534,"2023-06-23","4002",承办单位B,承办单位处理,160,2
7535,"2023-06-23","4003",承办复核部A,承办单位复核,51,10
7536,"2023-06-23","5001",结案一部,办结,57,9
7537,"2023-06-23","5002",结案二部,办结,54,8
7538,"2023-06-23","6001",客户回访一组,回访,148,10
7539,"2023-06-23","6002",客户回访二组,回访,190,9
7540,"2023-06-23","6003",客户回访三组,回访,102,1
7541,"2023-06-23","7001",档案管理部,归档,113,10
7542,"2023-06-23","8001",异常工单组,挂起,137,26
7543,"2023-06-24","1001",客服一部,话务员暂存,106,0
7544,"2023-06-24","1001",客服一部,话务员受理,133,3
7545,"2023-06-24","1002",客服二部,话务员受理,266,30
7546,"2023-06-24","2001",业务一科,话务员办理,190,18
7547,"2023-06-24","2002",业务二科,话务员办理,289,19
7548,"2023-06-24","3001",热线审核中心,热线审核,61,9
7549,"2023-06-24","3002",热线复核中心,热线复核,113,0
7550,"2023-06-24","4001",承办单位A,承办单位审核,208,15
7551,"2023-06-24","4001",承办单位A,承办单位处理,149,22
7552,"2023-06-24","4002",承办单位B,承办单位处理,234,15
7553,"2023-06-24","4003",承办复核部A,承办单位复核,164,25
7554,"2023-06-24","5001",结案一部,办结,161,21
7555,"2023-06-24","5002",结案二部,办结,139,5
7556,"2023-06-24","6001",客户回访一组,回访,122,10
7557,"2023-06-24","6002",客户回访二组,回访,204,37
7558,"2023-06-24","6003",客户回访三组,回访,200,7
7559,"2023-06-24","7001",档案管理部,归档,145,19
7560,"2023-06-24","8001",异常工单组,挂起,74,12
7561,"2023-06-25","1001",客服一部,话务员暂存,136,0
7562,"2023-06-25","1001",客服一部,话务员受理,162,28
7563,"2023-06-25","1002",客服二部,话务员受理,137,9
7564,"2023-06-25","2001",业务一科,话务员办理,137,27
7565,"2023-06-25","2002",业务二科,话务员办理,152,26
7566,"2023-06-25","3001",热线审核中心,热线审核,289,18
7567,"2023-06-25","3002",热线复核中心,热线复核,200,0
7568,"2023-06-25","4001",承办单位A,承办单位审核,208,21
7569,"2023-06-25","4001",承办单位A,承办单位处理,243,23
7570,"2023-06-25","4002",承办单位B,承办单位处理,146,4
7571,"2023-06-25","4003",承办复核部A,承办单位复核,166,14
7572,"2023-06-25","5001",结案一部,办结,127,24
7573,"2023-06-25","5002",结案二部,办结,257,1
7574,"2023-06-25","6001",客户回访一组,回访,116,22
7575,"2023-06-25","6002",客户回访二组,回访,97,11
7576,"2023-06-25","6003",客户回访三组,回访,126,13
7577,"2023-06-25","7001",档案管理部,归档,194,32
7578,"2023-06-25","8001",异常工单组,挂起,158,17
7579,"2023-06-26","1001",客服一部,话务员暂存,256,0
7580,"2023-06-26","1001",客服一部,话务员受理,246,18
7581,"2023-06-26","1002",客服二部,话务员受理,261,6
7582,"2023-06-26","2001",业务一科,话务员办理,50,4
7583,"2023-06-26","2002",业务二科,话务员办理,266,42
7584,"2023-06-26","3001",热线审核中心,热线审核,162,25
7585,"2023-06-26","3002",热线复核中心,热线复核,116,5
7586,"2023-06-26","4001",承办单位A,承办单位审核,138,18
7587,"2023-06-26","4001",承办单位A,承办单位处理,236,21
7588,"2023-06-26","4002",承办单位B,承办单位处理,114,16
7589,"2023-06-26","4003",承办复核部A,承办单位复核,119,11
7590,"2023-06-26","5001",结案一部,办结,235,30
7591,"2023-06-26","5002",结案二部,办结,163,10
7592,"2023-06-26","6001",客户回访一组,回访,160,13
7593,"2023-06-26","6002",客户回访二组,回访,229,9
7594,"2023-06-26","6003",客户回访三组,回访,239,0
7595,"2023-06-26","7001",档案管理部,归档,157,23
7596,"2023-06-26","8001",异常工单组,挂起,69,3
7597,"2023-06-27","1001",客服一部,话务员暂存,185,0
7598,"2023-06-27","1001",客服一部,话务员受理,245,18
7599,"2023-06-27","1002",客服二部,话务员受理,272,22
7600,"2023-06-27","2001",业务一科,话务员办理,133,7
7601,"2023-06-27","2002",业务二科,话务员办理,113,6
7602,"2023-06-27","3001",热线审核中心,热线审核,211,15
7603,"2023-06-27","3002",热线复核中心,热线复核,168,6
7604,"2023-06-27","4001",承办单位A,承办单位审核,290,7
7605,"2023-06-27","4001",承办单位A,承办单位处理,133,14
7606,"2023-06-27","4002",承办单位B,承办单位处理,210,39
7607,"2023-06-27","4003",承办复核部A,承办单位复核,55,7
7608,"2023-06-27","5001",结案一部,办结,158,15
7609,"2023-06-27","5002",结案二部,办结,278,16
7610,"2023-06-27","6001",客户回访一组,回访,57,2
7611,"2023-06-27","6002",客户回访二组,回访,116,1
7612,"2023-06-27","6003",客户回访三组,回访,168,30
7613,"2023-06-27","7001",档案管理部,归档,217,18
7614,"2023-06-27","8001",异常工单组,挂起,182,5
7615,"2023-06-28","1001",客服一部,话务员暂存,240,0
7616,"2023-06-28","1001",客服一部,话务员受理,85,12
7617,"2023-06-28","1002",客服二部,话务员受理,100,3
7618,"2023-06-28","2001",业务一科,话务员办理,299,25
7619,"2023-06-28","2002",业务二科,话务员办理,119,20
7620,"2023-06-28","3001",热线审核中心,热线审核,68,3
7621,"2023-06-28","3002",热线复核中心,热线复核,168,0
7622,"2023-06-28","4001",承办单位A,承办单位审核,252,8
7623,"2023-06-28","4001",承办单位A,承办单位处理,183,32
7624,"2023-06-28","4002",承办单位B,承办单位处理,86,5
7625,"2023-06-28","4003",承办复核部A,承办单位复核,262,17
7626,"2023-06-28","5001",结案一部,办结,122,6
7627,"2023-06-28","5002",结案二部,办结,191,32
7628,"2023-06-28","6001",客户回访一组,回访,209,23
7629,"2023-06-28","6002",客户回访二组,回访,165,31
7630,"2023-06-28","6003",客户回访三组,回访,77,14
7631,"2023-06-28","7001",档案管理部,归档,199,22
7632,"2023-06-28","8001",异常工单组,挂起,158,1
7633,"2023-06-29","1001",客服一部,话务员暂存,68,0
7634,"2023-06-29","1001",客服一部,话务员受理,181,14
7635,"2023-06-29","1002",客服二部,话务员受理,59,0
7636,"2023-06-29","2001",业务一科,话务员办理,119,0
7637,"2023-06-29","2002",业务二科,话务员办理,271,34
7638,"2023-06-29","3001",热线审核中心,热线审核,187,5
7639,"2023-06-29","3002",热线复核中心,热线复核,223,41
7640,"2023-06-29","4001",承办单位A,承办单位审核,67,5
7641,"2023-06-29","4001",承办单位A,承办单位处理,273,4
7642,"2023-06-29","4002",承办单位B,承办单位处理,234,4
7643,"2023-06-29","4003",承办复核部A,承办单位复核,233,22
7644,"2023-06-29","5001",结案一部,办结,195,26
7645,"2023-06-29","5002",结案二部,办结,63,10
7646,"2023-06-29","6001",客户回访一组,回访,246,14
7647,"2023-06-29","6002",客户回访二组,回访,66,5
7648,"2023-06-29","6003",客户回访三组,回访,134,1
7649,"2023-06-29","7001",档案管理部,归档,131,9
7650,"2023-06-29","8001",异常工单组,挂起,258,20
7651,"2023-06-30","1001",客服一部,话务员暂存,168,0
7652,"2023-06-30","1001",客服一部,话务员受理,271,37
7653,"2023-06-30","1002",客服二部,话务员受理,141,23
7654,"2023-06-30","2001",业务一科,话务员办理,142,25
7655,"2023-06-30","2002",业务二科,话务员办理,58,5
7656,"2023-06-30","3001",热线审核中心,热线审核,100,11
7657,"2023-06-30","3002",热线复核中心,热线复核,65,12
7658,"2023-06-30","4001",承办单位A,承办单位审核,251,35
7659,"2023-06-30","4001",承办单位A,承办单位处理,296,47
7660,"2023-06-30","4002",承办单位B,承办单位处理,133,16
7661,"2023-06-30","4003",承办复核部A,承办单位复核,149,22
7662,"2023-06-30","5001",结案一部,办结,241,40
7663,"2023-06-30","5002",结案二部,办结,198,3
7664,"2023-06-30","6001",客户回访一组,回访,133,0
7665,"2023-06-30","6002",客户回访二组,回访,295,40
7666,"2023-06-30","6003",客户回访三组,回访,57,11
7667,"2023-06-30","7001",档案管理部,归档,235,30
7668,"2023-06-30","8001",异常工单组,挂起,260,34
7669,"2023-07-01","1001",客服一部,话务员暂存,175,0
7670,"2023-07-01","1001",客服一部,话务员受理,269,44
7671,"2023-07-01","1002",客服二部,话务员受理,66,4
7672,"2023-07-01","2001",业务一科,话务员办理,292,49
7673,"2023-07-01","2002",业务二科,话务员办理,57,1
7674,"2023-07-01","3001",热线审核中心,热线审核,273,50
7675,"2023-07-01","3002",热线复核中心,热线复核,71,12
7676,"2023-07-01","4001",承办单位A,承办单位审核,274,38
7677,"2023-07-01","4001",承办单位A,承办单位处理,247,33
7678,"2023-07-01","4002",承办单位B,承办单位处理,176,16
7679,"2023-07-01","4003",承办复核部A,承办单位复核,58,10
7680,"2023-07-01","5001",结案一部,办结,241,34
7681,"2023-07-01","5002",结案二部,办结,110,10
7682,"2023-07-01","6001",客户回访一组,回访,243,19
7683,"2023-07-01","6002",客户回访二组,回访,255,48
7684,"2023-07-01","6003",客户回访三组,回访,129,3
7685,"2023-07-01","7001",档案管理部,归档,217,26
7686,"2023-07-01","8001",异常工单组,挂起,287,48
7687,"2023-07-02","1001",客服一部,话务员暂存,216,0
7688,"2023-07-02","1001",客服一部,话务员受理,210,6
7689,"2023-07-02","1002",客服二部,话务员受理,52,6
7690,"2023-07-02","2001",业务一科,话务员办理,111,1
7691,"2023-07-02","2002",业务二科,话务员办理,225,28
7692,"2023-07-02","3001",热线审核中心,热线审核,171,21
7693,"2023-07-02","3002",热线复核中心,热线复核,189,15
7694,"2023-07-02","4001",承办单位A,承办单位审核,226,38
7695,"2023-07-02","4001",承办单位A,承办单位处理,109,10
7696,"2023-07-02","4002",承办单位B,承办单位处理,272,49
7697,"2023-07-02","4003",承办复核部A,承办单位复核,133,11
7698,"2023-07-02","5001",结案一部,办结,59,5
7699,"2023-07-02","5002",结案二部,办结,127,17
7700,"2023-07-02","6001",客户回访一组,回访,132,5
7701,"2023-07-02","6002",客户回访二组,回访,102,16
7702,"2023-07-02","6003",客户回访三组,回访,77,4
7703,"2023-07-02","7001",档案管理部,归档,273,31
7704,"2023-07-02","8001",异常工单组,挂起,214,18
7705,"2023-07-03","1001",客服一部,话务员暂存,113,0
7706,"2023-07-03","1001",客服一部,话务员受理,109,1
7707,"2023-07-03","1002",客服二部,话务员受理,159,1
7708,"2023-07-03","2001",业务一科,话务员办理,107,17
7709,"2023-07-03","2002",业务二科,话务员办理,185,15
7710,"2023-07-03","3001",热线审核中心,热线审核,282,5
7711,"2023-07-03","3002",热线复核中心,热线复核,237,45
7712,"2023-07-03","4001",承办单位A,承办单位审核,273,36
7713,"2023-07-03","4001",承办单位A,承办单位处理,89,3
7714,"2023-07-03","4002",承办单位B,承办单位处理,285,17
7715,"2023-07-03","4003",承办复核部A,承办单位复核,220,41
7716,"2023-07-03","5001",结案一部,办结,104,16
7717,"2023-07-03","5002",结案二部,办结,192,9
7718,"2023-07-03","6001",客户回访一组,回访,64,1
7719,"2023-07-03","6002",客户回访二组,回访,185,20
7720,"2023-07-03","6003",客户回访三组,回访,68,11
7721,"2023-07-03","7001",档案管理部,归档,162,15
7722,"2023-07-03","8001",异常工单组,挂起,130,19
7723,"2023-07-04","1001",客服一部,话务员暂存,206,0
7724,"2023-07-04","1001",客服一部,话务员受理,114,12
7725,"2023-07-04","1002",客服二部,话务员受理,203,19
7726,"2023-07-04","2001",业务一科,话务员办理,254,21
7727,"2023-07-04","2002",业务二科,话务员办理,111,13
7728,"2023-07-04","3001",热线审核中心,热线审核,271,37
7729,"2023-07-04","3002",热线复核中心,热线复核,241,11
7730,"2023-07-04","4001",承办单位A,承办单位审核,216,15
7731,"2023-07-04","4001",承办单位A,承办单位处理,212,31
7732,"2023-07-04","4002",承办单位B,承办单位处理,225,18
7733,"2023-07-04","4003",承办复核部A,承办单位复核,82,16
7734,"2023-07-04","5001",结案一部,办结,141,7
7735,"2023-07-04","5002",结案二部,办结,184,3
7736,"2023-07-04","6001",客户回访一组,回访,176,34
7737,"2023-07-04","6002",客户回访二组,回访,176,13
7738,"2023-07-04","6003",客户回访三组,回访,290,13
7739,"2023-07-04","7001",档案管理部,归档,50,3
7740,"2023-07-04","8001",异常工单组,挂起,124,3
7741,"2023-07-05","1001",客服一部,话务员暂存,141,0
7742,"2023-07-05","1001",客服一部,话务员受理,255,25
7743,"2023-07-05","1002",客服二部,话务员受理,186,23
7744,"2023-07-05","2001",业务一科,话务员办理,52,8
7745,"2023-07-05","2002",业务二科,话务员办理,188,0
7746,"2023-07-05","3001",热线审核中心,热线审核,145,18
7747,"2023-07-05","3002",热线复核中心,热线复核,241,31
7748,"2023-07-05","4001",承办单位A,承办单位审核,223,22
7749,"2023-07-05","4001",承办单位A,承办单位处理,300,54
7750,"2023-07-05","4002",承办单位B,承办单位处理,280,8
7751,"2023-07-05","4003",承办复核部A,承办单位复核,287,53
7752,"2023-07-05","5001",结案一部,办结,213,8
7753,"2023-07-05","5002",结案二部,办结,95,9
7754,"2023-07-05","6001",客户回访一组,回访,247,6
7755,"2023-07-05","6002",客户回访二组,回访,66,10
7756,"2023-07-05","6003",客户回访三组,回访,178,17
7757,"2023-07-05","7001",档案管理部,归档,298,10
7758,"2023-07-05","8001",异常工单组,挂起,202,15
7759,"2023-07-06","1001",客服一部,话务员暂存,295,0
7760,"2023-07-06","1001",客服一部,话务员受理,183,4
7761,"2023-07-06","1002",客服二部,话务员受理,136,18
7762,"2023-07-06","2001",业务一科,话务员办理,125,17
7763,"2023-07-06","2002",业务二科,话务员办理,107,18
7764,"2023-07-06","3001",热线审核中心,热线审核,254,36
7765,"2023-07-06","3002",热线复核中心,热线复核,213,15
7766,"2023-07-06","4001",承办单位A,承办单位审核,222,40
7767,"2023-07-06","4001",承办单位A,承办单位处理,222,6
7768,"2023-07-06","4002",承办单位B,承办单位处理,265,38
7769,"2023-07-06","4003",承办复核部A,承办单位复核,181,7
7770,"2023-07-06","5001",结案一部,办结,143,15
7771,"2023-07-06","5002",结案二部,办结,241,16
7772,"2023-07-06","6001",客户回访一组,回访,139,27
7773,"2023-07-06","6002",客户回访二组,回访,138,27
7774,"2023-07-06","6003",客户回访三组,回访,171,16
7775,"2023-07-06","7001",档案管理部,归档,294,42
7776,"2023-07-06","8001",异常工单组,挂起,121,4
7777,"2023-07-07","1001",客服一部,话务员暂存,199,0
7778,"2023-07-07","1001",客服一部,话务员受理,260,9
7779,"2023-07-07","1002",客服二部,话务员受理,170,9
7780,"2023-07-07","2001",业务一科,话务员办理,142,10
7781,"2023-07-07","2002",业务二科,话务员办理,264,43
7782,"2023-07-07","3001",热线审核中心,热线审核,274,46
7783,"2023-07-07","3002",热线复核中心,热线复核,50,9
7784,"2023-07-07","4001",承办单位A,承办单位审核,72,11
7785,"2023-07-07","4001",承办单位A,承办单位处理,220,2
7786,"2023-07-07","4002",承办单位B,承办单位处理,92,12
7787,"2023-07-07","4003",承办复核部A,承办单位复核,293,56
7788,"2023-07-07","5001",结案一部,办结,220,21
7789,"2023-07-07","5002",结案二部,办结,281,46
7790,"2023-07-07","6001",客户回访一组,回访,106,6
7791,"2023-07-07","6002",客户回访二组,回访,205,26
7792,"2023-07-07","6003",客户回访三组,回访,274,17
7793,"2023-07-07","7001",档案管理部,归档,85,17
7794,"2023-07-07","8001",异常工单组,挂起,214,41
7795,"2023-07-08","1001",客服一部,话务员暂存,227,0
7796,"2023-07-08","1001",客服一部,话务员受理,263,8
7797,"2023-07-08","1002",客服二部,话务员受理,149,16
7798,"2023-07-08","2001",业务一科,话务员办理,124,14
7799,"2023-07-08","2002",业务二科,话务员办理,214,23
7800,"2023-07-08","3001",热线审核中心,热线审核,251,48
7801,"2023-07-08","3002",热线复核中心,热线复核,131,23
7802,"2023-07-08","4001",承办单位A,承办单位审核,235,40
7803,"2023-07-08","4001",承办单位A,承办单位处理,216,7
7804,"2023-07-08","4002",承办单位B,承办单位处理,292,15
7805,"2023-07-08","4003",承办复核部A,承办单位复核,256,20
7806,"2023-07-08","5001",结案一部,办结,298,38
7807,"2023-07-08","5002",结案二部,办结,58,0
7808,"2023-07-08","6001",客户回访一组,回访,254,20
7809,"2023-07-08","6002",客户回访二组,回访,221,43
7810,"2023-07-08","6003",客户回访三组,回访,110,3
7811,"2023-07-08","7001",档案管理部,归档,50,5
7812,"2023-07-08","8001",异常工单组,挂起,258,20
7813,"2023-07-09","1001",客服一部,话务员暂存,111,0
7814,"2023-07-09","1001",客服一部,话务员受理,249,25
7815,"2023-07-09","1002",客服二部,话务员受理,288,20
7816,"2023-07-09","2001",业务一科,话务员办理,152,15
7817,"2023-07-09","2002",业务二科,话务员办理,69,0
7818,"2023-07-09","3001",热线审核中心,热线审核,222,17
7819,"2023-07-09","3002",热线复核中心,热线复核,82,3
7820,"2023-07-09","4001",承办单位A,承办单位审核,100,5
7821,"2023-07-09","4001",承办单位A,承办单位处理,64,7
7822,"2023-07-09","4002",承办单位B,承办单位处理,252,19
7823,"2023-07-09","4003",承办复核部A,承办单位复核,213,29
7824,"2023-07-09","5001",结案一部,办结,281,40
7825,"2023-07-09","5002",结案二部,办结,167,12
7826,"2023-07-09","6001",客户回访一组,回访,204,37
7827,"2023-07-09","6002",客户回访二组,回访,267,42
7828,"2023-07-09","6003",客户回访三组,回访,300,17
7829,"2023-07-09","7001",档案管理部,归档,273,27
7830,"2023-07-09","8001",异常工单组,挂起,121,11
7831,"2023-07-10","1001",客服一部,话务员暂存,89,0
7832,"2023-07-10","1001",客服一部,话务员受理,190,22
7833,"2023-07-10","1002",客服二部,话务员受理,300,23
7834,"2023-07-10","2001",业务一科,话务员办理,253,44
7835,"2023-07-10","2002",业务二科,话务员办理,211,33
7836,"2023-07-10","3001",热线审核中心,热线审核,228,14
7837,"2023-07-10","3002",热线复核中心,热线复核,126,16
7838,"2023-07-10","4001",承办单位A,承办单位审核,254,0
7839,"2023-07-10","4001",承办单位A,承办单位处理,123,12
7840,"2023-07-10","4002",承办单位B,承办单位处理,65,10
7841,"2023-07-10","4003",承办复核部A,承办单位复核,136,23
7842,"2023-07-10","5001",结案一部,办结,101,9
7843,"2023-07-10","5002",结案二部,办结,116,8
7844,"2023-07-10","6001",客户回访一组,回访,201,10
7845,"2023-07-10","6002",客户回访二组,回访,207,4
7846,"2023-07-10","6003",客户回访三组,回访,114,9
7847,"2023-07-10","7001",档案管理部,归档,74,1
7848,"2023-07-10","8001",异常工单组,挂起,157,23
7849,"2023-07-11","1001",客服一部,话务员暂存,94,0
7850,"2023-07-11","1001",客服一部,话务员受理,223,32
7851,"2023-07-11","1002",客服二部,话务员受理,200,28
7852,"2023-07-11","2001",业务一科,话务员办理,139,17
7853,"2023-07-11","2002",业务二科,话务员办理,265,3
7854,"2023-07-11","3001",热线审核中心,热线审核,135,14
7855,"2023-07-11","3002",热线复核中心,热线复核,171,18
7856,"2023-07-11","4001",承办单位A,承办单位审核,167,19
7857,"2023-07-11","4001",承办单位A,承办单位处理,149,4
7858,"2023-07-11","4002",承办单位B,承办单位处理,125,17
7859,"2023-07-11","4003",承办复核部A,承办单位复核,107,11
7860,"2023-07-11","5001",结案一部,办结,171,22
7861,"2023-07-11","5002",结案二部,办结,50,5
7862,"2023-07-11","6001",客户回访一组,回访,99,14
7863,"2023-07-11","6002",客户回访二组,回访,254,6
7864,"2023-07-11","6003",客户回访三组,回访,194,12
7865,"2023-07-11","7001",档案管理部,归档,68,12
7866,"2023-07-11","8001",异常工单组,挂起,265,2
7867,"2023-07-12","1001",客服一部,话务员暂存,67,0
7868,"2023-07-12","1001",客服一部,话务员受理,181,19
7869,"2023-07-12","1002",客服二部,话务员受理,278,1
7870,"2023-07-12","2001",业务一科,话务员办理,115,9
7871,"2023-07-12","2002",业务二科,话务员办理,275,28
7872,"2023-07-12","3001",热线审核中心,热线审核,254,35
7873,"2023-07-12","3002",热线复核中心,热线复核,222,13
7874,"2023-07-12","4001",承办单位A,承办单位审核,133,21
7875,"2023-07-12","4001",承办单位A,承办单位处理,163,22
7876,"2023-07-12","4002",承办单位B,承办单位处理,291,5
7877,"2023-07-12","4003",承办复核部A,承办单位复核,205,38
7878,"2023-07-12","5001",结案一部,办结,198,37
7879,"2023-07-12","5002",结案二部,办结,96,1
7880,"2023-07-12","6001",客户回访一组,回访,271,0
7881,"2023-07-12","6002",客户回访二组,回访,90,12
7882,"2023-07-12","6003",客户回访三组,回访,88,6
7883,"2023-07-12","7001",档案管理部,归档,122,11
7884,"2023-07-12","8001",异常工单组,挂起,115,20
7885,"2023-07-13","1001",客服一部,话务员暂存,287,0
7886,"2023-07-13","1001",客服一部,话务员受理,234,7
7887,"2023-07-13","1002",客服二部,话务员受理,152,28
7888,"2023-07-13","2001",业务一科,话务员办理,228,1
7889,"2023-07-13","2002",业务二科,话务员办理,62,5
7890,"2023-07-13","3001",热线审核中心,热线审核,71,2
7891,"2023-07-13","3002",热线复核中心,热线复核,174,0
7892,"2023-07-13","4001",承办单位A,承办单位审核,64,12
7893,"2023-07-13","4001",承办单位A,承办单位处理,171,6
7894,"2023-07-13","4002",承办单位B,承办单位处理,228,34
7895,"2023-07-13","4003",承办复核部A,承办单位复核,85,0
7896,"2023-07-13","5001",结案一部,办结,263,52
7897,"2023-07-13","5002",结案二部,办结,266,2
7898,"2023-07-13","6001",客户回访一组,回访,167,25
7899,"2023-07-13","6002",客户回访二组,回访,219,8
7900,"2023-07-13","6003",客户回访三组,回访,237,21
7901,"2023-07-13","7001",档案管理部,归档,267,7
7902,"2023-07-13","8001",异常工单组,挂起,176,11
7903,"2023-07-14","1001",客服一部,话务员暂存,186,0
7904,"2023-07-14","1001",客服一部,话务员受理,118,10
7905,"2023-07-14","1002",客服二部,话务员受理,122,20
7906,"2023-07-14","2001",业务一科,话务员办理,223,22
7907,"2023-07-14","2002",业务二科,话务员办理,72,12
7908,"2023-07-14","3001",热线审核中心,热线审核,91,7
7909,"2023-07-14","3002",热线复核中心,热线复核,123,22
7910,"2023-07-14","4001",承办单位A,承办单位审核,176,19
7911,"2023-07-14","4001",承办单位A,承办单位处理,188,12
7912,"2023-07-14","4002",承办单位B,承办单位处理,229,4
7913,"2023-07-14","4003",承办复核部A,承办单位复核,285,3
7914,"2023-07-14","5001",结案一部,办结,206,5
7915,"2023-07-14","5002",结案二部,办结,165,4
7916,"2023-07-14","6001",客户回访一组,回访,153,1
7917,"2023-07-14","6002",客户回访二组,回访,161,20
7918,"2023-07-14","6003",客户回访三组,回访,203,16
7919,"2023-07-14","7001",档案管理部,归档,265,10
7920,"2023-07-14","8001",异常工单组,挂起,182,10
7921,"2023-07-15","1001",客服一部,话务员暂存,50,0
7922,"2023-07-15","1001",客服一部,话务员受理,187,37
7923,"2023-07-15","1002",客服二部,话务员受理,191,29
7924,"2023-07-15","2001",业务一科,话务员办理,175,10
7925,"2023-07-15","2002",业务二科,话务员办理,137,25
7926,"2023-07-15","3001",热线审核中心,热线审核,64,10
7927,"2023-07-15","3002",热线复核中心,热线复核,193,11
7928,"2023-07-15","4001",承办单位A,承办单位审核,228,24
7929,"2023-07-15","4001",承办单位A,承办单位处理,116,7
7930,"2023-07-15","4002",承办单位B,承办单位处理,178,13
7931,"2023-07-15","4003",承办复核部A,承办单位复核,75,6
7932,"2023-07-15","5001",结案一部,办结,126,22
7933,"2023-07-15","5002",结案二部,办结,213,17
7934,"2023-07-15","6001",客户回访一组,回访,249,48
7935,"2023-07-15","6002",客户回访二组,回访,250,28
7936,"2023-07-15","6003",客户回访三组,回访,153,19
7937,"2023-07-15","7001",档案管理部,归档,236,0
7938,"2023-07-15","8001",异常工单组,挂起,129,10
7939,"2023-07-16","1001",客服一部,话务员暂存,76,0
7940,"2023-07-16","1001",客服一部,话务员受理,147,18
7941,"2023-07-16","1002",客服二部,话务员受理,216,29
7942,"2023-07-16","2001",业务一科,话务员办理,165,14
7943,"2023-07-16","2002",业务二科,话务员办理,205,32
7944,"2023-07-16","3001",热线审核中心,热线审核,211,4
7945,"2023-07-16","3002",热线复核中心,热线复核,214,13
7946,"2023-07-16","4001",承办单位A,承办单位审核,104,11
7947,"2023-07-16","4001",承办单位A,承办单位处理,90,5
7948,"2023-07-16","4002",承办单位B,承办单位处理,191,27
7949,"2023-07-16","4003",承办复核部A,承办单位复核,76,14
7950,"2023-07-16","5001",结案一部,办结,79,1
7951,"2023-07-16","5002",结案二部,办结,265,37
7952,"2023-07-16","6001",客户回访一组,回访,76,5
7953,"2023-07-16","6002",客户回访二组,回访,227,23
7954,"2023-07-16","6003",客户回访三组,回访,67,6
7955,"2023-07-16","7001",档案管理部,归档,268,13
7956,"2023-07-16","8001",异常工单组,挂起,238,31
7957,"2023-07-17","1001",客服一部,话务员暂存,252,0
7958,"2023-07-17","1001",客服一部,话务员受理,171,28
7959,"2023-07-17","1002",客服二部,话务员受理,184,13
7960,"2023-07-17","2001",业务一科,话务员办理,153,7
7961,"2023-07-17","2002",业务二科,话务员办理,245,12
7962,"2023-07-17","3001",热线审核中心,热线审核,75,2
7963,"2023-07-17","3002",热线复核中心,热线复核,143,19
7964,"2023-07-17","4001",承办单位A,承办单位审核,120,7
7965,"2023-07-17","4001",承办单位A,承办单位处理,193,19
7966,"2023-07-17","4002",承办单位B,承办单位处理,229,32
7967,"2023-07-17","4003",承办复核部A,承办单位复核,300,2
7968,"2023-07-17","5001",结案一部,办结,129,19
7969,"2023-07-17","5002",结案二部,办结,266,27
7970,"2023-07-17","6001",客户回访一组,回访,95,13
7971,"2023-07-17","6002",客户回访二组,回访,165,31
7972,"2023-07-17","6003",客户回访三组,回访,134,8
7973,"2023-07-17","7001",档案管理部,归档,298,51
7974,"2023-07-17","8001",异常工单组,挂起,58,3
7975,"2023-07-18","1001",客服一部,话务员暂存,296,0
7976,"2023-07-18","1001",客服一部,话务员受理,158,2
7977,"2023-07-18","1002",客服二部,话务员受理,51,0
7978,"2023-07-18","2001",业务一科,话务员办理,165,7
7979,"2023-07-18","2002",业务二科,话务员办理,299,58
7980,"2023-07-18","3001",热线审核中心,热线审核,296,48
7981,"2023-07-18","3002",热线复核中心,热线复核,288,6
7982,"2023-07-18","4001",承办单位A,承办单位审核,246,14
7983,"2023-07-18","4001",承办单位A,承办单位处理,293,1
7984,"2023-07-18","4002",承办单位B,承办单位处理,92,16
7985,"2023-07-18","4003",承办复核部A,承办单位复核,184,4
7986,"2023-07-18","5001",结案一部,办结,53,1
7987,"2023-07-18","5002",结案二部,办结,171,15
7988,"2023-07-18","6001",客户回访一组,回访,79,7
7989,"2023-07-18","6002",客户回访二组,回访,87,9
7990,"2023-07-18","6003",客户回访三组,回访,222,34
7991,"2023-07-18","7001",档案管理部,归档,59,11
7992,"2023-07-18","8001",异常工单组,挂起,236,47
7993,"2023-07-19","1001",客服一部,话务员暂存,166,0
7994,"2023-07-19","1001",客服一部,话务员受理,246,47
7995,"2023-07-19","1002",客服二部,话务员受理,227,12
7996,"2023-07-19","2001",业务一科,话务员办理,184,33
7997,"2023-07-19","2002",业务二科,话务员办理,176,27
7998,"2023-07-19","3001",热线审核中心,热线审核,242,35
7999,"2023-07-19","3002",热线复核中心,热线复核,165,16
8000,"2023-07-19","4001",承办单位A,承办单位审核,86,9
8001,"2023-07-19","4001",承办单位A,承办单位处理,242,31
8002,"2023-07-19","4002",承办单位B,承办单位处理,241,4
8003,"2023-07-19","4003",承办复核部A,承办单位复核,252,32
8004,"2023-07-19","5001",结案一部,办结,281,22
8005,"2023-07-19","5002",结案二部,办结,67,12
8006,"2023-07-19","6001",客户回访一组,回访,125,10
8007,"2023-07-19","6002",客户回访二组,回访,102,19
8008,"2023-07-19","6003",客户回访三组,回访,161,11
8009,"2023-07-19","7001",档案管理部,归档,69,3
8010,"2023-07-19","8001",异常工单组,挂起,256,24
8011,"2023-07-20","1001",客服一部,话务员暂存,234,0
8012,"2023-07-20","1001",客服一部,话务员受理,167,11
8013,"2023-07-20","1002",客服二部,话务员受理,165,7
8014,"2023-07-20","2001",业务一科,话务员办理,66,10
8015,"2023-07-20","2002",业务二科,话务员办理,113,6
8016,"2023-07-20","3001",热线审核中心,热线审核,289,31
8017,"2023-07-20","3002",热线复核中心,热线复核,171,12
8018,"2023-07-20","4001",承办单位A,承办单位审核,94,17
8019,"2023-07-20","4001",承办单位A,承办单位处理,175,27
8020,"2023-07-20","4002",承办单位B,承办单位处理,149,24
8021,"2023-07-20","4003",承办复核部A,承办单位复核,116,20
8022,"2023-07-20","5001",结案一部,办结,283,16
8023,"2023-07-20","5002",结案二部,办结,192,12
8024,"2023-07-20","6001",客户回访一组,回访,134,8
8025,"2023-07-20","6002",客户回访二组,回访,263,6
8026,"2023-07-20","6003",客户回访三组,回访,154,20
8027,"2023-07-20","7001",档案管理部,归档,286,5
8028,"2023-07-20","8001",异常工单组,挂起,210,11
8029,"2023-07-21","1001",客服一部,话务员暂存,132,0
8030,"2023-07-21","1001",客服一部,话务员受理,207,37
8031,"2023-07-21","1002",客服二部,话务员受理,55,8
8032,"2023-07-21","2001",业务一科,话务员办理,76,9
8033,"2023-07-21","2002",业务二科,话务员办理,185,8
8034,"2023-07-21","3001",热线审核中心,热线审核,223,44
8035,"2023-07-21","3002",热线复核中心,热线复核,294,39
8036,"2023-07-21","4001",承办单位A,承办单位审核,107,17
8037,"2023-07-21","4001",承办单位A,承办单位处理,296,4
8038,"2023-07-21","4002",承办单位B,承办单位处理,202,9
8039,"2023-07-21","4003",承办复核部A,承办单位复核,53,8
8040,"2023-07-21","5001",结案一部,办结,228,36
8041,"2023-07-21","5002",结案二部,办结,206,5
8042,"2023-07-21","6001",客户回访一组,回访,122,8
8043,"2023-07-21","6002",客户回访二组,回访,236,32
8044,"2023-07-21","6003",客户回访三组,回访,176,18
8045,"2023-07-21","7001",档案管理部,归档,114,22
8046,"2023-07-21","8001",异常工单组,挂起,257,16
8047,"2023-07-22","1001",客服一部,话务员暂存,121,0
8048,"2023-07-22","1001",客服一部,话务员受理,50,5
8049,"2023-07-22","1002",客服二部,话务员受理,240,23
8050,"2023-07-22","2001",业务一科,话务员办理,135,7
8051,"2023-07-22","2002",业务二科,话务员办理,218,8
8052,"2023-07-22","3001",热线审核中心,热线审核,169,14
8053,"2023-07-22","3002",热线复核中心,热线复核,147,20
8054,"2023-07-22","4001",承办单位A,承办单位审核,197,29
8055,"2023-07-22","4001",承办单位A,承办单位处理,270,1
8056,"2023-07-22","4002",承办单位B,承办单位处理,212,9
8057,"2023-07-22","4003",承办复核部A,承办单位复核,219,2
8058,"2023-07-22","5001",结案一部,办结,288,54
8059,"2023-07-22","5002",结案二部,办结,270,47
8060,"2023-07-22","6001",客户回访一组,回访,79,13
8061,"2023-07-22","6002",客户回访二组,回访,290,44
8062,"2023-07-22","6003",客户回访三组,回访,76,6
8063,"2023-07-22","7001",档案管理部,归档,177,14
8064,"2023-07-22","8001",异常工单组,挂起,57,5
8065,"2023-07-23","1001",客服一部,话务员暂存,63,0
8066,"2023-07-23","1001",客服一部,话务员受理,74,7
8067,"2023-07-23","1002",客服二部,话务员受理,101,1
8068,"2023-07-23","2001",业务一科,话务员办理,233,36
8069,"2023-07-23","2002",业务二科,话务员办理,144,26
8070,"2023-07-23","3001",热线审核中心,热线审核,80,6
8071,"2023-07-23","3002",热线复核中心,热线复核,261,17
8072,"2023-07-23","4001",承办单位A,承办单位审核,183,5
8073,"2023-07-23","4001",承办单位A,承办单位处理,229,36
8074,"2023-07-23","4002",承办单位B,承办单位处理,66,6
8075,"2023-07-23","4003",承办复核部A,承办单位复核,229,27
8076,"2023-07-23","5001",结案一部,办结,145,11
8077,"2023-07-23","5002",结案二部,办结,149,29
8078,"2023-07-23","6001",客户回访一组,回访,51,3
8079,"2023-07-23","6002",客户回访二组,回访,105,20
8080,"2023-07-23","6003",客户回访三组,回访,157,4
8081,"2023-07-23","7001",档案管理部,归档,167,4
8082,"2023-07-23","8001",异常工单组,挂起,274,38
8083,"2023-07-24","1001",客服一部,话务员暂存,170,0
8084,"2023-07-24","1001",客服一部,话务员受理,198,37
8085,"2023-07-24","1002",客服二部,话务员受理,241,46
8086,"2023-07-24","2001",业务一科,话务员办理,161,28
8087,"2023-07-24","2002",业务二科,话务员办理,203,27
8088,"2023-07-24","3001",热线审核中心,热线审核,105,2
8089,"2023-07-24","3002",热线复核中心,热线复核,165,15
8090,"2023-07-24","4001",承办单位A,承办单位审核,283,20
8091,"2023-07-24","4001",承办单位A,承办单位处理,254,18
8092,"2023-07-24","4002",承办单位B,承办单位处理,226,18
8093,"2023-07-24","4003",承办复核部A,承办单位复核,192,4
8094,"2023-07-24","5001",结案一部,办结,216,12
8095,"2023-07-24","5002",结案二部,办结,204,34
8096,"2023-07-24","6001",客户回访一组,回访,101,1
8097,"2023-07-24","6002",客户回访二组,回访,174,27
8098,"2023-07-24","6003",客户回访三组,回访,186,1
8099,"2023-07-24","7001",档案管理部,归档,135,12
8100,"2023-07-24","8001",异常工单组,挂起,123,19
8101,"2023-07-25","1001",客服一部,话务员暂存,146,0
8102,"2023-07-25","1001",客服一部,话务员受理,240,27
8103,"2023-07-25","1002",客服二部,话务员受理,132,15
8104,"2023-07-25","2001",业务一科,话务员办理,215,6
8105,"2023-07-25","2002",业务二科,话务员办理,117,2
8106,"2023-07-25","3001",热线审核中心,热线审核,192,34
8107,"2023-07-25","3002",热线复核中心,热线复核,115,7
8108,"2023-07-25","4001",承办单位A,承办单位审核,66,4
8109,"2023-07-25","4001",承办单位A,承办单位处理,108,1
8110,"2023-07-25","4002",承办单位B,承办单位处理,96,8
8111,"2023-07-25","4003",承办复核部A,承办单位复核,128,25
8112,"2023-07-25","5001",结案一部,办结,230,19
8113,"2023-07-25","5002",结案二部,办结,201,32
8114,"2023-07-25","6001",客户回访一组,回访,279,46
8115,"2023-07-25","6002",客户回访二组,回访,177,4
8116,"2023-07-25","6003",客户回访三组,回访,172,10
8117,"2023-07-25","7001",档案管理部,归档,119,4
8118,"2023-07-25","8001",异常工单组,挂起,239,34
8119,"2023-07-26","1001",客服一部,话务员暂存,151,0
8120,"2023-07-26","1001",客服一部,话务员受理,280,55
8121,"2023-07-26","1002",客服二部,话务员受理,259,36
8122,"2023-07-26","2001",业务一科,话务员办理,198,34
8123,"2023-07-26","2002",业务二科,话务员办理,237,36
8124,"2023-07-26","3001",热线审核中心,热线审核,132,22
8125,"2023-07-26","3002",热线复核中心,热线复核,261,44
8126,"2023-07-26","4001",承办单位A,承办单位审核,202,1
8127,"2023-07-26","4001",承办单位A,承办单位处理,295,32
8128,"2023-07-26","4002",承办单位B,承办单位处理,107,13
8129,"2023-07-26","4003",承办复核部A,承办单位复核,196,4
8130,"2023-07-26","5001",结案一部,办结,245,37
8131,"2023-07-26","5002",结案二部,办结,165,20
8132,"2023-07-26","6001",客户回访一组,回访,278,33
8133,"2023-07-26","6002",客户回访二组,回访,175,2
8134,"2023-07-26","6003",客户回访三组,回访,74,6
8135,"2023-07-26","7001",档案管理部,归档,229,21
8136,"2023-07-26","8001",异常工单组,挂起,296,42
8137,"2023-07-27","1001",客服一部,话务员暂存,282,0
8138,"2023-07-27","1001",客服一部,话务员受理,159,9
8139,"2023-07-27","1002",客服二部,话务员受理,69,2
8140,"2023-07-27","2001",业务一科,话务员办理,244,47
8141,"2023-07-27","2002",业务二科,话务员办理,169,28
8142,"2023-07-27","3001",热线审核中心,热线审核,76,5
8143,"2023-07-27","3002",热线复核中心,热线复核,57,8
8144,"2023-07-27","4001",承办单位A,承办单位审核,274,5
8145,"2023-07-27","4001",承办单位A,承办单位处理,138,16
8146,"2023-07-27","4002",承办单位B,承办单位处理,65,4
8147,"2023-07-27","4003",承办复核部A,承办单位复核,294,33
8148,"2023-07-27","5001",结案一部,办结,189,19
8149,"2023-07-27","5002",结案二部,办结,178,19
8150,"2023-07-27","6001",客户回访一组,回访,262,3
8151,"2023-07-27","6002",客户回访二组,回访,286,57
8152,"2023-07-27","6003",客户回访三组,回访,296,43
8153,"2023-07-27","7001",档案管理部,归档,283,27
8154,"2023-07-27","8001",异常工单组,挂起,163,7
8155,"2023-07-28","1001",客服一部,话务员暂存,251,0
8156,"2023-07-28","1001",客服一部,话务员受理,149,5
8157,"2023-07-28","1002",客服二部,话务员受理,263,12
8158,"2023-07-28","2001",业务一科,话务员办理,179,24
8159,"2023-07-28","2002",业务二科,话务员办理,200,34
8160,"2023-07-28","3001",热线审核中心,热线审核,121,16
8161,"2023-07-28","3002",热线复核中心,热线复核,157,7
8162,"2023-07-28","4001",承办单位A,承办单位审核,110,7
8163,"2023-07-28","4001",承办单位A,承办单位处理,269,16
8164,"2023-07-28","4002",承办单位B,承办单位处理,237,46
8165,"2023-07-28","4003",承办复核部A,承办单位复核,145,1
8166,"2023-07-28","5001",结案一部,办结,60,11
8167,"2023-07-28","5002",结案二部,办结,154,22
8168,"2023-07-28","6001",客户回访一组,回访,131,15
8169,"2023-07-28","6002",客户回访二组,回访,184,23
8170,"2023-07-28","6003",客户回访三组,回访,125,8
8171,"2023-07-28","7001",档案管理部,归档,278,3
8172,"2023-07-28","8001",异常工单组,挂起,251,2
8173,"2023-07-29","1001",客服一部,话务员暂存,92,0
8174,"2023-07-29","1001",客服一部,话务员受理,62,1
8175,"2023-07-29","1002",客服二部,话务员受理,160,27
8176,"2023-07-29","2001",业务一科,话务员办理,264,8
8177,"2023-07-29","2002",业务二科,话务员办理,191,31
8178,"2023-07-29","3001",热线审核中心,热线审核,103,7
8179,"2023-07-29","3002",热线复核中心,热线复核,72,12
8180,"2023-07-29","4001",承办单位A,承办单位审核,99,3
8181,"2023-07-29","4001",承办单位A,承办单位处理,283,34
8182,"2023-07-29","4002",承办单位B,承办单位处理,137,23
8183,"2023-07-29","4003",承办复核部A,承办单位复核,262,3
8184,"2023-07-29","5001",结案一部,办结,58,9
8185,"2023-07-29","5002",结案二部,办结,86,14
8186,"2023-07-29","6001",客户回访一组,回访,175,21
8187,"2023-07-29","6002",客户回访二组,回访,59,0
8188,"2023-07-29","6003",客户回访三组,回访,99,13
8189,"2023-07-29","7001",档案管理部,归档,225,8
8190,"2023-07-29","8001",异常工单组,挂起,173,10
8191,"2023-07-30","1001",客服一部,话务员暂存,169,0
8192,"2023-07-30","1001",客服一部,话务员受理,296,32
8193,"2023-07-30","1002",客服二部,话务员受理,175,0
8194,"2023-07-30","2001",业务一科,话务员办理,168,18
8195,"2023-07-30","2002",业务二科,话务员办理,167,2
8196,"2023-07-30","3001",热线审核中心,热线审核,243,19
8197,"2023-07-30","3002",热线复核中心,热线复核,212,39
8198,"2023-07-30","4001",承办单位A,承办单位审核,156,17
8199,"2023-07-30","4001",承办单位A,承办单位处理,210,1
8200,"2023-07-30","4002",承办单位B,承办单位处理,80,2
8201,"2023-07-30","4003",承办复核部A,承办单位复核,68,11
8202,"2023-07-30","5001",结案一部,办结,77,15
8203,"2023-07-30","5002",结案二部,办结,85,10
8204,"2023-07-30","6001",客户回访一组,回访,140,24
8205,"2023-07-30","6002",客户回访二组,回访,53,6
8206,"2023-07-30","6003",客户回访三组,回访,62,4
8207,"2023-07-30","7001",档案管理部,归档,154,26
8208,"2023-07-30","8001",异常工单组,挂起,250,13
8209,"2023-07-31","1001",客服一部,话务员暂存,232,0
8210,"2023-07-31","1001",客服一部,话务员受理,186,19
8211,"2023-07-31","1002",客服二部,话务员受理,260,21
8212,"2023-07-31","2001",业务一科,话务员办理,154,7
8213,"2023-07-31","2002",业务二科,话务员办理,130,3
8214,"2023-07-31","3001",热线审核中心,热线审核,65,2
8215,"2023-07-31","3002",热线复核中心,热线复核,247,48
8216,"2023-07-31","4001",承办单位A,承办单位审核,141,18
8217,"2023-07-31","4001",承办单位A,承办单位处理,283,19
8218,"2023-07-31","4002",承办单位B,承办单位处理,59,10
8219,"2023-07-31","4003",承办复核部A,承办单位复核,208,23
8220,"2023-07-31","5001",结案一部,办结,93,0
8221,"2023-07-31","5002",结案二部,办结,191,34
8222,"2023-07-31","6001",客户回访一组,回访,199,28
8223,"2023-07-31","6002",客户回访二组,回访,268,22
8224,"2023-07-31","6003",客户回访三组,回访,277,50
8225,"2023-07-31","7001",档案管理部,归档,253,2
8226,"2023-07-31","8001",异常工单组,挂起,71,13
8227,"2023-08-01","1001",客服一部,话务员暂存,99,0
8228,"2023-08-01","1001",客服一部,话务员受理,181,0
8229,"2023-08-01","1002",客服二部,话务员受理,211,21
8230,"2023-08-01","2001",业务一科,话务员办理,168,29
8231,"2023-08-01","2002",业务二科,话务员办理,123,1
8232,"2023-08-01","3001",热线审核中心,热线审核,96,12
8233,"2023-08-01","3002",热线复核中心,热线复核,242,2
8234,"2023-08-01","4001",承办单位A,承办单位审核,140,20
8235,"2023-08-01","4001",承办单位A,承办单位处理,82,8
8236,"2023-08-01","4002",承办单位B,承办单位处理,285,34
8237,"2023-08-01","4003",承办复核部A,承办单位复核,107,16
8238,"2023-08-01","5001",结案一部,办结,267,5
8239,"2023-08-01","5002",结案二部,办结,114,9
8240,"2023-08-01","6001",客户回访一组,回访,160,12
8241,"2023-08-01","6002",客户回访二组,回访,198,3
8242,"2023-08-01","6003",客户回访三组,回访,159,24
8243,"2023-08-01","7001",档案管理部,归档,288,40
8244,"2023-08-01","8001",异常工单组,挂起,269,26
8245,"2023-08-02","1001",客服一部,话务员暂存,294,0
8246,"2023-08-02","1001",客服一部,话务员受理,57,4
8247,"2023-08-02","1002",客服二部,话务员受理,163,4
8248,"2023-08-02","2001",业务一科,话务员办理,158,21
8249,"2023-08-02","2002",业务二科,话务员办理,234,35
8250,"2023-08-02","3001",热线审核中心,热线审核,276,47
8251,"2023-08-02","3002",热线复核中心,热线复核,204,22
8252,"2023-08-02","4001",承办单位A,承办单位审核,61,9
8253,"2023-08-02","4001",承办单位A,承办单位处理,203,25
8254,"2023-08-02","4002",承办单位B,承办单位处理,108,4
8255,"2023-08-02","4003",承办复核部A,承办单位复核,115,21
8256,"2023-08-02","5001",结案一部,办结,278,16
8257,"2023-08-02","5002",结案二部,办结,51,6
8258,"2023-08-02","6001",客户回访一组,回访,93,7
8259,"2023-08-02","6002",客户回访二组,回访,257,17
8260,"2023-08-02","6003",客户回访三组,回访,133,19
8261,"2023-08-02","7001",档案管理部,归档,265,41
8262,"2023-08-02","8001",异常工单组,挂起,230,11
8263,"2023-08-03","1001",客服一部,话务员暂存,77,0
8264,"2023-08-03","1001",客服一部,话务员受理,244,5
8265,"2023-08-03","1002",客服二部,话务员受理,173,25
8266,"2023-08-03","2001",业务一科,话务员办理,131,24
8267,"2023-08-03","2002",业务二科,话务员办理,111,18
8268,"2023-08-03","3001",热线审核中心,热线审核,89,7
8269,"2023-08-03","3002",热线复核中心,热线复核,73,8
8270,"2023-08-03","4001",承办单位A,承办单位审核,280,20
8271,"2023-08-03","4001",承办单位A,承办单位处理,289,45
8272,"2023-08-03","4002",承办单位B,承办单位处理,134,21
8273,"2023-08-03","4003",承办复核部A,承办单位复核,230,33
8274,"2023-08-03","5001",结案一部,办结,254,34
8275,"2023-08-03","5002",结案二部,办结,194,3
8276,"2023-08-03","6001",客户回访一组,回访,293,29
8277,"2023-08-03","6002",客户回访二组,回访,277,5
8278,"2023-08-03","6003",客户回访三组,回访,291,37
8279,"2023-08-03","7001",档案管理部,归档,138,1
8280,"2023-08-03","8001",异常工单组,挂起,73,13
8281,"2023-08-04","1001",客服一部,话务员暂存,78,0
8282,"2023-08-04","1001",客服一部,话务员受理,216,2
8283,"2023-08-04","1002",客服二部,话务员受理,184,7
8284,"2023-08-04","2001",业务一科,话务员办理,194,31
8285,"2023-08-04","2002",业务二科,话务员办理,123,9
8286,"2023-08-04","3001",热线审核中心,热线审核,163,0
8287,"2023-08-04","3002",热线复核中心,热线复核,283,6
8288,"2023-08-04","4001",承办单位A,承办单位审核,214,18
8289,"2023-08-04","4001",承办单位A,承办单位处理,174,21
8290,"2023-08-04","4002",承办单位B,承办单位处理,91,11
8291,"2023-08-04","4003",承办复核部A,承办单位复核,129,11
8292,"2023-08-04","5001",结案一部,办结,224,29
8293,"2023-08-04","5002",结案二部,办结,293,32
8294,"2023-08-04","6001",客户回访一组,回访,211,3
8295,"2023-08-04","6002",客户回访二组,回访,209,3
8296,"2023-08-04","6003",客户回访三组,回访,223,27
8297,"2023-08-04","7001",档案管理部,归档,159,31
8298,"2023-08-04","8001",异常工单组,挂起,126,3
8299,"2023-08-05","1001",客服一部,话务员暂存,263,0
8300,"2023-08-05","1001",客服一部,话务员受理,248,12
8301,"2023-08-05","1002",客服二部,话务员受理,250,43
8302,"2023-08-05","2001",业务一科,话务员办理,226,30
8303,"2023-08-05","2002",业务二科,话务员办理,150,5
8304,"2023-08-05","3001",热线审核中心,热线审核,188,16
8305,"2023-08-05","3002",热线复核中心,热线复核,182,13
8306,"2023-08-05","4001",承办单位A,承办单位审核,162,8
8307,"2023-08-05","4001",承办单位A,承办单位处理,259,43
8308,"2023-08-05","4002",承办单位B,承办单位处理,284,12
8309,"2023-08-05","4003",承办复核部A,承办单位复核,50,0
8310,"2023-08-05","5001",结案一部,办结,298,31
8311,"2023-08-05","5002",结案二部,办结,173,3
8312,"2023-08-05","6001",客户回访一组,回访,226,10
8313,"2023-08-05","6002",客户回访二组,回访,223,44
8314,"2023-08-05","6003",客户回访三组,回访,164,16
8315,"2023-08-05","7001",档案管理部,归档,221,20
8316,"2023-08-05","8001",异常工单组,挂起,55,8
8317,"2023-08-06","1001",客服一部,话务员暂存,165,0
8318,"2023-08-06","1001",客服一部,话务员受理,115,0
8319,"2023-08-06","1002",客服二部,话务员受理,103,7
8320,"2023-08-06","2001",业务一科,话务员办理,55,1
8321,"2023-08-06","2002",业务二科,话务员办理,211,5
8322,"2023-08-06","3001",热线审核中心,热线审核,262,45
8323,"2023-08-06","3002",热线复核中心,热线复核,282,18
8324,"2023-08-06","4001",承办单位A,承办单位审核,120,9
8325,"2023-08-06","4001",承办单位A,承办单位处理,198,18
8326,"2023-08-06","4002",承办单位B,承办单位处理,192,16
8327,"2023-08-06","4003",承办复核部A,承办单位复核,191,8
8328,"2023-08-06","5001",结案一部,办结,273,16
8329,"2023-08-06","5002",结案二部,办结,172,15
8330,"2023-08-06","6001",客户回访一组,回访,138,2
8331,"2023-08-06","6002",客户回访二组,回访,96,18
8332,"2023-08-06","6003",客户回访三组,回访,58,2
8333,"2023-08-06","7001",档案管理部,归档,136,10
8334,"2023-08-06","8001",异常工单组,挂起,293,48
8335,"2023-08-07","1001",客服一部,话务员暂存,69,0
8336,"2023-08-07","1001",客服一部,话务员受理,297,5
8337,"2023-08-07","1002",客服二部,话务员受理,135,9
8338,"2023-08-07","2001",业务一科,话务员办理,106,8
8339,"2023-08-07","2002",业务二科,话务员办理,192,31
8340,"2023-08-07","3001",热线审核中心,热线审核,80,14
8341,"2023-08-07","3002",热线复核中心,热线复核,176,4
8342,"2023-08-07","4001",承办单位A,承办单位审核,80,12
8343,"2023-08-07","4001",承办单位A,承办单位处理,283,7
8344,"2023-08-07","4002",承办单位B,承办单位处理,268,19
8345,"2023-08-07","4003",承办复核部A,承办单位复核,141,0
8346,"2023-08-07","5001",结案一部,办结,198,24
8347,"2023-08-07","5002",结案二部,办结,181,6
8348,"2023-08-07","6001",客户回访一组,回访,90,0
8349,"2023-08-07","6002",客户回访二组,回访,147,27
8350,"2023-08-07","6003",客户回访三组,回访,186,23
8351,"2023-08-07","7001",档案管理部,归档,113,18
8352,"2023-08-07","8001",异常工单组,挂起,86,7
8353,"2023-08-08","1001",客服一部,话务员暂存,84,0
8354,"2023-08-08","1001",客服一部,话务员受理,140,2
8355,"2023-08-08","1002",客服二部,话务员受理,204,40
8356,"2023-08-08","2001",业务一科,话务员办理,210,29
8357,"2023-08-08","2002",业务二科,话务员办理,292,29
8358,"2023-08-08","3001",热线审核中心,热线审核,256,31
8359,"2023-08-08","3002",热线复核中心,热线复核,175,25
8360,"2023-08-08","4001",承办单位A,承办单位审核,294,27
8361,"2023-08-08","4001",承办单位A,承办单位处理,142,1
8362,"2023-08-08","4002",承办单位B,承办单位处理,223,5
8363,"2023-08-08","4003",承办复核部A,承办单位复核,223,1
8364,"2023-08-08","5001",结案一部,办结,195,10
8365,"2023-08-08","5002",结案二部,办结,183,11
8366,"2023-08-08","6001",客户回访一组,回访,79,11
8367,"2023-08-08","6002",客户回访二组,回访,183,28
8368,"2023-08-08","6003",客户回访三组,回访,216,39
8369,"2023-08-08","7001",档案管理部,归档,159,5
8370,"2023-08-08","8001",异常工单组,挂起,72,4
8371,"2023-08-09","1001",客服一部,话务员暂存,242,0
8372,"2023-08-09","1001",客服一部,话务员受理,178,14
8373,"2023-08-09","1002",客服二部,话务员受理,193,3
8374,"2023-08-09","2001",业务一科,话务员办理,214,7
8375,"2023-08-09","2002",业务二科,话务员办理,53,6
8376,"2023-08-09","3001",热线审核中心,热线审核,138,25
8377,"2023-08-09","3002",热线复核中心,热线复核,173,27
8378,"2023-08-09","4001",承办单位A,承办单位审核,205,10
8379,"2023-08-09","4001",承办单位A,承办单位处理,196,9
8380,"2023-08-09","4002",承办单位B,承办单位处理,57,0
8381,"2023-08-09","4003",承办复核部A,承办单位复核,66,8
8382,"2023-08-09","5001",结案一部,办结,138,12
8383,"2023-08-09","5002",结案二部,办结,122,17
8384,"2023-08-09","6001",客户回访一组,回访,221,37
8385,"2023-08-09","6002",客户回访二组,回访,110,2
8386,"2023-08-09","6003",客户回访三组,回访,89,0
8387,"2023-08-09","7001",档案管理部,归档,119,17
8388,"2023-08-09","8001",异常工单组,挂起,106,18
8389,"2023-08-10","1001",客服一部,话务员暂存,83,0
8390,"2023-08-10","1001",客服一部,话务员受理,137,0
8391,"2023-08-10","1002",客服二部,话务员受理,169,9
8392,"2023-08-10","2001",业务一科,话务员办理,200,30
8393,"2023-08-10","2002",业务二科,话务员办理,258,25
8394,"2023-08-10","3001",热线审核中心,热线审核,215,13
8395,"2023-08-10","3002",热线复核中心,热线复核,69,8
8396,"2023-08-10","4001",承办单位A,承办单位审核,199,22
8397,"2023-08-10","4001",承办单位A,承办单位处理,67,3
8398,"2023-08-10","4002",承办单位B,承办单位处理,229,18
8399,"2023-08-10","4003",承办复核部A,承办单位复核,162,0
8400,"2023-08-10","5001",结案一部,办结,230,30
8401,"2023-08-10","5002",结案二部,办结,241,27
8402,"2023-08-10","6001",客户回访一组,回访,132,9
8403,"2023-08-10","6002",客户回访二组,回访,65,9
8404,"2023-08-10","6003",客户回访三组,回访,284,44
8405,"2023-08-10","7001",档案管理部,归档,229,3
8406,"2023-08-10","8001",异常工单组,挂起,163,27
8407,"2023-08-11","1001",客服一部,话务员暂存,163,0
8408,"2023-08-11","1001",客服一部,话务员受理,67,1
8409,"2023-08-11","1002",客服二部,话务员受理,153,8
8410,"2023-08-11","2001",业务一科,话务员办理,196,14
8411,"2023-08-11","2002",业务二科,话务员办理,125,17
8412,"2023-08-11","3001",热线审核中心,热线审核,147,8
8413,"2023-08-11","3002",热线复核中心,热线复核,176,7
8414,"2023-08-11","4001",承办单位A,承办单位审核,50,0
8415,"2023-08-11","4001",承办单位A,承办单位处理,181,13
8416,"2023-08-11","4002",承办单位B,承办单位处理,172,9
8417,"2023-08-11","4003",承办复核部A,承办单位复核,145,29
8418,"2023-08-11","5001",结案一部,办结,221,36
8419,"2023-08-11","5002",结案二部,办结,165,2
8420,"2023-08-11","6001",客户回访一组,回访,86,15
8421,"2023-08-11","6002",客户回访二组,回访,101,16
8422,"2023-08-11","6003",客户回访三组,回访,202,30
8423,"2023-08-11","7001",档案管理部,归档,164,25
8424,"2023-08-11","8001",异常工单组,挂起,78,12
8425,"2023-08-12","1001",客服一部,话务员暂存,296,0
8426,"2023-08-12","1001",客服一部,话务员受理,284,38
8427,"2023-08-12","1002",客服二部,话务员受理,282,46
8428,"2023-08-12","2001",业务一科,话务员办理,135,7
8429,"2023-08-12","2002",业务二科,话务员办理,294,20
8430,"2023-08-12","3001",热线审核中心,热线审核,148,5
8431,"2023-08-12","3002",热线复核中心,热线复核,149,5
8432,"2023-08-12","4001",承办单位A,承办单位审核,95,2
8433,"2023-08-12","4001",承办单位A,承办单位处理,61,12
8434,"2023-08-12","4002",承办单位B,承办单位处理,200,34
8435,"2023-08-12","4003",承办复核部A,承办单位复核,58,9
8436,"2023-08-12","5001",结案一部,办结,94,14
8437,"2023-08-12","5002",结案二部,办结,140,14
8438,"2023-08-12","6001",客户回访一组,回访,118,10
8439,"2023-08-12","6002",客户回访二组,回访,102,19
8440,"2023-08-12","6003",客户回访三组,回访,181,2
8441,"2023-08-12","7001",档案管理部,归档,88,11
8442,"2023-08-12","8001",异常工单组,挂起,168,20
8443,"2023-08-13","1001",客服一部,话务员暂存,200,0
8444,"2023-08-13","1001",客服一部,话务员受理,163,2
8445,"2023-08-13","1002",客服二部,话务员受理,148,25
8446,"2023-08-13","2001",业务一科,话务员办理,140,24
8447,"2023-08-13","2002",业务二科,话务员办理,141,23
8448,"2023-08-13","3001",热线审核中心,热线审核,99,2
8449,"2023-08-13","3002",热线复核中心,热线复核,159,5
8450,"2023-08-13","4001",承办单位A,承办单位审核,195,10
8451,"2023-08-13","4001",承办单位A,承办单位处理,298,9
8452,"2023-08-13","4002",承办单位B,承办单位处理,151,4
8453,"2023-08-13","4003",承办复核部A,承办单位复核,291,42
8454,"2023-08-13","5001",结案一部,办结,93,7
8455,"2023-08-13","5002",结案二部,办结,193,9
8456,"2023-08-13","6001",客户回访一组,回访,133,21
8457,"2023-08-13","6002",客户回访二组,回访,296,49
8458,"2023-08-13","6003",客户回访三组,回访,294,20
8459,"2023-08-13","7001",档案管理部,归档,160,9
8460,"2023-08-13","8001",异常工单组,挂起,292,29
8461,"2023-08-14","1001",客服一部,话务员暂存,117,0
8462,"2023-08-14","1001",客服一部,话务员受理,236,0
8463,"2023-08-14","1002",客服二部,话务员受理,230,44
8464,"2023-08-14","2001",业务一科,话务员办理,107,13
8465,"2023-08-14","2002",业务二科,话务员办理,143,19
8466,"2023-08-14","3001",热线审核中心,热线审核,127,8
8467,"2023-08-14","3002",热线复核中心,热线复核,206,22
8468,"2023-08-14","4001",承办单位A,承办单位审核,96,10
8469,"2023-08-14","4001",承办单位A,承办单位处理,185,36
8470,"2023-08-14","4002",承办单位B,承办单位处理,248,7
8471,"2023-08-14","4003",承办复核部A,承办单位复核,120,13
8472,"2023-08-14","5001",结案一部,办结,188,35
8473,"2023-08-14","5002",结案二部,办结,178,6
8474,"2023-08-14","6001",客户回访一组,回访,235,44
8475,"2023-08-14","6002",客户回访二组,回访,252,5
8476,"2023-08-14","6003",客户回访三组,回访,91,17
8477,"2023-08-14","7001",档案管理部,归档,273,12
8478,"2023-08-14","8001",异常工单组,挂起,272,28
8479,"2023-08-15","1001",客服一部,话务员暂存,210,0
8480,"2023-08-15","1001",客服一部,话务员受理,140,8
8481,"2023-08-15","1002",客服二部,话务员受理,119,3
8482,"2023-08-15","2001",业务一科,话务员办理,62,11
8483,"2023-08-15","2002",业务二科,话务员办理,299,48
8484,"2023-08-15","3001",热线审核中心,热线审核,291,52
8485,"2023-08-15","3002",热线复核中心,热线复核,103,10
8486,"2023-08-15","4001",承办单位A,承办单位审核,149,8
8487,"2023-08-15","4001",承办单位A,承办单位处理,133,20
8488,"2023-08-15","4002",承办单位B,承办单位处理,155,20
8489,"2023-08-15","4003",承办复核部A,承办单位复核,238,47
8490,"2023-08-15","5001",结案一部,办结,170,25
8491,"2023-08-15","5002",结案二部,办结,155,29
8492,"2023-08-15","6001",客户回访一组,回访,263,45
8493,"2023-08-15","6002",客户回访二组,回访,143,2
8494,"2023-08-15","6003",客户回访三组,回访,260,29
8495,"2023-08-15","7001",档案管理部,归档,70,11
8496,"2023-08-15","8001",异常工单组,挂起,156,13
8497,"2023-08-16","1001",客服一部,话务员暂存,54,0
8498,"2023-08-16","1001",客服一部,话务员受理,203,36
8499,"2023-08-16","1002",客服二部,话务员受理,177,33
8500,"2023-08-16","2001",业务一科,话务员办理,161,22
8501,"2023-08-16","2002",业务二科,话务员办理,192,24
8502,"2023-08-16","3001",热线审核中心,热线审核,142,13
8503,"2023-08-16","3002",热线复核中心,热线复核,166,26
8504,"2023-08-16","4001",承办单位A,承办单位审核,92,16
8505,"2023-08-16","4001",承办单位A,承办单位处理,83,0
8506,"2023-08-16","4002",承办单位B,承办单位处理,251,13
8507,"2023-08-16","4003",承办复核部A,承办单位复核,91,3
8508,"2023-08-16","5001",结案一部,办结,292,51
8509,"2023-08-16","5002",结案二部,办结,97,0
8510,"2023-08-16","6001",客户回访一组,回访,177,34
8511,"2023-08-16","6002",客户回访二组,回访,280,54
8512,"2023-08-16","6003",客户回访三组,回访,267,8
8513,"2023-08-16","7001",档案管理部,归档,273,47
8514,"2023-08-16","8001",异常工单组,挂起,51,10
8515,"2023-08-17","1001",客服一部,话务员暂存,156,0
8516,"2023-08-17","1001",客服一部,话务员受理,288,45
8517,"2023-08-17","1002",客服二部,话务员受理,107,20
8518,"2023-08-17","2001",业务一科,话务员办理,146,1
8519,"2023-08-17","2002",业务二科,话务员办理,263,27
8520,"2023-08-17","3001",热线审核中心,热线审核,126,2
8521,"2023-08-17","3002",热线复核中心,热线复核,273,3
8522,"2023-08-17","4001",承办单位A,承办单位审核,248,43
8523,"2023-08-17","4001",承办单位A,承办单位处理,284,27
8524,"2023-08-17","4002",承办单位B,承办单位处理,145,28
8525,"2023-08-17","4003",承办复核部A,承办单位复核,79,8
8526,"2023-08-17","5001",结案一部,办结,145,6
8527,"2023-08-17","5002",结案二部,办结,252,9
8528,"2023-08-17","6001",客户回访一组,回访,126,19
8529,"2023-08-17","6002",客户回访二组,回访,66,0
8530,"2023-08-17","6003",客户回访三组,回访,281,25
8531,"2023-08-17","7001",档案管理部,归档,285,6
8532,"2023-08-17","8001",异常工单组,挂起,111,22
8533,"2023-08-18","1001",客服一部,话务员暂存,147,0
8534,"2023-08-18","1001",客服一部,话务员受理,255,44
8535,"2023-08-18","1002",客服二部,话务员受理,214,9
8536,"2023-08-18","2001",业务一科,话务员办理,233,22
8537,"2023-08-18","2002",业务二科,话务员办理,175,25
8538,"2023-08-18","3001",热线审核中心,热线审核,235,10
8539,"2023-08-18","3002",热线复核中心,热线复核,83,0
8540,"2023-08-18","4001",承办单位A,承办单位审核,88,0
8541,"2023-08-18","4001",承办单位A,承办单位处理,176,0
8542,"2023-08-18","4002",承办单位B,承办单位处理,94,7
8543,"2023-08-18","4003",承办复核部A,承办单位复核,204,31
8544,"2023-08-18","5001",结案一部,办结,156,14
8545,"2023-08-18","5002",结案二部,办结,150,11
8546,"2023-08-18","6001",客户回访一组,回访,202,24
8547,"2023-08-18","6002",客户回访二组,回访,203,17
8548,"2023-08-18","6003",客户回访三组,回访,281,36
8549,"2023-08-18","7001",档案管理部,归档,92,18
8550,"2023-08-18","8001",异常工单组,挂起,258,5
8551,"2023-08-19","1001",客服一部,话务员暂存,183,0
8552,"2023-08-19","1001",客服一部,话务员受理,72,1
8553,"2023-08-19","1002",客服二部,话务员受理,286,10
8554,"2023-08-19","2001",业务一科,话务员办理,52,10
8555,"2023-08-19","2002",业务二科,话务员办理,96,13
8556,"2023-08-19","3001",热线审核中心,热线审核,138,22
8557,"2023-08-19","3002",热线复核中心,热线复核,179,4
8558,"2023-08-19","4001",承办单位A,承办单位审核,203,19
8559,"2023-08-19","4001",承办单位A,承办单位处理,249,13
8560,"2023-08-19","4002",承办单位B,承办单位处理,256,4
8561,"2023-08-19","4003",承办复核部A,承办单位复核,125,5
8562,"2023-08-19","5001",结案一部,办结,78,8
8563,"2023-08-19","5002",结案二部,办结,89,16
8564,"2023-08-19","6001",客户回访一组,回访,267,36
8565,"2023-08-19","6002",客户回访二组,回访,150,22
8566,"2023-08-19","6003",客户回访三组,回访,154,14
8567,"2023-08-19","7001",档案管理部,归档,256,35
8568,"2023-08-19","8001",异常工单组,挂起,179,29
8569,"2023-08-20","1001",客服一部,话务员暂存,246,0
8570,"2023-08-20","1001",客服一部,话务员受理,266,40
8571,"2023-08-20","1002",客服二部,话务员受理,146,24
8572,"2023-08-20","2001",业务一科,话务员办理,94,1
8573,"2023-08-20","2002",业务二科,话务员办理,122,9
8574,"2023-08-20","3001",热线审核中心,热线审核,96,19
8575,"2023-08-20","3002",热线复核中心,热线复核,271,30
8576,"2023-08-20","4001",承办单位A,承办单位审核,112,14
8577,"2023-08-20","4001",承办单位A,承办单位处理,110,5
8578,"2023-08-20","4002",承办单位B,承办单位处理,227,2
8579,"2023-08-20","4003",承办复核部A,承办单位复核,255,40
8580,"2023-08-20","5001",结案一部,办结,180,17
8581,"2023-08-20","5002",结案二部,办结,277,44
8582,"2023-08-20","6001",客户回访一组,回访,288,38
8583,"2023-08-20","6002",客户回访二组,回访,122,10
8584,"2023-08-20","6003",客户回访三组,回访,179,14
8585,"2023-08-20","7001",档案管理部,归档,240,13
8586,"2023-08-20","8001",异常工单组,挂起,102,17
8587,"2023-08-21","1001",客服一部,话务员暂存,157,0
8588,"2023-08-21","1001",客服一部,话务员受理,119,1
8589,"2023-08-21","1002",客服二部,话务员受理,192,25
8590,"2023-08-21","2001",业务一科,话务员办理,117,14
8591,"2023-08-21","2002",业务二科,话务员办理,214,14
8592,"2023-08-21","3001",热线审核中心,热线审核,53,4
8593,"2023-08-21","3002",热线复核中心,热线复核,221,44
8594,"2023-08-21","4001",承办单位A,承办单位审核,171,28
8595,"2023-08-21","4001",承办单位A,承办单位处理,99,6
8596,"2023-08-21","4002",承办单位B,承办单位处理,229,41
8597,"2023-08-21","4003",承办复核部A,承办单位复核,274,37
8598,"2023-08-21","5001",结案一部,办结,150,4
8599,"2023-08-21","5002",结案二部,办结,264,5
8600,"2023-08-21","6001",客户回访一组,回访,137,12
8601,"2023-08-21","6002",客户回访二组,回访,216,21
8602,"2023-08-21","6003",客户回访三组,回访,216,28
8603,"2023-08-21","7001",档案管理部,归档,171,15
8604,"2023-08-21","8001",异常工单组,挂起,54,5
8605,"2023-08-22","1001",客服一部,话务员暂存,137,0
8606,"2023-08-22","1001",客服一部,话务员受理,286,57
8607,"2023-08-22","1002",客服二部,话务员受理,138,20
8608,"2023-08-22","2001",业务一科,话务员办理,163,32
8609,"2023-08-22","2002",业务二科,话务员办理,141,21
8610,"2023-08-22","3001",热线审核中心,热线审核,217,21
8611,"2023-08-22","3002",热线复核中心,热线复核,260,50
8612,"2023-08-22","4001",承办单位A,承办单位审核,52,10
8613,"2023-08-22","4001",承办单位A,承办单位处理,255,45
8614,"2023-08-22","4002",承办单位B,承办单位处理,188,34
8615,"2023-08-22","4003",承办复核部A,承办单位复核,208,22
8616,"2023-08-22","5001",结案一部,办结,167,32
8617,"2023-08-22","5002",结案二部,办结,273,4
8618,"2023-08-22","6001",客户回访一组,回访,142,12
8619,"2023-08-22","6002",客户回访二组,回访,109,10
8620,"2023-08-22","6003",客户回访三组,回访,120,22
8621,"2023-08-22","7001",档案管理部,归档,255,27
8622,"2023-08-22","8001",异常工单组,挂起,104,18
8623,"2023-08-23","1001",客服一部,话务员暂存,90,0
8624,"2023-08-23","1001",客服一部,话务员受理,118,1
8625,"2023-08-23","1002",客服二部,话务员受理,281,2
8626,"2023-08-23","2001",业务一科,话务员办理,78,0
8627,"2023-08-23","2002",业务二科,话务员办理,257,1
8628,"2023-08-23","3001",热线审核中心,热线审核,178,20
8629,"2023-08-23","3002",热线复核中心,热线复核,215,6
8630,"2023-08-23","4001",承办单位A,承办单位审核,214,9
8631,"2023-08-23","4001",承办单位A,承办单位处理,265,3
8632,"2023-08-23","4002",承办单位B,承办单位处理,53,3
8633,"2023-08-23","4003",承办复核部A,承办单位复核,82,9
8634,"2023-08-23","5001",结案一部,办结,155,6
8635,"2023-08-23","5002",结案二部,办结,118,4
8636,"2023-08-23","6001",客户回访一组,回访,262,50
8637,"2023-08-23","6002",客户回访二组,回访,124,2
8638,"2023-08-23","6003",客户回访三组,回访,194,7
8639,"2023-08-23","7001",档案管理部,归档,182,29
8640,"2023-08-23","8001",异常工单组,挂起,101,11
8641,"2023-08-24","1001",客服一部,话务员暂存,261,0
8642,"2023-08-24","1001",客服一部,话务员受理,147,14
8643,"2023-08-24","1002",客服二部,话务员受理,180,10
8644,"2023-08-24","2001",业务一科,话务员办理,269,10
8645,"2023-08-24","2002",业务二科,话务员办理,237,15
8646,"2023-08-24","3001",热线审核中心,热线审核,57,4
8647,"2023-08-24","3002",热线复核中心,热线复核,256,27
8648,"2023-08-24","4001",承办单位A,承办单位审核,59,10
8649,"2023-08-24","4001",承办单位A,承办单位处理,163,27
8650,"2023-08-24","4002",承办单位B,承办单位处理,276,34
8651,"2023-08-24","4003",承办复核部A,承办单位复核,184,15
8652,"2023-08-24","5001",结案一部,办结,101,10
8653,"2023-08-24","5002",结案二部,办结,273,46
8654,"2023-08-24","6001",客户回访一组,回访,289,10
8655,"2023-08-24","6002",客户回访二组,回访,258,8
8656,"2023-08-24","6003",客户回访三组,回访,238,9
8657,"2023-08-24","7001",档案管理部,归档,158,28
8658,"2023-08-24","8001",异常工单组,挂起,272,32
8659,"2023-08-25","1001",客服一部,话务员暂存,128,0
8660,"2023-08-25","1001",客服一部,话务员受理,190,24
8661,"2023-08-25","1002",客服二部,话务员受理,133,7
8662,"2023-08-25","2001",业务一科,话务员办理,194,31
8663,"2023-08-25","2002",业务二科,话务员办理,218,19
8664,"2023-08-25","3001",热线审核中心,热线审核,297,4
8665,"2023-08-25","3002",热线复核中心,热线复核,153,14
8666,"2023-08-25","4001",承办单位A,承办单位审核,257,1
8667,"2023-08-25","4001",承办单位A,承办单位处理,290,57
8668,"2023-08-25","4002",承办单位B,承办单位处理,205,8
8669,"2023-08-25","4003",承办复核部A,承办单位复核,296,15
8670,"2023-08-25","5001",结案一部,办结,183,30
8671,"2023-08-25","5002",结案二部,办结,201,3
8672,"2023-08-25","6001",客户回访一组,回访,241,48
8673,"2023-08-25","6002",客户回访二组,回访,83,3
8674,"2023-08-25","6003",客户回访三组,回访,182,35
8675,"2023-08-25","7001",档案管理部,归档,154,11
8676,"2023-08-25","8001",异常工单组,挂起,131,9
8677,"2023-08-26","1001",客服一部,话务员暂存,224,0
8678,"2023-08-26","1001",客服一部,话务员受理,146,13
8679,"2023-08-26","1002",客服二部,话务员受理,56,6
8680,"2023-08-26","2001",业务一科,话务员办理,111,22
8681,"2023-08-26","2002",业务二科,话务员办理,210,27
8682,"2023-08-26","3001",热线审核中心,热线审核,261,7
8683,"2023-08-26","3002",热线复核中心,热线复核,286,53
8684,"2023-08-26","4001",承办单位A,承办单位审核,232,32
8685,"2023-08-26","4001",承办单位A,承办单位处理,168,8
8686,"2023-08-26","4002",承办单位B,承办单位处理,105,9
8687,"2023-08-26","4003",承办复核部A,承办单位复核,174,6
8688,"2023-08-26","5001",结案一部,办结,155,2
8689,"2023-08-26","5002",结案二部,办结,238,2
8690,"2023-08-26","6001",客户回访一组,回访,163,28
8691,"2023-08-26","6002",客户回访二组,回访,133,5
8692,"2023-08-26","6003",客户回访三组,回访,236,18
8693,"2023-08-26","7001",档案管理部,归档,292,17
8694,"2023-08-26","8001",异常工单组,挂起,85,12
8695,"2023-08-27","1001",客服一部,话务员暂存,172,0
8696,"2023-08-27","1001",客服一部,话务员受理,246,29
8697,"2023-08-27","1002",客服二部,话务员受理,193,8
8698,"2023-08-27","2001",业务一科,话务员办理,107,21
8699,"2023-08-27","2002",业务二科,话务员办理,119,9
8700,"2023-08-27","3001",热线审核中心,热线审核,167,24
8701,"2023-08-27","3002",热线复核中心,热线复核,119,17
8702,"2023-08-27","4001",承办单位A,承办单位审核,229,43
8703,"2023-08-27","4001",承办单位A,承办单位处理,211,10
8704,"2023-08-27","4002",承办单位B,承办单位处理,226,15
8705,"2023-08-27","4003",承办复核部A,承办单位复核,257,41
8706,"2023-08-27","5001",结案一部,办结,250,16
8707,"2023-08-27","5002",结案二部,办结,273,10
8708,"2023-08-27","6001",客户回访一组,回访,84,8
8709,"2023-08-27","6002",客户回访二组,回访,234,15
8710,"2023-08-27","6003",客户回访三组,回访,102,20
8711,"2023-08-27","7001",档案管理部,归档,182,4
8712,"2023-08-27","8001",异常工单组,挂起,97,11
8713,"2023-08-28","1001",客服一部,话务员暂存,124,0
8714,"2023-08-28","1001",客服一部,话务员受理,233,12
8715,"2023-08-28","1002",客服二部,话务员受理,188,19
8716,"2023-08-28","2001",业务一科,话务员办理,212,31
8717,"2023-08-28","2002",业务二科,话务员办理,93,5
8718,"2023-08-28","3001",热线审核中心,热线审核,164,23
8719,"2023-08-28","3002",热线复核中心,热线复核,273,23
8720,"2023-08-28","4001",承办单位A,承办单位审核,245,41
8721,"2023-08-28","4001",承办单位A,承办单位处理,277,53
8722,"2023-08-28","4002",承办单位B,承办单位处理,298,52
8723,"2023-08-28","4003",承办复核部A,承办单位复核,284,23
8724,"2023-08-28","5001",结案一部,办结,203,13
8725,"2023-08-28","5002",结案二部,办结,275,36
8726,"2023-08-28","6001",客户回访一组,回访,218,4
8727,"2023-08-28","6002",客户回访二组,回访,254,16
8728,"2023-08-28","6003",客户回访三组,回访,151,2
8729,"2023-08-28","7001",档案管理部,归档,221,10
8730,"2023-08-28","8001",异常工单组,挂起,246,31
8731,"2023-08-29","1001",客服一部,话务员暂存,135,0
8732,"2023-08-29","1001",客服一部,话务员受理,242,8
8733,"2023-08-29","1002",客服二部,话务员受理,67,8
8734,"2023-08-29","2001",业务一科,话务员办理,245,38
8735,"2023-08-29","2002",业务二科,话务员办理,276,24
8736,"2023-08-29","3001",热线审核中心,热线审核,297,56
8737,"2023-08-29","3002",热线复核中心,热线复核,219,2
8738,"2023-08-29","4001",承办单位A,承办单位审核,147,16
8739,"2023-08-29","4001",承办单位A,承办单位处理,176,4
8740,"2023-08-29","4002",承办单位B,承办单位处理,274,51
8741,"2023-08-29","4003",承办复核部A,承办单位复核,119,17
8742,"2023-08-29","5001",结案一部,办结,234,33
8743,"2023-08-29","5002",结案二部,办结,167,26
8744,"2023-08-29","6001",客户回访一组,回访,120,4
8745,"2023-08-29","6002",客户回访二组,回访,279,20
8746,"2023-08-29","6003",客户回访三组,回访,234,4
8747,"2023-08-29","7001",档案管理部,归档,89,0
8748,"2023-08-29","8001",异常工单组,挂起,129,18
8749,"2023-08-30","1001",客服一部,话务员暂存,100,0
8750,"2023-08-30","1001",客服一部,话务员受理,60,10
8751,"2023-08-30","1002",客服二部,话务员受理,134,22
8752,"2023-08-30","2001",业务一科,话务员办理,180,16
8753,"2023-08-30","2002",业务二科,话务员办理,74,1
8754,"2023-08-30","3001",热线审核中心,热线审核,266,45
8755,"2023-08-30","3002",热线复核中心,热线复核,214,19
8756,"2023-08-30","4001",承办单位A,承办单位审核,82,1
8757,"2023-08-30","4001",承办单位A,承办单位处理,70,12
8758,"2023-08-30","4002",承办单位B,承办单位处理,257,46
8759,"2023-08-30","4003",承办复核部A,承办单位复核,194,19
8760,"2023-08-30","5001",结案一部,办结,292,30
8761,"2023-08-30","5002",结案二部,办结,107,0
8762,"2023-08-30","6001",客户回访一组,回访,249,23
8763,"2023-08-30","6002",客户回访二组,回访,185,13
8764,"2023-08-30","6003",客户回访三组,回访,279,2
8765,"2023-08-30","7001",档案管理部,归档,156,31
8766,"2023-08-30","8001",异常工单组,挂起,202,25
8767,"2023-08-31","1001",客服一部,话务员暂存,119,0
8768,"2023-08-31","1001",客服一部,话务员受理,214,25
8769,"2023-08-31","1002",客服二部,话务员受理,88,5
8770,"2023-08-31","2001",业务一科,话务员办理,233,20
8771,"2023-08-31","2002",业务二科,话务员办理,203,26
8772,"2023-08-31","3001",热线审核中心,热线审核,249,13
8773,"2023-08-31","3002",热线复核中心,热线复核,252,38
8774,"2023-08-31","4001",承办单位A,承办单位审核,250,31
8775,"2023-08-31","4001",承办单位A,承办单位处理,224,25
8776,"2023-08-31","4002",承办单位B,承办单位处理,90,2
8777,"2023-08-31","4003",承办复核部A,承办单位复核,299,29
8778,"2023-08-31","5001",结案一部,办结,263,2
8779,"2023-08-31","5002",结案二部,办结,147,24
8780,"2023-08-31","6001",客户回访一组,回访,202,15
8781,"2023-08-31","6002",客户回访二组,回访,152,11
8782,"2023-08-31","6003",客户回访三组,回访,129,18
8783,"2023-08-31","7001",档案管理部,归档,251,27
8784,"2023-08-31","8001",异常工单组,挂起,270,10
8785,"2023-09-01","1001",客服一部,话务员暂存,151,0
8786,"2023-09-01","1001",客服一部,话务员受理,108,2
8787,"2023-09-01","1002",客服二部,话务员受理,50,8
8788,"2023-09-01","2001",业务一科,话务员办理,65,8
8789,"2023-09-01","2002",业务二科,话务员办理,287,15
8790,"2023-09-01","3001",热线审核中心,热线审核,155,21
8791,"2023-09-01","3002",热线复核中心,热线复核,152,2
8792,"2023-09-01","4001",承办单位A,承办单位审核,101,2
8793,"2023-09-01","4001",承办单位A,承办单位处理,235,34
8794,"2023-09-01","4002",承办单位B,承办单位处理,236,32
8795,"2023-09-01","4003",承办复核部A,承办单位复核,228,29
8796,"2023-09-01","5001",结案一部,办结,202,38
8797,"2023-09-01","5002",结案二部,办结,73,0
8798,"2023-09-01","6001",客户回访一组,回访,196,27
8799,"2023-09-01","6002",客户回访二组,回访,207,35
8800,"2023-09-01","6003",客户回访三组,回访,161,22
8801,"2023-09-01","7001",档案管理部,归档,261,17
8802,"2023-09-01","8001",异常工单组,挂起,101,13
8803,"2023-09-02","1001",客服一部,话务员暂存,209,0
8804,"2023-09-02","1001",客服一部,话务员受理,164,21
8805,"2023-09-02","1002",客服二部,话务员受理,244,39
8806,"2023-09-02","2001",业务一科,话务员办理,248,7
8807,"2023-09-02","2002",业务二科,话务员办理,129,3
8808,"2023-09-02","3001",热线审核中心,热线审核,212,31
8809,"2023-09-02","3002",热线复核中心,热线复核,95,15
8810,"2023-09-02","4001",承办单位A,承办单位审核,293,44
8811,"2023-09-02","4001",承办单位A,承办单位处理,140,20
8812,"2023-09-02","4002",承办单位B,承办单位处理,254,43
8813,"2023-09-02","4003",承办复核部A,承办单位复核,300,56
8814,"2023-09-02","5001",结案一部,办结,272,39
8815,"2023-09-02","5002",结案二部,办结,151,28
8816,"2023-09-02","6001",客户回访一组,回访,135,27
8817,"2023-09-02","6002",客户回访二组,回访,134,8
8818,"2023-09-02","6003",客户回访三组,回访,215,36
8819,"2023-09-02","7001",档案管理部,归档,215,12
8820,"2023-09-02","8001",异常工单组,挂起,236,8
8821,"2023-09-03","1001",客服一部,话务员暂存,174,0
8822,"2023-09-03","1001",客服一部,话务员受理,196,0
8823,"2023-09-03","1002",客服二部,话务员受理,86,8
8824,"2023-09-03","2001",业务一科,话务员办理,171,14
8825,"2023-09-03","2002",业务二科,话务员办理,132,15
8826,"2023-09-03","3001",热线审核中心,热线审核,131,19
8827,"2023-09-03","3002",热线复核中心,热线复核,156,8
8828,"2023-09-03","4001",承办单位A,承办单位审核,275,36
8829,"2023-09-03","4001",承办单位A,承办单位处理,151,12
8830,"2023-09-03","4002",承办单位B,承办单位处理,160,16
8831,"2023-09-03","4003",承办复核部A,承办单位复核,111,10
8832,"2023-09-03","5001",结案一部,办结,184,18
8833,"2023-09-03","5002",结案二部,办结,170,4
8834,"2023-09-03","6001",客户回访一组,回访,268,36
8835,"2023-09-03","6002",客户回访二组,回访,239,11
8836,"2023-09-03","6003",客户回访三组,回访,243,26
8837,"2023-09-03","7001",档案管理部,归档,63,0
8838,"2023-09-03","8001",异常工单组,挂起,300,41
8839,"2023-09-04","1001",客服一部,话务员暂存,104,0
8840,"2023-09-04","1001",客服一部,话务员受理,79,6
8841,"2023-09-04","1002",客服二部,话务员受理,198,27
8842,"2023-09-04","2001",业务一科,话务员办理,87,17
8843,"2023-09-04","2002",业务二科,话务员办理,95,7
8844,"2023-09-04","3001",热线审核中心,热线审核,222,17
8845,"2023-09-04","3002",热线复核中心,热线复核,142,15
8846,"2023-09-04","4001",承办单位A,承办单位审核,69,11
8847,"2023-09-04","4001",承办单位A,承办单位处理,103,16
8848,"2023-09-04","4002",承办单位B,承办单位处理,185,25
8849,"2023-09-04","4003",承办复核部A,承办单位复核,259,0
8850,"2023-09-04","5001",结案一部,办结,237,44
8851,"2023-09-04","5002",结案二部,办结,202,6
8852,"2023-09-04","6001",客户回访一组,回访,154,23
8853,"2023-09-04","6002",客户回访二组,回访,153,20
8854,"2023-09-04","6003",客户回访三组,回访,207,29
8855,"2023-09-04","7001",档案管理部,归档,87,9
8856,"2023-09-04","8001",异常工单组,挂起,261,21
8857,"2023-09-05","1001",客服一部,话务员暂存,169,0
8858,"2023-09-05","1001",客服一部,话务员受理,167,30
8859,"2023-09-05","1002",客服二部,话务员受理,109,13
8860,"2023-09-05","2001",业务一科,话务员办理,243,47
8861,"2023-09-05","2002",业务二科,话务员办理,91,5
8862,"2023-09-05","3001",热线审核中心,热线审核,206,40
8863,"2023-09-05","3002",热线复核中心,热线复核,92,10
8864,"2023-09-05","4001",承办单位A,承办单位审核,292,54
8865,"2023-09-05","4001",承办单位A,承办单位处理,267,0
8866,"2023-09-05","4002",承办单位B,承办单位处理,215,41
8867,"2023-09-05","4003",承办复核部A,承办单位复核,105,8
8868,"2023-09-05","5001",结案一部,办结,232,28
8869,"2023-09-05","5002",结案二部,办结,145,8
8870,"2023-09-05","6001",客户回访一组,回访,209,32
8871,"2023-09-05","6002",客户回访二组,回访,152,12
8872,"2023-09-05","6003",客户回访三组,回访,240,30
8873,"2023-09-05","7001",档案管理部,归档,121,18
8874,"2023-09-05","8001",异常工单组,挂起,206,30
8875,"2023-09-06","1001",客服一部,话务员暂存,149,0
8876,"2023-09-06","1001",客服一部,话务员受理,81,0
8877,"2023-09-06","1002",客服二部,话务员受理,150,18
8878,"2023-09-06","2001",业务一科,话务员办理,225,44
8879,"2023-09-06","2002",业务二科,话务员办理,294,15
8880,"2023-09-06","3001",热线审核中心,热线审核,126,9
8881,"2023-09-06","3002",热线复核中心,热线复核,203,13
8882,"2023-09-06","4001",承办单位A,承办单位审核,106,20
8883,"2023-09-06","4001",承办单位A,承办单位处理,163,17
8884,"2023-09-06","4002",承办单位B,承办单位处理,272,52
8885,"2023-09-06","4003",承办复核部A,承办单位复核,100,19
8886,"2023-09-06","5001",结案一部,办结,167,30
8887,"2023-09-06","5002",结案二部,办结,244,6
8888,"2023-09-06","6001",客户回访一组,回访,72,12
8889,"2023-09-06","6002",客户回访二组,回访,54,1
8890,"2023-09-06","6003",客户回访三组,回访,113,19
8891,"2023-09-06","7001",档案管理部,归档,165,7
8892,"2023-09-06","8001",异常工单组,挂起,94,3
8893,"2023-09-07","1001",客服一部,话务员暂存,76,0
8894,"2023-09-07","1001",客服一部,话务员受理,208,4
8895,"2023-09-07","1002",客服二部,话务员受理,94,8
8896,"2023-09-07","2001",业务一科,话务员办理,210,10
8897,"2023-09-07","2002",业务二科,话务员办理,95,17
8898,"2023-09-07","3001",热线审核中心,热线审核,241,43
8899,"2023-09-07","3002",热线复核中心,热线复核,119,13
8900,"2023-09-07","4001",承办单位A,承办单位审核,115,0
8901,"2023-09-07","4001",承办单位A,承办单位处理,198,15
8902,"2023-09-07","4002",承办单位B,承办单位处理,299,49
8903,"2023-09-07","4003",承办复核部A,承办单位复核,208,0
8904,"2023-09-07","5001",结案一部,办结,190,4
8905,"2023-09-07","5002",结案二部,办结,290,33
8906,"2023-09-07","6001",客户回访一组,回访,240,0
8907,"2023-09-07","6002",客户回访二组,回访,129,3
8908,"2023-09-07","6003",客户回访三组,回访,134,15
8909,"2023-09-07","7001",档案管理部,归档,280,54
8910,"2023-09-07","8001",异常工单组,挂起,253,41
8911,"2023-09-08","1001",客服一部,话务员暂存,89,0
8912,"2023-09-08","1001",客服一部,话务员受理,257,34
8913,"2023-09-08","1002",客服二部,话务员受理,119,10
8914,"2023-09-08","2001",业务一科,话务员办理,274,35
8915,"2023-09-08","2002",业务二科,话务员办理,145,15
8916,"2023-09-08","3001",热线审核中心,热线审核,54,1
8917,"2023-09-08","3002",热线复核中心,热线复核,152,21
8918,"2023-09-08","4001",承办单位A,承办单位审核,243,15
8919,"2023-09-08","4001",承办单位A,承办单位处理,197,32
8920,"2023-09-08","4002",承办单位B,承办单位处理,62,3
8921,"2023-09-08","4003",承办复核部A,承办单位复核,162,8
8922,"2023-09-08","5001",结案一部,办结,243,14
8923,"2023-09-08","5002",结案二部,办结,51,3
8924,"2023-09-08","6001",客户回访一组,回访,118,20
8925,"2023-09-08","6002",客户回访二组,回访,283,54
8926,"2023-09-08","6003",客户回访三组,回访,182,14
8927,"2023-09-08","7001",档案管理部,归档,283,41
8928,"2023-09-08","8001",异常工单组,挂起,158,9
8929,"2023-09-09","1001",客服一部,话务员暂存,92,0
8930,"2023-09-09","1001",客服一部,话务员受理,132,10
8931,"2023-09-09","1002",客服二部,话务员受理,239,31
8932,"2023-09-09","2001",业务一科,话务员办理,87,6
8933,"2023-09-09","2002",业务二科,话务员办理,55,6
8934,"2023-09-09","3001",热线审核中心,热线审核,183,27
8935,"2023-09-09","3002",热线复核中心,热线复核,184,0
8936,"2023-09-09","4001",承办单位A,承办单位审核,233,16
8937,"2023-09-09","4001",承办单位A,承办单位处理,295,46
8938,"2023-09-09","4002",承办单位B,承办单位处理,189,11
8939,"2023-09-09","4003",承办复核部A,承办单位复核,171,29
8940,"2023-09-09","5001",结案一部,办结,150,27
8941,"2023-09-09","5002",结案二部,办结,244,9
8942,"2023-09-09","6001",客户回访一组,回访,180,24
8943,"2023-09-09","6002",客户回访二组,回访,151,2
8944,"2023-09-09","6003",客户回访三组,回访,160,5
8945,"2023-09-09","7001",档案管理部,归档,119,0
8946,"2023-09-09","8001",异常工单组,挂起,108,11
8947,"2023-09-10","1001",客服一部,话务员暂存,195,0
8948,"2023-09-10","1001",客服一部,话务员受理,106,3
8949,"2023-09-10","1002",客服二部,话务员受理,215,31
8950,"2023-09-10","2001",业务一科,话务员办理,187,19
8951,"2023-09-10","2002",业务二科,话务员办理,89,16
8952,"2023-09-10","3001",热线审核中心,热线审核,109,3
8953,"2023-09-10","3002",热线复核中心,热线复核,171,25
8954,"2023-09-10","4001",承办单位A,承办单位审核,272,7
8955,"2023-09-10","4001",承办单位A,承办单位处理,297,10
8956,"2023-09-10","4002",承办单位B,承办单位处理,62,2
8957,"2023-09-10","4003",承办复核部A,承办单位复核,120,3
8958,"2023-09-10","5001",结案一部,办结,103,8
8959,"2023-09-10","5002",结案二部,办结,143,9
8960,"2023-09-10","6001",客户回访一组,回访,118,23
8961,"2023-09-10","6002",客户回访二组,回访,267,31
8962,"2023-09-10","6003",客户回访三组,回访,252,34
8963,"2023-09-10","7001",档案管理部,归档,293,41
8964,"2023-09-10","8001",异常工单组,挂起,95,18
8965,"2023-09-11","1001",客服一部,话务员暂存,241,0
8966,"2023-09-11","1001",客服一部,话务员受理,180,8
8967,"2023-09-11","1002",客服二部,话务员受理,265,32
8968,"2023-09-11","2001",业务一科,话务员办理,198,35
8969,"2023-09-11","2002",业务二科,话务员办理,57,11
8970,"2023-09-11","3001",热线审核中心,热线审核,203,26
8971,"2023-09-11","3002",热线复核中心,热线复核,221,18
8972,"2023-09-11","4001",承办单位A,承办单位审核,245,20
8973,"2023-09-11","4001",承办单位A,承办单位处理,252,20
8974,"2023-09-11","4002",承办单位B,承办单位处理,145,23
8975,"2023-09-11","4003",承办复核部A,承办单位复核,260,52
8976,"2023-09-11","5001",结案一部,办结,133,22
8977,"2023-09-11","5002",结案二部,办结,202,30
8978,"2023-09-11","6001",客户回访一组,回访,201,4
8979,"2023-09-11","6002",客户回访二组,回访,246,24
8980,"2023-09-11","6003",客户回访三组,回访,139,16
8981,"2023-09-11","7001",档案管理部,归档,60,0
8982,"2023-09-11","8001",异常工单组,挂起,177,4
8983,"2023-09-12","1001",客服一部,话务员暂存,225,0
8984,"2023-09-12","1001",客服一部,话务员受理,80,6
8985,"2023-09-12","1002",客服二部,话务员受理,73,7
8986,"2023-09-12","2001",业务一科,话务员办理,298,18
8987,"2023-09-12","2002",业务二科,话务员办理,125,5
8988,"2023-09-12","3001",热线审核中心,热线审核,115,17
8989,"2023-09-12","3002",热线复核中心,热线复核,69,5
8990,"2023-09-12","4001",承办单位A,承办单位审核,262,12
8991,"2023-09-12","4001",承办单位A,承办单位处理,174,26
8992,"2023-09-12","4002",承办单位B,承办单位处理,248,23
8993,"2023-09-12","4003",承办复核部A,承办单位复核,273,13
8994,"2023-09-12","5001",结案一部,办结,200,11
8995,"2023-09-12","5002",结案二部,办结,196,23
8996,"2023-09-12","6001",客户回访一组,回访,55,9
8997,"2023-09-12","6002",客户回访二组,回访,211,34
8998,"2023-09-12","6003",客户回访三组,回访,198,27
8999,"2023-09-12","7001",档案管理部,归档,214,33
9000,"2023-09-12","8001",异常工单组,挂起,133,9
9001,"2023-09-13","1001",客服一部,话务员暂存,120,0
9002,"2023-09-13","1001",客服一部,话务员受理,264,29
9003,"2023-09-13","1002",客服二部,话务员受理,68,8
9004,"2023-09-13","2001",业务一科,话务员办理,280,6
9005,"2023-09-13","2002",业务二科,话务员办理,109,15
9006,"2023-09-13","3001",热线审核中心,热线审核,51,8
9007,"2023-09-13","3002",热线复核中心,热线复核,97,11
9008,"2023-09-13","4001",承办单位A,承办单位审核,216,29
9009,"2023-09-13","4001",承办单位A,承办单位处理,151,8
9010,"2023-09-13","4002",承办单位B,承办单位处理,69,4
9011,"2023-09-13","4003",承办复核部A,承办单位复核,77,8
9012,"2023-09-13","5001",结案一部,办结,118,7
9013,"2023-09-13","5002",结案二部,办结,177,5
9014,"2023-09-13","6001",客户回访一组,回访,298,9
9015,"2023-09-13","6002",客户回访二组,回访,150,21
9016,"2023-09-13","6003",客户回访三组,回访,184,23
9017,"2023-09-13","7001",档案管理部,归档,130,4
9018,"2023-09-13","8001",异常工单组,挂起,74,9
9019,"2023-09-14","1001",客服一部,话务员暂存,150,0
9020,"2023-09-14","1001",客服一部,话务员受理,77,12
9021,"2023-09-14","1002",客服二部,话务员受理,294,54
9022,"2023-09-14","2001",业务一科,话务员办理,83,12
9023,"2023-09-14","2002",业务二科,话务员办理,238,39
9024,"2023-09-14","3001",热线审核中心,热线审核,295,31
9025,"2023-09-14","3002",热线复核中心,热线复核,146,1
9026,"2023-09-14","4001",承办单位A,承办单位审核,141,10
9027,"2023-09-14","4001",承办单位A,承办单位处理,130,13
9028,"2023-09-14","4002",承办单位B,承办单位处理,213,34
9029,"2023-09-14","4003",承办复核部A,承办单位复核,85,12
9030,"2023-09-14","5001",结案一部,办结,191,6
9031,"2023-09-14","5002",结案二部,办结,204,6
9032,"2023-09-14","6001",客户回访一组,回访,62,9
9033,"2023-09-14","6002",客户回访二组,回访,197,0
9034,"2023-09-14","6003",客户回访三组,回访,190,3
9035,"2023-09-14","7001",档案管理部,归档,182,3
9036,"2023-09-14","8001",异常工单组,挂起,158,4
9037,"2023-09-15","1001",客服一部,话务员暂存,74,0
9038,"2023-09-15","1001",客服一部,话务员受理,230,14
9039,"2023-09-15","1002",客服二部,话务员受理,120,14
9040,"2023-09-15","2001",业务一科,话务员办理,159,13
9041,"2023-09-15","2002",业务二科,话务员办理,162,30
9042,"2023-09-15","3001",热线审核中心,热线审核,165,6
9043,"2023-09-15","3002",热线复核中心,热线复核,222,3
9044,"2023-09-15","4001",承办单位A,承办单位审核,163,14
9045,"2023-09-15","4001",承办单位A,承办单位处理,220,24
9046,"2023-09-15","4002",承办单位B,承办单位处理,164,24
9047,"2023-09-15","4003",承办复核部A,承办单位复核,169,14
9048,"2023-09-15","5001",结案一部,办结,262,28
9049,"2023-09-15","5002",结案二部,办结,96,18
9050,"2023-09-15","6001",客户回访一组,回访,280,15
9051,"2023-09-15","6002",客户回访二组,回访,253,16
9052,"2023-09-15","6003",客户回访三组,回访,247,42
9053,"2023-09-15","7001",档案管理部,归档,182,35
9054,"2023-09-15","8001",异常工单组,挂起,118,1
9055,"2023-09-16","1001",客服一部,话务员暂存,237,0
9056,"2023-09-16","1001",客服一部,话务员受理,101,17
9057,"2023-09-16","1002",客服二部,话务员受理,173,34
9058,"2023-09-16","2001",业务一科,话务员办理,51,9
9059,"2023-09-16","2002",业务二科,话务员办理,131,1
9060,"2023-09-16","3001",热线审核中心,热线审核,266,50
9061,"2023-09-16","3002",热线复核中心,热线复核,53,7
9062,"2023-09-16","4001",承办单位A,承办单位审核,216,8
9063,"2023-09-16","4001",承办单位A,承办单位处理,64,5
9064,"2023-09-16","4002",承办单位B,承办单位处理,229,17
9065,"2023-09-16","4003",承办复核部A,承办单位复核,155,1
9066,"2023-09-16","5001",结案一部,办结,118,13
9067,"2023-09-16","5002",结案二部,办结,116,16
9068,"2023-09-16","6001",客户回访一组,回访,248,37
9069,"2023-09-16","6002",客户回访二组,回访,222,1
9070,"2023-09-16","6003",客户回访三组,回访,251,11
9071,"2023-09-16","7001",档案管理部,归档,149,21
9072,"2023-09-16","8001",异常工单组,挂起,105,18
9073,"2023-09-17","1001",客服一部,话务员暂存,82,0
9074,"2023-09-17","1001",客服一部,话务员受理,96,18
9075,"2023-09-17","1002",客服二部,话务员受理,250,21
9076,"2023-09-17","2001",业务一科,话务员办理,190,35
9077,"2023-09-17","2002",业务二科,话务员办理,166,20
9078,"2023-09-17","3001",热线审核中心,热线审核,216,7
9079,"2023-09-17","3002",热线复核中心,热线复核,179,28
9080,"2023-09-17","4001",承办单位A,承办单位审核,219,0
9081,"2023-09-17","4001",承办单位A,承办单位处理,96,5
9082,"2023-09-17","4002",承办单位B,承办单位处理,182,22
9083,"2023-09-17","4003",承办复核部A,承办单位复核,229,35
9084,"2023-09-17","5001",结案一部,办结,183,27
9085,"2023-09-17","5002",结案二部,办结,255,30
9086,"2023-09-17","6001",客户回访一组,回访,132,16
9087,"2023-09-17","6002",客户回访二组,回访,244,27
9088,"2023-09-17","6003",客户回访三组,回访,54,7
9089,"2023-09-17","7001",档案管理部,归档,196,34
9090,"2023-09-17","8001",异常工单组,挂起,79,2
9091,"2023-09-18","1001",客服一部,话务员暂存,259,0
9092,"2023-09-18","1001",客服一部,话务员受理,295,49
9093,"2023-09-18","1002",客服二部,话务员受理,73,5
9094,"2023-09-18","2001",业务一科,话务员办理,288,12
9095,"2023-09-18","2002",业务二科,话务员办理,65,11
9096,"2023-09-18","3001",热线审核中心,热线审核,63,0
9097,"2023-09-18","3002",热线复核中心,热线复核,136,26
9098,"2023-09-18","4001",承办单位A,承办单位审核,72,1
9099,"2023-09-18","4001",承办单位A,承办单位处理,255,7
9100,"2023-09-18","4002",承办单位B,承办单位处理,100,7
9101,"2023-09-18","4003",承办复核部A,承办单位复核,259,42
9102,"2023-09-18","5001",结案一部,办结,264,22
9103,"2023-09-18","5002",结案二部,办结,263,43
9104,"2023-09-18","6001",客户回访一组,回访,245,13
9105,"2023-09-18","6002",客户回访二组,回访,119,21
9106,"2023-09-18","6003",客户回访三组,回访,199,25
9107,"2023-09-18","7001",档案管理部,归档,259,2
9108,"2023-09-18","8001",异常工单组,挂起,232,36
9109,"2023-09-19","1001",客服一部,话务员暂存,55,0
9110,"2023-09-19","1001",客服一部,话务员受理,217,19
9111,"2023-09-19","1002",客服二部,话务员受理,227,41
9112,"2023-09-19","2001",业务一科,话务员办理,53,9
9113,"2023-09-19","2002",业务二科,话务员办理,235,19
9114,"2023-09-19","3001",热线审核中心,热线审核,238,28
9115,"2023-09-19","3002",热线复核中心,热线复核,269,2
9116,"2023-09-19","4001",承办单位A,承办单位审核,102,5
9117,"2023-09-19","4001",承办单位A,承办单位处理,84,5
9118,"2023-09-19","4002",承办单位B,承办单位处理,100,20
9119,"2023-09-19","4003",承办复核部A,承办单位复核,181,10
9120,"2023-09-19","5001",结案一部,办结,127,5
9121,"2023-09-19","5002",结案二部,办结,160,14
9122,"2023-09-19","6001",客户回访一组,回访,263,16
9123,"2023-09-19","6002",客户回访二组,回访,292,2
9124,"2023-09-19","6003",客户回访三组,回访,99,6
9125,"2023-09-19","7001",档案管理部,归档,275,26
9126,"2023-09-19","8001",异常工单组,挂起,236,34
9127,"2023-09-20","1001",客服一部,话务员暂存,282,0
9128,"2023-09-20","1001",客服一部,话务员受理,226,22
9129,"2023-09-20","1002",客服二部,话务员受理,67,5
9130,"2023-09-20","2001",业务一科,话务员办理,212,28
9131,"2023-09-20","2002",业务二科,话务员办理,247,39
9132,"2023-09-20","3001",热线审核中心,热线审核,292,12
9133,"2023-09-20","3002",热线复核中心,热线复核,119,13
9134,"2023-09-20","4001",承办单位A,承办单位审核,119,16
9135,"2023-09-20","4001",承办单位A,承办单位处理,113,0
9136,"2023-09-20","4002",承办单位B,承办单位处理,96,12
9137,"2023-09-20","4003",承办复核部A,承办单位复核,178,4
9138,"2023-09-20","5001",结案一部,办结,269,34
9139,"2023-09-20","5002",结案二部,办结,266,3
9140,"2023-09-20","6001",客户回访一组,回访,257,17
9141,"2023-09-20","6002",客户回访二组,回访,280,16
9142,"2023-09-20","6003",客户回访三组,回访,57,9
9143,"2023-09-20","7001",档案管理部,归档,173,25
9144,"2023-09-20","8001",异常工单组,挂起,104,17
9145,"2023-09-21","1001",客服一部,话务员暂存,287,0
9146,"2023-09-21","1001",客服一部,话务员受理,164,13
9147,"2023-09-21","1002",客服二部,话务员受理,222,3
9148,"2023-09-21","2001",业务一科,话务员办理,124,22
9149,"2023-09-21","2002",业务二科,话务员办理,244,11
9150,"2023-09-21","3001",热线审核中心,热线审核,206,8
9151,"2023-09-21","3002",热线复核中心,热线复核,210,35
9152,"2023-09-21","4001",承办单位A,承办单位审核,180,30
9153,"2023-09-21","4001",承办单位A,承办单位处理,264,27
9154,"2023-09-21","4002",承办单位B,承办单位处理,91,0
9155,"2023-09-21","4003",承办复核部A,承办单位复核,183,5
9156,"2023-09-21","5001",结案一部,办结,268,42
9157,"2023-09-21","5002",结案二部,办结,56,4
9158,"2023-09-21","6001",客户回访一组,回访,227,25
9159,"2023-09-21","6002",客户回访二组,回访,256,20
9160,"2023-09-21","6003",客户回访三组,回访,111,15
9161,"2023-09-21","7001",档案管理部,归档,59,0
9162,"2023-09-21","8001",异常工单组,挂起,159,16
9163,"2023-09-22","1001",客服一部,话务员暂存,135,0
9164,"2023-09-22","1001",客服一部,话务员受理,98,8
9165,"2023-09-22","1002",客服二部,话务员受理,294,56
9166,"2023-09-22","2001",业务一科,话务员办理,285,27
9167,"2023-09-22","2002",业务二科,话务员办理,292,50
9168,"2023-09-22","3001",热线审核中心,热线审核,70,2
9169,"2023-09-22","3002",热线复核中心,热线复核,104,10
9170,"2023-09-22","4001",承办单位A,承办单位审核,61,7
9171,"2023-09-22","4001",承办单位A,承办单位处理,174,19
9172,"2023-09-22","4002",承办单位B,承办单位处理,243,45
9173,"2023-09-22","4003",承办复核部A,承办单位复核,192,22
9174,"2023-09-22","5001",结案一部,办结,230,24
9175,"2023-09-22","5002",结案二部,办结,237,12
9176,"2023-09-22","6001",客户回访一组,回访,173,9
9177,"2023-09-22","6002",客户回访二组,回访,82,2
9178,"2023-09-22","6003",客户回访三组,回访,226,37
9179,"2023-09-22","7001",档案管理部,归档,139,26
9180,"2023-09-22","8001",异常工单组,挂起,264,28
9181,"2023-09-23","1001",客服一部,话务员暂存,124,0
9182,"2023-09-23","1001",客服一部,话务员受理,66,7
9183,"2023-09-23","1002",客服二部,话务员受理,125,0
9184,"2023-09-23","2001",业务一科,话务员办理,54,4
9185,"2023-09-23","2002",业务二科,话务员办理,216,19
9186,"2023-09-23","3001",热线审核中心,热线审核,94,13
9187,"2023-09-23","3002",热线复核中心,热线复核,101,11
9188,"2023-09-23","4001",承办单位A,承办单位审核,129,0
9189,"2023-09-23","4001",承办单位A,承办单位处理,173,9
9190,"2023-09-23","4002",承办单位B,承办单位处理,56,9
9191,"2023-09-23","4003",承办复核部A,承办单位复核,201,5
9192,"2023-09-23","5001",结案一部,办结,68,9
9193,"2023-09-23","5002",结案二部,办结,91,7
9194,"2023-09-23","6001",客户回访一组,回访,268,33
9195,"2023-09-23","6002",客户回访二组,回访,278,38
9196,"2023-09-23","6003",客户回访三组,回访,118,23
9197,"2023-09-23","7001",档案管理部,归档,251,13
9198,"2023-09-23","8001",异常工单组,挂起,65,8
9199,"2023-09-24","1001",客服一部,话务员暂存,82,0
9200,"2023-09-24","1001",客服一部,话务员受理,101,8
9201,"2023-09-24","1002",客服二部,话务员受理,178,27
9202,"2023-09-24","2001",业务一科,话务员办理,174,23
9203,"2023-09-24","2002",业务二科,话务员办理,271,24
9204,"2023-09-24","3001",热线审核中心,热线审核,101,13
9205,"2023-09-24","3002",热线复核中心,热线复核,253,49
9206,"2023-09-24","4001",承办单位A,承办单位审核,300,30
9207,"2023-09-24","4001",承办单位A,承办单位处理,201,31
9208,"2023-09-24","4002",承办单位B,承办单位处理,165,21
9209,"2023-09-24","4003",承办复核部A,承办单位复核,206,24
9210,"2023-09-24","5001",结案一部,办结,94,3
9211,"2023-09-24","5002",结案二部,办结,182,18
9212,"2023-09-24","6001",客户回访一组,回访,92,12
9213,"2023-09-24","6002",客户回访二组,回访,293,29
9214,"2023-09-24","6003",客户回访三组,回访,159,6
9215,"2023-09-24","7001",档案管理部,归档,75,11
9216,"2023-09-24","8001",异常工单组,挂起,91,11
9217,"2023-09-25","1001",客服一部,话务员暂存,181,0
9218,"2023-09-25","1001",客服一部,话务员受理,247,25
9219,"2023-09-25","1002",客服二部,话务员受理,182,14
9220,"2023-09-25","2001",业务一科,话务员办理,269,50
9221,"2023-09-25","2002",业务二科,话务员办理,300,41
9222,"2023-09-25","3001",热线审核中心,热线审核,128,22
9223,"2023-09-25","3002",热线复核中心,热线复核,218,25
9224,"2023-09-25","4001",承办单位A,承办单位审核,264,43
9225,"2023-09-25","4001",承办单位A,承办单位处理,275,50
9226,"2023-09-25","4002",承办单位B,承办单位处理,138,11
9227,"2023-09-25","4003",承办复核部A,承办单位复核,234,34
9228,"2023-09-25","5001",结案一部,办结,149,29
9229,"2023-09-25","5002",结案二部,办结,109,4
9230,"2023-09-25","6001",客户回访一组,回访,228,37
9231,"2023-09-25","6002",客户回访二组,回访,78,4
9232,"2023-09-25","6003",客户回访三组,回访,56,5
9233,"2023-09-25","7001",档案管理部,归档,238,0
9234,"2023-09-25","8001",异常工单组,挂起,119,19
9235,"2023-09-26","1001",客服一部,话务员暂存,97,0
9236,"2023-09-26","1001",客服一部,话务员受理,77,7
9237,"2023-09-26","1002",客服二部,话务员受理,263,1
9238,"2023-09-26","2001",业务一科,话务员办理,66,7
9239,"2023-09-26","2002",业务二科,话务员办理,128,17
9240,"2023-09-26","3001",热线审核中心,热线审核,256,17
9241,"2023-09-26","3002",热线复核中心,热线复核,300,34
9242,"2023-09-26","4001",承办单位A,承办单位审核,139,18
9243,"2023-09-26","4001",承办单位A,承办单位处理,103,9
9244,"2023-09-26","4002",承办单位B,承办单位处理,269,24
9245,"2023-09-26","4003",承办复核部A,承办单位复核,202,10
9246,"2023-09-26","5001",结案一部,办结,269,50
9247,"2023-09-26","5002",结案二部,办结,78,7
9248,"2023-09-26","6001",客户回访一组,回访,141,27
9249,"2023-09-26","6002",客户回访二组,回访,278,37
9250,"2023-09-26","6003",客户回访三组,回访,214,4
9251,"2023-09-26","7001",档案管理部,归档,273,23
9252,"2023-09-26","8001",异常工单组,挂起,186,18
9253,"2023-09-27","1001",客服一部,话务员暂存,59,0
9254,"2023-09-27","1001",客服一部,话务员受理,163,26
9255,"2023-09-27","1002",客服二部,话务员受理,88,15
9256,"2023-09-27","2001",业务一科,话务员办理,95,18
9257,"2023-09-27","2002",业务二科,话务员办理,209,35
9258,"2023-09-27","3001",热线审核中心,热线审核,188,35
9259,"2023-09-27","3002",热线复核中心,热线复核,289,21
9260,"2023-09-27","4001",承办单位A,承办单位审核,78,5
9261,"2023-09-27","4001",承办单位A,承办单位处理,123,12
9262,"2023-09-27","4002",承办单位B,承办单位处理,104,13
9263,"2023-09-27","4003",承办复核部A,承办单位复核,295,18
9264,"2023-09-27","5001",结案一部,办结,262,31
9265,"2023-09-27","5002",结案二部,办结,191,35
9266,"2023-09-27","6001",客户回访一组,回访,50,4
9267,"2023-09-27","6002",客户回访二组,回访,110,12
9268,"2023-09-27","6003",客户回访三组,回访,276,54
9269,"2023-09-27","7001",档案管理部,归档,203,39
9270,"2023-09-27","8001",异常工单组,挂起,267,22
9271,"2023-09-28","1001",客服一部,话务员暂存,204,0
9272,"2023-09-28","1001",客服一部,话务员受理,78,3
9273,"2023-09-28","1002",客服二部,话务员受理,264,52
9274,"2023-09-28","2001",业务一科,话务员办理,85,0
9275,"2023-09-28","2002",业务二科,话务员办理,107,14
9276,"2023-09-28","3001",热线审核中心,热线审核,185,18
9277,"2023-09-28","3002",热线复核中心,热线复核,110,19
9278,"2023-09-28","4001",承办单位A,承办单位审核,50,1
9279,"2023-09-28","4001",承办单位A,承办单位处理,201,18
9280,"2023-09-28","4002",承办单位B,承办单位处理,142,5
9281,"2023-09-28","4003",承办复核部A,承办单位复核,65,11
9282,"2023-09-28","5001",结案一部,办结,211,3
9283,"2023-09-28","5002",结案二部,办结,213,15
9284,"2023-09-28","6001",客户回访一组,回访,223,29
9285,"2023-09-28","6002",客户回访二组,回访,246,27
9286,"2023-09-28","6003",客户回访三组,回访,289,29
9287,"2023-09-28","7001",档案管理部,归档,283,23
9288,"2023-09-28","8001",异常工单组,挂起,274,34
9289,"2023-09-29","1001",客服一部,话务员暂存,192,0
9290,"2023-09-29","1001",客服一部,话务员受理,57,5
9291,"2023-09-29","1002",客服二部,话务员受理,54,5
9292,"2023-09-29","2001",业务一科,话务员办理,149,9
9293,"2023-09-29","2002",业务二科,话务员办理,202,23
9294,"2023-09-29","3001",热线审核中心,热线审核,247,3
9295,"2023-09-29","3002",热线复核中心,热线复核,283,45
9296,"2023-09-29","4001",承办单位A,承办单位审核,131,10
9297,"2023-09-29","4001",承办单位A,承办单位处理,292,11
9298,"2023-09-29","4002",承办单位B,承办单位处理,81,14
9299,"2023-09-29","4003",承办复核部A,承办单位复核,106,21
9300,"2023-09-29","5001",结案一部,办结,71,8
9301,"2023-09-29","5002",结案二部,办结,175,13
9302,"2023-09-29","6001",客户回访一组,回访,75,5
9303,"2023-09-29","6002",客户回访二组,回访,185,17
9304,"2023-09-29","6003",客户回访三组,回访,113,17
9305,"2023-09-29","7001",档案管理部,归档,175,0
9306,"2023-09-29","8001",异常工单组,挂起,219,5
9307,"2023-09-30","1001",客服一部,话务员暂存,209,0
9308,"2023-09-30","1001",客服一部,话务员受理,107,17
9309,"2023-09-30","1002",客服二部,话务员受理,71,9
9310,"2023-09-30","2001",业务一科,话务员办理,175,6
9311,"2023-09-30","2002",业务二科,话务员办理,115,23
9312,"2023-09-30","3001",热线审核中心,热线审核,199,34
9313,"2023-09-30","3002",热线复核中心,热线复核,77,12
9314,"2023-09-30","4001",承办单位A,承办单位审核,165,26
9315,"2023-09-30","4001",承办单位A,承办单位处理,120,6
9316,"2023-09-30","4002",承办单位B,承办单位处理,60,10
9317,"2023-09-30","4003",承办复核部A,承办单位复核,89,14
9318,"2023-09-30","5001",结案一部,办结,198,27
9319,"2023-09-30","5002",结案二部,办结,286,14
9320,"2023-09-30","6001",客户回访一组,回访,108,9
9321,"2023-09-30","6002",客户回访二组,回访,283,34
9322,"2023-09-30","6003",客户回访三组,回访,248,2
9323,"2023-09-30","7001",档案管理部,归档,263,33
9324,"2023-09-30","8001",异常工单组,挂起,123,8
9325,"2023-10-01","1001",客服一部,话务员暂存,229,0
9326,"2023-10-01","1001",客服一部,话务员受理,66,12
9327,"2023-10-01","1002",客服二部,话务员受理,241,16
9328,"2023-10-01","2001",业务一科,话务员办理,199,23
9329,"2023-10-01","2002",业务二科,话务员办理,96,6
9330,"2023-10-01","3001",热线审核中心,热线审核,81,15
9331,"2023-10-01","3002",热线复核中心,热线复核,263,52
9332,"2023-10-01","4001",承办单位A,承办单位审核,290,28
9333,"2023-10-01","4001",承办单位A,承办单位处理,163,20
9334,"2023-10-01","4002",承办单位B,承办单位处理,96,13
9335,"2023-10-01","4003",承办复核部A,承办单位复核,93,13
9336,"2023-10-01","5001",结案一部,办结,203,35
9337,"2023-10-01","5002",结案二部,办结,267,47
9338,"2023-10-01","6001",客户回访一组,回访,148,19
9339,"2023-10-01","6002",客户回访二组,回访,279,41
9340,"2023-10-01","6003",客户回访三组,回访,230,15
9341,"2023-10-01","7001",档案管理部,归档,198,33
9342,"2023-10-01","8001",异常工单组,挂起,246,2
9343,"2023-10-02","1001",客服一部,话务员暂存,286,0
9344,"2023-10-02","1001",客服一部,话务员受理,284,20
9345,"2023-10-02","1002",客服二部,话务员受理,90,9
9346,"2023-10-02","2001",业务一科,话务员办理,298,42
9347,"2023-10-02","2002",业务二科,话务员办理,282,50
9348,"2023-10-02","3001",热线审核中心,热线审核,230,5
9349,"2023-10-02","3002",热线复核中心,热线复核,250,27
9350,"2023-10-02","4001",承办单位A,承办单位审核,289,43
9351,"2023-10-02","4001",承办单位A,承办单位处理,134,26
9352,"2023-10-02","4002",承办单位B,承办单位处理,179,30
9353,"2023-10-02","4003",承办复核部A,承办单位复核,79,14
9354,"2023-10-02","5001",结案一部,办结,203,0
9355,"2023-10-02","5002",结案二部,办结,249,43
9356,"2023-10-02","6001",客户回访一组,回访,73,10
9357,"2023-10-02","6002",客户回访二组,回访,213,22
9358,"2023-10-02","6003",客户回访三组,回访,106,7
9359,"2023-10-02","7001",档案管理部,归档,65,6
9360,"2023-10-02","8001",异常工单组,挂起,64,11
9361,"2023-10-03","1001",客服一部,话务员暂存,207,0
9362,"2023-10-03","1001",客服一部,话务员受理,86,2
9363,"2023-10-03","1002",客服二部,话务员受理,87,17
9364,"2023-10-03","2001",业务一科,话务员办理,285,0
9365,"2023-10-03","2002",业务二科,话务员办理,124,6
9366,"2023-10-03","3001",热线审核中心,热线审核,258,21
9367,"2023-10-03","3002",热线复核中心,热线复核,194,38
9368,"2023-10-03","4001",承办单位A,承办单位审核,226,12
9369,"2023-10-03","4001",承办单位A,承办单位处理,119,9
9370,"2023-10-03","4002",承办单位B,承办单位处理,278,13
9371,"2023-10-03","4003",承办复核部A,承办单位复核,212,23
9372,"2023-10-03","5001",结案一部,办结,278,34
9373,"2023-10-03","5002",结案二部,办结,101,2
9374,"2023-10-03","6001",客户回访一组,回访,257,21
9375,"2023-10-03","6002",客户回访二组,回访,95,13
9376,"2023-10-03","6003",客户回访三组,回访,60,3
9377,"2023-10-03","7001",档案管理部,归档,104,15
9378,"2023-10-03","8001",异常工单组,挂起,291,32
9379,"2023-10-04","1001",客服一部,话务员暂存,226,0
9380,"2023-10-04","1001",客服一部,话务员受理,231,36
9381,"2023-10-04","1002",客服二部,话务员受理,220,9
9382,"2023-10-04","2001",业务一科,话务员办理,94,4
9383,"2023-10-04","2002",业务二科,话务员办理,85,16
9384,"2023-10-04","3001",热线审核中心,热线审核,110,9
9385,"2023-10-04","3002",热线复核中心,热线复核,255,13
9386,"2023-10-04","4001",承办单位A,承办单位审核,205,5
9387,"2023-10-04","4001",承办单位A,承办单位处理,164,21
9388,"2023-10-04","4002",承办单位B,承办单位处理,298,24
9389,"2023-10-04","4003",承办复核部A,承办单位复核,181,26
9390,"2023-10-04","5001",结案一部,办结,222,22
9391,"2023-10-04","5002",结案二部,办结,281,50
9392,"2023-10-04","6001",客户回访一组,回访,58,11
9393,"2023-10-04","6002",客户回访二组,回访,64,2
9394,"2023-10-04","6003",客户回访三组,回访,195,15
9395,"2023-10-04","7001",档案管理部,归档,76,6
9396,"2023-10-04","8001",异常工单组,挂起,133,26
9397,"2023-10-05","1001",客服一部,话务员暂存,100,0
9398,"2023-10-05","1001",客服一部,话务员受理,247,37
9399,"2023-10-05","1002",客服二部,话务员受理,78,14
9400,"2023-10-05","2001",业务一科,话务员办理,233,28
9401,"2023-10-05","2002",业务二科,话务员办理,62,9
9402,"2023-10-05","3001",热线审核中心,热线审核,54,9
9403,"2023-10-05","3002",热线复核中心,热线复核,195,31
9404,"2023-10-05","4001",承办单位A,承办单位审核,113,12
9405,"2023-10-05","4001",承办单位A,承办单位处理,273,39
9406,"2023-10-05","4002",承办单位B,承办单位处理,78,11
9407,"2023-10-05","4003",承办复核部A,承办单位复核,201,33
9408,"2023-10-05","5001",结案一部,办结,55,4
9409,"2023-10-05","5002",结案二部,办结,80,14
9410,"2023-10-05","6001",客户回访一组,回访,133,2
9411,"2023-10-05","6002",客户回访二组,回访,297,15
9412,"2023-10-05","6003",客户回访三组,回访,261,9
9413,"2023-10-05","7001",档案管理部,归档,290,36
9414,"2023-10-05","8001",异常工单组,挂起,202,38
9415,"2023-10-06","1001",客服一部,话务员暂存,287,0
9416,"2023-10-06","1001",客服一部,话务员受理,192,35
9417,"2023-10-06","1002",客服二部,话务员受理,97,5
9418,"2023-10-06","2001",业务一科,话务员办理,199,37
9419,"2023-10-06","2002",业务二科,话务员办理,217,9
9420,"2023-10-06","3001",热线审核中心,热线审核,286,30
9421,"2023-10-06","3002",热线复核中心,热线复核,163,20
9422,"2023-10-06","4001",承办单位A,承办单位审核,77,8
9423,"2023-10-06","4001",承办单位A,承办单位处理,222,4
9424,"2023-10-06","4002",承办单位B,承办单位处理,146,23
9425,"2023-10-06","4003",承办复核部A,承办单位复核,233,34
9426,"2023-10-06","5001",结案一部,办结,258,37
9427,"2023-10-06","5002",结案二部,办结,246,11
9428,"2023-10-06","6001",客户回访一组,回访,124,12
9429,"2023-10-06","6002",客户回访二组,回访,164,14
9430,"2023-10-06","6003",客户回访三组,回访,228,11
9431,"2023-10-06","7001",档案管理部,归档,248,5
9432,"2023-10-06","8001",异常工单组,挂起,61,7
9433,"2023-10-07","1001",客服一部,话务员暂存,59,0
9434,"2023-10-07","1001",客服一部,话务员受理,116,7
9435,"2023-10-07","1002",客服二部,话务员受理,248,15
9436,"2023-10-07","2001",业务一科,话务员办理,87,4
9437,"2023-10-07","2002",业务二科,话务员办理,51,9
9438,"2023-10-07","3001",热线审核中心,热线审核,72,9
9439,"2023-10-07","3002",热线复核中心,热线复核,113,3
9440,"2023-10-07","4001",承办单位A,承办单位审核,221,44
9441,"2023-10-07","4001",承办单位A,承办单位处理,53,3
9442,"2023-10-07","4002",承办单位B,承办单位处理,284,49
9443,"2023-10-07","4003",承办复核部A,承办单位复核,107,16
9444,"2023-10-07","5001",结案一部,办结,151,17
9445,"2023-10-07","5002",结案二部,办结,126,9
9446,"2023-10-07","6001",客户回访一组,回访,218,0
9447,"2023-10-07","6002",客户回访二组,回访,196,33
9448,"2023-10-07","6003",客户回访三组,回访,192,13
9449,"2023-10-07","7001",档案管理部,归档,173,24
9450,"2023-10-07","8001",异常工单组,挂起,87,4
9451,"2023-10-08","1001",客服一部,话务员暂存,194,0
9452,"2023-10-08","1001",客服一部,话务员受理,183,1
9453,"2023-10-08","1002",客服二部,话务员受理,77,15
9454,"2023-10-08","2001",业务一科,话务员办理,250,27
9455,"2023-10-08","2002",业务二科,话务员办理,208,34
9456,"2023-10-08","3001",热线审核中心,热线审核,299,19
9457,"2023-10-08","3002",热线复核中心,热线复核,172,32
9458,"2023-10-08","4001",承办单位A,承办单位审核,170,33
9459,"2023-10-08","4001",承办单位A,承办单位处理,222,34
9460,"2023-10-08","4002",承办单位B,承办单位处理,63,0
9461,"2023-10-08","4003",承办复核部A,承办单位复核,161,19
9462,"2023-10-08","5001",结案一部,办结,299,23
9463,"2023-10-08","5002",结案二部,办结,137,12
9464,"2023-10-08","6001",客户回访一组,回访,50,0
9465,"2023-10-08","6002",客户回访二组,回访,300,17
9466,"2023-10-08","6003",客户回访三组,回访,60,6
9467,"2023-10-08","7001",档案管理部,归档,116,12
9468,"2023-10-08","8001",异常工单组,挂起,212,22
9469,"2023-10-09","1001",客服一部,话务员暂存,148,0
9470,"2023-10-09","1001",客服一部,话务员受理,105,15
9471,"2023-10-09","1002",客服二部,话务员受理,148,5
9472,"2023-10-09","2001",业务一科,话务员办理,250,43
9473,"2023-10-09","2002",业务二科,话务员办理,267,23
9474,"2023-10-09","3001",热线审核中心,热线审核,141,15
9475,"2023-10-09","3002",热线复核中心,热线复核,233,36
9476,"2023-10-09","4001",承办单位A,承办单位审核,158,27
9477,"2023-10-09","4001",承办单位A,承办单位处理,249,30
9478,"2023-10-09","4002",承办单位B,承办单位处理,158,12
9479,"2023-10-09","4003",承办复核部A,承办单位复核,259,26
9480,"2023-10-09","5001",结案一部,办结,132,23
9481,"2023-10-09","5002",结案二部,办结,173,15
9482,"2023-10-09","6001",客户回访一组,回访,259,32
9483,"2023-10-09","6002",客户回访二组,回访,208,2
9484,"2023-10-09","6003",客户回访三组,回访,171,4
9485,"2023-10-09","7001",档案管理部,归档,271,28
9486,"2023-10-09","8001",异常工单组,挂起,161,9
9487,"2023-10-10","1001",客服一部,话务员暂存,80,0
9488,"2023-10-10","1001",客服一部,话务员受理,118,15
9489,"2023-10-10","1002",客服二部,话务员受理,195,37
9490,"2023-10-10","2001",业务一科,话务员办理,153,1
9491,"2023-10-10","2002",业务二科,话务员办理,288,38
9492,"2023-10-10","3001",热线审核中心,热线审核,150,23
9493,"2023-10-10","3002",热线复核中心,热线复核,74,0
9494,"2023-10-10","4001",承办单位A,承办单位审核,284,40
9495,"2023-10-10","4001",承办单位A,承办单位处理,214,32
9496,"2023-10-10","4002",承办单位B,承办单位处理,89,17
9497,"2023-10-10","4003",承办复核部A,承办单位复核,103,17
9498,"2023-10-10","5001",结案一部,办结,81,5
9499,"2023-10-10","5002",结案二部,办结,69,3
9500,"2023-10-10","6001",客户回访一组,回访,227,10
9501,"2023-10-10","6002",客户回访二组,回访,55,2
9502,"2023-10-10","6003",客户回访三组,回访,171,17
9503,"2023-10-10","7001",档案管理部,归档,98,15
9504,"2023-10-10","8001",异常工单组,挂起,60,3
9505,"2023-10-11","1001",客服一部,话务员暂存,59,0
9506,"2023-10-11","1001",客服一部,话务员受理,292,44
9507,"2023-10-11","1002",客服二部,话务员受理,248,12
9508,"2023-10-11","2001",业务一科,话务员办理,274,10
9509,"2023-10-11","2002",业务二科,话务员办理,73,3
9510,"2023-10-11","3001",热线审核中心,热线审核,57,2
9511,"2023-10-11","3002",热线复核中心,热线复核,267,24
9512,"2023-10-11","4001",承办单位A,承办单位审核,52,4
9513,"2023-10-11","4001",承办单位A,承办单位处理,244,16
9514,"2023-10-11","4002",承办单位B,承办单位处理,136,22
9515,"2023-10-11","4003",承办复核部A,承办单位复核,165,10
9516,"2023-10-11","5001",结案一部,办结,91,11
9517,"2023-10-11","5002",结案二部,办结,273,19
9518,"2023-10-11","6001",客户回访一组,回访,78,7
9519,"2023-10-11","6002",客户回访二组,回访,220,22
9520,"2023-10-11","6003",客户回访三组,回访,69,13
9521,"2023-10-11","7001",档案管理部,归档,194,3
9522,"2023-10-11","8001",异常工单组,挂起,255,7
9523,"2023-10-12","1001",客服一部,话务员暂存,104,0
9524,"2023-10-12","1001",客服一部,话务员受理,241,37
9525,"2023-10-12","1002",客服二部,话务员受理,242,22
9526,"2023-10-12","2001",业务一科,话务员办理,284,44
9527,"2023-10-12","2002",业务二科,话务员办理,145,8
9528,"2023-10-12","3001",热线审核中心,热线审核,96,16
9529,"2023-10-12","3002",热线复核中心,热线复核,225,4
9530,"2023-10-12","4001",承办单位A,承办单位审核,81,12
9531,"2023-10-12","4001",承办单位A,承办单位处理,164,0
9532,"2023-10-12","4002",承办单位B,承办单位处理,184,22
9533,"2023-10-12","4003",承办复核部A,承办单位复核,63,5
9534,"2023-10-12","5001",结案一部,办结,124,20
9535,"2023-10-12","5002",结案二部,办结,163,29
9536,"2023-10-12","6001",客户回访一组,回访,74,5
9537,"2023-10-12","6002",客户回访二组,回访,290,12
9538,"2023-10-12","6003",客户回访三组,回访,130,5
9539,"2023-10-12","7001",档案管理部,归档,81,9
9540,"2023-10-12","8001",异常工单组,挂起,293,28
9541,"2023-10-13","1001",客服一部,话务员暂存,180,0
9542,"2023-10-13","1001",客服一部,话务员受理,292,0
9543,"2023-10-13","1002",客服二部,话务员受理,190,33
9544,"2023-10-13","2001",业务一科,话务员办理,125,2
9545,"2023-10-13","2002",业务二科,话务员办理,102,11
9546,"2023-10-13","3001",热线审核中心,热线审核,227,35
9547,"2023-10-13","3002",热线复核中心,热线复核,299,34
9548,"2023-10-13","4001",承办单位A,承办单位审核,291,13
9549,"2023-10-13","4001",承办单位A,承办单位处理,168,8
9550,"2023-10-13","4002",承办单位B,承办单位处理,243,25
9551,"2023-10-13","4003",承办复核部A,承办单位复核,283,50
9552,"2023-10-13","5001",结案一部,办结,284,52
9553,"2023-10-13","5002",结案二部,办结,112,17
9554,"2023-10-13","6001",客户回访一组,回访,260,14
9555,"2023-10-13","6002",客户回访二组,回访,281,54
9556,"2023-10-13","6003",客户回访三组,回访,130,14
9557,"2023-10-13","7001",档案管理部,归档,160,16
9558,"2023-10-13","8001",异常工单组,挂起,87,10
9559,"2023-10-14","1001",客服一部,话务员暂存,225,0
9560,"2023-10-14","1001",客服一部,话务员受理,138,11
9561,"2023-10-14","1002",客服二部,话务员受理,130,20
9562,"2023-10-14","2001",业务一科,话务员办理,114,22
9563,"2023-10-14","2002",业务二科,话务员办理,206,8
9564,"2023-10-14","3001",热线审核中心,热线审核,142,27
9565,"2023-10-14","3002",热线复核中心,热线复核,269,21
9566,"2023-10-14","4001",承办单位A,承办单位审核,122,22
9567,"2023-10-14","4001",承办单位A,承办单位处理,235,10
9568,"2023-10-14","4002",承办单位B,承办单位处理,84,9
9569,"2023-10-14","4003",承办复核部A,承办单位复核,125,18
9570,"2023-10-14","5001",结案一部,办结,237,25
9571,"2023-10-14","5002",结案二部,办结,237,35
9572,"2023-10-14","6001",客户回访一组,回访,169,25
9573,"2023-10-14","6002",客户回访二组,回访,273,49
9574,"2023-10-14","6003",客户回访三组,回访,96,17
9575,"2023-10-14","7001",档案管理部,归档,150,30
9576,"2023-10-14","8001",异常工单组,挂起,166,17
9577,"2023-10-15","1001",客服一部,话务员暂存,247,0
9578,"2023-10-15","1001",客服一部,话务员受理,292,31
9579,"2023-10-15","1002",客服二部,话务员受理,209,9
9580,"2023-10-15","2001",业务一科,话务员办理,66,12
9581,"2023-10-15","2002",业务二科,话务员办理,81,14
9582,"2023-10-15","3001",热线审核中心,热线审核,85,14
9583,"2023-10-15","3002",热线复核中心,热线复核,210,27
9584,"2023-10-15","4001",承办单位A,承办单位审核,102,10
9585,"2023-10-15","4001",承办单位A,承办单位处理,171,32
9586,"2023-10-15","4002",承办单位B,承办单位处理,203,7
9587,"2023-10-15","4003",承办复核部A,承办单位复核,99,11
9588,"2023-10-15","5001",结案一部,办结,227,13
9589,"2023-10-15","5002",结案二部,办结,52,10
9590,"2023-10-15","6001",客户回访一组,回访,248,20
9591,"2023-10-15","6002",客户回访二组,回访,143,9
9592,"2023-10-15","6003",客户回访三组,回访,139,24
9593,"2023-10-15","7001",档案管理部,归档,86,10
9594,"2023-10-15","8001",异常工单组,挂起,85,1
9595,"2023-10-16","1001",客服一部,话务员暂存,123,0
9596,"2023-10-16","1001",客服一部,话务员受理,291,22
9597,"2023-10-16","1002",客服二部,话务员受理,235,25
9598,"2023-10-16","2001",业务一科,话务员办理,78,7
9599,"2023-10-16","2002",业务二科,话务员办理,257,12
9600,"2023-10-16","3001",热线审核中心,热线审核,68,7
9601,"2023-10-16","3002",热线复核中心,热线复核,231,28
9602,"2023-10-16","4001",承办单位A,承办单位审核,288,39
9603,"2023-10-16","4001",承办单位A,承办单位处理,130,16
9604,"2023-10-16","4002",承办单位B,承办单位处理,115,21
9605,"2023-10-16","4003",承办复核部A,承办单位复核,160,14
9606,"2023-10-16","5001",结案一部,办结,84,13
9607,"2023-10-16","5002",结案二部,办结,101,13
9608,"2023-10-16","6001",客户回访一组,回访,205,28
9609,"2023-10-16","6002",客户回访二组,回访,74,2
9610,"2023-10-16","6003",客户回访三组,回访,137,16
9611,"2023-10-16","7001",档案管理部,归档,123,22
9612,"2023-10-16","8001",异常工单组,挂起,269,50
9613,"2023-10-17","1001",客服一部,话务员暂存,275,0
9614,"2023-10-17","1001",客服一部,话务员受理,65,8
9615,"2023-10-17","1002",客服二部,话务员受理,107,8
9616,"2023-10-17","2001",业务一科,话务员办理,281,6
9617,"2023-10-17","2002",业务二科,话务员办理,102,9
9618,"2023-10-17","3001",热线审核中心,热线审核,212,24
9619,"2023-10-17","3002",热线复核中心,热线复核,216,5
9620,"2023-10-17","4001",承办单位A,承办单位审核,121,17
9621,"2023-10-17","4001",承办单位A,承办单位处理,145,11
9622,"2023-10-17","4002",承办单位B,承办单位处理,100,19
9623,"2023-10-17","4003",承办复核部A,承办单位复核,64,5
9624,"2023-10-17","5001",结案一部,办结,280,29
9625,"2023-10-17","5002",结案二部,办结,189,23
9626,"2023-10-17","6001",客户回访一组,回访,222,33
9627,"2023-10-17","6002",客户回访二组,回访,178,31
9628,"2023-10-17","6003",客户回访三组,回访,164,3
9629,"2023-10-17","7001",档案管理部,归档,248,2
9630,"2023-10-17","8001",异常工单组,挂起,143,17
9631,"2023-10-18","1001",客服一部,话务员暂存,169,0
9632,"2023-10-18","1001",客服一部,话务员受理,227,16
9633,"2023-10-18","1002",客服二部,话务员受理,212,25
9634,"2023-10-18","2001",业务一科,话务员办理,130,24
9635,"2023-10-18","2002",业务二科,话务员办理,288,37
9636,"2023-10-18","3001",热线审核中心,热线审核,91,0
9637,"2023-10-18","3002",热线复核中心,热线复核,281,47
9638,"2023-10-18","4001",承办单位A,承办单位审核,98,1
9639,"2023-10-18","4001",承办单位A,承办单位处理,100,11
9640,"2023-10-18","4002",承办单位B,承办单位处理,299,49
9641,"2023-10-18","4003",承办复核部A,承办单位复核,226,40
9642,"2023-10-18","5001",结案一部,办结,117,15
9643,"2023-10-18","5002",结案二部,办结,145,29
9644,"2023-10-18","6001",客户回访一组,回访,154,20
9645,"2023-10-18","6002",客户回访二组,回访,210,21
9646,"2023-10-18","6003",客户回访三组,回访,115,8
9647,"2023-10-18","7001",档案管理部,归档,79,1
9648,"2023-10-18","8001",异常工单组,挂起,153,23
9649,"2023-10-19","1001",客服一部,话务员暂存,220,0
9650,"2023-10-19","1001",客服一部,话务员受理,252,47
9651,"2023-10-19","1002",客服二部,话务员受理,140,4
9652,"2023-10-19","2001",业务一科,话务员办理,225,14
9653,"2023-10-19","2002",业务二科,话务员办理,126,20
9654,"2023-10-19","3001",热线审核中心,热线审核,164,6
9655,"2023-10-19","3002",热线复核中心,热线复核,268,9
9656,"2023-10-19","4001",承办单位A,承办单位审核,156,28
9657,"2023-10-19","4001",承办单位A,承办单位处理,220,28
9658,"2023-10-19","4002",承办单位B,承办单位处理,275,40
9659,"2023-10-19","4003",承办复核部A,承办单位复核,105,13
9660,"2023-10-19","5001",结案一部,办结,80,4
9661,"2023-10-19","5002",结案二部,办结,196,29
9662,"2023-10-19","6001",客户回访一组,回访,268,12
9663,"2023-10-19","6002",客户回访二组,回访,184,35
9664,"2023-10-19","6003",客户回访三组,回访,241,2
9665,"2023-10-19","7001",档案管理部,归档,187,10
9666,"2023-10-19","8001",异常工单组,挂起,163,6
9667,"2023-10-20","1001",客服一部,话务员暂存,299,0
9668,"2023-10-20","1001",客服一部,话务员受理,250,43
9669,"2023-10-20","1002",客服二部,话务员受理,167,9
9670,"2023-10-20","2001",业务一科,话务员办理,298,26
9671,"2023-10-20","2002",业务二科,话务员办理,281,31
9672,"2023-10-20","3001",热线审核中心,热线审核,291,36
9673,"2023-10-20","3002",热线复核中心,热线复核,276,48
9674,"2023-10-20","4001",承办单位A,承办单位审核,75,2
9675,"2023-10-20","4001",承办单位A,承办单位处理,115,19
9676,"2023-10-20","4002",承办单位B,承办单位处理,275,41
9677,"2023-10-20","4003",承办复核部A,承办单位复核,70,1
9678,"2023-10-20","5001",结案一部,办结,145,6
9679,"2023-10-20","5002",结案二部,办结,98,15
9680,"2023-10-20","6001",客户回访一组,回访,223,26
9681,"2023-10-20","6002",客户回访二组,回访,190,2
9682,"2023-10-20","6003",客户回访三组,回访,142,19
9683,"2023-10-20","7001",档案管理部,归档,174,13
9684,"2023-10-20","8001",异常工单组,挂起,62,1
9685,"2023-10-21","1001",客服一部,话务员暂存,272,0
9686,"2023-10-21","1001",客服一部,话务员受理,209,9
9687,"2023-10-21","1002",客服二部,话务员受理,125,21
9688,"2023-10-21","2001",业务一科,话务员办理,154,12
9689,"2023-10-21","2002",业务二科,话务员办理,210,32
9690,"2023-10-21","3001",热线审核中心,热线审核,224,17
9691,"2023-10-21","3002",热线复核中心,热线复核,272,27
9692,"2023-10-21","4001",承办单位A,承办单位审核,180,27
9693,"2023-10-21","4001",承办单位A,承办单位处理,50,2
9694,"2023-10-21","4002",承办单位B,承办单位处理,197,29
9695,"2023-10-21","4003",承办复核部A,承办单位复核,71,8
9696,"2023-10-21","5001",结案一部,办结,254,44
9697,"2023-10-21","5002",结案二部,办结,295,59
9698,"2023-10-21","6001",客户回访一组,回访,148,5
9699,"2023-10-21","6002",客户回访二组,回访,239,7
9700,"2023-10-21","6003",客户回访三组,回访,295,17
9701,"2023-10-21","7001",档案管理部,归档,121,16
9702,"2023-10-21","8001",异常工单组,挂起,110,11
9703,"2023-10-22","1001",客服一部,话务员暂存,216,0
9704,"2023-10-22","1001",客服一部,话务员受理,160,25
9705,"2023-10-22","1002",客服二部,话务员受理,188,12
9706,"2023-10-22","2001",业务一科,话务员办理,89,6
9707,"2023-10-22","2002",业务二科,话务员办理,204,23
9708,"2023-10-22","3001",热线审核中心,热线审核,195,10
9709,"2023-10-22","3002",热线复核中心,热线复核,204,4
9710,"2023-10-22","4001",承办单位A,承办单位审核,165,12
9711,"2023-10-22","4001",承办单位A,承办单位处理,263,9
9712,"2023-10-22","4002",承办单位B,承办单位处理,210,21
9713,"2023-10-22","4003",承办复核部A,承办单位复核,77,4
9714,"2023-10-22","5001",结案一部,办结,273,26
9715,"2023-10-22","5002",结案二部,办结,121,13
9716,"2023-10-22","6001",客户回访一组,回访,172,32
9717,"2023-10-22","6002",客户回访二组,回访,221,44
9718,"2023-10-22","6003",客户回访三组,回访,187,12
9719,"2023-10-22","7001",档案管理部,归档,104,15
9720,"2023-10-22","8001",异常工单组,挂起,74,14
9721,"2023-10-23","1001",客服一部,话务员暂存,58,0
9722,"2023-10-23","1001",客服一部,话务员受理,190,23
9723,"2023-10-23","1002",客服二部,话务员受理,57,1
9724,"2023-10-23","2001",业务一科,话务员办理,109,18
9725,"2023-10-23","2002",业务二科,话务员办理,103,19
9726,"2023-10-23","3001",热线审核中心,热线审核,189,26
9727,"2023-10-23","3002",热线复核中心,热线复核,293,3
9728,"2023-10-23","4001",承办单位A,承办单位审核,63,10
9729,"2023-10-23","4001",承办单位A,承办单位处理,196,37
9730,"2023-10-23","4002",承办单位B,承办单位处理,267,6
9731,"2023-10-23","4003",承办复核部A,承办单位复核,214,20
9732,"2023-10-23","5001",结案一部,办结,220,19
9733,"2023-10-23","5002",结案二部,办结,172,24
9734,"2023-10-23","6001",客户回访一组,回访,105,8
9735,"2023-10-23","6002",客户回访二组,回访,67,12
9736,"2023-10-23","6003",客户回访三组,回访,290,9
9737,"2023-10-23","7001",档案管理部,归档,149,22
9738,"2023-10-23","8001",异常工单组,挂起,241,2
9739,"2023-10-24","1001",客服一部,话务员暂存,93,0
9740,"2023-10-24","1001",客服一部,话务员受理,206,14
9741,"2023-10-24","1002",客服二部,话务员受理,284,32
9742,"2023-10-24","2001",业务一科,话务员办理,228,11
9743,"2023-10-24","2002",业务二科,话务员办理,275,29
9744,"2023-10-24","3001",热线审核中心,热线审核,190,32
9745,"2023-10-24","3002",热线复核中心,热线复核,148,18
9746,"2023-10-24","4001",承办单位A,承办单位审核,228,20
9747,"2023-10-24","4001",承办单位A,承办单位处理,102,0
9748,"2023-10-24","4002",承办单位B,承办单位处理,184,1
9749,"2023-10-24","4003",承办复核部A,承办单位复核,211,19
9750,"2023-10-24","5001",结案一部,办结,135,4
9751,"2023-10-24","5002",结案二部,办结,114,8
9752,"2023-10-24","6001",客户回访一组,回访,210,19
9753,"2023-10-24","6002",客户回访二组,回访,79,3
9754,"2023-10-24","6003",客户回访三组,回访,199,30
9755,"2023-10-24","7001",档案管理部,归档,267,44
9756,"2023-10-24","8001",异常工单组,挂起,201,16
9757,"2023-10-25","1001",客服一部,话务员暂存,130,0
9758,"2023-10-25","1001",客服一部,话务员受理,238,44
9759,"2023-10-25","1002",客服二部,话务员受理,69,0
9760,"2023-10-25","2001",业务一科,话务员办理,233,14
9761,"2023-10-25","2002",业务二科,话务员办理,255,11
9762,"2023-10-25","3001",热线审核中心,热线审核,276,21
9763,"2023-10-25","3002",热线复核中心,热线复核,235,39
9764,"2023-10-25","4001",承办单位A,承办单位审核,115,14
9765,"2023-10-25","4001",承办单位A,承办单位处理,128,23
9766,"2023-10-25","4002",承办单位B,承办单位处理,134,26
9767,"2023-10-25","4003",承办复核部A,承办单位复核,213,18
9768,"2023-10-25","5001",结案一部,办结,193,24
9769,"2023-10-25","5002",结案二部,办结,233,32
9770,"2023-10-25","6001",客户回访一组,回访,77,4
9771,"2023-10-25","6002",客户回访二组,回访,104,11
9772,"2023-10-25","6003",客户回访三组,回访,110,14
9773,"2023-10-25","7001",档案管理部,归档,221,35
9774,"2023-10-25","8001",异常工单组,挂起,200,4
9775,"2023-10-26","1001",客服一部,话务员暂存,72,0
9776,"2023-10-26","1001",客服一部,话务员受理,238,37
9777,"2023-10-26","1002",客服二部,话务员受理,168,9
9778,"2023-10-26","2001",业务一科,话务员办理,230,9
9779,"2023-10-26","2002",业务二科,话务员办理,157,16
9780,"2023-10-26","3001",热线审核中心,热线审核,248,9
9781,"2023-10-26","3002",热线复核中心,热线复核,245,30
9782,"2023-10-26","4001",承办单位A,承办单位审核,216,23
9783,"2023-10-26","4001",承办单位A,承办单位处理,247,10
9784,"2023-10-26","4002",承办单位B,承办单位处理,297,8
9785,"2023-10-26","4003",承办复核部A,承办单位复核,241,15
9786,"2023-10-26","5001",结案一部,办结,218,21
9787,"2023-10-26","5002",结案二部,办结,135,15
9788,"2023-10-26","6001",客户回访一组,回访,105,14
9789,"2023-10-26","6002",客户回访二组,回访,203,0
9790,"2023-10-26","6003",客户回访三组,回访,115,13
9791,"2023-10-26","7001",档案管理部,归档,54,1
9792,"2023-10-26","8001",异常工单组,挂起,91,17
9793,"2023-10-27","1001",客服一部,话务员暂存,161,0
9794,"2023-10-27","1001",客服一部,话务员受理,151,21
9795,"2023-10-27","1002",客服二部,话务员受理,219,32
9796,"2023-10-27","2001",业务一科,话务员办理,208,11
9797,"2023-10-27","2002",业务二科,话务员办理,112,17
9798,"2023-10-27","3001",热线审核中心,热线审核,276,29
9799,"2023-10-27","3002",热线复核中心,热线复核,272,50
9800,"2023-10-27","4001",承办单位A,承办单位审核,227,30
9801,"2023-10-27","4001",承办单位A,承办单位处理,141,0
9802,"2023-10-27","4002",承办单位B,承办单位处理,211,8
9803,"2023-10-27","4003",承办复核部A,承办单位复核,239,31
9804,"2023-10-27","5001",结案一部,办结,142,15
9805,"2023-10-27","5002",结案二部,办结,93,13
9806,"2023-10-27","6001",客户回访一组,回访,159,31
9807,"2023-10-27","6002",客户回访二组,回访,182,22
9808,"2023-10-27","6003",客户回访三组,回访,58,11
9809,"2023-10-27","7001",档案管理部,归档,215,22
9810,"2023-10-27","8001",异常工单组,挂起,229,45
9811,"2023-10-28","1001",客服一部,话务员暂存,126,0
9812,"2023-10-28","1001",客服一部,话务员受理,76,14
9813,"2023-10-28","1002",客服二部,话务员受理,111,8
9814,"2023-10-28","2001",业务一科,话务员办理,149,15
9815,"2023-10-28","2002",业务二科,话务员办理,171,13
9816,"2023-10-28","3001",热线审核中心,热线审核,222,16
9817,"2023-10-28","3002",热线复核中心,热线复核,163,26
9818,"2023-10-28","4001",承办单位A,承办单位审核,230,22
9819,"2023-10-28","4001",承办单位A,承办单位处理,261,26
9820,"2023-10-28","4002",承办单位B,承办单位处理,227,19
9821,"2023-10-28","4003",承办复核部A,承办单位复核,68,4
9822,"2023-10-28","5001",结案一部,办结,78,13
9823,"2023-10-28","5002",结案二部,办结,121,2
9824,"2023-10-28","6001",客户回访一组,回访,166,1
9825,"2023-10-28","6002",客户回访二组,回访,292,21
9826,"2023-10-28","6003",客户回访三组,回访,229,10
9827,"2023-10-28","7001",档案管理部,归档,252,16
9828,"2023-10-28","8001",异常工单组,挂起,214,31
9829,"2023-10-29","1001",客服一部,话务员暂存,242,0
9830,"2023-10-29","1001",客服一部,话务员受理,57,1
9831,"2023-10-29","1002",客服二部,话务员受理,178,16
9832,"2023-10-29","2001",业务一科,话务员办理,118,5
9833,"2023-10-29","2002",业务二科,话务员办理,106,6
9834,"2023-10-29","3001",热线审核中心,热线审核,291,25
9835,"2023-10-29","3002",热线复核中心,热线复核,58,2
9836,"2023-10-29","4001",承办单位A,承办单位审核,62,5
9837,"2023-10-29","4001",承办单位A,承办单位处理,66,8
9838,"2023-10-29","4002",承办单位B,承办单位处理,166,27
9839,"2023-10-29","4003",承办复核部A,承办单位复核,98,16
9840,"2023-10-29","5001",结案一部,办结,214,3
9841,"2023-10-29","5002",结案二部,办结,299,53
9842,"2023-10-29","6001",客户回访一组,回访,113,8
9843,"2023-10-29","6002",客户回访二组,回访,202,27
9844,"2023-10-29","6003",客户回访三组,回访,225,42
9845,"2023-10-29","7001",档案管理部,归档,239,46
9846,"2023-10-29","8001",异常工单组,挂起,216,26
9847,"2023-10-30","1001",客服一部,话务员暂存,225,0
9848,"2023-10-30","1001",客服一部,话务员受理,258,50
9849,"2023-10-30","1002",客服二部,话务员受理,98,0
9850,"2023-10-30","2001",业务一科,话务员办理,200,13
9851,"2023-10-30","2002",业务二科,话务员办理,281,50
9852,"2023-10-30","3001",热线审核中心,热线审核,153,1
9853,"2023-10-30","3002",热线复核中心,热线复核,212,35
9854,"2023-10-30","4001",承办单位A,承办单位审核,107,7
9855,"2023-10-30","4001",承办单位A,承办单位处理,102,3
9856,"2023-10-30","4002",承办单位B,承办单位处理,51,9
9857,"2023-10-30","4003",承办复核部A,承办单位复核,75,7
9858,"2023-10-30","5001",结案一部,办结,78,11
9859,"2023-10-30","5002",结案二部,办结,100,7
9860,"2023-10-30","6001",客户回访一组,回访,139,6
9861,"2023-10-30","6002",客户回访二组,回访,174,23
9862,"2023-10-30","6003",客户回访三组,回访,113,22
9863,"2023-10-30","7001",档案管理部,归档,160,16
9864,"2023-10-30","8001",异常工单组,挂起,172,5
9865,"2023-10-31","1001",客服一部,话务员暂存,113,0
9866,"2023-10-31","1001",客服一部,话务员受理,143,0
9867,"2023-10-31","1002",客服二部,话务员受理,157,20
9868,"2023-10-31","2001",业务一科,话务员办理,262,24
9869,"2023-10-31","2002",业务二科,话务员办理,237,18
9870,"2023-10-31","3001",热线审核中心,热线审核,77,12
9871,"2023-10-31","3002",热线复核中心,热线复核,90,13
9872,"2023-10-31","4001",承办单位A,承办单位审核,238,1
9873,"2023-10-31","4001",承办单位A,承办单位处理,143,28
9874,"2023-10-31","4002",承办单位B,承办单位处理,270,41
9875,"2023-10-31","4003",承办复核部A,承办单位复核,257,7
9876,"2023-10-31","5001",结案一部,办结,217,14
9877,"2023-10-31","5002",结案二部,办结,77,9
9878,"2023-10-31","6001",客户回访一组,回访,161,13
9879,"2023-10-31","6002",客户回访二组,回访,167,17
9880,"2023-10-31","6003",客户回访三组,回访,218,42
9881,"2023-10-31","7001",档案管理部,归档,213,18
9882,"2023-10-31","8001",异常工单组,挂起,78,8
9883,"2023-11-01","1001",客服一部,话务员暂存,232,0
9884,"2023-11-01","1001",客服一部,话务员受理,167,8
9885,"2023-11-01","1002",客服二部,话务员受理,218,19
9886,"2023-11-01","2001",业务一科,话务员办理,80,13
9887,"2023-11-01","2002",业务二科,话务员办理,59,7
9888,"2023-11-01","3001",热线审核中心,热线审核,161,28
9889,"2023-11-01","3002",热线复核中心,热线复核,122,0
9890,"2023-11-01","4001",承办单位A,承办单位审核,84,14
9891,"2023-11-01","4001",承办单位A,承办单位处理,204,22
9892,"2023-11-01","4002",承办单位B,承办单位处理,281,51
9893,"2023-11-01","4003",承办复核部A,承办单位复核,129,23
9894,"2023-11-01","5001",结案一部,办结,104,6
9895,"2023-11-01","5002",结案二部,办结,178,27
9896,"2023-11-01","6001",客户回访一组,回访,91,10
9897,"2023-11-01","6002",客户回访二组,回访,186,0
9898,"2023-11-01","6003",客户回访三组,回访,269,7
9899,"2023-11-01","7001",档案管理部,归档,137,20
9900,"2023-11-01","8001",异常工单组,挂起,212,33
9901,"2023-11-02","1001",客服一部,话务员暂存,245,0
9902,"2023-11-02","1001",客服一部,话务员受理,242,38
9903,"2023-11-02","1002",客服二部,话务员受理,70,11
9904,"2023-11-02","2001",业务一科,话务员办理,97,8
9905,"2023-11-02","2002",业务二科,话务员办理,145,10
9906,"2023-11-02","3001",热线审核中心,热线审核,189,37
9907,"2023-11-02","3002",热线复核中心,热线复核,126,15
9908,"2023-11-02","4001",承办单位A,承办单位审核,154,16
9909,"2023-11-02","4001",承办单位A,承办单位处理,235,1
9910,"2023-11-02","4002",承办单位B,承办单位处理,200,8
9911,"2023-11-02","4003",承办复核部A,承办单位复核,88,10
9912,"2023-11-02","5001",结案一部,办结,237,14
9913,"2023-11-02","5002",结案二部,办结,192,6
9914,"2023-11-02","6001",客户回访一组,回访,75,14
9915,"2023-11-02","6002",客户回访二组,回访,123,2
9916,"2023-11-02","6003",客户回访三组,回访,283,48
9917,"2023-11-02","7001",档案管理部,归档,297,28
9918,"2023-11-02","8001",异常工单组,挂起,77,1
9919,"2023-11-03","1001",客服一部,话务员暂存,271,0
9920,"2023-11-03","1001",客服一部,话务员受理,87,13
9921,"2023-11-03","1002",客服二部,话务员受理,111,11
9922,"2023-11-03","2001",业务一科,话务员办理,283,43
9923,"2023-11-03","2002",业务二科,话务员办理,85,10
9924,"2023-11-03","3001",热线审核中心,热线审核,170,6
9925,"2023-11-03","3002",热线复核中心,热线复核,233,35
9926,"2023-11-03","4001",承办单位A,承办单位审核,93,0
9927,"2023-11-03","4001",承办单位A,承办单位处理,167,10
9928,"2023-11-03","4002",承办单位B,承办单位处理,122,7
9929,"2023-11-03","4003",承办复核部A,承办单位复核,89,15
9930,"2023-11-03","5001",结案一部,办结,107,11
9931,"2023-11-03","5002",结案二部,办结,215,35
9932,"2023-11-03","6001",客户回访一组,回访,175,14
9933,"2023-11-03","6002",客户回访二组,回访,162,17
9934,"2023-11-03","6003",客户回访三组,回访,178,8
9935,"2023-11-03","7001",档案管理部,归档,70,8
9936,"2023-11-03","8001",异常工单组,挂起,253,1
9937,"2023-11-04","1001",客服一部,话务员暂存,300,0
9938,"2023-11-04","1001",客服一部,话务员受理,51,5
9939,"2023-11-04","1002",客服二部,话务员受理,220,22
9940,"2023-11-04","2001",业务一科,话务员办理,256,2
9941,"2023-11-04","2002",业务二科,话务员办理,67,7
9942,"2023-11-04","3001",热线审核中心,热线审核,220,25
9943,"2023-11-04","3002",热线复核中心,热线复核,89,4
9944,"2023-11-04","4001",承办单位A,承办单位审核,85,14
9945,"2023-11-04","4001",承办单位A,承办单位处理,113,6
9946,"2023-11-04","4002",承办单位B,承办单位处理,146,9
9947,"2023-11-04","4003",承办复核部A,承办单位复核,158,27
9948,"2023-11-04","5001",结案一部,办结,199,18
9949,"2023-11-04","5002",结案二部,办结,187,14
9950,"2023-11-04","6001",客户回访一组,回访,289,20
9951,"2023-11-04","6002",客户回访二组,回访,154,1
9952,"2023-11-04","6003",客户回访三组,回访,82,1
9953,"2023-11-04","7001",档案管理部,归档,110,21
9954,"2023-11-04","8001",异常工单组,挂起,144,1
9955,"2023-11-05","1001",客服一部,话务员暂存,261,0
9956,"2023-11-05","1001",客服一部,话务员受理,118,19
9957,"2023-11-05","1002",客服二部,话务员受理,269,31
9958,"2023-11-05","2001",业务一科,话务员办理,54,9
9959,"2023-11-05","2002",业务二科,话务员办理,194,38
9960,"2023-11-05","3001",热线审核中心,热线审核,191,21
9961,"2023-11-05","3002",热线复核中心,热线复核,216,19
9962,"2023-11-05","4001",承办单位A,承办单位审核,111,8
9963,"2023-11-05","4001",承办单位A,承办单位处理,111,21
9964,"2023-11-05","4002",承办单位B,承办单位处理,192,28
9965,"2023-11-05","4003",承办复核部A,承办单位复核,105,7
9966,"2023-11-05","5001",结案一部,办结,51,8
9967,"2023-11-05","5002",结案二部,办结,114,14
9968,"2023-11-05","6001",客户回访一组,回访,198,25
9969,"2023-11-05","6002",客户回访二组,回访,136,13
9970,"2023-11-05","6003",客户回访三组,回访,108,3
9971,"2023-11-05","7001",档案管理部,归档,246,46
9972,"2023-11-05","8001",异常工单组,挂起,237,3
9973,"2023-11-06","1001",客服一部,话务员暂存,73,0
9974,"2023-11-06","1001",客服一部,话务员受理,107,19
9975,"2023-11-06","1002",客服二部,话务员受理,258,50
9976,"2023-11-06","2001",业务一科,话务员办理,155,4
9977,"2023-11-06","2002",业务二科,话务员办理,286,40
9978,"2023-11-06","3001",热线审核中心,热线审核,144,26
9979,"2023-11-06","3002",热线复核中心,热线复核,242,29
9980,"2023-11-06","4001",承办单位A,承办单位审核,55,9
9981,"2023-11-06","4001",承办单位A,承办单位处理,201,22
9982,"2023-11-06","4002",承办单位B,承办单位处理,134,18
9983,"2023-11-06","4003",承办复核部A,承办单位复核,299,33
9984,"2023-11-06","5001",结案一部,办结,84,12
9985,"2023-11-06","5002",结案二部,办结,125,24
9986,"2023-11-06","6001",客户回访一组,回访,251,42
9987,"2023-11-06","6002",客户回访二组,回访,116,13
9988,"2023-11-06","6003",客户回访三组,回访,56,2
9989,"2023-11-06","7001",档案管理部,归档,209,1
9990,"2023-11-06","8001",异常工单组,挂起,135,21
9991,"2023-11-07","1001",客服一部,话务员暂存,219,0
9992,"2023-11-07","1001",客服一部,话务员受理,212,13
9993,"2023-11-07","1002",客服二部,话务员受理,93,12
9994,"2023-11-07","2001",业务一科,话务员办理,182,6
9995,"2023-11-07","2002",业务二科,话务员办理,126,18
9996,"2023-11-07","3001",热线审核中心,热线审核,255,24
9997,"2023-11-07","3002",热线复核中心,热线复核,268,46
9998,"2023-11-07","4001",承办单位A,承办单位审核,292,56
9999,"2023-11-07","4001",承办单位A,承办单位处理,182,14
10000,"2023-11-07","4002",承办单位B,承办单位处理,191,4
10001,"2023-11-07","4003",承办复核部A,承办单位复核,272,0
10002,"2023-11-07","5001",结案一部,办结,236,40
10003,"2023-11-07","5002",结案二部,办结,233,6
10004,"2023-11-07","6001",客户回访一组,回访,252,31
10005,"2023-11-07","6002",客户回访二组,回访,119,16
10006,"2023-11-07","6003",客户回访三组,回访,182,15
10007,"2023-11-07","7001",档案管理部,归档,68,3
10008,"2023-11-07","8001",异常工单组,挂起,233,13
10009,"2023-11-08","1001",客服一部,话务员暂存,213,0
10010,"2023-11-08","1001",客服一部,话务员受理,212,4
10011,"2023-11-08","1002",客服二部,话务员受理,289,12
10012,"2023-11-08","2001",业务一科,话务员办理,87,10
10013,"2023-11-08","2002",业务二科,话务员办理,261,2
10014,"2023-11-08","3001",热线审核中心,热线审核,163,30
10015,"2023-11-08","3002",热线复核中心,热线复核,86,13
10016,"2023-11-08","4001",承办单位A,承办单位审核,146,19
10017,"2023-11-08","4001",承办单位A,承办单位处理,128,21
10018,"2023-11-08","4002",承办单位B,承办单位处理,73,14
10019,"2023-11-08","4003",承办复核部A,承办单位复核,95,18
10020,"2023-11-08","5001",结案一部,办结,98,16
10021,"2023-11-08","5002",结案二部,办结,165,29
10022,"2023-11-08","6001",客户回访一组,回访,265,23
10023,"2023-11-08","6002",客户回访二组,回访,294,11
10024,"2023-11-08","6003",客户回访三组,回访,186,0
10025,"2023-11-08","7001",档案管理部,归档,248,46
10026,"2023-11-08","8001",异常工单组,挂起,267,16
10027,"2023-11-09","1001",客服一部,话务员暂存,68,0
10028,"2023-11-09","1001",客服一部,话务员受理,115,21
10029,"2023-11-09","1002",客服二部,话务员受理,232,22
10030,"2023-11-09","2001",业务一科,话务员办理,281,17
10031,"2023-11-09","2002",业务二科,话务员办理,182,31
10032,"2023-11-09","3001",热线审核中心,热线审核,92,0
10033,"2023-11-09","3002",热线复核中心,热线复核,142,26
10034,"2023-11-09","4001",承办单位A,承办单位审核,152,18
10035,"2023-11-09","4001",承办单位A,承办单位处理,114,9
10036,"2023-11-09","4002",承办单位B,承办单位处理,189,30
10037,"2023-11-09","4003",承办复核部A,承办单位复核,144,26
10038,"2023-11-09","5001",结案一部,办结,248,28
10039,"2023-11-09","5002",结案二部,办结,246,31
10040,"2023-11-09","6001",客户回访一组,回访,215,21
10041,"2023-11-09","6002",客户回访二组,回访,155,28
10042,"2023-11-09","6003",客户回访三组,回访,226,9
10043,"2023-11-09","7001",档案管理部,归档,148,27
10044,"2023-11-09","8001",异常工单组,挂起,250,9
10045,"2023-11-10","1001",客服一部,话务员暂存,222,0
10046,"2023-11-10","1001",客服一部,话务员受理,63,3
10047,"2023-11-10","1002",客服二部,话务员受理,233,39
10048,"2023-11-10","2001",业务一科,话务员办理,172,30
10049,"2023-11-10","2002",业务二科,话务员办理,63,12
10050,"2023-11-10","3001",热线审核中心,热线审核,228,39
10051,"2023-11-10","3002",热线复核中心,热线复核,208,4
10052,"2023-11-10","4001",承办单位A,承办单位审核,207,9
10053,"2023-11-10","4001",承办单位A,承办单位处理,298,3
10054,"2023-11-10","4002",承办单位B,承办单位处理,105,13
10055,"2023-11-10","4003",承办复核部A,承办单位复核,294,45
10056,"2023-11-10","5001",结案一部,办结,223,2
10057,"2023-11-10","5002",结案二部,办结,138,15
10058,"2023-11-10","6001",客户回访一组,回访,68,13
10059,"2023-11-10","6002",客户回访二组,回访,108,7
10060,"2023-11-10","6003",客户回访三组,回访,73,0
10061,"2023-11-10","7001",档案管理部,归档,170,21
10062,"2023-11-10","8001",异常工单组,挂起,259,28
10063,"2023-11-11","1001",客服一部,话务员暂存,119,0
10064,"2023-11-11","1001",客服一部,话务员受理,206,19
10065,"2023-11-11","1002",客服二部,话务员受理,67,5
10066,"2023-11-11","2001",业务一科,话务员办理,141,15
10067,"2023-11-11","2002",业务二科,话务员办理,188,6
10068,"2023-11-11","3001",热线审核中心,热线审核,298,19
10069,"2023-11-11","3002",热线复核中心,热线复核,291,40
10070,"2023-11-11","4001",承办单位A,承办单位审核,176,31
10071,"2023-11-11","4001",承办单位A,承办单位处理,263,19
10072,"2023-11-11","4002",承办单位B,承办单位处理,250,24
10073,"2023-11-11","4003",承办复核部A,承办单位复核,236,7
10074,"2023-11-11","5001",结案一部,办结,241,23
10075,"2023-11-11","5002",结案二部,办结,120,11
10076,"2023-11-11","6001",客户回访一组,回访,76,7
10077,"2023-11-11","6002",客户回访二组,回访,113,10
10078,"2023-11-11","6003",客户回访三组,回访,118,21
10079,"2023-11-11","7001",档案管理部,归档,242,26
10080,"2023-11-11","8001",异常工单组,挂起,215,27
10081,"2023-11-12","1001",客服一部,话务员暂存,67,0
10082,"2023-11-12","1001",客服一部,话务员受理,231,26
10083,"2023-11-12","1002",客服二部,话务员受理,108,9
10084,"2023-11-12","2001",业务一科,话务员办理,168,32
10085,"2023-11-12","2002",业务二科,话务员办理,106,2
10086,"2023-11-12","3001",热线审核中心,热线审核,248,4
10087,"2023-11-12","3002",热线复核中心,热线复核,152,9
10088,"2023-11-12","4001",承办单位A,承办单位审核,270,35
10089,"2023-11-12","4001",承办单位A,承办单位处理,61,12
10090,"2023-11-12","4002",承办单位B,承办单位处理,243,35
10091,"2023-11-12","4003",承办复核部A,承办单位复核,136,26
10092,"2023-11-12","5001",结案一部,办结,75,5
10093,"2023-11-12","5002",结案二部,办结,232,21
10094,"2023-11-12","6001",客户回访一组,回访,212,40
10095,"2023-11-12","6002",客户回访二组,回访,214,2
10096,"2023-11-12","6003",客户回访三组,回访,196,18
10097,"2023-11-12","7001",档案管理部,归档,203,7
10098,"2023-11-12","8001",异常工单组,挂起,82,8
10099,"2023-11-13","1001",客服一部,话务员暂存,239,0
10100,"2023-11-13","1001",客服一部,话务员受理,260,14
10101,"2023-11-13","1002",客服二部,话务员受理,96,16
10102,"2023-11-13","2001",业务一科,话务员办理,223,35
10103,"2023-11-13","2002",业务二科,话务员办理,298,32
10104,"2023-11-13","3001",热线审核中心,热线审核,203,21
10105,"2023-11-13","3002",热线复核中心,热线复核,180,35
10106,"2023-11-13","4001",承办单位A,承办单位审核,186,7
10107,"2023-11-13","4001",承办单位A,承办单位处理,82,3
10108,"2023-11-13","4002",承办单位B,承办单位处理,71,9
10109,"2023-11-13","4003",承办复核部A,承办单位复核,284,39
10110,"2023-11-13","5001",结案一部,办结,195,11
10111,"2023-11-13","5002",结案二部,办结,267,41
10112,"2023-11-13","6001",客户回访一组,回访,271,34
10113,"2023-11-13","6002",客户回访二组,回访,279,19
10114,"2023-11-13","6003",客户回访三组,回访,279,37
10115,"2023-11-13","7001",档案管理部,归档,212,10
10116,"2023-11-13","8001",异常工单组,挂起,148,2
10117,"2023-11-14","1001",客服一部,话务员暂存,214,0
10118,"2023-11-14","1001",客服一部,话务员受理,123,5
10119,"2023-11-14","1002",客服二部,话务员受理,96,7
10120,"2023-11-14","2001",业务一科,话务员办理,155,19
10121,"2023-11-14","2002",业务二科,话务员办理,105,1
10122,"2023-11-14","3001",热线审核中心,热线审核,164,10
10123,"2023-11-14","3002",热线复核中心,热线复核,63,11
10124,"2023-11-14","4001",承办单位A,承办单位审核,297,12
10125,"2023-11-14","4001",承办单位A,承办单位处理,67,6
10126,"2023-11-14","4002",承办单位B,承办单位处理,53,0
10127,"2023-11-14","4003",承办复核部A,承办单位复核,155,11
10128,"2023-11-14","5001",结案一部,办结,104,10
10129,"2023-11-14","5002",结案二部,办结,67,3
10130,"2023-11-14","6001",客户回访一组,回访,52,1
10131,"2023-11-14","6002",客户回访二组,回访,55,2
10132,"2023-11-14","6003",客户回访三组,回访,264,26
10133,"2023-11-14","7001",档案管理部,归档,285,12
10134,"2023-11-14","8001",异常工单组,挂起,107,17
10135,"2023-11-15","1001",客服一部,话务员暂存,132,0
10136,"2023-11-15","1001",客服一部,话务员受理,58,9
10137,"2023-11-15","1002",客服二部,话务员受理,271,1
10138,"2023-11-15","2001",业务一科,话务员办理,241,9
10139,"2023-11-15","2002",业务二科,话务员办理,54,2
10140,"2023-11-15","3001",热线审核中心,热线审核,182,21
10141,"2023-11-15","3002",热线复核中心,热线复核,196,15
10142,"2023-11-15","4001",承办单位A,承办单位审核,54,8
10143,"2023-11-15","4001",承办单位A,承办单位处理,152,11
10144,"2023-11-15","4002",承办单位B,承办单位处理,226,25
10145,"2023-11-15","4003",承办复核部A,承办单位复核,164,26
10146,"2023-11-15","5001",结案一部,办结,271,21
10147,"2023-11-15","5002",结案二部,办结,174,25
10148,"2023-11-15","6001",客户回访一组,回访,108,16
10149,"2023-11-15","6002",客户回访二组,回访,143,14
10150,"2023-11-15","6003",客户回访三组,回访,154,4
10151,"2023-11-15","7001",档案管理部,归档,224,0
10152,"2023-11-15","8001",异常工单组,挂起,190,7
10153,"2023-11-16","1001",客服一部,话务员暂存,143,0
10154,"2023-11-16","1001",客服一部,话务员受理,122,7
10155,"2023-11-16","1002",客服二部,话务员受理,51,6
10156,"2023-11-16","2001",业务一科,话务员办理,184,1
10157,"2023-11-16","2002",业务二科,话务员办理,119,3
10158,"2023-11-16","3001",热线审核中心,热线审核,173,7
10159,"2023-11-16","3002",热线复核中心,热线复核,172,30
10160,"2023-11-16","4001",承办单位A,承办单位审核,94,4
10161,"2023-11-16","4001",承办单位A,承办单位处理,221,28
10162,"2023-11-16","4002",承办单位B,承办单位处理,113,17
10163,"2023-11-16","4003",承办复核部A,承办单位复核,231,34
10164,"2023-11-16","5001",结案一部,办结,244,10
10165,"2023-11-16","5002",结案二部,办结,294,26
10166,"2023-11-16","6001",客户回访一组,回访,260,37
10167,"2023-11-16","6002",客户回访二组,回访,131,9
10168,"2023-11-16","6003",客户回访三组,回访,96,8
10169,"2023-11-16","7001",档案管理部,归档,59,1
10170,"2023-11-16","8001",异常工单组,挂起,289,20
10171,"2023-11-17","1001",客服一部,话务员暂存,258,0
10172,"2023-11-17","1001",客服一部,话务员受理,146,2
10173,"2023-11-17","1002",客服二部,话务员受理,129,19
10174,"2023-11-17","2001",业务一科,话务员办理,72,13
10175,"2023-11-17","2002",业务二科,话务员办理,173,12
10176,"2023-11-17","3001",热线审核中心,热线审核,254,29
10177,"2023-11-17","3002",热线复核中心,热线复核,63,3
10178,"2023-11-17","4001",承办单位A,承办单位审核,219,34
10179,"2023-11-17","4001",承办单位A,承办单位处理,292,5
10180,"2023-11-17","4002",承办单位B,承办单位处理,172,20
10181,"2023-11-17","4003",承办复核部A,承办单位复核,94,10
10182,"2023-11-17","5001",结案一部,办结,99,3
10183,"2023-11-17","5002",结案二部,办结,227,30
10184,"2023-11-17","6001",客户回访一组,回访,96,7
10185,"2023-11-17","6002",客户回访二组,回访,84,12
10186,"2023-11-17","6003",客户回访三组,回访,207,22
10187,"2023-11-17","7001",档案管理部,归档,234,11
10188,"2023-11-17","8001",异常工单组,挂起,114,2
10189,"2023-11-18","1001",客服一部,话务员暂存,92,0
10190,"2023-11-18","1001",客服一部,话务员受理,80,7
10191,"2023-11-18","1002",客服二部,话务员受理,75,15
10192,"2023-11-18","2001",业务一科,话务员办理,209,6
10193,"2023-11-18","2002",业务二科,话务员办理,144,28
10194,"2023-11-18","3001",热线审核中心,热线审核,150,19
10195,"2023-11-18","3002",热线复核中心,热线复核,247,30
10196,"2023-11-18","4001",承办单位A,承办单位审核,293,28
10197,"2023-11-18","4001",承办单位A,承办单位处理,91,14
10198,"2023-11-18","4002",承办单位B,承办单位处理,221,12
10199,"2023-11-18","4003",承办复核部A,承办单位复核,243,12
10200,"2023-11-18","5001",结案一部,办结,142,5
10201,"2023-11-18","5002",结案二部,办结,124,9
10202,"2023-11-18","6001",客户回访一组,回访,180,1
10203,"2023-11-18","6002",客户回访二组,回访,71,11
10204,"2023-11-18","6003",客户回访三组,回访,53,3
10205,"2023-11-18","7001",档案管理部,归档,81,2
10206,"2023-11-18","8001",异常工单组,挂起,99,9
10207,"2023-11-19","1001",客服一部,话务员暂存,154,0
10208,"2023-11-19","1001",客服一部,话务员受理,224,7
10209,"2023-11-19","1002",客服二部,话务员受理,207,13
10210,"2023-11-19","2001",业务一科,话务员办理,108,8
10211,"2023-11-19","2002",业务二科,话务员办理,91,5
10212,"2023-11-19","3001",热线审核中心,热线审核,152,5
10213,"2023-11-19","3002",热线复核中心,热线复核,229,11
10214,"2023-11-19","4001",承办单位A,承办单位审核,230,35
10215,"2023-11-19","4001",承办单位A,承办单位处理,79,11
10216,"2023-11-19","4002",承办单位B,承办单位处理,259,41
10217,"2023-11-19","4003",承办复核部A,承办单位复核,195,36
10218,"2023-11-19","5001",结案一部,办结,171,24
10219,"2023-11-19","5002",结案二部,办结,230,37
10220,"2023-11-19","6001",客户回访一组,回访,128,16
10221,"2023-11-19","6002",客户回访二组,回访,192,35
10222,"2023-11-19","6003",客户回访三组,回访,65,5
10223,"2023-11-19","7001",档案管理部,归档,85,1
10224,"2023-11-19","8001",异常工单组,挂起,235,1
10225,"2023-11-20","1001",客服一部,话务员暂存,111,0
10226,"2023-11-20","1001",客服一部,话务员受理,196,25
10227,"2023-11-20","1002",客服二部,话务员受理,284,24
10228,"2023-11-20","2001",业务一科,话务员办理,267,44
10229,"2023-11-20","2002",业务二科,话务员办理,260,0
10230,"2023-11-20","3001",热线审核中心,热线审核,97,6
10231,"2023-11-20","3002",热线复核中心,热线复核,258,40
10232,"2023-11-20","4001",承办单位A,承办单位审核,162,26
10233,"2023-11-20","4001",承办单位A,承办单位处理,297,40
10234,"2023-11-20","4002",承办单位B,承办单位处理,141,20
10235,"2023-11-20","4003",承办复核部A,承办单位复核,232,28
10236,"2023-11-20","5001",结案一部,办结,126,5
10237,"2023-11-20","5002",结案二部,办结,125,2
10238,"2023-11-20","6001",客户回访一组,回访,156,21
10239,"2023-11-20","6002",客户回访二组,回访,136,11
10240,"2023-11-20","6003",客户回访三组,回访,122,12
10241,"2023-11-20","7001",档案管理部,归档,132,3
10242,"2023-11-20","8001",异常工单组,挂起,102,2
10243,"2023-11-21","1001",客服一部,话务员暂存,101,0
10244,"2023-11-21","1001",客服一部,话务员受理,236,17
10245,"2023-11-21","1002",客服二部,话务员受理,104,2
10246,"2023-11-21","2001",业务一科,话务员办理,162,29
10247,"2023-11-21","2002",业务二科,话务员办理,152,12
10248,"2023-11-21","3001",热线审核中心,热线审核,196,23
10249,"2023-11-21","3002",热线复核中心,热线复核,264,39
10250,"2023-11-21","4001",承办单位A,承办单位审核,83,6
10251,"2023-11-21","4001",承办单位A,承办单位处理,95,17
10252,"2023-11-21","4002",承办单位B,承办单位处理,124,4
10253,"2023-11-21","4003",承办复核部A,承办单位复核,164,30
10254,"2023-11-21","5001",结案一部,办结,128,2
10255,"2023-11-21","5002",结案二部,办结,288,36
10256,"2023-11-21","6001",客户回访一组,回访,156,11
10257,"2023-11-21","6002",客户回访二组,回访,257,30
10258,"2023-11-21","6003",客户回访三组,回访,274,54
10259,"2023-11-21","7001",档案管理部,归档,283,21
10260,"2023-11-21","8001",异常工单组,挂起,98,1
10261,"2023-11-22","1001",客服一部,话务员暂存,160,0
10262,"2023-11-22","1001",客服一部,话务员受理,127,16
10263,"2023-11-22","1002",客服二部,话务员受理,285,4
10264,"2023-11-22","2001",业务一科,话务员办理,148,6
10265,"2023-11-22","2002",业务二科,话务员办理,78,6
10266,"2023-11-22","3001",热线审核中心,热线审核,112,0
10267,"2023-11-22","3002",热线复核中心,热线复核,249,17
10268,"2023-11-22","4001",承办单位A,承办单位审核,189,12
10269,"2023-11-22","4001",承办单位A,承办单位处理,93,11
10270,"2023-11-22","4002",承办单位B,承办单位处理,81,0
10271,"2023-11-22","4003",承办复核部A,承办单位复核,153,12
10272,"2023-11-22","5001",结案一部,办结,101,18
10273,"2023-11-22","5002",结案二部,办结,124,10
10274,"2023-11-22","6001",客户回访一组,回访,138,26
10275,"2023-11-22","6002",客户回访二组,回访,125,2
10276,"2023-11-22","6003",客户回访三组,回访,182,10
10277,"2023-11-22","7001",档案管理部,归档,92,14
10278,"2023-11-22","8001",异常工单组,挂起,240,19
10279,"2023-11-23","1001",客服一部,话务员暂存,101,0
10280,"2023-11-23","1001",客服一部,话务员受理,235,20
10281,"2023-11-23","1002",客服二部,话务员受理,153,23
10282,"2023-11-23","2001",业务一科,话务员办理,239,15
10283,"2023-11-23","2002",业务二科,话务员办理,83,7
10284,"2023-11-23","3001",热线审核中心,热线审核,251,6
10285,"2023-11-23","3002",热线复核中心,热线复核,207,20
10286,"2023-11-23","4001",承办单位A,承办单位审核,162,25
10287,"2023-11-23","4001",承办单位A,承办单位处理,193,19
10288,"2023-11-23","4002",承办单位B,承办单位处理,253,47
10289,"2023-11-23","4003",承办复核部A,承办单位复核,176,11
10290,"2023-11-23","5001",结案一部,办结,95,15
10291,"2023-11-23","5002",结案二部,办结,277,6
10292,"2023-11-23","6001",客户回访一组,回访,252,33
10293,"2023-11-23","6002",客户回访二组,回访,131,19
10294,"2023-11-23","6003",客户回访三组,回访,69,7
10295,"2023-11-23","7001",档案管理部,归档,285,48
10296,"2023-11-23","8001",异常工单组,挂起,263,30
10297,"2023-11-24","1001",客服一部,话务员暂存,94,0
10298,"2023-11-24","1001",客服一部,话务员受理,111,21
10299,"2023-11-24","1002",客服二部,话务员受理,300,43
10300,"2023-11-24","2001",业务一科,话务员办理,117,9
10301,"2023-11-24","2002",业务二科,话务员办理,257,19
10302,"2023-11-24","3001",热线审核中心,热线审核,190,3
10303,"2023-11-24","3002",热线复核中心,热线复核,259,14
10304,"2023-11-24","4001",承办单位A,承办单位审核,225,27
10305,"2023-11-24","4001",承办单位A,承办单位处理,175,34
10306,"2023-11-24","4002",承办单位B,承办单位处理,283,47
10307,"2023-11-24","4003",承办复核部A,承办单位复核,165,12
10308,"2023-11-24","5001",结案一部,办结,169,2
10309,"2023-11-24","5002",结案二部,办结,264,9
10310,"2023-11-24","6001",客户回访一组,回访,236,6
10311,"2023-11-24","6002",客户回访二组,回访,199,33
10312,"2023-11-24","6003",客户回访三组,回访,59,7
10313,"2023-11-24","7001",档案管理部,归档,113,2
10314,"2023-11-24","8001",异常工单组,挂起,115,4
10315,"2023-11-25","1001",客服一部,话务员暂存,187,0
10316,"2023-11-25","1001",客服一部,话务员受理,278,8
10317,"2023-11-25","1002",客服二部,话务员受理,190,36
10318,"2023-11-25","2001",业务一科,话务员办理,135,0
10319,"2023-11-25","2002",业务二科,话务员办理,275,2
10320,"2023-11-25","3001",热线审核中心,热线审核,78,13
10321,"2023-11-25","3002",热线复核中心,热线复核,299,0
10322,"2023-11-25","4001",承办单位A,承办单位审核,118,21
10323,"2023-11-25","4001",承办单位A,承办单位处理,210,0
10324,"2023-11-25","4002",承办单位B,承办单位处理,81,6
10325,"2023-11-25","4003",承办复核部A,承办单位复核,84,16
10326,"2023-11-25","5001",结案一部,办结,60,3
10327,"2023-11-25","5002",结案二部,办结,86,7
10328,"2023-11-25","6001",客户回访一组,回访,283,32
10329,"2023-11-25","6002",客户回访二组,回访,63,3
10330,"2023-11-25","6003",客户回访三组,回访,68,5
10331,"2023-11-25","7001",档案管理部,归档,87,11
10332,"2023-11-25","8001",异常工单组,挂起,75,11
10333,"2023-11-26","1001",客服一部,话务员暂存,251,0
10334,"2023-11-26","1001",客服一部,话务员受理,111,13
10335,"2023-11-26","1002",客服二部,话务员受理,183,15
10336,"2023-11-26","2001",业务一科,话务员办理,132,12
10337,"2023-11-26","2002",业务二科,话务员办理,125,20
10338,"2023-11-26","3001",热线审核中心,热线审核,139,23
10339,"2023-11-26","3002",热线复核中心,热线复核,129,14
10340,"2023-11-26","4001",承办单位A,承办单位审核,265,22
10341,"2023-11-26","4001",承办单位A,承办单位处理,81,15
10342,"2023-11-26","4002",承办单位B,承办单位处理,231,24
10343,"2023-11-26","4003",承办复核部A,承办单位复核,124,19
10344,"2023-11-26","5001",结案一部,办结,215,4
10345,"2023-11-26","5002",结案二部,办结,123,24
10346,"2023-11-26","6001",客户回访一组,回访,278,3
10347,"2023-11-26","6002",客户回访二组,回访,61,9
10348,"2023-11-26","6003",客户回访三组,回访,268,40
10349,"2023-11-26","7001",档案管理部,归档,229,10
10350,"2023-11-26","8001",异常工单组,挂起,165,32
10351,"2023-11-27","1001",客服一部,话务员暂存,129,0
10352,"2023-11-27","1001",客服一部,话务员受理,76,15
10353,"2023-11-27","1002",客服二部,话务员受理,251,25
10354,"2023-11-27","2001",业务一科,话务员办理,154,8
10355,"2023-11-27","2002",业务二科,话务员办理,271,45
10356,"2023-11-27","3001",热线审核中心,热线审核,179,35
10357,"2023-11-27","3002",热线复核中心,热线复核,133,14
10358,"2023-11-27","4001",承办单位A,承办单位审核,68,5
10359,"2023-11-27","4001",承办单位A,承办单位处理,141,3
10360,"2023-11-27","4002",承办单位B,承办单位处理,242,43
10361,"2023-11-27","4003",承办复核部A,承办单位复核,67,8
10362,"2023-11-27","5001",结案一部,办结,150,23
10363,"2023-11-27","5002",结案二部,办结,78,6
10364,"2023-11-27","6001",客户回访一组,回访,147,0
10365,"2023-11-27","6002",客户回访二组,回访,247,35
10366,"2023-11-27","6003",客户回访三组,回访,117,12
10367,"2023-11-27","7001",档案管理部,归档,144,8
10368,"2023-11-27","8001",异常工单组,挂起,265,7
10369,"2023-11-28","1001",客服一部,话务员暂存,291,0
10370,"2023-11-28","1001",客服一部,话务员受理,220,6
10371,"2023-11-28","1002",客服二部,话务员受理,292,10
10372,"2023-11-28","2001",业务一科,话务员办理,248,31
10373,"2023-11-28","2002",业务二科,话务员办理,227,21
10374,"2023-11-28","3001",热线审核中心,热线审核,243,14
10375,"2023-11-28","3002",热线复核中心,热线复核,147,15
10376,"2023-11-28","4001",承办单位A,承办单位审核,208,36
10377,"2023-11-28","4001",承办单位A,承办单位处理,103,0
10378,"2023-11-28","4002",承办单位B,承办单位处理,187,33
10379,"2023-11-28","4003",承办复核部A,承办单位复核,237,33
10380,"2023-11-28","5001",结案一部,办结,112,4
10381,"2023-11-28","5002",结案二部,办结,218,8
10382,"2023-11-28","6001",客户回访一组,回访,189,33
10383,"2023-11-28","6002",客户回访二组,回访,151,11
10384,"2023-11-28","6003",客户回访三组,回访,104,9
10385,"2023-11-28","7001",档案管理部,归档,136,25
10386,"2023-11-28","8001",异常工单组,挂起,215,41
10387,"2023-11-29","1001",客服一部,话务员暂存,91,0
10388,"2023-11-29","1001",客服一部,话务员受理,79,14
10389,"2023-11-29","1002",客服二部,话务员受理,285,36
10390,"2023-11-29","2001",业务一科,话务员办理,106,1
10391,"2023-11-29","2002",业务二科,话务员办理,198,29
10392,"2023-11-29","3001",热线审核中心,热线审核,223,15
10393,"2023-11-29","3002",热线复核中心,热线复核,221,17
10394,"2023-11-29","4001",承办单位A,承办单位审核,110,20
10395,"2023-11-29","4001",承办单位A,承办单位处理,188,16
10396,"2023-11-29","4002",承办单位B,承办单位处理,194,23
10397,"2023-11-29","4003",承办复核部A,承办单位复核,82,2
10398,"2023-11-29","5001",结案一部,办结,198,8
10399,"2023-11-29","5002",结案二部,办结,225,33
10400,"2023-11-29","6001",客户回访一组,回访,274,11
10401,"2023-11-29","6002",客户回访二组,回访,91,17
10402,"2023-11-29","6003",客户回访三组,回访,145,10
10403,"2023-11-29","7001",档案管理部,归档,289,8
10404,"2023-11-29","8001",异常工单组,挂起,208,39
10405,"2023-11-30","1001",客服一部,话务员暂存,124,0
10406,"2023-11-30","1001",客服一部,话务员受理,300,21
10407,"2023-11-30","1002",客服二部,话务员受理,64,4
10408,"2023-11-30","2001",业务一科,话务员办理,210,28
10409,"2023-11-30","2002",业务二科,话务员办理,224,4
10410,"2023-11-30","3001",热线审核中心,热线审核,145,23
10411,"2023-11-30","3002",热线复核中心,热线复核,58,0
10412,"2023-11-30","4001",承办单位A,承办单位审核,122,13
10413,"2023-11-30","4001",承办单位A,承办单位处理,296,53
10414,"2023-11-30","4002",承办单位B,承办单位处理,228,21
10415,"2023-11-30","4003",承办复核部A,承办单位复核,99,0
10416,"2023-11-30","5001",结案一部,办结,247,9
10417,"2023-11-30","5002",结案二部,办结,206,11
10418,"2023-11-30","6001",客户回访一组,回访,294,50
10419,"2023-11-30","6002",客户回访二组,回访,213,16
10420,"2023-11-30","6003",客户回访三组,回访,280,30
10421,"2023-11-30","7001",档案管理部,归档,90,12
10422,"2023-11-30","8001",异常工单组,挂起,228,37
10423,"2023-12-01","1001",客服一部,话务员暂存,69,0
10424,"2023-12-01","1001",客服一部,话务员受理,193,16
10425,"2023-12-01","1002",客服二部,话务员受理,134,7
10426,"2023-12-01","2001",业务一科,话务员办理,147,3
10427,"2023-12-01","2002",业务二科,话务员办理,180,32
10428,"2023-12-01","3001",热线审核中心,热线审核,90,4
10429,"2023-12-01","3002",热线复核中心,热线复核,156,5
10430,"2023-12-01","4001",承办单位A,承办单位审核,282,13
10431,"2023-12-01","4001",承办单位A,承办单位处理,99,11
10432,"2023-12-01","4002",承办单位B,承办单位处理,218,18
10433,"2023-12-01","4003",承办复核部A,承办单位复核,235,36
10434,"2023-12-01","5001",结案一部,办结,240,42
10435,"2023-12-01","5002",结案二部,办结,256,4
10436,"2023-12-01","6001",客户回访一组,回访,227,30
10437,"2023-12-01","6002",客户回访二组,回访,115,17
10438,"2023-12-01","6003",客户回访三组,回访,275,52
10439,"2023-12-01","7001",档案管理部,归档,101,3
10440,"2023-12-01","8001",异常工单组,挂起,235,40
10441,"2023-12-02","1001",客服一部,话务员暂存,76,0
10442,"2023-12-02","1001",客服一部,话务员受理,154,14
10443,"2023-12-02","1002",客服二部,话务员受理,109,6
10444,"2023-12-02","2001",业务一科,话务员办理,63,9
10445,"2023-12-02","2002",业务二科,话务员办理,216,4
10446,"2023-12-02","3001",热线审核中心,热线审核,75,10
10447,"2023-12-02","3002",热线复核中心,热线复核,131,7
10448,"2023-12-02","4001",承办单位A,承办单位审核,151,18
10449,"2023-12-02","4001",承办单位A,承办单位处理,233,27
10450,"2023-12-02","4002",承办单位B,承办单位处理,90,2
10451,"2023-12-02","4003",承办复核部A,承办单位复核,164,27
10452,"2023-12-02","5001",结案一部,办结,116,4
10453,"2023-12-02","5002",结案二部,办结,192,21
10454,"2023-12-02","6001",客户回访一组,回访,56,4
10455,"2023-12-02","6002",客户回访二组,回访,69,6
10456,"2023-12-02","6003",客户回访三组,回访,111,3
10457,"2023-12-02","7001",档案管理部,归档,153,24
10458,"2023-12-02","8001",异常工单组,挂起,262,40
10459,"2023-12-03","1001",客服一部,话务员暂存,293,0
10460,"2023-12-03","1001",客服一部,话务员受理,78,15
10461,"2023-12-03","1002",客服二部,话务员受理,271,1
10462,"2023-12-03","2001",业务一科,话务员办理,77,14
10463,"2023-12-03","2002",业务二科,话务员办理,58,5
10464,"2023-12-03","3001",热线审核中心,热线审核,238,37
10465,"2023-12-03","3002",热线复核中心,热线复核,75,12
10466,"2023-12-03","4001",承办单位A,承办单位审核,119,13
10467,"2023-12-03","4001",承办单位A,承办单位处理,125,25
10468,"2023-12-03","4002",承办单位B,承办单位处理,261,6
10469,"2023-12-03","4003",承办复核部A,承办单位复核,214,33
10470,"2023-12-03","5001",结案一部,办结,123,23
10471,"2023-12-03","5002",结案二部,办结,295,43
10472,"2023-12-03","6001",客户回访一组,回访,102,6
10473,"2023-12-03","6002",客户回访二组,回访,222,38
10474,"2023-12-03","6003",客户回访三组,回访,88,10
10475,"2023-12-03","7001",档案管理部,归档,223,0
10476,"2023-12-03","8001",异常工单组,挂起,114,2
10477,"2023-12-04","1001",客服一部,话务员暂存,214,0
10478,"2023-12-04","1001",客服一部,话务员受理,283,0
10479,"2023-12-04","1002",客服二部,话务员受理,208,29
10480,"2023-12-04","2001",业务一科,话务员办理,74,12
10481,"2023-12-04","2002",业务二科,话务员办理,223,6
10482,"2023-12-04","3001",热线审核中心,热线审核,118,6
10483,"2023-12-04","3002",热线复核中心,热线复核,296,14
10484,"2023-12-04","4001",承办单位A,承办单位审核,268,2
10485,"2023-12-04","4001",承办单位A,承办单位处理,184,15
10486,"2023-12-04","4002",承办单位B,承办单位处理,299,53
10487,"2023-12-04","4003",承办复核部A,承办单位复核,152,5
10488,"2023-12-04","5001",结案一部,办结,213,8
10489,"2023-12-04","5002",结案二部,办结,290,37
10490,"2023-12-04","6001",客户回访一组,回访,109,10
10491,"2023-12-04","6002",客户回访二组,回访,93,11
10492,"2023-12-04","6003",客户回访三组,回访,265,53
10493,"2023-12-04","7001",档案管理部,归档,155,28
10494,"2023-12-04","8001",异常工单组,挂起,199,7
10495,"2023-12-05","1001",客服一部,话务员暂存,152,0
10496,"2023-12-05","1001",客服一部,话务员受理,67,9
10497,"2023-12-05","1002",客服二部,话务员受理,120,20
10498,"2023-12-05","2001",业务一科,话务员办理,210,11
10499,"2023-12-05","2002",业务二科,话务员办理,184,13
10500,"2023-12-05","3001",热线审核中心,热线审核,75,5
10501,"2023-12-05","3002",热线复核中心,热线复核,176,7
10502,"2023-12-05","4001",承办单位A,承办单位审核,251,32
10503,"2023-12-05","4001",承办单位A,承办单位处理,122,16
10504,"2023-12-05","4002",承办单位B,承办单位处理,99,11
10505,"2023-12-05","4003",承办复核部A,承办单位复核,218,5
10506,"2023-12-05","5001",结案一部,办结,185,4
10507,"2023-12-05","5002",结案二部,办结,70,3
10508,"2023-12-05","6001",客户回访一组,回访,94,16
10509,"2023-12-05","6002",客户回访二组,回访,200,40
10510,"2023-12-05","6003",客户回访三组,回访,54,7
10511,"2023-12-05","7001",档案管理部,归档,259,18
10512,"2023-12-05","8001",异常工单组,挂起,175,24
10513,"2023-12-06","1001",客服一部,话务员暂存,56,0
10514,"2023-12-06","1001",客服一部,话务员受理,144,14
10515,"2023-12-06","1002",客服二部,话务员受理,146,5
10516,"2023-12-06","2001",业务一科,话务员办理,263,30
10517,"2023-12-06","2002",业务二科,话务员办理,145,9
10518,"2023-12-06","3001",热线审核中心,热线审核,286,34
10519,"2023-12-06","3002",热线复核中心,热线复核,231,10
10520,"2023-12-06","4001",承办单位A,承办单位审核,125,7
10521,"2023-12-06","4001",承办单位A,承办单位处理,85,8
10522,"2023-12-06","4002",承办单位B,承办单位处理,70,5
10523,"2023-12-06","4003",承办复核部A,承办单位复核,251,13
10524,"2023-12-06","5001",结案一部,办结,169,33
10525,"2023-12-06","5002",结案二部,办结,291,6
10526,"2023-12-06","6001",客户回访一组,回访,180,13
10527,"2023-12-06","6002",客户回访二组,回访,210,20
10528,"2023-12-06","6003",客户回访三组,回访,173,18
10529,"2023-12-06","7001",档案管理部,归档,128,0
10530,"2023-12-06","8001",异常工单组,挂起,184,19
10531,"2023-12-07","1001",客服一部,话务员暂存,283,0
10532,"2023-12-07","1001",客服一部,话务员受理,199,23
10533,"2023-12-07","1002",客服二部,话务员受理,266,41
10534,"2023-12-07","2001",业务一科,话务员办理,113,2
10535,"2023-12-07","2002",业务二科,话务员办理,257,1
10536,"2023-12-07","3001",热线审核中心,热线审核,283,45
10537,"2023-12-07","3002",热线复核中心,热线复核,180,35
10538,"2023-12-07","4001",承办单位A,承办单位审核,260,19
10539,"2023-12-07","4001",承办单位A,承办单位处理,260,41
10540,"2023-12-07","4002",承办单位B,承办单位处理,299,30
10541,"2023-12-07","4003",承办复核部A,承办单位复核,116,21
10542,"2023-12-07","5001",结案一部,办结,131,8
10543,"2023-12-07","5002",结案二部,办结,259,51
10544,"2023-12-07","6001",客户回访一组,回访,154,0
10545,"2023-12-07","6002",客户回访二组,回访,188,30
10546,"2023-12-07","6003",客户回访三组,回访,61,9
10547,"2023-12-07","7001",档案管理部,归档,294,5
10548,"2023-12-07","8001",异常工单组,挂起,211,1
10549,"2023-12-08","1001",客服一部,话务员暂存,113,0
10550,"2023-12-08","1001",客服一部,话务员受理,129,14
10551,"2023-12-08","1002",客服二部,话务员受理,78,2
10552,"2023-12-08","2001",业务一科,话务员办理,132,17
10553,"2023-12-08","2002",业务二科,话务员办理,169,33
10554,"2023-12-08","3001",热线审核中心,热线审核,107,13
10555,"2023-12-08","3002",热线复核中心,热线复核,253,29
10556,"2023-12-08","4001",承办单位A,承办单位审核,94,11
10557,"2023-12-08","4001",承办单位A,承办单位处理,252,0
10558,"2023-12-08","4002",承办单位B,承办单位处理,232,27
10559,"2023-12-08","4003",承办复核部A,承办单位复核,222,5
10560,"2023-12-08","5001",结案一部,办结,56,9
10561,"2023-12-08","5002",结案二部,办结,59,0
10562,"2023-12-08","6001",客户回访一组,回访,193,7
10563,"2023-12-08","6002",客户回访二组,回访,225,18
10564,"2023-12-08","6003",客户回访三组,回访,232,23
10565,"2023-12-08","7001",档案管理部,归档,200,19
10566,"2023-12-08","8001",异常工单组,挂起,126,8
10567,"2023-12-09","1001",客服一部,话务员暂存,197,0
10568,"2023-12-09","1001",客服一部,话务员受理,268,36
10569,"2023-12-09","1002",客服二部,话务员受理,234,33
10570,"2023-12-09","2001",业务一科,话务员办理,117,15
10571,"2023-12-09","2002",业务二科,话务员办理,190,17
10572,"2023-12-09","3001",热线审核中心,热线审核,245,36
10573,"2023-12-09","3002",热线复核中心,热线复核,163,26
10574,"2023-12-09","4001",承办单位A,承办单位审核,177,33
10575,"2023-12-09","4001",承办单位A,承办单位处理,265,41
10576,"2023-12-09","4002",承办单位B,承办单位处理,294,12
10577,"2023-12-09","4003",承办复核部A,承办单位复核,130,11
10578,"2023-12-09","5001",结案一部,办结,146,23
10579,"2023-12-09","5002",结案二部,办结,277,37
10580,"2023-12-09","6001",客户回访一组,回访,215,11
10581,"2023-12-09","6002",客户回访二组,回访,292,35
10582,"2023-12-09","6003",客户回访三组,回访,220,26
10583,"2023-12-09","7001",档案管理部,归档,173,18
10584,"2023-12-09","8001",异常工单组,挂起,98,16
10585,"2023-12-10","1001",客服一部,话务员暂存,232,0
10586,"2023-12-10","1001",客服一部,话务员受理,278,28
10587,"2023-12-10","1002",客服二部,话务员受理,217,19
10588,"2023-12-10","2001",业务一科,话务员办理,169,17
10589,"2023-12-10","2002",业务二科,话务员办理,134,15
10590,"2023-12-10","3001",热线审核中心,热线审核,171,20
10591,"2023-12-10","3002",热线复核中心,热线复核,160,17
10592,"2023-12-10","4001",承办单位A,承办单位审核,87,3
10593,"2023-12-10","4001",承办单位A,承办单位处理,130,21
10594,"2023-12-10","4002",承办单位B,承办单位处理,272,37
10595,"2023-12-10","4003",承办复核部A,承办单位复核,241,2
10596,"2023-12-10","5001",结案一部,办结,213,10
10597,"2023-12-10","5002",结案二部,办结,169,0
10598,"2023-12-10","6001",客户回访一组,回访,67,5
10599,"2023-12-10","6002",客户回访二组,回访,142,19
10600,"2023-12-10","6003",客户回访三组,回访,228,16
10601,"2023-12-10","7001",档案管理部,归档,246,5
10602,"2023-12-10","8001",异常工单组,挂起,55,0
10603,"2023-12-11","1001",客服一部,话务员暂存,138,0
10604,"2023-12-11","1001",客服一部,话务员受理,244,1
10605,"2023-12-11","1002",客服二部,话务员受理,287,56
10606,"2023-12-11","2001",业务一科,话务员办理,236,7
10607,"2023-12-11","2002",业务二科,话务员办理,231,0
10608,"2023-12-11","3001",热线审核中心,热线审核,283,40
10609,"2023-12-11","3002",热线复核中心,热线复核,243,29
10610,"2023-12-11","4001",承办单位A,承办单位审核,268,0
10611,"2023-12-11","4001",承办单位A,承办单位处理,176,6
10612,"2023-12-11","4002",承办单位B,承办单位处理,234,46
10613,"2023-12-11","4003",承办复核部A,承办单位复核,74,7
10614,"2023-12-11","5001",结案一部,办结,190,16
10615,"2023-12-11","5002",结案二部,办结,255,4
10616,"2023-12-11","6001",客户回访一组,回访,191,23
10617,"2023-12-11","6002",客户回访二组,回访,61,9
10618,"2023-12-11","6003",客户回访三组,回访,270,36
10619,"2023-12-11","7001",档案管理部,归档,279,21
10620,"2023-12-11","8001",异常工单组,挂起,155,9
10621,"2023-12-12","1001",客服一部,话务员暂存,123,0
10622,"2023-12-12","1001",客服一部,话务员受理,104,3
10623,"2023-12-12","1002",客服二部,话务员受理,249,25
10624,"2023-12-12","2001",业务一科,话务员办理,185,11
10625,"2023-12-12","2002",业务二科,话务员办理,174,29
10626,"2023-12-12","3001",热线审核中心,热线审核,52,8
10627,"2023-12-12","3002",热线复核中心,热线复核,258,2
10628,"2023-12-12","4001",承办单位A,承办单位审核,259,25
10629,"2023-12-12","4001",承办单位A,承办单位处理,106,9
10630,"2023-12-12","4002",承办单位B,承办单位处理,120,20
10631,"2023-12-12","4003",承办复核部A,承办单位复核,247,12
10632,"2023-12-12","5001",结案一部,办结,198,4
10633,"2023-12-12","5002",结案二部,办结,177,26
10634,"2023-12-12","6001",客户回访一组,回访,169,31
10635,"2023-12-12","6002",客户回访二组,回访,286,29
10636,"2023-12-12","6003",客户回访三组,回访,277,26
10637,"2023-12-12","7001",档案管理部,归档,136,17
10638,"2023-12-12","8001",异常工单组,挂起,169,16
10639,"2023-12-13","1001",客服一部,话务员暂存,86,0
10640,"2023-12-13","1001",客服一部,话务员受理,279,48
10641,"2023-12-13","1002",客服二部,话务员受理,76,15
10642,"2023-12-13","2001",业务一科,话务员办理,137,12
10643,"2023-12-13","2002",业务二科,话务员办理,277,3
10644,"2023-12-13","3001",热线审核中心,热线审核,135,4
10645,"2023-12-13","3002",热线复核中心,热线复核,54,7
10646,"2023-12-13","4001",承办单位A,承办单位审核,129,15
10647,"2023-12-13","4001",承办单位A,承办单位处理,167,3
10648,"2023-12-13","4002",承办单位B,承办单位处理,194,35
10649,"2023-12-13","4003",承办复核部A,承办单位复核,125,22
10650,"2023-12-13","5001",结案一部,办结,217,15
10651,"2023-12-13","5002",结案二部,办结,189,21
10652,"2023-12-13","6001",客户回访一组,回访,169,21
10653,"2023-12-13","6002",客户回访二组,回访,256,31
10654,"2023-12-13","6003",客户回访三组,回访,82,15
10655,"2023-12-13","7001",档案管理部,归档,127,22
10656,"2023-12-13","8001",异常工单组,挂起,278,33
10657,"2023-12-14","1001",客服一部,话务员暂存,176,0
10658,"2023-12-14","1001",客服一部,话务员受理,223,22
10659,"2023-12-14","1002",客服二部,话务员受理,85,0
10660,"2023-12-14","2001",业务一科,话务员办理,294,54
10661,"2023-12-14","2002",业务二科,话务员办理,141,20
10662,"2023-12-14","3001",热线审核中心,热线审核,110,10
10663,"2023-12-14","3002",热线复核中心,热线复核,239,4
10664,"2023-12-14","4001",承办单位A,承办单位审核,53,2
10665,"2023-12-14","4001",承办单位A,承办单位处理,277,54
10666,"2023-12-14","4002",承办单位B,承办单位处理,93,14
10667,"2023-12-14","4003",承办复核部A,承办单位复核,204,25
10668,"2023-12-14","5001",结案一部,办结,79,1
10669,"2023-12-14","5002",结案二部,办结,190,26
10670,"2023-12-14","6001",客户回访一组,回访,278,52
10671,"2023-12-14","6002",客户回访二组,回访,109,15
10672,"2023-12-14","6003",客户回访三组,回访,196,8
10673,"2023-12-14","7001",档案管理部,归档,192,34
10674,"2023-12-14","8001",异常工单组,挂起,299,20
10675,"2023-12-15","1001",客服一部,话务员暂存,180,0
10676,"2023-12-15","1001",客服一部,话务员受理,128,18
10677,"2023-12-15","1002",客服二部,话务员受理,136,11
10678,"2023-12-15","2001",业务一科,话务员办理,194,38
10679,"2023-12-15","2002",业务二科,话务员办理,113,12
10680,"2023-12-15","3001",热线审核中心,热线审核,114,6
10681,"2023-12-15","3002",热线复核中心,热线复核,279,29
10682,"2023-12-15","4001",承办单位A,承办单位审核,140,16
10683,"2023-12-15","4001",承办单位A,承办单位处理,249,4
10684,"2023-12-15","4002",承办单位B,承办单位处理,70,4
10685,"2023-12-15","4003",承办复核部A,承办单位复核,238,45
10686,"2023-12-15","5001",结案一部,办结,103,4
10687,"2023-12-15","5002",结案二部,办结,56,2
10688,"2023-12-15","6001",客户回访一组,回访,152,16
10689,"2023-12-15","6002",客户回访二组,回访,145,5
10690,"2023-12-15","6003",客户回访三组,回访,186,1
10691,"2023-12-15","7001",档案管理部,归档,273,18
10692,"2023-12-15","8001",异常工单组,挂起,269,39
10693,"2023-12-16","1001",客服一部,话务员暂存,62,0
10694,"2023-12-16","1001",客服一部,话务员受理,293,54
10695,"2023-12-16","1002",客服二部,话务员受理,109,21
10696,"2023-12-16","2001",业务一科,话务员办理,214,6
10697,"2023-12-16","2002",业务二科,话务员办理,93,6
10698,"2023-12-16","3001",热线审核中心,热线审核,286,54
10699,"2023-12-16","3002",热线复核中心,热线复核,51,8
10700,"2023-12-16","4001",承办单位A,承办单位审核,164,14
10701,"2023-12-16","4001",承办单位A,承办单位处理,284,18
10702,"2023-12-16","4002",承办单位B,承办单位处理,262,0
10703,"2023-12-16","4003",承办复核部A,承办单位复核,72,3
10704,"2023-12-16","5001",结案一部,办结,205,39
10705,"2023-12-16","5002",结案二部,办结,275,12
10706,"2023-12-16","6001",客户回访一组,回访,76,6
10707,"2023-12-16","6002",客户回访二组,回访,199,29
10708,"2023-12-16","6003",客户回访三组,回访,287,24
10709,"2023-12-16","7001",档案管理部,归档,268,32
10710,"2023-12-16","8001",异常工单组,挂起,256,22
10711,"2023-12-17","1001",客服一部,话务员暂存,155,0
10712,"2023-12-17","1001",客服一部,话务员受理,83,14
10713,"2023-12-17","1002",客服二部,话务员受理,158,31
10714,"2023-12-17","2001",业务一科,话务员办理,56,4
10715,"2023-12-17","2002",业务二科,话务员办理,278,18
10716,"2023-12-17","3001",热线审核中心,热线审核,194,34
10717,"2023-12-17","3002",热线复核中心,热线复核,83,9
10718,"2023-12-17","4001",承办单位A,承办单位审核,141,15
10719,"2023-12-17","4001",承办单位A,承办单位处理,264,28
10720,"2023-12-17","4002",承办单位B,承办单位处理,164,31
10721,"2023-12-17","4003",承办复核部A,承办单位复核,54,10
10722,"2023-12-17","5001",结案一部,办结,76,4
10723,"2023-12-17","5002",结案二部,办结,65,10
10724,"2023-12-17","6001",客户回访一组,回访,229,27
10725,"2023-12-17","6002",客户回访二组,回访,146,1
10726,"2023-12-17","6003",客户回访三组,回访,158,1
10727,"2023-12-17","7001",档案管理部,归档,235,20
10728,"2023-12-17","8001",异常工单组,挂起,249,40
10729,"2023-12-18","1001",客服一部,话务员暂存,297,0
10730,"2023-12-18","1001",客服一部,话务员受理,107,15
10731,"2023-12-18","1002",客服二部,话务员受理,93,10
10732,"2023-12-18","2001",业务一科,话务员办理,159,11
10733,"2023-12-18","2002",业务二科,话务员办理,73,5
10734,"2023-12-18","3001",热线审核中心,热线审核,284,52
10735,"2023-12-18","3002",热线复核中心,热线复核,147,20
10736,"2023-12-18","4001",承办单位A,承办单位审核,271,45
10737,"2023-12-18","4001",承办单位A,承办单位处理,297,47
10738,"2023-12-18","4002",承办单位B,承办单位处理,210,40
10739,"2023-12-18","4003",承办复核部A,承办单位复核,188,10
10740,"2023-12-18","5001",结案一部,办结,232,1
10741,"2023-12-18","5002",结案二部,办结,60,10
10742,"2023-12-18","6001",客户回访一组,回访,191,8
10743,"2023-12-18","6002",客户回访二组,回访,153,2
10744,"2023-12-18","6003",客户回访三组,回访,139,8
10745,"2023-12-18","7001",档案管理部,归档,295,54
10746,"2023-12-18","8001",异常工单组,挂起,293,6
10747,"2023-12-19","1001",客服一部,话务员暂存,251,0
10748,"2023-12-19","1001",客服一部,话务员受理,168,16
10749,"2023-12-19","1002",客服二部,话务员受理,203,7
10750,"2023-12-19","2001",业务一科,话务员办理,71,14
10751,"2023-12-19","2002",业务二科,话务员办理,262,5
10752,"2023-12-19","3001",热线审核中心,热线审核,139,15
10753,"2023-12-19","3002",热线复核中心,热线复核,266,10
10754,"2023-12-19","4001",承办单位A,承办单位审核,62,5
10755,"2023-12-19","4001",承办单位A,承办单位处理,64,5
10756,"2023-12-19","4002",承办单位B,承办单位处理,203,28
10757,"2023-12-19","4003",承办复核部A,承办单位复核,150,24
10758,"2023-12-19","5001",结案一部,办结,122,15
10759,"2023-12-19","5002",结案二部,办结,148,26
10760,"2023-12-19","6001",客户回访一组,回访,101,14
10761,"2023-12-19","6002",客户回访二组,回访,135,9
10762,"2023-12-19","6003",客户回访三组,回访,275,15
10763,"2023-12-19","7001",档案管理部,归档,149,10
10764,"2023-12-19","8001",异常工单组,挂起,205,14
10765,"2023-12-20","1001",客服一部,话务员暂存,93,0
10766,"2023-12-20","1001",客服一部,话务员受理,142,16
10767,"2023-12-20","1002",客服二部,话务员受理,53,3
10768,"2023-12-20","2001",业务一科,话务员办理,222,2
10769,"2023-12-20","2002",业务二科,话务员办理,232,20
10770,"2023-12-20","3001",热线审核中心,热线审核,142,18
10771,"2023-12-20","3002",热线复核中心,热线复核,124,22
10772,"2023-12-20","4001",承办单位A,承办单位审核,257,27
10773,"2023-12-20","4001",承办单位A,承办单位处理,238,35
10774,"2023-12-20","4002",承办单位B,承办单位处理,83,12
10775,"2023-12-20","4003",承办复核部A,承办单位复核,292,39
10776,"2023-12-20","5001",结案一部,办结,234,18
10777,"2023-12-20","5002",结案二部,办结,157,12
10778,"2023-12-20","6001",客户回访一组,回访,284,21
10779,"2023-12-20","6002",客户回访二组,回访,177,34
10780,"2023-12-20","6003",客户回访三组,回访,63,3
10781,"2023-12-20","7001",档案管理部,归档,77,9
10782,"2023-12-20","8001",异常工单组,挂起,184,5
10783,"2023-12-21","1001",客服一部,话务员暂存,50,0
10784,"2023-12-21","1001",客服一部,话务员受理,89,13
10785,"2023-12-21","1002",客服二部,话务员受理,169,5
10786,"2023-12-21","2001",业务一科,话务员办理,134,17
10787,"2023-12-21","2002",业务二科,话务员办理,268,36
10788,"2023-12-21","3001",热线审核中心,热线审核,124,13
10789,"2023-12-21","3002",热线复核中心,热线复核,178,29
10790,"2023-12-21","4001",承办单位A,承办单位审核,165,7
10791,"2023-12-21","4001",承办单位A,承办单位处理,176,25
10792,"2023-12-21","4002",承办单位B,承办单位处理,59,7
10793,"2023-12-21","4003",承办复核部A,承办单位复核,164,9
10794,"2023-12-21","5001",结案一部,办结,68,3
10795,"2023-12-21","5002",结案二部,办结,78,13
10796,"2023-12-21","6001",客户回访一组,回访,97,3
10797,"2023-12-21","6002",客户回访二组,回访,123,1
10798,"2023-12-21","6003",客户回访三组,回访,205,21
10799,"2023-12-21","7001",档案管理部,归档,181,30
10800,"2023-12-21","8001",异常工单组,挂起,194,33
10801,"2023-12-22","1001",客服一部,话务员暂存,198,0
10802,"2023-12-22","1001",客服一部,话务员受理,71,12
10803,"2023-12-22","1002",客服二部,话务员受理,290,19
10804,"2023-12-22","2001",业务一科,话务员办理,85,13
10805,"2023-12-22","2002",业务二科,话务员办理,212,33
10806,"2023-12-22","3001",热线审核中心,热线审核,89,8
10807,"2023-12-22","3002",热线复核中心,热线复核,105,1
10808,"2023-12-22","4001",承办单位A,承办单位审核,79,13
10809,"2023-12-22","4001",承办单位A,承办单位处理,118,17
10810,"2023-12-22","4002",承办单位B,承办单位处理,273,31
10811,"2023-12-22","4003",承办复核部A,承办单位复核,162,7
10812,"2023-12-22","5001",结案一部,办结,91,0
10813,"2023-12-22","5002",结案二部,办结,130,23
10814,"2023-12-22","6001",客户回访一组,回访,252,31
10815,"2023-12-22","6002",客户回访二组,回访,246,23
10816,"2023-12-22","6003",客户回访三组,回访,128,8
10817,"2023-12-22","7001",档案管理部,归档,213,25
10818,"2023-12-22","8001",异常工单组,挂起,228,38
10819,"2023-12-23","1001",客服一部,话务员暂存,262,0
10820,"2023-12-23","1001",客服一部,话务员受理,86,3
10821,"2023-12-23","1002",客服二部,话务员受理,204,39
10822,"2023-12-23","2001",业务一科,话务员办理,247,4
10823,"2023-12-23","2002",业务二科,话务员办理,197,9
10824,"2023-12-23","3001",热线审核中心,热线审核,193,18
10825,"2023-12-23","3002",热线复核中心,热线复核,153,27
10826,"2023-12-23","4001",承办单位A,承办单位审核,84,1
10827,"2023-12-23","4001",承办单位A,承办单位处理,126,13
10828,"2023-12-23","4002",承办单位B,承办单位处理,267,45
10829,"2023-12-23","4003",承办复核部A,承办单位复核,116,6
10830,"2023-12-23","5001",结案一部,办结,152,3
10831,"2023-12-23","5002",结案二部,办结,228,7
10832,"2023-12-23","6001",客户回访一组,回访,52,9
10833,"2023-12-23","6002",客户回访二组,回访,99,17
10834,"2023-12-23","6003",客户回访三组,回访,188,11
10835,"2023-12-23","7001",档案管理部,归档,96,7
10836,"2023-12-23","8001",异常工单组,挂起,282,49
10837,"2023-12-24","1001",客服一部,话务员暂存,297,0
10838,"2023-12-24","1001",客服一部,话务员受理,281,10
10839,"2023-12-24","1002",客服二部,话务员受理,249,1
10840,"2023-12-24","2001",业务一科,话务员办理,133,18
10841,"2023-12-24","2002",业务二科,话务员办理,114,18
10842,"2023-12-24","3001",热线审核中心,热线审核,144,26
10843,"2023-12-24","3002",热线复核中心,热线复核,295,48
10844,"2023-12-24","4001",承办单位A,承办单位审核,280,9
10845,"2023-12-24","4001",承办单位A,承办单位处理,226,44
10846,"2023-12-24","4002",承办单位B,承办单位处理,293,31
10847,"2023-12-24","4003",承办复核部A,承办单位复核,280,49
10848,"2023-12-24","5001",结案一部,办结,194,4
10849,"2023-12-24","5002",结案二部,办结,53,10
10850,"2023-12-24","6001",客户回访一组,回访,245,7
10851,"2023-12-24","6002",客户回访二组,回访,260,6
10852,"2023-12-24","6003",客户回访三组,回访,212,14
10853,"2023-12-24","7001",档案管理部,归档,183,13
10854,"2023-12-24","8001",异常工单组,挂起,63,10
10855,"2023-12-25","1001",客服一部,话务员暂存,68,0
10856,"2023-12-25","1001",客服一部,话务员受理,144,25
10857,"2023-12-25","1002",客服二部,话务员受理,116,9
10858,"2023-12-25","2001",业务一科,话务员办理,252,16
10859,"2023-12-25","2002",业务二科,话务员办理,277,54
10860,"2023-12-25","3001",热线审核中心,热线审核,86,13
10861,"2023-12-25","3002",热线复核中心,热线复核,300,31
10862,"2023-12-25","4001",承办单位A,承办单位审核,278,11
10863,"2023-12-25","4001",承办单位A,承办单位处理,215,35
10864,"2023-12-25","4002",承办单位B,承办单位处理,119,21
10865,"2023-12-25","4003",承办复核部A,承办单位复核,130,26
10866,"2023-12-25","5001",结案一部,办结,158,22
10867,"2023-12-25","5002",结案二部,办结,69,11
10868,"2023-12-25","6001",客户回访一组,回访,236,9
10869,"2023-12-25","6002",客户回访二组,回访,159,26
10870,"2023-12-25","6003",客户回访三组,回访,178,20
10871,"2023-12-25","7001",档案管理部,归档,51,2
10872,"2023-12-25","8001",异常工单组,挂起,51,1
10873,"2023-12-26","1001",客服一部,话务员暂存,171,0
10874,"2023-12-26","1001",客服一部,话务员受理,61,11
10875,"2023-12-26","1002",客服二部,话务员受理,294,51
10876,"2023-12-26","2001",业务一科,话务员办理,88,5
10877,"2023-12-26","2002",业务二科,话务员办理,71,0
10878,"2023-12-26","3001",热线审核中心,热线审核,243,28
10879,"2023-12-26","3002",热线复核中心,热线复核,252,19
10880,"2023-12-26","4001",承办单位A,承办单位审核,176,34
10881,"2023-12-26","4001",承办单位A,承办单位处理,104,19
10882,"2023-12-26","4002",承办单位B,承办单位处理,223,38
10883,"2023-12-26","4003",承办复核部A,承办单位复核,154,26
10884,"2023-12-26","5001",结案一部,办结,279,15
10885,"2023-12-26","5002",结案二部,办结,51,9
10886,"2023-12-26","6001",客户回访一组,回访,149,19
10887,"2023-12-26","6002",客户回访二组,回访,99,4
10888,"2023-12-26","6003",客户回访三组,回访,125,13
10889,"2023-12-26","7001",档案管理部,归档,181,7
10890,"2023-12-26","8001",异常工单组,挂起,140,16
10891,"2023-12-27","1001",客服一部,话务员暂存,229,0
10892,"2023-12-27","1001",客服一部,话务员受理,179,3
10893,"2023-12-27","1002",客服二部,话务员受理,160,6
10894,"2023-12-27","2001",业务一科,话务员办理,262,17
10895,"2023-12-27","2002",业务二科,话务员办理,91,11
10896,"2023-12-27","3001",热线审核中心,热线审核,246,28
10897,"2023-12-27","3002",热线复核中心,热线复核,295,38
10898,"2023-12-27","4001",承办单位A,承办单位审核,124,18
10899,"2023-12-27","4001",承办单位A,承办单位处理,279,34
10900,"2023-12-27","4002",承办单位B,承办单位处理,298,16
10901,"2023-12-27","4003",承办复核部A,承办单位复核,76,14
10902,"2023-12-27","5001",结案一部,办结,274,41
10903,"2023-12-27","5002",结案二部,办结,198,31
10904,"2023-12-27","6001",客户回访一组,回访,107,19
10905,"2023-12-27","6002",客户回访二组,回访,110,4
10906,"2023-12-27","6003",客户回访三组,回访,199,9
10907,"2023-12-27","7001",档案管理部,归档,221,4
10908,"2023-12-27","8001",异常工单组,挂起,178,1
10909,"2023-12-28","1001",客服一部,话务员暂存,219,0
10910,"2023-12-28","1001",客服一部,话务员受理,66,5
10911,"2023-12-28","1002",客服二部,话务员受理,300,26
10912,"2023-12-28","2001",业务一科,话务员办理,155,0
10913,"2023-12-28","2002",业务二科,话务员办理,244,22
10914,"2023-12-28","3001",热线审核中心,热线审核,128,15
10915,"2023-12-28","3002",热线复核中心,热线复核,293,6
10916,"2023-12-28","4001",承办单位A,承办单位审核,268,23
10917,"2023-12-28","4001",承办单位A,承办单位处理,281,34
10918,"2023-12-28","4002",承办单位B,承办单位处理,142,1
10919,"2023-12-28","4003",承办复核部A,承办单位复核,269,7
10920,"2023-12-28","5001",结案一部,办结,63,11
10921,"2023-12-28","5002",结案二部,办结,106,11
10922,"2023-12-28","6001",客户回访一组,回访,270,40
10923,"2023-12-28","6002",客户回访二组,回访,256,37
10924,"2023-12-28","6003",客户回访三组,回访,269,10
10925,"2023-12-28","7001",档案管理部,归档,78,10
10926,"2023-12-28","8001",异常工单组,挂起,139,1
10927,"2023-12-29","1001",客服一部,话务员暂存,297,0
10928,"2023-12-29","1001",客服一部,话务员受理,122,9
10929,"2023-12-29","1002",客服二部,话务员受理,232,0
10930,"2023-12-29","2001",业务一科,话务员办理,153,30
10931,"2023-12-29","2002",业务二科,话务员办理,144,15
10932,"2023-12-29","3001",热线审核中心,热线审核,192,20
10933,"2023-12-29","3002",热线复核中心,热线复核,225,16
10934,"2023-12-29","4001",承办单位A,承办单位审核,139,7
10935,"2023-12-29","4001",承办单位A,承办单位处理,147,27
10936,"2023-12-29","4002",承办单位B,承办单位处理,176,0
10937,"2023-12-29","4003",承办复核部A,承办单位复核,198,18
10938,"2023-12-29","5001",结案一部,办结,69,9
10939,"2023-12-29","5002",结案二部,办结,154,20
10940,"2023-12-29","6001",客户回访一组,回访,123,22
10941,"2023-12-29","6002",客户回访二组,回访,55,2
10942,"2023-12-29","6003",客户回访三组,回访,94,14
10943,"2023-12-29","7001",档案管理部,归档,266,41
10944,"2023-12-29","8001",异常工单组,挂起,215,23
10945,"2023-12-30","1001",客服一部,话务员暂存,222,0
10946,"2023-12-30","1001",客服一部,话务员受理,209,23
10947,"2023-12-30","1002",客服二部,话务员受理,86,5
10948,"2023-12-30","2001",业务一科,话务员办理,143,5
10949,"2023-12-30","2002",业务二科,话务员办理,80,8
10950,"2023-12-30","3001",热线审核中心,热线审核,98,16
10951,"2023-12-30","3002",热线复核中心,热线复核,249,17
10952,"2023-12-30","4001",承办单位A,承办单位审核,84,7
10953,"2023-12-30","4001",承办单位A,承办单位处理,280,35
10954,"2023-12-30","4002",承办单位B,承办单位处理,98,9
10955,"2023-12-30","4003",承办复核部A,承办单位复核,276,45
10956,"2023-12-30","5001",结案一部,办结,127,3
10957,"2023-12-30","5002",结案二部,办结,280,6
10958,"2023-12-30","6001",客户回访一组,回访,62,2
10959,"2023-12-30","6002",客户回访二组,回访,190,5
10960,"2023-12-30","6003",客户回访三组,回访,186,11
10961,"2023-12-30","7001",档案管理部,归档,294,58
10962,"2023-12-30","8001",异常工单组,挂起,262,18
10963,"2023-12-31","1001",客服一部,话务员暂存,287,0
10964,"2023-12-31","1001",客服一部,话务员受理,157,14
10965,"2023-12-31","1002",客服二部,话务员受理,75,9
10966,"2023-12-31","2001",业务一科,话务员办理,109,4
10967,"2023-12-31","2002",业务二科,话务员办理,292,48
10968,"2023-12-31","3001",热线审核中心,热线审核,198,3
10969,"2023-12-31","3002",热线复核中心,热线复核,64,12
10970,"2023-12-31","4001",承办单位A,承办单位审核,283,38
10971,"2023-12-31","4001",承办单位A,承办单位处理,209,12
10972,"2023-12-31","4002",承办单位B,承办单位处理,277,33
10973,"2023-12-31","4003",承办复核部A,承办单位复核,190,0
10974,"2023-12-31","5001",结案一部,办结,272,13
10975,"2023-12-31","5002",结案二部,办结,51,6
10976,"2023-12-31","6001",客户回访一组,回访,96,5
10977,"2023-12-31","6002",客户回访二组,回访,83,16
10978,"2023-12-31","6003",客户回访三组,回访,235,27
10979,"2023-12-31","7001",档案管理部,归档,243,24
10980,"2023-12-31","8001",异常工单组,挂起,220,17
10981,"2024-01-01","1001",客服一部,话务员暂存,100,0
10982,"2024-01-01","1001",客服一部,话务员受理,64,11
10983,"2024-01-01","1002",客服二部,话务员受理,185,14
10984,"2024-01-01","2001",业务一科,话务员办理,234,23
10985,"2024-01-01","2002",业务二科,话务员办理,213,21
10986,"2024-01-01","3001",热线审核中心,热线审核,167,4
10987,"2024-01-01","3002",热线复核中心,热线复核,198,12
10988,"2024-01-01","4001",承办单位A,承办单位审核,65,9
10989,"2024-01-01","4001",承办单位A,承办单位处理,113,22
10990,"2024-01-01","4002",承办单位B,承办单位处理,89,12
10991,"2024-01-01","4003",承办复核部A,承办单位复核,155,16
10992,"2024-01-01","5001",结案一部,办结,77,2
10993,"2024-01-01","5002",结案二部,办结,248,27
10994,"2024-01-01","6001",客户回访一组,回访,54,10
10995,"2024-01-01","6002",客户回访二组,回访,61,10
10996,"2024-01-01","6003",客户回访三组,回访,234,15
10997,"2024-01-01","7001",档案管理部,归档,180,11
10998,"2024-01-01","8001",异常工单组,挂起,146,16
10999,"2024-01-02","1001",客服一部,话务员暂存,128,0
11000,"2024-01-02","1001",客服一部,话务员受理,176,21
11001,"2024-01-02","1002",客服二部,话务员受理,180,0
11002,"2024-01-02","2001",业务一科,话务员办理,61,2
11003,"2024-01-02","2002",业务二科,话务员办理,261,34
11004,"2024-01-02","3001",热线审核中心,热线审核,154,22
11005,"2024-01-02","3002",热线复核中心,热线复核,227,22
11006,"2024-01-02","4001",承办单位A,承办单位审核,75,8
11007,"2024-01-02","4001",承办单位A,承办单位处理,98,1
11008,"2024-01-02","4002",承办单位B,承办单位处理,181,7
11009,"2024-01-02","4003",承办复核部A,承办单位复核,80,1
11010,"2024-01-02","5001",结案一部,办结,285,24
11011,"2024-01-02","5002",结案二部,办结,293,25
11012,"2024-01-02","6001",客户回访一组,回访,95,18
11013,"2024-01-02","6002",客户回访二组,回访,268,21
11014,"2024-01-02","6003",客户回访三组,回访,144,23
11015,"2024-01-02","7001",档案管理部,归档,291,36
11016,"2024-01-02","8001",异常工单组,挂起,157,7
11017,"2024-01-03","1001",客服一部,话务员暂存,132,0
11018,"2024-01-03","1001",客服一部,话务员受理,119,14
11019,"2024-01-03","1002",客服二部,话务员受理,54,2
11020,"2024-01-03","2001",业务一科,话务员办理,56,6
11021,"2024-01-03","2002",业务二科,话务员办理,268,3
11022,"2024-01-03","3001",热线审核中心,热线审核,63,1
11023,"2024-01-03","3002",热线复核中心,热线复核,283,0
11024,"2024-01-03","4001",承办单位A,承办单位审核,91,13
11025,"2024-01-03","4001",承办单位A,承办单位处理,246,25
11026,"2024-01-03","4002",承办单位B,承办单位处理,55,6
11027,"2024-01-03","4003",承办复核部A,承办单位复核,192,2
11028,"2024-01-03","5001",结案一部,办结,171,7
11029,"2024-01-03","5002",结案二部,办结,157,22
11030,"2024-01-03","6001",客户回访一组,回访,240,23
11031,"2024-01-03","6002",客户回访二组,回访,224,37
11032,"2024-01-03","6003",客户回访三组,回访,284,33
11033,"2024-01-03","7001",档案管理部,归档,94,5
11034,"2024-01-03","8001",异常工单组,挂起,83,8
11035,"2024-01-04","1001",客服一部,话务员暂存,79,0
11036,"2024-01-04","1001",客服一部,话务员受理,69,6
11037,"2024-01-04","1002",客服二部,话务员受理,67,2
11038,"2024-01-04","2001",业务一科,话务员办理,160,12
11039,"2024-01-04","2002",业务二科,话务员办理,119,22
11040,"2024-01-04","3001",热线审核中心,热线审核,159,11
11041,"2024-01-04","3002",热线复核中心,热线复核,86,17
11042,"2024-01-04","4001",承办单位A,承办单位审核,133,3
11043,"2024-01-04","4001",承办单位A,承办单位处理,55,3
11044,"2024-01-04","4002",承办单位B,承办单位处理,231,0
11045,"2024-01-04","4003",承办复核部A,承办单位复核,125,11
11046,"2024-01-04","5001",结案一部,办结,65,9
11047,"2024-01-04","5002",结案二部,办结,287,56
11048,"2024-01-04","6001",客户回访一组,回访,59,11
11049,"2024-01-04","6002",客户回访二组,回访,78,9
11050,"2024-01-04","6003",客户回访三组,回访,111,20
11051,"2024-01-04","7001",档案管理部,归档,116,6
11052,"2024-01-04","8001",异常工单组,挂起,85,7
11053,"2024-01-05","1001",客服一部,话务员暂存,80,0
11054,"2024-01-05","1001",客服一部,话务员受理,195,28
11055,"2024-01-05","1002",客服二部,话务员受理,273,37
11056,"2024-01-05","2001",业务一科,话务员办理,190,4
11057,"2024-01-05","2002",业务二科,话务员办理,61,10
11058,"2024-01-05","3001",热线审核中心,热线审核,163,24
11059,"2024-01-05","3002",热线复核中心,热线复核,71,7
11060,"2024-01-05","4001",承办单位A,承办单位审核,122,16
11061,"2024-01-05","4001",承办单位A,承办单位处理,85,10
11062,"2024-01-05","4002",承办单位B,承办单位处理,120,18
11063,"2024-01-05","4003",承办复核部A,承办单位复核,155,3
11064,"2024-01-05","5001",结案一部,办结,50,6
11065,"2024-01-05","5002",结案二部,办结,106,20
11066,"2024-01-05","6001",客户回访一组,回访,282,38
11067,"2024-01-05","6002",客户回访二组,回访,145,14
11068,"2024-01-05","6003",客户回访三组,回访,77,8
11069,"2024-01-05","7001",档案管理部,归档,105,5
11070,"2024-01-05","8001",异常工单组,挂起,236,28
11071,"2024-01-06","1001",客服一部,话务员暂存,165,0
11072,"2024-01-06","1001",客服一部,话务员受理,127,24
11073,"2024-01-06","1002",客服二部,话务员受理,270,20
11074,"2024-01-06","2001",业务一科,话务员办理,262,5
11075,"2024-01-06","2002",业务二科,话务员办理,229,34
11076,"2024-01-06","3001",热线审核中心,热线审核,246,19
11077,"2024-01-06","3002",热线复核中心,热线复核,151,11
11078,"2024-01-06","4001",承办单位A,承办单位审核,271,41
11079,"2024-01-06","4001",承办单位A,承办单位处理,67,6
11080,"2024-01-06","4002",承办单位B,承办单位处理,272,2
11081,"2024-01-06","4003",承办复核部A,承办单位复核,86,12
11082,"2024-01-06","5001",结案一部,办结,152,6
11083,"2024-01-06","5002",结案二部,办结,102,5
11084,"2024-01-06","6001",客户回访一组,回访,220,31
11085,"2024-01-06","6002",客户回访二组,回访,290,9
11086,"2024-01-06","6003",客户回访三组,回访,142,0
11087,"2024-01-06","7001",档案管理部,归档,220,25
11088,"2024-01-06","8001",异常工单组,挂起,90,7
11089,"2024-01-07","1001",客服一部,话务员暂存,285,0
11090,"2024-01-07","1001",客服一部,话务员受理,116,0
11091,"2024-01-07","1002",客服二部,话务员受理,184,11
11092,"2024-01-07","2001",业务一科,话务员办理,176,9
11093,"2024-01-07","2002",业务二科,话务员办理,182,31
11094,"2024-01-07","3001",热线审核中心,热线审核,189,24
11095,"2024-01-07","3002",热线复核中心,热线复核,112,1
11096,"2024-01-07","4001",承办单位A,承办单位审核,172,31
11097,"2024-01-07","4001",承办单位A,承办单位处理,259,40
11098,"2024-01-07","4002",承办单位B,承办单位处理,290,21
11099,"2024-01-07","4003",承办复核部A,承办单位复核,185,0
11100,"2024-01-07","5001",结案一部,办结,283,13
11101,"2024-01-07","5002",结案二部,办结,170,21
11102,"2024-01-07","6001",客户回访一组,回访,243,4
11103,"2024-01-07","6002",客户回访二组,回访,197,32
11104,"2024-01-07","6003",客户回访三组,回访,77,12
11105,"2024-01-07","7001",档案管理部,归档,118,21
11106,"2024-01-07","8001",异常工单组,挂起,189,24
11107,"2024-01-08","1001",客服一部,话务员暂存,135,0
11108,"2024-01-08","1001",客服一部,话务员受理,68,13
11109,"2024-01-08","1002",客服二部,话务员受理,202,33
11110,"2024-01-08","2001",业务一科,话务员办理,88,16
11111,"2024-01-08","2002",业务二科,话务员办理,246,47
11112,"2024-01-08","3001",热线审核中心,热线审核,237,3
11113,"2024-01-08","3002",热线复核中心,热线复核,299,42
11114,"2024-01-08","4001",承办单位A,承办单位审核,89,15
11115,"2024-01-08","4001",承办单位A,承办单位处理,116,18
11116,"2024-01-08","4002",承办单位B,承办单位处理,212,12
11117,"2024-01-08","4003",承办复核部A,承办单位复核,106,6
11118,"2024-01-08","5001",结案一部,办结,192,16
11119,"2024-01-08","5002",结案二部,办结,217,35
11120,"2024-01-08","6001",客户回访一组,回访,271,34
11121,"2024-01-08","6002",客户回访二组,回访,262,43
11122,"2024-01-08","6003",客户回访三组,回访,135,11
11123,"2024-01-08","7001",档案管理部,归档,296,24
11124,"2024-01-08","8001",异常工单组,挂起,231,46
11125,"2024-01-09","1001",客服一部,话务员暂存,215,0
11126,"2024-01-09","1001",客服一部,话务员受理,203,2
11127,"2024-01-09","1002",客服二部,话务员受理,133,19
11128,"2024-01-09","2001",业务一科,话务员办理,87,7
11129,"2024-01-09","2002",业务二科,话务员办理,94,15
11130,"2024-01-09","3001",热线审核中心,热线审核,181,0
11131,"2024-01-09","3002",热线复核中心,热线复核,228,21
11132,"2024-01-09","4001",承办单位A,承办单位审核,57,8
11133,"2024-01-09","4001",承办单位A,承办单位处理,113,17
11134,"2024-01-09","4002",承办单位B,承办单位处理,68,7
11135,"2024-01-09","4003",承办复核部A,承办单位复核,58,1
11136,"2024-01-09","5001",结案一部,办结,280,36
11137,"2024-01-09","5002",结案二部,办结,100,6
11138,"2024-01-09","6001",客户回访一组,回访,151,9
11139,"2024-01-09","6002",客户回访二组,回访,83,6
11140,"2024-01-09","6003",客户回访三组,回访,210,40
11141,"2024-01-09","7001",档案管理部,归档,252,28
11142,"2024-01-09","8001",异常工单组,挂起,259,50
11143,"2024-01-10","1001",客服一部,话务员暂存,68,0
11144,"2024-01-10","1001",客服一部,话务员受理,92,15
11145,"2024-01-10","1002",客服二部,话务员受理,279,50
11146,"2024-01-10","2001",业务一科,话务员办理,218,16
11147,"2024-01-10","2002",业务二科,话务员办理,285,51
11148,"2024-01-10","3001",热线审核中心,热线审核,179,14
11149,"2024-01-10","3002",热线复核中心,热线复核,194,34
11150,"2024-01-10","4001",承办单位A,承办单位审核,246,9
11151,"2024-01-10","4001",承办单位A,承办单位处理,107,4
11152,"2024-01-10","4002",承办单位B,承办单位处理,262,29
11153,"2024-01-10","4003",承办复核部A,承办单位复核,205,39
11154,"2024-01-10","5001",结案一部,办结,141,28
11155,"2024-01-10","5002",结案二部,办结,268,22
11156,"2024-01-10","6001",客户回访一组,回访,149,23
11157,"2024-01-10","6002",客户回访二组,回访,62,9
11158,"2024-01-10","6003",客户回访三组,回访,67,5
11159,"2024-01-10","7001",档案管理部,归档,51,1
11160,"2024-01-10","8001",异常工单组,挂起,280,38
11161,"2024-01-11","1001",客服一部,话务员暂存,50,0
11162,"2024-01-11","1001",客服一部,话务员受理,264,23
11163,"2024-01-11","1002",客服二部,话务员受理,185,6
11164,"2024-01-11","2001",业务一科,话务员办理,282,17
11165,"2024-01-11","2002",业务二科,话务员办理,191,5
11166,"2024-01-11","3001",热线审核中心,热线审核,154,8
11167,"2024-01-11","3002",热线复核中心,热线复核,193,22
11168,"2024-01-11","4001",承办单位A,承办单位审核,189,3
11169,"2024-01-11","4001",承办单位A,承办单位处理,150,0
11170,"2024-01-11","4002",承办单位B,承办单位处理,230,13
11171,"2024-01-11","4003",承办复核部A,承办单位复核,90,18
11172,"2024-01-11","5001",结案一部,办结,54,4
11173,"2024-01-11","5002",结案二部,办结,70,7
11174,"2024-01-11","6001",客户回访一组,回访,217,29
11175,"2024-01-11","6002",客户回访二组,回访,288,2
11176,"2024-01-11","6003",客户回访三组,回访,261,42
11177,"2024-01-11","7001",档案管理部,归档,98,3
11178,"2024-01-11","8001",异常工单组,挂起,293,28
11179,"2024-01-12","1001",客服一部,话务员暂存,68,0
11180,"2024-01-12","1001",客服一部,话务员受理,238,24
11181,"2024-01-12","1002",客服二部,话务员受理,260,16
11182,"2024-01-12","2001",业务一科,话务员办理,65,9
11183,"2024-01-12","2002",业务二科,话务员办理,136,7
11184,"2024-01-12","3001",热线审核中心,热线审核,199,6
11185,"2024-01-12","3002",热线复核中心,热线复核,102,14
11186,"2024-01-12","4001",承办单位A,承办单位审核,228,32
11187,"2024-01-12","4001",承办单位A,承办单位处理,160,2
11188,"2024-01-12","4002",承办单位B,承办单位处理,93,13
11189,"2024-01-12","4003",承办复核部A,承办单位复核,248,36
11190,"2024-01-12","5001",结案一部,办结,209,13
11191,"2024-01-12","5002",结案二部,办结,149,23
11192,"2024-01-12","6001",客户回访一组,回访,123,16
11193,"2024-01-12","6002",客户回访二组,回访,202,27
11194,"2024-01-12","6003",客户回访三组,回访,93,0
11195,"2024-01-12","7001",档案管理部,归档,124,6
11196,"2024-01-12","8001",异常工单组,挂起,90,16
11197,"2024-01-13","1001",客服一部,话务员暂存,272,0
11198,"2024-01-13","1001",客服一部,话务员受理,73,2
11199,"2024-01-13","1002",客服二部,话务员受理,142,13
11200,"2024-01-13","2001",业务一科,话务员办理,50,4
11201,"2024-01-13","2002",业务二科,话务员办理,129,20
11202,"2024-01-13","3001",热线审核中心,热线审核,93,6
11203,"2024-01-13","3002",热线复核中心,热线复核,288,29
11204,"2024-01-13","4001",承办单位A,承办单位审核,216,8
11205,"2024-01-13","4001",承办单位A,承办单位处理,212,36
11206,"2024-01-13","4002",承办单位B,承办单位处理,220,43
11207,"2024-01-13","4003",承办复核部A,承办单位复核,103,1
11208,"2024-01-13","5001",结案一部,办结,59,5
11209,"2024-01-13","5002",结案二部,办结,251,27
11210,"2024-01-13","6001",客户回访一组,回访,206,6
11211,"2024-01-13","6002",客户回访二组,回访,187,14
11212,"2024-01-13","6003",客户回访三组,回访,216,34
11213,"2024-01-13","7001",档案管理部,归档,293,53
11214,"2024-01-13","8001",异常工单组,挂起,106,15
11215,"2024-01-14","1001",客服一部,话务员暂存,63,0
11216,"2024-01-14","1001",客服一部,话务员受理,152,3
11217,"2024-01-14","1002",客服二部,话务员受理,250,33
11218,"2024-01-14","2001",业务一科,话务员办理,277,4
11219,"2024-01-14","2002",业务二科,话务员办理,113,10
11220,"2024-01-14","3001",热线审核中心,热线审核,86,5
11221,"2024-01-14","3002",热线复核中心,热线复核,161,9
11222,"2024-01-14","4001",承办单位A,承办单位审核,197,16
11223,"2024-01-14","4001",承办单位A,承办单位处理,54,8
11224,"2024-01-14","4002",承办单位B,承办单位处理,261,49
11225,"2024-01-14","4003",承办复核部A,承办单位复核,190,15
11226,"2024-01-14","5001",结案一部,办结,269,18
11227,"2024-01-14","5002",结案二部,办结,104,16
11228,"2024-01-14","6001",客户回访一组,回访,224,34
11229,"2024-01-14","6002",客户回访二组,回访,184,23
11230,"2024-01-14","6003",客户回访三组,回访,105,0
11231,"2024-01-14","7001",档案管理部,归档,214,18
11232,"2024-01-14","8001",异常工单组,挂起,180,22
11233,"2024-01-15","1001",客服一部,话务员暂存,189,0
11234,"2024-01-15","1001",客服一部,话务员受理,64,6
11235,"2024-01-15","1002",客服二部,话务员受理,109,7
11236,"2024-01-15","2001",业务一科,话务员办理,91,7
11237,"2024-01-15","2002",业务二科,话务员办理,214,33
11238,"2024-01-15","3001",热线审核中心,热线审核,275,16
11239,"2024-01-15","3002",热线复核中心,热线复核,124,11
11240,"2024-01-15","4001",承办单位A,承办单位审核,205,32
11241,"2024-01-15","4001",承办单位A,承办单位处理,229,32
11242,"2024-01-15","4002",承办单位B,承办单位处理,60,6
11243,"2024-01-15","4003",承办复核部A,承办单位复核,257,36
11244,"2024-01-15","5001",结案一部,办结,144,26
11245,"2024-01-15","5002",结案二部,办结,166,26
11246,"2024-01-15","6001",客户回访一组,回访,184,12
11247,"2024-01-15","6002",客户回访二组,回访,91,10
11248,"2024-01-15","6003",客户回访三组,回访,192,14
11249,"2024-01-15","7001",档案管理部,归档,200,7
11250,"2024-01-15","8001",异常工单组,挂起,123,15
11251,"2024-01-16","1001",客服一部,话务员暂存,99,0
11252,"2024-01-16","1001",客服一部,话务员受理,275,16
11253,"2024-01-16","1002",客服二部,话务员受理,252,49
11254,"2024-01-16","2001",业务一科,话务员办理,205,32
11255,"2024-01-16","2002",业务二科,话务员办理,233,3
11256,"2024-01-16","3001",热线审核中心,热线审核,289,28
11257,"2024-01-16","3002",热线复核中心,热线复核,287,41
11258,"2024-01-16","4001",承办单位A,承办单位审核,120,20
11259,"2024-01-16","4001",承办单位A,承办单位处理,119,20
11260,"2024-01-16","4002",承办单位B,承办单位处理,102,10
11261,"2024-01-16","4003",承办复核部A,承办单位复核,63,0
11262,"2024-01-16","5001",结案一部,办结,293,8
11263,"2024-01-16","5002",结案二部,办结,67,9
11264,"2024-01-16","6001",客户回访一组,回访,259,43
11265,"2024-01-16","6002",客户回访二组,回访,98,3
11266,"2024-01-16","6003",客户回访三组,回访,148,7
11267,"2024-01-16","7001",档案管理部,归档,262,7
11268,"2024-01-16","8001",异常工单组,挂起,242,47
11269,"2024-01-17","1001",客服一部,话务员暂存,118,0
11270,"2024-01-17","1001",客服一部,话务员受理,77,13
11271,"2024-01-17","1002",客服二部,话务员受理,161,30
11272,"2024-01-17","2001",业务一科,话务员办理,71,2
11273,"2024-01-17","2002",业务二科,话务员办理,268,44
11274,"2024-01-17","3001",热线审核中心,热线审核,209,38
11275,"2024-01-17","3002",热线复核中心,热线复核,255,50
11276,"2024-01-17","4001",承办单位A,承办单位审核,267,24
11277,"2024-01-17","4001",承办单位A,承办单位处理,248,49
11278,"2024-01-17","4002",承办单位B,承办单位处理,177,6
11279,"2024-01-17","4003",承办复核部A,承办单位复核,174,34
11280,"2024-01-17","5001",结案一部,办结,120,4
11281,"2024-01-17","5002",结案二部,办结,152,23
11282,"2024-01-17","6001",客户回访一组,回访,190,32
11283,"2024-01-17","6002",客户回访二组,回访,68,7
11284,"2024-01-17","6003",客户回访三组,回访,235,35
11285,"2024-01-17","7001",档案管理部,归档,167,6
11286,"2024-01-17","8001",异常工单组,挂起,91,2
11287,"2024-01-18","1001",客服一部,话务员暂存,150,0
11288,"2024-01-18","1001",客服一部,话务员受理,254,35
11289,"2024-01-18","1002",客服二部,话务员受理,113,17
11290,"2024-01-18","2001",业务一科,话务员办理,97,2
11291,"2024-01-18","2002",业务二科,话务员办理,126,6
11292,"2024-01-18","3001",热线审核中心,热线审核,281,43
11293,"2024-01-18","3002",热线复核中心,热线复核,92,15
11294,"2024-01-18","4001",承办单位A,承办单位审核,80,7
11295,"2024-01-18","4001",承办单位A,承办单位处理,202,26
11296,"2024-01-18","4002",承办单位B,承办单位处理,98,5
11297,"2024-01-18","4003",承办复核部A,承办单位复核,80,7
11298,"2024-01-18","5001",结案一部,办结,207,40
11299,"2024-01-18","5002",结案二部,办结,73,4
11300,"2024-01-18","6001",客户回访一组,回访,74,2
11301,"2024-01-18","6002",客户回访二组,回访,287,6
11302,"2024-01-18","6003",客户回访三组,回访,56,2
11303,"2024-01-18","7001",档案管理部,归档,184,31
11304,"2024-01-18","8001",异常工单组,挂起,240,27
11305,"2024-01-19","1001",客服一部,话务员暂存,216,0
11306,"2024-01-19","1001",客服一部,话务员受理,108,9
11307,"2024-01-19","1002",客服二部,话务员受理,70,9
11308,"2024-01-19","2001",业务一科,话务员办理,195,30
11309,"2024-01-19","2002",业务二科,话务员办理,189,9
11310,"2024-01-19","3001",热线审核中心,热线审核,175,5
11311,"2024-01-19","3002",热线复核中心,热线复核,152,26
11312,"2024-01-19","4001",承办单位A,承办单位审核,93,6
11313,"2024-01-19","4001",承办单位A,承办单位处理,129,16
11314,"2024-01-19","4002",承办单位B,承办单位处理,279,25
11315,"2024-01-19","4003",承办复核部A,承办单位复核,253,39
11316,"2024-01-19","5001",结案一部,办结,256,30
11317,"2024-01-19","5002",结案二部,办结,284,9
11318,"2024-01-19","6001",客户回访一组,回访,179,22
11319,"2024-01-19","6002",客户回访二组,回访,187,28
11320,"2024-01-19","6003",客户回访三组,回访,53,4
11321,"2024-01-19","7001",档案管理部,归档,160,19
11322,"2024-01-19","8001",异常工单组,挂起,64,12
11323,"2024-01-20","1001",客服一部,话务员暂存,164,0
11324,"2024-01-20","1001",客服一部,话务员受理,221,6
11325,"2024-01-20","1002",客服二部,话务员受理,297,33
11326,"2024-01-20","2001",业务一科,话务员办理,167,27
11327,"2024-01-20","2002",业务二科,话务员办理,217,30
11328,"2024-01-20","3001",热线审核中心,热线审核,215,7
11329,"2024-01-20","3002",热线复核中心,热线复核,130,17
11330,"2024-01-20","4001",承办单位A,承办单位审核,165,10
11331,"2024-01-20","4001",承办单位A,承办单位处理,75,12
11332,"2024-01-20","4002",承办单位B,承办单位处理,237,13
11333,"2024-01-20","4003",承办复核部A,承办单位复核,131,19
11334,"2024-01-20","5001",结案一部,办结,296,20
11335,"2024-01-20","5002",结案二部,办结,198,10
11336,"2024-01-20","6001",客户回访一组,回访,175,7
11337,"2024-01-20","6002",客户回访二组,回访,156,23
11338,"2024-01-20","6003",客户回访三组,回访,127,15
11339,"2024-01-20","7001",档案管理部,归档,229,25
11340,"2024-01-20","8001",异常工单组,挂起,298,40
11341,"2024-01-21","1001",客服一部,话务员暂存,212,0
11342,"2024-01-21","1001",客服一部,话务员受理,259,39
11343,"2024-01-21","1002",客服二部,话务员受理,218,41
11344,"2024-01-21","2001",业务一科,话务员办理,276,38
11345,"2024-01-21","2002",业务二科,话务员办理,265,25
11346,"2024-01-21","3001",热线审核中心,热线审核,249,49
11347,"2024-01-21","3002",热线复核中心,热线复核,99,17
11348,"2024-01-21","4001",承办单位A,承办单位审核,115,9
11349,"2024-01-21","4001",承办单位A,承办单位处理,270,10
11350,"2024-01-21","4002",承办单位B,承办单位处理,202,31
11351,"2024-01-21","4003",承办复核部A,承办单位复核,254,27
11352,"2024-01-21","5001",结案一部,办结,291,52
11353,"2024-01-21","5002",结案二部,办结,101,7
11354,"2024-01-21","6001",客户回访一组,回访,236,20
11355,"2024-01-21","6002",客户回访二组,回访,287,52
11356,"2024-01-21","6003",客户回访三组,回访,235,6
11357,"2024-01-21","7001",档案管理部,归档,68,5
11358,"2024-01-21","8001",异常工单组,挂起,138,18
11359,"2024-01-22","1001",客服一部,话务员暂存,189,0
11360,"2024-01-22","1001",客服一部,话务员受理,161,29
11361,"2024-01-22","1002",客服二部,话务员受理,170,24
11362,"2024-01-22","2001",业务一科,话务员办理,227,3
11363,"2024-01-22","2002",业务二科,话务员办理,211,10
11364,"2024-01-22","3001",热线审核中心,热线审核,50,5
11365,"2024-01-22","3002",热线复核中心,热线复核,162,0
11366,"2024-01-22","4001",承办单位A,承办单位审核,98,0
11367,"2024-01-22","4001",承办单位A,承办单位处理,164,20
11368,"2024-01-22","4002",承办单位B,承办单位处理,264,43
11369,"2024-01-22","4003",承办复核部A,承办单位复核,224,29
11370,"2024-01-22","5001",结案一部,办结,288,20
11371,"2024-01-22","5002",结案二部,办结,210,34
11372,"2024-01-22","6001",客户回访一组,回访,65,10
11373,"2024-01-22","6002",客户回访二组,回访,291,46
11374,"2024-01-22","6003",客户回访三组,回访,109,20
11375,"2024-01-22","7001",档案管理部,归档,106,16
11376,"2024-01-22","8001",异常工单组,挂起,62,8
11377,"2024-01-23","1001",客服一部,话务员暂存,105,0
11378,"2024-01-23","1001",客服一部,话务员受理,271,26
11379,"2024-01-23","1002",客服二部,话务员受理,137,5
11380,"2024-01-23","2001",业务一科,话务员办理,133,12
11381,"2024-01-23","2002",业务二科,话务员办理,135,25
11382,"2024-01-23","3001",热线审核中心,热线审核,258,1
11383,"2024-01-23","3002",热线复核中心,热线复核,118,18
11384,"2024-01-23","4001",承办单位A,承办单位审核,143,24
11385,"2024-01-23","4001",承办单位A,承办单位处理,244,10
11386,"2024-01-23","4002",承办单位B,承办单位处理,208,6
11387,"2024-01-23","4003",承办复核部A,承办单位复核,204,34
11388,"2024-01-23","5001",结案一部,办结,214,23
11389,"2024-01-23","5002",结案二部,办结,192,1
11390,"2024-01-23","6001",客户回访一组,回访,94,17
11391,"2024-01-23","6002",客户回访二组,回访,273,18
11392,"2024-01-23","6003",客户回访三组,回访,137,11
11393,"2024-01-23","7001",档案管理部,归档,83,0
11394,"2024-01-23","8001",异常工单组,挂起,162,12
11395,"2024-01-24","1001",客服一部,话务员暂存,220,0
11396,"2024-01-24","1001",客服一部,话务员受理,227,1
11397,"2024-01-24","1002",客服二部,话务员受理,242,13
11398,"2024-01-24","2001",业务一科,话务员办理,120,17
11399,"2024-01-24","2002",业务二科,话务员办理,52,7
11400,"2024-01-24","3001",热线审核中心,热线审核,280,11
11401,"2024-01-24","3002",热线复核中心,热线复核,279,51
11402,"2024-01-24","4001",承办单位A,承办单位审核,103,2
11403,"2024-01-24","4001",承办单位A,承办单位处理,111,4
11404,"2024-01-24","4002",承办单位B,承办单位处理,250,26
11405,"2024-01-24","4003",承办复核部A,承办单位复核,93,5
11406,"2024-01-24","5001",结案一部,办结,242,28
11407,"2024-01-24","5002",结案二部,办结,238,25
11408,"2024-01-24","6001",客户回访一组,回访,253,16
11409,"2024-01-24","6002",客户回访二组,回访,197,10
11410,"2024-01-24","6003",客户回访三组,回访,158,2
11411,"2024-01-24","7001",档案管理部,归档,65,0
11412,"2024-01-24","8001",异常工单组,挂起,237,9
11413,"2024-01-25","1001",客服一部,话务员暂存,165,0
11414,"2024-01-25","1001",客服一部,话务员受理,274,43
11415,"2024-01-25","1002",客服二部,话务员受理,163,32
11416,"2024-01-25","2001",业务一科,话务员办理,50,1
11417,"2024-01-25","2002",业务二科,话务员办理,72,7
11418,"2024-01-25","3001",热线审核中心,热线审核,79,14
11419,"2024-01-25","3002",热线复核中心,热线复核,163,30
11420,"2024-01-25","4001",承办单位A,承办单位审核,239,5
11421,"2024-01-25","4001",承办单位A,承办单位处理,123,11
11422,"2024-01-25","4002",承办单位B,承办单位处理,119,5
11423,"2024-01-25","4003",承办复核部A,承办单位复核,289,54
11424,"2024-01-25","5001",结案一部,办结,75,9
11425,"2024-01-25","5002",结案二部,办结,265,4
11426,"2024-01-25","6001",客户回访一组,回访,136,12
11427,"2024-01-25","6002",客户回访二组,回访,209,9
11428,"2024-01-25","6003",客户回访三组,回访,276,15
11429,"2024-01-25","7001",档案管理部,归档,293,55
11430,"2024-01-25","8001",异常工单组,挂起,100,11
11431,"2024-01-26","1001",客服一部,话务员暂存,248,0
11432,"2024-01-26","1001",客服一部,话务员受理,262,2
11433,"2024-01-26","1002",客服二部,话务员受理,133,6
11434,"2024-01-26","2001",业务一科,话务员办理,208,20
11435,"2024-01-26","2002",业务二科,话务员办理,212,40
11436,"2024-01-26","3001",热线审核中心,热线审核,267,9
11437,"2024-01-26","3002",热线复核中心,热线复核,227,8
11438,"2024-01-26","4001",承办单位A,承办单位审核,80,12
11439,"2024-01-26","4001",承办单位A,承办单位处理,113,4
11440,"2024-01-26","4002",承办单位B,承办单位处理,269,25
11441,"2024-01-26","4003",承办复核部A,承办单位复核,279,2
11442,"2024-01-26","5001",结案一部,办结,147,18
11443,"2024-01-26","5002",结案二部,办结,229,37
11444,"2024-01-26","6001",客户回访一组,回访,265,7
11445,"2024-01-26","6002",客户回访二组,回访,253,17
11446,"2024-01-26","6003",客户回访三组,回访,155,10
11447,"2024-01-26","7001",档案管理部,归档,65,10
11448,"2024-01-26","8001",异常工单组,挂起,215,31
11449,"2024-01-27","1001",客服一部,话务员暂存,62,0
11450,"2024-01-27","1001",客服一部,话务员受理,241,13
11451,"2024-01-27","1002",客服二部,话务员受理,181,32
11452,"2024-01-27","2001",业务一科,话务员办理,238,8
11453,"2024-01-27","2002",业务二科,话务员办理,81,1
11454,"2024-01-27","3001",热线审核中心,热线审核,292,19
11455,"2024-01-27","3002",热线复核中心,热线复核,227,29
11456,"2024-01-27","4001",承办单位A,承办单位审核,79,1
11457,"2024-01-27","4001",承办单位A,承办单位处理,87,6
11458,"2024-01-27","4002",承办单位B,承办单位处理,232,26
11459,"2024-01-27","4003",承办复核部A,承办单位复核,208,22
11460,"2024-01-27","5001",结案一部,办结,92,9
11461,"2024-01-27","5002",结案二部,办结,235,13
11462,"2024-01-27","6001",客户回访一组,回访,188,20
11463,"2024-01-27","6002",客户回访二组,回访,300,13
11464,"2024-01-27","6003",客户回访三组,回访,147,21
11465,"2024-01-27","7001",档案管理部,归档,110,18
11466,"2024-01-27","8001",异常工单组,挂起,244,46
11467,"2024-01-28","1001",客服一部,话务员暂存,160,0
11468,"2024-01-28","1001",客服一部,话务员受理,129,16
11469,"2024-01-28","1002",客服二部,话务员受理,146,20
11470,"2024-01-28","2001",业务一科,话务员办理,126,8
11471,"2024-01-28","2002",业务二科,话务员办理,211,3
11472,"2024-01-28","3001",热线审核中心,热线审核,68,4
11473,"2024-01-28","3002",热线复核中心,热线复核,286,17
11474,"2024-01-28","4001",承办单位A,承办单位审核,179,17
11475,"2024-01-28","4001",承办单位A,承办单位处理,251,13
11476,"2024-01-28","4002",承办单位B,承办单位处理,154,3
11477,"2024-01-28","4003",承办复核部A,承办单位复核,250,13
11478,"2024-01-28","5001",结案一部,办结,265,17
11479,"2024-01-28","5002",结案二部,办结,96,9
11480,"2024-01-28","6001",客户回访一组,回访,94,6
11481,"2024-01-28","6002",客户回访二组,回访,286,36
11482,"2024-01-28","6003",客户回访三组,回访,195,13
11483,"2024-01-28","7001",档案管理部,归档,170,12
11484,"2024-01-28","8001",异常工单组,挂起,206,40
11485,"2024-01-29","1001",客服一部,话务员暂存,124,0
11486,"2024-01-29","1001",客服一部,话务员受理,128,12
11487,"2024-01-29","1002",客服二部,话务员受理,140,13
11488,"2024-01-29","2001",业务一科,话务员办理,159,22
11489,"2024-01-29","2002",业务二科,话务员办理,86,5
11490,"2024-01-29","3001",热线审核中心,热线审核,132,20
11491,"2024-01-29","3002",热线复核中心,热线复核,84,6
11492,"2024-01-29","4001",承办单位A,承办单位审核,226,36
11493,"2024-01-29","4001",承办单位A,承办单位处理,257,40
11494,"2024-01-29","4002",承办单位B,承办单位处理,139,7
11495,"2024-01-29","4003",承办复核部A,承办单位复核,186,3
11496,"2024-01-29","5001",结案一部,办结,164,27
11497,"2024-01-29","5002",结案二部,办结,77,5
11498,"2024-01-29","6001",客户回访一组,回访,203,0
11499,"2024-01-29","6002",客户回访二组,回访,227,4
11500,"2024-01-29","6003",客户回访三组,回访,290,42
11501,"2024-01-29","7001",档案管理部,归档,286,27
11502,"2024-01-29","8001",异常工单组,挂起,141,25
11503,"2024-01-30","1001",客服一部,话务员暂存,256,0
11504,"2024-01-30","1001",客服一部,话务员受理,129,23
11505,"2024-01-30","1002",客服二部,话务员受理,58,6
11506,"2024-01-30","2001",业务一科,话务员办理,157,22
11507,"2024-01-30","2002",业务二科,话务员办理,212,8
11508,"2024-01-30","3001",热线审核中心,热线审核,56,5
11509,"2024-01-30","3002",热线复核中心,热线复核,246,14
11510,"2024-01-30","4001",承办单位A,承办单位审核,286,14
11511,"2024-01-30","4001",承办单位A,承办单位处理,195,12
11512,"2024-01-30","4002",承办单位B,承办单位处理,181,20
11513,"2024-01-30","4003",承办复核部A,承办单位复核,107,15
11514,"2024-01-30","5001",结案一部,办结,299,57
11515,"2024-01-30","5002",结案二部,办结,179,32
11516,"2024-01-30","6001",客户回访一组,回访,189,26
11517,"2024-01-30","6002",客户回访二组,回访,209,0
11518,"2024-01-30","6003",客户回访三组,回访,193,31
11519,"2024-01-30","7001",档案管理部,归档,246,29
11520,"2024-01-30","8001",异常工单组,挂起,154,22
11521,"2024-01-31","1001",客服一部,话务员暂存,70,0
11522,"2024-01-31","1001",客服一部,话务员受理,163,23
11523,"2024-01-31","1002",客服二部,话务员受理,108,12
11524,"2024-01-31","2001",业务一科,话务员办理,183,30
11525,"2024-01-31","2002",业务二科,话务员办理,180,3
11526,"2024-01-31","3001",热线审核中心,热线审核,108,20
11527,"2024-01-31","3002",热线复核中心,热线复核,264,10
11528,"2024-01-31","4001",承办单位A,承办单位审核,270,50
11529,"2024-01-31","4001",承办单位A,承办单位处理,269,25
11530,"2024-01-31","4002",承办单位B,承办单位处理,131,3
11531,"2024-01-31","4003",承办复核部A,承办单位复核,126,5
11532,"2024-01-31","5001",结案一部,办结,198,7
11533,"2024-01-31","5002",结案二部,办结,116,20
11534,"2024-01-31","6001",客户回访一组,回访,268,14
11535,"2024-01-31","6002",客户回访二组,回访,284,40
11536,"2024-01-31","6003",客户回访三组,回访,106,15
11537,"2024-01-31","7001",档案管理部,归档,104,20
11538,"2024-01-31","8001",异常工单组,挂起,126,7
11539,"2024-02-01","1001",客服一部,话务员暂存,165,0
11540,"2024-02-01","1001",客服一部,话务员受理,139,27
11541,"2024-02-01","1002",客服二部,话务员受理,241,28
11542,"2024-02-01","2001",业务一科,话务员办理,59,3
11543,"2024-02-01","2002",业务二科,话务员办理,264,17
11544,"2024-02-01","3001",热线审核中心,热线审核,287,6
11545,"2024-02-01","3002",热线复核中心,热线复核,240,10
11546,"2024-02-01","4001",承办单位A,承办单位审核,148,5
11547,"2024-02-01","4001",承办单位A,承办单位处理,86,1
11548,"2024-02-01","4002",承办单位B,承办单位处理,96,13
11549,"2024-02-01","4003",承办复核部A,承办单位复核,257,1
11550,"2024-02-01","5001",结案一部,办结,164,10
11551,"2024-02-01","5002",结案二部,办结,264,37
11552,"2024-02-01","6001",客户回访一组,回访,211,4
11553,"2024-02-01","6002",客户回访二组,回访,212,14
11554,"2024-02-01","6003",客户回访三组,回访,92,1
11555,"2024-02-01","7001",档案管理部,归档,201,23
11556,"2024-02-01","8001",异常工单组,挂起,156,6
11557,"2024-02-02","1001",客服一部,话务员暂存,57,0
11558,"2024-02-02","1001",客服一部,话务员受理,72,10
11559,"2024-02-02","1002",客服二部,话务员受理,206,22
11560,"2024-02-02","2001",业务一科,话务员办理,99,6
11561,"2024-02-02","2002",业务二科,话务员办理,88,6
11562,"2024-02-02","3001",热线审核中心,热线审核,95,2
11563,"2024-02-02","3002",热线复核中心,热线复核,133,17
11564,"2024-02-02","4001",承办单位A,承办单位审核,259,15
11565,"2024-02-02","4001",承办单位A,承办单位处理,177,3
11566,"2024-02-02","4002",承办单位B,承办单位处理,219,35
11567,"2024-02-02","4003",承办复核部A,承办单位复核,232,1
11568,"2024-02-02","5001",结案一部,办结,251,23
11569,"2024-02-02","5002",结案二部,办结,207,30
11570,"2024-02-02","6001",客户回访一组,回访,92,3
11571,"2024-02-02","6002",客户回访二组,回访,262,22
11572,"2024-02-02","6003",客户回访三组,回访,91,14
11573,"2024-02-02","7001",档案管理部,归档,168,9
11574,"2024-02-02","8001",异常工单组,挂起,279,45
11575,"2024-02-03","1001",客服一部,话务员暂存,97,0
11576,"2024-02-03","1001",客服一部,话务员受理,87,13
11577,"2024-02-03","1002",客服二部,话务员受理,215,12
11578,"2024-02-03","2001",业务一科,话务员办理,243,30
11579,"2024-02-03","2002",业务二科,话务员办理,167,21
11580,"2024-02-03","3001",热线审核中心,热线审核,214,14
11581,"2024-02-03","3002",热线复核中心,热线复核,238,30
11582,"2024-02-03","4001",承办单位A,承办单位审核,115,20
11583,"2024-02-03","4001",承办单位A,承办单位处理,227,36
11584,"2024-02-03","4002",承办单位B,承办单位处理,124,2
11585,"2024-02-03","4003",承办复核部A,承办单位复核,270,47
11586,"2024-02-03","5001",结案一部,办结,145,1
11587,"2024-02-03","5002",结案二部,办结,218,23
11588,"2024-02-03","6001",客户回访一组,回访,180,12
11589,"2024-02-03","6002",客户回访二组,回访,159,23
11590,"2024-02-03","6003",客户回访三组,回访,236,21
11591,"2024-02-03","7001",档案管理部,归档,242,19
11592,"2024-02-03","8001",异常工单组,挂起,142,12
11593,"2024-02-04","1001",客服一部,话务员暂存,227,0
11594,"2024-02-04","1001",客服一部,话务员受理,52,2
11595,"2024-02-04","1002",客服二部,话务员受理,58,5
11596,"2024-02-04","2001",业务一科,话务员办理,127,6
11597,"2024-02-04","2002",业务二科,话务员办理,139,22
11598,"2024-02-04","3001",热线审核中心,热线审核,136,9
11599,"2024-02-04","3002",热线复核中心,热线复核,111,6
11600,"2024-02-04","4001",承办单位A,承办单位审核,193,20
11601,"2024-02-04","4001",承办单位A,承办单位处理,271,46
11602,"2024-02-04","4002",承办单位B,承办单位处理,131,19
11603,"2024-02-04","4003",承办复核部A,承办单位复核,246,34
11604,"2024-02-04","5001",结案一部,办结,268,37
11605,"2024-02-04","5002",结案二部,办结,53,7
11606,"2024-02-04","6001",客户回访一组,回访,222,43
11607,"2024-02-04","6002",客户回访二组,回访,174,12
11608,"2024-02-04","6003",客户回访三组,回访,217,29
11609,"2024-02-04","7001",档案管理部,归档,212,36
11610,"2024-02-04","8001",异常工单组,挂起,100,16
11611,"2024-02-05","1001",客服一部,话务员暂存,245,0
11612,"2024-02-05","1001",客服一部,话务员受理,174,25
11613,"2024-02-05","1002",客服二部,话务员受理,207,27
11614,"2024-02-05","2001",业务一科,话务员办理,277,4
11615,"2024-02-05","2002",业务二科,话务员办理,290,35
11616,"2024-02-05","3001",热线审核中心,热线审核,149,18
11617,"2024-02-05","3002",热线复核中心,热线复核,159,20
11618,"2024-02-05","4001",承办单位A,承办单位审核,90,11
11619,"2024-02-05","4001",承办单位A,承办单位处理,101,9
11620,"2024-02-05","4002",承办单位B,承办单位处理,120,6
11621,"2024-02-05","4003",承办复核部A,承办单位复核,196,36
11622,"2024-02-05","5001",结案一部,办结,213,10
11623,"2024-02-05","5002",结案二部,办结,243,9
11624,"2024-02-05","6001",客户回访一组,回访,150,20
11625,"2024-02-05","6002",客户回访二组,回访,300,31
11626,"2024-02-05","6003",客户回访三组,回访,210,4
11627,"2024-02-05","7001",档案管理部,归档,57,9
11628,"2024-02-05","8001",异常工单组,挂起,144,5
11629,"2024-02-06","1001",客服一部,话务员暂存,174,0
11630,"2024-02-06","1001",客服一部,话务员受理,262,5
11631,"2024-02-06","1002",客服二部,话务员受理,227,15
11632,"2024-02-06","2001",业务一科,话务员办理,233,0
11633,"2024-02-06","2002",业务二科,话务员办理,105,3
11634,"2024-02-06","3001",热线审核中心,热线审核,110,0
11635,"2024-02-06","3002",热线复核中心,热线复核,140,13
11636,"2024-02-06","4001",承办单位A,承办单位审核,209,37
11637,"2024-02-06","4001",承办单位A,承办单位处理,112,13
11638,"2024-02-06","4002",承办单位B,承办单位处理,83,13
11639,"2024-02-06","4003",承办复核部A,承办单位复核,204,16
11640,"2024-02-06","5001",结案一部,办结,158,31
11641,"2024-02-06","5002",结案二部,办结,120,15
11642,"2024-02-06","6001",客户回访一组,回访,192,26
11643,"2024-02-06","6002",客户回访二组,回访,257,17
11644,"2024-02-06","6003",客户回访三组,回访,211,13
11645,"2024-02-06","7001",档案管理部,归档,215,5
11646,"2024-02-06","8001",异常工单组,挂起,98,3
11647,"2024-02-07","1001",客服一部,话务员暂存,69,0
11648,"2024-02-07","1001",客服一部,话务员受理,206,4
11649,"2024-02-07","1002",客服二部,话务员受理,152,11
11650,"2024-02-07","2001",业务一科,话务员办理,126,23
11651,"2024-02-07","2002",业务二科,话务员办理,77,15
11652,"2024-02-07","3001",热线审核中心,热线审核,108,1
11653,"2024-02-07","3002",热线复核中心,热线复核,223,6
11654,"2024-02-07","4001",承办单位A,承办单位审核,267,21
11655,"2024-02-07","4001",承办单位A,承办单位处理,212,17
11656,"2024-02-07","4002",承办单位B,承办单位处理,59,7
11657,"2024-02-07","4003",承办复核部A,承办单位复核,85,1
11658,"2024-02-07","5001",结案一部,办结,187,13
11659,"2024-02-07","5002",结案二部,办结,139,17
11660,"2024-02-07","6001",客户回访一组,回访,72,6
11661,"2024-02-07","6002",客户回访二组,回访,231,12
11662,"2024-02-07","6003",客户回访三组,回访,136,25
11663,"2024-02-07","7001",档案管理部,归档,290,29
11664,"2024-02-07","8001",异常工单组,挂起,279,23
11665,"2024-02-08","1001",客服一部,话务员暂存,146,0
11666,"2024-02-08","1001",客服一部,话务员受理,142,6
11667,"2024-02-08","1002",客服二部,话务员受理,185,5
11668,"2024-02-08","2001",业务一科,话务员办理,54,4
11669,"2024-02-08","2002",业务二科,话务员办理,64,8
11670,"2024-02-08","3001",热线审核中心,热线审核,156,27
11671,"2024-02-08","3002",热线复核中心,热线复核,91,1
11672,"2024-02-08","4001",承办单位A,承办单位审核,212,15
11673,"2024-02-08","4001",承办单位A,承办单位处理,197,36
11674,"2024-02-08","4002",承办单位B,承办单位处理,197,19
11675,"2024-02-08","4003",承办复核部A,承办单位复核,73,6
11676,"2024-02-08","5001",结案一部,办结,140,28
11677,"2024-02-08","5002",结案二部,办结,228,13
11678,"2024-02-08","6001",客户回访一组,回访,114,5
11679,"2024-02-08","6002",客户回访二组,回访,282,18
11680,"2024-02-08","6003",客户回访三组,回访,86,14
11681,"2024-02-08","7001",档案管理部,归档,224,19
11682,"2024-02-08","8001",异常工单组,挂起,247,25
11683,"2024-02-09","1001",客服一部,话务员暂存,59,0
11684,"2024-02-09","1001",客服一部,话务员受理,145,18
11685,"2024-02-09","1002",客服二部,话务员受理,283,56
11686,"2024-02-09","2001",业务一科,话务员办理,290,43
11687,"2024-02-09","2002",业务二科,话务员办理,169,24
11688,"2024-02-09","3001",热线审核中心,热线审核,255,18
11689,"2024-02-09","3002",热线复核中心,热线复核,225,33
11690,"2024-02-09","4001",承办单位A,承办单位审核,170,28
11691,"2024-02-09","4001",承办单位A,承办单位处理,295,43
11692,"2024-02-09","4002",承办单位B,承办单位处理,113,5
11693,"2024-02-09","4003",承办复核部A,承办单位复核,200,25
11694,"2024-02-09","5001",结案一部,办结,130,25
11695,"2024-02-09","5002",结案二部,办结,93,14
11696,"2024-02-09","6001",客户回访一组,回访,281,32
11697,"2024-02-09","6002",客户回访二组,回访,56,3
11698,"2024-02-09","6003",客户回访三组,回访,288,44
11699,"2024-02-09","7001",档案管理部,归档,267,42
11700,"2024-02-09","8001",异常工单组,挂起,92,4
11701,"2024-02-10","1001",客服一部,话务员暂存,158,0
11702,"2024-02-10","1001",客服一部,话务员受理,243,1
11703,"2024-02-10","1002",客服二部,话务员受理,125,11
11704,"2024-02-10","2001",业务一科,话务员办理,89,1
11705,"2024-02-10","2002",业务二科,话务员办理,298,43
11706,"2024-02-10","3001",热线审核中心,热线审核,78,5
11707,"2024-02-10","3002",热线复核中心,热线复核,110,12
11708,"2024-02-10","4001",承办单位A,承办单位审核,87,13
11709,"2024-02-10","4001",承办单位A,承办单位处理,118,10
11710,"2024-02-10","4002",承办单位B,承办单位处理,182,35
11711,"2024-02-10","4003",承办复核部A,承办单位复核,58,2
11712,"2024-02-10","5001",结案一部,办结,257,12
11713,"2024-02-10","5002",结案二部,办结,92,11
11714,"2024-02-10","6001",客户回访一组,回访,298,47
11715,"2024-02-10","6002",客户回访二组,回访,271,35
11716,"2024-02-10","6003",客户回访三组,回访,281,33
11717,"2024-02-10","7001",档案管理部,归档,229,2
11718,"2024-02-10","8001",异常工单组,挂起,274,25
11719,"2024-02-11","1001",客服一部,话务员暂存,265,0
11720,"2024-02-11","1001",客服一部,话务员受理,232,24
11721,"2024-02-11","1002",客服二部,话务员受理,181,4
11722,"2024-02-11","2001",业务一科,话务员办理,275,36
11723,"2024-02-11","2002",业务二科,话务员办理,285,17
11724,"2024-02-11","3001",热线审核中心,热线审核,274,28
11725,"2024-02-11","3002",热线复核中心,热线复核,181,24
11726,"2024-02-11","4001",承办单位A,承办单位审核,184,9
11727,"2024-02-11","4001",承办单位A,承办单位处理,275,10
11728,"2024-02-11","4002",承办单位B,承办单位处理,93,5
11729,"2024-02-11","4003",承办复核部A,承办单位复核,217,38
11730,"2024-02-11","5001",结案一部,办结,128,20
11731,"2024-02-11","5002",结案二部,办结,243,0
11732,"2024-02-11","6001",客户回访一组,回访,189,4
11733,"2024-02-11","6002",客户回访二组,回访,219,43
11734,"2024-02-11","6003",客户回访三组,回访,53,9
11735,"2024-02-11","7001",档案管理部,归档,210,8
11736,"2024-02-11","8001",异常工单组,挂起,149,3
11737,"2024-02-12","1001",客服一部,话务员暂存,239,0
11738,"2024-02-12","1001",客服一部,话务员受理,53,4
11739,"2024-02-12","1002",客服二部,话务员受理,119,3
11740,"2024-02-12","2001",业务一科,话务员办理,159,18
11741,"2024-02-12","2002",业务二科,话务员办理,82,8
11742,"2024-02-12","3001",热线审核中心,热线审核,263,6
11743,"2024-02-12","3002",热线复核中心,热线复核,51,0
11744,"2024-02-12","4001",承办单位A,承办单位审核,281,40
11745,"2024-02-12","4001",承办单位A,承办单位处理,83,1
11746,"2024-02-12","4002",承办单位B,承办单位处理,51,4
11747,"2024-02-12","4003",承办复核部A,承办单位复核,51,0
11748,"2024-02-12","5001",结案一部,办结,92,14
11749,"2024-02-12","5002",结案二部,办结,281,51
11750,"2024-02-12","6001",客户回访一组,回访,83,4
11751,"2024-02-12","6002",客户回访二组,回访,236,4
11752,"2024-02-12","6003",客户回访三组,回访,140,2
11753,"2024-02-12","7001",档案管理部,归档,198,26
11754,"2024-02-12","8001",异常工单组,挂起,68,9
11755,"2024-02-13","1001",客服一部,话务员暂存,96,0
11756,"2024-02-13","1001",客服一部,话务员受理,156,17
11757,"2024-02-13","1002",客服二部,话务员受理,290,12
11758,"2024-02-13","2001",业务一科,话务员办理,139,20
11759,"2024-02-13","2002",业务二科,话务员办理,107,18
11760,"2024-02-13","3001",热线审核中心,热线审核,117,0
11761,"2024-02-13","3002",热线复核中心,热线复核,129,15
11762,"2024-02-13","4001",承办单位A,承办单位审核,74,2
11763,"2024-02-13","4001",承办单位A,承办单位处理,130,17
11764,"2024-02-13","4002",承办单位B,承办单位处理,73,2
11765,"2024-02-13","4003",承办复核部A,承办单位复核,110,10
11766,"2024-02-13","5001",结案一部,办结,257,5
11767,"2024-02-13","5002",结案二部,办结,112,20
11768,"2024-02-13","6001",客户回访一组,回访,197,14
11769,"2024-02-13","6002",客户回访二组,回访,186,34
11770,"2024-02-13","6003",客户回访三组,回访,280,1
11771,"2024-02-13","7001",档案管理部,归档,295,7
11772,"2024-02-13","8001",异常工单组,挂起,57,3
11773,"2024-02-14","1001",客服一部,话务员暂存,211,0
11774,"2024-02-14","1001",客服一部,话务员受理,64,4
11775,"2024-02-14","1002",客服二部,话务员受理,131,17
11776,"2024-02-14","2001",业务一科,话务员办理,57,7
11777,"2024-02-14","2002",业务二科,话务员办理,124,18
11778,"2024-02-14","3001",热线审核中心,热线审核,93,11
11779,"2024-02-14","3002",热线复核中心,热线复核,229,19
11780,"2024-02-14","4001",承办单位A,承办单位审核,125,24
11781,"2024-02-14","4001",承办单位A,承办单位处理,57,11
11782,"2024-02-14","4002",承办单位B,承办单位处理,98,5
11783,"2024-02-14","4003",承办复核部A,承办单位复核,149,9
11784,"2024-02-14","5001",结案一部,办结,282,24
11785,"2024-02-14","5002",结案二部,办结,167,8
11786,"2024-02-14","6001",客户回访一组,回访,87,6
11787,"2024-02-14","6002",客户回访二组,回访,127,7
11788,"2024-02-14","6003",客户回访三组,回访,57,1
11789,"2024-02-14","7001",档案管理部,归档,181,22
11790,"2024-02-14","8001",异常工单组,挂起,183,9
11791,"2024-02-15","1001",客服一部,话务员暂存,120,0
11792,"2024-02-15","1001",客服一部,话务员受理,79,1
11793,"2024-02-15","1002",客服二部,话务员受理,278,20
11794,"2024-02-15","2001",业务一科,话务员办理,293,46
11795,"2024-02-15","2002",业务二科,话务员办理,267,8
11796,"2024-02-15","3001",热线审核中心,热线审核,283,17
11797,"2024-02-15","3002",热线复核中心,热线复核,152,30
11798,"2024-02-15","4001",承办单位A,承办单位审核,285,47
11799,"2024-02-15","4001",承办单位A,承办单位处理,221,30
11800,"2024-02-15","4002",承办单位B,承办单位处理,272,15
11801,"2024-02-15","4003",承办复核部A,承办单位复核,223,0
11802,"2024-02-15","5001",结案一部,办结,207,36
11803,"2024-02-15","5002",结案二部,办结,246,39
11804,"2024-02-15","6001",客户回访一组,回访,272,14
11805,"2024-02-15","6002",客户回访二组,回访,103,5
11806,"2024-02-15","6003",客户回访三组,回访,163,30
11807,"2024-02-15","7001",档案管理部,归档,214,35
11808,"2024-02-15","8001",异常工单组,挂起,284,32
11809,"2024-02-16","1001",客服一部,话务员暂存,194,0
11810,"2024-02-16","1001",客服一部,话务员受理,114,19
11811,"2024-02-16","1002",客服二部,话务员受理,182,13
11812,"2024-02-16","2001",业务一科,话务员办理,157,24
11813,"2024-02-16","2002",业务二科,话务员办理,244,25
11814,"2024-02-16","3001",热线审核中心,热线审核,51,7
11815,"2024-02-16","3002",热线复核中心,热线复核,103,2
11816,"2024-02-16","4001",承办单位A,承办单位审核,277,42
11817,"2024-02-16","4001",承办单位A,承办单位处理,242,24
11818,"2024-02-16","4002",承办单位B,承办单位处理,118,4
11819,"2024-02-16","4003",承办复核部A,承办单位复核,152,12
11820,"2024-02-16","5001",结案一部,办结,240,29
11821,"2024-02-16","5002",结案二部,办结,169,32
11822,"2024-02-16","6001",客户回访一组,回访,92,16
11823,"2024-02-16","6002",客户回访二组,回访,128,24
11824,"2024-02-16","6003",客户回访三组,回访,64,0
11825,"2024-02-16","7001",档案管理部,归档,272,29
11826,"2024-02-16","8001",异常工单组,挂起,262,21
11827,"2024-02-17","1001",客服一部,话务员暂存,104,0
11828,"2024-02-17","1001",客服一部,话务员受理,102,20
11829,"2024-02-17","1002",客服二部,话务员受理,79,9
11830,"2024-02-17","2001",业务一科,话务员办理,103,2
11831,"2024-02-17","2002",业务二科,话务员办理,58,10
11832,"2024-02-17","3001",热线审核中心,热线审核,147,22
11833,"2024-02-17","3002",热线复核中心,热线复核,203,30
11834,"2024-02-17","4001",承办单位A,承办单位审核,78,10
11835,"2024-02-17","4001",承办单位A,承办单位处理,120,5
11836,"2024-02-17","4002",承办单位B,承办单位处理,149,1
11837,"2024-02-17","4003",承办复核部A,承办单位复核,214,4
11838,"2024-02-17","5001",结案一部,办结,107,3
11839,"2024-02-17","5002",结案二部,办结,201,34
11840,"2024-02-17","6001",客户回访一组,回访,251,0
11841,"2024-02-17","6002",客户回访二组,回访,224,13
11842,"2024-02-17","6003",客户回访三组,回访,221,38
11843,"2024-02-17","7001",档案管理部,归档,109,13
11844,"2024-02-17","8001",异常工单组,挂起,147,21
11845,"2024-02-18","1001",客服一部,话务员暂存,143,0
11846,"2024-02-18","1001",客服一部,话务员受理,145,25
11847,"2024-02-18","1002",客服二部,话务员受理,208,21
11848,"2024-02-18","2001",业务一科,话务员办理,57,2
11849,"2024-02-18","2002",业务二科,话务员办理,168,1
11850,"2024-02-18","3001",热线审核中心,热线审核,284,46
11851,"2024-02-18","3002",热线复核中心,热线复核,56,7
11852,"2024-02-18","4001",承办单位A,承办单位审核,105,18
11853,"2024-02-18","4001",承办单位A,承办单位处理,243,16
11854,"2024-02-18","4002",承办单位B,承办单位处理,165,33
11855,"2024-02-18","4003",承办复核部A,承办单位复核,74,4
11856,"2024-02-18","5001",结案一部,办结,137,0
11857,"2024-02-18","5002",结案二部,办结,84,10
11858,"2024-02-18","6001",客户回访一组,回访,202,31
11859,"2024-02-18","6002",客户回访二组,回访,131,18
11860,"2024-02-18","6003",客户回访三组,回访,137,4
11861,"2024-02-18","7001",档案管理部,归档,130,8
11862,"2024-02-18","8001",异常工单组,挂起,228,24
11863,"2024-02-19","1001",客服一部,话务员暂存,95,0
11864,"2024-02-19","1001",客服一部,话务员受理,200,2
11865,"2024-02-19","1002",客服二部,话务员受理,244,32
11866,"2024-02-19","2001",业务一科,话务员办理,55,10
11867,"2024-02-19","2002",业务二科,话务员办理,182,31
11868,"2024-02-19","3001",热线审核中心,热线审核,81,13
11869,"2024-02-19","3002",热线复核中心,热线复核,178,14
11870,"2024-02-19","4001",承办单位A,承办单位审核,279,0
11871,"2024-02-19","4001",承办单位A,承办单位处理,196,5
11872,"2024-02-19","4002",承办单位B,承办单位处理,148,20
11873,"2024-02-19","4003",承办复核部A,承办单位复核,193,18
11874,"2024-02-19","5001",结案一部,办结,241,39
11875,"2024-02-19","5002",结案二部,办结,265,46
11876,"2024-02-19","6001",客户回访一组,回访,232,21
11877,"2024-02-19","6002",客户回访二组,回访,177,4
11878,"2024-02-19","6003",客户回访三组,回访,257,8
11879,"2024-02-19","7001",档案管理部,归档,299,15
11880,"2024-02-19","8001",异常工单组,挂起,168,13
11881,"2024-02-20","1001",客服一部,话务员暂存,153,0
11882,"2024-02-20","1001",客服一部,话务员受理,172,24
11883,"2024-02-20","1002",客服二部,话务员受理,243,8
11884,"2024-02-20","2001",业务一科,话务员办理,209,13
11885,"2024-02-20","2002",业务二科,话务员办理,174,4
11886,"2024-02-20","3001",热线审核中心,热线审核,132,22
11887,"2024-02-20","3002",热线复核中心,热线复核,215,14
11888,"2024-02-20","4001",承办单位A,承办单位审核,189,2
11889,"2024-02-20","4001",承办单位A,承办单位处理,290,22
11890,"2024-02-20","4002",承办单位B,承办单位处理,205,35
11891,"2024-02-20","4003",承办复核部A,承办单位复核,261,7
11892,"2024-02-20","5001",结案一部,办结,72,14
11893,"2024-02-20","5002",结案二部,办结,247,33
11894,"2024-02-20","6001",客户回访一组,回访,86,11
11895,"2024-02-20","6002",客户回访二组,回访,230,31
11896,"2024-02-20","6003",客户回访三组,回访,117,1
11897,"2024-02-20","7001",档案管理部,归档,240,20
11898,"2024-02-20","8001",异常工单组,挂起,82,2
11899,"2024-02-21","1001",客服一部,话务员暂存,217,0
11900,"2024-02-21","1001",客服一部,话务员受理,266,7
11901,"2024-02-21","1002",客服二部,话务员受理,207,30
11902,"2024-02-21","2001",业务一科,话务员办理,255,33
11903,"2024-02-21","2002",业务二科,话务员办理,279,53
11904,"2024-02-21","3001",热线审核中心,热线审核,159,5
11905,"2024-02-21","3002",热线复核中心,热线复核,80,2
11906,"2024-02-21","4001",承办单位A,承办单位审核,264,49
11907,"2024-02-21","4001",承办单位A,承办单位处理,55,7
11908,"2024-02-21","4002",承办单位B,承办单位处理,69,9
11909,"2024-02-21","4003",承办复核部A,承办单位复核,62,4
11910,"2024-02-21","5001",结案一部,办结,295,43
11911,"2024-02-21","5002",结案二部,办结,168,27
11912,"2024-02-21","6001",客户回访一组,回访,299,10
11913,"2024-02-21","6002",客户回访二组,回访,183,20
11914,"2024-02-21","6003",客户回访三组,回访,86,10
11915,"2024-02-21","7001",档案管理部,归档,248,30
11916,"2024-02-21","8001",异常工单组,挂起,248,6
11917,"2024-02-22","1001",客服一部,话务员暂存,115,0
11918,"2024-02-22","1001",客服一部,话务员受理,77,3
11919,"2024-02-22","1002",客服二部,话务员受理,170,4
11920,"2024-02-22","2001",业务一科,话务员办理,259,20
11921,"2024-02-22","2002",业务二科,话务员办理,155,24
11922,"2024-02-22","3001",热线审核中心,热线审核,235,12
11923,"2024-02-22","3002",热线复核中心,热线复核,116,22
11924,"2024-02-22","4001",承办单位A,承办单位审核,213,31
11925,"2024-02-22","4001",承办单位A,承办单位处理,153,11
11926,"2024-02-22","4002",承办单位B,承办单位处理,201,38
11927,"2024-02-22","4003",承办复核部A,承办单位复核,95,7
11928,"2024-02-22","5001",结案一部,办结,137,24
11929,"2024-02-22","5002",结案二部,办结,226,37
11930,"2024-02-22","6001",客户回访一组,回访,168,12
11931,"2024-02-22","6002",客户回访二组,回访,183,23
11932,"2024-02-22","6003",客户回访三组,回访,137,23
11933,"2024-02-22","7001",档案管理部,归档,172,15
11934,"2024-02-22","8001",异常工单组,挂起,211,1
11935,"2024-02-23","1001",客服一部,话务员暂存,295,0
11936,"2024-02-23","1001",客服一部,话务员受理,159,25
11937,"2024-02-23","1002",客服二部,话务员受理,59,1
11938,"2024-02-23","2001",业务一科,话务员办理,187,9
11939,"2024-02-23","2002",业务二科,话务员办理,185,8
11940,"2024-02-23","3001",热线审核中心,热线审核,191,31
11941,"2024-02-23","3002",热线复核中心,热线复核,234,29
11942,"2024-02-23","4001",承办单位A,承办单位审核,261,24
11943,"2024-02-23","4001",承办单位A,承办单位处理,196,37
11944,"2024-02-23","4002",承办单位B,承办单位处理,233,43
11945,"2024-02-23","4003",承办复核部A,承办单位复核,298,46
11946,"2024-02-23","5001",结案一部,办结,154,8
11947,"2024-02-23","5002",结案二部,办结,265,15
11948,"2024-02-23","6001",客户回访一组,回访,121,22
11949,"2024-02-23","6002",客户回访二组,回访,69,0
11950,"2024-02-23","6003",客户回访三组,回访,81,4
11951,"2024-02-23","7001",档案管理部,归档,217,25
11952,"2024-02-23","8001",异常工单组,挂起,276,11
11953,"2024-02-24","1001",客服一部,话务员暂存,207,0
11954,"2024-02-24","1001",客服一部,话务员受理,285,41
11955,"2024-02-24","1002",客服二部,话务员受理,86,12
11956,"2024-02-24","2001",业务一科,话务员办理,106,2
11957,"2024-02-24","2002",业务二科,话务员办理,136,11
11958,"2024-02-24","3001",热线审核中心,热线审核,230,5
11959,"2024-02-24","3002",热线复核中心,热线复核,71,4
11960,"2024-02-24","4001",承办单位A,承办单位审核,161,6
11961,"2024-02-24","4001",承办单位A,承办单位处理,265,37
11962,"2024-02-24","4002",承办单位B,承办单位处理,289,28
11963,"2024-02-24","4003",承办复核部A,承办单位复核,177,26
11964,"2024-02-24","5001",结案一部,办结,99,8
11965,"2024-02-24","5002",结案二部,办结,217,2
11966,"2024-02-24","6001",客户回访一组,回访,270,44
11967,"2024-02-24","6002",客户回访二组,回访,236,21
11968,"2024-02-24","6003",客户回访三组,回访,72,6
11969,"2024-02-24","7001",档案管理部,归档,121,11
11970,"2024-02-24","8001",异常工单组,挂起,152,1
11971,"2024-02-25","1001",客服一部,话务员暂存,84,0
11972,"2024-02-25","1001",客服一部,话务员受理,222,23
11973,"2024-02-25","1002",客服二部,话务员受理,274,40
11974,"2024-02-25","2001",业务一科,话务员办理,143,3
11975,"2024-02-25","2002",业务二科,话务员办理,186,17
11976,"2024-02-25","3001",热线审核中心,热线审核,219,7
11977,"2024-02-25","3002",热线复核中心,热线复核,177,29
11978,"2024-02-25","4001",承办单位A,承办单位审核,69,5
11979,"2024-02-25","4001",承办单位A,承办单位处理,270,21
11980,"2024-02-25","4002",承办单位B,承办单位处理,233,34
11981,"2024-02-25","4003",承办复核部A,承办单位复核,158,4
11982,"2024-02-25","5001",结案一部,办结,279,4
11983,"2024-02-25","5002",结案二部,办结,248,15
11984,"2024-02-25","6001",客户回访一组,回访,110,11
11985,"2024-02-25","6002",客户回访二组,回访,274,51
11986,"2024-02-25","6003",客户回访三组,回访,140,21
11987,"2024-02-25","7001",档案管理部,归档,106,12
11988,"2024-02-25","8001",异常工单组,挂起,206,12
11989,"2024-02-26","1001",客服一部,话务员暂存,246,0
11990,"2024-02-26","1001",客服一部,话务员受理,106,15
11991,"2024-02-26","1002",客服二部,话务员受理,116,4
11992,"2024-02-26","2001",业务一科,话务员办理,276,1
11993,"2024-02-26","2002",业务二科,话务员办理,92,7
11994,"2024-02-26","3001",热线审核中心,热线审核,90,15
11995,"2024-02-26","3002",热线复核中心,热线复核,173,29
11996,"2024-02-26","4001",承办单位A,承办单位审核,226,24
11997,"2024-02-26","4001",承办单位A,承办单位处理,188,14
11998,"2024-02-26","4002",承办单位B,承办单位处理,87,13
11999,"2024-02-26","4003",承办复核部A,承办单位复核,121,4
12000,"2024-02-26","5001",结案一部,办结,77,8
12001,"2024-02-26","5002",结案二部,办结,121,22
12002,"2024-02-26","6001",客户回访一组,回访,239,4
12003,"2024-02-26","6002",客户回访二组,回访,53,5
12004,"2024-02-26","6003",客户回访三组,回访,167,32
12005,"2024-02-26","7001",档案管理部,归档,62,8
12006,"2024-02-26","8001",异常工单组,挂起,297,35
12007,"2024-02-27","1001",客服一部,话务员暂存,288,0
12008,"2024-02-27","1001",客服一部,话务员受理,84,16
12009,"2024-02-27","1002",客服二部,话务员受理,50,7
12010,"2024-02-27","2001",业务一科,话务员办理,193,8
12011,"2024-02-27","2002",业务二科,话务员办理,157,21
12012,"2024-02-27","3001",热线审核中心,热线审核,257,46
12013,"2024-02-27","3002",热线复核中心,热线复核,104,8
12014,"2024-02-27","4001",承办单位A,承办单位审核,129,14
12015,"2024-02-27","4001",承办单位A,承办单位处理,63,2
12016,"2024-02-27","4002",承办单位B,承办单位处理,254,46
12017,"2024-02-27","4003",承办复核部A,承办单位复核,60,2
12018,"2024-02-27","5001",结案一部,办结,113,4
12019,"2024-02-27","5002",结案二部,办结,129,10
12020,"2024-02-27","6001",客户回访一组,回访,241,21
12021,"2024-02-27","6002",客户回访二组,回访,294,8
12022,"2024-02-27","6003",客户回访三组,回访,291,54
12023,"2024-02-27","7001",档案管理部,归档,66,1
12024,"2024-02-27","8001",异常工单组,挂起,57,1
12025,"2024-02-28","1001",客服一部,话务员暂存,142,0
12026,"2024-02-28","1001",客服一部,话务员受理,144,14
12027,"2024-02-28","1002",客服二部,话务员受理,244,20
12028,"2024-02-28","2001",业务一科,话务员办理,168,5
12029,"2024-02-28","2002",业务二科,话务员办理,100,12
12030,"2024-02-28","3001",热线审核中心,热线审核,185,7
12031,"2024-02-28","3002",热线复核中心,热线复核,111,9
12032,"2024-02-28","4001",承办单位A,承办单位审核,60,7
12033,"2024-02-28","4001",承办单位A,承办单位处理,194,19
12034,"2024-02-28","4002",承办单位B,承办单位处理,277,1
12035,"2024-02-28","4003",承办复核部A,承办单位复核,231,20
12036,"2024-02-28","5001",结案一部,办结,225,36
12037,"2024-02-28","5002",结案二部,办结,272,41
12038,"2024-02-28","6001",客户回访一组,回访,189,17
12039,"2024-02-28","6002",客户回访二组,回访,132,25
12040,"2024-02-28","6003",客户回访三组,回访,259,20
12041,"2024-02-28","7001",档案管理部,归档,291,52
12042,"2024-02-28","8001",异常工单组,挂起,52,7
12043,"2024-02-29","1001",客服一部,话务员暂存,198,0
12044,"2024-02-29","1001",客服一部,话务员受理,296,4
12045,"2024-02-29","1002",客服二部,话务员受理,224,34
12046,"2024-02-29","2001",业务一科,话务员办理,269,7
12047,"2024-02-29","2002",业务二科,话务员办理,101,9
12048,"2024-02-29","3001",热线审核中心,热线审核,58,6
12049,"2024-02-29","3002",热线复核中心,热线复核,123,4
12050,"2024-02-29","4001",承办单位A,承办单位审核,130,10
12051,"2024-02-29","4001",承办单位A,承办单位处理,217,21
12052,"2024-02-29","4002",承办单位B,承办单位处理,114,4
12053,"2024-02-29","4003",承办复核部A,承办单位复核,266,34
12054,"2024-02-29","5001",结案一部,办结,122,11
12055,"2024-02-29","5002",结案二部,办结,138,26
12056,"2024-02-29","6001",客户回访一组,回访,67,4
12057,"2024-02-29","6002",客户回访二组,回访,86,8
12058,"2024-02-29","6003",客户回访三组,回访,128,7
12059,"2024-02-29","7001",档案管理部,归档,62,6
12060,"2024-02-29","8001",异常工单组,挂起,83,15
12061,"2024-03-01","1001",客服一部,话务员暂存,289,0
12062,"2024-03-01","1001",客服一部,话务员受理,59,5
12063,"2024-03-01","1002",客服二部,话务员受理,299,48
12064,"2024-03-01","2001",业务一科,话务员办理,252,48
12065,"2024-03-01","2002",业务二科,话务员办理,98,10
12066,"2024-03-01","3001",热线审核中心,热线审核,95,15
12067,"2024-03-01","3002",热线复核中心,热线复核,158,15
12068,"2024-03-01","4001",承办单位A,承办单位审核,63,8
12069,"2024-03-01","4001",承办单位A,承办单位处理,132,19
12070,"2024-03-01","4002",承办单位B,承办单位处理,278,53
12071,"2024-03-01","4003",承办复核部A,承办单位复核,90,8
12072,"2024-03-01","5001",结案一部,办结,212,14
12073,"2024-03-01","5002",结案二部,办结,113,15
12074,"2024-03-01","6001",客户回访一组,回访,288,36
12075,"2024-03-01","6002",客户回访二组,回访,294,3
12076,"2024-03-01","6003",客户回访三组,回访,269,41
12077,"2024-03-01","7001",档案管理部,归档,166,24
12078,"2024-03-01","8001",异常工单组,挂起,83,6
12079,"2024-03-02","1001",客服一部,话务员暂存,231,0
12080,"2024-03-02","1001",客服一部,话务员受理,154,11
12081,"2024-03-02","1002",客服二部,话务员受理,291,56
12082,"2024-03-02","2001",业务一科,话务员办理,187,23
12083,"2024-03-02","2002",业务二科,话务员办理,241,26
12084,"2024-03-02","3001",热线审核中心,热线审核,270,34
12085,"2024-03-02","3002",热线复核中心,热线复核,291,31
12086,"2024-03-02","4001",承办单位A,承办单位审核,94,18
12087,"2024-03-02","4001",承办单位A,承办单位处理,287,41
12088,"2024-03-02","4002",承办单位B,承办单位处理,135,11
12089,"2024-03-02","4003",承办复核部A,承办单位复核,184,7
12090,"2024-03-02","5001",结案一部,办结,78,11
12091,"2024-03-02","5002",结案二部,办结,130,24
12092,"2024-03-02","6001",客户回访一组,回访,207,36
12093,"2024-03-02","6002",客户回访二组,回访,293,41
12094,"2024-03-02","6003",客户回访三组,回访,103,8
12095,"2024-03-02","7001",档案管理部,归档,291,41
12096,"2024-03-02","8001",异常工单组,挂起,118,17
12097,"2024-03-03","1001",客服一部,话务员暂存,222,0
12098,"2024-03-03","1001",客服一部,话务员受理,274,26
12099,"2024-03-03","1002",客服二部,话务员受理,190,5
12100,"2024-03-03","2001",业务一科,话务员办理,268,20
12101,"2024-03-03","2002",业务二科,话务员办理,254,4
12102,"2024-03-03","3001",热线审核中心,热线审核,136,4
12103,"2024-03-03","3002",热线复核中心,热线复核,292,49
12104,"2024-03-03","4001",承办单位A,承办单位审核,77,9
12105,"2024-03-03","4001",承办单位A,承办单位处理,244,25
12106,"2024-03-03","4002",承办单位B,承办单位处理,76,4
12107,"2024-03-03","4003",承办复核部A,承办单位复核,72,11
12108,"2024-03-03","5001",结案一部,办结,61,5
12109,"2024-03-03","5002",结案二部,办结,240,29
12110,"2024-03-03","6001",客户回访一组,回访,157,25
12111,"2024-03-03","6002",客户回访二组,回访,192,34
12112,"2024-03-03","6003",客户回访三组,回访,149,15
12113,"2024-03-03","7001",档案管理部,归档,155,2
12114,"2024-03-03","8001",异常工单组,挂起,275,14
12115,"2024-03-04","1001",客服一部,话务员暂存,160,0
12116,"2024-03-04","1001",客服一部,话务员受理,169,5
12117,"2024-03-04","1002",客服二部,话务员受理,173,33
12118,"2024-03-04","2001",业务一科,话务员办理,197,26
12119,"2024-03-04","2002",业务二科,话务员办理,72,12
12120,"2024-03-04","3001",热线审核中心,热线审核,79,1
12121,"2024-03-04","3002",热线复核中心,热线复核,259,43
12122,"2024-03-04","4001",承办单位A,承办单位审核,122,19
12123,"2024-03-04","4001",承办单位A,承办单位处理,89,11
12124,"2024-03-04","4002",承办单位B,承办单位处理,155,5
12125,"2024-03-04","4003",承办复核部A,承办单位复核,82,12
12126,"2024-03-04","5001",结案一部,办结,272,37
12127,"2024-03-04","5002",结案二部,办结,151,27
12128,"2024-03-04","6001",客户回访一组,回访,264,1
12129,"2024-03-04","6002",客户回访二组,回访,157,13
12130,"2024-03-04","6003",客户回访三组,回访,199,4
12131,"2024-03-04","7001",档案管理部,归档,174,10
12132,"2024-03-04","8001",异常工单组,挂起,279,29
12133,"2024-03-05","1001",客服一部,话务员暂存,202,0
12134,"2024-03-05","1001",客服一部,话务员受理,64,6
12135,"2024-03-05","1002",客服二部,话务员受理,229,6
12136,"2024-03-05","2001",业务一科,话务员办理,149,22
12137,"2024-03-05","2002",业务二科,话务员办理,76,9
12138,"2024-03-05","3001",热线审核中心,热线审核,216,12
12139,"2024-03-05","3002",热线复核中心,热线复核,200,3
12140,"2024-03-05","4001",承办单位A,承办单位审核,255,28
12141,"2024-03-05","4001",承办单位A,承办单位处理,235,15
12142,"2024-03-05","4002",承办单位B,承办单位处理,223,7
12143,"2024-03-05","4003",承办复核部A,承办单位复核,184,11
12144,"2024-03-05","5001",结案一部,办结,63,1
12145,"2024-03-05","5002",结案二部,办结,134,9
12146,"2024-03-05","6001",客户回访一组,回访,92,8
12147,"2024-03-05","6002",客户回访二组,回访,231,12
12148,"2024-03-05","6003",客户回访三组,回访,110,10
12149,"2024-03-05","7001",档案管理部,归档,254,23
12150,"2024-03-05","8001",异常工单组,挂起,215,3
12151,"2024-03-06","1001",客服一部,话务员暂存,88,0
12152,"2024-03-06","1001",客服一部,话务员受理,156,21
12153,"2024-03-06","1002",客服二部,话务员受理,278,41
12154,"2024-03-06","2001",业务一科,话务员办理,128,23
12155,"2024-03-06","2002",业务二科,话务员办理,136,25
12156,"2024-03-06","3001",热线审核中心,热线审核,109,5
12157,"2024-03-06","3002",热线复核中心,热线复核,207,24
12158,"2024-03-06","4001",承办单位A,承办单位审核,60,5
12159,"2024-03-06","4001",承办单位A,承办单位处理,300,6
12160,"2024-03-06","4002",承办单位B,承办单位处理,149,5
12161,"2024-03-06","4003",承办复核部A,承办单位复核,189,24
12162,"2024-03-06","5001",结案一部,办结,245,36
12163,"2024-03-06","5002",结案二部,办结,152,28
12164,"2024-03-06","6001",客户回访一组,回访,243,19
12165,"2024-03-06","6002",客户回访二组,回访,192,14
12166,"2024-03-06","6003",客户回访三组,回访,224,20
12167,"2024-03-06","7001",档案管理部,归档,214,40
12168,"2024-03-06","8001",异常工单组,挂起,176,17
12169,"2024-03-07","1001",客服一部,话务员暂存,75,0
12170,"2024-03-07","1001",客服一部,话务员受理,100,12
12171,"2024-03-07","1002",客服二部,话务员受理,74,10
12172,"2024-03-07","2001",业务一科,话务员办理,228,33
12173,"2024-03-07","2002",业务二科,话务员办理,267,27
12174,"2024-03-07","3001",热线审核中心,热线审核,216,6
12175,"2024-03-07","3002",热线复核中心,热线复核,194,16
12176,"2024-03-07","4001",承办单位A,承办单位审核,162,20
12177,"2024-03-07","4001",承办单位A,承办单位处理,278,34
12178,"2024-03-07","4002",承办单位B,承办单位处理,251,40
12179,"2024-03-07","4003",承办复核部A,承办单位复核,226,10
12180,"2024-03-07","5001",结案一部,办结,205,8
12181,"2024-03-07","5002",结案二部,办结,197,35
12182,"2024-03-07","6001",客户回访一组,回访,183,29
12183,"2024-03-07","6002",客户回访二组,回访,177,24
12184,"2024-03-07","6003",客户回访三组,回访,50,4
12185,"2024-03-07","7001",档案管理部,归档,70,4
12186,"2024-03-07","8001",异常工单组,挂起,90,13
12187,"2024-03-08","1001",客服一部,话务员暂存,222,0
12188,"2024-03-08","1001",客服一部,话务员受理,239,39
12189,"2024-03-08","1002",客服二部,话务员受理,136,5
12190,"2024-03-08","2001",业务一科,话务员办理,93,4
12191,"2024-03-08","2002",业务二科,话务员办理,62,3
12192,"2024-03-08","3001",热线审核中心,热线审核,144,9
12193,"2024-03-08","3002",热线复核中心,热线复核,106,12
12194,"2024-03-08","4001",承办单位A,承办单位审核,189,29
12195,"2024-03-08","4001",承办单位A,承办单位处理,165,24
12196,"2024-03-08","4002",承办单位B,承办单位处理,294,36
12197,"2024-03-08","4003",承办复核部A,承办单位复核,277,38
12198,"2024-03-08","5001",结案一部,办结,181,28
12199,"2024-03-08","5002",结案二部,办结,110,8
12200,"2024-03-08","6001",客户回访一组,回访,207,12
12201,"2024-03-08","6002",客户回访二组,回访,140,8
12202,"2024-03-08","6003",客户回访三组,回访,100,10
12203,"2024-03-08","7001",档案管理部,归档,99,13
12204,"2024-03-08","8001",异常工单组,挂起,179,32
12205,"2024-03-09","1001",客服一部,话务员暂存,203,0
12206,"2024-03-09","1001",客服一部,话务员受理,94,7
12207,"2024-03-09","1002",客服二部,话务员受理,115,18
12208,"2024-03-09","2001",业务一科,话务员办理,173,28
12209,"2024-03-09","2002",业务二科,话务员办理,207,7
12210,"2024-03-09","3001",热线审核中心,热线审核,201,0
12211,"2024-03-09","3002",热线复核中心,热线复核,81,14
12212,"2024-03-09","4001",承办单位A,承办单位审核,160,2
12213,"2024-03-09","4001",承办单位A,承办单位处理,150,12
12214,"2024-03-09","4002",承办单位B,承办单位处理,84,14
12215,"2024-03-09","4003",承办复核部A,承办单位复核,89,10
12216,"2024-03-09","5001",结案一部,办结,161,18
12217,"2024-03-09","5002",结案二部,办结,143,21
12218,"2024-03-09","6001",客户回访一组,回访,164,28
12219,"2024-03-09","6002",客户回访二组,回访,247,13
12220,"2024-03-09","6003",客户回访三组,回访,186,11
12221,"2024-03-09","7001",档案管理部,归档,123,20
12222,"2024-03-09","8001",异常工单组,挂起,280,25
12223,"2024-03-10","1001",客服一部,话务员暂存,119,0
12224,"2024-03-10","1001",客服一部,话务员受理,165,0
12225,"2024-03-10","1002",客服二部,话务员受理,135,17
12226,"2024-03-10","2001",业务一科,话务员办理,205,32
12227,"2024-03-10","2002",业务二科,话务员办理,120,8
12228,"2024-03-10","3001",热线审核中心,热线审核,146,21
12229,"2024-03-10","3002",热线复核中心,热线复核,115,18
12230,"2024-03-10","4001",承办单位A,承办单位审核,76,4
12231,"2024-03-10","4001",承办单位A,承办单位处理,180,17
12232,"2024-03-10","4002",承办单位B,承办单位处理,82,11
12233,"2024-03-10","4003",承办复核部A,承办单位复核,136,13
12234,"2024-03-10","5001",结案一部,办结,53,1
12235,"2024-03-10","5002",结案二部,办结,109,0
12236,"2024-03-10","6001",客户回访一组,回访,209,26
12237,"2024-03-10","6002",客户回访二组,回访,108,20
12238,"2024-03-10","6003",客户回访三组,回访,130,17
12239,"2024-03-10","7001",档案管理部,归档,272,18
12240,"2024-03-10","8001",异常工单组,挂起,288,52
12241,"2024-03-11","1001",客服一部,话务员暂存,91,0
12242,"2024-03-11","1001",客服一部,话务员受理,220,18
12243,"2024-03-11","1002",客服二部,话务员受理,63,4
12244,"2024-03-11","2001",业务一科,话务员办理,296,35
12245,"2024-03-11","2002",业务二科,话务员办理,151,27
12246,"2024-03-11","3001",热线审核中心,热线审核,187,27
12247,"2024-03-11","3002",热线复核中心,热线复核,261,25
12248,"2024-03-11","4001",承办单位A,承办单位审核,216,6
12249,"2024-03-11","4001",承办单位A,承办单位处理,210,15
12250,"2024-03-11","4002",承办单位B,承办单位处理,108,3
12251,"2024-03-11","4003",承办复核部A,承办单位复核,105,11
12252,"2024-03-11","5001",结案一部,办结,70,11
12253,"2024-03-11","5002",结案二部,办结,254,2
12254,"2024-03-11","6001",客户回访一组,回访,68,9
12255,"2024-03-11","6002",客户回访二组,回访,256,19
12256,"2024-03-11","6003",客户回访三组,回访,80,12
12257,"2024-03-11","7001",档案管理部,归档,71,5
12258,"2024-03-11","8001",异常工单组,挂起,119,15
12259,"2024-03-12","1001",客服一部,话务员暂存,232,0
12260,"2024-03-12","1001",客服一部,话务员受理,106,17
12261,"2024-03-12","1002",客服二部,话务员受理,69,3
12262,"2024-03-12","2001",业务一科,话务员办理,92,18
12263,"2024-03-12","2002",业务二科,话务员办理,212,6
12264,"2024-03-12","3001",热线审核中心,热线审核,90,13
12265,"2024-03-12","3002",热线复核中心,热线复核,71,6
12266,"2024-03-12","4001",承办单位A,承办单位审核,79,9
12267,"2024-03-12","4001",承办单位A,承办单位处理,74,6
12268,"2024-03-12","4002",承办单位B,承办单位处理,254,17
12269,"2024-03-12","4003",承办复核部A,承办单位复核,98,15
12270,"2024-03-12","5001",结案一部,办结,295,21
12271,"2024-03-12","5002",结案二部,办结,169,20
12272,"2024-03-12","6001",客户回访一组,回访,287,51
12273,"2024-03-12","6002",客户回访二组,回访,172,6
12274,"2024-03-12","6003",客户回访三组,回访,53,2
12275,"2024-03-12","7001",档案管理部,归档,63,6
12276,"2024-03-12","8001",异常工单组,挂起,131,25
12277,"2024-03-13","1001",客服一部,话务员暂存,116,0
12278,"2024-03-13","1001",客服一部,话务员受理,184,35
12279,"2024-03-13","1002",客服二部,话务员受理,90,1
12280,"2024-03-13","2001",业务一科,话务员办理,256,2
12281,"2024-03-13","2002",业务二科,话务员办理,80,5
12282,"2024-03-13","3001",热线审核中心,热线审核,119,1
12283,"2024-03-13","3002",热线复核中心,热线复核,68,11
12284,"2024-03-13","4001",承办单位A,承办单位审核,64,5
12285,"2024-03-13","4001",承办单位A,承办单位处理,198,4
12286,"2024-03-13","4002",承办单位B,承办单位处理,107,6
12287,"2024-03-13","4003",承办复核部A,承办单位复核,262,1
12288,"2024-03-13","5001",结案一部,办结,264,16
12289,"2024-03-13","5002",结案二部,办结,205,23
12290,"2024-03-13","6001",客户回访一组,回访,290,9
12291,"2024-03-13","6002",客户回访二组,回访,74,11
12292,"2024-03-13","6003",客户回访三组,回访,128,8
12293,"2024-03-13","7001",档案管理部,归档,170,12
12294,"2024-03-13","8001",异常工单组,挂起,148,6
12295,"2024-03-14","1001",客服一部,话务员暂存,140,0
12296,"2024-03-14","1001",客服一部,话务员受理,146,2
12297,"2024-03-14","1002",客服二部,话务员受理,102,10
12298,"2024-03-14","2001",业务一科,话务员办理,154,14
12299,"2024-03-14","2002",业务二科,话务员办理,293,7
12300,"2024-03-14","3001",热线审核中心,热线审核,156,25
12301,"2024-03-14","3002",热线复核中心,热线复核,267,19
12302,"2024-03-14","4001",承办单位A,承办单位审核,89,2
12303,"2024-03-14","4001",承办单位A,承办单位处理,299,19
12304,"2024-03-14","4002",承办单位B,承办单位处理,184,36
12305,"2024-03-14","4003",承办复核部A,承办单位复核,168,21
12306,"2024-03-14","5001",结案一部,办结,63,10
12307,"2024-03-14","5002",结案二部,办结,63,9
12308,"2024-03-14","6001",客户回访一组,回访,103,20
12309,"2024-03-14","6002",客户回访二组,回访,102,14
12310,"2024-03-14","6003",客户回访三组,回访,228,26
12311,"2024-03-14","7001",档案管理部,归档,132,16
12312,"2024-03-14","8001",异常工单组,挂起,163,24
12313,"2024-03-15","1001",客服一部,话务员暂存,197,0
12314,"2024-03-15","1001",客服一部,话务员受理,229,21
12315,"2024-03-15","1002",客服二部,话务员受理,62,2
12316,"2024-03-15","2001",业务一科,话务员办理,291,44
12317,"2024-03-15","2002",业务二科,话务员办理,159,16
12318,"2024-03-15","3001",热线审核中心,热线审核,64,3
12319,"2024-03-15","3002",热线复核中心,热线复核,255,47
12320,"2024-03-15","4001",承办单位A,承办单位审核,256,22
12321,"2024-03-15","4001",承办单位A,承办单位处理,133,17
12322,"2024-03-15","4002",承办单位B,承办单位处理,106,19
12323,"2024-03-15","4003",承办复核部A,承办单位复核,65,7
12324,"2024-03-15","5001",结案一部,办结,146,20
12325,"2024-03-15","5002",结案二部,办结,111,9
12326,"2024-03-15","6001",客户回访一组,回访,237,33
12327,"2024-03-15","6002",客户回访二组,回访,138,5
12328,"2024-03-15","6003",客户回访三组,回访,63,6
12329,"2024-03-15","7001",档案管理部,归档,124,1
12330,"2024-03-15","8001",异常工单组,挂起,183,25
12331,"2024-03-16","1001",客服一部,话务员暂存,89,0
12332,"2024-03-16","1001",客服一部,话务员受理,106,6
12333,"2024-03-16","1002",客服二部,话务员受理,298,26
12334,"2024-03-16","2001",业务一科,话务员办理,234,22
12335,"2024-03-16","2002",业务二科,话务员办理,125,8
12336,"2024-03-16","3001",热线审核中心,热线审核,127,11
12337,"2024-03-16","3002",热线复核中心,热线复核,200,29
12338,"2024-03-16","4001",承办单位A,承办单位审核,169,3
12339,"2024-03-16","4001",承办单位A,承办单位处理,82,15
12340,"2024-03-16","4002",承办单位B,承办单位处理,239,47
12341,"2024-03-16","4003",承办复核部A,承办单位复核,282,23
12342,"2024-03-16","5001",结案一部,办结,225,13
12343,"2024-03-16","5002",结案二部,办结,243,10
12344,"2024-03-16","6001",客户回访一组,回访,296,54
12345,"2024-03-16","6002",客户回访二组,回访,107,18
12346,"2024-03-16","6003",客户回访三组,回访,199,39
12347,"2024-03-16","7001",档案管理部,归档,52,9
12348,"2024-03-16","8001",异常工单组,挂起,285,46
12349,"2024-03-17","1001",客服一部,话务员暂存,186,0
12350,"2024-03-17","1001",客服一部,话务员受理,238,15
12351,"2024-03-17","1002",客服二部,话务员受理,132,19
12352,"2024-03-17","2001",业务一科,话务员办理,267,31
12353,"2024-03-17","2002",业务二科,话务员办理,96,4
12354,"2024-03-17","3001",热线审核中心,热线审核,276,50
12355,"2024-03-17","3002",热线复核中心,热线复核,211,18
12356,"2024-03-17","4001",承办单位A,承办单位审核,150,27
12357,"2024-03-17","4001",承办单位A,承办单位处理,173,30
12358,"2024-03-17","4002",承办单位B,承办单位处理,140,1
12359,"2024-03-17","4003",承办复核部A,承办单位复核,289,11
12360,"2024-03-17","5001",结案一部,办结,137,14
12361,"2024-03-17","5002",结案二部,办结,255,48
12362,"2024-03-17","6001",客户回访一组,回访,278,18
12363,"2024-03-17","6002",客户回访二组,回访,84,13
12364,"2024-03-17","6003",客户回访三组,回访,253,28
12365,"2024-03-17","7001",档案管理部,归档,130,8
12366,"2024-03-17","8001",异常工单组,挂起,129,19
12367,"2024-03-18","1001",客服一部,话务员暂存,234,0
12368,"2024-03-18","1001",客服一部,话务员受理,194,7
12369,"2024-03-18","1002",客服二部,话务员受理,260,37
12370,"2024-03-18","2001",业务一科,话务员办理,208,13
12371,"2024-03-18","2002",业务二科,话务员办理,198,22
12372,"2024-03-18","3001",热线审核中心,热线审核,218,33
12373,"2024-03-18","3002",热线复核中心,热线复核,294,37
12374,"2024-03-18","4001",承办单位A,承办单位审核,115,6
12375,"2024-03-18","4001",承办单位A,承办单位处理,135,21
12376,"2024-03-18","4002",承办单位B,承办单位处理,111,3
12377,"2024-03-18","4003",承办复核部A,承办单位复核,282,19
12378,"2024-03-18","5001",结案一部,办结,296,56
12379,"2024-03-18","5002",结案二部,办结,89,7
12380,"2024-03-18","6001",客户回访一组,回访,219,6
12381,"2024-03-18","6002",客户回访二组,回访,267,50
12382,"2024-03-18","6003",客户回访三组,回访,280,20
12383,"2024-03-18","7001",档案管理部,归档,156,28
12384,"2024-03-18","8001",异常工单组,挂起,75,4
12385,"2024-03-19","1001",客服一部,话务员暂存,206,0
12386,"2024-03-19","1001",客服一部,话务员受理,205,39
12387,"2024-03-19","1002",客服二部,话务员受理,166,30
12388,"2024-03-19","2001",业务一科,话务员办理,284,0
12389,"2024-03-19","2002",业务二科,话务员办理,290,25
12390,"2024-03-19","3001",热线审核中心,热线审核,133,13
12391,"2024-03-19","3002",热线复核中心,热线复核,209,4
12392,"2024-03-19","4001",承办单位A,承办单位审核,70,4
12393,"2024-03-19","4001",承办单位A,承办单位处理,273,27
12394,"2024-03-19","4002",承办单位B,承办单位处理,67,8
12395,"2024-03-19","4003",承办复核部A,承办单位复核,216,35
12396,"2024-03-19","5001",结案一部,办结,255,30
12397,"2024-03-19","5002",结案二部,办结,199,37
12398,"2024-03-19","6001",客户回访一组,回访,124,13
12399,"2024-03-19","6002",客户回访二组,回访,201,33
12400,"2024-03-19","6003",客户回访三组,回访,218,16
12401,"2024-03-19","7001",档案管理部,归档,233,27
12402,"2024-03-19","8001",异常工单组,挂起,127,15
12403,"2024-03-20","1001",客服一部,话务员暂存,138,0
12404,"2024-03-20","1001",客服一部,话务员受理,170,7
12405,"2024-03-20","1002",客服二部,话务员受理,276,1
12406,"2024-03-20","2001",业务一科,话务员办理,235,32
12407,"2024-03-20","2002",业务二科,话务员办理,239,16
12408,"2024-03-20","3001",热线审核中心,热线审核,134,3
12409,"2024-03-20","3002",热线复核中心,热线复核,74,2
12410,"2024-03-20","4001",承办单位A,承办单位审核,258,42
12411,"2024-03-20","4001",承办单位A,承办单位处理,137,24
12412,"2024-03-20","4002",承办单位B,承办单位处理,243,42
12413,"2024-03-20","4003",承办复核部A,承办单位复核,231,22
12414,"2024-03-20","5001",结案一部,办结,176,20
12415,"2024-03-20","5002",结案二部,办结,254,39
12416,"2024-03-20","6001",客户回访一组,回访,56,1
12417,"2024-03-20","6002",客户回访二组,回访,129,1
12418,"2024-03-20","6003",客户回访三组,回访,216,0
12419,"2024-03-20","7001",档案管理部,归档,81,4
12420,"2024-03-20","8001",异常工单组,挂起,206,27
12421,"2024-03-21","1001",客服一部,话务员暂存,293,0
12422,"2024-03-21","1001",客服一部,话务员受理,72,14
12423,"2024-03-21","1002",客服二部,话务员受理,247,48
12424,"2024-03-21","2001",业务一科,话务员办理,88,5
12425,"2024-03-21","2002",业务二科,话务员办理,268,32
12426,"2024-03-21","3001",热线审核中心,热线审核,74,4
12427,"2024-03-21","3002",热线复核中心,热线复核,106,2
12428,"2024-03-21","4001",承办单位A,承办单位审核,157,10
12429,"2024-03-21","4001",承办单位A,承办单位处理,50,2
12430,"2024-03-21","4002",承办单位B,承办单位处理,150,16
12431,"2024-03-21","4003",承办复核部A,承办单位复核,285,31
12432,"2024-03-21","5001",结案一部,办结,77,7
12433,"2024-03-21","5002",结案二部,办结,162,3
12434,"2024-03-21","6001",客户回访一组,回访,86,16
12435,"2024-03-21","6002",客户回访二组,回访,260,49
12436,"2024-03-21","6003",客户回访三组,回访,69,5
12437,"2024-03-21","7001",档案管理部,归档,238,39
12438,"2024-03-21","8001",异常工单组,挂起,194,10
12439,"2024-03-22","1001",客服一部,话务员暂存,184,0
12440,"2024-03-22","1001",客服一部,话务员受理,216,16
12441,"2024-03-22","1002",客服二部,话务员受理,166,8
12442,"2024-03-22","2001",业务一科,话务员办理,252,0
12443,"2024-03-22","2002",业务二科,话务员办理,260,24
12444,"2024-03-22","3001",热线审核中心,热线审核,118,20
12445,"2024-03-22","3002",热线复核中心,热线复核,62,5
12446,"2024-03-22","4001",承办单位A,承办单位审核,249,31
12447,"2024-03-22","4001",承办单位A,承办单位处理,81,7
12448,"2024-03-22","4002",承办单位B,承办单位处理,146,5
12449,"2024-03-22","4003",承办复核部A,承办单位复核,295,23
12450,"2024-03-22","5001",结案一部,办结,77,1
12451,"2024-03-22","5002",结案二部,办结,88,17
12452,"2024-03-22","6001",客户回访一组,回访,189,24
12453,"2024-03-22","6002",客户回访二组,回访,284,8
12454,"2024-03-22","6003",客户回访三组,回访,268,10
12455,"2024-03-22","7001",档案管理部,归档,287,35
12456,"2024-03-22","8001",异常工单组,挂起,72,8
12457,"2024-03-23","1001",客服一部,话务员暂存,211,0
12458,"2024-03-23","1001",客服一部,话务员受理,190,37
12459,"2024-03-23","1002",客服二部,话务员受理,89,6
12460,"2024-03-23","2001",业务一科,话务员办理,236,29
12461,"2024-03-23","2002",业务二科,话务员办理,242,31
12462,"2024-03-23","3001",热线审核中心,热线审核,149,18
12463,"2024-03-23","3002",热线复核中心,热线复核,246,11
12464,"2024-03-23","4001",承办单位A,承办单位审核,270,21
12465,"2024-03-23","4001",承办单位A,承办单位处理,297,48
12466,"2024-03-23","4002",承办单位B,承办单位处理,144,21
12467,"2024-03-23","4003",承办复核部A,承办单位复核,225,2
12468,"2024-03-23","5001",结案一部,办结,139,10
12469,"2024-03-23","5002",结案二部,办结,233,31
12470,"2024-03-23","6001",客户回访一组,回访,171,11
12471,"2024-03-23","6002",客户回访二组,回访,261,29
12472,"2024-03-23","6003",客户回访三组,回访,148,15
12473,"2024-03-23","7001",档案管理部,归档,251,24
12474,"2024-03-23","8001",异常工单组,挂起,184,24
12475,"2024-03-24","1001",客服一部,话务员暂存,93,0
12476,"2024-03-24","1001",客服一部,话务员受理,183,5
12477,"2024-03-24","1002",客服二部,话务员受理,280,25
12478,"2024-03-24","2001",业务一科,话务员办理,65,1
12479,"2024-03-24","2002",业务二科,话务员办理,51,2
12480,"2024-03-24","3001",热线审核中心,热线审核,183,15
12481,"2024-03-24","3002",热线复核中心,热线复核,239,26
12482,"2024-03-24","4001",承办单位A,承办单位审核,286,54
12483,"2024-03-24","4001",承办单位A,承办单位处理,145,19
12484,"2024-03-24","4002",承办单位B,承办单位处理,130,21
12485,"2024-03-24","4003",承办复核部A,承办单位复核,228,10
12486,"2024-03-24","5001",结案一部,办结,101,5
12487,"2024-03-24","5002",结案二部,办结,102,18
12488,"2024-03-24","6001",客户回访一组,回访,287,29
12489,"2024-03-24","6002",客户回访二组,回访,250,17
12490,"2024-03-24","6003",客户回访三组,回访,102,4
12491,"2024-03-24","7001",档案管理部,归档,59,9
12492,"2024-03-24","8001",异常工单组,挂起,181,18
12493,"2024-03-25","1001",客服一部,话务员暂存,53,0
12494,"2024-03-25","1001",客服一部,话务员受理,60,8
12495,"2024-03-25","1002",客服二部,话务员受理,249,36
12496,"2024-03-25","2001",业务一科,话务员办理,86,2
12497,"2024-03-25","2002",业务二科,话务员办理,123,12
12498,"2024-03-25","3001",热线审核中心,热线审核,139,1
12499,"2024-03-25","3002",热线复核中心,热线复核,231,41
12500,"2024-03-25","4001",承办单位A,承办单位审核,182,26
12501,"2024-03-25","4001",承办单位A,承办单位处理,168,32
12502,"2024-03-25","4002",承办单位B,承办单位处理,126,22
12503,"2024-03-25","4003",承办复核部A,承办单位复核,272,3
12504,"2024-03-25","5001",结案一部,办结,143,24
12505,"2024-03-25","5002",结案二部,办结,190,23
12506,"2024-03-25","6001",客户回访一组,回访,172,10
12507,"2024-03-25","6002",客户回访二组,回访,255,47
12508,"2024-03-25","6003",客户回访三组,回访,198,13
12509,"2024-03-25","7001",档案管理部,归档,258,15
12510,"2024-03-25","8001",异常工单组,挂起,268,40
12511,"2024-03-26","1001",客服一部,话务员暂存,206,0
12512,"2024-03-26","1001",客服一部,话务员受理,159,15
12513,"2024-03-26","1002",客服二部,话务员受理,210,5
12514,"2024-03-26","2001",业务一科,话务员办理,149,10
12515,"2024-03-26","2002",业务二科,话务员办理,231,13
12516,"2024-03-26","3001",热线审核中心,热线审核,263,23
12517,"2024-03-26","3002",热线复核中心,热线复核,129,3
12518,"2024-03-26","4001",承办单位A,承办单位审核,190,20
12519,"2024-03-26","4001",承办单位A,承办单位处理,280,22
12520,"2024-03-26","4002",承办单位B,承办单位处理,197,36
12521,"2024-03-26","4003",承办复核部A,承办单位复核,276,16
12522,"2024-03-26","5001",结案一部,办结,98,0
12523,"2024-03-26","5002",结案二部,办结,92,18
12524,"2024-03-26","6001",客户回访一组,回访,239,25
12525,"2024-03-26","6002",客户回访二组,回访,106,18
12526,"2024-03-26","6003",客户回访三组,回访,87,3
12527,"2024-03-26","7001",档案管理部,归档,116,7
12528,"2024-03-26","8001",异常工单组,挂起,110,6
12529,"2024-03-27","1001",客服一部,话务员暂存,258,0
12530,"2024-03-27","1001",客服一部,话务员受理,94,15
12531,"2024-03-27","1002",客服二部,话务员受理,293,28
12532,"2024-03-27","2001",业务一科,话务员办理,62,7
12533,"2024-03-27","2002",业务二科,话务员办理,136,21
12534,"2024-03-27","3001",热线审核中心,热线审核,70,5
12535,"2024-03-27","3002",热线复核中心,热线复核,261,9
12536,"2024-03-27","4001",承办单位A,承办单位审核,287,48
12537,"2024-03-27","4001",承办单位A,承办单位处理,240,19
12538,"2024-03-27","4002",承办单位B,承办单位处理,171,32
12539,"2024-03-27","4003",承办复核部A,承办单位复核,163,21
12540,"2024-03-27","5001",结案一部,办结,261,50
12541,"2024-03-27","5002",结案二部,办结,291,22
12542,"2024-03-27","6001",客户回访一组,回访,150,17
12543,"2024-03-27","6002",客户回访二组,回访,147,29
12544,"2024-03-27","6003",客户回访三组,回访,144,15
12545,"2024-03-27","7001",档案管理部,归档,116,18
12546,"2024-03-27","8001",异常工单组,挂起,55,6
12547,"2024-03-28","1001",客服一部,话务员暂存,99,0
12548,"2024-03-28","1001",客服一部,话务员受理,147,2
12549,"2024-03-28","1002",客服二部,话务员受理,216,2
12550,"2024-03-28","2001",业务一科,话务员办理,98,12
12551,"2024-03-28","2002",业务二科,话务员办理,193,27
12552,"2024-03-28","3001",热线审核中心,热线审核,263,49
12553,"2024-03-28","3002",热线复核中心,热线复核,155,8
12554,"2024-03-28","4001",承办单位A,承办单位审核,202,36
12555,"2024-03-28","4001",承办单位A,承办单位处理,250,19
12556,"2024-03-28","4002",承办单位B,承办单位处理,91,2
12557,"2024-03-28","4003",承办复核部A,承办单位复核,86,17
12558,"2024-03-28","5001",结案一部,办结,254,15
12559,"2024-03-28","5002",结案二部,办结,226,40
12560,"2024-03-28","6001",客户回访一组,回访,224,28
12561,"2024-03-28","6002",客户回访二组,回访,190,29
12562,"2024-03-28","6003",客户回访三组,回访,298,31
12563,"2024-03-28","7001",档案管理部,归档,187,4
12564,"2024-03-28","8001",异常工单组,挂起,136,25
12565,"2024-03-29","1001",客服一部,话务员暂存,150,0
12566,"2024-03-29","1001",客服一部,话务员受理,59,7
12567,"2024-03-29","1002",客服二部,话务员受理,76,4
12568,"2024-03-29","2001",业务一科,话务员办理,168,2
12569,"2024-03-29","2002",业务二科,话务员办理,89,14
12570,"2024-03-29","3001",热线审核中心,热线审核,205,9
12571,"2024-03-29","3002",热线复核中心,热线复核,227,24
12572,"2024-03-29","4001",承办单位A,承办单位审核,97,2
12573,"2024-03-29","4001",承办单位A,承办单位处理,250,40
12574,"2024-03-29","4002",承办单位B,承办单位处理,155,20
12575,"2024-03-29","4003",承办复核部A,承办单位复核,231,37
12576,"2024-03-29","5001",结案一部,办结,261,40
12577,"2024-03-29","5002",结案二部,办结,218,20
12578,"2024-03-29","6001",客户回访一组,回访,189,21
12579,"2024-03-29","6002",客户回访二组,回访,171,4
12580,"2024-03-29","6003",客户回访三组,回访,123,21
12581,"2024-03-29","7001",档案管理部,归档,300,8
12582,"2024-03-29","8001",异常工单组,挂起,91,0
12583,"2024-03-30","1001",客服一部,话务员暂存,99,0
12584,"2024-03-30","1001",客服一部,话务员受理,149,10
12585,"2024-03-30","1002",客服二部,话务员受理,64,12
12586,"2024-03-30","2001",业务一科,话务员办理,147,4
12587,"2024-03-30","2002",业务二科,话务员办理,199,12
12588,"2024-03-30","3001",热线审核中心,热线审核,212,3
12589,"2024-03-30","3002",热线复核中心,热线复核,146,2
12590,"2024-03-30","4001",承办单位A,承办单位审核,214,20
12591,"2024-03-30","4001",承办单位A,承办单位处理,105,7
12592,"2024-03-30","4002",承办单位B,承办单位处理,207,30
12593,"2024-03-30","4003",承办复核部A,承办单位复核,241,35
12594,"2024-03-30","5001",结案一部,办结,149,25
12595,"2024-03-30","5002",结案二部,办结,274,20
12596,"2024-03-30","6001",客户回访一组,回访,99,4
12597,"2024-03-30","6002",客户回访二组,回访,271,53
12598,"2024-03-30","6003",客户回访三组,回访,168,1
12599,"2024-03-30","7001",档案管理部,归档,195,11
12600,"2024-03-30","8001",异常工单组,挂起,93,3
12601,"2024-03-31","1001",客服一部,话务员暂存,101,0
12602,"2024-03-31","1001",客服一部,话务员受理,189,0
12603,"2024-03-31","1002",客服二部,话务员受理,222,17
12604,"2024-03-31","2001",业务一科,话务员办理,50,6
12605,"2024-03-31","2002",业务二科,话务员办理,200,5
12606,"2024-03-31","3001",热线审核中心,热线审核,136,5
12607,"2024-03-31","3002",热线复核中心,热线复核,264,26
12608,"2024-03-31","4001",承办单位A,承办单位审核,242,14
12609,"2024-03-31","4001",承办单位A,承办单位处理,122,21
12610,"2024-03-31","4002",承办单位B,承办单位处理,75,7
12611,"2024-03-31","4003",承办复核部A,承办单位复核,246,37
12612,"2024-03-31","5001",结案一部,办结,217,6
12613,"2024-03-31","5002",结案二部,办结,62,0
12614,"2024-03-31","6001",客户回访一组,回访,57,9
12615,"2024-03-31","6002",客户回访二组,回访,233,7
12616,"2024-03-31","6003",客户回访三组,回访,208,24
12617,"2024-03-31","7001",档案管理部,归档,186,5
12618,"2024-03-31","8001",异常工单组,挂起,179,20
12619,"2024-04-01","1001",客服一部,话务员暂存,79,0
12620,"2024-04-01","1001",客服一部,话务员受理,155,3
12621,"2024-04-01","1002",客服二部,话务员受理,125,21
12622,"2024-04-01","2001",业务一科,话务员办理,190,0
12623,"2024-04-01","2002",业务二科,话务员办理,126,22
12624,"2024-04-01","3001",热线审核中心,热线审核,158,28
12625,"2024-04-01","3002",热线复核中心,热线复核,223,5
12626,"2024-04-01","4001",承办单位A,承办单位审核,221,33
12627,"2024-04-01","4001",承办单位A,承办单位处理,261,23
12628,"2024-04-01","4002",承办单位B,承办单位处理,172,10
12629,"2024-04-01","4003",承办复核部A,承办单位复核,123,19
12630,"2024-04-01","5001",结案一部,办结,71,0
12631,"2024-04-01","5002",结案二部,办结,78,3
12632,"2024-04-01","6001",客户回访一组,回访,92,16
12633,"2024-04-01","6002",客户回访二组,回访,180,34
12634,"2024-04-01","6003",客户回访三组,回访,216,3
12635,"2024-04-01","7001",档案管理部,归档,168,27
12636,"2024-04-01","8001",异常工单组,挂起,283,24
12637,"2024-04-02","1001",客服一部,话务员暂存,166,0
12638,"2024-04-02","1001",客服一部,话务员受理,79,9
12639,"2024-04-02","1002",客服二部,话务员受理,235,28
12640,"2024-04-02","2001",业务一科,话务员办理,76,0
12641,"2024-04-02","2002",业务二科,话务员办理,246,35
12642,"2024-04-02","3001",热线审核中心,热线审核,58,10
12643,"2024-04-02","3002",热线复核中心,热线复核,280,2
12644,"2024-04-02","4001",承办单位A,承办单位审核,255,36
12645,"2024-04-02","4001",承办单位A,承办单位处理,137,5
12646,"2024-04-02","4002",承办单位B,承办单位处理,134,10
12647,"2024-04-02","4003",承办复核部A,承办单位复核,185,14
12648,"2024-04-02","5001",结案一部,办结,229,32
12649,"2024-04-02","5002",结案二部,办结,197,16
12650,"2024-04-02","6001",客户回访一组,回访,285,57
12651,"2024-04-02","6002",客户回访二组,回访,143,25
12652,"2024-04-02","6003",客户回访三组,回访,133,10
12653,"2024-04-02","7001",档案管理部,归档,186,3
12654,"2024-04-02","8001",异常工单组,挂起,276,21
12655,"2024-04-03","1001",客服一部,话务员暂存,62,0
12656,"2024-04-03","1001",客服一部,话务员受理,92,9
12657,"2024-04-03","1002",客服二部,话务员受理,217,29
12658,"2024-04-03","2001",业务一科,话务员办理,123,1
12659,"2024-04-03","2002",业务二科,话务员办理,298,7
12660,"2024-04-03","3001",热线审核中心,热线审核,58,6
12661,"2024-04-03","3002",热线复核中心,热线复核,255,35
12662,"2024-04-03","4001",承办单位A,承办单位审核,108,1
12663,"2024-04-03","4001",承办单位A,承办单位处理,161,29
12664,"2024-04-03","4002",承办单位B,承办单位处理,273,46
12665,"2024-04-03","4003",承办复核部A,承办单位复核,159,2
12666,"2024-04-03","5001",结案一部,办结,252,47
12667,"2024-04-03","5002",结案二部,办结,288,2
12668,"2024-04-03","6001",客户回访一组,回访,74,13
12669,"2024-04-03","6002",客户回访二组,回访,299,5
12670,"2024-04-03","6003",客户回访三组,回访,54,2
12671,"2024-04-03","7001",档案管理部,归档,148,19
12672,"2024-04-03","8001",异常工单组,挂起,146,20
12673,"2024-04-04","1001",客服一部,话务员暂存,238,0
12674,"2024-04-04","1001",客服一部,话务员受理,64,1
12675,"2024-04-04","1002",客服二部,话务员受理,276,13
12676,"2024-04-04","2001",业务一科,话务员办理,66,13
12677,"2024-04-04","2002",业务二科,话务员办理,147,19
12678,"2024-04-04","3001",热线审核中心,热线审核,90,15
12679,"2024-04-04","3002",热线复核中心,热线复核,287,3
12680,"2024-04-04","4001",承办单位A,承办单位审核,127,15
12681,"2024-04-04","4001",承办单位A,承办单位处理,56,10
12682,"2024-04-04","4002",承办单位B,承办单位处理,82,1
12683,"2024-04-04","4003",承办复核部A,承办单位复核,63,11
12684,"2024-04-04","5001",结案一部,办结,84,8
12685,"2024-04-04","5002",结案二部,办结,213,39
12686,"2024-04-04","6001",客户回访一组,回访,253,1
12687,"2024-04-04","6002",客户回访二组,回访,180,27
12688,"2024-04-04","6003",客户回访三组,回访,235,2
12689,"2024-04-04","7001",档案管理部,归档,248,17
12690,"2024-04-04","8001",异常工单组,挂起,94,17
12691,"2024-04-05","1001",客服一部,话务员暂存,281,0
12692,"2024-04-05","1001",客服一部,话务员受理,72,3
12693,"2024-04-05","1002",客服二部,话务员受理,57,11
12694,"2024-04-05","2001",业务一科,话务员办理,133,12
12695,"2024-04-05","2002",业务二科,话务员办理,290,23
12696,"2024-04-05","3001",热线审核中心,热线审核,90,13
12697,"2024-04-05","3002",热线复核中心,热线复核,235,10
12698,"2024-04-05","4001",承办单位A,承办单位审核,243,27
12699,"2024-04-05","4001",承办单位A,承办单位处理,103,5
12700,"2024-04-05","4002",承办单位B,承办单位处理,66,3
12701,"2024-04-05","4003",承办复核部A,承办单位复核,278,50
12702,"2024-04-05","5001",结案一部,办结,254,43
12703,"2024-04-05","5002",结案二部,办结,185,15
12704,"2024-04-05","6001",客户回访一组,回访,57,8
12705,"2024-04-05","6002",客户回访二组,回访,106,0
12706,"2024-04-05","6003",客户回访三组,回访,273,6
12707,"2024-04-05","7001",档案管理部,归档,149,22
12708,"2024-04-05","8001",异常工单组,挂起,183,7
12709,"2024-04-06","1001",客服一部,话务员暂存,57,0
12710,"2024-04-06","1001",客服一部,话务员受理,168,25
12711,"2024-04-06","1002",客服二部,话务员受理,244,19
12712,"2024-04-06","2001",业务一科,话务员办理,256,47
12713,"2024-04-06","2002",业务二科,话务员办理,185,31
12714,"2024-04-06","3001",热线审核中心,热线审核,160,24
12715,"2024-04-06","3002",热线复核中心,热线复核,57,0
12716,"2024-04-06","4001",承办单位A,承办单位审核,211,18
12717,"2024-04-06","4001",承办单位A,承办单位处理,147,24
12718,"2024-04-06","4002",承办单位B,承办单位处理,129,8
12719,"2024-04-06","4003",承办复核部A,承办单位复核,68,4
12720,"2024-04-06","5001",结案一部,办结,277,34
12721,"2024-04-06","5002",结案二部,办结,112,21
12722,"2024-04-06","6001",客户回访一组,回访,106,21
12723,"2024-04-06","6002",客户回访二组,回访,183,14
12724,"2024-04-06","6003",客户回访三组,回访,73,11
12725,"2024-04-06","7001",档案管理部,归档,247,46
12726,"2024-04-06","8001",异常工单组,挂起,174,30
12727,"2024-04-07","1001",客服一部,话务员暂存,215,0
12728,"2024-04-07","1001",客服一部,话务员受理,284,26
12729,"2024-04-07","1002",客服二部,话务员受理,299,26
12730,"2024-04-07","2001",业务一科,话务员办理,193,15
12731,"2024-04-07","2002",业务二科,话务员办理,240,44
12732,"2024-04-07","3001",热线审核中心,热线审核,194,21
12733,"2024-04-07","3002",热线复核中心,热线复核,78,6
12734,"2024-04-07","4001",承办单位A,承办单位审核,83,15
12735,"2024-04-07","4001",承办单位A,承办单位处理,167,24
12736,"2024-04-07","4002",承办单位B,承办单位处理,251,20
12737,"2024-04-07","4003",承办复核部A,承办单位复核,134,22
12738,"2024-04-07","5001",结案一部,办结,242,36
12739,"2024-04-07","5002",结案二部,办结,149,19
12740,"2024-04-07","6001",客户回访一组,回访,172,15
12741,"2024-04-07","6002",客户回访二组,回访,134,22
12742,"2024-04-07","6003",客户回访三组,回访,90,5
12743,"2024-04-07","7001",档案管理部,归档,145,8
12744,"2024-04-07","8001",异常工单组,挂起,103,19
12745,"2024-04-08","1001",客服一部,话务员暂存,52,0
12746,"2024-04-08","1001",客服一部,话务员受理,149,14
12747,"2024-04-08","1002",客服二部,话务员受理,86,9
12748,"2024-04-08","2001",业务一科,话务员办理,93,14
12749,"2024-04-08","2002",业务二科,话务员办理,110,13
12750,"2024-04-08","3001",热线审核中心,热线审核,141,5
12751,"2024-04-08","3002",热线复核中心,热线复核,173,34
12752,"2024-04-08","4001",承办单位A,承办单位审核,286,27
12753,"2024-04-08","4001",承办单位A,承办单位处理,182,35
12754,"2024-04-08","4002",承办单位B,承办单位处理,274,51
12755,"2024-04-08","4003",承办复核部A,承办单位复核,206,6
12756,"2024-04-08","5001",结案一部,办结,81,10
12757,"2024-04-08","5002",结案二部,办结,76,0
12758,"2024-04-08","6001",客户回访一组,回访,144,22
12759,"2024-04-08","6002",客户回访二组,回访,277,19
12760,"2024-04-08","6003",客户回访三组,回访,68,10
12761,"2024-04-08","7001",档案管理部,归档,123,15
12762,"2024-04-08","8001",异常工单组,挂起,168,18
12763,"2024-04-09","1001",客服一部,话务员暂存,125,0
12764,"2024-04-09","1001",客服一部,话务员受理,89,7
12765,"2024-04-09","1002",客服二部,话务员受理,159,31
12766,"2024-04-09","2001",业务一科,话务员办理,190,25
12767,"2024-04-09","2002",业务二科,话务员办理,219,30
12768,"2024-04-09","3001",热线审核中心,热线审核,231,46
12769,"2024-04-09","3002",热线复核中心,热线复核,221,0
12770,"2024-04-09","4001",承办单位A,承办单位审核,102,10
12771,"2024-04-09","4001",承办单位A,承办单位处理,278,11
12772,"2024-04-09","4002",承办单位B,承办单位处理,271,18
12773,"2024-04-09","4003",承办复核部A,承办单位复核,80,13
12774,"2024-04-09","5001",结案一部,办结,96,5
12775,"2024-04-09","5002",结案二部,办结,73,7
12776,"2024-04-09","6001",客户回访一组,回访,153,2
12777,"2024-04-09","6002",客户回访二组,回访,281,42
12778,"2024-04-09","6003",客户回访三组,回访,277,45
12779,"2024-04-09","7001",档案管理部,归档,299,41
12780,"2024-04-09","8001",异常工单组,挂起,166,7
12781,"2024-04-10","1001",客服一部,话务员暂存,50,0
12782,"2024-04-10","1001",客服一部,话务员受理,208,24
12783,"2024-04-10","1002",客服二部,话务员受理,101,9
12784,"2024-04-10","2001",业务一科,话务员办理,242,14
12785,"2024-04-10","2002",业务二科,话务员办理,208,27
12786,"2024-04-10","3001",热线审核中心,热线审核,112,16
12787,"2024-04-10","3002",热线复核中心,热线复核,145,24
12788,"2024-04-10","4001",承办单位A,承办单位审核,271,47
12789,"2024-04-10","4001",承办单位A,承办单位处理,296,51
12790,"2024-04-10","4002",承办单位B,承办单位处理,177,14
12791,"2024-04-10","4003",承办复核部A,承办单位复核,132,1
12792,"2024-04-10","5001",结案一部,办结,232,4
12793,"2024-04-10","5002",结案二部,办结,117,18
12794,"2024-04-10","6001",客户回访一组,回访,133,13
12795,"2024-04-10","6002",客户回访二组,回访,253,46
12796,"2024-04-10","6003",客户回访三组,回访,240,33
12797,"2024-04-10","7001",档案管理部,归档,273,38
12798,"2024-04-10","8001",异常工单组,挂起,160,19
12799,"2024-04-11","1001",客服一部,话务员暂存,223,0
12800,"2024-04-11","1001",客服一部,话务员受理,271,54
12801,"2024-04-11","1002",客服二部,话务员受理,265,13
12802,"2024-04-11","2001",业务一科,话务员办理,293,19
12803,"2024-04-11","2002",业务二科,话务员办理,112,11
12804,"2024-04-11","3001",热线审核中心,热线审核,275,37
12805,"2024-04-11","3002",热线复核中心,热线复核,161,6
12806,"2024-04-11","4001",承办单位A,承办单位审核,281,20
12807,"2024-04-11","4001",承办单位A,承办单位处理,135,1
12808,"2024-04-11","4002",承办单位B,承办单位处理,102,16
12809,"2024-04-11","4003",承办复核部A,承办单位复核,174,25
12810,"2024-04-11","5001",结案一部,办结,185,7
12811,"2024-04-11","5002",结案二部,办结,216,2
12812,"2024-04-11","6001",客户回访一组,回访,202,20
12813,"2024-04-11","6002",客户回访二组,回访,150,12
12814,"2024-04-11","6003",客户回访三组,回访,182,21
12815,"2024-04-11","7001",档案管理部,归档,86,2
12816,"2024-04-11","8001",异常工单组,挂起,229,11
12817,"2024-04-12","1001",客服一部,话务员暂存,229,0
12818,"2024-04-12","1001",客服一部,话务员受理,89,15
12819,"2024-04-12","1002",客服二部,话务员受理,77,5
12820,"2024-04-12","2001",业务一科,话务员办理,161,28
12821,"2024-04-12","2002",业务二科,话务员办理,147,20
12822,"2024-04-12","3001",热线审核中心,热线审核,291,8
12823,"2024-04-12","3002",热线复核中心,热线复核,184,8
12824,"2024-04-12","4001",承办单位A,承办单位审核,163,0
12825,"2024-04-12","4001",承办单位A,承办单位处理,148,19
12826,"2024-04-12","4002",承办单位B,承办单位处理,112,9
12827,"2024-04-12","4003",承办复核部A,承办单位复核,60,4
12828,"2024-04-12","5001",结案一部,办结,66,5
12829,"2024-04-12","5002",结案二部,办结,187,34
12830,"2024-04-12","6001",客户回访一组,回访,286,13
12831,"2024-04-12","6002",客户回访二组,回访,105,9
12832,"2024-04-12","6003",客户回访三组,回访,56,9
12833,"2024-04-12","7001",档案管理部,归档,125,11
12834,"2024-04-12","8001",异常工单组,挂起,265,49
12835,"2024-04-13","1001",客服一部,话务员暂存,116,0
12836,"2024-04-13","1001",客服一部,话务员受理,134,8
12837,"2024-04-13","1002",客服二部,话务员受理,68,12
12838,"2024-04-13","2001",业务一科,话务员办理,203,33
12839,"2024-04-13","2002",业务二科,话务员办理,106,8
12840,"2024-04-13","3001",热线审核中心,热线审核,199,13
12841,"2024-04-13","3002",热线复核中心,热线复核,297,46
12842,"2024-04-13","4001",承办单位A,承办单位审核,200,10
12843,"2024-04-13","4001",承办单位A,承办单位处理,261,22
12844,"2024-04-13","4002",承办单位B,承办单位处理,90,13
12845,"2024-04-13","4003",承办复核部A,承办单位复核,84,1
12846,"2024-04-13","5001",结案一部,办结,289,55
12847,"2024-04-13","5002",结案二部,办结,293,15
12848,"2024-04-13","6001",客户回访一组,回访,248,19
12849,"2024-04-13","6002",客户回访二组,回访,257,23
12850,"2024-04-13","6003",客户回访三组,回访,122,20
12851,"2024-04-13","7001",档案管理部,归档,288,33
12852,"2024-04-13","8001",异常工单组,挂起,159,15
12853,"2024-04-14","1001",客服一部,话务员暂存,172,0
12854,"2024-04-14","1001",客服一部,话务员受理,288,3
12855,"2024-04-14","1002",客服二部,话务员受理,244,35
12856,"2024-04-14","2001",业务一科,话务员办理,72,7
12857,"2024-04-14","2002",业务二科,话务员办理,240,21
12858,"2024-04-14","3001",热线审核中心,热线审核,244,23
12859,"2024-04-14","3002",热线复核中心,热线复核,122,1
12860,"2024-04-14","4001",承办单位A,承办单位审核,124,17
12861,"2024-04-14","4001",承办单位A,承办单位处理,52,3
12862,"2024-04-14","4002",承办单位B,承办单位处理,73,2
12863,"2024-04-14","4003",承办复核部A,承办单位复核,227,10
12864,"2024-04-14","5001",结案一部,办结,115,16
12865,"2024-04-14","5002",结案二部,办结,200,26
12866,"2024-04-14","6001",客户回访一组,回访,241,41
12867,"2024-04-14","6002",客户回访二组,回访,117,10
12868,"2024-04-14","6003",客户回访三组,回访,119,7
12869,"2024-04-14","7001",档案管理部,归档,71,7
12870,"2024-04-14","8001",异常工单组,挂起,233,42
12871,"2024-04-15","1001",客服一部,话务员暂存,194,0
12872,"2024-04-15","1001",客服一部,话务员受理,282,38
12873,"2024-04-15","1002",客服二部,话务员受理,171,24
12874,"2024-04-15","2001",业务一科,话务员办理,237,0
12875,"2024-04-15","2002",业务二科,话务员办理,154,2
12876,"2024-04-15","3001",热线审核中心,热线审核,101,8
12877,"2024-04-15","3002",热线复核中心,热线复核,141,28
12878,"2024-04-15","4001",承办单位A,承办单位审核,105,0
12879,"2024-04-15","4001",承办单位A,承办单位处理,74,7
12880,"2024-04-15","4002",承办单位B,承办单位处理,52,5
12881,"2024-04-15","4003",承办复核部A,承办单位复核,242,26
12882,"2024-04-15","5001",结案一部,办结,241,41
12883,"2024-04-15","5002",结案二部,办结,235,46
12884,"2024-04-15","6001",客户回访一组,回访,232,12
12885,"2024-04-15","6002",客户回访二组,回访,136,19
12886,"2024-04-15","6003",客户回访三组,回访,219,17
12887,"2024-04-15","7001",档案管理部,归档,125,10
12888,"2024-04-15","8001",异常工单组,挂起,175,2
12889,"2024-04-16","1001",客服一部,话务员暂存,104,0
12890,"2024-04-16","1001",客服一部,话务员受理,182,9
12891,"2024-04-16","1002",客服二部,话务员受理,236,39
12892,"2024-04-16","2001",业务一科,话务员办理,206,26
12893,"2024-04-16","2002",业务二科,话务员办理,117,14
12894,"2024-04-16","3001",热线审核中心,热线审核,222,23
12895,"2024-04-16","3002",热线复核中心,热线复核,288,50
12896,"2024-04-16","4001",承办单位A,承办单位审核,259,12
12897,"2024-04-16","4001",承办单位A,承办单位处理,230,19
12898,"2024-04-16","4002",承办单位B,承办单位处理,211,6
12899,"2024-04-16","4003",承办复核部A,承办单位复核,228,42
12900,"2024-04-16","5001",结案一部,办结,105,2
12901,"2024-04-16","5002",结案二部,办结,169,18
12902,"2024-04-16","6001",客户回访一组,回访,279,2
12903,"2024-04-16","6002",客户回访二组,回访,227,45
12904,"2024-04-16","6003",客户回访三组,回访,94,18
12905,"2024-04-16","7001",档案管理部,归档,53,0
12906,"2024-04-16","8001",异常工单组,挂起,70,6
12907,"2024-04-17","1001",客服一部,话务员暂存,254,0
12908,"2024-04-17","1001",客服一部,话务员受理,281,55
12909,"2024-04-17","1002",客服二部,话务员受理,287,35
12910,"2024-04-17","2001",业务一科,话务员办理,71,8
12911,"2024-04-17","2002",业务二科,话务员办理,51,0
12912,"2024-04-17","3001",热线审核中心,热线审核,295,18
12913,"2024-04-17","3002",热线复核中心,热线复核,199,38
12914,"2024-04-17","4001",承办单位A,承办单位审核,224,17
12915,"2024-04-17","4001",承办单位A,承办单位处理,172,34
12916,"2024-04-17","4002",承办单位B,承办单位处理,177,17
12917,"2024-04-17","4003",承办复核部A,承办单位复核,193,25
12918,"2024-04-17","5001",结案一部,办结,95,15
12919,"2024-04-17","5002",结案二部,办结,254,38
12920,"2024-04-17","6001",客户回访一组,回访,260,30
12921,"2024-04-17","6002",客户回访二组,回访,76,7
12922,"2024-04-17","6003",客户回访三组,回访,192,14
12923,"2024-04-17","7001",档案管理部,归档,138,3
12924,"2024-04-17","8001",异常工单组,挂起,213,31
12925,"2024-04-18","1001",客服一部,话务员暂存,193,0
12926,"2024-04-18","1001",客服一部,话务员受理,198,16
12927,"2024-04-18","1002",客服二部,话务员受理,98,4
12928,"2024-04-18","2001",业务一科,话务员办理,175,30
12929,"2024-04-18","2002",业务二科,话务员办理,300,58
12930,"2024-04-18","3001",热线审核中心,热线审核,254,18
12931,"2024-04-18","3002",热线复核中心,热线复核,229,5
12932,"2024-04-18","4001",承办单位A,承办单位审核,283,20
12933,"2024-04-18","4001",承办单位A,承办单位处理,262,43
12934,"2024-04-18","4002",承办单位B,承办单位处理,142,10
12935,"2024-04-18","4003",承办复核部A,承办单位复核,299,19
12936,"2024-04-18","5001",结案一部,办结,101,18
12937,"2024-04-18","5002",结案二部,办结,209,31
12938,"2024-04-18","6001",客户回访一组,回访,106,8
12939,"2024-04-18","6002",客户回访二组,回访,228,41
12940,"2024-04-18","6003",客户回访三组,回访,204,2
12941,"2024-04-18","7001",档案管理部,归档,118,13
12942,"2024-04-18","8001",异常工单组,挂起,156,15
12943,"2024-04-19","1001",客服一部,话务员暂存,204,0
12944,"2024-04-19","1001",客服一部,话务员受理,146,16
12945,"2024-04-19","1002",客服二部,话务员受理,230,29
12946,"2024-04-19","2001",业务一科,话务员办理,229,16
12947,"2024-04-19","2002",业务二科,话务员办理,176,6
12948,"2024-04-19","3001",热线审核中心,热线审核,210,5
12949,"2024-04-19","3002",热线复核中心,热线复核,109,15
12950,"2024-04-19","4001",承办单位A,承办单位审核,157,27
12951,"2024-04-19","4001",承办单位A,承办单位处理,79,13
12952,"2024-04-19","4002",承办单位B,承办单位处理,208,26
12953,"2024-04-19","4003",承办复核部A,承办单位复核,120,23
12954,"2024-04-19","5001",结案一部,办结,162,1
12955,"2024-04-19","5002",结案二部,办结,119,1
12956,"2024-04-19","6001",客户回访一组,回访,155,29
12957,"2024-04-19","6002",客户回访二组,回访,261,49
12958,"2024-04-19","6003",客户回访三组,回访,287,9
12959,"2024-04-19","7001",档案管理部,归档,126,16
12960,"2024-04-19","8001",异常工单组,挂起,129,5
12961,"2024-04-20","1001",客服一部,话务员暂存,164,0
12962,"2024-04-20","1001",客服一部,话务员受理,185,1
12963,"2024-04-20","1002",客服二部,话务员受理,161,4
12964,"2024-04-20","2001",业务一科,话务员办理,86,0
12965,"2024-04-20","2002",业务二科,话务员办理,216,36
12966,"2024-04-20","3001",热线审核中心,热线审核,269,34
12967,"2024-04-20","3002",热线复核中心,热线复核,63,9
12968,"2024-04-20","4001",承办单位A,承办单位审核,201,38
12969,"2024-04-20","4001",承办单位A,承办单位处理,129,22
12970,"2024-04-20","4002",承办单位B,承办单位处理,237,41
12971,"2024-04-20","4003",承办复核部A,承办单位复核,52,8
12972,"2024-04-20","5001",结案一部,办结,250,16
12973,"2024-04-20","5002",结案二部,办结,89,11
12974,"2024-04-20","6001",客户回访一组,回访,123,10
12975,"2024-04-20","6002",客户回访二组,回访,107,21
12976,"2024-04-20","6003",客户回访三组,回访,251,22
12977,"2024-04-20","7001",档案管理部,归档,87,13
12978,"2024-04-20","8001",异常工单组,挂起,140,28
12979,"2024-04-21","1001",客服一部,话务员暂存,286,0
12980,"2024-04-21","1001",客服一部,话务员受理,147,21
12981,"2024-04-21","1002",客服二部,话务员受理,296,32
12982,"2024-04-21","2001",业务一科,话务员办理,142,6
12983,"2024-04-21","2002",业务二科,话务员办理,239,1
12984,"2024-04-21","3001",热线审核中心,热线审核,138,16
12985,"2024-04-21","3002",热线复核中心,热线复核,107,11
12986,"2024-04-21","4001",承办单位A,承办单位审核,130,12
12987,"2024-04-21","4001",承办单位A,承办单位处理,125,9
12988,"2024-04-21","4002",承办单位B,承办单位处理,92,12
12989,"2024-04-21","4003",承办复核部A,承办单位复核,178,21
12990,"2024-04-21","5001",结案一部,办结,245,21
12991,"2024-04-21","5002",结案二部,办结,142,3
12992,"2024-04-21","6001",客户回访一组,回访,228,33
12993,"2024-04-21","6002",客户回访二组,回访,138,26
12994,"2024-04-21","6003",客户回访三组,回访,289,12
12995,"2024-04-21","7001",档案管理部,归档,251,42
12996,"2024-04-21","8001",异常工单组,挂起,73,4
12997,"2024-04-22","1001",客服一部,话务员暂存,162,0
12998,"2024-04-22","1001",客服一部,话务员受理,199,24
12999,"2024-04-22","1002",客服二部,话务员受理,80,10
13000,"2024-04-22","2001",业务一科,话务员办理,181,31
13001,"2024-04-22","2002",业务二科,话务员办理,138,13
13002,"2024-04-22","3001",热线审核中心,热线审核,226,14
13003,"2024-04-22","3002",热线复核中心,热线复核,282,7
13004,"2024-04-22","4001",承办单位A,承办单位审核,143,16
13005,"2024-04-22","4001",承办单位A,承办单位处理,207,18
13006,"2024-04-22","4002",承办单位B,承办单位处理,136,1
13007,"2024-04-22","4003",承办复核部A,承办单位复核,58,2
13008,"2024-04-22","5001",结案一部,办结,109,17
13009,"2024-04-22","5002",结案二部,办结,207,14
13010,"2024-04-22","6001",客户回访一组,回访,200,3
13011,"2024-04-22","6002",客户回访二组,回访,270,50
13012,"2024-04-22","6003",客户回访三组,回访,297,33
13013,"2024-04-22","7001",档案管理部,归档,131,19
13014,"2024-04-22","8001",异常工单组,挂起,137,5
13015,"2024-04-23","1001",客服一部,话务员暂存,101,0
13016,"2024-04-23","1001",客服一部,话务员受理,213,3
13017,"2024-04-23","1002",客服二部,话务员受理,158,29
13018,"2024-04-23","2001",业务一科,话务员办理,81,3
13019,"2024-04-23","2002",业务二科,话务员办理,243,22
13020,"2024-04-23","3001",热线审核中心,热线审核,163,3
13021,"2024-04-23","3002",热线复核中心,热线复核,50,9
13022,"2024-04-23","4001",承办单位A,承办单位审核,208,18
13023,"2024-04-23","4001",承办单位A,承办单位处理,208,2
13024,"2024-04-23","4002",承办单位B,承办单位处理,175,0
13025,"2024-04-23","4003",承办复核部A,承办单位复核,181,25
13026,"2024-04-23","5001",结案一部,办结,281,50
13027,"2024-04-23","5002",结案二部,办结,61,4
13028,"2024-04-23","6001",客户回访一组,回访,102,8
13029,"2024-04-23","6002",客户回访二组,回访,67,7
13030,"2024-04-23","6003",客户回访三组,回访,111,0
13031,"2024-04-23","7001",档案管理部,归档,271,36
13032,"2024-04-23","8001",异常工单组,挂起,264,7
13033,"2024-04-24","1001",客服一部,话务员暂存,191,0
13034,"2024-04-24","1001",客服一部,话务员受理,182,9
13035,"2024-04-24","1002",客服二部,话务员受理,189,14
13036,"2024-04-24","2001",业务一科,话务员办理,298,26
13037,"2024-04-24","2002",业务二科,话务员办理,268,52
13038,"2024-04-24","3001",热线审核中心,热线审核,221,8
13039,"2024-04-24","3002",热线复核中心,热线复核,108,16
13040,"2024-04-24","4001",承办单位A,承办单位审核,236,31
13041,"2024-04-24","4001",承办单位A,承办单位处理,125,14
13042,"2024-04-24","4002",承办单位B,承办单位处理,296,51
13043,"2024-04-24","4003",承办复核部A,承办单位复核,249,1
13044,"2024-04-24","5001",结案一部,办结,298,59
13045,"2024-04-24","5002",结案二部,办结,81,3
13046,"2024-04-24","6001",客户回访一组,回访,107,18
13047,"2024-04-24","6002",客户回访二组,回访,147,22
13048,"2024-04-24","6003",客户回访三组,回访,268,0
13049,"2024-04-24","7001",档案管理部,归档,288,33
13050,"2024-04-24","8001",异常工单组,挂起,275,17
13051,"2024-04-25","1001",客服一部,话务员暂存,100,0
13052,"2024-04-25","1001",客服一部,话务员受理,183,10
13053,"2024-04-25","1002",客服二部,话务员受理,109,17
13054,"2024-04-25","2001",业务一科,话务员办理,154,15
13055,"2024-04-25","2002",业务二科,话务员办理,219,10
13056,"2024-04-25","3001",热线审核中心,热线审核,147,27
13057,"2024-04-25","3002",热线复核中心,热线复核,295,11
13058,"2024-04-25","4001",承办单位A,承办单位审核,247,42
13059,"2024-04-25","4001",承办单位A,承办单位处理,281,5
13060,"2024-04-25","4002",承办单位B,承办单位处理,53,6
13061,"2024-04-25","4003",承办复核部A,承办单位复核,189,29
13062,"2024-04-25","5001",结案一部,办结,157,24
13063,"2024-04-25","5002",结案二部,办结,266,41
13064,"2024-04-25","6001",客户回访一组,回访,257,22
13065,"2024-04-25","6002",客户回访二组,回访,156,1
13066,"2024-04-25","6003",客户回访三组,回访,130,11
13067,"2024-04-25","7001",档案管理部,归档,216,19
13068,"2024-04-25","8001",异常工单组,挂起,275,15
13069,"2024-04-26","1001",客服一部,话务员暂存,94,0
13070,"2024-04-26","1001",客服一部,话务员受理,263,42
13071,"2024-04-26","1002",客服二部,话务员受理,148,21
13072,"2024-04-26","2001",业务一科,话务员办理,118,8
13073,"2024-04-26","2002",业务二科,话务员办理,173,22
13074,"2024-04-26","3001",热线审核中心,热线审核,271,35
13075,"2024-04-26","3002",热线复核中心,热线复核,134,13
13076,"2024-04-26","4001",承办单位A,承办单位审核,260,33
13077,"2024-04-26","4001",承办单位A,承办单位处理,276,0
13078,"2024-04-26","4002",承办单位B,承办单位处理,112,17
13079,"2024-04-26","4003",承办复核部A,承办单位复核,98,7
13080,"2024-04-26","5001",结案一部,办结,292,54
13081,"2024-04-26","5002",结案二部,办结,201,9
13082,"2024-04-26","6001",客户回访一组,回访,50,9
13083,"2024-04-26","6002",客户回访二组,回访,113,17
13084,"2024-04-26","6003",客户回访三组,回访,260,13
13085,"2024-04-26","7001",档案管理部,归档,298,17
13086,"2024-04-26","8001",异常工单组,挂起,106,16
13087,"2024-04-27","1001",客服一部,话务员暂存,216,0
13088,"2024-04-27","1001",客服一部,话务员受理,82,3
13089,"2024-04-27","1002",客服二部,话务员受理,80,8
13090,"2024-04-27","2001",业务一科,话务员办理,168,5
13091,"2024-04-27","2002",业务二科,话务员办理,146,10
13092,"2024-04-27","3001",热线审核中心,热线审核,179,28
13093,"2024-04-27","3002",热线复核中心,热线复核,147,0
13094,"2024-04-27","4001",承办单位A,承办单位审核,250,7
13095,"2024-04-27","4001",承办单位A,承办单位处理,54,2
13096,"2024-04-27","4002",承办单位B,承办单位处理,235,41
13097,"2024-04-27","4003",承办复核部A,承办单位复核,182,30
13098,"2024-04-27","5001",结案一部,办结,141,27
13099,"2024-04-27","5002",结案二部,办结,127,4
13100,"2024-04-27","6001",客户回访一组,回访,265,35
13101,"2024-04-27","6002",客户回访二组,回访,126,7
13102,"2024-04-27","6003",客户回访三组,回访,277,9
13103,"2024-04-27","7001",档案管理部,归档,128,22
13104,"2024-04-27","8001",异常工单组,挂起,212,36
13105,"2024-04-28","1001",客服一部,话务员暂存,231,0
13106,"2024-04-28","1001",客服一部,话务员受理,75,11
13107,"2024-04-28","1002",客服二部,话务员受理,212,7
13108,"2024-04-28","2001",业务一科,话务员办理,147,14
13109,"2024-04-28","2002",业务二科,话务员办理,257,9
13110,"2024-04-28","3001",热线审核中心,热线审核,141,19
13111,"2024-04-28","3002",热线复核中心,热线复核,109,5
13112,"2024-04-28","4001",承办单位A,承办单位审核,213,15
13113,"2024-04-28","4001",承办单位A,承办单位处理,148,0
13114,"2024-04-28","4002",承办单位B,承办单位处理,183,27
13115,"2024-04-28","4003",承办复核部A,承办单位复核,145,0
13116,"2024-04-28","5001",结案一部,办结,89,16
13117,"2024-04-28","5002",结案二部,办结,86,1
13118,"2024-04-28","6001",客户回访一组,回访,182,20
13119,"2024-04-28","6002",客户回访二组,回访,281,45
13120,"2024-04-28","6003",客户回访三组,回访,247,3
13121,"2024-04-28","7001",档案管理部,归档,122,13
13122,"2024-04-28","8001",异常工单组,挂起,287,42
13123,"2024-04-29","1001",客服一部,话务员暂存,245,0
13124,"2024-04-29","1001",客服一部,话务员受理,281,13
13125,"2024-04-29","1002",客服二部,话务员受理,218,29
13126,"2024-04-29","2001",业务一科,话务员办理,189,0
13127,"2024-04-29","2002",业务二科,话务员办理,156,31
13128,"2024-04-29","3001",热线审核中心,热线审核,59,8
13129,"2024-04-29","3002",热线复核中心,热线复核,161,22
13130,"2024-04-29","4001",承办单位A,承办单位审核,248,22
13131,"2024-04-29","4001",承办单位A,承办单位处理,142,7
13132,"2024-04-29","4002",承办单位B,承办单位处理,262,38
13133,"2024-04-29","4003",承办复核部A,承办单位复核,203,38
13134,"2024-04-29","5001",结案一部,办结,122,19
13135,"2024-04-29","5002",结案二部,办结,200,21
13136,"2024-04-29","6001",客户回访一组,回访,105,21
13137,"2024-04-29","6002",客户回访二组,回访,200,26
13138,"2024-04-29","6003",客户回访三组,回访,112,14
13139,"2024-04-29","7001",档案管理部,归档,241,27
13140,"2024-04-29","8001",异常工单组,挂起,200,31
13141,"2024-04-30","1001",客服一部,话务员暂存,145,0
13142,"2024-04-30","1001",客服一部,话务员受理,87,17
13143,"2024-04-30","1002",客服二部,话务员受理,164,21
13144,"2024-04-30","2001",业务一科,话务员办理,71,0
13145,"2024-04-30","2002",业务二科,话务员办理,152,14
13146,"2024-04-30","3001",热线审核中心,热线审核,53,9
13147,"2024-04-30","3002",热线复核中心,热线复核,275,7
13148,"2024-04-30","4001",承办单位A,承办单位审核,57,8
13149,"2024-04-30","4001",承办单位A,承办单位处理,86,3
13150,"2024-04-30","4002",承办单位B,承办单位处理,78,14
13151,"2024-04-30","4003",承办复核部A,承办单位复核,282,18
13152,"2024-04-30","5001",结案一部,办结,231,35
13153,"2024-04-30","5002",结案二部,办结,300,39
13154,"2024-04-30","6001",客户回访一组,回访,140,22
13155,"2024-04-30","6002",客户回访二组,回访,256,36
13156,"2024-04-30","6003",客户回访三组,回访,103,10
13157,"2024-04-30","7001",档案管理部,归档,113,0
13158,"2024-04-30","8001",异常工单组,挂起,117,12
13159,"2024-05-01","1001",客服一部,话务员暂存,89,0
13160,"2024-05-01","1001",客服一部,话务员受理,203,31
13161,"2024-05-01","1002",客服二部,话务员受理,226,25
13162,"2024-05-01","2001",业务一科,话务员办理,137,12
13163,"2024-05-01","2002",业务二科,话务员办理,255,32
13164,"2024-05-01","3001",热线审核中心,热线审核,115,9
13165,"2024-05-01","3002",热线复核中心,热线复核,252,32
13166,"2024-05-01","4001",承办单位A,承办单位审核,94,14
13167,"2024-05-01","4001",承办单位A,承办单位处理,223,13
13168,"2024-05-01","4002",承办单位B,承办单位处理,202,39
13169,"2024-05-01","4003",承办复核部A,承办单位复核,184,30
13170,"2024-05-01","5001",结案一部,办结,284,22
13171,"2024-05-01","5002",结案二部,办结,280,49
13172,"2024-05-01","6001",客户回访一组,回访,98,3
13173,"2024-05-01","6002",客户回访二组,回访,279,0
13174,"2024-05-01","6003",客户回访三组,回访,53,6
13175,"2024-05-01","7001",档案管理部,归档,216,17
13176,"2024-05-01","8001",异常工单组,挂起,169,26
13177,"2024-05-02","1001",客服一部,话务员暂存,144,0
13178,"2024-05-02","1001",客服一部,话务员受理,283,39
13179,"2024-05-02","1002",客服二部,话务员受理,138,5
13180,"2024-05-02","2001",业务一科,话务员办理,75,12
13181,"2024-05-02","2002",业务二科,话务员办理,96,10
13182,"2024-05-02","3001",热线审核中心,热线审核,191,11
13183,"2024-05-02","3002",热线复核中心,热线复核,264,25
13184,"2024-05-02","4001",承办单位A,承办单位审核,268,44
13185,"2024-05-02","4001",承办单位A,承办单位处理,271,26
13186,"2024-05-02","4002",承办单位B,承办单位处理,289,33
13187,"2024-05-02","4003",承办复核部A,承办单位复核,201,37
13188,"2024-05-02","5001",结案一部,办结,50,7
13189,"2024-05-02","5002",结案二部,办结,228,40
13190,"2024-05-02","6001",客户回访一组,回访,165,25
13191,"2024-05-02","6002",客户回访二组,回访,117,11
13192,"2024-05-02","6003",客户回访三组,回访,88,2
13193,"2024-05-02","7001",档案管理部,归档,241,13
13194,"2024-05-02","8001",异常工单组,挂起,185,18
13195,"2024-05-03","1001",客服一部,话务员暂存,188,0
13196,"2024-05-03","1001",客服一部,话务员受理,275,5
13197,"2024-05-03","1002",客服二部,话务员受理,293,22
13198,"2024-05-03","2001",业务一科,话务员办理,142,1
13199,"2024-05-03","2002",业务二科,话务员办理,249,25
13200,"2024-05-03","3001",热线审核中心,热线审核,162,13
13201,"2024-05-03","3002",热线复核中心,热线复核,83,1
13202,"2024-05-03","4001",承办单位A,承办单位审核,103,12
13203,"2024-05-03","4001",承办单位A,承办单位处理,251,41
13204,"2024-05-03","4002",承办单位B,承办单位处理,172,31
13205,"2024-05-03","4003",承办复核部A,承办单位复核,96,8
13206,"2024-05-03","5001",结案一部,办结,239,41
13207,"2024-05-03","5002",结案二部,办结,253,38
13208,"2024-05-03","6001",客户回访一组,回访,131,14
13209,"2024-05-03","6002",客户回访二组,回访,219,23
13210,"2024-05-03","6003",客户回访三组,回访,174,31
13211,"2024-05-03","7001",档案管理部,归档,296,12
13212,"2024-05-03","8001",异常工单组,挂起,94,11
13213,"2024-05-04","1001",客服一部,话务员暂存,193,0
13214,"2024-05-04","1001",客服一部,话务员受理,174,3
13215,"2024-05-04","1002",客服二部,话务员受理,81,16
13216,"2024-05-04","2001",业务一科,话务员办理,284,54
13217,"2024-05-04","2002",业务二科,话务员办理,234,8
13218,"2024-05-04","3001",热线审核中心,热线审核,178,35
13219,"2024-05-04","3002",热线复核中心,热线复核,118,17
13220,"2024-05-04","4001",承办单位A,承办单位审核,124,22
13221,"2024-05-04","4001",承办单位A,承办单位处理,294,49
13222,"2024-05-04","4002",承办单位B,承办单位处理,161,17
13223,"2024-05-04","4003",承办复核部A,承办单位复核,183,23
13224,"2024-05-04","5001",结案一部,办结,147,22
13225,"2024-05-04","5002",结案二部,办结,142,7
13226,"2024-05-04","6001",客户回访一组,回访,79,7
13227,"2024-05-04","6002",客户回访二组,回访,120,0
13228,"2024-05-04","6003",客户回访三组,回访,203,6
13229,"2024-05-04","7001",档案管理部,归档,151,25
13230,"2024-05-04","8001",异常工单组,挂起,52,10
13231,"2024-05-05","1001",客服一部,话务员暂存,149,0
13232,"2024-05-05","1001",客服一部,话务员受理,295,11
13233,"2024-05-05","1002",客服二部,话务员受理,86,11
13234,"2024-05-05","2001",业务一科,话务员办理,95,0
13235,"2024-05-05","2002",业务二科,话务员办理,68,11
13236,"2024-05-05","3001",热线审核中心,热线审核,120,5
13237,"2024-05-05","3002",热线复核中心,热线复核,128,21
13238,"2024-05-05","4001",承办单位A,承办单位审核,261,25
13239,"2024-05-05","4001",承办单位A,承办单位处理,161,11
13240,"2024-05-05","4002",承办单位B,承办单位处理,240,45
13241,"2024-05-05","4003",承办复核部A,承办单位复核,241,5
13242,"2024-05-05","5001",结案一部,办结,60,2
13243,"2024-05-05","5002",结案二部,办结,208,32
13244,"2024-05-05","6001",客户回访一组,回访,281,11
13245,"2024-05-05","6002",客户回访二组,回访,145,16
13246,"2024-05-05","6003",客户回访三组,回访,168,12
13247,"2024-05-05","7001",档案管理部,归档,221,15
13248,"2024-05-05","8001",异常工单组,挂起,296,19
13249,"2024-05-06","1001",客服一部,话务员暂存,177,0
13250,"2024-05-06","1001",客服一部,话务员受理,62,10
13251,"2024-05-06","1002",客服二部,话务员受理,115,7
13252,"2024-05-06","2001",业务一科,话务员办理,279,20
13253,"2024-05-06","2002",业务二科,话务员办理,55,1
13254,"2024-05-06","3001",热线审核中心,热线审核,207,34
13255,"2024-05-06","3002",热线复核中心,热线复核,218,43
13256,"2024-05-06","4001",承办单位A,承办单位审核,139,16
13257,"2024-05-06","4001",承办单位A,承办单位处理,101,7
13258,"2024-05-06","4002",承办单位B,承办单位处理,78,1
13259,"2024-05-06","4003",承办复核部A,承办单位复核,127,14
13260,"2024-05-06","5001",结案一部,办结,100,14
13261,"2024-05-06","5002",结案二部,办结,144,28
13262,"2024-05-06","6001",客户回访一组,回访,63,0
13263,"2024-05-06","6002",客户回访二组,回访,209,41
13264,"2024-05-06","6003",客户回访三组,回访,197,16
13265,"2024-05-06","7001",档案管理部,归档,150,30
13266,"2024-05-06","8001",异常工单组,挂起,272,10
13267,"2024-05-07","1001",客服一部,话务员暂存,100,0
13268,"2024-05-07","1001",客服一部,话务员受理,89,12
13269,"2024-05-07","1002",客服二部,话务员受理,158,26
13270,"2024-05-07","2001",业务一科,话务员办理,240,4
13271,"2024-05-07","2002",业务二科,话务员办理,113,10
13272,"2024-05-07","3001",热线审核中心,热线审核,246,14
13273,"2024-05-07","3002",热线复核中心,热线复核,65,10
13274,"2024-05-07","4001",承办单位A,承办单位审核,222,44
13275,"2024-05-07","4001",承办单位A,承办单位处理,248,30
13276,"2024-05-07","4002",承办单位B,承办单位处理,64,1
13277,"2024-05-07","4003",承办复核部A,承办单位复核,101,18
13278,"2024-05-07","5001",结案一部,办结,123,11
13279,"2024-05-07","5002",结案二部,办结,114,1
13280,"2024-05-07","6001",客户回访一组,回访,256,33
13281,"2024-05-07","6002",客户回访二组,回访,191,38
13282,"2024-05-07","6003",客户回访三组,回访,132,2
13283,"2024-05-07","7001",档案管理部,归档,169,23
13284,"2024-05-07","8001",异常工单组,挂起,268,11
13285,"2024-05-08","1001",客服一部,话务员暂存,193,0
13286,"2024-05-08","1001",客服一部,话务员受理,277,49
13287,"2024-05-08","1002",客服二部,话务员受理,111,21
13288,"2024-05-08","2001",业务一科,话务员办理,185,23
13289,"2024-05-08","2002",业务二科,话务员办理,174,17
13290,"2024-05-08","3001",热线审核中心,热线审核,298,20
13291,"2024-05-08","3002",热线复核中心,热线复核,99,6
13292,"2024-05-08","4001",承办单位A,承办单位审核,108,0
13293,"2024-05-08","4001",承办单位A,承办单位处理,298,24
13294,"2024-05-08","4002",承办单位B,承办单位处理,273,36
13295,"2024-05-08","4003",承办复核部A,承办单位复核,174,26
13296,"2024-05-08","5001",结案一部,办结,61,9
13297,"2024-05-08","5002",结案二部,办结,145,12
13298,"2024-05-08","6001",客户回访一组,回访,219,27
13299,"2024-05-08","6002",客户回访二组,回访,204,33
13300,"2024-05-08","6003",客户回访三组,回访,290,14
13301,"2024-05-08","7001",档案管理部,归档,100,12
13302,"2024-05-08","8001",异常工单组,挂起,65,12
13303,"2024-05-09","1001",客服一部,话务员暂存,187,0
13304,"2024-05-09","1001",客服一部,话务员受理,165,0
13305,"2024-05-09","1002",客服二部,话务员受理,228,22
13306,"2024-05-09","2001",业务一科,话务员办理,297,6
13307,"2024-05-09","2002",业务二科,话务员办理,287,23
13308,"2024-05-09","3001",热线审核中心,热线审核,243,42
13309,"2024-05-09","3002",热线复核中心,热线复核,247,6
13310,"2024-05-09","4001",承办单位A,承办单位审核,286,39
13311,"2024-05-09","4001",承办单位A,承办单位处理,128,3
13312,"2024-05-09","4002",承办单位B,承办单位处理,269,9
13313,"2024-05-09","4003",承办复核部A,承办单位复核,243,27
13314,"2024-05-09","5001",结案一部,办结,224,19
13315,"2024-05-09","5002",结案二部,办结,173,12
13316,"2024-05-09","6001",客户回访一组,回访,296,8
13317,"2024-05-09","6002",客户回访二组,回访,158,3
13318,"2024-05-09","6003",客户回访三组,回访,68,0
13319,"2024-05-09","7001",档案管理部,归档,63,0
13320,"2024-05-09","8001",异常工单组,挂起,295,12
13321,"2024-05-10","1001",客服一部,话务员暂存,282,0
13322,"2024-05-10","1001",客服一部,话务员受理,203,29
13323,"2024-05-10","1002",客服二部,话务员受理,198,2
13324,"2024-05-10","2001",业务一科,话务员办理,79,9
13325,"2024-05-10","2002",业务二科,话务员办理,203,16
13326,"2024-05-10","3001",热线审核中心,热线审核,186,15
13327,"2024-05-10","3002",热线复核中心,热线复核,115,23
13328,"2024-05-10","4001",承办单位A,承办单位审核,273,8
13329,"2024-05-10","4001",承办单位A,承办单位处理,50,7
13330,"2024-05-10","4002",承办单位B,承办单位处理,196,27
13331,"2024-05-10","4003",承办复核部A,承办单位复核,150,9
13332,"2024-05-10","5001",结案一部,办结,105,16
13333,"2024-05-10","5002",结案二部,办结,102,17
13334,"2024-05-10","6001",客户回访一组,回访,183,16
13335,"2024-05-10","6002",客户回访二组,回访,223,5
13336,"2024-05-10","6003",客户回访三组,回访,292,52
13337,"2024-05-10","7001",档案管理部,归档,271,38
13338,"2024-05-10","8001",异常工单组,挂起,80,14
13339,"2024-05-11","1001",客服一部,话务员暂存,74,0
13340,"2024-05-11","1001",客服一部,话务员受理,164,25
13341,"2024-05-11","1002",客服二部,话务员受理,59,8
13342,"2024-05-11","2001",业务一科,话务员办理,162,10
13343,"2024-05-11","2002",业务二科,话务员办理,158,20
13344,"2024-05-11","3001",热线审核中心,热线审核,251,44
13345,"2024-05-11","3002",热线复核中心,热线复核,130,14
13346,"2024-05-11","4001",承办单位A,承办单位审核,149,8
13347,"2024-05-11","4001",承办单位A,承办单位处理,136,4
13348,"2024-05-11","4002",承办单位B,承办单位处理,279,26
13349,"2024-05-11","4003",承办复核部A,承办单位复核,268,52
13350,"2024-05-11","5001",结案一部,办结,100,1
13351,"2024-05-11","5002",结案二部,办结,58,0
13352,"2024-05-11","6001",客户回访一组,回访,112,22
13353,"2024-05-11","6002",客户回访二组,回访,68,12
13354,"2024-05-11","6003",客户回访三组,回访,199,30
13355,"2024-05-11","7001",档案管理部,归档,256,48
13356,"2024-05-11","8001",异常工单组,挂起,116,8
13357,"2024-05-12","1001",客服一部,话务员暂存,297,0
13358,"2024-05-12","1001",客服一部,话务员受理,251,28
13359,"2024-05-12","1002",客服二部,话务员受理,54,9
13360,"2024-05-12","2001",业务一科,话务员办理,105,18
13361,"2024-05-12","2002",业务二科,话务员办理,163,31
13362,"2024-05-12","3001",热线审核中心,热线审核,185,15
13363,"2024-05-12","3002",热线复核中心,热线复核,95,11
13364,"2024-05-12","4001",承办单位A,承办单位审核,94,3
13365,"2024-05-12","4001",承办单位A,承办单位处理,169,24
13366,"2024-05-12","4002",承办单位B,承办单位处理,156,3
13367,"2024-05-12","4003",承办复核部A,承办单位复核,223,28
13368,"2024-05-12","5001",结案一部,办结,148,14
13369,"2024-05-12","5002",结案二部,办结,83,0
13370,"2024-05-12","6001",客户回访一组,回访,85,4
13371,"2024-05-12","6002",客户回访二组,回访,121,0
13372,"2024-05-12","6003",客户回访三组,回访,219,37
13373,"2024-05-12","7001",档案管理部,归档,143,4
13374,"2024-05-12","8001",异常工单组,挂起,89,2
13375,"2024-05-13","1001",客服一部,话务员暂存,262,0
13376,"2024-05-13","1001",客服一部,话务员受理,217,40
13377,"2024-05-13","1002",客服二部,话务员受理,120,2
13378,"2024-05-13","2001",业务一科,话务员办理,236,7
13379,"2024-05-13","2002",业务二科,话务员办理,183,17
13380,"2024-05-13","3001",热线审核中心,热线审核,119,7
13381,"2024-05-13","3002",热线复核中心,热线复核,54,2
13382,"2024-05-13","4001",承办单位A,承办单位审核,89,0
13383,"2024-05-13","4001",承办单位A,承办单位处理,281,27
13384,"2024-05-13","4002",承办单位B,承办单位处理,284,8
13385,"2024-05-13","4003",承办复核部A,承办单位复核,55,11
13386,"2024-05-13","5001",结案一部,办结,248,41
13387,"2024-05-13","5002",结案二部,办结,177,34
13388,"2024-05-13","6001",客户回访一组,回访,230,45
13389,"2024-05-13","6002",客户回访二组,回访,238,32
13390,"2024-05-13","6003",客户回访三组,回访,136,10
13391,"2024-05-13","7001",档案管理部,归档,200,5
13392,"2024-05-13","8001",异常工单组,挂起,89,3
13393,"2024-05-14","1001",客服一部,话务员暂存,194,0
13394,"2024-05-14","1001",客服一部,话务员受理,288,25
13395,"2024-05-14","1002",客服二部,话务员受理,186,3
13396,"2024-05-14","2001",业务一科,话务员办理,58,6
13397,"2024-05-14","2002",业务二科,话务员办理,281,41
13398,"2024-05-14","3001",热线审核中心,热线审核,67,0
13399,"2024-05-14","3002",热线复核中心,热线复核,176,6
13400,"2024-05-14","4001",承办单位A,承办单位审核,275,50
13401,"2024-05-14","4001",承办单位A,承办单位处理,262,36
13402,"2024-05-14","4002",承办单位B,承办单位处理,83,10
13403,"2024-05-14","4003",承办复核部A,承办单位复核,99,8
13404,"2024-05-14","5001",结案一部,办结,80,13
13405,"2024-05-14","5002",结案二部,办结,252,35
13406,"2024-05-14","6001",客户回访一组,回访,220,28
13407,"2024-05-14","6002",客户回访二组,回访,206,0
13408,"2024-05-14","6003",客户回访三组,回访,101,19
13409,"2024-05-14","7001",档案管理部,归档,201,2
13410,"2024-05-14","8001",异常工单组,挂起,232,40
13411,"2024-05-15","1001",客服一部,话务员暂存,107,0
13412,"2024-05-15","1001",客服一部,话务员受理,279,29
13413,"2024-05-15","1002",客服二部,话务员受理,114,6
13414,"2024-05-15","2001",业务一科,话务员办理,159,26
13415,"2024-05-15","2002",业务二科,话务员办理,68,10
13416,"2024-05-15","3001",热线审核中心,热线审核,195,7
13417,"2024-05-15","3002",热线复核中心,热线复核,55,9
13418,"2024-05-15","4001",承办单位A,承办单位审核,278,6
13419,"2024-05-15","4001",承办单位A,承办单位处理,108,3
13420,"2024-05-15","4002",承办单位B,承办单位处理,225,17
13421,"2024-05-15","4003",承办复核部A,承办单位复核,90,8
13422,"2024-05-15","5001",结案一部,办结,175,24
13423,"2024-05-15","5002",结案二部,办结,114,2
13424,"2024-05-15","6001",客户回访一组,回访,187,18
13425,"2024-05-15","6002",客户回访二组,回访,75,12
13426,"2024-05-15","6003",客户回访三组,回访,109,11
13427,"2024-05-15","7001",档案管理部,归档,243,18
13428,"2024-05-15","8001",异常工单组,挂起,290,3
13429,"2024-05-16","1001",客服一部,话务员暂存,233,0
13430,"2024-05-16","1001",客服一部,话务员受理,127,18
13431,"2024-05-16","1002",客服二部,话务员受理,127,13
13432,"2024-05-16","2001",业务一科,话务员办理,96,0
13433,"2024-05-16","2002",业务二科,话务员办理,243,17
13434,"2024-05-16","3001",热线审核中心,热线审核,122,5
13435,"2024-05-16","3002",热线复核中心,热线复核,203,37
13436,"2024-05-16","4001",承办单位A,承办单位审核,234,38
13437,"2024-05-16","4001",承办单位A,承办单位处理,286,51
13438,"2024-05-16","4002",承办单位B,承办单位处理,295,35
13439,"2024-05-16","4003",承办复核部A,承办单位复核,217,35
13440,"2024-05-16","5001",结案一部,办结,132,24
13441,"2024-05-16","5002",结案二部,办结,165,19
13442,"2024-05-16","6001",客户回访一组,回访,271,31
13443,"2024-05-16","6002",客户回访二组,回访,62,5
13444,"2024-05-16","6003",客户回访三组,回访,147,13
13445,"2024-05-16","7001",档案管理部,归档,151,0
13446,"2024-05-16","8001",异常工单组,挂起,69,1
13447,"2024-05-17","1001",客服一部,话务员暂存,51,0
13448,"2024-05-17","1001",客服一部,话务员受理,286,49
13449,"2024-05-17","1002",客服二部,话务员受理,135,6
13450,"2024-05-17","2001",业务一科,话务员办理,113,18
13451,"2024-05-17","2002",业务二科,话务员办理,123,5
13452,"2024-05-17","3001",热线审核中心,热线审核,78,5
13453,"2024-05-17","3002",热线复核中心,热线复核,169,10
13454,"2024-05-17","4001",承办单位A,承办单位审核,73,14
13455,"2024-05-17","4001",承办单位A,承办单位处理,263,13
13456,"2024-05-17","4002",承办单位B,承办单位处理,53,10
13457,"2024-05-17","4003",承办复核部A,承办单位复核,197,15
13458,"2024-05-17","5001",结案一部,办结,158,20
13459,"2024-05-17","5002",结案二部,办结,279,44
13460,"2024-05-17","6001",客户回访一组,回访,239,16
13461,"2024-05-17","6002",客户回访二组,回访,229,41
13462,"2024-05-17","6003",客户回访三组,回访,174,30
13463,"2024-05-17","7001",档案管理部,归档,200,10
13464,"2024-05-17","8001",异常工单组,挂起,113,0
13465,"2024-05-18","1001",客服一部,话务员暂存,249,0
13466,"2024-05-18","1001",客服一部,话务员受理,141,6
13467,"2024-05-18","1002",客服二部,话务员受理,175,3
13468,"2024-05-18","2001",业务一科,话务员办理,243,22
13469,"2024-05-18","2002",业务二科,话务员办理,191,28
13470,"2024-05-18","3001",热线审核中心,热线审核,151,7
13471,"2024-05-18","3002",热线复核中心,热线复核,241,45
13472,"2024-05-18","4001",承办单位A,承办单位审核,79,14
13473,"2024-05-18","4001",承办单位A,承办单位处理,231,4
13474,"2024-05-18","4002",承办单位B,承办单位处理,274,11
13475,"2024-05-18","4003",承办复核部A,承办单位复核,66,0
13476,"2024-05-18","5001",结案一部,办结,133,17
13477,"2024-05-18","5002",结案二部,办结,299,40
13478,"2024-05-18","6001",客户回访一组,回访,122,11
13479,"2024-05-18","6002",客户回访二组,回访,162,21
13480,"2024-05-18","6003",客户回访三组,回访,125,19
13481,"2024-05-18","7001",档案管理部,归档,276,19
13482,"2024-05-18","8001",异常工单组,挂起,226,29
13483,"2024-05-19","1001",客服一部,话务员暂存,197,0
13484,"2024-05-19","1001",客服一部,话务员受理,94,5
13485,"2024-05-19","1002",客服二部,话务员受理,120,18
13486,"2024-05-19","2001",业务一科,话务员办理,82,1
13487,"2024-05-19","2002",业务二科,话务员办理,105,21
13488,"2024-05-19","3001",热线审核中心,热线审核,271,52
13489,"2024-05-19","3002",热线复核中心,热线复核,124,1
13490,"2024-05-19","4001",承办单位A,承办单位审核,190,5
13491,"2024-05-19","4001",承办单位A,承办单位处理,278,32
13492,"2024-05-19","4002",承办单位B,承办单位处理,187,16
13493,"2024-05-19","4003",承办复核部A,承办单位复核,122,23
13494,"2024-05-19","5001",结案一部,办结,171,32
13495,"2024-05-19","5002",结案二部,办结,140,20
13496,"2024-05-19","6001",客户回访一组,回访,273,34
13497,"2024-05-19","6002",客户回访二组,回访,100,13
13498,"2024-05-19","6003",客户回访三组,回访,56,11
13499,"2024-05-19","7001",档案管理部,归档,81,9
13500,"2024-05-19","8001",异常工单组,挂起,237,34
13501,"2024-05-20","1001",客服一部,话务员暂存,169,0
13502,"2024-05-20","1001",客服一部,话务员受理,197,10
13503,"2024-05-20","1002",客服二部,话务员受理,113,13
13504,"2024-05-20","2001",业务一科,话务员办理,103,8
13505,"2024-05-20","2002",业务二科,话务员办理,50,5
13506,"2024-05-20","3001",热线审核中心,热线审核,249,39
13507,"2024-05-20","3002",热线复核中心,热线复核,135,0
13508,"2024-05-20","4001",承办单位A,承办单位审核,66,10
13509,"2024-05-20","4001",承办单位A,承办单位处理,103,5
13510,"2024-05-20","4002",承办单位B,承办单位处理,60,6
13511,"2024-05-20","4003",承办复核部A,承办单位复核,146,28
13512,"2024-05-20","5001",结案一部,办结,300,40
13513,"2024-05-20","5002",结案二部,办结,200,18
13514,"2024-05-20","6001",客户回访一组,回访,207,19
13515,"2024-05-20","6002",客户回访二组,回访,298,6
13516,"2024-05-20","6003",客户回访三组,回访,241,38
13517,"2024-05-20","7001",档案管理部,归档,254,41
13518,"2024-05-20","8001",异常工单组,挂起,127,14
13519,"2024-05-21","1001",客服一部,话务员暂存,195,0
13520,"2024-05-21","1001",客服一部,话务员受理,282,34
13521,"2024-05-21","1002",客服二部,话务员受理,98,12
13522,"2024-05-21","2001",业务一科,话务员办理,139,23
13523,"2024-05-21","2002",业务二科,话务员办理,150,8
13524,"2024-05-21","3001",热线审核中心,热线审核,184,21
13525,"2024-05-21","3002",热线复核中心,热线复核,248,9
13526,"2024-05-21","4001",承办单位A,承办单位审核,143,26
13527,"2024-05-21","4001",承办单位A,承办单位处理,161,6
13528,"2024-05-21","4002",承办单位B,承办单位处理,130,3
13529,"2024-05-21","4003",承办复核部A,承办单位复核,89,0
13530,"2024-05-21","5001",结案一部,办结,188,36
13531,"2024-05-21","5002",结案二部,办结,104,16
13532,"2024-05-21","6001",客户回访一组,回访,241,24
13533,"2024-05-21","6002",客户回访二组,回访,114,7
13534,"2024-05-21","6003",客户回访三组,回访,125,16
13535,"2024-05-21","7001",档案管理部,归档,158,17
13536,"2024-05-21","8001",异常工单组,挂起,107,0
13537,"2024-05-22","1001",客服一部,话务员暂存,206,0
13538,"2024-05-22","1001",客服一部,话务员受理,277,2
13539,"2024-05-22","1002",客服二部,话务员受理,252,41
13540,"2024-05-22","2001",业务一科,话务员办理,255,18
13541,"2024-05-22","2002",业务二科,话务员办理,164,6
13542,"2024-05-22","3001",热线审核中心,热线审核,246,19
13543,"2024-05-22","3002",热线复核中心,热线复核,279,22
13544,"2024-05-22","4001",承办单位A,承办单位审核,283,30
13545,"2024-05-22","4001",承办单位A,承办单位处理,216,40
13546,"2024-05-22","4002",承办单位B,承办单位处理,81,10
13547,"2024-05-22","4003",承办复核部A,承办单位复核,196,17
13548,"2024-05-22","5001",结案一部,办结,148,20
13549,"2024-05-22","5002",结案二部,办结,172,13
13550,"2024-05-22","6001",客户回访一组,回访,244,22
13551,"2024-05-22","6002",客户回访二组,回访,100,20
13552,"2024-05-22","6003",客户回访三组,回访,99,11
13553,"2024-05-22","7001",档案管理部,归档,239,44
13554,"2024-05-22","8001",异常工单组,挂起,133,14
13555,"2024-05-23","1001",客服一部,话务员暂存,137,0
13556,"2024-05-23","1001",客服一部,话务员受理,154,24
13557,"2024-05-23","1002",客服二部,话务员受理,268,28
13558,"2024-05-23","2001",业务一科,话务员办理,190,6
13559,"2024-05-23","2002",业务二科,话务员办理,163,20
13560,"2024-05-23","3001",热线审核中心,热线审核,294,46
13561,"2024-05-23","3002",热线复核中心,热线复核,162,25
13562,"2024-05-23","4001",承办单位A,承办单位审核,286,3
13563,"2024-05-23","4001",承办单位A,承办单位处理,187,28
13564,"2024-05-23","4002",承办单位B,承办单位处理,207,9
13565,"2024-05-23","4003",承办复核部A,承办单位复核,137,18
13566,"2024-05-23","5001",结案一部,办结,99,0
13567,"2024-05-23","5002",结案二部,办结,72,1
13568,"2024-05-23","6001",客户回访一组,回访,52,2
13569,"2024-05-23","6002",客户回访二组,回访,125,18
13570,"2024-05-23","6003",客户回访三组,回访,58,9
13571,"2024-05-23","7001",档案管理部,归档,107,6
13572,"2024-05-23","8001",异常工单组,挂起,185,37
13573,"2024-05-24","1001",客服一部,话务员暂存,95,0
13574,"2024-05-24","1001",客服一部,话务员受理,122,22
13575,"2024-05-24","1002",客服二部,话务员受理,130,16
13576,"2024-05-24","2001",业务一科,话务员办理,239,46
13577,"2024-05-24","2002",业务二科,话务员办理,187,7
13578,"2024-05-24","3001",热线审核中心,热线审核,199,1
13579,"2024-05-24","3002",热线复核中心,热线复核,236,10
13580,"2024-05-24","4001",承办单位A,承办单位审核,284,11
13581,"2024-05-24","4001",承办单位A,承办单位处理,246,2
13582,"2024-05-24","4002",承办单位B,承办单位处理,80,9
13583,"2024-05-24","4003",承办复核部A,承办单位复核,165,9
13584,"2024-05-24","5001",结案一部,办结,171,11
13585,"2024-05-24","5002",结案二部,办结,170,9
13586,"2024-05-24","6001",客户回访一组,回访,117,11
13587,"2024-05-24","6002",客户回访二组,回访,300,31
13588,"2024-05-24","6003",客户回访三组,回访,125,14
13589,"2024-05-24","7001",档案管理部,归档,232,39
13590,"2024-05-24","8001",异常工单组,挂起,70,2
13591,"2024-05-25","1001",客服一部,话务员暂存,171,0
13592,"2024-05-25","1001",客服一部,话务员受理,245,13
13593,"2024-05-25","1002",客服二部,话务员受理,295,44
13594,"2024-05-25","2001",业务一科,话务员办理,272,44
13595,"2024-05-25","2002",业务二科,话务员办理,120,9
13596,"2024-05-25","3001",热线审核中心,热线审核,95,0
13597,"2024-05-25","3002",热线复核中心,热线复核,165,7
13598,"2024-05-25","4001",承办单位A,承办单位审核,143,1
13599,"2024-05-25","4001",承办单位A,承办单位处理,93,9
13600,"2024-05-25","4002",承办单位B,承办单位处理,177,19
13601,"2024-05-25","4003",承办复核部A,承办单位复核,203,14
13602,"2024-05-25","5001",结案一部,办结,87,11
13603,"2024-05-25","5002",结案二部,办结,282,50
13604,"2024-05-25","6001",客户回访一组,回访,183,18
13605,"2024-05-25","6002",客户回访二组,回访,231,35
13606,"2024-05-25","6003",客户回访三组,回访,125,8
13607,"2024-05-25","7001",档案管理部,归档,184,8
13608,"2024-05-25","8001",异常工单组,挂起,231,2
13609,"2024-05-26","1001",客服一部,话务员暂存,248,0
13610,"2024-05-26","1001",客服一部,话务员受理,98,17
13611,"2024-05-26","1002",客服二部,话务员受理,51,7
13612,"2024-05-26","2001",业务一科,话务员办理,194,12
13613,"2024-05-26","2002",业务二科,话务员办理,100,0
13614,"2024-05-26","3001",热线审核中心,热线审核,285,33
13615,"2024-05-26","3002",热线复核中心,热线复核,264,10
13616,"2024-05-26","4001",承办单位A,承办单位审核,277,36
13617,"2024-05-26","4001",承办单位A,承办单位处理,168,25
13618,"2024-05-26","4002",承办单位B,承办单位处理,240,32
13619,"2024-05-26","4003",承办复核部A,承办单位复核,200,25
13620,"2024-05-26","5001",结案一部,办结,100,17
13621,"2024-05-26","5002",结案二部,办结,79,9
13622,"2024-05-26","6001",客户回访一组,回访,85,5
13623,"2024-05-26","6002",客户回访二组,回访,111,4
13624,"2024-05-26","6003",客户回访三组,回访,82,6
13625,"2024-05-26","7001",档案管理部,归档,283,8
13626,"2024-05-26","8001",异常工单组,挂起,52,4
13627,"2024-05-27","1001",客服一部,话务员暂存,159,0
13628,"2024-05-27","1001",客服一部,话务员受理,84,10
13629,"2024-05-27","1002",客服二部,话务员受理,106,10
13630,"2024-05-27","2001",业务一科,话务员办理,114,11
13631,"2024-05-27","2002",业务二科,话务员办理,179,7
13632,"2024-05-27","3001",热线审核中心,热线审核,270,42
13633,"2024-05-27","3002",热线复核中心,热线复核,168,17
13634,"2024-05-27","4001",承办单位A,承办单位审核,68,7
13635,"2024-05-27","4001",承办单位A,承办单位处理,180,10
13636,"2024-05-27","4002",承办单位B,承办单位处理,112,3
13637,"2024-05-27","4003",承办复核部A,承办单位复核,275,4
13638,"2024-05-27","5001",结案一部,办结,51,0
13639,"2024-05-27","5002",结案二部,办结,150,25
13640,"2024-05-27","6001",客户回访一组,回访,209,20
13641,"2024-05-27","6002",客户回访二组,回访,77,2
13642,"2024-05-27","6003",客户回访三组,回访,122,22
13643,"2024-05-27","7001",档案管理部,归档,140,3
13644,"2024-05-27","8001",异常工单组,挂起,97,15
13645,"2024-05-28","1001",客服一部,话务员暂存,193,0
13646,"2024-05-28","1001",客服一部,话务员受理,247,31
13647,"2024-05-28","1002",客服二部,话务员受理,214,30
13648,"2024-05-28","2001",业务一科,话务员办理,125,9
13649,"2024-05-28","2002",业务二科,话务员办理,155,13
13650,"2024-05-28","3001",热线审核中心,热线审核,249,48
13651,"2024-05-28","3002",热线复核中心,热线复核,119,1
13652,"2024-05-28","4001",承办单位A,承办单位审核,216,5
13653,"2024-05-28","4001",承办单位A,承办单位处理,68,2
13654,"2024-05-28","4002",承办单位B,承办单位处理,297,14
13655,"2024-05-28","4003",承办复核部A,承办单位复核,186,21
13656,"2024-05-28","5001",结案一部,办结,299,17
13657,"2024-05-28","5002",结案二部,办结,137,0
13658,"2024-05-28","6001",客户回访一组,回访,57,10
13659,"2024-05-28","6002",客户回访二组,回访,180,8
13660,"2024-05-28","6003",客户回访三组,回访,74,2
13661,"2024-05-28","7001",档案管理部,归档,66,1
13662,"2024-05-28","8001",异常工单组,挂起,141,26
13663,"2024-05-29","1001",客服一部,话务员暂存,191,0
13664,"2024-05-29","1001",客服一部,话务员受理,116,9
13665,"2024-05-29","1002",客服二部,话务员受理,114,12
13666,"2024-05-29","2001",业务一科,话务员办理,153,26
13667,"2024-05-29","2002",业务二科,话务员办理,159,17
13668,"2024-05-29","3001",热线审核中心,热线审核,150,13
13669,"2024-05-29","3002",热线复核中心,热线复核,256,44
13670,"2024-05-29","4001",承办单位A,承办单位审核,109,12
13671,"2024-05-29","4001",承办单位A,承办单位处理,240,27
13672,"2024-05-29","4002",承办单位B,承办单位处理,107,3
13673,"2024-05-29","4003",承办复核部A,承办单位复核,203,33
13674,"2024-05-29","5001",结案一部,办结,294,51
13675,"2024-05-29","5002",结案二部,办结,253,39
13676,"2024-05-29","6001",客户回访一组,回访,164,2
13677,"2024-05-29","6002",客户回访二组,回访,284,28
13678,"2024-05-29","6003",客户回访三组,回访,214,33
13679,"2024-05-29","7001",档案管理部,归档,145,1
13680,"2024-05-29","8001",异常工单组,挂起,208,11
13681,"2024-05-30","1001",客服一部,话务员暂存,216,0
13682,"2024-05-30","1001",客服一部,话务员受理,70,1
13683,"2024-05-30","1002",客服二部,话务员受理,200,12
13684,"2024-05-30","2001",业务一科,话务员办理,218,5
13685,"2024-05-30","2002",业务二科,话务员办理,116,22
13686,"2024-05-30","3001",热线审核中心,热线审核,52,8
13687,"2024-05-30","3002",热线复核中心,热线复核,193,28
13688,"2024-05-30","4001",承办单位A,承办单位审核,96,7
13689,"2024-05-30","4001",承办单位A,承办单位处理,197,30
13690,"2024-05-30","4002",承办单位B,承办单位处理,93,9
13691,"2024-05-30","4003",承办复核部A,承办单位复核,195,15
13692,"2024-05-30","5001",结案一部,办结,94,11
13693,"2024-05-30","5002",结案二部,办结,186,13
13694,"2024-05-30","6001",客户回访一组,回访,53,8
13695,"2024-05-30","6002",客户回访二组,回访,173,18
13696,"2024-05-30","6003",客户回访三组,回访,80,13
13697,"2024-05-30","7001",档案管理部,归档,194,36
13698,"2024-05-30","8001",异常工单组,挂起,53,2
13699,"2024-05-31","1001",客服一部,话务员暂存,167,0
13700,"2024-05-31","1001",客服一部,话务员受理,106,0
13701,"2024-05-31","1002",客服二部,话务员受理,244,24
13702,"2024-05-31","2001",业务一科,话务员办理,87,11
13703,"2024-05-31","2002",业务二科,话务员办理,148,6
13704,"2024-05-31","3001",热线审核中心,热线审核,287,40
13705,"2024-05-31","3002",热线复核中心,热线复核,91,13
13706,"2024-05-31","4001",承办单位A,承办单位审核,71,4
13707,"2024-05-31","4001",承办单位A,承办单位处理,150,22
13708,"2024-05-31","4002",承办单位B,承办单位处理,84,12
13709,"2024-05-31","4003",承办复核部A,承办单位复核,88,17
13710,"2024-05-31","5001",结案一部,办结,159,29
13711,"2024-05-31","5002",结案二部,办结,205,2
13712,"2024-05-31","6001",客户回访一组,回访,203,21
13713,"2024-05-31","6002",客户回访二组,回访,287,27
13714,"2024-05-31","6003",客户回访三组,回访,130,17
13715,"2024-05-31","7001",档案管理部,归档,59,5
13716,"2024-05-31","8001",异常工单组,挂起,143,20
13717,"2024-06-01","1001",客服一部,话务员暂存,141,0
13718,"2024-06-01","1001",客服一部,话务员受理,160,30
13719,"2024-06-01","1002",客服二部,话务员受理,228,11
13720,"2024-06-01","2001",业务一科,话务员办理,300,25
13721,"2024-06-01","2002",业务二科,话务员办理,188,31
13722,"2024-06-01","3001",热线审核中心,热线审核,280,35
13723,"2024-06-01","3002",热线复核中心,热线复核,143,1
13724,"2024-06-01","4001",承办单位A,承办单位审核,295,8
13725,"2024-06-01","4001",承办单位A,承办单位处理,98,12
13726,"2024-06-01","4002",承办单位B,承办单位处理,86,12
13727,"2024-06-01","4003",承办复核部A,承办单位复核,172,7
13728,"2024-06-01","5001",结案一部,办结,273,47
13729,"2024-06-01","5002",结案二部,办结,267,5
13730,"2024-06-01","6001",客户回访一组,回访,109,14
13731,"2024-06-01","6002",客户回访二组,回访,189,13
13732,"2024-06-01","6003",客户回访三组,回访,105,7
13733,"2024-06-01","7001",档案管理部,归档,140,28
13734,"2024-06-01","8001",异常工单组,挂起,181,1
13735,"2024-06-02","1001",客服一部,话务员暂存,283,0
13736,"2024-06-02","1001",客服一部,话务员受理,92,11
13737,"2024-06-02","1002",客服二部,话务员受理,81,10
13738,"2024-06-02","2001",业务一科,话务员办理,197,16
13739,"2024-06-02","2002",业务二科,话务员办理,114,0
13740,"2024-06-02","3001",热线审核中心,热线审核,245,24
13741,"2024-06-02","3002",热线复核中心,热线复核,52,10
13742,"2024-06-02","4001",承办单位A,承办单位审核,133,1
13743,"2024-06-02","4001",承办单位A,承办单位处理,66,12
13744,"2024-06-02","4002",承办单位B,承办单位处理,229,20
13745,"2024-06-02","4003",承办复核部A,承办单位复核,61,1
13746,"2024-06-02","5001",结案一部,办结,139,3
13747,"2024-06-02","5002",结案二部,办结,153,15
13748,"2024-06-02","6001",客户回访一组,回访,197,8
13749,"2024-06-02","6002",客户回访二组,回访,67,0
13750,"2024-06-02","6003",客户回访三组,回访,104,20
13751,"2024-06-02","7001",档案管理部,归档,265,5
13752,"2024-06-02","8001",异常工单组,挂起,129,25
13753,"2024-06-03","1001",客服一部,话务员暂存,236,0
13754,"2024-06-03","1001",客服一部,话务员受理,269,33
13755,"2024-06-03","1002",客服二部,话务员受理,212,33
13756,"2024-06-03","2001",业务一科,话务员办理,96,1
13757,"2024-06-03","2002",业务二科,话务员办理,178,27
13758,"2024-06-03","3001",热线审核中心,热线审核,86,13
13759,"2024-06-03","3002",热线复核中心,热线复核,226,42
13760,"2024-06-03","4001",承办单位A,承办单位审核,177,24
13761,"2024-06-03","4001",承办单位A,承办单位处理,165,9
13762,"2024-06-03","4002",承办单位B,承办单位处理,277,35
13763,"2024-06-03","4003",承办复核部A,承办单位复核,106,16
13764,"2024-06-03","5001",结案一部,办结,261,22
13765,"2024-06-03","5002",结案二部,办结,83,1
13766,"2024-06-03","6001",客户回访一组,回访,206,24
13767,"2024-06-03","6002",客户回访二组,回访,253,36
13768,"2024-06-03","6003",客户回访三组,回访,127,5
13769,"2024-06-03","7001",档案管理部,归档,210,26
13770,"2024-06-03","8001",异常工单组,挂起,194,18
13771,"2024-06-04","1001",客服一部,话务员暂存,85,0
13772,"2024-06-04","1001",客服一部,话务员受理,167,16
13773,"2024-06-04","1002",客服二部,话务员受理,100,19
13774,"2024-06-04","2001",业务一科,话务员办理,201,9
13775,"2024-06-04","2002",业务二科,话务员办理,229,17
13776,"2024-06-04","3001",热线审核中心,热线审核,176,19
13777,"2024-06-04","3002",热线复核中心,热线复核,252,19
13778,"2024-06-04","4001",承办单位A,承办单位审核,139,1
13779,"2024-06-04","4001",承办单位A,承办单位处理,265,50
13780,"2024-06-04","4002",承办单位B,承办单位处理,192,6
13781,"2024-06-04","4003",承办复核部A,承办单位复核,284,37
13782,"2024-06-04","5001",结案一部,办结,85,17
13783,"2024-06-04","5002",结案二部,办结,116,4
13784,"2024-06-04","6001",客户回访一组,回访,141,21
13785,"2024-06-04","6002",客户回访二组,回访,209,14
13786,"2024-06-04","6003",客户回访三组,回访,130,2
13787,"2024-06-04","7001",档案管理部,归档,70,12
13788,"2024-06-04","8001",异常工单组,挂起,299,1
13789,"2024-06-05","1001",客服一部,话务员暂存,156,0
13790,"2024-06-05","1001",客服一部,话务员受理,192,23
13791,"2024-06-05","1002",客服二部,话务员受理,278,13
13792,"2024-06-05","2001",业务一科,话务员办理,256,7
13793,"2024-06-05","2002",业务二科,话务员办理,208,30
13794,"2024-06-05","3001",热线审核中心,热线审核,127,7
13795,"2024-06-05","3002",热线复核中心,热线复核,236,41
13796,"2024-06-05","4001",承办单位A,承办单位审核,196,37
13797,"2024-06-05","4001",承办单位A,承办单位处理,111,15
13798,"2024-06-05","4002",承办单位B,承办单位处理,144,8
13799,"2024-06-05","4003",承办复核部A,承办单位复核,182,1
13800,"2024-06-05","5001",结案一部,办结,236,29
13801,"2024-06-05","5002",结案二部,办结,213,18
13802,"2024-06-05","6001",客户回访一组,回访,125,23
13803,"2024-06-05","6002",客户回访二组,回访,270,41
13804,"2024-06-05","6003",客户回访三组,回访,210,27
13805,"2024-06-05","7001",档案管理部,归档,84,12
13806,"2024-06-05","8001",异常工单组,挂起,69,3
13807,"2024-06-06","1001",客服一部,话务员暂存,136,0
13808,"2024-06-06","1001",客服一部,话务员受理,277,41
13809,"2024-06-06","1002",客服二部,话务员受理,268,30
13810,"2024-06-06","2001",业务一科,话务员办理,181,7
13811,"2024-06-06","2002",业务二科,话务员办理,247,31
13812,"2024-06-06","3001",热线审核中心,热线审核,233,21
13813,"2024-06-06","3002",热线复核中心,热线复核,135,15
13814,"2024-06-06","4001",承办单位A,承办单位审核,194,28
13815,"2024-06-06","4001",承办单位A,承办单位处理,89,10
13816,"2024-06-06","4002",承办单位B,承办单位处理,98,1
13817,"2024-06-06","4003",承办复核部A,承办单位复核,190,18
13818,"2024-06-06","5001",结案一部,办结,253,29
13819,"2024-06-06","5002",结案二部,办结,201,40
13820,"2024-06-06","6001",客户回访一组,回访,249,7
13821,"2024-06-06","6002",客户回访二组,回访,119,6
13822,"2024-06-06","6003",客户回访三组,回访,86,9
13823,"2024-06-06","7001",档案管理部,归档,191,9
13824,"2024-06-06","8001",异常工单组,挂起,230,6
13825,"2024-06-07","1001",客服一部,话务员暂存,163,0
13826,"2024-06-07","1001",客服一部,话务员受理,91,4
13827,"2024-06-07","1002",客服二部,话务员受理,238,18
13828,"2024-06-07","2001",业务一科,话务员办理,252,31
13829,"2024-06-07","2002",业务二科,话务员办理,99,13
13830,"2024-06-07","3001",热线审核中心,热线审核,286,10
13831,"2024-06-07","3002",热线复核中心,热线复核,189,36
13832,"2024-06-07","4001",承办单位A,承办单位审核,252,46
13833,"2024-06-07","4001",承办单位A,承办单位处理,193,7
13834,"2024-06-07","4002",承办单位B,承办单位处理,299,18
13835,"2024-06-07","4003",承办复核部A,承办单位复核,98,5
13836,"2024-06-07","5001",结案一部,办结,74,7
13837,"2024-06-07","5002",结案二部,办结,138,25
13838,"2024-06-07","6001",客户回访一组,回访,240,29
13839,"2024-06-07","6002",客户回访二组,回访,192,5
13840,"2024-06-07","6003",客户回访三组,回访,196,21
13841,"2024-06-07","7001",档案管理部,归档,286,24
13842,"2024-06-07","8001",异常工单组,挂起,138,6
13843,"2024-06-08","1001",客服一部,话务员暂存,244,0
13844,"2024-06-08","1001",客服一部,话务员受理,176,33
13845,"2024-06-08","1002",客服二部,话务员受理,63,4
13846,"2024-06-08","2001",业务一科,话务员办理,212,36
13847,"2024-06-08","2002",业务二科,话务员办理,82,10
13848,"2024-06-08","3001",热线审核中心,热线审核,63,10
13849,"2024-06-08","3002",热线复核中心,热线复核,247,49
13850,"2024-06-08","4001",承办单位A,承办单位审核,217,9
13851,"2024-06-08","4001",承办单位A,承办单位处理,289,51
13852,"2024-06-08","4002",承办单位B,承办单位处理,92,2
13853,"2024-06-08","4003",承办复核部A,承办单位复核,275,49
13854,"2024-06-08","5001",结案一部,办结,89,0
13855,"2024-06-08","5002",结案二部,办结,163,11
13856,"2024-06-08","6001",客户回访一组,回访,52,3
13857,"2024-06-08","6002",客户回访二组,回访,295,10
13858,"2024-06-08","6003",客户回访三组,回访,225,14
13859,"2024-06-08","7001",档案管理部,归档,188,0
13860,"2024-06-08","8001",异常工单组,挂起,183,21
13861,"2024-06-09","1001",客服一部,话务员暂存,283,0
13862,"2024-06-09","1001",客服一部,话务员受理,190,6
13863,"2024-06-09","1002",客服二部,话务员受理,109,19
13864,"2024-06-09","2001",业务一科,话务员办理,112,18
13865,"2024-06-09","2002",业务二科,话务员办理,232,20
13866,"2024-06-09","3001",热线审核中心,热线审核,293,38
13867,"2024-06-09","3002",热线复核中心,热线复核,155,15
13868,"2024-06-09","4001",承办单位A,承办单位审核,149,18
13869,"2024-06-09","4001",承办单位A,承办单位处理,211,4
13870,"2024-06-09","4002",承办单位B,承办单位处理,271,53
13871,"2024-06-09","4003",承办复核部A,承办单位复核,194,16
13872,"2024-06-09","5001",结案一部,办结,133,5
13873,"2024-06-09","5002",结案二部,办结,161,11
13874,"2024-06-09","6001",客户回访一组,回访,123,2
13875,"2024-06-09","6002",客户回访二组,回访,139,2
13876,"2024-06-09","6003",客户回访三组,回访,263,18
13877,"2024-06-09","7001",档案管理部,归档,203,22
13878,"2024-06-09","8001",异常工单组,挂起,113,1
13879,"2024-06-10","1001",客服一部,话务员暂存,148,0
13880,"2024-06-10","1001",客服一部,话务员受理,137,18
13881,"2024-06-10","1002",客服二部,话务员受理,76,1
13882,"2024-06-10","2001",业务一科,话务员办理,242,15
13883,"2024-06-10","2002",业务二科,话务员办理,144,26
13884,"2024-06-10","3001",热线审核中心,热线审核,65,9
13885,"2024-06-10","3002",热线复核中心,热线复核,281,20
13886,"2024-06-10","4001",承办单位A,承办单位审核,271,22
13887,"2024-06-10","4001",承办单位A,承办单位处理,254,18
13888,"2024-06-10","4002",承办单位B,承办单位处理,222,10
13889,"2024-06-10","4003",承办复核部A,承办单位复核,160,19
13890,"2024-06-10","5001",结案一部,办结,76,2
13891,"2024-06-10","5002",结案二部,办结,190,14
13892,"2024-06-10","6001",客户回访一组,回访,67,13
13893,"2024-06-10","6002",客户回访二组,回访,269,25
13894,"2024-06-10","6003",客户回访三组,回访,147,17
13895,"2024-06-10","7001",档案管理部,归档,276,51
13896,"2024-06-10","8001",异常工单组,挂起,289,24
13897,"2024-06-11","1001",客服一部,话务员暂存,77,0
13898,"2024-06-11","1001",客服一部,话务员受理,221,44
13899,"2024-06-11","1002",客服二部,话务员受理,218,4
13900,"2024-06-11","2001",业务一科,话务员办理,262,22
13901,"2024-06-11","2002",业务二科,话务员办理,250,13
13902,"2024-06-11","3001",热线审核中心,热线审核,260,25
13903,"2024-06-11","3002",热线复核中心,热线复核,188,33
13904,"2024-06-11","4001",承办单位A,承办单位审核,157,24
13905,"2024-06-11","4001",承办单位A,承办单位处理,155,5
13906,"2024-06-11","4002",承办单位B,承办单位处理,139,19
13907,"2024-06-11","4003",承办复核部A,承办单位复核,239,17
13908,"2024-06-11","5001",结案一部,办结,121,0
13909,"2024-06-11","5002",结案二部,办结,272,45
13910,"2024-06-11","6001",客户回访一组,回访,89,8
13911,"2024-06-11","6002",客户回访二组,回访,274,19
13912,"2024-06-11","6003",客户回访三组,回访,210,4
13913,"2024-06-11","7001",档案管理部,归档,258,3
13914,"2024-06-11","8001",异常工单组,挂起,165,10
13915,"2024-06-12","1001",客服一部,话务员暂存,157,0
13916,"2024-06-12","1001",客服一部,话务员受理,167,27
13917,"2024-06-12","1002",客服二部,话务员受理,83,7
13918,"2024-06-12","2001",业务一科,话务员办理,293,19
13919,"2024-06-12","2002",业务二科,话务员办理,100,7
13920,"2024-06-12","3001",热线审核中心,热线审核,134,23
13921,"2024-06-12","3002",热线复核中心,热线复核,295,53
13922,"2024-06-12","4001",承办单位A,承办单位审核,139,20
13923,"2024-06-12","4001",承办单位A,承办单位处理,263,45
13924,"2024-06-12","4002",承办单位B,承办单位处理,164,0
13925,"2024-06-12","4003",承办复核部A,承办单位复核,50,9
13926,"2024-06-12","5001",结案一部,办结,66,11
13927,"2024-06-12","5002",结案二部,办结,115,4
13928,"2024-06-12","6001",客户回访一组,回访,255,3
13929,"2024-06-12","6002",客户回访二组,回访,122,12
13930,"2024-06-12","6003",客户回访三组,回访,182,24
13931,"2024-06-12","7001",档案管理部,归档,141,7
13932,"2024-06-12","8001",异常工单组,挂起,111,1
13933,"2024-06-13","1001",客服一部,话务员暂存,274,0
13934,"2024-06-13","1001",客服一部,话务员受理,121,0
13935,"2024-06-13","1002",客服二部,话务员受理,200,3
13936,"2024-06-13","2001",业务一科,话务员办理,88,17
13937,"2024-06-13","2002",业务二科,话务员办理,85,9
13938,"2024-06-13","3001",热线审核中心,热线审核,156,2
13939,"2024-06-13","3002",热线复核中心,热线复核,174,28
13940,"2024-06-13","4001",承办单位A,承办单位审核,148,14
13941,"2024-06-13","4001",承办单位A,承办单位处理,50,2
13942,"2024-06-13","4002",承办单位B,承办单位处理,275,12
13943,"2024-06-13","4003",承办复核部A,承办单位复核,50,1
13944,"2024-06-13","5001",结案一部,办结,215,16
13945,"2024-06-13","5002",结案二部,办结,290,55
13946,"2024-06-13","6001",客户回访一组,回访,152,11
13947,"2024-06-13","6002",客户回访二组,回访,283,51
13948,"2024-06-13","6003",客户回访三组,回访,52,3
13949,"2024-06-13","7001",档案管理部,归档,73,10
13950,"2024-06-13","8001",异常工单组,挂起,156,5
13951,"2024-06-14","1001",客服一部,话务员暂存,186,0
13952,"2024-06-14","1001",客服一部,话务员受理,152,30
13953,"2024-06-14","1002",客服二部,话务员受理,267,2
13954,"2024-06-14","2001",业务一科,话务员办理,184,8
13955,"2024-06-14","2002",业务二科,话务员办理,180,0
13956,"2024-06-14","3001",热线审核中心,热线审核,288,47
13957,"2024-06-14","3002",热线复核中心,热线复核,200,11
13958,"2024-06-14","4001",承办单位A,承办单位审核,282,47
13959,"2024-06-14","4001",承办单位A,承办单位处理,137,5
13960,"2024-06-14","4002",承办单位B,承办单位处理,216,5
13961,"2024-06-14","4003",承办复核部A,承办单位复核,134,18
13962,"2024-06-14","5001",结案一部,办结,89,4
13963,"2024-06-14","5002",结案二部,办结,90,9
13964,"2024-06-14","6001",客户回访一组,回访,87,0
13965,"2024-06-14","6002",客户回访二组,回访,282,15
13966,"2024-06-14","6003",客户回访三组,回访,271,17
13967,"2024-06-14","7001",档案管理部,归档,87,7
13968,"2024-06-14","8001",异常工单组,挂起,151,4
13969,"2024-06-15","1001",客服一部,话务员暂存,59,0
13970,"2024-06-15","1001",客服一部,话务员受理,213,19
13971,"2024-06-15","1002",客服二部,话务员受理,58,1
13972,"2024-06-15","2001",业务一科,话务员办理,214,17
13973,"2024-06-15","2002",业务二科,话务员办理,205,22
13974,"2024-06-15","3001",热线审核中心,热线审核,193,21
13975,"2024-06-15","3002",热线复核中心,热线复核,272,18
13976,"2024-06-15","4001",承办单位A,承办单位审核,157,27
13977,"2024-06-15","4001",承办单位A,承办单位处理,182,31
13978,"2024-06-15","4002",承办单位B,承办单位处理,253,27
13979,"2024-06-15","4003",承办复核部A,承办单位复核,286,11
13980,"2024-06-15","5001",结案一部,办结,225,13
13981,"2024-06-15","5002",结案二部,办结,136,11
13982,"2024-06-15","6001",客户回访一组,回访,169,15
13983,"2024-06-15","6002",客户回访二组,回访,226,15
13984,"2024-06-15","6003",客户回访三组,回访,183,19
13985,"2024-06-15","7001",档案管理部,归档,87,8
13986,"2024-06-15","8001",异常工单组,挂起,295,6
13987,"2024-06-16","1001",客服一部,话务员暂存,182,0
13988,"2024-06-16","1001",客服一部,话务员受理,246,19
13989,"2024-06-16","1002",客服二部,话务员受理,125,2
13990,"2024-06-16","2001",业务一科,话务员办理,231,7
13991,"2024-06-16","2002",业务二科,话务员办理,149,24
13992,"2024-06-16","3001",热线审核中心,热线审核,113,1
13993,"2024-06-16","3002",热线复核中心,热线复核,296,52
13994,"2024-06-16","4001",承办单位A,承办单位审核,261,26
13995,"2024-06-16","4001",承办单位A,承办单位处理,256,46
13996,"2024-06-16","4002",承办单位B,承办单位处理,72,7
13997,"2024-06-16","4003",承办复核部A,承办单位复核,219,20
13998,"2024-06-16","5001",结案一部,办结,66,4
13999,"2024-06-16","5002",结案二部,办结,252,26
14000,"2024-06-16","6001",客户回访一组,回访,291,27
14001,"2024-06-16","6002",客户回访二组,回访,228,32
14002,"2024-06-16","6003",客户回访三组,回访,174,31
14003,"2024-06-16","7001",档案管理部,归档,242,18
14004,"2024-06-16","8001",异常工单组,挂起,222,15
14005,"2024-06-17","1001",客服一部,话务员暂存,295,0
14006,"2024-06-17","1001",客服一部,话务员受理,150,8
14007,"2024-06-17","1002",客服二部,话务员受理,239,17
14008,"2024-06-17","2001",业务一科,话务员办理,170,24
14009,"2024-06-17","2002",业务二科,话务员办理,87,4
14010,"2024-06-17","3001",热线审核中心,热线审核,76,11
14011,"2024-06-17","3002",热线复核中心,热线复核,279,15
14012,"2024-06-17","4001",承办单位A,承办单位审核,197,28
14013,"2024-06-17","4001",承办单位A,承办单位处理,127,14
14014,"2024-06-17","4002",承办单位B,承办单位处理,94,2
14015,"2024-06-17","4003",承办复核部A,承办单位复核,152,28
14016,"2024-06-17","5001",结案一部,办结,213,10
14017,"2024-06-17","5002",结案二部,办结,176,15
14018,"2024-06-17","6001",客户回访一组,回访,282,43
14019,"2024-06-17","6002",客户回访二组,回访,253,1
14020,"2024-06-17","6003",客户回访三组,回访,246,32
14021,"2024-06-17","7001",档案管理部,归档,229,16
14022,"2024-06-17","8001",异常工单组,挂起,216,18
14023,"2024-06-18","1001",客服一部,话务员暂存,90,0
14024,"2024-06-18","1001",客服一部,话务员受理,155,0
14025,"2024-06-18","1002",客服二部,话务员受理,297,5
14026,"2024-06-18","2001",业务一科,话务员办理,243,39
14027,"2024-06-18","2002",业务二科,话务员办理,279,4
14028,"2024-06-18","3001",热线审核中心,热线审核,278,35
14029,"2024-06-18","3002",热线复核中心,热线复核,61,7
14030,"2024-06-18","4001",承办单位A,承办单位审核,164,18
14031,"2024-06-18","4001",承办单位A,承办单位处理,197,7
14032,"2024-06-18","4002",承办单位B,承办单位处理,92,18
14033,"2024-06-18","4003",承办复核部A,承办单位复核,201,1
14034,"2024-06-18","5001",结案一部,办结,250,46
14035,"2024-06-18","5002",结案二部,办结,179,16
14036,"2024-06-18","6001",客户回访一组,回访,249,15
14037,"2024-06-18","6002",客户回访二组,回访,173,19
14038,"2024-06-18","6003",客户回访三组,回访,154,23
14039,"2024-06-18","7001",档案管理部,归档,114,2
14040,"2024-06-18","8001",异常工单组,挂起,174,19
14041,"2024-06-19","1001",客服一部,话务员暂存,260,0
14042,"2024-06-19","1001",客服一部,话务员受理,149,22
14043,"2024-06-19","1002",客服二部,话务员受理,227,25
14044,"2024-06-19","2001",业务一科,话务员办理,78,14
14045,"2024-06-19","2002",业务二科,话务员办理,95,12
14046,"2024-06-19","3001",热线审核中心,热线审核,90,17
14047,"2024-06-19","3002",热线复核中心,热线复核,123,7
14048,"2024-06-19","4001",承办单位A,承办单位审核,257,24
14049,"2024-06-19","4001",承办单位A,承办单位处理,99,10
14050,"2024-06-19","4002",承办单位B,承办单位处理,243,41
14051,"2024-06-19","4003",承办复核部A,承办单位复核,268,27
14052,"2024-06-19","5001",结案一部,办结,103,20
14053,"2024-06-19","5002",结案二部,办结,205,1
14054,"2024-06-19","6001",客户回访一组,回访,75,4
14055,"2024-06-19","6002",客户回访二组,回访,101,1
14056,"2024-06-19","6003",客户回访三组,回访,294,19
14057,"2024-06-19","7001",档案管理部,归档,298,24
14058,"2024-06-19","8001",异常工单组,挂起,94,4
14059,"2024-06-20","1001",客服一部,话务员暂存,294,0
14060,"2024-06-20","1001",客服一部,话务员受理,145,1
14061,"2024-06-20","1002",客服二部,话务员受理,282,11
14062,"2024-06-20","2001",业务一科,话务员办理,58,7
14063,"2024-06-20","2002",业务二科,话务员办理,169,15
14064,"2024-06-20","3001",热线审核中心,热线审核,260,20
14065,"2024-06-20","3002",热线复核中心,热线复核,115,21
14066,"2024-06-20","4001",承办单位A,承办单位审核,283,9
14067,"2024-06-20","4001",承办单位A,承办单位处理,156,8
14068,"2024-06-20","4002",承办单位B,承办单位处理,211,27
14069,"2024-06-20","4003",承办复核部A,承办单位复核,241,20
14070,"2024-06-20","5001",结案一部,办结,142,5
14071,"2024-06-20","5002",结案二部,办结,173,3
14072,"2024-06-20","6001",客户回访一组,回访,127,6
14073,"2024-06-20","6002",客户回访二组,回访,221,38
14074,"2024-06-20","6003",客户回访三组,回访,215,43
14075,"2024-06-20","7001",档案管理部,归档,100,17
14076,"2024-06-20","8001",异常工单组,挂起,266,21
14077,"2024-06-21","1001",客服一部,话务员暂存,256,0
14078,"2024-06-21","1001",客服一部,话务员受理,158,4
14079,"2024-06-21","1002",客服二部,话务员受理,154,22
14080,"2024-06-21","2001",业务一科,话务员办理,135,19
14081,"2024-06-21","2002",业务二科,话务员办理,102,0
14082,"2024-06-21","3001",热线审核中心,热线审核,167,12
14083,"2024-06-21","3002",热线复核中心,热线复核,200,20
14084,"2024-06-21","4001",承办单位A,承办单位审核,227,3
14085,"2024-06-21","4001",承办单位A,承办单位处理,194,6
14086,"2024-06-21","4002",承办单位B,承办单位处理,104,6
14087,"2024-06-21","4003",承办复核部A,承办单位复核,263,4
14088,"2024-06-21","5001",结案一部,办结,88,12
14089,"2024-06-21","5002",结案二部,办结,218,0
14090,"2024-06-21","6001",客户回访一组,回访,211,0
14091,"2024-06-21","6002",客户回访二组,回访,136,6
14092,"2024-06-21","6003",客户回访三组,回访,230,18
14093,"2024-06-21","7001",档案管理部,归档,220,2
14094,"2024-06-21","8001",异常工单组,挂起,73,4
14095,"2024-06-22","1001",客服一部,话务员暂存,289,0
14096,"2024-06-22","1001",客服一部,话务员受理,203,1
14097,"2024-06-22","1002",客服二部,话务员受理,289,45
14098,"2024-06-22","2001",业务一科,话务员办理,167,1
14099,"2024-06-22","2002",业务二科,话务员办理,251,33
14100,"2024-06-22","3001",热线审核中心,热线审核,72,5
14101,"2024-06-22","3002",热线复核中心,热线复核,224,31
14102,"2024-06-22","4001",承办单位A,承办单位审核,111,7
14103,"2024-06-22","4001",承办单位A,承办单位处理,289,27
14104,"2024-06-22","4002",承办单位B,承办单位处理,159,15
14105,"2024-06-22","4003",承办复核部A,承办单位复核,219,7
14106,"2024-06-22","5001",结案一部,办结,285,45
14107,"2024-06-22","5002",结案二部,办结,68,4
14108,"2024-06-22","6001",客户回访一组,回访,99,16
14109,"2024-06-22","6002",客户回访二组,回访,257,9
14110,"2024-06-22","6003",客户回访三组,回访,203,0
14111,"2024-06-22","7001",档案管理部,归档,138,25
14112,"2024-06-22","8001",异常工单组,挂起,245,28
14113,"2024-06-23","1001",客服一部,话务员暂存,201,0
14114,"2024-06-23","1001",客服一部,话务员受理,194,9
14115,"2024-06-23","1002",客服二部,话务员受理,162,11
14116,"2024-06-23","2001",业务一科,话务员办理,81,2
14117,"2024-06-23","2002",业务二科,话务员办理,207,22
14118,"2024-06-23","3001",热线审核中心,热线审核,194,18
14119,"2024-06-23","3002",热线复核中心,热线复核,142,9
14120,"2024-06-23","4001",承办单位A,承办单位审核,75,7
14121,"2024-06-23","4001",承办单位A,承办单位处理,247,9
14122,"2024-06-23","4002",承办单位B,承办单位处理,274,44
14123,"2024-06-23","4003",承办复核部A,承办单位复核,100,16
14124,"2024-06-23","5001",结案一部,办结,118,5
14125,"2024-06-23","5002",结案二部,办结,173,0
14126,"2024-06-23","6001",客户回访一组,回访,156,11
14127,"2024-06-23","6002",客户回访二组,回访,169,29
14128,"2024-06-23","6003",客户回访三组,回访,169,4
14129,"2024-06-23","7001",档案管理部,归档,107,20
14130,"2024-06-23","8001",异常工单组,挂起,295,27
14131,"2024-06-24","1001",客服一部,话务员暂存,194,0
14132,"2024-06-24","1001",客服一部,话务员受理,131,25
14133,"2024-06-24","1002",客服二部,话务员受理,298,17
14134,"2024-06-24","2001",业务一科,话务员办理,104,3
14135,"2024-06-24","2002",业务二科,话务员办理,226,10
14136,"2024-06-24","3001",热线审核中心,热线审核,198,38
14137,"2024-06-24","3002",热线复核中心,热线复核,76,12
14138,"2024-06-24","4001",承办单位A,承办单位审核,164,20
14139,"2024-06-24","4001",承办单位A,承办单位处理,271,31
14140,"2024-06-24","4002",承办单位B,承办单位处理,176,19
14141,"2024-06-24","4003",承办复核部A,承办单位复核,151,21
14142,"2024-06-24","5001",结案一部,办结,128,14
14143,"2024-06-24","5002",结案二部,办结,260,42
14144,"2024-06-24","6001",客户回访一组,回访,146,4
14145,"2024-06-24","6002",客户回访二组,回访,273,49
14146,"2024-06-24","6003",客户回访三组,回访,217,14
14147,"2024-06-24","7001",档案管理部,归档,229,24
14148,"2024-06-24","8001",异常工单组,挂起,230,17
14149,"2024-06-25","1001",客服一部,话务员暂存,166,0
14150,"2024-06-25","1001",客服一部,话务员受理,116,22
14151,"2024-06-25","1002",客服二部,话务员受理,207,2
14152,"2024-06-25","2001",业务一科,话务员办理,285,12
14153,"2024-06-25","2002",业务二科,话务员办理,154,27
14154,"2024-06-25","3001",热线审核中心,热线审核,72,4
14155,"2024-06-25","3002",热线复核中心,热线复核,277,10
14156,"2024-06-25","4001",承办单位A,承办单位审核,239,16
14157,"2024-06-25","4001",承办单位A,承办单位处理,167,3
14158,"2024-06-25","4002",承办单位B,承办单位处理,126,13
14159,"2024-06-25","4003",承办复核部A,承办单位复核,168,29
14160,"2024-06-25","5001",结案一部,办结,237,3
14161,"2024-06-25","5002",结案二部,办结,284,13
14162,"2024-06-25","6001",客户回访一组,回访,99,6
14163,"2024-06-25","6002",客户回访二组,回访,244,31
14164,"2024-06-25","6003",客户回访三组,回访,142,24
14165,"2024-06-25","7001",档案管理部,归档,82,5
14166,"2024-06-25","8001",异常工单组,挂起,69,6
14167,"2024-06-26","1001",客服一部,话务员暂存,114,0
14168,"2024-06-26","1001",客服一部,话务员受理,291,48
14169,"2024-06-26","1002",客服二部,话务员受理,289,13
14170,"2024-06-26","2001",业务一科,话务员办理,95,6
14171,"2024-06-26","2002",业务二科,话务员办理,300,47
14172,"2024-06-26","3001",热线审核中心,热线审核,155,3
14173,"2024-06-26","3002",热线复核中心,热线复核,126,2
14174,"2024-06-26","4001",承办单位A,承办单位审核,159,8
14175,"2024-06-26","4001",承办单位A,承办单位处理,111,1
14176,"2024-06-26","4002",承办单位B,承办单位处理,128,23
14177,"2024-06-26","4003",承办复核部A,承办单位复核,138,2
14178,"2024-06-26","5001",结案一部,办结,92,3
14179,"2024-06-26","5002",结案二部,办结,86,5
14180,"2024-06-26","6001",客户回访一组,回访,205,33
14181,"2024-06-26","6002",客户回访二组,回访,157,5
14182,"2024-06-26","6003",客户回访三组,回访,95,10
14183,"2024-06-26","7001",档案管理部,归档,279,26
14184,"2024-06-26","8001",异常工单组,挂起,168,23
14185,"2024-06-27","1001",客服一部,话务员暂存,262,0
14186,"2024-06-27","1001",客服一部,话务员受理,291,33
14187,"2024-06-27","1002",客服二部,话务员受理,248,48
14188,"2024-06-27","2001",业务一科,话务员办理,145,0
14189,"2024-06-27","2002",业务二科,话务员办理,266,13
14190,"2024-06-27","3001",热线审核中心,热线审核,128,0
14191,"2024-06-27","3002",热线复核中心,热线复核,254,5
14192,"2024-06-27","4001",承办单位A,承办单位审核,249,6
14193,"2024-06-27","4001",承办单位A,承办单位处理,235,24
14194,"2024-06-27","4002",承办单位B,承办单位处理,207,12
14195,"2024-06-27","4003",承办复核部A,承办单位复核,110,6
14196,"2024-06-27","5001",结案一部,办结,182,15
14197,"2024-06-27","5002",结案二部,办结,148,8
14198,"2024-06-27","6001",客户回访一组,回访,85,7
14199,"2024-06-27","6002",客户回访二组,回访,194,34
14200,"2024-06-27","6003",客户回访三组,回访,58,0
14201,"2024-06-27","7001",档案管理部,归档,270,5
14202,"2024-06-27","8001",异常工单组,挂起,293,15
14203,"2024-06-28","1001",客服一部,话务员暂存,290,0
14204,"2024-06-28","1001",客服一部,话务员受理,60,4
14205,"2024-06-28","1002",客服二部,话务员受理,283,9
14206,"2024-06-28","2001",业务一科,话务员办理,125,15
14207,"2024-06-28","2002",业务二科,话务员办理,103,6
14208,"2024-06-28","3001",热线审核中心,热线审核,293,33
14209,"2024-06-28","3002",热线复核中心,热线复核,121,22
14210,"2024-06-28","4001",承办单位A,承办单位审核,230,41
14211,"2024-06-28","4001",承办单位A,承办单位处理,288,5
14212,"2024-06-28","4002",承办单位B,承办单位处理,173,8
14213,"2024-06-28","4003",承办复核部A,承办单位复核,59,1
14214,"2024-06-28","5001",结案一部,办结,203,6
14215,"2024-06-28","5002",结案二部,办结,60,4
14216,"2024-06-28","6001",客户回访一组,回访,244,42
14217,"2024-06-28","6002",客户回访二组,回访,117,7
14218,"2024-06-28","6003",客户回访三组,回访,137,22
14219,"2024-06-28","7001",档案管理部,归档,229,27
14220,"2024-06-28","8001",异常工单组,挂起,190,6
14221,"2024-06-29","1001",客服一部,话务员暂存,190,0
14222,"2024-06-29","1001",客服一部,话务员受理,140,2
14223,"2024-06-29","1002",客服二部,话务员受理,292,39
14224,"2024-06-29","2001",业务一科,话务员办理,231,30
14225,"2024-06-29","2002",业务二科,话务员办理,169,32
14226,"2024-06-29","3001",热线审核中心,热线审核,228,40
14227,"2024-06-29","3002",热线复核中心,热线复核,209,20
14228,"2024-06-29","4001",承办单位A,承办单位审核,276,45
14229,"2024-06-29","4001",承办单位A,承办单位处理,74,4
14230,"2024-06-29","4002",承办单位B,承办单位处理,150,3
14231,"2024-06-29","4003",承办复核部A,承办单位复核,121,13
14232,"2024-06-29","5001",结案一部,办结,81,13
14233,"2024-06-29","5002",结案二部,办结,111,0
14234,"2024-06-29","6001",客户回访一组,回访,153,6
14235,"2024-06-29","6002",客户回访二组,回访,140,19
14236,"2024-06-29","6003",客户回访三组,回访,59,6
14237,"2024-06-29","7001",档案管理部,归档,142,12
14238,"2024-06-29","8001",异常工单组,挂起,161,12
14239,"2024-06-30","1001",客服一部,话务员暂存,270,0
14240,"2024-06-30","1001",客服一部,话务员受理,102,13
14241,"2024-06-30","1002",客服二部,话务员受理,127,17
14242,"2024-06-30","2001",业务一科,话务员办理,173,14
14243,"2024-06-30","2002",业务二科,话务员办理,129,13
14244,"2024-06-30","3001",热线审核中心,热线审核,160,6
14245,"2024-06-30","3002",热线复核中心,热线复核,55,7
14246,"2024-06-30","4001",承办单位A,承办单位审核,198,9
14247,"2024-06-30","4001",承办单位A,承办单位处理,84,6
14248,"2024-06-30","4002",承办单位B,承办单位处理,253,48
14249,"2024-06-30","4003",承办复核部A,承办单位复核,98,2
14250,"2024-06-30","5001",结案一部,办结,242,23
14251,"2024-06-30","5002",结案二部,办结,294,19
14252,"2024-06-30","6001",客户回访一组,回访,103,20
14253,"2024-06-30","6002",客户回访二组,回访,58,6
14254,"2024-06-30","6003",客户回访三组,回访,135,21
14255,"2024-06-30","7001",档案管理部,归档,169,0
14256,"2024-06-30","8001",异常工单组,挂起,263,20
14257,"2024-07-01","1001",客服一部,话务员暂存,82,0
14258,"2024-07-01","1001",客服一部,话务员受理,129,10
14259,"2024-07-01","1002",客服二部,话务员受理,98,10
14260,"2024-07-01","2001",业务一科,话务员办理,207,23
14261,"2024-07-01","2002",业务二科,话务员办理,155,31
14262,"2024-07-01","3001",热线审核中心,热线审核,55,11
14263,"2024-07-01","3002",热线复核中心,热线复核,165,13
14264,"2024-07-01","4001",承办单位A,承办单位审核,171,21
14265,"2024-07-01","4001",承办单位A,承办单位处理,68,6
14266,"2024-07-01","4002",承办单位B,承办单位处理,95,9
14267,"2024-07-01","4003",承办复核部A,承办单位复核,79,7
14268,"2024-07-01","5001",结案一部,办结,140,22
14269,"2024-07-01","5002",结案二部,办结,217,1
14270,"2024-07-01","6001",客户回访一组,回访,114,7
14271,"2024-07-01","6002",客户回访二组,回访,233,26
14272,"2024-07-01","6003",客户回访三组,回访,211,14
14273,"2024-07-01","7001",档案管理部,归档,299,3
14274,"2024-07-01","8001",异常工单组,挂起,172,10
14275,"2024-07-02","1001",客服一部,话务员暂存,233,0
14276,"2024-07-02","1001",客服一部,话务员受理,256,13
14277,"2024-07-02","1002",客服二部,话务员受理,295,22
14278,"2024-07-02","2001",业务一科,话务员办理,120,8
14279,"2024-07-02","2002",业务二科,话务员办理,94,7
14280,"2024-07-02","3001",热线审核中心,热线审核,294,8
14281,"2024-07-02","3002",热线复核中心,热线复核,104,8
14282,"2024-07-02","4001",承办单位A,承办单位审核,174,23
14283,"2024-07-02","4001",承办单位A,承办单位处理,95,19
14284,"2024-07-02","4002",承办单位B,承办单位处理,268,0
14285,"2024-07-02","4003",承办复核部A,承办单位复核,140,15
14286,"2024-07-02","5001",结案一部,办结,61,7
14287,"2024-07-02","5002",结案二部,办结,136,18
14288,"2024-07-02","6001",客户回访一组,回访,186,35
14289,"2024-07-02","6002",客户回访二组,回访,246,38
14290,"2024-07-02","6003",客户回访三组,回访,115,6
14291,"2024-07-02","7001",档案管理部,归档,274,16
14292,"2024-07-02","8001",异常工单组,挂起,236,31
14293,"2024-07-03","1001",客服一部,话务员暂存,94,0
14294,"2024-07-03","1001",客服一部,话务员受理,220,3
14295,"2024-07-03","1002",客服二部,话务员受理,282,14
14296,"2024-07-03","2001",业务一科,话务员办理,111,7
14297,"2024-07-03","2002",业务二科,话务员办理,239,31
14298,"2024-07-03","3001",热线审核中心,热线审核,140,19
14299,"2024-07-03","3002",热线复核中心,热线复核,216,31
14300,"2024-07-03","4001",承办单位A,承办单位审核,73,3
14301,"2024-07-03","4001",承办单位A,承办单位处理,168,20
14302,"2024-07-03","4002",承办单位B,承办单位处理,121,2
14303,"2024-07-03","4003",承办复核部A,承办单位复核,251,42
14304,"2024-07-03","5001",结案一部,办结,176,33
14305,"2024-07-03","5002",结案二部,办结,139,20
14306,"2024-07-03","6001",客户回访一组,回访,203,32
14307,"2024-07-03","6002",客户回访二组,回访,103,10
14308,"2024-07-03","6003",客户回访三组,回访,115,3
14309,"2024-07-03","7001",档案管理部,归档,70,0
14310,"2024-07-03","8001",异常工单组,挂起,235,43
14311,"2024-07-04","1001",客服一部,话务员暂存,223,0
14312,"2024-07-04","1001",客服一部,话务员受理,192,32
14313,"2024-07-04","1002",客服二部,话务员受理,276,44
14314,"2024-07-04","2001",业务一科,话务员办理,259,32
14315,"2024-07-04","2002",业务二科,话务员办理,167,30
14316,"2024-07-04","3001",热线审核中心,热线审核,62,10
14317,"2024-07-04","3002",热线复核中心,热线复核,89,7
14318,"2024-07-04","4001",承办单位A,承办单位审核,227,38
14319,"2024-07-04","4001",承办单位A,承办单位处理,185,37
14320,"2024-07-04","4002",承办单位B,承办单位处理,178,33
14321,"2024-07-04","4003",承办复核部A,承办单位复核,56,11
14322,"2024-07-04","5001",结案一部,办结,212,4
14323,"2024-07-04","5002",结案二部,办结,70,7
14324,"2024-07-04","6001",客户回访一组,回访,281,41
14325,"2024-07-04","6002",客户回访二组,回访,263,10
14326,"2024-07-04","6003",客户回访三组,回访,55,11
14327,"2024-07-04","7001",档案管理部,归档,277,31
14328,"2024-07-04","8001",异常工单组,挂起,66,4
14329,"2024-07-05","1001",客服一部,话务员暂存,72,0
14330,"2024-07-05","1001",客服一部,话务员受理,152,27
14331,"2024-07-05","1002",客服二部,话务员受理,180,1
14332,"2024-07-05","2001",业务一科,话务员办理,159,7
14333,"2024-07-05","2002",业务二科,话务员办理,196,35
14334,"2024-07-05","3001",热线审核中心,热线审核,92,9
14335,"2024-07-05","3002",热线复核中心,热线复核,150,12
14336,"2024-07-05","4001",承办单位A,承办单位审核,242,14
14337,"2024-07-05","4001",承办单位A,承办单位处理,273,49
14338,"2024-07-05","4002",承办单位B,承办单位处理,243,8
14339,"2024-07-05","4003",承办复核部A,承办单位复核,210,31
14340,"2024-07-05","5001",结案一部,办结,137,27
14341,"2024-07-05","5002",结案二部,办结,114,4
14342,"2024-07-05","6001",客户回访一组,回访,67,0
14343,"2024-07-05","6002",客户回访二组,回访,169,7
14344,"2024-07-05","6003",客户回访三组,回访,290,2
14345,"2024-07-05","7001",档案管理部,归档,84,2
14346,"2024-07-05","8001",异常工单组,挂起,207,39
14347,"2024-07-06","1001",客服一部,话务员暂存,68,0
14348,"2024-07-06","1001",客服一部,话务员受理,158,22
14349,"2024-07-06","1002",客服二部,话务员受理,232,44
14350,"2024-07-06","2001",业务一科,话务员办理,177,12
14351,"2024-07-06","2002",业务二科,话务员办理,111,11
14352,"2024-07-06","3001",热线审核中心,热线审核,197,28
14353,"2024-07-06","3002",热线复核中心,热线复核,173,31
14354,"2024-07-06","4001",承办单位A,承办单位审核,120,7
14355,"2024-07-06","4001",承办单位A,承办单位处理,117,20
14356,"2024-07-06","4002",承办单位B,承办单位处理,55,0
14357,"2024-07-06","4003",承办复核部A,承办单位复核,98,9
14358,"2024-07-06","5001",结案一部,办结,134,24
14359,"2024-07-06","5002",结案二部,办结,229,44
14360,"2024-07-06","6001",客户回访一组,回访,292,55
14361,"2024-07-06","6002",客户回访二组,回访,65,0
14362,"2024-07-06","6003",客户回访三组,回访,217,18
14363,"2024-07-06","7001",档案管理部,归档,128,13
14364,"2024-07-06","8001",异常工单组,挂起,200,3
14365,"2024-07-07","1001",客服一部,话务员暂存,152,0
14366,"2024-07-07","1001",客服一部,话务员受理,144,11
14367,"2024-07-07","1002",客服二部,话务员受理,181,36
14368,"2024-07-07","2001",业务一科,话务员办理,191,5
14369,"2024-07-07","2002",业务二科,话务员办理,51,5
14370,"2024-07-07","3001",热线审核中心,热线审核,52,1
14371,"2024-07-07","3002",热线复核中心,热线复核,120,24
14372,"2024-07-07","4001",承办单位A,承办单位审核,264,6
14373,"2024-07-07","4001",承办单位A,承办单位处理,192,32
14374,"2024-07-07","4002",承办单位B,承办单位处理,177,16
14375,"2024-07-07","4003",承办复核部A,承办单位复核,110,8
14376,"2024-07-07","5001",结案一部,办结,107,9
14377,"2024-07-07","5002",结案二部,办结,231,0
14378,"2024-07-07","6001",客户回访一组,回访,150,4
14379,"2024-07-07","6002",客户回访二组,回访,253,28
14380,"2024-07-07","6003",客户回访三组,回访,143,20
14381,"2024-07-07","7001",档案管理部,归档,206,4
14382,"2024-07-07","8001",异常工单组,挂起,76,1
14383,"2024-07-08","1001",客服一部,话务员暂存,195,0
14384,"2024-07-08","1001",客服一部,话务员受理,81,6
14385,"2024-07-08","1002",客服二部,话务员受理,162,13
14386,"2024-07-08","2001",业务一科,话务员办理,249,22
14387,"2024-07-08","2002",业务二科,话务员办理,102,5
14388,"2024-07-08","3001",热线审核中心,热线审核,170,17
14389,"2024-07-08","3002",热线复核中心,热线复核,283,39
14390,"2024-07-08","4001",承办单位A,承办单位审核,128,5
14391,"2024-07-08","4001",承办单位A,承办单位处理,122,1
14392,"2024-07-08","4002",承办单位B,承办单位处理,62,8
14393,"2024-07-08","4003",承办复核部A,承办单位复核,142,9
14394,"2024-07-08","5001",结案一部,办结,179,35
14395,"2024-07-08","5002",结案二部,办结,123,13
14396,"2024-07-08","6001",客户回访一组,回访,100,7
14397,"2024-07-08","6002",客户回访二组,回访,177,14
14398,"2024-07-08","6003",客户回访三组,回访,258,3
14399,"2024-07-08","7001",档案管理部,归档,286,15
14400,"2024-07-08","8001",异常工单组,挂起,91,0
14401,"2024-07-09","1001",客服一部,话务员暂存,61,0
14402,"2024-07-09","1001",客服一部,话务员受理,262,48
14403,"2024-07-09","1002",客服二部,话务员受理,241,23
14404,"2024-07-09","2001",业务一科,话务员办理,124,8
14405,"2024-07-09","2002",业务二科,话务员办理,281,46
14406,"2024-07-09","3001",热线审核中心,热线审核,58,7
14407,"2024-07-09","3002",热线复核中心,热线复核,235,21
14408,"2024-07-09","4001",承办单位A,承办单位审核,81,9
14409,"2024-07-09","4001",承办单位A,承办单位处理,196,33
14410,"2024-07-09","4002",承办单位B,承办单位处理,191,14
14411,"2024-07-09","4003",承办复核部A,承办单位复核,141,17
14412,"2024-07-09","5001",结案一部,办结,169,18
14413,"2024-07-09","5002",结案二部,办结,181,36
14414,"2024-07-09","6001",客户回访一组,回访,266,19
14415,"2024-07-09","6002",客户回访二组,回访,230,11
14416,"2024-07-09","6003",客户回访三组,回访,176,22
14417,"2024-07-09","7001",档案管理部,归档,286,17
14418,"2024-07-09","8001",异常工单组,挂起,162,22
14419,"2024-07-10","1001",客服一部,话务员暂存,239,0
14420,"2024-07-10","1001",客服一部,话务员受理,212,6
14421,"2024-07-10","1002",客服二部,话务员受理,211,31
14422,"2024-07-10","2001",业务一科,话务员办理,149,13
14423,"2024-07-10","2002",业务二科,话务员办理,140,12
14424,"2024-07-10","3001",热线审核中心,热线审核,116,2
14425,"2024-07-10","3002",热线复核中心,热线复核,60,9
14426,"2024-07-10","4001",承办单位A,承办单位审核,293,55
14427,"2024-07-10","4001",承办单位A,承办单位处理,177,26
14428,"2024-07-10","4002",承办单位B,承办单位处理,115,10
14429,"2024-07-10","4003",承办复核部A,承办单位复核,61,11
14430,"2024-07-10","5001",结案一部,办结,62,4
14431,"2024-07-10","5002",结案二部,办结,109,3
14432,"2024-07-10","6001",客户回访一组,回访,162,3
14433,"2024-07-10","6002",客户回访二组,回访,279,37
14434,"2024-07-10","6003",客户回访三组,回访,184,10
14435,"2024-07-10","7001",档案管理部,归档,127,3
14436,"2024-07-10","8001",异常工单组,挂起,68,11
14437,"2024-07-11","1001",客服一部,话务员暂存,142,0
14438,"2024-07-11","1001",客服一部,话务员受理,52,9
14439,"2024-07-11","1002",客服二部,话务员受理,111,18
14440,"2024-07-11","2001",业务一科,话务员办理,71,14
14441,"2024-07-11","2002",业务二科,话务员办理,207,17
14442,"2024-07-11","3001",热线审核中心,热线审核,131,26
14443,"2024-07-11","3002",热线复核中心,热线复核,245,17
14444,"2024-07-11","4001",承办单位A,承办单位审核,163,32
14445,"2024-07-11","4001",承办单位A,承办单位处理,300,35
14446,"2024-07-11","4002",承办单位B,承办单位处理,116,6
14447,"2024-07-11","4003",承办复核部A,承办单位复核,150,0
14448,"2024-07-11","5001",结案一部,办结,134,15
14449,"2024-07-11","5002",结案二部,办结,161,25
14450,"2024-07-11","6001",客户回访一组,回访,167,13
14451,"2024-07-11","6002",客户回访二组,回访,183,3
14452,"2024-07-11","6003",客户回访三组,回访,118,18
14453,"2024-07-11","7001",档案管理部,归档,59,2
14454,"2024-07-11","8001",异常工单组,挂起,140,7
14455,"2024-07-12","1001",客服一部,话务员暂存,294,0
14456,"2024-07-12","1001",客服一部,话务员受理,149,1
14457,"2024-07-12","1002",客服二部,话务员受理,103,6
14458,"2024-07-12","2001",业务一科,话务员办理,141,6
14459,"2024-07-12","2002",业务二科,话务员办理,202,9
14460,"2024-07-12","3001",热线审核中心,热线审核,73,5
14461,"2024-07-12","3002",热线复核中心,热线复核,144,9
14462,"2024-07-12","4001",承办单位A,承办单位审核,175,10
14463,"2024-07-12","4001",承办单位A,承办单位处理,152,15
14464,"2024-07-12","4002",承办单位B,承办单位处理,270,4
14465,"2024-07-12","4003",承办复核部A,承办单位复核,151,25
14466,"2024-07-12","5001",结案一部,办结,96,4
14467,"2024-07-12","5002",结案二部,办结,56,3
14468,"2024-07-12","6001",客户回访一组,回访,60,11
14469,"2024-07-12","6002",客户回访二组,回访,154,20
14470,"2024-07-12","6003",客户回访三组,回访,228,19
14471,"2024-07-12","7001",档案管理部,归档,173,26
14472,"2024-07-12","8001",异常工单组,挂起,91,14
14473,"2024-07-13","1001",客服一部,话务员暂存,105,0
14474,"2024-07-13","1001",客服一部,话务员受理,179,22
14475,"2024-07-13","1002",客服二部,话务员受理,203,5
14476,"2024-07-13","2001",业务一科,话务员办理,137,16
14477,"2024-07-13","2002",业务二科,话务员办理,218,20
14478,"2024-07-13","3001",热线审核中心,热线审核,173,27
14479,"2024-07-13","3002",热线复核中心,热线复核,131,7
14480,"2024-07-13","4001",承办单位A,承办单位审核,250,7
14481,"2024-07-13","4001",承办单位A,承办单位处理,284,27
14482,"2024-07-13","4002",承办单位B,承办单位处理,271,35
14483,"2024-07-13","4003",承办复核部A,承办单位复核,172,27
14484,"2024-07-13","5001",结案一部,办结,232,21
14485,"2024-07-13","5002",结案二部,办结,98,15
14486,"2024-07-13","6001",客户回访一组,回访,290,57
14487,"2024-07-13","6002",客户回访二组,回访,141,8
14488,"2024-07-13","6003",客户回访三组,回访,136,9
14489,"2024-07-13","7001",档案管理部,归档,257,25
14490,"2024-07-13","8001",异常工单组,挂起,279,5
14491,"2024-07-14","1001",客服一部,话务员暂存,107,0
14492,"2024-07-14","1001",客服一部,话务员受理,297,4
14493,"2024-07-14","1002",客服二部,话务员受理,153,0
14494,"2024-07-14","2001",业务一科,话务员办理,217,18
14495,"2024-07-14","2002",业务二科,话务员办理,293,5
14496,"2024-07-14","3001",热线审核中心,热线审核,88,0
14497,"2024-07-14","3002",热线复核中心,热线复核,222,4
14498,"2024-07-14","4001",承办单位A,承办单位审核,204,15
14499,"2024-07-14","4001",承办单位A,承办单位处理,211,20
14500,"2024-07-14","4002",承办单位B,承办单位处理,169,19
14501,"2024-07-14","4003",承办复核部A,承办单位复核,101,17
14502,"2024-07-14","5001",结案一部,办结,170,20
14503,"2024-07-14","5002",结案二部,办结,212,36
14504,"2024-07-14","6001",客户回访一组,回访,165,19
14505,"2024-07-14","6002",客户回访二组,回访,238,25
14506,"2024-07-14","6003",客户回访三组,回访,74,14
14507,"2024-07-14","7001",档案管理部,归档,196,23
14508,"2024-07-14","8001",异常工单组,挂起,140,5
14509,"2024-07-15","1001",客服一部,话务员暂存,138,0
14510,"2024-07-15","1001",客服一部,话务员受理,287,47
14511,"2024-07-15","1002",客服二部,话务员受理,161,22
14512,"2024-07-15","2001",业务一科,话务员办理,112,19
14513,"2024-07-15","2002",业务二科,话务员办理,210,2
14514,"2024-07-15","3001",热线审核中心,热线审核,167,18
14515,"2024-07-15","3002",热线复核中心,热线复核,152,18
14516,"2024-07-15","4001",承办单位A,承办单位审核,80,2
14517,"2024-07-15","4001",承办单位A,承办单位处理,67,4
14518,"2024-07-15","4002",承办单位B,承办单位处理,130,18
14519,"2024-07-15","4003",承办复核部A,承办单位复核,280,4
14520,"2024-07-15","5001",结案一部,办结,252,37
14521,"2024-07-15","5002",结案二部,办结,299,25
14522,"2024-07-15","6001",客户回访一组,回访,109,1
14523,"2024-07-15","6002",客户回访二组,回访,215,22
14524,"2024-07-15","6003",客户回访三组,回访,74,11
14525,"2024-07-15","7001",档案管理部,归档,246,7
14526,"2024-07-15","8001",异常工单组,挂起,205,23
14527,"2024-07-16","1001",客服一部,话务员暂存,226,0
14528,"2024-07-16","1001",客服一部,话务员受理,286,55
14529,"2024-07-16","1002",客服二部,话务员受理,296,17
14530,"2024-07-16","2001",业务一科,话务员办理,139,1
14531,"2024-07-16","2002",业务二科,话务员办理,89,2
14532,"2024-07-16","3001",热线审核中心,热线审核,111,20
14533,"2024-07-16","3002",热线复核中心,热线复核,115,11
14534,"2024-07-16","4001",承办单位A,承办单位审核,79,15
14535,"2024-07-16","4001",承办单位A,承办单位处理,104,19
14536,"2024-07-16","4002",承办单位B,承办单位处理,293,2
14537,"2024-07-16","4003",承办复核部A,承办单位复核,243,35
14538,"2024-07-16","5001",结案一部,办结,186,19
14539,"2024-07-16","5002",结案二部,办结,293,53
14540,"2024-07-16","6001",客户回访一组,回访,107,9
14541,"2024-07-16","6002",客户回访二组,回访,282,0
14542,"2024-07-16","6003",客户回访三组,回访,138,15
14543,"2024-07-16","7001",档案管理部,归档,116,15
14544,"2024-07-16","8001",异常工单组,挂起,276,13
14545,"2024-07-17","1001",客服一部,话务员暂存,108,0
14546,"2024-07-17","1001",客服一部,话务员受理,192,8
14547,"2024-07-17","1002",客服二部,话务员受理,156,7
14548,"2024-07-17","2001",业务一科,话务员办理,84,8
14549,"2024-07-17","2002",业务二科,话务员办理,164,8
14550,"2024-07-17","3001",热线审核中心,热线审核,174,9
14551,"2024-07-17","3002",热线复核中心,热线复核,253,0
14552,"2024-07-17","4001",承办单位A,承办单位审核,177,35
14553,"2024-07-17","4001",承办单位A,承办单位处理,52,4
14554,"2024-07-17","4002",承办单位B,承办单位处理,295,38
14555,"2024-07-17","4003",承办复核部A,承办单位复核,138,15
14556,"2024-07-17","5001",结案一部,办结,286,37
14557,"2024-07-17","5002",结案二部,办结,80,12
14558,"2024-07-17","6001",客户回访一组,回访,298,42
14559,"2024-07-17","6002",客户回访二组,回访,192,5
14560,"2024-07-17","6003",客户回访三组,回访,259,45
14561,"2024-07-17","7001",档案管理部,归档,276,44
14562,"2024-07-17","8001",异常工单组,挂起,196,33
14563,"2024-07-18","1001",客服一部,话务员暂存,142,0
14564,"2024-07-18","1001",客服一部,话务员受理,262,15
14565,"2024-07-18","1002",客服二部,话务员受理,135,0
14566,"2024-07-18","2001",业务一科,话务员办理,177,14
14567,"2024-07-18","2002",业务二科,话务员办理,102,10
14568,"2024-07-18","3001",热线审核中心,热线审核,89,15
14569,"2024-07-18","3002",热线复核中心,热线复核,277,45
14570,"2024-07-18","4001",承办单位A,承办单位审核,270,36
14571,"2024-07-18","4001",承办单位A,承办单位处理,110,9
14572,"2024-07-18","4002",承办单位B,承办单位处理,121,16
14573,"2024-07-18","4003",承办复核部A,承办单位复核,195,4
14574,"2024-07-18","5001",结案一部,办结,288,35
14575,"2024-07-18","5002",结案二部,办结,143,11
14576,"2024-07-18","6001",客户回访一组,回访,252,44
14577,"2024-07-18","6002",客户回访二组,回访,181,19
14578,"2024-07-18","6003",客户回访三组,回访,160,16
14579,"2024-07-18","7001",档案管理部,归档,235,4
14580,"2024-07-18","8001",异常工单组,挂起,254,28
14581,"2024-07-19","1001",客服一部,话务员暂存,242,0
14582,"2024-07-19","1001",客服一部,话务员受理,254,15
14583,"2024-07-19","1002",客服二部,话务员受理,110,21
14584,"2024-07-19","2001",业务一科,话务员办理,153,18
14585,"2024-07-19","2002",业务二科,话务员办理,112,2
14586,"2024-07-19","3001",热线审核中心,热线审核,195,4
14587,"2024-07-19","3002",热线复核中心,热线复核,246,28
14588,"2024-07-19","4001",承办单位A,承办单位审核,139,24
14589,"2024-07-19","4001",承办单位A,承办单位处理,135,9
14590,"2024-07-19","4002",承办单位B,承办单位处理,126,22
14591,"2024-07-19","4003",承办复核部A,承办单位复核,141,11
14592,"2024-07-19","5001",结案一部,办结,160,4
14593,"2024-07-19","5002",结案二部,办结,294,48
14594,"2024-07-19","6001",客户回访一组,回访,270,49
14595,"2024-07-19","6002",客户回访二组,回访,138,5
14596,"2024-07-19","6003",客户回访三组,回访,148,12
14597,"2024-07-19","7001",档案管理部,归档,139,8
14598,"2024-07-19","8001",异常工单组,挂起,122,19
14599,"2024-07-20","1001",客服一部,话务员暂存,132,0
14600,"2024-07-20","1001",客服一部,话务员受理,242,42
14601,"2024-07-20","1002",客服二部,话务员受理,194,27
14602,"2024-07-20","2001",业务一科,话务员办理,112,8
14603,"2024-07-20","2002",业务二科,话务员办理,203,7
14604,"2024-07-20","3001",热线审核中心,热线审核,239,46
14605,"2024-07-20","3002",热线复核中心,热线复核,154,5
14606,"2024-07-20","4001",承办单位A,承办单位审核,216,14
14607,"2024-07-20","4001",承办单位A,承办单位处理,222,19
14608,"2024-07-20","4002",承办单位B,承办单位处理,150,29
14609,"2024-07-20","4003",承办复核部A,承办单位复核,262,1
14610,"2024-07-20","5001",结案一部,办结,181,17
14611,"2024-07-20","5002",结案二部,办结,185,25
14612,"2024-07-20","6001",客户回访一组,回访,138,4
14613,"2024-07-20","6002",客户回访二组,回访,58,10
14614,"2024-07-20","6003",客户回访三组,回访,278,26
14615,"2024-07-20","7001",档案管理部,归档,119,20
14616,"2024-07-20","8001",异常工单组,挂起,219,6
14617,"2024-07-21","1001",客服一部,话务员暂存,78,0
14618,"2024-07-21","1001",客服一部,话务员受理,175,14
14619,"2024-07-21","1002",客服二部,话务员受理,244,45
14620,"2024-07-21","2001",业务一科,话务员办理,188,31
14621,"2024-07-21","2002",业务二科,话务员办理,89,3
14622,"2024-07-21","3001",热线审核中心,热线审核,130,14
14623,"2024-07-21","3002",热线复核中心,热线复核,250,20
14624,"2024-07-21","4001",承办单位A,承办单位审核,245,40
14625,"2024-07-21","4001",承办单位A,承办单位处理,247,49
14626,"2024-07-21","4002",承办单位B,承办单位处理,123,12
14627,"2024-07-21","4003",承办复核部A,承办单位复核,248,30
14628,"2024-07-21","5001",结案一部,办结,132,5
14629,"2024-07-21","5002",结案二部,办结,106,4
14630,"2024-07-21","6001",客户回访一组,回访,81,14
14631,"2024-07-21","6002",客户回访二组,回访,104,7
14632,"2024-07-21","6003",客户回访三组,回访,126,17
14633,"2024-07-21","7001",档案管理部,归档,271,48
14634,"2024-07-21","8001",异常工单组,挂起,155,26
14635,"2024-07-22","1001",客服一部,话务员暂存,185,0
14636,"2024-07-22","1001",客服一部,话务员受理,198,35
14637,"2024-07-22","1002",客服二部,话务员受理,73,8
14638,"2024-07-22","2001",业务一科,话务员办理,90,14
14639,"2024-07-22","2002",业务二科,话务员办理,188,22
14640,"2024-07-22","3001",热线审核中心,热线审核,265,35
14641,"2024-07-22","3002",热线复核中心,热线复核,181,31
14642,"2024-07-22","4001",承办单位A,承办单位审核,164,1
14643,"2024-07-22","4001",承办单位A,承办单位处理,78,0
14644,"2024-07-22","4002",承办单位B,承办单位处理,159,30
14645,"2024-07-22","4003",承办复核部A,承办单位复核,240,12
14646,"2024-07-22","5001",结案一部,办结,161,17
14647,"2024-07-22","5002",结案二部,办结,206,1
14648,"2024-07-22","6001",客户回访一组,回访,75,7
14649,"2024-07-22","6002",客户回访二组,回访,159,1
14650,"2024-07-22","6003",客户回访三组,回访,125,21
14651,"2024-07-22","7001",档案管理部,归档,274,49
14652,"2024-07-22","8001",异常工单组,挂起,164,22
14653,"2024-07-23","1001",客服一部,话务员暂存,161,0
14654,"2024-07-23","1001",客服一部,话务员受理,141,2
14655,"2024-07-23","1002",客服二部,话务员受理,200,35
14656,"2024-07-23","2001",业务一科,话务员办理,244,34
14657,"2024-07-23","2002",业务二科,话务员办理,174,28
14658,"2024-07-23","3001",热线审核中心,热线审核,76,3
14659,"2024-07-23","3002",热线复核中心,热线复核,248,26
14660,"2024-07-23","4001",承办单位A,承办单位审核,293,19
14661,"2024-07-23","4001",承办单位A,承办单位处理,271,53
14662,"2024-07-23","4002",承办单位B,承办单位处理,151,17
14663,"2024-07-23","4003",承办复核部A,承办单位复核,215,25
14664,"2024-07-23","5001",结案一部,办结,129,15
14665,"2024-07-23","5002",结案二部,办结,277,3
14666,"2024-07-23","6001",客户回访一组,回访,153,14
14667,"2024-07-23","6002",客户回访二组,回访,141,19
14668,"2024-07-23","6003",客户回访三组,回访,68,12
14669,"2024-07-23","7001",档案管理部,归档,276,20
14670,"2024-07-23","8001",异常工单组,挂起,148,24
14671,"2024-07-24","1001",客服一部,话务员暂存,295,0
14672,"2024-07-24","1001",客服一部,话务员受理,214,21
14673,"2024-07-24","1002",客服二部,话务员受理,110,20
14674,"2024-07-24","2001",业务一科,话务员办理,106,2
14675,"2024-07-24","2002",业务二科,话务员办理,158,5
14676,"2024-07-24","3001",热线审核中心,热线审核,187,24
14677,"2024-07-24","3002",热线复核中心,热线复核,79,7
14678,"2024-07-24","4001",承办单位A,承办单位审核,208,3
14679,"2024-07-24","4001",承办单位A,承办单位处理,158,29
14680,"2024-07-24","4002",承办单位B,承办单位处理,290,39
14681,"2024-07-24","4003",承办复核部A,承办单位复核,92,5
14682,"2024-07-24","5001",结案一部,办结,145,28
14683,"2024-07-24","5002",结案二部,办结,229,7
14684,"2024-07-24","6001",客户回访一组,回访,88,13
14685,"2024-07-24","6002",客户回访二组,回访,228,44
14686,"2024-07-24","6003",客户回访三组,回访,90,0
14687,"2024-07-24","7001",档案管理部,归档,274,5
14688,"2024-07-24","8001",异常工单组,挂起,195,4
14689,"2024-07-25","1001",客服一部,话务员暂存,134,0
14690,"2024-07-25","1001",客服一部,话务员受理,211,35
14691,"2024-07-25","1002",客服二部,话务员受理,158,19
14692,"2024-07-25","2001",业务一科,话务员办理,211,9
14693,"2024-07-25","2002",业务二科,话务员办理,162,21
14694,"2024-07-25","3001",热线审核中心,热线审核,243,21
14695,"2024-07-25","3002",热线复核中心,热线复核,266,53
14696,"2024-07-25","4001",承办单位A,承办单位审核,177,10
14697,"2024-07-25","4001",承办单位A,承办单位处理,135,4
14698,"2024-07-25","4002",承办单位B,承办单位处理,151,12
14699,"2024-07-25","4003",承办复核部A,承办单位复核,213,21
14700,"2024-07-25","5001",结案一部,办结,266,7
14701,"2024-07-25","5002",结案二部,办结,200,40
14702,"2024-07-25","6001",客户回访一组,回访,159,30
14703,"2024-07-25","6002",客户回访二组,回访,159,12
14704,"2024-07-25","6003",客户回访三组,回访,159,1
14705,"2024-07-25","7001",档案管理部,归档,177,25
14706,"2024-07-25","8001",异常工单组,挂起,134,4
14707,"2024-07-26","1001",客服一部,话务员暂存,254,0
14708,"2024-07-26","1001",客服一部,话务员受理,274,26
14709,"2024-07-26","1002",客服二部,话务员受理,152,17
14710,"2024-07-26","2001",业务一科,话务员办理,216,16
14711,"2024-07-26","2002",业务二科,话务员办理,253,47
14712,"2024-07-26","3001",热线审核中心,热线审核,164,16
14713,"2024-07-26","3002",热线复核中心,热线复核,251,30
14714,"2024-07-26","4001",承办单位A,承办单位审核,84,10
14715,"2024-07-26","4001",承办单位A,承办单位处理,238,10
14716,"2024-07-26","4002",承办单位B,承办单位处理,197,34
14717,"2024-07-26","4003",承办复核部A,承办单位复核,281,41
14718,"2024-07-26","5001",结案一部,办结,153,25
14719,"2024-07-26","5002",结案二部,办结,163,32
14720,"2024-07-26","6001",客户回访一组,回访,273,26
14721,"2024-07-26","6002",客户回访二组,回访,228,34
14722,"2024-07-26","6003",客户回访三组,回访,171,14
14723,"2024-07-26","7001",档案管理部,归档,205,20
14724,"2024-07-26","8001",异常工单组,挂起,250,43
14725,"2024-07-27","1001",客服一部,话务员暂存,120,0
14726,"2024-07-27","1001",客服一部,话务员受理,243,30
14727,"2024-07-27","1002",客服二部,话务员受理,227,7
14728,"2024-07-27","2001",业务一科,话务员办理,241,44
14729,"2024-07-27","2002",业务二科,话务员办理,264,46
14730,"2024-07-27","3001",热线审核中心,热线审核,55,10
14731,"2024-07-27","3002",热线复核中心,热线复核,80,0
14732,"2024-07-27","4001",承办单位A,承办单位审核,199,32
14733,"2024-07-27","4001",承办单位A,承办单位处理,63,3
14734,"2024-07-27","4002",承办单位B,承办单位处理,233,46
14735,"2024-07-27","4003",承办复核部A,承办单位复核,136,6
14736,"2024-07-27","5001",结案一部,办结,117,11
14737,"2024-07-27","5002",结案二部,办结,100,0
14738,"2024-07-27","6001",客户回访一组,回访,67,3
14739,"2024-07-27","6002",客户回访二组,回访,52,9
14740,"2024-07-27","6003",客户回访三组,回访,117,14
14741,"2024-07-27","7001",档案管理部,归档,86,16
14742,"2024-07-27","8001",异常工单组,挂起,214,20
14743,"2024-07-28","1001",客服一部,话务员暂存,68,0
14744,"2024-07-28","1001",客服一部,话务员受理,65,10
14745,"2024-07-28","1002",客服二部,话务员受理,66,0
14746,"2024-07-28","2001",业务一科,话务员办理,233,7
14747,"2024-07-28","2002",业务二科,话务员办理,198,33
14748,"2024-07-28","3001",热线审核中心,热线审核,134,22
14749,"2024-07-28","3002",热线复核中心,热线复核,127,17
14750,"2024-07-28","4001",承办单位A,承办单位审核,137,18
14751,"2024-07-28","4001",承办单位A,承办单位处理,253,50
14752,"2024-07-28","4002",承办单位B,承办单位处理,81,8
14753,"2024-07-28","4003",承办复核部A,承办单位复核,104,4
14754,"2024-07-28","5001",结案一部,办结,59,4
14755,"2024-07-28","5002",结案二部,办结,105,0
14756,"2024-07-28","6001",客户回访一组,回访,107,16
14757,"2024-07-28","6002",客户回访二组,回访,213,13
14758,"2024-07-28","6003",客户回访三组,回访,217,2
14759,"2024-07-28","7001",档案管理部,归档,154,25
14760,"2024-07-28","8001",异常工单组,挂起,140,0
14761,"2024-07-29","1001",客服一部,话务员暂存,146,0
14762,"2024-07-29","1001",客服一部,话务员受理,57,4
14763,"2024-07-29","1002",客服二部,话务员受理,128,17
14764,"2024-07-29","2001",业务一科,话务员办理,75,2
14765,"2024-07-29","2002",业务二科,话务员办理,219,30
14766,"2024-07-29","3001",热线审核中心,热线审核,238,46
14767,"2024-07-29","3002",热线复核中心,热线复核,297,24
14768,"2024-07-29","4001",承办单位A,承办单位审核,298,52
14769,"2024-07-29","4001",承办单位A,承办单位处理,215,41
14770,"2024-07-29","4002",承办单位B,承办单位处理,85,13
14771,"2024-07-29","4003",承办复核部A,承办单位复核,59,11
14772,"2024-07-29","5001",结案一部,办结,260,40
14773,"2024-07-29","5002",结案二部,办结,183,31
14774,"2024-07-29","6001",客户回访一组,回访,140,23
14775,"2024-07-29","6002",客户回访二组,回访,74,2
14776,"2024-07-29","6003",客户回访三组,回访,291,57
14777,"2024-07-29","7001",档案管理部,归档,141,25
14778,"2024-07-29","8001",异常工单组,挂起,58,8
14779,"2024-07-30","1001",客服一部,话务员暂存,137,0
14780,"2024-07-30","1001",客服一部,话务员受理,141,14
14781,"2024-07-30","1002",客服二部,话务员受理,154,3
14782,"2024-07-30","2001",业务一科,话务员办理,186,35
14783,"2024-07-30","2002",业务二科,话务员办理,200,15
14784,"2024-07-30","3001",热线审核中心,热线审核,149,5
14785,"2024-07-30","3002",热线复核中心,热线复核,64,8
14786,"2024-07-30","4001",承办单位A,承办单位审核,98,14
14787,"2024-07-30","4001",承办单位A,承办单位处理,198,1
14788,"2024-07-30","4002",承办单位B,承办单位处理,280,21
14789,"2024-07-30","4003",承办复核部A,承办单位复核,172,31
14790,"2024-07-30","5001",结案一部,办结,129,25
14791,"2024-07-30","5002",结案二部,办结,123,10
14792,"2024-07-30","6001",客户回访一组,回访,90,1
14793,"2024-07-30","6002",客户回访二组,回访,153,26
14794,"2024-07-30","6003",客户回访三组,回访,239,16
14795,"2024-07-30","7001",档案管理部,归档,129,22
14796,"2024-07-30","8001",异常工单组,挂起,50,7
14797,"2024-07-31","1001",客服一部,话务员暂存,273,0
14798,"2024-07-31","1001",客服一部,话务员受理,260,14
14799,"2024-07-31","1002",客服二部,话务员受理,274,19
14800,"2024-07-31","2001",业务一科,话务员办理,210,30
14801,"2024-07-31","2002",业务二科,话务员办理,117,21
14802,"2024-07-31","3001",热线审核中心,热线审核,241,34
14803,"2024-07-31","3002",热线复核中心,热线复核,78,1
14804,"2024-07-31","4001",承办单位A,承办单位审核,50,5
14805,"2024-07-31","4001",承办单位A,承办单位处理,233,0
14806,"2024-07-31","4002",承办单位B,承办单位处理,90,5
14807,"2024-07-31","4003",承办复核部A,承办单位复核,290,22
14808,"2024-07-31","5001",结案一部,办结,251,15
14809,"2024-07-31","5002",结案二部,办结,248,15
14810,"2024-07-31","6001",客户回访一组,回访,128,6
14811,"2024-07-31","6002",客户回访二组,回访,207,22
14812,"2024-07-31","6003",客户回访三组,回访,298,36
14813,"2024-07-31","7001",档案管理部,归档,129,15
14814,"2024-07-31","8001",异常工单组,挂起,127,25
14815,"2024-08-01","1001",客服一部,话务员暂存,160,0
14816,"2024-08-01","1001",客服一部,话务员受理,296,36
14817,"2024-08-01","1002",客服二部,话务员受理,84,6
14818,"2024-08-01","2001",业务一科,话务员办理,187,19
14819,"2024-08-01","2002",业务二科,话务员办理,139,13
14820,"2024-08-01","3001",热线审核中心,热线审核,161,25
14821,"2024-08-01","3002",热线复核中心,热线复核,172,31
14822,"2024-08-01","4001",承办单位A,承办单位审核,211,28
14823,"2024-08-01","4001",承办单位A,承办单位处理,234,36
14824,"2024-08-01","4002",承办单位B,承办单位处理,184,25
14825,"2024-08-01","4003",承办复核部A,承办单位复核,117,14
14826,"2024-08-01","5001",结案一部,办结,165,16
14827,"2024-08-01","5002",结案二部,办结,52,9
14828,"2024-08-01","6001",客户回访一组,回访,139,15
14829,"2024-08-01","6002",客户回访二组,回访,159,18
14830,"2024-08-01","6003",客户回访三组,回访,130,2
14831,"2024-08-01","7001",档案管理部,归档,137,9
14832,"2024-08-01","8001",异常工单组,挂起,206,28
14833,"2024-08-02","1001",客服一部,话务员暂存,139,0
14834,"2024-08-02","1001",客服一部,话务员受理,142,3
14835,"2024-08-02","1002",客服二部,话务员受理,123,6
14836,"2024-08-02","2001",业务一科,话务员办理,228,4
14837,"2024-08-02","2002",业务二科,话务员办理,282,22
14838,"2024-08-02","3001",热线审核中心,热线审核,281,49
14839,"2024-08-02","3002",热线复核中心,热线复核,174,33
14840,"2024-08-02","4001",承办单位A,承办单位审核,269,30
14841,"2024-08-02","4001",承办单位A,承办单位处理,78,2
14842,"2024-08-02","4002",承办单位B,承办单位处理,104,7
14843,"2024-08-02","4003",承办复核部A,承办单位复核,151,30
14844,"2024-08-02","5001",结案一部,办结,97,8
14845,"2024-08-02","5002",结案二部,办结,215,32
14846,"2024-08-02","6001",客户回访一组,回访,123,12
14847,"2024-08-02","6002",客户回访二组,回访,155,23
14848,"2024-08-02","6003",客户回访三组,回访,217,14
14849,"2024-08-02","7001",档案管理部,归档,273,25
14850,"2024-08-02","8001",异常工单组,挂起,96,9
14851,"2024-08-03","1001",客服一部,话务员暂存,147,0
14852,"2024-08-03","1001",客服一部,话务员受理,52,10
14853,"2024-08-03","1002",客服二部,话务员受理,175,4
14854,"2024-08-03","2001",业务一科,话务员办理,66,9
14855,"2024-08-03","2002",业务二科,话务员办理,52,7
14856,"2024-08-03","3001",热线审核中心,热线审核,196,2
14857,"2024-08-03","3002",热线复核中心,热线复核,270,34
14858,"2024-08-03","4001",承办单位A,承办单位审核,173,5
14859,"2024-08-03","4001",承办单位A,承办单位处理,205,37
14860,"2024-08-03","4002",承办单位B,承办单位处理,114,14
14861,"2024-08-03","4003",承办复核部A,承办单位复核,249,46
14862,"2024-08-03","5001",结案一部,办结,77,6
14863,"2024-08-03","5002",结案二部,办结,115,2
14864,"2024-08-03","6001",客户回访一组,回访,111,11
14865,"2024-08-03","6002",客户回访二组,回访,99,8
14866,"2024-08-03","6003",客户回访三组,回访,177,11
14867,"2024-08-03","7001",档案管理部,归档,159,15
14868,"2024-08-03","8001",异常工单组,挂起,104,6
14869,"2024-08-04","1001",客服一部,话务员暂存,298,0
14870,"2024-08-04","1001",客服一部,话务员受理,247,44
14871,"2024-08-04","1002",客服二部,话务员受理,140,2
14872,"2024-08-04","2001",业务一科,话务员办理,136,17
14873,"2024-08-04","2002",业务二科,话务员办理,235,10
14874,"2024-08-04","3001",热线审核中心,热线审核,103,14
14875,"2024-08-04","3002",热线复核中心,热线复核,116,19
14876,"2024-08-04","4001",承办单位A,承办单位审核,124,6
14877,"2024-08-04","4001",承办单位A,承办单位处理,235,18
14878,"2024-08-04","4002",承办单位B,承办单位处理,244,35
14879,"2024-08-04","4003",承办复核部A,承办单位复核,155,28
14880,"2024-08-04","5001",结案一部,办结,158,10
14881,"2024-08-04","5002",结案二部,办结,203,9
14882,"2024-08-04","6001",客户回访一组,回访,264,22
14883,"2024-08-04","6002",客户回访二组,回访,289,0
14884,"2024-08-04","6003",客户回访三组,回访,218,12
14885,"2024-08-04","7001",档案管理部,归档,52,4
14886,"2024-08-04","8001",异常工单组,挂起,172,7
14887,"2024-08-05","1001",客服一部,话务员暂存,262,0
14888,"2024-08-05","1001",客服一部,话务员受理,56,11
14889,"2024-08-05","1002",客服二部,话务员受理,169,6
14890,"2024-08-05","2001",业务一科,话务员办理,284,5
14891,"2024-08-05","2002",业务二科,话务员办理,193,35
14892,"2024-08-05","3001",热线审核中心,热线审核,194,26
14893,"2024-08-05","3002",热线复核中心,热线复核,212,40
14894,"2024-08-05","4001",承办单位A,承办单位审核,87,1
14895,"2024-08-05","4001",承办单位A,承办单位处理,97,3
14896,"2024-08-05","4002",承办单位B,承办单位处理,51,9
14897,"2024-08-05","4003",承办复核部A,承办单位复核,225,1
14898,"2024-08-05","5001",结案一部,办结,123,9
14899,"2024-08-05","5002",结案二部,办结,61,12
14900,"2024-08-05","6001",客户回访一组,回访,155,14
14901,"2024-08-05","6002",客户回访二组,回访,260,33
14902,"2024-08-05","6003",客户回访三组,回访,50,5
14903,"2024-08-05","7001",档案管理部,归档,172,17
14904,"2024-08-05","8001",异常工单组,挂起,73,3
14905,"2024-08-06","1001",客服一部,话务员暂存,240,0
14906,"2024-08-06","1001",客服一部,话务员受理,133,22
14907,"2024-08-06","1002",客服二部,话务员受理,202,29
14908,"2024-08-06","2001",业务一科,话务员办理,169,33
14909,"2024-08-06","2002",业务二科,话务员办理,252,35
14910,"2024-08-06","3001",热线审核中心,热线审核,284,18
14911,"2024-08-06","3002",热线复核中心,热线复核,273,43
14912,"2024-08-06","4001",承办单位A,承办单位审核,181,14
14913,"2024-08-06","4001",承办单位A,承办单位处理,188,37
14914,"2024-08-06","4002",承办单位B,承办单位处理,109,15
14915,"2024-08-06","4003",承办复核部A,承办单位复核,236,33
14916,"2024-08-06","5001",结案一部,办结,263,18
14917,"2024-08-06","5002",结案二部,办结,90,12
14918,"2024-08-06","6001",客户回访一组,回访,114,12
14919,"2024-08-06","6002",客户回访二组,回访,232,37
14920,"2024-08-06","6003",客户回访三组,回访,209,21
14921,"2024-08-06","7001",档案管理部,归档,260,27
14922,"2024-08-06","8001",异常工单组,挂起,191,13
14923,"2024-08-07","1001",客服一部,话务员暂存,284,0
14924,"2024-08-07","1001",客服一部,话务员受理,168,5
14925,"2024-08-07","1002",客服二部,话务员受理,77,8
14926,"2024-08-07","2001",业务一科,话务员办理,294,33
14927,"2024-08-07","2002",业务二科,话务员办理,119,13
14928,"2024-08-07","3001",热线审核中心,热线审核,207,15
14929,"2024-08-07","3002",热线复核中心,热线复核,104,18
14930,"2024-08-07","4001",承办单位A,承办单位审核,93,18
14931,"2024-08-07","4001",承办单位A,承办单位处理,64,9
14932,"2024-08-07","4002",承办单位B,承办单位处理,182,30
14933,"2024-08-07","4003",承办复核部A,承办单位复核,87,17
14934,"2024-08-07","5001",结案一部,办结,121,22
14935,"2024-08-07","5002",结案二部,办结,268,21
14936,"2024-08-07","6001",客户回访一组,回访,76,15
14937,"2024-08-07","6002",客户回访二组,回访,86,2
14938,"2024-08-07","6003",客户回访三组,回访,56,3
14939,"2024-08-07","7001",档案管理部,归档,277,30
14940,"2024-08-07","8001",异常工单组,挂起,57,4
14941,"2024-08-08","1001",客服一部,话务员暂存,261,0
14942,"2024-08-08","1001",客服一部,话务员受理,108,12
14943,"2024-08-08","1002",客服二部,话务员受理,221,17
14944,"2024-08-08","2001",业务一科,话务员办理,227,1
14945,"2024-08-08","2002",业务二科,话务员办理,300,17
14946,"2024-08-08","3001",热线审核中心,热线审核,112,19
14947,"2024-08-08","3002",热线复核中心,热线复核,258,45
14948,"2024-08-08","4001",承办单位A,承办单位审核,60,5
14949,"2024-08-08","4001",承办单位A,承办单位处理,171,28
14950,"2024-08-08","4002",承办单位B,承办单位处理,171,33
14951,"2024-08-08","4003",承办复核部A,承办单位复核,159,11
14952,"2024-08-08","5001",结案一部,办结,92,15
14953,"2024-08-08","5002",结案二部,办结,195,21
14954,"2024-08-08","6001",客户回访一组,回访,237,7
14955,"2024-08-08","6002",客户回访二组,回访,145,19
14956,"2024-08-08","6003",客户回访三组,回访,300,26
14957,"2024-08-08","7001",档案管理部,归档,286,15
14958,"2024-08-08","8001",异常工单组,挂起,115,0
14959,"2024-08-09","1001",客服一部,话务员暂存,244,0
14960,"2024-08-09","1001",客服一部,话务员受理,215,7
14961,"2024-08-09","1002",客服二部,话务员受理,76,15
14962,"2024-08-09","2001",业务一科,话务员办理,125,11
14963,"2024-08-09","2002",业务二科,话务员办理,165,21
14964,"2024-08-09","3001",热线审核中心,热线审核,60,0
14965,"2024-08-09","3002",热线复核中心,热线复核,174,15
14966,"2024-08-09","4001",承办单位A,承办单位审核,300,8
14967,"2024-08-09","4001",承办单位A,承办单位处理,297,28
14968,"2024-08-09","4002",承办单位B,承办单位处理,193,23
14969,"2024-08-09","4003",承办复核部A,承办单位复核,205,41
14970,"2024-08-09","5001",结案一部,办结,57,2
14971,"2024-08-09","5002",结案二部,办结,270,12
14972,"2024-08-09","6001",客户回访一组,回访,111,5
14973,"2024-08-09","6002",客户回访二组,回访,136,22
14974,"2024-08-09","6003",客户回访三组,回访,87,12
14975,"2024-08-09","7001",档案管理部,归档,177,35
14976,"2024-08-09","8001",异常工单组,挂起,109,18
14977,"2024-08-10","1001",客服一部,话务员暂存,153,0
14978,"2024-08-10","1001",客服一部,话务员受理,259,32
14979,"2024-08-10","1002",客服二部,话务员受理,219,33
14980,"2024-08-10","2001",业务一科,话务员办理,59,10
14981,"2024-08-10","2002",业务二科,话务员办理,248,11
14982,"2024-08-10","3001",热线审核中心,热线审核,158,20
14983,"2024-08-10","3002",热线复核中心,热线复核,92,0
14984,"2024-08-10","4001",承办单位A,承办单位审核,88,15
14985,"2024-08-10","4001",承办单位A,承办单位处理,192,26
14986,"2024-08-10","4002",承办单位B,承办单位处理,223,19
14987,"2024-08-10","4003",承办复核部A,承办单位复核,62,7
14988,"2024-08-10","5001",结案一部,办结,184,24
14989,"2024-08-10","5002",结案二部,办结,70,0
14990,"2024-08-10","6001",客户回访一组,回访,175,25
14991,"2024-08-10","6002",客户回访二组,回访,183,13
14992,"2024-08-10","6003",客户回访三组,回访,136,3
14993,"2024-08-10","7001",档案管理部,归档,52,3
14994,"2024-08-10","8001",异常工单组,挂起,158,13
14995,"2024-08-11","1001",客服一部,话务员暂存,59,0
14996,"2024-08-11","1001",客服一部,话务员受理,215,26
14997,"2024-08-11","1002",客服二部,话务员受理,258,31
14998,"2024-08-11","2001",业务一科,话务员办理,258,16
14999,"2024-08-11","2002",业务二科,话务员办理,127,6
15000,"2024-08-11","3001",热线审核中心,热线审核,96,19
15001,"2024-08-11","3002",热线复核中心,热线复核,144,23
15002,"2024-08-11","4001",承办单位A,承办单位审核,274,37
15003,"2024-08-11","4001",承办单位A,承办单位处理,60,2
15004,"2024-08-11","4002",承办单位B,承办单位处理,284,48
15005,"2024-08-11","4003",承办复核部A,承办单位复核,140,27
15006,"2024-08-11","5001",结案一部,办结,169,31
15007,"2024-08-11","5002",结案二部,办结,90,11
15008,"2024-08-11","6001",客户回访一组,回访,167,10
15009,"2024-08-11","6002",客户回访二组,回访,162,22
15010,"2024-08-11","6003",客户回访三组,回访,88,17
15011,"2024-08-11","7001",档案管理部,归档,138,14
15012,"2024-08-11","8001",异常工单组,挂起,275,50
15013,"2024-08-12","1001",客服一部,话务员暂存,283,0
15014,"2024-08-12","1001",客服一部,话务员受理,133,23
15015,"2024-08-12","1002",客服二部,话务员受理,137,22
15016,"2024-08-12","2001",业务一科,话务员办理,187,2
15017,"2024-08-12","2002",业务二科,话务员办理,272,28
15018,"2024-08-12","3001",热线审核中心,热线审核,199,3
15019,"2024-08-12","3002",热线复核中心,热线复核,80,11
15020,"2024-08-12","4001",承办单位A,承办单位审核,146,2
15021,"2024-08-12","4001",承办单位A,承办单位处理,243,34
15022,"2024-08-12","4002",承办单位B,承办单位处理,198,30
15023,"2024-08-12","4003",承办复核部A,承办单位复核,54,1
15024,"2024-08-12","5001",结案一部,办结,108,15
15025,"2024-08-12","5002",结案二部,办结,54,7
15026,"2024-08-12","6001",客户回访一组,回访,235,18
15027,"2024-08-12","6002",客户回访二组,回访,262,45
15028,"2024-08-12","6003",客户回访三组,回访,196,34
15029,"2024-08-12","7001",档案管理部,归档,206,41
15030,"2024-08-12","8001",异常工单组,挂起,54,5
15031,"2024-08-13","1001",客服一部,话务员暂存,92,0
15032,"2024-08-13","1001",客服一部,话务员受理,242,36
15033,"2024-08-13","1002",客服二部,话务员受理,56,11
15034,"2024-08-13","2001",业务一科,话务员办理,226,4
15035,"2024-08-13","2002",业务二科,话务员办理,239,2
15036,"2024-08-13","3001",热线审核中心,热线审核,204,18
15037,"2024-08-13","3002",热线复核中心,热线复核,224,2
15038,"2024-08-13","4001",承办单位A,承办单位审核,262,19
15039,"2024-08-13","4001",承办单位A,承办单位处理,198,4
15040,"2024-08-13","4002",承办单位B,承办单位处理,55,8
15041,"2024-08-13","4003",承办复核部A,承办单位复核,60,9
15042,"2024-08-13","5001",结案一部,办结,297,3
15043,"2024-08-13","5002",结案二部,办结,282,23
15044,"2024-08-13","6001",客户回访一组,回访,69,12
15045,"2024-08-13","6002",客户回访二组,回访,86,12
15046,"2024-08-13","6003",客户回访三组,回访,121,15
15047,"2024-08-13","7001",档案管理部,归档,98,0
15048,"2024-08-13","8001",异常工单组,挂起,272,39
15049,"2024-08-14","1001",客服一部,话务员暂存,177,0
15050,"2024-08-14","1001",客服一部,话务员受理,141,21
15051,"2024-08-14","1002",客服二部,话务员受理,277,35
15052,"2024-08-14","2001",业务一科,话务员办理,89,5
15053,"2024-08-14","2002",业务二科,话务员办理,252,5
15054,"2024-08-14","3001",热线审核中心,热线审核,246,10
15055,"2024-08-14","3002",热线复核中心,热线复核,210,19
15056,"2024-08-14","4001",承办单位A,承办单位审核,272,54
15057,"2024-08-14","4001",承办单位A,承办单位处理,287,50
15058,"2024-08-14","4002",承办单位B,承办单位处理,137,24
15059,"2024-08-14","4003",承办复核部A,承办单位复核,202,3
15060,"2024-08-14","5001",结案一部,办结,166,6
15061,"2024-08-14","5002",结案二部,办结,149,2
15062,"2024-08-14","6001",客户回访一组,回访,64,3
15063,"2024-08-14","6002",客户回访二组,回访,156,11
15064,"2024-08-14","6003",客户回访三组,回访,175,28
15065,"2024-08-14","7001",档案管理部,归档,267,13
15066,"2024-08-14","8001",异常工单组,挂起,189,15
15067,"2024-08-15","1001",客服一部,话务员暂存,277,0
15068,"2024-08-15","1001",客服一部,话务员受理,107,14
15069,"2024-08-15","1002",客服二部,话务员受理,244,41
15070,"2024-08-15","2001",业务一科,话务员办理,201,32
15071,"2024-08-15","2002",业务二科,话务员办理,242,29
15072,"2024-08-15","3001",热线审核中心,热线审核,215,29
15073,"2024-08-15","3002",热线复核中心,热线复核,181,17
15074,"2024-08-15","4001",承办单位A,承办单位审核,86,12
15075,"2024-08-15","4001",承办单位A,承办单位处理,68,4
15076,"2024-08-15","4002",承办单位B,承办单位处理,242,15
15077,"2024-08-15","4003",承办复核部A,承办单位复核,122,6
15078,"2024-08-15","5001",结案一部,办结,50,7
15079,"2024-08-15","5002",结案二部,办结,150,20
15080,"2024-08-15","6001",客户回访一组,回访,210,23
15081,"2024-08-15","6002",客户回访二组,回访,237,19
15082,"2024-08-15","6003",客户回访三组,回访,140,24
15083,"2024-08-15","7001",档案管理部,归档,130,21
15084,"2024-08-15","8001",异常工单组,挂起,109,3
15085,"2024-08-16","1001",客服一部,话务员暂存,95,0
15086,"2024-08-16","1001",客服一部,话务员受理,53,1
15087,"2024-08-16","1002",客服二部,话务员受理,108,3
15088,"2024-08-16","2001",业务一科,话务员办理,76,5
15089,"2024-08-16","2002",业务二科,话务员办理,111,11
15090,"2024-08-16","3001",热线审核中心,热线审核,259,9
15091,"2024-08-16","3002",热线复核中心,热线复核,83,6
15092,"2024-08-16","4001",承办单位A,承办单位审核,78,4
15093,"2024-08-16","4001",承办单位A,承办单位处理,224,0
15094,"2024-08-16","4002",承办单位B,承办单位处理,205,38
15095,"2024-08-16","4003",承办复核部A,承办单位复核,300,29
15096,"2024-08-16","5001",结案一部,办结,150,29
15097,"2024-08-16","5002",结案二部,办结,168,10
15098,"2024-08-16","6001",客户回访一组,回访,61,10
15099,"2024-08-16","6002",客户回访二组,回访,254,24
15100,"2024-08-16","6003",客户回访三组,回访,206,41
15101,"2024-08-16","7001",档案管理部,归档,298,56
15102,"2024-08-16","8001",异常工单组,挂起,267,2
15103,"2024-08-17","1001",客服一部,话务员暂存,163,0
15104,"2024-08-17","1001",客服一部,话务员受理,118,15
15105,"2024-08-17","1002",客服二部,话务员受理,105,12
15106,"2024-08-17","2001",业务一科,话务员办理,257,41
15107,"2024-08-17","2002",业务二科,话务员办理,289,32
15108,"2024-08-17","3001",热线审核中心,热线审核,294,14
15109,"2024-08-17","3002",热线复核中心,热线复核,115,13
15110,"2024-08-17","4001",承办单位A,承办单位审核,121,8
15111,"2024-08-17","4001",承办单位A,承办单位处理,75,1
15112,"2024-08-17","4002",承办单位B,承办单位处理,101,1
15113,"2024-08-17","4003",承办复核部A,承办单位复核,187,18
15114,"2024-08-17","5001",结案一部,办结,275,40
15115,"2024-08-17","5002",结案二部,办结,263,30
15116,"2024-08-17","6001",客户回访一组,回访,271,4
15117,"2024-08-17","6002",客户回访二组,回访,227,34
15118,"2024-08-17","6003",客户回访三组,回访,162,27
15119,"2024-08-17","7001",档案管理部,归档,86,6
15120,"2024-08-17","8001",异常工单组,挂起,227,21
15121,"2024-08-18","1001",客服一部,话务员暂存,118,0
15122,"2024-08-18","1001",客服一部,话务员受理,157,18
15123,"2024-08-18","1002",客服二部,话务员受理,275,37
15124,"2024-08-18","2001",业务一科,话务员办理,171,6
15125,"2024-08-18","2002",业务二科,话务员办理,128,5
15126,"2024-08-18","3001",热线审核中心,热线审核,217,4
15127,"2024-08-18","3002",热线复核中心,热线复核,154,26
15128,"2024-08-18","4001",承办单位A,承办单位审核,120,22
15129,"2024-08-18","4001",承办单位A,承办单位处理,102,14
15130,"2024-08-18","4002",承办单位B,承办单位处理,112,20
15131,"2024-08-18","4003",承办复核部A,承办单位复核,57,10
15132,"2024-08-18","5001",结案一部,办结,85,4
15133,"2024-08-18","5002",结案二部,办结,241,27
15134,"2024-08-18","6001",客户回访一组,回访,259,29
15135,"2024-08-18","6002",客户回访二组,回访,229,22
15136,"2024-08-18","6003",客户回访三组,回访,118,7
15137,"2024-08-18","7001",档案管理部,归档,225,22
15138,"2024-08-18","8001",异常工单组,挂起,239,39
15139,"2024-08-19","1001",客服一部,话务员暂存,190,0
15140,"2024-08-19","1001",客服一部,话务员受理,79,2
15141,"2024-08-19","1002",客服二部,话务员受理,158,11
15142,"2024-08-19","2001",业务一科,话务员办理,267,37
15143,"2024-08-19","2002",业务二科,话务员办理,159,3
15144,"2024-08-19","3001",热线审核中心,热线审核,217,38
15145,"2024-08-19","3002",热线复核中心,热线复核,119,18
15146,"2024-08-19","4001",承办单位A,承办单位审核,102,6
15147,"2024-08-19","4001",承办单位A,承办单位处理,176,28
15148,"2024-08-19","4002",承办单位B,承办单位处理,260,12
15149,"2024-08-19","4003",承办复核部A,承办单位复核,130,0
15150,"2024-08-19","5001",结案一部,办结,278,4
15151,"2024-08-19","5002",结案二部,办结,129,21
15152,"2024-08-19","6001",客户回访一组,回访,80,16
15153,"2024-08-19","6002",客户回访二组,回访,288,4
15154,"2024-08-19","6003",客户回访三组,回访,94,12
15155,"2024-08-19","7001",档案管理部,归档,223,2
15156,"2024-08-19","8001",异常工单组,挂起,145,10
15157,"2024-08-20","1001",客服一部,话务员暂存,113,0
15158,"2024-08-20","1001",客服一部,话务员受理,136,6
15159,"2024-08-20","1002",客服二部,话务员受理,238,37
15160,"2024-08-20","2001",业务一科,话务员办理,262,14
15161,"2024-08-20","2002",业务二科,话务员办理,155,3
15162,"2024-08-20","3001",热线审核中心,热线审核,100,16
15163,"2024-08-20","3002",热线复核中心,热线复核,205,23
15164,"2024-08-20","4001",承办单位A,承办单位审核,272,2
15165,"2024-08-20","4001",承办单位A,承办单位处理,280,16
15166,"2024-08-20","4002",承办单位B,承办单位处理,102,5
15167,"2024-08-20","4003",承办复核部A,承办单位复核,98,0
15168,"2024-08-20","5001",结案一部,办结,82,2
15169,"2024-08-20","5002",结案二部,办结,223,42
15170,"2024-08-20","6001",客户回访一组,回访,200,15
15171,"2024-08-20","6002",客户回访二组,回访,246,5
15172,"2024-08-20","6003",客户回访三组,回访,82,9
15173,"2024-08-20","7001",档案管理部,归档,112,21
15174,"2024-08-20","8001",异常工单组,挂起,254,20
15175,"2024-08-21","1001",客服一部,话务员暂存,232,0
15176,"2024-08-21","1001",客服一部,话务员受理,110,13
15177,"2024-08-21","1002",客服二部,话务员受理,56,0
15178,"2024-08-21","2001",业务一科,话务员办理,151,5
15179,"2024-08-21","2002",业务二科,话务员办理,161,4
15180,"2024-08-21","3001",热线审核中心,热线审核,187,16
15181,"2024-08-21","3002",热线复核中心,热线复核,108,4
15182,"2024-08-21","4001",承办单位A,承办单位审核,57,10
15183,"2024-08-21","4001",承办单位A,承办单位处理,204,3
15184,"2024-08-21","4002",承办单位B,承办单位处理,294,22
15185,"2024-08-21","4003",承办复核部A,承办单位复核,176,16
15186,"2024-08-21","5001",结案一部,办结,288,3
15187,"2024-08-21","5002",结案二部,办结,189,13
15188,"2024-08-21","6001",客户回访一组,回访,247,48
15189,"2024-08-21","6002",客户回访二组,回访,54,0
15190,"2024-08-21","6003",客户回访三组,回访,155,13
15191,"2024-08-21","7001",档案管理部,归档,107,12
15192,"2024-08-21","8001",异常工单组,挂起,256,38
15193,"2024-08-22","1001",客服一部,话务员暂存,183,0
15194,"2024-08-22","1001",客服一部,话务员受理,272,28
15195,"2024-08-22","1002",客服二部,话务员受理,238,26
15196,"2024-08-22","2001",业务一科,话务员办理,239,19
15197,"2024-08-22","2002",业务二科,话务员办理,295,40
15198,"2024-08-22","3001",热线审核中心,热线审核,282,20
15199,"2024-08-22","3002",热线复核中心,热线复核,149,6
15200,"2024-08-22","4001",承办单位A,承办单位审核,240,1
15201,"2024-08-22","4001",承办单位A,承办单位处理,122,16
15202,"2024-08-22","4002",承办单位B,承办单位处理,188,22
15203,"2024-08-22","4003",承办复核部A,承办单位复核,247,49
15204,"2024-08-22","5001",结案一部,办结,285,43
15205,"2024-08-22","5002",结案二部,办结,186,30
15206,"2024-08-22","6001",客户回访一组,回访,76,13
15207,"2024-08-22","6002",客户回访二组,回访,216,20
15208,"2024-08-22","6003",客户回访三组,回访,258,23
15209,"2024-08-22","7001",档案管理部,归档,72,5
15210,"2024-08-22","8001",异常工单组,挂起,105,1
15211,"2024-08-23","1001",客服一部,话务员暂存,166,0
15212,"2024-08-23","1001",客服一部,话务员受理,299,27
15213,"2024-08-23","1002",客服二部,话务员受理,286,57
15214,"2024-08-23","2001",业务一科,话务员办理,97,1
15215,"2024-08-23","2002",业务二科,话务员办理,125,17
15216,"2024-08-23","3001",热线审核中心,热线审核,101,8
15217,"2024-08-23","3002",热线复核中心,热线复核,275,53
15218,"2024-08-23","4001",承办单位A,承办单位审核,183,18
15219,"2024-08-23","4001",承办单位A,承办单位处理,74,11
15220,"2024-08-23","4002",承办单位B,承办单位处理,150,19
15221,"2024-08-23","4003",承办复核部A,承办单位复核,202,7
15222,"2024-08-23","5001",结案一部,办结,228,19
15223,"2024-08-23","5002",结案二部,办结,246,26
15224,"2024-08-23","6001",客户回访一组,回访,223,38
15225,"2024-08-23","6002",客户回访二组,回访,134,16
15226,"2024-08-23","6003",客户回访三组,回访,273,37
15227,"2024-08-23","7001",档案管理部,归档,78,2
15228,"2024-08-23","8001",异常工单组,挂起,125,21
15229,"2024-08-24","1001",客服一部,话务员暂存,154,0
15230,"2024-08-24","1001",客服一部,话务员受理,180,28
15231,"2024-08-24","1002",客服二部,话务员受理,155,28
15232,"2024-08-24","2001",业务一科,话务员办理,298,54
15233,"2024-08-24","2002",业务二科,话务员办理,67,8
15234,"2024-08-24","3001",热线审核中心,热线审核,254,29
15235,"2024-08-24","3002",热线复核中心,热线复核,75,11
15236,"2024-08-24","4001",承办单位A,承办单位审核,268,4
15237,"2024-08-24","4001",承办单位A,承办单位处理,212,24
15238,"2024-08-24","4002",承办单位B,承办单位处理,277,14
15239,"2024-08-24","4003",承办复核部A,承办单位复核,158,31
15240,"2024-08-24","5001",结案一部,办结,230,24
15241,"2024-08-24","5002",结案二部,办结,140,4
15242,"2024-08-24","6001",客户回访一组,回访,158,21
15243,"2024-08-24","6002",客户回访二组,回访,214,26
15244,"2024-08-24","6003",客户回访三组,回访,206,15
15245,"2024-08-24","7001",档案管理部,归档,255,21
15246,"2024-08-24","8001",异常工单组,挂起,291,49
15247,"2024-08-25","1001",客服一部,话务员暂存,92,0
15248,"2024-08-25","1001",客服一部,话务员受理,265,6
15249,"2024-08-25","1002",客服二部,话务员受理,218,0
15250,"2024-08-25","2001",业务一科,话务员办理,118,7
15251,"2024-08-25","2002",业务二科,话务员办理,254,20
15252,"2024-08-25","3001",热线审核中心,热线审核,70,13
15253,"2024-08-25","3002",热线复核中心,热线复核,166,14
15254,"2024-08-25","4001",承办单位A,承办单位审核,124,6
15255,"2024-08-25","4001",承办单位A,承办单位处理,88,14
15256,"2024-08-25","4002",承办单位B,承办单位处理,93,18
15257,"2024-08-25","4003",承办复核部A,承办单位复核,69,0
15258,"2024-08-25","5001",结案一部,办结,237,13
15259,"2024-08-25","5002",结案二部,办结,157,22
15260,"2024-08-25","6001",客户回访一组,回访,240,10
15261,"2024-08-25","6002",客户回访二组,回访,268,11
15262,"2024-08-25","6003",客户回访三组,回访,233,38
15263,"2024-08-25","7001",档案管理部,归档,229,7
15264,"2024-08-25","8001",异常工单组,挂起,70,10
15265,"2024-08-26","1001",客服一部,话务员暂存,221,0
15266,"2024-08-26","1001",客服一部,话务员受理,118,20
15267,"2024-08-26","1002",客服二部,话务员受理,122,8
15268,"2024-08-26","2001",业务一科,话务员办理,75,12
15269,"2024-08-26","2002",业务二科,话务员办理,124,1
15270,"2024-08-26","3001",热线审核中心,热线审核,133,12
15271,"2024-08-26","3002",热线复核中心,热线复核,90,4
15272,"2024-08-26","4001",承办单位A,承办单位审核,104,5
15273,"2024-08-26","4001",承办单位A,承办单位处理,247,44
15274,"2024-08-26","4002",承办单位B,承办单位处理,65,12
15275,"2024-08-26","4003",承办复核部A,承办单位复核,285,38
15276,"2024-08-26","5001",结案一部,办结,222,1
15277,"2024-08-26","5002",结案二部,办结,133,9
15278,"2024-08-26","6001",客户回访一组,回访,117,23
15279,"2024-08-26","6002",客户回访二组,回访,83,14
15280,"2024-08-26","6003",客户回访三组,回访,79,3
15281,"2024-08-26","7001",档案管理部,归档,53,0
15282,"2024-08-26","8001",异常工单组,挂起,221,33
15283,"2024-08-27","1001",客服一部,话务员暂存,284,0
15284,"2024-08-27","1001",客服一部,话务员受理,87,10
15285,"2024-08-27","1002",客服二部,话务员受理,101,17
15286,"2024-08-27","2001",业务一科,话务员办理,190,8
15287,"2024-08-27","2002",业务二科,话务员办理,215,11
15288,"2024-08-27","3001",热线审核中心,热线审核,244,36
15289,"2024-08-27","3002",热线复核中心,热线复核,207,22
15290,"2024-08-27","4001",承办单位A,承办单位审核,223,3
15291,"2024-08-27","4001",承办单位A,承办单位处理,248,8
15292,"2024-08-27","4002",承办单位B,承办单位处理,137,13
15293,"2024-08-27","4003",承办复核部A,承办单位复核,98,19
15294,"2024-08-27","5001",结案一部,办结,153,17
15295,"2024-08-27","5002",结案二部,办结,248,39
15296,"2024-08-27","6001",客户回访一组,回访,226,17
15297,"2024-08-27","6002",客户回访二组,回访,187,27
15298,"2024-08-27","6003",客户回访三组,回访,243,38
15299,"2024-08-27","7001",档案管理部,归档,140,20
15300,"2024-08-27","8001",异常工单组,挂起,243,3
15301,"2024-08-28","1001",客服一部,话务员暂存,81,0
15302,"2024-08-28","1001",客服一部,话务员受理,66,0
15303,"2024-08-28","1002",客服二部,话务员受理,50,0
15304,"2024-08-28","2001",业务一科,话务员办理,216,35
15305,"2024-08-28","2002",业务二科,话务员办理,87,16
15306,"2024-08-28","3001",热线审核中心,热线审核,95,5
15307,"2024-08-28","3002",热线复核中心,热线复核,199,23
15308,"2024-08-28","4001",承办单位A,承办单位审核,273,20
15309,"2024-08-28","4001",承办单位A,承办单位处理,250,31
15310,"2024-08-28","4002",承办单位B,承办单位处理,290,55
15311,"2024-08-28","4003",承办复核部A,承办单位复核,286,21
15312,"2024-08-28","5001",结案一部,办结,136,8
15313,"2024-08-28","5002",结案二部,办结,286,43
15314,"2024-08-28","6001",客户回访一组,回访,182,16
15315,"2024-08-28","6002",客户回访二组,回访,250,43
15316,"2024-08-28","6003",客户回访三组,回访,145,20
15317,"2024-08-28","7001",档案管理部,归档,275,10
15318,"2024-08-28","8001",异常工单组,挂起,66,12
15319,"2024-08-29","1001",客服一部,话务员暂存,296,0
15320,"2024-08-29","1001",客服一部,话务员受理,225,32
15321,"2024-08-29","1002",客服二部,话务员受理,246,28
15322,"2024-08-29","2001",业务一科,话务员办理,224,32
15323,"2024-08-29","2002",业务二科,话务员办理,149,4
15324,"2024-08-29","3001",热线审核中心,热线审核,144,6
15325,"2024-08-29","3002",热线复核中心,热线复核,138,2
15326,"2024-08-29","4001",承办单位A,承办单位审核,216,10
15327,"2024-08-29","4001",承办单位A,承办单位处理,176,4
15328,"2024-08-29","4002",承办单位B,承办单位处理,258,14
15329,"2024-08-29","4003",承办复核部A,承办单位复核,158,17
15330,"2024-08-29","5001",结案一部,办结,159,22
15331,"2024-08-29","5002",结案二部,办结,253,47
15332,"2024-08-29","6001",客户回访一组,回访,58,10
15333,"2024-08-29","6002",客户回访二组,回访,95,5
15334,"2024-08-29","6003",客户回访三组,回访,272,24
15335,"2024-08-29","7001",档案管理部,归档,278,8
15336,"2024-08-29","8001",异常工单组,挂起,126,19
15337,"2024-08-30","1001",客服一部,话务员暂存,137,0
15338,"2024-08-30","1001",客服一部,话务员受理,64,4
15339,"2024-08-30","1002",客服二部,话务员受理,262,10
15340,"2024-08-30","2001",业务一科,话务员办理,89,16
15341,"2024-08-30","2002",业务二科,话务员办理,68,3
15342,"2024-08-30","3001",热线审核中心,热线审核,130,17
15343,"2024-08-30","3002",热线复核中心,热线复核,269,31
15344,"2024-08-30","4001",承办单位A,承办单位审核,146,11
15345,"2024-08-30","4001",承办单位A,承办单位处理,95,1
15346,"2024-08-30","4002",承办单位B,承办单位处理,143,17
15347,"2024-08-30","4003",承办复核部A,承办单位复核,185,0
15348,"2024-08-30","5001",结案一部,办结,167,23
15349,"2024-08-30","5002",结案二部,办结,190,16
15350,"2024-08-30","6001",客户回访一组,回访,275,1
15351,"2024-08-30","6002",客户回访二组,回访,173,16
15352,"2024-08-30","6003",客户回访三组,回访,248,46
15353,"2024-08-30","7001",档案管理部,归档,185,12
15354,"2024-08-30","8001",异常工单组,挂起,172,12
15355,"2024-08-31","1001",客服一部,话务员暂存,120,0
15356,"2024-08-31","1001",客服一部,话务员受理,275,10
15357,"2024-08-31","1002",客服二部,话务员受理,261,40
15358,"2024-08-31","2001",业务一科,话务员办理,234,36
15359,"2024-08-31","2002",业务二科,话务员办理,126,6
15360,"2024-08-31","3001",热线审核中心,热线审核,216,3
15361,"2024-08-31","3002",热线复核中心,热线复核,165,30
15362,"2024-08-31","4001",承办单位A,承办单位审核,128,22
15363,"2024-08-31","4001",承办单位A,承办单位处理,83,0
15364,"2024-08-31","4002",承办单位B,承办单位处理,255,16
15365,"2024-08-31","4003",承办复核部A,承办单位复核,89,17
15366,"2024-08-31","5001",结案一部,办结,187,28
15367,"2024-08-31","5002",结案二部,办结,81,4
15368,"2024-08-31","6001",客户回访一组,回访,196,19
15369,"2024-08-31","6002",客户回访二组,回访,129,12
15370,"2024-08-31","6003",客户回访三组,回访,271,12
15371,"2024-08-31","7001",档案管理部,归档,289,4
15372,"2024-08-31","8001",异常工单组,挂起,140,26
15373,"2024-09-01","1001",客服一部,话务员暂存,58,0
15374,"2024-09-01","1001",客服一部,话务员受理,245,47
15375,"2024-09-01","1002",客服二部,话务员受理,111,14
15376,"2024-09-01","2001",业务一科,话务员办理,121,10
15377,"2024-09-01","2002",业务二科,话务员办理,169,20
15378,"2024-09-01","3001",热线审核中心,热线审核,120,12
15379,"2024-09-01","3002",热线复核中心,热线复核,185,21
15380,"2024-09-01","4001",承办单位A,承办单位审核,251,47
15381,"2024-09-01","4001",承办单位A,承办单位处理,80,1
15382,"2024-09-01","4002",承办单位B,承办单位处理,113,19
15383,"2024-09-01","4003",承办复核部A,承办单位复核,121,7
15384,"2024-09-01","5001",结案一部,办结,227,24
15385,"2024-09-01","5002",结案二部,办结,110,10
15386,"2024-09-01","6001",客户回访一组,回访,135,12
15387,"2024-09-01","6002",客户回访二组,回访,287,32
15388,"2024-09-01","6003",客户回访三组,回访,52,6
15389,"2024-09-01","7001",档案管理部,归档,286,17
15390,"2024-09-01","8001",异常工单组,挂起,261,49
15391,"2024-09-02","1001",客服一部,话务员暂存,170,0
15392,"2024-09-02","1001",客服一部,话务员受理,50,7
15393,"2024-09-02","1002",客服二部,话务员受理,194,6
15394,"2024-09-02","2001",业务一科,话务员办理,82,6
15395,"2024-09-02","2002",业务二科,话务员办理,126,22
15396,"2024-09-02","3001",热线审核中心,热线审核,63,6
15397,"2024-09-02","3002",热线复核中心,热线复核,216,31
15398,"2024-09-02","4001",承办单位A,承办单位审核,141,7
15399,"2024-09-02","4001",承办单位A,承办单位处理,50,3
15400,"2024-09-02","4002",承办单位B,承办单位处理,197,12
15401,"2024-09-02","4003",承办复核部A,承办单位复核,257,35
15402,"2024-09-02","5001",结案一部,办结,62,3
15403,"2024-09-02","5002",结案二部,办结,114,20
15404,"2024-09-02","6001",客户回访一组,回访,107,14
15405,"2024-09-02","6002",客户回访二组,回访,261,26
15406,"2024-09-02","6003",客户回访三组,回访,63,12
15407,"2024-09-02","7001",档案管理部,归档,200,36
15408,"2024-09-02","8001",异常工单组,挂起,267,13
15409,"2024-09-03","1001",客服一部,话务员暂存,229,0
15410,"2024-09-03","1001",客服一部,话务员受理,268,50
15411,"2024-09-03","1002",客服二部,话务员受理,179,22
15412,"2024-09-03","2001",业务一科,话务员办理,63,11
15413,"2024-09-03","2002",业务二科,话务员办理,203,19
15414,"2024-09-03","3001",热线审核中心,热线审核,246,23
15415,"2024-09-03","3002",热线复核中心,热线复核,170,18
15416,"2024-09-03","4001",承办单位A,承办单位审核,50,2
15417,"2024-09-03","4001",承办单位A,承办单位处理,165,14
15418,"2024-09-03","4002",承办单位B,承办单位处理,169,23
15419,"2024-09-03","4003",承办复核部A,承办单位复核,158,27
15420,"2024-09-03","5001",结案一部,办结,117,0
15421,"2024-09-03","5002",结案二部,办结,122,11
15422,"2024-09-03","6001",客户回访一组,回访,158,11
15423,"2024-09-03","6002",客户回访二组,回访,266,5
15424,"2024-09-03","6003",客户回访三组,回访,201,28
15425,"2024-09-03","7001",档案管理部,归档,287,38
15426,"2024-09-03","8001",异常工单组,挂起,252,26
15427,"2024-09-04","1001",客服一部,话务员暂存,103,0
15428,"2024-09-04","1001",客服一部,话务员受理,85,0
15429,"2024-09-04","1002",客服二部,话务员受理,110,10
15430,"2024-09-04","2001",业务一科,话务员办理,293,44
15431,"2024-09-04","2002",业务二科,话务员办理,60,0
15432,"2024-09-04","3001",热线审核中心,热线审核,276,46
15433,"2024-09-04","3002",热线复核中心,热线复核,151,23
15434,"2024-09-04","4001",承办单位A,承办单位审核,120,22
15435,"2024-09-04","4001",承办单位A,承办单位处理,55,1
15436,"2024-09-04","4002",承办单位B,承办单位处理,271,38
15437,"2024-09-04","4003",承办复核部A,承办单位复核,116,22
15438,"2024-09-04","5001",结案一部,办结,56,6
15439,"2024-09-04","5002",结案二部,办结,210,25
15440,"2024-09-04","6001",客户回访一组,回访,117,11
15441,"2024-09-04","6002",客户回访二组,回访,153,3
15442,"2024-09-04","6003",客户回访三组,回访,184,5
15443,"2024-09-04","7001",档案管理部,归档,65,1
15444,"2024-09-04","8001",异常工单组,挂起,65,6
15445,"2024-09-05","1001",客服一部,话务员暂存,112,0
15446,"2024-09-05","1001",客服一部,话务员受理,70,2
15447,"2024-09-05","1002",客服二部,话务员受理,169,33
15448,"2024-09-05","2001",业务一科,话务员办理,205,39
15449,"2024-09-05","2002",业务二科,话务员办理,58,10
15450,"2024-09-05","3001",热线审核中心,热线审核,193,16
15451,"2024-09-05","3002",热线复核中心,热线复核,89,7
15452,"2024-09-05","4001",承办单位A,承办单位审核,217,18
15453,"2024-09-05","4001",承办单位A,承办单位处理,61,2
15454,"2024-09-05","4002",承办单位B,承办单位处理,55,2
15455,"2024-09-05","4003",承办复核部A,承办单位复核,121,1
15456,"2024-09-05","5001",结案一部,办结,52,4
15457,"2024-09-05","5002",结案二部,办结,224,14
15458,"2024-09-05","6001",客户回访一组,回访,215,36
15459,"2024-09-05","6002",客户回访二组,回访,99,10
15460,"2024-09-05","6003",客户回访三组,回访,266,4
15461,"2024-09-05","7001",档案管理部,归档,61,0
15462,"2024-09-05","8001",异常工单组,挂起,262,25
15463,"2024-09-06","1001",客服一部,话务员暂存,101,0
15464,"2024-09-06","1001",客服一部,话务员受理,154,26
15465,"2024-09-06","1002",客服二部,话务员受理,282,5
15466,"2024-09-06","2001",业务一科,话务员办理,241,6
15467,"2024-09-06","2002",业务二科,话务员办理,227,44
15468,"2024-09-06","3001",热线审核中心,热线审核,157,25
15469,"2024-09-06","3002",热线复核中心,热线复核,98,15
15470,"2024-09-06","4001",承办单位A,承办单位审核,153,12
15471,"2024-09-06","4001",承办单位A,承办单位处理,92,10
15472,"2024-09-06","4002",承办单位B,承办单位处理,270,54
15473,"2024-09-06","4003",承办复核部A,承办单位复核,255,27
15474,"2024-09-06","5001",结案一部,办结,249,21
15475,"2024-09-06","5002",结案二部,办结,171,15
15476,"2024-09-06","6001",客户回访一组,回访,128,14
15477,"2024-09-06","6002",客户回访二组,回访,183,22
15478,"2024-09-06","6003",客户回访三组,回访,252,41
15479,"2024-09-06","7001",档案管理部,归档,119,13
15480,"2024-09-06","8001",异常工单组,挂起,187,32
15481,"2024-09-07","1001",客服一部,话务员暂存,227,0
15482,"2024-09-07","1001",客服一部,话务员受理,74,10
15483,"2024-09-07","1002",客服二部,话务员受理,104,15
15484,"2024-09-07","2001",业务一科,话务员办理,173,29
15485,"2024-09-07","2002",业务二科,话务员办理,74,3
15486,"2024-09-07","3001",热线审核中心,热线审核,229,5
15487,"2024-09-07","3002",热线复核中心,热线复核,286,12
15488,"2024-09-07","4001",承办单位A,承办单位审核,210,35
15489,"2024-09-07","4001",承办单位A,承办单位处理,259,26
15490,"2024-09-07","4002",承办单位B,承办单位处理,113,0
15491,"2024-09-07","4003",承办复核部A,承办单位复核,293,17
15492,"2024-09-07","5001",结案一部,办结,121,19
15493,"2024-09-07","5002",结案二部,办结,81,8
15494,"2024-09-07","6001",客户回访一组,回访,52,8
15495,"2024-09-07","6002",客户回访二组,回访,151,11
15496,"2024-09-07","6003",客户回访三组,回访,257,12
15497,"2024-09-07","7001",档案管理部,归档,85,1
15498,"2024-09-07","8001",异常工单组,挂起,60,2
15499,"2024-09-08","1001",客服一部,话务员暂存,54,0
15500,"2024-09-08","1001",客服一部,话务员受理,94,3
15501,"2024-09-08","1002",客服二部,话务员受理,182,10
15502,"2024-09-08","2001",业务一科,话务员办理,211,16
15503,"2024-09-08","2002",业务二科,话务员办理,241,35
15504,"2024-09-08","3001",热线审核中心,热线审核,193,2
15505,"2024-09-08","3002",热线复核中心,热线复核,52,2
15506,"2024-09-08","4001",承办单位A,承办单位审核,172,23
15507,"2024-09-08","4001",承办单位A,承办单位处理,121,18
15508,"2024-09-08","4002",承办单位B,承办单位处理,67,0
15509,"2024-09-08","4003",承办复核部A,承办单位复核,216,9
15510,"2024-09-08","5001",结案一部,办结,213,17
15511,"2024-09-08","5002",结案二部,办结,176,13
15512,"2024-09-08","6001",客户回访一组,回访,171,4
15513,"2024-09-08","6002",客户回访二组,回访,78,10
15514,"2024-09-08","6003",客户回访三组,回访,55,4
15515,"2024-09-08","7001",档案管理部,归档,147,25
15516,"2024-09-08","8001",异常工单组,挂起,125,15
15517,"2024-09-09","1001",客服一部,话务员暂存,174,0
15518,"2024-09-09","1001",客服一部,话务员受理,186,6
15519,"2024-09-09","1002",客服二部,话务员受理,227,19
15520,"2024-09-09","2001",业务一科,话务员办理,132,21
15521,"2024-09-09","2002",业务二科,话务员办理,278,12
15522,"2024-09-09","3001",热线审核中心,热线审核,254,49
15523,"2024-09-09","3002",热线复核中心,热线复核,155,23
15524,"2024-09-09","4001",承办单位A,承办单位审核,209,35
15525,"2024-09-09","4001",承办单位A,承办单位处理,273,28
15526,"2024-09-09","4002",承办单位B,承办单位处理,282,52
15527,"2024-09-09","4003",承办复核部A,承办单位复核,173,20
15528,"2024-09-09","5001",结案一部,办结,251,8
15529,"2024-09-09","5002",结案二部,办结,246,16
15530,"2024-09-09","6001",客户回访一组,回访,231,25
15531,"2024-09-09","6002",客户回访二组,回访,161,16
15532,"2024-09-09","6003",客户回访三组,回访,152,15
15533,"2024-09-09","7001",档案管理部,归档,214,22
15534,"2024-09-09","8001",异常工单组,挂起,92,4
15535,"2024-09-10","1001",客服一部,话务员暂存,52,0
15536,"2024-09-10","1001",客服一部,话务员受理,218,9
15537,"2024-09-10","1002",客服二部,话务员受理,155,28
15538,"2024-09-10","2001",业务一科,话务员办理,142,6
15539,"2024-09-10","2002",业务二科,话务员办理,271,31
15540,"2024-09-10","3001",热线审核中心,热线审核,87,2
15541,"2024-09-10","3002",热线复核中心,热线复核,161,8
15542,"2024-09-10","4001",承办单位A,承办单位审核,148,3
15543,"2024-09-10","4001",承办单位A,承办单位处理,95,0
15544,"2024-09-10","4002",承办单位B,承办单位处理,62,9
15545,"2024-09-10","4003",承办复核部A,承办单位复核,252,50
15546,"2024-09-10","5001",结案一部,办结,150,9
15547,"2024-09-10","5002",结案二部,办结,196,1
15548,"2024-09-10","6001",客户回访一组,回访,150,22
15549,"2024-09-10","6002",客户回访二组,回访,126,24
15550,"2024-09-10","6003",客户回访三组,回访,185,34
15551,"2024-09-10","7001",档案管理部,归档,75,3
15552,"2024-09-10","8001",异常工单组,挂起,269,15
15553,"2024-09-11","1001",客服一部,话务员暂存,73,0
15554,"2024-09-11","1001",客服一部,话务员受理,239,8
15555,"2024-09-11","1002",客服二部,话务员受理,119,16
15556,"2024-09-11","2001",业务一科,话务员办理,266,53
15557,"2024-09-11","2002",业务二科,话务员办理,160,29
15558,"2024-09-11","3001",热线审核中心,热线审核,132,17
15559,"2024-09-11","3002",热线复核中心,热线复核,146,28
15560,"2024-09-11","4001",承办单位A,承办单位审核,274,29
15561,"2024-09-11","4001",承办单位A,承办单位处理,79,7
15562,"2024-09-11","4002",承办单位B,承办单位处理,220,27
15563,"2024-09-11","4003",承办复核部A,承办单位复核,124,8
15564,"2024-09-11","5001",结案一部,办结,208,21
15565,"2024-09-11","5002",结案二部,办结,276,1
15566,"2024-09-11","6001",客户回访一组,回访,161,20
15567,"2024-09-11","6002",客户回访二组,回访,91,14
15568,"2024-09-11","6003",客户回访三组,回访,81,9
15569,"2024-09-11","7001",档案管理部,归档,97,16
15570,"2024-09-11","8001",异常工单组,挂起,121,9
15571,"2024-09-12","1001",客服一部,话务员暂存,258,0
15572,"2024-09-12","1001",客服一部,话务员受理,145,16
15573,"2024-09-12","1002",客服二部,话务员受理,199,25
15574,"2024-09-12","2001",业务一科,话务员办理,226,4
15575,"2024-09-12","2002",业务二科,话务员办理,143,19
15576,"2024-09-12","3001",热线审核中心,热线审核,153,9
15577,"2024-09-12","3002",热线复核中心,热线复核,139,12
15578,"2024-09-12","4001",承办单位A,承办单位审核,280,16
15579,"2024-09-12","4001",承办单位A,承办单位处理,295,19
15580,"2024-09-12","4002",承办单位B,承办单位处理,268,38
15581,"2024-09-12","4003",承办复核部A,承办单位复核,260,22
15582,"2024-09-12","5001",结案一部,办结,217,36
15583,"2024-09-12","5002",结案二部,办结,191,13
15584,"2024-09-12","6001",客户回访一组,回访,200,3
15585,"2024-09-12","6002",客户回访二组,回访,294,41
15586,"2024-09-12","6003",客户回访三组,回访,226,43
15587,"2024-09-12","7001",档案管理部,归档,69,8
15588,"2024-09-12","8001",异常工单组,挂起,290,30
15589,"2024-09-13","1001",客服一部,话务员暂存,229,0
15590,"2024-09-13","1001",客服一部,话务员受理,117,11
15591,"2024-09-13","1002",客服二部,话务员受理,230,19
15592,"2024-09-13","2001",业务一科,话务员办理,182,10
15593,"2024-09-13","2002",业务二科,话务员办理,107,0
15594,"2024-09-13","3001",热线审核中心,热线审核,134,8
15595,"2024-09-13","3002",热线复核中心,热线复核,160,4
15596,"2024-09-13","4001",承办单位A,承办单位审核,94,16
15597,"2024-09-13","4001",承办单位A,承办单位处理,201,12
15598,"2024-09-13","4002",承办单位B,承办单位处理,224,18
15599,"2024-09-13","4003",承办复核部A,承办单位复核,248,7
15600,"2024-09-13","5001",结案一部,办结,127,16
15601,"2024-09-13","5002",结案二部,办结,63,6
15602,"2024-09-13","6001",客户回访一组,回访,52,9
15603,"2024-09-13","6002",客户回访二组,回访,53,6
15604,"2024-09-13","6003",客户回访三组,回访,150,4
15605,"2024-09-13","7001",档案管理部,归档,144,4
15606,"2024-09-13","8001",异常工单组,挂起,262,15
15607,"2024-09-14","1001",客服一部,话务员暂存,102,0
15608,"2024-09-14","1001",客服一部,话务员受理,156,18
15609,"2024-09-14","1002",客服二部,话务员受理,151,9
15610,"2024-09-14","2001",业务一科,话务员办理,282,25
15611,"2024-09-14","2002",业务二科,话务员办理,246,37
15612,"2024-09-14","3001",热线审核中心,热线审核,53,2
15613,"2024-09-14","3002",热线复核中心,热线复核,217,16
15614,"2024-09-14","4001",承办单位A,承办单位审核,57,7
15615,"2024-09-14","4001",承办单位A,承办单位处理,292,28
15616,"2024-09-14","4002",承办单位B,承办单位处理,102,14
15617,"2024-09-14","4003",承办复核部A,承办单位复核,280,23
15618,"2024-09-14","5001",结案一部,办结,99,16
15619,"2024-09-14","5002",结案二部,办结,214,8
15620,"2024-09-14","6001",客户回访一组,回访,286,52
15621,"2024-09-14","6002",客户回访二组,回访,229,26
15622,"2024-09-14","6003",客户回访三组,回访,151,28
15623,"2024-09-14","7001",档案管理部,归档,235,9
15624,"2024-09-14","8001",异常工单组,挂起,74,6
15625,"2024-09-15","1001",客服一部,话务员暂存,180,0
15626,"2024-09-15","1001",客服一部,话务员受理,85,3
15627,"2024-09-15","1002",客服二部,话务员受理,273,52
15628,"2024-09-15","2001",业务一科,话务员办理,102,8
15629,"2024-09-15","2002",业务二科,话务员办理,286,25
15630,"2024-09-15","3001",热线审核中心,热线审核,222,19
15631,"2024-09-15","3002",热线复核中心,热线复核,112,20
15632,"2024-09-15","4001",承办单位A,承办单位审核,186,23
15633,"2024-09-15","4001",承办单位A,承办单位处理,73,0
15634,"2024-09-15","4002",承办单位B,承办单位处理,123,17
15635,"2024-09-15","4003",承办复核部A,承办单位复核,130,25
15636,"2024-09-15","5001",结案一部,办结,168,28
15637,"2024-09-15","5002",结案二部,办结,55,1
15638,"2024-09-15","6001",客户回访一组,回访,55,11
15639,"2024-09-15","6002",客户回访二组,回访,178,26
15640,"2024-09-15","6003",客户回访三组,回访,293,50
15641,"2024-09-15","7001",档案管理部,归档,189,8
15642,"2024-09-15","8001",异常工单组,挂起,102,11
15643,"2024-09-16","1001",客服一部,话务员暂存,117,0
15644,"2024-09-16","1001",客服一部,话务员受理,173,2
15645,"2024-09-16","1002",客服二部,话务员受理,223,43
15646,"2024-09-16","2001",业务一科,话务员办理,180,1
15647,"2024-09-16","2002",业务二科,话务员办理,217,40
15648,"2024-09-16","3001",热线审核中心,热线审核,264,25
15649,"2024-09-16","3002",热线复核中心,热线复核,123,16
15650,"2024-09-16","4001",承办单位A,承办单位审核,57,1
15651,"2024-09-16","4001",承办单位A,承办单位处理,106,17
15652,"2024-09-16","4002",承办单位B,承办单位处理,137,17
15653,"2024-09-16","4003",承办复核部A,承办单位复核,149,0
15654,"2024-09-16","5001",结案一部,办结,135,1
15655,"2024-09-16","5002",结案二部,办结,160,18
15656,"2024-09-16","6001",客户回访一组,回访,75,5
15657,"2024-09-16","6002",客户回访二组,回访,81,4
15658,"2024-09-16","6003",客户回访三组,回访,286,0
15659,"2024-09-16","7001",档案管理部,归档,197,12
15660,"2024-09-16","8001",异常工单组,挂起,52,2
15661,"2024-09-17","1001",客服一部,话务员暂存,218,0
15662,"2024-09-17","1001",客服一部,话务员受理,136,11
15663,"2024-09-17","1002",客服二部,话务员受理,198,28
15664,"2024-09-17","2001",业务一科,话务员办理,288,16
15665,"2024-09-17","2002",业务二科,话务员办理,238,21
15666,"2024-09-17","3001",热线审核中心,热线审核,211,22
15667,"2024-09-17","3002",热线复核中心,热线复核,265,23
15668,"2024-09-17","4001",承办单位A,承办单位审核,180,34
15669,"2024-09-17","4001",承办单位A,承办单位处理,199,39
15670,"2024-09-17","4002",承办单位B,承办单位处理,208,31
15671,"2024-09-17","4003",承办复核部A,承办单位复核,243,24
15672,"2024-09-17","5001",结案一部,办结,218,14
15673,"2024-09-17","5002",结案二部,办结,297,41
15674,"2024-09-17","6001",客户回访一组,回访,235,44
15675,"2024-09-17","6002",客户回访二组,回访,122,5
15676,"2024-09-17","6003",客户回访三组,回访,83,11
15677,"2024-09-17","7001",档案管理部,归档,194,4
15678,"2024-09-17","8001",异常工单组,挂起,127,3
15679,"2024-09-18","1001",客服一部,话务员暂存,246,0
15680,"2024-09-18","1001",客服一部,话务员受理,260,20
15681,"2024-09-18","1002",客服二部,话务员受理,52,2
15682,"2024-09-18","2001",业务一科,话务员办理,53,0
15683,"2024-09-18","2002",业务二科,话务员办理,50,0
15684,"2024-09-18","3001",热线审核中心,热线审核,223,29
15685,"2024-09-18","3002",热线复核中心,热线复核,275,0
15686,"2024-09-18","4001",承办单位A,承办单位审核,60,10
15687,"2024-09-18","4001",承办单位A,承办单位处理,277,27
15688,"2024-09-18","4002",承办单位B,承办单位处理,64,6
15689,"2024-09-18","4003",承办复核部A,承办单位复核,265,37
15690,"2024-09-18","5001",结案一部,办结,80,13
15691,"2024-09-18","5002",结案二部,办结,87,8
15692,"2024-09-18","6001",客户回访一组,回访,156,19
15693,"2024-09-18","6002",客户回访二组,回访,242,10
15694,"2024-09-18","6003",客户回访三组,回访,160,2
15695,"2024-09-18","7001",档案管理部,归档,248,12
15696,"2024-09-18","8001",异常工单组,挂起,289,34
15697,"2024-09-19","1001",客服一部,话务员暂存,296,0
15698,"2024-09-19","1001",客服一部,话务员受理,206,33
15699,"2024-09-19","1002",客服二部,话务员受理,72,10
15700,"2024-09-19","2001",业务一科,话务员办理,180,0
15701,"2024-09-19","2002",业务二科,话务员办理,266,11
15702,"2024-09-19","3001",热线审核中心,热线审核,260,1
15703,"2024-09-19","3002",热线复核中心,热线复核,244,21
15704,"2024-09-19","4001",承办单位A,承办单位审核,154,3
15705,"2024-09-19","4001",承办单位A,承办单位处理,223,5
15706,"2024-09-19","4002",承办单位B,承办单位处理,116,23
15707,"2024-09-19","4003",承办复核部A,承办单位复核,72,1
15708,"2024-09-19","5001",结案一部,办结,130,16
15709,"2024-09-19","5002",结案二部,办结,109,9
15710,"2024-09-19","6001",客户回访一组,回访,126,2
15711,"2024-09-19","6002",客户回访二组,回访,201,15
15712,"2024-09-19","6003",客户回访三组,回访,149,29
15713,"2024-09-19","7001",档案管理部,归档,276,19
15714,"2024-09-19","8001",异常工单组,挂起,236,27
15715,"2024-09-20","1001",客服一部,话务员暂存,252,0
15716,"2024-09-20","1001",客服一部,话务员受理,77,8
15717,"2024-09-20","1002",客服二部,话务员受理,198,33
15718,"2024-09-20","2001",业务一科,话务员办理,228,43
15719,"2024-09-20","2002",业务二科,话务员办理,282,48
15720,"2024-09-20","3001",热线审核中心,热线审核,267,35
15721,"2024-09-20","3002",热线复核中心,热线复核,201,31
15722,"2024-09-20","4001",承办单位A,承办单位审核,80,7
15723,"2024-09-20","4001",承办单位A,承办单位处理,104,1
15724,"2024-09-20","4002",承办单位B,承办单位处理,238,35
15725,"2024-09-20","4003",承办复核部A,承办单位复核,132,14
15726,"2024-09-20","5001",结案一部,办结,210,41
15727,"2024-09-20","5002",结案二部,办结,133,5
15728,"2024-09-20","6001",客户回访一组,回访,60,3
15729,"2024-09-20","6002",客户回访二组,回访,104,2
15730,"2024-09-20","6003",客户回访三组,回访,180,26
15731,"2024-09-20","7001",档案管理部,归档,274,21
15732,"2024-09-20","8001",异常工单组,挂起,163,0
15733,"2024-09-21","1001",客服一部,话务员暂存,231,0
15734,"2024-09-21","1001",客服一部,话务员受理,103,10
15735,"2024-09-21","1002",客服二部,话务员受理,288,44
15736,"2024-09-21","2001",业务一科,话务员办理,189,5
15737,"2024-09-21","2002",业务二科,话务员办理,234,31
15738,"2024-09-21","3001",热线审核中心,热线审核,168,32
15739,"2024-09-21","3002",热线复核中心,热线复核,245,12
15740,"2024-09-21","4001",承办单位A,承办单位审核,202,28
15741,"2024-09-21","4001",承办单位A,承办单位处理,159,6
15742,"2024-09-21","4002",承办单位B,承办单位处理,272,29
15743,"2024-09-21","4003",承办复核部A,承办单位复核,111,14
15744,"2024-09-21","5001",结案一部,办结,143,16
15745,"2024-09-21","5002",结案二部,办结,143,15
15746,"2024-09-21","6001",客户回访一组,回访,51,0
15747,"2024-09-21","6002",客户回访二组,回访,65,0
15748,"2024-09-21","6003",客户回访三组,回访,83,11
15749,"2024-09-21","7001",档案管理部,归档,80,4
15750,"2024-09-21","8001",异常工单组,挂起,144,24
15751,"2024-09-22","1001",客服一部,话务员暂存,225,0
15752,"2024-09-22","1001",客服一部,话务员受理,281,30
15753,"2024-09-22","1002",客服二部,话务员受理,270,16
15754,"2024-09-22","2001",业务一科,话务员办理,260,17
15755,"2024-09-22","2002",业务二科,话务员办理,193,36
15756,"2024-09-22","3001",热线审核中心,热线审核,104,8
15757,"2024-09-22","3002",热线复核中心,热线复核,79,8
15758,"2024-09-22","4001",承办单位A,承办单位审核,296,21
15759,"2024-09-22","4001",承办单位A,承办单位处理,283,28
15760,"2024-09-22","4002",承办单位B,承办单位处理,171,1
15761,"2024-09-22","4003",承办复核部A,承办单位复核,228,33
15762,"2024-09-22","5001",结案一部,办结,115,19
15763,"2024-09-22","5002",结案二部,办结,225,3
15764,"2024-09-22","6001",客户回访一组,回访,292,55
15765,"2024-09-22","6002",客户回访二组,回访,83,9
15766,"2024-09-22","6003",客户回访三组,回访,64,8
15767,"2024-09-22","7001",档案管理部,归档,274,18
15768,"2024-09-22","8001",异常工单组,挂起,226,35
15769,"2024-09-23","1001",客服一部,话务员暂存,52,0
15770,"2024-09-23","1001",客服一部,话务员受理,219,19
15771,"2024-09-23","1002",客服二部,话务员受理,100,8
15772,"2024-09-23","2001",业务一科,话务员办理,102,0
15773,"2024-09-23","2002",业务二科,话务员办理,186,9
15774,"2024-09-23","3001",热线审核中心,热线审核,264,36
15775,"2024-09-23","3002",热线复核中心,热线复核,246,15
15776,"2024-09-23","4001",承办单位A,承办单位审核,52,8
15777,"2024-09-23","4001",承办单位A,承办单位处理,234,19
15778,"2024-09-23","4002",承办单位B,承办单位处理,74,10
15779,"2024-09-23","4003",承办复核部A,承办单位复核,295,14
15780,"2024-09-23","5001",结案一部,办结,287,24
15781,"2024-09-23","5002",结案二部,办结,213,13
15782,"2024-09-23","6001",客户回访一组,回访,288,35
15783,"2024-09-23","6002",客户回访二组,回访,56,7
15784,"2024-09-23","6003",客户回访三组,回访,228,40
15785,"2024-09-23","7001",档案管理部,归档,188,30
15786,"2024-09-23","8001",异常工单组,挂起,116,7
15787,"2024-09-24","1001",客服一部,话务员暂存,236,0
15788,"2024-09-24","1001",客服一部,话务员受理,191,0
15789,"2024-09-24","1002",客服二部,话务员受理,165,33
15790,"2024-09-24","2001",业务一科,话务员办理,234,31
15791,"2024-09-24","2002",业务二科,话务员办理,183,34
15792,"2024-09-24","3001",热线审核中心,热线审核,197,6
15793,"2024-09-24","3002",热线复核中心,热线复核,104,12
15794,"2024-09-24","4001",承办单位A,承办单位审核,64,0
15795,"2024-09-24","4001",承办单位A,承办单位处理,281,37
15796,"2024-09-24","4002",承办单位B,承办单位处理,86,14
15797,"2024-09-24","4003",承办复核部A,承办单位复核,258,49
15798,"2024-09-24","5001",结案一部,办结,103,8
15799,"2024-09-24","5002",结案二部,办结,102,0
15800,"2024-09-24","6001",客户回访一组,回访,296,27
15801,"2024-09-24","6002",客户回访二组,回访,55,7
15802,"2024-09-24","6003",客户回访三组,回访,232,23
15803,"2024-09-24","7001",档案管理部,归档,81,7
15804,"2024-09-24","8001",异常工单组,挂起,76,0
15805,"2024-09-25","1001",客服一部,话务员暂存,140,0
15806,"2024-09-25","1001",客服一部,话务员受理,221,22
15807,"2024-09-25","1002",客服二部,话务员受理,300,45
15808,"2024-09-25","2001",业务一科,话务员办理,246,9
15809,"2024-09-25","2002",业务二科,话务员办理,110,13
15810,"2024-09-25","3001",热线审核中心,热线审核,92,18
15811,"2024-09-25","3002",热线复核中心,热线复核,245,49
15812,"2024-09-25","4001",承办单位A,承办单位审核,234,3
15813,"2024-09-25","4001",承办单位A,承办单位处理,157,17
15814,"2024-09-25","4002",承办单位B,承办单位处理,287,2
15815,"2024-09-25","4003",承办复核部A,承办单位复核,66,1
15816,"2024-09-25","5001",结案一部,办结,181,13
15817,"2024-09-25","5002",结案二部,办结,77,1
15818,"2024-09-25","6001",客户回访一组,回访,128,6
15819,"2024-09-25","6002",客户回访二组,回访,194,21
15820,"2024-09-25","6003",客户回访三组,回访,173,16
15821,"2024-09-25","7001",档案管理部,归档,255,22
15822,"2024-09-25","8001",异常工单组,挂起,197,31
15823,"2024-09-26","1001",客服一部,话务员暂存,85,0
15824,"2024-09-26","1001",客服一部,话务员受理,212,18
15825,"2024-09-26","1002",客服二部,话务员受理,288,55
15826,"2024-09-26","2001",业务一科,话务员办理,115,9
15827,"2024-09-26","2002",业务二科,话务员办理,172,27
15828,"2024-09-26","3001",热线审核中心,热线审核,136,3
15829,"2024-09-26","3002",热线复核中心,热线复核,106,16
15830,"2024-09-26","4001",承办单位A,承办单位审核,288,35
15831,"2024-09-26","4001",承办单位A,承办单位处理,58,6
15832,"2024-09-26","4002",承办单位B,承办单位处理,50,10
15833,"2024-09-26","4003",承办复核部A,承办单位复核,219,20
15834,"2024-09-26","5001",结案一部,办结,238,37
15835,"2024-09-26","5002",结案二部,办结,254,36
15836,"2024-09-26","6001",客户回访一组,回访,146,20
15837,"2024-09-26","6002",客户回访二组,回访,169,22
15838,"2024-09-26","6003",客户回访三组,回访,233,4
15839,"2024-09-26","7001",档案管理部,归档,269,18
15840,"2024-09-26","8001",异常工单组,挂起,296,26
15841,"2024-09-27","1001",客服一部,话务员暂存,235,0
15842,"2024-09-27","1001",客服一部,话务员受理,212,11
15843,"2024-09-27","1002",客服二部,话务员受理,114,9
15844,"2024-09-27","2001",业务一科,话务员办理,169,23
15845,"2024-09-27","2002",业务二科,话务员办理,149,15
15846,"2024-09-27","3001",热线审核中心,热线审核,243,7
15847,"2024-09-27","3002",热线复核中心,热线复核,282,24
15848,"2024-09-27","4001",承办单位A,承办单位审核,219,16
15849,"2024-09-27","4001",承办单位A,承办单位处理,126,14
15850,"2024-09-27","4002",承办单位B,承办单位处理,284,35
15851,"2024-09-27","4003",承办复核部A,承办单位复核,164,19
15852,"2024-09-27","5001",结案一部,办结,251,21
15853,"2024-09-27","5002",结案二部,办结,134,11
15854,"2024-09-27","6001",客户回访一组,回访,156,2
15855,"2024-09-27","6002",客户回访二组,回访,291,0
15856,"2024-09-27","6003",客户回访三组,回访,236,15
15857,"2024-09-27","7001",档案管理部,归档,86,8
15858,"2024-09-27","8001",异常工单组,挂起,124,21
15859,"2024-09-28","1001",客服一部,话务员暂存,131,0
15860,"2024-09-28","1001",客服一部,话务员受理,61,2
15861,"2024-09-28","1002",客服二部,话务员受理,280,40
15862,"2024-09-28","2001",业务一科,话务员办理,140,25
15863,"2024-09-28","2002",业务二科,话务员办理,148,15
15864,"2024-09-28","3001",热线审核中心,热线审核,104,20
15865,"2024-09-28","3002",热线复核中心,热线复核,272,15
15866,"2024-09-28","4001",承办单位A,承办单位审核,180,27
15867,"2024-09-28","4001",承办单位A,承办单位处理,153,3
15868,"2024-09-28","4002",承办单位B,承办单位处理,214,8
15869,"2024-09-28","4003",承办复核部A,承办单位复核,80,16
15870,"2024-09-28","5001",结案一部,办结,156,3
15871,"2024-09-28","5002",结案二部,办结,256,48
15872,"2024-09-28","6001",客户回访一组,回访,233,46
15873,"2024-09-28","6002",客户回访二组,回访,73,0
15874,"2024-09-28","6003",客户回访三组,回访,232,8
15875,"2024-09-28","7001",档案管理部,归档,149,4
15876,"2024-09-28","8001",异常工单组,挂起,120,24
15877,"2024-09-29","1001",客服一部,话务员暂存,136,0
15878,"2024-09-29","1001",客服一部,话务员受理,211,21
15879,"2024-09-29","1002",客服二部,话务员受理,212,0
15880,"2024-09-29","2001",业务一科,话务员办理,138,10
15881,"2024-09-29","2002",业务二科,话务员办理,76,15
15882,"2024-09-29","3001",热线审核中心,热线审核,211,21
15883,"2024-09-29","3002",热线复核中心,热线复核,244,7
15884,"2024-09-29","4001",承办单位A,承办单位审核,204,0
15885,"2024-09-29","4001",承办单位A,承办单位处理,271,42
15886,"2024-09-29","4002",承办单位B,承办单位处理,145,6
15887,"2024-09-29","4003",承办复核部A,承办单位复核,50,6
15888,"2024-09-29","5001",结案一部,办结,122,12
15889,"2024-09-29","5002",结案二部,办结,218,2
15890,"2024-09-29","6001",客户回访一组,回访,160,10
15891,"2024-09-29","6002",客户回访二组,回访,115,11
15892,"2024-09-29","6003",客户回访三组,回访,231,42
15893,"2024-09-29","7001",档案管理部,归档,284,21
15894,"2024-09-29","8001",异常工单组,挂起,99,10
15895,"2024-09-30","1001",客服一部,话务员暂存,174,0
15896,"2024-09-30","1001",客服一部,话务员受理,103,20
15897,"2024-09-30","1002",客服二部,话务员受理,119,3
15898,"2024-09-30","2001",业务一科,话务员办理,155,31
15899,"2024-09-30","2002",业务二科,话务员办理,247,14
15900,"2024-09-30","3001",热线审核中心,热线审核,260,6
15901,"2024-09-30","3002",热线复核中心,热线复核,197,26
15902,"2024-09-30","4001",承办单位A,承办单位审核,60,7
15903,"2024-09-30","4001",承办单位A,承办单位处理,156,2
15904,"2024-09-30","4002",承办单位B,承办单位处理,266,29
15905,"2024-09-30","4003",承办复核部A,承办单位复核,94,16
15906,"2024-09-30","5001",结案一部,办结,128,2
15907,"2024-09-30","5002",结案二部,办结,98,4
15908,"2024-09-30","6001",客户回访一组,回访,107,18
15909,"2024-09-30","6002",客户回访二组,回访,121,15
15910,"2024-09-30","6003",客户回访三组,回访,72,9
15911,"2024-09-30","7001",档案管理部,归档,256,3
15912,"2024-09-30","8001",异常工单组,挂起,258,38
15913,"2024-10-01","1001",客服一部,话务员暂存,202,0
15914,"2024-10-01","1001",客服一部,话务员受理,99,16
15915,"2024-10-01","1002",客服二部,话务员受理,165,28
15916,"2024-10-01","2001",业务一科,话务员办理,261,43
15917,"2024-10-01","2002",业务二科,话务员办理,134,18
15918,"2024-10-01","3001",热线审核中心,热线审核,131,21
15919,"2024-10-01","3002",热线复核中心,热线复核,204,3
15920,"2024-10-01","4001",承办单位A,承办单位审核,110,21
15921,"2024-10-01","4001",承办单位A,承办单位处理,209,33
15922,"2024-10-01","4002",承办单位B,承办单位处理,168,8
15923,"2024-10-01","4003",承办复核部A,承办单位复核,262,28
15924,"2024-10-01","5001",结案一部,办结,275,32
15925,"2024-10-01","5002",结案二部,办结,110,7
15926,"2024-10-01","6001",客户回访一组,回访,280,32
15927,"2024-10-01","6002",客户回访二组,回访,245,43
15928,"2024-10-01","6003",客户回访三组,回访,255,18
15929,"2024-10-01","7001",档案管理部,归档,50,5
15930,"2024-10-01","8001",异常工单组,挂起,267,51
15931,"2024-10-02","1001",客服一部,话务员暂存,104,0
15932,"2024-10-02","1001",客服一部,话务员受理,61,1
15933,"2024-10-02","1002",客服二部,话务员受理,288,50
15934,"2024-10-02","2001",业务一科,话务员办理,98,7
15935,"2024-10-02","2002",业务二科,话务员办理,159,4
15936,"2024-10-02","3001",热线审核中心,热线审核,142,22
15937,"2024-10-02","3002",热线复核中心,热线复核,210,6
15938,"2024-10-02","4001",承办单位A,承办单位审核,92,18
15939,"2024-10-02","4001",承办单位A,承办单位处理,255,20
15940,"2024-10-02","4002",承办单位B,承办单位处理,90,10
15941,"2024-10-02","4003",承办复核部A,承办单位复核,197,1
15942,"2024-10-02","5001",结案一部,办结,117,6
15943,"2024-10-02","5002",结案二部,办结,110,13
15944,"2024-10-02","6001",客户回访一组,回访,176,0
15945,"2024-10-02","6002",客户回访二组,回访,82,11
15946,"2024-10-02","6003",客户回访三组,回访,206,3
15947,"2024-10-02","7001",档案管理部,归档,59,5
15948,"2024-10-02","8001",异常工单组,挂起,148,28
15949,"2024-10-03","1001",客服一部,话务员暂存,169,0
15950,"2024-10-03","1001",客服一部,话务员受理,98,9
15951,"2024-10-03","1002",客服二部,话务员受理,157,26
15952,"2024-10-03","2001",业务一科,话务员办理,241,6
15953,"2024-10-03","2002",业务二科,话务员办理,262,20
15954,"2024-10-03","3001",热线审核中心,热线审核,271,2
15955,"2024-10-03","3002",热线复核中心,热线复核,178,22
15956,"2024-10-03","4001",承办单位A,承办单位审核,78,4
15957,"2024-10-03","4001",承办单位A,承办单位处理,71,12
15958,"2024-10-03","4002",承办单位B,承办单位处理,161,27
15959,"2024-10-03","4003",承办复核部A,承办单位复核,289,56
15960,"2024-10-03","5001",结案一部,办结,262,51
15961,"2024-10-03","5002",结案二部,办结,170,29
15962,"2024-10-03","6001",客户回访一组,回访,218,23
15963,"2024-10-03","6002",客户回访二组,回访,276,47
15964,"2024-10-03","6003",客户回访三组,回访,255,27
15965,"2024-10-03","7001",档案管理部,归档,184,36
15966,"2024-10-03","8001",异常工单组,挂起,294,9
15967,"2024-10-04","1001",客服一部,话务员暂存,73,0
15968,"2024-10-04","1001",客服一部,话务员受理,225,17
15969,"2024-10-04","1002",客服二部,话务员受理,292,44
15970,"2024-10-04","2001",业务一科,话务员办理,133,15
15971,"2024-10-04","2002",业务二科,话务员办理,123,13
15972,"2024-10-04","3001",热线审核中心,热线审核,236,47
15973,"2024-10-04","3002",热线复核中心,热线复核,203,5
15974,"2024-10-04","4001",承办单位A,承办单位审核,108,15
15975,"2024-10-04","4001",承办单位A,承办单位处理,178,26
15976,"2024-10-04","4002",承办单位B,承办单位处理,293,28
15977,"2024-10-04","4003",承办复核部A,承办单位复核,78,13
15978,"2024-10-04","5001",结案一部,办结,120,22
15979,"2024-10-04","5002",结案二部,办结,145,9
15980,"2024-10-04","6001",客户回访一组,回访,182,21
15981,"2024-10-04","6002",客户回访二组,回访,189,34
15982,"2024-10-04","6003",客户回访三组,回访,292,22
15983,"2024-10-04","7001",档案管理部,归档,198,15
15984,"2024-10-04","8001",异常工单组,挂起,59,5
15985,"2024-10-05","1001",客服一部,话务员暂存,51,0
15986,"2024-10-05","1001",客服一部,话务员受理,255,25
15987,"2024-10-05","1002",客服二部,话务员受理,150,1
15988,"2024-10-05","2001",业务一科,话务员办理,178,19
15989,"2024-10-05","2002",业务二科,话务员办理,122,11
15990,"2024-10-05","3001",热线审核中心,热线审核,145,9
15991,"2024-10-05","3002",热线复核中心,热线复核,64,0
15992,"2024-10-05","4001",承办单位A,承办单位审核,113,8
15993,"2024-10-05","4001",承办单位A,承办单位处理,127,6
15994,"2024-10-05","4002",承办单位B,承办单位处理,204,31
15995,"2024-10-05","4003",承办复核部A,承办单位复核,166,25
15996,"2024-10-05","5001",结案一部,办结,191,29
15997,"2024-10-05","5002",结案二部,办结,253,36
15998,"2024-10-05","6001",客户回访一组,回访,269,39
15999,"2024-10-05","6002",客户回访二组,回访,120,12
16000,"2024-10-05","6003",客户回访三组,回访,133,11
16001,"2024-10-05","7001",档案管理部,归档,208,39
16002,"2024-10-05","8001",异常工单组,挂起,188,22
16003,"2024-10-06","1001",客服一部,话务员暂存,270,0
16004,"2024-10-06","1001",客服一部,话务员受理,116,13
16005,"2024-10-06","1002",客服二部,话务员受理,85,15
16006,"2024-10-06","2001",业务一科,话务员办理,153,24
16007,"2024-10-06","2002",业务二科,话务员办理,131,6
16008,"2024-10-06","3001",热线审核中心,热线审核,222,14
16009,"2024-10-06","3002",热线复核中心,热线复核,169,15
16010,"2024-10-06","4001",承办单位A,承办单位审核,253,35
16011,"2024-10-06","4001",承办单位A,承办单位处理,111,2
16012,"2024-10-06","4002",承办单位B,承办单位处理,105,17
16013,"2024-10-06","4003",承办复核部A,承办单位复核,271,39
16014,"2024-10-06","5001",结案一部,办结,172,29
16015,"2024-10-06","5002",结案二部,办结,238,1
16016,"2024-10-06","6001",客户回访一组,回访,178,1
16017,"2024-10-06","6002",客户回访二组,回访,79,6
16018,"2024-10-06","6003",客户回访三组,回访,156,18
16019,"2024-10-06","7001",档案管理部,归档,293,55
16020,"2024-10-06","8001",异常工单组,挂起,117,15
16021,"2024-10-07","1001",客服一部,话务员暂存,244,0
16022,"2024-10-07","1001",客服一部,话务员受理,77,8
16023,"2024-10-07","1002",客服二部,话务员受理,64,10
16024,"2024-10-07","2001",业务一科,话务员办理,294,5
16025,"2024-10-07","2002",业务二科,话务员办理,154,6
16026,"2024-10-07","3001",热线审核中心,热线审核,164,11
16027,"2024-10-07","3002",热线复核中心,热线复核,66,3
16028,"2024-10-07","4001",承办单位A,承办单位审核,226,36
16029,"2024-10-07","4001",承办单位A,承办单位处理,61,12
16030,"2024-10-07","4002",承办单位B,承办单位处理,232,34
16031,"2024-10-07","4003",承办复核部A,承办单位复核,160,28
16032,"2024-10-07","5001",结案一部,办结,251,31
16033,"2024-10-07","5002",结案二部,办结,208,12
16034,"2024-10-07","6001",客户回访一组,回访,62,10
16035,"2024-10-07","6002",客户回访二组,回访,204,26
16036,"2024-10-07","6003",客户回访三组,回访,218,19
16037,"2024-10-07","7001",档案管理部,归档,81,2
16038,"2024-10-07","8001",异常工单组,挂起,107,5
16039,"2024-10-08","1001",客服一部,话务员暂存,290,0
16040,"2024-10-08","1001",客服一部,话务员受理,272,13
16041,"2024-10-08","1002",客服二部,话务员受理,76,3
16042,"2024-10-08","2001",业务一科,话务员办理,250,3
16043,"2024-10-08","2002",业务二科,话务员办理,245,37
16044,"2024-10-08","3001",热线审核中心,热线审核,157,8
16045,"2024-10-08","3002",热线复核中心,热线复核,164,0
16046,"2024-10-08","4001",承办单位A,承办单位审核,116,10
16047,"2024-10-08","4001",承办单位A,承办单位处理,207,33
16048,"2024-10-08","4002",承办单位B,承办单位处理,269,24
16049,"2024-10-08","4003",承办复核部A,承办单位复核,153,12
16050,"2024-10-08","5001",结案一部,办结,66,9
16051,"2024-10-08","5002",结案二部,办结,61,3
16052,"2024-10-08","6001",客户回访一组,回访,248,15
16053,"2024-10-08","6002",客户回访二组,回访,267,5
16054,"2024-10-08","6003",客户回访三组,回访,121,5
16055,"2024-10-08","7001",档案管理部,归档,150,26
16056,"2024-10-08","8001",异常工单组,挂起,145,28
16057,"2024-10-09","1001",客服一部,话务员暂存,130,0
16058,"2024-10-09","1001",客服一部,话务员受理,250,22
16059,"2024-10-09","1002",客服二部,话务员受理,137,27
16060,"2024-10-09","2001",业务一科,话务员办理,156,24
16061,"2024-10-09","2002",业务二科,话务员办理,154,24
16062,"2024-10-09","3001",热线审核中心,热线审核,269,29
16063,"2024-10-09","3002",热线复核中心,热线复核,97,4
16064,"2024-10-09","4001",承办单位A,承办单位审核,224,36
16065,"2024-10-09","4001",承办单位A,承办单位处理,278,4
16066,"2024-10-09","4002",承办单位B,承办单位处理,271,15
16067,"2024-10-09","4003",承办复核部A,承办单位复核,202,17
16068,"2024-10-09","5001",结案一部,办结,231,6
16069,"2024-10-09","5002",结案二部,办结,138,12
16070,"2024-10-09","6001",客户回访一组,回访,272,35
16071,"2024-10-09","6002",客户回访二组,回访,159,6
16072,"2024-10-09","6003",客户回访三组,回访,230,22
16073,"2024-10-09","7001",档案管理部,归档,61,5
16074,"2024-10-09","8001",异常工单组,挂起,252,35
16075,"2024-10-10","1001",客服一部,话务员暂存,82,0
16076,"2024-10-10","1001",客服一部,话务员受理,139,22
16077,"2024-10-10","1002",客服二部,话务员受理,139,10
16078,"2024-10-10","2001",业务一科,话务员办理,86,1
16079,"2024-10-10","2002",业务二科,话务员办理,224,6
16080,"2024-10-10","3001",热线审核中心,热线审核,106,1
16081,"2024-10-10","3002",热线复核中心,热线复核,163,8
16082,"2024-10-10","4001",承办单位A,承办单位审核,205,26
16083,"2024-10-10","4001",承办单位A,承办单位处理,229,1
16084,"2024-10-10","4002",承办单位B,承办单位处理,142,5
16085,"2024-10-10","4003",承办复核部A,承办单位复核,63,0
16086,"2024-10-10","5001",结案一部,办结,103,2
16087,"2024-10-10","5002",结案二部,办结,203,32
16088,"2024-10-10","6001",客户回访一组,回访,298,52
16089,"2024-10-10","6002",客户回访二组,回访,259,0
16090,"2024-10-10","6003",客户回访三组,回访,298,12
16091,"2024-10-10","7001",档案管理部,归档,166,2
16092,"2024-10-10","8001",异常工单组,挂起,86,15
16093,"2024-10-11","1001",客服一部,话务员暂存,181,0
16094,"2024-10-11","1001",客服一部,话务员受理,89,3
16095,"2024-10-11","1002",客服二部,话务员受理,75,10
16096,"2024-10-11","2001",业务一科,话务员办理,189,9
16097,"2024-10-11","2002",业务二科,话务员办理,195,39
16098,"2024-10-11","3001",热线审核中心,热线审核,291,51
16099,"2024-10-11","3002",热线复核中心,热线复核,78,4
16100,"2024-10-11","4001",承办单位A,承办单位审核,144,1
16101,"2024-10-11","4001",承办单位A,承办单位处理,160,20
16102,"2024-10-11","4002",承办单位B,承办单位处理,154,21
16103,"2024-10-11","4003",承办复核部A,承办单位复核,137,0
16104,"2024-10-11","5001",结案一部,办结,51,10
16105,"2024-10-11","5002",结案二部,办结,277,46
16106,"2024-10-11","6001",客户回访一组,回访,206,1
16107,"2024-10-11","6002",客户回访二组,回访,180,23
16108,"2024-10-11","6003",客户回访三组,回访,283,15
16109,"2024-10-11","7001",档案管理部,归档,228,30
16110,"2024-10-11","8001",异常工单组,挂起,121,6
16111,"2024-10-12","1001",客服一部,话务员暂存,93,0
16112,"2024-10-12","1001",客服一部,话务员受理,258,43
16113,"2024-10-12","1002",客服二部,话务员受理,296,51
16114,"2024-10-12","2001",业务一科,话务员办理,136,13
16115,"2024-10-12","2002",业务二科,话务员办理,231,43
16116,"2024-10-12","3001",热线审核中心,热线审核,250,12
16117,"2024-10-12","3002",热线复核中心,热线复核,148,16
16118,"2024-10-12","4001",承办单位A,承办单位审核,298,43
16119,"2024-10-12","4001",承办单位A,承办单位处理,90,13
16120,"2024-10-12","4002",承办单位B,承办单位处理,82,2
16121,"2024-10-12","4003",承办复核部A,承办单位复核,223,9
16122,"2024-10-12","5001",结案一部,办结,246,15
16123,"2024-10-12","5002",结案二部,办结,256,39
16124,"2024-10-12","6001",客户回访一组,回访,188,17
16125,"2024-10-12","6002",客户回访二组,回访,143,19
16126,"2024-10-12","6003",客户回访三组,回访,214,24
16127,"2024-10-12","7001",档案管理部,归档,187,11
16128,"2024-10-12","8001",异常工单组,挂起,217,13
16129,"2024-10-13","1001",客服一部,话务员暂存,83,0
16130,"2024-10-13","1001",客服一部,话务员受理,230,20
16131,"2024-10-13","1002",客服二部,话务员受理,61,4
16132,"2024-10-13","2001",业务一科,话务员办理,293,3
16133,"2024-10-13","2002",业务二科,话务员办理,142,21
16134,"2024-10-13","3001",热线审核中心,热线审核,95,3
16135,"2024-10-13","3002",热线复核中心,热线复核,220,8
16136,"2024-10-13","4001",承办单位A,承办单位审核,210,27
16137,"2024-10-13","4001",承办单位A,承办单位处理,118,11
16138,"2024-10-13","4002",承办单位B,承办单位处理,299,22
16139,"2024-10-13","4003",承办复核部A,承办单位复核,52,3
16140,"2024-10-13","5001",结案一部,办结,139,18
16141,"2024-10-13","5002",结案二部,办结,124,18
16142,"2024-10-13","6001",客户回访一组,回访,66,6
16143,"2024-10-13","6002",客户回访二组,回访,67,9
16144,"2024-10-13","6003",客户回访三组,回访,123,10
16145,"2024-10-13","7001",档案管理部,归档,59,3
16146,"2024-10-13","8001",异常工单组,挂起,260,25
16147,"2024-10-14","1001",客服一部,话务员暂存,51,0
16148,"2024-10-14","1001",客服一部,话务员受理,232,7
16149,"2024-10-14","1002",客服二部,话务员受理,92,14
16150,"2024-10-14","2001",业务一科,话务员办理,278,23
16151,"2024-10-14","2002",业务二科,话务员办理,160,28
16152,"2024-10-14","3001",热线审核中心,热线审核,159,0
16153,"2024-10-14","3002",热线复核中心,热线复核,243,12
16154,"2024-10-14","4001",承办单位A,承办单位审核,60,2
16155,"2024-10-14","4001",承办单位A,承办单位处理,206,32
16156,"2024-10-14","4002",承办单位B,承办单位处理,231,39
16157,"2024-10-14","4003",承办复核部A,承办单位复核,159,10
16158,"2024-10-14","5001",结案一部,办结,175,34
16159,"2024-10-14","5002",结案二部,办结,156,10
16160,"2024-10-14","6001",客户回访一组,回访,66,3
16161,"2024-10-14","6002",客户回访二组,回访,92,14
16162,"2024-10-14","6003",客户回访三组,回访,253,35
16163,"2024-10-14","7001",档案管理部,归档,281,47
16164,"2024-10-14","8001",异常工单组,挂起,107,0
16165,"2024-10-15","1001",客服一部,话务员暂存,294,0
16166,"2024-10-15","1001",客服一部,话务员受理,52,4
16167,"2024-10-15","1002",客服二部,话务员受理,225,20
16168,"2024-10-15","2001",业务一科,话务员办理,134,25
16169,"2024-10-15","2002",业务二科,话务员办理,96,17
16170,"2024-10-15","3001",热线审核中心,热线审核,111,15
16171,"2024-10-15","3002",热线复核中心,热线复核,264,8
16172,"2024-10-15","4001",承办单位A,承办单位审核,111,18
16173,"2024-10-15","4001",承办单位A,承办单位处理,61,4
16174,"2024-10-15","4002",承办单位B,承办单位处理,130,10
16175,"2024-10-15","4003",承办复核部A,承办单位复核,117,4
16176,"2024-10-15","5001",结案一部,办结,163,28
16177,"2024-10-15","5002",结案二部,办结,93,15
16178,"2024-10-15","6001",客户回访一组,回访,214,36
16179,"2024-10-15","6002",客户回访二组,回访,127,16
16180,"2024-10-15","6003",客户回访三组,回访,99,14
16181,"2024-10-15","7001",档案管理部,归档,248,30
16182,"2024-10-15","8001",异常工单组,挂起,257,3
16183,"2024-10-16","1001",客服一部,话务员暂存,256,0
16184,"2024-10-16","1001",客服一部,话务员受理,179,12
16185,"2024-10-16","1002",客服二部,话务员受理,192,27
16186,"2024-10-16","2001",业务一科,话务员办理,245,0
16187,"2024-10-16","2002",业务二科,话务员办理,293,35
16188,"2024-10-16","3001",热线审核中心,热线审核,170,7
16189,"2024-10-16","3002",热线复核中心,热线复核,239,13
16190,"2024-10-16","4001",承办单位A,承办单位审核,294,26
16191,"2024-10-16","4001",承办单位A,承办单位处理,176,8
16192,"2024-10-16","4002",承办单位B,承办单位处理,282,42
16193,"2024-10-16","4003",承办复核部A,承办单位复核,177,31
16194,"2024-10-16","5001",结案一部,办结,147,19
16195,"2024-10-16","5002",结案二部,办结,203,21
16196,"2024-10-16","6001",客户回访一组,回访,196,39
16197,"2024-10-16","6002",客户回访二组,回访,189,22
16198,"2024-10-16","6003",客户回访三组,回访,85,11
16199,"2024-10-16","7001",档案管理部,归档,177,9
16200,"2024-10-16","8001",异常工单组,挂起,74,7
16201,"2024-10-17","1001",客服一部,话务员暂存,92,0
16202,"2024-10-17","1001",客服一部,话务员受理,143,14
16203,"2024-10-17","1002",客服二部,话务员受理,74,14
16204,"2024-10-17","2001",业务一科,话务员办理,149,8
16205,"2024-10-17","2002",业务二科,话务员办理,59,7
16206,"2024-10-17","3001",热线审核中心,热线审核,185,24
16207,"2024-10-17","3002",热线复核中心,热线复核,272,21
16208,"2024-10-17","4001",承办单位A,承办单位审核,245,42
16209,"2024-10-17","4001",承办单位A,承办单位处理,137,26
16210,"2024-10-17","4002",承办单位B,承办单位处理,139,18
16211,"2024-10-17","4003",承办复核部A,承办单位复核,151,14
16212,"2024-10-17","5001",结案一部,办结,241,21
16213,"2024-10-17","5002",结案二部,办结,60,0
16214,"2024-10-17","6001",客户回访一组,回访,200,26
16215,"2024-10-17","6002",客户回访二组,回访,163,18
16216,"2024-10-17","6003",客户回访三组,回访,172,5
16217,"2024-10-17","7001",档案管理部,归档,126,13
16218,"2024-10-17","8001",异常工单组,挂起,273,32
16219,"2024-10-18","1001",客服一部,话务员暂存,257,0
16220,"2024-10-18","1001",客服一部,话务员受理,240,22
16221,"2024-10-18","1002",客服二部,话务员受理,292,13
16222,"2024-10-18","2001",业务一科,话务员办理,147,8
16223,"2024-10-18","2002",业务二科,话务员办理,224,28
16224,"2024-10-18","3001",热线审核中心,热线审核,160,32
16225,"2024-10-18","3002",热线复核中心,热线复核,281,31
16226,"2024-10-18","4001",承办单位A,承办单位审核,238,24
16227,"2024-10-18","4001",承办单位A,承办单位处理,83,12
16228,"2024-10-18","4002",承办单位B,承办单位处理,200,15
16229,"2024-10-18","4003",承办复核部A,承办单位复核,184,0
16230,"2024-10-18","5001",结案一部,办结,233,28
16231,"2024-10-18","5002",结案二部,办结,182,1
16232,"2024-10-18","6001",客户回访一组,回访,82,11
16233,"2024-10-18","6002",客户回访二组,回访,57,1
16234,"2024-10-18","6003",客户回访三组,回访,138,12
16235,"2024-10-18","7001",档案管理部,归档,285,4
16236,"2024-10-18","8001",异常工单组,挂起,88,3
16237,"2024-10-19","1001",客服一部,话务员暂存,206,0
16238,"2024-10-19","1001",客服一部,话务员受理,273,42
16239,"2024-10-19","1002",客服二部,话务员受理,114,5
16240,"2024-10-19","2001",业务一科,话务员办理,55,5
16241,"2024-10-19","2002",业务二科,话务员办理,214,34
16242,"2024-10-19","3001",热线审核中心,热线审核,265,5
16243,"2024-10-19","3002",热线复核中心,热线复核,281,11
16244,"2024-10-19","4001",承办单位A,承办单位审核,265,47
16245,"2024-10-19","4001",承办单位A,承办单位处理,72,6
16246,"2024-10-19","4002",承办单位B,承办单位处理,156,12
16247,"2024-10-19","4003",承办复核部A,承办单位复核,97,5
16248,"2024-10-19","5001",结案一部,办结,90,1
16249,"2024-10-19","5002",结案二部,办结,261,10
16250,"2024-10-19","6001",客户回访一组,回访,85,4
16251,"2024-10-19","6002",客户回访二组,回访,218,10
16252,"2024-10-19","6003",客户回访三组,回访,164,26
16253,"2024-10-19","7001",档案管理部,归档,253,38
16254,"2024-10-19","8001",异常工单组,挂起,67,7
16255,"2024-10-20","1001",客服一部,话务员暂存,216,0
16256,"2024-10-20","1001",客服一部,话务员受理,207,3
16257,"2024-10-20","1002",客服二部,话务员受理,195,20
16258,"2024-10-20","2001",业务一科,话务员办理,158,3
16259,"2024-10-20","2002",业务二科,话务员办理,262,11
16260,"2024-10-20","3001",热线审核中心,热线审核,95,0
16261,"2024-10-20","3002",热线复核中心,热线复核,249,27
16262,"2024-10-20","4001",承办单位A,承办单位审核,158,21
16263,"2024-10-20","4001",承办单位A,承办单位处理,289,4
16264,"2024-10-20","4002",承办单位B,承办单位处理,91,3
16265,"2024-10-20","4003",承办复核部A,承办单位复核,126,8
16266,"2024-10-20","5001",结案一部,办结,171,32
16267,"2024-10-20","5002",结案二部,办结,68,8
16268,"2024-10-20","6001",客户回访一组,回访,145,0
16269,"2024-10-20","6002",客户回访二组,回访,280,10
16270,"2024-10-20","6003",客户回访三组,回访,272,47
16271,"2024-10-20","7001",档案管理部,归档,234,4
16272,"2024-10-20","8001",异常工单组,挂起,57,5
16273,"2024-10-21","1001",客服一部,话务员暂存,158,0
16274,"2024-10-21","1001",客服一部,话务员受理,130,20
16275,"2024-10-21","1002",客服二部,话务员受理,133,5
16276,"2024-10-21","2001",业务一科,话务员办理,268,14
16277,"2024-10-21","2002",业务二科,话务员办理,97,15
16278,"2024-10-21","3001",热线审核中心,热线审核,93,12
16279,"2024-10-21","3002",热线复核中心,热线复核,203,13
16280,"2024-10-21","4001",承办单位A,承办单位审核,196,28
16281,"2024-10-21","4001",承办单位A,承办单位处理,199,18
16282,"2024-10-21","4002",承办单位B,承办单位处理,61,2
16283,"2024-10-21","4003",承办复核部A,承办单位复核,177,15
16284,"2024-10-21","5001",结案一部,办结,83,4
16285,"2024-10-21","5002",结案二部,办结,248,37
16286,"2024-10-21","6001",客户回访一组,回访,193,6
16287,"2024-10-21","6002",客户回访二组,回访,199,26
16288,"2024-10-21","6003",客户回访三组,回访,155,19
16289,"2024-10-21","7001",档案管理部,归档,54,6
16290,"2024-10-21","8001",异常工单组,挂起,216,12
16291,"2024-10-22","1001",客服一部,话务员暂存,99,0
16292,"2024-10-22","1001",客服一部,话务员受理,283,36
16293,"2024-10-22","1002",客服二部,话务员受理,112,3
16294,"2024-10-22","2001",业务一科,话务员办理,121,2
16295,"2024-10-22","2002",业务二科,话务员办理,259,11
16296,"2024-10-22","3001",热线审核中心,热线审核,229,45
16297,"2024-10-22","3002",热线复核中心,热线复核,109,15
16298,"2024-10-22","4001",承办单位A,承办单位审核,140,0
16299,"2024-10-22","4001",承办单位A,承办单位处理,153,0
16300,"2024-10-22","4002",承办单位B,承办单位处理,231,40
16301,"2024-10-22","4003",承办复核部A,承办单位复核,199,32
16302,"2024-10-22","5001",结案一部,办结,293,18
16303,"2024-10-22","5002",结案二部,办结,172,2
16304,"2024-10-22","6001",客户回访一组,回访,123,18
16305,"2024-10-22","6002",客户回访二组,回访,283,35
16306,"2024-10-22","6003",客户回访三组,回访,138,24
16307,"2024-10-22","7001",档案管理部,归档,278,24
16308,"2024-10-22","8001",异常工单组,挂起,173,34
16309,"2024-10-23","1001",客服一部,话务员暂存,230,0
16310,"2024-10-23","1001",客服一部,话务员受理,199,35
16311,"2024-10-23","1002",客服二部,话务员受理,121,14
16312,"2024-10-23","2001",业务一科,话务员办理,186,27
16313,"2024-10-23","2002",业务二科,话务员办理,270,17
16314,"2024-10-23","3001",热线审核中心,热线审核,186,21
16315,"2024-10-23","3002",热线复核中心,热线复核,241,10
16316,"2024-10-23","4001",承办单位A,承办单位审核,50,10
16317,"2024-10-23","4001",承办单位A,承办单位处理,162,15
16318,"2024-10-23","4002",承办单位B,承办单位处理,95,9
16319,"2024-10-23","4003",承办复核部A,承办单位复核,198,34
16320,"2024-10-23","5001",结案一部,办结,228,21
16321,"2024-10-23","5002",结案二部,办结,198,15
16322,"2024-10-23","6001",客户回访一组,回访,267,31
16323,"2024-10-23","6002",客户回访二组,回访,200,15
16324,"2024-10-23","6003",客户回访三组,回访,129,24
16325,"2024-10-23","7001",档案管理部,归档,75,8
16326,"2024-10-23","8001",异常工单组,挂起,273,23
16327,"2024-10-24","1001",客服一部,话务员暂存,269,0
16328,"2024-10-24","1001",客服一部,话务员受理,114,4
16329,"2024-10-24","1002",客服二部,话务员受理,283,24
16330,"2024-10-24","2001",业务一科,话务员办理,131,12
16331,"2024-10-24","2002",业务二科,话务员办理,234,8
16332,"2024-10-24","3001",热线审核中心,热线审核,218,35
16333,"2024-10-24","3002",热线复核中心,热线复核,130,19
16334,"2024-10-24","4001",承办单位A,承办单位审核,72,11
16335,"2024-10-24","4001",承办单位A,承办单位处理,269,25
16336,"2024-10-24","4002",承办单位B,承办单位处理,260,34
16337,"2024-10-24","4003",承办复核部A,承办单位复核,259,48
16338,"2024-10-24","5001",结案一部,办结,230,25
16339,"2024-10-24","5002",结案二部,办结,186,32
16340,"2024-10-24","6001",客户回访一组,回访,280,26
16341,"2024-10-24","6002",客户回访二组,回访,54,5
16342,"2024-10-24","6003",客户回访三组,回访,164,21
16343,"2024-10-24","7001",档案管理部,归档,243,4
16344,"2024-10-24","8001",异常工单组,挂起,300,32
16345,"2024-10-25","1001",客服一部,话务员暂存,122,0
16346,"2024-10-25","1001",客服一部,话务员受理,298,24
16347,"2024-10-25","1002",客服二部,话务员受理,175,33
16348,"2024-10-25","2001",业务一科,话务员办理,285,2
16349,"2024-10-25","2002",业务二科,话务员办理,146,13
16350,"2024-10-25","3001",热线审核中心,热线审核,168,26
16351,"2024-10-25","3002",热线复核中心,热线复核,255,4
16352,"2024-10-25","4001",承办单位A,承办单位审核,290,11
16353,"2024-10-25","4001",承办单位A,承办单位处理,164,24
16354,"2024-10-25","4002",承办单位B,承办单位处理,248,46
16355,"2024-10-25","4003",承办复核部A,承办单位复核,144,14
16356,"2024-10-25","5001",结案一部,办结,193,5
16357,"2024-10-25","5002",结案二部,办结,95,11
16358,"2024-10-25","6001",客户回访一组,回访,106,10
16359,"2024-10-25","6002",客户回访二组,回访,214,21
16360,"2024-10-25","6003",客户回访三组,回访,164,30
16361,"2024-10-25","7001",档案管理部,归档,91,2
16362,"2024-10-25","8001",异常工单组,挂起,130,10
16363,"2024-10-26","1001",客服一部,话务员暂存,169,0
16364,"2024-10-26","1001",客服一部,话务员受理,73,12
16365,"2024-10-26","1002",客服二部,话务员受理,149,14
16366,"2024-10-26","2001",业务一科,话务员办理,265,45
16367,"2024-10-26","2002",业务二科,话务员办理,157,4
16368,"2024-10-26","3001",热线审核中心,热线审核,69,11
16369,"2024-10-26","3002",热线复核中心,热线复核,66,6
16370,"2024-10-26","4001",承办单位A,承办单位审核,160,28
16371,"2024-10-26","4001",承办单位A,承办单位处理,236,20
16372,"2024-10-26","4002",承办单位B,承办单位处理,115,4
16373,"2024-10-26","4003",承办复核部A,承办单位复核,153,7
16374,"2024-10-26","5001",结案一部,办结,182,26
16375,"2024-10-26","5002",结案二部,办结,114,18
16376,"2024-10-26","6001",客户回访一组,回访,288,4
16377,"2024-10-26","6002",客户回访二组,回访,97,15
16378,"2024-10-26","6003",客户回访三组,回访,274,26
16379,"2024-10-26","7001",档案管理部,归档,270,6
16380,"2024-10-26","8001",异常工单组,挂起,121,19
16381,"2024-10-27","1001",客服一部,话务员暂存,251,0
16382,"2024-10-27","1001",客服一部,话务员受理,164,14
16383,"2024-10-27","1002",客服二部,话务员受理,120,21
16384,"2024-10-27","2001",业务一科,话务员办理,163,4
16385,"2024-10-27","2002",业务二科,话务员办理,156,25
16386,"2024-10-27","3001",热线审核中心,热线审核,131,13
16387,"2024-10-27","3002",热线复核中心,热线复核,153,6
16388,"2024-10-27","4001",承办单位A,承办单位审核,128,17
16389,"2024-10-27","4001",承办单位A,承办单位处理,175,4
16390,"2024-10-27","4002",承办单位B,承办单位处理,263,42
16391,"2024-10-27","4003",承办复核部A,承办单位复核,177,1
16392,"2024-10-27","5001",结案一部,办结,183,5
16393,"2024-10-27","5002",结案二部,办结,125,13
16394,"2024-10-27","6001",客户回访一组,回访,147,0
16395,"2024-10-27","6002",客户回访二组,回访,127,12
16396,"2024-10-27","6003",客户回访三组,回访,229,0
16397,"2024-10-27","7001",档案管理部,归档,77,8
16398,"2024-10-27","8001",异常工单组,挂起,194,2
16399,"2024-10-28","1001",客服一部,话务员暂存,205,0
16400,"2024-10-28","1001",客服一部,话务员受理,199,38
16401,"2024-10-28","1002",客服二部,话务员受理,147,16
16402,"2024-10-28","2001",业务一科,话务员办理,169,6
16403,"2024-10-28","2002",业务二科,话务员办理,282,40
16404,"2024-10-28","3001",热线审核中心,热线审核,205,26
16405,"2024-10-28","3002",热线复核中心,热线复核,293,20
16406,"2024-10-28","4001",承办单位A,承办单位审核,64,2
16407,"2024-10-28","4001",承办单位A,承办单位处理,157,29
16408,"2024-10-28","4002",承办单位B,承办单位处理,278,13
16409,"2024-10-28","4003",承办复核部A,承办单位复核,53,8
16410,"2024-10-28","5001",结案一部,办结,197,34
16411,"2024-10-28","5002",结案二部,办结,195,37
16412,"2024-10-28","6001",客户回访一组,回访,251,15
16413,"2024-10-28","6002",客户回访二组,回访,80,0
16414,"2024-10-28","6003",客户回访三组,回访,128,6
16415,"2024-10-28","7001",档案管理部,归档,229,39
16416,"2024-10-28","8001",异常工单组,挂起,188,10
16417,"2024-10-29","1001",客服一部,话务员暂存,81,0
16418,"2024-10-29","1001",客服一部,话务员受理,153,15
16419,"2024-10-29","1002",客服二部,话务员受理,97,7
16420,"2024-10-29","2001",业务一科,话务员办理,63,12
16421,"2024-10-29","2002",业务二科,话务员办理,55,7
16422,"2024-10-29","3001",热线审核中心,热线审核,87,4
16423,"2024-10-29","3002",热线复核中心,热线复核,77,13
16424,"2024-10-29","4001",承办单位A,承办单位审核,163,27
16425,"2024-10-29","4001",承办单位A,承办单位处理,253,16
16426,"2024-10-29","4002",承办单位B,承办单位处理,105,18
16427,"2024-10-29","4003",承办复核部A,承办单位复核,225,19
16428,"2024-10-29","5001",结案一部,办结,56,8
16429,"2024-10-29","5002",结案二部,办结,191,3
16430,"2024-10-29","6001",客户回访一组,回访,65,11
16431,"2024-10-29","6002",客户回访二组,回访,233,3
16432,"2024-10-29","6003",客户回访三组,回访,71,7
16433,"2024-10-29","7001",档案管理部,归档,60,2
16434,"2024-10-29","8001",异常工单组,挂起,166,22
16435,"2024-10-30","1001",客服一部,话务员暂存,293,0
16436,"2024-10-30","1001",客服一部,话务员受理,88,16
16437,"2024-10-30","1002",客服二部,话务员受理,283,41
16438,"2024-10-30","2001",业务一科,话务员办理,84,5
16439,"2024-10-30","2002",业务二科,话务员办理,192,23
16440,"2024-10-30","3001",热线审核中心,热线审核,153,30
16441,"2024-10-30","3002",热线复核中心,热线复核,166,10
16442,"2024-10-30","4001",承办单位A,承办单位审核,100,3
16443,"2024-10-30","4001",承办单位A,承办单位处理,261,17
16444,"2024-10-30","4002",承办单位B,承办单位处理,201,7
16445,"2024-10-30","4003",承办复核部A,承办单位复核,84,0
16446,"2024-10-30","5001",结案一部,办结,193,27
16447,"2024-10-30","5002",结案二部,办结,164,18
16448,"2024-10-30","6001",客户回访一组,回访,84,10
16449,"2024-10-30","6002",客户回访二组,回访,85,4
16450,"2024-10-30","6003",客户回访三组,回访,277,54
16451,"2024-10-30","7001",档案管理部,归档,156,25
16452,"2024-10-30","8001",异常工单组,挂起,149,23
16453,"2024-10-31","1001",客服一部,话务员暂存,72,0
16454,"2024-10-31","1001",客服一部,话务员受理,200,4
16455,"2024-10-31","1002",客服二部,话务员受理,263,24
16456,"2024-10-31","2001",业务一科,话务员办理,149,4
16457,"2024-10-31","2002",业务二科,话务员办理,156,3
16458,"2024-10-31","3001",热线审核中心,热线审核,250,43
16459,"2024-10-31","3002",热线复核中心,热线复核,242,35
16460,"2024-10-31","4001",承办单位A,承办单位审核,136,16
16461,"2024-10-31","4001",承办单位A,承办单位处理,249,31
16462,"2024-10-31","4002",承办单位B,承办单位处理,134,10
16463,"2024-10-31","4003",承办复核部A,承办单位复核,280,25
16464,"2024-10-31","5001",结案一部,办结,283,50
16465,"2024-10-31","5002",结案二部,办结,243,47
16466,"2024-10-31","6001",客户回访一组,回访,97,1
16467,"2024-10-31","6002",客户回访二组,回访,120,5
16468,"2024-10-31","6003",客户回访三组,回访,278,16
16469,"2024-10-31","7001",档案管理部,归档,227,21
16470,"2024-10-31","8001",异常工单组,挂起,193,29
16471,"2024-11-01","1001",客服一部,话务员暂存,247,0
16472,"2024-11-01","1001",客服一部,话务员受理,264,21
16473,"2024-11-01","1002",客服二部,话务员受理,262,40
16474,"2024-11-01","2001",业务一科,话务员办理,85,15
16475,"2024-11-01","2002",业务二科,话务员办理,188,14
16476,"2024-11-01","3001",热线审核中心,热线审核,207,38
16477,"2024-11-01","3002",热线复核中心,热线复核,108,5
16478,"2024-11-01","4001",承办单位A,承办单位审核,284,28
16479,"2024-11-01","4001",承办单位A,承办单位处理,154,13
16480,"2024-11-01","4002",承办单位B,承办单位处理,129,4
16481,"2024-11-01","4003",承办复核部A,承办单位复核,198,23
16482,"2024-11-01","5001",结案一部,办结,243,39
16483,"2024-11-01","5002",结案二部,办结,90,8
16484,"2024-11-01","6001",客户回访一组,回访,70,8
16485,"2024-11-01","6002",客户回访二组,回访,93,18
16486,"2024-11-01","6003",客户回访三组,回访,260,37
16487,"2024-11-01","7001",档案管理部,归档,68,1
16488,"2024-11-01","8001",异常工单组,挂起,188,36
16489,"2024-11-02","1001",客服一部,话务员暂存,198,0
16490,"2024-11-02","1001",客服一部,话务员受理,259,2
16491,"2024-11-02","1002",客服二部,话务员受理,139,17
16492,"2024-11-02","2001",业务一科,话务员办理,53,4
16493,"2024-11-02","2002",业务二科,话务员办理,184,19
16494,"2024-11-02","3001",热线审核中心,热线审核,282,2
16495,"2024-11-02","3002",热线复核中心,热线复核,211,3
16496,"2024-11-02","4001",承办单位A,承办单位审核,238,35
16497,"2024-11-02","4001",承办单位A,承办单位处理,157,5
16498,"2024-11-02","4002",承办单位B,承办单位处理,230,2
16499,"2024-11-02","4003",承办复核部A,承办单位复核,255,28
16500,"2024-11-02","5001",结案一部,办结,178,6
16501,"2024-11-02","5002",结案二部,办结,196,32
16502,"2024-11-02","6001",客户回访一组,回访,157,26
16503,"2024-11-02","6002",客户回访二组,回访,270,6
16504,"2024-11-02","6003",客户回访三组,回访,197,1
16505,"2024-11-02","7001",档案管理部,归档,163,26
16506,"2024-11-02","8001",异常工单组,挂起,236,34
16507,"2024-11-03","1001",客服一部,话务员暂存,74,0
16508,"2024-11-03","1001",客服一部,话务员受理,235,32
16509,"2024-11-03","1002",客服二部,话务员受理,124,7
16510,"2024-11-03","2001",业务一科,话务员办理,158,17
16511,"2024-11-03","2002",业务二科,话务员办理,174,7
16512,"2024-11-03","3001",热线审核中心,热线审核,221,23
16513,"2024-11-03","3002",热线复核中心,热线复核,196,36
16514,"2024-11-03","4001",承办单位A,承办单位审核,104,13
16515,"2024-11-03","4001",承办单位A,承办单位处理,292,19
16516,"2024-11-03","4002",承办单位B,承办单位处理,196,9
16517,"2024-11-03","4003",承办复核部A,承办单位复核,227,23
16518,"2024-11-03","5001",结案一部,办结,212,16
16519,"2024-11-03","5002",结案二部,办结,215,17
16520,"2024-11-03","6001",客户回访一组,回访,167,19
16521,"2024-11-03","6002",客户回访二组,回访,188,10
16522,"2024-11-03","6003",客户回访三组,回访,152,26
16523,"2024-11-03","7001",档案管理部,归档,272,3
16524,"2024-11-03","8001",异常工单组,挂起,131,14
16525,"2024-11-04","1001",客服一部,话务员暂存,51,0
16526,"2024-11-04","1001",客服一部,话务员受理,172,13
16527,"2024-11-04","1002",客服二部,话务员受理,144,1
16528,"2024-11-04","2001",业务一科,话务员办理,265,51
16529,"2024-11-04","2002",业务二科,话务员办理,137,2
16530,"2024-11-04","3001",热线审核中心,热线审核,286,8
16531,"2024-11-04","3002",热线复核中心,热线复核,114,22
16532,"2024-11-04","4001",承办单位A,承办单位审核,62,11
16533,"2024-11-04","4001",承办单位A,承办单位处理,126,3
16534,"2024-11-04","4002",承办单位B,承办单位处理,73,6
16535,"2024-11-04","4003",承办复核部A,承办单位复核,53,10
16536,"2024-11-04","5001",结案一部,办结,166,2
16537,"2024-11-04","5002",结案二部,办结,75,8
16538,"2024-11-04","6001",客户回访一组,回访,84,13
16539,"2024-11-04","6002",客户回访二组,回访,87,4
16540,"2024-11-04","6003",客户回访三组,回访,157,20
16541,"2024-11-04","7001",档案管理部,归档,65,9
16542,"2024-11-04","8001",异常工单组,挂起,206,8
16543,"2024-11-05","1001",客服一部,话务员暂存,245,0
16544,"2024-11-05","1001",客服一部,话务员受理,259,31
16545,"2024-11-05","1002",客服二部,话务员受理,221,26
16546,"2024-11-05","2001",业务一科,话务员办理,150,16
16547,"2024-11-05","2002",业务二科,话务员办理,244,6
16548,"2024-11-05","3001",热线审核中心,热线审核,202,21
16549,"2024-11-05","3002",热线复核中心,热线复核,181,36
16550,"2024-11-05","4001",承办单位A,承办单位审核,104,14
16551,"2024-11-05","4001",承办单位A,承办单位处理,63,9
16552,"2024-11-05","4002",承办单位B,承办单位处理,121,8
16553,"2024-11-05","4003",承办复核部A,承办单位复核,197,2
16554,"2024-11-05","5001",结案一部,办结,58,3
16555,"2024-11-05","5002",结案二部,办结,173,14
16556,"2024-11-05","6001",客户回访一组,回访,211,0
16557,"2024-11-05","6002",客户回访二组,回访,164,7
16558,"2024-11-05","6003",客户回访三组,回访,101,3
16559,"2024-11-05","7001",档案管理部,归档,123,16
16560,"2024-11-05","8001",异常工单组,挂起,50,7
16561,"2024-11-06","1001",客服一部,话务员暂存,200,0
16562,"2024-11-06","1001",客服一部,话务员受理,144,23
16563,"2024-11-06","1002",客服二部,话务员受理,252,29
16564,"2024-11-06","2001",业务一科,话务员办理,251,45
16565,"2024-11-06","2002",业务二科,话务员办理,242,34
16566,"2024-11-06","3001",热线审核中心,热线审核,199,24
16567,"2024-11-06","3002",热线复核中心,热线复核,217,22
16568,"2024-11-06","4001",承办单位A,承办单位审核,153,7
16569,"2024-11-06","4001",承办单位A,承办单位处理,171,32
16570,"2024-11-06","4002",承办单位B,承办单位处理,203,7
16571,"2024-11-06","4003",承办复核部A,承办单位复核,187,18
16572,"2024-11-06","5001",结案一部,办结,93,1
16573,"2024-11-06","5002",结案二部,办结,130,5
16574,"2024-11-06","6001",客户回访一组,回访,230,20
16575,"2024-11-06","6002",客户回访二组,回访,270,28
16576,"2024-11-06","6003",客户回访三组,回访,159,20
16577,"2024-11-06","7001",档案管理部,归档,182,27
16578,"2024-11-06","8001",异常工单组,挂起,194,23
16579,"2024-11-07","1001",客服一部,话务员暂存,272,0
16580,"2024-11-07","1001",客服一部,话务员受理,230,22
16581,"2024-11-07","1002",客服二部,话务员受理,162,2
16582,"2024-11-07","2001",业务一科,话务员办理,76,15
16583,"2024-11-07","2002",业务二科,话务员办理,176,25
16584,"2024-11-07","3001",热线审核中心,热线审核,68,0
16585,"2024-11-07","3002",热线复核中心,热线复核,153,10
16586,"2024-11-07","4001",承办单位A,承办单位审核,99,14
16587,"2024-11-07","4001",承办单位A,承办单位处理,51,1
16588,"2024-11-07","4002",承办单位B,承办单位处理,152,13
16589,"2024-11-07","4003",承办复核部A,承办单位复核,211,21
16590,"2024-11-07","5001",结案一部,办结,131,17
16591,"2024-11-07","5002",结案二部,办结,243,8
16592,"2024-11-07","6001",客户回访一组,回访,131,7
16593,"2024-11-07","6002",客户回访二组,回访,281,32
16594,"2024-11-07","6003",客户回访三组,回访,215,27
16595,"2024-11-07","7001",档案管理部,归档,220,36
16596,"2024-11-07","8001",异常工单组,挂起,123,1
16597,"2024-11-08","1001",客服一部,话务员暂存,98,0
16598,"2024-11-08","1001",客服一部,话务员受理,173,27
16599,"2024-11-08","1002",客服二部,话务员受理,68,12
16600,"2024-11-08","2001",业务一科,话务员办理,211,34
16601,"2024-11-08","2002",业务二科,话务员办理,210,12
16602,"2024-11-08","3001",热线审核中心,热线审核,144,14
16603,"2024-11-08","3002",热线复核中心,热线复核,84,4
16604,"2024-11-08","4001",承办单位A,承办单位审核,212,10
16605,"2024-11-08","4001",承办单位A,承办单位处理,244,10
16606,"2024-11-08","4002",承办单位B,承办单位处理,235,11
16607,"2024-11-08","4003",承办复核部A,承办单位复核,124,3
16608,"2024-11-08","5001",结案一部,办结,162,16
16609,"2024-11-08","5002",结案二部,办结,229,20
16610,"2024-11-08","6001",客户回访一组,回访,299,17
16611,"2024-11-08","6002",客户回访二组,回访,212,3
16612,"2024-11-08","6003",客户回访三组,回访,72,10
16613,"2024-11-08","7001",档案管理部,归档,173,2
16614,"2024-11-08","8001",异常工单组,挂起,61,3
16615,"2024-11-09","1001",客服一部,话务员暂存,222,0
16616,"2024-11-09","1001",客服一部,话务员受理,100,10
16617,"2024-11-09","1002",客服二部,话务员受理,208,27
16618,"2024-11-09","2001",业务一科,话务员办理,125,21
16619,"2024-11-09","2002",业务二科,话务员办理,151,5
16620,"2024-11-09","3001",热线审核中心,热线审核,248,26
16621,"2024-11-09","3002",热线复核中心,热线复核,122,0
16622,"2024-11-09","4001",承办单位A,承办单位审核,51,4
16623,"2024-11-09","4001",承办单位A,承办单位处理,61,12
16624,"2024-11-09","4002",承办单位B,承办单位处理,91,1
16625,"2024-11-09","4003",承办复核部A,承办单位复核,295,49
16626,"2024-11-09","5001",结案一部,办结,122,3
16627,"2024-11-09","5002",结案二部,办结,51,2
16628,"2024-11-09","6001",客户回访一组,回访,243,15
16629,"2024-11-09","6002",客户回访二组,回访,276,40
16630,"2024-11-09","6003",客户回访三组,回访,291,57
16631,"2024-11-09","7001",档案管理部,归档,251,3
16632,"2024-11-09","8001",异常工单组,挂起,97,0
16633,"2024-11-10","1001",客服一部,话务员暂存,178,0
16634,"2024-11-10","1001",客服一部,话务员受理,103,2
16635,"2024-11-10","1002",客服二部,话务员受理,186,15
16636,"2024-11-10","2001",业务一科,话务员办理,132,10
16637,"2024-11-10","2002",业务二科,话务员办理,269,6
16638,"2024-11-10","3001",热线审核中心,热线审核,216,14
16639,"2024-11-10","3002",热线复核中心,热线复核,92,2
16640,"2024-11-10","4001",承办单位A,承办单位审核,146,7
16641,"2024-11-10","4001",承办单位A,承办单位处理,210,15
16642,"2024-11-10","4002",承办单位B,承办单位处理,272,32
16643,"2024-11-10","4003",承办复核部A,承办单位复核,212,37
16644,"2024-11-10","5001",结案一部,办结,240,37
16645,"2024-11-10","5002",结案二部,办结,189,35
16646,"2024-11-10","6001",客户回访一组,回访,152,24
16647,"2024-11-10","6002",客户回访二组,回访,146,19
16648,"2024-11-10","6003",客户回访三组,回访,203,31
16649,"2024-11-10","7001",档案管理部,归档,245,28
16650,"2024-11-10","8001",异常工单组,挂起,237,21
16651,"2024-11-11","1001",客服一部,话务员暂存,210,0
16652,"2024-11-11","1001",客服一部,话务员受理,105,16
16653,"2024-11-11","1002",客服二部,话务员受理,258,22
16654,"2024-11-11","2001",业务一科,话务员办理,182,5
16655,"2024-11-11","2002",业务二科,话务员办理,87,17
16656,"2024-11-11","3001",热线审核中心,热线审核,200,8
16657,"2024-11-11","3002",热线复核中心,热线复核,182,24
16658,"2024-11-11","4001",承办单位A,承办单位审核,239,4
16659,"2024-11-11","4001",承办单位A,承办单位处理,128,11
16660,"2024-11-11","4002",承办单位B,承办单位处理,251,32
16661,"2024-11-11","4003",承办复核部A,承办单位复核,177,1
16662,"2024-11-11","5001",结案一部,办结,139,1
16663,"2024-11-11","5002",结案二部,办结,74,3
16664,"2024-11-11","6001",客户回访一组,回访,169,23
16665,"2024-11-11","6002",客户回访二组,回访,197,19
16666,"2024-11-11","6003",客户回访三组,回访,167,26
16667,"2024-11-11","7001",档案管理部,归档,79,5
16668,"2024-11-11","8001",异常工单组,挂起,275,12
16669,"2024-11-12","1001",客服一部,话务员暂存,74,0
16670,"2024-11-12","1001",客服一部,话务员受理,297,52
16671,"2024-11-12","1002",客服二部,话务员受理,78,3
16672,"2024-11-12","2001",业务一科,话务员办理,87,17
16673,"2024-11-12","2002",业务二科,话务员办理,131,11
16674,"2024-11-12","3001",热线审核中心,热线审核,216,12
16675,"2024-11-12","3002",热线复核中心,热线复核,103,13
16676,"2024-11-12","4001",承办单位A,承办单位审核,77,9
16677,"2024-11-12","4001",承办单位A,承办单位处理,176,16
16678,"2024-11-12","4002",承办单位B,承办单位处理,190,1
16679,"2024-11-12","4003",承办复核部A,承办单位复核,259,30
16680,"2024-11-12","5001",结案一部,办结,236,38
16681,"2024-11-12","5002",结案二部,办结,64,10
16682,"2024-11-12","6001",客户回访一组,回访,224,16
16683,"2024-11-12","6002",客户回访二组,回访,247,11
16684,"2024-11-12","6003",客户回访三组,回访,125,21
16685,"2024-11-12","7001",档案管理部,归档,292,53
16686,"2024-11-12","8001",异常工单组,挂起,80,6
16687,"2024-11-13","1001",客服一部,话务员暂存,248,0
16688,"2024-11-13","1001",客服一部,话务员受理,228,41
16689,"2024-11-13","1002",客服二部,话务员受理,93,3
16690,"2024-11-13","2001",业务一科,话务员办理,276,25
16691,"2024-11-13","2002",业务二科,话务员办理,194,21
16692,"2024-11-13","3001",热线审核中心,热线审核,236,3
16693,"2024-11-13","3002",热线复核中心,热线复核,202,37
16694,"2024-11-13","4001",承办单位A,承办单位审核,96,1
16695,"2024-11-13","4001",承办单位A,承办单位处理,89,17
16696,"2024-11-13","4002",承办单位B,承办单位处理,131,19
16697,"2024-11-13","4003",承办复核部A,承办单位复核,200,28
16698,"2024-11-13","5001",结案一部,办结,85,0
16699,"2024-11-13","5002",结案二部,办结,209,41
16700,"2024-11-13","6001",客户回访一组,回访,255,18
16701,"2024-11-13","6002",客户回访二组,回访,92,18
16702,"2024-11-13","6003",客户回访三组,回访,217,2
16703,"2024-11-13","7001",档案管理部,归档,269,44
16704,"2024-11-13","8001",异常工单组,挂起,51,7
16705,"2024-11-14","1001",客服一部,话务员暂存,91,0
16706,"2024-11-14","1001",客服一部,话务员受理,213,33
16707,"2024-11-14","1002",客服二部,话务员受理,275,19
16708,"2024-11-14","2001",业务一科,话务员办理,171,18
16709,"2024-11-14","2002",业务二科,话务员办理,252,23
16710,"2024-11-14","3001",热线审核中心,热线审核,63,11
16711,"2024-11-14","3002",热线复核中心,热线复核,154,9
16712,"2024-11-14","4001",承办单位A,承办单位审核,59,10
16713,"2024-11-14","4001",承办单位A,承办单位处理,245,28
16714,"2024-11-14","4002",承办单位B,承办单位处理,299,0
16715,"2024-11-14","4003",承办复核部A,承办单位复核,277,33
16716,"2024-11-14","5001",结案一部,办结,128,5
16717,"2024-11-14","5002",结案二部,办结,251,0
16718,"2024-11-14","6001",客户回访一组,回访,184,29
16719,"2024-11-14","6002",客户回访二组,回访,203,11
16720,"2024-11-14","6003",客户回访三组,回访,193,33
16721,"2024-11-14","7001",档案管理部,归档,157,14
16722,"2024-11-14","8001",异常工单组,挂起,207,3
16723,"2024-11-15","1001",客服一部,话务员暂存,131,0
16724,"2024-11-15","1001",客服一部,话务员受理,107,20
16725,"2024-11-15","1002",客服二部,话务员受理,257,24
16726,"2024-11-15","2001",业务一科,话务员办理,120,2
16727,"2024-11-15","2002",业务二科,话务员办理,226,27
16728,"2024-11-15","3001",热线审核中心,热线审核,162,12
16729,"2024-11-15","3002",热线复核中心,热线复核,186,27
16730,"2024-11-15","4001",承办单位A,承办单位审核,204,35
16731,"2024-11-15","4001",承办单位A,承办单位处理,87,1
16732,"2024-11-15","4002",承办单位B,承办单位处理,217,43
16733,"2024-11-15","4003",承办复核部A,承办单位复核,65,5
16734,"2024-11-15","5001",结案一部,办结,65,4
16735,"2024-11-15","5002",结案二部,办结,126,4
16736,"2024-11-15","6001",客户回访一组,回访,182,12
16737,"2024-11-15","6002",客户回访二组,回访,187,4
16738,"2024-11-15","6003",客户回访三组,回访,243,25
16739,"2024-11-15","7001",档案管理部,归档,94,16
16740,"2024-11-15","8001",异常工单组,挂起,289,14
16741,"2024-11-16","1001",客服一部,话务员暂存,84,0
16742,"2024-11-16","1001",客服一部,话务员受理,241,28
16743,"2024-11-16","1002",客服二部,话务员受理,202,5
16744,"2024-11-16","2001",业务一科,话务员办理,186,32
16745,"2024-11-16","2002",业务二科,话务员办理,187,31
16746,"2024-11-16","3001",热线审核中心,热线审核,238,43
16747,"2024-11-16","3002",热线复核中心,热线复核,66,1
16748,"2024-11-16","4001",承办单位A,承办单位审核,165,27
16749,"2024-11-16","4001",承办单位A,承办单位处理,138,4
16750,"2024-11-16","4002",承办单位B,承办单位处理,280,38
16751,"2024-11-16","4003",承办复核部A,承办单位复核,115,10
16752,"2024-11-16","5001",结案一部,办结,137,26
16753,"2024-11-16","5002",结案二部,办结,204,31
16754,"2024-11-16","6001",客户回访一组,回访,247,13
16755,"2024-11-16","6002",客户回访二组,回访,292,1
16756,"2024-11-16","6003",客户回访三组,回访,219,9
16757,"2024-11-16","7001",档案管理部,归档,85,16
16758,"2024-11-16","8001",异常工单组,挂起,174,21
16759,"2024-11-17","1001",客服一部,话务员暂存,61,0
16760,"2024-11-17","1001",客服一部,话务员受理,190,30
16761,"2024-11-17","1002",客服二部,话务员受理,91,11
16762,"2024-11-17","2001",业务一科,话务员办理,82,8
16763,"2024-11-17","2002",业务二科,话务员办理,234,38
16764,"2024-11-17","3001",热线审核中心,热线审核,94,3
16765,"2024-11-17","3002",热线复核中心,热线复核,96,16
16766,"2024-11-17","4001",承办单位A,承办单位审核,188,29
16767,"2024-11-17","4001",承办单位A,承办单位处理,185,0
16768,"2024-11-17","4002",承办单位B,承办单位处理,241,0
16769,"2024-11-17","4003",承办复核部A,承办单位复核,237,28
16770,"2024-11-17","5001",结案一部,办结,224,34
16771,"2024-11-17","5002",结案二部,办结,144,3
16772,"2024-11-17","6001",客户回访一组,回访,67,10
16773,"2024-11-17","6002",客户回访二组,回访,171,11
16774,"2024-11-17","6003",客户回访三组,回访,279,52
16775,"2024-11-17","7001",档案管理部,归档,204,33
16776,"2024-11-17","8001",异常工单组,挂起,259,26
16777,"2024-11-18","1001",客服一部,话务员暂存,122,0
16778,"2024-11-18","1001",客服一部,话务员受理,275,12
16779,"2024-11-18","1002",客服二部,话务员受理,193,27
16780,"2024-11-18","2001",业务一科,话务员办理,170,12
16781,"2024-11-18","2002",业务二科,话务员办理,249,33
16782,"2024-11-18","3001",热线审核中心,热线审核,281,31
16783,"2024-11-18","3002",热线复核中心,热线复核,298,59
16784,"2024-11-18","4001",承办单位A,承办单位审核,212,12
16785,"2024-11-18","4001",承办单位A,承办单位处理,66,6
16786,"2024-11-18","4002",承办单位B,承办单位处理,110,13
16787,"2024-11-18","4003",承办复核部A,承办单位复核,66,5
16788,"2024-11-18","5001",结案一部,办结,80,2
16789,"2024-11-18","5002",结案二部,办结,73,9
16790,"2024-11-18","6001",客户回访一组,回访,231,18
16791,"2024-11-18","6002",客户回访二组,回访,158,24
16792,"2024-11-18","6003",客户回访三组,回访,241,37
16793,"2024-11-18","7001",档案管理部,归档,122,18
16794,"2024-11-18","8001",异常工单组,挂起,226,37
16795,"2024-11-19","1001",客服一部,话务员暂存,94,0
16796,"2024-11-19","1001",客服一部,话务员受理,239,44
16797,"2024-11-19","1002",客服二部,话务员受理,158,23
16798,"2024-11-19","2001",业务一科,话务员办理,87,12
16799,"2024-11-19","2002",业务二科,话务员办理,286,52
16800,"2024-11-19","3001",热线审核中心,热线审核,273,33
16801,"2024-11-19","3002",热线复核中心,热线复核,111,5
16802,"2024-11-19","4001",承办单位A,承办单位审核,299,28
16803,"2024-11-19","4001",承办单位A,承办单位处理,162,14
16804,"2024-11-19","4002",承办单位B,承办单位处理,62,9
16805,"2024-11-19","4003",承办复核部A,承办单位复核,205,39
16806,"2024-11-19","5001",结案一部,办结,107,17
16807,"2024-11-19","5002",结案二部,办结,61,7
16808,"2024-11-19","6001",客户回访一组,回访,107,9
16809,"2024-11-19","6002",客户回访二组,回访,122,18
16810,"2024-11-19","6003",客户回访三组,回访,65,4
16811,"2024-11-19","7001",档案管理部,归档,282,33
16812,"2024-11-19","8001",异常工单组,挂起,83,4
16813,"2024-11-20","1001",客服一部,话务员暂存,167,0
16814,"2024-11-20","1001",客服一部,话务员受理,261,4
16815,"2024-11-20","1002",客服二部,话务员受理,216,1
16816,"2024-11-20","2001",业务一科,话务员办理,225,38
16817,"2024-11-20","2002",业务二科,话务员办理,74,14
16818,"2024-11-20","3001",热线审核中心,热线审核,280,17
16819,"2024-11-20","3002",热线复核中心,热线复核,142,2
16820,"2024-11-20","4001",承办单位A,承办单位审核,126,17
16821,"2024-11-20","4001",承办单位A,承办单位处理,146,1
16822,"2024-11-20","4002",承办单位B,承办单位处理,240,38
16823,"2024-11-20","4003",承办复核部A,承办单位复核,200,12
16824,"2024-11-20","5001",结案一部,办结,249,0
16825,"2024-11-20","5002",结案二部,办结,165,16
16826,"2024-11-20","6001",客户回访一组,回访,108,7
16827,"2024-11-20","6002",客户回访二组,回访,297,3
16828,"2024-11-20","6003",客户回访三组,回访,139,20
16829,"2024-11-20","7001",档案管理部,归档,74,2
16830,"2024-11-20","8001",异常工单组,挂起,249,36
16831,"2024-11-21","1001",客服一部,话务员暂存,180,0
16832,"2024-11-21","1001",客服一部,话务员受理,276,35
16833,"2024-11-21","1002",客服二部,话务员受理,252,47
16834,"2024-11-21","2001",业务一科,话务员办理,262,28
16835,"2024-11-21","2002",业务二科,话务员办理,206,40
16836,"2024-11-21","3001",热线审核中心,热线审核,143,16
16837,"2024-11-21","3002",热线复核中心,热线复核,189,4
16838,"2024-11-21","4001",承办单位A,承办单位审核,200,11
16839,"2024-11-21","4001",承办单位A,承办单位处理,126,7
16840,"2024-11-21","4002",承办单位B,承办单位处理,200,38
16841,"2024-11-21","4003",承办复核部A,承办单位复核,150,17
16842,"2024-11-21","5001",结案一部,办结,288,44
16843,"2024-11-21","5002",结案二部,办结,220,30
16844,"2024-11-21","6001",客户回访一组,回访,206,4
16845,"2024-11-21","6002",客户回访二组,回访,174,16
16846,"2024-11-21","6003",客户回访三组,回访,267,20
16847,"2024-11-21","7001",档案管理部,归档,242,25
16848,"2024-11-21","8001",异常工单组,挂起,177,16
16849,"2024-11-22","1001",客服一部,话务员暂存,158,0
16850,"2024-11-22","1001",客服一部,话务员受理,67,13
16851,"2024-11-22","1002",客服二部,话务员受理,139,14
16852,"2024-11-22","2001",业务一科,话务员办理,60,5
16853,"2024-11-22","2002",业务二科,话务员办理,88,13
16854,"2024-11-22","3001",热线审核中心,热线审核,259,1
16855,"2024-11-22","3002",热线复核中心,热线复核,284,41
16856,"2024-11-22","4001",承办单位A,承办单位审核,132,19
16857,"2024-11-22","4001",承办单位A,承办单位处理,219,28
16858,"2024-11-22","4002",承办单位B,承办单位处理,291,23
16859,"2024-11-22","4003",承办复核部A,承办单位复核,144,3
16860,"2024-11-22","5001",结案一部,办结,160,30
16861,"2024-11-22","5002",结案二部,办结,297,44
16862,"2024-11-22","6001",客户回访一组,回访,249,1
16863,"2024-11-22","6002",客户回访二组,回访,63,10
16864,"2024-11-22","6003",客户回访三组,回访,216,7
16865,"2024-11-22","7001",档案管理部,归档,191,19
16866,"2024-11-22","8001",异常工单组,挂起,289,25
16867,"2024-11-23","1001",客服一部,话务员暂存,248,0
16868,"2024-11-23","1001",客服一部,话务员受理,219,3
16869,"2024-11-23","1002",客服二部,话务员受理,67,3
16870,"2024-11-23","2001",业务一科,话务员办理,260,50
16871,"2024-11-23","2002",业务二科,话务员办理,252,19
16872,"2024-11-23","3001",热线审核中心,热线审核,200,8
16873,"2024-11-23","3002",热线复核中心,热线复核,291,49
16874,"2024-11-23","4001",承办单位A,承办单位审核,149,2
16875,"2024-11-23","4001",承办单位A,承办单位处理,81,0
16876,"2024-11-23","4002",承办单位B,承办单位处理,51,7
16877,"2024-11-23","4003",承办复核部A,承办单位复核,236,8
16878,"2024-11-23","5001",结案一部,办结,87,10
16879,"2024-11-23","5002",结案二部,办结,289,14
16880,"2024-11-23","6001",客户回访一组,回访,144,5
16881,"2024-11-23","6002",客户回访二组,回访,108,10
16882,"2024-11-23","6003",客户回访三组,回访,86,4
16883,"2024-11-23","7001",档案管理部,归档,101,13
16884,"2024-11-23","8001",异常工单组,挂起,183,35
16885,"2024-11-24","1001",客服一部,话务员暂存,86,0
16886,"2024-11-24","1001",客服一部,话务员受理,183,9
16887,"2024-11-24","1002",客服二部,话务员受理,285,29
16888,"2024-11-24","2001",业务一科,话务员办理,176,15
16889,"2024-11-24","2002",业务二科,话务员办理,93,0
16890,"2024-11-24","3001",热线审核中心,热线审核,94,1
16891,"2024-11-24","3002",热线复核中心,热线复核,80,12
16892,"2024-11-24","4001",承办单位A,承办单位审核,281,53
16893,"2024-11-24","4001",承办单位A,承办单位处理,55,10
16894,"2024-11-24","4002",承办单位B,承办单位处理,189,23
16895,"2024-11-24","4003",承办复核部A,承办单位复核,151,15
16896,"2024-11-24","5001",结案一部,办结,292,40
16897,"2024-11-24","5002",结案二部,办结,113,15
16898,"2024-11-24","6001",客户回访一组,回访,194,28
16899,"2024-11-24","6002",客户回访二组,回访,291,43
16900,"2024-11-24","6003",客户回访三组,回访,181,1
16901,"2024-11-24","7001",档案管理部,归档,99,2
16902,"2024-11-24","8001",异常工单组,挂起,254,18
16903,"2024-11-25","1001",客服一部,话务员暂存,57,0
16904,"2024-11-25","1001",客服一部,话务员受理,98,1
16905,"2024-11-25","1002",客服二部,话务员受理,136,26
16906,"2024-11-25","2001",业务一科,话务员办理,70,5
16907,"2024-11-25","2002",业务二科,话务员办理,167,7
16908,"2024-11-25","3001",热线审核中心,热线审核,299,36
16909,"2024-11-25","3002",热线复核中心,热线复核,54,9
16910,"2024-11-25","4001",承办单位A,承办单位审核,289,21
16911,"2024-11-25","4001",承办单位A,承办单位处理,200,20
16912,"2024-11-25","4002",承办单位B,承办单位处理,143,11
16913,"2024-11-25","4003",承办复核部A,承办单位复核,277,54
16914,"2024-11-25","5001",结案一部,办结,258,8
16915,"2024-11-25","5002",结案二部,办结,64,11
16916,"2024-11-25","6001",客户回访一组,回访,65,4
16917,"2024-11-25","6002",客户回访二组,回访,238,43
16918,"2024-11-25","6003",客户回访三组,回访,195,31
16919,"2024-11-25","7001",档案管理部,归档,92,7
16920,"2024-11-25","8001",异常工单组,挂起,249,12
16921,"2024-11-26","1001",客服一部,话务员暂存,104,0
16922,"2024-11-26","1001",客服一部,话务员受理,223,2
16923,"2024-11-26","1002",客服二部,话务员受理,97,5
16924,"2024-11-26","2001",业务一科,话务员办理,73,14
16925,"2024-11-26","2002",业务二科,话务员办理,223,29
16926,"2024-11-26","3001",热线审核中心,热线审核,147,28
16927,"2024-11-26","3002",热线复核中心,热线复核,192,31
16928,"2024-11-26","4001",承办单位A,承办单位审核,75,8
16929,"2024-11-26","4001",承办单位A,承办单位处理,196,25
16930,"2024-11-26","4002",承办单位B,承办单位处理,257,18
16931,"2024-11-26","4003",承办复核部A,承办单位复核,135,26
16932,"2024-11-26","5001",结案一部,办结,71,6
16933,"2024-11-26","5002",结案二部,办结,162,15
16934,"2024-11-26","6001",客户回访一组,回访,172,28
16935,"2024-11-26","6002",客户回访二组,回访,96,1
16936,"2024-11-26","6003",客户回访三组,回访,185,19
16937,"2024-11-26","7001",档案管理部,归档,97,19
16938,"2024-11-26","8001",异常工单组,挂起,286,6
16939,"2024-11-27","1001",客服一部,话务员暂存,280,0
16940,"2024-11-27","1001",客服一部,话务员受理,90,18
16941,"2024-11-27","1002",客服二部,话务员受理,66,7
16942,"2024-11-27","2001",业务一科,话务员办理,195,9
16943,"2024-11-27","2002",业务二科,话务员办理,241,40
16944,"2024-11-27","3001",热线审核中心,热线审核,155,12
16945,"2024-11-27","3002",热线复核中心,热线复核,147,17
16946,"2024-11-27","4001",承办单位A,承办单位审核,154,26
16947,"2024-11-27","4001",承办单位A,承办单位处理,256,4
16948,"2024-11-27","4002",承办单位B,承办单位处理,269,16
16949,"2024-11-27","4003",承办复核部A,承办单位复核,237,6
16950,"2024-11-27","5001",结案一部,办结,142,0
16951,"2024-11-27","5002",结案二部,办结,152,13
16952,"2024-11-27","6001",客户回访一组,回访,288,17
16953,"2024-11-27","6002",客户回访二组,回访,176,35
16954,"2024-11-27","6003",客户回访三组,回访,218,4
16955,"2024-11-27","7001",档案管理部,归档,280,23
16956,"2024-11-27","8001",异常工单组,挂起,126,17
16957,"2024-11-28","1001",客服一部,话务员暂存,96,0
16958,"2024-11-28","1001",客服一部,话务员受理,136,1
16959,"2024-11-28","1002",客服二部,话务员受理,159,14
16960,"2024-11-28","2001",业务一科,话务员办理,90,14
16961,"2024-11-28","2002",业务二科,话务员办理,127,5
16962,"2024-11-28","3001",热线审核中心,热线审核,220,40
16963,"2024-11-28","3002",热线复核中心,热线复核,225,41
16964,"2024-11-28","4001",承办单位A,承办单位审核,238,43
16965,"2024-11-28","4001",承办单位A,承办单位处理,87,17
16966,"2024-11-28","4002",承办单位B,承办单位处理,231,21
16967,"2024-11-28","4003",承办复核部A,承办单位复核,64,11
16968,"2024-11-28","5001",结案一部,办结,222,13
16969,"2024-11-28","5002",结案二部,办结,125,15
16970,"2024-11-28","6001",客户回访一组,回访,113,9
16971,"2024-11-28","6002",客户回访二组,回访,254,44
16972,"2024-11-28","6003",客户回访三组,回访,259,7
16973,"2024-11-28","7001",档案管理部,归档,206,40
16974,"2024-11-28","8001",异常工单组,挂起,98,0
16975,"2024-11-29","1001",客服一部,话务员暂存,234,0
16976,"2024-11-29","1001",客服一部,话务员受理,170,12
16977,"2024-11-29","1002",客服二部,话务员受理,156,16
16978,"2024-11-29","2001",业务一科,话务员办理,149,21
16979,"2024-11-29","2002",业务二科,话务员办理,198,38
16980,"2024-11-29","3001",热线审核中心,热线审核,142,19
16981,"2024-11-29","3002",热线复核中心,热线复核,176,27
16982,"2024-11-29","4001",承办单位A,承办单位审核,249,13
16983,"2024-11-29","4001",承办单位A,承办单位处理,148,5
16984,"2024-11-29","4002",承办单位B,承办单位处理,297,27
16985,"2024-11-29","4003",承办复核部A,承办单位复核,75,8
16986,"2024-11-29","5001",结案一部,办结,109,9
16987,"2024-11-29","5002",结案二部,办结,286,7
16988,"2024-11-29","6001",客户回访一组,回访,208,38
16989,"2024-11-29","6002",客户回访二组,回访,257,21
16990,"2024-11-29","6003",客户回访三组,回访,250,11
16991,"2024-11-29","7001",档案管理部,归档,221,7
16992,"2024-11-29","8001",异常工单组,挂起,107,19
16993,"2024-11-30","1001",客服一部,话务员暂存,109,0
16994,"2024-11-30","1001",客服一部,话务员受理,101,9
16995,"2024-11-30","1002",客服二部,话务员受理,96,4
16996,"2024-11-30","2001",业务一科,话务员办理,129,18
16997,"2024-11-30","2002",业务二科,话务员办理,253,21
16998,"2024-11-30","3001",热线审核中心,热线审核,265,44
16999,"2024-11-30","3002",热线复核中心,热线复核,140,12
17000,"2024-11-30","4001",承办单位A,承办单位审核,299,33
17001,"2024-11-30","4001",承办单位A,承办单位处理,257,9
17002,"2024-11-30","4002",承办单位B,承办单位处理,180,16
17003,"2024-11-30","4003",承办复核部A,承办单位复核,224,38
17004,"2024-11-30","5001",结案一部,办结,141,6
17005,"2024-11-30","5002",结案二部,办结,113,14
17006,"2024-11-30","6001",客户回访一组,回访,197,17
17007,"2024-11-30","6002",客户回访二组,回访,198,18
17008,"2024-11-30","6003",客户回访三组,回访,284,52
17009,"2024-11-30","7001",档案管理部,归档,79,12
17010,"2024-11-30","8001",异常工单组,挂起,119,6
17011,"2024-12-01","1001",客服一部,话务员暂存,223,0
17012,"2024-12-01","1001",客服一部,话务员受理,236,14
17013,"2024-12-01","1002",客服二部,话务员受理,293,53
17014,"2024-12-01","2001",业务一科,话务员办理,156,17
17015,"2024-12-01","2002",业务二科,话务员办理,150,6
17016,"2024-12-01","3001",热线审核中心,热线审核,252,37
17017,"2024-12-01","3002",热线复核中心,热线复核,238,34
17018,"2024-12-01","4001",承办单位A,承办单位审核,217,23
17019,"2024-12-01","4001",承办单位A,承办单位处理,218,26
17020,"2024-12-01","4002",承办单位B,承办单位处理,293,12
17021,"2024-12-01","4003",承办复核部A,承办单位复核,136,24
17022,"2024-12-01","5001",结案一部,办结,112,7
17023,"2024-12-01","5002",结案二部,办结,291,11
17024,"2024-12-01","6001",客户回访一组,回访,137,8
17025,"2024-12-01","6002",客户回访二组,回访,120,0
17026,"2024-12-01","6003",客户回访三组,回访,221,15
17027,"2024-12-01","7001",档案管理部,归档,144,16
17028,"2024-12-01","8001",异常工单组,挂起,225,42
17029,"2024-12-02","1001",客服一部,话务员暂存,85,0
17030,"2024-12-02","1001",客服一部,话务员受理,82,2
17031,"2024-12-02","1002",客服二部,话务员受理,88,11
17032,"2024-12-02","2001",业务一科,话务员办理,77,12
17033,"2024-12-02","2002",业务二科,话务员办理,93,18
17034,"2024-12-02","3001",热线审核中心,热线审核,75,12
17035,"2024-12-02","3002",热线复核中心,热线复核,98,1
17036,"2024-12-02","4001",承办单位A,承办单位审核,189,27
17037,"2024-12-02","4001",承办单位A,承办单位处理,54,4
17038,"2024-12-02","4002",承办单位B,承办单位处理,141,15
17039,"2024-12-02","4003",承办复核部A,承办单位复核,117,11
17040,"2024-12-02","5001",结案一部,办结,177,13
17041,"2024-12-02","5002",结案二部,办结,203,12
17042,"2024-12-02","6001",客户回访一组,回访,78,6
17043,"2024-12-02","6002",客户回访二组,回访,75,13
17044,"2024-12-02","6003",客户回访三组,回访,290,38
17045,"2024-12-02","7001",档案管理部,归档,286,13
17046,"2024-12-02","8001",异常工单组,挂起,251,19
17047,"2024-12-03","1001",客服一部,话务员暂存,105,0
17048,"2024-12-03","1001",客服一部,话务员受理,57,4
17049,"2024-12-03","1002",客服二部,话务员受理,232,7
17050,"2024-12-03","2001",业务一科,话务员办理,113,14
17051,"2024-12-03","2002",业务二科,话务员办理,152,29
17052,"2024-12-03","3001",热线审核中心,热线审核,232,4
17053,"2024-12-03","3002",热线复核中心,热线复核,203,1
17054,"2024-12-03","4001",承办单位A,承办单位审核,56,6
17055,"2024-12-03","4001",承办单位A,承办单位处理,241,34
17056,"2024-12-03","4002",承办单位B,承办单位处理,181,34
17057,"2024-12-03","4003",承办复核部A,承办单位复核,187,13
17058,"2024-12-03","5001",结案一部,办结,298,42
17059,"2024-12-03","5002",结案二部,办结,159,25
17060,"2024-12-03","6001",客户回访一组,回访,243,46
17061,"2024-12-03","6002",客户回访二组,回访,96,16
17062,"2024-12-03","6003",客户回访三组,回访,105,8
17063,"2024-12-03","7001",档案管理部,归档,68,3
17064,"2024-12-03","8001",异常工单组,挂起,261,37
17065,"2024-12-04","1001",客服一部,话务员暂存,104,0
17066,"2024-12-04","1001",客服一部,话务员受理,89,6
17067,"2024-12-04","1002",客服二部,话务员受理,113,11
17068,"2024-12-04","2001",业务一科,话务员办理,75,12
17069,"2024-12-04","2002",业务二科,话务员办理,256,12
17070,"2024-12-04","3001",热线审核中心,热线审核,203,21
17071,"2024-12-04","3002",热线复核中心,热线复核,187,37
17072,"2024-12-04","4001",承办单位A,承办单位审核,229,31
17073,"2024-12-04","4001",承办单位A,承办单位处理,189,14
17074,"2024-12-04","4002",承办单位B,承办单位处理,247,12
17075,"2024-12-04","4003",承办复核部A,承办单位复核,255,38
17076,"2024-12-04","5001",结案一部,办结,57,4
17077,"2024-12-04","5002",结案二部,办结,203,12
17078,"2024-12-04","6001",客户回访一组,回访,90,15
17079,"2024-12-04","6002",客户回访二组,回访,51,9
17080,"2024-12-04","6003",客户回访三组,回访,191,38
17081,"2024-12-04","7001",档案管理部,归档,60,10
17082,"2024-12-04","8001",异常工单组,挂起,55,9
17083,"2024-12-05","1001",客服一部,话务员暂存,192,0
17084,"2024-12-05","1001",客服一部,话务员受理,90,15
17085,"2024-12-05","1002",客服二部,话务员受理,225,7
17086,"2024-12-05","2001",业务一科,话务员办理,283,40
17087,"2024-12-05","2002",业务二科,话务员办理,128,12
17088,"2024-12-05","3001",热线审核中心,热线审核,265,1
17089,"2024-12-05","3002",热线复核中心,热线复核,194,26
17090,"2024-12-05","4001",承办单位A,承办单位审核,153,23
17091,"2024-12-05","4001",承办单位A,承办单位处理,179,1
17092,"2024-12-05","4002",承办单位B,承办单位处理,97,7
17093,"2024-12-05","4003",承办复核部A,承办单位复核,251,5
17094,"2024-12-05","5001",结案一部,办结,236,10
17095,"2024-12-05","5002",结案二部,办结,129,22
17096,"2024-12-05","6001",客户回访一组,回访,223,4
17097,"2024-12-05","6002",客户回访二组,回访,97,6
17098,"2024-12-05","6003",客户回访三组,回访,163,17
17099,"2024-12-05","7001",档案管理部,归档,56,5
17100,"2024-12-05","8001",异常工单组,挂起,65,1
17101,"2024-12-06","1001",客服一部,话务员暂存,299,0
17102,"2024-12-06","1001",客服一部,话务员受理,237,36
17103,"2024-12-06","1002",客服二部,话务员受理,280,51
17104,"2024-12-06","2001",业务一科,话务员办理,263,24
17105,"2024-12-06","2002",业务二科,话务员办理,243,8
17106,"2024-12-06","3001",热线审核中心,热线审核,72,4
17107,"2024-12-06","3002",热线复核中心,热线复核,172,1
17108,"2024-12-06","4001",承办单位A,承办单位审核,162,0
17109,"2024-12-06","4001",承办单位A,承办单位处理,133,1
17110,"2024-12-06","4002",承办单位B,承办单位处理,207,5
17111,"2024-12-06","4003",承办复核部A,承办单位复核,259,1
17112,"2024-12-06","5001",结案一部,办结,270,36
17113,"2024-12-06","5002",结案二部,办结,133,25
17114,"2024-12-06","6001",客户回访一组,回访,205,10
17115,"2024-12-06","6002",客户回访二组,回访,135,7
17116,"2024-12-06","6003",客户回访三组,回访,218,31
17117,"2024-12-06","7001",档案管理部,归档,115,18
17118,"2024-12-06","8001",异常工单组,挂起,172,14
17119,"2024-12-07","1001",客服一部,话务员暂存,134,0
17120,"2024-12-07","1001",客服一部,话务员受理,263,40
17121,"2024-12-07","1002",客服二部,话务员受理,244,17
17122,"2024-12-07","2001",业务一科,话务员办理,77,2
17123,"2024-12-07","2002",业务二科,话务员办理,78,2
17124,"2024-12-07","3001",热线审核中心,热线审核,62,6
17125,"2024-12-07","3002",热线复核中心,热线复核,186,26
17126,"2024-12-07","4001",承办单位A,承办单位审核,258,17
17127,"2024-12-07","4001",承办单位A,承办单位处理,250,46
17128,"2024-12-07","4002",承办单位B,承办单位处理,228,23
17129,"2024-12-07","4003",承办复核部A,承办单位复核,272,13
17130,"2024-12-07","5001",结案一部,办结,124,24
17131,"2024-12-07","5002",结案二部,办结,283,47
17132,"2024-12-07","6001",客户回访一组,回访,240,12
17133,"2024-12-07","6002",客户回访二组,回访,205,12
17134,"2024-12-07","6003",客户回访三组,回访,60,1
17135,"2024-12-07","7001",档案管理部,归档,177,18
17136,"2024-12-07","8001",异常工单组,挂起,262,27
17137,"2024-12-08","1001",客服一部,话务员暂存,56,0
17138,"2024-12-08","1001",客服一部,话务员受理,269,42
17139,"2024-12-08","1002",客服二部,话务员受理,59,2
17140,"2024-12-08","2001",业务一科,话务员办理,281,40
17141,"2024-12-08","2002",业务二科,话务员办理,148,19
17142,"2024-12-08","3001",热线审核中心,热线审核,299,40
17143,"2024-12-08","3002",热线复核中心,热线复核,269,13
17144,"2024-12-08","4001",承办单位A,承办单位审核,200,7
17145,"2024-12-08","4001",承办单位A,承办单位处理,77,7
17146,"2024-12-08","4002",承办单位B,承办单位处理,161,30
17147,"2024-12-08","4003",承办复核部A,承办单位复核,66,8
17148,"2024-12-08","5001",结案一部,办结,260,6
17149,"2024-12-08","5002",结案二部,办结,57,1
17150,"2024-12-08","6001",客户回访一组,回访,108,5
17151,"2024-12-08","6002",客户回访二组,回访,70,12
17152,"2024-12-08","6003",客户回访三组,回访,183,24
17153,"2024-12-08","7001",档案管理部,归档,293,13
17154,"2024-12-08","8001",异常工单组,挂起,277,24
17155,"2024-12-09","1001",客服一部,话务员暂存,206,0
17156,"2024-12-09","1001",客服一部,话务员受理,101,2
17157,"2024-12-09","1002",客服二部,话务员受理,292,30
17158,"2024-12-09","2001",业务一科,话务员办理,210,6
17159,"2024-12-09","2002",业务二科,话务员办理,200,35
17160,"2024-12-09","3001",热线审核中心,热线审核,166,29
17161,"2024-12-09","3002",热线复核中心,热线复核,57,11
17162,"2024-12-09","4001",承办单位A,承办单位审核,89,14
17163,"2024-12-09","4001",承办单位A,承办单位处理,290,57
17164,"2024-12-09","4002",承办单位B,承办单位处理,148,15
17165,"2024-12-09","4003",承办复核部A,承办单位复核,292,18
17166,"2024-12-09","5001",结案一部,办结,102,7
17167,"2024-12-09","5002",结案二部,办结,284,46
17168,"2024-12-09","6001",客户回访一组,回访,156,29
17169,"2024-12-09","6002",客户回访二组,回访,269,41
17170,"2024-12-09","6003",客户回访三组,回访,230,45
17171,"2024-12-09","7001",档案管理部,归档,165,24
17172,"2024-12-09","8001",异常工单组,挂起,205,41
17173,"2024-12-10","1001",客服一部,话务员暂存,79,0
17174,"2024-12-10","1001",客服一部,话务员受理,209,27
17175,"2024-12-10","1002",客服二部,话务员受理,182,19
17176,"2024-12-10","2001",业务一科,话务员办理,123,24
17177,"2024-12-10","2002",业务二科,话务员办理,124,17
17178,"2024-12-10","3001",热线审核中心,热线审核,288,53
17179,"2024-12-10","3002",热线复核中心,热线复核,222,1
17180,"2024-12-10","4001",承办单位A,承办单位审核,279,55
17181,"2024-12-10","4001",承办单位A,承办单位处理,231,12
17182,"2024-12-10","4002",承办单位B,承办单位处理,239,10
17183,"2024-12-10","4003",承办复核部A,承办单位复核,226,22
17184,"2024-12-10","5001",结案一部,办结,258,18
17185,"2024-12-10","5002",结案二部,办结,269,19
17186,"2024-12-10","6001",客户回访一组,回访,173,8
17187,"2024-12-10","6002",客户回访二组,回访,185,35
17188,"2024-12-10","6003",客户回访三组,回访,264,29
17189,"2024-12-10","7001",档案管理部,归档,255,37
17190,"2024-12-10","8001",异常工单组,挂起,103,19
17191,"2024-12-11","1001",客服一部,话务员暂存,155,0
17192,"2024-12-11","1001",客服一部,话务员受理,88,9
17193,"2024-12-11","1002",客服二部,话务员受理,134,12
17194,"2024-12-11","2001",业务一科,话务员办理,69,7
17195,"2024-12-11","2002",业务二科,话务员办理,247,48
17196,"2024-12-11","3001",热线审核中心,热线审核,176,26
17197,"2024-12-11","3002",热线复核中心,热线复核,146,25
17198,"2024-12-11","4001",承办单位A,承办单位审核,269,0
17199,"2024-12-11","4001",承办单位A,承办单位处理,208,14
17200,"2024-12-11","4002",承办单位B,承办单位处理,217,4
17201,"2024-12-11","4003",承办复核部A,承办单位复核,282,45
17202,"2024-12-11","5001",结案一部,办结,185,19
17203,"2024-12-11","5002",结案二部,办结,269,52
17204,"2024-12-11","6001",客户回访一组,回访,138,11
17205,"2024-12-11","6002",客户回访二组,回访,57,0
17206,"2024-12-11","6003",客户回访三组,回访,221,20
17207,"2024-12-11","7001",档案管理部,归档,134,9
17208,"2024-12-11","8001",异常工单组,挂起,251,50
17209,"2024-12-12","1001",客服一部,话务员暂存,152,0
17210,"2024-12-12","1001",客服一部,话务员受理,109,16
17211,"2024-12-12","1002",客服二部,话务员受理,204,26
17212,"2024-12-12","2001",业务一科,话务员办理,288,6
17213,"2024-12-12","2002",业务二科,话务员办理,190,37
17214,"2024-12-12","3001",热线审核中心,热线审核,253,44
17215,"2024-12-12","3002",热线复核中心,热线复核,220,22
17216,"2024-12-12","4001",承办单位A,承办单位审核,57,10
17217,"2024-12-12","4001",承办单位A,承办单位处理,212,35
17218,"2024-12-12","4002",承办单位B,承办单位处理,211,40
17219,"2024-12-12","4003",承办复核部A,承办单位复核,108,11
17220,"2024-12-12","5001",结案一部,办结,132,14
17221,"2024-12-12","5002",结案二部,办结,277,3
17222,"2024-12-12","6001",客户回访一组,回访,168,4
17223,"2024-12-12","6002",客户回访二组,回访,110,16
17224,"2024-12-12","6003",客户回访三组,回访,73,1
17225,"2024-12-12","7001",档案管理部,归档,257,2
17226,"2024-12-12","8001",异常工单组,挂起,172,8
17227,"2024-12-13","1001",客服一部,话务员暂存,267,0
17228,"2024-12-13","1001",客服一部,话务员受理,240,37
17229,"2024-12-13","1002",客服二部,话务员受理,295,37
17230,"2024-12-13","2001",业务一科,话务员办理,151,0
17231,"2024-12-13","2002",业务二科,话务员办理,118,6
17232,"2024-12-13","3001",热线审核中心,热线审核,182,21
17233,"2024-12-13","3002",热线复核中心,热线复核,185,14
17234,"2024-12-13","4001",承办单位A,承办单位审核,106,17
17235,"2024-12-13","4001",承办单位A,承办单位处理,222,9
17236,"2024-12-13","4002",承办单位B,承办单位处理,280,34
17237,"2024-12-13","4003",承办复核部A,承办单位复核,226,27
17238,"2024-12-13","5001",结案一部,办结,274,8
17239,"2024-12-13","5002",结案二部,办结,65,11
17240,"2024-12-13","6001",客户回访一组,回访,207,21
17241,"2024-12-13","6002",客户回访二组,回访,131,5
17242,"2024-12-13","6003",客户回访三组,回访,266,4
17243,"2024-12-13","7001",档案管理部,归档,216,22
17244,"2024-12-13","8001",异常工单组,挂起,164,15
17245,"2024-12-14","1001",客服一部,话务员暂存,117,0
17246,"2024-12-14","1001",客服一部,话务员受理,54,3
17247,"2024-12-14","1002",客服二部,话务员受理,194,24
17248,"2024-12-14","2001",业务一科,话务员办理,216,41
17249,"2024-12-14","2002",业务二科,话务员办理,86,12
17250,"2024-12-14","3001",热线审核中心,热线审核,197,8
17251,"2024-12-14","3002",热线复核中心,热线复核,264,29
17252,"2024-12-14","4001",承办单位A,承办单位审核,52,1
17253,"2024-12-14","4001",承办单位A,承办单位处理,201,16
17254,"2024-12-14","4002",承办单位B,承办单位处理,206,30
17255,"2024-12-14","4003",承办复核部A,承办单位复核,279,53
17256,"2024-12-14","5001",结案一部,办结,256,39
17257,"2024-12-14","5002",结案二部,办结,224,3
17258,"2024-12-14","6001",客户回访一组,回访,241,34
17259,"2024-12-14","6002",客户回访二组,回访,195,18
17260,"2024-12-14","6003",客户回访三组,回访,106,6
17261,"2024-12-14","7001",档案管理部,归档,58,7
17262,"2024-12-14","8001",异常工单组,挂起,187,12
17263,"2024-12-15","1001",客服一部,话务员暂存,107,0
17264,"2024-12-15","1001",客服一部,话务员受理,109,9
17265,"2024-12-15","1002",客服二部,话务员受理,127,15
17266,"2024-12-15","2001",业务一科,话务员办理,102,18
17267,"2024-12-15","2002",业务二科,话务员办理,68,2
17268,"2024-12-15","3001",热线审核中心,热线审核,130,4
17269,"2024-12-15","3002",热线复核中心,热线复核,272,27
17270,"2024-12-15","4001",承办单位A,承办单位审核,234,37
17271,"2024-12-15","4001",承办单位A,承办单位处理,295,45
17272,"2024-12-15","4002",承办单位B,承办单位处理,81,3
17273,"2024-12-15","4003",承办复核部A,承办单位复核,188,27
17274,"2024-12-15","5001",结案一部,办结,171,22
17275,"2024-12-15","5002",结案二部,办结,248,1
17276,"2024-12-15","6001",客户回访一组,回访,164,23
17277,"2024-12-15","6002",客户回访二组,回访,271,33
17278,"2024-12-15","6003",客户回访三组,回访,296,34
17279,"2024-12-15","7001",档案管理部,归档,258,43
17280,"2024-12-15","8001",异常工单组,挂起,77,9
17281,"2024-12-16","1001",客服一部,话务员暂存,130,0
17282,"2024-12-16","1001",客服一部,话务员受理,269,10
17283,"2024-12-16","1002",客服二部,话务员受理,248,27
17284,"2024-12-16","2001",业务一科,话务员办理,205,15
17285,"2024-12-16","2002",业务二科,话务员办理,237,1
17286,"2024-12-16","3001",热线审核中心,热线审核,152,9
17287,"2024-12-16","3002",热线复核中心,热线复核,281,1
17288,"2024-12-16","4001",承办单位A,承办单位审核,278,49
17289,"2024-12-16","4001",承办单位A,承办单位处理,247,49
17290,"2024-12-16","4002",承办单位B,承办单位处理,295,4
17291,"2024-12-16","4003",承办复核部A,承办单位复核,152,16
17292,"2024-12-16","5001",结案一部,办结,268,13
17293,"2024-12-16","5002",结案二部,办结,139,24
17294,"2024-12-16","6001",客户回访一组,回访,61,8
17295,"2024-12-16","6002",客户回访二组,回访,131,10
17296,"2024-12-16","6003",客户回访三组,回访,231,23
17297,"2024-12-16","7001",档案管理部,归档,188,1
17298,"2024-12-16","8001",异常工单组,挂起,241,42
17299,"2024-12-17","1001",客服一部,话务员暂存,282,0
17300,"2024-12-17","1001",客服一部,话务员受理,217,38
17301,"2024-12-17","1002",客服二部,话务员受理,248,30
17302,"2024-12-17","2001",业务一科,话务员办理,281,36
17303,"2024-12-17","2002",业务二科,话务员办理,201,21
17304,"2024-12-17","3001",热线审核中心,热线审核,66,13
17305,"2024-12-17","3002",热线复核中心,热线复核,187,12
17306,"2024-12-17","4001",承办单位A,承办单位审核,95,12
17307,"2024-12-17","4001",承办单位A,承办单位处理,95,8
17308,"2024-12-17","4002",承办单位B,承办单位处理,183,26
17309,"2024-12-17","4003",承办复核部A,承办单位复核,258,21
17310,"2024-12-17","5001",结案一部,办结,77,3
17311,"2024-12-17","5002",结案二部,办结,173,14
17312,"2024-12-17","6001",客户回访一组,回访,207,22
17313,"2024-12-17","6002",客户回访二组,回访,105,2
17314,"2024-12-17","6003",客户回访三组,回访,51,8
17315,"2024-12-17","7001",档案管理部,归档,208,18
17316,"2024-12-17","8001",异常工单组,挂起,284,47
17317,"2024-12-18","1001",客服一部,话务员暂存,185,0
17318,"2024-12-18","1001",客服一部,话务员受理,131,10
17319,"2024-12-18","1002",客服二部,话务员受理,131,26
17320,"2024-12-18","2001",业务一科,话务员办理,123,16
17321,"2024-12-18","2002",业务二科,话务员办理,267,48
17322,"2024-12-18","3001",热线审核中心,热线审核,174,16
17323,"2024-12-18","3002",热线复核中心,热线复核,54,6
17324,"2024-12-18","4001",承办单位A,承办单位审核,122,2
17325,"2024-12-18","4001",承办单位A,承办单位处理,92,5
17326,"2024-12-18","4002",承办单位B,承办单位处理,183,29
17327,"2024-12-18","4003",承办复核部A,承办单位复核,208,16
17328,"2024-12-18","5001",结案一部,办结,154,5
17329,"2024-12-18","5002",结案二部,办结,183,24
17330,"2024-12-18","6001",客户回访一组,回访,159,26
17331,"2024-12-18","6002",客户回访二组,回访,224,0
17332,"2024-12-18","6003",客户回访三组,回访,64,0
17333,"2024-12-18","7001",档案管理部,归档,77,15
17334,"2024-12-18","8001",异常工单组,挂起,165,13
17335,"2024-12-19","1001",客服一部,话务员暂存,127,0
17336,"2024-12-19","1001",客服一部,话务员受理,191,32
17337,"2024-12-19","1002",客服二部,话务员受理,229,41
17338,"2024-12-19","2001",业务一科,话务员办理,264,47
17339,"2024-12-19","2002",业务二科,话务员办理,256,29
17340,"2024-12-19","3001",热线审核中心,热线审核,168,12
17341,"2024-12-19","3002",热线复核中心,热线复核,225,18
17342,"2024-12-19","4001",承办单位A,承办单位审核,60,4
17343,"2024-12-19","4001",承办单位A,承办单位处理,152,26
17344,"2024-12-19","4002",承办单位B,承办单位处理,205,36
17345,"2024-12-19","4003",承办复核部A,承办单位复核,237,41
17346,"2024-12-19","5001",结案一部,办结,186,13
17347,"2024-12-19","5002",结案二部,办结,116,21
17348,"2024-12-19","6001",客户回访一组,回访,256,8
17349,"2024-12-19","6002",客户回访二组,回访,246,34
17350,"2024-12-19","6003",客户回访三组,回访,139,25
17351,"2024-12-19","7001",档案管理部,归档,296,53
17352,"2024-12-19","8001",异常工单组,挂起,232,20
17353,"2024-12-20","1001",客服一部,话务员暂存,72,0
17354,"2024-12-20","1001",客服一部,话务员受理,221,38
17355,"2024-12-20","1002",客服二部,话务员受理,154,16
17356,"2024-12-20","2001",业务一科,话务员办理,256,40
17357,"2024-12-20","2002",业务二科,话务员办理,297,30
17358,"2024-12-20","3001",热线审核中心,热线审核,131,22
17359,"2024-12-20","3002",热线复核中心,热线复核,134,18
17360,"2024-12-20","4001",承办单位A,承办单位审核,249,13
17361,"2024-12-20","4001",承办单位A,承办单位处理,153,7
17362,"2024-12-20","4002",承办单位B,承办单位处理,268,9
17363,"2024-12-20","4003",承办复核部A,承办单位复核,92,13
17364,"2024-12-20","5001",结案一部,办结,150,18
17365,"2024-12-20","5002",结案二部,办结,214,41
17366,"2024-12-20","6001",客户回访一组,回访,193,18
17367,"2024-12-20","6002",客户回访二组,回访,68,13
17368,"2024-12-20","6003",客户回访三组,回访,252,1
17369,"2024-12-20","7001",档案管理部,归档,208,10
17370,"2024-12-20","8001",异常工单组,挂起,153,3
17371,"2024-12-21","1001",客服一部,话务员暂存,159,0
17372,"2024-12-21","1001",客服一部,话务员受理,261,22
17373,"2024-12-21","1002",客服二部,话务员受理,113,11
17374,"2024-12-21","2001",业务一科,话务员办理,180,23
17375,"2024-12-21","2002",业务二科,话务员办理,162,4
17376,"2024-12-21","3001",热线审核中心,热线审核,218,35
17377,"2024-12-21","3002",热线复核中心,热线复核,277,53
17378,"2024-12-21","4001",承办单位A,承办单位审核,238,0
17379,"2024-12-21","4001",承办单位A,承办单位处理,112,8
17380,"2024-12-21","4002",承办单位B,承办单位处理,88,4
17381,"2024-12-21","4003",承办复核部A,承办单位复核,249,2
17382,"2024-12-21","5001",结案一部,办结,59,10
17383,"2024-12-21","5002",结案二部,办结,160,11
17384,"2024-12-21","6001",客户回访一组,回访,91,6
17385,"2024-12-21","6002",客户回访二组,回访,128,9
17386,"2024-12-21","6003",客户回访三组,回访,71,4
17387,"2024-12-21","7001",档案管理部,归档,134,19
17388,"2024-12-21","8001",异常工单组,挂起,110,9
17389,"2024-12-22","1001",客服一部,话务员暂存,77,0
17390,"2024-12-22","1001",客服一部,话务员受理,274,11
17391,"2024-12-22","1002",客服二部,话务员受理,83,4
17392,"2024-12-22","2001",业务一科,话务员办理,100,16
17393,"2024-12-22","2002",业务二科,话务员办理,113,4
17394,"2024-12-22","3001",热线审核中心,热线审核,176,1
17395,"2024-12-22","3002",热线复核中心,热线复核,258,20
17396,"2024-12-22","4001",承办单位A,承办单位审核,242,24
17397,"2024-12-22","4001",承办单位A,承办单位处理,238,13
17398,"2024-12-22","4002",承办单位B,承办单位处理,100,5
17399,"2024-12-22","4003",承办复核部A,承办单位复核,254,2
17400,"2024-12-22","5001",结案一部,办结,120,13
17401,"2024-12-22","5002",结案二部,办结,286,57
17402,"2024-12-22","6001",客户回访一组,回访,253,47
17403,"2024-12-22","6002",客户回访二组,回访,264,32
17404,"2024-12-22","6003",客户回访三组,回访,273,38
17405,"2024-12-22","7001",档案管理部,归档,68,11
17406,"2024-12-22","8001",异常工单组,挂起,211,2
17407,"2024-12-23","1001",客服一部,话务员暂存,53,0
17408,"2024-12-23","1001",客服一部,话务员受理,248,25
17409,"2024-12-23","1002",客服二部,话务员受理,297,53
17410,"2024-12-23","2001",业务一科,话务员办理,105,9
17411,"2024-12-23","2002",业务二科,话务员办理,86,13
17412,"2024-12-23","3001",热线审核中心,热线审核,261,13
17413,"2024-12-23","3002",热线复核中心,热线复核,86,13
17414,"2024-12-23","4001",承办单位A,承办单位审核,144,10
17415,"2024-12-23","4001",承办单位A,承办单位处理,139,22
17416,"2024-12-23","4002",承办单位B,承办单位处理,91,7
17417,"2024-12-23","4003",承办复核部A,承办单位复核,238,42
17418,"2024-12-23","5001",结案一部,办结,200,12
17419,"2024-12-23","5002",结案二部,办结,113,14
17420,"2024-12-23","6001",客户回访一组,回访,89,12
17421,"2024-12-23","6002",客户回访二组,回访,76,12
17422,"2024-12-23","6003",客户回访三组,回访,188,8
17423,"2024-12-23","7001",档案管理部,归档,55,2
17424,"2024-12-23","8001",异常工单组,挂起,234,8
17425,"2024-12-24","1001",客服一部,话务员暂存,217,0
17426,"2024-12-24","1001",客服一部,话务员受理,71,4
17427,"2024-12-24","1002",客服二部,话务员受理,54,8
17428,"2024-12-24","2001",业务一科,话务员办理,128,9
17429,"2024-12-24","2002",业务二科,话务员办理,85,7
17430,"2024-12-24","3001",热线审核中心,热线审核,263,17
17431,"2024-12-24","3002",热线复核中心,热线复核,297,11
17432,"2024-12-24","4001",承办单位A,承办单位审核,249,18
17433,"2024-12-24","4001",承办单位A,承办单位处理,275,21
17434,"2024-12-24","4002",承办单位B,承办单位处理,251,22
17435,"2024-12-24","4003",承办复核部A,承办单位复核,145,23
17436,"2024-12-24","5001",结案一部,办结,204,3
17437,"2024-12-24","5002",结案二部,办结,188,19
17438,"2024-12-24","6001",客户回访一组,回访,175,18
17439,"2024-12-24","6002",客户回访二组,回访,264,12
17440,"2024-12-24","6003",客户回访三组,回访,212,22
17441,"2024-12-24","7001",档案管理部,归档,102,15
17442,"2024-12-24","8001",异常工单组,挂起,57,4
17443,"2024-12-25","1001",客服一部,话务员暂存,96,0
17444,"2024-12-25","1001",客服一部,话务员受理,96,1
17445,"2024-12-25","1002",客服二部,话务员受理,106,14
17446,"2024-12-25","2001",业务一科,话务员办理,100,20
17447,"2024-12-25","2002",业务二科,话务员办理,295,48
17448,"2024-12-25","3001",热线审核中心,热线审核,265,4
17449,"2024-12-25","3002",热线复核中心,热线复核,290,39
17450,"2024-12-25","4001",承办单位A,承办单位审核,203,23
17451,"2024-12-25","4001",承办单位A,承办单位处理,194,6
17452,"2024-12-25","4002",承办单位B,承办单位处理,215,34
17453,"2024-12-25","4003",承办复核部A,承办单位复核,187,16
17454,"2024-12-25","5001",结案一部,办结,98,17
17455,"2024-12-25","5002",结案二部,办结,239,33
17456,"2024-12-25","6001",客户回访一组,回访,219,42
17457,"2024-12-25","6002",客户回访二组,回访,111,12
17458,"2024-12-25","6003",客户回访三组,回访,294,33
17459,"2024-12-25","7001",档案管理部,归档,204,25
17460,"2024-12-25","8001",异常工单组,挂起,217,15
17461,"2024-12-26","1001",客服一部,话务员暂存,171,0
17462,"2024-12-26","1001",客服一部,话务员受理,116,12
17463,"2024-12-26","1002",客服二部,话务员受理,206,22
17464,"2024-12-26","2001",业务一科,话务员办理,66,13
17465,"2024-12-26","2002",业务二科,话务员办理,162,15
17466,"2024-12-26","3001",热线审核中心,热线审核,244,18
17467,"2024-12-26","3002",热线复核中心,热线复核,158,17
17468,"2024-12-26","4001",承办单位A,承办单位审核,51,3
17469,"2024-12-26","4001",承办单位A,承办单位处理,205,38
17470,"2024-12-26","4002",承办单位B,承办单位处理,245,14
17471,"2024-12-26","4003",承办复核部A,承办单位复核,163,12
17472,"2024-12-26","5001",结案一部,办结,289,57
17473,"2024-12-26","5002",结案二部,办结,222,31
17474,"2024-12-26","6001",客户回访一组,回访,277,22
17475,"2024-12-26","6002",客户回访二组,回访,248,22
17476,"2024-12-26","6003",客户回访三组,回访,233,17
17477,"2024-12-26","7001",档案管理部,归档,224,0
17478,"2024-12-26","8001",异常工单组,挂起,130,24
17479,"2024-12-27","1001",客服一部,话务员暂存,190,0
17480,"2024-12-27","1001",客服一部,话务员受理,167,0
17481,"2024-12-27","1002",客服二部,话务员受理,78,10
17482,"2024-12-27","2001",业务一科,话务员办理,71,9
17483,"2024-12-27","2002",业务二科,话务员办理,230,35
17484,"2024-12-27","3001",热线审核中心,热线审核,180,26
17485,"2024-12-27","3002",热线复核中心,热线复核,181,3
17486,"2024-12-27","4001",承办单位A,承办单位审核,70,8
17487,"2024-12-27","4001",承办单位A,承办单位处理,130,7
17488,"2024-12-27","4002",承办单位B,承办单位处理,139,19
17489,"2024-12-27","4003",承办复核部A,承办单位复核,208,1
17490,"2024-12-27","5001",结案一部,办结,211,41
17491,"2024-12-27","5002",结案二部,办结,185,23
17492,"2024-12-27","6001",客户回访一组,回访,148,13
17493,"2024-12-27","6002",客户回访二组,回访,54,0
17494,"2024-12-27","6003",客户回访三组,回访,227,6
17495,"2024-12-27","7001",档案管理部,归档,122,16
17496,"2024-12-27","8001",异常工单组,挂起,148,5
17497,"2024-12-28","1001",客服一部,话务员暂存,158,0
17498,"2024-12-28","1001",客服一部,话务员受理,131,9
17499,"2024-12-28","1002",客服二部,话务员受理,135,8
17500,"2024-12-28","2001",业务一科,话务员办理,180,0
17501,"2024-12-28","2002",业务二科,话务员办理,71,9
17502,"2024-12-28","3001",热线审核中心,热线审核,127,15
17503,"2024-12-28","3002",热线复核中心,热线复核,180,12
17504,"2024-12-28","4001",承办单位A,承办单位审核,154,0
17505,"2024-12-28","4001",承办单位A,承办单位处理,210,22
17506,"2024-12-28","4002",承办单位B,承办单位处理,224,35
17507,"2024-12-28","4003",承办复核部A,承办单位复核,246,3
17508,"2024-12-28","5001",结案一部,办结,297,2
17509,"2024-12-28","5002",结案二部,办结,57,6
17510,"2024-12-28","6001",客户回访一组,回访,296,35
17511,"2024-12-28","6002",客户回访二组,回访,222,9
17512,"2024-12-28","6003",客户回访三组,回访,92,11
17513,"2024-12-28","7001",档案管理部,归档,275,4
17514,"2024-12-28","8001",异常工单组,挂起,87,10
17515,"2024-12-29","1001",客服一部,话务员暂存,296,0
17516,"2024-12-29","1001",客服一部,话务员受理,150,4
17517,"2024-12-29","1002",客服二部,话务员受理,229,28
17518,"2024-12-29","2001",业务一科,话务员办理,57,10
17519,"2024-12-29","2002",业务二科,话务员办理,94,3
17520,"2024-12-29","3001",热线审核中心,热线审核,66,9
17521,"2024-12-29","3002",热线复核中心,热线复核,157,5
17522,"2024-12-29","4001",承办单位A,承办单位审核,175,30
17523,"2024-12-29","4001",承办单位A,承办单位处理,122,4
17524,"2024-12-29","4002",承办单位B,承办单位处理,267,12
17525,"2024-12-29","4003",承办复核部A,承办单位复核,261,15
17526,"2024-12-29","5001",结案一部,办结,102,13
17527,"2024-12-29","5002",结案二部,办结,76,13
17528,"2024-12-29","6001",客户回访一组,回访,297,55
17529,"2024-12-29","6002",客户回访二组,回访,113,15
17530,"2024-12-29","6003",客户回访三组,回访,51,1
17531,"2024-12-29","7001",档案管理部,归档,218,9
17532,"2024-12-29","8001",异常工单组,挂起,141,13
17533,"2024-12-30","1001",客服一部,话务员暂存,175,0
17534,"2024-12-30","1001",客服一部,话务员受理,174,11
17535,"2024-12-30","1002",客服二部,话务员受理,80,15
17536,"2024-12-30","2001",业务一科,话务员办理,153,3
17537,"2024-12-30","2002",业务二科,话务员办理,258,31
17538,"2024-12-30","3001",热线审核中心,热线审核,157,3
17539,"2024-12-30","3002",热线复核中心,热线复核,69,12
17540,"2024-12-30","4001",承办单位A,承办单位审核,217,18
17541,"2024-12-30","4001",承办单位A,承办单位处理,112,3
17542,"2024-12-30","4002",承办单位B,承办单位处理,142,21
17543,"2024-12-30","4003",承办复核部A,承办单位复核,163,20
17544,"2024-12-30","5001",结案一部,办结,207,21
17545,"2024-12-30","5002",结案二部,办结,127,5
17546,"2024-12-30","6001",客户回访一组,回访,234,37
17547,"2024-12-30","6002",客户回访二组,回访,156,21
17548,"2024-12-30","6003",客户回访三组,回访,253,32
17549,"2024-12-30","7001",档案管理部,归档,226,28
17550,"2024-12-30","8001",异常工单组,挂起,108,6
17551,"2024-12-31","1001",客服一部,话务员暂存,57,0
17552,"2024-12-31","1001",客服一部,话务员受理,196,4
17553,"2024-12-31","1002",客服二部,话务员受理,155,30
17554,"2024-12-31","2001",业务一科,话务员办理,129,19
17555,"2024-12-31","2002",业务二科,话务员办理,234,42
17556,"2024-12-31","3001",热线审核中心,热线审核,264,31
17557,"2024-12-31","3002",热线复核中心,热线复核,114,10
17558,"2024-12-31","4001",承办单位A,承办单位审核,258,40
17559,"2024-12-31","4001",承办单位A,承办单位处理,57,8
17560,"2024-12-31","4002",承办单位B,承办单位处理,162,18
17561,"2024-12-31","4003",承办复核部A,承办单位复核,297,30
17562,"2024-12-31","5001",结案一部,办结,89,6
17563,"2024-12-31","5002",结案二部,办结,140,28
17564,"2024-12-31","6001",客户回访一组,回访,180,27
17565,"2024-12-31","6002",客户回访二组,回访,188,28
17566,"2024-12-31","6003",客户回访三组,回访,137,8
17567,"2024-12-31","7001",档案管理部,归档,88,2
17568,"2024-12-31","8001",异常工单组,挂起,50,8
17569,"2025-01-01","1001",客服一部,话务员暂存,95,0
17570,"2025-01-01","1001",客服一部,话务员受理,86,12
17571,"2025-01-01","1002",客服二部,话务员受理,292,53
17572,"2025-01-01","2001",业务一科,话务员办理,296,50
17573,"2025-01-01","2002",业务二科,话务员办理,119,16
17574,"2025-01-01","3001",热线审核中心,热线审核,119,12
17575,"2025-01-01","3002",热线复核中心,热线复核,189,2
17576,"2025-01-01","4001",承办单位A,承办单位审核,221,7
17577,"2025-01-01","4001",承办单位A,承办单位处理,132,13
17578,"2025-01-01","4002",承办单位B,承办单位处理,143,26
17579,"2025-01-01","4003",承办复核部A,承办单位复核,299,34
17580,"2025-01-01","5001",结案一部,办结,122,8
17581,"2025-01-01","5002",结案二部,办结,188,30
17582,"2025-01-01","6001",客户回访一组,回访,289,36
17583,"2025-01-01","6002",客户回访二组,回访,221,20
17584,"2025-01-01","6003",客户回访三组,回访,298,58
17585,"2025-01-01","7001",档案管理部,归档,227,39
17586,"2025-01-01","8001",异常工单组,挂起,285,1
17587,"2025-01-02","1001",客服一部,话务员暂存,177,0
17588,"2025-01-02","1001",客服一部,话务员受理,148,3
17589,"2025-01-02","1002",客服二部,话务员受理,65,8
17590,"2025-01-02","2001",业务一科,话务员办理,236,22
17591,"2025-01-02","2002",业务二科,话务员办理,58,5
17592,"2025-01-02","3001",热线审核中心,热线审核,209,5
17593,"2025-01-02","3002",热线复核中心,热线复核,68,1
17594,"2025-01-02","4001",承办单位A,承办单位审核,96,2
17595,"2025-01-02","4001",承办单位A,承办单位处理,230,5
17596,"2025-01-02","4002",承办单位B,承办单位处理,54,9
17597,"2025-01-02","4003",承办复核部A,承办单位复核,146,11
17598,"2025-01-02","5001",结案一部,办结,218,9
17599,"2025-01-02","5002",结案二部,办结,73,3
17600,"2025-01-02","6001",客户回访一组,回访,161,31
17601,"2025-01-02","6002",客户回访二组,回访,83,9
17602,"2025-01-02","6003",客户回访三组,回访,278,19
17603,"2025-01-02","7001",档案管理部,归档,135,3
17604,"2025-01-02","8001",异常工单组,挂起,137,1
17605,"2025-01-03","1001",客服一部,话务员暂存,289,0
17606,"2025-01-03","1001",客服一部,话务员受理,113,0
17607,"2025-01-03","1002",客服二部,话务员受理,286,56
17608,"2025-01-03","2001",业务一科,话务员办理,132,10
17609,"2025-01-03","2002",业务二科,话务员办理,229,17
17610,"2025-01-03","3001",热线审核中心,热线审核,161,13
17611,"2025-01-03","3002",热线复核中心,热线复核,299,37
17612,"2025-01-03","4001",承办单位A,承办单位审核,99,10
17613,"2025-01-03","4001",承办单位A,承办单位处理,297,35
17614,"2025-01-03","4002",承办单位B,承办单位处理,191,34
17615,"2025-01-03","4003",承办复核部A,承办单位复核,226,11
17616,"2025-01-03","5001",结案一部,办结,194,15
17617,"2025-01-03","5002",结案二部,办结,101,9
17618,"2025-01-03","6001",客户回访一组,回访,146,29
17619,"2025-01-03","6002",客户回访二组,回访,105,8
17620,"2025-01-03","6003",客户回访三组,回访,103,4
17621,"2025-01-03","7001",档案管理部,归档,127,23
17622,"2025-01-03","8001",异常工单组,挂起,71,6
17623,"2025-01-04","1001",客服一部,话务员暂存,92,0
17624,"2025-01-04","1001",客服一部,话务员受理,208,17
17625,"2025-01-04","1002",客服二部,话务员受理,131,4
17626,"2025-01-04","2001",业务一科,话务员办理,110,10
17627,"2025-01-04","2002",业务二科,话务员办理,161,21
17628,"2025-01-04","3001",热线审核中心,热线审核,206,9
17629,"2025-01-04","3002",热线复核中心,热线复核,130,25
17630,"2025-01-04","4001",承办单位A,承办单位审核,283,30
17631,"2025-01-04","4001",承办单位A,承办单位处理,211,15
17632,"2025-01-04","4002",承办单位B,承办单位处理,282,24
17633,"2025-01-04","4003",承办复核部A,承办单位复核,183,24
17634,"2025-01-04","5001",结案一部,办结,93,0
17635,"2025-01-04","5002",结案二部,办结,296,53
17636,"2025-01-04","6001",客户回访一组,回访,99,0
17637,"2025-01-04","6002",客户回访二组,回访,71,6
17638,"2025-01-04","6003",客户回访三组,回访,170,32
17639,"2025-01-04","7001",档案管理部,归档,214,2
17640,"2025-01-04","8001",异常工单组,挂起,53,4
17641,"2025-01-05","1001",客服一部,话务员暂存,102,0
17642,"2025-01-05","1001",客服一部,话务员受理,260,42
17643,"2025-01-05","1002",客服二部,话务员受理,156,29
17644,"2025-01-05","2001",业务一科,话务员办理,225,1
17645,"2025-01-05","2002",业务二科,话务员办理,100,13
17646,"2025-01-05","3001",热线审核中心,热线审核,199,7
17647,"2025-01-05","3002",热线复核中心,热线复核,191,23
17648,"2025-01-05","4001",承办单位A,承办单位审核,181,21
17649,"2025-01-05","4001",承办单位A,承办单位处理,275,39
17650,"2025-01-05","4002",承办单位B,承办单位处理,255,4
17651,"2025-01-05","4003",承办复核部A,承办单位复核,150,2
17652,"2025-01-05","5001",结案一部,办结,168,20
17653,"2025-01-05","5002",结案二部,办结,280,16
17654,"2025-01-05","6001",客户回访一组,回访,113,14
17655,"2025-01-05","6002",客户回访二组,回访,292,13
17656,"2025-01-05","6003",客户回访三组,回访,255,6
17657,"2025-01-05","7001",档案管理部,归档,277,47
17658,"2025-01-05","8001",异常工单组,挂起,198,8
17659,"2025-01-06","1001",客服一部,话务员暂存,213,0
17660,"2025-01-06","1001",客服一部,话务员受理,216,37
17661,"2025-01-06","1002",客服二部,话务员受理,223,35
17662,"2025-01-06","2001",业务一科,话务员办理,143,21
17663,"2025-01-06","2002",业务二科,话务员办理,70,4
17664,"2025-01-06","3001",热线审核中心,热线审核,295,58
17665,"2025-01-06","3002",热线复核中心,热线复核,240,40
17666,"2025-01-06","4001",承办单位A,承办单位审核,145,19
17667,"2025-01-06","4001",承办单位A,承办单位处理,70,10
17668,"2025-01-06","4002",承办单位B,承办单位处理,106,0
17669,"2025-01-06","4003",承办复核部A,承办单位复核,272,29
17670,"2025-01-06","5001",结案一部,办结,112,18
17671,"2025-01-06","5002",结案二部,办结,276,1
17672,"2025-01-06","6001",客户回访一组,回访,127,9
17673,"2025-01-06","6002",客户回访二组,回访,228,30
17674,"2025-01-06","6003",客户回访三组,回访,150,1
17675,"2025-01-06","7001",档案管理部,归档,174,28
17676,"2025-01-06","8001",异常工单组,挂起,170,24
17677,"2025-01-07","1001",客服一部,话务员暂存,221,0
17678,"2025-01-07","1001",客服一部,话务员受理,52,9
17679,"2025-01-07","1002",客服二部,话务员受理,278,23
17680,"2025-01-07","2001",业务一科,话务员办理,165,20
17681,"2025-01-07","2002",业务二科,话务员办理,223,21
17682,"2025-01-07","3001",热线审核中心,热线审核,231,41
17683,"2025-01-07","3002",热线复核中心,热线复核,138,4
17684,"2025-01-07","4001",承办单位A,承办单位审核,291,29
17685,"2025-01-07","4001",承办单位A,承办单位处理,202,18
17686,"2025-01-07","4002",承办单位B,承办单位处理,286,32
17687,"2025-01-07","4003",承办复核部A,承办单位复核,221,39
17688,"2025-01-07","5001",结案一部,办结,287,30
17689,"2025-01-07","5002",结案二部,办结,136,6
17690,"2025-01-07","6001",客户回访一组,回访,171,34
17691,"2025-01-07","6002",客户回访二组,回访,131,12
17692,"2025-01-07","6003",客户回访三组,回访,290,27
17693,"2025-01-07","7001",档案管理部,归档,252,33
17694,"2025-01-07","8001",异常工单组,挂起,222,43
17695,"2025-01-08","1001",客服一部,话务员暂存,142,0
17696,"2025-01-08","1001",客服一部,话务员受理,75,5
17697,"2025-01-08","1002",客服二部,话务员受理,298,48
17698,"2025-01-08","2001",业务一科,话务员办理,282,36
17699,"2025-01-08","2002",业务二科,话务员办理,279,50
17700,"2025-01-08","3001",热线审核中心,热线审核,280,12
17701,"2025-01-08","3002",热线复核中心,热线复核,233,42
17702,"2025-01-08","4001",承办单位A,承办单位审核,258,1
17703,"2025-01-08","4001",承办单位A,承办单位处理,55,3
17704,"2025-01-08","4002",承办单位B,承办单位处理,174,24
17705,"2025-01-08","4003",承办复核部A,承办单位复核,163,5
17706,"2025-01-08","5001",结案一部,办结,76,14
17707,"2025-01-08","5002",结案二部,办结,84,11
17708,"2025-01-08","6001",客户回访一组,回访,278,11
17709,"2025-01-08","6002",客户回访二组,回访,245,31
17710,"2025-01-08","6003",客户回访三组,回访,204,1
17711,"2025-01-08","7001",档案管理部,归档,148,12
17712,"2025-01-08","8001",异常工单组,挂起,142,25
17713,"2025-01-09","1001",客服一部,话务员暂存,115,0
17714,"2025-01-09","1001",客服一部,话务员受理,261,20
17715,"2025-01-09","1002",客服二部,话务员受理,182,11
17716,"2025-01-09","2001",业务一科,话务员办理,128,12
17717,"2025-01-09","2002",业务二科,话务员办理,92,8
17718,"2025-01-09","3001",热线审核中心,热线审核,170,28
17719,"2025-01-09","3002",热线复核中心,热线复核,234,3
17720,"2025-01-09","4001",承办单位A,承办单位审核,137,27
17721,"2025-01-09","4001",承办单位A,承办单位处理,227,14
17722,"2025-01-09","4002",承办单位B,承办单位处理,152,24
17723,"2025-01-09","4003",承办复核部A,承办单位复核,194,5
17724,"2025-01-09","5001",结案一部,办结,131,24
17725,"2025-01-09","5002",结案二部,办结,106,18
17726,"2025-01-09","6001",客户回访一组,回访,239,3
17727,"2025-01-09","6002",客户回访二组,回访,130,12
17728,"2025-01-09","6003",客户回访三组,回访,105,19
17729,"2025-01-09","7001",档案管理部,归档,187,6
17730,"2025-01-09","8001",异常工单组,挂起,161,26
17731,"2025-01-10","1001",客服一部,话务员暂存,206,0
17732,"2025-01-10","1001",客服一部,话务员受理,224,22
17733,"2025-01-10","1002",客服二部,话务员受理,208,23
17734,"2025-01-10","2001",业务一科,话务员办理,169,32
17735,"2025-01-10","2002",业务二科,话务员办理,167,6
17736,"2025-01-10","3001",热线审核中心,热线审核,156,23
17737,"2025-01-10","3002",热线复核中心,热线复核,70,0
17738,"2025-01-10","4001",承办单位A,承办单位审核,247,45
17739,"2025-01-10","4001",承办单位A,承办单位处理,201,34
17740,"2025-01-10","4002",承办单位B,承办单位处理,95,18
17741,"2025-01-10","4003",承办复核部A,承办单位复核,196,24
17742,"2025-01-10","5001",结案一部,办结,255,25
17743,"2025-01-10","5002",结案二部,办结,120,18
17744,"2025-01-10","6001",客户回访一组,回访,88,17
17745,"2025-01-10","6002",客户回访二组,回访,289,14
17746,"2025-01-10","6003",客户回访三组,回访,206,25
17747,"2025-01-10","7001",档案管理部,归档,270,28
17748,"2025-01-10","8001",异常工单组,挂起,281,29
17749,"2025-01-11","1001",客服一部,话务员暂存,258,0
17750,"2025-01-11","1001",客服一部,话务员受理,183,6
17751,"2025-01-11","1002",客服二部,话务员受理,200,18
17752,"2025-01-11","2001",业务一科,话务员办理,93,13
17753,"2025-01-11","2002",业务二科,话务员办理,91,6
17754,"2025-01-11","3001",热线审核中心,热线审核,271,37
17755,"2025-01-11","3002",热线复核中心,热线复核,76,7
17756,"2025-01-11","4001",承办单位A,承办单位审核,294,28
17757,"2025-01-11","4001",承办单位A,承办单位处理,187,5
17758,"2025-01-11","4002",承办单位B,承办单位处理,122,4
17759,"2025-01-11","4003",承办复核部A,承办单位复核,272,51
17760,"2025-01-11","5001",结案一部,办结,121,20
17761,"2025-01-11","5002",结案二部,办结,193,38
17762,"2025-01-11","6001",客户回访一组,回访,70,12
17763,"2025-01-11","6002",客户回访二组,回访,255,37
17764,"2025-01-11","6003",客户回访三组,回访,141,28
17765,"2025-01-11","7001",档案管理部,归档,112,19
17766,"2025-01-11","8001",异常工单组,挂起,186,7
17767,"2025-01-12","1001",客服一部,话务员暂存,300,0
17768,"2025-01-12","1001",客服一部,话务员受理,113,8
17769,"2025-01-12","1002",客服二部,话务员受理,196,32
17770,"2025-01-12","2001",业务一科,话务员办理,224,16
17771,"2025-01-12","2002",业务二科,话务员办理,132,19
17772,"2025-01-12","3001",热线审核中心,热线审核,255,14
17773,"2025-01-12","3002",热线复核中心,热线复核,94,11
17774,"2025-01-12","4001",承办单位A,承办单位审核,147,10
17775,"2025-01-12","4001",承办单位A,承办单位处理,92,6
17776,"2025-01-12","4002",承办单位B,承办单位处理,279,29
17777,"2025-01-12","4003",承办复核部A,承办单位复核,205,10
17778,"2025-01-12","5001",结案一部,办结,57,0
17779,"2025-01-12","5002",结案二部,办结,108,2
17780,"2025-01-12","6001",客户回访一组,回访,56,9
17781,"2025-01-12","6002",客户回访二组,回访,133,18
17782,"2025-01-12","6003",客户回访三组,回访,234,4
17783,"2025-01-12","7001",档案管理部,归档,111,14
17784,"2025-01-12","8001",异常工单组,挂起,167,5
17785,"2025-01-13","1001",客服一部,话务员暂存,58,0
17786,"2025-01-13","1001",客服一部,话务员受理,293,30
17787,"2025-01-13","1002",客服二部,话务员受理,186,35
17788,"2025-01-13","2001",业务一科,话务员办理,149,26
17789,"2025-01-13","2002",业务二科,话务员办理,88,7
17790,"2025-01-13","3001",热线审核中心,热线审核,67,2
17791,"2025-01-13","3002",热线复核中心,热线复核,262,4
17792,"2025-01-13","4001",承办单位A,承办单位审核,237,47
17793,"2025-01-13","4001",承办单位A,承办单位处理,140,17
17794,"2025-01-13","4002",承办单位B,承办单位处理,140,23
17795,"2025-01-13","4003",承办复核部A,承办单位复核,152,21
17796,"2025-01-13","5001",结案一部,办结,103,16
17797,"2025-01-13","5002",结案二部,办结,204,11
17798,"2025-01-13","6001",客户回访一组,回访,178,3
17799,"2025-01-13","6002",客户回访二组,回访,76,3
17800,"2025-01-13","6003",客户回访三组,回访,196,20
17801,"2025-01-13","7001",档案管理部,归档,263,18
17802,"2025-01-13","8001",异常工单组,挂起,151,22
17803,"2025-01-14","1001",客服一部,话务员暂存,161,0
17804,"2025-01-14","1001",客服一部,话务员受理,196,25
17805,"2025-01-14","1002",客服二部,话务员受理,118,14
17806,"2025-01-14","2001",业务一科,话务员办理,134,17
17807,"2025-01-14","2002",业务二科,话务员办理,253,24
17808,"2025-01-14","3001",热线审核中心,热线审核,152,14
17809,"2025-01-14","3002",热线复核中心,热线复核,115,6
17810,"2025-01-14","4001",承办单位A,承办单位审核,73,13
17811,"2025-01-14","4001",承办单位A,承办单位处理,54,5
17812,"2025-01-14","4002",承办单位B,承办单位处理,300,28
17813,"2025-01-14","4003",承办复核部A,承办单位复核,252,21
17814,"2025-01-14","5001",结案一部,办结,159,13
17815,"2025-01-14","5002",结案二部,办结,259,25
17816,"2025-01-14","6001",客户回访一组,回访,240,14
17817,"2025-01-14","6002",客户回访二组,回访,109,13
17818,"2025-01-14","6003",客户回访三组,回访,275,5
17819,"2025-01-14","7001",档案管理部,归档,115,9
17820,"2025-01-14","8001",异常工单组,挂起,176,17
17821,"2025-01-15","1001",客服一部,话务员暂存,113,0
17822,"2025-01-15","1001",客服一部,话务员受理,102,18
17823,"2025-01-15","1002",客服二部,话务员受理,290,23
17824,"2025-01-15","2001",业务一科,话务员办理,295,6
17825,"2025-01-15","2002",业务二科,话务员办理,212,37
17826,"2025-01-15","3001",热线审核中心,热线审核,245,7
17827,"2025-01-15","3002",热线复核中心,热线复核,87,11
17828,"2025-01-15","4001",承办单位A,承办单位审核,296,24
17829,"2025-01-15","4001",承办单位A,承办单位处理,119,15
17830,"2025-01-15","4002",承办单位B,承办单位处理,232,9
17831,"2025-01-15","4003",承办复核部A,承办单位复核,132,18
17832,"2025-01-15","5001",结案一部,办结,272,28
17833,"2025-01-15","5002",结案二部,办结,167,30
17834,"2025-01-15","6001",客户回访一组,回访,156,3
17835,"2025-01-15","6002",客户回访二组,回访,176,27
17836,"2025-01-15","6003",客户回访三组,回访,80,11
17837,"2025-01-15","7001",档案管理部,归档,162,9
17838,"2025-01-15","8001",异常工单组,挂起,239,4
17839,"2025-01-16","1001",客服一部,话务员暂存,159,0
17840,"2025-01-16","1001",客服一部,话务员受理,242,46
17841,"2025-01-16","1002",客服二部,话务员受理,263,32
17842,"2025-01-16","2001",业务一科,话务员办理,88,11
17843,"2025-01-16","2002",业务二科,话务员办理,142,28
17844,"2025-01-16","3001",热线审核中心,热线审核,172,18
17845,"2025-01-16","3002",热线复核中心,热线复核,287,54
17846,"2025-01-16","4001",承办单位A,承办单位审核,156,7
17847,"2025-01-16","4001",承办单位A,承办单位处理,234,17
17848,"2025-01-16","4002",承办单位B,承办单位处理,262,11
17849,"2025-01-16","4003",承办复核部A,承办单位复核,248,18
17850,"2025-01-16","5001",结案一部,办结,181,12
17851,"2025-01-16","5002",结案二部,办结,151,23
17852,"2025-01-16","6001",客户回访一组,回访,276,26
17853,"2025-01-16","6002",客户回访二组,回访,212,39
17854,"2025-01-16","6003",客户回访三组,回访,269,52
17855,"2025-01-16","7001",档案管理部,归档,278,7
17856,"2025-01-16","8001",异常工单组,挂起,155,28
17857,"2025-01-17","1001",客服一部,话务员暂存,58,0
17858,"2025-01-17","1001",客服一部,话务员受理,220,8
17859,"2025-01-17","1002",客服二部,话务员受理,200,4
17860,"2025-01-17","2001",业务一科,话务员办理,182,13
17861,"2025-01-17","2002",业务二科,话务员办理,235,4
17862,"2025-01-17","3001",热线审核中心,热线审核,144,18
17863,"2025-01-17","3002",热线复核中心,热线复核,201,37
17864,"2025-01-17","4001",承办单位A,承办单位审核,148,21
17865,"2025-01-17","4001",承办单位A,承办单位处理,208,39
17866,"2025-01-17","4002",承办单位B,承办单位处理,54,4
17867,"2025-01-17","4003",承办复核部A,承办单位复核,75,3
17868,"2025-01-17","5001",结案一部,办结,50,7
17869,"2025-01-17","5002",结案二部,办结,90,0
17870,"2025-01-17","6001",客户回访一组,回访,291,35
17871,"2025-01-17","6002",客户回访二组,回访,174,27
17872,"2025-01-17","6003",客户回访三组,回访,205,16
17873,"2025-01-17","7001",档案管理部,归档,118,6
17874,"2025-01-17","8001",异常工单组,挂起,134,10
17875,"2025-01-18","1001",客服一部,话务员暂存,112,0
17876,"2025-01-18","1001",客服一部,话务员受理,99,2
17877,"2025-01-18","1002",客服二部,话务员受理,189,10
17878,"2025-01-18","2001",业务一科,话务员办理,55,5
17879,"2025-01-18","2002",业务二科,话务员办理,51,0
17880,"2025-01-18","3001",热线审核中心,热线审核,172,6
17881,"2025-01-18","3002",热线复核中心,热线复核,82,5
17882,"2025-01-18","4001",承办单位A,承办单位审核,207,2
17883,"2025-01-18","4001",承办单位A,承办单位处理,173,2
17884,"2025-01-18","4002",承办单位B,承办单位处理,151,7
17885,"2025-01-18","4003",承办复核部A,承办单位复核,139,13
17886,"2025-01-18","5001",结案一部,办结,158,10
17887,"2025-01-18","5002",结案二部,办结,245,34
17888,"2025-01-18","6001",客户回访一组,回访,179,18
17889,"2025-01-18","6002",客户回访二组,回访,97,5
17890,"2025-01-18","6003",客户回访三组,回访,255,13
17891,"2025-01-18","7001",档案管理部,归档,62,11
17892,"2025-01-18","8001",异常工单组,挂起,279,32
17893,"2025-01-19","1001",客服一部,话务员暂存,76,0
17894,"2025-01-19","1001",客服一部,话务员受理,155,14
17895,"2025-01-19","1002",客服二部,话务员受理,295,30
17896,"2025-01-19","2001",业务一科,话务员办理,153,29
17897,"2025-01-19","2002",业务二科,话务员办理,110,4
17898,"2025-01-19","3001",热线审核中心,热线审核,196,38
17899,"2025-01-19","3002",热线复核中心,热线复核,111,12
17900,"2025-01-19","4001",承办单位A,承办单位审核,213,6
17901,"2025-01-19","4001",承办单位A,承办单位处理,296,53
17902,"2025-01-19","4002",承办单位B,承办单位处理,209,16
17903,"2025-01-19","4003",承办复核部A,承办单位复核,207,6
17904,"2025-01-19","5001",结案一部,办结,60,5
17905,"2025-01-19","5002",结案二部,办结,275,9
17906,"2025-01-19","6001",客户回访一组,回访,258,40
17907,"2025-01-19","6002",客户回访二组,回访,53,6
17908,"2025-01-19","6003",客户回访三组,回访,175,30
17909,"2025-01-19","7001",档案管理部,归档,118,6
17910,"2025-01-19","8001",异常工单组,挂起,163,1
17911,"2025-01-20","1001",客服一部,话务员暂存,167,0
17912,"2025-01-20","1001",客服一部,话务员受理,64,8
17913,"2025-01-20","1002",客服二部,话务员受理,128,18
17914,"2025-01-20","2001",业务一科,话务员办理,277,48
17915,"2025-01-20","2002",业务二科,话务员办理,250,39
17916,"2025-01-20","3001",热线审核中心,热线审核,162,1
17917,"2025-01-20","3002",热线复核中心,热线复核,264,32
17918,"2025-01-20","4001",承办单位A,承办单位审核,285,52
17919,"2025-01-20","4001",承办单位A,承办单位处理,80,1
17920,"2025-01-20","4002",承办单位B,承办单位处理,102,13
17921,"2025-01-20","4003",承办复核部A,承办单位复核,75,9
17922,"2025-01-20","5001",结案一部,办结,165,17
17923,"2025-01-20","5002",结案二部,办结,232,24
17924,"2025-01-20","6001",客户回访一组,回访,68,7
17925,"2025-01-20","6002",客户回访二组,回访,230,1
17926,"2025-01-20","6003",客户回访三组,回访,160,26
17927,"2025-01-20","7001",档案管理部,归档,196,12
17928,"2025-01-20","8001",异常工单组,挂起,204,33
17929,"2025-01-21","1001",客服一部,话务员暂存,178,0
17930,"2025-01-21","1001",客服一部,话务员受理,247,26
17931,"2025-01-21","1002",客服二部,话务员受理,294,25
17932,"2025-01-21","2001",业务一科,话务员办理,135,4
17933,"2025-01-21","2002",业务二科,话务员办理,52,0
17934,"2025-01-21","3001",热线审核中心,热线审核,269,50
17935,"2025-01-21","3002",热线复核中心,热线复核,257,28
17936,"2025-01-21","4001",承办单位A,承办单位审核,145,16
17937,"2025-01-21","4001",承办单位A,承办单位处理,160,7
17938,"2025-01-21","4002",承办单位B,承办单位处理,62,6
17939,"2025-01-21","4003",承办复核部A,承办单位复核,237,2
17940,"2025-01-21","5001",结案一部,办结,140,20
17941,"2025-01-21","5002",结案二部,办结,71,11
17942,"2025-01-21","6001",客户回访一组,回访,137,22
17943,"2025-01-21","6002",客户回访二组,回访,230,33
17944,"2025-01-21","6003",客户回访三组,回访,101,0
17945,"2025-01-21","7001",档案管理部,归档,256,19
17946,"2025-01-21","8001",异常工单组,挂起,279,46
17947,"2025-01-22","1001",客服一部,话务员暂存,163,0
17948,"2025-01-22","1001",客服一部,话务员受理,244,22
17949,"2025-01-22","1002",客服二部,话务员受理,237,11
17950,"2025-01-22","2001",业务一科,话务员办理,298,21
17951,"2025-01-22","2002",业务二科,话务员办理,127,20
17952,"2025-01-22","3001",热线审核中心,热线审核,179,11
17953,"2025-01-22","3002",热线复核中心,热线复核,160,10
17954,"2025-01-22","4001",承办单位A,承办单位审核,132,17
17955,"2025-01-22","4001",承办单位A,承办单位处理,91,4
17956,"2025-01-22","4002",承办单位B,承办单位处理,66,3
17957,"2025-01-22","4003",承办复核部A,承办单位复核,264,40
17958,"2025-01-22","5001",结案一部,办结,151,28
17959,"2025-01-22","5002",结案二部,办结,278,19
17960,"2025-01-22","6001",客户回访一组,回访,89,16
17961,"2025-01-22","6002",客户回访二组,回访,263,4
17962,"2025-01-22","6003",客户回访三组,回访,183,10
17963,"2025-01-22","7001",档案管理部,归档,103,20
17964,"2025-01-22","8001",异常工单组,挂起,219,5
17965,"2025-01-23","1001",客服一部,话务员暂存,291,0
17966,"2025-01-23","1001",客服一部,话务员受理,267,12
17967,"2025-01-23","1002",客服二部,话务员受理,142,21
17968,"2025-01-23","2001",业务一科,话务员办理,59,1
17969,"2025-01-23","2002",业务二科,话务员办理,58,11
17970,"2025-01-23","3001",热线审核中心,热线审核,109,0
17971,"2025-01-23","3002",热线复核中心,热线复核,73,7
17972,"2025-01-23","4001",承办单位A,承办单位审核,126,24
17973,"2025-01-23","4001",承办单位A,承办单位处理,83,7
17974,"2025-01-23","4002",承办单位B,承办单位处理,138,21
17975,"2025-01-23","4003",承办复核部A,承办单位复核,299,18
17976,"2025-01-23","5001",结案一部,办结,152,27
17977,"2025-01-23","5002",结案二部,办结,289,25
17978,"2025-01-23","6001",客户回访一组,回访,127,20
17979,"2025-01-23","6002",客户回访二组,回访,257,13
17980,"2025-01-23","6003",客户回访三组,回访,279,1
17981,"2025-01-23","7001",档案管理部,归档,277,52
17982,"2025-01-23","8001",异常工单组,挂起,200,29
17983,"2025-01-24","1001",客服一部,话务员暂存,119,0
17984,"2025-01-24","1001",客服一部,话务员受理,52,7
17985,"2025-01-24","1002",客服二部,话务员受理,127,8
17986,"2025-01-24","2001",业务一科,话务员办理,283,43
17987,"2025-01-24","2002",业务二科,话务员办理,165,24
17988,"2025-01-24","3001",热线审核中心,热线审核,236,13
17989,"2025-01-24","3002",热线复核中心,热线复核,260,4
17990,"2025-01-24","4001",承办单位A,承办单位审核,256,12
17991,"2025-01-24","4001",承办单位A,承办单位处理,123,3
17992,"2025-01-24","4002",承办单位B,承办单位处理,119,20
17993,"2025-01-24","4003",承办复核部A,承办单位复核,277,19
17994,"2025-01-24","5001",结案一部,办结,122,5
17995,"2025-01-24","5002",结案二部,办结,90,17
17996,"2025-01-24","6001",客户回访一组,回访,197,38
17997,"2025-01-24","6002",客户回访二组,回访,140,16
17998,"2025-01-24","6003",客户回访三组,回访,272,14
17999,"2025-01-24","7001",档案管理部,归档,132,17
18000,"2025-01-24","8001",异常工单组,挂起,163,3
18001,"2025-01-25","1001",客服一部,话务员暂存,113,0
18002,"2025-01-25","1001",客服一部,话务员受理,136,23
18003,"2025-01-25","1002",客服二部,话务员受理,123,12
18004,"2025-01-25","2001",业务一科,话务员办理,82,6
18005,"2025-01-25","2002",业务二科,话务员办理,150,30
18006,"2025-01-25","3001",热线审核中心,热线审核,142,12
18007,"2025-01-25","3002",热线复核中心,热线复核,178,10
18008,"2025-01-25","4001",承办单位A,承办单位审核,241,34
18009,"2025-01-25","4001",承办单位A,承办单位处理,105,7
18010,"2025-01-25","4002",承办单位B,承办单位处理,98,1
18011,"2025-01-25","4003",承办复核部A,承办单位复核,62,8
18012,"2025-01-25","5001",结案一部,办结,233,22
18013,"2025-01-25","5002",结案二部,办结,289,41
18014,"2025-01-25","6001",客户回访一组,回访,278,8
18015,"2025-01-25","6002",客户回访二组,回访,127,21
18016,"2025-01-25","6003",客户回访三组,回访,234,15
18017,"2025-01-25","7001",档案管理部,归档,265,21
18018,"2025-01-25","8001",异常工单组,挂起,124,0
18019,"2025-01-26","1001",客服一部,话务员暂存,140,0
18020,"2025-01-26","1001",客服一部,话务员受理,289,35
18021,"2025-01-26","1002",客服二部,话务员受理,195,28
18022,"2025-01-26","2001",业务一科,话务员办理,232,0
18023,"2025-01-26","2002",业务二科,话务员办理,174,29
18024,"2025-01-26","3001",热线审核中心,热线审核,131,1
18025,"2025-01-26","3002",热线复核中心,热线复核,300,53
18026,"2025-01-26","4001",承办单位A,承办单位审核,75,3
18027,"2025-01-26","4001",承办单位A,承办单位处理,162,30
18028,"2025-01-26","4002",承办单位B,承办单位处理,194,26
18029,"2025-01-26","4003",承办复核部A,承办单位复核,86,0
18030,"2025-01-26","5001",结案一部,办结,126,14
18031,"2025-01-26","5002",结案二部,办结,54,1
18032,"2025-01-26","6001",客户回访一组,回访,196,11
18033,"2025-01-26","6002",客户回访二组,回访,230,13
18034,"2025-01-26","6003",客户回访三组,回访,136,23
18035,"2025-01-26","7001",档案管理部,归档,190,0
18036,"2025-01-26","8001",异常工单组,挂起,218,25
18037,"2025-01-27","1001",客服一部,话务员暂存,212,0
18038,"2025-01-27","1001",客服一部,话务员受理,191,0
18039,"2025-01-27","1002",客服二部,话务员受理,119,21
18040,"2025-01-27","2001",业务一科,话务员办理,299,11
18041,"2025-01-27","2002",业务二科,话务员办理,129,23
18042,"2025-01-27","3001",热线审核中心,热线审核,64,2
18043,"2025-01-27","3002",热线复核中心,热线复核,203,1
18044,"2025-01-27","4001",承办单位A,承办单位审核,222,42
18045,"2025-01-27","4001",承办单位A,承办单位处理,179,25
18046,"2025-01-27","4002",承办单位B,承办单位处理,171,2
18047,"2025-01-27","4003",承办复核部A,承办单位复核,91,4
18048,"2025-01-27","5001",结案一部,办结,90,1
18049,"2025-01-27","5002",结案二部,办结,233,41
18050,"2025-01-27","6001",客户回访一组,回访,249,2
18051,"2025-01-27","6002",客户回访二组,回访,99,7
18052,"2025-01-27","6003",客户回访三组,回访,86,16
18053,"2025-01-27","7001",档案管理部,归档,116,15
18054,"2025-01-27","8001",异常工单组,挂起,141,4
18055,"2025-01-28","1001",客服一部,话务员暂存,59,0
18056,"2025-01-28","1001",客服一部,话务员受理,98,3
18057,"2025-01-28","1002",客服二部,话务员受理,224,17
18058,"2025-01-28","2001",业务一科,话务员办理,87,13
18059,"2025-01-28","2002",业务二科,话务员办理,292,40
18060,"2025-01-28","3001",热线审核中心,热线审核,297,47
18061,"2025-01-28","3002",热线复核中心,热线复核,253,12
18062,"2025-01-28","4001",承办单位A,承办单位审核,248,23
18063,"2025-01-28","4001",承办单位A,承办单位处理,273,23
18064,"2025-01-28","4002",承办单位B,承办单位处理,70,14
18065,"2025-01-28","4003",承办复核部A,承办单位复核,207,14
18066,"2025-01-28","5001",结案一部,办结,287,18
18067,"2025-01-28","5002",结案二部,办结,57,10
18068,"2025-01-28","6001",客户回访一组,回访,114,20
18069,"2025-01-28","6002",客户回访二组,回访,194,14
18070,"2025-01-28","6003",客户回访三组,回访,157,24
18071,"2025-01-28","7001",档案管理部,归档,238,22
18072,"2025-01-28","8001",异常工单组,挂起,265,52
18073,"2025-01-29","1001",客服一部,话务员暂存,68,0
18074,"2025-01-29","1001",客服一部,话务员受理,73,0
18075,"2025-01-29","1002",客服二部,话务员受理,201,33
18076,"2025-01-29","2001",业务一科,话务员办理,50,2
18077,"2025-01-29","2002",业务二科,话务员办理,298,31
18078,"2025-01-29","3001",热线审核中心,热线审核,282,0
18079,"2025-01-29","3002",热线复核中心,热线复核,168,21
18080,"2025-01-29","4001",承办单位A,承办单位审核,83,12
18081,"2025-01-29","4001",承办单位A,承办单位处理,74,8
18082,"2025-01-29","4002",承办单位B,承办单位处理,270,11
18083,"2025-01-29","4003",承办复核部A,承办单位复核,256,20
18084,"2025-01-29","5001",结案一部,办结,211,32
18085,"2025-01-29","5002",结案二部,办结,224,13
18086,"2025-01-29","6001",客户回访一组,回访,136,19
18087,"2025-01-29","6002",客户回访二组,回访,161,15
18088,"2025-01-29","6003",客户回访三组,回访,98,9
18089,"2025-01-29","7001",档案管理部,归档,229,30
18090,"2025-01-29","8001",异常工单组,挂起,283,11
18091,"2025-01-30","1001",客服一部,话务员暂存,173,0
18092,"2025-01-30","1001",客服一部,话务员受理,115,18
18093,"2025-01-30","1002",客服二部,话务员受理,283,19
18094,"2025-01-30","2001",业务一科,话务员办理,284,22
18095,"2025-01-30","2002",业务二科,话务员办理,261,48
18096,"2025-01-30","3001",热线审核中心,热线审核,159,1
18097,"2025-01-30","3002",热线复核中心,热线复核,222,40
18098,"2025-01-30","4001",承办单位A,承办单位审核,137,0
18099,"2025-01-30","4001",承办单位A,承办单位处理,213,37
18100,"2025-01-30","4002",承办单位B,承办单位处理,215,0
18101,"2025-01-30","4003",承办复核部A,承办单位复核,145,17
18102,"2025-01-30","5001",结案一部,办结,53,6
18103,"2025-01-30","5002",结案二部,办结,228,25
18104,"2025-01-30","6001",客户回访一组,回访,172,7
18105,"2025-01-30","6002",客户回访二组,回访,250,28
18106,"2025-01-30","6003",客户回访三组,回访,233,39
18107,"2025-01-30","7001",档案管理部,归档,250,44
18108,"2025-01-30","8001",异常工单组,挂起,123,15
18109,"2025-01-31","1001",客服一部,话务员暂存,233,0
18110,"2025-01-31","1001",客服一部,话务员受理,84,8
18111,"2025-01-31","1002",客服二部,话务员受理,84,15
18112,"2025-01-31","2001",业务一科,话务员办理,294,46
18113,"2025-01-31","2002",业务二科,话务员办理,145,2
18114,"2025-01-31","3001",热线审核中心,热线审核,142,21
18115,"2025-01-31","3002",热线复核中心,热线复核,225,21
18116,"2025-01-31","4001",承办单位A,承办单位审核,170,7
18117,"2025-01-31","4001",承办单位A,承办单位处理,50,9
18118,"2025-01-31","4002",承办单位B,承办单位处理,101,3
18119,"2025-01-31","4003",承办复核部A,承办单位复核,170,29
18120,"2025-01-31","5001",结案一部,办结,97,6
18121,"2025-01-31","5002",结案二部,办结,94,11
18122,"2025-01-31","6001",客户回访一组,回访,279,37
18123,"2025-01-31","6002",客户回访二组,回访,155,29
18124,"2025-01-31","6003",客户回访三组,回访,216,43
18125,"2025-01-31","7001",档案管理部,归档,245,33
18126,"2025-01-31","8001",异常工单组,挂起,51,6
18127,"2025-02-01","1001",客服一部,话务员暂存,195,0
18128,"2025-02-01","1001",客服一部,话务员受理,177,27
18129,"2025-02-01","1002",客服二部,话务员受理,143,12
18130,"2025-02-01","2001",业务一科,话务员办理,219,0
18131,"2025-02-01","2002",业务二科,话务员办理,50,3
18132,"2025-02-01","3001",热线审核中心,热线审核,277,29
18133,"2025-02-01","3002",热线复核中心,热线复核,133,25
18134,"2025-02-01","4001",承办单位A,承办单位审核,179,7
18135,"2025-02-01","4001",承办单位A,承办单位处理,129,6
18136,"2025-02-01","4002",承办单位B,承办单位处理,183,12
18137,"2025-02-01","4003",承办复核部A,承办单位复核,128,10
18138,"2025-02-01","5001",结案一部,办结,99,4
18139,"2025-02-01","5002",结案二部,办结,99,0
18140,"2025-02-01","6001",客户回访一组,回访,194,30
18141,"2025-02-01","6002",客户回访二组,回访,101,19
18142,"2025-02-01","6003",客户回访三组,回访,106,1
18143,"2025-02-01","7001",档案管理部,归档,76,9
18144,"2025-02-01","8001",异常工单组,挂起,55,2
18145,"2025-02-02","1001",客服一部,话务员暂存,102,0
18146,"2025-02-02","1001",客服一部,话务员受理,142,27
18147,"2025-02-02","1002",客服二部,话务员受理,147,1
18148,"2025-02-02","2001",业务一科,话务员办理,207,0
18149,"2025-02-02","2002",业务二科,话务员办理,229,21
18150,"2025-02-02","3001",热线审核中心,热线审核,275,9
18151,"2025-02-02","3002",热线复核中心,热线复核,104,13
18152,"2025-02-02","4001",承办单位A,承办单位审核,127,7
18153,"2025-02-02","4001",承办单位A,承办单位处理,85,10
18154,"2025-02-02","4002",承办单位B,承办单位处理,281,15
18155,"2025-02-02","4003",承办复核部A,承办单位复核,258,49
18156,"2025-02-02","5001",结案一部,办结,180,3
18157,"2025-02-02","5002",结案二部,办结,200,26
18158,"2025-02-02","6001",客户回访一组,回访,162,9
18159,"2025-02-02","6002",客户回访二组,回访,215,0
18160,"2025-02-02","6003",客户回访三组,回访,113,8
18161,"2025-02-02","7001",档案管理部,归档,191,15
18162,"2025-02-02","8001",异常工单组,挂起,62,0
18163,"2025-02-03","1001",客服一部,话务员暂存,265,0
18164,"2025-02-03","1001",客服一部,话务员受理,213,27
18165,"2025-02-03","1002",客服二部,话务员受理,238,9
18166,"2025-02-03","2001",业务一科,话务员办理,99,14
18167,"2025-02-03","2002",业务二科,话务员办理,165,32
18168,"2025-02-03","3001",热线审核中心,热线审核,54,3
18169,"2025-02-03","3002",热线复核中心,热线复核,96,7
18170,"2025-02-03","4001",承办单位A,承办单位审核,197,22
18171,"2025-02-03","4001",承办单位A,承办单位处理,180,3
18172,"2025-02-03","4002",承办单位B,承办单位处理,195,1
18173,"2025-02-03","4003",承办复核部A,承办单位复核,94,0
18174,"2025-02-03","5001",结案一部,办结,126,23
18175,"2025-02-03","5002",结案二部,办结,142,24
18176,"2025-02-03","6001",客户回访一组,回访,203,10
18177,"2025-02-03","6002",客户回访二组,回访,223,13
18178,"2025-02-03","6003",客户回访三组,回访,246,47
18179,"2025-02-03","7001",档案管理部,归档,204,33
18180,"2025-02-03","8001",异常工单组,挂起,246,22
18181,"2025-02-04","1001",客服一部,话务员暂存,57,0
18182,"2025-02-04","1001",客服一部,话务员受理,96,9
18183,"2025-02-04","1002",客服二部,话务员受理,192,21
18184,"2025-02-04","2001",业务一科,话务员办理,267,49
18185,"2025-02-04","2002",业务二科,话务员办理,83,11
18186,"2025-02-04","3001",热线审核中心,热线审核,256,48
18187,"2025-02-04","3002",热线复核中心,热线复核,74,0
18188,"2025-02-04","4001",承办单位A,承办单位审核,167,19
18189,"2025-02-04","4001",承办单位A,承办单位处理,278,32
18190,"2025-02-04","4002",承办单位B,承办单位处理,258,36
18191,"2025-02-04","4003",承办复核部A,承办单位复核,120,4
18192,"2025-02-04","5001",结案一部,办结,171,11
18193,"2025-02-04","5002",结案二部,办结,167,11
18194,"2025-02-04","6001",客户回访一组,回访,199,13
18195,"2025-02-04","6002",客户回访二组,回访,79,7
18196,"2025-02-04","6003",客户回访三组,回访,151,0
18197,"2025-02-04","7001",档案管理部,归档,234,34
18198,"2025-02-04","8001",异常工单组,挂起,286,30
18199,"2025-02-05","1001",客服一部,话务员暂存,265,0
18200,"2025-02-05","1001",客服一部,话务员受理,175,25
18201,"2025-02-05","1002",客服二部,话务员受理,84,7
18202,"2025-02-05","2001",业务一科,话务员办理,130,9
18203,"2025-02-05","2002",业务二科,话务员办理,243,19
18204,"2025-02-05","3001",热线审核中心,热线审核,298,10
18205,"2025-02-05","3002",热线复核中心,热线复核,268,20
18206,"2025-02-05","4001",承办单位A,承办单位审核,220,29
18207,"2025-02-05","4001",承办单位A,承办单位处理,59,0
18208,"2025-02-05","4002",承办单位B,承办单位处理,214,10
18209,"2025-02-05","4003",承办复核部A,承办单位复核,183,12
18210,"2025-02-05","5001",结案一部,办结,146,14
18211,"2025-02-05","5002",结案二部,办结,241,31
18212,"2025-02-05","6001",客户回访一组,回访,269,15
18213,"2025-02-05","6002",客户回访二组,回访,73,4
18214,"2025-02-05","6003",客户回访三组,回访,228,44
18215,"2025-02-05","7001",档案管理部,归档,290,43
18216,"2025-02-05","8001",异常工单组,挂起,286,9
18217,"2025-02-06","1001",客服一部,话务员暂存,298,0
18218,"2025-02-06","1001",客服一部,话务员受理,167,9
18219,"2025-02-06","1002",客服二部,话务员受理,168,32
18220,"2025-02-06","2001",业务一科,话务员办理,138,9
18221,"2025-02-06","2002",业务二科,话务员办理,209,5
18222,"2025-02-06","3001",热线审核中心,热线审核,91,16
18223,"2025-02-06","3002",热线复核中心,热线复核,285,48
18224,"2025-02-06","4001",承办单位A,承办单位审核,287,57
18225,"2025-02-06","4001",承办单位A,承办单位处理,175,7
18226,"2025-02-06","4002",承办单位B,承办单位处理,297,3
18227,"2025-02-06","4003",承办复核部A,承办单位复核,166,28
18228,"2025-02-06","5001",结案一部,办结,142,28
18229,"2025-02-06","5002",结案二部,办结,270,48
18230,"2025-02-06","6001",客户回访一组,回访,263,25
18231,"2025-02-06","6002",客户回访二组,回访,53,9
18232,"2025-02-06","6003",客户回访三组,回访,292,10
18233,"2025-02-06","7001",档案管理部,归档,64,8
18234,"2025-02-06","8001",异常工单组,挂起,103,17
18235,"2025-02-07","1001",客服一部,话务员暂存,74,0
18236,"2025-02-07","1001",客服一部,话务员受理,202,27
18237,"2025-02-07","1002",客服二部,话务员受理,98,1
18238,"2025-02-07","2001",业务一科,话务员办理,220,43
18239,"2025-02-07","2002",业务二科,话务员办理,151,7
18240,"2025-02-07","3001",热线审核中心,热线审核,204,5
18241,"2025-02-07","3002",热线复核中心,热线复核,150,1
18242,"2025-02-07","4001",承办单位A,承办单位审核,187,21
18243,"2025-02-07","4001",承办单位A,承办单位处理,107,11
18244,"2025-02-07","4002",承办单位B,承办单位处理,148,7
18245,"2025-02-07","4003",承办复核部A,承办单位复核,86,15
18246,"2025-02-07","5001",结案一部,办结,112,19
18247,"2025-02-07","5002",结案二部,办结,101,19
18248,"2025-02-07","6001",客户回访一组,回访,82,9
18249,"2025-02-07","6002",客户回访二组,回访,269,8
18250,"2025-02-07","6003",客户回访三组,回访,207,36
18251,"2025-02-07","7001",档案管理部,归档,61,9
18252,"2025-02-07","8001",异常工单组,挂起,196,16
18253,"2025-02-08","1001",客服一部,话务员暂存,266,0
18254,"2025-02-08","1001",客服一部,话务员受理,261,47
18255,"2025-02-08","1002",客服二部,话务员受理,268,53
18256,"2025-02-08","2001",业务一科,话务员办理,263,34
18257,"2025-02-08","2002",业务二科,话务员办理,268,42
18258,"2025-02-08","3001",热线审核中心,热线审核,119,3
18259,"2025-02-08","3002",热线复核中心,热线复核,199,2
18260,"2025-02-08","4001",承办单位A,承办单位审核,201,37
18261,"2025-02-08","4001",承办单位A,承办单位处理,278,11
18262,"2025-02-08","4002",承办单位B,承办单位处理,62,2
18263,"2025-02-08","4003",承办复核部A,承办单位复核,92,17
18264,"2025-02-08","5001",结案一部,办结,218,36
18265,"2025-02-08","5002",结案二部,办结,66,1
18266,"2025-02-08","6001",客户回访一组,回访,84,16
18267,"2025-02-08","6002",客户回访二组,回访,127,3
18268,"2025-02-08","6003",客户回访三组,回访,72,13
18269,"2025-02-08","7001",档案管理部,归档,72,4
18270,"2025-02-08","8001",异常工单组,挂起,122,19
18271,"2025-02-09","1001",客服一部,话务员暂存,59,0
18272,"2025-02-09","1001",客服一部,话务员受理,177,20
18273,"2025-02-09","1002",客服二部,话务员受理,247,5
18274,"2025-02-09","2001",业务一科,话务员办理,145,22
18275,"2025-02-09","2002",业务二科,话务员办理,53,4
18276,"2025-02-09","3001",热线审核中心,热线审核,183,31
18277,"2025-02-09","3002",热线复核中心,热线复核,171,18
18278,"2025-02-09","4001",承办单位A,承办单位审核,175,15
18279,"2025-02-09","4001",承办单位A,承办单位处理,236,47
18280,"2025-02-09","4002",承办单位B,承办单位处理,50,5
18281,"2025-02-09","4003",承办复核部A,承办单位复核,68,8
18282,"2025-02-09","5001",结案一部,办结,262,28
18283,"2025-02-09","5002",结案二部,办结,168,19
18284,"2025-02-09","6001",客户回访一组,回访,265,33
18285,"2025-02-09","6002",客户回访二组,回访,206,2
18286,"2025-02-09","6003",客户回访三组,回访,283,32
18287,"2025-02-09","7001",档案管理部,归档,157,28
18288,"2025-02-09","8001",异常工单组,挂起,287,7
18289,"2025-02-10","1001",客服一部,话务员暂存,148,0
18290,"2025-02-10","1001",客服一部,话务员受理,81,16
18291,"2025-02-10","1002",客服二部,话务员受理,197,21
18292,"2025-02-10","2001",业务一科,话务员办理,226,0
18293,"2025-02-10","2002",业务二科,话务员办理,173,17
18294,"2025-02-10","3001",热线审核中心,热线审核,278,23
18295,"2025-02-10","3002",热线复核中心,热线复核,172,27
18296,"2025-02-10","4001",承办单位A,承办单位审核,254,1
18297,"2025-02-10","4001",承办单位A,承办单位处理,59,9
18298,"2025-02-10","4002",承办单位B,承办单位处理,192,32
18299,"2025-02-10","4003",承办复核部A,承办单位复核,217,12
18300,"2025-02-10","5001",结案一部,办结,252,43
18301,"2025-02-10","5002",结案二部,办结,150,2
18302,"2025-02-10","6001",客户回访一组,回访,115,9
18303,"2025-02-10","6002",客户回访二组,回访,289,11
18304,"2025-02-10","6003",客户回访三组,回访,293,32
18305,"2025-02-10","7001",档案管理部,归档,170,19
18306,"2025-02-10","8001",异常工单组,挂起,145,14
18307,"2025-02-11","1001",客服一部,话务员暂存,257,0
18308,"2025-02-11","1001",客服一部,话务员受理,171,16
18309,"2025-02-11","1002",客服二部,话务员受理,82,15
18310,"2025-02-11","2001",业务一科,话务员办理,160,17
18311,"2025-02-11","2002",业务二科,话务员办理,195,29
18312,"2025-02-11","3001",热线审核中心,热线审核,205,12
18313,"2025-02-11","3002",热线复核中心,热线复核,278,39
18314,"2025-02-11","4001",承办单位A,承办单位审核,238,16
18315,"2025-02-11","4001",承办单位A,承办单位处理,292,25
18316,"2025-02-11","4002",承办单位B,承办单位处理,275,32
18317,"2025-02-11","4003",承办复核部A,承办单位复核,291,53
18318,"2025-02-11","5001",结案一部,办结,213,32
18319,"2025-02-11","5002",结案二部,办结,268,14
18320,"2025-02-11","6001",客户回访一组,回访,262,48
18321,"2025-02-11","6002",客户回访二组,回访,243,26
18322,"2025-02-11","6003",客户回访三组,回访,226,2
18323,"2025-02-11","7001",档案管理部,归档,254,42
18324,"2025-02-11","8001",异常工单组,挂起,191,37
18325,"2025-02-12","1001",客服一部,话务员暂存,265,0
18326,"2025-02-12","1001",客服一部,话务员受理,74,4
18327,"2025-02-12","1002",客服二部,话务员受理,119,9
18328,"2025-02-12","2001",业务一科,话务员办理,136,7
18329,"2025-02-12","2002",业务二科,话务员办理,57,11
18330,"2025-02-12","3001",热线审核中心,热线审核,284,10
18331,"2025-02-12","3002",热线复核中心,热线复核,84,16
18332,"2025-02-12","4001",承办单位A,承办单位审核,183,35
18333,"2025-02-12","4001",承办单位A,承办单位处理,159,12
18334,"2025-02-12","4002",承办单位B,承办单位处理,175,7
18335,"2025-02-12","4003",承办复核部A,承办单位复核,281,37
18336,"2025-02-12","5001",结案一部,办结,101,17
18337,"2025-02-12","5002",结案二部,办结,181,31
18338,"2025-02-12","6001",客户回访一组,回访,274,46
18339,"2025-02-12","6002",客户回访二组,回访,300,9
18340,"2025-02-12","6003",客户回访三组,回访,180,26
18341,"2025-02-12","7001",档案管理部,归档,137,3
18342,"2025-02-12","8001",异常工单组,挂起,126,8
18343,"2025-02-13","1001",客服一部,话务员暂存,123,0
18344,"2025-02-13","1001",客服一部,话务员受理,192,16
18345,"2025-02-13","1002",客服二部,话务员受理,113,19
18346,"2025-02-13","2001",业务一科,话务员办理,215,14
18347,"2025-02-13","2002",业务二科,话务员办理,284,4
18348,"2025-02-13","3001",热线审核中心,热线审核,229,29
18349,"2025-02-13","3002",热线复核中心,热线复核,142,10
18350,"2025-02-13","4001",承办单位A,承办单位审核,140,14
18351,"2025-02-13","4001",承办单位A,承办单位处理,197,4
18352,"2025-02-13","4002",承办单位B,承办单位处理,274,33
18353,"2025-02-13","4003",承办复核部A,承办单位复核,139,6
18354,"2025-02-13","5001",结案一部,办结,250,19
18355,"2025-02-13","5002",结案二部,办结,268,26
18356,"2025-02-13","6001",客户回访一组,回访,178,35
18357,"2025-02-13","6002",客户回访二组,回访,295,29
18358,"2025-02-13","6003",客户回访三组,回访,108,5
18359,"2025-02-13","7001",档案管理部,归档,204,26
18360,"2025-02-13","8001",异常工单组,挂起,110,13
18361,"2025-02-14","1001",客服一部,话务员暂存,55,0
18362,"2025-02-14","1001",客服一部,话务员受理,167,14
18363,"2025-02-14","1002",客服二部,话务员受理,161,21
18364,"2025-02-14","2001",业务一科,话务员办理,157,1
18365,"2025-02-14","2002",业务二科,话务员办理,75,4
18366,"2025-02-14","3001",热线审核中心,热线审核,54,10
18367,"2025-02-14","3002",热线复核中心,热线复核,132,0
18368,"2025-02-14","4001",承办单位A,承办单位审核,180,36
18369,"2025-02-14","4001",承办单位A,承办单位处理,180,35
18370,"2025-02-14","4002",承办单位B,承办单位处理,213,39
18371,"2025-02-14","4003",承办复核部A,承办单位复核,265,49
18372,"2025-02-14","5001",结案一部,办结,68,10
18373,"2025-02-14","5002",结案二部,办结,281,36
18374,"2025-02-14","6001",客户回访一组,回访,56,5
18375,"2025-02-14","6002",客户回访二组,回访,271,29
18376,"2025-02-14","6003",客户回访三组,回访,60,4
18377,"2025-02-14","7001",档案管理部,归档,121,19
18378,"2025-02-14","8001",异常工单组,挂起,139,13
18379,"2025-02-15","1001",客服一部,话务员暂存,120,0
18380,"2025-02-15","1001",客服一部,话务员受理,291,6
18381,"2025-02-15","1002",客服二部,话务员受理,155,4
18382,"2025-02-15","2001",业务一科,话务员办理,100,13
18383,"2025-02-15","2002",业务二科,话务员办理,264,51
18384,"2025-02-15","3001",热线审核中心,热线审核,255,32
18385,"2025-02-15","3002",热线复核中心,热线复核,220,6
18386,"2025-02-15","4001",承办单位A,承办单位审核,134,8
18387,"2025-02-15","4001",承办单位A,承办单位处理,181,27
18388,"2025-02-15","4002",承办单位B,承办单位处理,70,12
18389,"2025-02-15","4003",承办复核部A,承办单位复核,197,36
18390,"2025-02-15","5001",结案一部,办结,187,30
18391,"2025-02-15","5002",结案二部,办结,273,38
18392,"2025-02-15","6001",客户回访一组,回访,93,2
18393,"2025-02-15","6002",客户回访二组,回访,82,1
18394,"2025-02-15","6003",客户回访三组,回访,170,3
18395,"2025-02-15","7001",档案管理部,归档,54,10
18396,"2025-02-15","8001",异常工单组,挂起,248,30
18397,"2025-02-16","1001",客服一部,话务员暂存,259,0
18398,"2025-02-16","1001",客服一部,话务员受理,103,0
18399,"2025-02-16","1002",客服二部,话务员受理,149,16
18400,"2025-02-16","2001",业务一科,话务员办理,203,1
18401,"2025-02-16","2002",业务二科,话务员办理,134,24
18402,"2025-02-16","3001",热线审核中心,热线审核,97,9
18403,"2025-02-16","3002",热线复核中心,热线复核,219,0
18404,"2025-02-16","4001",承办单位A,承办单位审核,93,13
18405,"2025-02-16","4001",承办单位A,承办单位处理,92,1
18406,"2025-02-16","4002",承办单位B,承办单位处理,135,14
18407,"2025-02-16","4003",承办复核部A,承办单位复核,137,26
18408,"2025-02-16","5001",结案一部,办结,192,36
18409,"2025-02-16","5002",结案二部,办结,207,40
18410,"2025-02-16","6001",客户回访一组,回访,94,11
18411,"2025-02-16","6002",客户回访二组,回访,204,10
18412,"2025-02-16","6003",客户回访三组,回访,274,46
18413,"2025-02-16","7001",档案管理部,归档,257,47
18414,"2025-02-16","8001",异常工单组,挂起,243,43
18415,"2025-02-17","1001",客服一部,话务员暂存,223,0
18416,"2025-02-17","1001",客服一部,话务员受理,235,43
18417,"2025-02-17","1002",客服二部,话务员受理,124,6
18418,"2025-02-17","2001",业务一科,话务员办理,196,16
18419,"2025-02-17","2002",业务二科,话务员办理,104,12
18420,"2025-02-17","3001",热线审核中心,热线审核,273,47
18421,"2025-02-17","3002",热线复核中心,热线复核,213,23
18422,"2025-02-17","4001",承办单位A,承办单位审核,289,40
18423,"2025-02-17","4001",承办单位A,承办单位处理,271,32
18424,"2025-02-17","4002",承办单位B,承办单位处理,294,40
18425,"2025-02-17","4003",承办复核部A,承办单位复核,108,7
18426,"2025-02-17","5001",结案一部,办结,292,10
18427,"2025-02-17","5002",结案二部,办结,76,0
18428,"2025-02-17","6001",客户回访一组,回访,272,47
18429,"2025-02-17","6002",客户回访二组,回访,107,7
18430,"2025-02-17","6003",客户回访三组,回访,241,0
18431,"2025-02-17","7001",档案管理部,归档,224,0
18432,"2025-02-17","8001",异常工单组,挂起,189,4
18433,"2025-02-18","1001",客服一部,话务员暂存,202,0
18434,"2025-02-18","1001",客服一部,话务员受理,73,3
18435,"2025-02-18","1002",客服二部,话务员受理,205,39
18436,"2025-02-18","2001",业务一科,话务员办理,102,20
18437,"2025-02-18","2002",业务二科,话务员办理,183,28
18438,"2025-02-18","3001",热线审核中心,热线审核,196,3
18439,"2025-02-18","3002",热线复核中心,热线复核,156,5
18440,"2025-02-18","4001",承办单位A,承办单位审核,181,8
18441,"2025-02-18","4001",承办单位A,承办单位处理,184,10
18442,"2025-02-18","4002",承办单位B,承办单位处理,107,15
18443,"2025-02-18","4003",承办复核部A,承办单位复核,70,14
18444,"2025-02-18","5001",结案一部,办结,72,8
18445,"2025-02-18","5002",结案二部,办结,140,10
18446,"2025-02-18","6001",客户回访一组,回访,278,7
18447,"2025-02-18","6002",客户回访二组,回访,233,32
18448,"2025-02-18","6003",客户回访三组,回访,222,24
18449,"2025-02-18","7001",档案管理部,归档,179,25
18450,"2025-02-18","8001",异常工单组,挂起,63,11
18451,"2025-02-19","1001",客服一部,话务员暂存,232,0
18452,"2025-02-19","1001",客服一部,话务员受理,151,22
18453,"2025-02-19","1002",客服二部,话务员受理,157,9
18454,"2025-02-19","2001",业务一科,话务员办理,288,48
18455,"2025-02-19","2002",业务二科,话务员办理,286,9
18456,"2025-02-19","3001",热线审核中心,热线审核,92,8
18457,"2025-02-19","3002",热线复核中心,热线复核,207,29
18458,"2025-02-19","4001",承办单位A,承办单位审核,97,5
18459,"2025-02-19","4001",承办单位A,承办单位处理,90,4
18460,"2025-02-19","4002",承办单位B,承办单位处理,51,4
18461,"2025-02-19","4003",承办复核部A,承办单位复核,263,44
18462,"2025-02-19","5001",结案一部,办结,286,57
18463,"2025-02-19","5002",结案二部,办结,257,20
18464,"2025-02-19","6001",客户回访一组,回访,184,17
18465,"2025-02-19","6002",客户回访二组,回访,240,42
18466,"2025-02-19","6003",客户回访三组,回访,167,3
18467,"2025-02-19","7001",档案管理部,归档,114,8
18468,"2025-02-19","8001",异常工单组,挂起,254,1
18469,"2025-02-20","1001",客服一部,话务员暂存,179,0
18470,"2025-02-20","1001",客服一部,话务员受理,288,1
18471,"2025-02-20","1002",客服二部,话务员受理,177,12
18472,"2025-02-20","2001",业务一科,话务员办理,269,52
18473,"2025-02-20","2002",业务二科,话务员办理,102,8
18474,"2025-02-20","3001",热线审核中心,热线审核,196,14
18475,"2025-02-20","3002",热线复核中心,热线复核,185,35
18476,"2025-02-20","4001",承办单位A,承办单位审核,147,20
18477,"2025-02-20","4001",承办单位A,承办单位处理,267,34
18478,"2025-02-20","4002",承办单位B,承办单位处理,100,10
18479,"2025-02-20","4003",承办复核部A,承办单位复核,223,40
18480,"2025-02-20","5001",结案一部,办结,146,22
18481,"2025-02-20","5002",结案二部,办结,59,2
18482,"2025-02-20","6001",客户回访一组,回访,250,27
18483,"2025-02-20","6002",客户回访二组,回访,110,18
18484,"2025-02-20","6003",客户回访三组,回访,226,29
18485,"2025-02-20","7001",档案管理部,归档,146,15
18486,"2025-02-20","8001",异常工单组,挂起,280,53
18487,"2025-02-21","1001",客服一部,话务员暂存,285,0
18488,"2025-02-21","1001",客服一部,话务员受理,290,45
18489,"2025-02-21","1002",客服二部,话务员受理,94,5
18490,"2025-02-21","2001",业务一科,话务员办理,152,8
18491,"2025-02-21","2002",业务二科,话务员办理,116,15
18492,"2025-02-21","3001",热线审核中心,热线审核,106,10
18493,"2025-02-21","3002",热线复核中心,热线复核,210,42
18494,"2025-02-21","4001",承办单位A,承办单位审核,122,22
18495,"2025-02-21","4001",承办单位A,承办单位处理,268,16
18496,"2025-02-21","4002",承办单位B,承办单位处理,201,31
18497,"2025-02-21","4003",承办复核部A,承办单位复核,130,11
18498,"2025-02-21","5001",结案一部,办结,199,25
18499,"2025-02-21","5002",结案二部,办结,167,11
18500,"2025-02-21","6001",客户回访一组,回访,186,13
18501,"2025-02-21","6002",客户回访二组,回访,64,9
18502,"2025-02-21","6003",客户回访三组,回访,182,0
18503,"2025-02-21","7001",档案管理部,归档,237,12
18504,"2025-02-21","8001",异常工单组,挂起,110,0
18505,"2025-02-22","1001",客服一部,话务员暂存,180,0
18506,"2025-02-22","1001",客服一部,话务员受理,67,6
18507,"2025-02-22","1002",客服二部,话务员受理,154,20
18508,"2025-02-22","2001",业务一科,话务员办理,118,8
18509,"2025-02-22","2002",业务二科,话务员办理,82,13
18510,"2025-02-22","3001",热线审核中心,热线审核,287,53
18511,"2025-02-22","3002",热线复核中心,热线复核,273,10
18512,"2025-02-22","4001",承办单位A,承办单位审核,120,12
18513,"2025-02-22","4001",承办单位A,承办单位处理,163,21
18514,"2025-02-22","4002",承办单位B,承办单位处理,235,41
18515,"2025-02-22","4003",承办复核部A,承办单位复核,166,31
18516,"2025-02-22","5001",结案一部,办结,255,5
18517,"2025-02-22","5002",结案二部,办结,220,15
18518,"2025-02-22","6001",客户回访一组,回访,170,31
18519,"2025-02-22","6002",客户回访二组,回访,163,22
18520,"2025-02-22","6003",客户回访三组,回访,209,36
18521,"2025-02-22","7001",档案管理部,归档,70,1
18522,"2025-02-22","8001",异常工单组,挂起,154,3
18523,"2025-02-23","1001",客服一部,话务员暂存,113,0
18524,"2025-02-23","1001",客服一部,话务员受理,255,0
18525,"2025-02-23","1002",客服二部,话务员受理,143,23
18526,"2025-02-23","2001",业务一科,话务员办理,57,9
18527,"2025-02-23","2002",业务二科,话务员办理,182,4
18528,"2025-02-23","3001",热线审核中心,热线审核,112,19
18529,"2025-02-23","3002",热线复核中心,热线复核,226,18
18530,"2025-02-23","4001",承办单位A,承办单位审核,158,1
18531,"2025-02-23","4001",承办单位A,承办单位处理,299,54
18532,"2025-02-23","4002",承办单位B,承办单位处理,50,6
18533,"2025-02-23","4003",承办复核部A,承办单位复核,98,17
18534,"2025-02-23","5001",结案一部,办结,82,12
18535,"2025-02-23","5002",结案二部,办结,263,46
18536,"2025-02-23","6001",客户回访一组,回访,174,16
18537,"2025-02-23","6002",客户回访二组,回访,102,14
18538,"2025-02-23","6003",客户回访三组,回访,127,20
18539,"2025-02-23","7001",档案管理部,归档,130,20
18540,"2025-02-23","8001",异常工单组,挂起,126,20
18541,"2025-02-24","1001",客服一部,话务员暂存,158,0
18542,"2025-02-24","1001",客服一部,话务员受理,203,16
18543,"2025-02-24","1002",客服二部,话务员受理,88,10
18544,"2025-02-24","2001",业务一科,话务员办理,159,18
18545,"2025-02-24","2002",业务二科,话务员办理,237,3
18546,"2025-02-24","3001",热线审核中心,热线审核,81,1
18547,"2025-02-24","3002",热线复核中心,热线复核,251,4
18548,"2025-02-24","4001",承办单位A,承办单位审核,218,8
18549,"2025-02-24","4001",承办单位A,承办单位处理,169,3
18550,"2025-02-24","4002",承办单位B,承办单位处理,53,7
18551,"2025-02-24","4003",承办复核部A,承办单位复核,263,28
18552,"2025-02-24","5001",结案一部,办结,132,21
18553,"2025-02-24","5002",结案二部,办结,92,14
18554,"2025-02-24","6001",客户回访一组,回访,168,9
18555,"2025-02-24","6002",客户回访二组,回访,119,9
18556,"2025-02-24","6003",客户回访三组,回访,141,15
18557,"2025-02-24","7001",档案管理部,归档,186,21
18558,"2025-02-24","8001",异常工单组,挂起,287,48
18559,"2025-02-25","1001",客服一部,话务员暂存,219,0
18560,"2025-02-25","1001",客服一部,话务员受理,106,14
18561,"2025-02-25","1002",客服二部,话务员受理,226,36
18562,"2025-02-25","2001",业务一科,话务员办理,154,30
18563,"2025-02-25","2002",业务二科,话务员办理,58,8
18564,"2025-02-25","3001",热线审核中心,热线审核,65,3
18565,"2025-02-25","3002",热线复核中心,热线复核,87,1
18566,"2025-02-25","4001",承办单位A,承办单位审核,285,23
18567,"2025-02-25","4001",承办单位A,承办单位处理,270,21
18568,"2025-02-25","4002",承办单位B,承办单位处理,93,1
18569,"2025-02-25","4003",承办复核部A,承办单位复核,189,21
18570,"2025-02-25","5001",结案一部,办结,296,15
18571,"2025-02-25","5002",结案二部,办结,248,9
18572,"2025-02-25","6001",客户回访一组,回访,59,6
18573,"2025-02-25","6002",客户回访二组,回访,134,7
18574,"2025-02-25","6003",客户回访三组,回访,115,6
18575,"2025-02-25","7001",档案管理部,归档,189,5
18576,"2025-02-25","8001",异常工单组,挂起,296,51
18577,"2025-02-26","1001",客服一部,话务员暂存,221,0
18578,"2025-02-26","1001",客服一部,话务员受理,157,29
18579,"2025-02-26","1002",客服二部,话务员受理,97,18
18580,"2025-02-26","2001",业务一科,话务员办理,152,2
18581,"2025-02-26","2002",业务二科,话务员办理,90,3
18582,"2025-02-26","3001",热线审核中心,热线审核,281,27
18583,"2025-02-26","3002",热线复核中心,热线复核,296,33
18584,"2025-02-26","4001",承办单位A,承办单位审核,61,8
18585,"2025-02-26","4001",承办单位A,承办单位处理,241,5
18586,"2025-02-26","4002",承办单位B,承办单位处理,58,6
18587,"2025-02-26","4003",承办复核部A,承办单位复核,220,11
18588,"2025-02-26","5001",结案一部,办结,218,3
18589,"2025-02-26","5002",结案二部,办结,93,14
18590,"2025-02-26","6001",客户回访一组,回访,137,8
18591,"2025-02-26","6002",客户回访二组,回访,274,29
18592,"2025-02-26","6003",客户回访三组,回访,97,4
18593,"2025-02-26","7001",档案管理部,归档,162,16
18594,"2025-02-26","8001",异常工单组,挂起,216,6
18595,"2025-02-27","1001",客服一部,话务员暂存,190,0
18596,"2025-02-27","1001",客服一部,话务员受理,253,25
18597,"2025-02-27","1002",客服二部,话务员受理,217,37
18598,"2025-02-27","2001",业务一科,话务员办理,266,43
18599,"2025-02-27","2002",业务二科,话务员办理,84,7
18600,"2025-02-27","3001",热线审核中心,热线审核,71,7
18601,"2025-02-27","3002",热线复核中心,热线复核,52,8
18602,"2025-02-27","4001",承办单位A,承办单位审核,234,21
18603,"2025-02-27","4001",承办单位A,承办单位处理,264,46
18604,"2025-02-27","4002",承办单位B,承办单位处理,219,2
18605,"2025-02-27","4003",承办复核部A,承办单位复核,105,11
18606,"2025-02-27","5001",结案一部,办结,180,3
18607,"2025-02-27","5002",结案二部,办结,253,2
18608,"2025-02-27","6001",客户回访一组,回访,245,11
18609,"2025-02-27","6002",客户回访二组,回访,274,14
18610,"2025-02-27","6003",客户回访三组,回访,142,5
18611,"2025-02-27","7001",档案管理部,归档,113,4
18612,"2025-02-27","8001",异常工单组,挂起,125,24
18613,"2025-02-28","1001",客服一部,话务员暂存,69,0
18614,"2025-02-28","1001",客服一部,话务员受理,61,1
18615,"2025-02-28","1002",客服二部,话务员受理,154,2
18616,"2025-02-28","2001",业务一科,话务员办理,126,10
18617,"2025-02-28","2002",业务二科,话务员办理,202,33
18618,"2025-02-28","3001",热线审核中心,热线审核,56,1
18619,"2025-02-28","3002",热线复核中心,热线复核,116,4
18620,"2025-02-28","4001",承办单位A,承办单位审核,188,16
18621,"2025-02-28","4001",承办单位A,承办单位处理,213,5
18622,"2025-02-28","4002",承办单位B,承办单位处理,283,21
18623,"2025-02-28","4003",承办复核部A,承办单位复核,218,42
18624,"2025-02-28","5001",结案一部,办结,243,26
18625,"2025-02-28","5002",结案二部,办结,263,52
18626,"2025-02-28","6001",客户回访一组,回访,150,26
18627,"2025-02-28","6002",客户回访二组,回访,238,3
18628,"2025-02-28","6003",客户回访三组,回访,108,2
18629,"2025-02-28","7001",档案管理部,归档,162,22
18630,"2025-02-28","8001",异常工单组,挂起,112,0
18631,"2025-03-01","1001",客服一部,话务员暂存,208,0
18632,"2025-03-01","1001",客服一部,话务员受理,193,17
18633,"2025-03-01","1002",客服二部,话务员受理,254,49
18634,"2025-03-01","2001",业务一科,话务员办理,277,29
18635,"2025-03-01","2002",业务二科,话务员办理,97,4
18636,"2025-03-01","3001",热线审核中心,热线审核,231,22
18637,"2025-03-01","3002",热线复核中心,热线复核,286,39
18638,"2025-03-01","4001",承办单位A,承办单位审核,254,15
18639,"2025-03-01","4001",承办单位A,承办单位处理,247,37
18640,"2025-03-01","4002",承办单位B,承办单位处理,287,4
18641,"2025-03-01","4003",承办复核部A,承办单位复核,191,16
18642,"2025-03-01","5001",结案一部,办结,193,4
18643,"2025-03-01","5002",结案二部,办结,280,28
18644,"2025-03-01","6001",客户回访一组,回访,105,7
18645,"2025-03-01","6002",客户回访二组,回访,104,4
18646,"2025-03-01","6003",客户回访三组,回访,129,7
18647,"2025-03-01","7001",档案管理部,归档,299,19
18648,"2025-03-01","8001",异常工单组,挂起,99,9
18649,"2025-03-02","1001",客服一部,话务员暂存,187,0
18650,"2025-03-02","1001",客服一部,话务员受理,76,3
18651,"2025-03-02","1002",客服二部,话务员受理,257,16
18652,"2025-03-02","2001",业务一科,话务员办理,103,9
18653,"2025-03-02","2002",业务二科,话务员办理,66,10
18654,"2025-03-02","3001",热线审核中心,热线审核,72,8
18655,"2025-03-02","3002",热线复核中心,热线复核,281,36
18656,"2025-03-02","4001",承办单位A,承办单位审核,274,9
18657,"2025-03-02","4001",承办单位A,承办单位处理,97,3
18658,"2025-03-02","4002",承办单位B,承办单位处理,251,28
18659,"2025-03-02","4003",承办复核部A,承办单位复核,222,17
18660,"2025-03-02","5001",结案一部,办结,70,2
18661,"2025-03-02","5002",结案二部,办结,284,9
18662,"2025-03-02","6001",客户回访一组,回访,191,26
18663,"2025-03-02","6002",客户回访二组,回访,193,2
18664,"2025-03-02","6003",客户回访三组,回访,238,22
18665,"2025-03-02","7001",档案管理部,归档,196,37
18666,"2025-03-02","8001",异常工单组,挂起,94,11
18667,"2025-03-03","1001",客服一部,话务员暂存,54,0
18668,"2025-03-03","1001",客服一部,话务员受理,285,11
18669,"2025-03-03","1002",客服二部,话务员受理,50,7
18670,"2025-03-03","2001",业务一科,话务员办理,155,18
18671,"2025-03-03","2002",业务二科,话务员办理,187,35
18672,"2025-03-03","3001",热线审核中心,热线审核,176,1
18673,"2025-03-03","3002",热线复核中心,热线复核,140,9
18674,"2025-03-03","4001",承办单位A,承办单位审核,132,19
18675,"2025-03-03","4001",承办单位A,承办单位处理,127,22
18676,"2025-03-03","4002",承办单位B,承办单位处理,82,3
18677,"2025-03-03","4003",承办复核部A,承办单位复核,300,46
18678,"2025-03-03","5001",结案一部,办结,175,27
18679,"2025-03-03","5002",结案二部,办结,106,4
18680,"2025-03-03","6001",客户回访一组,回访,131,14
18681,"2025-03-03","6002",客户回访二组,回访,117,2
18682,"2025-03-03","6003",客户回访三组,回访,275,52
18683,"2025-03-03","7001",档案管理部,归档,83,0
18684,"2025-03-03","8001",异常工单组,挂起,173,3
18685,"2025-03-04","1001",客服一部,话务员暂存,168,0
18686,"2025-03-04","1001",客服一部,话务员受理,62,3
18687,"2025-03-04","1002",客服二部,话务员受理,154,5
18688,"2025-03-04","2001",业务一科,话务员办理,100,8
18689,"2025-03-04","2002",业务二科,话务员办理,271,54
18690,"2025-03-04","3001",热线审核中心,热线审核,256,35
18691,"2025-03-04","3002",热线复核中心,热线复核,59,9
18692,"2025-03-04","4001",承办单位A,承办单位审核,212,10
18693,"2025-03-04","4001",承办单位A,承办单位处理,67,11
18694,"2025-03-04","4002",承办单位B,承办单位处理,96,7
18695,"2025-03-04","4003",承办复核部A,承办单位复核,125,14
18696,"2025-03-04","5001",结案一部,办结,184,33
18697,"2025-03-04","5002",结案二部,办结,139,13
18698,"2025-03-04","6001",客户回访一组,回访,50,6
18699,"2025-03-04","6002",客户回访二组,回访,167,20
18700,"2025-03-04","6003",客户回访三组,回访,96,1
18701,"2025-03-04","7001",档案管理部,归档,134,9
18702,"2025-03-04","8001",异常工单组,挂起,64,7
18703,"2025-03-05","1001",客服一部,话务员暂存,71,0
18704,"2025-03-05","1001",客服一部,话务员受理,158,24
18705,"2025-03-05","1002",客服二部,话务员受理,185,3
18706,"2025-03-05","2001",业务一科,话务员办理,165,22
18707,"2025-03-05","2002",业务二科,话务员办理,242,10
18708,"2025-03-05","3001",热线审核中心,热线审核,98,19
18709,"2025-03-05","3002",热线复核中心,热线复核,136,0
18710,"2025-03-05","4001",承办单位A,承办单位审核,143,2
18711,"2025-03-05","4001",承办单位A,承办单位处理,124,5
18712,"2025-03-05","4002",承办单位B,承办单位处理,209,32
18713,"2025-03-05","4003",承办复核部A,承办单位复核,110,18
18714,"2025-03-05","5001",结案一部,办结,274,54
18715,"2025-03-05","5002",结案二部,办结,215,30
18716,"2025-03-05","6001",客户回访一组,回访,291,23
18717,"2025-03-05","6002",客户回访二组,回访,124,5
18718,"2025-03-05","6003",客户回访三组,回访,114,4
18719,"2025-03-05","7001",档案管理部,归档,250,49
18720,"2025-03-05","8001",异常工单组,挂起,265,2
18721,"2025-03-06","1001",客服一部,话务员暂存,111,0
18722,"2025-03-06","1001",客服一部,话务员受理,163,24
18723,"2025-03-06","1002",客服二部,话务员受理,221,28
18724,"2025-03-06","2001",业务一科,话务员办理,59,4
18725,"2025-03-06","2002",业务二科,话务员办理,275,16
18726,"2025-03-06","3001",热线审核中心,热线审核,114,15
18727,"2025-03-06","3002",热线复核中心,热线复核,131,20
18728,"2025-03-06","4001",承办单位A,承办单位审核,170,22
18729,"2025-03-06","4001",承办单位A,承办单位处理,123,10
18730,"2025-03-06","4002",承办单位B,承办单位处理,196,9
18731,"2025-03-06","4003",承办复核部A,承办单位复核,51,8
18732,"2025-03-06","5001",结案一部,办结,150,17
18733,"2025-03-06","5002",结案二部,办结,93,1
18734,"2025-03-06","6001",客户回访一组,回访,113,2
18735,"2025-03-06","6002",客户回访二组,回访,88,3
18736,"2025-03-06","6003",客户回访三组,回访,261,11
18737,"2025-03-06","7001",档案管理部,归档,200,19
18738,"2025-03-06","8001",异常工单组,挂起,100,1
18739,"2025-03-07","1001",客服一部,话务员暂存,256,0
18740,"2025-03-07","1001",客服一部,话务员受理,238,11
18741,"2025-03-07","1002",客服二部,话务员受理,290,20
18742,"2025-03-07","2001",业务一科,话务员办理,201,8
18743,"2025-03-07","2002",业务二科,话务员办理,84,14
18744,"2025-03-07","3001",热线审核中心,热线审核,80,9
18745,"2025-03-07","3002",热线复核中心,热线复核,198,21
18746,"2025-03-07","4001",承办单位A,承办单位审核,286,9
18747,"2025-03-07","4001",承办单位A,承办单位处理,228,26
18748,"2025-03-07","4002",承办单位B,承办单位处理,169,22
18749,"2025-03-07","4003",承办复核部A,承办单位复核,293,14
18750,"2025-03-07","5001",结案一部,办结,83,4
18751,"2025-03-07","5002",结案二部,办结,196,33
18752,"2025-03-07","6001",客户回访一组,回访,52,0
18753,"2025-03-07","6002",客户回访二组,回访,118,17
18754,"2025-03-07","6003",客户回访三组,回访,279,51
18755,"2025-03-07","7001",档案管理部,归档,64,0
18756,"2025-03-07","8001",异常工单组,挂起,217,39
18757,"2025-03-08","1001",客服一部,话务员暂存,263,0
18758,"2025-03-08","1001",客服一部,话务员受理,157,0
18759,"2025-03-08","1002",客服二部,话务员受理,146,27
18760,"2025-03-08","2001",业务一科,话务员办理,57,0
18761,"2025-03-08","2002",业务二科,话务员办理,286,14
18762,"2025-03-08","3001",热线审核中心,热线审核,189,8
18763,"2025-03-08","3002",热线复核中心,热线复核,107,15
18764,"2025-03-08","4001",承办单位A,承办单位审核,99,8
18765,"2025-03-08","4001",承办单位A,承办单位处理,100,16
18766,"2025-03-08","4002",承办单位B,承办单位处理,256,10
18767,"2025-03-08","4003",承办复核部A,承办单位复核,296,27
18768,"2025-03-08","5001",结案一部,办结,159,28
18769,"2025-03-08","5002",结案二部,办结,89,10
18770,"2025-03-08","6001",客户回访一组,回访,87,13
18771,"2025-03-08","6002",客户回访二组,回访,237,46
18772,"2025-03-08","6003",客户回访三组,回访,261,18
18773,"2025-03-08","7001",档案管理部,归档,112,7
18774,"2025-03-08","8001",异常工单组,挂起,294,49
18775,"2025-03-09","1001",客服一部,话务员暂存,221,0
18776,"2025-03-09","1001",客服一部,话务员受理,87,6
18777,"2025-03-09","1002",客服二部,话务员受理,111,19
18778,"2025-03-09","2001",业务一科,话务员办理,247,33
18779,"2025-03-09","2002",业务二科,话务员办理,151,14
18780,"2025-03-09","3001",热线审核中心,热线审核,89,8
18781,"2025-03-09","3002",热线复核中心,热线复核,224,42
18782,"2025-03-09","4001",承办单位A,承办单位审核,251,39
18783,"2025-03-09","4001",承办单位A,承办单位处理,134,13
18784,"2025-03-09","4002",承办单位B,承办单位处理,167,21
18785,"2025-03-09","4003",承办复核部A,承办单位复核,289,2
18786,"2025-03-09","5001",结案一部,办结,151,3
18787,"2025-03-09","5002",结案二部,办结,298,42
18788,"2025-03-09","6001",客户回访一组,回访,163,4
18789,"2025-03-09","6002",客户回访二组,回访,69,3
18790,"2025-03-09","6003",客户回访三组,回访,214,27
18791,"2025-03-09","7001",档案管理部,归档,292,31
18792,"2025-03-09","8001",异常工单组,挂起,179,10
18793,"2025-03-10","1001",客服一部,话务员暂存,63,0
18794,"2025-03-10","1001",客服一部,话务员受理,146,20
18795,"2025-03-10","1002",客服二部,话务员受理,288,27
18796,"2025-03-10","2001",业务一科,话务员办理,56,11
18797,"2025-03-10","2002",业务二科,话务员办理,155,0
18798,"2025-03-10","3001",热线审核中心,热线审核,146,13
18799,"2025-03-10","3002",热线复核中心,热线复核,300,32
18800,"2025-03-10","4001",承办单位A,承办单位审核,278,2
18801,"2025-03-10","4001",承办单位A,承办单位处理,173,6
18802,"2025-03-10","4002",承办单位B,承办单位处理,73,9
18803,"2025-03-10","4003",承办复核部A,承办单位复核,104,19
18804,"2025-03-10","5001",结案一部,办结,159,12
18805,"2025-03-10","5002",结案二部,办结,133,10
18806,"2025-03-10","6001",客户回访一组,回访,128,8
18807,"2025-03-10","6002",客户回访二组,回访,277,22
18808,"2025-03-10","6003",客户回访三组,回访,74,7
18809,"2025-03-10","7001",档案管理部,归档,167,15
18810,"2025-03-10","8001",异常工单组,挂起,226,9
18811,"2025-03-11","1001",客服一部,话务员暂存,133,0
18812,"2025-03-11","1001",客服一部,话务员受理,214,42
18813,"2025-03-11","1002",客服二部,话务员受理,164,24
18814,"2025-03-11","2001",业务一科,话务员办理,213,40
18815,"2025-03-11","2002",业务二科,话务员办理,155,4
18816,"2025-03-11","3001",热线审核中心,热线审核,121,2
18817,"2025-03-11","3002",热线复核中心,热线复核,227,4
18818,"2025-03-11","4001",承办单位A,承办单位审核,127,0
18819,"2025-03-11","4001",承办单位A,承办单位处理,100,16
18820,"2025-03-11","4002",承办单位B,承办单位处理,231,29
18821,"2025-03-11","4003",承办复核部A,承办单位复核,131,20
18822,"2025-03-11","5001",结案一部,办结,158,14
18823,"2025-03-11","5002",结案二部,办结,95,4
18824,"2025-03-11","6001",客户回访一组,回访,65,10
18825,"2025-03-11","6002",客户回访二组,回访,293,6
18826,"2025-03-11","6003",客户回访三组,回访,217,32
18827,"2025-03-11","7001",档案管理部,归档,125,25
18828,"2025-03-11","8001",异常工单组,挂起,144,9
18829,"2025-03-12","1001",客服一部,话务员暂存,59,0
18830,"2025-03-12","1001",客服一部,话务员受理,196,34
18831,"2025-03-12","1002",客服二部,话务员受理,91,11
18832,"2025-03-12","2001",业务一科,话务员办理,209,27
18833,"2025-03-12","2002",业务二科,话务员办理,274,43
18834,"2025-03-12","3001",热线审核中心,热线审核,211,42
18835,"2025-03-12","3002",热线复核中心,热线复核,57,4
18836,"2025-03-12","4001",承办单位A,承办单位审核,293,3
18837,"2025-03-12","4001",承办单位A,承办单位处理,197,11
18838,"2025-03-12","4002",承办单位B,承办单位处理,196,25
18839,"2025-03-12","4003",承办复核部A,承办单位复核,175,15
18840,"2025-03-12","5001",结案一部,办结,202,20
18841,"2025-03-12","5002",结案二部,办结,92,7
18842,"2025-03-12","6001",客户回访一组,回访,145,2
18843,"2025-03-12","6002",客户回访二组,回访,121,24
18844,"2025-03-12","6003",客户回访三组,回访,270,3
18845,"2025-03-12","7001",档案管理部,归档,234,8
18846,"2025-03-12","8001",异常工单组,挂起,93,3
18847,"2025-03-13","1001",客服一部,话务员暂存,228,0
18848,"2025-03-13","1001",客服一部,话务员受理,230,22
18849,"2025-03-13","1002",客服二部,话务员受理,80,7
18850,"2025-03-13","2001",业务一科,话务员办理,235,20
18851,"2025-03-13","2002",业务二科,话务员办理,126,21
18852,"2025-03-13","3001",热线审核中心,热线审核,242,44
18853,"2025-03-13","3002",热线复核中心,热线复核,250,34
18854,"2025-03-13","4001",承办单位A,承办单位审核,215,19
18855,"2025-03-13","4001",承办单位A,承办单位处理,141,12
18856,"2025-03-13","4002",承办单位B,承办单位处理,143,13
18857,"2025-03-13","4003",承办复核部A,承办单位复核,51,8
18858,"2025-03-13","5001",结案一部,办结,253,9
18859,"2025-03-13","5002",结案二部,办结,190,12
18860,"2025-03-13","6001",客户回访一组,回访,161,22
18861,"2025-03-13","6002",客户回访二组,回访,142,0
18862,"2025-03-13","6003",客户回访三组,回访,242,0
18863,"2025-03-13","7001",档案管理部,归档,284,23
18864,"2025-03-13","8001",异常工单组,挂起,164,13
18865,"2025-03-14","1001",客服一部,话务员暂存,101,0
18866,"2025-03-14","1001",客服一部,话务员受理,137,27
18867,"2025-03-14","1002",客服二部,话务员受理,266,21
18868,"2025-03-14","2001",业务一科,话务员办理,296,38
18869,"2025-03-14","2002",业务二科,话务员办理,155,9
18870,"2025-03-14","3001",热线审核中心,热线审核,171,7
18871,"2025-03-14","3002",热线复核中心,热线复核,281,46
18872,"2025-03-14","4001",承办单位A,承办单位审核,236,24
18873,"2025-03-14","4001",承办单位A,承办单位处理,104,9
18874,"2025-03-14","4002",承办单位B,承办单位处理,217,23
18875,"2025-03-14","4003",承办复核部A,承办单位复核,232,13
18876,"2025-03-14","5001",结案一部,办结,272,20
18877,"2025-03-14","5002",结案二部,办结,219,35
18878,"2025-03-14","6001",客户回访一组,回访,94,17
18879,"2025-03-14","6002",客户回访二组,回访,118,2
18880,"2025-03-14","6003",客户回访三组,回访,286,8
18881,"2025-03-14","7001",档案管理部,归档,56,11
18882,"2025-03-14","8001",异常工单组,挂起,280,29
18883,"2025-03-15","1001",客服一部,话务员暂存,278,0
18884,"2025-03-15","1001",客服一部,话务员受理,84,3
18885,"2025-03-15","1002",客服二部,话务员受理,63,1
18886,"2025-03-15","2001",业务一科,话务员办理,126,18
18887,"2025-03-15","2002",业务二科,话务员办理,192,18
18888,"2025-03-15","3001",热线审核中心,热线审核,126,20
18889,"2025-03-15","3002",热线复核中心,热线复核,158,30
18890,"2025-03-15","4001",承办单位A,承办单位审核,97,5
18891,"2025-03-15","4001",承办单位A,承办单位处理,158,14
18892,"2025-03-15","4002",承办单位B,承办单位处理,213,21
18893,"2025-03-15","4003",承办复核部A,承办单位复核,290,51
18894,"2025-03-15","5001",结案一部,办结,77,4
18895,"2025-03-15","5002",结案二部,办结,139,27
18896,"2025-03-15","6001",客户回访一组,回访,146,14
18897,"2025-03-15","6002",客户回访二组,回访,137,15
18898,"2025-03-15","6003",客户回访三组,回访,209,8
18899,"2025-03-15","7001",档案管理部,归档,213,14
18900,"2025-03-15","8001",异常工单组,挂起,273,49
18901,"2025-03-16","1001",客服一部,话务员暂存,214,0
18902,"2025-03-16","1001",客服一部,话务员受理,203,23
18903,"2025-03-16","1002",客服二部,话务员受理,244,37
18904,"2025-03-16","2001",业务一科,话务员办理,281,44
18905,"2025-03-16","2002",业务二科,话务员办理,89,3
18906,"2025-03-16","3001",热线审核中心,热线审核,88,15
18907,"2025-03-16","3002",热线复核中心,热线复核,249,23
18908,"2025-03-16","4001",承办单位A,承办单位审核,263,24
18909,"2025-03-16","4001",承办单位A,承办单位处理,196,0
18910,"2025-03-16","4002",承办单位B,承办单位处理,284,0
18911,"2025-03-16","4003",承办复核部A,承办单位复核,240,12
18912,"2025-03-16","5001",结案一部,办结,225,23
18913,"2025-03-16","5002",结案二部,办结,193,25
18914,"2025-03-16","6001",客户回访一组,回访,278,15
18915,"2025-03-16","6002",客户回访二组,回访,185,31
18916,"2025-03-16","6003",客户回访三组,回访,128,20
18917,"2025-03-16","7001",档案管理部,归档,166,3
18918,"2025-03-16","8001",异常工单组,挂起,230,29
18919,"2025-03-17","1001",客服一部,话务员暂存,277,0
18920,"2025-03-17","1001",客服一部,话务员受理,103,15
18921,"2025-03-17","1002",客服二部,话务员受理,219,17
18922,"2025-03-17","2001",业务一科,话务员办理,250,1
18923,"2025-03-17","2002",业务二科,话务员办理,258,15
18924,"2025-03-17","3001",热线审核中心,热线审核,66,7
18925,"2025-03-17","3002",热线复核中心,热线复核,159,26
18926,"2025-03-17","4001",承办单位A,承办单位审核,199,31
18927,"2025-03-17","4001",承办单位A,承办单位处理,73,8
18928,"2025-03-17","4002",承办单位B,承办单位处理,231,38
18929,"2025-03-17","4003",承办复核部A,承办单位复核,229,43
18930,"2025-03-17","5001",结案一部,办结,210,18
18931,"2025-03-17","5002",结案二部,办结,198,24
18932,"2025-03-17","6001",客户回访一组,回访,185,12
18933,"2025-03-17","6002",客户回访二组,回访,270,20
18934,"2025-03-17","6003",客户回访三组,回访,140,5
18935,"2025-03-17","7001",档案管理部,归档,157,28
18936,"2025-03-17","8001",异常工单组,挂起,211,20
18937,"2025-03-18","1001",客服一部,话务员暂存,244,0
18938,"2025-03-18","1001",客服一部,话务员受理,129,4
18939,"2025-03-18","1002",客服二部,话务员受理,206,32
18940,"2025-03-18","2001",业务一科,话务员办理,191,9
18941,"2025-03-18","2002",业务二科,话务员办理,227,35
18942,"2025-03-18","3001",热线审核中心,热线审核,228,17
18943,"2025-03-18","3002",热线复核中心,热线复核,240,48
18944,"2025-03-18","4001",承办单位A,承办单位审核,224,39
18945,"2025-03-18","4001",承办单位A,承办单位处理,280,9
18946,"2025-03-18","4002",承办单位B,承办单位处理,272,27
18947,"2025-03-18","4003",承办复核部A,承办单位复核,227,25
18948,"2025-03-18","5001",结案一部,办结,68,2
18949,"2025-03-18","5002",结案二部,办结,165,2
18950,"2025-03-18","6001",客户回访一组,回访,245,6
18951,"2025-03-18","6002",客户回访二组,回访,271,48
18952,"2025-03-18","6003",客户回访三组,回访,88,0
18953,"2025-03-18","7001",档案管理部,归档,141,8
18954,"2025-03-18","8001",异常工单组,挂起,68,10
18955,"2025-03-19","1001",客服一部,话务员暂存,172,0
18956,"2025-03-19","1001",客服一部,话务员受理,278,1
18957,"2025-03-19","1002",客服二部,话务员受理,206,30
18958,"2025-03-19","2001",业务一科,话务员办理,64,6
18959,"2025-03-19","2002",业务二科,话务员办理,211,19
18960,"2025-03-19","3001",热线审核中心,热线审核,235,43
18961,"2025-03-19","3002",热线复核中心,热线复核,169,23
18962,"2025-03-19","4001",承办单位A,承办单位审核,300,15
18963,"2025-03-19","4001",承办单位A,承办单位处理,244,11
18964,"2025-03-19","4002",承办单位B,承办单位处理,107,6
18965,"2025-03-19","4003",承办复核部A,承办单位复核,226,14
18966,"2025-03-19","5001",结案一部,办结,154,9
18967,"2025-03-19","5002",结案二部,办结,120,14
18968,"2025-03-19","6001",客户回访一组,回访,279,18
18969,"2025-03-19","6002",客户回访二组,回访,108,8
18970,"2025-03-19","6003",客户回访三组,回访,181,34
18971,"2025-03-19","7001",档案管理部,归档,115,1
18972,"2025-03-19","8001",异常工单组,挂起,248,34
18973,"2025-03-20","1001",客服一部,话务员暂存,175,0
18974,"2025-03-20","1001",客服一部,话务员受理,122,24
18975,"2025-03-20","1002",客服二部,话务员受理,244,34
18976,"2025-03-20","2001",业务一科,话务员办理,249,8
18977,"2025-03-20","2002",业务二科,话务员办理,156,8
18978,"2025-03-20","3001",热线审核中心,热线审核,152,12
18979,"2025-03-20","3002",热线复核中心,热线复核,191,17
18980,"2025-03-20","4001",承办单位A,承办单位审核,213,7
18981,"2025-03-20","4001",承办单位A,承办单位处理,234,35
18982,"2025-03-20","4002",承办单位B,承办单位处理,52,5
18983,"2025-03-20","4003",承办复核部A,承办单位复核,273,47
18984,"2025-03-20","5001",结案一部,办结,151,6
18985,"2025-03-20","5002",结案二部,办结,128,18
18986,"2025-03-20","6001",客户回访一组,回访,82,12
18987,"2025-03-20","6002",客户回访二组,回访,147,3
18988,"2025-03-20","6003",客户回访三组,回访,251,9
18989,"2025-03-20","7001",档案管理部,归档,218,19
18990,"2025-03-20","8001",异常工单组,挂起,86,16
18991,"2025-03-21","1001",客服一部,话务员暂存,158,0
18992,"2025-03-21","1001",客服一部,话务员受理,201,13
18993,"2025-03-21","1002",客服二部,话务员受理,131,2
18994,"2025-03-21","2001",业务一科,话务员办理,255,11
18995,"2025-03-21","2002",业务二科,话务员办理,69,12
18996,"2025-03-21","3001",热线审核中心,热线审核,263,20
18997,"2025-03-21","3002",热线复核中心,热线复核,271,43
18998,"2025-03-21","4001",承办单位A,承办单位审核,64,9
18999,"2025-03-21","4001",承办单位A,承办单位处理,148,13
19000,"2025-03-21","4002",承办单位B,承办单位处理,275,8
19001,"2025-03-21","4003",承办复核部A,承办单位复核,231,10
19002,"2025-03-21","5001",结案一部,办结,87,7
19003,"2025-03-21","5002",结案二部,办结,173,32
19004,"2025-03-21","6001",客户回访一组,回访,228,13
19005,"2025-03-21","6002",客户回访二组,回访,218,32
19006,"2025-03-21","6003",客户回访三组,回访,181,15
19007,"2025-03-21","7001",档案管理部,归档,160,32
19008,"2025-03-21","8001",异常工单组,挂起,127,13
19009,"2025-03-22","1001",客服一部,话务员暂存,189,0
19010,"2025-03-22","1001",客服一部,话务员受理,185,22
19011,"2025-03-22","1002",客服二部,话务员受理,253,5
19012,"2025-03-22","2001",业务一科,话务员办理,123,24
19013,"2025-03-22","2002",业务二科,话务员办理,135,18
19014,"2025-03-22","3001",热线审核中心,热线审核,152,5
19015,"2025-03-22","3002",热线复核中心,热线复核,238,24
19016,"2025-03-22","4001",承办单位A,承办单位审核,237,39
19017,"2025-03-22","4001",承办单位A,承办单位处理,279,20
19018,"2025-03-22","4002",承办单位B,承办单位处理,240,36
19019,"2025-03-22","4003",承办复核部A,承办单位复核,108,21
19020,"2025-03-22","5001",结案一部,办结,152,23
19021,"2025-03-22","5002",结案二部,办结,143,13
19022,"2025-03-22","6001",客户回访一组,回访,278,35
19023,"2025-03-22","6002",客户回访二组,回访,221,42
19024,"2025-03-22","6003",客户回访三组,回访,148,25
19025,"2025-03-22","7001",档案管理部,归档,56,3
19026,"2025-03-22","8001",异常工单组,挂起,81,7
19027,"2025-03-23","1001",客服一部,话务员暂存,171,0
19028,"2025-03-23","1001",客服一部,话务员受理,91,11
19029,"2025-03-23","1002",客服二部,话务员受理,289,8
19030,"2025-03-23","2001",业务一科,话务员办理,264,30
19031,"2025-03-23","2002",业务二科,话务员办理,106,15
19032,"2025-03-23","3001",热线审核中心,热线审核,58,0
19033,"2025-03-23","3002",热线复核中心,热线复核,188,30
19034,"2025-03-23","4001",承办单位A,承办单位审核,123,2
19035,"2025-03-23","4001",承办单位A,承办单位处理,127,1
19036,"2025-03-23","4002",承办单位B,承办单位处理,194,28
19037,"2025-03-23","4003",承办复核部A,承办单位复核,81,6
19038,"2025-03-23","5001",结案一部,办结,253,44
19039,"2025-03-23","5002",结案二部,办结,191,28
19040,"2025-03-23","6001",客户回访一组,回访,84,10
19041,"2025-03-23","6002",客户回访二组,回访,68,13
19042,"2025-03-23","6003",客户回访三组,回访,144,15
19043,"2025-03-23","7001",档案管理部,归档,136,12
19044,"2025-03-23","8001",异常工单组,挂起,278,22
19045,"2025-03-24","1001",客服一部,话务员暂存,254,0
19046,"2025-03-24","1001",客服一部,话务员受理,117,1
19047,"2025-03-24","1002",客服二部,话务员受理,183,2
19048,"2025-03-24","2001",业务一科,话务员办理,78,6
19049,"2025-03-24","2002",业务二科,话务员办理,171,26
19050,"2025-03-24","3001",热线审核中心,热线审核,239,24
19051,"2025-03-24","3002",热线复核中心,热线复核,118,10
19052,"2025-03-24","4001",承办单位A,承办单位审核,273,45
19053,"2025-03-24","4001",承办单位A,承办单位处理,161,24
19054,"2025-03-24","4002",承办单位B,承办单位处理,264,17
19055,"2025-03-24","4003",承办复核部A,承办单位复核,166,24
19056,"2025-03-24","5001",结案一部,办结,200,26
19057,"2025-03-24","5002",结案二部,办结,115,8
19058,"2025-03-24","6001",客户回访一组,回访,123,20
19059,"2025-03-24","6002",客户回访二组,回访,272,20
19060,"2025-03-24","6003",客户回访三组,回访,186,8
19061,"2025-03-24","7001",档案管理部,归档,74,0
19062,"2025-03-24","8001",异常工单组,挂起,112,3
19063,"2025-03-25","1001",客服一部,话务员暂存,175,0
19064,"2025-03-25","1001",客服一部,话务员受理,119,23
19065,"2025-03-25","1002",客服二部,话务员受理,259,23
19066,"2025-03-25","2001",业务一科,话务员办理,272,28
19067,"2025-03-25","2002",业务二科,话务员办理,167,31
19068,"2025-03-25","3001",热线审核中心,热线审核,283,42
19069,"2025-03-25","3002",热线复核中心,热线复核,230,5
19070,"2025-03-25","4001",承办单位A,承办单位审核,56,7
19071,"2025-03-25","4001",承办单位A,承办单位处理,130,0
19072,"2025-03-25","4002",承办单位B,承办单位处理,64,3
19073,"2025-03-25","4003",承办复核部A,承办单位复核,239,41
19074,"2025-03-25","5001",结案一部,办结,59,8
19075,"2025-03-25","5002",结案二部,办结,73,8
19076,"2025-03-25","6001",客户回访一组,回访,72,0
19077,"2025-03-25","6002",客户回访二组,回访,236,36
19078,"2025-03-25","6003",客户回访三组,回访,126,21
19079,"2025-03-25","7001",档案管理部,归档,83,15
19080,"2025-03-25","8001",异常工单组,挂起,120,4
19081,"2025-03-26","1001",客服一部,话务员暂存,254,0
19082,"2025-03-26","1001",客服一部,话务员受理,226,31
19083,"2025-03-26","1002",客服二部,话务员受理,267,4
19084,"2025-03-26","2001",业务一科,话务员办理,279,10
19085,"2025-03-26","2002",业务二科,话务员办理,66,10
19086,"2025-03-26","3001",热线审核中心,热线审核,192,21
19087,"2025-03-26","3002",热线复核中心,热线复核,173,19
19088,"2025-03-26","4001",承办单位A,承办单位审核,137,11
19089,"2025-03-26","4001",承办单位A,承办单位处理,168,20
19090,"2025-03-26","4002",承办单位B,承办单位处理,251,3
19091,"2025-03-26","4003",承办复核部A,承办单位复核,205,15
19092,"2025-03-26","5001",结案一部,办结,260,44
19093,"2025-03-26","5002",结案二部,办结,171,6
19094,"2025-03-26","6001",客户回访一组,回访,178,10
19095,"2025-03-26","6002",客户回访二组,回访,253,9
19096,"2025-03-26","6003",客户回访三组,回访,191,4
19097,"2025-03-26","7001",档案管理部,归档,72,1
19098,"2025-03-26","8001",异常工单组,挂起,83,13
19099,"2025-03-27","1001",客服一部,话务员暂存,188,0
19100,"2025-03-27","1001",客服一部,话务员受理,263,52
19101,"2025-03-27","1002",客服二部,话务员受理,108,15
19102,"2025-03-27","2001",业务一科,话务员办理,273,53
19103,"2025-03-27","2002",业务二科,话务员办理,239,23
19104,"2025-03-27","3001",热线审核中心,热线审核,219,5
19105,"2025-03-27","3002",热线复核中心,热线复核,61,1
19106,"2025-03-27","4001",承办单位A,承办单位审核,75,14
19107,"2025-03-27","4001",承办单位A,承办单位处理,173,8
19108,"2025-03-27","4002",承办单位B,承办单位处理,127,9
19109,"2025-03-27","4003",承办复核部A,承办单位复核,104,9
19110,"2025-03-27","5001",结案一部,办结,156,2
19111,"2025-03-27","5002",结案二部,办结,157,2
19112,"2025-03-27","6001",客户回访一组,回访,194,23
19113,"2025-03-27","6002",客户回访二组,回访,151,14
19114,"2025-03-27","6003",客户回访三组,回访,107,5
19115,"2025-03-27","7001",档案管理部,归档,115,13
19116,"2025-03-27","8001",异常工单组,挂起,89,7
19117,"2025-03-28","1001",客服一部,话务员暂存,82,0
19118,"2025-03-28","1001",客服一部,话务员受理,74,13
19119,"2025-03-28","1002",客服二部,话务员受理,167,10
19120,"2025-03-28","2001",业务一科,话务员办理,239,30
19121,"2025-03-28","2002",业务二科,话务员办理,272,28
19122,"2025-03-28","3001",热线审核中心,热线审核,274,36
19123,"2025-03-28","3002",热线复核中心,热线复核,289,35
19124,"2025-03-28","4001",承办单位A,承办单位审核,118,10
19125,"2025-03-28","4001",承办单位A,承办单位处理,152,9
19126,"2025-03-28","4002",承办单位B,承办单位处理,285,0
19127,"2025-03-28","4003",承办复核部A,承办单位复核,260,22
19128,"2025-03-28","5001",结案一部,办结,223,25
19129,"2025-03-28","5002",结案二部,办结,159,5
19130,"2025-03-28","6001",客户回访一组,回访,250,3
19131,"2025-03-28","6002",客户回访二组,回访,114,22
19132,"2025-03-28","6003",客户回访三组,回访,64,9
19133,"2025-03-28","7001",档案管理部,归档,183,27
19134,"2025-03-28","8001",异常工单组,挂起,295,56
19135,"2025-03-29","1001",客服一部,话务员暂存,137,0
19136,"2025-03-29","1001",客服一部,话务员受理,66,9
19137,"2025-03-29","1002",客服二部,话务员受理,271,46
19138,"2025-03-29","2001",业务一科,话务员办理,216,11
19139,"2025-03-29","2002",业务二科,话务员办理,143,1
19140,"2025-03-29","3001",热线审核中心,热线审核,188,16
19141,"2025-03-29","3002",热线复核中心,热线复核,70,14
19142,"2025-03-29","4001",承办单位A,承办单位审核,114,12
19143,"2025-03-29","4001",承办单位A,承办单位处理,173,13
19144,"2025-03-29","4002",承办单位B,承办单位处理,267,20
19145,"2025-03-29","4003",承办复核部A,承办单位复核,142,15
19146,"2025-03-29","5001",结案一部,办结,273,53
19147,"2025-03-29","5002",结案二部,办结,130,23
19148,"2025-03-29","6001",客户回访一组,回访,96,12
19149,"2025-03-29","6002",客户回访二组,回访,106,1
19150,"2025-03-29","6003",客户回访三组,回访,189,34
19151,"2025-03-29","7001",档案管理部,归档,132,4
19152,"2025-03-29","8001",异常工单组,挂起,238,5
19153,"2025-03-30","1001",客服一部,话务员暂存,202,0
19154,"2025-03-30","1001",客服一部,话务员受理,186,5
19155,"2025-03-30","1002",客服二部,话务员受理,257,15
19156,"2025-03-30","2001",业务一科,话务员办理,73,13
19157,"2025-03-30","2002",业务二科,话务员办理,170,1
19158,"2025-03-30","3001",热线审核中心,热线审核,280,8
19159,"2025-03-30","3002",热线复核中心,热线复核,247,32
19160,"2025-03-30","4001",承办单位A,承办单位审核,210,22
19161,"2025-03-30","4001",承办单位A,承办单位处理,85,4
19162,"2025-03-30","4002",承办单位B,承办单位处理,118,21
19163,"2025-03-30","4003",承办复核部A,承办单位复核,122,14
19164,"2025-03-30","5001",结案一部,办结,261,7
19165,"2025-03-30","5002",结案二部,办结,139,10
19166,"2025-03-30","6001",客户回访一组,回访,165,25
19167,"2025-03-30","6002",客户回访二组,回访,115,3
19168,"2025-03-30","6003",客户回访三组,回访,216,3
19169,"2025-03-30","7001",档案管理部,归档,190,8
19170,"2025-03-30","8001",异常工单组,挂起,281,26
19171,"2025-03-31","1001",客服一部,话务员暂存,117,0
19172,"2025-03-31","1001",客服一部,话务员受理,102,19
19173,"2025-03-31","1002",客服二部,话务员受理,291,48
19174,"2025-03-31","2001",业务一科,话务员办理,160,5
19175,"2025-03-31","2002",业务二科,话务员办理,118,12
19176,"2025-03-31","3001",热线审核中心,热线审核,228,37
19177,"2025-03-31","3002",热线复核中心,热线复核,292,57
19178,"2025-03-31","4001",承办单位A,承办单位审核,266,53
19179,"2025-03-31","4001",承办单位A,承办单位处理,206,6
19180,"2025-03-31","4002",承办单位B,承办单位处理,175,9
19181,"2025-03-31","4003",承办复核部A,承办单位复核,288,44
19182,"2025-03-31","5001",结案一部,办结,233,19
19183,"2025-03-31","5002",结案二部,办结,65,5
19184,"2025-03-31","6001",客户回访一组,回访,215,12
19185,"2025-03-31","6002",客户回访二组,回访,158,3
19186,"2025-03-31","6003",客户回访三组,回访,147,20
19187,"2025-03-31","7001",档案管理部,归档,247,45
19188,"2025-03-31","8001",异常工单组,挂起,166,11
19189,"2025-04-01","1001",客服一部,话务员暂存,136,0
19190,"2025-04-01","1001",客服一部,话务员受理,226,15
19191,"2025-04-01","1002",客服二部,话务员受理,200,13
19192,"2025-04-01","2001",业务一科,话务员办理,63,5
19193,"2025-04-01","2002",业务二科,话务员办理,273,2
19194,"2025-04-01","3001",热线审核中心,热线审核,147,28
19195,"2025-04-01","3002",热线复核中心,热线复核,93,16
19196,"2025-04-01","4001",承办单位A,承办单位审核,275,21
19197,"2025-04-01","4001",承办单位A,承办单位处理,172,12
19198,"2025-04-01","4002",承办单位B,承办单位处理,57,1
19199,"2025-04-01","4003",承办复核部A,承办单位复核,164,20
19200,"2025-04-01","5001",结案一部,办结,99,11
19201,"2025-04-01","5002",结案二部,办结,288,46
19202,"2025-04-01","6001",客户回访一组,回访,50,6
19203,"2025-04-01","6002",客户回访二组,回访,260,36
19204,"2025-04-01","6003",客户回访三组,回访,118,13
19205,"2025-04-01","7001",档案管理部,归档,95,7
19206,"2025-04-01","8001",异常工单组,挂起,266,28
19207,"2025-04-02","1001",客服一部,话务员暂存,125,0
19208,"2025-04-02","1001",客服一部,话务员受理,211,31
19209,"2025-04-02","1002",客服二部,话务员受理,248,36
19210,"2025-04-02","2001",业务一科,话务员办理,195,23
19211,"2025-04-02","2002",业务二科,话务员办理,133,2
19212,"2025-04-02","3001",热线审核中心,热线审核,184,17
19213,"2025-04-02","3002",热线复核中心,热线复核,269,0
19214,"2025-04-02","4001",承办单位A,承办单位审核,186,8
19215,"2025-04-02","4001",承办单位A,承办单位处理,292,49
19216,"2025-04-02","4002",承办单位B,承办单位处理,215,6
19217,"2025-04-02","4003",承办复核部A,承办单位复核,183,36
19218,"2025-04-02","5001",结案一部,办结,182,28
19219,"2025-04-02","5002",结案二部,办结,278,19
19220,"2025-04-02","6001",客户回访一组,回访,108,3
19221,"2025-04-02","6002",客户回访二组,回访,159,8
19222,"2025-04-02","6003",客户回访三组,回访,282,21
19223,"2025-04-02","7001",档案管理部,归档,51,3
19224,"2025-04-02","8001",异常工单组,挂起,111,22
19225,"2025-04-03","1001",客服一部,话务员暂存,271,0
19226,"2025-04-03","1001",客服一部,话务员受理,248,30
19227,"2025-04-03","1002",客服二部,话务员受理,213,20
19228,"2025-04-03","2001",业务一科,话务员办理,128,6
19229,"2025-04-03","2002",业务二科,话务员办理,167,7
19230,"2025-04-03","3001",热线审核中心,热线审核,285,12
19231,"2025-04-03","3002",热线复核中心,热线复核,225,44
19232,"2025-04-03","4001",承办单位A,承办单位审核,141,22
19233,"2025-04-03","4001",承办单位A,承办单位处理,69,9
19234,"2025-04-03","4002",承办单位B,承办单位处理,83,14
19235,"2025-04-03","4003",承办复核部A,承办单位复核,149,4
19236,"2025-04-03","5001",结案一部,办结,119,5
19237,"2025-04-03","5002",结案二部,办结,79,12
19238,"2025-04-03","6001",客户回访一组,回访,222,42
19239,"2025-04-03","6002",客户回访二组,回访,148,7
19240,"2025-04-03","6003",客户回访三组,回访,226,2
19241,"2025-04-03","7001",档案管理部,归档,253,34
19242,"2025-04-03","8001",异常工单组,挂起,126,10
19243,"2025-04-04","1001",客服一部,话务员暂存,152,0
19244,"2025-04-04","1001",客服一部,话务员受理,261,19
19245,"2025-04-04","1002",客服二部,话务员受理,67,8
19246,"2025-04-04","2001",业务一科,话务员办理,247,6
19247,"2025-04-04","2002",业务二科,话务员办理,196,37
19248,"2025-04-04","3001",热线审核中心,热线审核,231,17
19249,"2025-04-04","3002",热线复核中心,热线复核,58,4
19250,"2025-04-04","4001",承办单位A,承办单位审核,214,17
19251,"2025-04-04","4001",承办单位A,承办单位处理,144,23
19252,"2025-04-04","4002",承办单位B,承办单位处理,264,42
19253,"2025-04-04","4003",承办复核部A,承办单位复核,265,14
19254,"2025-04-04","5001",结案一部,办结,174,18
19255,"2025-04-04","5002",结案二部,办结,235,31
19256,"2025-04-04","6001",客户回访一组,回访,119,3
19257,"2025-04-04","6002",客户回访二组,回访,108,1
19258,"2025-04-04","6003",客户回访三组,回访,258,0
19259,"2025-04-04","7001",档案管理部,归档,137,10
19260,"2025-04-04","8001",异常工单组,挂起,199,22
19261,"2025-04-05","1001",客服一部,话务员暂存,62,0
19262,"2025-04-05","1001",客服一部,话务员受理,83,3
19263,"2025-04-05","1002",客服二部,话务员受理,63,6
19264,"2025-04-05","2001",业务一科,话务员办理,78,13
19265,"2025-04-05","2002",业务二科,话务员办理,258,13
19266,"2025-04-05","3001",热线审核中心,热线审核,50,0
19267,"2025-04-05","3002",热线复核中心,热线复核,163,18
19268,"2025-04-05","4001",承办单位A,承办单位审核,103,5
19269,"2025-04-05","4001",承办单位A,承办单位处理,291,17
19270,"2025-04-05","4002",承办单位B,承办单位处理,155,27
19271,"2025-04-05","4003",承办复核部A,承办单位复核,215,3
19272,"2025-04-05","5001",结案一部,办结,133,22
19273,"2025-04-05","5002",结案二部,办结,277,4
19274,"2025-04-05","6001",客户回访一组,回访,162,8
19275,"2025-04-05","6002",客户回访二组,回访,266,12
19276,"2025-04-05","6003",客户回访三组,回访,62,3
19277,"2025-04-05","7001",档案管理部,归档,155,21
19278,"2025-04-05","8001",异常工单组,挂起,285,11
19279,"2025-04-06","1001",客服一部,话务员暂存,148,0
19280,"2025-04-06","1001",客服一部,话务员受理,152,2
19281,"2025-04-06","1002",客服二部,话务员受理,94,4
19282,"2025-04-06","2001",业务一科,话务员办理,197,28
19283,"2025-04-06","2002",业务二科,话务员办理,96,18
19284,"2025-04-06","3001",热线审核中心,热线审核,103,7
19285,"2025-04-06","3002",热线复核中心,热线复核,284,3
19286,"2025-04-06","4001",承办单位A,承办单位审核,96,8
19287,"2025-04-06","4001",承办单位A,承办单位处理,204,0
19288,"2025-04-06","4002",承办单位B,承办单位处理,84,1
19289,"2025-04-06","4003",承办复核部A,承办单位复核,150,14
19290,"2025-04-06","5001",结案一部,办结,239,8
19291,"2025-04-06","5002",结案二部,办结,247,11
19292,"2025-04-06","6001",客户回访一组,回访,76,1
19293,"2025-04-06","6002",客户回访二组,回访,136,4
19294,"2025-04-06","6003",客户回访三组,回访,57,8
19295,"2025-04-06","7001",档案管理部,归档,202,7
19296,"2025-04-06","8001",异常工单组,挂起,197,7
19297,"2025-04-07","1001",客服一部,话务员暂存,76,0
19298,"2025-04-07","1001",客服一部,话务员受理,227,37
19299,"2025-04-07","1002",客服二部,话务员受理,225,6
19300,"2025-04-07","2001",业务一科,话务员办理,61,6
19301,"2025-04-07","2002",业务二科,话务员办理,235,22
19302,"2025-04-07","3001",热线审核中心,热线审核,109,5
19303,"2025-04-07","3002",热线复核中心,热线复核,248,8
19304,"2025-04-07","4001",承办单位A,承办单位审核,120,18
19305,"2025-04-07","4001",承办单位A,承办单位处理,290,26
19306,"2025-04-07","4002",承办单位B,承办单位处理,119,18
19307,"2025-04-07","4003",承办复核部A,承办单位复核,196,27
19308,"2025-04-07","5001",结案一部,办结,293,21
19309,"2025-04-07","5002",结案二部,办结,215,24
19310,"2025-04-07","6001",客户回访一组,回访,102,6
19311,"2025-04-07","6002",客户回访二组,回访,57,8
19312,"2025-04-07","6003",客户回访三组,回访,260,52
19313,"2025-04-07","7001",档案管理部,归档,176,2
19314,"2025-04-07","8001",异常工单组,挂起,173,0
19315,"2025-04-08","1001",客服一部,话务员暂存,289,0
19316,"2025-04-08","1001",客服一部,话务员受理,288,44
19317,"2025-04-08","1002",客服二部,话务员受理,230,24
19318,"2025-04-08","2001",业务一科,话务员办理,112,16
19319,"2025-04-08","2002",业务二科,话务员办理,219,25
19320,"2025-04-08","3001",热线审核中心,热线审核,294,31
19321,"2025-04-08","3002",热线复核中心,热线复核,151,22
19322,"2025-04-08","4001",承办单位A,承办单位审核,71,1
19323,"2025-04-08","4001",承办单位A,承办单位处理,145,2
19324,"2025-04-08","4002",承办单位B,承办单位处理,204,2
19325,"2025-04-08","4003",承办复核部A,承办单位复核,107,11
19326,"2025-04-08","5001",结案一部,办结,155,29
19327,"2025-04-08","5002",结案二部,办结,291,25
19328,"2025-04-08","6001",客户回访一组,回访,100,10
19329,"2025-04-08","6002",客户回访二组,回访,200,13
19330,"2025-04-08","6003",客户回访三组,回访,137,4
19331,"2025-04-08","7001",档案管理部,归档,121,16
19332,"2025-04-08","8001",异常工单组,挂起,99,17
19333,"2025-04-09","1001",客服一部,话务员暂存,134,0
19334,"2025-04-09","1001",客服一部,话务员受理,263,15
19335,"2025-04-09","1002",客服二部,话务员受理,192,8
19336,"2025-04-09","2001",业务一科,话务员办理,289,31
19337,"2025-04-09","2002",业务二科,话务员办理,106,18
19338,"2025-04-09","3001",热线审核中心,热线审核,228,11
19339,"2025-04-09","3002",热线复核中心,热线复核,235,25
19340,"2025-04-09","4001",承办单位A,承办单位审核,229,4
19341,"2025-04-09","4001",承办单位A,承办单位处理,300,22
19342,"2025-04-09","4002",承办单位B,承办单位处理,274,52
19343,"2025-04-09","4003",承办复核部A,承办单位复核,148,19
19344,"2025-04-09","5001",结案一部,办结,90,2
19345,"2025-04-09","5002",结案二部,办结,300,42
19346,"2025-04-09","6001",客户回访一组,回访,251,3
19347,"2025-04-09","6002",客户回访二组,回访,76,9
19348,"2025-04-09","6003",客户回访三组,回访,145,10
19349,"2025-04-09","7001",档案管理部,归档,96,19
19350,"2025-04-09","8001",异常工单组,挂起,219,8
19351,"2025-04-10","1001",客服一部,话务员暂存,70,0
19352,"2025-04-10","1001",客服一部,话务员受理,185,28
19353,"2025-04-10","1002",客服二部,话务员受理,231,24
19354,"2025-04-10","2001",业务一科,话务员办理,51,3
19355,"2025-04-10","2002",业务二科,话务员办理,91,2
19356,"2025-04-10","3001",热线审核中心,热线审核,81,4
19357,"2025-04-10","3002",热线复核中心,热线复核,195,31
19358,"2025-04-10","4001",承办单位A,承办单位审核,115,4
19359,"2025-04-10","4001",承办单位A,承办单位处理,270,41
19360,"2025-04-10","4002",承办单位B,承办单位处理,78,5
19361,"2025-04-10","4003",承办复核部A,承办单位复核,142,25
19362,"2025-04-10","5001",结案一部,办结,91,4
19363,"2025-04-10","5002",结案二部,办结,115,10
19364,"2025-04-10","6001",客户回访一组,回访,276,29
19365,"2025-04-10","6002",客户回访二组,回访,210,37
19366,"2025-04-10","6003",客户回访三组,回访,200,19
19367,"2025-04-10","7001",档案管理部,归档,153,24
19368,"2025-04-10","8001",异常工单组,挂起,229,26
19369,"2025-04-11","1001",客服一部,话务员暂存,278,0
19370,"2025-04-11","1001",客服一部,话务员受理,132,5
19371,"2025-04-11","1002",客服二部,话务员受理,150,25
19372,"2025-04-11","2001",业务一科,话务员办理,101,0
19373,"2025-04-11","2002",业务二科,话务员办理,188,8
19374,"2025-04-11","3001",热线审核中心,热线审核,216,25
19375,"2025-04-11","3002",热线复核中心,热线复核,199,23
19376,"2025-04-11","4001",承办单位A,承办单位审核,197,22
19377,"2025-04-11","4001",承办单位A,承办单位处理,234,39
19378,"2025-04-11","4002",承办单位B,承办单位处理,209,21
19379,"2025-04-11","4003",承办复核部A,承办单位复核,278,51
19380,"2025-04-11","5001",结案一部,办结,241,26
19381,"2025-04-11","5002",结案二部,办结,235,14
19382,"2025-04-11","6001",客户回访一组,回访,54,7
19383,"2025-04-11","6002",客户回访二组,回访,154,10
19384,"2025-04-11","6003",客户回访三组,回访,79,5
19385,"2025-04-11","7001",档案管理部,归档,120,14
19386,"2025-04-11","8001",异常工单组,挂起,204,13
19387,"2025-04-12","1001",客服一部,话务员暂存,50,0
19388,"2025-04-12","1001",客服一部,话务员受理,275,47
19389,"2025-04-12","1002",客服二部,话务员受理,229,29
19390,"2025-04-12","2001",业务一科,话务员办理,278,41
19391,"2025-04-12","2002",业务二科,话务员办理,176,26
19392,"2025-04-12","3001",热线审核中心,热线审核,110,0
19393,"2025-04-12","3002",热线复核中心,热线复核,101,12
19394,"2025-04-12","4001",承办单位A,承办单位审核,300,60
19395,"2025-04-12","4001",承办单位A,承办单位处理,82,15
19396,"2025-04-12","4002",承办单位B,承办单位处理,74,2
19397,"2025-04-12","4003",承办复核部A,承办单位复核,290,55
19398,"2025-04-12","5001",结案一部,办结,148,1
19399,"2025-04-12","5002",结案二部,办结,105,20
19400,"2025-04-12","6001",客户回访一组,回访,219,23
19401,"2025-04-12","6002",客户回访二组,回访,181,23
19402,"2025-04-12","6003",客户回访三组,回访,272,4
19403,"2025-04-12","7001",档案管理部,归档,212,1
19404,"2025-04-12","8001",异常工单组,挂起,128,12
19405,"2025-04-13","1001",客服一部,话务员暂存,203,0
19406,"2025-04-13","1001",客服一部,话务员受理,164,28
19407,"2025-04-13","1002",客服二部,话务员受理,129,5
19408,"2025-04-13","2001",业务一科,话务员办理,196,29
19409,"2025-04-13","2002",业务二科,话务员办理,204,21
19410,"2025-04-13","3001",热线审核中心,热线审核,235,25
19411,"2025-04-13","3002",热线复核中心,热线复核,75,0
19412,"2025-04-13","4001",承办单位A,承办单位审核,268,10
19413,"2025-04-13","4001",承办单位A,承办单位处理,158,25
19414,"2025-04-13","4002",承办单位B,承办单位处理,260,48
19415,"2025-04-13","4003",承办复核部A,承办单位复核,79,11
19416,"2025-04-13","5001",结案一部,办结,143,6
19417,"2025-04-13","5002",结案二部,办结,114,14
19418,"2025-04-13","6001",客户回访一组,回访,204,1
19419,"2025-04-13","6002",客户回访二组,回访,189,31
19420,"2025-04-13","6003",客户回访三组,回访,105,16
19421,"2025-04-13","7001",档案管理部,归档,289,44
19422,"2025-04-13","8001",异常工单组,挂起,226,38
19423,"2025-04-14","1001",客服一部,话务员暂存,51,0
19424,"2025-04-14","1001",客服一部,话务员受理,110,22
19425,"2025-04-14","1002",客服二部,话务员受理,276,47
19426,"2025-04-14","2001",业务一科,话务员办理,197,3
19427,"2025-04-14","2002",业务二科,话务员办理,150,24
19428,"2025-04-14","3001",热线审核中心,热线审核,132,26
19429,"2025-04-14","3002",热线复核中心,热线复核,230,23
19430,"2025-04-14","4001",承办单位A,承办单位审核,220,35
19431,"2025-04-14","4001",承办单位A,承办单位处理,220,16
19432,"2025-04-14","4002",承办单位B,承办单位处理,77,0
19433,"2025-04-14","4003",承办复核部A,承办单位复核,269,24
19434,"2025-04-14","5001",结案一部,办结,278,28
19435,"2025-04-14","5002",结案二部,办结,150,28
19436,"2025-04-14","6001",客户回访一组,回访,272,24
19437,"2025-04-14","6002",客户回访二组,回访,234,27
19438,"2025-04-14","6003",客户回访三组,回访,164,11
19439,"2025-04-14","7001",档案管理部,归档,159,8
19440,"2025-04-14","8001",异常工单组,挂起,252,18
19441,"2025-04-15","1001",客服一部,话务员暂存,300,0
19442,"2025-04-15","1001",客服一部,话务员受理,81,9
19443,"2025-04-15","1002",客服二部,话务员受理,206,11
19444,"2025-04-15","2001",业务一科,话务员办理,53,0
19445,"2025-04-15","2002",业务二科,话务员办理,53,4
19446,"2025-04-15","3001",热线审核中心,热线审核,130,3
19447,"2025-04-15","3002",热线复核中心,热线复核,279,48
19448,"2025-04-15","4001",承办单位A,承办单位审核,146,26
19449,"2025-04-15","4001",承办单位A,承办单位处理,189,34
19450,"2025-04-15","4002",承办单位B,承办单位处理,55,6
19451,"2025-04-15","4003",承办复核部A,承办单位复核,241,47
19452,"2025-04-15","5001",结案一部,办结,281,22
19453,"2025-04-15","5002",结案二部,办结,251,43
19454,"2025-04-15","6001",客户回访一组,回访,85,5
19455,"2025-04-15","6002",客户回访二组,回访,230,19
19456,"2025-04-15","6003",客户回访三组,回访,92,10
19457,"2025-04-15","7001",档案管理部,归档,62,9
19458,"2025-04-15","8001",异常工单组,挂起,118,3
19459,"2025-04-16","1001",客服一部,话务员暂存,163,0
19460,"2025-04-16","1001",客服一部,话务员受理,170,11
19461,"2025-04-16","1002",客服二部,话务员受理,182,14
19462,"2025-04-16","2001",业务一科,话务员办理,169,23
19463,"2025-04-16","2002",业务二科,话务员办理,203,1
19464,"2025-04-16","3001",热线审核中心,热线审核,132,20
19465,"2025-04-16","3002",热线复核中心,热线复核,272,4
19466,"2025-04-16","4001",承办单位A,承办单位审核,104,18
19467,"2025-04-16","4001",承办单位A,承办单位处理,272,14
19468,"2025-04-16","4002",承办单位B,承办单位处理,220,44
19469,"2025-04-16","4003",承办复核部A,承办单位复核,211,17
19470,"2025-04-16","5001",结案一部,办结,183,19
19471,"2025-04-16","5002",结案二部,办结,287,29
19472,"2025-04-16","6001",客户回访一组,回访,254,20
19473,"2025-04-16","6002",客户回访二组,回访,195,30
19474,"2025-04-16","6003",客户回访三组,回访,67,8
19475,"2025-04-16","7001",档案管理部,归档,64,3
19476,"2025-04-16","8001",异常工单组,挂起,169,3
19477,"2025-04-17","1001",客服一部,话务员暂存,98,0
19478,"2025-04-17","1001",客服一部,话务员受理,60,3
19479,"2025-04-17","1002",客服二部,话务员受理,261,32
19480,"2025-04-17","2001",业务一科,话务员办理,68,7
19481,"2025-04-17","2002",业务二科,话务员办理,194,22
19482,"2025-04-17","3001",热线审核中心,热线审核,273,16
19483,"2025-04-17","3002",热线复核中心,热线复核,201,18
19484,"2025-04-17","4001",承办单位A,承办单位审核,196,28
19485,"2025-04-17","4001",承办单位A,承办单位处理,203,25
19486,"2025-04-17","4002",承办单位B,承办单位处理,279,7
19487,"2025-04-17","4003",承办复核部A,承办单位复核,272,7
19488,"2025-04-17","5001",结案一部,办结,112,0
19489,"2025-04-17","5002",结案二部,办结,123,20
19490,"2025-04-17","6001",客户回访一组,回访,219,17
19491,"2025-04-17","6002",客户回访二组,回访,250,7
19492,"2025-04-17","6003",客户回访三组,回访,59,6
19493,"2025-04-17","7001",档案管理部,归档,54,8
19494,"2025-04-17","8001",异常工单组,挂起,158,27
19495,"2025-04-18","1001",客服一部,话务员暂存,240,0
19496,"2025-04-18","1001",客服一部,话务员受理,279,52
19497,"2025-04-18","1002",客服二部,话务员受理,79,13
19498,"2025-04-18","2001",业务一科,话务员办理,245,45
19499,"2025-04-18","2002",业务二科,话务员办理,234,15
19500,"2025-04-18","3001",热线审核中心,热线审核,280,51
19501,"2025-04-18","3002",热线复核中心,热线复核,113,22
19502,"2025-04-18","4001",承办单位A,承办单位审核,137,12
19503,"2025-04-18","4001",承办单位A,承办单位处理,294,27
19504,"2025-04-18","4002",承办单位B,承办单位处理,216,23
19505,"2025-04-18","4003",承办复核部A,承办单位复核,204,2
19506,"2025-04-18","5001",结案一部,办结,112,6
19507,"2025-04-18","5002",结案二部,办结,119,10
19508,"2025-04-18","6001",客户回访一组,回访,299,22
19509,"2025-04-18","6002",客户回访二组,回访,202,11
19510,"2025-04-18","6003",客户回访三组,回访,265,44
19511,"2025-04-18","7001",档案管理部,归档,126,19
19512,"2025-04-18","8001",异常工单组,挂起,251,24
19513,"2025-04-19","1001",客服一部,话务员暂存,218,0
19514,"2025-04-19","1001",客服一部,话务员受理,54,6
19515,"2025-04-19","1002",客服二部,话务员受理,175,25
19516,"2025-04-19","2001",业务一科,话务员办理,250,38
19517,"2025-04-19","2002",业务二科,话务员办理,211,35
19518,"2025-04-19","3001",热线审核中心,热线审核,213,14
19519,"2025-04-19","3002",热线复核中心,热线复核,117,4
19520,"2025-04-19","4001",承办单位A,承办单位审核,180,29
19521,"2025-04-19","4001",承办单位A,承办单位处理,284,2
19522,"2025-04-19","4002",承办单位B,承办单位处理,131,14
19523,"2025-04-19","4003",承办复核部A,承办单位复核,213,17
19524,"2025-04-19","5001",结案一部,办结,78,5
19525,"2025-04-19","5002",结案二部,办结,183,35
19526,"2025-04-19","6001",客户回访一组,回访,263,35
19527,"2025-04-19","6002",客户回访二组,回访,197,4
19528,"2025-04-19","6003",客户回访三组,回访,161,11
19529,"2025-04-19","7001",档案管理部,归档,237,20
19530,"2025-04-19","8001",异常工单组,挂起,255,11
19531,"2025-04-20","1001",客服一部,话务员暂存,252,0
19532,"2025-04-20","1001",客服一部,话务员受理,251,23
19533,"2025-04-20","1002",客服二部,话务员受理,212,17
19534,"2025-04-20","2001",业务一科,话务员办理,50,10
19535,"2025-04-20","2002",业务二科,话务员办理,195,5
19536,"2025-04-20","3001",热线审核中心,热线审核,50,5
19537,"2025-04-20","3002",热线复核中心,热线复核,222,36
19538,"2025-04-20","4001",承办单位A,承办单位审核,81,13
19539,"2025-04-20","4001",承办单位A,承办单位处理,136,14
19540,"2025-04-20","4002",承办单位B,承办单位处理,266,20
19541,"2025-04-20","4003",承办复核部A,承办单位复核,244,39
19542,"2025-04-20","5001",结案一部,办结,236,4
19543,"2025-04-20","5002",结案二部,办结,248,33
19544,"2025-04-20","6001",客户回访一组,回访,298,54
19545,"2025-04-20","6002",客户回访二组,回访,102,15
19546,"2025-04-20","6003",客户回访三组,回访,212,8
19547,"2025-04-20","7001",档案管理部,归档,212,0
19548,"2025-04-20","8001",异常工单组,挂起,275,46
19549,"2025-04-21","1001",客服一部,话务员暂存,201,0
19550,"2025-04-21","1001",客服一部,话务员受理,176,6
19551,"2025-04-21","1002",客服二部,话务员受理,78,4
19552,"2025-04-21","2001",业务一科,话务员办理,94,11
19553,"2025-04-21","2002",业务二科,话务员办理,192,30
19554,"2025-04-21","3001",热线审核中心,热线审核,92,13
19555,"2025-04-21","3002",热线复核中心,热线复核,127,1
19556,"2025-04-21","4001",承办单位A,承办单位审核,265,25
19557,"2025-04-21","4001",承办单位A,承办单位处理,75,11
19558,"2025-04-21","4002",承办单位B,承办单位处理,237,20
19559,"2025-04-21","4003",承办复核部A,承办单位复核,173,16
19560,"2025-04-21","5001",结案一部,办结,167,28
19561,"2025-04-21","5002",结案二部,办结,262,3
19562,"2025-04-21","6001",客户回访一组,回访,138,11
19563,"2025-04-21","6002",客户回访二组,回访,272,13
19564,"2025-04-21","6003",客户回访三组,回访,264,15
19565,"2025-04-21","7001",档案管理部,归档,227,21
19566,"2025-04-21","8001",异常工单组,挂起,178,5
19567,"2025-04-22","1001",客服一部,话务员暂存,196,0
19568,"2025-04-22","1001",客服一部,话务员受理,96,17
19569,"2025-04-22","1002",客服二部,话务员受理,146,21
19570,"2025-04-22","2001",业务一科,话务员办理,126,15
19571,"2025-04-22","2002",业务二科,话务员办理,99,18
19572,"2025-04-22","3001",热线审核中心,热线审核,279,17
19573,"2025-04-22","3002",热线复核中心,热线复核,147,4
19574,"2025-04-22","4001",承办单位A,承办单位审核,264,6
19575,"2025-04-22","4001",承办单位A,承办单位处理,156,1
19576,"2025-04-22","4002",承办单位B,承办单位处理,164,18
19577,"2025-04-22","4003",承办复核部A,承办单位复核,297,27
19578,"2025-04-22","5001",结案一部,办结,186,36
19579,"2025-04-22","5002",结案二部,办结,276,47
19580,"2025-04-22","6001",客户回访一组,回访,205,3
19581,"2025-04-22","6002",客户回访二组,回访,71,1
19582,"2025-04-22","6003",客户回访三组,回访,81,0
19583,"2025-04-22","7001",档案管理部,归档,298,14
19584,"2025-04-22","8001",异常工单组,挂起,146,5
19585,"2025-04-23","1001",客服一部,话务员暂存,192,0
19586,"2025-04-23","1001",客服一部,话务员受理,250,44
19587,"2025-04-23","1002",客服二部,话务员受理,216,38
19588,"2025-04-23","2001",业务一科,话务员办理,179,17
19589,"2025-04-23","2002",业务二科,话务员办理,70,11
19590,"2025-04-23","3001",热线审核中心,热线审核,139,27
19591,"2025-04-23","3002",热线复核中心,热线复核,298,32
19592,"2025-04-23","4001",承办单位A,承办单位审核,90,11
19593,"2025-04-23","4001",承办单位A,承办单位处理,149,29
19594,"2025-04-23","4002",承办单位B,承办单位处理,163,23
19595,"2025-04-23","4003",承办复核部A,承办单位复核,269,14
19596,"2025-04-23","5001",结案一部,办结,284,18
19597,"2025-04-23","5002",结案二部,办结,267,10
19598,"2025-04-23","6001",客户回访一组,回访,299,23
19599,"2025-04-23","6002",客户回访二组,回访,133,10
19600,"2025-04-23","6003",客户回访三组,回访,100,6
19601,"2025-04-23","7001",档案管理部,归档,244,46
19602,"2025-04-23","8001",异常工单组,挂起,166,2
19603,"2025-04-24","1001",客服一部,话务员暂存,114,0
19604,"2025-04-24","1001",客服一部,话务员受理,287,31
19605,"2025-04-24","1002",客服二部,话务员受理,94,16
19606,"2025-04-24","2001",业务一科,话务员办理,263,37
19607,"2025-04-24","2002",业务二科,话务员办理,171,11
19608,"2025-04-24","3001",热线审核中心,热线审核,288,42
19609,"2025-04-24","3002",热线复核中心,热线复核,76,14
19610,"2025-04-24","4001",承办单位A,承办单位审核,99,11
19611,"2025-04-24","4001",承办单位A,承办单位处理,120,2
19612,"2025-04-24","4002",承办单位B,承办单位处理,216,25
19613,"2025-04-24","4003",承办复核部A,承办单位复核,299,16
19614,"2025-04-24","5001",结案一部,办结,289,5
19615,"2025-04-24","5002",结案二部,办结,175,33
19616,"2025-04-24","6001",客户回访一组,回访,168,23
19617,"2025-04-24","6002",客户回访二组,回访,298,54
19618,"2025-04-24","6003",客户回访三组,回访,137,10
19619,"2025-04-24","7001",档案管理部,归档,90,8
19620,"2025-04-24","8001",异常工单组,挂起,133,16
19621,"2025-04-25","1001",客服一部,话务员暂存,292,0
19622,"2025-04-25","1001",客服一部,话务员受理,157,24
19623,"2025-04-25","1002",客服二部,话务员受理,80,6
19624,"2025-04-25","2001",业务一科,话务员办理,108,3
19625,"2025-04-25","2002",业务二科,话务员办理,284,46
19626,"2025-04-25","3001",热线审核中心,热线审核,190,6
19627,"2025-04-25","3002",热线复核中心,热线复核,101,5
19628,"2025-04-25","4001",承办单位A,承办单位审核,62,7
19629,"2025-04-25","4001",承办单位A,承办单位处理,160,17
19630,"2025-04-25","4002",承办单位B,承办单位处理,102,7
19631,"2025-04-25","4003",承办复核部A,承办单位复核,268,52
19632,"2025-04-25","5001",结案一部,办结,130,24
19633,"2025-04-25","5002",结案二部,办结,69,10
19634,"2025-04-25","6001",客户回访一组,回访,271,48
19635,"2025-04-25","6002",客户回访二组,回访,106,20
19636,"2025-04-25","6003",客户回访三组,回访,94,5
19637,"2025-04-25","7001",档案管理部,归档,124,22
19638,"2025-04-25","8001",异常工单组,挂起,107,8
19639,"2025-04-26","1001",客服一部,话务员暂存,99,0
19640,"2025-04-26","1001",客服一部,话务员受理,97,12
19641,"2025-04-26","1002",客服二部,话务员受理,234,34
19642,"2025-04-26","2001",业务一科,话务员办理,272,29
19643,"2025-04-26","2002",业务二科,话务员办理,230,44
19644,"2025-04-26","3001",热线审核中心,热线审核,234,35
19645,"2025-04-26","3002",热线复核中心,热线复核,280,24
19646,"2025-04-26","4001",承办单位A,承办单位审核,66,11
19647,"2025-04-26","4001",承办单位A,承办单位处理,246,0
19648,"2025-04-26","4002",承办单位B,承办单位处理,129,4
19649,"2025-04-26","4003",承办复核部A,承办单位复核,258,26
19650,"2025-04-26","5001",结案一部,办结,195,32
19651,"2025-04-26","5002",结案二部,办结,253,12
19652,"2025-04-26","6001",客户回访一组,回访,241,40
19653,"2025-04-26","6002",客户回访二组,回访,241,5
19654,"2025-04-26","6003",客户回访三组,回访,116,12
19655,"2025-04-26","7001",档案管理部,归档,290,36
19656,"2025-04-26","8001",异常工单组,挂起,116,8
19657,"2025-04-27","1001",客服一部,话务员暂存,182,0
19658,"2025-04-27","1001",客服一部,话务员受理,238,47
19659,"2025-04-27","1002",客服二部,话务员受理,60,11
19660,"2025-04-27","2001",业务一科,话务员办理,137,6
19661,"2025-04-27","2002",业务二科,话务员办理,290,49
19662,"2025-04-27","3001",热线审核中心,热线审核,219,37
19663,"2025-04-27","3002",热线复核中心,热线复核,160,21
19664,"2025-04-27","4001",承办单位A,承办单位审核,277,43
19665,"2025-04-27","4001",承办单位A,承办单位处理,65,6
19666,"2025-04-27","4002",承办单位B,承办单位处理,273,24
19667,"2025-04-27","4003",承办复核部A,承办单位复核,210,38
19668,"2025-04-27","5001",结案一部,办结,248,36
19669,"2025-04-27","5002",结案二部,办结,178,0
19670,"2025-04-27","6001",客户回访一组,回访,203,17
19671,"2025-04-27","6002",客户回访二组,回访,141,25
19672,"2025-04-27","6003",客户回访三组,回访,160,27
19673,"2025-04-27","7001",档案管理部,归档,227,17
19674,"2025-04-27","8001",异常工单组,挂起,142,9
19675,"2025-04-28","1001",客服一部,话务员暂存,101,0
19676,"2025-04-28","1001",客服一部,话务员受理,292,26
19677,"2025-04-28","1002",客服二部,话务员受理,201,5
19678,"2025-04-28","2001",业务一科,话务员办理,201,6
19679,"2025-04-28","2002",业务二科,话务员办理,208,39
19680,"2025-04-28","3001",热线审核中心,热线审核,86,1
19681,"2025-04-28","3002",热线复核中心,热线复核,198,17
19682,"2025-04-28","4001",承办单位A,承办单位审核,99,10
19683,"2025-04-28","4001",承办单位A,承办单位处理,95,18
19684,"2025-04-28","4002",承办单位B,承办单位处理,133,21
19685,"2025-04-28","4003",承办复核部A,承办单位复核,120,7
19686,"2025-04-28","5001",结案一部,办结,101,1
19687,"2025-04-28","5002",结案二部,办结,253,49
19688,"2025-04-28","6001",客户回访一组,回访,243,28
19689,"2025-04-28","6002",客户回访二组,回访,179,34
19690,"2025-04-28","6003",客户回访三组,回访,108,3
19691,"2025-04-28","7001",档案管理部,归档,164,4
19692,"2025-04-28","8001",异常工单组,挂起,161,3
19693,"2025-04-29","1001",客服一部,话务员暂存,216,0
19694,"2025-04-29","1001",客服一部,话务员受理,107,11
19695,"2025-04-29","1002",客服二部,话务员受理,75,12
19696,"2025-04-29","2001",业务一科,话务员办理,185,35
19697,"2025-04-29","2002",业务二科,话务员办理,168,0
19698,"2025-04-29","3001",热线审核中心,热线审核,108,4
19699,"2025-04-29","3002",热线复核中心,热线复核,52,3
19700,"2025-04-29","4001",承办单位A,承办单位审核,56,10
19701,"2025-04-29","4001",承办单位A,承办单位处理,193,26
19702,"2025-04-29","4002",承办单位B,承办单位处理,185,33
19703,"2025-04-29","4003",承办复核部A,承办单位复核,103,8
19704,"2025-04-29","5001",结案一部,办结,215,20
19705,"2025-04-29","5002",结案二部,办结,172,12
19706,"2025-04-29","6001",客户回访一组,回访,262,34
19707,"2025-04-29","6002",客户回访二组,回访,238,36
19708,"2025-04-29","6003",客户回访三组,回访,266,10
19709,"2025-04-29","7001",档案管理部,归档,146,14
19710,"2025-04-29","8001",异常工单组,挂起,132,18
19711,"2025-04-30","1001",客服一部,话务员暂存,150,0
19712,"2025-04-30","1001",客服一部,话务员受理,114,6
19713,"2025-04-30","1002",客服二部,话务员受理,217,43
19714,"2025-04-30","2001",业务一科,话务员办理,112,17
19715,"2025-04-30","2002",业务二科,话务员办理,77,7
19716,"2025-04-30","3001",热线审核中心,热线审核,190,16
19717,"2025-04-30","3002",热线复核中心,热线复核,154,24
19718,"2025-04-30","4001",承办单位A,承办单位审核,183,17
19719,"2025-04-30","4001",承办单位A,承办单位处理,200,31
19720,"2025-04-30","4002",承办单位B,承办单位处理,273,2
19721,"2025-04-30","4003",承办复核部A,承办单位复核,127,7
19722,"2025-04-30","5001",结案一部,办结,164,7
19723,"2025-04-30","5002",结案二部,办结,165,2
19724,"2025-04-30","6001",客户回访一组,回访,219,2
19725,"2025-04-30","6002",客户回访二组,回访,87,4
19726,"2025-04-30","6003",客户回访三组,回访,189,0
19727,"2025-04-30","7001",档案管理部,归档,176,11
19728,"2025-04-30","8001",异常工单组,挂起,128,8
19729,"2025-05-01","1001",客服一部,话务员暂存,285,0
19730,"2025-05-01","1001",客服一部,话务员受理,214,3
19731,"2025-05-01","1002",客服二部,话务员受理,179,25
19732,"2025-05-01","2001",业务一科,话务员办理,243,15
19733,"2025-05-01","2002",业务二科,话务员办理,292,34
19734,"2025-05-01","3001",热线审核中心,热线审核,297,56
19735,"2025-05-01","3002",热线复核中心,热线复核,297,46
19736,"2025-05-01","4001",承办单位A,承办单位审核,163,1
19737,"2025-05-01","4001",承办单位A,承办单位处理,289,0
19738,"2025-05-01","4002",承办单位B,承办单位处理,113,4
19739,"2025-05-01","4003",承办复核部A,承办单位复核,212,40
19740,"2025-05-01","5001",结案一部,办结,67,9
19741,"2025-05-01","5002",结案二部,办结,66,0
19742,"2025-05-01","6001",客户回访一组,回访,140,18
19743,"2025-05-01","6002",客户回访二组,回访,278,32
19744,"2025-05-01","6003",客户回访三组,回访,91,9
19745,"2025-05-01","7001",档案管理部,归档,210,18
19746,"2025-05-01","8001",异常工单组,挂起,79,15
19747,"2025-05-02","1001",客服一部,话务员暂存,244,0
19748,"2025-05-02","1001",客服一部,话务员受理,136,6
19749,"2025-05-02","1002",客服二部,话务员受理,101,2
19750,"2025-05-02","2001",业务一科,话务员办理,270,22
19751,"2025-05-02","2002",业务二科,话务员办理,200,25
19752,"2025-05-02","3001",热线审核中心,热线审核,226,16
19753,"2025-05-02","3002",热线复核中心,热线复核,70,11
19754,"2025-05-02","4001",承办单位A,承办单位审核,277,30
19755,"2025-05-02","4001",承办单位A,承办单位处理,202,13
19756,"2025-05-02","4002",承办单位B,承办单位处理,120,24
19757,"2025-05-02","4003",承办复核部A,承办单位复核,55,11
19758,"2025-05-02","5001",结案一部,办结,80,3
19759,"2025-05-02","5002",结案二部,办结,194,1
19760,"2025-05-02","6001",客户回访一组,回访,111,14
19761,"2025-05-02","6002",客户回访二组,回访,204,8
19762,"2025-05-02","6003",客户回访三组,回访,255,46
19763,"2025-05-02","7001",档案管理部,归档,242,18
19764,"2025-05-02","8001",异常工单组,挂起,234,46
19765,"2025-05-03","1001",客服一部,话务员暂存,79,0
19766,"2025-05-03","1001",客服一部,话务员受理,160,23
19767,"2025-05-03","1002",客服二部,话务员受理,248,45
19768,"2025-05-03","2001",业务一科,话务员办理,151,28
19769,"2025-05-03","2002",业务二科,话务员办理,252,35
19770,"2025-05-03","3001",热线审核中心,热线审核,62,10
19771,"2025-05-03","3002",热线复核中心,热线复核,55,1
19772,"2025-05-03","4001",承办单位A,承办单位审核,114,14
19773,"2025-05-03","4001",承办单位A,承办单位处理,284,41
19774,"2025-05-03","4002",承办单位B,承办单位处理,98,1
19775,"2025-05-03","4003",承办复核部A,承办单位复核,240,26
19776,"2025-05-03","5001",结案一部,办结,240,34
19777,"2025-05-03","5002",结案二部,办结,103,0
19778,"2025-05-03","6001",客户回访一组,回访,175,28
19779,"2025-05-03","6002",客户回访二组,回访,176,25
19780,"2025-05-03","6003",客户回访三组,回访,190,6
19781,"2025-05-03","7001",档案管理部,归档,85,10
19782,"2025-05-03","8001",异常工单组,挂起,103,16
19783,"2025-05-04","1001",客服一部,话务员暂存,221,0
19784,"2025-05-04","1001",客服一部,话务员受理,261,36
19785,"2025-05-04","1002",客服二部,话务员受理,60,2
19786,"2025-05-04","2001",业务一科,话务员办理,158,14
19787,"2025-05-04","2002",业务二科,话务员办理,196,9
19788,"2025-05-04","3001",热线审核中心,热线审核,84,2
19789,"2025-05-04","3002",热线复核中心,热线复核,93,16
19790,"2025-05-04","4001",承办单位A,承办单位审核,284,3
19791,"2025-05-04","4001",承办单位A,承办单位处理,297,10
19792,"2025-05-04","4002",承办单位B,承办单位处理,98,3
19793,"2025-05-04","4003",承办复核部A,承办单位复核,131,21
19794,"2025-05-04","5001",结案一部,办结,186,13
19795,"2025-05-04","5002",结案二部,办结,110,17
19796,"2025-05-04","6001",客户回访一组,回访,174,27
19797,"2025-05-04","6002",客户回访二组,回访,163,22
19798,"2025-05-04","6003",客户回访三组,回访,121,7
19799,"2025-05-04","7001",档案管理部,归档,226,19
19800,"2025-05-04","8001",异常工单组,挂起,206,34
19801,"2025-05-05","1001",客服一部,话务员暂存,191,0
19802,"2025-05-05","1001",客服一部,话务员受理,252,31
19803,"2025-05-05","1002",客服二部,话务员受理,83,8
19804,"2025-05-05","2001",业务一科,话务员办理,197,31
19805,"2025-05-05","2002",业务二科,话务员办理,265,41
19806,"2025-05-05","3001",热线审核中心,热线审核,112,20
19807,"2025-05-05","3002",热线复核中心,热线复核,158,0
19808,"2025-05-05","4001",承办单位A,承办单位审核,208,4
19809,"2025-05-05","4001",承办单位A,承办单位处理,144,0
19810,"2025-05-05","4002",承办单位B,承办单位处理,234,11
19811,"2025-05-05","4003",承办复核部A,承办单位复核,221,42
19812,"2025-05-05","5001",结案一部,办结,272,31
19813,"2025-05-05","5002",结案二部,办结,212,21
19814,"2025-05-05","6001",客户回访一组,回访,284,5
19815,"2025-05-05","6002",客户回访二组,回访,238,43
19816,"2025-05-05","6003",客户回访三组,回访,66,0
19817,"2025-05-05","7001",档案管理部,归档,278,12
19818,"2025-05-05","8001",异常工单组,挂起,200,39
19819,"2025-05-06","1001",客服一部,话务员暂存,209,0
19820,"2025-05-06","1001",客服一部,话务员受理,164,9
19821,"2025-05-06","1002",客服二部,话务员受理,211,19
19822,"2025-05-06","2001",业务一科,话务员办理,204,32
19823,"2025-05-06","2002",业务二科,话务员办理,213,40
19824,"2025-05-06","3001",热线审核中心,热线审核,75,5
19825,"2025-05-06","3002",热线复核中心,热线复核,93,0
19826,"2025-05-06","4001",承办单位A,承办单位审核,299,8
19827,"2025-05-06","4001",承办单位A,承办单位处理,155,0
19828,"2025-05-06","4002",承办单位B,承办单位处理,222,28
19829,"2025-05-06","4003",承办复核部A,承办单位复核,110,8
19830,"2025-05-06","5001",结案一部,办结,203,24
19831,"2025-05-06","5002",结案二部,办结,274,40
19832,"2025-05-06","6001",客户回访一组,回访,226,37
19833,"2025-05-06","6002",客户回访二组,回访,86,0
19834,"2025-05-06","6003",客户回访三组,回访,202,27
19835,"2025-05-06","7001",档案管理部,归档,162,31
19836,"2025-05-06","8001",异常工单组,挂起,91,16
19837,"2025-05-07","1001",客服一部,话务员暂存,280,0
19838,"2025-05-07","1001",客服一部,话务员受理,203,3
19839,"2025-05-07","1002",客服二部,话务员受理,210,20
19840,"2025-05-07","2001",业务一科,话务员办理,55,5
19841,"2025-05-07","2002",业务二科,话务员办理,130,26
19842,"2025-05-07","3001",热线审核中心,热线审核,174,28
19843,"2025-05-07","3002",热线复核中心,热线复核,106,16
19844,"2025-05-07","4001",承办单位A,承办单位审核,173,22
19845,"2025-05-07","4001",承办单位A,承办单位处理,196,15
19846,"2025-05-07","4002",承办单位B,承办单位处理,238,6
19847,"2025-05-07","4003",承办复核部A,承办单位复核,107,9
19848,"2025-05-07","5001",结案一部,办结,292,48
19849,"2025-05-07","5002",结案二部,办结,229,7
19850,"2025-05-07","6001",客户回访一组,回访,248,34
19851,"2025-05-07","6002",客户回访二组,回访,128,7
19852,"2025-05-07","6003",客户回访三组,回访,256,32
19853,"2025-05-07","7001",档案管理部,归档,257,15
19854,"2025-05-07","8001",异常工单组,挂起,149,18
19855,"2025-05-08","1001",客服一部,话务员暂存,162,0
19856,"2025-05-08","1001",客服一部,话务员受理,144,28
19857,"2025-05-08","1002",客服二部,话务员受理,211,23
19858,"2025-05-08","2001",业务一科,话务员办理,255,2
19859,"2025-05-08","2002",业务二科,话务员办理,266,32
19860,"2025-05-08","3001",热线审核中心,热线审核,56,6
19861,"2025-05-08","3002",热线复核中心,热线复核,129,0
19862,"2025-05-08","4001",承办单位A,承办单位审核,230,9
19863,"2025-05-08","4001",承办单位A,承办单位处理,178,17
19864,"2025-05-08","4002",承办单位B,承办单位处理,281,20
19865,"2025-05-08","4003",承办复核部A,承办单位复核,215,17
19866,"2025-05-08","5001",结案一部,办结,250,25
19867,"2025-05-08","5002",结案二部,办结,284,7
19868,"2025-05-08","6001",客户回访一组,回访,262,18
19869,"2025-05-08","6002",客户回访二组,回访,145,3
19870,"2025-05-08","6003",客户回访三组,回访,64,10
19871,"2025-05-08","7001",档案管理部,归档,161,23
19872,"2025-05-08","8001",异常工单组,挂起,155,25
19873,"2025-05-09","1001",客服一部,话务员暂存,147,0
19874,"2025-05-09","1001",客服一部,话务员受理,131,6
19875,"2025-05-09","1002",客服二部,话务员受理,277,25
19876,"2025-05-09","2001",业务一科,话务员办理,289,17
19877,"2025-05-09","2002",业务二科,话务员办理,98,19
19878,"2025-05-09","3001",热线审核中心,热线审核,139,18
19879,"2025-05-09","3002",热线复核中心,热线复核,106,17
19880,"2025-05-09","4001",承办单位A,承办单位审核,291,42
19881,"2025-05-09","4001",承办单位A,承办单位处理,53,2
19882,"2025-05-09","4002",承办单位B,承办单位处理,99,9
19883,"2025-05-09","4003",承办复核部A,承办单位复核,237,42
19884,"2025-05-09","5001",结案一部,办结,274,4
19885,"2025-05-09","5002",结案二部,办结,178,27
19886,"2025-05-09","6001",客户回访一组,回访,271,23
19887,"2025-05-09","6002",客户回访二组,回访,262,49
19888,"2025-05-09","6003",客户回访三组,回访,227,32
19889,"2025-05-09","7001",档案管理部,归档,154,10
19890,"2025-05-09","8001",异常工单组,挂起,147,5
19891,"2025-05-10","1001",客服一部,话务员暂存,255,0
19892,"2025-05-10","1001",客服一部,话务员受理,262,18
19893,"2025-05-10","1002",客服二部,话务员受理,112,12
19894,"2025-05-10","2001",业务一科,话务员办理,127,24
19895,"2025-05-10","2002",业务二科,话务员办理,75,9
19896,"2025-05-10","3001",热线审核中心,热线审核,159,3
19897,"2025-05-10","3002",热线复核中心,热线复核,193,9
19898,"2025-05-10","4001",承办单位A,承办单位审核,115,18
19899,"2025-05-10","4001",承办单位A,承办单位处理,93,0
19900,"2025-05-10","4002",承办单位B,承办单位处理,101,19
19901,"2025-05-10","4003",承办复核部A,承办单位复核,241,2
19902,"2025-05-10","5001",结案一部,办结,178,15
19903,"2025-05-10","5002",结案二部,办结,281,15
19904,"2025-05-10","6001",客户回访一组,回访,145,6
19905,"2025-05-10","6002",客户回访二组,回访,263,46
19906,"2025-05-10","6003",客户回访三组,回访,66,0
19907,"2025-05-10","7001",档案管理部,归档,286,21
19908,"2025-05-10","8001",异常工单组,挂起,253,5
19909,"2025-05-11","1001",客服一部,话务员暂存,264,0
19910,"2025-05-11","1001",客服一部,话务员受理,153,26
19911,"2025-05-11","1002",客服二部,话务员受理,89,15
19912,"2025-05-11","2001",业务一科,话务员办理,241,42
19913,"2025-05-11","2002",业务二科,话务员办理,258,37
19914,"2025-05-11","3001",热线审核中心,热线审核,250,3
19915,"2025-05-11","3002",热线复核中心,热线复核,180,32
19916,"2025-05-11","4001",承办单位A,承办单位审核,208,1
19917,"2025-05-11","4001",承办单位A,承办单位处理,179,14
19918,"2025-05-11","4002",承办单位B,承办单位处理,71,2
19919,"2025-05-11","4003",承办复核部A,承办单位复核,76,0
19920,"2025-05-11","5001",结案一部,办结,223,34
19921,"2025-05-11","5002",结案二部,办结,55,3
19922,"2025-05-11","6001",客户回访一组,回访,74,1
19923,"2025-05-11","6002",客户回访二组,回访,262,1
19924,"2025-05-11","6003",客户回访三组,回访,235,42
19925,"2025-05-11","7001",档案管理部,归档,94,18
19926,"2025-05-11","8001",异常工单组,挂起,278,25
19927,"2025-05-12","1001",客服一部,话务员暂存,112,0
19928,"2025-05-12","1001",客服一部,话务员受理,118,19
19929,"2025-05-12","1002",客服二部,话务员受理,260,9
19930,"2025-05-12","2001",业务一科,话务员办理,296,1
19931,"2025-05-12","2002",业务二科,话务员办理,181,31
19932,"2025-05-12","3001",热线审核中心,热线审核,132,11
19933,"2025-05-12","3002",热线复核中心,热线复核,211,12
19934,"2025-05-12","4001",承办单位A,承办单位审核,200,21
19935,"2025-05-12","4001",承办单位A,承办单位处理,55,10
19936,"2025-05-12","4002",承办单位B,承办单位处理,244,32
19937,"2025-05-12","4003",承办复核部A,承办单位复核,81,10
19938,"2025-05-12","5001",结案一部,办结,171,14
19939,"2025-05-12","5002",结案二部,办结,118,8
19940,"2025-05-12","6001",客户回访一组,回访,63,10
19941,"2025-05-12","6002",客户回访二组,回访,82,1
19942,"2025-05-12","6003",客户回访三组,回访,189,4
19943,"2025-05-12","7001",档案管理部,归档,90,5
19944,"2025-05-12","8001",异常工单组,挂起,197,8
19945,"2025-05-13","1001",客服一部,话务员暂存,242,0
19946,"2025-05-13","1001",客服一部,话务员受理,238,22
19947,"2025-05-13","1002",客服二部,话务员受理,279,3
19948,"2025-05-13","2001",业务一科,话务员办理,104,15
19949,"2025-05-13","2002",业务二科,话务员办理,164,23
19950,"2025-05-13","3001",热线审核中心,热线审核,136,9
19951,"2025-05-13","3002",热线复核中心,热线复核,98,19
19952,"2025-05-13","4001",承办单位A,承办单位审核,216,17
19953,"2025-05-13","4001",承办单位A,承办单位处理,114,15
19954,"2025-05-13","4002",承办单位B,承办单位处理,57,0
19955,"2025-05-13","4003",承办复核部A,承办单位复核,138,0
19956,"2025-05-13","5001",结案一部,办结,71,0
19957,"2025-05-13","5002",结案二部,办结,218,11
19958,"2025-05-13","6001",客户回访一组,回访,238,3
19959,"2025-05-13","6002",客户回访二组,回访,260,41
19960,"2025-05-13","6003",客户回访三组,回访,113,11
19961,"2025-05-13","7001",档案管理部,归档,124,3
19962,"2025-05-13","8001",异常工单组,挂起,170,8
19963,"2025-05-14","1001",客服一部,话务员暂存,224,0
19964,"2025-05-14","1001",客服一部,话务员受理,56,5
19965,"2025-05-14","1002",客服二部,话务员受理,128,17
19966,"2025-05-14","2001",业务一科,话务员办理,152,25
19967,"2025-05-14","2002",业务二科,话务员办理,142,7
19968,"2025-05-14","3001",热线审核中心,热线审核,137,7
19969,"2025-05-14","3002",热线复核中心,热线复核,145,26
19970,"2025-05-14","4001",承办单位A,承办单位审核,231,33
19971,"2025-05-14","4001",承办单位A,承办单位处理,213,1
19972,"2025-05-14","4002",承办单位B,承办单位处理,193,35
19973,"2025-05-14","4003",承办复核部A,承办单位复核,174,8
19974,"2025-05-14","5001",结案一部,办结,73,13
19975,"2025-05-14","5002",结案二部,办结,224,35
19976,"2025-05-14","6001",客户回访一组,回访,294,58
19977,"2025-05-14","6002",客户回访二组,回访,175,29
19978,"2025-05-14","6003",客户回访三组,回访,155,11
19979,"2025-05-14","7001",档案管理部,归档,58,9
19980,"2025-05-14","8001",异常工单组,挂起,71,11
19981,"2025-05-15","1001",客服一部,话务员暂存,294,0
19982,"2025-05-15","1001",客服一部,话务员受理,199,10
19983,"2025-05-15","1002",客服二部,话务员受理,234,33
19984,"2025-05-15","2001",业务一科,话务员办理,175,4
19985,"2025-05-15","2002",业务二科,话务员办理,54,5
19986,"2025-05-15","3001",热线审核中心,热线审核,103,18
19987,"2025-05-15","3002",热线复核中心,热线复核,114,7
19988,"2025-05-15","4001",承办单位A,承办单位审核,167,22
19989,"2025-05-15","4001",承办单位A,承办单位处理,144,1
19990,"2025-05-15","4002",承办单位B,承办单位处理,164,4
19991,"2025-05-15","4003",承办复核部A,承办单位复核,155,12
19992,"2025-05-15","5001",结案一部,办结,248,30
19993,"2025-05-15","5002",结案二部,办结,174,18
19994,"2025-05-15","6001",客户回访一组,回访,95,18
19995,"2025-05-15","6002",客户回访二组,回访,244,28
19996,"2025-05-15","6003",客户回访三组,回访,137,21
19997,"2025-05-15","7001",档案管理部,归档,149,18
19998,"2025-05-15","8001",异常工单组,挂起,156,4
19999,"2025-05-16","1001",客服一部,话务员暂存,132,0
20000,"2025-05-16","1001",客服一部,话务员受理,130,3
20001,"2025-05-16","1002",客服二部,话务员受理,107,12
20002,"2025-05-16","2001",业务一科,话务员办理,207,23
20003,"2025-05-16","2002",业务二科,话务员办理,122,0
20004,"2025-05-16","3001",热线审核中心,热线审核,91,17
20005,"2025-05-16","3002",热线复核中心,热线复核,128,19
20006,"2025-05-16","4001",承办单位A,承办单位审核,128,15
20007,"2025-05-16","4001",承办单位A,承办单位处理,52,10
20008,"2025-05-16","4002",承办单位B,承办单位处理,104,14
20009,"2025-05-16","4003",承办复核部A,承办单位复核,126,12
20010,"2025-05-16","5001",结案一部,办结,191,16
20011,"2025-05-16","5002",结案二部,办结,74,8
20012,"2025-05-16","6001",客户回访一组,回访,58,10
20013,"2025-05-16","6002",客户回访二组,回访,235,26
20014,"2025-05-16","6003",客户回访三组,回访,152,27
20015,"2025-05-16","7001",档案管理部,归档,114,7
20016,"2025-05-16","8001",异常工单组,挂起,76,3
20017,"2025-05-17","1001",客服一部,话务员暂存,155,0
20018,"2025-05-17","1001",客服一部,话务员受理,179,8
20019,"2025-05-17","1002",客服二部,话务员受理,287,16
20020,"2025-05-17","2001",业务一科,话务员办理,200,26
20021,"2025-05-17","2002",业务二科,话务员办理,142,5
20022,"2025-05-17","3001",热线审核中心,热线审核,80,7
20023,"2025-05-17","3002",热线复核中心,热线复核,286,47
20024,"2025-05-17","4001",承办单位A,承办单位审核,107,15
20025,"2025-05-17","4001",承办单位A,承办单位处理,134,0
20026,"2025-05-17","4002",承办单位B,承办单位处理,198,21
20027,"2025-05-17","4003",承办复核部A,承办单位复核,98,3
20028,"2025-05-17","5001",结案一部,办结,201,14
20029,"2025-05-17","5002",结案二部,办结,216,29
20030,"2025-05-17","6001",客户回访一组,回访,151,9
20031,"2025-05-17","6002",客户回访二组,回访,141,9
20032,"2025-05-17","6003",客户回访三组,回访,229,26
20033,"2025-05-17","7001",档案管理部,归档,163,32
20034,"2025-05-17","8001",异常工单组,挂起,233,37
20035,"2025-05-18","1001",客服一部,话务员暂存,171,0
20036,"2025-05-18","1001",客服一部,话务员受理,76,8
20037,"2025-05-18","1002",客服二部,话务员受理,297,16
20038,"2025-05-18","2001",业务一科,话务员办理,120,21
20039,"2025-05-18","2002",业务二科,话务员办理,165,10
20040,"2025-05-18","3001",热线审核中心,热线审核,153,6
20041,"2025-05-18","3002",热线复核中心,热线复核,147,13
20042,"2025-05-18","4001",承办单位A,承办单位审核,88,14
20043,"2025-05-18","4001",承办单位A,承办单位处理,266,38
20044,"2025-05-18","4002",承办单位B,承办单位处理,133,10
20045,"2025-05-18","4003",承办复核部A,承办单位复核,114,6
20046,"2025-05-18","5001",结案一部,办结,86,14
20047,"2025-05-18","5002",结案二部,办结,70,10
20048,"2025-05-18","6001",客户回访一组,回访,279,34
20049,"2025-05-18","6002",客户回访二组,回访,200,12
20050,"2025-05-18","6003",客户回访三组,回访,123,10
20051,"2025-05-18","7001",档案管理部,归档,245,25
20052,"2025-05-18","8001",异常工单组,挂起,242,48
20053,"2025-05-19","1001",客服一部,话务员暂存,258,0
20054,"2025-05-19","1001",客服一部,话务员受理,163,0
20055,"2025-05-19","1002",客服二部,话务员受理,208,20
20056,"2025-05-19","2001",业务一科,话务员办理,196,27
20057,"2025-05-19","2002",业务二科,话务员办理,127,22
20058,"2025-05-19","3001",热线审核中心,热线审核,224,25
20059,"2025-05-19","3002",热线复核中心,热线复核,249,8
20060,"2025-05-19","4001",承办单位A,承办单位审核,169,13
20061,"2025-05-19","4001",承办单位A,承办单位处理,260,7
20062,"2025-05-19","4002",承办单位B,承办单位处理,270,11
20063,"2025-05-19","4003",承办复核部A,承办单位复核,216,14
20064,"2025-05-19","5001",结案一部,办结,165,3
20065,"2025-05-19","5002",结案二部,办结,54,3
20066,"2025-05-19","6001",客户回访一组,回访,165,12
20067,"2025-05-19","6002",客户回访二组,回访,275,55
20068,"2025-05-19","6003",客户回访三组,回访,100,8
20069,"2025-05-19","7001",档案管理部,归档,299,40
20070,"2025-05-19","8001",异常工单组,挂起,281,51
20071,"2025-05-20","1001",客服一部,话务员暂存,59,0
20072,"2025-05-20","1001",客服一部,话务员受理,55,0
20073,"2025-05-20","1002",客服二部,话务员受理,78,4
20074,"2025-05-20","2001",业务一科,话务员办理,273,53
20075,"2025-05-20","2002",业务二科,话务员办理,226,3
20076,"2025-05-20","3001",热线审核中心,热线审核,168,25
20077,"2025-05-20","3002",热线复核中心,热线复核,179,5
20078,"2025-05-20","4001",承办单位A,承办单位审核,193,11
20079,"2025-05-20","4001",承办单位A,承办单位处理,268,12
20080,"2025-05-20","4002",承办单位B,承办单位处理,267,44
20081,"2025-05-20","4003",承办复核部A,承办单位复核,62,10
20082,"2025-05-20","5001",结案一部,办结,225,20
20083,"2025-05-20","5002",结案二部,办结,233,39
20084,"2025-05-20","6001",客户回访一组,回访,120,6
20085,"2025-05-20","6002",客户回访二组,回访,149,14
20086,"2025-05-20","6003",客户回访三组,回访,227,11
20087,"2025-05-20","7001",档案管理部,归档,126,3
20088,"2025-05-20","8001",异常工单组,挂起,88,15
20089,"2025-05-21","1001",客服一部,话务员暂存,132,0
20090,"2025-05-21","1001",客服一部,话务员受理,210,3
20091,"2025-05-21","1002",客服二部,话务员受理,257,38
20092,"2025-05-21","2001",业务一科,话务员办理,173,29
20093,"2025-05-21","2002",业务二科,话务员办理,246,26
20094,"2025-05-21","3001",热线审核中心,热线审核,212,33
20095,"2025-05-21","3002",热线复核中心,热线复核,78,0
20096,"2025-05-21","4001",承办单位A,承办单位审核,168,30
20097,"2025-05-21","4001",承办单位A,承办单位处理,275,26
20098,"2025-05-21","4002",承办单位B,承办单位处理,101,3
20099,"2025-05-21","4003",承办复核部A,承办单位复核,225,28
20100,"2025-05-21","5001",结案一部,办结,268,36
20101,"2025-05-21","5002",结案二部,办结,192,2
20102,"2025-05-21","6001",客户回访一组,回访,95,0
20103,"2025-05-21","6002",客户回访二组,回访,198,4
20104,"2025-05-21","6003",客户回访三组,回访,198,13
20105,"2025-05-21","7001",档案管理部,归档,254,2
20106,"2025-05-21","8001",异常工单组,挂起,55,7
20107,"2025-05-22","1001",客服一部,话务员暂存,171,0
20108,"2025-05-22","1001",客服一部,话务员受理,262,18
20109,"2025-05-22","1002",客服二部,话务员受理,175,13
20110,"2025-05-22","2001",业务一科,话务员办理,270,26
20111,"2025-05-22","2002",业务二科,话务员办理,77,8
20112,"2025-05-22","3001",热线审核中心,热线审核,139,25
20113,"2025-05-22","3002",热线复核中心,热线复核,63,0
20114,"2025-05-22","4001",承办单位A,承办单位审核,76,8
20115,"2025-05-22","4001",承办单位A,承办单位处理,206,17
20116,"2025-05-22","4002",承办单位B,承办单位处理,56,2
20117,"2025-05-22","4003",承办复核部A,承办单位复核,170,0
20118,"2025-05-22","5001",结案一部,办结,67,10
20119,"2025-05-22","5002",结案二部,办结,192,36
20120,"2025-05-22","6001",客户回访一组,回访,147,20
20121,"2025-05-22","6002",客户回访二组,回访,222,16
20122,"2025-05-22","6003",客户回访三组,回访,167,10
20123,"2025-05-22","7001",档案管理部,归档,300,20
20124,"2025-05-22","8001",异常工单组,挂起,276,11
20125,"2025-05-23","1001",客服一部,话务员暂存,133,0
20126,"2025-05-23","1001",客服一部,话务员受理,136,25
20127,"2025-05-23","1002",客服二部,话务员受理,75,6
20128,"2025-05-23","2001",业务一科,话务员办理,148,15
20129,"2025-05-23","2002",业务二科,话务员办理,219,12
20130,"2025-05-23","3001",热线审核中心,热线审核,98,16
20131,"2025-05-23","3002",热线复核中心,热线复核,84,14
20132,"2025-05-23","4001",承办单位A,承办单位审核,289,6
20133,"2025-05-23","4001",承办单位A,承办单位处理,259,8
20134,"2025-05-23","4002",承办单位B,承办单位处理,281,41
20135,"2025-05-23","4003",承办复核部A,承办单位复核,269,30
20136,"2025-05-23","5001",结案一部,办结,227,5
20137,"2025-05-23","5002",结案二部,办结,235,6
20138,"2025-05-23","6001",客户回访一组,回访,279,18
20139,"2025-05-23","6002",客户回访二组,回访,214,32
20140,"2025-05-23","6003",客户回访三组,回访,159,7
20141,"2025-05-23","7001",档案管理部,归档,156,0
20142,"2025-05-23","8001",异常工单组,挂起,85,3
20143,"2025-05-24","1001",客服一部,话务员暂存,128,0
20144,"2025-05-24","1001",客服一部,话务员受理,255,15
20145,"2025-05-24","1002",客服二部,话务员受理,251,20
20146,"2025-05-24","2001",业务一科,话务员办理,134,14
20147,"2025-05-24","2002",业务二科,话务员办理,282,35
20148,"2025-05-24","3001",热线审核中心,热线审核,156,21
20149,"2025-05-24","3002",热线复核中心,热线复核,157,31
20150,"2025-05-24","4001",承办单位A,承办单位审核,86,8
20151,"2025-05-24","4001",承办单位A,承办单位处理,217,4
20152,"2025-05-24","4002",承办单位B,承办单位处理,76,4
20153,"2025-05-24","4003",承办复核部A,承办单位复核,200,12
20154,"2025-05-24","5001",结案一部,办结,278,29
20155,"2025-05-24","5002",结案二部,办结,146,1
20156,"2025-05-24","6001",客户回访一组,回访,213,27
20157,"2025-05-24","6002",客户回访二组,回访,236,47
20158,"2025-05-24","6003",客户回访三组,回访,112,12
20159,"2025-05-24","7001",档案管理部,归档,204,1
20160,"2025-05-24","8001",异常工单组,挂起,171,1
20161,"2025-05-25","1001",客服一部,话务员暂存,118,0
20162,"2025-05-25","1001",客服一部,话务员受理,298,39
20163,"2025-05-25","1002",客服二部,话务员受理,144,23
20164,"2025-05-25","2001",业务一科,话务员办理,64,8
20165,"2025-05-25","2002",业务二科,话务员办理,193,17
20166,"2025-05-25","3001",热线审核中心,热线审核,63,9
20167,"2025-05-25","3002",热线复核中心,热线复核,173,10
20168,"2025-05-25","4001",承办单位A,承办单位审核,225,27
20169,"2025-05-25","4001",承办单位A,承办单位处理,142,2
20170,"2025-05-25","4002",承办单位B,承办单位处理,205,6
20171,"2025-05-25","4003",承办复核部A,承办单位复核,287,53
20172,"2025-05-25","5001",结案一部,办结,101,18
20173,"2025-05-25","5002",结案二部,办结,230,19
20174,"2025-05-25","6001",客户回访一组,回访,230,21
20175,"2025-05-25","6002",客户回访二组,回访,127,18
20176,"2025-05-25","6003",客户回访三组,回访,293,47
20177,"2025-05-25","7001",档案管理部,归档,287,21
20178,"2025-05-25","8001",异常工单组,挂起,70,10
20179,"2025-05-26","1001",客服一部,话务员暂存,253,0
20180,"2025-05-26","1001",客服一部,话务员受理,263,2
20181,"2025-05-26","1002",客服二部,话务员受理,283,24
20182,"2025-05-26","2001",业务一科,话务员办理,78,14
20183,"2025-05-26","2002",业务二科,话务员办理,227,18
20184,"2025-05-26","3001",热线审核中心,热线审核,163,1
20185,"2025-05-26","3002",热线复核中心,热线复核,107,5
20186,"2025-05-26","4001",承办单位A,承办单位审核,247,13
20187,"2025-05-26","4001",承办单位A,承办单位处理,193,2
20188,"2025-05-26","4002",承办单位B,承办单位处理,153,21
20189,"2025-05-26","4003",承办复核部A,承办单位复核,55,11
20190,"2025-05-26","5001",结案一部,办结,122,14
20191,"2025-05-26","5002",结案二部,办结,157,4
20192,"2025-05-26","6001",客户回访一组,回访,252,10
20193,"2025-05-26","6002",客户回访二组,回访,233,32
20194,"2025-05-26","6003",客户回访三组,回访,122,4
20195,"2025-05-26","7001",档案管理部,归档,112,7
20196,"2025-05-26","8001",异常工单组,挂起,271,6
20197,"2025-05-27","1001",客服一部,话务员暂存,151,0
20198,"2025-05-27","1001",客服一部,话务员受理,129,15
20199,"2025-05-27","1002",客服二部,话务员受理,267,32
20200,"2025-05-27","2001",业务一科,话务员办理,176,26
20201,"2025-05-27","2002",业务二科,话务员办理,160,30
20202,"2025-05-27","3001",热线审核中心,热线审核,248,27
20203,"2025-05-27","3002",热线复核中心,热线复核,253,41
20204,"2025-05-27","4001",承办单位A,承办单位审核,187,16
20205,"2025-05-27","4001",承办单位A,承办单位处理,93,2
20206,"2025-05-27","4002",承办单位B,承办单位处理,78,9
20207,"2025-05-27","4003",承办复核部A,承办单位复核,153,7
20208,"2025-05-27","5001",结案一部,办结,247,43
20209,"2025-05-27","5002",结案二部,办结,207,39
20210,"2025-05-27","6001",客户回访一组,回访,236,22
20211,"2025-05-27","6002",客户回访二组,回访,294,34
20212,"2025-05-27","6003",客户回访三组,回访,135,9
20213,"2025-05-27","7001",档案管理部,归档,134,14
20214,"2025-05-27","8001",异常工单组,挂起,140,9
20215,"2025-05-28","1001",客服一部,话务员暂存,113,0
20216,"2025-05-28","1001",客服一部,话务员受理,150,8
20217,"2025-05-28","1002",客服二部,话务员受理,55,4
20218,"2025-05-28","2001",业务一科,话务员办理,86,0
20219,"2025-05-28","2002",业务二科,话务员办理,52,3
20220,"2025-05-28","3001",热线审核中心,热线审核,295,26
20221,"2025-05-28","3002",热线复核中心,热线复核,287,30
20222,"2025-05-28","4001",承办单位A,承办单位审核,140,11
20223,"2025-05-28","4001",承办单位A,承办单位处理,116,0
20224,"2025-05-28","4002",承办单位B,承办单位处理,99,2
20225,"2025-05-28","4003",承办复核部A,承办单位复核,167,30
20226,"2025-05-28","5001",结案一部,办结,248,20
20227,"2025-05-28","5002",结案二部,办结,59,9
20228,"2025-05-28","6001",客户回访一组,回访,110,14
20229,"2025-05-28","6002",客户回访二组,回访,163,13
20230,"2025-05-28","6003",客户回访三组,回访,241,36
20231,"2025-05-28","7001",档案管理部,归档,195,8
20232,"2025-05-28","8001",异常工单组,挂起,211,28
20233,"2025-05-29","1001",客服一部,话务员暂存,196,0
20234,"2025-05-29","1001",客服一部,话务员受理,277,43
20235,"2025-05-29","1002",客服二部,话务员受理,105,3
20236,"2025-05-29","2001",业务一科,话务员办理,214,40
20237,"2025-05-29","2002",业务二科,话务员办理,269,33
20238,"2025-05-29","3001",热线审核中心,热线审核,84,4
20239,"2025-05-29","3002",热线复核中心,热线复核,69,13
20240,"2025-05-29","4001",承办单位A,承办单位审核,284,23
20241,"2025-05-29","4001",承办单位A,承办单位处理,289,7
20242,"2025-05-29","4002",承办单位B,承办单位处理,52,1
20243,"2025-05-29","4003",承办复核部A,承办单位复核,67,8
20244,"2025-05-29","5001",结案一部,办结,175,0
20245,"2025-05-29","5002",结案二部,办结,204,17
20246,"2025-05-29","6001",客户回访一组,回访,52,7
20247,"2025-05-29","6002",客户回访二组,回访,263,36
20248,"2025-05-29","6003",客户回访三组,回访,167,7
20249,"2025-05-29","7001",档案管理部,归档,167,17
20250,"2025-05-29","8001",异常工单组,挂起,164,5
20251,"2025-05-30","1001",客服一部,话务员暂存,91,0
20252,"2025-05-30","1001",客服一部,话务员受理,217,21
20253,"2025-05-30","1002",客服二部,话务员受理,159,27
20254,"2025-05-30","2001",业务一科,话务员办理,294,17
20255,"2025-05-30","2002",业务二科,话务员办理,246,43
20256,"2025-05-30","3001",热线审核中心,热线审核,262,23
20257,"2025-05-30","3002",热线复核中心,热线复核,145,24
20258,"2025-05-30","4001",承办单位A,承办单位审核,125,5
20259,"2025-05-30","4001",承办单位A,承办单位处理,197,14
20260,"2025-05-30","4002",承办单位B,承办单位处理,237,0
20261,"2025-05-30","4003",承办复核部A,承办单位复核,179,17
20262,"2025-05-30","5001",结案一部,办结,286,41
20263,"2025-05-30","5002",结案二部,办结,116,0
20264,"2025-05-30","6001",客户回访一组,回访,69,13
20265,"2025-05-30","6002",客户回访二组,回访,102,10
20266,"2025-05-30","6003",客户回访三组,回访,261,14
20267,"2025-05-30","7001",档案管理部,归档,120,20
20268,"2025-05-30","8001",异常工单组,挂起,212,12
20269,"2025-05-31","1001",客服一部,话务员暂存,194,0
20270,"2025-05-31","1001",客服一部,话务员受理,124,11
20271,"2025-05-31","1002",客服二部,话务员受理,246,11
20272,"2025-05-31","2001",业务一科,话务员办理,118,21
20273,"2025-05-31","2002",业务二科,话务员办理,159,25
20274,"2025-05-31","3001",热线审核中心,热线审核,136,22
20275,"2025-05-31","3002",热线复核中心,热线复核,164,22
20276,"2025-05-31","4001",承办单位A,承办单位审核,228,9
20277,"2025-05-31","4001",承办单位A,承办单位处理,182,25
20278,"2025-05-31","4002",承办单位B,承办单位处理,95,11
20279,"2025-05-31","4003",承办复核部A,承办单位复核,146,25
20280,"2025-05-31","5001",结案一部,办结,113,16
20281,"2025-05-31","5002",结案二部,办结,142,15
20282,"2025-05-31","6001",客户回访一组,回访,189,11
20283,"2025-05-31","6002",客户回访二组,回访,209,12
20284,"2025-05-31","6003",客户回访三组,回访,133,19
20285,"2025-05-31","7001",档案管理部,归档,228,8
20286,"2025-05-31","8001",异常工单组,挂起,294,12
20287,"2025-06-01","1001",客服一部,话务员暂存,87,0
20288,"2025-06-01","1001",客服一部,话务员受理,108,4
20289,"2025-06-01","1002",客服二部,话务员受理,82,2
20290,"2025-06-01","2001",业务一科,话务员办理,232,36
20291,"2025-06-01","2002",业务二科,话务员办理,278,3
20292,"2025-06-01","3001",热线审核中心,热线审核,244,19
20293,"2025-06-01","3002",热线复核中心,热线复核,266,21
20294,"2025-06-01","4001",承办单位A,承办单位审核,50,0
20295,"2025-06-01","4001",承办单位A,承办单位处理,230,22
20296,"2025-06-01","4002",承办单位B,承办单位处理,119,0
20297,"2025-06-01","4003",承办复核部A,承办单位复核,188,4
20298,"2025-06-01","5001",结案一部,办结,180,16
20299,"2025-06-01","5002",结案二部,办结,126,15
20300,"2025-06-01","6001",客户回访一组,回访,300,40
20301,"2025-06-01","6002",客户回访二组,回访,231,24
20302,"2025-06-01","6003",客户回访三组,回访,79,12
20303,"2025-06-01","7001",档案管理部,归档,255,50
20304,"2025-06-01","8001",异常工单组,挂起,152,4
20305,"2025-06-02","1001",客服一部,话务员暂存,243,0
20306,"2025-06-02","1001",客服一部,话务员受理,196,19
20307,"2025-06-02","1002",客服二部,话务员受理,85,5
20308,"2025-06-02","2001",业务一科,话务员办理,256,32
20309,"2025-06-02","2002",业务二科,话务员办理,54,10
20310,"2025-06-02","3001",热线审核中心,热线审核,252,35
20311,"2025-06-02","3002",热线复核中心,热线复核,229,36
20312,"2025-06-02","4001",承办单位A,承办单位审核,130,1
20313,"2025-06-02","4001",承办单位A,承办单位处理,212,1
20314,"2025-06-02","4002",承办单位B,承办单位处理,230,39
20315,"2025-06-02","4003",承办复核部A,承办单位复核,132,14
20316,"2025-06-02","5001",结案一部,办结,66,7
20317,"2025-06-02","5002",结案二部,办结,92,0
20318,"2025-06-02","6001",客户回访一组,回访,212,12
20319,"2025-06-02","6002",客户回访二组,回访,120,18
20320,"2025-06-02","6003",客户回访三组,回访,234,29
20321,"2025-06-02","7001",档案管理部,归档,120,5
20322,"2025-06-02","8001",异常工单组,挂起,70,3
20323,"2025-06-03","1001",客服一部,话务员暂存,229,0
20324,"2025-06-03","1001",客服一部,话务员受理,277,6
20325,"2025-06-03","1002",客服二部,话务员受理,174,5
20326,"2025-06-03","2001",业务一科,话务员办理,149,6
20327,"2025-06-03","2002",业务二科,话务员办理,91,5
20328,"2025-06-03","3001",热线审核中心,热线审核,289,31
20329,"2025-06-03","3002",热线复核中心,热线复核,138,20
20330,"2025-06-03","4001",承办单位A,承办单位审核,69,11
20331,"2025-06-03","4001",承办单位A,承办单位处理,293,23
20332,"2025-06-03","4002",承办单位B,承办单位处理,119,6
20333,"2025-06-03","4003",承办复核部A,承办单位复核,94,12
20334,"2025-06-03","5001",结案一部,办结,67,9
20335,"2025-06-03","5002",结案二部,办结,222,9
20336,"2025-06-03","6001",客户回访一组,回访,162,27
20337,"2025-06-03","6002",客户回访二组,回访,96,0
20338,"2025-06-03","6003",客户回访三组,回访,124,0
20339,"2025-06-03","7001",档案管理部,归档,288,56
20340,"2025-06-03","8001",异常工单组,挂起,149,11
20341,"2025-06-04","1001",客服一部,话务员暂存,72,0
20342,"2025-06-04","1001",客服一部,话务员受理,209,7
20343,"2025-06-04","1002",客服二部,话务员受理,261,37
20344,"2025-06-04","2001",业务一科,话务员办理,177,24
20345,"2025-06-04","2002",业务二科,话务员办理,92,17
20346,"2025-06-04","3001",热线审核中心,热线审核,290,49
20347,"2025-06-04","3002",热线复核中心,热线复核,206,24
20348,"2025-06-04","4001",承办单位A,承办单位审核,72,6
20349,"2025-06-04","4001",承办单位A,承办单位处理,221,30
20350,"2025-06-04","4002",承办单位B,承办单位处理,113,20
20351,"2025-06-04","4003",承办复核部A,承办单位复核,108,19
20352,"2025-06-04","5001",结案一部,办结,265,46
20353,"2025-06-04","5002",结案二部,办结,246,2
20354,"2025-06-04","6001",客户回访一组,回访,140,17
20355,"2025-06-04","6002",客户回访二组,回访,298,44
20356,"2025-06-04","6003",客户回访三组,回访,84,13
20357,"2025-06-04","7001",档案管理部,归档,255,48
20358,"2025-06-04","8001",异常工单组,挂起,125,2
20359,"2025-06-05","1001",客服一部,话务员暂存,258,0
20360,"2025-06-05","1001",客服一部,话务员受理,241,35
20361,"2025-06-05","1002",客服二部,话务员受理,243,43
20362,"2025-06-05","2001",业务一科,话务员办理,284,41
20363,"2025-06-05","2002",业务二科,话务员办理,137,8
20364,"2025-06-05","3001",热线审核中心,热线审核,143,14
20365,"2025-06-05","3002",热线复核中心,热线复核,194,15
20366,"2025-06-05","4001",承办单位A,承办单位审核,134,2
20367,"2025-06-05","4001",承办单位A,承办单位处理,265,3
20368,"2025-06-05","4002",承办单位B,承办单位处理,111,20
20369,"2025-06-05","4003",承办复核部A,承办单位复核,186,37
20370,"2025-06-05","5001",结案一部,办结,282,36
20371,"2025-06-05","5002",结案二部,办结,121,15
20372,"2025-06-05","6001",客户回访一组,回访,134,8
20373,"2025-06-05","6002",客户回访二组,回访,294,51
20374,"2025-06-05","6003",客户回访三组,回访,95,6
20375,"2025-06-05","7001",档案管理部,归档,233,35
20376,"2025-06-05","8001",异常工单组,挂起,207,36
20377,"2025-06-06","1001",客服一部,话务员暂存,100,0
20378,"2025-06-06","1001",客服一部,话务员受理,90,14
20379,"2025-06-06","1002",客服二部,话务员受理,205,26
20380,"2025-06-06","2001",业务一科,话务员办理,269,34
20381,"2025-06-06","2002",业务二科,话务员办理,78,15
20382,"2025-06-06","3001",热线审核中心,热线审核,210,16
20383,"2025-06-06","3002",热线复核中心,热线复核,199,25
20384,"2025-06-06","4001",承办单位A,承办单位审核,183,33
20385,"2025-06-06","4001",承办单位A,承办单位处理,115,12
20386,"2025-06-06","4002",承办单位B,承办单位处理,103,5
20387,"2025-06-06","4003",承办复核部A,承办单位复核,71,1
20388,"2025-06-06","5001",结案一部,办结,79,2
20389,"2025-06-06","5002",结案二部,办结,241,18
20390,"2025-06-06","6001",客户回访一组,回访,197,6
20391,"2025-06-06","6002",客户回访二组,回访,220,11
20392,"2025-06-06","6003",客户回访三组,回访,205,41
20393,"2025-06-06","7001",档案管理部,归档,188,5
20394,"2025-06-06","8001",异常工单组,挂起,95,10
20395,"2025-06-07","1001",客服一部,话务员暂存,117,0
20396,"2025-06-07","1001",客服一部,话务员受理,130,17
20397,"2025-06-07","1002",客服二部,话务员受理,83,2
20398,"2025-06-07","2001",业务一科,话务员办理,137,23
20399,"2025-06-07","2002",业务二科,话务员办理,204,24
20400,"2025-06-07","3001",热线审核中心,热线审核,57,11
20401,"2025-06-07","3002",热线复核中心,热线复核,94,0
20402,"2025-06-07","4001",承办单位A,承办单位审核,290,14
20403,"2025-06-07","4001",承办单位A,承办单位处理,104,7
20404,"2025-06-07","4002",承办单位B,承办单位处理,80,4
20405,"2025-06-07","4003",承办复核部A,承办单位复核,180,23
20406,"2025-06-07","5001",结案一部,办结,214,18
20407,"2025-06-07","5002",结案二部,办结,116,13
20408,"2025-06-07","6001",客户回访一组,回访,92,2
20409,"2025-06-07","6002",客户回访二组,回访,269,37
20410,"2025-06-07","6003",客户回访三组,回访,239,44
20411,"2025-06-07","7001",档案管理部,归档,193,37
20412,"2025-06-07","8001",异常工单组,挂起,133,21
20413,"2025-06-08","1001",客服一部,话务员暂存,155,0
20414,"2025-06-08","1001",客服一部,话务员受理,278,10
20415,"2025-06-08","1002",客服二部,话务员受理,186,15
20416,"2025-06-08","2001",业务一科,话务员办理,178,2
20417,"2025-06-08","2002",业务二科,话务员办理,284,45
20418,"2025-06-08","3001",热线审核中心,热线审核,226,20
20419,"2025-06-08","3002",热线复核中心,热线复核,202,11
20420,"2025-06-08","4001",承办单位A,承办单位审核,249,32
20421,"2025-06-08","4001",承办单位A,承办单位处理,123,17
20422,"2025-06-08","4002",承办单位B,承办单位处理,108,6
20423,"2025-06-08","4003",承办复核部A,承办单位复核,158,9
20424,"2025-06-08","5001",结案一部,办结,267,16
20425,"2025-06-08","5002",结案二部,办结,283,22
20426,"2025-06-08","6001",客户回访一组,回访,201,28
20427,"2025-06-08","6002",客户回访二组,回访,269,10
20428,"2025-06-08","6003",客户回访三组,回访,111,2
20429,"2025-06-08","7001",档案管理部,归档,131,19
20430,"2025-06-08","8001",异常工单组,挂起,221,0
20431,"2025-06-09","1001",客服一部,话务员暂存,125,0
20432,"2025-06-09","1001",客服一部,话务员受理,283,30
20433,"2025-06-09","1002",客服二部,话务员受理,97,17
20434,"2025-06-09","2001",业务一科,话务员办理,50,0
20435,"2025-06-09","2002",业务二科,话务员办理,160,17
20436,"2025-06-09","3001",热线审核中心,热线审核,233,7
20437,"2025-06-09","3002",热线复核中心,热线复核,121,22
20438,"2025-06-09","4001",承办单位A,承办单位审核,58,1
20439,"2025-06-09","4001",承办单位A,承办单位处理,118,0
20440,"2025-06-09","4002",承办单位B,承办单位处理,134,6
20441,"2025-06-09","4003",承办复核部A,承办单位复核,201,2
20442,"2025-06-09","5001",结案一部,办结,220,35
20443,"2025-06-09","5002",结案二部,办结,228,24
20444,"2025-06-09","6001",客户回访一组,回访,143,25
20445,"2025-06-09","6002",客户回访二组,回访,269,38
20446,"2025-06-09","6003",客户回访三组,回访,111,13
20447,"2025-06-09","7001",档案管理部,归档,264,25
20448,"2025-06-09","8001",异常工单组,挂起,220,0
20449,"2025-06-10","1001",客服一部,话务员暂存,202,0
20450,"2025-06-10","1001",客服一部,话务员受理,260,46
20451,"2025-06-10","1002",客服二部,话务员受理,104,12
20452,"2025-06-10","2001",业务一科,话务员办理,167,22
20453,"2025-06-10","2002",业务二科,话务员办理,168,21
20454,"2025-06-10","3001",热线审核中心,热线审核,149,5
20455,"2025-06-10","3002",热线复核中心,热线复核,293,2
20456,"2025-06-10","4001",承办单位A,承办单位审核,180,33
20457,"2025-06-10","4001",承办单位A,承办单位处理,71,6
20458,"2025-06-10","4002",承办单位B,承办单位处理,289,40
20459,"2025-06-10","4003",承办复核部A,承办单位复核,185,9
20460,"2025-06-10","5001",结案一部,办结,156,1
20461,"2025-06-10","5002",结案二部,办结,243,46
20462,"2025-06-10","6001",客户回访一组,回访,128,6
20463,"2025-06-10","6002",客户回访二组,回访,223,27
20464,"2025-06-10","6003",客户回访三组,回访,104,8
20465,"2025-06-10","7001",档案管理部,归档,172,21
20466,"2025-06-10","8001",异常工单组,挂起,234,39
20467,"2025-06-11","1001",客服一部,话务员暂存,50,0
20468,"2025-06-11","1001",客服一部,话务员受理,118,17
20469,"2025-06-11","1002",客服二部,话务员受理,217,32
20470,"2025-06-11","2001",业务一科,话务员办理,155,13
20471,"2025-06-11","2002",业务二科,话务员办理,74,6
20472,"2025-06-11","3001",热线审核中心,热线审核,155,3
20473,"2025-06-11","3002",热线复核中心,热线复核,176,22
20474,"2025-06-11","4001",承办单位A,承办单位审核,90,7
20475,"2025-06-11","4001",承办单位A,承办单位处理,210,37
20476,"2025-06-11","4002",承办单位B,承办单位处理,220,6
20477,"2025-06-11","4003",承办复核部A,承办单位复核,103,8
20478,"2025-06-11","5001",结案一部,办结,58,2
20479,"2025-06-11","5002",结案二部,办结,52,4
20480,"2025-06-11","6001",客户回访一组,回访,202,33
20481,"2025-06-11","6002",客户回访二组,回访,245,26
20482,"2025-06-11","6003",客户回访三组,回访,204,0
20483,"2025-06-11","7001",档案管理部,归档,203,1
20484,"2025-06-11","8001",异常工单组,挂起,56,8
20485,"2025-06-12","1001",客服一部,话务员暂存,261,0
20486,"2025-06-12","1001",客服一部,话务员受理,154,16
20487,"2025-06-12","1002",客服二部,话务员受理,244,7
20488,"2025-06-12","2001",业务一科,话务员办理,297,53
20489,"2025-06-12","2002",业务二科,话务员办理,66,4
20490,"2025-06-12","3001",热线审核中心,热线审核,125,3
20491,"2025-06-12","3002",热线复核中心,热线复核,112,8
20492,"2025-06-12","4001",承办单位A,承办单位审核,287,2
20493,"2025-06-12","4001",承办单位A,承办单位处理,283,0
20494,"2025-06-12","4002",承办单位B,承办单位处理,230,5
20495,"2025-06-12","4003",承办复核部A,承办单位复核,226,36
20496,"2025-06-12","5001",结案一部,办结,88,11
20497,"2025-06-12","5002",结案二部,办结,191,28
20498,"2025-06-12","6001",客户回访一组,回访,260,13
20499,"2025-06-12","6002",客户回访二组,回访,213,1
20500,"2025-06-12","6003",客户回访三组,回访,54,8
20501,"2025-06-12","7001",档案管理部,归档,63,6
20502,"2025-06-12","8001",异常工单组,挂起,262,51
20503,"2025-06-13","1001",客服一部,话务员暂存,264,0
20504,"2025-06-13","1001",客服一部,话务员受理,52,7
20505,"2025-06-13","1002",客服二部,话务员受理,93,15
20506,"2025-06-13","2001",业务一科,话务员办理,272,46
20507,"2025-06-13","2002",业务二科,话务员办理,273,46
20508,"2025-06-13","3001",热线审核中心,热线审核,188,15
20509,"2025-06-13","3002",热线复核中心,热线复核,115,14
20510,"2025-06-13","4001",承办单位A,承办单位审核,128,12
20511,"2025-06-13","4001",承办单位A,承办单位处理,271,35
20512,"2025-06-13","4002",承办单位B,承办单位处理,291,50
20513,"2025-06-13","4003",承办复核部A,承办单位复核,285,53
20514,"2025-06-13","5001",结案一部,办结,94,4
20515,"2025-06-13","5002",结案二部,办结,287,29
20516,"2025-06-13","6001",客户回访一组,回访,204,29
20517,"2025-06-13","6002",客户回访二组,回访,252,30
20518,"2025-06-13","6003",客户回访三组,回访,267,35
20519,"2025-06-13","7001",档案管理部,归档,155,31
20520,"2025-06-13","8001",异常工单组,挂起,75,14
20521,"2025-06-14","1001",客服一部,话务员暂存,96,0
20522,"2025-06-14","1001",客服一部,话务员受理,77,10
20523,"2025-06-14","1002",客服二部,话务员受理,252,40
20524,"2025-06-14","2001",业务一科,话务员办理,131,15
20525,"2025-06-14","2002",业务二科,话务员办理,94,14
20526,"2025-06-14","3001",热线审核中心,热线审核,103,4
20527,"2025-06-14","3002",热线复核中心,热线复核,224,31
20528,"2025-06-14","4001",承办单位A,承办单位审核,164,2
20529,"2025-06-14","4001",承办单位A,承办单位处理,236,21
20530,"2025-06-14","4002",承办单位B,承办单位处理,165,21
20531,"2025-06-14","4003",承办复核部A,承办单位复核,176,10
20532,"2025-06-14","5001",结案一部,办结,93,18
20533,"2025-06-14","5002",结案二部,办结,300,0
20534,"2025-06-14","6001",客户回访一组,回访,247,47
20535,"2025-06-14","6002",客户回访二组,回访,147,3
20536,"2025-06-14","6003",客户回访三组,回访,227,15
20537,"2025-06-14","7001",档案管理部,归档,139,15
20538,"2025-06-14","8001",异常工单组,挂起,159,6
20539,"2025-06-15","1001",客服一部,话务员暂存,242,0
20540,"2025-06-15","1001",客服一部,话务员受理,129,16
20541,"2025-06-15","1002",客服二部,话务员受理,123,0
20542,"2025-06-15","2001",业务一科,话务员办理,177,34
20543,"2025-06-15","2002",业务二科,话务员办理,212,16
20544,"2025-06-15","3001",热线审核中心,热线审核,261,27
20545,"2025-06-15","3002",热线复核中心,热线复核,95,18
20546,"2025-06-15","4001",承办单位A,承办单位审核,192,6
20547,"2025-06-15","4001",承办单位A,承办单位处理,51,0
20548,"2025-06-15","4002",承办单位B,承办单位处理,284,25
20549,"2025-06-15","4003",承办复核部A,承办单位复核,290,22
20550,"2025-06-15","5001",结案一部,办结,249,16
20551,"2025-06-15","5002",结案二部,办结,155,29
20552,"2025-06-15","6001",客户回访一组,回访,155,25
20553,"2025-06-15","6002",客户回访二组,回访,129,0
20554,"2025-06-15","6003",客户回访三组,回访,228,8
20555,"2025-06-15","7001",档案管理部,归档,264,13
20556,"2025-06-15","8001",异常工单组,挂起,215,40
20557,"2025-06-16","1001",客服一部,话务员暂存,151,0
20558,"2025-06-16","1001",客服一部,话务员受理,267,41
20559,"2025-06-16","1002",客服二部,话务员受理,136,18
20560,"2025-06-16","2001",业务一科,话务员办理,289,4
20561,"2025-06-16","2002",业务二科,话务员办理,265,42
20562,"2025-06-16","3001",热线审核中心,热线审核,208,39
20563,"2025-06-16","3002",热线复核中心,热线复核,140,24
20564,"2025-06-16","4001",承办单位A,承办单位审核,294,26
20565,"2025-06-16","4001",承办单位A,承办单位处理,273,37
20566,"2025-06-16","4002",承办单位B,承办单位处理,229,18
20567,"2025-06-16","4003",承办复核部A,承办单位复核,227,12
20568,"2025-06-16","5001",结案一部,办结,240,15
20569,"2025-06-16","5002",结案二部,办结,222,37
20570,"2025-06-16","6001",客户回访一组,回访,122,7
20571,"2025-06-16","6002",客户回访二组,回访,254,16
20572,"2025-06-16","6003",客户回访三组,回访,113,6
20573,"2025-06-16","7001",档案管理部,归档,231,45
20574,"2025-06-16","8001",异常工单组,挂起,240,17
20575,"2025-06-17","1001",客服一部,话务员暂存,114,0
20576,"2025-06-17","1001",客服一部,话务员受理,220,23
20577,"2025-06-17","1002",客服二部,话务员受理,105,15
20578,"2025-06-17","2001",业务一科,话务员办理,257,34
20579,"2025-06-17","2002",业务二科,话务员办理,288,35
20580,"2025-06-17","3001",热线审核中心,热线审核,283,49
20581,"2025-06-17","3002",热线复核中心,热线复核,213,12
20582,"2025-06-17","4001",承办单位A,承办单位审核,258,37
20583,"2025-06-17","4001",承办单位A,承办单位处理,125,4
20584,"2025-06-17","4002",承办单位B,承办单位处理,161,15
20585,"2025-06-17","4003",承办复核部A,承办单位复核,158,9
20586,"2025-06-17","5001",结案一部,办结,130,1
20587,"2025-06-17","5002",结案二部,办结,270,14
20588,"2025-06-17","6001",客户回访一组,回访,233,43
20589,"2025-06-17","6002",客户回访二组,回访,115,19
20590,"2025-06-17","6003",客户回访三组,回访,115,18
20591,"2025-06-17","7001",档案管理部,归档,156,29
20592,"2025-06-17","8001",异常工单组,挂起,166,33
20593,"2025-06-18","1001",客服一部,话务员暂存,141,0
20594,"2025-06-18","1001",客服一部,话务员受理,273,34
20595,"2025-06-18","1002",客服二部,话务员受理,208,32
20596,"2025-06-18","2001",业务一科,话务员办理,280,52
20597,"2025-06-18","2002",业务二科,话务员办理,293,15
20598,"2025-06-18","3001",热线审核中心,热线审核,278,43
20599,"2025-06-18","3002",热线复核中心,热线复核,172,6
20600,"2025-06-18","4001",承办单位A,承办单位审核,178,20
20601,"2025-06-18","4001",承办单位A,承办单位处理,189,8
20602,"2025-06-18","4002",承办单位B,承办单位处理,170,31
20603,"2025-06-18","4003",承办复核部A,承办单位复核,102,12
20604,"2025-06-18","5001",结案一部,办结,102,4
20605,"2025-06-18","5002",结案二部,办结,199,31
20606,"2025-06-18","6001",客户回访一组,回访,145,11
20607,"2025-06-18","6002",客户回访二组,回访,244,32
20608,"2025-06-18","6003",客户回访三组,回访,298,8
20609,"2025-06-18","7001",档案管理部,归档,185,23
20610,"2025-06-18","8001",异常工单组,挂起,261,7
20611,"2025-06-19","1001",客服一部,话务员暂存,267,0
20612,"2025-06-19","1001",客服一部,话务员受理,63,3
20613,"2025-06-19","1002",客服二部,话务员受理,249,14
20614,"2025-06-19","2001",业务一科,话务员办理,198,12
20615,"2025-06-19","2002",业务二科,话务员办理,97,16
20616,"2025-06-19","3001",热线审核中心,热线审核,132,0
20617,"2025-06-19","3002",热线复核中心,热线复核,137,1
20618,"2025-06-19","4001",承办单位A,承办单位审核,101,15
20619,"2025-06-19","4001",承办单位A,承办单位处理,141,25
20620,"2025-06-19","4002",承办单位B,承办单位处理,93,1
20621,"2025-06-19","4003",承办复核部A,承办单位复核,129,25
20622,"2025-06-19","5001",结案一部,办结,244,46
20623,"2025-06-19","5002",结案二部,办结,286,45
20624,"2025-06-19","6001",客户回访一组,回访,132,14
20625,"2025-06-19","6002",客户回访二组,回访,238,26
20626,"2025-06-19","6003",客户回访三组,回访,122,16
20627,"2025-06-19","7001",档案管理部,归档,136,11
20628,"2025-06-19","8001",异常工单组,挂起,162,9
20629,"2025-06-20","1001",客服一部,话务员暂存,289,0
20630,"2025-06-20","1001",客服一部,话务员受理,249,35
20631,"2025-06-20","1002",客服二部,话务员受理,171,31
20632,"2025-06-20","2001",业务一科,话务员办理,138,5
20633,"2025-06-20","2002",业务二科,话务员办理,248,36
20634,"2025-06-20","3001",热线审核中心,热线审核,50,1
20635,"2025-06-20","3002",热线复核中心,热线复核,172,22
20636,"2025-06-20","4001",承办单位A,承办单位审核,93,17
20637,"2025-06-20","4001",承办单位A,承办单位处理,93,13
20638,"2025-06-20","4002",承办单位B,承办单位处理,203,7
20639,"2025-06-20","4003",承办复核部A,承办单位复核,252,19
20640,"2025-06-20","5001",结案一部,办结,185,7
20641,"2025-06-20","5002",结案二部,办结,142,7
20642,"2025-06-20","6001",客户回访一组,回访,252,8
20643,"2025-06-20","6002",客户回访二组,回访,205,14
20644,"2025-06-20","6003",客户回访三组,回访,145,4
20645,"2025-06-20","7001",档案管理部,归档,93,13
20646,"2025-06-20","8001",异常工单组,挂起,205,28
20647,"2025-06-21","1001",客服一部,话务员暂存,141,0
20648,"2025-06-21","1001",客服一部,话务员受理,267,31
20649,"2025-06-21","1002",客服二部,话务员受理,270,35
20650,"2025-06-21","2001",业务一科,话务员办理,226,6
20651,"2025-06-21","2002",业务二科,话务员办理,184,11
20652,"2025-06-21","3001",热线审核中心,热线审核,170,26
20653,"2025-06-21","3002",热线复核中心,热线复核,168,8
20654,"2025-06-21","4001",承办单位A,承办单位审核,238,44
20655,"2025-06-21","4001",承办单位A,承办单位处理,229,38
20656,"2025-06-21","4002",承办单位B,承办单位处理,198,22
20657,"2025-06-21","4003",承办复核部A,承办单位复核,200,1
20658,"2025-06-21","5001",结案一部,办结,221,19
20659,"2025-06-21","5002",结案二部,办结,57,9
20660,"2025-06-21","6001",客户回访一组,回访,158,28
20661,"2025-06-21","6002",客户回访二组,回访,280,22
20662,"2025-06-21","6003",客户回访三组,回访,85,10
20663,"2025-06-21","7001",档案管理部,归档,137,19
20664,"2025-06-21","8001",异常工单组,挂起,273,51
20665,"2025-06-22","1001",客服一部,话务员暂存,252,0
20666,"2025-06-22","1001",客服一部,话务员受理,105,20
20667,"2025-06-22","1002",客服二部,话务员受理,135,20
20668,"2025-06-22","2001",业务一科,话务员办理,177,4
20669,"2025-06-22","2002",业务二科,话务员办理,75,7
20670,"2025-06-22","3001",热线审核中心,热线审核,208,41
20671,"2025-06-22","3002",热线复核中心,热线复核,58,3
20672,"2025-06-22","4001",承办单位A,承办单位审核,169,15
20673,"2025-06-22","4001",承办单位A,承办单位处理,168,29
20674,"2025-06-22","4002",承办单位B,承办单位处理,115,1
20675,"2025-06-22","4003",承办复核部A,承办单位复核,210,24
20676,"2025-06-22","5001",结案一部,办结,96,15
20677,"2025-06-22","5002",结案二部,办结,181,26
20678,"2025-06-22","6001",客户回访一组,回访,241,41
20679,"2025-06-22","6002",客户回访二组,回访,160,25
20680,"2025-06-22","6003",客户回访三组,回访,68,1
20681,"2025-06-22","7001",档案管理部,归档,107,15
20682,"2025-06-22","8001",异常工单组,挂起,85,8
20683,"2025-06-23","1001",客服一部,话务员暂存,50,0
20684,"2025-06-23","1001",客服一部,话务员受理,155,25
20685,"2025-06-23","1002",客服二部,话务员受理,260,33
20686,"2025-06-23","2001",业务一科,话务员办理,127,3
20687,"2025-06-23","2002",业务二科,话务员办理,251,15
20688,"2025-06-23","3001",热线审核中心,热线审核,63,2
20689,"2025-06-23","3002",热线复核中心,热线复核,109,8
20690,"2025-06-23","4001",承办单位A,承办单位审核,93,16
20691,"2025-06-23","4001",承办单位A,承办单位处理,205,36
20692,"2025-06-23","4002",承办单位B,承办单位处理,234,17
20693,"2025-06-23","4003",承办复核部A,承办单位复核,146,4
20694,"2025-06-23","5001",结案一部,办结,113,18
20695,"2025-06-23","5002",结案二部,办结,170,29
20696,"2025-06-23","6001",客户回访一组,回访,227,15
20697,"2025-06-23","6002",客户回访二组,回访,100,0
20698,"2025-06-23","6003",客户回访三组,回访,107,14
20699,"2025-06-23","7001",档案管理部,归档,148,20
20700,"2025-06-23","8001",异常工单组,挂起,88,7
20701,"2025-06-24","1001",客服一部,话务员暂存,138,0
20702,"2025-06-24","1001",客服一部,话务员受理,282,38
20703,"2025-06-24","1002",客服二部,话务员受理,258,40
20704,"2025-06-24","2001",业务一科,话务员办理,252,36
20705,"2025-06-24","2002",业务二科,话务员办理,295,28
20706,"2025-06-24","3001",热线审核中心,热线审核,167,31
20707,"2025-06-24","3002",热线复核中心,热线复核,107,2
20708,"2025-06-24","4001",承办单位A,承办单位审核,286,43
20709,"2025-06-24","4001",承办单位A,承办单位处理,204,26
20710,"2025-06-24","4002",承办单位B,承办单位处理,187,9
20711,"2025-06-24","4003",承办复核部A,承办单位复核,141,12
20712,"2025-06-24","5001",结案一部,办结,126,19
20713,"2025-06-24","5002",结案二部,办结,222,13
20714,"2025-06-24","6001",客户回访一组,回访,227,44
20715,"2025-06-24","6002",客户回访二组,回访,92,8
20716,"2025-06-24","6003",客户回访三组,回访,127,11
20717,"2025-06-24","7001",档案管理部,归档,135,18
20718,"2025-06-24","8001",异常工单组,挂起,165,5
20719,"2025-06-25","1001",客服一部,话务员暂存,78,0
20720,"2025-06-25","1001",客服一部,话务员受理,111,16
20721,"2025-06-25","1002",客服二部,话务员受理,270,43
20722,"2025-06-25","2001",业务一科,话务员办理,209,38
20723,"2025-06-25","2002",业务二科,话务员办理,111,19
20724,"2025-06-25","3001",热线审核中心,热线审核,282,20
20725,"2025-06-25","3002",热线复核中心,热线复核,64,6
20726,"2025-06-25","4001",承办单位A,承办单位审核,195,24
20727,"2025-06-25","4001",承办单位A,承办单位处理,225,8
20728,"2025-06-25","4002",承办单位B,承办单位处理,257,17
20729,"2025-06-25","4003",承办复核部A,承办单位复核,245,17
20730,"2025-06-25","5001",结案一部,办结,124,8
20731,"2025-06-25","5002",结案二部,办结,129,12
20732,"2025-06-25","6001",客户回访一组,回访,204,9
20733,"2025-06-25","6002",客户回访二组,回访,144,4
20734,"2025-06-25","6003",客户回访三组,回访,248,31
20735,"2025-06-25","7001",档案管理部,归档,98,16
20736,"2025-06-25","8001",异常工单组,挂起,203,5
20737,"2025-06-26","1001",客服一部,话务员暂存,254,0
20738,"2025-06-26","1001",客服一部,话务员受理,160,11
20739,"2025-06-26","1002",客服二部,话务员受理,63,7
20740,"2025-06-26","2001",业务一科,话务员办理,197,10
20741,"2025-06-26","2002",业务二科,话务员办理,216,28
20742,"2025-06-26","3001",热线审核中心,热线审核,236,30
20743,"2025-06-26","3002",热线复核中心,热线复核,254,28
20744,"2025-06-26","4001",承办单位A,承办单位审核,128,17
20745,"2025-06-26","4001",承办单位A,承办单位处理,271,27
20746,"2025-06-26","4002",承办单位B,承办单位处理,258,5
20747,"2025-06-26","4003",承办复核部A,承办单位复核,73,5
20748,"2025-06-26","5001",结案一部,办结,112,11
20749,"2025-06-26","5002",结案二部,办结,231,21
20750,"2025-06-26","6001",客户回访一组,回访,63,1
20751,"2025-06-26","6002",客户回访二组,回访,150,16
20752,"2025-06-26","6003",客户回访三组,回访,94,12
20753,"2025-06-26","7001",档案管理部,归档,59,3
20754,"2025-06-26","8001",异常工单组,挂起,293,17
20755,"2025-06-27","1001",客服一部,话务员暂存,237,0
20756,"2025-06-27","1001",客服一部,话务员受理,58,10
20757,"2025-06-27","1002",客服二部,话务员受理,89,0
20758,"2025-06-27","2001",业务一科,话务员办理,267,37
20759,"2025-06-27","2002",业务二科,话务员办理,252,10
20760,"2025-06-27","3001",热线审核中心,热线审核,109,11
20761,"2025-06-27","3002",热线复核中心,热线复核,271,54
20762,"2025-06-27","4001",承办单位A,承办单位审核,246,0
20763,"2025-06-27","4001",承办单位A,承办单位处理,251,46
20764,"2025-06-27","4002",承办单位B,承办单位处理,182,22
20765,"2025-06-27","4003",承办复核部A,承办单位复核,101,7
20766,"2025-06-27","5001",结案一部,办结,182,12
20767,"2025-06-27","5002",结案二部,办结,98,13
20768,"2025-06-27","6001",客户回访一组,回访,132,23
20769,"2025-06-27","6002",客户回访二组,回访,287,18
20770,"2025-06-27","6003",客户回访三组,回访,74,4
20771,"2025-06-27","7001",档案管理部,归档,80,8
20772,"2025-06-27","8001",异常工单组,挂起,142,7
20773,"2025-06-28","1001",客服一部,话务员暂存,212,0
20774,"2025-06-28","1001",客服一部,话务员受理,155,2
20775,"2025-06-28","1002",客服二部,话务员受理,139,8
20776,"2025-06-28","2001",业务一科,话务员办理,250,39
20777,"2025-06-28","2002",业务二科,话务员办理,118,0
20778,"2025-06-28","3001",热线审核中心,热线审核,239,17
20779,"2025-06-28","3002",热线复核中心,热线复核,210,37
20780,"2025-06-28","4001",承办单位A,承办单位审核,288,6
20781,"2025-06-28","4001",承办单位A,承办单位处理,137,2
20782,"2025-06-28","4002",承办单位B,承办单位处理,285,32
20783,"2025-06-28","4003",承办复核部A,承办单位复核,218,12
20784,"2025-06-28","5001",结案一部,办结,215,40
20785,"2025-06-28","5002",结案二部,办结,62,9
20786,"2025-06-28","6001",客户回访一组,回访,175,5
20787,"2025-06-28","6002",客户回访二组,回访,271,10
20788,"2025-06-28","6003",客户回访三组,回访,161,29
20789,"2025-06-28","7001",档案管理部,归档,225,21
20790,"2025-06-28","8001",异常工单组,挂起,187,23
20791,"2025-06-29","1001",客服一部,话务员暂存,52,0
20792,"2025-06-29","1001",客服一部,话务员受理,112,16
20793,"2025-06-29","1002",客服二部,话务员受理,173,19
20794,"2025-06-29","2001",业务一科,话务员办理,278,41
20795,"2025-06-29","2002",业务二科,话务员办理,219,41
20796,"2025-06-29","3001",热线审核中心,热线审核,287,16
20797,"2025-06-29","3002",热线复核中心,热线复核,213,10
20798,"2025-06-29","4001",承办单位A,承办单位审核,143,15
20799,"2025-06-29","4001",承办单位A,承办单位处理,224,20
20800,"2025-06-29","4002",承办单位B,承办单位处理,265,45
20801,"2025-06-29","4003",承办复核部A,承办单位复核,130,25
20802,"2025-06-29","5001",结案一部,办结,190,35
20803,"2025-06-29","5002",结案二部,办结,109,14
20804,"2025-06-29","6001",客户回访一组,回访,132,14
20805,"2025-06-29","6002",客户回访二组,回访,92,16
20806,"2025-06-29","6003",客户回访三组,回访,128,14
20807,"2025-06-29","7001",档案管理部,归档,173,33
20808,"2025-06-29","8001",异常工单组,挂起,247,15
20809,"2025-06-30","1001",客服一部,话务员暂存,115,0
20810,"2025-06-30","1001",客服一部,话务员受理,154,25
20811,"2025-06-30","1002",客服二部,话务员受理,283,53
20812,"2025-06-30","2001",业务一科,话务员办理,278,48
20813,"2025-06-30","2002",业务二科,话务员办理,218,8
20814,"2025-06-30","3001",热线审核中心,热线审核,223,26
20815,"2025-06-30","3002",热线复核中心,热线复核,86,0
20816,"2025-06-30","4001",承办单位A,承办单位审核,100,4
20817,"2025-06-30","4001",承办单位A,承办单位处理,156,23
20818,"2025-06-30","4002",承办单位B,承办单位处理,231,11
20819,"2025-06-30","4003",承办复核部A,承办单位复核,99,15
20820,"2025-06-30","5001",结案一部,办结,92,12
20821,"2025-06-30","5002",结案二部,办结,238,39
20822,"2025-06-30","6001",客户回访一组,回访,152,16
20823,"2025-06-30","6002",客户回访二组,回访,110,13
20824,"2025-06-30","6003",客户回访三组,回访,160,14
20825,"2025-06-30","7001",档案管理部,归档,76,0
20826,"2025-06-30","8001",异常工单组,挂起,90,0
20827,"2025-07-01","1001",客服一部,话务员暂存,179,0
20828,"2025-07-01","1001",客服一部,话务员受理,173,20
20829,"2025-07-01","1002",客服二部,话务员受理,106,10
20830,"2025-07-01","2001",业务一科,话务员办理,150,23
20831,"2025-07-01","2002",业务二科,话务员办理,293,10
20832,"2025-07-01","3001",热线审核中心,热线审核,211,7
20833,"2025-07-01","3002",热线复核中心,热线复核,214,41
20834,"2025-07-01","4001",承办单位A,承办单位审核,92,2
20835,"2025-07-01","4001",承办单位A,承办单位处理,290,26
20836,"2025-07-01","4002",承办单位B,承办单位处理,74,10
20837,"2025-07-01","4003",承办复核部A,承办单位复核,152,29
20838,"2025-07-01","5001",结案一部,办结,279,36
20839,"2025-07-01","5002",结案二部,办结,192,15
20840,"2025-07-01","6001",客户回访一组,回访,149,22
20841,"2025-07-01","6002",客户回访二组,回访,109,20
20842,"2025-07-01","6003",客户回访三组,回访,177,35
20843,"2025-07-01","7001",档案管理部,归档,58,3
20844,"2025-07-01","8001",异常工单组,挂起,262,25
20845,"2025-07-02","1001",客服一部,话务员暂存,188,0
20846,"2025-07-02","1001",客服一部,话务员受理,205,14
20847,"2025-07-02","1002",客服二部,话务员受理,108,6
20848,"2025-07-02","2001",业务一科,话务员办理,249,10
20849,"2025-07-02","2002",业务二科,话务员办理,126,1
20850,"2025-07-02","3001",热线审核中心,热线审核,300,37
20851,"2025-07-02","3002",热线复核中心,热线复核,119,11
20852,"2025-07-02","4001",承办单位A,承办单位审核,218,4
20853,"2025-07-02","4001",承办单位A,承办单位处理,201,29
20854,"2025-07-02","4002",承办单位B,承办单位处理,239,25
20855,"2025-07-02","4003",承办复核部A,承办单位复核,107,20
20856,"2025-07-02","5001",结案一部,办结,293,33
20857,"2025-07-02","5002",结案二部,办结,264,41
20858,"2025-07-02","6001",客户回访一组,回访,99,12
20859,"2025-07-02","6002",客户回访二组,回访,78,9
20860,"2025-07-02","6003",客户回访三组,回访,253,42
20861,"2025-07-02","7001",档案管理部,归档,138,25
20862,"2025-07-02","8001",异常工单组,挂起,53,5
20863,"2025-07-03","1001",客服一部,话务员暂存,290,0
20864,"2025-07-03","1001",客服一部,话务员受理,168,28
20865,"2025-07-03","1002",客服二部,话务员受理,256,47
20866,"2025-07-03","2001",业务一科,话务员办理,281,2
20867,"2025-07-03","2002",业务二科,话务员办理,54,1
20868,"2025-07-03","3001",热线审核中心,热线审核,150,4
20869,"2025-07-03","3002",热线复核中心,热线复核,87,10
20870,"2025-07-03","4001",承办单位A,承办单位审核,299,15
20871,"2025-07-03","4001",承办单位A,承办单位处理,284,21
20872,"2025-07-03","4002",承办单位B,承办单位处理,169,27
20873,"2025-07-03","4003",承办复核部A,承办单位复核,195,30
20874,"2025-07-03","5001",结案一部,办结,182,24
20875,"2025-07-03","5002",结案二部,办结,177,13
20876,"2025-07-03","6001",客户回访一组,回访,186,16
20877,"2025-07-03","6002",客户回访二组,回访,141,17
20878,"2025-07-03","6003",客户回访三组,回访,233,23
20879,"2025-07-03","7001",档案管理部,归档,129,23
20880,"2025-07-03","8001",异常工单组,挂起,179,31
20881,"2025-07-04","1001",客服一部,话务员暂存,213,0
20882,"2025-07-04","1001",客服一部,话务员受理,153,2
20883,"2025-07-04","1002",客服二部,话务员受理,280,44
20884,"2025-07-04","2001",业务一科,话务员办理,209,1
20885,"2025-07-04","2002",业务二科,话务员办理,131,3
20886,"2025-07-04","3001",热线审核中心,热线审核,202,17
20887,"2025-07-04","3002",热线复核中心,热线复核,110,16
20888,"2025-07-04","4001",承办单位A,承办单位审核,52,4
20889,"2025-07-04","4001",承办单位A,承办单位处理,68,2
20890,"2025-07-04","4002",承办单位B,承办单位处理,108,15
20891,"2025-07-04","4003",承办复核部A,承办单位复核,53,10
20892,"2025-07-04","5001",结案一部,办结,197,29
20893,"2025-07-04","5002",结案二部,办结,139,3
20894,"2025-07-04","6001",客户回访一组,回访,66,4
20895,"2025-07-04","6002",客户回访二组,回访,276,39
20896,"2025-07-04","6003",客户回访三组,回访,150,1
20897,"2025-07-04","7001",档案管理部,归档,162,16
20898,"2025-07-04","8001",异常工单组,挂起,241,17
20899,"2025-07-05","1001",客服一部,话务员暂存,130,0
20900,"2025-07-05","1001",客服一部,话务员受理,256,25
20901,"2025-07-05","1002",客服二部,话务员受理,267,13
20902,"2025-07-05","2001",业务一科,话务员办理,100,16
20903,"2025-07-05","2002",业务二科,话务员办理,144,22
20904,"2025-07-05","3001",热线审核中心,热线审核,59,8
20905,"2025-07-05","3002",热线复核中心,热线复核,258,38
20906,"2025-07-05","4001",承办单位A,承办单位审核,214,8
20907,"2025-07-05","4001",承办单位A,承办单位处理,79,9
20908,"2025-07-05","4002",承办单位B,承办单位处理,77,4
20909,"2025-07-05","4003",承办复核部A,承办单位复核,248,30
20910,"2025-07-05","5001",结案一部,办结,75,3
20911,"2025-07-05","5002",结案二部,办结,66,11
20912,"2025-07-05","6001",客户回访一组,回访,182,6
20913,"2025-07-05","6002",客户回访二组,回访,256,43
20914,"2025-07-05","6003",客户回访三组,回访,154,12
20915,"2025-07-05","7001",档案管理部,归档,140,12
20916,"2025-07-05","8001",异常工单组,挂起,57,0
20917,"2025-07-06","1001",客服一部,话务员暂存,272,0
20918,"2025-07-06","1001",客服一部,话务员受理,299,43
20919,"2025-07-06","1002",客服二部,话务员受理,114,1
20920,"2025-07-06","2001",业务一科,话务员办理,197,11
20921,"2025-07-06","2002",业务二科,话务员办理,242,11
20922,"2025-07-06","3001",热线审核中心,热线审核,183,16
20923,"2025-07-06","3002",热线复核中心,热线复核,291,33
20924,"2025-07-06","4001",承办单位A,承办单位审核,118,9
20925,"2025-07-06","4001",承办单位A,承办单位处理,86,14
20926,"2025-07-06","4002",承办单位B,承办单位处理,78,15
20927,"2025-07-06","4003",承办复核部A,承办单位复核,82,7
20928,"2025-07-06","5001",结案一部,办结,173,7
20929,"2025-07-06","5002",结案二部,办结,287,31
20930,"2025-07-06","6001",客户回访一组,回访,276,11
20931,"2025-07-06","6002",客户回访二组,回访,104,7
20932,"2025-07-06","6003",客户回访三组,回访,204,27
20933,"2025-07-06","7001",档案管理部,归档,76,12
20934,"2025-07-06","8001",异常工单组,挂起,127,5
20935,"2025-07-07","1001",客服一部,话务员暂存,180,0
20936,"2025-07-07","1001",客服一部,话务员受理,288,56
20937,"2025-07-07","1002",客服二部,话务员受理,214,40
20938,"2025-07-07","2001",业务一科,话务员办理,135,24
20939,"2025-07-07","2002",业务二科,话务员办理,280,46
20940,"2025-07-07","3001",热线审核中心,热线审核,83,5
20941,"2025-07-07","3002",热线复核中心,热线复核,182,30
20942,"2025-07-07","4001",承办单位A,承办单位审核,190,32
20943,"2025-07-07","4001",承办单位A,承办单位处理,144,7
20944,"2025-07-07","4002",承办单位B,承办单位处理,175,15
20945,"2025-07-07","4003",承办复核部A,承办单位复核,111,1
20946,"2025-07-07","5001",结案一部,办结,90,16
20947,"2025-07-07","5002",结案二部,办结,151,19
20948,"2025-07-07","6001",客户回访一组,回访,88,7
20949,"2025-07-07","6002",客户回访二组,回访,88,14
20950,"2025-07-07","6003",客户回访三组,回访,251,49
20951,"2025-07-07","7001",档案管理部,归档,297,26
20952,"2025-07-07","8001",异常工单组,挂起,212,9
20953,"2025-07-08","1001",客服一部,话务员暂存,252,0
20954,"2025-07-08","1001",客服一部,话务员受理,214,8
20955,"2025-07-08","1002",客服二部,话务员受理,150,13
20956,"2025-07-08","2001",业务一科,话务员办理,53,4
20957,"2025-07-08","2002",业务二科,话务员办理,202,27
20958,"2025-07-08","3001",热线审核中心,热线审核,269,28
20959,"2025-07-08","3002",热线复核中心,热线复核,218,27
20960,"2025-07-08","4001",承办单位A,承办单位审核,252,14
20961,"2025-07-08","4001",承办单位A,承办单位处理,105,7
20962,"2025-07-08","4002",承办单位B,承办单位处理,228,44
20963,"2025-07-08","4003",承办复核部A,承办单位复核,159,12
20964,"2025-07-08","5001",结案一部,办结,51,10
20965,"2025-07-08","5002",结案二部,办结,148,13
20966,"2025-07-08","6001",客户回访一组,回访,229,18
20967,"2025-07-08","6002",客户回访二组,回访,183,29
20968,"2025-07-08","6003",客户回访三组,回访,230,40
20969,"2025-07-08","7001",档案管理部,归档,297,53
20970,"2025-07-08","8001",异常工单组,挂起,182,25
20971,"2025-07-09","1001",客服一部,话务员暂存,118,0
20972,"2025-07-09","1001",客服一部,话务员受理,200,19
20973,"2025-07-09","1002",客服二部,话务员受理,156,3
20974,"2025-07-09","2001",业务一科,话务员办理,174,23
20975,"2025-07-09","2002",业务二科,话务员办理,212,37
20976,"2025-07-09","3001",热线审核中心,热线审核,130,17
20977,"2025-07-09","3002",热线复核中心,热线复核,87,5
20978,"2025-07-09","4001",承办单位A,承办单位审核,184,30
20979,"2025-07-09","4001",承办单位A,承办单位处理,159,7
20980,"2025-07-09","4002",承办单位B,承办单位处理,178,23
20981,"2025-07-09","4003",承办复核部A,承办单位复核,238,14
20982,"2025-07-09","5001",结案一部,办结,154,13
20983,"2025-07-09","5002",结案二部,办结,97,1
20984,"2025-07-09","6001",客户回访一组,回访,70,13
20985,"2025-07-09","6002",客户回访二组,回访,167,27
20986,"2025-07-09","6003",客户回访三组,回访,102,19
20987,"2025-07-09","7001",档案管理部,归档,84,1
20988,"2025-07-09","8001",异常工单组,挂起,134,14
20989,"2025-07-10","1001",客服一部,话务员暂存,82,0
20990,"2025-07-10","1001",客服一部,话务员受理,142,11
20991,"2025-07-10","1002",客服二部,话务员受理,118,17
20992,"2025-07-10","2001",业务一科,话务员办理,106,5
20993,"2025-07-10","2002",业务二科,话务员办理,228,26
20994,"2025-07-10","3001",热线审核中心,热线审核,236,17
20995,"2025-07-10","3002",热线复核中心,热线复核,241,9
20996,"2025-07-10","4001",承办单位A,承办单位审核,85,6
20997,"2025-07-10","4001",承办单位A,承办单位处理,239,12
20998,"2025-07-10","4002",承办单位B,承办单位处理,125,1
20999,"2025-07-10","4003",承办复核部A,承办单位复核,268,7
21000,"2025-07-10","5001",结案一部,办结,83,9
21001,"2025-07-10","5002",结案二部,办结,252,25
21002,"2025-07-10","6001",客户回访一组,回访,259,25
21003,"2025-07-10","6002",客户回访二组,回访,123,7
21004,"2025-07-10","6003",客户回访三组,回访,296,27
21005,"2025-07-10","7001",档案管理部,归档,141,13
21006,"2025-07-10","8001",异常工单组,挂起,130,20
21007,"2025-07-11","1001",客服一部,话务员暂存,192,0
21008,"2025-07-11","1001",客服一部,话务员受理,101,1
21009,"2025-07-11","1002",客服二部,话务员受理,286,9
21010,"2025-07-11","2001",业务一科,话务员办理,205,36
21011,"2025-07-11","2002",业务二科,话务员办理,176,13
21012,"2025-07-11","3001",热线审核中心,热线审核,249,3
21013,"2025-07-11","3002",热线复核中心,热线复核,192,16
21014,"2025-07-11","4001",承办单位A,承办单位审核,158,10
21015,"2025-07-11","4001",承办单位A,承办单位处理,110,3
21016,"2025-07-11","4002",承办单位B,承办单位处理,285,13
21017,"2025-07-11","4003",承办复核部A,承办单位复核,93,6
21018,"2025-07-11","5001",结案一部,办结,177,8
21019,"2025-07-11","5002",结案二部,办结,171,16
21020,"2025-07-11","6001",客户回访一组,回访,56,10
21021,"2025-07-11","6002",客户回访二组,回访,63,5
21022,"2025-07-11","6003",客户回访三组,回访,246,22
21023,"2025-07-11","7001",档案管理部,归档,105,20
21024,"2025-07-11","8001",异常工单组,挂起,221,5
21025,"2025-07-12","1001",客服一部,话务员暂存,173,0
21026,"2025-07-12","1001",客服一部,话务员受理,84,0
21027,"2025-07-12","1002",客服二部,话务员受理,77,10
21028,"2025-07-12","2001",业务一科,话务员办理,253,41
21029,"2025-07-12","2002",业务二科,话务员办理,122,2
21030,"2025-07-12","3001",热线审核中心,热线审核,166,16
21031,"2025-07-12","3002",热线复核中心,热线复核,197,37
21032,"2025-07-12","4001",承办单位A,承办单位审核,135,21
21033,"2025-07-12","4001",承办单位A,承办单位处理,83,14
21034,"2025-07-12","4002",承办单位B,承办单位处理,221,6
21035,"2025-07-12","4003",承办复核部A,承办单位复核,120,15
21036,"2025-07-12","5001",结案一部,办结,159,19
21037,"2025-07-12","5002",结案二部,办结,159,26
21038,"2025-07-12","6001",客户回访一组,回访,264,4
21039,"2025-07-12","6002",客户回访二组,回访,296,45
21040,"2025-07-12","6003",客户回访三组,回访,265,43
21041,"2025-07-12","7001",档案管理部,归档,91,6
21042,"2025-07-12","8001",异常工单组,挂起,215,30
21043,"2025-07-13","1001",客服一部,话务员暂存,77,0
21044,"2025-07-13","1001",客服一部,话务员受理,219,10
21045,"2025-07-13","1002",客服二部,话务员受理,258,50
21046,"2025-07-13","2001",业务一科,话务员办理,167,4
21047,"2025-07-13","2002",业务二科,话务员办理,268,52
21048,"2025-07-13","3001",热线审核中心,热线审核,149,0
21049,"2025-07-13","3002",热线复核中心,热线复核,85,8
21050,"2025-07-13","4001",承办单位A,承办单位审核,142,8
21051,"2025-07-13","4001",承办单位A,承办单位处理,142,6
21052,"2025-07-13","4002",承办单位B,承办单位处理,73,13
21053,"2025-07-13","4003",承办复核部A,承办单位复核,239,0
21054,"2025-07-13","5001",结案一部,办结,274,11
21055,"2025-07-13","5002",结案二部,办结,122,19
21056,"2025-07-13","6001",客户回访一组,回访,123,4
21057,"2025-07-13","6002",客户回访二组,回访,294,14
21058,"2025-07-13","6003",客户回访三组,回访,88,9
21059,"2025-07-13","7001",档案管理部,归档,241,11
21060,"2025-07-13","8001",异常工单组,挂起,210,1
21061,"2025-07-14","1001",客服一部,话务员暂存,172,0
21062,"2025-07-14","1001",客服一部,话务员受理,203,12
21063,"2025-07-14","1002",客服二部,话务员受理,245,11
21064,"2025-07-14","2001",业务一科,话务员办理,135,22
21065,"2025-07-14","2002",业务二科,话务员办理,289,21
21066,"2025-07-14","3001",热线审核中心,热线审核,73,5
21067,"2025-07-14","3002",热线复核中心,热线复核,159,16
21068,"2025-07-14","4001",承办单位A,承办单位审核,219,2
21069,"2025-07-14","4001",承办单位A,承办单位处理,85,14
21070,"2025-07-14","4002",承办单位B,承办单位处理,113,14
21071,"2025-07-14","4003",承办复核部A,承办单位复核,88,3
21072,"2025-07-14","5001",结案一部,办结,50,2
21073,"2025-07-14","5002",结案二部,办结,235,13
21074,"2025-07-14","6001",客户回访一组,回访,151,9
21075,"2025-07-14","6002",客户回访二组,回访,139,1
21076,"2025-07-14","6003",客户回访三组,回访,130,2
21077,"2025-07-14","7001",档案管理部,归档,122,12
21078,"2025-07-14","8001",异常工单组,挂起,277,27
21079,"2025-07-15","1001",客服一部,话务员暂存,244,0
21080,"2025-07-15","1001",客服一部,话务员受理,98,14
21081,"2025-07-15","1002",客服二部,话务员受理,283,23
21082,"2025-07-15","2001",业务一科,话务员办理,85,4
21083,"2025-07-15","2002",业务二科,话务员办理,155,18
21084,"2025-07-15","3001",热线审核中心,热线审核,53,6
21085,"2025-07-15","3002",热线复核中心,热线复核,54,7
21086,"2025-07-15","4001",承办单位A,承办单位审核,203,6
21087,"2025-07-15","4001",承办单位A,承办单位处理,161,14
21088,"2025-07-15","4002",承办单位B,承办单位处理,143,12
21089,"2025-07-15","4003",承办复核部A,承办单位复核,173,15
21090,"2025-07-15","5001",结案一部,办结,96,16
21091,"2025-07-15","5002",结案二部,办结,260,34
21092,"2025-07-15","6001",客户回访一组,回访,177,24
21093,"2025-07-15","6002",客户回访二组,回访,159,6
21094,"2025-07-15","6003",客户回访三组,回访,257,35
21095,"2025-07-15","7001",档案管理部,归档,261,23
21096,"2025-07-15","8001",异常工单组,挂起,237,8
21097,"2025-07-16","1001",客服一部,话务员暂存,174,0
21098,"2025-07-16","1001",客服一部,话务员受理,162,24
21099,"2025-07-16","1002",客服二部,话务员受理,208,3
21100,"2025-07-16","2001",业务一科,话务员办理,65,11
21101,"2025-07-16","2002",业务二科,话务员办理,176,33
21102,"2025-07-16","3001",热线审核中心,热线审核,251,27
21103,"2025-07-16","3002",热线复核中心,热线复核,98,0
21104,"2025-07-16","4001",承办单位A,承办单位审核,65,9
21105,"2025-07-16","4001",承办单位A,承办单位处理,65,6
21106,"2025-07-16","4002",承办单位B,承办单位处理,135,25
21107,"2025-07-16","4003",承办复核部A,承办单位复核,88,14
21108,"2025-07-16","5001",结案一部,办结,233,35
21109,"2025-07-16","5002",结案二部,办结,290,47
21110,"2025-07-16","6001",客户回访一组,回访,271,25
21111,"2025-07-16","6002",客户回访二组,回访,169,7
21112,"2025-07-16","6003",客户回访三组,回访,59,9
21113,"2025-07-16","7001",档案管理部,归档,87,10
21114,"2025-07-16","8001",异常工单组,挂起,141,18
21115,"2025-07-17","1001",客服一部,话务员暂存,159,0
21116,"2025-07-17","1001",客服一部,话务员受理,181,30
21117,"2025-07-17","1002",客服二部,话务员受理,204,5
21118,"2025-07-17","2001",业务一科,话务员办理,261,47
21119,"2025-07-17","2002",业务二科,话务员办理,191,21
21120,"2025-07-17","3001",热线审核中心,热线审核,267,20
21121,"2025-07-17","3002",热线复核中心,热线复核,242,33
21122,"2025-07-17","4001",承办单位A,承办单位审核,221,34
21123,"2025-07-17","4001",承办单位A,承办单位处理,281,3
21124,"2025-07-17","4002",承办单位B,承办单位处理,223,4
21125,"2025-07-17","4003",承办复核部A,承办单位复核,134,24
21126,"2025-07-17","5001",结案一部,办结,197,15
21127,"2025-07-17","5002",结案二部,办结,180,24
21128,"2025-07-17","6001",客户回访一组,回访,203,10
21129,"2025-07-17","6002",客户回访二组,回访,291,4
21130,"2025-07-17","6003",客户回访三组,回访,217,11
21131,"2025-07-17","7001",档案管理部,归档,174,8
21132,"2025-07-17","8001",异常工单组,挂起,168,31
21133,"2025-07-18","1001",客服一部,话务员暂存,182,0
21134,"2025-07-18","1001",客服一部,话务员受理,205,29
21135,"2025-07-18","1002",客服二部,话务员受理,62,4
21136,"2025-07-18","2001",业务一科,话务员办理,175,17
21137,"2025-07-18","2002",业务二科,话务员办理,59,9
21138,"2025-07-18","3001",热线审核中心,热线审核,229,29
21139,"2025-07-18","3002",热线复核中心,热线复核,245,12
21140,"2025-07-18","4001",承办单位A,承办单位审核,270,44
21141,"2025-07-18","4001",承办单位A,承办单位处理,220,12
21142,"2025-07-18","4002",承办单位B,承办单位处理,269,20
21143,"2025-07-18","4003",承办复核部A,承办单位复核,188,17
21144,"2025-07-18","5001",结案一部,办结,83,5
21145,"2025-07-18","5002",结案二部,办结,212,23
21146,"2025-07-18","6001",客户回访一组,回访,251,11
21147,"2025-07-18","6002",客户回访二组,回访,213,6
21148,"2025-07-18","6003",客户回访三组,回访,78,7
21149,"2025-07-18","7001",档案管理部,归档,181,10
21150,"2025-07-18","8001",异常工单组,挂起,166,12
21151,"2025-07-19","1001",客服一部,话务员暂存,121,0
21152,"2025-07-19","1001",客服一部,话务员受理,178,10
21153,"2025-07-19","1002",客服二部,话务员受理,217,16
21154,"2025-07-19","2001",业务一科,话务员办理,134,4
21155,"2025-07-19","2002",业务二科,话务员办理,261,34
21156,"2025-07-19","3001",热线审核中心,热线审核,299,27
21157,"2025-07-19","3002",热线复核中心,热线复核,218,12
21158,"2025-07-19","4001",承办单位A,承办单位审核,278,32
21159,"2025-07-19","4001",承办单位A,承办单位处理,157,26
21160,"2025-07-19","4002",承办单位B,承办单位处理,202,37
21161,"2025-07-19","4003",承办复核部A,承办单位复核,222,43
21162,"2025-07-19","5001",结案一部,办结,242,41
21163,"2025-07-19","5002",结案二部,办结,159,7
21164,"2025-07-19","6001",客户回访一组,回访,218,18
21165,"2025-07-19","6002",客户回访二组,回访,180,16
21166,"2025-07-19","6003",客户回访三组,回访,179,28
21167,"2025-07-19","7001",档案管理部,归档,95,11
21168,"2025-07-19","8001",异常工单组,挂起,204,28
21169,"2025-07-20","1001",客服一部,话务员暂存,54,0
21170,"2025-07-20","1001",客服一部,话务员受理,221,34
21171,"2025-07-20","1002",客服二部,话务员受理,263,0
21172,"2025-07-20","2001",业务一科,话务员办理,190,11
21173,"2025-07-20","2002",业务二科,话务员办理,187,11
21174,"2025-07-20","3001",热线审核中心,热线审核,225,8
21175,"2025-07-20","3002",热线复核中心,热线复核,70,3
21176,"2025-07-20","4001",承办单位A,承办单位审核,207,4
21177,"2025-07-20","4001",承办单位A,承办单位处理,118,12
21178,"2025-07-20","4002",承办单位B,承办单位处理,94,1
21179,"2025-07-20","4003",承办复核部A,承办单位复核,116,3
21180,"2025-07-20","5001",结案一部,办结,234,45
21181,"2025-07-20","5002",结案二部,办结,190,28
21182,"2025-07-20","6001",客户回访一组,回访,73,3
21183,"2025-07-20","6002",客户回访二组,回访,76,4
21184,"2025-07-20","6003",客户回访三组,回访,122,5
21185,"2025-07-20","7001",档案管理部,归档,300,2
21186,"2025-07-20","8001",异常工单组,挂起,216,20
21187,"2025-07-21","1001",客服一部,话务员暂存,266,0
21188,"2025-07-21","1001",客服一部,话务员受理,97,17
21189,"2025-07-21","1002",客服二部,话务员受理,247,33
21190,"2025-07-21","2001",业务一科,话务员办理,286,16
21191,"2025-07-21","2002",业务二科,话务员办理,207,11
21192,"2025-07-21","3001",热线审核中心,热线审核,197,17
21193,"2025-07-21","3002",热线复核中心,热线复核,139,26
21194,"2025-07-21","4001",承办单位A,承办单位审核,105,5
21195,"2025-07-21","4001",承办单位A,承办单位处理,100,16
21196,"2025-07-21","4002",承办单位B,承办单位处理,181,4
21197,"2025-07-21","4003",承办复核部A,承办单位复核,230,16
21198,"2025-07-21","5001",结案一部,办结,249,15
21199,"2025-07-21","5002",结案二部,办结,135,19
21200,"2025-07-21","6001",客户回访一组,回访,114,17
21201,"2025-07-21","6002",客户回访二组,回访,198,32
21202,"2025-07-21","6003",客户回访三组,回访,144,9
21203,"2025-07-21","7001",档案管理部,归档,177,31
21204,"2025-07-21","8001",异常工单组,挂起,72,1
21205,"2025-07-22","1001",客服一部,话务员暂存,67,0
21206,"2025-07-22","1001",客服一部,话务员受理,55,4
21207,"2025-07-22","1002",客服二部,话务员受理,217,20
21208,"2025-07-22","2001",业务一科,话务员办理,141,19
21209,"2025-07-22","2002",业务二科,话务员办理,180,0
21210,"2025-07-22","3001",热线审核中心,热线审核,70,10
21211,"2025-07-22","3002",热线复核中心,热线复核,198,22
21212,"2025-07-22","4001",承办单位A,承办单位审核,241,17
21213,"2025-07-22","4001",承办单位A,承办单位处理,161,29
21214,"2025-07-22","4002",承办单位B,承办单位处理,52,1
21215,"2025-07-22","4003",承办复核部A,承办单位复核,72,4
21216,"2025-07-22","5001",结案一部,办结,178,24
21217,"2025-07-22","5002",结案二部,办结,184,11
21218,"2025-07-22","6001",客户回访一组,回访,241,25
21219,"2025-07-22","6002",客户回访二组,回访,63,5
21220,"2025-07-22","6003",客户回访三组,回访,50,10
21221,"2025-07-22","7001",档案管理部,归档,171,7
21222,"2025-07-22","8001",异常工单组,挂起,89,8
21223,"2025-07-23","1001",客服一部,话务员暂存,297,0
21224,"2025-07-23","1001",客服一部,话务员受理,87,17
21225,"2025-07-23","1002",客服二部,话务员受理,129,25
21226,"2025-07-23","2001",业务一科,话务员办理,53,3
21227,"2025-07-23","2002",业务二科,话务员办理,136,24
21228,"2025-07-23","3001",热线审核中心,热线审核,294,29
21229,"2025-07-23","3002",热线复核中心,热线复核,138,17
21230,"2025-07-23","4001",承办单位A,承办单位审核,101,2
21231,"2025-07-23","4001",承办单位A,承办单位处理,73,8
21232,"2025-07-23","4002",承办单位B,承办单位处理,247,38
21233,"2025-07-23","4003",承办复核部A,承办单位复核,124,3
21234,"2025-07-23","5001",结案一部,办结,119,8
21235,"2025-07-23","5002",结案二部,办结,85,8
21236,"2025-07-23","6001",客户回访一组,回访,272,49
21237,"2025-07-23","6002",客户回访二组,回访,200,38
21238,"2025-07-23","6003",客户回访三组,回访,193,23
21239,"2025-07-23","7001",档案管理部,归档,189,9
21240,"2025-07-23","8001",异常工单组,挂起,205,16
21241,"2025-07-24","1001",客服一部,话务员暂存,199,0
21242,"2025-07-24","1001",客服一部,话务员受理,103,14
21243,"2025-07-24","1002",客服二部,话务员受理,130,4
21244,"2025-07-24","2001",业务一科,话务员办理,284,55
21245,"2025-07-24","2002",业务二科,话务员办理,189,7
21246,"2025-07-24","3001",热线审核中心,热线审核,161,2
21247,"2025-07-24","3002",热线复核中心,热线复核,79,6
21248,"2025-07-24","4001",承办单位A,承办单位审核,79,8
21249,"2025-07-24","4001",承办单位A,承办单位处理,216,25
21250,"2025-07-24","4002",承办单位B,承办单位处理,124,5
21251,"2025-07-24","4003",承办复核部A,承办单位复核,78,4
21252,"2025-07-24","5001",结案一部,办结,224,4
21253,"2025-07-24","5002",结案二部,办结,273,10
21254,"2025-07-24","6001",客户回访一组,回访,193,12
21255,"2025-07-24","6002",客户回访二组,回访,174,27
21256,"2025-07-24","6003",客户回访三组,回访,205,13
21257,"2025-07-24","7001",档案管理部,归档,88,8
21258,"2025-07-24","8001",异常工单组,挂起,204,17
21259,"2025-07-25","1001",客服一部,话务员暂存,126,0
21260,"2025-07-25","1001",客服一部,话务员受理,167,14
21261,"2025-07-25","1002",客服二部,话务员受理,197,29
21262,"2025-07-25","2001",业务一科,话务员办理,157,18
21263,"2025-07-25","2002",业务二科,话务员办理,174,9
21264,"2025-07-25","3001",热线审核中心,热线审核,59,5
21265,"2025-07-25","3002",热线复核中心,热线复核,181,25
21266,"2025-07-25","4001",承办单位A,承办单位审核,69,6
21267,"2025-07-25","4001",承办单位A,承办单位处理,176,33
21268,"2025-07-25","4002",承办单位B,承办单位处理,240,17
21269,"2025-07-25","4003",承办复核部A,承办单位复核,200,0
21270,"2025-07-25","5001",结案一部,办结,284,32
21271,"2025-07-25","5002",结案二部,办结,268,30
21272,"2025-07-25","6001",客户回访一组,回访,78,9
21273,"2025-07-25","6002",客户回访二组,回访,238,10
21274,"2025-07-25","6003",客户回访三组,回访,55,1
21275,"2025-07-25","7001",档案管理部,归档,90,8
21276,"2025-07-25","8001",异常工单组,挂起,135,7
21277,"2025-07-26","1001",客服一部,话务员暂存,126,0
21278,"2025-07-26","1001",客服一部,话务员受理,206,6
21279,"2025-07-26","1002",客服二部,话务员受理,96,16
21280,"2025-07-26","2001",业务一科,话务员办理,61,8
21281,"2025-07-26","2002",业务二科,话务员办理,266,13
21282,"2025-07-26","3001",热线审核中心,热线审核,108,10
21283,"2025-07-26","3002",热线复核中心,热线复核,193,26
21284,"2025-07-26","4001",承办单位A,承办单位审核,125,20
21285,"2025-07-26","4001",承办单位A,承办单位处理,260,45
21286,"2025-07-26","4002",承办单位B,承办单位处理,73,4
21287,"2025-07-26","4003",承办复核部A,承办单位复核,204,13
21288,"2025-07-26","5001",结案一部,办结,66,5
21289,"2025-07-26","5002",结案二部,办结,192,32
21290,"2025-07-26","6001",客户回访一组,回访,207,8
21291,"2025-07-26","6002",客户回访二组,回访,227,33
21292,"2025-07-26","6003",客户回访三组,回访,233,12
21293,"2025-07-26","7001",档案管理部,归档,84,13
21294,"2025-07-26","8001",异常工单组,挂起,160,11
21295,"2025-07-27","1001",客服一部,话务员暂存,229,0
21296,"2025-07-27","1001",客服一部,话务员受理,209,34
21297,"2025-07-27","1002",客服二部,话务员受理,106,7
21298,"2025-07-27","2001",业务一科,话务员办理,163,17
21299,"2025-07-27","2002",业务二科,话务员办理,143,28
21300,"2025-07-27","3001",热线审核中心,热线审核,215,6
21301,"2025-07-27","3002",热线复核中心,热线复核,201,24
21302,"2025-07-27","4001",承办单位A,承办单位审核,299,1
21303,"2025-07-27","4001",承办单位A,承办单位处理,66,8
21304,"2025-07-27","4002",承办单位B,承办单位处理,116,22
21305,"2025-07-27","4003",承办复核部A,承办单位复核,184,6
21306,"2025-07-27","5001",结案一部,办结,155,28
21307,"2025-07-27","5002",结案二部,办结,299,53
21308,"2025-07-27","6001",客户回访一组,回访,249,31
21309,"2025-07-27","6002",客户回访二组,回访,67,5
21310,"2025-07-27","6003",客户回访三组,回访,146,2
21311,"2025-07-27","7001",档案管理部,归档,70,11
21312,"2025-07-27","8001",异常工单组,挂起,130,25
21313,"2025-07-28","1001",客服一部,话务员暂存,297,0
21314,"2025-07-28","1001",客服一部,话务员受理,151,9
21315,"2025-07-28","1002",客服二部,话务员受理,177,28
21316,"2025-07-28","2001",业务一科,话务员办理,145,19
21317,"2025-07-28","2002",业务二科,话务员办理,125,15
21318,"2025-07-28","3001",热线审核中心,热线审核,115,0
21319,"2025-07-28","3002",热线复核中心,热线复核,268,26
21320,"2025-07-28","4001",承办单位A,承办单位审核,129,10
21321,"2025-07-28","4001",承办单位A,承办单位处理,165,14
21322,"2025-07-28","4002",承办单位B,承办单位处理,240,1
21323,"2025-07-28","4003",承办复核部A,承办单位复核,152,0
21324,"2025-07-28","5001",结案一部,办结,110,15
21325,"2025-07-28","5002",结案二部,办结,55,10
21326,"2025-07-28","6001",客户回访一组,回访,250,29
21327,"2025-07-28","6002",客户回访二组,回访,201,39
21328,"2025-07-28","6003",客户回访三组,回访,54,9
21329,"2025-07-28","7001",档案管理部,归档,63,5
21330,"2025-07-28","8001",异常工单组,挂起,166,22
21331,"2025-07-29","1001",客服一部,话务员暂存,64,0
21332,"2025-07-29","1001",客服一部,话务员受理,134,17
21333,"2025-07-29","1002",客服二部,话务员受理,60,6
21334,"2025-07-29","2001",业务一科,话务员办理,228,36
21335,"2025-07-29","2002",业务二科,话务员办理,200,10
21336,"2025-07-29","3001",热线审核中心,热线审核,153,30
21337,"2025-07-29","3002",热线复核中心,热线复核,108,7
21338,"2025-07-29","4001",承办单位A,承办单位审核,106,14
21339,"2025-07-29","4001",承办单位A,承办单位处理,136,11
21340,"2025-07-29","4002",承办单位B,承办单位处理,291,41
21341,"2025-07-29","4003",承办复核部A,承办单位复核,211,28
21342,"2025-07-29","5001",结案一部,办结,65,1
21343,"2025-07-29","5002",结案二部,办结,274,30
21344,"2025-07-29","6001",客户回访一组,回访,120,21
21345,"2025-07-29","6002",客户回访二组,回访,88,16
21346,"2025-07-29","6003",客户回访三组,回访,112,1
21347,"2025-07-29","7001",档案管理部,归档,70,12
21348,"2025-07-29","8001",异常工单组,挂起,270,17
21349,"2025-07-30","1001",客服一部,话务员暂存,166,0
21350,"2025-07-30","1001",客服一部,话务员受理,119,18
21351,"2025-07-30","1002",客服二部,话务员受理,64,4
21352,"2025-07-30","2001",业务一科,话务员办理,298,5
21353,"2025-07-30","2002",业务二科,话务员办理,196,3
21354,"2025-07-30","3001",热线审核中心,热线审核,251,5
21355,"2025-07-30","3002",热线复核中心,热线复核,66,6
21356,"2025-07-30","4001",承办单位A,承办单位审核,201,19
21357,"2025-07-30","4001",承办单位A,承办单位处理,67,13
21358,"2025-07-30","4002",承办单位B,承办单位处理,243,23
21359,"2025-07-30","4003",承办复核部A,承办单位复核,124,21
21360,"2025-07-30","5001",结案一部,办结,242,16
21361,"2025-07-30","5002",结案二部,办结,204,31
21362,"2025-07-30","6001",客户回访一组,回访,62,0
21363,"2025-07-30","6002",客户回访二组,回访,142,18
21364,"2025-07-30","6003",客户回访三组,回访,170,28
21365,"2025-07-30","7001",档案管理部,归档,180,19
21366,"2025-07-30","8001",异常工单组,挂起,225,11
21367,"2025-07-31","1001",客服一部,话务员暂存,224,0
21368,"2025-07-31","1001",客服一部,话务员受理,120,2
21369,"2025-07-31","1002",客服二部,话务员受理,172,8
21370,"2025-07-31","2001",业务一科,话务员办理,109,4
21371,"2025-07-31","2002",业务二科,话务员办理,266,41
21372,"2025-07-31","3001",热线审核中心,热线审核,184,2
21373,"2025-07-31","3002",热线复核中心,热线复核,178,34
21374,"2025-07-31","4001",承办单位A,承办单位审核,238,31
21375,"2025-07-31","4001",承办单位A,承办单位处理,251,18
21376,"2025-07-31","4002",承办单位B,承办单位处理,93,13
21377,"2025-07-31","4003",承办复核部A,承办单位复核,73,14
21378,"2025-07-31","5001",结案一部,办结,95,0
21379,"2025-07-31","5002",结案二部,办结,217,2
21380,"2025-07-31","6001",客户回访一组,回访,222,4
21381,"2025-07-31","6002",客户回访二组,回访,218,17
21382,"2025-07-31","6003",客户回访三组,回访,232,21
21383,"2025-07-31","7001",档案管理部,归档,66,0
21384,"2025-07-31","8001",异常工单组,挂起,62,6
21385,"2025-08-01","1001",客服一部,话务员暂存,276,0
21386,"2025-08-01","1001",客服一部,话务员受理,292,19
21387,"2025-08-01","1002",客服二部,话务员受理,268,38
21388,"2025-08-01","2001",业务一科,话务员办理,290,16
21389,"2025-08-01","2002",业务二科,话务员办理,266,0
21390,"2025-08-01","3001",热线审核中心,热线审核,242,24
21391,"2025-08-01","3002",热线复核中心,热线复核,145,3
21392,"2025-08-01","4001",承办单位A,承办单位审核,277,55
21393,"2025-08-01","4001",承办单位A,承办单位处理,216,19
21394,"2025-08-01","4002",承办单位B,承办单位处理,66,11
21395,"2025-08-01","4003",承办复核部A,承办单位复核,118,11
21396,"2025-08-01","5001",结案一部,办结,137,5
21397,"2025-08-01","5002",结案二部,办结,116,19
21398,"2025-08-01","6001",客户回访一组,回访,150,30
21399,"2025-08-01","6002",客户回访二组,回访,150,30
21400,"2025-08-01","6003",客户回访三组,回访,205,32
21401,"2025-08-01","7001",档案管理部,归档,162,14
21402,"2025-08-01","8001",异常工单组,挂起,208,5
