"md_id","busi_time","order_type_name","order_type_cd","total_num"
1,"2022-05-01",咨询,"0100",86
2,"2022-05-01",投诉,"0200",40
3,"2022-05-01",意见建议,"0300",115
4,"2022-05-01",求助,"0400",92
5,"2022-05-01",表扬,"0500",93
6,"2022-05-01",举报,"0600",137
7,"2022-05-01",无效,"0700",14
8,"2022-05-01",其他,"9999",310
9,"2022-05-02",咨询,"0100",84
10,"2022-05-02",投诉,"0200",86
11,"2022-05-02",意见建议,"0300",53
12,"2022-05-02",求助,"0400",79
13,"2022-05-02",表扬,"0500",22
14,"2022-05-02",举报,"0600",20
15,"2022-05-02",无效,"0700",71
16,"2022-05-02",其他,"9999",276
17,"2022-05-03",咨询,"0100",29
18,"2022-05-03",投诉,"0200",65
19,"2022-05-03",意见建议,"0300",74
20,"2022-05-03",求助,"0400",84
21,"2022-05-03",表扬,"0500",138
22,"2022-05-03",举报,"0600",59
23,"2022-05-03",无效,"0700",172
24,"2022-05-03",其他,"9999",309
25,"2022-05-04",咨询,"0100",63
26,"2022-05-04",投诉,"0200",31
27,"2022-05-04",意见建议,"0300",21
28,"2022-05-04",求助,"0400",46
29,"2022-05-04",表扬,"0500",95
30,"2022-05-04",举报,"0600",161
31,"2022-05-04",无效,"0700",47
32,"2022-05-04",其他,"9999",358
33,"2022-05-05",咨询,"0100",17
34,"2022-05-05",投诉,"0200",69
35,"2022-05-05",意见建议,"0300",54
36,"2022-05-05",求助,"0400",66
37,"2022-05-05",表扬,"0500",14
38,"2022-05-05",举报,"0600",47
39,"2022-05-05",无效,"0700",141
40,"2022-05-05",其他,"9999",144
41,"2022-05-06",咨询,"0100",64
42,"2022-05-06",投诉,"0200",46
43,"2022-05-06",意见建议,"0300",95
44,"2022-05-06",求助,"0400",36
45,"2022-05-06",表扬,"0500",60
46,"2022-05-06",举报,"0600",43
47,"2022-05-06",无效,"0700",135
48,"2022-05-06",其他,"9999",212
49,"2022-05-07",咨询,"0100",56
50,"2022-05-07",投诉,"0200",119
51,"2022-05-07",意见建议,"0300",64
52,"2022-05-07",求助,"0400",80
53,"2022-05-07",表扬,"0500",138
54,"2022-05-07",举报,"0600",10
55,"2022-05-07",无效,"0700",111
56,"2022-05-07",其他,"9999",415
57,"2022-05-08",咨询,"0100",72
58,"2022-05-08",投诉,"0200",98
59,"2022-05-08",意见建议,"0300",98
60,"2022-05-08",求助,"0400",53
61,"2022-05-08",表扬,"0500",109
62,"2022-05-08",举报,"0600",52
63,"2022-05-08",无效,"0700",137
64,"2022-05-08",其他,"9999",182
65,"2022-05-09",咨询,"0100",27
66,"2022-05-09",投诉,"0200",60
67,"2022-05-09",意见建议,"0300",85
68,"2022-05-09",求助,"0400",44
69,"2022-05-09",表扬,"0500",24
70,"2022-05-09",举报,"0600",46
71,"2022-05-09",无效,"0700",65
72,"2022-05-09",其他,"9999",257
73,"2022-05-10",咨询,"0100",31
74,"2022-05-10",投诉,"0200",59
75,"2022-05-10",意见建议,"0300",46
76,"2022-05-10",求助,"0400",8
77,"2022-05-10",表扬,"0500",7
78,"2022-05-10",举报,"0600",105
79,"2022-05-10",无效,"0700",39
80,"2022-05-10",其他,"9999",341
81,"2022-05-11",咨询,"0100",42
82,"2022-05-11",投诉,"0200",81
83,"2022-05-11",意见建议,"0300",57
84,"2022-05-11",求助,"0400",66
85,"2022-05-11",表扬,"0500",65
86,"2022-05-11",举报,"0600",97
87,"2022-05-11",无效,"0700",110
88,"2022-05-11",其他,"9999",136
89,"2022-05-12",咨询,"0100",53
90,"2022-05-12",投诉,"0200",36
91,"2022-05-12",意见建议,"0300",102
92,"2022-05-12",求助,"0400",69
93,"2022-05-12",表扬,"0500",15
94,"2022-05-12",举报,"0600",116
95,"2022-05-12",无效,"0700",67
96,"2022-05-12",其他,"9999",314
97,"2022-05-13",咨询,"0100",5
98,"2022-05-13",投诉,"0200",39
99,"2022-05-13",意见建议,"0300",13
100,"2022-05-13",求助,"0400",9
101,"2022-05-13",表扬,"0500",62
102,"2022-05-13",举报,"0600",66
103,"2022-05-13",无效,"0700",20
104,"2022-05-13",其他,"9999",146
105,"2022-05-14",咨询,"0100",44
106,"2022-05-14",投诉,"0200",6
107,"2022-05-14",意见建议,"0300",19
108,"2022-05-14",求助,"0400",92
109,"2022-05-14",表扬,"0500",39
110,"2022-05-14",举报,"0600",127
111,"2022-05-14",无效,"0700",106
112,"2022-05-14",其他,"9999",152
113,"2022-05-15",咨询,"0100",39
114,"2022-05-15",投诉,"0200",23
115,"2022-05-15",意见建议,"0300",20
116,"2022-05-15",求助,"0400",37
117,"2022-05-15",表扬,"0500",25
118,"2022-05-15",举报,"0600",67
119,"2022-05-15",无效,"0700",48
120,"2022-05-15",其他,"9999",106
121,"2022-05-16",咨询,"0100",13
122,"2022-05-16",投诉,"0200",33
123,"2022-05-16",意见建议,"0300",20
124,"2022-05-16",求助,"0400",15
125,"2022-05-16",表扬,"0500",120
126,"2022-05-16",举报,"0600",17
127,"2022-05-16",无效,"0700",67
128,"2022-05-16",其他,"9999",416
129,"2022-05-17",咨询,"0100",12
130,"2022-05-17",投诉,"0200",20
131,"2022-05-17",意见建议,"0300",49
132,"2022-05-17",求助,"0400",8
133,"2022-05-17",表扬,"0500",44
134,"2022-05-17",举报,"0600",109
135,"2022-05-17",无效,"0700",141
136,"2022-05-17",其他,"9999",174
137,"2022-05-18",咨询,"0100",87
138,"2022-05-18",投诉,"0200",55
139,"2022-05-18",意见建议,"0300",114
140,"2022-05-18",求助,"0400",61
141,"2022-05-18",表扬,"0500",43
142,"2022-05-18",举报,"0600",141
143,"2022-05-18",无效,"0700",15
144,"2022-05-18",其他,"9999",343
145,"2022-05-19",咨询,"0100",48
146,"2022-05-19",投诉,"0200",12
147,"2022-05-19",意见建议,"0300",79
148,"2022-05-19",求助,"0400",75
149,"2022-05-19",表扬,"0500",31
150,"2022-05-19",举报,"0600",89
151,"2022-05-19",无效,"0700",281
152,"2022-05-19",其他,"9999",293
153,"2022-05-20",咨询,"0100",17
154,"2022-05-20",投诉,"0200",24
155,"2022-05-20",意见建议,"0300",50
156,"2022-05-20",求助,"0400",58
157,"2022-05-20",表扬,"0500",28
158,"2022-05-20",举报,"0600",40
159,"2022-05-20",无效,"0700",76
160,"2022-05-20",其他,"9999",92
161,"2022-05-21",咨询,"0100",44
162,"2022-05-21",投诉,"0200",47
163,"2022-05-21",意见建议,"0300",30
164,"2022-05-21",求助,"0400",7
165,"2022-05-21",表扬,"0500",51
166,"2022-05-21",举报,"0600",27
167,"2022-05-21",无效,"0700",48
168,"2022-05-21",其他,"9999",121
169,"2022-05-22",咨询,"0100",32
170,"2022-05-22",投诉,"0200",43
171,"2022-05-22",意见建议,"0300",6
172,"2022-05-22",求助,"0400",53
173,"2022-05-22",表扬,"0500",6
174,"2022-05-22",举报,"0600",45
175,"2022-05-22",无效,"0700",12
176,"2022-05-22",其他,"9999",222
177,"2022-05-23",咨询,"0100",54
178,"2022-05-23",投诉,"0200",84
179,"2022-05-23",意见建议,"0300",54
180,"2022-05-23",求助,"0400",110
181,"2022-05-23",表扬,"0500",103
182,"2022-05-23",举报,"0600",76
183,"2022-05-23",无效,"0700",170
184,"2022-05-23",其他,"9999",200
185,"2022-05-24",咨询,"0100",28
186,"2022-05-24",投诉,"0200",44
187,"2022-05-24",意见建议,"0300",91
188,"2022-05-24",求助,"0400",53
189,"2022-05-24",表扬,"0500",140
190,"2022-05-24",举报,"0600",124
191,"2022-05-24",无效,"0700",169
192,"2022-05-24",其他,"9999",274
193,"2022-05-25",咨询,"0100",70
194,"2022-05-25",投诉,"0200",79
195,"2022-05-25",意见建议,"0300",27
196,"2022-05-25",求助,"0400",160
197,"2022-05-25",表扬,"0500",146
198,"2022-05-25",举报,"0600",80
199,"2022-05-25",无效,"0700",15
200,"2022-05-25",其他,"9999",401
201,"2022-05-26",咨询,"0100",101
202,"2022-05-26",投诉,"0200",35
203,"2022-05-26",意见建议,"0300",111
204,"2022-05-26",求助,"0400",65
205,"2022-05-26",表扬,"0500",104
206,"2022-05-26",举报,"0600",20
207,"2022-05-26",无效,"0700",27
208,"2022-05-26",其他,"9999",492
209,"2022-05-27",咨询,"0100",56
210,"2022-05-27",投诉,"0200",57
211,"2022-05-27",意见建议,"0300",121
212,"2022-05-27",求助,"0400",112
213,"2022-05-27",表扬,"0500",79
214,"2022-05-27",举报,"0600",121
215,"2022-05-27",无效,"0700",100
216,"2022-05-27",其他,"9999",264
217,"2022-05-28",咨询,"0100",85
218,"2022-05-28",投诉,"0200",26
219,"2022-05-28",意见建议,"0300",70
220,"2022-05-28",求助,"0400",142
221,"2022-05-28",表扬,"0500",30
222,"2022-05-28",举报,"0600",22
223,"2022-05-28",无效,"0700",74
224,"2022-05-28",其他,"9999",454
225,"2022-05-29",咨询,"0100",13
226,"2022-05-29",投诉,"0200",12
227,"2022-05-29",意见建议,"0300",40
228,"2022-05-29",求助,"0400",56
229,"2022-05-29",表扬,"0500",44
230,"2022-05-29",举报,"0600",140
231,"2022-05-29",无效,"0700",72
232,"2022-05-29",其他,"9999",222
233,"2022-05-30",咨询,"0100",10
234,"2022-05-30",投诉,"0200",37
235,"2022-05-30",意见建议,"0300",6
236,"2022-05-30",求助,"0400",14
237,"2022-05-30",表扬,"0500",31
238,"2022-05-30",举报,"0600",38
239,"2022-05-30",无效,"0700",75
240,"2022-05-30",其他,"9999",135
241,"2022-05-31",咨询,"0100",21
242,"2022-05-31",投诉,"0200",8
243,"2022-05-31",意见建议,"0300",5
244,"2022-05-31",求助,"0400",5
245,"2022-05-31",表扬,"0500",50
246,"2022-05-31",举报,"0600",132
247,"2022-05-31",无效,"0700",145
248,"2022-05-31",其他,"9999",168
249,"2022-06-01",咨询,"0100",82
250,"2022-06-01",投诉,"0200",6
251,"2022-06-01",意见建议,"0300",17
252,"2022-06-01",求助,"0400",75
253,"2022-06-01",表扬,"0500",149
254,"2022-06-01",举报,"0600",90
255,"2022-06-01",无效,"0700",139
256,"2022-06-01",其他,"9999",400
257,"2022-06-02",咨询,"0100",68
258,"2022-06-02",投诉,"0200",11
259,"2022-06-02",意见建议,"0300",41
260,"2022-06-02",求助,"0400",89
261,"2022-06-02",表扬,"0500",96
262,"2022-06-02",举报,"0600",48
263,"2022-06-02",无效,"0700",98
264,"2022-06-02",其他,"9999",144
265,"2022-06-03",咨询,"0100",6
266,"2022-06-03",投诉,"0200",8
267,"2022-06-03",意见建议,"0300",31
268,"2022-06-03",求助,"0400",16
269,"2022-06-03",表扬,"0500",60
270,"2022-06-03",举报,"0600",17
271,"2022-06-03",无效,"0700",71
272,"2022-06-03",其他,"9999",127
273,"2022-06-04",咨询,"0100",48
274,"2022-06-04",投诉,"0200",15
275,"2022-06-04",意见建议,"0300",12
276,"2022-06-04",求助,"0400",34
277,"2022-06-04",表扬,"0500",56
278,"2022-06-04",举报,"0600",59
279,"2022-06-04",无效,"0700",97
280,"2022-06-04",其他,"9999",131
281,"2022-06-05",咨询,"0100",74
282,"2022-06-05",投诉,"0200",43
283,"2022-06-05",意见建议,"0300",110
284,"2022-06-05",求助,"0400",107
285,"2022-06-05",表扬,"0500",39
286,"2022-06-05",举报,"0600",158
287,"2022-06-05",无效,"0700",111
288,"2022-06-05",其他,"9999",284
289,"2022-06-06",咨询,"0100",75
290,"2022-06-06",投诉,"0200",8
291,"2022-06-06",意见建议,"0300",26
292,"2022-06-06",求助,"0400",146
293,"2022-06-06",表扬,"0500",10
294,"2022-06-06",举报,"0600",85
295,"2022-06-06",无效,"0700",221
296,"2022-06-06",其他,"9999",327
297,"2022-06-07",咨询,"0100",16
298,"2022-06-07",投诉,"0200",24
299,"2022-06-07",意见建议,"0300",32
300,"2022-06-07",求助,"0400",47
301,"2022-06-07",表扬,"0500",19
302,"2022-06-07",举报,"0600",16
303,"2022-06-07",无效,"0700",71
304,"2022-06-07",其他,"9999",87
305,"2022-06-08",咨询,"0100",22
306,"2022-06-08",投诉,"0200",18
307,"2022-06-08",意见建议,"0300",47
308,"2022-06-08",求助,"0400",149
309,"2022-06-08",表扬,"0500",133
310,"2022-06-08",举报,"0600",84
311,"2022-06-08",无效,"0700",36
312,"2022-06-08",其他,"9999",357
313,"2022-06-09",咨询,"0100",8
314,"2022-06-09",投诉,"0200",31
315,"2022-06-09",意见建议,"0300",15
316,"2022-06-09",求助,"0400",65
317,"2022-06-09",表扬,"0500",105
318,"2022-06-09",举报,"0600",42
319,"2022-06-09",无效,"0700",104
320,"2022-06-09",其他,"9999",215
321,"2022-06-10",咨询,"0100",12
322,"2022-06-10",投诉,"0200",6
323,"2022-06-10",意见建议,"0300",46
324,"2022-06-10",求助,"0400",54
325,"2022-06-10",表扬,"0500",5
326,"2022-06-10",举报,"0600",48
327,"2022-06-10",无效,"0700",82
328,"2022-06-10",其他,"9999",178
329,"2022-06-11",咨询,"0100",75
330,"2022-06-11",投诉,"0200",12
331,"2022-06-11",意见建议,"0300",8
332,"2022-06-11",求助,"0400",53
333,"2022-06-11",表扬,"0500",35
334,"2022-06-11",举报,"0600",142
335,"2022-06-11",无效,"0700",104
336,"2022-06-11",其他,"9999",226
337,"2022-06-12",咨询,"0100",59
338,"2022-06-12",投诉,"0200",46
339,"2022-06-12",意见建议,"0300",71
340,"2022-06-12",求助,"0400",54
341,"2022-06-12",表扬,"0500",22
342,"2022-06-12",举报,"0600",33
343,"2022-06-12",无效,"0700",145
344,"2022-06-12",其他,"9999",148
345,"2022-06-13",咨询,"0100",46
346,"2022-06-13",投诉,"0200",36
347,"2022-06-13",意见建议,"0300",20
348,"2022-06-13",求助,"0400",27
349,"2022-06-13",表扬,"0500",83
350,"2022-06-13",举报,"0600",50
351,"2022-06-13",无效,"0700",30
352,"2022-06-13",其他,"9999",170
353,"2022-06-14",咨询,"0100",58
354,"2022-06-14",投诉,"0200",103
355,"2022-06-14",意见建议,"0300",40
356,"2022-06-14",求助,"0400",21
357,"2022-06-14",表扬,"0500",145
358,"2022-06-14",举报,"0600",88
359,"2022-06-14",无效,"0700",157
360,"2022-06-14",其他,"9999",202
361,"2022-06-15",咨询,"0100",45
362,"2022-06-15",投诉,"0200",9
363,"2022-06-15",意见建议,"0300",18
364,"2022-06-15",求助,"0400",16
365,"2022-06-15",表扬,"0500",45
366,"2022-06-15",举报,"0600",30
367,"2022-06-15",无效,"0700",68
368,"2022-06-15",其他,"9999",137
369,"2022-06-16",咨询,"0100",21
370,"2022-06-16",投诉,"0200",40
371,"2022-06-16",意见建议,"0300",7
372,"2022-06-16",求助,"0400",18
373,"2022-06-16",表扬,"0500",44
374,"2022-06-16",举报,"0600",45
375,"2022-06-16",无效,"0700",80
376,"2022-06-16",其他,"9999",120
377,"2022-06-17",咨询,"0100",81
378,"2022-06-17",投诉,"0200",61
379,"2022-06-17",意见建议,"0300",134
380,"2022-06-17",求助,"0400",82
381,"2022-06-17",表扬,"0500",77
382,"2022-06-17",举报,"0600",134
383,"2022-06-17",无效,"0700",177
384,"2022-06-17",其他,"9999",240
385,"2022-06-18",咨询,"0100",74
386,"2022-06-18",投诉,"0200",44
387,"2022-06-18",意见建议,"0300",28
388,"2022-06-18",求助,"0400",10
389,"2022-06-18",表扬,"0500",124
390,"2022-06-18",举报,"0600",76
391,"2022-06-18",无效,"0700",138
392,"2022-06-18",其他,"9999",197
393,"2022-06-19",咨询,"0100",11
394,"2022-06-19",投诉,"0200",46
395,"2022-06-19",意见建议,"0300",24
396,"2022-06-19",求助,"0400",38
397,"2022-06-19",表扬,"0500",9
398,"2022-06-19",举报,"0600",5
399,"2022-06-19",无效,"0700",38
400,"2022-06-19",其他,"9999",167
401,"2022-06-20",咨询,"0100",38
402,"2022-06-20",投诉,"0200",15
403,"2022-06-20",意见建议,"0300",58
404,"2022-06-20",求助,"0400",65
405,"2022-06-20",表扬,"0500",65
406,"2022-06-20",举报,"0600",29
407,"2022-06-20",无效,"0700",12
408,"2022-06-20",其他,"9999",175
409,"2022-06-21",咨询,"0100",59
410,"2022-06-21",投诉,"0200",14
411,"2022-06-21",意见建议,"0300",81
412,"2022-06-21",求助,"0400",50
413,"2022-06-21",表扬,"0500",16
414,"2022-06-21",举报,"0600",83
415,"2022-06-21",无效,"0700",49
416,"2022-06-21",其他,"9999",330
417,"2022-06-22",咨询,"0100",82
418,"2022-06-22",投诉,"0200",66
419,"2022-06-22",意见建议,"0300",16
420,"2022-06-22",求助,"0400",33
421,"2022-06-22",表扬,"0500",167
422,"2022-06-22",举报,"0600",39
423,"2022-06-22",无效,"0700",245
424,"2022-06-22",其他,"9999",253
425,"2022-06-23",咨询,"0100",63
426,"2022-06-23",投诉,"0200",25
427,"2022-06-23",意见建议,"0300",64
428,"2022-06-23",求助,"0400",9
429,"2022-06-23",表扬,"0500",65
430,"2022-06-23",举报,"0600",81
431,"2022-06-23",无效,"0700",60
432,"2022-06-23",其他,"9999",247
433,"2022-06-24",咨询,"0100",60
434,"2022-06-24",投诉,"0200",81
435,"2022-06-24",意见建议,"0300",100
436,"2022-06-24",求助,"0400",44
437,"2022-06-24",表扬,"0500",111
438,"2022-06-24",举报,"0600",19
439,"2022-06-24",无效,"0700",127
440,"2022-06-24",其他,"9999",224
441,"2022-06-25",咨询,"0100",49
442,"2022-06-25",投诉,"0200",29
443,"2022-06-25",意见建议,"0300",9
444,"2022-06-25",求助,"0400",12
445,"2022-06-25",表扬,"0500",75
446,"2022-06-25",举报,"0600",87
447,"2022-06-25",无效,"0700",113
448,"2022-06-25",其他,"9999",187
449,"2022-06-26",咨询,"0100",54
450,"2022-06-26",投诉,"0200",44
451,"2022-06-26",意见建议,"0300",56
452,"2022-06-26",求助,"0400",9
453,"2022-06-26",表扬,"0500",32
454,"2022-06-26",举报,"0600",10
455,"2022-06-26",无效,"0700",74
456,"2022-06-26",其他,"9999",165
457,"2022-06-27",咨询,"0100",71
458,"2022-06-27",投诉,"0200",40
459,"2022-06-27",意见建议,"0300",29
460,"2022-06-27",求助,"0400",63
461,"2022-06-27",表扬,"0500",51
462,"2022-06-27",举报,"0600",23
463,"2022-06-27",无效,"0700",82
464,"2022-06-27",其他,"9999",220
465,"2022-06-28",咨询,"0100",29
466,"2022-06-28",投诉,"0200",106
467,"2022-06-28",意见建议,"0300",97
468,"2022-06-28",求助,"0400",61
469,"2022-06-28",表扬,"0500",47
470,"2022-06-28",举报,"0600",40
471,"2022-06-28",无效,"0700",145
472,"2022-06-28",其他,"9999",391
473,"2022-06-29",咨询,"0100",10
474,"2022-06-29",投诉,"0200",39
475,"2022-06-29",意见建议,"0300",62
476,"2022-06-29",求助,"0400",31
477,"2022-06-29",表扬,"0500",22
478,"2022-06-29",举报,"0600",72
479,"2022-06-29",无效,"0700",20
480,"2022-06-29",其他,"9999",200
481,"2022-06-30",咨询,"0100",31
482,"2022-06-30",投诉,"0200",49
483,"2022-06-30",意见建议,"0300",6
484,"2022-06-30",求助,"0400",54
485,"2022-06-30",表扬,"0500",63
486,"2022-06-30",举报,"0600",9
487,"2022-06-30",无效,"0700",12
488,"2022-06-30",其他,"9999",191
489,"2022-07-01",咨询,"0100",14
490,"2022-07-01",投诉,"0200",36
491,"2022-07-01",意见建议,"0300",56
492,"2022-07-01",求助,"0400",48
493,"2022-07-01",表扬,"0500",51
494,"2022-07-01",举报,"0600",12
495,"2022-07-01",无效,"0700",101
496,"2022-07-01",其他,"9999",116
497,"2022-07-02",咨询,"0100",7
498,"2022-07-02",投诉,"0200",32
499,"2022-07-02",意见建议,"0300",47
500,"2022-07-02",求助,"0400",35
501,"2022-07-02",表扬,"0500",113
502,"2022-07-02",举报,"0600",153
503,"2022-07-02",无效,"0700",94
504,"2022-07-02",其他,"9999",251
505,"2022-07-03",咨询,"0100",7
506,"2022-07-03",投诉,"0200",72
507,"2022-07-03",意见建议,"0300",82
508,"2022-07-03",求助,"0400",25
509,"2022-07-03",表扬,"0500",96
510,"2022-07-03",举报,"0600",145
511,"2022-07-03",无效,"0700",69
512,"2022-07-03",其他,"9999",248
513,"2022-07-04",咨询,"0100",25
514,"2022-07-04",投诉,"0200",112
515,"2022-07-04",意见建议,"0300",63
516,"2022-07-04",求助,"0400",91
517,"2022-07-04",表扬,"0500",20
518,"2022-07-04",举报,"0600",142
519,"2022-07-04",无效,"0700",179
520,"2022-07-04",其他,"9999",198
521,"2022-07-05",咨询,"0100",42
522,"2022-07-05",投诉,"0200",16
523,"2022-07-05",意见建议,"0300",112
524,"2022-07-05",求助,"0400",110
525,"2022-07-05",表扬,"0500",114
526,"2022-07-05",举报,"0600",24
527,"2022-07-05",无效,"0700",147
528,"2022-07-05",其他,"9999",290
529,"2022-07-06",咨询,"0100",12
530,"2022-07-06",投诉,"0200",50
531,"2022-07-06",意见建议,"0300",28
532,"2022-07-06",求助,"0400",83
533,"2022-07-06",表扬,"0500",51
534,"2022-07-06",举报,"0600",50
535,"2022-07-06",无效,"0700",51
536,"2022-07-06",其他,"9999",267
537,"2022-07-07",咨询,"0100",41
538,"2022-07-07",投诉,"0200",32
539,"2022-07-07",意见建议,"0300",36
540,"2022-07-07",求助,"0400",36
541,"2022-07-07",表扬,"0500",17
542,"2022-07-07",举报,"0600",13
543,"2022-07-07",无效,"0700",41
544,"2022-07-07",其他,"9999",151
545,"2022-07-08",咨询,"0100",21
546,"2022-07-08",投诉,"0200",43
547,"2022-07-08",意见建议,"0300",35
548,"2022-07-08",求助,"0400",14
549,"2022-07-08",表扬,"0500",59
550,"2022-07-08",举报,"0600",42
551,"2022-07-08",无效,"0700",51
552,"2022-07-08",其他,"9999",88
553,"2022-07-09",咨询,"0100",42
554,"2022-07-09",投诉,"0200",25
555,"2022-07-09",意见建议,"0300",33
556,"2022-07-09",求助,"0400",12
557,"2022-07-09",表扬,"0500",152
558,"2022-07-09",举报,"0600",45
559,"2022-07-09",无效,"0700",14
560,"2022-07-09",其他,"9999",601
561,"2022-07-10",咨询,"0100",12
562,"2022-07-10",投诉,"0200",13
563,"2022-07-10",意见建议,"0300",72
564,"2022-07-10",求助,"0400",33
565,"2022-07-10",表扬,"0500",73
566,"2022-07-10",举报,"0600",106
567,"2022-07-10",无效,"0700",59
568,"2022-07-10",其他,"9999",465
569,"2022-07-11",咨询,"0100",36
570,"2022-07-11",投诉,"0200",20
571,"2022-07-11",意见建议,"0300",11
572,"2022-07-11",求助,"0400",30
573,"2022-07-11",表扬,"0500",7
574,"2022-07-11",举报,"0600",24
575,"2022-07-11",无效,"0700",55
576,"2022-07-11",其他,"9999",140
577,"2022-07-12",咨询,"0100",5
578,"2022-07-12",投诉,"0200",124
579,"2022-07-12",意见建议,"0300",90
580,"2022-07-12",求助,"0400",85
581,"2022-07-12",表扬,"0500",125
582,"2022-07-12",举报,"0600",45
583,"2022-07-12",无效,"0700",18
584,"2022-07-12",其他,"9999",451
585,"2022-07-13",咨询,"0100",5
586,"2022-07-13",投诉,"0200",31
587,"2022-07-13",意见建议,"0300",74
588,"2022-07-13",求助,"0400",74
589,"2022-07-13",表扬,"0500",83
590,"2022-07-13",举报,"0600",89
591,"2022-07-13",无效,"0700",5
592,"2022-07-13",其他,"9999",225
593,"2022-07-14",咨询,"0100",83
594,"2022-07-14",投诉,"0200",21
595,"2022-07-14",意见建议,"0300",92
596,"2022-07-14",求助,"0400",21
597,"2022-07-14",表扬,"0500",49
598,"2022-07-14",举报,"0600",130
599,"2022-07-14",无效,"0700",209
600,"2022-07-14",其他,"9999",228
601,"2022-07-15",咨询,"0100",60
602,"2022-07-15",投诉,"0200",16
603,"2022-07-15",意见建议,"0300",123
604,"2022-07-15",求助,"0400",138
605,"2022-07-15",表扬,"0500",115
606,"2022-07-15",举报,"0600",91
607,"2022-07-15",无效,"0700",187
608,"2022-07-15",其他,"9999",215
609,"2022-07-16",咨询,"0100",26
610,"2022-07-16",投诉,"0200",105
611,"2022-07-16",意见建议,"0300",84
612,"2022-07-16",求助,"0400",104
613,"2022-07-16",表扬,"0500",77
614,"2022-07-16",举报,"0600",21
615,"2022-07-16",无效,"0700",99
616,"2022-07-16",其他,"9999",284
617,"2022-07-17",咨询,"0100",65
618,"2022-07-17",投诉,"0200",31
619,"2022-07-17",意见建议,"0300",38
620,"2022-07-17",求助,"0400",29
621,"2022-07-17",表扬,"0500",64
622,"2022-07-17",举报,"0600",18
623,"2022-07-17",无效,"0700",138
624,"2022-07-17",其他,"9999",209
625,"2022-07-18",咨询,"0100",70
626,"2022-07-18",投诉,"0200",42
627,"2022-07-18",意见建议,"0300",53
628,"2022-07-18",求助,"0400",91
629,"2022-07-18",表扬,"0500",21
630,"2022-07-18",举报,"0600",76
631,"2022-07-18",无效,"0700",45
632,"2022-07-18",其他,"9999",247
633,"2022-07-19",咨询,"0100",36
634,"2022-07-19",投诉,"0200",32
635,"2022-07-19",意见建议,"0300",41
636,"2022-07-19",求助,"0400",17
637,"2022-07-19",表扬,"0500",20
638,"2022-07-19",举报,"0600",29
639,"2022-07-19",无效,"0700",85
640,"2022-07-19",其他,"9999",389
641,"2022-07-20",咨询,"0100",16
642,"2022-07-20",投诉,"0200",50
643,"2022-07-20",意见建议,"0300",14
644,"2022-07-20",求助,"0400",27
645,"2022-07-20",表扬,"0500",64
646,"2022-07-20",举报,"0600",55
647,"2022-07-20",无效,"0700",57
648,"2022-07-20",其他,"9999",197
649,"2022-07-21",咨询,"0100",63
650,"2022-07-21",投诉,"0200",10
651,"2022-07-21",意见建议,"0300",27
652,"2022-07-21",求助,"0400",85
653,"2022-07-21",表扬,"0500",13
654,"2022-07-21",举报,"0600",141
655,"2022-07-21",无效,"0700",30
656,"2022-07-21",其他,"9999",311
657,"2022-07-22",咨询,"0100",72
658,"2022-07-22",投诉,"0200",97
659,"2022-07-22",意见建议,"0300",22
660,"2022-07-22",求助,"0400",90
661,"2022-07-22",表扬,"0500",29
662,"2022-07-22",举报,"0600",122
663,"2022-07-22",无效,"0700",71
664,"2022-07-22",其他,"9999",259
665,"2022-07-23",咨询,"0100",19
666,"2022-07-23",投诉,"0200",25
667,"2022-07-23",意见建议,"0300",27
668,"2022-07-23",求助,"0400",7
669,"2022-07-23",表扬,"0500",6
670,"2022-07-23",举报,"0600",85
671,"2022-07-23",无效,"0700",22
672,"2022-07-23",其他,"9999",153
673,"2022-07-24",咨询,"0100",25
674,"2022-07-24",投诉,"0200",5
675,"2022-07-24",意见建议,"0300",43
676,"2022-07-24",求助,"0400",49
677,"2022-07-24",表扬,"0500",23
678,"2022-07-24",举报,"0600",10
679,"2022-07-24",无效,"0700",36
680,"2022-07-24",其他,"9999",132
681,"2022-07-25",咨询,"0100",55
682,"2022-07-25",投诉,"0200",52
683,"2022-07-25",意见建议,"0300",71
684,"2022-07-25",求助,"0400",46
685,"2022-07-25",表扬,"0500",39
686,"2022-07-25",举报,"0600",8
687,"2022-07-25",无效,"0700",125
688,"2022-07-25",其他,"9999",172
689,"2022-07-26",咨询,"0100",60
690,"2022-07-26",投诉,"0200",18
691,"2022-07-26",意见建议,"0300",77
692,"2022-07-26",求助,"0400",57
693,"2022-07-26",表扬,"0500",81
694,"2022-07-26",举报,"0600",117
695,"2022-07-26",无效,"0700",89
696,"2022-07-26",其他,"9999",199
697,"2022-07-27",咨询,"0100",19
698,"2022-07-27",投诉,"0200",55
699,"2022-07-27",意见建议,"0300",53
700,"2022-07-27",求助,"0400",138
701,"2022-07-27",表扬,"0500",140
702,"2022-07-27",举报,"0600",46
703,"2022-07-27",无效,"0700",78
704,"2022-07-27",其他,"9999",315
705,"2022-07-28",咨询,"0100",69
706,"2022-07-28",投诉,"0200",13
707,"2022-07-28",意见建议,"0300",15
708,"2022-07-28",求助,"0400",12
709,"2022-07-28",表扬,"0500",64
710,"2022-07-28",举报,"0600",57
711,"2022-07-28",无效,"0700",38
712,"2022-07-28",其他,"9999",300
713,"2022-07-29",咨询,"0100",8
714,"2022-07-29",投诉,"0200",123
715,"2022-07-29",意见建议,"0300",10
716,"2022-07-29",求助,"0400",120
717,"2022-07-29",表扬,"0500",14
718,"2022-07-29",举报,"0600",66
719,"2022-07-29",无效,"0700",272
720,"2022-07-29",其他,"9999",342
721,"2022-07-30",咨询,"0100",14
722,"2022-07-30",投诉,"0200",51
723,"2022-07-30",意见建议,"0300",71
724,"2022-07-30",求助,"0400",9
725,"2022-07-30",表扬,"0500",82
726,"2022-07-30",举报,"0600",29
727,"2022-07-30",无效,"0700",20
728,"2022-07-30",其他,"9999",281
729,"2022-07-31",咨询,"0100",75
730,"2022-07-31",投诉,"0200",16
731,"2022-07-31",意见建议,"0300",33
732,"2022-07-31",求助,"0400",72
733,"2022-07-31",表扬,"0500",95
734,"2022-07-31",举报,"0600",51
735,"2022-07-31",无效,"0700",102
736,"2022-07-31",其他,"9999",212
737,"2022-08-01",咨询,"0100",34
738,"2022-08-01",投诉,"0200",32
739,"2022-08-01",意见建议,"0300",21
740,"2022-08-01",求助,"0400",90
741,"2022-08-01",表扬,"0500",5
742,"2022-08-01",举报,"0600",122
743,"2022-08-01",无效,"0700",128
744,"2022-08-01",其他,"9999",237
745,"2022-08-02",咨询,"0100",8
746,"2022-08-02",投诉,"0200",9
747,"2022-08-02",意见建议,"0300",48
748,"2022-08-02",求助,"0400",48
749,"2022-08-02",表扬,"0500",17
750,"2022-08-02",举报,"0600",18
751,"2022-08-02",无效,"0700",17
752,"2022-08-02",其他,"9999",169
753,"2022-08-03",咨询,"0100",39
754,"2022-08-03",投诉,"0200",43
755,"2022-08-03",意见建议,"0300",34
756,"2022-08-03",求助,"0400",36
757,"2022-08-03",表扬,"0500",71
758,"2022-08-03",举报,"0600",63
759,"2022-08-03",无效,"0700",46
760,"2022-08-03",其他,"9999",119
761,"2022-08-04",咨询,"0100",106
762,"2022-08-04",投诉,"0200",97
763,"2022-08-04",意见建议,"0300",84
764,"2022-08-04",求助,"0400",69
765,"2022-08-04",表扬,"0500",72
766,"2022-08-04",举报,"0600",15
767,"2022-08-04",无效,"0700",71
768,"2022-08-04",其他,"9999",351
769,"2022-08-05",咨询,"0100",71
770,"2022-08-05",投诉,"0200",52
771,"2022-08-05",意见建议,"0300",8
772,"2022-08-05",求助,"0400",73
773,"2022-08-05",表扬,"0500",54
774,"2022-08-05",举报,"0600",101
775,"2022-08-05",无效,"0700",112
776,"2022-08-05",其他,"9999",148
777,"2022-08-06",咨询,"0100",66
778,"2022-08-06",投诉,"0200",33
779,"2022-08-06",意见建议,"0300",35
780,"2022-08-06",求助,"0400",59
781,"2022-08-06",表扬,"0500",89
782,"2022-08-06",举报,"0600",92
783,"2022-08-06",无效,"0700",138
784,"2022-08-06",其他,"9999",195
785,"2022-08-07",咨询,"0100",38
786,"2022-08-07",投诉,"0200",46
787,"2022-08-07",意见建议,"0300",7
788,"2022-08-07",求助,"0400",52
789,"2022-08-07",表扬,"0500",70
790,"2022-08-07",举报,"0600",25
791,"2022-08-07",无效,"0700",67
792,"2022-08-07",其他,"9999",191
793,"2022-08-08",咨询,"0100",64
794,"2022-08-08",投诉,"0200",18
795,"2022-08-08",意见建议,"0300",41
796,"2022-08-08",求助,"0400",63
797,"2022-08-08",表扬,"0500",74
798,"2022-08-08",举报,"0600",39
799,"2022-08-08",无效,"0700",62
800,"2022-08-08",其他,"9999",181
801,"2022-08-09",咨询,"0100",9
802,"2022-08-09",投诉,"0200",27
803,"2022-08-09",意见建议,"0300",32
804,"2022-08-09",求助,"0400",46
805,"2022-08-09",表扬,"0500",45
806,"2022-08-09",举报,"0600",41
807,"2022-08-09",无效,"0700",14
808,"2022-08-09",其他,"9999",90
809,"2022-08-10",咨询,"0100",38
810,"2022-08-10",投诉,"0200",22
811,"2022-08-10",意见建议,"0300",33
812,"2022-08-10",求助,"0400",31
813,"2022-08-10",表扬,"0500",14
814,"2022-08-10",举报,"0600",96
815,"2022-08-10",无效,"0700",6
816,"2022-08-10",其他,"9999",195
817,"2022-08-11",咨询,"0100",67
818,"2022-08-11",投诉,"0200",59
819,"2022-08-11",意见建议,"0300",43
820,"2022-08-11",求助,"0400",114
821,"2022-08-11",表扬,"0500",45
822,"2022-08-11",举报,"0600",50
823,"2022-08-11",无效,"0700",143
824,"2022-08-11",其他,"9999",237
825,"2022-08-12",咨询,"0100",47
826,"2022-08-12",投诉,"0200",21
827,"2022-08-12",意见建议,"0300",14
828,"2022-08-12",求助,"0400",15
829,"2022-08-12",表扬,"0500",65
830,"2022-08-12",举报,"0600",34
831,"2022-08-12",无效,"0700",65
832,"2022-08-12",其他,"9999",153
833,"2022-08-13",咨询,"0100",8
834,"2022-08-13",投诉,"0200",8
835,"2022-08-13",意见建议,"0300",9
836,"2022-08-13",求助,"0400",40
837,"2022-08-13",表扬,"0500",121
838,"2022-08-13",举报,"0600",85
839,"2022-08-13",无效,"0700",112
840,"2022-08-13",其他,"9999",187
841,"2022-08-14",咨询,"0100",8
842,"2022-08-14",投诉,"0200",33
843,"2022-08-14",意见建议,"0300",18
844,"2022-08-14",求助,"0400",40
845,"2022-08-14",表扬,"0500",31
846,"2022-08-14",举报,"0600",28
847,"2022-08-14",无效,"0700",13
848,"2022-08-14",其他,"9999",209
849,"2022-08-15",咨询,"0100",20
850,"2022-08-15",投诉,"0200",15
851,"2022-08-15",意见建议,"0300",23
852,"2022-08-15",求助,"0400",34
853,"2022-08-15",表扬,"0500",57
854,"2022-08-15",举报,"0600",46
855,"2022-08-15",无效,"0700",10
856,"2022-08-15",其他,"9999",200
857,"2022-08-16",咨询,"0100",82
858,"2022-08-16",投诉,"0200",97
859,"2022-08-16",意见建议,"0300",60
860,"2022-08-16",求助,"0400",28
861,"2022-08-16",表扬,"0500",34
862,"2022-08-16",举报,"0600",39
863,"2022-08-16",无效,"0700",192
864,"2022-08-16",其他,"9999",401
865,"2022-08-17",咨询,"0100",12
866,"2022-08-17",投诉,"0200",53
867,"2022-08-17",意见建议,"0300",45
868,"2022-08-17",求助,"0400",14
869,"2022-08-17",表扬,"0500",42
870,"2022-08-17",举报,"0600",66
871,"2022-08-17",无效,"0700",64
872,"2022-08-17",其他,"9999",148
873,"2022-08-18",咨询,"0100",37
874,"2022-08-18",投诉,"0200",71
875,"2022-08-18",意见建议,"0300",114
876,"2022-08-18",求助,"0400",98
877,"2022-08-18",表扬,"0500",73
878,"2022-08-18",举报,"0600",14
879,"2022-08-18",无效,"0700",65
880,"2022-08-18",其他,"9999",339
881,"2022-08-19",咨询,"0100",39
882,"2022-08-19",投诉,"0200",69
883,"2022-08-19",意见建议,"0300",107
884,"2022-08-19",求助,"0400",64
885,"2022-08-19",表扬,"0500",14
886,"2022-08-19",举报,"0600",56
887,"2022-08-19",无效,"0700",222
888,"2022-08-19",其他,"9999",332
889,"2022-08-20",咨询,"0100",13
890,"2022-08-20",投诉,"0200",65
891,"2022-08-20",意见建议,"0300",105
892,"2022-08-20",求助,"0400",115
893,"2022-08-20",表扬,"0500",14
894,"2022-08-20",举报,"0600",33
895,"2022-08-20",无效,"0700",192
896,"2022-08-20",其他,"9999",230
897,"2022-08-21",咨询,"0100",47
898,"2022-08-21",投诉,"0200",53
899,"2022-08-21",意见建议,"0300",48
900,"2022-08-21",求助,"0400",42
901,"2022-08-21",表扬,"0500",30
902,"2022-08-21",举报,"0600",47
903,"2022-08-21",无效,"0700",27
904,"2022-08-21",其他,"9999",145
905,"2022-08-22",咨询,"0100",21
906,"2022-08-22",投诉,"0200",83
907,"2022-08-22",意见建议,"0300",41
908,"2022-08-22",求助,"0400",51
909,"2022-08-22",表扬,"0500",84
910,"2022-08-22",举报,"0600",144
911,"2022-08-22",无效,"0700",89
912,"2022-08-22",其他,"9999",320
913,"2022-08-23",咨询,"0100",55
914,"2022-08-23",投诉,"0200",49
915,"2022-08-23",意见建议,"0300",36
916,"2022-08-23",求助,"0400",88
917,"2022-08-23",表扬,"0500",116
918,"2022-08-23",举报,"0600",57
919,"2022-08-23",无效,"0700",86
920,"2022-08-23",其他,"9999",241
921,"2022-08-24",咨询,"0100",16
922,"2022-08-24",投诉,"0200",8
923,"2022-08-24",意见建议,"0300",40
924,"2022-08-24",求助,"0400",99
925,"2022-08-24",表扬,"0500",13
926,"2022-08-24",举报,"0600",122
927,"2022-08-24",无效,"0700",127
928,"2022-08-24",其他,"9999",343
929,"2022-08-25",咨询,"0100",12
930,"2022-08-25",投诉,"0200",28
931,"2022-08-25",意见建议,"0300",22
932,"2022-08-25",求助,"0400",70
933,"2022-08-25",表扬,"0500",9
934,"2022-08-25",举报,"0600",56
935,"2022-08-25",无效,"0700",160
936,"2022-08-25",其他,"9999",314
937,"2022-08-26",咨询,"0100",29
938,"2022-08-26",投诉,"0200",29
939,"2022-08-26",意见建议,"0300",18
940,"2022-08-26",求助,"0400",13
941,"2022-08-26",表扬,"0500",52
942,"2022-08-26",举报,"0600",58
943,"2022-08-26",无效,"0700",35
944,"2022-08-26",其他,"9999",156
945,"2022-08-27",咨询,"0100",47
946,"2022-08-27",投诉,"0200",39
947,"2022-08-27",意见建议,"0300",75
948,"2022-08-27",求助,"0400",86
949,"2022-08-27",表扬,"0500",9
950,"2022-08-27",举报,"0600",124
951,"2022-08-27",无效,"0700",122
952,"2022-08-27",其他,"9999",234
953,"2022-08-28",咨询,"0100",14
954,"2022-08-28",投诉,"0200",13
955,"2022-08-28",意见建议,"0300",46
956,"2022-08-28",求助,"0400",43
957,"2022-08-28",表扬,"0500",34
958,"2022-08-28",举报,"0600",11
959,"2022-08-28",无效,"0700",103
960,"2022-08-28",其他,"9999",177
961,"2022-08-29",咨询,"0100",65
962,"2022-08-29",投诉,"0200",72
963,"2022-08-29",意见建议,"0300",77
964,"2022-08-29",求助,"0400",127
965,"2022-08-29",表扬,"0500",52
966,"2022-08-29",举报,"0600",75
967,"2022-08-29",无效,"0700",129
968,"2022-08-29",其他,"9999",318
969,"2022-08-30",咨询,"0100",59
970,"2022-08-30",投诉,"0200",51
971,"2022-08-30",意见建议,"0300",56
972,"2022-08-30",求助,"0400",74
973,"2022-08-30",表扬,"0500",84
974,"2022-08-30",举报,"0600",6
975,"2022-08-30",无效,"0700",48
976,"2022-08-30",其他,"9999",233
977,"2022-08-31",咨询,"0100",39
978,"2022-08-31",投诉,"0200",77
979,"2022-08-31",意见建议,"0300",51
980,"2022-08-31",求助,"0400",6
981,"2022-08-31",表扬,"0500",65
982,"2022-08-31",举报,"0600",47
983,"2022-08-31",无效,"0700",129
984,"2022-08-31",其他,"9999",185
985,"2022-09-01",咨询,"0100",52
986,"2022-09-01",投诉,"0200",78
987,"2022-09-01",意见建议,"0300",88
988,"2022-09-01",求助,"0400",56
989,"2022-09-01",表扬,"0500",109
990,"2022-09-01",举报,"0600",17
991,"2022-09-01",无效,"0700",127
992,"2022-09-01",其他,"9999",211
993,"2022-09-02",咨询,"0100",20
994,"2022-09-02",投诉,"0200",20
995,"2022-09-02",意见建议,"0300",32
996,"2022-09-02",求助,"0400",5
997,"2022-09-02",表扬,"0500",22
998,"2022-09-02",举报,"0600",69
999,"2022-09-02",无效,"0700",83
1000,"2022-09-02",其他,"9999",105
1001,"2022-09-03",咨询,"0100",22
1002,"2022-09-03",投诉,"0200",36
1003,"2022-09-03",意见建议,"0300",23
1004,"2022-09-03",求助,"0400",29
1005,"2022-09-03",表扬,"0500",11
1006,"2022-09-03",举报,"0600",35
1007,"2022-09-03",无效,"0700",78
1008,"2022-09-03",其他,"9999",90
1009,"2022-09-04",咨询,"0100",5
1010,"2022-09-04",投诉,"0200",69
1011,"2022-09-04",意见建议,"0300",109
1012,"2022-09-04",求助,"0400",40
1013,"2022-09-04",表扬,"0500",128
1014,"2022-09-04",举报,"0600",118
1015,"2022-09-04",无效,"0700",194
1016,"2022-09-04",其他,"9999",271
1017,"2022-09-05",咨询,"0100",50
1018,"2022-09-05",投诉,"0200",27
1019,"2022-09-05",意见建议,"0300",46
1020,"2022-09-05",求助,"0400",18
1021,"2022-09-05",表扬,"0500",50
1022,"2022-09-05",举报,"0600",44
1023,"2022-09-05",无效,"0700",29
1024,"2022-09-05",其他,"9999",159
1025,"2022-09-06",咨询,"0100",57
1026,"2022-09-06",投诉,"0200",104
1027,"2022-09-06",意见建议,"0300",26
1028,"2022-09-06",求助,"0400",50
1029,"2022-09-06",表扬,"0500",26
1030,"2022-09-06",举报,"0600",13
1031,"2022-09-06",无效,"0700",10
1032,"2022-09-06",其他,"9999",544
1033,"2022-09-07",咨询,"0100",5
1034,"2022-09-07",投诉,"0200",86
1035,"2022-09-07",意见建议,"0300",12
1036,"2022-09-07",求助,"0400",136
1037,"2022-09-07",表扬,"0500",104
1038,"2022-09-07",举报,"0600",70
1039,"2022-09-07",无效,"0700",161
1040,"2022-09-07",其他,"9999",308
1041,"2022-09-08",咨询,"0100",37
1042,"2022-09-08",投诉,"0200",15
1043,"2022-09-08",意见建议,"0300",19
1044,"2022-09-08",求助,"0400",31
1045,"2022-09-08",表扬,"0500",136
1046,"2022-09-08",举报,"0600",79
1047,"2022-09-08",无效,"0700",138
1048,"2022-09-08",其他,"9999",245
1049,"2022-09-09",咨询,"0100",75
1050,"2022-09-09",投诉,"0200",63
1051,"2022-09-09",意见建议,"0300",77
1052,"2022-09-09",求助,"0400",76
1053,"2022-09-09",表扬,"0500",95
1054,"2022-09-09",举报,"0600",69
1055,"2022-09-09",无效,"0700",8
1056,"2022-09-09",其他,"9999",288
1057,"2022-09-10",咨询,"0100",41
1058,"2022-09-10",投诉,"0200",44
1059,"2022-09-10",意见建议,"0300",57
1060,"2022-09-10",求助,"0400",38
1061,"2022-09-10",表扬,"0500",78
1062,"2022-09-10",举报,"0600",71
1063,"2022-09-10",无效,"0700",58
1064,"2022-09-10",其他,"9999",164
1065,"2022-09-11",咨询,"0100",8
1066,"2022-09-11",投诉,"0200",48
1067,"2022-09-11",意见建议,"0300",53
1068,"2022-09-11",求助,"0400",50
1069,"2022-09-11",表扬,"0500",21
1070,"2022-09-11",举报,"0600",73
1071,"2022-09-11",无效,"0700",48
1072,"2022-09-11",其他,"9999",173
1073,"2022-09-12",咨询,"0100",37
1074,"2022-09-12",投诉,"0200",11
1075,"2022-09-12",意见建议,"0300",39
1076,"2022-09-12",求助,"0400",17
1077,"2022-09-12",表扬,"0500",33
1078,"2022-09-12",举报,"0600",102
1079,"2022-09-12",无效,"0700",106
1080,"2022-09-12",其他,"9999",236
1081,"2022-09-13",咨询,"0100",53
1082,"2022-09-13",投诉,"0200",63
1083,"2022-09-13",意见建议,"0300",104
1084,"2022-09-13",求助,"0400",22
1085,"2022-09-13",表扬,"0500",20
1086,"2022-09-13",举报,"0600",105
1087,"2022-09-13",无效,"0700",263
1088,"2022-09-13",其他,"9999",355
1089,"2022-09-14",咨询,"0100",44
1090,"2022-09-14",投诉,"0200",51
1091,"2022-09-14",意见建议,"0300",27
1092,"2022-09-14",求助,"0400",22
1093,"2022-09-14",表扬,"0500",80
1094,"2022-09-14",举报,"0600",29
1095,"2022-09-14",无效,"0700",109
1096,"2022-09-14",其他,"9999",139
1097,"2022-09-15",咨询,"0100",17
1098,"2022-09-15",投诉,"0200",47
1099,"2022-09-15",意见建议,"0300",24
1100,"2022-09-15",求助,"0400",128
1101,"2022-09-15",表扬,"0500",41
1102,"2022-09-15",举报,"0600",137
1103,"2022-09-15",无效,"0700",68
1104,"2022-09-15",其他,"9999",365
1105,"2022-09-16",咨询,"0100",26
1106,"2022-09-16",投诉,"0200",31
1107,"2022-09-16",意见建议,"0300",12
1108,"2022-09-16",求助,"0400",41
1109,"2022-09-16",表扬,"0500",47
1110,"2022-09-16",举报,"0600",126
1111,"2022-09-16",无效,"0700",122
1112,"2022-09-16",其他,"9999",150
1113,"2022-09-17",咨询,"0100",8
1114,"2022-09-17",投诉,"0200",15
1115,"2022-09-17",意见建议,"0300",14
1116,"2022-09-17",求助,"0400",72
1117,"2022-09-17",表扬,"0500",22
1118,"2022-09-17",举报,"0600",91
1119,"2022-09-17",无效,"0700",180
1120,"2022-09-17",其他,"9999",184
1121,"2022-09-18",咨询,"0100",28
1122,"2022-09-18",投诉,"0200",17
1123,"2022-09-18",意见建议,"0300",24
1124,"2022-09-18",求助,"0400",43
1125,"2022-09-18",表扬,"0500",19
1126,"2022-09-18",举报,"0600",154
1127,"2022-09-18",无效,"0700",80
1128,"2022-09-18",其他,"9999",228
1129,"2022-09-19",咨询,"0100",103
1130,"2022-09-19",投诉,"0200",36
1131,"2022-09-19",意见建议,"0300",99
1132,"2022-09-19",求助,"0400",29
1133,"2022-09-19",表扬,"0500",23
1134,"2022-09-19",举报,"0600",25
1135,"2022-09-19",无效,"0700",99
1136,"2022-09-19",其他,"9999",461
1137,"2022-09-20",咨询,"0100",15
1138,"2022-09-20",投诉,"0200",75
1139,"2022-09-20",意见建议,"0300",20
1140,"2022-09-20",求助,"0400",65
1141,"2022-09-20",表扬,"0500",55
1142,"2022-09-20",举报,"0600",48
1143,"2022-09-20",无效,"0700",142
1144,"2022-09-20",其他,"9999",148
1145,"2022-09-21",咨询,"0100",106
1146,"2022-09-21",投诉,"0200",112
1147,"2022-09-21",意见建议,"0300",31
1148,"2022-09-21",求助,"0400",39
1149,"2022-09-21",表扬,"0500",142
1150,"2022-09-21",举报,"0600",33
1151,"2022-09-21",无效,"0700",114
1152,"2022-09-21",其他,"9999",356
1153,"2022-09-22",咨询,"0100",20
1154,"2022-09-22",投诉,"0200",6
1155,"2022-09-22",意见建议,"0300",63
1156,"2022-09-22",求助,"0400",64
1157,"2022-09-22",表扬,"0500",50
1158,"2022-09-22",举报,"0600",34
1159,"2022-09-22",无效,"0700",10
1160,"2022-09-22",其他,"9999",215
1161,"2022-09-23",咨询,"0100",58
1162,"2022-09-23",投诉,"0200",34
1163,"2022-09-23",意见建议,"0300",35
1164,"2022-09-23",求助,"0400",9
1165,"2022-09-23",表扬,"0500",25
1166,"2022-09-23",举报,"0600",83
1167,"2022-09-23",无效,"0700",56
1168,"2022-09-23",其他,"9999",219
1169,"2022-09-24",咨询,"0100",12
1170,"2022-09-24",投诉,"0200",15
1171,"2022-09-24",意见建议,"0300",104
1172,"2022-09-24",求助,"0400",112
1173,"2022-09-24",表扬,"0500",41
1174,"2022-09-24",举报,"0600",145
1175,"2022-09-24",无效,"0700",67
1176,"2022-09-24",其他,"9999",306
1177,"2022-09-25",咨询,"0100",20
1178,"2022-09-25",投诉,"0200",9
1179,"2022-09-25",意见建议,"0300",17
1180,"2022-09-25",求助,"0400",81
1181,"2022-09-25",表扬,"0500",19
1182,"2022-09-25",举报,"0600",150
1183,"2022-09-25",无效,"0700",31
1184,"2022-09-25",其他,"9999",297
1185,"2022-09-26",咨询,"0100",49
1186,"2022-09-26",投诉,"0200",124
1187,"2022-09-26",意见建议,"0300",127
1188,"2022-09-26",求助,"0400",13
1189,"2022-09-26",表扬,"0500",59
1190,"2022-09-26",举报,"0600",151
1191,"2022-09-26",无效,"0700",197
1192,"2022-09-26",其他,"9999",221
1193,"2022-09-27",咨询,"0100",52
1194,"2022-09-27",投诉,"0200",39
1195,"2022-09-27",意见建议,"0300",10
1196,"2022-09-27",求助,"0400",142
1197,"2022-09-27",表扬,"0500",125
1198,"2022-09-27",举报,"0600",23
1199,"2022-09-27",无效,"0700",65
1200,"2022-09-27",其他,"9999",441
1201,"2022-09-28",咨询,"0100",13
1202,"2022-09-28",投诉,"0200",30
1203,"2022-09-28",意见建议,"0300",76
1204,"2022-09-28",求助,"0400",6
1205,"2022-09-28",表扬,"0500",58
1206,"2022-09-28",举报,"0600",107
1207,"2022-09-28",无效,"0700",94
1208,"2022-09-28",其他,"9999",153
1209,"2022-09-29",咨询,"0100",52
1210,"2022-09-29",投诉,"0200",69
1211,"2022-09-29",意见建议,"0300",35
1212,"2022-09-29",求助,"0400",64
1213,"2022-09-29",表扬,"0500",47
1214,"2022-09-29",举报,"0600",66
1215,"2022-09-29",无效,"0700",116
1216,"2022-09-29",其他,"9999",145
1217,"2022-09-30",咨询,"0100",43
1218,"2022-09-30",投诉,"0200",57
1219,"2022-09-30",意见建议,"0300",114
1220,"2022-09-30",求助,"0400",104
1221,"2022-09-30",表扬,"0500",138
1222,"2022-09-30",举报,"0600",24
1223,"2022-09-30",无效,"0700",125
1224,"2022-09-30",其他,"9999",312
1225,"2022-10-01",咨询,"0100",55
1226,"2022-10-01",投诉,"0200",37
1227,"2022-10-01",意见建议,"0300",48
1228,"2022-10-01",求助,"0400",9
1229,"2022-10-01",表扬,"0500",125
1230,"2022-10-01",举报,"0600",99
1231,"2022-10-01",无效,"0700",66
1232,"2022-10-01",其他,"9999",256
1233,"2022-10-02",咨询,"0100",77
1234,"2022-10-02",投诉,"0200",20
1235,"2022-10-02",意见建议,"0300",58
1236,"2022-10-02",求助,"0400",93
1237,"2022-10-02",表扬,"0500",62
1238,"2022-10-02",举报,"0600",46
1239,"2022-10-02",无效,"0700",138
1240,"2022-10-02",其他,"9999",367
1241,"2022-10-03",咨询,"0100",91
1242,"2022-10-03",投诉,"0200",10
1243,"2022-10-03",意见建议,"0300",75
1244,"2022-10-03",求助,"0400",142
1245,"2022-10-03",表扬,"0500",132
1246,"2022-10-03",举报,"0600",126
1247,"2022-10-03",无效,"0700",161
1248,"2022-10-03",其他,"9999",245
1249,"2022-10-04",咨询,"0100",73
1250,"2022-10-04",投诉,"0200",30
1251,"2022-10-04",意见建议,"0300",32
1252,"2022-10-04",求助,"0400",77
1253,"2022-10-04",表扬,"0500",6
1254,"2022-10-04",举报,"0600",82
1255,"2022-10-04",无效,"0700",7
1256,"2022-10-04",其他,"9999",340
1257,"2022-10-05",咨询,"0100",35
1258,"2022-10-05",投诉,"0200",107
1259,"2022-10-05",意见建议,"0300",53
1260,"2022-10-05",求助,"0400",50
1261,"2022-10-05",表扬,"0500",21
1262,"2022-10-05",举报,"0600",236
1263,"2022-10-05",无效,"0700",24
1264,"2022-10-05",其他,"9999",457
1265,"2022-10-06",咨询,"0100",34
1266,"2022-10-06",投诉,"0200",20
1267,"2022-10-06",意见建议,"0300",34
1268,"2022-10-06",求助,"0400",36
1269,"2022-10-06",表扬,"0500",44
1270,"2022-10-06",举报,"0600",10
1271,"2022-10-06",无效,"0700",63
1272,"2022-10-06",其他,"9999",82
1273,"2022-10-07",咨询,"0100",41
1274,"2022-10-07",投诉,"0200",30
1275,"2022-10-07",意见建议,"0300",21
1276,"2022-10-07",求助,"0400",23
1277,"2022-10-07",表扬,"0500",70
1278,"2022-10-07",举报,"0600",75
1279,"2022-10-07",无效,"0700",67
1280,"2022-10-07",其他,"9999",91
1281,"2022-10-08",咨询,"0100",66
1282,"2022-10-08",投诉,"0200",36
1283,"2022-10-08",意见建议,"0300",36
1284,"2022-10-08",求助,"0400",12
1285,"2022-10-08",表扬,"0500",86
1286,"2022-10-08",举报,"0600",57
1287,"2022-10-08",无效,"0700",42
1288,"2022-10-08",其他,"9999",271
1289,"2022-10-09",咨询,"0100",5
1290,"2022-10-09",投诉,"0200",62
1291,"2022-10-09",意见建议,"0300",42
1292,"2022-10-09",求助,"0400",22
1293,"2022-10-09",表扬,"0500",78
1294,"2022-10-09",举报,"0600",11
1295,"2022-10-09",无效,"0700",65
1296,"2022-10-09",其他,"9999",285
1297,"2022-10-10",咨询,"0100",19
1298,"2022-10-10",投诉,"0200",71
1299,"2022-10-10",意见建议,"0300",11
1300,"2022-10-10",求助,"0400",115
1301,"2022-10-10",表扬,"0500",15
1302,"2022-10-10",举报,"0600",23
1303,"2022-10-10",无效,"0700",134
1304,"2022-10-10",其他,"9999",304
1305,"2022-10-11",咨询,"0100",69
1306,"2022-10-11",投诉,"0200",101
1307,"2022-10-11",意见建议,"0300",104
1308,"2022-10-11",求助,"0400",70
1309,"2022-10-11",表扬,"0500",5
1310,"2022-10-11",举报,"0600",169
1311,"2022-10-11",无效,"0700",23
1312,"2022-10-11",其他,"9999",448
1313,"2022-10-12",咨询,"0100",48
1314,"2022-10-12",投诉,"0200",70
1315,"2022-10-12",意见建议,"0300",25
1316,"2022-10-12",求助,"0400",71
1317,"2022-10-12",表扬,"0500",6
1318,"2022-10-12",举报,"0600",108
1319,"2022-10-12",无效,"0700",69
1320,"2022-10-12",其他,"9999",150
1321,"2022-10-13",咨询,"0100",34
1322,"2022-10-13",投诉,"0200",54
1323,"2022-10-13",意见建议,"0300",38
1324,"2022-10-13",求助,"0400",8
1325,"2022-10-13",表扬,"0500",13
1326,"2022-10-13",举报,"0600",95
1327,"2022-10-13",无效,"0700",146
1328,"2022-10-13",其他,"9999",165
1329,"2022-10-14",咨询,"0100",83
1330,"2022-10-14",投诉,"0200",72
1331,"2022-10-14",意见建议,"0300",29
1332,"2022-10-14",求助,"0400",93
1333,"2022-10-14",表扬,"0500",78
1334,"2022-10-14",举报,"0600",96
1335,"2022-10-14",无效,"0700",73
1336,"2022-10-14",其他,"9999",301
1337,"2022-10-15",咨询,"0100",94
1338,"2022-10-15",投诉,"0200",47
1339,"2022-10-15",意见建议,"0300",87
1340,"2022-10-15",求助,"0400",95
1341,"2022-10-15",表扬,"0500",116
1342,"2022-10-15",举报,"0600",6
1343,"2022-10-15",无效,"0700",31
1344,"2022-10-15",其他,"9999",434
1345,"2022-10-16",咨询,"0100",33
1346,"2022-10-16",投诉,"0200",15
1347,"2022-10-16",意见建议,"0300",67
1348,"2022-10-16",求助,"0400",7
1349,"2022-10-16",表扬,"0500",56
1350,"2022-10-16",举报,"0600",65
1351,"2022-10-16",无效,"0700",23
1352,"2022-10-16",其他,"9999",234
1353,"2022-10-17",咨询,"0100",13
1354,"2022-10-17",投诉,"0200",115
1355,"2022-10-17",意见建议,"0300",11
1356,"2022-10-17",求助,"0400",125
1357,"2022-10-17",表扬,"0500",43
1358,"2022-10-17",举报,"0600",64
1359,"2022-10-17",无效,"0700",76
1360,"2022-10-17",其他,"9999",404
1361,"2022-10-18",咨询,"0100",54
1362,"2022-10-18",投诉,"0200",39
1363,"2022-10-18",意见建议,"0300",41
1364,"2022-10-18",求助,"0400",17
1365,"2022-10-18",表扬,"0500",36
1366,"2022-10-18",举报,"0600",71
1367,"2022-10-18",无效,"0700",44
1368,"2022-10-18",其他,"9999",139
1369,"2022-10-19",咨询,"0100",91
1370,"2022-10-19",投诉,"0200",16
1371,"2022-10-19",意见建议,"0300",49
1372,"2022-10-19",求助,"0400",110
1373,"2022-10-19",表扬,"0500",36
1374,"2022-10-19",举报,"0600",126
1375,"2022-10-19",无效,"0700",75
1376,"2022-10-19",其他,"9999",225
1377,"2022-10-20",咨询,"0100",10
1378,"2022-10-20",投诉,"0200",25
1379,"2022-10-20",意见建议,"0300",49
1380,"2022-10-20",求助,"0400",50
1381,"2022-10-20",表扬,"0500",25
1382,"2022-10-20",举报,"0600",154
1383,"2022-10-20",无效,"0700",205
1384,"2022-10-20",其他,"9999",217
1385,"2022-10-21",咨询,"0100",14
1386,"2022-10-21",投诉,"0200",59
1387,"2022-10-21",意见建议,"0300",33
1388,"2022-10-21",求助,"0400",55
1389,"2022-10-21",表扬,"0500",46
1390,"2022-10-21",举报,"0600",38
1391,"2022-10-21",无效,"0700",65
1392,"2022-10-21",其他,"9999",169
1393,"2022-10-22",咨询,"0100",38
1394,"2022-10-22",投诉,"0200",19
1395,"2022-10-22",意见建议,"0300",5
1396,"2022-10-22",求助,"0400",29
1397,"2022-10-22",表扬,"0500",5
1398,"2022-10-22",举报,"0600",6
1399,"2022-10-22",无效,"0700",56
1400,"2022-10-22",其他,"9999",236
1401,"2022-10-23",咨询,"0100",23
1402,"2022-10-23",投诉,"0200",71
1403,"2022-10-23",意见建议,"0300",22
1404,"2022-10-23",求助,"0400",74
1405,"2022-10-23",表扬,"0500",57
1406,"2022-10-23",举报,"0600",71
1407,"2022-10-23",无效,"0700",67
1408,"2022-10-23",其他,"9999",153
1409,"2022-10-24",咨询,"0100",96
1410,"2022-10-24",投诉,"0200",45
1411,"2022-10-24",意见建议,"0300",91
1412,"2022-10-24",求助,"0400",16
1413,"2022-10-24",表扬,"0500",38
1414,"2022-10-24",举报,"0600",107
1415,"2022-10-24",无效,"0700",146
1416,"2022-10-24",其他,"9999",304
1417,"2022-10-25",咨询,"0100",96
1418,"2022-10-25",投诉,"0200",96
1419,"2022-10-25",意见建议,"0300",62
1420,"2022-10-25",求助,"0400",13
1421,"2022-10-25",表扬,"0500",141
1422,"2022-10-25",举报,"0600",113
1423,"2022-10-25",无效,"0700",175
1424,"2022-10-25",其他,"9999",240
1425,"2022-10-26",咨询,"0100",16
1426,"2022-10-26",投诉,"0200",30
1427,"2022-10-26",意见建议,"0300",30
1428,"2022-10-26",求助,"0400",33
1429,"2022-10-26",表扬,"0500",51
1430,"2022-10-26",举报,"0600",8
1431,"2022-10-26",无效,"0700",8
1432,"2022-10-26",其他,"9999",220
1433,"2022-10-27",咨询,"0100",63
1434,"2022-10-27",投诉,"0200",28
1435,"2022-10-27",意见建议,"0300",12
1436,"2022-10-27",求助,"0400",76
1437,"2022-10-27",表扬,"0500",69
1438,"2022-10-27",举报,"0600",9
1439,"2022-10-27",无效,"0700",112
1440,"2022-10-27",其他,"9999",208
1441,"2022-10-28",咨询,"0100",11
1442,"2022-10-28",投诉,"0200",56
1443,"2022-10-28",意见建议,"0300",17
1444,"2022-10-28",求助,"0400",5
1445,"2022-10-28",表扬,"0500",5
1446,"2022-10-28",举报,"0600",79
1447,"2022-10-28",无效,"0700",93
1448,"2022-10-28",其他,"9999",176
1449,"2022-10-29",咨询,"0100",91
1450,"2022-10-29",投诉,"0200",28
1451,"2022-10-29",意见建议,"0300",112
1452,"2022-10-29",求助,"0400",7
1453,"2022-10-29",表扬,"0500",81
1454,"2022-10-29",举报,"0600",66
1455,"2022-10-29",无效,"0700",189
1456,"2022-10-29",其他,"9999",251
1457,"2022-10-30",咨询,"0100",24
1458,"2022-10-30",投诉,"0200",12
1459,"2022-10-30",意见建议,"0300",19
1460,"2022-10-30",求助,"0400",28
1461,"2022-10-30",表扬,"0500",16
1462,"2022-10-30",举报,"0600",18
1463,"2022-10-30",无效,"0700",70
1464,"2022-10-30",其他,"9999",213
1465,"2022-10-31",咨询,"0100",26
1466,"2022-10-31",投诉,"0200",32
1467,"2022-10-31",意见建议,"0300",14
1468,"2022-10-31",求助,"0400",30
1469,"2022-10-31",表扬,"0500",56
1470,"2022-10-31",举报,"0600",25
1471,"2022-10-31",无效,"0700",67
1472,"2022-10-31",其他,"9999",88
1473,"2022-11-01",咨询,"0100",33
1474,"2022-11-01",投诉,"0200",92
1475,"2022-11-01",意见建议,"0300",11
1476,"2022-11-01",求助,"0400",139
1477,"2022-11-01",表扬,"0500",81
1478,"2022-11-01",举报,"0600",100
1479,"2022-11-01",无效,"0700",50
1480,"2022-11-01",其他,"9999",355
1481,"2022-11-02",咨询,"0100",36
1482,"2022-11-02",投诉,"0200",61
1483,"2022-11-02",意见建议,"0300",40
1484,"2022-11-02",求助,"0400",12
1485,"2022-11-02",表扬,"0500",36
1486,"2022-11-02",举报,"0600",41
1487,"2022-11-02",无效,"0700",155
1488,"2022-11-02",其他,"9999",275
1489,"2022-11-03",咨询,"0100",83
1490,"2022-11-03",投诉,"0200",65
1491,"2022-11-03",意见建议,"0300",90
1492,"2022-11-03",求助,"0400",64
1493,"2022-11-03",表扬,"0500",56
1494,"2022-11-03",举报,"0600",85
1495,"2022-11-03",无效,"0700",191
1496,"2022-11-03",其他,"9999",275
1497,"2022-11-04",咨询,"0100",11
1498,"2022-11-04",投诉,"0200",20
1499,"2022-11-04",意见建议,"0300",51
1500,"2022-11-04",求助,"0400",29
1501,"2022-11-04",表扬,"0500",42
1502,"2022-11-04",举报,"0600",15
1503,"2022-11-04",无效,"0700",51
1504,"2022-11-04",其他,"9999",191
1505,"2022-11-05",咨询,"0100",55
1506,"2022-11-05",投诉,"0200",18
1507,"2022-11-05",意见建议,"0300",80
1508,"2022-11-05",求助,"0400",88
1509,"2022-11-05",表扬,"0500",63
1510,"2022-11-05",举报,"0600",22
1511,"2022-11-05",无效,"0700",134
1512,"2022-11-05",其他,"9999",199
1513,"2022-11-06",咨询,"0100",16
1514,"2022-11-06",投诉,"0200",93
1515,"2022-11-06",意见建议,"0300",74
1516,"2022-11-06",求助,"0400",43
1517,"2022-11-06",表扬,"0500",109
1518,"2022-11-06",举报,"0600",102
1519,"2022-11-06",无效,"0700",36
1520,"2022-11-06",其他,"9999",280
1521,"2022-11-07",咨询,"0100",27
1522,"2022-11-07",投诉,"0200",43
1523,"2022-11-07",意见建议,"0300",43
1524,"2022-11-07",求助,"0400",19
1525,"2022-11-07",表扬,"0500",99
1526,"2022-11-07",举报,"0600",110
1527,"2022-11-07",无效,"0700",100
1528,"2022-11-07",其他,"9999",125
1529,"2022-11-08",咨询,"0100",61
1530,"2022-11-08",投诉,"0200",71
1531,"2022-11-08",意见建议,"0300",93
1532,"2022-11-08",求助,"0400",22
1533,"2022-11-08",表扬,"0500",78
1534,"2022-11-08",举报,"0600",79
1535,"2022-11-08",无效,"0700",13
1536,"2022-11-08",其他,"9999",318
1537,"2022-11-09",咨询,"0100",80
1538,"2022-11-09",投诉,"0200",18
1539,"2022-11-09",意见建议,"0300",142
1540,"2022-11-09",求助,"0400",145
1541,"2022-11-09",表扬,"0500",85
1542,"2022-11-09",举报,"0600",54
1543,"2022-11-09",无效,"0700",185
1544,"2022-11-09",其他,"9999",287
1545,"2022-11-10",咨询,"0100",80
1546,"2022-11-10",投诉,"0200",27
1547,"2022-11-10",意见建议,"0300",80
1548,"2022-11-10",求助,"0400",10
1549,"2022-11-10",表扬,"0500",100
1550,"2022-11-10",举报,"0600",38
1551,"2022-11-10",无效,"0700",89
1552,"2022-11-10",其他,"9999",375
1553,"2022-11-11",咨询,"0100",42
1554,"2022-11-11",投诉,"0200",9
1555,"2022-11-11",意见建议,"0300",29
1556,"2022-11-11",求助,"0400",55
1557,"2022-11-11",表扬,"0500",48
1558,"2022-11-11",举报,"0600",45
1559,"2022-11-11",无效,"0700",145
1560,"2022-11-11",其他,"9999",173
1561,"2022-11-12",咨询,"0100",39
1562,"2022-11-12",投诉,"0200",95
1563,"2022-11-12",意见建议,"0300",103
1564,"2022-11-12",求助,"0400",82
1565,"2022-11-12",表扬,"0500",139
1566,"2022-11-12",举报,"0600",134
1567,"2022-11-12",无效,"0700",134
1568,"2022-11-12",其他,"9999",176
1569,"2022-11-13",咨询,"0100",103
1570,"2022-11-13",投诉,"0200",128
1571,"2022-11-13",意见建议,"0300",117
1572,"2022-11-13",求助,"0400",105
1573,"2022-11-13",表扬,"0500",115
1574,"2022-11-13",举报,"0600",12
1575,"2022-11-13",无效,"0700",16
1576,"2022-11-13",其他,"9999",404
1577,"2022-11-14",咨询,"0100",110
1578,"2022-11-14",投诉,"0200",66
1579,"2022-11-14",意见建议,"0300",78
1580,"2022-11-14",求助,"0400",64
1581,"2022-11-14",表扬,"0500",122
1582,"2022-11-14",举报,"0600",22
1583,"2022-11-14",无效,"0700",163
1584,"2022-11-14",其他,"9999",291
1585,"2022-11-15",咨询,"0100",5
1586,"2022-11-15",投诉,"0200",15
1587,"2022-11-15",意见建议,"0300",32
1588,"2022-11-15",求助,"0400",71
1589,"2022-11-15",表扬,"0500",68
1590,"2022-11-15",举报,"0600",10
1591,"2022-11-15",无效,"0700",14
1592,"2022-11-15",其他,"9999",196
1593,"2022-11-16",咨询,"0100",36
1594,"2022-11-16",投诉,"0200",13
1595,"2022-11-16",意见建议,"0300",39
1596,"2022-11-16",求助,"0400",40
1597,"2022-11-16",表扬,"0500",18
1598,"2022-11-16",举报,"0600",95
1599,"2022-11-16",无效,"0700",45
1600,"2022-11-16",其他,"9999",162
1601,"2022-11-17",咨询,"0100",18
1602,"2022-11-17",投诉,"0200",37
1603,"2022-11-17",意见建议,"0300",53
1604,"2022-11-17",求助,"0400",90
1605,"2022-11-17",表扬,"0500",20
1606,"2022-11-17",举报,"0600",111
1607,"2022-11-17",无效,"0700",11
1608,"2022-11-17",其他,"9999",223
1609,"2022-11-18",咨询,"0100",87
1610,"2022-11-18",投诉,"0200",12
1611,"2022-11-18",意见建议,"0300",47
1612,"2022-11-18",求助,"0400",66
1613,"2022-11-18",表扬,"0500",36
1614,"2022-11-18",举报,"0600",6
1615,"2022-11-18",无效,"0700",188
1616,"2022-11-18",其他,"9999",297
1617,"2022-11-19",咨询,"0100",21
1618,"2022-11-19",投诉,"0200",52
1619,"2022-11-19",意见建议,"0300",17
1620,"2022-11-19",求助,"0400",58
1621,"2022-11-19",表扬,"0500",6
1622,"2022-11-19",举报,"0600",59
1623,"2022-11-19",无效,"0700",121
1624,"2022-11-19",其他,"9999",247
1625,"2022-11-20",咨询,"0100",14
1626,"2022-11-20",投诉,"0200",39
1627,"2022-11-20",意见建议,"0300",79
1628,"2022-11-20",求助,"0400",38
1629,"2022-11-20",表扬,"0500",21
1630,"2022-11-20",举报,"0600",98
1631,"2022-11-20",无效,"0700",97
1632,"2022-11-20",其他,"9999",285
1633,"2022-11-21",咨询,"0100",47
1634,"2022-11-21",投诉,"0200",25
1635,"2022-11-21",意见建议,"0300",41
1636,"2022-11-21",求助,"0400",28
1637,"2022-11-21",表扬,"0500",54
1638,"2022-11-21",举报,"0600",59
1639,"2022-11-21",无效,"0700",88
1640,"2022-11-21",其他,"9999",89
1641,"2022-11-22",咨询,"0100",14
1642,"2022-11-22",投诉,"0200",32
1643,"2022-11-22",意见建议,"0300",25
1644,"2022-11-22",求助,"0400",14
1645,"2022-11-22",表扬,"0500",16
1646,"2022-11-22",举报,"0600",42
1647,"2022-11-22",无效,"0700",86
1648,"2022-11-22",其他,"9999",87
1649,"2022-11-23",咨询,"0100",14
1650,"2022-11-23",投诉,"0200",24
1651,"2022-11-23",意见建议,"0300",14
1652,"2022-11-23",求助,"0400",83
1653,"2022-11-23",表扬,"0500",147
1654,"2022-11-23",举报,"0600",80
1655,"2022-11-23",无效,"0700",141
1656,"2022-11-23",其他,"9999",267
1657,"2022-11-24",咨询,"0100",99
1658,"2022-11-24",投诉,"0200",37
1659,"2022-11-24",意见建议,"0300",93
1660,"2022-11-24",求助,"0400",62
1661,"2022-11-24",表扬,"0500",18
1662,"2022-11-24",举报,"0600",33
1663,"2022-11-24",无效,"0700",163
1664,"2022-11-24",其他,"9999",366
1665,"2022-11-25",咨询,"0100",50
1666,"2022-11-25",投诉,"0200",44
1667,"2022-11-25",意见建议,"0300",54
1668,"2022-11-25",求助,"0400",45
1669,"2022-11-25",表扬,"0500",67
1670,"2022-11-25",举报,"0600",67
1671,"2022-11-25",无效,"0700",58
1672,"2022-11-25",其他,"9999",189
1673,"2022-11-26",咨询,"0100",17
1674,"2022-11-26",投诉,"0200",41
1675,"2022-11-26",意见建议,"0300",26
1676,"2022-11-26",求助,"0400",18
1677,"2022-11-26",表扬,"0500",43
1678,"2022-11-26",举报,"0600",23
1679,"2022-11-26",无效,"0700",33
1680,"2022-11-26",其他,"9999",118
1681,"2022-11-27",咨询,"0100",38
1682,"2022-11-27",投诉,"0200",21
1683,"2022-11-27",意见建议,"0300",10
1684,"2022-11-27",求助,"0400",11
1685,"2022-11-27",表扬,"0500",63
1686,"2022-11-27",举报,"0600",51
1687,"2022-11-27",无效,"0700",47
1688,"2022-11-27",其他,"9999",101
1689,"2022-11-28",咨询,"0100",65
1690,"2022-11-28",投诉,"0200",48
1691,"2022-11-28",意见建议,"0300",7
1692,"2022-11-28",求助,"0400",93
1693,"2022-11-28",表扬,"0500",81
1694,"2022-11-28",举报,"0600",87
1695,"2022-11-28",无效,"0700",21
1696,"2022-11-28",其他,"9999",373
1697,"2022-11-29",咨询,"0100",14
1698,"2022-11-29",投诉,"0200",28
1699,"2022-11-29",意见建议,"0300",8
1700,"2022-11-29",求助,"0400",54
1701,"2022-11-29",表扬,"0500",28
1702,"2022-11-29",举报,"0600",75
1703,"2022-11-29",无效,"0700",21
1704,"2022-11-29",其他,"9999",133
1705,"2022-11-30",咨询,"0100",5
1706,"2022-11-30",投诉,"0200",22
1707,"2022-11-30",意见建议,"0300",96
1708,"2022-11-30",求助,"0400",85
1709,"2022-11-30",表扬,"0500",26
1710,"2022-11-30",举报,"0600",33
1711,"2022-11-30",无效,"0700",8
1712,"2022-11-30",其他,"9999",429
1713,"2022-12-01",咨询,"0100",37
1714,"2022-12-01",投诉,"0200",43
1715,"2022-12-01",意见建议,"0300",92
1716,"2022-12-01",求助,"0400",50
1717,"2022-12-01",表扬,"0500",48
1718,"2022-12-01",举报,"0600",35
1719,"2022-12-01",无效,"0700",66
1720,"2022-12-01",其他,"9999",277
1721,"2022-12-02",咨询,"0100",40
1722,"2022-12-02",投诉,"0200",32
1723,"2022-12-02",意见建议,"0300",56
1724,"2022-12-02",求助,"0400",31
1725,"2022-12-02",表扬,"0500",78
1726,"2022-12-02",举报,"0600",46
1727,"2022-12-02",无效,"0700",136
1728,"2022-12-02",其他,"9999",143
1729,"2022-12-03",咨询,"0100",86
1730,"2022-12-03",投诉,"0200",13
1731,"2022-12-03",意见建议,"0300",52
1732,"2022-12-03",求助,"0400",115
1733,"2022-12-03",表扬,"0500",51
1734,"2022-12-03",举报,"0600",41
1735,"2022-12-03",无效,"0700",230
1736,"2022-12-03",其他,"9999",383
1737,"2022-12-04",咨询,"0100",67
1738,"2022-12-04",投诉,"0200",72
1739,"2022-12-04",意见建议,"0300",13
1740,"2022-12-04",求助,"0400",46
1741,"2022-12-04",表扬,"0500",71
1742,"2022-12-04",举报,"0600",23
1743,"2022-12-04",无效,"0700",102
1744,"2022-12-04",其他,"9999",213
1745,"2022-12-05",咨询,"0100",52
1746,"2022-12-05",投诉,"0200",72
1747,"2022-12-05",意见建议,"0300",35
1748,"2022-12-05",求助,"0400",45
1749,"2022-12-05",表扬,"0500",73
1750,"2022-12-05",举报,"0600",100
1751,"2022-12-05",无效,"0700",109
1752,"2022-12-05",其他,"9999",190
1753,"2022-12-06",咨询,"0100",26
1754,"2022-12-06",投诉,"0200",27
1755,"2022-12-06",意见建议,"0300",16
1756,"2022-12-06",求助,"0400",23
1757,"2022-12-06",表扬,"0500",55
1758,"2022-12-06",举报,"0600",24
1759,"2022-12-06",无效,"0700",143
1760,"2022-12-06",其他,"9999",164
1761,"2022-12-07",咨询,"0100",54
1762,"2022-12-07",投诉,"0200",7
1763,"2022-12-07",意见建议,"0300",14
1764,"2022-12-07",求助,"0400",38
1765,"2022-12-07",表扬,"0500",13
1766,"2022-12-07",举报,"0600",91
1767,"2022-12-07",无效,"0700",107
1768,"2022-12-07",其他,"9999",135
1769,"2022-12-08",咨询,"0100",24
1770,"2022-12-08",投诉,"0200",11
1771,"2022-12-08",意见建议,"0300",56
1772,"2022-12-08",求助,"0400",55
1773,"2022-12-08",表扬,"0500",20
1774,"2022-12-08",举报,"0600",97
1775,"2022-12-08",无效,"0700",62
1776,"2022-12-08",其他,"9999",163
1777,"2022-12-09",咨询,"0100",18
1778,"2022-12-09",投诉,"0200",69
1779,"2022-12-09",意见建议,"0300",68
1780,"2022-12-09",求助,"0400",44
1781,"2022-12-09",表扬,"0500",96
1782,"2022-12-09",举报,"0600",71
1783,"2022-12-09",无效,"0700",24
1784,"2022-12-09",其他,"9999",200
1785,"2022-12-10",咨询,"0100",29
1786,"2022-12-10",投诉,"0200",18
1787,"2022-12-10",意见建议,"0300",16
1788,"2022-12-10",求助,"0400",20
1789,"2022-12-10",表扬,"0500",39
1790,"2022-12-10",举报,"0600",40
1791,"2022-12-10",无效,"0700",69
1792,"2022-12-10",其他,"9999",76
1793,"2022-12-11",咨询,"0100",7
1794,"2022-12-11",投诉,"0200",24
1795,"2022-12-11",意见建议,"0300",49
1796,"2022-12-11",求助,"0400",26
1797,"2022-12-11",表扬,"0500",32
1798,"2022-12-11",举报,"0600",40
1799,"2022-12-11",无效,"0700",55
1800,"2022-12-11",其他,"9999",110
1801,"2022-12-12",咨询,"0100",61
1802,"2022-12-12",投诉,"0200",39
1803,"2022-12-12",意见建议,"0300",44
1804,"2022-12-12",求助,"0400",12
1805,"2022-12-12",表扬,"0500",77
1806,"2022-12-12",举报,"0600",6
1807,"2022-12-12",无效,"0700",70
1808,"2022-12-12",其他,"9999",215
1809,"2022-12-13",咨询,"0100",7
1810,"2022-12-13",投诉,"0200",60
1811,"2022-12-13",意见建议,"0300",54
1812,"2022-12-13",求助,"0400",59
1813,"2022-12-13",表扬,"0500",5
1814,"2022-12-13",举报,"0600",140
1815,"2022-12-13",无效,"0700",136
1816,"2022-12-13",其他,"9999",173
1817,"2022-12-14",咨询,"0100",101
1818,"2022-12-14",投诉,"0200",37
1819,"2022-12-14",意见建议,"0300",70
1820,"2022-12-14",求助,"0400",37
1821,"2022-12-14",表扬,"0500",148
1822,"2022-12-14",举报,"0600",151
1823,"2022-12-14",无效,"0700",32
1824,"2022-12-14",其他,"9999",314
1825,"2022-12-15",咨询,"0100",33
1826,"2022-12-15",投诉,"0200",21
1827,"2022-12-15",意见建议,"0300",8
1828,"2022-12-15",求助,"0400",36
1829,"2022-12-15",表扬,"0500",14
1830,"2022-12-15",举报,"0600",9
1831,"2022-12-15",无效,"0700",73
1832,"2022-12-15",其他,"9999",119
1833,"2022-12-16",咨询,"0100",52
1834,"2022-12-16",投诉,"0200",57
1835,"2022-12-16",意见建议,"0300",79
1836,"2022-12-16",求助,"0400",69
1837,"2022-12-16",表扬,"0500",80
1838,"2022-12-16",举报,"0600",134
1839,"2022-12-16",无效,"0700",39
1840,"2022-12-16",其他,"9999",473
1841,"2022-12-17",咨询,"0100",90
1842,"2022-12-17",投诉,"0200",32
1843,"2022-12-17",意见建议,"0300",53
1844,"2022-12-17",求助,"0400",119
1845,"2022-12-17",表扬,"0500",97
1846,"2022-12-17",举报,"0600",66
1847,"2022-12-17",无效,"0700",106
1848,"2022-12-17",其他,"9999",235
1849,"2022-12-18",咨询,"0100",65
1850,"2022-12-18",投诉,"0200",25
1851,"2022-12-18",意见建议,"0300",51
1852,"2022-12-18",求助,"0400",136
1853,"2022-12-18",表扬,"0500",10
1854,"2022-12-18",举报,"0600",186
1855,"2022-12-18",无效,"0700",56
1856,"2022-12-18",其他,"9999",325
1857,"2022-12-19",咨询,"0100",91
1858,"2022-12-19",投诉,"0200",118
1859,"2022-12-19",意见建议,"0300",70
1860,"2022-12-19",求助,"0400",43
1861,"2022-12-19",表扬,"0500",11
1862,"2022-12-19",举报,"0600",34
1863,"2022-12-19",无效,"0700",145
1864,"2022-12-19",其他,"9999",419
1865,"2022-12-20",咨询,"0100",39
1866,"2022-12-20",投诉,"0200",49
1867,"2022-12-20",意见建议,"0300",51
1868,"2022-12-20",求助,"0400",12
1869,"2022-12-20",表扬,"0500",65
1870,"2022-12-20",举报,"0600",15
1871,"2022-12-20",无效,"0700",51
1872,"2022-12-20",其他,"9999",145
1873,"2022-12-21",咨询,"0100",29
1874,"2022-12-21",投诉,"0200",61
1875,"2022-12-21",意见建议,"0300",6
1876,"2022-12-21",求助,"0400",21
1877,"2022-12-21",表扬,"0500",53
1878,"2022-12-21",举报,"0600",19
1879,"2022-12-21",无效,"0700",104
1880,"2022-12-21",其他,"9999",177
1881,"2022-12-22",咨询,"0100",47
1882,"2022-12-22",投诉,"0200",36
1883,"2022-12-22",意见建议,"0300",47
1884,"2022-12-22",求助,"0400",16
1885,"2022-12-22",表扬,"0500",32
1886,"2022-12-22",举报,"0600",39
1887,"2022-12-22",无效,"0700",114
1888,"2022-12-22",其他,"9999",127
1889,"2022-12-23",咨询,"0100",25
1890,"2022-12-23",投诉,"0200",45
1891,"2022-12-23",意见建议,"0300",66
1892,"2022-12-23",求助,"0400",39
1893,"2022-12-23",表扬,"0500",55
1894,"2022-12-23",举报,"0600",63
1895,"2022-12-23",无效,"0700",6
1896,"2022-12-23",其他,"9999",211
1897,"2022-12-24",咨询,"0100",33
1898,"2022-12-24",投诉,"0200",10
1899,"2022-12-24",意见建议,"0300",51
1900,"2022-12-24",求助,"0400",98
1901,"2022-12-24",表扬,"0500",24
1902,"2022-12-24",举报,"0600",39
1903,"2022-12-24",无效,"0700",215
1904,"2022-12-24",其他,"9999",275
1905,"2022-12-25",咨询,"0100",18
1906,"2022-12-25",投诉,"0200",11
1907,"2022-12-25",意见建议,"0300",99
1908,"2022-12-25",求助,"0400",25
1909,"2022-12-25",表扬,"0500",108
1910,"2022-12-25",举报,"0600",44
1911,"2022-12-25",无效,"0700",70
1912,"2022-12-25",其他,"9999",264
1913,"2022-12-26",咨询,"0100",72
1914,"2022-12-26",投诉,"0200",71
1915,"2022-12-26",意见建议,"0300",35
1916,"2022-12-26",求助,"0400",26
1917,"2022-12-26",表扬,"0500",104
1918,"2022-12-26",举报,"0600",19
1919,"2022-12-26",无效,"0700",114
1920,"2022-12-26",其他,"9999",247
1921,"2022-12-27",咨询,"0100",70
1922,"2022-12-27",投诉,"0200",29
1923,"2022-12-27",意见建议,"0300",48
1924,"2022-12-27",求助,"0400",5
1925,"2022-12-27",表扬,"0500",87
1926,"2022-12-27",举报,"0600",74
1927,"2022-12-27",无效,"0700",117
1928,"2022-12-27",其他,"9999",227
1929,"2022-12-28",咨询,"0100",46
1930,"2022-12-28",投诉,"0200",21
1931,"2022-12-28",意见建议,"0300",17
1932,"2022-12-28",求助,"0400",54
1933,"2022-12-28",表扬,"0500",53
1934,"2022-12-28",举报,"0600",79
1935,"2022-12-28",无效,"0700",79
1936,"2022-12-28",其他,"9999",106
1937,"2022-12-29",咨询,"0100",25
1938,"2022-12-29",投诉,"0200",22
1939,"2022-12-29",意见建议,"0300",23
1940,"2022-12-29",求助,"0400",13
1941,"2022-12-29",表扬,"0500",5
1942,"2022-12-29",举报,"0600",85
1943,"2022-12-29",无效,"0700",72
1944,"2022-12-29",其他,"9999",118
1945,"2022-12-30",咨询,"0100",58
1946,"2022-12-30",投诉,"0200",35
1947,"2022-12-30",意见建议,"0300",44
1948,"2022-12-30",求助,"0400",83
1949,"2022-12-30",表扬,"0500",77
1950,"2022-12-30",举报,"0600",57
1951,"2022-12-30",无效,"0700",155
1952,"2022-12-30",其他,"9999",179
1953,"2022-12-31",咨询,"0100",45
1954,"2022-12-31",投诉,"0200",68
1955,"2022-12-31",意见建议,"0300",15
1956,"2022-12-31",求助,"0400",58
1957,"2022-12-31",表扬,"0500",60
1958,"2022-12-31",举报,"0600",35
1959,"2022-12-31",无效,"0700",23
1960,"2022-12-31",其他,"9999",394
1961,"2023-01-01",咨询,"0100",110
1962,"2023-01-01",投诉,"0200",108
1963,"2023-01-01",意见建议,"0300",95
1964,"2023-01-01",求助,"0400",30
1965,"2023-01-01",表扬,"0500",15
1966,"2023-01-01",举报,"0600",104
1967,"2023-01-01",无效,"0700",22
1968,"2023-01-01",其他,"9999",405
1969,"2023-01-02",咨询,"0100",8
1970,"2023-01-02",投诉,"0200",54
1971,"2023-01-02",意见建议,"0300",17
1972,"2023-01-02",求助,"0400",53
1973,"2023-01-02",表扬,"0500",56
1974,"2023-01-02",举报,"0600",22
1975,"2023-01-02",无效,"0700",13
1976,"2023-01-02",其他,"9999",170
1977,"2023-01-03",咨询,"0100",19
1978,"2023-01-03",投诉,"0200",55
1979,"2023-01-03",意见建议,"0300",14
1980,"2023-01-03",求助,"0400",15
1981,"2023-01-03",表扬,"0500",31
1982,"2023-01-03",举报,"0600",16
1983,"2023-01-03",无效,"0700",50
1984,"2023-01-03",其他,"9999",335
1985,"2023-01-04",咨询,"0100",28
1986,"2023-01-04",投诉,"0200",37
1987,"2023-01-04",意见建议,"0300",58
1988,"2023-01-04",求助,"0400",45
1989,"2023-01-04",表扬,"0500",64
1990,"2023-01-04",举报,"0600",31
1991,"2023-01-04",无效,"0700",44
1992,"2023-01-04",其他,"9999",119
1993,"2023-01-05",咨询,"0100",29
1994,"2023-01-05",投诉,"0200",84
1995,"2023-01-05",意见建议,"0300",64
1996,"2023-01-05",求助,"0400",66
1997,"2023-01-05",表扬,"0500",84
1998,"2023-01-05",举报,"0600",113
1999,"2023-01-05",无效,"0700",86
2000,"2023-01-05",其他,"9999",358
2001,"2023-01-06",咨询,"0100",33
2002,"2023-01-06",投诉,"0200",90
2003,"2023-01-06",意见建议,"0300",19
2004,"2023-01-06",求助,"0400",97
2005,"2023-01-06",表扬,"0500",45
2006,"2023-01-06",举报,"0600",139
2007,"2023-01-06",无效,"0700",167
2008,"2023-01-06",其他,"9999",233
2009,"2023-01-07",咨询,"0100",43
2010,"2023-01-07",投诉,"0200",52
2011,"2023-01-07",意见建议,"0300",36
2012,"2023-01-07",求助,"0400",121
2013,"2023-01-07",表扬,"0500",110
2014,"2023-01-07",举报,"0600",107
2015,"2023-01-07",无效,"0700",46
2016,"2023-01-07",其他,"9999",270
2017,"2023-01-08",咨询,"0100",60
2018,"2023-01-08",投诉,"0200",72
2019,"2023-01-08",意见建议,"0300",68
2020,"2023-01-08",求助,"0400",103
2021,"2023-01-08",表扬,"0500",74
2022,"2023-01-08",举报,"0600",105
2023,"2023-01-08",无效,"0700",109
2024,"2023-01-08",其他,"9999",217
2025,"2023-01-09",咨询,"0100",21
2026,"2023-01-09",投诉,"0200",20
2027,"2023-01-09",意见建议,"0300",53
2028,"2023-01-09",求助,"0400",13
2029,"2023-01-09",表扬,"0500",42
2030,"2023-01-09",举报,"0600",28
2031,"2023-01-09",无效,"0700",27
2032,"2023-01-09",其他,"9999",163
2033,"2023-01-10",咨询,"0100",5
2034,"2023-01-10",投诉,"0200",50
2035,"2023-01-10",意见建议,"0300",27
2036,"2023-01-10",求助,"0400",53
2037,"2023-01-10",表扬,"0500",41
2038,"2023-01-10",举报,"0600",52
2039,"2023-01-10",无效,"0700",16
2040,"2023-01-10",其他,"9999",136
2041,"2023-01-11",咨询,"0100",57
2042,"2023-01-11",投诉,"0200",6
2043,"2023-01-11",意见建议,"0300",63
2044,"2023-01-11",求助,"0400",56
2045,"2023-01-11",表扬,"0500",89
2046,"2023-01-11",举报,"0600",119
2047,"2023-01-11",无效,"0700",119
2048,"2023-01-11",其他,"9999",154
2049,"2023-01-12",咨询,"0100",16
2050,"2023-01-12",投诉,"0200",42
2051,"2023-01-12",意见建议,"0300",17
2052,"2023-01-12",求助,"0400",39
2053,"2023-01-12",表扬,"0500",102
2054,"2023-01-12",举报,"0600",137
2055,"2023-01-12",无效,"0700",56
2056,"2023-01-12",其他,"9999",439
2057,"2023-01-13",咨询,"0100",80
2058,"2023-01-13",投诉,"0200",59
2059,"2023-01-13",意见建议,"0300",7
2060,"2023-01-13",求助,"0400",132
2061,"2023-01-13",表扬,"0500",91
2062,"2023-01-13",举报,"0600",69
2063,"2023-01-13",无效,"0700",164
2064,"2023-01-13",其他,"9999",275
2065,"2023-01-14",咨询,"0100",12
2066,"2023-01-14",投诉,"0200",78
2067,"2023-01-14",意见建议,"0300",105
2068,"2023-01-14",求助,"0400",6
2069,"2023-01-14",表扬,"0500",24
2070,"2023-01-14",举报,"0600",12
2071,"2023-01-14",无效,"0700",195
2072,"2023-01-14",其他,"9999",308
2073,"2023-01-15",咨询,"0100",19
2074,"2023-01-15",投诉,"0200",29
2075,"2023-01-15",意见建议,"0300",20
2076,"2023-01-15",求助,"0400",7
2077,"2023-01-15",表扬,"0500",70
2078,"2023-01-15",举报,"0600",91
2079,"2023-01-15",无效,"0700",126
2080,"2023-01-15",其他,"9999",147
2081,"2023-01-16",咨询,"0100",76
2082,"2023-01-16",投诉,"0200",88
2083,"2023-01-16",意见建议,"0300",59
2084,"2023-01-16",求助,"0400",125
2085,"2023-01-16",表扬,"0500",25
2086,"2023-01-16",举报,"0600",145
2087,"2023-01-16",无效,"0700",100
2088,"2023-01-16",其他,"9999",289
2089,"2023-01-17",咨询,"0100",12
2090,"2023-01-17",投诉,"0200",42
2091,"2023-01-17",意见建议,"0300",13
2092,"2023-01-17",求助,"0400",7
2093,"2023-01-17",表扬,"0500",42
2094,"2023-01-17",举报,"0600",169
2095,"2023-01-17",无效,"0700",128
2096,"2023-01-17",其他,"9999",218
2097,"2023-01-18",咨询,"0100",13
2098,"2023-01-18",投诉,"0200",58
2099,"2023-01-18",意见建议,"0300",73
2100,"2023-01-18",求助,"0400",65
2101,"2023-01-18",表扬,"0500",78
2102,"2023-01-18",举报,"0600",10
2103,"2023-01-18",无效,"0700",17
2104,"2023-01-18",其他,"9999",266
2105,"2023-01-19",咨询,"0100",37
2106,"2023-01-19",投诉,"0200",13
2107,"2023-01-19",意见建议,"0300",63
2108,"2023-01-19",求助,"0400",58
2109,"2023-01-19",表扬,"0500",23
2110,"2023-01-19",举报,"0600",12
2111,"2023-01-19",无效,"0700",37
2112,"2023-01-19",其他,"9999",251
2113,"2023-01-20",咨询,"0100",37
2114,"2023-01-20",投诉,"0200",8
2115,"2023-01-20",意见建议,"0300",70
2116,"2023-01-20",求助,"0400",24
2117,"2023-01-20",表扬,"0500",28
2118,"2023-01-20",举报,"0600",119
2119,"2023-01-20",无效,"0700",108
2120,"2023-01-20",其他,"9999",247
2121,"2023-01-21",咨询,"0100",22
2122,"2023-01-21",投诉,"0200",19
2123,"2023-01-21",意见建议,"0300",77
2124,"2023-01-21",求助,"0400",60
2125,"2023-01-21",表扬,"0500",35
2126,"2023-01-21",举报,"0600",85
2127,"2023-01-21",无效,"0700",25
2128,"2023-01-21",其他,"9999",344
2129,"2023-01-22",咨询,"0100",11
2130,"2023-01-22",投诉,"0200",59
2131,"2023-01-22",意见建议,"0300",57
2132,"2023-01-22",求助,"0400",38
2133,"2023-01-22",表扬,"0500",53
2134,"2023-01-22",举报,"0600",32
2135,"2023-01-22",无效,"0700",45
2136,"2023-01-22",其他,"9999",132
2137,"2023-01-23",咨询,"0100",33
2138,"2023-01-23",投诉,"0200",72
2139,"2023-01-23",意见建议,"0300",8
2140,"2023-01-23",求助,"0400",152
2141,"2023-01-23",表扬,"0500",154
2142,"2023-01-23",举报,"0600",92
2143,"2023-01-23",无效,"0700",14
2144,"2023-01-23",其他,"9999",415
2145,"2023-01-24",咨询,"0100",31
2146,"2023-01-24",投诉,"0200",12
2147,"2023-01-24",意见建议,"0300",20
2148,"2023-01-24",求助,"0400",48
2149,"2023-01-24",表扬,"0500",72
2150,"2023-01-24",举报,"0600",91
2151,"2023-01-24",无效,"0700",126
2152,"2023-01-24",其他,"9999",132
2153,"2023-01-25",咨询,"0100",19
2154,"2023-01-25",投诉,"0200",65
2155,"2023-01-25",意见建议,"0300",14
2156,"2023-01-25",求助,"0400",77
2157,"2023-01-25",表扬,"0500",74
2158,"2023-01-25",举报,"0600",70
2159,"2023-01-25",无效,"0700",125
2160,"2023-01-25",其他,"9999",187
2161,"2023-01-26",咨询,"0100",50
2162,"2023-01-26",投诉,"0200",36
2163,"2023-01-26",意见建议,"0300",13
2164,"2023-01-26",求助,"0400",74
2165,"2023-01-26",表扬,"0500",70
2166,"2023-01-26",举报,"0600",126
2167,"2023-01-26",无效,"0700",152
2168,"2023-01-26",其他,"9999",185
2169,"2023-01-27",咨询,"0100",50
2170,"2023-01-27",投诉,"0200",76
2171,"2023-01-27",意见建议,"0300",5
2172,"2023-01-27",求助,"0400",43
2173,"2023-01-27",表扬,"0500",83
2174,"2023-01-27",举报,"0600",5
2175,"2023-01-27",无效,"0700",264
2176,"2023-01-27",其他,"9999",309
2177,"2023-01-28",咨询,"0100",47
2178,"2023-01-28",投诉,"0200",28
2179,"2023-01-28",意见建议,"0300",75
2180,"2023-01-28",求助,"0400",20
2181,"2023-01-28",表扬,"0500",56
2182,"2023-01-28",举报,"0600",56
2183,"2023-01-28",无效,"0700",11
2184,"2023-01-28",其他,"9999",255
2185,"2023-01-29",咨询,"0100",31
2186,"2023-01-29",投诉,"0200",47
2187,"2023-01-29",意见建议,"0300",29
2188,"2023-01-29",求助,"0400",52
2189,"2023-01-29",表扬,"0500",21
2190,"2023-01-29",举报,"0600",15
2191,"2023-01-29",无效,"0700",18
2192,"2023-01-29",其他,"9999",170
2193,"2023-01-30",咨询,"0100",5
2194,"2023-01-30",投诉,"0200",39
2195,"2023-01-30",意见建议,"0300",45
2196,"2023-01-30",求助,"0400",9
2197,"2023-01-30",表扬,"0500",23
2198,"2023-01-30",举报,"0600",85
2199,"2023-01-30",无效,"0700",86
2200,"2023-01-30",其他,"9999",109
2201,"2023-01-31",咨询,"0100",18
2202,"2023-01-31",投诉,"0200",35
2203,"2023-01-31",意见建议,"0300",30
2204,"2023-01-31",求助,"0400",88
2205,"2023-01-31",表扬,"0500",122
2206,"2023-01-31",举报,"0600",174
2207,"2023-01-31",无效,"0700",157
2208,"2023-01-31",其他,"9999",208
2209,"2023-02-01",咨询,"0100",26
2210,"2023-02-01",投诉,"0200",29
2211,"2023-02-01",意见建议,"0300",33
2212,"2023-02-01",求助,"0400",42
2213,"2023-02-01",表扬,"0500",10
2214,"2023-02-01",举报,"0600",44
2215,"2023-02-01",无效,"0700",59
2216,"2023-02-01",其他,"9999",102
2217,"2023-02-02",咨询,"0100",37
2218,"2023-02-02",投诉,"0200",9
2219,"2023-02-02",意见建议,"0300",5
2220,"2023-02-02",求助,"0400",26
2221,"2023-02-02",表扬,"0500",8
2222,"2023-02-02",举报,"0600",26
2223,"2023-02-02",无效,"0700",48
2224,"2023-02-02",其他,"9999",160
2225,"2023-02-03",咨询,"0100",32
2226,"2023-02-03",投诉,"0200",37
2227,"2023-02-03",意见建议,"0300",28
2228,"2023-02-03",求助,"0400",24
2229,"2023-02-03",表扬,"0500",180
2230,"2023-02-03",举报,"0600",200
2231,"2023-02-03",无效,"0700",191
2232,"2023-02-03",其他,"9999",257
2233,"2023-02-04",咨询,"0100",40
2234,"2023-02-04",投诉,"0200",57
2235,"2023-02-04",意见建议,"0300",71
2236,"2023-02-04",求助,"0400",94
2237,"2023-02-04",表扬,"0500",5
2238,"2023-02-04",举报,"0600",18
2239,"2023-02-04",无效,"0700",65
2240,"2023-02-04",其他,"9999",288
2241,"2023-02-05",咨询,"0100",12
2242,"2023-02-05",投诉,"0200",24
2243,"2023-02-05",意见建议,"0300",41
2244,"2023-02-05",求助,"0400",8
2245,"2023-02-05",表扬,"0500",22
2246,"2023-02-05",举报,"0600",45
2247,"2023-02-05",无效,"0700",42
2248,"2023-02-05",其他,"9999",126
2249,"2023-02-06",咨询,"0100",96
2250,"2023-02-06",投诉,"0200",41
2251,"2023-02-06",意见建议,"0300",56
2252,"2023-02-06",求助,"0400",34
2253,"2023-02-06",表扬,"0500",103
2254,"2023-02-06",举报,"0600",123
2255,"2023-02-06",无效,"0700",150
2256,"2023-02-06",其他,"9999",183
2257,"2023-02-07",咨询,"0100",30
2258,"2023-02-07",投诉,"0200",31
2259,"2023-02-07",意见建议,"0300",31
2260,"2023-02-07",求助,"0400",33
2261,"2023-02-07",表扬,"0500",28
2262,"2023-02-07",举报,"0600",50
2263,"2023-02-07",无效,"0700",41
2264,"2023-02-07",其他,"9999",67
2265,"2023-02-08",咨询,"0100",105
2266,"2023-02-08",投诉,"0200",30
2267,"2023-02-08",意见建议,"0300",106
2268,"2023-02-08",求助,"0400",148
2269,"2023-02-08",表扬,"0500",28
2270,"2023-02-08",举报,"0600",101
2271,"2023-02-08",无效,"0700",94
2272,"2023-02-08",其他,"9999",376
2273,"2023-02-09",咨询,"0100",9
2274,"2023-02-09",投诉,"0200",54
2275,"2023-02-09",意见建议,"0300",91
2276,"2023-02-09",求助,"0400",81
2277,"2023-02-09",表扬,"0500",41
2278,"2023-02-09",举报,"0600",117
2279,"2023-02-09",无效,"0700",82
2280,"2023-02-09",其他,"9999",191
2281,"2023-02-10",咨询,"0100",50
2282,"2023-02-10",投诉,"0200",41
2283,"2023-02-10",意见建议,"0300",7
2284,"2023-02-10",求助,"0400",30
2285,"2023-02-10",表扬,"0500",15
2286,"2023-02-10",举报,"0600",23
2287,"2023-02-10",无效,"0700",46
2288,"2023-02-10",其他,"9999",225
2289,"2023-02-11",咨询,"0100",21
2290,"2023-02-11",投诉,"0200",10
2291,"2023-02-11",意见建议,"0300",49
2292,"2023-02-11",求助,"0400",59
2293,"2023-02-11",表扬,"0500",20
2294,"2023-02-11",举报,"0600",47
2295,"2023-02-11",无效,"0700",110
2296,"2023-02-11",其他,"9999",131
2297,"2023-02-12",咨询,"0100",17
2298,"2023-02-12",投诉,"0200",41
2299,"2023-02-12",意见建议,"0300",31
2300,"2023-02-12",求助,"0400",78
2301,"2023-02-12",表扬,"0500",6
2302,"2023-02-12",举报,"0600",96
2303,"2023-02-12",无效,"0700",98
2304,"2023-02-12",其他,"9999",142
2305,"2023-02-13",咨询,"0100",67
2306,"2023-02-13",投诉,"0200",37
2307,"2023-02-13",意见建议,"0300",45
2308,"2023-02-13",求助,"0400",116
2309,"2023-02-13",表扬,"0500",102
2310,"2023-02-13",举报,"0600",20
2311,"2023-02-13",无效,"0700",23
2312,"2023-02-13",其他,"9999",400
2313,"2023-02-14",咨询,"0100",55
2314,"2023-02-14",投诉,"0200",15
2315,"2023-02-14",意见建议,"0300",127
2316,"2023-02-14",求助,"0400",87
2317,"2023-02-14",表扬,"0500",50
2318,"2023-02-14",举报,"0600",150
2319,"2023-02-14",无效,"0700",90
2320,"2023-02-14",其他,"9999",357
2321,"2023-02-15",咨询,"0100",79
2322,"2023-02-15",投诉,"0200",41
2323,"2023-02-15",意见建议,"0300",71
2324,"2023-02-15",求助,"0400",70
2325,"2023-02-15",表扬,"0500",37
2326,"2023-02-15",举报,"0600",81
2327,"2023-02-15",无效,"0700",38
2328,"2023-02-15",其他,"9999",440
2329,"2023-02-16",咨询,"0100",22
2330,"2023-02-16",投诉,"0200",25
2331,"2023-02-16",意见建议,"0300",65
2332,"2023-02-16",求助,"0400",15
2333,"2023-02-16",表扬,"0500",33
2334,"2023-02-16",举报,"0600",76
2335,"2023-02-16",无效,"0700",88
2336,"2023-02-16",其他,"9999",143
2337,"2023-02-17",咨询,"0100",89
2338,"2023-02-17",投诉,"0200",94
2339,"2023-02-17",意见建议,"0300",73
2340,"2023-02-17",求助,"0400",43
2341,"2023-02-17",表扬,"0500",51
2342,"2023-02-17",举报,"0600",73
2343,"2023-02-17",无效,"0700",103
2344,"2023-02-17",其他,"9999",323
2345,"2023-02-18",咨询,"0100",73
2346,"2023-02-18",投诉,"0200",79
2347,"2023-02-18",意见建议,"0300",64
2348,"2023-02-18",求助,"0400",70
2349,"2023-02-18",表扬,"0500",36
2350,"2023-02-18",举报,"0600",165
2351,"2023-02-18",无效,"0700",126
2352,"2023-02-18",其他,"9999",267
2353,"2023-02-19",咨询,"0100",21
2354,"2023-02-19",投诉,"0200",9
2355,"2023-02-19",意见建议,"0300",53
2356,"2023-02-19",求助,"0400",51
2357,"2023-02-19",表扬,"0500",152
2358,"2023-02-19",举报,"0600",34
2359,"2023-02-19",无效,"0700",59
2360,"2023-02-19",其他,"9999",385
2361,"2023-02-20",咨询,"0100",26
2362,"2023-02-20",投诉,"0200",75
2363,"2023-02-20",意见建议,"0300",95
2364,"2023-02-20",求助,"0400",48
2365,"2023-02-20",表扬,"0500",102
2366,"2023-02-20",举报,"0600",84
2367,"2023-02-20",无效,"0700",43
2368,"2023-02-20",其他,"9999",268
2369,"2023-02-21",咨询,"0100",49
2370,"2023-02-21",投诉,"0200",64
2371,"2023-02-21",意见建议,"0300",6
2372,"2023-02-21",求助,"0400",7
2373,"2023-02-21",表扬,"0500",125
2374,"2023-02-21",举报,"0600",48
2375,"2023-02-21",无效,"0700",95
2376,"2023-02-21",其他,"9999",238
2377,"2023-02-22",咨询,"0100",34
2378,"2023-02-22",投诉,"0200",22
2379,"2023-02-22",意见建议,"0300",37
2380,"2023-02-22",求助,"0400",32
2381,"2023-02-22",表扬,"0500",61
2382,"2023-02-22",举报,"0600",62
2383,"2023-02-22",无效,"0700",12
2384,"2023-02-22",其他,"9999",122
2385,"2023-02-23",咨询,"0100",71
2386,"2023-02-23",投诉,"0200",44
2387,"2023-02-23",意见建议,"0300",25
2388,"2023-02-23",求助,"0400",96
2389,"2023-02-23",表扬,"0500",92
2390,"2023-02-23",举报,"0600",67
2391,"2023-02-23",无效,"0700",80
2392,"2023-02-23",其他,"9999",174
2393,"2023-02-24",咨询,"0100",50
2394,"2023-02-24",投诉,"0200",120
2395,"2023-02-24",意见建议,"0300",69
2396,"2023-02-24",求助,"0400",70
2397,"2023-02-24",表扬,"0500",5
2398,"2023-02-24",举报,"0600",26
2399,"2023-02-24",无效,"0700",226
2400,"2023-02-24",其他,"9999",385
2401,"2023-02-25",咨询,"0100",52
2402,"2023-02-25",投诉,"0200",9
2403,"2023-02-25",意见建议,"0300",44
2404,"2023-02-25",求助,"0400",44
2405,"2023-02-25",表扬,"0500",45
2406,"2023-02-25",举报,"0600",29
2407,"2023-02-25",无效,"0700",91
2408,"2023-02-25",其他,"9999",157
2409,"2023-02-26",咨询,"0100",41
2410,"2023-02-26",投诉,"0200",84
2411,"2023-02-26",意见建议,"0300",28
2412,"2023-02-26",求助,"0400",79
2413,"2023-02-26",表扬,"0500",53
2414,"2023-02-26",举报,"0600",95
2415,"2023-02-26",无效,"0700",7
2416,"2023-02-26",其他,"9999",541
2417,"2023-02-27",咨询,"0100",89
2418,"2023-02-27",投诉,"0200",26
2419,"2023-02-27",意见建议,"0300",46
2420,"2023-02-27",求助,"0400",78
2421,"2023-02-27",表扬,"0500",14
2422,"2023-02-27",举报,"0600",156
2423,"2023-02-27",无效,"0700",145
2424,"2023-02-27",其他,"9999",192
2425,"2023-02-28",咨询,"0100",33
2426,"2023-02-28",投诉,"0200",57
2427,"2023-02-28",意见建议,"0300",5
2428,"2023-02-28",求助,"0400",14
2429,"2023-02-28",表扬,"0500",35
2430,"2023-02-28",举报,"0600",64
2431,"2023-02-28",无效,"0700",34
2432,"2023-02-28",其他,"9999",264
2433,"2023-03-01",咨询,"0100",6
2434,"2023-03-01",投诉,"0200",58
2435,"2023-03-01",意见建议,"0300",13
2436,"2023-03-01",求助,"0400",54
2437,"2023-03-01",表扬,"0500",38
2438,"2023-03-01",举报,"0600",28
2439,"2023-03-01",无效,"0700",76
2440,"2023-03-01",其他,"9999",177
2441,"2023-03-02",咨询,"0100",21
2442,"2023-03-02",投诉,"0200",45
2443,"2023-03-02",意见建议,"0300",15
2444,"2023-03-02",求助,"0400",51
2445,"2023-03-02",表扬,"0500",30
2446,"2023-03-02",举报,"0600",36
2447,"2023-03-02",无效,"0700",36
2448,"2023-03-02",其他,"9999",163
2449,"2023-03-03",咨询,"0100",12
2450,"2023-03-03",投诉,"0200",64
2451,"2023-03-03",意见建议,"0300",6
2452,"2023-03-03",求助,"0400",54
2453,"2023-03-03",表扬,"0500",51
2454,"2023-03-03",举报,"0600",113
2455,"2023-03-03",无效,"0700",24
2456,"2023-03-03",其他,"9999",319
2457,"2023-03-04",咨询,"0100",31
2458,"2023-03-04",投诉,"0200",26
2459,"2023-03-04",意见建议,"0300",38
2460,"2023-03-04",求助,"0400",105
2461,"2023-03-04",表扬,"0500",29
2462,"2023-03-04",举报,"0600",142
2463,"2023-03-04",无效,"0700",102
2464,"2023-03-04",其他,"9999",224
2465,"2023-03-05",咨询,"0100",57
2466,"2023-03-05",投诉,"0200",45
2467,"2023-03-05",意见建议,"0300",6
2468,"2023-03-05",求助,"0400",65
2469,"2023-03-05",表扬,"0500",23
2470,"2023-03-05",举报,"0600",135
2471,"2023-03-05",无效,"0700",88
2472,"2023-03-05",其他,"9999",191
2473,"2023-03-06",咨询,"0100",15
2474,"2023-03-06",投诉,"0200",96
2475,"2023-03-06",意见建议,"0300",98
2476,"2023-03-06",求助,"0400",65
2477,"2023-03-06",表扬,"0500",41
2478,"2023-03-06",举报,"0600",46
2479,"2023-03-06",无效,"0700",47
2480,"2023-03-06",其他,"9999",368
2481,"2023-03-07",咨询,"0100",86
2482,"2023-03-07",投诉,"0200",33
2483,"2023-03-07",意见建议,"0300",76
2484,"2023-03-07",求助,"0400",40
2485,"2023-03-07",表扬,"0500",10
2486,"2023-03-07",举报,"0600",53
2487,"2023-03-07",无效,"0700",208
2488,"2023-03-07",其他,"9999",217
2489,"2023-03-08",咨询,"0100",9
2490,"2023-03-08",投诉,"0200",54
2491,"2023-03-08",意见建议,"0300",39
2492,"2023-03-08",求助,"0400",52
2493,"2023-03-08",表扬,"0500",29
2494,"2023-03-08",举报,"0600",58
2495,"2023-03-08",无效,"0700",23
2496,"2023-03-08",其他,"9999",298
2497,"2023-03-09",咨询,"0100",58
2498,"2023-03-09",投诉,"0200",59
2499,"2023-03-09",意见建议,"0300",22
2500,"2023-03-09",求助,"0400",52
2501,"2023-03-09",表扬,"0500",118
2502,"2023-03-09",举报,"0600",73
2503,"2023-03-09",无效,"0700",14
2504,"2023-03-09",其他,"9999",268
2505,"2023-03-10",咨询,"0100",39
2506,"2023-03-10",投诉,"0200",22
2507,"2023-03-10",意见建议,"0300",65
2508,"2023-03-10",求助,"0400",76
2509,"2023-03-10",表扬,"0500",102
2510,"2023-03-10",举报,"0600",18
2511,"2023-03-10",无效,"0700",141
2512,"2023-03-10",其他,"9999",161
2513,"2023-03-11",咨询,"0100",40
2514,"2023-03-11",投诉,"0200",25
2515,"2023-03-11",意见建议,"0300",27
2516,"2023-03-11",求助,"0400",62
2517,"2023-03-11",表扬,"0500",70
2518,"2023-03-11",举报,"0600",60
2519,"2023-03-11",无效,"0700",46
2520,"2023-03-11",其他,"9999",114
2521,"2023-03-12",咨询,"0100",90
2522,"2023-03-12",投诉,"0200",25
2523,"2023-03-12",意见建议,"0300",61
2524,"2023-03-12",求助,"0400",135
2525,"2023-03-12",表扬,"0500",58
2526,"2023-03-12",举报,"0600",17
2527,"2023-03-12",无效,"0700",178
2528,"2023-03-12",其他,"9999",368
2529,"2023-03-13",咨询,"0100",12
2530,"2023-03-13",投诉,"0200",38
2531,"2023-03-13",意见建议,"0300",79
2532,"2023-03-13",求助,"0400",113
2533,"2023-03-13",表扬,"0500",34
2534,"2023-03-13",举报,"0600",68
2535,"2023-03-13",无效,"0700",200
2536,"2023-03-13",其他,"9999",241
2537,"2023-03-14",咨询,"0100",45
2538,"2023-03-14",投诉,"0200",41
2539,"2023-03-14",意见建议,"0300",35
2540,"2023-03-14",求助,"0400",96
2541,"2023-03-14",表扬,"0500",51
2542,"2023-03-14",举报,"0600",31
2543,"2023-03-14",无效,"0700",112
2544,"2023-03-14",其他,"9999",209
2545,"2023-03-15",咨询,"0100",38
2546,"2023-03-15",投诉,"0200",31
2547,"2023-03-15",意见建议,"0300",39
2548,"2023-03-15",求助,"0400",37
2549,"2023-03-15",表扬,"0500",43
2550,"2023-03-15",举报,"0600",21
2551,"2023-03-15",无效,"0700",48
2552,"2023-03-15",其他,"9999",65
2553,"2023-03-16",咨询,"0100",6
2554,"2023-03-16",投诉,"0200",93
2555,"2023-03-16",意见建议,"0300",74
2556,"2023-03-16",求助,"0400",98
2557,"2023-03-16",表扬,"0500",27
2558,"2023-03-16",举报,"0600",112
2559,"2023-03-16",无效,"0700",38
2560,"2023-03-16",其他,"9999",283
2561,"2023-03-17",咨询,"0100",18
2562,"2023-03-17",投诉,"0200",29
2563,"2023-03-17",意见建议,"0300",33
2564,"2023-03-17",求助,"0400",37
2565,"2023-03-17",表扬,"0500",65
2566,"2023-03-17",举报,"0600",141
2567,"2023-03-17",无效,"0700",25
2568,"2023-03-17",其他,"9999",336
2569,"2023-03-18",咨询,"0100",81
2570,"2023-03-18",投诉,"0200",10
2571,"2023-03-18",意见建议,"0300",100
2572,"2023-03-18",求助,"0400",47
2573,"2023-03-18",表扬,"0500",19
2574,"2023-03-18",举报,"0600",30
2575,"2023-03-18",无效,"0700",70
2576,"2023-03-18",其他,"9999",370
2577,"2023-03-19",咨询,"0100",37
2578,"2023-03-19",投诉,"0200",5
2579,"2023-03-19",意见建议,"0300",33
2580,"2023-03-19",求助,"0400",33
2581,"2023-03-19",表扬,"0500",41
2582,"2023-03-19",举报,"0600",41
2583,"2023-03-19",无效,"0700",74
2584,"2023-03-19",其他,"9999",80
2585,"2023-03-20",咨询,"0100",79
2586,"2023-03-20",投诉,"0200",71
2587,"2023-03-20",意见建议,"0300",100
2588,"2023-03-20",求助,"0400",55
2589,"2023-03-20",表扬,"0500",146
2590,"2023-03-20",举报,"0600",127
2591,"2023-03-20",无效,"0700",123
2592,"2023-03-20",其他,"9999",270
2593,"2023-03-21",咨询,"0100",67
2594,"2023-03-21",投诉,"0200",71
2595,"2023-03-21",意见建议,"0300",50
2596,"2023-03-21",求助,"0400",26
2597,"2023-03-21",表扬,"0500",53
2598,"2023-03-21",举报,"0600",70
2599,"2023-03-21",无效,"0700",45
2600,"2023-03-21",其他,"9999",183
2601,"2023-03-22",咨询,"0100",52
2602,"2023-03-22",投诉,"0200",13
2603,"2023-03-22",意见建议,"0300",92
2604,"2023-03-22",求助,"0400",66
2605,"2023-03-22",表扬,"0500",46
2606,"2023-03-22",举报,"0600",11
2607,"2023-03-22",无效,"0700",73
2608,"2023-03-22",其他,"9999",294
2609,"2023-03-23",咨询,"0100",87
2610,"2023-03-23",投诉,"0200",91
2611,"2023-03-23",意见建议,"0300",47
2612,"2023-03-23",求助,"0400",20
2613,"2023-03-23",表扬,"0500",65
2614,"2023-03-23",举报,"0600",104
2615,"2023-03-23",无效,"0700",205
2616,"2023-03-23",其他,"9999",205
2617,"2023-03-24",咨询,"0100",42
2618,"2023-03-24",投诉,"0200",9
2619,"2023-03-24",意见建议,"0300",55
2620,"2023-03-24",求助,"0400",63
2621,"2023-03-24",表扬,"0500",19
2622,"2023-03-24",举报,"0600",210
2623,"2023-03-24",无效,"0700",244
2624,"2023-03-24",其他,"9999",250
2625,"2023-03-25",咨询,"0100",20
2626,"2023-03-25",投诉,"0200",30
2627,"2023-03-25",意见建议,"0300",5
2628,"2023-03-25",求助,"0400",40
2629,"2023-03-25",表扬,"0500",6
2630,"2023-03-25",举报,"0600",19
2631,"2023-03-25",无效,"0700",95
2632,"2023-03-25",其他,"9999",145
2633,"2023-03-26",咨询,"0100",49
2634,"2023-03-26",投诉,"0200",122
2635,"2023-03-26",意见建议,"0300",83
2636,"2023-03-26",求助,"0400",5
2637,"2023-03-26",表扬,"0500",106
2638,"2023-03-26",举报,"0600",49
2639,"2023-03-26",无效,"0700",111
2640,"2023-03-26",其他,"9999",399
2641,"2023-03-27",咨询,"0100",103
2642,"2023-03-27",投诉,"0200",34
2643,"2023-03-27",意见建议,"0300",48
2644,"2023-03-27",求助,"0400",98
2645,"2023-03-27",表扬,"0500",31
2646,"2023-03-27",举报,"0600",44
2647,"2023-03-27",无效,"0700",273
2648,"2023-03-27",其他,"9999",339
2649,"2023-03-28",咨询,"0100",42
2650,"2023-03-28",投诉,"0200",53
2651,"2023-03-28",意见建议,"0300",35
2652,"2023-03-28",求助,"0400",57
2653,"2023-03-28",表扬,"0500",41
2654,"2023-03-28",举报,"0600",26
2655,"2023-03-28",无效,"0700",83
2656,"2023-03-28",其他,"9999",102
2657,"2023-03-29",咨询,"0100",28
2658,"2023-03-29",投诉,"0200",61
2659,"2023-03-29",意见建议,"0300",36
2660,"2023-03-29",求助,"0400",64
2661,"2023-03-29",表扬,"0500",28
2662,"2023-03-29",举报,"0600",14
2663,"2023-03-29",无效,"0700",144
2664,"2023-03-29",其他,"9999",144
2665,"2023-03-30",咨询,"0100",26
2666,"2023-03-30",投诉,"0200",30
2667,"2023-03-30",意见建议,"0300",46
2668,"2023-03-30",求助,"0400",21
2669,"2023-03-30",表扬,"0500",57
2670,"2023-03-30",举报,"0600",34
2671,"2023-03-30",无效,"0700",116
2672,"2023-03-30",其他,"9999",137
2673,"2023-03-31",咨询,"0100",26
2674,"2023-03-31",投诉,"0200",30
2675,"2023-03-31",意见建议,"0300",10
2676,"2023-03-31",求助,"0400",7
2677,"2023-03-31",表扬,"0500",16
2678,"2023-03-31",举报,"0600",71
2679,"2023-03-31",无效,"0700",51
2680,"2023-03-31",其他,"9999",94
2681,"2023-04-01",咨询,"0100",13
2682,"2023-04-01",投诉,"0200",18
2683,"2023-04-01",意见建议,"0300",37
2684,"2023-04-01",求助,"0400",16
2685,"2023-04-01",表扬,"0500",13
2686,"2023-04-01",举报,"0600",19
2687,"2023-04-01",无效,"0700",43
2688,"2023-04-01",其他,"9999",144
2689,"2023-04-02",咨询,"0100",32
2690,"2023-04-02",投诉,"0200",28
2691,"2023-04-02",意见建议,"0300",27
2692,"2023-04-02",求助,"0400",5
2693,"2023-04-02",表扬,"0500",30
2694,"2023-04-02",举报,"0600",24
2695,"2023-04-02",无效,"0700",46
2696,"2023-04-02",其他,"9999",143
2697,"2023-04-03",咨询,"0100",48
2698,"2023-04-03",投诉,"0200",49
2699,"2023-04-03",意见建议,"0300",15
2700,"2023-04-03",求助,"0400",7
2701,"2023-04-03",表扬,"0500",53
2702,"2023-04-03",举报,"0600",8
2703,"2023-04-03",无效,"0700",91
2704,"2023-04-03",其他,"9999",147
2705,"2023-04-04",咨询,"0100",40
2706,"2023-04-04",投诉,"0200",99
2707,"2023-04-04",意见建议,"0300",15
2708,"2023-04-04",求助,"0400",97
2709,"2023-04-04",表扬,"0500",126
2710,"2023-04-04",举报,"0600",162
2711,"2023-04-04",无效,"0700",94
2712,"2023-04-04",其他,"9999",320
2713,"2023-04-05",咨询,"0100",55
2714,"2023-04-05",投诉,"0200",18
2715,"2023-04-05",意见建议,"0300",19
2716,"2023-04-05",求助,"0400",74
2717,"2023-04-05",表扬,"0500",16
2718,"2023-04-05",举报,"0600",88
2719,"2023-04-05",无效,"0700",46
2720,"2023-04-05",其他,"9999",157
2721,"2023-04-06",咨询,"0100",20
2722,"2023-04-06",投诉,"0200",30
2723,"2023-04-06",意见建议,"0300",38
2724,"2023-04-06",求助,"0400",57
2725,"2023-04-06",表扬,"0500",17
2726,"2023-04-06",举报,"0600",60
2727,"2023-04-06",无效,"0700",90
2728,"2023-04-06",其他,"9999",95
2729,"2023-04-07",咨询,"0100",5
2730,"2023-04-07",投诉,"0200",8
2731,"2023-04-07",意见建议,"0300",83
2732,"2023-04-07",求助,"0400",97
2733,"2023-04-07",表扬,"0500",55
2734,"2023-04-07",举报,"0600",123
2735,"2023-04-07",无效,"0700",34
2736,"2023-04-07",其他,"9999",232
2737,"2023-04-08",咨询,"0100",20
2738,"2023-04-08",投诉,"0200",10
2739,"2023-04-08",意见建议,"0300",8
2740,"2023-04-08",求助,"0400",48
2741,"2023-04-08",表扬,"0500",53
2742,"2023-04-08",举报,"0600",34
2743,"2023-04-08",无效,"0700",25
2744,"2023-04-08",其他,"9999",135
2745,"2023-04-09",咨询,"0100",38
2746,"2023-04-09",投诉,"0200",70
2747,"2023-04-09",意见建议,"0300",112
2748,"2023-04-09",求助,"0400",79
2749,"2023-04-09",表扬,"0500",98
2750,"2023-04-09",举报,"0600",80
2751,"2023-04-09",无效,"0700",160
2752,"2023-04-09",其他,"9999",221
2753,"2023-04-10",咨询,"0100",92
2754,"2023-04-10",投诉,"0200",85
2755,"2023-04-10",意见建议,"0300",40
2756,"2023-04-10",求助,"0400",41
2757,"2023-04-10",表扬,"0500",61
2758,"2023-04-10",举报,"0600",169
2759,"2023-04-10",无效,"0700",92
2760,"2023-04-10",其他,"9999",293
2761,"2023-04-11",咨询,"0100",106
2762,"2023-04-11",投诉,"0200",55
2763,"2023-04-11",意见建议,"0300",52
2764,"2023-04-11",求助,"0400",72
2765,"2023-04-11",表扬,"0500",156
2766,"2023-04-11",举报,"0600",130
2767,"2023-04-11",无效,"0700",106
2768,"2023-04-11",其他,"9999",270
2769,"2023-04-12",咨询,"0100",84
2770,"2023-04-12",投诉,"0200",43
2771,"2023-04-12",意见建议,"0300",72
2772,"2023-04-12",求助,"0400",21
2773,"2023-04-12",表扬,"0500",9
2774,"2023-04-12",举报,"0600",28
2775,"2023-04-12",无效,"0700",53
2776,"2023-04-12",其他,"9999",525
2777,"2023-04-13",咨询,"0100",38
2778,"2023-04-13",投诉,"0200",42
2779,"2023-04-13",意见建议,"0300",38
2780,"2023-04-13",求助,"0400",153
2781,"2023-04-13",表扬,"0500",68
2782,"2023-04-13",举报,"0600",98
2783,"2023-04-13",无效,"0700",94
2784,"2023-04-13",其他,"9999",392
2785,"2023-04-14",咨询,"0100",14
2786,"2023-04-14",投诉,"0200",63
2787,"2023-04-14",意见建议,"0300",9
2788,"2023-04-14",求助,"0400",72
2789,"2023-04-14",表扬,"0500",69
2790,"2023-04-14",举报,"0600",56
2791,"2023-04-14",无效,"0700",139
2792,"2023-04-14",其他,"9999",272
2793,"2023-04-15",咨询,"0100",19
2794,"2023-04-15",投诉,"0200",85
2795,"2023-04-15",意见建议,"0300",101
2796,"2023-04-15",求助,"0400",112
2797,"2023-04-15",表扬,"0500",58
2798,"2023-04-15",举报,"0600",95
2799,"2023-04-15",无效,"0700",174
2800,"2023-04-15",其他,"9999",336
2801,"2023-04-16",咨询,"0100",49
2802,"2023-04-16",投诉,"0200",13
2803,"2023-04-16",意见建议,"0300",69
2804,"2023-04-16",求助,"0400",64
2805,"2023-04-16",表扬,"0500",37
2806,"2023-04-16",举报,"0600",48
2807,"2023-04-16",无效,"0700",84
2808,"2023-04-16",其他,"9999",178
2809,"2023-04-17",咨询,"0100",37
2810,"2023-04-17",投诉,"0200",62
2811,"2023-04-17",意见建议,"0300",37
2812,"2023-04-17",求助,"0400",11
2813,"2023-04-17",表扬,"0500",21
2814,"2023-04-17",举报,"0600",132
2815,"2023-04-17",无效,"0700",80
2816,"2023-04-17",其他,"9999",409
2817,"2023-04-18",咨询,"0100",27
2818,"2023-04-18",投诉,"0200",21
2819,"2023-04-18",意见建议,"0300",48
2820,"2023-04-18",求助,"0400",103
2821,"2023-04-18",表扬,"0500",75
2822,"2023-04-18",举报,"0600",81
2823,"2023-04-18",无效,"0700",130
2824,"2023-04-18",其他,"9999",135
2825,"2023-04-19",咨询,"0100",35
2826,"2023-04-19",投诉,"0200",81
2827,"2023-04-19",意见建议,"0300",58
2828,"2023-04-19",求助,"0400",33
2829,"2023-04-19",表扬,"0500",100
2830,"2023-04-19",举报,"0600",28
2831,"2023-04-19",无效,"0700",62
2832,"2023-04-19",其他,"9999",316
2833,"2023-04-20",咨询,"0100",44
2834,"2023-04-20",投诉,"0200",11
2835,"2023-04-20",意见建议,"0300",102
2836,"2023-04-20",求助,"0400",54
2837,"2023-04-20",表扬,"0500",135
2838,"2023-04-20",举报,"0600",47
2839,"2023-04-20",无效,"0700",171
2840,"2023-04-20",其他,"9999",234
2841,"2023-04-21",咨询,"0100",73
2842,"2023-04-21",投诉,"0200",41
2843,"2023-04-21",意见建议,"0300",83
2844,"2023-04-21",求助,"0400",66
2845,"2023-04-21",表扬,"0500",36
2846,"2023-04-21",举报,"0600",96
2847,"2023-04-21",无效,"0700",112
2848,"2023-04-21",其他,"9999",119
2849,"2023-04-22",咨询,"0100",19
2850,"2023-04-22",投诉,"0200",121
2851,"2023-04-22",意见建议,"0300",96
2852,"2023-04-22",求助,"0400",79
2853,"2023-04-22",表扬,"0500",127
2854,"2023-04-22",举报,"0600",104
2855,"2023-04-22",无效,"0700",91
2856,"2023-04-22",其他,"9999",234
2857,"2023-04-23",咨询,"0100",42
2858,"2023-04-23",投诉,"0200",61
2859,"2023-04-23",意见建议,"0300",40
2860,"2023-04-23",求助,"0400",59
2861,"2023-04-23",表扬,"0500",26
2862,"2023-04-23",举报,"0600",53
2863,"2023-04-23",无效,"0700",26
2864,"2023-04-23",其他,"9999",189
2865,"2023-04-24",咨询,"0100",5
2866,"2023-04-24",投诉,"0200",52
2867,"2023-04-24",意见建议,"0300",23
2868,"2023-04-24",求助,"0400",50
2869,"2023-04-24",表扬,"0500",62
2870,"2023-04-24",举报,"0600",68
2871,"2023-04-24",无效,"0700",10
2872,"2023-04-24",其他,"9999",234
2873,"2023-04-25",咨询,"0100",22
2874,"2023-04-25",投诉,"0200",92
2875,"2023-04-25",意见建议,"0300",5
2876,"2023-04-25",求助,"0400",112
2877,"2023-04-25",表扬,"0500",118
2878,"2023-04-25",举报,"0600",181
2879,"2023-04-25",无效,"0700",157
2880,"2023-04-25",其他,"9999",206
2881,"2023-04-26",咨询,"0100",78
2882,"2023-04-26",投诉,"0200",24
2883,"2023-04-26",意见建议,"0300",29
2884,"2023-04-26",求助,"0400",103
2885,"2023-04-26",表扬,"0500",50
2886,"2023-04-26",举报,"0600",101
2887,"2023-04-26",无效,"0700",52
2888,"2023-04-26",其他,"9999",459
2889,"2023-04-27",咨询,"0100",9
2890,"2023-04-27",投诉,"0200",35
2891,"2023-04-27",意见建议,"0300",22
2892,"2023-04-27",求助,"0400",12
2893,"2023-04-27",表扬,"0500",54
2894,"2023-04-27",举报,"0600",137
2895,"2023-04-27",无效,"0700",199
2896,"2023-04-27",其他,"9999",467
2897,"2023-04-28",咨询,"0100",71
2898,"2023-04-28",投诉,"0200",74
2899,"2023-04-28",意见建议,"0300",95
2900,"2023-04-28",求助,"0400",129
2901,"2023-04-28",表扬,"0500",93
2902,"2023-04-28",举报,"0600",84
2903,"2023-04-28",无效,"0700",77
2904,"2023-04-28",其他,"9999",377
2905,"2023-04-29",咨询,"0100",85
2906,"2023-04-29",投诉,"0200",81
2907,"2023-04-29",意见建议,"0300",90
2908,"2023-04-29",求助,"0400",22
2909,"2023-04-29",表扬,"0500",93
2910,"2023-04-29",举报,"0600",98
2911,"2023-04-29",无效,"0700",86
2912,"2023-04-29",其他,"9999",174
2913,"2023-04-30",咨询,"0100",14
2914,"2023-04-30",投诉,"0200",24
2915,"2023-04-30",意见建议,"0300",20
2916,"2023-04-30",求助,"0400",8
2917,"2023-04-30",表扬,"0500",71
2918,"2023-04-30",举报,"0600",73
2919,"2023-04-30",无效,"0700",91
2920,"2023-04-30",其他,"9999",103
2921,"2023-05-01",咨询,"0100",85
2922,"2023-05-01",投诉,"0200",7
2923,"2023-05-01",意见建议,"0300",95
2924,"2023-05-01",求助,"0400",14
2925,"2023-05-01",表扬,"0500",58
2926,"2023-05-01",举报,"0600",147
2927,"2023-05-01",无效,"0700",61
2928,"2023-05-01",其他,"9999",288
2929,"2023-05-02",咨询,"0100",22
2930,"2023-05-02",投诉,"0200",56
2931,"2023-05-02",意见建议,"0300",65
2932,"2023-05-02",求助,"0400",44
2933,"2023-05-02",表扬,"0500",45
2934,"2023-05-02",举报,"0600",99
2935,"2023-05-02",无效,"0700",148
2936,"2023-05-02",其他,"9999",167
2937,"2023-05-03",咨询,"0100",30
2938,"2023-05-03",投诉,"0200",68
2939,"2023-05-03",意见建议,"0300",44
2940,"2023-05-03",求助,"0400",65
2941,"2023-05-03",表扬,"0500",108
2942,"2023-05-03",举报,"0600",57
2943,"2023-05-03",无效,"0700",107
2944,"2023-05-03",其他,"9999",244
2945,"2023-05-04",咨询,"0100",64
2946,"2023-05-04",投诉,"0200",37
2947,"2023-05-04",意见建议,"0300",66
2948,"2023-05-04",求助,"0400",26
2949,"2023-05-04",表扬,"0500",69
2950,"2023-05-04",举报,"0600",78
2951,"2023-05-04",无效,"0700",54
2952,"2023-05-04",其他,"9999",129
2953,"2023-05-05",咨询,"0100",21
2954,"2023-05-05",投诉,"0200",32
2955,"2023-05-05",意见建议,"0300",15
2956,"2023-05-05",求助,"0400",21
2957,"2023-05-05",表扬,"0500",11
2958,"2023-05-05",举报,"0600",33
2959,"2023-05-05",无效,"0700",11
2960,"2023-05-05",其他,"9999",171
2961,"2023-05-06",咨询,"0100",100
2962,"2023-05-06",投诉,"0200",95
2963,"2023-05-06",意见建议,"0300",53
2964,"2023-05-06",求助,"0400",39
2965,"2023-05-06",表扬,"0500",102
2966,"2023-05-06",举报,"0600",28
2967,"2023-05-06",无效,"0700",34
2968,"2023-05-06",其他,"9999",538
2969,"2023-05-07",咨询,"0100",20
2970,"2023-05-07",投诉,"0200",49
2971,"2023-05-07",意见建议,"0300",49
2972,"2023-05-07",求助,"0400",19
2973,"2023-05-07",表扬,"0500",23
2974,"2023-05-07",举报,"0600",38
2975,"2023-05-07",无效,"0700",12
2976,"2023-05-07",其他,"9999",178
2977,"2023-05-08",咨询,"0100",43
2978,"2023-05-08",投诉,"0200",16
2979,"2023-05-08",意见建议,"0300",86
2980,"2023-05-08",求助,"0400",118
2981,"2023-05-08",表扬,"0500",71
2982,"2023-05-08",举报,"0600",90
2983,"2023-05-08",无效,"0700",170
2984,"2023-05-08",其他,"9999",220
2985,"2023-05-09",咨询,"0100",18
2986,"2023-05-09",投诉,"0200",6
2987,"2023-05-09",意见建议,"0300",21
2988,"2023-05-09",求助,"0400",10
2989,"2023-05-09",表扬,"0500",85
2990,"2023-05-09",举报,"0600",38
2991,"2023-05-09",无效,"0700",52
2992,"2023-05-09",其他,"9999",279
2993,"2023-05-10",咨询,"0100",52
2994,"2023-05-10",投诉,"0200",42
2995,"2023-05-10",意见建议,"0300",51
2996,"2023-05-10",求助,"0400",62
2997,"2023-05-10",表扬,"0500",73
2998,"2023-05-10",举报,"0600",56
2999,"2023-05-10",无效,"0700",131
3000,"2023-05-10",其他,"9999",218
3001,"2023-05-11",咨询,"0100",14
3002,"2023-05-11",投诉,"0200",7
3003,"2023-05-11",意见建议,"0300",46
3004,"2023-05-11",求助,"0400",32
3005,"2023-05-11",表扬,"0500",45
3006,"2023-05-11",举报,"0600",9
3007,"2023-05-11",无效,"0700",55
3008,"2023-05-11",其他,"9999",178
3009,"2023-05-12",咨询,"0100",7
3010,"2023-05-12",投诉,"0200",15
3011,"2023-05-12",意见建议,"0300",7
3012,"2023-05-12",求助,"0400",56
3013,"2023-05-12",表扬,"0500",56
3014,"2023-05-12",举报,"0600",68
3015,"2023-05-12",无效,"0700",107
3016,"2023-05-12",其他,"9999",207
3017,"2023-05-13",咨询,"0100",18
3018,"2023-05-13",投诉,"0200",62
3019,"2023-05-13",意见建议,"0300",43
3020,"2023-05-13",求助,"0400",9
3021,"2023-05-13",表扬,"0500",9
3022,"2023-05-13",举报,"0600",102
3023,"2023-05-13",无效,"0700",103
3024,"2023-05-13",其他,"9999",187
3025,"2023-05-14",咨询,"0100",39
3026,"2023-05-14",投诉,"0200",15
3027,"2023-05-14",意见建议,"0300",35
3028,"2023-05-14",求助,"0400",43
3029,"2023-05-14",表扬,"0500",14
3030,"2023-05-14",举报,"0600",86
3031,"2023-05-14",无效,"0700",89
3032,"2023-05-14",其他,"9999",112
3033,"2023-05-15",咨询,"0100",80
3034,"2023-05-15",投诉,"0200",10
3035,"2023-05-15",意见建议,"0300",89
3036,"2023-05-15",求助,"0400",13
3037,"2023-05-15",表扬,"0500",112
3038,"2023-05-15",举报,"0600",123
3039,"2023-05-15",无效,"0700",42
3040,"2023-05-15",其他,"9999",257
3041,"2023-05-16",咨询,"0100",47
3042,"2023-05-16",投诉,"0200",23
3043,"2023-05-16",意见建议,"0300",126
3044,"2023-05-16",求助,"0400",143
3045,"2023-05-16",表扬,"0500",145
3046,"2023-05-16",举报,"0600",72
3047,"2023-05-16",无效,"0700",143
3048,"2023-05-16",其他,"9999",243
3049,"2023-05-17",咨询,"0100",24
3050,"2023-05-17",投诉,"0200",35
3051,"2023-05-17",意见建议,"0300",35
3052,"2023-05-17",求助,"0400",27
3053,"2023-05-17",表扬,"0500",10
3054,"2023-05-17",举报,"0600",5
3055,"2023-05-17",无效,"0700",64
3056,"2023-05-17",其他,"9999",105
3057,"2023-05-18",咨询,"0100",66
3058,"2023-05-18",投诉,"0200",69
3059,"2023-05-18",意见建议,"0300",66
3060,"2023-05-18",求助,"0400",32
3061,"2023-05-18",表扬,"0500",89
3062,"2023-05-18",举报,"0600",141
3063,"2023-05-18",无效,"0700",130
3064,"2023-05-18",其他,"9999",154
3065,"2023-05-19",咨询,"0100",54
3066,"2023-05-19",投诉,"0200",94
3067,"2023-05-19",意见建议,"0300",7
3068,"2023-05-19",求助,"0400",134
3069,"2023-05-19",表扬,"0500",61
3070,"2023-05-19",举报,"0600",85
3071,"2023-05-19",无效,"0700",63
3072,"2023-05-19",其他,"9999",359
3073,"2023-05-20",咨询,"0100",35
3074,"2023-05-20",投诉,"0200",33
3075,"2023-05-20",意见建议,"0300",43
3076,"2023-05-20",求助,"0400",12
3077,"2023-05-20",表扬,"0500",83
3078,"2023-05-20",举报,"0600",35
3079,"2023-05-20",无效,"0700",45
3080,"2023-05-20",其他,"9999",178
3081,"2023-05-21",咨询,"0100",44
3082,"2023-05-21",投诉,"0200",8
3083,"2023-05-21",意见建议,"0300",80
3084,"2023-05-21",求助,"0400",74
3085,"2023-05-21",表扬,"0500",7
3086,"2023-05-21",举报,"0600",82
3087,"2023-05-21",无效,"0700",76
3088,"2023-05-21",其他,"9999",181
3089,"2023-05-22",咨询,"0100",23
3090,"2023-05-22",投诉,"0200",43
3091,"2023-05-22",意见建议,"0300",31
3092,"2023-05-22",求助,"0400",26
3093,"2023-05-22",表扬,"0500",99
3094,"2023-05-22",举报,"0600",39
3095,"2023-05-22",无效,"0700",11
3096,"2023-05-22",其他,"9999",263
3097,"2023-05-23",咨询,"0100",9
3098,"2023-05-23",投诉,"0200",54
3099,"2023-05-23",意见建议,"0300",79
3100,"2023-05-23",求助,"0400",19
3101,"2023-05-23",表扬,"0500",76
3102,"2023-05-23",举报,"0600",101
3103,"2023-05-23",无效,"0700",38
3104,"2023-05-23",其他,"9999",250
3105,"2023-05-24",咨询,"0100",16
3106,"2023-05-24",投诉,"0200",36
3107,"2023-05-24",意见建议,"0300",26
3108,"2023-05-24",求助,"0400",22
3109,"2023-05-24",表扬,"0500",34
3110,"2023-05-24",举报,"0600",202
3111,"2023-05-24",无效,"0700",20
3112,"2023-05-24",其他,"9999",517
3113,"2023-05-25",咨询,"0100",41
3114,"2023-05-25",投诉,"0200",14
3115,"2023-05-25",意见建议,"0300",44
3116,"2023-05-25",求助,"0400",36
3117,"2023-05-25",表扬,"0500",23
3118,"2023-05-25",举报,"0600",30
3119,"2023-05-25",无效,"0700",55
3120,"2023-05-25",其他,"9999",113
3121,"2023-05-26",咨询,"0100",27
3122,"2023-05-26",投诉,"0200",33
3123,"2023-05-26",意见建议,"0300",60
3124,"2023-05-26",求助,"0400",78
3125,"2023-05-26",表扬,"0500",91
3126,"2023-05-26",举报,"0600",46
3127,"2023-05-26",无效,"0700",11
3128,"2023-05-26",其他,"9999",335
3129,"2023-05-27",咨询,"0100",89
3130,"2023-05-27",投诉,"0200",7
3131,"2023-05-27",意见建议,"0300",47
3132,"2023-05-27",求助,"0400",115
3133,"2023-05-27",表扬,"0500",155
3134,"2023-05-27",举报,"0600",53
3135,"2023-05-27",无效,"0700",42
3136,"2023-05-27",其他,"9999",403
3137,"2023-05-28",咨询,"0100",38
3138,"2023-05-28",投诉,"0200",39
3139,"2023-05-28",意见建议,"0300",56
3140,"2023-05-28",求助,"0400",16
3141,"2023-05-28",表扬,"0500",83
3142,"2023-05-28",举报,"0600",95
3143,"2023-05-28",无效,"0700",64
3144,"2023-05-28",其他,"9999",154
3145,"2023-05-29",咨询,"0100",42
3146,"2023-05-29",投诉,"0200",37
3147,"2023-05-29",意见建议,"0300",86
3148,"2023-05-29",求助,"0400",20
3149,"2023-05-29",表扬,"0500",85
3150,"2023-05-29",举报,"0600",75
3151,"2023-05-29",无效,"0700",54
3152,"2023-05-29",其他,"9999",213
3153,"2023-05-30",咨询,"0100",122
3154,"2023-05-30",投诉,"0200",77
3155,"2023-05-30",意见建议,"0300",10
3156,"2023-05-30",求助,"0400",87
3157,"2023-05-30",表扬,"0500",149
3158,"2023-05-30",举报,"0600",6
3159,"2023-05-30",无效,"0700",216
3160,"2023-05-30",其他,"9999",320
3161,"2023-05-31",咨询,"0100",13
3162,"2023-05-31",投诉,"0200",18
3163,"2023-05-31",意见建议,"0300",27
3164,"2023-05-31",求助,"0400",90
3165,"2023-05-31",表扬,"0500",127
3166,"2023-05-31",举报,"0600",156
3167,"2023-05-31",无效,"0700",35
3168,"2023-05-31",其他,"9999",315
3169,"2023-06-01",咨询,"0100",7
3170,"2023-06-01",投诉,"0200",7
3171,"2023-06-01",意见建议,"0300",60
3172,"2023-06-01",求助,"0400",18
3173,"2023-06-01",表扬,"0500",167
3174,"2023-06-01",举报,"0600",116
3175,"2023-06-01",无效,"0700",10
3176,"2023-06-01",其他,"9999",469
3177,"2023-06-02",咨询,"0100",24
3178,"2023-06-02",投诉,"0200",25
3179,"2023-06-02",意见建议,"0300",28
3180,"2023-06-02",求助,"0400",16
3181,"2023-06-02",表扬,"0500",6
3182,"2023-06-02",举报,"0600",38
3183,"2023-06-02",无效,"0700",42
3184,"2023-06-02",其他,"9999",182
3185,"2023-06-03",咨询,"0100",61
3186,"2023-06-03",投诉,"0200",28
3187,"2023-06-03",意见建议,"0300",79
3188,"2023-06-03",求助,"0400",64
3189,"2023-06-03",表扬,"0500",99
3190,"2023-06-03",举报,"0600",83
3191,"2023-06-03",无效,"0700",67
3192,"2023-06-03",其他,"9999",416
3193,"2023-06-04",咨询,"0100",66
3194,"2023-06-04",投诉,"0200",55
3195,"2023-06-04",意见建议,"0300",76
3196,"2023-06-04",求助,"0400",6
3197,"2023-06-04",表扬,"0500",23
3198,"2023-06-04",举报,"0600",95
3199,"2023-06-04",无效,"0700",142
3200,"2023-06-04",其他,"9999",183
3201,"2023-06-05",咨询,"0100",40
3202,"2023-06-05",投诉,"0200",65
3203,"2023-06-05",意见建议,"0300",37
3204,"2023-06-05",求助,"0400",9
3205,"2023-06-05",表扬,"0500",38
3206,"2023-06-05",举报,"0600",98
3207,"2023-06-05",无效,"0700",18
3208,"2023-06-05",其他,"9999",229
3209,"2023-06-06",咨询,"0100",13
3210,"2023-06-06",投诉,"0200",56
3211,"2023-06-06",意见建议,"0300",12
3212,"2023-06-06",求助,"0400",59
3213,"2023-06-06",表扬,"0500",18
3214,"2023-06-06",举报,"0600",17
3215,"2023-06-06",无效,"0700",45
3216,"2023-06-06",其他,"9999",211
3217,"2023-06-07",咨询,"0100",64
3218,"2023-06-07",投诉,"0200",57
3219,"2023-06-07",意见建议,"0300",20
3220,"2023-06-07",求助,"0400",22
3221,"2023-06-07",表扬,"0500",22
3222,"2023-06-07",举报,"0600",99
3223,"2023-06-07",无效,"0700",118
3224,"2023-06-07",其他,"9999",125
3225,"2023-06-08",咨询,"0100",71
3226,"2023-06-08",投诉,"0200",66
3227,"2023-06-08",意见建议,"0300",68
3228,"2023-06-08",求助,"0400",57
3229,"2023-06-08",表扬,"0500",34
3230,"2023-06-08",举报,"0600",7
3231,"2023-06-08",无效,"0700",122
3232,"2023-06-08",其他,"9999",176
3233,"2023-06-09",咨询,"0100",34
3234,"2023-06-09",投诉,"0200",103
3235,"2023-06-09",意见建议,"0300",85
3236,"2023-06-09",求助,"0400",108
3237,"2023-06-09",表扬,"0500",67
3238,"2023-06-09",举报,"0600",7
3239,"2023-06-09",无效,"0700",96
3240,"2023-06-09",其他,"9999",294
3241,"2023-06-10",咨询,"0100",94
3242,"2023-06-10",投诉,"0200",44
3243,"2023-06-10",意见建议,"0300",79
3244,"2023-06-10",求助,"0400",103
3245,"2023-06-10",表扬,"0500",37
3246,"2023-06-10",举报,"0600",86
3247,"2023-06-10",无效,"0700",11
3248,"2023-06-10",其他,"9999",310
3249,"2023-06-11",咨询,"0100",51
3250,"2023-06-11",投诉,"0200",59
3251,"2023-06-11",意见建议,"0300",35
3252,"2023-06-11",求助,"0400",23
3253,"2023-06-11",表扬,"0500",89
3254,"2023-06-11",举报,"0600",87
3255,"2023-06-11",无效,"0700",62
3256,"2023-06-11",其他,"9999",155
3257,"2023-06-12",咨询,"0100",29
3258,"2023-06-12",投诉,"0200",91
3259,"2023-06-12",意见建议,"0300",49
3260,"2023-06-12",求助,"0400",20
3261,"2023-06-12",表扬,"0500",79
3262,"2023-06-12",举报,"0600",76
3263,"2023-06-12",无效,"0700",131
3264,"2023-06-12",其他,"9999",222
3265,"2023-06-13",咨询,"0100",108
3266,"2023-06-13",投诉,"0200",85
3267,"2023-06-13",意见建议,"0300",30
3268,"2023-06-13",求助,"0400",51
3269,"2023-06-13",表扬,"0500",14
3270,"2023-06-13",举报,"0600",46
3271,"2023-06-13",无效,"0700",152
3272,"2023-06-13",其他,"9999",451
3273,"2023-06-14",咨询,"0100",29
3274,"2023-06-14",投诉,"0200",32
3275,"2023-06-14",意见建议,"0300",26
3276,"2023-06-14",求助,"0400",33
3277,"2023-06-14",表扬,"0500",49
3278,"2023-06-14",举报,"0600",36
3279,"2023-06-14",无效,"0700",90
3280,"2023-06-14",其他,"9999",314
3281,"2023-06-15",咨询,"0100",92
3282,"2023-06-15",投诉,"0200",25
3283,"2023-06-15",意见建议,"0300",23
3284,"2023-06-15",求助,"0400",22
3285,"2023-06-15",表扬,"0500",103
3286,"2023-06-15",举报,"0600",11
3287,"2023-06-15",无效,"0700",44
3288,"2023-06-15",其他,"9999",439
3289,"2023-06-16",咨询,"0100",60
3290,"2023-06-16",投诉,"0200",98
3291,"2023-06-16",意见建议,"0300",116
3292,"2023-06-16",求助,"0400",116
3293,"2023-06-16",表扬,"0500",21
3294,"2023-06-16",举报,"0600",79
3295,"2023-06-16",无效,"0700",171
3296,"2023-06-16",其他,"9999",217
3297,"2023-06-17",咨询,"0100",78
3298,"2023-06-17",投诉,"0200",20
3299,"2023-06-17",意见建议,"0300",70
3300,"2023-06-17",求助,"0400",6
3301,"2023-06-17",表扬,"0500",153
3302,"2023-06-17",举报,"0600",159
3303,"2023-06-17",无效,"0700",230
3304,"2023-06-17",其他,"9999",256
3305,"2023-06-18",咨询,"0100",32
3306,"2023-06-18",投诉,"0200",73
3307,"2023-06-18",意见建议,"0300",6
3308,"2023-06-18",求助,"0400",92
3309,"2023-06-18",表扬,"0500",46
3310,"2023-06-18",举报,"0600",194
3311,"2023-06-18",无效,"0700",135
3312,"2023-06-18",其他,"9999",408
3313,"2023-06-19",咨询,"0100",33
3314,"2023-06-19",投诉,"0200",55
3315,"2023-06-19",意见建议,"0300",31
3316,"2023-06-19",求助,"0400",55
3317,"2023-06-19",表扬,"0500",33
3318,"2023-06-19",举报,"0600",116
3319,"2023-06-19",无效,"0700",14
3320,"2023-06-19",其他,"9999",220
3321,"2023-06-20",咨询,"0100",37
3322,"2023-06-20",投诉,"0200",63
3323,"2023-06-20",意见建议,"0300",6
3324,"2023-06-20",求助,"0400",22
3325,"2023-06-20",表扬,"0500",32
3326,"2023-06-20",举报,"0600",78
3327,"2023-06-20",无效,"0700",34
3328,"2023-06-20",其他,"9999",429
3329,"2023-06-21",咨询,"0100",6
3330,"2023-06-21",投诉,"0200",71
3331,"2023-06-21",意见建议,"0300",21
3332,"2023-06-21",求助,"0400",36
3333,"2023-06-21",表扬,"0500",43
3334,"2023-06-21",举报,"0600",12
3335,"2023-06-21",无效,"0700",284
3336,"2023-06-21",其他,"9999",300
3337,"2023-06-22",咨询,"0100",20
3338,"2023-06-22",投诉,"0200",25
3339,"2023-06-22",意见建议,"0300",14
3340,"2023-06-22",求助,"0400",32
3341,"2023-06-22",表扬,"0500",52
3342,"2023-06-22",举报,"0600",12
3343,"2023-06-22",无效,"0700",77
3344,"2023-06-22",其他,"9999",92
3345,"2023-06-23",咨询,"0100",48
3346,"2023-06-23",投诉,"0200",111
3347,"2023-06-23",意见建议,"0300",93
3348,"2023-06-23",求助,"0400",38
3349,"2023-06-23",表扬,"0500",59
3350,"2023-06-23",举报,"0600",25
3351,"2023-06-23",无效,"0700",169
3352,"2023-06-23",其他,"9999",321
3353,"2023-06-24",咨询,"0100",23
3354,"2023-06-24",投诉,"0200",39
3355,"2023-06-24",意见建议,"0300",29
3356,"2023-06-24",求助,"0400",12
3357,"2023-06-24",表扬,"0500",121
3358,"2023-06-24",举报,"0600",89
3359,"2023-06-24",无效,"0700",129
3360,"2023-06-24",其他,"9999",240
3361,"2023-06-25",咨询,"0100",34
3362,"2023-06-25",投诉,"0200",52
3363,"2023-06-25",意见建议,"0300",23
3364,"2023-06-25",求助,"0400",22
3365,"2023-06-25",表扬,"0500",122
3366,"2023-06-25",举报,"0600",103
3367,"2023-06-25",无效,"0700",161
3368,"2023-06-25",其他,"9999",170
3369,"2023-06-26",咨询,"0100",11
3370,"2023-06-26",投诉,"0200",24
3371,"2023-06-26",意见建议,"0300",43
3372,"2023-06-26",求助,"0400",96
3373,"2023-06-26",表扬,"0500",33
3374,"2023-06-26",举报,"0600",96
3375,"2023-06-26",无效,"0700",10
3376,"2023-06-26",其他,"9999",251
3377,"2023-06-27",咨询,"0100",54
3378,"2023-06-27",投诉,"0200",43
3379,"2023-06-27",意见建议,"0300",56
3380,"2023-06-27",求助,"0400",70
3381,"2023-06-27",表扬,"0500",154
3382,"2023-06-27",举报,"0600",38
3383,"2023-06-27",无效,"0700",189
3384,"2023-06-27",其他,"9999",247
3385,"2023-06-28",咨询,"0100",49
3386,"2023-06-28",投诉,"0200",35
3387,"2023-06-28",意见建议,"0300",22
3388,"2023-06-28",求助,"0400",30
3389,"2023-06-28",表扬,"0500",28
3390,"2023-06-28",举报,"0600",84
3391,"2023-06-28",无效,"0700",152
3392,"2023-06-28",其他,"9999",167
3393,"2023-06-29",咨询,"0100",19
3394,"2023-06-29",投诉,"0200",22
3395,"2023-06-29",意见建议,"0300",75
3396,"2023-06-29",求助,"0400",17
3397,"2023-06-29",表扬,"0500",19
3398,"2023-06-29",举报,"0600",32
3399,"2023-06-29",无效,"0700",60
3400,"2023-06-29",其他,"9999",291
3401,"2023-06-30",咨询,"0100",101
3402,"2023-06-30",投诉,"0200",40
3403,"2023-06-30",意见建议,"0300",120
3404,"2023-06-30",求助,"0400",37
3405,"2023-06-30",表扬,"0500",15
3406,"2023-06-30",举报,"0600",146
3407,"2023-06-30",无效,"0700",208
3408,"2023-06-30",其他,"9999",307
3409,"2023-07-01",咨询,"0100",79
3410,"2023-07-01",投诉,"0200",73
3411,"2023-07-01",意见建议,"0300",23
3412,"2023-07-01",求助,"0400",101
3413,"2023-07-01",表扬,"0500",79
3414,"2023-07-01",举报,"0600",140
3415,"2023-07-01",无效,"0700",110
3416,"2023-07-01",其他,"9999",206
3417,"2023-07-02",咨询,"0100",35
3418,"2023-07-02",投诉,"0200",89
3419,"2023-07-02",意见建议,"0300",5
3420,"2023-07-02",求助,"0400",114
3421,"2023-07-02",表扬,"0500",148
3422,"2023-07-02",举报,"0600",83
3423,"2023-07-02",无效,"0700",129
3424,"2023-07-02",其他,"9999",256
3425,"2023-07-03",咨询,"0100",34
3426,"2023-07-03",投诉,"0200",59
3427,"2023-07-03",意见建议,"0300",25
3428,"2023-07-03",求助,"0400",5
3429,"2023-07-03",表扬,"0500",96
3430,"2023-07-03",举报,"0600",41
3431,"2023-07-03",无效,"0700",78
3432,"2023-07-03",其他,"9999",211
3433,"2023-07-04",咨询,"0100",47
3434,"2023-07-04",投诉,"0200",5
3435,"2023-07-04",意见建议,"0300",88
3436,"2023-07-04",求助,"0400",33
3437,"2023-07-04",表扬,"0500",122
3438,"2023-07-04",举报,"0600",97
3439,"2023-07-04",无效,"0700",111
3440,"2023-07-04",其他,"9999",300
3441,"2023-07-05",咨询,"0100",50
3442,"2023-07-05",投诉,"0200",9
3443,"2023-07-05",意见建议,"0300",36
3444,"2023-07-05",求助,"0400",23
3445,"2023-07-05",表扬,"0500",29
3446,"2023-07-05",举报,"0600",8
3447,"2023-07-05",无效,"0700",107
3448,"2023-07-05",其他,"9999",178
3449,"2023-07-06",咨询,"0100",68
3450,"2023-07-06",投诉,"0200",103
3451,"2023-07-06",意见建议,"0300",115
3452,"2023-07-06",求助,"0400",11
3453,"2023-07-06",表扬,"0500",64
3454,"2023-07-06",举报,"0600",133
3455,"2023-07-06",无效,"0700",35
3456,"2023-07-06",其他,"9999",383
3457,"2023-07-07",咨询,"0100",36
3458,"2023-07-07",投诉,"0200",67
3459,"2023-07-07",意见建议,"0300",84
3460,"2023-07-07",求助,"0400",102
3461,"2023-07-07",表扬,"0500",133
3462,"2023-07-07",举报,"0600",20
3463,"2023-07-07",无效,"0700",15
3464,"2023-07-07",其他,"9999",380
3465,"2023-07-08",咨询,"0100",33
3466,"2023-07-08",投诉,"0200",85
3467,"2023-07-08",意见建议,"0300",87
3468,"2023-07-08",求助,"0400",85
3469,"2023-07-08",表扬,"0500",20
3470,"2023-07-08",举报,"0600",122
3471,"2023-07-08",无效,"0700",50
3472,"2023-07-08",其他,"9999",412
3473,"2023-07-09",咨询,"0100",43
3474,"2023-07-09",投诉,"0200",71
3475,"2023-07-09",意见建议,"0300",10
3476,"2023-07-09",求助,"0400",54
3477,"2023-07-09",表扬,"0500",16
3478,"2023-07-09",举报,"0600",72
3479,"2023-07-09",无效,"0700",145
3480,"2023-07-09",其他,"9999",169
3481,"2023-07-10",咨询,"0100",10
3482,"2023-07-10",投诉,"0200",7
3483,"2023-07-10",意见建议,"0300",15
3484,"2023-07-10",求助,"0400",53
3485,"2023-07-10",表扬,"0500",13
3486,"2023-07-10",举报,"0600",52
3487,"2023-07-10",无效,"0700",82
3488,"2023-07-10",其他,"9999",135
3489,"2023-07-11",咨询,"0100",41
3490,"2023-07-11",投诉,"0200",24
3491,"2023-07-11",意见建议,"0300",47
3492,"2023-07-11",求助,"0400",23
3493,"2023-07-11",表扬,"0500",32
3494,"2023-07-11",举报,"0600",94
3495,"2023-07-11",无效,"0700",96
3496,"2023-07-11",其他,"9999",156
3497,"2023-07-12",咨询,"0100",16
3498,"2023-07-12",投诉,"0200",65
3499,"2023-07-12",意见建议,"0300",85
3500,"2023-07-12",求助,"0400",54
3501,"2023-07-12",表扬,"0500",27
3502,"2023-07-12",举报,"0600",18
3503,"2023-07-12",无效,"0700",136
3504,"2023-07-12",其他,"9999",551
3505,"2023-07-13",咨询,"0100",93
3506,"2023-07-13",投诉,"0200",78
3507,"2023-07-13",意见建议,"0300",64
3508,"2023-07-13",求助,"0400",17
3509,"2023-07-13",表扬,"0500",125
3510,"2023-07-13",举报,"0600",97
3511,"2023-07-13",无效,"0700",106
3512,"2023-07-13",其他,"9999",183
3513,"2023-07-14",咨询,"0100",38
3514,"2023-07-14",投诉,"0200",46
3515,"2023-07-14",意见建议,"0300",63
3516,"2023-07-14",求助,"0400",37
3517,"2023-07-14",表扬,"0500",86
3518,"2023-07-14",举报,"0600",7
3519,"2023-07-14",无效,"0700",38
3520,"2023-07-14",其他,"9999",221
3521,"2023-07-15",咨询,"0100",14
3522,"2023-07-15",投诉,"0200",29
3523,"2023-07-15",意见建议,"0300",38
3524,"2023-07-15",求助,"0400",39
3525,"2023-07-15",表扬,"0500",12
3526,"2023-07-15",举报,"0600",51
3527,"2023-07-15",无效,"0700",51
3528,"2023-07-15",其他,"9999",93
3529,"2023-07-16",咨询,"0100",40
3530,"2023-07-16",投诉,"0200",10
3531,"2023-07-16",意见建议,"0300",116
3532,"2023-07-16",求助,"0400",106
3533,"2023-07-16",表扬,"0500",10
3534,"2023-07-16",举报,"0600",129
3535,"2023-07-16",无效,"0700",126
3536,"2023-07-16",其他,"9999",295
3537,"2023-07-17",咨询,"0100",79
3538,"2023-07-17",投诉,"0200",74
3539,"2023-07-17",意见建议,"0300",95
3540,"2023-07-17",求助,"0400",77
3541,"2023-07-17",表扬,"0500",29
3542,"2023-07-17",举报,"0600",26
3543,"2023-07-17",无效,"0700",23
3544,"2023-07-17",其他,"9999",407
3545,"2023-07-18",咨询,"0100",40
3546,"2023-07-18",投诉,"0200",25
3547,"2023-07-18",意见建议,"0300",6
3548,"2023-07-18",求助,"0400",7
3549,"2023-07-18",表扬,"0500",40
3550,"2023-07-18",举报,"0600",57
3551,"2023-07-18",无效,"0700",35
3552,"2023-07-18",其他,"9999",113
3553,"2023-07-19",咨询,"0100",11
3554,"2023-07-19",投诉,"0200",23
3555,"2023-07-19",意见建议,"0300",15
3556,"2023-07-19",求助,"0400",84
3557,"2023-07-19",表扬,"0500",36
3558,"2023-07-19",举报,"0600",43
3559,"2023-07-19",无效,"0700",21
3560,"2023-07-19",其他,"9999",260
3561,"2023-07-20",咨询,"0100",32
3562,"2023-07-20",投诉,"0200",54
3563,"2023-07-20",意见建议,"0300",20
3564,"2023-07-20",求助,"0400",21
3565,"2023-07-20",表扬,"0500",46
3566,"2023-07-20",举报,"0600",83
3567,"2023-07-20",无效,"0700",239
3568,"2023-07-20",其他,"9999",293
3569,"2023-07-21",咨询,"0100",97
3570,"2023-07-21",投诉,"0200",42
3571,"2023-07-21",意见建议,"0300",35
3572,"2023-07-21",求助,"0400",92
3573,"2023-07-21",表扬,"0500",82
3574,"2023-07-21",举报,"0600",33
3575,"2023-07-21",无效,"0700",191
3576,"2023-07-21",其他,"9999",309
3577,"2023-07-22",咨询,"0100",20
3578,"2023-07-22",投诉,"0200",22
3579,"2023-07-22",意见建议,"0300",50
3580,"2023-07-22",求助,"0400",131
3581,"2023-07-22",表扬,"0500",104
3582,"2023-07-22",举报,"0600",117
3583,"2023-07-22",无效,"0700",134
3584,"2023-07-22",其他,"9999",207
3585,"2023-07-23",咨询,"0100",26
3586,"2023-07-23",投诉,"0200",20
3587,"2023-07-23",意见建议,"0300",112
3588,"2023-07-23",求助,"0400",17
3589,"2023-07-23",表扬,"0500",113
3590,"2023-07-23",举报,"0600",113
3591,"2023-07-23",无效,"0700",141
3592,"2023-07-23",其他,"9999",178
3593,"2023-07-24",咨询,"0100",9
3594,"2023-07-24",投诉,"0200",43
3595,"2023-07-24",意见建议,"0300",29
3596,"2023-07-24",求助,"0400",10
3597,"2023-07-24",表扬,"0500",16
3598,"2023-07-24",举报,"0600",46
3599,"2023-07-24",无效,"0700",10
3600,"2023-07-24",其他,"9999",179
3601,"2023-07-25",咨询,"0100",13
3602,"2023-07-25",投诉,"0200",48
3603,"2023-07-25",意见建议,"0300",73
3604,"2023-07-25",求助,"0400",26
3605,"2023-07-25",表扬,"0500",52
3606,"2023-07-25",举报,"0600",54
3607,"2023-07-25",无效,"0700",111
3608,"2023-07-25",其他,"9999",175
3609,"2023-07-26",咨询,"0100",22
3610,"2023-07-26",投诉,"0200",77
3611,"2023-07-26",意见建议,"0300",54
3612,"2023-07-26",求助,"0400",17
3613,"2023-07-26",表扬,"0500",105
3614,"2023-07-26",举报,"0600",107
3615,"2023-07-26",无效,"0700",57
3616,"2023-07-26",其他,"9999",210
3617,"2023-07-27",咨询,"0100",65
3618,"2023-07-27",投诉,"0200",106
3619,"2023-07-27",意见建议,"0300",70
3620,"2023-07-27",求助,"0400",31
3621,"2023-07-27",表扬,"0500",23
3622,"2023-07-27",举报,"0600",22
3623,"2023-07-27",无效,"0700",72
3624,"2023-07-27",其他,"9999",475
3625,"2023-07-28",咨询,"0100",24
3626,"2023-07-28",投诉,"0200",11
3627,"2023-07-28",意见建议,"0300",20
3628,"2023-07-28",求助,"0400",25
3629,"2023-07-28",表扬,"0500",54
3630,"2023-07-28",举报,"0600",46
3631,"2023-07-28",无效,"0700",50
3632,"2023-07-28",其他,"9999",75
3633,"2023-07-29",咨询,"0100",12
3634,"2023-07-29",投诉,"0200",5
3635,"2023-07-29",意见建议,"0300",94
3636,"2023-07-29",求助,"0400",87
3637,"2023-07-29",表扬,"0500",157
3638,"2023-07-29",举报,"0600",73
3639,"2023-07-29",无效,"0700",152
3640,"2023-07-29",其他,"9999",392
3641,"2023-07-30",咨询,"0100",40
3642,"2023-07-30",投诉,"0200",34
3643,"2023-07-30",意见建议,"0300",41
3644,"2023-07-30",求助,"0400",7
3645,"2023-07-30",表扬,"0500",42
3646,"2023-07-30",举报,"0600",23
3647,"2023-07-30",无效,"0700",94
3648,"2023-07-30",其他,"9999",131
3649,"2023-07-31",咨询,"0100",83
3650,"2023-07-31",投诉,"0200",78
3651,"2023-07-31",意见建议,"0300",34
3652,"2023-07-31",求助,"0400",54
3653,"2023-07-31",表扬,"0500",115
3654,"2023-07-31",举报,"0600",90
3655,"2023-07-31",无效,"0700",119
3656,"2023-07-31",其他,"9999",173
3657,"2023-08-01",咨询,"0100",47
3658,"2023-08-01",投诉,"0200",39
3659,"2023-08-01",意见建议,"0300",61
3660,"2023-08-01",求助,"0400",8
3661,"2023-08-01",表扬,"0500",6
3662,"2023-08-01",举报,"0600",31
3663,"2023-08-01",无效,"0700",92
3664,"2023-08-01",其他,"9999",182
3665,"2023-08-02",咨询,"0100",24
3666,"2023-08-02",投诉,"0200",18
3667,"2023-08-02",意见建议,"0300",92
3668,"2023-08-02",求助,"0400",55
3669,"2023-08-02",表扬,"0500",22
3670,"2023-08-02",举报,"0600",144
3671,"2023-08-02",无效,"0700",129
3672,"2023-08-02",其他,"9999",262
3673,"2023-08-03",咨询,"0100",39
3674,"2023-08-03",投诉,"0200",52
3675,"2023-08-03",意见建议,"0300",91
3676,"2023-08-03",求助,"0400",6
3677,"2023-08-03",表扬,"0500",126
3678,"2023-08-03",举报,"0600",112
3679,"2023-08-03",无效,"0700",9
3680,"2023-08-03",其他,"9999",277
3681,"2023-08-04",咨询,"0100",10
3682,"2023-08-04",投诉,"0200",40
3683,"2023-08-04",意见建议,"0300",20
3684,"2023-08-04",求助,"0400",40
3685,"2023-08-04",表扬,"0500",25
3686,"2023-08-04",举报,"0600",61
3687,"2023-08-04",无效,"0700",16
3688,"2023-08-04",其他,"9999",111
3689,"2023-08-05",咨询,"0100",18
3690,"2023-08-05",投诉,"0200",61
3691,"2023-08-05",意见建议,"0300",38
3692,"2023-08-05",求助,"0400",62
3693,"2023-08-05",表扬,"0500",79
3694,"2023-08-05",举报,"0600",51
3695,"2023-08-05",无效,"0700",20
3696,"2023-08-05",其他,"9999",206
3697,"2023-08-06",咨询,"0100",56
3698,"2023-08-06",投诉,"0200",118
3699,"2023-08-06",意见建议,"0300",76
3700,"2023-08-06",求助,"0400",27
3701,"2023-08-06",表扬,"0500",126
3702,"2023-08-06",举报,"0600",127
3703,"2023-08-06",无效,"0700",161
3704,"2023-08-06",其他,"9999",213
3705,"2023-08-07",咨询,"0100",37
3706,"2023-08-07",投诉,"0200",30
3707,"2023-08-07",意见建议,"0300",41
3708,"2023-08-07",求助,"0400",7
3709,"2023-08-07",表扬,"0500",12
3710,"2023-08-07",举报,"0600",20
3711,"2023-08-07",无效,"0700",86
3712,"2023-08-07",其他,"9999",99
3713,"2023-08-08",咨询,"0100",35
3714,"2023-08-08",投诉,"0200",25
3715,"2023-08-08",意见建议,"0300",35
3716,"2023-08-08",求助,"0400",12
3717,"2023-08-08",表扬,"0500",58
3718,"2023-08-08",举报,"0600",9
3719,"2023-08-08",无效,"0700",82
3720,"2023-08-08",其他,"9999",85
3721,"2023-08-09",咨询,"0100",22
3722,"2023-08-09",投诉,"0200",14
3723,"2023-08-09",意见建议,"0300",30
3724,"2023-08-09",求助,"0400",28
3725,"2023-08-09",表扬,"0500",26
3726,"2023-08-09",举报,"0600",60
3727,"2023-08-09",无效,"0700",46
3728,"2023-08-09",其他,"9999",132
3729,"2023-08-10",咨询,"0100",34
3730,"2023-08-10",投诉,"0200",29
3731,"2023-08-10",意见建议,"0300",23
3732,"2023-08-10",求助,"0400",5
3733,"2023-08-10",表扬,"0500",54
3734,"2023-08-10",举报,"0600",10
3735,"2023-08-10",无效,"0700",40
3736,"2023-08-10",其他,"9999",194
3737,"2023-08-11",咨询,"0100",41
3738,"2023-08-11",投诉,"0200",81
3739,"2023-08-11",意见建议,"0300",111
3740,"2023-08-11",求助,"0400",118
3741,"2023-08-11",表扬,"0500",65
3742,"2023-08-11",举报,"0600",80
3743,"2023-08-11",无效,"0700",165
3744,"2023-08-11",其他,"9999",243
3745,"2023-08-12",咨询,"0100",61
3746,"2023-08-12",投诉,"0200",87
3747,"2023-08-12",意见建议,"0300",48
3748,"2023-08-12",求助,"0400",142
3749,"2023-08-12",表扬,"0500",82
3750,"2023-08-12",举报,"0600",57
3751,"2023-08-12",无效,"0700",112
3752,"2023-08-12",其他,"9999",328
3753,"2023-08-13",咨询,"0100",58
3754,"2023-08-13",投诉,"0200",84
3755,"2023-08-13",意见建议,"0300",50
3756,"2023-08-13",求助,"0400",76
3757,"2023-08-13",表扬,"0500",107
3758,"2023-08-13",举报,"0600",52
3759,"2023-08-13",无效,"0700",81
3760,"2023-08-13",其他,"9999",210
3761,"2023-08-14",咨询,"0100",83
3762,"2023-08-14",投诉,"0200",93
3763,"2023-08-14",意见建议,"0300",60
3764,"2023-08-14",求助,"0400",87
3765,"2023-08-14",表扬,"0500",151
3766,"2023-08-14",举报,"0600",68
3767,"2023-08-14",无效,"0700",6
3768,"2023-08-14",其他,"9999",416
3769,"2023-08-15",咨询,"0100",65
3770,"2023-08-15",投诉,"0200",45
3771,"2023-08-15",意见建议,"0300",40
3772,"2023-08-15",求助,"0400",19
3773,"2023-08-15",表扬,"0500",49
3774,"2023-08-15",举报,"0600",164
3775,"2023-08-15",无效,"0700",106
3776,"2023-08-15",其他,"9999",264
3777,"2023-08-16",咨询,"0100",38
3778,"2023-08-16",投诉,"0200",8
3779,"2023-08-16",意见建议,"0300",47
3780,"2023-08-16",求助,"0400",63
3781,"2023-08-16",表扬,"0500",54
3782,"2023-08-16",举报,"0600",58
3783,"2023-08-16",无效,"0700",74
3784,"2023-08-16",其他,"9999",85
3785,"2023-08-17",咨询,"0100",18
3786,"2023-08-17",投诉,"0200",33
3787,"2023-08-17",意见建议,"0300",56
3788,"2023-08-17",求助,"0400",61
3789,"2023-08-17",表扬,"0500",22
3790,"2023-08-17",举报,"0600",89
3791,"2023-08-17",无效,"0700",33
3792,"2023-08-17",其他,"9999",164
3793,"2023-08-18",咨询,"0100",37
3794,"2023-08-18",投诉,"0200",32
3795,"2023-08-18",意见建议,"0300",19
3796,"2023-08-18",求助,"0400",18
3797,"2023-08-18",表扬,"0500",30
3798,"2023-08-18",举报,"0600",11
3799,"2023-08-18",无效,"0700",73
3800,"2023-08-18",其他,"9999",87
3801,"2023-08-19",咨询,"0100",22
3802,"2023-08-19",投诉,"0200",58
3803,"2023-08-19",意见建议,"0300",36
3804,"2023-08-19",求助,"0400",71
3805,"2023-08-19",表扬,"0500",65
3806,"2023-08-19",举报,"0600",35
3807,"2023-08-19",无效,"0700",19
3808,"2023-08-19",其他,"9999",206
3809,"2023-08-20",咨询,"0100",67
3810,"2023-08-20",投诉,"0200",93
3811,"2023-08-20",意见建议,"0300",100
3812,"2023-08-20",求助,"0400",61
3813,"2023-08-20",表扬,"0500",95
3814,"2023-08-20",举报,"0600",44
3815,"2023-08-20",无效,"0700",112
3816,"2023-08-20",其他,"9999",265
3817,"2023-08-21",咨询,"0100",41
3818,"2023-08-21",投诉,"0200",45
3819,"2023-08-21",意见建议,"0300",101
3820,"2023-08-21",求助,"0400",23
3821,"2023-08-21",表扬,"0500",66
3822,"2023-08-21",举报,"0600",33
3823,"2023-08-21",无效,"0700",110
3824,"2023-08-21",其他,"9999",307
3825,"2023-08-22",咨询,"0100",11
3826,"2023-08-22",投诉,"0200",6
3827,"2023-08-22",意见建议,"0300",9
3828,"2023-08-22",求助,"0400",111
3829,"2023-08-22",表扬,"0500",147
3830,"2023-08-22",举报,"0600",145
3831,"2023-08-22",无效,"0700",57
3832,"2023-08-22",其他,"9999",242
3833,"2023-08-23",咨询,"0100",34
3834,"2023-08-23",投诉,"0200",21
3835,"2023-08-23",意见建议,"0300",7
3836,"2023-08-23",求助,"0400",33
3837,"2023-08-23",表扬,"0500",50
3838,"2023-08-23",举报,"0600",25
3839,"2023-08-23",无效,"0700",27
3840,"2023-08-23",其他,"9999",110
3841,"2023-08-24",咨询,"0100",34
3842,"2023-08-24",投诉,"0200",7
3843,"2023-08-24",意见建议,"0300",13
3844,"2023-08-24",求助,"0400",51
3845,"2023-08-24",表扬,"0500",118
3846,"2023-08-24",举报,"0600",153
3847,"2023-08-24",无效,"0700",78
3848,"2023-08-24",其他,"9999",278
3849,"2023-08-25",咨询,"0100",51
3850,"2023-08-25",投诉,"0200",27
3851,"2023-08-25",意见建议,"0300",59
3852,"2023-08-25",求助,"0400",28
3853,"2023-08-25",表扬,"0500",54
3854,"2023-08-25",举报,"0600",52
3855,"2023-08-25",无效,"0700",45
3856,"2023-08-25",其他,"9999",118
3857,"2023-08-26",咨询,"0100",88
3858,"2023-08-26",投诉,"0200",49
3859,"2023-08-26",意见建议,"0300",35
3860,"2023-08-26",求助,"0400",54
3861,"2023-08-26",表扬,"0500",97
3862,"2023-08-26",举报,"0600",64
3863,"2023-08-26",无效,"0700",78
3864,"2023-08-26",其他,"9999",252
3865,"2023-08-27",咨询,"0100",18
3866,"2023-08-27",投诉,"0200",9
3867,"2023-08-27",意见建议,"0300",72
3868,"2023-08-27",求助,"0400",101
3869,"2023-08-27",表扬,"0500",57
3870,"2023-08-27",举报,"0600",72
3871,"2023-08-27",无效,"0700",72
3872,"2023-08-27",其他,"9999",243
3873,"2023-08-28",咨询,"0100",86
3874,"2023-08-28",投诉,"0200",10
3875,"2023-08-28",意见建议,"0300",41
3876,"2023-08-28",求助,"0400",110
3877,"2023-08-28",表扬,"0500",65
3878,"2023-08-28",举报,"0600",183
3879,"2023-08-28",无效,"0700",12
3880,"2023-08-28",其他,"9999",458
3881,"2023-08-29",咨询,"0100",11
3882,"2023-08-29",投诉,"0200",49
3883,"2023-08-29",意见建议,"0300",94
3884,"2023-08-29",求助,"0400",28
3885,"2023-08-29",表扬,"0500",60
3886,"2023-08-29",举报,"0600",160
3887,"2023-08-29",无效,"0700",156
3888,"2023-08-29",其他,"9999",226
3889,"2023-08-30",咨询,"0100",71
3890,"2023-08-30",投诉,"0200",8
3891,"2023-08-30",意见建议,"0300",79
3892,"2023-08-30",求助,"0400",15
3893,"2023-08-30",表扬,"0500",98
3894,"2023-08-30",举报,"0600",88
3895,"2023-08-30",无效,"0700",37
3896,"2023-08-30",其他,"9999",223
3897,"2023-08-31",咨询,"0100",24
3898,"2023-08-31",投诉,"0200",17
3899,"2023-08-31",意见建议,"0300",23
3900,"2023-08-31",求助,"0400",27
3901,"2023-08-31",表扬,"0500",69
3902,"2023-08-31",举报,"0600",17
3903,"2023-08-31",无效,"0700",75
3904,"2023-08-31",其他,"9999",318
3905,"2023-09-01",咨询,"0100",88
3906,"2023-09-01",投诉,"0200",92
3907,"2023-09-01",意见建议,"0300",20
3908,"2023-09-01",求助,"0400",9
3909,"2023-09-01",表扬,"0500",125
3910,"2023-09-01",举报,"0600",100
3911,"2023-09-01",无效,"0700",234
3912,"2023-09-01",其他,"9999",295
3913,"2023-09-02",咨询,"0100",9
3914,"2023-09-02",投诉,"0200",15
3915,"2023-09-02",意见建议,"0300",34
3916,"2023-09-02",求助,"0400",50
3917,"2023-09-02",表扬,"0500",145
3918,"2023-09-02",举报,"0600",172
3919,"2023-09-02",无效,"0700",137
3920,"2023-09-02",其他,"9999",280
3921,"2023-09-03",咨询,"0100",49
3922,"2023-09-03",投诉,"0200",71
3923,"2023-09-03",意见建议,"0300",11
3924,"2023-09-03",求助,"0400",90
3925,"2023-09-03",表扬,"0500",89
3926,"2023-09-03",举报,"0600",12
3927,"2023-09-03",无效,"0700",211
3928,"2023-09-03",其他,"9999",214
3929,"2023-09-04",咨询,"0100",24
3930,"2023-09-04",投诉,"0200",41
3931,"2023-09-04",意见建议,"0300",23
3932,"2023-09-04",求助,"0400",128
3933,"2023-09-04",表扬,"0500",79
3934,"2023-09-04",举报,"0600",135
3935,"2023-09-04",无效,"0700",193
3936,"2023-09-04",其他,"9999",309
3937,"2023-09-05",咨询,"0100",28
3938,"2023-09-05",投诉,"0200",65
3939,"2023-09-05",意见建议,"0300",53
3940,"2023-09-05",求助,"0400",53
3941,"2023-09-05",表扬,"0500",70
3942,"2023-09-05",举报,"0600",50
3943,"2023-09-05",无效,"0700",67
3944,"2023-09-05",其他,"9999",118
3945,"2023-09-06",咨询,"0100",25
3946,"2023-09-06",投诉,"0200",25
3947,"2023-09-06",意见建议,"0300",11
3948,"2023-09-06",求助,"0400",29
3949,"2023-09-06",表扬,"0500",38
3950,"2023-09-06",举报,"0600",14
3951,"2023-09-06",无效,"0700",17
3952,"2023-09-06",其他,"9999",203
3953,"2023-09-07",咨询,"0100",46
3954,"2023-09-07",投诉,"0200",29
3955,"2023-09-07",意见建议,"0300",33
3956,"2023-09-07",求助,"0400",21
3957,"2023-09-07",表扬,"0500",35
3958,"2023-09-07",举报,"0600",41
3959,"2023-09-07",无效,"0700",68
3960,"2023-09-07",其他,"9999",98
3961,"2023-09-08",咨询,"0100",21
3962,"2023-09-08",投诉,"0200",108
3963,"2023-09-08",意见建议,"0300",23
3964,"2023-09-08",求助,"0400",60
3965,"2023-09-08",表扬,"0500",161
3966,"2023-09-08",举报,"0600",174
3967,"2023-09-08",无效,"0700",115
3968,"2023-09-08",其他,"9999",323
3969,"2023-09-09",咨询,"0100",47
3970,"2023-09-09",投诉,"0200",98
3971,"2023-09-09",意见建议,"0300",68
3972,"2023-09-09",求助,"0400",8
3973,"2023-09-09",表扬,"0500",98
3974,"2023-09-09",举报,"0600",73
3975,"2023-09-09",无效,"0700",24
3976,"2023-09-09",其他,"9999",480
3977,"2023-09-10",咨询,"0100",5
3978,"2023-09-10",投诉,"0200",21
3979,"2023-09-10",意见建议,"0300",55
3980,"2023-09-10",求助,"0400",71
3981,"2023-09-10",表扬,"0500",17
3982,"2023-09-10",举报,"0600",68
3983,"2023-09-10",无效,"0700",95
3984,"2023-09-10",其他,"9999",105
3985,"2023-09-11",咨询,"0100",26
3986,"2023-09-11",投诉,"0200",10
3987,"2023-09-11",意见建议,"0300",82
3988,"2023-09-11",求助,"0400",125
3989,"2023-09-11",表扬,"0500",93
3990,"2023-09-11",举报,"0600",57
3991,"2023-09-11",无效,"0700",139
3992,"2023-09-11",其他,"9999",225
3993,"2023-09-12",咨询,"0100",81
3994,"2023-09-12",投诉,"0200",77
3995,"2023-09-12",意见建议,"0300",20
3996,"2023-09-12",求助,"0400",91
3997,"2023-09-12",表扬,"0500",25
3998,"2023-09-12",举报,"0600",93
3999,"2023-09-12",无效,"0700",168
4000,"2023-09-12",其他,"9999",248
4001,"2023-09-13",咨询,"0100",37
4002,"2023-09-13",投诉,"0200",35
4003,"2023-09-13",意见建议,"0300",6
4004,"2023-09-13",求助,"0400",58
4005,"2023-09-13",表扬,"0500",35
4006,"2023-09-13",举报,"0600",23
4007,"2023-09-13",无效,"0700",16
4008,"2023-09-13",其他,"9999",166
4009,"2023-09-14",咨询,"0100",28
4010,"2023-09-14",投诉,"0200",26
4011,"2023-09-14",意见建议,"0300",25
4012,"2023-09-14",求助,"0400",30
4013,"2023-09-14",表扬,"0500",53
4014,"2023-09-14",举报,"0600",59
4015,"2023-09-14",无效,"0700",47
4016,"2023-09-14",其他,"9999",77
4017,"2023-09-15",咨询,"0100",45
4018,"2023-09-15",投诉,"0200",48
4019,"2023-09-15",意见建议,"0300",70
4020,"2023-09-15",求助,"0400",127
4021,"2023-09-15",表扬,"0500",82
4022,"2023-09-15",举报,"0600",73
4023,"2023-09-15",无效,"0700",184
4024,"2023-09-15",其他,"9999",260
4025,"2023-09-16",咨询,"0100",34
4026,"2023-09-16",投诉,"0200",9
4027,"2023-09-16",意见建议,"0300",97
4028,"2023-09-16",求助,"0400",96
4029,"2023-09-16",表扬,"0500",10
4030,"2023-09-16",举报,"0600",29
4031,"2023-09-16",无效,"0700",206
4032,"2023-09-16",其他,"9999",233
4033,"2023-09-17",咨询,"0100",61
4034,"2023-09-17",投诉,"0200",70
4035,"2023-09-17",意见建议,"0300",48
4036,"2023-09-17",求助,"0400",12
4037,"2023-09-17",表扬,"0500",86
4038,"2023-09-17",举报,"0600",90
4039,"2023-09-17",无效,"0700",39
4040,"2023-09-17",其他,"9999",159
4041,"2023-09-18",咨询,"0100",71
4042,"2023-09-18",投诉,"0200",37
4043,"2023-09-18",意见建议,"0300",6
4044,"2023-09-18",求助,"0400",120
4045,"2023-09-18",表扬,"0500",9
4046,"2023-09-18",举报,"0600",131
4047,"2023-09-18",无效,"0700",229
4048,"2023-09-18",其他,"9999",375
4049,"2023-09-19",咨询,"0100",29
4050,"2023-09-19",投诉,"0200",19
4051,"2023-09-19",意见建议,"0300",29
4052,"2023-09-19",求助,"0400",16
4053,"2023-09-19",表扬,"0500",42
4054,"2023-09-19",举报,"0600",188
4055,"2023-09-19",无效,"0700",161
4056,"2023-09-19",其他,"9999",271
4057,"2023-09-20",咨询,"0100",64
4058,"2023-09-20",投诉,"0200",6
4059,"2023-09-20",意见建议,"0300",11
4060,"2023-09-20",求助,"0400",33
4061,"2023-09-20",表扬,"0500",36
4062,"2023-09-20",举报,"0600",187
4063,"2023-09-20",无效,"0700",80
4064,"2023-09-20",其他,"9999",306
4065,"2023-09-21",咨询,"0100",38
4066,"2023-09-21",投诉,"0200",6
4067,"2023-09-21",意见建议,"0300",70
4068,"2023-09-21",求助,"0400",23
4069,"2023-09-21",表扬,"0500",38
4070,"2023-09-21",举报,"0600",98
4071,"2023-09-21",无效,"0700",28
4072,"2023-09-21",其他,"9999",245
4073,"2023-09-22",咨询,"0100",60
4074,"2023-09-22",投诉,"0200",19
4075,"2023-09-22",意见建议,"0300",16
4076,"2023-09-22",求助,"0400",36
4077,"2023-09-22",表扬,"0500",85
4078,"2023-09-22",举报,"0600",130
4079,"2023-09-22",无效,"0700",74
4080,"2023-09-22",其他,"9999",278
4081,"2023-09-23",咨询,"0100",15
4082,"2023-09-23",投诉,"0200",52
4083,"2023-09-23",意见建议,"0300",33
4084,"2023-09-23",求助,"0400",37
4085,"2023-09-23",表扬,"0500",20
4086,"2023-09-23",举报,"0600",37
4087,"2023-09-23",无效,"0700",81
4088,"2023-09-23",其他,"9999",290
4089,"2023-09-24",咨询,"0100",9
4090,"2023-09-24",投诉,"0200",56
4091,"2023-09-24",意见建议,"0300",75
4092,"2023-09-24",求助,"0400",20
4093,"2023-09-24",表扬,"0500",91
4094,"2023-09-24",举报,"0600",39
4095,"2023-09-24",无效,"0700",42
4096,"2023-09-24",其他,"9999",310
4097,"2023-09-25",咨询,"0100",6
4098,"2023-09-25",投诉,"0200",42
4099,"2023-09-25",意见建议,"0300",23
4100,"2023-09-25",求助,"0400",36
4101,"2023-09-25",表扬,"0500",27
4102,"2023-09-25",举报,"0600",72
4103,"2023-09-25",无效,"0700",43
4104,"2023-09-25",其他,"9999",115
4105,"2023-09-26",咨询,"0100",105
4106,"2023-09-26",投诉,"0200",65
4107,"2023-09-26",意见建议,"0300",9
4108,"2023-09-26",求助,"0400",91
4109,"2023-09-26",表扬,"0500",51
4110,"2023-09-26",举报,"0600",93
4111,"2023-09-26",无效,"0700",28
4112,"2023-09-26",其他,"9999",445
4113,"2023-09-27",咨询,"0100",11
4114,"2023-09-27",投诉,"0200",23
4115,"2023-09-27",意见建议,"0300",45
4116,"2023-09-27",求助,"0400",51
4117,"2023-09-27",表扬,"0500",25
4118,"2023-09-27",举报,"0600",34
4119,"2023-09-27",无效,"0700",65
4120,"2023-09-27",其他,"9999",88
4121,"2023-09-28",咨询,"0100",42
4122,"2023-09-28",投诉,"0200",37
4123,"2023-09-28",意见建议,"0300",50
4124,"2023-09-28",求助,"0400",31
4125,"2023-09-28",表扬,"0500",36
4126,"2023-09-28",举报,"0600",15
4127,"2023-09-28",无效,"0700",69
4128,"2023-09-28",其他,"9999",129
4129,"2023-09-29",咨询,"0100",72
4130,"2023-09-29",投诉,"0200",27
4131,"2023-09-29",意见建议,"0300",27
4132,"2023-09-29",求助,"0400",102
4133,"2023-09-29",表扬,"0500",9
4134,"2023-09-29",举报,"0600",102
4135,"2023-09-29",无效,"0700",173
4136,"2023-09-29",其他,"9999",259
4137,"2023-09-30",咨询,"0100",27
4138,"2023-09-30",投诉,"0200",29
4139,"2023-09-30",意见建议,"0300",26
4140,"2023-09-30",求助,"0400",47
4141,"2023-09-30",表扬,"0500",67
4142,"2023-09-30",举报,"0600",32
4143,"2023-09-30",无效,"0700",64
4144,"2023-09-30",其他,"9999",180
4145,"2023-10-01",咨询,"0100",10
4146,"2023-10-01",投诉,"0200",53
4147,"2023-10-01",意见建议,"0300",14
4148,"2023-10-01",求助,"0400",69
4149,"2023-10-01",表扬,"0500",83
4150,"2023-10-01",举报,"0600",21
4151,"2023-10-01",无效,"0700",107
4152,"2023-10-01",其他,"9999",166
4153,"2023-10-02",咨询,"0100",24
4154,"2023-10-02",投诉,"0200",28
4155,"2023-10-02",意见建议,"0300",10
4156,"2023-10-02",求助,"0400",30
4157,"2023-10-02",表扬,"0500",31
4158,"2023-10-02",举报,"0600",45
4159,"2023-10-02",无效,"0700",6
4160,"2023-10-02",其他,"9999",143
4161,"2023-10-03",咨询,"0100",72
4162,"2023-10-03",投诉,"0200",25
4163,"2023-10-03",意见建议,"0300",84
4164,"2023-10-03",求助,"0400",82
4165,"2023-10-03",表扬,"0500",92
4166,"2023-10-03",举报,"0600",31
4167,"2023-10-03",无效,"0700",10
4168,"2023-10-03",其他,"9999",279
4169,"2023-10-04",咨询,"0100",114
4170,"2023-10-04",投诉,"0200",79
4171,"2023-10-04",意见建议,"0300",117
4172,"2023-10-04",求助,"0400",54
4173,"2023-10-04",表扬,"0500",25
4174,"2023-10-04",举报,"0600",8
4175,"2023-10-04",无效,"0700",38
4176,"2023-10-04",其他,"9999",477
4177,"2023-10-05",咨询,"0100",78
4178,"2023-10-05",投诉,"0200",63
4179,"2023-10-05",意见建议,"0300",53
4180,"2023-10-05",求助,"0400",69
4181,"2023-10-05",表扬,"0500",86
4182,"2023-10-05",举报,"0600",179
4183,"2023-10-05",无效,"0700",111
4184,"2023-10-05",其他,"9999",273
4185,"2023-10-06",咨询,"0100",21
4186,"2023-10-06",投诉,"0200",50
4187,"2023-10-06",意见建议,"0300",42
4188,"2023-10-06",求助,"0400",46
4189,"2023-10-06",表扬,"0500",185
4190,"2023-10-06",举报,"0600",57
4191,"2023-10-06",无效,"0700",219
4192,"2023-10-06",其他,"9999",309
4193,"2023-10-07",咨询,"0100",31
4194,"2023-10-07",投诉,"0200",86
4195,"2023-10-07",意见建议,"0300",99
4196,"2023-10-07",求助,"0400",41
4197,"2023-10-07",表扬,"0500",79
4198,"2023-10-07",举报,"0600",31
4199,"2023-10-07",无效,"0700",155
4200,"2023-10-07",其他,"9999",199
4201,"2023-10-08",咨询,"0100",35
4202,"2023-10-08",投诉,"0200",40
4203,"2023-10-08",意见建议,"0300",23
4204,"2023-10-08",求助,"0400",21
4205,"2023-10-08",表扬,"0500",11
4206,"2023-10-08",举报,"0600",8
4207,"2023-10-08",无效,"0700",63
4208,"2023-10-08",其他,"9999",141
4209,"2023-10-09",咨询,"0100",28
4210,"2023-10-09",投诉,"0200",50
4211,"2023-10-09",意见建议,"0300",70
4212,"2023-10-09",求助,"0400",94
4213,"2023-10-09",表扬,"0500",27
4214,"2023-10-09",举报,"0600",79
4215,"2023-10-09",无效,"0700",103
4216,"2023-10-09",其他,"9999",223
4217,"2023-10-10",咨询,"0100",37
4218,"2023-10-10",投诉,"0200",41
4219,"2023-10-10",意见建议,"0300",119
4220,"2023-10-10",求助,"0400",100
4221,"2023-10-10",表扬,"0500",25
4222,"2023-10-10",举报,"0600",119
4223,"2023-10-10",无效,"0700",114
4224,"2023-10-10",其他,"9999",237
4225,"2023-10-11",咨询,"0100",90
4226,"2023-10-11",投诉,"0200",78
4227,"2023-10-11",意见建议,"0300",97
4228,"2023-10-11",求助,"0400",83
4229,"2023-10-11",表扬,"0500",5
4230,"2023-10-11",举报,"0600",207
4231,"2023-10-11",无效,"0700",7
4232,"2023-10-11",其他,"9999",419
4233,"2023-10-12",咨询,"0100",47
4234,"2023-10-12",投诉,"0200",56
4235,"2023-10-12",意见建议,"0300",73
4236,"2023-10-12",求助,"0400",40
4237,"2023-10-12",表扬,"0500",57
4238,"2023-10-12",举报,"0600",9
4239,"2023-10-12",无效,"0700",133
4240,"2023-10-12",其他,"9999",197
4241,"2023-10-13",咨询,"0100",63
4242,"2023-10-13",投诉,"0200",86
4243,"2023-10-13",意见建议,"0300",14
4244,"2023-10-13",求助,"0400",92
4245,"2023-10-13",表扬,"0500",25
4246,"2023-10-13",举报,"0600",71
4247,"2023-10-13",无效,"0700",30
4248,"2023-10-13",其他,"9999",372
4249,"2023-10-14",咨询,"0100",103
4250,"2023-10-14",投诉,"0200",44
4251,"2023-10-14",意见建议,"0300",60
4252,"2023-10-14",求助,"0400",30
4253,"2023-10-14",表扬,"0500",108
4254,"2023-10-14",举报,"0600",139
4255,"2023-10-14",无效,"0700",170
4256,"2023-10-14",其他,"9999",198
4257,"2023-10-15",咨询,"0100",36
4258,"2023-10-15",投诉,"0200",61
4259,"2023-10-15",意见建议,"0300",55
4260,"2023-10-15",求助,"0400",61
4261,"2023-10-15",表扬,"0500",25
4262,"2023-10-15",举报,"0600",74
4263,"2023-10-15",无效,"0700",79
4264,"2023-10-15",其他,"9999",98
4265,"2023-10-16",咨询,"0100",55
4266,"2023-10-16",投诉,"0200",23
4267,"2023-10-16",意见建议,"0300",16
4268,"2023-10-16",求助,"0400",66
4269,"2023-10-16",表扬,"0500",61
4270,"2023-10-16",举报,"0600",46
4271,"2023-10-16",无效,"0700",56
4272,"2023-10-16",其他,"9999",318
4273,"2023-10-17",咨询,"0100",78
4274,"2023-10-17",投诉,"0200",117
4275,"2023-10-17",意见建议,"0300",43
4276,"2023-10-17",求助,"0400",109
4277,"2023-10-17",表扬,"0500",60
4278,"2023-10-17",举报,"0600",163
4279,"2023-10-17",无效,"0700",183
4280,"2023-10-17",其他,"9999",189
4281,"2023-10-18",咨询,"0100",34
4282,"2023-10-18",投诉,"0200",32
4283,"2023-10-18",意见建议,"0300",10
4284,"2023-10-18",求助,"0400",9
4285,"2023-10-18",表扬,"0500",28
4286,"2023-10-18",举报,"0600",34
4287,"2023-10-18",无效,"0700",30
4288,"2023-10-18",其他,"9999",139
4289,"2023-10-19",咨询,"0100",49
4290,"2023-10-19",投诉,"0200",11
4291,"2023-10-19",意见建议,"0300",42
4292,"2023-10-19",求助,"0400",40
4293,"2023-10-19",表扬,"0500",6
4294,"2023-10-19",举报,"0600",67
4295,"2023-10-19",无效,"0700",68
4296,"2023-10-19",其他,"9999",197
4297,"2023-10-20",咨询,"0100",24
4298,"2023-10-20",投诉,"0200",60
4299,"2023-10-20",意见建议,"0300",32
4300,"2023-10-20",求助,"0400",32
4301,"2023-10-20",表扬,"0500",59
4302,"2023-10-20",举报,"0600",42
4303,"2023-10-20",无效,"0700",87
4304,"2023-10-20",其他,"9999",114
4305,"2023-10-21",咨询,"0100",61
4306,"2023-10-21",投诉,"0200",22
4307,"2023-10-21",意见建议,"0300",112
4308,"2023-10-21",求助,"0400",109
4309,"2023-10-21",表扬,"0500",117
4310,"2023-10-21",举报,"0600",46
4311,"2023-10-21",无效,"0700",103
4312,"2023-10-21",其他,"9999",264
4313,"2023-10-22",咨询,"0100",14
4314,"2023-10-22",投诉,"0200",96
4315,"2023-10-22",意见建议,"0300",74
4316,"2023-10-22",求助,"0400",6
4317,"2023-10-22",表扬,"0500",49
4318,"2023-10-22",举报,"0600",58
4319,"2023-10-22",无效,"0700",198
4320,"2023-10-22",其他,"9999",202
4321,"2023-10-23",咨询,"0100",37
4322,"2023-10-23",投诉,"0200",61
4323,"2023-10-23",意见建议,"0300",40
4324,"2023-10-23",求助,"0400",68
4325,"2023-10-23",表扬,"0500",11
4326,"2023-10-23",举报,"0600",7
4327,"2023-10-23",无效,"0700",120
4328,"2023-10-23",其他,"9999",137
4329,"2023-10-24",咨询,"0100",23
4330,"2023-10-24",投诉,"0200",41
4331,"2023-10-24",意见建议,"0300",61
4332,"2023-10-24",求助,"0400",71
4333,"2023-10-24",表扬,"0500",46
4334,"2023-10-24",举报,"0600",122
4335,"2023-10-24",无效,"0700",11
4336,"2023-10-24",其他,"9999",334
4337,"2023-10-25",咨询,"0100",36
4338,"2023-10-25",投诉,"0200",6
4339,"2023-10-25",意见建议,"0300",17
4340,"2023-10-25",求助,"0400",31
4341,"2023-10-25",表扬,"0500",55
4342,"2023-10-25",举报,"0600",72
4343,"2023-10-25",无效,"0700",56
4344,"2023-10-25",其他,"9999",122
4345,"2023-10-26",咨询,"0100",21
4346,"2023-10-26",投诉,"0200",130
4347,"2023-10-26",意见建议,"0300",78
4348,"2023-10-26",求助,"0400",31
4349,"2023-10-26",表扬,"0500",144
4350,"2023-10-26",举报,"0600",31
4351,"2023-10-26",无效,"0700",221
4352,"2023-10-26",其他,"9999",317
4353,"2023-10-27",咨询,"0100",87
4354,"2023-10-27",投诉,"0200",80
4355,"2023-10-27",意见建议,"0300",50
4356,"2023-10-27",求助,"0400",52
4357,"2023-10-27",表扬,"0500",30
4358,"2023-10-27",举报,"0600",17
4359,"2023-10-27",无效,"0700",174
4360,"2023-10-27",其他,"9999",256
4361,"2023-10-28",咨询,"0100",68
4362,"2023-10-28",投诉,"0200",8
4363,"2023-10-28",意见建议,"0300",80
4364,"2023-10-28",求助,"0400",86
4365,"2023-10-28",表扬,"0500",72
4366,"2023-10-28",举报,"0600",111
4367,"2023-10-28",无效,"0700",192
4368,"2023-10-28",其他,"9999",313
4369,"2023-10-29",咨询,"0100",48
4370,"2023-10-29",投诉,"0200",59
4371,"2023-10-29",意见建议,"0300",42
4372,"2023-10-29",求助,"0400",29
4373,"2023-10-29",表扬,"0500",66
4374,"2023-10-29",举报,"0600",28
4375,"2023-10-29",无效,"0700",103
4376,"2023-10-29",其他,"9999",131
4377,"2023-10-30",咨询,"0100",72
4378,"2023-10-30",投诉,"0200",12
4379,"2023-10-30",意见建议,"0300",6
4380,"2023-10-30",求助,"0400",105
4381,"2023-10-30",表扬,"0500",32
4382,"2023-10-30",举报,"0600",45
4383,"2023-10-30",无效,"0700",211
4384,"2023-10-30",其他,"9999",257
4385,"2023-10-31",咨询,"0100",63
4386,"2023-10-31",投诉,"0200",55
4387,"2023-10-31",意见建议,"0300",32
4388,"2023-10-31",求助,"0400",52
4389,"2023-10-31",表扬,"0500",114
4390,"2023-10-31",举报,"0600",121
4391,"2023-10-31",无效,"0700",59
4392,"2023-10-31",其他,"9999",322
4393,"2023-11-01",咨询,"0100",41
4394,"2023-11-01",投诉,"0200",62
4395,"2023-11-01",意见建议,"0300",88
4396,"2023-11-01",求助,"0400",30
4397,"2023-11-01",表扬,"0500",83
4398,"2023-11-01",举报,"0600",91
4399,"2023-11-01",无效,"0700",78
4400,"2023-11-01",其他,"9999",344
4401,"2023-11-02",咨询,"0100",44
4402,"2023-11-02",投诉,"0200",37
4403,"2023-11-02",意见建议,"0300",13
4404,"2023-11-02",求助,"0400",55
4405,"2023-11-02",表扬,"0500",86
4406,"2023-11-02",举报,"0600",99
4407,"2023-11-02",无效,"0700",45
4408,"2023-11-02",其他,"9999",378
4409,"2023-11-03",咨询,"0100",51
4410,"2023-11-03",投诉,"0200",41
4411,"2023-11-03",意见建议,"0300",5
4412,"2023-11-03",求助,"0400",73
4413,"2023-11-03",表扬,"0500",85
4414,"2023-11-03",举报,"0600",81
4415,"2023-11-03",无效,"0700",46
4416,"2023-11-03",其他,"9999",138
4417,"2023-11-04",咨询,"0100",15
4418,"2023-11-04",投诉,"0200",109
4419,"2023-11-04",意见建议,"0300",98
4420,"2023-11-04",求助,"0400",100
4421,"2023-11-04",表扬,"0500",98
4422,"2023-11-04",举报,"0600",124
4423,"2023-11-04",无效,"0700",75
4424,"2023-11-04",其他,"9999",360
4425,"2023-11-05",咨询,"0100",42
4426,"2023-11-05",投诉,"0200",23
4427,"2023-11-05",意见建议,"0300",15
4428,"2023-11-05",求助,"0400",57
4429,"2023-11-05",表扬,"0500",110
4430,"2023-11-05",举报,"0600",61
4431,"2023-11-05",无效,"0700",153
4432,"2023-11-05",其他,"9999",195
4433,"2023-11-06",咨询,"0100",75
4434,"2023-11-06",投诉,"0200",52
4435,"2023-11-06",意见建议,"0300",64
4436,"2023-11-06",求助,"0400",79
4437,"2023-11-06",表扬,"0500",12
4438,"2023-11-06",举报,"0600",50
4439,"2023-11-06",无效,"0700",34
4440,"2023-11-06",其他,"9999",520
4441,"2023-11-07",咨询,"0100",35
4442,"2023-11-07",投诉,"0200",60
4443,"2023-11-07",意见建议,"0300",66
4444,"2023-11-07",求助,"0400",22
4445,"2023-11-07",表扬,"0500",20
4446,"2023-11-07",举报,"0600",78
4447,"2023-11-07",无效,"0700",114
4448,"2023-11-07",其他,"9999",126
4449,"2023-11-08",咨询,"0100",38
4450,"2023-11-08",投诉,"0200",5
4451,"2023-11-08",意见建议,"0300",48
4452,"2023-11-08",求助,"0400",66
4453,"2023-11-08",表扬,"0500",46
4454,"2023-11-08",举报,"0600",44
4455,"2023-11-08",无效,"0700",40
4456,"2023-11-08",其他,"9999",235
4457,"2023-11-09",咨询,"0100",51
4458,"2023-11-09",投诉,"0200",65
4459,"2023-11-09",意见建议,"0300",58
4460,"2023-11-09",求助,"0400",76
4461,"2023-11-09",表扬,"0500",51
4462,"2023-11-09",举报,"0600",23
4463,"2023-11-09",无效,"0700",93
4464,"2023-11-09",其他,"9999",293
4465,"2023-11-10",咨询,"0100",50
4466,"2023-11-10",投诉,"0200",28
4467,"2023-11-10",意见建议,"0300",76
4468,"2023-11-10",求助,"0400",36
4469,"2023-11-10",表扬,"0500",125
4470,"2023-11-10",举报,"0600",133
4471,"2023-11-10",无效,"0700",22
4472,"2023-11-10",其他,"9999",482
4473,"2023-11-11",咨询,"0100",20
4474,"2023-11-11",投诉,"0200",9
4475,"2023-11-11",意见建议,"0300",64
4476,"2023-11-11",求助,"0400",68
4477,"2023-11-11",表扬,"0500",67
4478,"2023-11-11",举报,"0600",109
4479,"2023-11-11",无效,"0700",112
4480,"2023-11-11",其他,"9999",134
4481,"2023-11-12",咨询,"0100",62
4482,"2023-11-12",投诉,"0200",111
4483,"2023-11-12",意见建议,"0300",28
4484,"2023-11-12",求助,"0400",83
4485,"2023-11-12",表扬,"0500",116
4486,"2023-11-12",举报,"0600",9
4487,"2023-11-12",无效,"0700",121
4488,"2023-11-12",其他,"9999",421
4489,"2023-11-13",咨询,"0100",62
4490,"2023-11-13",投诉,"0200",7
4491,"2023-11-13",意见建议,"0300",31
4492,"2023-11-13",求助,"0400",65
4493,"2023-11-13",表扬,"0500",63
4494,"2023-11-13",举报,"0600",168
4495,"2023-11-13",无效,"0700",92
4496,"2023-11-13",其他,"9999",270
4497,"2023-11-14",咨询,"0100",56
4498,"2023-11-14",投诉,"0200",28
4499,"2023-11-14",意见建议,"0300",5
4500,"2023-11-14",求助,"0400",70
4501,"2023-11-14",表扬,"0500",26
4502,"2023-11-14",举报,"0600",64
4503,"2023-11-14",无效,"0700",159
4504,"2023-11-14",其他,"9999",225
4505,"2023-11-15",咨询,"0100",73
4506,"2023-11-15",投诉,"0200",17
4507,"2023-11-15",意见建议,"0300",104
4508,"2023-11-15",求助,"0400",54
4509,"2023-11-15",表扬,"0500",83
4510,"2023-11-15",举报,"0600",61
4511,"2023-11-15",无效,"0700",76
4512,"2023-11-15",其他,"9999",266
4513,"2023-11-16",咨询,"0100",49
4514,"2023-11-16",投诉,"0200",67
4515,"2023-11-16",意见建议,"0300",84
4516,"2023-11-16",求助,"0400",11
4517,"2023-11-16",表扬,"0500",35
4518,"2023-11-16",举报,"0600",85
4519,"2023-11-16",无效,"0700",45
4520,"2023-11-16",其他,"9999",262
4521,"2023-11-17",咨询,"0100",55
4522,"2023-11-17",投诉,"0200",69
4523,"2023-11-17",意见建议,"0300",51
4524,"2023-11-17",求助,"0400",72
4525,"2023-11-17",表扬,"0500",93
4526,"2023-11-17",举报,"0600",5
4527,"2023-11-17",无效,"0700",20
4528,"2023-11-17",其他,"9999",313
4529,"2023-11-18",咨询,"0100",39
4530,"2023-11-18",投诉,"0200",65
4531,"2023-11-18",意见建议,"0300",37
4532,"2023-11-18",求助,"0400",38
4533,"2023-11-18",表扬,"0500",72
4534,"2023-11-18",举报,"0600",23
4535,"2023-11-18",无效,"0700",69
4536,"2023-11-18",其他,"9999",158
4537,"2023-11-19",咨询,"0100",36
4538,"2023-11-19",投诉,"0200",93
4539,"2023-11-19",意见建议,"0300",78
4540,"2023-11-19",求助,"0400",14
4541,"2023-11-19",表扬,"0500",61
4542,"2023-11-19",举报,"0600",107
4543,"2023-11-19",无效,"0700",44
4544,"2023-11-19",其他,"9999",357
4545,"2023-11-20",咨询,"0100",16
4546,"2023-11-20",投诉,"0200",44
4547,"2023-11-20",意见建议,"0300",46
4548,"2023-11-20",求助,"0400",76
4549,"2023-11-20",表扬,"0500",37
4550,"2023-11-20",举报,"0600",83
4551,"2023-11-20",无效,"0700",61
4552,"2023-11-20",其他,"9999",152
4553,"2023-11-21",咨询,"0100",25
4554,"2023-11-21",投诉,"0200",61
4555,"2023-11-21",意见建议,"0300",30
4556,"2023-11-21",求助,"0400",57
4557,"2023-11-21",表扬,"0500",127
4558,"2023-11-21",举报,"0600",18
4559,"2023-11-21",无效,"0700",68
4560,"2023-11-21",其他,"9999",382
4561,"2023-11-22",咨询,"0100",36
4562,"2023-11-22",投诉,"0200",61
4563,"2023-11-22",意见建议,"0300",35
4564,"2023-11-22",求助,"0400",5
4565,"2023-11-22",表扬,"0500",142
4566,"2023-11-22",举报,"0600",46
4567,"2023-11-22",无效,"0700",17
4568,"2023-11-22",其他,"9999",588
4569,"2023-11-23",咨询,"0100",63
4570,"2023-11-23",投诉,"0200",71
4571,"2023-11-23",意见建议,"0300",64
4572,"2023-11-23",求助,"0400",48
4573,"2023-11-23",表扬,"0500",67
4574,"2023-11-23",举报,"0600",55
4575,"2023-11-23",无效,"0700",52
4576,"2023-11-23",其他,"9999",321
4577,"2023-11-24",咨询,"0100",37
4578,"2023-11-24",投诉,"0200",16
4579,"2023-11-24",意见建议,"0300",20
4580,"2023-11-24",求助,"0400",29
4581,"2023-11-24",表扬,"0500",74
4582,"2023-11-24",举报,"0600",82
4583,"2023-11-24",无效,"0700",30
4584,"2023-11-24",其他,"9999",137
4585,"2023-11-25",咨询,"0100",41
4586,"2023-11-25",投诉,"0200",40
4587,"2023-11-25",意见建议,"0300",23
4588,"2023-11-25",求助,"0400",47
4589,"2023-11-25",表扬,"0500",31
4590,"2023-11-25",举报,"0600",51
4591,"2023-11-25",无效,"0700",9
4592,"2023-11-25",其他,"9999",145
4593,"2023-11-26",咨询,"0100",41
4594,"2023-11-26",投诉,"0200",131
4595,"2023-11-26",意见建议,"0300",129
4596,"2023-11-26",求助,"0400",122
4597,"2023-11-26",表扬,"0500",113
4598,"2023-11-26",举报,"0600",18
4599,"2023-11-26",无效,"0700",80
4600,"2023-11-26",其他,"9999",352
4601,"2023-11-27",咨询,"0100",59
4602,"2023-11-27",投诉,"0200",24
4603,"2023-11-27",意见建议,"0300",45
4604,"2023-11-27",求助,"0400",55
4605,"2023-11-27",表扬,"0500",21
4606,"2023-11-27",举报,"0600",19
4607,"2023-11-27",无效,"0700",118
4608,"2023-11-27",其他,"9999",193
4609,"2023-11-28",咨询,"0100",39
4610,"2023-11-28",投诉,"0200",15
4611,"2023-11-28",意见建议,"0300",40
4612,"2023-11-28",求助,"0400",13
4613,"2023-11-28",表扬,"0500",57
4614,"2023-11-28",举报,"0600",39
4615,"2023-11-28",无效,"0700",16
4616,"2023-11-28",其他,"9999",192
4617,"2023-11-29",咨询,"0100",82
4618,"2023-11-29",投诉,"0200",33
4619,"2023-11-29",意见建议,"0300",109
4620,"2023-11-29",求助,"0400",106
4621,"2023-11-29",表扬,"0500",40
4622,"2023-11-29",举报,"0600",86
4623,"2023-11-29",无效,"0700",56
4624,"2023-11-29",其他,"9999",272
4625,"2023-11-30",咨询,"0100",50
4626,"2023-11-30",投诉,"0200",116
4627,"2023-11-30",意见建议,"0300",43
4628,"2023-11-30",求助,"0400",145
4629,"2023-11-30",表扬,"0500",149
4630,"2023-11-30",举报,"0600",138
4631,"2023-11-30",无效,"0700",117
4632,"2023-11-30",其他,"9999",237
4633,"2023-12-01",咨询,"0100",80
4634,"2023-12-01",投诉,"0200",17
4635,"2023-12-01",意见建议,"0300",103
4636,"2023-12-01",求助,"0400",86
4637,"2023-12-01",表扬,"0500",118
4638,"2023-12-01",举报,"0600",128
4639,"2023-12-01",无效,"0700",118
4640,"2023-12-01",其他,"9999",153
4641,"2023-12-02",咨询,"0100",88
4642,"2023-12-02",投诉,"0200",102
4643,"2023-12-02",意见建议,"0300",86
4644,"2023-12-02",求助,"0400",80
4645,"2023-12-02",表扬,"0500",65
4646,"2023-12-02",举报,"0600",100
4647,"2023-12-02",无效,"0700",127
4648,"2023-12-02",其他,"9999",292
4649,"2023-12-03",咨询,"0100",25
4650,"2023-12-03",投诉,"0200",56
4651,"2023-12-03",意见建议,"0300",65
4652,"2023-12-03",求助,"0400",73
4653,"2023-12-03",表扬,"0500",58
4654,"2023-12-03",举报,"0600",65
4655,"2023-12-03",无效,"0700",86
4656,"2023-12-03",其他,"9999",109
4657,"2023-12-04",咨询,"0100",23
4658,"2023-12-04",投诉,"0200",66
4659,"2023-12-04",意见建议,"0300",25
4660,"2023-12-04",求助,"0400",5
4661,"2023-12-04",表扬,"0500",13
4662,"2023-12-04",举报,"0600",41
4663,"2023-12-04",无效,"0700",111
4664,"2023-12-04",其他,"9999",224
4665,"2023-12-05",咨询,"0100",6
4666,"2023-12-05",投诉,"0200",13
4667,"2023-12-05",意见建议,"0300",36
4668,"2023-12-05",求助,"0400",53
4669,"2023-12-05",表扬,"0500",25
4670,"2023-12-05",举报,"0600",36
4671,"2023-12-05",无效,"0700",15
4672,"2023-12-05",其他,"9999",142
4673,"2023-12-06",咨询,"0100",18
4674,"2023-12-06",投诉,"0200",46
4675,"2023-12-06",意见建议,"0300",32
4676,"2023-12-06",求助,"0400",71
4677,"2023-12-06",表扬,"0500",75
4678,"2023-12-06",举报,"0600",39
4679,"2023-12-06",无效,"0700",93
4680,"2023-12-06",其他,"9999",100
4681,"2023-12-07",咨询,"0100",93
4682,"2023-12-07",投诉,"0200",31
4683,"2023-12-07",意见建议,"0300",72
4684,"2023-12-07",求助,"0400",51
4685,"2023-12-07",表扬,"0500",68
4686,"2023-12-07",举报,"0600",192
4687,"2023-12-07",无效,"0700",143
4688,"2023-12-07",其他,"9999",281
4689,"2023-12-08",咨询,"0100",29
4690,"2023-12-08",投诉,"0200",101
4691,"2023-12-08",意见建议,"0300",69
4692,"2023-12-08",求助,"0400",31
4693,"2023-12-08",表扬,"0500",55
4694,"2023-12-08",举报,"0600",86
4695,"2023-12-08",无效,"0700",81
4696,"2023-12-08",其他,"9999",355
4697,"2023-12-09",咨询,"0100",37
4698,"2023-12-09",投诉,"0200",101
4699,"2023-12-09",意见建议,"0300",38
4700,"2023-12-09",求助,"0400",124
4701,"2023-12-09",表扬,"0500",151
4702,"2023-12-09",举报,"0600",129
4703,"2023-12-09",无效,"0700",33
4704,"2023-12-09",其他,"9999",322
4705,"2023-12-10",咨询,"0100",101
4706,"2023-12-10",投诉,"0200",88
4707,"2023-12-10",意见建议,"0300",100
4708,"2023-12-10",求助,"0400",40
4709,"2023-12-10",表扬,"0500",56
4710,"2023-12-10",举报,"0600",18
4711,"2023-12-10",无效,"0700",73
4712,"2023-12-10",其他,"9999",332
4713,"2023-12-11",咨询,"0100",36
4714,"2023-12-11",投诉,"0200",13
4715,"2023-12-11",意见建议,"0300",10
4716,"2023-12-11",求助,"0400",17
4717,"2023-12-11",表扬,"0500",25
4718,"2023-12-11",举报,"0600",44
4719,"2023-12-11",无效,"0700",109
4720,"2023-12-11",其他,"9999",127
4721,"2023-12-12",咨询,"0100",30
4722,"2023-12-12",投诉,"0200",8
4723,"2023-12-12",意见建议,"0300",42
4724,"2023-12-12",求助,"0400",48
4725,"2023-12-12",表扬,"0500",57
4726,"2023-12-12",举报,"0600",73
4727,"2023-12-12",无效,"0700",19
4728,"2023-12-12",其他,"9999",133
4729,"2023-12-13",咨询,"0100",47
4730,"2023-12-13",投诉,"0200",34
4731,"2023-12-13",意见建议,"0300",26
4732,"2023-12-13",求助,"0400",56
4733,"2023-12-13",表扬,"0500",33
4734,"2023-12-13",举报,"0600",44
4735,"2023-12-13",无效,"0700",36
4736,"2023-12-13",其他,"9999",135
4737,"2023-12-14",咨询,"0100",47
4738,"2023-12-14",投诉,"0200",52
4739,"2023-12-14",意见建议,"0300",37
4740,"2023-12-14",求助,"0400",36
4741,"2023-12-14",表扬,"0500",79
4742,"2023-12-14",举报,"0600",85
4743,"2023-12-14",无效,"0700",118
4744,"2023-12-14",其他,"9999",124
4745,"2023-12-15",咨询,"0100",12
4746,"2023-12-15",投诉,"0200",32
4747,"2023-12-15",意见建议,"0300",37
4748,"2023-12-15",求助,"0400",24
4749,"2023-12-15",表扬,"0500",26
4750,"2023-12-15",举报,"0600",32
4751,"2023-12-15",无效,"0700",56
4752,"2023-12-15",其他,"9999",176
4753,"2023-12-16",咨询,"0100",18
4754,"2023-12-16",投诉,"0200",14
4755,"2023-12-16",意见建议,"0300",30
4756,"2023-12-16",求助,"0400",44
4757,"2023-12-16",表扬,"0500",17
4758,"2023-12-16",举报,"0600",30
4759,"2023-12-16",无效,"0700",110
4760,"2023-12-16",其他,"9999",114
4761,"2023-12-17",咨询,"0100",85
4762,"2023-12-17",投诉,"0200",23
4763,"2023-12-17",意见建议,"0300",46
4764,"2023-12-17",求助,"0400",77
4765,"2023-12-17",表扬,"0500",18
4766,"2023-12-17",举报,"0600",67
4767,"2023-12-17",无效,"0700",77
4768,"2023-12-17",其他,"9999",485
4769,"2023-12-18",咨询,"0100",78
4770,"2023-12-18",投诉,"0200",24
4771,"2023-12-18",意见建议,"0300",39
4772,"2023-12-18",求助,"0400",103
4773,"2023-12-18",表扬,"0500",72
4774,"2023-12-18",举报,"0600",37
4775,"2023-12-18",无效,"0700",220
4776,"2023-12-18",其他,"9999",370
4777,"2023-12-19",咨询,"0100",71
4778,"2023-12-19",投诉,"0200",78
4779,"2023-12-19",意见建议,"0300",86
4780,"2023-12-19",求助,"0400",105
4781,"2023-12-19",表扬,"0500",22
4782,"2023-12-19",举报,"0600",96
4783,"2023-12-19",无效,"0700",177
4784,"2023-12-19",其他,"9999",211
4785,"2023-12-20",咨询,"0100",57
4786,"2023-12-20",投诉,"0200",39
4787,"2023-12-20",意见建议,"0300",97
4788,"2023-12-20",求助,"0400",34
4789,"2023-12-20",表扬,"0500",84
4790,"2023-12-20",举报,"0600",197
4791,"2023-12-20",无效,"0700",214
4792,"2023-12-20",其他,"9999",225
4793,"2023-12-21",咨询,"0100",6
4794,"2023-12-21",投诉,"0200",32
4795,"2023-12-21",意见建议,"0300",42
4796,"2023-12-21",求助,"0400",13
4797,"2023-12-21",表扬,"0500",64
4798,"2023-12-21",举报,"0600",93
4799,"2023-12-21",无效,"0700",53
4800,"2023-12-21",其他,"9999",170
4801,"2023-12-22",咨询,"0100",49
4802,"2023-12-22",投诉,"0200",74
4803,"2023-12-22",意见建议,"0300",92
4804,"2023-12-22",求助,"0400",78
4805,"2023-12-22",表扬,"0500",58
4806,"2023-12-22",举报,"0600",31
4807,"2023-12-22",无效,"0700",202
4808,"2023-12-22",其他,"9999",314
4809,"2023-12-23",咨询,"0100",69
4810,"2023-12-23",投诉,"0200",55
4811,"2023-12-23",意见建议,"0300",75
4812,"2023-12-23",求助,"0400",80
4813,"2023-12-23",表扬,"0500",77
4814,"2023-12-23",举报,"0600",25
4815,"2023-12-23",无效,"0700",52
4816,"2023-12-23",其他,"9999",176
4817,"2023-12-24",咨询,"0100",32
4818,"2023-12-24",投诉,"0200",61
4819,"2023-12-24",意见建议,"0300",53
4820,"2023-12-24",求助,"0400",21
4821,"2023-12-24",表扬,"0500",145
4822,"2023-12-24",举报,"0600",170
4823,"2023-12-24",无效,"0700",77
4824,"2023-12-24",其他,"9999",303
4825,"2023-12-25",咨询,"0100",29
4826,"2023-12-25",投诉,"0200",35
4827,"2023-12-25",意见建议,"0300",20
4828,"2023-12-25",求助,"0400",5
4829,"2023-12-25",表扬,"0500",80
4830,"2023-12-25",举报,"0600",51
4831,"2023-12-25",无效,"0700",86
4832,"2023-12-25",其他,"9999",341
4833,"2023-12-26",咨询,"0100",45
4834,"2023-12-26",投诉,"0200",59
4835,"2023-12-26",意见建议,"0300",42
4836,"2023-12-26",求助,"0400",16
4837,"2023-12-26",表扬,"0500",6
4838,"2023-12-26",举报,"0600",19
4839,"2023-12-26",无效,"0700",76
4840,"2023-12-26",其他,"9999",206
4841,"2023-12-27",咨询,"0100",39
4842,"2023-12-27",投诉,"0200",23
4843,"2023-12-27",意见建议,"0300",38
4844,"2023-12-27",求助,"0400",65
4845,"2023-12-27",表扬,"0500",72
4846,"2023-12-27",举报,"0600",73
4847,"2023-12-27",无效,"0700",67
4848,"2023-12-27",其他,"9999",107
4849,"2023-12-28",咨询,"0100",24
4850,"2023-12-28",投诉,"0200",43
4851,"2023-12-28",意见建议,"0300",46
4852,"2023-12-28",求助,"0400",24
4853,"2023-12-28",表扬,"0500",26
4854,"2023-12-28",举报,"0600",41
4855,"2023-12-28",无效,"0700",47
4856,"2023-12-28",其他,"9999",99
4857,"2023-12-29",咨询,"0100",56
4858,"2023-12-29",投诉,"0200",7
4859,"2023-12-29",意见建议,"0300",84
4860,"2023-12-29",求助,"0400",117
4861,"2023-12-29",表扬,"0500",94
4862,"2023-12-29",举报,"0600",63
4863,"2023-12-29",无效,"0700",50
4864,"2023-12-29",其他,"9999",401
4865,"2023-12-30",咨询,"0100",86
4866,"2023-12-30",投诉,"0200",65
4867,"2023-12-30",意见建议,"0300",92
4868,"2023-12-30",求助,"0400",35
4869,"2023-12-30",表扬,"0500",99
4870,"2023-12-30",举报,"0600",146
4871,"2023-12-30",无效,"0700",148
4872,"2023-12-30",其他,"9999",304
4873,"2023-12-31",咨询,"0100",19
4874,"2023-12-31",投诉,"0200",86
4875,"2023-12-31",意见建议,"0300",51
4876,"2023-12-31",求助,"0400",117
4877,"2023-12-31",表扬,"0500",60
4878,"2023-12-31",举报,"0600",27
4879,"2023-12-31",无效,"0700",125
4880,"2023-12-31",其他,"9999",376
4881,"2024-01-01",咨询,"0100",15
4882,"2024-01-01",投诉,"0200",86
4883,"2024-01-01",意见建议,"0300",74
4884,"2024-01-01",求助,"0400",80
4885,"2024-01-01",表扬,"0500",118
4886,"2024-01-01",举报,"0600",96
4887,"2024-01-01",无效,"0700",63
4888,"2024-01-01",其他,"9999",243
4889,"2024-01-02",咨询,"0100",76
4890,"2024-01-02",投诉,"0200",44
4891,"2024-01-02",意见建议,"0300",57
4892,"2024-01-02",求助,"0400",30
4893,"2024-01-02",表扬,"0500",84
4894,"2024-01-02",举报,"0600",7
4895,"2024-01-02",无效,"0700",8
4896,"2024-01-02",其他,"9999",316
4897,"2024-01-03",咨询,"0100",34
4898,"2024-01-03",投诉,"0200",56
4899,"2024-01-03",意见建议,"0300",46
4900,"2024-01-03",求助,"0400",40
4901,"2024-01-03",表扬,"0500",16
4902,"2024-01-03",举报,"0600",66
4903,"2024-01-03",无效,"0700",19
4904,"2024-01-03",其他,"9999",200
4905,"2024-01-04",咨询,"0100",16
4906,"2024-01-04",投诉,"0200",102
4907,"2024-01-04",意见建议,"0300",123
4908,"2024-01-04",求助,"0400",62
4909,"2024-01-04",表扬,"0500",60
4910,"2024-01-04",举报,"0600",105
4911,"2024-01-04",无效,"0700",173
4912,"2024-01-04",其他,"9999",359
4913,"2024-01-05",咨询,"0100",16
4914,"2024-01-05",投诉,"0200",62
4915,"2024-01-05",意见建议,"0300",121
4916,"2024-01-05",求助,"0400",101
4917,"2024-01-05",表扬,"0500",97
4918,"2024-01-05",举报,"0600",45
4919,"2024-01-05",无效,"0700",126
4920,"2024-01-05",其他,"9999",295
4921,"2024-01-06",咨询,"0100",30
4922,"2024-01-06",投诉,"0200",19
4923,"2024-01-06",意见建议,"0300",45
4924,"2024-01-06",求助,"0400",22
4925,"2024-01-06",表扬,"0500",77
4926,"2024-01-06",举报,"0600",89
4927,"2024-01-06",无效,"0700",17
4928,"2024-01-06",其他,"9999",222
4929,"2024-01-07",咨询,"0100",12
4930,"2024-01-07",投诉,"0200",14
4931,"2024-01-07",意见建议,"0300",19
4932,"2024-01-07",求助,"0400",35
4933,"2024-01-07",表扬,"0500",36
4934,"2024-01-07",举报,"0600",6
4935,"2024-01-07",无效,"0700",102
4936,"2024-01-07",其他,"9999",109
4937,"2024-01-08",咨询,"0100",85
4938,"2024-01-08",投诉,"0200",76
4939,"2024-01-08",意见建议,"0300",38
4940,"2024-01-08",求助,"0400",5
4941,"2024-01-08",表扬,"0500",52
4942,"2024-01-08",举报,"0600",38
4943,"2024-01-08",无效,"0700",251
4944,"2024-01-08",其他,"9999",380
4945,"2024-01-09",咨询,"0100",76
4946,"2024-01-09",投诉,"0200",5
4947,"2024-01-09",意见建议,"0300",79
4948,"2024-01-09",求助,"0400",73
4949,"2024-01-09",表扬,"0500",71
4950,"2024-01-09",举报,"0600",23
4951,"2024-01-09",无效,"0700",64
4952,"2024-01-09",其他,"9999",475
4953,"2024-01-10",咨询,"0100",31
4954,"2024-01-10",投诉,"0200",41
4955,"2024-01-10",意见建议,"0300",39
4956,"2024-01-10",求助,"0400",37
4957,"2024-01-10",表扬,"0500",7
4958,"2024-01-10",举报,"0600",46
4959,"2024-01-10",无效,"0700",57
4960,"2024-01-10",其他,"9999",68
4961,"2024-01-11",咨询,"0100",6
4962,"2024-01-11",投诉,"0200",53
4963,"2024-01-11",意见建议,"0300",7
4964,"2024-01-11",求助,"0400",87
4965,"2024-01-11",表扬,"0500",39
4966,"2024-01-11",举报,"0600",171
4967,"2024-01-11",无效,"0700",169
4968,"2024-01-11",其他,"9999",370
4969,"2024-01-12",咨询,"0100",101
4970,"2024-01-12",投诉,"0200",10
4971,"2024-01-12",意见建议,"0300",71
4972,"2024-01-12",求助,"0400",133
4973,"2024-01-12",表扬,"0500",165
4974,"2024-01-12",举报,"0600",16
4975,"2024-01-12",无效,"0700",245
4976,"2024-01-12",其他,"9999",254
4977,"2024-01-13",咨询,"0100",50
4978,"2024-01-13",投诉,"0200",38
4979,"2024-01-13",意见建议,"0300",32
4980,"2024-01-13",求助,"0400",84
4981,"2024-01-13",表扬,"0500",108
4982,"2024-01-13",举报,"0600",12
4983,"2024-01-13",无效,"0700",17
4984,"2024-01-13",其他,"9999",296
4985,"2024-01-14",咨询,"0100",86
4986,"2024-01-14",投诉,"0200",27
4987,"2024-01-14",意见建议,"0300",76
4988,"2024-01-14",求助,"0400",8
4989,"2024-01-14",表扬,"0500",88
4990,"2024-01-14",举报,"0600",93
4991,"2024-01-14",无效,"0700",143
4992,"2024-01-14",其他,"9999",416
4993,"2024-01-15",咨询,"0100",22
4994,"2024-01-15",投诉,"0200",77
4995,"2024-01-15",意见建议,"0300",90
4996,"2024-01-15",求助,"0400",115
4997,"2024-01-15",表扬,"0500",127
4998,"2024-01-15",举报,"0600",22
4999,"2024-01-15",无效,"0700",12
5000,"2024-01-15",其他,"9999",386
5001,"2024-01-16",咨询,"0100",118
5002,"2024-01-16",投诉,"0200",84
5003,"2024-01-16",意见建议,"0300",75
5004,"2024-01-16",求助,"0400",59
5005,"2024-01-16",表扬,"0500",128
5006,"2024-01-16",举报,"0600",121
5007,"2024-01-16",无效,"0700",76
5008,"2024-01-16",其他,"9999",284
5009,"2024-01-17",咨询,"0100",13
5010,"2024-01-17",投诉,"0200",76
5011,"2024-01-17",意见建议,"0300",28
5012,"2024-01-17",求助,"0400",14
5013,"2024-01-17",表扬,"0500",74
5014,"2024-01-17",举报,"0600",17
5015,"2024-01-17",无效,"0700",130
5016,"2024-01-17",其他,"9999",392
5017,"2024-01-18",咨询,"0100",8
5018,"2024-01-18",投诉,"0200",41
5019,"2024-01-18",意见建议,"0300",21
5020,"2024-01-18",求助,"0400",74
5021,"2024-01-18",表扬,"0500",35
5022,"2024-01-18",举报,"0600",18
5023,"2024-01-18",无效,"0700",54
5024,"2024-01-18",其他,"9999",281
5025,"2024-01-19",咨询,"0100",10
5026,"2024-01-19",投诉,"0200",30
5027,"2024-01-19",意见建议,"0300",16
5028,"2024-01-19",求助,"0400",39
5029,"2024-01-19",表扬,"0500",26
5030,"2024-01-19",举报,"0600",92
5031,"2024-01-19",无效,"0700",32
5032,"2024-01-19",其他,"9999",197
5033,"2024-01-20",咨询,"0100",40
5034,"2024-01-20",投诉,"0200",86
5035,"2024-01-20",意见建议,"0300",57
5036,"2024-01-20",求助,"0400",84
5037,"2024-01-20",表扬,"0500",123
5038,"2024-01-20",举报,"0600",15
5039,"2024-01-20",无效,"0700",54
5040,"2024-01-20",其他,"9999",337
5041,"2024-01-21",咨询,"0100",21
5042,"2024-01-21",投诉,"0200",21
5043,"2024-01-21",意见建议,"0300",65
5044,"2024-01-21",求助,"0400",64
5045,"2024-01-21",表扬,"0500",36
5046,"2024-01-21",举报,"0600",5
5047,"2024-01-21",无效,"0700",42
5048,"2024-01-21",其他,"9999",191
5049,"2024-01-22",咨询,"0100",56
5050,"2024-01-22",投诉,"0200",54
5051,"2024-01-22",意见建议,"0300",84
5052,"2024-01-22",求助,"0400",55
5053,"2024-01-22",表扬,"0500",48
5054,"2024-01-22",举报,"0600",116
5055,"2024-01-22",无效,"0700",69
5056,"2024-01-22",其他,"9999",458
5057,"2024-01-23",咨询,"0100",36
5058,"2024-01-23",投诉,"0200",37
5059,"2024-01-23",意见建议,"0300",24
5060,"2024-01-23",求助,"0400",24
5061,"2024-01-23",表扬,"0500",48
5062,"2024-01-23",举报,"0600",27
5063,"2024-01-23",无效,"0700",35
5064,"2024-01-23",其他,"9999",101
5065,"2024-01-24",咨询,"0100",27
5066,"2024-01-24",投诉,"0200",80
5067,"2024-01-24",意见建议,"0300",21
5068,"2024-01-24",求助,"0400",15
5069,"2024-01-24",表扬,"0500",149
5070,"2024-01-24",举报,"0600",31
5071,"2024-01-24",无效,"0700",195
5072,"2024-01-24",其他,"9999",250
5073,"2024-01-25",咨询,"0100",25
5074,"2024-01-25",投诉,"0200",8
5075,"2024-01-25",意见建议,"0300",42
5076,"2024-01-25",求助,"0400",32
5077,"2024-01-25",表扬,"0500",28
5078,"2024-01-25",举报,"0600",7
5079,"2024-01-25",无效,"0700",41
5080,"2024-01-25",其他,"9999",117
5081,"2024-01-26",咨询,"0100",45
5082,"2024-01-26",投诉,"0200",55
5083,"2024-01-26",意见建议,"0300",72
5084,"2024-01-26",求助,"0400",62
5085,"2024-01-26",表扬,"0500",39
5086,"2024-01-26",举报,"0600",44
5087,"2024-01-26",无效,"0700",42
5088,"2024-01-26",其他,"9999",216
5089,"2024-01-27",咨询,"0100",67
5090,"2024-01-27",投诉,"0200",65
5091,"2024-01-27",意见建议,"0300",56
5092,"2024-01-27",求助,"0400",32
5093,"2024-01-27",表扬,"0500",39
5094,"2024-01-27",举报,"0600",124
5095,"2024-01-27",无效,"0700",180
5096,"2024-01-27",其他,"9999",203
5097,"2024-01-28",咨询,"0100",39
5098,"2024-01-28",投诉,"0200",38
5099,"2024-01-28",意见建议,"0300",6
5100,"2024-01-28",求助,"0400",48
5101,"2024-01-28",表扬,"0500",61
5102,"2024-01-28",举报,"0600",17
5103,"2024-01-28",无效,"0700",103
5104,"2024-01-28",其他,"9999",180
5105,"2024-01-29",咨询,"0100",8
5106,"2024-01-29",投诉,"0200",30
5107,"2024-01-29",意见建议,"0300",73
5108,"2024-01-29",求助,"0400",58
5109,"2024-01-29",表扬,"0500",81
5110,"2024-01-29",举报,"0600",52
5111,"2024-01-29",无效,"0700",87
5112,"2024-01-29",其他,"9999",139
5113,"2024-01-30",咨询,"0100",21
5114,"2024-01-30",投诉,"0200",52
5115,"2024-01-30",意见建议,"0300",39
5116,"2024-01-30",求助,"0400",81
5117,"2024-01-30",表扬,"0500",78
5118,"2024-01-30",举报,"0600",42
5119,"2024-01-30",无效,"0700",59
5120,"2024-01-30",其他,"9999",189
5121,"2024-01-31",咨询,"0100",5
5122,"2024-01-31",投诉,"0200",44
5123,"2024-01-31",意见建议,"0300",45
5124,"2024-01-31",求助,"0400",6
5125,"2024-01-31",表扬,"0500",12
5126,"2024-01-31",举报,"0600",95
5127,"2024-01-31",无效,"0700",84
5128,"2024-01-31",其他,"9999",135
5129,"2024-02-01",咨询,"0100",39
5130,"2024-02-01",投诉,"0200",42
5131,"2024-02-01",意见建议,"0300",37
5132,"2024-02-01",求助,"0400",45
5133,"2024-02-01",表扬,"0500",9
5134,"2024-02-01",举报,"0600",17
5135,"2024-02-01",无效,"0700",63
5136,"2024-02-01",其他,"9999",104
5137,"2024-02-02",咨询,"0100",95
5138,"2024-02-02",投诉,"0200",93
5139,"2024-02-02",意见建议,"0300",65
5140,"2024-02-02",求助,"0400",58
5141,"2024-02-02",表扬,"0500",46
5142,"2024-02-02",举报,"0600",97
5143,"2024-02-02",无效,"0700",134
5144,"2024-02-02",其他,"9999",224
5145,"2024-02-03",咨询,"0100",49
5146,"2024-02-03",投诉,"0200",98
5147,"2024-02-03",意见建议,"0300",33
5148,"2024-02-03",求助,"0400",105
5149,"2024-02-03",表扬,"0500",133
5150,"2024-02-03",举报,"0600",118
5151,"2024-02-03",无效,"0700",128
5152,"2024-02-03",其他,"9999",169
5153,"2024-02-04",咨询,"0100",72
5154,"2024-02-04",投诉,"0200",75
5155,"2024-02-04",意见建议,"0300",28
5156,"2024-02-04",求助,"0400",51
5157,"2024-02-04",表扬,"0500",72
5158,"2024-02-04",举报,"0600",100
5159,"2024-02-04",无效,"0700",32
5160,"2024-02-04",其他,"9999",172
5161,"2024-02-05",咨询,"0100",53
5162,"2024-02-05",投诉,"0200",60
5163,"2024-02-05",意见建议,"0300",24
5164,"2024-02-05",求助,"0400",18
5165,"2024-02-05",表扬,"0500",82
5166,"2024-02-05",举报,"0600",85
5167,"2024-02-05",无效,"0700",40
5168,"2024-02-05",其他,"9999",140
5169,"2024-02-06",咨询,"0100",94
5170,"2024-02-06",投诉,"0200",88
5171,"2024-02-06",意见建议,"0300",100
5172,"2024-02-06",求助,"0400",61
5173,"2024-02-06",表扬,"0500",133
5174,"2024-02-06",举报,"0600",154
5175,"2024-02-06",无效,"0700",178
5176,"2024-02-06",其他,"9999",185
5177,"2024-02-07",咨询,"0100",40
5178,"2024-02-07",投诉,"0200",47
5179,"2024-02-07",意见建议,"0300",13
5180,"2024-02-07",求助,"0400",16
5181,"2024-02-07",表扬,"0500",20
5182,"2024-02-07",举报,"0600",105
5183,"2024-02-07",无效,"0700",106
5184,"2024-02-07",其他,"9999",132
5185,"2024-02-08",咨询,"0100",75
5186,"2024-02-08",投诉,"0200",36
5187,"2024-02-08",意见建议,"0300",93
5188,"2024-02-08",求助,"0400",49
5189,"2024-02-08",表扬,"0500",44
5190,"2024-02-08",举报,"0600",96
5191,"2024-02-08",无效,"0700",213
5192,"2024-02-08",其他,"9999",316
5193,"2024-02-09",咨询,"0100",18
5194,"2024-02-09",投诉,"0200",87
5195,"2024-02-09",意见建议,"0300",95
5196,"2024-02-09",求助,"0400",21
5197,"2024-02-09",表扬,"0500",116
5198,"2024-02-09",举报,"0600",164
5199,"2024-02-09",无效,"0700",144
5200,"2024-02-09",其他,"9999",257
5201,"2024-02-10",咨询,"0100",8
5202,"2024-02-10",投诉,"0200",79
5203,"2024-02-10",意见建议,"0300",101
5204,"2024-02-10",求助,"0400",107
5205,"2024-02-10",表扬,"0500",18
5206,"2024-02-10",举报,"0600",5
5207,"2024-02-10",无效,"0700",108
5208,"2024-02-10",其他,"9999",404
5209,"2024-02-11",咨询,"0100",84
5210,"2024-02-11",投诉,"0200",10
5211,"2024-02-11",意见建议,"0300",117
5212,"2024-02-11",求助,"0400",14
5213,"2024-02-11",表扬,"0500",118
5214,"2024-02-11",举报,"0600",102
5215,"2024-02-11",无效,"0700",122
5216,"2024-02-11",其他,"9999",243
5217,"2024-02-12",咨询,"0100",42
5218,"2024-02-12",投诉,"0200",44
5219,"2024-02-12",意见建议,"0300",83
5220,"2024-02-12",求助,"0400",13
5221,"2024-02-12",表扬,"0500",80
5222,"2024-02-12",举报,"0600",24
5223,"2024-02-12",无效,"0700",73
5224,"2024-02-12",其他,"9999",227
5225,"2024-02-13",咨询,"0100",63
5226,"2024-02-13",投诉,"0200",17
5227,"2024-02-13",意见建议,"0300",79
5228,"2024-02-13",求助,"0400",32
5229,"2024-02-13",表扬,"0500",74
5230,"2024-02-13",举报,"0600",23
5231,"2024-02-13",无效,"0700",25
5232,"2024-02-13",其他,"9999",342
5233,"2024-02-14",咨询,"0100",20
5234,"2024-02-14",投诉,"0200",52
5235,"2024-02-14",意见建议,"0300",29
5236,"2024-02-14",求助,"0400",76
5237,"2024-02-14",表扬,"0500",90
5238,"2024-02-14",举报,"0600",48
5239,"2024-02-14",无效,"0700",19
5240,"2024-02-14",其他,"9999",223
5241,"2024-02-15",咨询,"0100",31
5242,"2024-02-15",投诉,"0200",49
5243,"2024-02-15",意见建议,"0300",16
5244,"2024-02-15",求助,"0400",81
5245,"2024-02-15",表扬,"0500",7
5246,"2024-02-15",举报,"0600",65
5247,"2024-02-15",无效,"0700",103
5248,"2024-02-15",其他,"9999",293
5249,"2024-02-16",咨询,"0100",39
5250,"2024-02-16",投诉,"0200",12
5251,"2024-02-16",意见建议,"0300",32
5252,"2024-02-16",求助,"0400",34
5253,"2024-02-16",表扬,"0500",6
5254,"2024-02-16",举报,"0600",18
5255,"2024-02-16",无效,"0700",52
5256,"2024-02-16",其他,"9999",123
5257,"2024-02-17",咨询,"0100",10
5258,"2024-02-17",投诉,"0200",5
5259,"2024-02-17",意见建议,"0300",32
5260,"2024-02-17",求助,"0400",7
5261,"2024-02-17",表扬,"0500",51
5262,"2024-02-17",举报,"0600",29
5263,"2024-02-17",无效,"0700",74
5264,"2024-02-17",其他,"9999",97
5265,"2024-02-18",咨询,"0100",11
5266,"2024-02-18",投诉,"0200",42
5267,"2024-02-18",意见建议,"0300",19
5268,"2024-02-18",求助,"0400",40
5269,"2024-02-18",表扬,"0500",25
5270,"2024-02-18",举报,"0600",57
5271,"2024-02-18",无效,"0700",57
5272,"2024-02-18",其他,"9999",73
5273,"2024-02-19",咨询,"0100",40
5274,"2024-02-19",投诉,"0200",13
5275,"2024-02-19",意见建议,"0300",39
5276,"2024-02-19",求助,"0400",8
5277,"2024-02-19",表扬,"0500",16
5278,"2024-02-19",举报,"0600",44
5279,"2024-02-19",无效,"0700",30
5280,"2024-02-19",其他,"9999",146
5281,"2024-02-20",咨询,"0100",6
5282,"2024-02-20",投诉,"0200",118
5283,"2024-02-20",意见建议,"0300",99
5284,"2024-02-20",求助,"0400",17
5285,"2024-02-20",表扬,"0500",42
5286,"2024-02-20",举报,"0600",132
5287,"2024-02-20",无效,"0700",64
5288,"2024-02-20",其他,"9999",522
5289,"2024-02-21",咨询,"0100",66
5290,"2024-02-21",投诉,"0200",40
5291,"2024-02-21",意见建议,"0300",17
5292,"2024-02-21",求助,"0400",27
5293,"2024-02-21",表扬,"0500",57
5294,"2024-02-21",举报,"0600",83
5295,"2024-02-21",无效,"0700",50
5296,"2024-02-21",其他,"9999",237
5297,"2024-02-22",咨询,"0100",43
5298,"2024-02-22",投诉,"0200",55
5299,"2024-02-22",意见建议,"0300",18
5300,"2024-02-22",求助,"0400",57
5301,"2024-02-22",表扬,"0500",62
5302,"2024-02-22",举报,"0600",64
5303,"2024-02-22",无效,"0700",48
5304,"2024-02-22",其他,"9999",121
5305,"2024-02-23",咨询,"0100",34
5306,"2024-02-23",投诉,"0200",42
5307,"2024-02-23",意见建议,"0300",30
5308,"2024-02-23",求助,"0400",15
5309,"2024-02-23",表扬,"0500",34
5310,"2024-02-23",举报,"0600",60
5311,"2024-02-23",无效,"0700",45
5312,"2024-02-23",其他,"9999",195
5313,"2024-02-24",咨询,"0100",39
5314,"2024-02-24",投诉,"0200",33
5315,"2024-02-24",意见建议,"0300",33
5316,"2024-02-24",求助,"0400",40
5317,"2024-02-24",表扬,"0500",41
5318,"2024-02-24",举报,"0600",23
5319,"2024-02-24",无效,"0700",5
5320,"2024-02-24",其他,"9999",104
5321,"2024-02-25",咨询,"0100",83
5322,"2024-02-25",投诉,"0200",33
5323,"2024-02-25",意见建议,"0300",24
5324,"2024-02-25",求助,"0400",121
5325,"2024-02-25",表扬,"0500",76
5326,"2024-02-25",举报,"0600",99
5327,"2024-02-25",无效,"0700",213
5328,"2024-02-25",其他,"9999",229
5329,"2024-02-26",咨询,"0100",105
5330,"2024-02-26",投诉,"0200",60
5331,"2024-02-26",意见建议,"0300",69
5332,"2024-02-26",求助,"0400",8
5333,"2024-02-26",表扬,"0500",13
5334,"2024-02-26",举报,"0600",188
5335,"2024-02-26",无效,"0700",7
5336,"2024-02-26",其他,"9999",395
5337,"2024-02-27",咨询,"0100",39
5338,"2024-02-27",投诉,"0200",39
5339,"2024-02-27",意见建议,"0300",20
5340,"2024-02-27",求助,"0400",22
5341,"2024-02-27",表扬,"0500",55
5342,"2024-02-27",举报,"0600",31
5343,"2024-02-27",无效,"0700",46
5344,"2024-02-27",其他,"9999",143
5345,"2024-02-28",咨询,"0100",26
5346,"2024-02-28",投诉,"0200",78
5347,"2024-02-28",意见建议,"0300",34
5348,"2024-02-28",求助,"0400",6
5349,"2024-02-28",表扬,"0500",22
5350,"2024-02-28",举报,"0600",43
5351,"2024-02-28",无效,"0700",101
5352,"2024-02-28",其他,"9999",309
5353,"2024-02-29",咨询,"0100",74
5354,"2024-02-29",投诉,"0200",11
5355,"2024-02-29",意见建议,"0300",43
5356,"2024-02-29",求助,"0400",80
5357,"2024-02-29",表扬,"0500",49
5358,"2024-02-29",举报,"0600",71
5359,"2024-02-29",无效,"0700",115
5360,"2024-02-29",其他,"9999",536
5361,"2024-03-01",咨询,"0100",80
5362,"2024-03-01",投诉,"0200",122
5363,"2024-03-01",意见建议,"0300",37
5364,"2024-03-01",求助,"0400",18
5365,"2024-03-01",表扬,"0500",57
5366,"2024-03-01",举报,"0600",99
5367,"2024-03-01",无效,"0700",68
5368,"2024-03-01",其他,"9999",479
5369,"2024-03-02",咨询,"0100",86
5370,"2024-03-02",投诉,"0200",52
5371,"2024-03-02",意见建议,"0300",5
5372,"2024-03-02",求助,"0400",16
5373,"2024-03-02",表扬,"0500",92
5374,"2024-03-02",举报,"0600",55
5375,"2024-03-02",无效,"0700",199
5376,"2024-03-02",其他,"9999",411
5377,"2024-03-03",咨询,"0100",33
5378,"2024-03-03",投诉,"0200",52
5379,"2024-03-03",意见建议,"0300",21
5380,"2024-03-03",求助,"0400",35
5381,"2024-03-03",表扬,"0500",69
5382,"2024-03-03",举报,"0600",79
5383,"2024-03-03",无效,"0700",97
5384,"2024-03-03",其他,"9999",483
5385,"2024-03-04",咨询,"0100",50
5386,"2024-03-04",投诉,"0200",78
5387,"2024-03-04",意见建议,"0300",77
5388,"2024-03-04",求助,"0400",92
5389,"2024-03-04",表扬,"0500",66
5390,"2024-03-04",举报,"0600",31
5391,"2024-03-04",无效,"0700",126
5392,"2024-03-04",其他,"9999",182
5393,"2024-03-05",咨询,"0100",54
5394,"2024-03-05",投诉,"0200",64
5395,"2024-03-05",意见建议,"0300",54
5396,"2024-03-05",求助,"0400",15
5397,"2024-03-05",表扬,"0500",69
5398,"2024-03-05",举报,"0600",86
5399,"2024-03-05",无效,"0700",33
5400,"2024-03-05",其他,"9999",148
5401,"2024-03-06",咨询,"0100",77
5402,"2024-03-06",投诉,"0200",19
5403,"2024-03-06",意见建议,"0300",63
5404,"2024-03-06",求助,"0400",108
5405,"2024-03-06",表扬,"0500",118
5406,"2024-03-06",举报,"0600",15
5407,"2024-03-06",无效,"0700",161
5408,"2024-03-06",其他,"9999",238
5409,"2024-03-07",咨询,"0100",54
5410,"2024-03-07",投诉,"0200",55
5411,"2024-03-07",意见建议,"0300",76
5412,"2024-03-07",求助,"0400",16
5413,"2024-03-07",表扬,"0500",31
5414,"2024-03-07",举报,"0600",91
5415,"2024-03-07",无效,"0700",84
5416,"2024-03-07",其他,"9999",286
5417,"2024-03-08",咨询,"0100",58
5418,"2024-03-08",投诉,"0200",38
5419,"2024-03-08",意见建议,"0300",13
5420,"2024-03-08",求助,"0400",28
5421,"2024-03-08",表扬,"0500",92
5422,"2024-03-08",举报,"0600",50
5423,"2024-03-08",无效,"0700",6
5424,"2024-03-08",其他,"9999",230
5425,"2024-03-09",咨询,"0100",26
5426,"2024-03-09",投诉,"0200",26
5427,"2024-03-09",意见建议,"0300",30
5428,"2024-03-09",求助,"0400",62
5429,"2024-03-09",表扬,"0500",17
5430,"2024-03-09",举报,"0600",42
5431,"2024-03-09",无效,"0700",90
5432,"2024-03-09",其他,"9999",122
5433,"2024-03-10",咨询,"0100",45
5434,"2024-03-10",投诉,"0200",53
5435,"2024-03-10",意见建议,"0300",132
5436,"2024-03-10",求助,"0400",87
5437,"2024-03-10",表扬,"0500",61
5438,"2024-03-10",举报,"0600",113
5439,"2024-03-10",无效,"0700",142
5440,"2024-03-10",其他,"9999",258
5441,"2024-03-11",咨询,"0100",6
5442,"2024-03-11",投诉,"0200",38
5443,"2024-03-11",意见建议,"0300",31
5444,"2024-03-11",求助,"0400",44
5445,"2024-03-11",表扬,"0500",34
5446,"2024-03-11",举报,"0600",64
5447,"2024-03-11",无效,"0700",26
5448,"2024-03-11",其他,"9999",262
5449,"2024-03-12",咨询,"0100",65
5450,"2024-03-12",投诉,"0200",57
5451,"2024-03-12",意见建议,"0300",65
5452,"2024-03-12",求助,"0400",95
5453,"2024-03-12",表扬,"0500",102
5454,"2024-03-12",举报,"0600",9
5455,"2024-03-12",无效,"0700",15
5456,"2024-03-12",其他,"9999",315
5457,"2024-03-13",咨询,"0100",64
5458,"2024-03-13",投诉,"0200",47
5459,"2024-03-13",意见建议,"0300",103
5460,"2024-03-13",求助,"0400",14
5461,"2024-03-13",表扬,"0500",48
5462,"2024-03-13",举报,"0600",136
5463,"2024-03-13",无效,"0700",176
5464,"2024-03-13",其他,"9999",193
5465,"2024-03-14",咨询,"0100",5
5466,"2024-03-14",投诉,"0200",50
5467,"2024-03-14",意见建议,"0300",56
5468,"2024-03-14",求助,"0400",83
5469,"2024-03-14",表扬,"0500",123
5470,"2024-03-14",举报,"0600",41
5471,"2024-03-14",无效,"0700",89
5472,"2024-03-14",其他,"9999",260
5473,"2024-03-15",咨询,"0100",7
5474,"2024-03-15",投诉,"0200",43
5475,"2024-03-15",意见建议,"0300",130
5476,"2024-03-15",求助,"0400",133
5477,"2024-03-15",表扬,"0500",104
5478,"2024-03-15",举报,"0600",43
5479,"2024-03-15",无效,"0700",24
5480,"2024-03-15",其他,"9999",386
5481,"2024-03-16",咨询,"0100",70
5482,"2024-03-16",投诉,"0200",36
5483,"2024-03-16",意见建议,"0300",76
5484,"2024-03-16",求助,"0400",34
5485,"2024-03-16",表扬,"0500",33
5486,"2024-03-16",举报,"0600",99
5487,"2024-03-16",无效,"0700",113
5488,"2024-03-16",其他,"9999",133
5489,"2024-03-17",咨询,"0100",49
5490,"2024-03-17",投诉,"0200",51
5491,"2024-03-17",意见建议,"0300",13
5492,"2024-03-17",求助,"0400",13
5493,"2024-03-17",表扬,"0500",43
5494,"2024-03-17",举报,"0600",18
5495,"2024-03-17",无效,"0700",72
5496,"2024-03-17",其他,"9999",183
5497,"2024-03-18",咨询,"0100",31
5498,"2024-03-18",投诉,"0200",73
5499,"2024-03-18",意见建议,"0300",8
5500,"2024-03-18",求助,"0400",27
5501,"2024-03-18",表扬,"0500",96
5502,"2024-03-18",举报,"0600",95
5503,"2024-03-18",无效,"0700",6
5504,"2024-03-18",其他,"9999",227
5505,"2024-03-19",咨询,"0100",47
5506,"2024-03-19",投诉,"0200",83
5507,"2024-03-19",意见建议,"0300",109
5508,"2024-03-19",求助,"0400",34
5509,"2024-03-19",表扬,"0500",156
5510,"2024-03-19",举报,"0600",46
5511,"2024-03-19",无效,"0700",190
5512,"2024-03-19",其他,"9999",235
5513,"2024-03-20",咨询,"0100",26
5514,"2024-03-20",投诉,"0200",87
5515,"2024-03-20",意见建议,"0300",58
5516,"2024-03-20",求助,"0400",5
5517,"2024-03-20",表扬,"0500",47
5518,"2024-03-20",举报,"0600",138
5519,"2024-03-20",无效,"0700",137
5520,"2024-03-20",其他,"9999",146
5521,"2024-03-21",咨询,"0100",69
5522,"2024-03-21",投诉,"0200",102
5523,"2024-03-21",意见建议,"0300",92
5524,"2024-03-21",求助,"0400",102
5525,"2024-03-21",表扬,"0500",65
5526,"2024-03-21",举报,"0600",71
5527,"2024-03-21",无效,"0700",56
5528,"2024-03-21",其他,"9999",234
5529,"2024-03-22",咨询,"0100",22
5530,"2024-03-22",投诉,"0200",26
5531,"2024-03-22",意见建议,"0300",85
5532,"2024-03-22",求助,"0400",29
5533,"2024-03-22",表扬,"0500",118
5534,"2024-03-22",举报,"0600",116
5535,"2024-03-22",无效,"0700",66
5536,"2024-03-22",其他,"9999",364
5537,"2024-03-23",咨询,"0100",17
5538,"2024-03-23",投诉,"0200",50
5539,"2024-03-23",意见建议,"0300",51
5540,"2024-03-23",求助,"0400",41
5541,"2024-03-23",表扬,"0500",54
5542,"2024-03-23",举报,"0600",39
5543,"2024-03-23",无效,"0700",76
5544,"2024-03-23",其他,"9999",78
5545,"2024-03-24",咨询,"0100",14
5546,"2024-03-24",投诉,"0200",6
5547,"2024-03-24",意见建议,"0300",36
5548,"2024-03-24",求助,"0400",21
5549,"2024-03-24",表扬,"0500",21
5550,"2024-03-24",举报,"0600",28
5551,"2024-03-24",无效,"0700",69
5552,"2024-03-24",其他,"9999",272
5553,"2024-03-25",咨询,"0100",22
5554,"2024-03-25",投诉,"0200",61
5555,"2024-03-25",意见建议,"0300",16
5556,"2024-03-25",求助,"0400",47
5557,"2024-03-25",表扬,"0500",56
5558,"2024-03-25",举报,"0600",98
5559,"2024-03-25",无效,"0700",95
5560,"2024-03-25",其他,"9999",109
5561,"2024-03-26",咨询,"0100",44
5562,"2024-03-26",投诉,"0200",40
5563,"2024-03-26",意见建议,"0300",52
5564,"2024-03-26",求助,"0400",44
5565,"2024-03-26",表扬,"0500",22
5566,"2024-03-26",举报,"0600",120
5567,"2024-03-26",无效,"0700",15
5568,"2024-03-26",其他,"9999",460
5569,"2024-03-27",咨询,"0100",70
5570,"2024-03-27",投诉,"0200",43
5571,"2024-03-27",意见建议,"0300",30
5572,"2024-03-27",求助,"0400",66
5573,"2024-03-27",表扬,"0500",101
5574,"2024-03-27",举报,"0600",64
5575,"2024-03-27",无效,"0700",44
5576,"2024-03-27",其他,"9999",220
5577,"2024-03-28",咨询,"0100",49
5578,"2024-03-28",投诉,"0200",80
5579,"2024-03-28",意见建议,"0300",77
5580,"2024-03-28",求助,"0400",46
5581,"2024-03-28",表扬,"0500",11
5582,"2024-03-28",举报,"0600",43
5583,"2024-03-28",无效,"0700",164
5584,"2024-03-28",其他,"9999",237
5585,"2024-03-29",咨询,"0100",93
5586,"2024-03-29",投诉,"0200",61
5587,"2024-03-29",意见建议,"0300",31
5588,"2024-03-29",求助,"0400",57
5589,"2024-03-29",表扬,"0500",83
5590,"2024-03-29",举报,"0600",15
5591,"2024-03-29",无效,"0700",173
5592,"2024-03-29",其他,"9999",265
5593,"2024-03-30",咨询,"0100",84
5594,"2024-03-30",投诉,"0200",14
5595,"2024-03-30",意见建议,"0300",30
5596,"2024-03-30",求助,"0400",111
5597,"2024-03-30",表扬,"0500",60
5598,"2024-03-30",举报,"0600",26
5599,"2024-03-30",无效,"0700",10
5600,"2024-03-30",其他,"9999",516
5601,"2024-03-31",咨询,"0100",42
5602,"2024-03-31",投诉,"0200",27
5603,"2024-03-31",意见建议,"0300",43
5604,"2024-03-31",求助,"0400",80
5605,"2024-03-31",表扬,"0500",116
5606,"2024-03-31",举报,"0600",13
5607,"2024-03-31",无效,"0700",177
5608,"2024-03-31",其他,"9999",178
5609,"2024-04-01",咨询,"0100",47
5610,"2024-04-01",投诉,"0200",27
5611,"2024-04-01",意见建议,"0300",38
5612,"2024-04-01",求助,"0400",16
5613,"2024-04-01",表扬,"0500",57
5614,"2024-04-01",举报,"0600",126
5615,"2024-04-01",无效,"0700",36
5616,"2024-04-01",其他,"9999",228
5617,"2024-04-02",咨询,"0100",22
5618,"2024-04-02",投诉,"0200",52
5619,"2024-04-02",意见建议,"0300",71
5620,"2024-04-02",求助,"0400",75
5621,"2024-04-02",表扬,"0500",14
5622,"2024-04-02",举报,"0600",29
5623,"2024-04-02",无效,"0700",123
5624,"2024-04-02",其他,"9999",163
5625,"2024-04-03",咨询,"0100",9
5626,"2024-04-03",投诉,"0200",68
5627,"2024-04-03",意见建议,"0300",54
5628,"2024-04-03",求助,"0400",51
5629,"2024-04-03",表扬,"0500",27
5630,"2024-04-03",举报,"0600",41
5631,"2024-04-03",无效,"0700",72
5632,"2024-04-03",其他,"9999",193
5633,"2024-04-04",咨询,"0100",109
5634,"2024-04-04",投诉,"0200",88
5635,"2024-04-04",意见建议,"0300",90
5636,"2024-04-04",求助,"0400",52
5637,"2024-04-04",表扬,"0500",68
5638,"2024-04-04",举报,"0600",66
5639,"2024-04-04",无效,"0700",136
5640,"2024-04-04",其他,"9999",331
5641,"2024-04-05",咨询,"0100",10
5642,"2024-04-05",投诉,"0200",7
5643,"2024-04-05",意见建议,"0300",117
5644,"2024-04-05",求助,"0400",96
5645,"2024-04-05",表扬,"0500",77
5646,"2024-04-05",举报,"0600",181
5647,"2024-04-05",无效,"0700",64
5648,"2024-04-05",其他,"9999",396
5649,"2024-04-06",咨询,"0100",20
5650,"2024-04-06",投诉,"0200",40
5651,"2024-04-06",意见建议,"0300",27
5652,"2024-04-06",求助,"0400",22
5653,"2024-04-06",表扬,"0500",60
5654,"2024-04-06",举报,"0600",55
5655,"2024-04-06",无效,"0700",47
5656,"2024-04-06",其他,"9999",84
5657,"2024-04-07",咨询,"0100",17
5658,"2024-04-07",投诉,"0200",86
5659,"2024-04-07",意见建议,"0300",69
5660,"2024-04-07",求助,"0400",46
5661,"2024-04-07",表扬,"0500",41
5662,"2024-04-07",举报,"0600",120
5663,"2024-04-07",无效,"0700",13
5664,"2024-04-07",其他,"9999",233
5665,"2024-04-08",咨询,"0100",83
5666,"2024-04-08",投诉,"0200",30
5667,"2024-04-08",意见建议,"0300",70
5668,"2024-04-08",求助,"0400",105
5669,"2024-04-08",表扬,"0500",110
5670,"2024-04-08",举报,"0600",92
5671,"2024-04-08",无效,"0700",159
5672,"2024-04-08",其他,"9999",172
5673,"2024-04-09",咨询,"0100",38
5674,"2024-04-09",投诉,"0200",46
5675,"2024-04-09",意见建议,"0300",46
5676,"2024-04-09",求助,"0400",13
5677,"2024-04-09",表扬,"0500",19
5678,"2024-04-09",举报,"0600",33
5679,"2024-04-09",无效,"0700",17
5680,"2024-04-09",其他,"9999",278
5681,"2024-04-10",咨询,"0100",30
5682,"2024-04-10",投诉,"0200",16
5683,"2024-04-10",意见建议,"0300",23
5684,"2024-04-10",求助,"0400",37
5685,"2024-04-10",表扬,"0500",47
5686,"2024-04-10",举报,"0600",9
5687,"2024-04-10",无效,"0700",14
5688,"2024-04-10",其他,"9999",134
5689,"2024-04-11",咨询,"0100",41
5690,"2024-04-11",投诉,"0200",131
5691,"2024-04-11",意见建议,"0300",125
5692,"2024-04-11",求助,"0400",56
5693,"2024-04-11",表扬,"0500",34
5694,"2024-04-11",举报,"0600",111
5695,"2024-04-11",无效,"0700",143
5696,"2024-04-11",其他,"9999",347
5697,"2024-04-12",咨询,"0100",24
5698,"2024-04-12",投诉,"0200",59
5699,"2024-04-12",意见建议,"0300",116
5700,"2024-04-12",求助,"0400",98
5701,"2024-04-12",表扬,"0500",67
5702,"2024-04-12",举报,"0600",72
5703,"2024-04-12",无效,"0700",109
5704,"2024-04-12",其他,"9999",290
5705,"2024-04-13",咨询,"0100",78
5706,"2024-04-13",投诉,"0200",66
5707,"2024-04-13",意见建议,"0300",91
5708,"2024-04-13",求助,"0400",114
5709,"2024-04-13",表扬,"0500",97
5710,"2024-04-13",举报,"0600",12
5711,"2024-04-13",无效,"0700",110
5712,"2024-04-13",其他,"9999",243
5713,"2024-04-14",咨询,"0100",38
5714,"2024-04-14",投诉,"0200",33
5715,"2024-04-14",意见建议,"0300",86
5716,"2024-04-14",求助,"0400",14
5717,"2024-04-14",表扬,"0500",139
5718,"2024-04-14",举报,"0600",24
5719,"2024-04-14",无效,"0700",171
5720,"2024-04-14",其他,"9999",309
5721,"2024-04-15",咨询,"0100",100
5722,"2024-04-15",投诉,"0200",99
5723,"2024-04-15",意见建议,"0300",105
5724,"2024-04-15",求助,"0400",69
5725,"2024-04-15",表扬,"0500",113
5726,"2024-04-15",举报,"0600",148
5727,"2024-04-15",无效,"0700",153
5728,"2024-04-15",其他,"9999",166
5729,"2024-04-16",咨询,"0100",46
5730,"2024-04-16",投诉,"0200",100
5731,"2024-04-16",意见建议,"0300",42
5732,"2024-04-16",求助,"0400",75
5733,"2024-04-16",表扬,"0500",116
5734,"2024-04-16",举报,"0600",33
5735,"2024-04-16",无效,"0700",71
5736,"2024-04-16",其他,"9999",320
5737,"2024-04-17",咨询,"0100",28
5738,"2024-04-17",投诉,"0200",28
5739,"2024-04-17",意见建议,"0300",48
5740,"2024-04-17",求助,"0400",31
5741,"2024-04-17",表扬,"0500",31
5742,"2024-04-17",举报,"0600",79
5743,"2024-04-17",无效,"0700",72
5744,"2024-04-17",其他,"9999",88
5745,"2024-04-18",咨询,"0100",62
5746,"2024-04-18",投诉,"0200",11
5747,"2024-04-18",意见建议,"0300",17
5748,"2024-04-18",求助,"0400",10
5749,"2024-04-18",表扬,"0500",38
5750,"2024-04-18",举报,"0600",19
5751,"2024-04-18",无效,"0700",190
5752,"2024-04-18",其他,"9999",257
5753,"2024-04-19",咨询,"0100",49
5754,"2024-04-19",投诉,"0200",45
5755,"2024-04-19",意见建议,"0300",61
5756,"2024-04-19",求助,"0400",33
5757,"2024-04-19",表扬,"0500",32
5758,"2024-04-19",举报,"0600",83
5759,"2024-04-19",无效,"0700",75
5760,"2024-04-19",其他,"9999",130
5761,"2024-04-20",咨询,"0100",30
5762,"2024-04-20",投诉,"0200",77
5763,"2024-04-20",意见建议,"0300",46
5764,"2024-04-20",求助,"0400",58
5765,"2024-04-20",表扬,"0500",62
5766,"2024-04-20",举报,"0600",77
5767,"2024-04-20",无效,"0700",106
5768,"2024-04-20",其他,"9999",168
5769,"2024-04-21",咨询,"0100",34
5770,"2024-04-21",投诉,"0200",6
5771,"2024-04-21",意见建议,"0300",79
5772,"2024-04-21",求助,"0400",83
5773,"2024-04-21",表扬,"0500",70
5774,"2024-04-21",举报,"0600",31
5775,"2024-04-21",无效,"0700",125
5776,"2024-04-21",其他,"9999",145
5777,"2024-04-22",咨询,"0100",81
5778,"2024-04-22",投诉,"0200",8
5779,"2024-04-22",意见建议,"0300",140
5780,"2024-04-22",求助,"0400",133
5781,"2024-04-22",表扬,"0500",12
5782,"2024-04-22",举报,"0600",189
5783,"2024-04-22",无效,"0700",174
5784,"2024-04-22",其他,"9999",253
5785,"2024-04-23",咨询,"0100",50
5786,"2024-04-23",投诉,"0200",88
5787,"2024-04-23",意见建议,"0300",26
5788,"2024-04-23",求助,"0400",116
5789,"2024-04-23",表扬,"0500",79
5790,"2024-04-23",举报,"0600",40
5791,"2024-04-23",无效,"0700",98
5792,"2024-04-23",其他,"9999",284
5793,"2024-04-24",咨询,"0100",36
5794,"2024-04-24",投诉,"0200",34
5795,"2024-04-24",意见建议,"0300",30
5796,"2024-04-24",求助,"0400",26
5797,"2024-04-24",表扬,"0500",26
5798,"2024-04-24",举报,"0600",8
5799,"2024-04-24",无效,"0700",70
5800,"2024-04-24",其他,"9999",73
5801,"2024-04-25",咨询,"0100",22
5802,"2024-04-25",投诉,"0200",12
5803,"2024-04-25",意见建议,"0300",34
5804,"2024-04-25",求助,"0400",12
5805,"2024-04-25",表扬,"0500",54
5806,"2024-04-25",举报,"0600",41
5807,"2024-04-25",无效,"0700",49
5808,"2024-04-25",其他,"9999",109
5809,"2024-04-26",咨询,"0100",18
5810,"2024-04-26",投诉,"0200",62
5811,"2024-04-26",意见建议,"0300",9
5812,"2024-04-26",求助,"0400",95
5813,"2024-04-26",表扬,"0500",18
5814,"2024-04-26",举报,"0600",48
5815,"2024-04-26",无效,"0700",19
5816,"2024-04-26",其他,"9999",380
5817,"2024-04-27",咨询,"0100",32
5818,"2024-04-27",投诉,"0200",31
5819,"2024-04-27",意见建议,"0300",67
5820,"2024-04-27",求助,"0400",141
5821,"2024-04-27",表扬,"0500",134
5822,"2024-04-27",举报,"0600",115
5823,"2024-04-27",无效,"0700",60
5824,"2024-04-27",其他,"9999",319
5825,"2024-04-28",咨询,"0100",52
5826,"2024-04-28",投诉,"0200",122
5827,"2024-04-28",意见建议,"0300",63
5828,"2024-04-28",求助,"0400",36
5829,"2024-04-28",表扬,"0500",6
5830,"2024-04-28",举报,"0600",36
5831,"2024-04-28",无效,"0700",56
5832,"2024-04-28",其他,"9999",563
5833,"2024-04-29",咨询,"0100",6
5834,"2024-04-29",投诉,"0200",50
5835,"2024-04-29",意见建议,"0300",19
5836,"2024-04-29",求助,"0400",45
5837,"2024-04-29",表扬,"0500",72
5838,"2024-04-29",举报,"0600",48
5839,"2024-04-29",无效,"0700",57
5840,"2024-04-29",其他,"9999",144
5841,"2024-04-30",咨询,"0100",12
5842,"2024-04-30",投诉,"0200",14
5843,"2024-04-30",意见建议,"0300",18
5844,"2024-04-30",求助,"0400",105
5845,"2024-04-30",表扬,"0500",69
5846,"2024-04-30",举报,"0600",79
5847,"2024-04-30",无效,"0700",115
5848,"2024-04-30",其他,"9999",548
5849,"2024-05-01",咨询,"0100",69
5850,"2024-05-01",投诉,"0200",31
5851,"2024-05-01",意见建议,"0300",45
5852,"2024-05-01",求助,"0400",82
5853,"2024-05-01",表扬,"0500",75
5854,"2024-05-01",举报,"0600",39
5855,"2024-05-01",无效,"0700",39
5856,"2024-05-01",其他,"9999",188
5857,"2024-05-02",咨询,"0100",30
5858,"2024-05-02",投诉,"0200",36
5859,"2024-05-02",意见建议,"0300",39
5860,"2024-05-02",求助,"0400",15
5861,"2024-05-02",表扬,"0500",70
5862,"2024-05-02",举报,"0600",71
5863,"2024-05-02",无效,"0700",75
5864,"2024-05-02",其他,"9999",93
5865,"2024-05-03",咨询,"0100",47
5866,"2024-05-03",投诉,"0200",72
5867,"2024-05-03",意见建议,"0300",66
5868,"2024-05-03",求助,"0400",55
5869,"2024-05-03",表扬,"0500",76
5870,"2024-05-03",举报,"0600",15
5871,"2024-05-03",无效,"0700",38
5872,"2024-05-03",其他,"9999",192
5873,"2024-05-04",咨询,"0100",7
5874,"2024-05-04",投诉,"0200",16
5875,"2024-05-04",意见建议,"0300",5
5876,"2024-05-04",求助,"0400",66
5877,"2024-05-04",表扬,"0500",22
5878,"2024-05-04",举报,"0600",131
5879,"2024-05-04",无效,"0700",55
5880,"2024-05-04",其他,"9999",255
5881,"2024-05-05",咨询,"0100",55
5882,"2024-05-05",投诉,"0200",69
5883,"2024-05-05",意见建议,"0300",95
5884,"2024-05-05",求助,"0400",62
5885,"2024-05-05",表扬,"0500",13
5886,"2024-05-05",举报,"0600",153
5887,"2024-05-05",无效,"0700",162
5888,"2024-05-05",其他,"9999",333
5889,"2024-05-06",咨询,"0100",10
5890,"2024-05-06",投诉,"0200",98
5891,"2024-05-06",意见建议,"0300",99
5892,"2024-05-06",求助,"0400",103
5893,"2024-05-06",表扬,"0500",25
5894,"2024-05-06",举报,"0600",32
5895,"2024-05-06",无效,"0700",158
5896,"2024-05-06",其他,"9999",204
5897,"2024-05-07",咨询,"0100",60
5898,"2024-05-07",投诉,"0200",24
5899,"2024-05-07",意见建议,"0300",30
5900,"2024-05-07",求助,"0400",72
5901,"2024-05-07",表扬,"0500",76
5902,"2024-05-07",举报,"0600",43
5903,"2024-05-07",无效,"0700",77
5904,"2024-05-07",其他,"9999",160
5905,"2024-05-08",咨询,"0100",61
5906,"2024-05-08",投诉,"0200",38
5907,"2024-05-08",意见建议,"0300",46
5908,"2024-05-08",求助,"0400",61
5909,"2024-05-08",表扬,"0500",73
5910,"2024-05-08",举报,"0600",44
5911,"2024-05-08",无效,"0700",29
5912,"2024-05-08",其他,"9999",199
5913,"2024-05-09",咨询,"0100",12
5914,"2024-05-09",投诉,"0200",31
5915,"2024-05-09",意见建议,"0300",48
5916,"2024-05-09",求助,"0400",36
5917,"2024-05-09",表扬,"0500",58
5918,"2024-05-09",举报,"0600",6
5919,"2024-05-09",无效,"0700",55
5920,"2024-05-09",其他,"9999",139
5921,"2024-05-10",咨询,"0100",71
5922,"2024-05-10",投诉,"0200",83
5923,"2024-05-10",意见建议,"0300",110
5924,"2024-05-10",求助,"0400",105
5925,"2024-05-10",表扬,"0500",106
5926,"2024-05-10",举报,"0600",40
5927,"2024-05-10",无效,"0700",80
5928,"2024-05-10",其他,"9999",376
5929,"2024-05-11",咨询,"0100",46
5930,"2024-05-11",投诉,"0200",29
5931,"2024-05-11",意见建议,"0300",15
5932,"2024-05-11",求助,"0400",21
5933,"2024-05-11",表扬,"0500",38
5934,"2024-05-11",举报,"0600",45
5935,"2024-05-11",无效,"0700",72
5936,"2024-05-11",其他,"9999",222
5937,"2024-05-12",咨询,"0100",47
5938,"2024-05-12",投诉,"0200",8
5939,"2024-05-12",意见建议,"0300",75
5940,"2024-05-12",求助,"0400",8
5941,"2024-05-12",表扬,"0500",88
5942,"2024-05-12",举报,"0600",115
5943,"2024-05-12",无效,"0700",102
5944,"2024-05-12",其他,"9999",139
5945,"2024-05-13",咨询,"0100",7
5946,"2024-05-13",投诉,"0200",76
5947,"2024-05-13",意见建议,"0300",20
5948,"2024-05-13",求助,"0400",46
5949,"2024-05-13",表扬,"0500",122
5950,"2024-05-13",举报,"0600",149
5951,"2024-05-13",无效,"0700",71
5952,"2024-05-13",其他,"9999",304
5953,"2024-05-14",咨询,"0100",83
5954,"2024-05-14",投诉,"0200",48
5955,"2024-05-14",意见建议,"0300",92
5956,"2024-05-14",求助,"0400",87
5957,"2024-05-14",表扬,"0500",36
5958,"2024-05-14",举报,"0600",164
5959,"2024-05-14",无效,"0700",65
5960,"2024-05-14",其他,"9999",402
5961,"2024-05-15",咨询,"0100",74
5962,"2024-05-15",投诉,"0200",78
5963,"2024-05-15",意见建议,"0300",77
5964,"2024-05-15",求助,"0400",24
5965,"2024-05-15",表扬,"0500",71
5966,"2024-05-15",举报,"0600",55
5967,"2024-05-15",无效,"0700",5
5968,"2024-05-15",其他,"9999",413
5969,"2024-05-16",咨询,"0100",51
5970,"2024-05-16",投诉,"0200",85
5971,"2024-05-16",意见建议,"0300",130
5972,"2024-05-16",求助,"0400",43
5973,"2024-05-16",表扬,"0500",67
5974,"2024-05-16",举报,"0600",127
5975,"2024-05-16",无效,"0700",55
5976,"2024-05-16",其他,"9999",402
5977,"2024-05-17",咨询,"0100",10
5978,"2024-05-17",投诉,"0200",6
5979,"2024-05-17",意见建议,"0300",45
5980,"2024-05-17",求助,"0400",12
5981,"2024-05-17",表扬,"0500",48
5982,"2024-05-17",举报,"0600",43
5983,"2024-05-17",无效,"0700",29
5984,"2024-05-17",其他,"9999",166
5985,"2024-05-18",咨询,"0100",32
5986,"2024-05-18",投诉,"0200",105
5987,"2024-05-18",意见建议,"0300",110
5988,"2024-05-18",求助,"0400",85
5989,"2024-05-18",表扬,"0500",97
5990,"2024-05-18",举报,"0600",8
5991,"2024-05-18",无效,"0700",143
5992,"2024-05-18",其他,"9999",269
5993,"2024-05-19",咨询,"0100",32
5994,"2024-05-19",投诉,"0200",6
5995,"2024-05-19",意见建议,"0300",30
5996,"2024-05-19",求助,"0400",5
5997,"2024-05-19",表扬,"0500",60
5998,"2024-05-19",举报,"0600",17
5999,"2024-05-19",无效,"0700",87
6000,"2024-05-19",其他,"9999",87
6001,"2024-05-20",咨询,"0100",25
6002,"2024-05-20",投诉,"0200",121
6003,"2024-05-20",意见建议,"0300",34
6004,"2024-05-20",求助,"0400",60
6005,"2024-05-20",表扬,"0500",133
6006,"2024-05-20",举报,"0600",94
6007,"2024-05-20",无效,"0700",128
6008,"2024-05-20",其他,"9999",309
6009,"2024-05-21",咨询,"0100",69
6010,"2024-05-21",投诉,"0200",11
6011,"2024-05-21",意见建议,"0300",73
6012,"2024-05-21",求助,"0400",92
6013,"2024-05-21",表扬,"0500",62
6014,"2024-05-21",举报,"0600",44
6015,"2024-05-21",无效,"0700",36
6016,"2024-05-21",其他,"9999",275
6017,"2024-05-22",咨询,"0100",43
6018,"2024-05-22",投诉,"0200",6
6019,"2024-05-22",意见建议,"0300",116
6020,"2024-05-22",求助,"0400",51
6021,"2024-05-22",表扬,"0500",67
6022,"2024-05-22",举报,"0600",97
6023,"2024-05-22",无效,"0700",124
6024,"2024-05-22",其他,"9999",301
6025,"2024-05-23",咨询,"0100",108
6026,"2024-05-23",投诉,"0200",126
6027,"2024-05-23",意见建议,"0300",15
6028,"2024-05-23",求助,"0400",147
6029,"2024-05-23",表扬,"0500",43
6030,"2024-05-23",举报,"0600",140
6031,"2024-05-23",无效,"0700",60
6032,"2024-05-23",其他,"9999",357
6033,"2024-05-24",咨询,"0100",56
6034,"2024-05-24",投诉,"0200",32
6035,"2024-05-24",意见建议,"0300",50
6036,"2024-05-24",求助,"0400",43
6037,"2024-05-24",表扬,"0500",14
6038,"2024-05-24",举报,"0600",69
6039,"2024-05-24",无效,"0700",34
6040,"2024-05-24",其他,"9999",277
6041,"2024-05-25",咨询,"0100",41
6042,"2024-05-25",投诉,"0200",58
6043,"2024-05-25",意见建议,"0300",47
6044,"2024-05-25",求助,"0400",21
6045,"2024-05-25",表扬,"0500",14
6046,"2024-05-25",举报,"0600",31
6047,"2024-05-25",无效,"0700",145
6048,"2024-05-25",其他,"9999",196
6049,"2024-05-26",咨询,"0100",62
6050,"2024-05-26",投诉,"0200",64
6051,"2024-05-26",意见建议,"0300",51
6052,"2024-05-26",求助,"0400",31
6053,"2024-05-26",表扬,"0500",68
6054,"2024-05-26",举报,"0600",9
6055,"2024-05-26",无效,"0700",29
6056,"2024-05-26",其他,"9999",201
6057,"2024-05-27",咨询,"0100",80
6058,"2024-05-27",投诉,"0200",43
6059,"2024-05-27",意见建议,"0300",61
6060,"2024-05-27",求助,"0400",53
6061,"2024-05-27",表扬,"0500",34
6062,"2024-05-27",举报,"0600",107
6063,"2024-05-27",无效,"0700",65
6064,"2024-05-27",其他,"9999",344
6065,"2024-05-28",咨询,"0100",38
6066,"2024-05-28",投诉,"0200",35
6067,"2024-05-28",意见建议,"0300",35
6068,"2024-05-28",求助,"0400",67
6069,"2024-05-28",表扬,"0500",56
6070,"2024-05-28",举报,"0600",28
6071,"2024-05-28",无效,"0700",12
6072,"2024-05-28",其他,"9999",227
6073,"2024-05-29",咨询,"0100",76
6074,"2024-05-29",投诉,"0200",63
6075,"2024-05-29",意见建议,"0300",13
6076,"2024-05-29",求助,"0400",116
6077,"2024-05-29",表扬,"0500",73
6078,"2024-05-29",举报,"0600",86
6079,"2024-05-29",无效,"0700",11
6080,"2024-05-29",其他,"9999",323
6081,"2024-05-30",咨询,"0100",30
6082,"2024-05-30",投诉,"0200",14
6083,"2024-05-30",意见建议,"0300",17
6084,"2024-05-30",求助,"0400",10
6085,"2024-05-30",表扬,"0500",43
6086,"2024-05-30",举报,"0600",50
6087,"2024-05-30",无效,"0700",363
6088,"2024-05-30",其他,"9999",428
6089,"2024-05-31",咨询,"0100",25
6090,"2024-05-31",投诉,"0200",23
6091,"2024-05-31",意见建议,"0300",41
6092,"2024-05-31",求助,"0400",37
6093,"2024-05-31",表扬,"0500",32
6094,"2024-05-31",举报,"0600",11
6095,"2024-05-31",无效,"0700",9
6096,"2024-05-31",其他,"9999",165
6097,"2024-06-01",咨询,"0100",18
6098,"2024-06-01",投诉,"0200",27
6099,"2024-06-01",意见建议,"0300",67
6100,"2024-06-01",求助,"0400",20
6101,"2024-06-01",表扬,"0500",45
6102,"2024-06-01",举报,"0600",148
6103,"2024-06-01",无效,"0700",108
6104,"2024-06-01",其他,"9999",243
6105,"2024-06-02",咨询,"0100",9
6106,"2024-06-02",投诉,"0200",19
6107,"2024-06-02",意见建议,"0300",43
6108,"2024-06-02",求助,"0400",80
6109,"2024-06-02",表扬,"0500",27
6110,"2024-06-02",举报,"0600",5
6111,"2024-06-02",无效,"0700",82
6112,"2024-06-02",其他,"9999",274
6113,"2024-06-03",咨询,"0100",100
6114,"2024-06-03",投诉,"0200",115
6115,"2024-06-03",意见建议,"0300",124
6116,"2024-06-03",求助,"0400",40
6117,"2024-06-03",表扬,"0500",16
6118,"2024-06-03",举报,"0600",160
6119,"2024-06-03",无效,"0700",115
6120,"2024-06-03",其他,"9999",315
6121,"2024-06-04",咨询,"0100",38
6122,"2024-06-04",投诉,"0200",44
6123,"2024-06-04",意见建议,"0300",39
6124,"2024-06-04",求助,"0400",47
6125,"2024-06-04",表扬,"0500",5
6126,"2024-06-04",举报,"0600",50
6127,"2024-06-04",无效,"0700",46
6128,"2024-06-04",其他,"9999",91
6129,"2024-06-05",咨询,"0100",22
6130,"2024-06-05",投诉,"0200",28
6131,"2024-06-05",意见建议,"0300",37
6132,"2024-06-05",求助,"0400",33
6133,"2024-06-05",表扬,"0500",49
6134,"2024-06-05",举报,"0600",41
6135,"2024-06-05",无效,"0700",69
6136,"2024-06-05",其他,"9999",72
6137,"2024-06-06",咨询,"0100",101
6138,"2024-06-06",投诉,"0200",57
6139,"2024-06-06",意见建议,"0300",114
6140,"2024-06-06",求助,"0400",36
6141,"2024-06-06",表扬,"0500",139
6142,"2024-06-06",举报,"0600",102
6143,"2024-06-06",无效,"0700",122
6144,"2024-06-06",其他,"9999",198
6145,"2024-06-07",咨询,"0100",24
6146,"2024-06-07",投诉,"0200",35
6147,"2024-06-07",意见建议,"0300",48
6148,"2024-06-07",求助,"0400",38
6149,"2024-06-07",表扬,"0500",32
6150,"2024-06-07",举报,"0600",61
6151,"2024-06-07",无效,"0700",9
6152,"2024-06-07",其他,"9999",116
6153,"2024-06-08",咨询,"0100",75
6154,"2024-06-08",投诉,"0200",12
6155,"2024-06-08",意见建议,"0300",85
6156,"2024-06-08",求助,"0400",24
6157,"2024-06-08",表扬,"0500",57
6158,"2024-06-08",举报,"0600",26
6159,"2024-06-08",无效,"0700",82
6160,"2024-06-08",其他,"9999",339
6161,"2024-06-09",咨询,"0100",80
6162,"2024-06-09",投诉,"0200",9
6163,"2024-06-09",意见建议,"0300",9
6164,"2024-06-09",求助,"0400",84
6165,"2024-06-09",表扬,"0500",50
6166,"2024-06-09",举报,"0600",90
6167,"2024-06-09",无效,"0700",6
6168,"2024-06-09",其他,"9999",460
6169,"2024-06-10",咨询,"0100",44
6170,"2024-06-10",投诉,"0200",26
6171,"2024-06-10",意见建议,"0300",57
6172,"2024-06-10",求助,"0400",48
6173,"2024-06-10",表扬,"0500",56
6174,"2024-06-10",举报,"0600",54
6175,"2024-06-10",无效,"0700",65
6176,"2024-06-10",其他,"9999",67
6177,"2024-06-11",咨询,"0100",77
6178,"2024-06-11",投诉,"0200",69
6179,"2024-06-11",意见建议,"0300",75
6180,"2024-06-11",求助,"0400",46
6181,"2024-06-11",表扬,"0500",32
6182,"2024-06-11",举报,"0600",8
6183,"2024-06-11",无效,"0700",25
6184,"2024-06-11",其他,"9999",310
6185,"2024-06-12",咨询,"0100",59
6186,"2024-06-12",投诉,"0200",100
6187,"2024-06-12",意见建议,"0300",35
6188,"2024-06-12",求助,"0400",39
6189,"2024-06-12",表扬,"0500",125
6190,"2024-06-12",举报,"0600",67
6191,"2024-06-12",无效,"0700",107
6192,"2024-06-12",其他,"9999",246
6193,"2024-06-13",咨询,"0100",41
6194,"2024-06-13",投诉,"0200",12
6195,"2024-06-13",意见建议,"0300",27
6196,"2024-06-13",求助,"0400",46
6197,"2024-06-13",表扬,"0500",37
6198,"2024-06-13",举报,"0600",126
6199,"2024-06-13",无效,"0700",80
6200,"2024-06-13",其他,"9999",462
6201,"2024-06-14",咨询,"0100",32
6202,"2024-06-14",投诉,"0200",9
6203,"2024-06-14",意见建议,"0300",43
6204,"2024-06-14",求助,"0400",31
6205,"2024-06-14",表扬,"0500",36
6206,"2024-06-14",举报,"0600",132
6207,"2024-06-14",无效,"0700",116
6208,"2024-06-14",其他,"9999",152
6209,"2024-06-15",咨询,"0100",8
6210,"2024-06-15",投诉,"0200",31
6211,"2024-06-15",意见建议,"0300",32
6212,"2024-06-15",求助,"0400",104
6213,"2024-06-15",表扬,"0500",133
6214,"2024-06-15",举报,"0600",51
6215,"2024-06-15",无效,"0700",93
6216,"2024-06-15",其他,"9999",364
6217,"2024-06-16",咨询,"0100",32
6218,"2024-06-16",投诉,"0200",58
6219,"2024-06-16",意见建议,"0300",40
6220,"2024-06-16",求助,"0400",73
6221,"2024-06-16",表扬,"0500",183
6222,"2024-06-16",举报,"0600",134
6223,"2024-06-16",无效,"0700",103
6224,"2024-06-16",其他,"9999",313
6225,"2024-06-17",咨询,"0100",34
6226,"2024-06-17",投诉,"0200",19
6227,"2024-06-17",意见建议,"0300",45
6228,"2024-06-17",求助,"0400",102
6229,"2024-06-17",表扬,"0500",79
6230,"2024-06-17",举报,"0600",7
6231,"2024-06-17",无效,"0700",143
6232,"2024-06-17",其他,"9999",222
6233,"2024-06-18",咨询,"0100",93
6234,"2024-06-18",投诉,"0200",27
6235,"2024-06-18",意见建议,"0300",29
6236,"2024-06-18",求助,"0400",102
6237,"2024-06-18",表扬,"0500",69
6238,"2024-06-18",举报,"0600",107
6239,"2024-06-18",无效,"0700",110
6240,"2024-06-18",其他,"9999",237
6241,"2024-06-19",咨询,"0100",65
6242,"2024-06-19",投诉,"0200",52
6243,"2024-06-19",意见建议,"0300",66
6244,"2024-06-19",求助,"0400",43
6245,"2024-06-19",表扬,"0500",55
6246,"2024-06-19",举报,"0600",82
6247,"2024-06-19",无效,"0700",102
6248,"2024-06-19",其他,"9999",136
6249,"2024-06-20",咨询,"0100",52
6250,"2024-06-20",投诉,"0200",19
6251,"2024-06-20",意见建议,"0300",35
6252,"2024-06-20",求助,"0400",40
6253,"2024-06-20",表扬,"0500",126
6254,"2024-06-20",举报,"0600",93
6255,"2024-06-20",无效,"0700",99
6256,"2024-06-20",其他,"9999",264
6257,"2024-06-21",咨询,"0100",34
6258,"2024-06-21",投诉,"0200",53
6259,"2024-06-21",意见建议,"0300",23
6260,"2024-06-21",求助,"0400",48
6261,"2024-06-21",表扬,"0500",56
6262,"2024-06-21",举报,"0600",64
6263,"2024-06-21",无效,"0700",63
6264,"2024-06-21",其他,"9999",172
6265,"2024-06-22",咨询,"0100",85
6266,"2024-06-22",投诉,"0200",121
6267,"2024-06-22",意见建议,"0300",71
6268,"2024-06-22",求助,"0400",99
6269,"2024-06-22",表扬,"0500",19
6270,"2024-06-22",举报,"0600",143
6271,"2024-06-22",无效,"0700",7
6272,"2024-06-22",其他,"9999",398
6273,"2024-06-23",咨询,"0100",15
6274,"2024-06-23",投诉,"0200",55
6275,"2024-06-23",意见建议,"0300",54
6276,"2024-06-23",求助,"0400",43
6277,"2024-06-23",表扬,"0500",6
6278,"2024-06-23",举报,"0600",62
6279,"2024-06-23",无效,"0700",10
6280,"2024-06-23",其他,"9999",157
6281,"2024-06-24",咨询,"0100",19
6282,"2024-06-24",投诉,"0200",26
6283,"2024-06-24",意见建议,"0300",14
6284,"2024-06-24",求助,"0400",53
6285,"2024-06-24",表扬,"0500",53
6286,"2024-06-24",举报,"0600",103
6287,"2024-06-24",无效,"0700",54
6288,"2024-06-24",其他,"9999",154
6289,"2024-06-25",咨询,"0100",18
6290,"2024-06-25",投诉,"0200",29
6291,"2024-06-25",意见建议,"0300",68
6292,"2024-06-25",求助,"0400",79
6293,"2024-06-25",表扬,"0500",53
6294,"2024-06-25",举报,"0600",40
6295,"2024-06-25",无效,"0700",91
6296,"2024-06-25",其他,"9999",167
6297,"2024-06-26",咨询,"0100",32
6298,"2024-06-26",投诉,"0200",18
6299,"2024-06-26",意见建议,"0300",18
6300,"2024-06-26",求助,"0400",34
6301,"2024-06-26",表扬,"0500",55
6302,"2024-06-26",举报,"0600",6
6303,"2024-06-26",无效,"0700",12
6304,"2024-06-26",其他,"9999",158
6305,"2024-06-27",咨询,"0100",110
6306,"2024-06-27",投诉,"0200",109
6307,"2024-06-27",意见建议,"0300",88
6308,"2024-06-27",求助,"0400",109
6309,"2024-06-27",表扬,"0500",119
6310,"2024-06-27",举报,"0600",20
6311,"2024-06-27",无效,"0700",133
6312,"2024-06-27",其他,"9999",299
6313,"2024-06-28",咨询,"0100",5
6314,"2024-06-28",投诉,"0200",54
6315,"2024-06-28",意见建议,"0300",109
6316,"2024-06-28",求助,"0400",42
6317,"2024-06-28",表扬,"0500",46
6318,"2024-06-28",举报,"0600",111
6319,"2024-06-28",无效,"0700",183
6320,"2024-06-28",其他,"9999",218
6321,"2024-06-29",咨询,"0100",113
6322,"2024-06-29",投诉,"0200",22
6323,"2024-06-29",意见建议,"0300",132
6324,"2024-06-29",求助,"0400",65
6325,"2024-06-29",表扬,"0500",85
6326,"2024-06-29",举报,"0600",18
6327,"2024-06-29",无效,"0700",105
6328,"2024-06-29",其他,"9999",394
6329,"2024-06-30",咨询,"0100",80
6330,"2024-06-30",投诉,"0200",42
6331,"2024-06-30",意见建议,"0300",99
6332,"2024-06-30",求助,"0400",32
6333,"2024-06-30",表扬,"0500",8
6334,"2024-06-30",举报,"0600",55
6335,"2024-06-30",无效,"0700",117
6336,"2024-06-30",其他,"9999",473
6337,"2024-07-01",咨询,"0100",43
6338,"2024-07-01",投诉,"0200",93
6339,"2024-07-01",意见建议,"0300",5
6340,"2024-07-01",求助,"0400",84
6341,"2024-07-01",表扬,"0500",113
6342,"2024-07-01",举报,"0600",72
6343,"2024-07-01",无效,"0700",87
6344,"2024-07-01",其他,"9999",414
6345,"2024-07-02",咨询,"0100",47
6346,"2024-07-02",投诉,"0200",62
6347,"2024-07-02",意见建议,"0300",78
6348,"2024-07-02",求助,"0400",24
6349,"2024-07-02",表扬,"0500",45
6350,"2024-07-02",举报,"0600",14
6351,"2024-07-02",无效,"0700",36
6352,"2024-07-02",其他,"9999",277
6353,"2024-07-03",咨询,"0100",59
6354,"2024-07-03",投诉,"0200",68
6355,"2024-07-03",意见建议,"0300",45
6356,"2024-07-03",求助,"0400",35
6357,"2024-07-03",表扬,"0500",15
6358,"2024-07-03",举报,"0600",24
6359,"2024-07-03",无效,"0700",32
6360,"2024-07-03",其他,"9999",312
6361,"2024-07-04",咨询,"0100",47
6362,"2024-07-04",投诉,"0200",57
6363,"2024-07-04",意见建议,"0300",49
6364,"2024-07-04",求助,"0400",33
6365,"2024-07-04",表扬,"0500",87
6366,"2024-07-04",举报,"0600",88
6367,"2024-07-04",无效,"0700",9
6368,"2024-07-04",其他,"9999",249
6369,"2024-07-05",咨询,"0100",36
6370,"2024-07-05",投诉,"0200",12
6371,"2024-07-05",意见建议,"0300",7
6372,"2024-07-05",求助,"0400",31
6373,"2024-07-05",表扬,"0500",45
6374,"2024-07-05",举报,"0600",73
6375,"2024-07-05",无效,"0700",63
6376,"2024-07-05",其他,"9999",99
6377,"2024-07-06",咨询,"0100",46
6378,"2024-07-06",投诉,"0200",16
6379,"2024-07-06",意见建议,"0300",42
6380,"2024-07-06",求助,"0400",42
6381,"2024-07-06",表扬,"0500",100
6382,"2024-07-06",举报,"0600",132
6383,"2024-07-06",无效,"0700",106
6384,"2024-07-06",其他,"9999",163
6385,"2024-07-07",咨询,"0100",27
6386,"2024-07-07",投诉,"0200",27
6387,"2024-07-07",意见建议,"0300",20
6388,"2024-07-07",求助,"0400",7
6389,"2024-07-07",表扬,"0500",36
6390,"2024-07-07",举报,"0600",172
6391,"2024-07-07",无效,"0700",36
6392,"2024-07-07",其他,"9999",335
6393,"2024-07-08",咨询,"0100",47
6394,"2024-07-08",投诉,"0200",101
6395,"2024-07-08",意见建议,"0300",24
6396,"2024-07-08",求助,"0400",66
6397,"2024-07-08",表扬,"0500",49
6398,"2024-07-08",举报,"0600",51
6399,"2024-07-08",无效,"0700",163
6400,"2024-07-08",其他,"9999",271
6401,"2024-07-09",咨询,"0100",38
6402,"2024-07-09",投诉,"0200",38
6403,"2024-07-09",意见建议,"0300",39
6404,"2024-07-09",求助,"0400",32
6405,"2024-07-09",表扬,"0500",41
6406,"2024-07-09",举报,"0600",27
6407,"2024-07-09",无效,"0700",12
6408,"2024-07-09",其他,"9999",138
6409,"2024-07-10",咨询,"0100",64
6410,"2024-07-10",投诉,"0200",6
6411,"2024-07-10",意见建议,"0300",34
6412,"2024-07-10",求助,"0400",128
6413,"2024-07-10",表扬,"0500",107
6414,"2024-07-10",举报,"0600",67
6415,"2024-07-10",无效,"0700",90
6416,"2024-07-10",其他,"9999",344
6417,"2024-07-11",咨询,"0100",42
6418,"2024-07-11",投诉,"0200",18
6419,"2024-07-11",意见建议,"0300",67
6420,"2024-07-11",求助,"0400",33
6421,"2024-07-11",表扬,"0500",123
6422,"2024-07-11",举报,"0600",44
6423,"2024-07-11",无效,"0700",68
6424,"2024-07-11",其他,"9999",354
6425,"2024-07-12",咨询,"0100",52
6426,"2024-07-12",投诉,"0200",10
6427,"2024-07-12",意见建议,"0300",44
6428,"2024-07-12",求助,"0400",56
6429,"2024-07-12",表扬,"0500",16
6430,"2024-07-12",举报,"0600",125
6431,"2024-07-12",无效,"0700",31
6432,"2024-07-12",其他,"9999",348
6433,"2024-07-13",咨询,"0100",83
6434,"2024-07-13",投诉,"0200",56
6435,"2024-07-13",意见建议,"0300",5
6436,"2024-07-13",求助,"0400",120
6437,"2024-07-13",表扬,"0500",81
6438,"2024-07-13",举报,"0600",6
6439,"2024-07-13",无效,"0700",190
6440,"2024-07-13",其他,"9999",234
6441,"2024-07-14",咨询,"0100",42
6442,"2024-07-14",投诉,"0200",79
6443,"2024-07-14",意见建议,"0300",25
6444,"2024-07-14",求助,"0400",15
6445,"2024-07-14",表扬,"0500",113
6446,"2024-07-14",举报,"0600",118
6447,"2024-07-14",无效,"0700",77
6448,"2024-07-14",其他,"9999",223
6449,"2024-07-15",咨询,"0100",32
6450,"2024-07-15",投诉,"0200",68
6451,"2024-07-15",意见建议,"0300",76
6452,"2024-07-15",求助,"0400",104
6453,"2024-07-15",表扬,"0500",88
6454,"2024-07-15",举报,"0600",47
6455,"2024-07-15",无效,"0700",49
6456,"2024-07-15",其他,"9999",232
6457,"2024-07-16",咨询,"0100",53
6458,"2024-07-16",投诉,"0200",83
6459,"2024-07-16",意见建议,"0300",87
6460,"2024-07-16",求助,"0400",44
6461,"2024-07-16",表扬,"0500",20
6462,"2024-07-16",举报,"0600",87
6463,"2024-07-16",无效,"0700",168
6464,"2024-07-16",其他,"9999",241
6465,"2024-07-17",咨询,"0100",24
6466,"2024-07-17",投诉,"0200",39
6467,"2024-07-17",意见建议,"0300",23
6468,"2024-07-17",求助,"0400",58
6469,"2024-07-17",表扬,"0500",77
6470,"2024-07-17",举报,"0600",116
6471,"2024-07-17",无效,"0700",8
6472,"2024-07-17",其他,"9999",263
6473,"2024-07-18",咨询,"0100",48
6474,"2024-07-18",投诉,"0200",31
6475,"2024-07-18",意见建议,"0300",96
6476,"2024-07-18",求助,"0400",55
6477,"2024-07-18",表扬,"0500",117
6478,"2024-07-18",举报,"0600",84
6479,"2024-07-18",无效,"0700",96
6480,"2024-07-18",其他,"9999",310
6481,"2024-07-19",咨询,"0100",50
6482,"2024-07-19",投诉,"0200",39
6483,"2024-07-19",意见建议,"0300",23
6484,"2024-07-19",求助,"0400",51
6485,"2024-07-19",表扬,"0500",47
6486,"2024-07-19",举报,"0600",14
6487,"2024-07-19",无效,"0700",84
6488,"2024-07-19",其他,"9999",299
6489,"2024-07-20",咨询,"0100",23
6490,"2024-07-20",投诉,"0200",15
6491,"2024-07-20",意见建议,"0300",44
6492,"2024-07-20",求助,"0400",8
6493,"2024-07-20",表扬,"0500",42
6494,"2024-07-20",举报,"0600",58
6495,"2024-07-20",无效,"0700",58
6496,"2024-07-20",其他,"9999",74
6497,"2024-07-21",咨询,"0100",8
6498,"2024-07-21",投诉,"0200",26
6499,"2024-07-21",意见建议,"0300",29
6500,"2024-07-21",求助,"0400",28
6501,"2024-07-21",表扬,"0500",49
6502,"2024-07-21",举报,"0600",18
6503,"2024-07-21",无效,"0700",31
6504,"2024-07-21",其他,"9999",119
6505,"2024-07-22",咨询,"0100",64
6506,"2024-07-22",投诉,"0200",98
6507,"2024-07-22",意见建议,"0300",122
6508,"2024-07-22",求助,"0400",61
6509,"2024-07-22",表扬,"0500",103
6510,"2024-07-22",举报,"0600",161
6511,"2024-07-22",无效,"0700",52
6512,"2024-07-22",其他,"9999",281
6513,"2024-07-23",咨询,"0100",18
6514,"2024-07-23",投诉,"0200",14
6515,"2024-07-23",意见建议,"0300",24
6516,"2024-07-23",求助,"0400",47
6517,"2024-07-23",表扬,"0500",16
6518,"2024-07-23",举报,"0600",34
6519,"2024-07-23",无效,"0700",32
6520,"2024-07-23",其他,"9999",137
6521,"2024-07-24",咨询,"0100",10
6522,"2024-07-24",投诉,"0200",39
6523,"2024-07-24",意见建议,"0300",19
6524,"2024-07-24",求助,"0400",46
6525,"2024-07-24",表扬,"0500",20
6526,"2024-07-24",举报,"0600",53
6527,"2024-07-24",无效,"0700",25
6528,"2024-07-24",其他,"9999",107
6529,"2024-07-25",咨询,"0100",112
6530,"2024-07-25",投诉,"0200",13
6531,"2024-07-25",意见建议,"0300",42
6532,"2024-07-25",求助,"0400",95
6533,"2024-07-25",表扬,"0500",67
6534,"2024-07-25",举报,"0600",129
6535,"2024-07-25",无效,"0700",193
6536,"2024-07-25",其他,"9999",292
6537,"2024-07-26",咨询,"0100",66
6538,"2024-07-26",投诉,"0200",48
6539,"2024-07-26",意见建议,"0300",65
6540,"2024-07-26",求助,"0400",37
6541,"2024-07-26",表扬,"0500",28
6542,"2024-07-26",举报,"0600",46
6543,"2024-07-26",无效,"0700",25
6544,"2024-07-26",其他,"9999",224
6545,"2024-07-27",咨询,"0100",49
6546,"2024-07-27",投诉,"0200",37
6547,"2024-07-27",意见建议,"0300",67
6548,"2024-07-27",求助,"0400",125
6549,"2024-07-27",表扬,"0500",18
6550,"2024-07-27",举报,"0600",16
6551,"2024-07-27",无效,"0700",161
6552,"2024-07-27",其他,"9999",420
6553,"2024-07-28",咨询,"0100",6
6554,"2024-07-28",投诉,"0200",50
6555,"2024-07-28",意见建议,"0300",31
6556,"2024-07-28",求助,"0400",12
6557,"2024-07-28",表扬,"0500",50
6558,"2024-07-28",举报,"0600",117
6559,"2024-07-28",无效,"0700",152
6560,"2024-07-28",其他,"9999",183
6561,"2024-07-29",咨询,"0100",23
6562,"2024-07-29",投诉,"0200",48
6563,"2024-07-29",意见建议,"0300",72
6564,"2024-07-29",求助,"0400",22
6565,"2024-07-29",表扬,"0500",142
6566,"2024-07-29",举报,"0600",87
6567,"2024-07-29",无效,"0700",192
6568,"2024-07-29",其他,"9999",319
6569,"2024-07-30",咨询,"0100",50
6570,"2024-07-30",投诉,"0200",57
6571,"2024-07-30",意见建议,"0300",63
6572,"2024-07-30",求助,"0400",25
6573,"2024-07-30",表扬,"0500",21
6574,"2024-07-30",举报,"0600",90
6575,"2024-07-30",无效,"0700",22
6576,"2024-07-30",其他,"9999",279
6577,"2024-07-31",咨询,"0100",43
6578,"2024-07-31",投诉,"0200",14
6579,"2024-07-31",意见建议,"0300",12
6580,"2024-07-31",求助,"0400",16
6581,"2024-07-31",表扬,"0500",54
6582,"2024-07-31",举报,"0600",52
6583,"2024-07-31",无效,"0700",38
6584,"2024-07-31",其他,"9999",115
6585,"2024-08-01",咨询,"0100",35
6586,"2024-08-01",投诉,"0200",39
6587,"2024-08-01",意见建议,"0300",6
6588,"2024-08-01",求助,"0400",59
6589,"2024-08-01",表扬,"0500",69
6590,"2024-08-01",举报,"0600",49
6591,"2024-08-01",无效,"0700",70
6592,"2024-08-01",其他,"9999",135
6593,"2024-08-02",咨询,"0100",32
6594,"2024-08-02",投诉,"0200",73
6595,"2024-08-02",意见建议,"0300",68
6596,"2024-08-02",求助,"0400",24
6597,"2024-08-02",表扬,"0500",63
6598,"2024-08-02",举报,"0600",31
6599,"2024-08-02",无效,"0700",92
6600,"2024-08-02",其他,"9999",181
6601,"2024-08-03",咨询,"0100",38
6602,"2024-08-03",投诉,"0200",22
6603,"2024-08-03",意见建议,"0300",117
6604,"2024-08-03",求助,"0400",7
6605,"2024-08-03",表扬,"0500",157
6606,"2024-08-03",举报,"0600",81
6607,"2024-08-03",无效,"0700",172
6608,"2024-08-03",其他,"9999",323
6609,"2024-08-04",咨询,"0100",17
6610,"2024-08-04",投诉,"0200",22
6611,"2024-08-04",意见建议,"0300",28
6612,"2024-08-04",求助,"0400",50
6613,"2024-08-04",表扬,"0500",51
6614,"2024-08-04",举报,"0600",12
6615,"2024-08-04",无效,"0700",68
6616,"2024-08-04",其他,"9999",96
6617,"2024-08-05",咨询,"0100",48
6618,"2024-08-05",投诉,"0200",26
6619,"2024-08-05",意见建议,"0300",44
6620,"2024-08-05",求助,"0400",116
6621,"2024-08-05",表扬,"0500",27
6622,"2024-08-05",举报,"0600",102
6623,"2024-08-05",无效,"0700",167
6624,"2024-08-05",其他,"9999",395
6625,"2024-08-06",咨询,"0100",9
6626,"2024-08-06",投诉,"0200",22
6627,"2024-08-06",意见建议,"0300",20
6628,"2024-08-06",求助,"0400",45
6629,"2024-08-06",表扬,"0500",23
6630,"2024-08-06",举报,"0600",49
6631,"2024-08-06",无效,"0700",10
6632,"2024-08-06",其他,"9999",191
6633,"2024-08-07",咨询,"0100",10
6634,"2024-08-07",投诉,"0200",9
6635,"2024-08-07",意见建议,"0300",17
6636,"2024-08-07",求助,"0400",38
6637,"2024-08-07",表扬,"0500",25
6638,"2024-08-07",举报,"0600",57
6639,"2024-08-07",无效,"0700",63
6640,"2024-08-07",其他,"9999",97
6641,"2024-08-08",咨询,"0100",28
6642,"2024-08-08",投诉,"0200",20
6643,"2024-08-08",意见建议,"0300",43
6644,"2024-08-08",求助,"0400",35
6645,"2024-08-08",表扬,"0500",8
6646,"2024-08-08",举报,"0600",9
6647,"2024-08-08",无效,"0700",82
6648,"2024-08-08",其他,"9999",93
6649,"2024-08-09",咨询,"0100",42
6650,"2024-08-09",投诉,"0200",44
6651,"2024-08-09",意见建议,"0300",25
6652,"2024-08-09",求助,"0400",10
6653,"2024-08-09",表扬,"0500",68
6654,"2024-08-09",举报,"0600",53
6655,"2024-08-09",无效,"0700",119
6656,"2024-08-09",其他,"9999",217
6657,"2024-08-10",咨询,"0100",57
6658,"2024-08-10",投诉,"0200",76
6659,"2024-08-10",意见建议,"0300",103
6660,"2024-08-10",求助,"0400",37
6661,"2024-08-10",表扬,"0500",40
6662,"2024-08-10",举报,"0600",74
6663,"2024-08-10",无效,"0700",61
6664,"2024-08-10",其他,"9999",388
6665,"2024-08-11",咨询,"0100",36
6666,"2024-08-11",投诉,"0200",10
6667,"2024-08-11",意见建议,"0300",73
6668,"2024-08-11",求助,"0400",25
6669,"2024-08-11",表扬,"0500",91
6670,"2024-08-11",举报,"0600",33
6671,"2024-08-11",无效,"0700",67
6672,"2024-08-11",其他,"9999",220
6673,"2024-08-12",咨询,"0100",112
6674,"2024-08-12",投诉,"0200",96
6675,"2024-08-12",意见建议,"0300",95
6676,"2024-08-12",求助,"0400",111
6677,"2024-08-12",表扬,"0500",61
6678,"2024-08-12",举报,"0600",111
6679,"2024-08-12",无效,"0700",35
6680,"2024-08-12",其他,"9999",342
6681,"2024-08-13",咨询,"0100",59
6682,"2024-08-13",投诉,"0200",21
6683,"2024-08-13",意见建议,"0300",25
6684,"2024-08-13",求助,"0400",59
6685,"2024-08-13",表扬,"0500",80
6686,"2024-08-13",举报,"0600",56
6687,"2024-08-13",无效,"0700",129
6688,"2024-08-13",其他,"9999",155
6689,"2024-08-14",咨询,"0100",8
6690,"2024-08-14",投诉,"0200",30
6691,"2024-08-14",意见建议,"0300",11
6692,"2024-08-14",求助,"0400",51
6693,"2024-08-14",表扬,"0500",42
6694,"2024-08-14",举报,"0600",73
6695,"2024-08-14",无效,"0700",101
6696,"2024-08-14",其他,"9999",145
6697,"2024-08-15",咨询,"0100",56
6698,"2024-08-15",投诉,"0200",27
6699,"2024-08-15",意见建议,"0300",135
6700,"2024-08-15",求助,"0400",144
6701,"2024-08-15",表扬,"0500",72
6702,"2024-08-15",举报,"0600",95
6703,"2024-08-15",无效,"0700",48
6704,"2024-08-15",其他,"9999",369
6705,"2024-08-16",咨询,"0100",42
6706,"2024-08-16",投诉,"0200",57
6707,"2024-08-16",意见建议,"0300",60
6708,"2024-08-16",求助,"0400",9
6709,"2024-08-16",表扬,"0500",72
6710,"2024-08-16",举报,"0600",21
6711,"2024-08-16",无效,"0700",56
6712,"2024-08-16",其他,"9999",144
6713,"2024-08-17",咨询,"0100",48
6714,"2024-08-17",投诉,"0200",29
6715,"2024-08-17",意见建议,"0300",69
6716,"2024-08-17",求助,"0400",61
6717,"2024-08-17",表扬,"0500",83
6718,"2024-08-17",举报,"0600",28
6719,"2024-08-17",无效,"0700",51
6720,"2024-08-17",其他,"9999",177
6721,"2024-08-18",咨询,"0100",33
6722,"2024-08-18",投诉,"0200",71
6723,"2024-08-18",意见建议,"0300",36
6724,"2024-08-18",求助,"0400",87
6725,"2024-08-18",表扬,"0500",31
6726,"2024-08-18",举报,"0600",28
6727,"2024-08-18",无效,"0700",107
6728,"2024-08-18",其他,"9999",183
6729,"2024-08-19",咨询,"0100",22
6730,"2024-08-19",投诉,"0200",28
6731,"2024-08-19",意见建议,"0300",40
6732,"2024-08-19",求助,"0400",11
6733,"2024-08-19",表扬,"0500",57
6734,"2024-08-19",举报,"0600",135
6735,"2024-08-19",无效,"0700",36
6736,"2024-08-19",其他,"9999",358
6737,"2024-08-20",咨询,"0100",57
6738,"2024-08-20",投诉,"0200",121
6739,"2024-08-20",意见建议,"0300",104
6740,"2024-08-20",求助,"0400",135
6741,"2024-08-20",表扬,"0500",122
6742,"2024-08-20",举报,"0600",88
6743,"2024-08-20",无效,"0700",94
6744,"2024-08-20",其他,"9999",236
6745,"2024-08-21",咨询,"0100",25
6746,"2024-08-21",投诉,"0200",109
6747,"2024-08-21",意见建议,"0300",128
6748,"2024-08-21",求助,"0400",89
6749,"2024-08-21",表扬,"0500",63
6750,"2024-08-21",举报,"0600",134
6751,"2024-08-21",无效,"0700",113
6752,"2024-08-21",其他,"9999",335
6753,"2024-08-22",咨询,"0100",45
6754,"2024-08-22",投诉,"0200",72
6755,"2024-08-22",意见建议,"0300",39
6756,"2024-08-22",求助,"0400",140
6757,"2024-08-22",表扬,"0500",71
6758,"2024-08-22",举报,"0600",82
6759,"2024-08-22",无效,"0700",237
6760,"2024-08-22",其他,"9999",265
6761,"2024-08-23",咨询,"0100",19
6762,"2024-08-23",投诉,"0200",9
6763,"2024-08-23",意见建议,"0300",26
6764,"2024-08-23",求助,"0400",50
6765,"2024-08-23",表扬,"0500",46
6766,"2024-08-23",举报,"0600",70
6767,"2024-08-23",无效,"0700",7
6768,"2024-08-23",其他,"9999",144
6769,"2024-08-24",咨询,"0100",75
6770,"2024-08-24",投诉,"0200",17
6771,"2024-08-24",意见建议,"0300",23
6772,"2024-08-24",求助,"0400",7
6773,"2024-08-24",表扬,"0500",73
6774,"2024-08-24",举报,"0600",153
6775,"2024-08-24",无效,"0700",26
6776,"2024-08-24",其他,"9999",350
6777,"2024-08-25",咨询,"0100",27
6778,"2024-08-25",投诉,"0200",10
6779,"2024-08-25",意见建议,"0300",66
6780,"2024-08-25",求助,"0400",50
6781,"2024-08-25",表扬,"0500",97
6782,"2024-08-25",举报,"0600",113
6783,"2024-08-25",无效,"0700",96
6784,"2024-08-25",其他,"9999",190
6785,"2024-08-26",咨询,"0100",83
6786,"2024-08-26",投诉,"0200",90
6787,"2024-08-26",意见建议,"0300",108
6788,"2024-08-26",求助,"0400",5
6789,"2024-08-26",表扬,"0500",149
6790,"2024-08-26",举报,"0600",67
6791,"2024-08-26",无效,"0700",144
6792,"2024-08-26",其他,"9999",253
6793,"2024-08-27",咨询,"0100",71
6794,"2024-08-27",投诉,"0200",16
6795,"2024-08-27",意见建议,"0300",75
6796,"2024-08-27",求助,"0400",75
6797,"2024-08-27",表扬,"0500",97
6798,"2024-08-27",举报,"0600",38
6799,"2024-08-27",无效,"0700",67
6800,"2024-08-27",其他,"9999",203
6801,"2024-08-28",咨询,"0100",82
6802,"2024-08-28",投诉,"0200",11
6803,"2024-08-28",意见建议,"0300",36
6804,"2024-08-28",求助,"0400",31
6805,"2024-08-28",表扬,"0500",113
6806,"2024-08-28",举报,"0600",97
6807,"2024-08-28",无效,"0700",28
6808,"2024-08-28",其他,"9999",368
6809,"2024-08-29",咨询,"0100",22
6810,"2024-08-29",投诉,"0200",47
6811,"2024-08-29",意见建议,"0300",96
6812,"2024-08-29",求助,"0400",82
6813,"2024-08-29",表扬,"0500",143
6814,"2024-08-29",举报,"0600",117
6815,"2024-08-29",无效,"0700",135
6816,"2024-08-29",其他,"9999",328
6817,"2024-08-30",咨询,"0100",16
6818,"2024-08-30",投诉,"0200",126
6819,"2024-08-30",意见建议,"0300",13
6820,"2024-08-30",求助,"0400",88
6821,"2024-08-30",表扬,"0500",9
6822,"2024-08-30",举报,"0600",165
6823,"2024-08-30",无效,"0700",251
6824,"2024-08-30",其他,"9999",260
6825,"2024-08-31",咨询,"0100",28
6826,"2024-08-31",投诉,"0200",70
6827,"2024-08-31",意见建议,"0300",39
6828,"2024-08-31",求助,"0400",72
6829,"2024-08-31",表扬,"0500",102
6830,"2024-08-31",举报,"0600",53
6831,"2024-08-31",无效,"0700",6
6832,"2024-08-31",其他,"9999",353
6833,"2024-09-01",咨询,"0100",22
6834,"2024-09-01",投诉,"0200",6
6835,"2024-09-01",意见建议,"0300",19
6836,"2024-09-01",求助,"0400",46
6837,"2024-09-01",表扬,"0500",73
6838,"2024-09-01",举报,"0600",48
6839,"2024-09-01",无效,"0700",30
6840,"2024-09-01",其他,"9999",250
6841,"2024-09-02",咨询,"0100",41
6842,"2024-09-02",投诉,"0200",44
6843,"2024-09-02",意见建议,"0300",21
6844,"2024-09-02",求助,"0400",8
6845,"2024-09-02",表扬,"0500",65
6846,"2024-09-02",举报,"0600",9
6847,"2024-09-02",无效,"0700",105
6848,"2024-09-02",其他,"9999",124
6849,"2024-09-03",咨询,"0100",66
6850,"2024-09-03",投诉,"0200",23
6851,"2024-09-03",意见建议,"0300",51
6852,"2024-09-03",求助,"0400",29
6853,"2024-09-03",表扬,"0500",73
6854,"2024-09-03",举报,"0600",27
6855,"2024-09-03",无效,"0700",66
6856,"2024-09-03",其他,"9999",204
6857,"2024-09-04",咨询,"0100",89
6858,"2024-09-04",投诉,"0200",83
6859,"2024-09-04",意见建议,"0300",84
6860,"2024-09-04",求助,"0400",48
6861,"2024-09-04",表扬,"0500",98
6862,"2024-09-04",举报,"0600",128
6863,"2024-09-04",无效,"0700",78
6864,"2024-09-04",其他,"9999",268
6865,"2024-09-05",咨询,"0100",105
6866,"2024-09-05",投诉,"0200",58
6867,"2024-09-05",意见建议,"0300",27
6868,"2024-09-05",求助,"0400",51
6869,"2024-09-05",表扬,"0500",112
6870,"2024-09-05",举报,"0600",23
6871,"2024-09-05",无效,"0700",132
6872,"2024-09-05",其他,"9999",335
6873,"2024-09-06",咨询,"0100",18
6874,"2024-09-06",投诉,"0200",29
6875,"2024-09-06",意见建议,"0300",56
6876,"2024-09-06",求助,"0400",44
6877,"2024-09-06",表扬,"0500",29
6878,"2024-09-06",举报,"0600",70
6879,"2024-09-06",无效,"0700",6
6880,"2024-09-06",其他,"9999",144
6881,"2024-09-07",咨询,"0100",83
6882,"2024-09-07",投诉,"0200",49
6883,"2024-09-07",意见建议,"0300",46
6884,"2024-09-07",求助,"0400",40
6885,"2024-09-07",表扬,"0500",13
6886,"2024-09-07",举报,"0600",45
6887,"2024-09-07",无效,"0700",82
6888,"2024-09-07",其他,"9999",318
6889,"2024-09-08",咨询,"0100",37
6890,"2024-09-08",投诉,"0200",121
6891,"2024-09-08",意见建议,"0300",34
6892,"2024-09-08",求助,"0400",116
6893,"2024-09-08",表扬,"0500",80
6894,"2024-09-08",举报,"0600",178
6895,"2024-09-08",无效,"0700",141
6896,"2024-09-08",其他,"9999",262
6897,"2024-09-09",咨询,"0100",73
6898,"2024-09-09",投诉,"0200",20
6899,"2024-09-09",意见建议,"0300",71
6900,"2024-09-09",求助,"0400",11
6901,"2024-09-09",表扬,"0500",87
6902,"2024-09-09",举报,"0600",12
6903,"2024-09-09",无效,"0700",169
6904,"2024-09-09",其他,"9999",323
6905,"2024-09-10",咨询,"0100",13
6906,"2024-09-10",投诉,"0200",67
6907,"2024-09-10",意见建议,"0300",11
6908,"2024-09-10",求助,"0400",89
6909,"2024-09-10",表扬,"0500",31
6910,"2024-09-10",举报,"0600",16
6911,"2024-09-10",无效,"0700",11
6912,"2024-09-10",其他,"9999",307
6913,"2024-09-11",咨询,"0100",32
6914,"2024-09-11",投诉,"0200",6
6915,"2024-09-11",意见建议,"0300",55
6916,"2024-09-11",求助,"0400",139
6917,"2024-09-11",表扬,"0500",146
6918,"2024-09-11",举报,"0600",103
6919,"2024-09-11",无效,"0700",163
6920,"2024-09-11",其他,"9999",226
6921,"2024-09-12",咨询,"0100",6
6922,"2024-09-12",投诉,"0200",32
6923,"2024-09-12",意见建议,"0300",50
6924,"2024-09-12",求助,"0400",28
6925,"2024-09-12",表扬,"0500",57
6926,"2024-09-12",举报,"0600",37
6927,"2024-09-12",无效,"0700",31
6928,"2024-09-12",其他,"9999",129
6929,"2024-09-13",咨询,"0100",49
6930,"2024-09-13",投诉,"0200",53
6931,"2024-09-13",意见建议,"0300",68
6932,"2024-09-13",求助,"0400",34
6933,"2024-09-13",表扬,"0500",40
6934,"2024-09-13",举报,"0600",101
6935,"2024-09-13",无效,"0700",31
6936,"2024-09-13",其他,"9999",287
6937,"2024-09-14",咨询,"0100",34
6938,"2024-09-14",投诉,"0200",57
6939,"2024-09-14",意见建议,"0300",35
6940,"2024-09-14",求助,"0400",7
6941,"2024-09-14",表扬,"0500",11
6942,"2024-09-14",举报,"0600",29
6943,"2024-09-14",无效,"0700",157
6944,"2024-09-14",其他,"9999",323
6945,"2024-09-15",咨询,"0100",35
6946,"2024-09-15",投诉,"0200",14
6947,"2024-09-15",意见建议,"0300",16
6948,"2024-09-15",求助,"0400",26
6949,"2024-09-15",表扬,"0500",19
6950,"2024-09-15",举报,"0600",44
6951,"2024-09-15",无效,"0700",44
6952,"2024-09-15",其他,"9999",212
6953,"2024-09-16",咨询,"0100",21
6954,"2024-09-16",投诉,"0200",5
6955,"2024-09-16",意见建议,"0300",53
6956,"2024-09-16",求助,"0400",57
6957,"2024-09-16",表扬,"0500",6
6958,"2024-09-16",举报,"0600",86
6959,"2024-09-16",无效,"0700",53
6960,"2024-09-16",其他,"9999",223
6961,"2024-09-17",咨询,"0100",7
6962,"2024-09-17",投诉,"0200",63
6963,"2024-09-17",意见建议,"0300",20
6964,"2024-09-17",求助,"0400",42
6965,"2024-09-17",表扬,"0500",42
6966,"2024-09-17",举报,"0600",182
6967,"2024-09-17",无效,"0700",78
6968,"2024-09-17",其他,"9999",302
6969,"2024-09-18",咨询,"0100",12
6970,"2024-09-18",投诉,"0200",75
6971,"2024-09-18",意见建议,"0300",72
6972,"2024-09-18",求助,"0400",33
6973,"2024-09-18",表扬,"0500",109
6974,"2024-09-18",举报,"0600",8
6975,"2024-09-18",无效,"0700",9
6976,"2024-09-18",其他,"9999",374
6977,"2024-09-19",咨询,"0100",29
6978,"2024-09-19",投诉,"0200",17
6979,"2024-09-19",意见建议,"0300",34
6980,"2024-09-19",求助,"0400",82
6981,"2024-09-19",表扬,"0500",73
6982,"2024-09-19",举报,"0600",95
6983,"2024-09-19",无效,"0700",89
6984,"2024-09-19",其他,"9999",214
6985,"2024-09-20",咨询,"0100",21
6986,"2024-09-20",投诉,"0200",6
6987,"2024-09-20",意见建议,"0300",32
6988,"2024-09-20",求助,"0400",70
6989,"2024-09-20",表扬,"0500",164
6990,"2024-09-20",举报,"0600",169
6991,"2024-09-20",无效,"0700",76
6992,"2024-09-20",其他,"9999",388
6993,"2024-09-21",咨询,"0100",53
6994,"2024-09-21",投诉,"0200",17
6995,"2024-09-21",意见建议,"0300",62
6996,"2024-09-21",求助,"0400",47
6997,"2024-09-21",表扬,"0500",33
6998,"2024-09-21",举报,"0600",48
6999,"2024-09-21",无效,"0700",48
7000,"2024-09-21",其他,"9999",216
7001,"2024-09-22",咨询,"0100",47
7002,"2024-09-22",投诉,"0200",83
7003,"2024-09-22",意见建议,"0300",95
7004,"2024-09-22",求助,"0400",40
7005,"2024-09-22",表扬,"0500",151
7006,"2024-09-22",举报,"0600",111
7007,"2024-09-22",无效,"0700",136
7008,"2024-09-22",其他,"9999",233
7009,"2024-09-23",咨询,"0100",28
7010,"2024-09-23",投诉,"0200",23
7011,"2024-09-23",意见建议,"0300",40
7012,"2024-09-23",求助,"0400",53
7013,"2024-09-23",表扬,"0500",61
7014,"2024-09-23",举报,"0600",88
7015,"2024-09-23",无效,"0700",132
7016,"2024-09-23",其他,"9999",175
7017,"2024-09-24",咨询,"0100",31
7018,"2024-09-24",投诉,"0200",23
7019,"2024-09-24",意见建议,"0300",20
7020,"2024-09-24",求助,"0400",91
7021,"2024-09-24",表扬,"0500",165
7022,"2024-09-24",举报,"0600",30
7023,"2024-09-24",无效,"0700",43
7024,"2024-09-24",其他,"9999",451
7025,"2024-09-25",咨询,"0100",46
7026,"2024-09-25",投诉,"0200",19
7027,"2024-09-25",意见建议,"0300",62
7028,"2024-09-25",求助,"0400",30
7029,"2024-09-25",表扬,"0500",72
7030,"2024-09-25",举报,"0600",42
7031,"2024-09-25",无效,"0700",90
7032,"2024-09-25",其他,"9999",249
7033,"2024-09-26",咨询,"0100",26
7034,"2024-09-26",投诉,"0200",49
7035,"2024-09-26",意见建议,"0300",24
7036,"2024-09-26",求助,"0400",45
7037,"2024-09-26",表扬,"0500",58
7038,"2024-09-26",举报,"0600",10
7039,"2024-09-26",无效,"0700",119
7040,"2024-09-26",其他,"9999",202
7041,"2024-09-27",咨询,"0100",71
7042,"2024-09-27",投诉,"0200",24
7043,"2024-09-27",意见建议,"0300",63
7044,"2024-09-27",求助,"0400",46
7045,"2024-09-27",表扬,"0500",45
7046,"2024-09-27",举报,"0600",77
7047,"2024-09-27",无效,"0700",54
7048,"2024-09-27",其他,"9999",231
7049,"2024-09-28",咨询,"0100",45
7050,"2024-09-28",投诉,"0200",13
7051,"2024-09-28",意见建议,"0300",66
7052,"2024-09-28",求助,"0400",17
7053,"2024-09-28",表扬,"0500",43
7054,"2024-09-28",举报,"0600",87
7055,"2024-09-28",无效,"0700",14
7056,"2024-09-28",其他,"9999",196
7057,"2024-09-29",咨询,"0100",39
7058,"2024-09-29",投诉,"0200",33
7059,"2024-09-29",意见建议,"0300",106
7060,"2024-09-29",求助,"0400",36
7061,"2024-09-29",表扬,"0500",76
7062,"2024-09-29",举报,"0600",126
7063,"2024-09-29",无效,"0700",119
7064,"2024-09-29",其他,"9999",177
7065,"2024-09-30",咨询,"0100",40
7066,"2024-09-30",投诉,"0200",78
7067,"2024-09-30",意见建议,"0300",72
7068,"2024-09-30",求助,"0400",47
7069,"2024-09-30",表扬,"0500",34
7070,"2024-09-30",举报,"0600",126
7071,"2024-09-30",无效,"0700",34
7072,"2024-09-30",其他,"9999",223
7073,"2024-10-01",咨询,"0100",21
7074,"2024-10-01",投诉,"0200",7
7075,"2024-10-01",意见建议,"0300",98
7076,"2024-10-01",求助,"0400",9
7077,"2024-10-01",表扬,"0500",55
7078,"2024-10-01",举报,"0600",141
7079,"2024-10-01",无效,"0700",150
7080,"2024-10-01",其他,"9999",197
7081,"2024-10-02",咨询,"0100",6
7082,"2024-10-02",投诉,"0200",27
7083,"2024-10-02",意见建议,"0300",9
7084,"2024-10-02",求助,"0400",153
7085,"2024-10-02",表扬,"0500",121
7086,"2024-10-02",举报,"0600",150
7087,"2024-10-02",无效,"0700",107
7088,"2024-10-02",其他,"9999",394
7089,"2024-10-03",咨询,"0100",43
7090,"2024-10-03",投诉,"0200",32
7091,"2024-10-03",意见建议,"0300",5
7092,"2024-10-03",求助,"0400",34
7093,"2024-10-03",表扬,"0500",18
7094,"2024-10-03",举报,"0600",84
7095,"2024-10-03",无效,"0700",88
7096,"2024-10-03",其他,"9999",142
7097,"2024-10-04",咨询,"0100",10
7098,"2024-10-04",投诉,"0200",114
7099,"2024-10-04",意见建议,"0300",107
7100,"2024-10-04",求助,"0400",82
7101,"2024-10-04",表扬,"0500",55
7102,"2024-10-04",举报,"0600",138
7103,"2024-10-04",无效,"0700",82
7104,"2024-10-04",其他,"9999",249
7105,"2024-10-05",咨询,"0100",12
7106,"2024-10-05",投诉,"0200",5
7107,"2024-10-05",意见建议,"0300",32
7108,"2024-10-05",求助,"0400",61
7109,"2024-10-05",表扬,"0500",17
7110,"2024-10-05",举报,"0600",111
7111,"2024-10-05",无效,"0700",85
7112,"2024-10-05",其他,"9999",218
7113,"2024-10-06",咨询,"0100",32
7114,"2024-10-06",投诉,"0200",49
7115,"2024-10-06",意见建议,"0300",45
7116,"2024-10-06",求助,"0400",32
7117,"2024-10-06",表扬,"0500",47
7118,"2024-10-06",举报,"0600",66
7119,"2024-10-06",无效,"0700",61
7120,"2024-10-06",其他,"9999",101
7121,"2024-10-07",咨询,"0100",45
7122,"2024-10-07",投诉,"0200",72
7123,"2024-10-07",意见建议,"0300",63
7124,"2024-10-07",求助,"0400",66
7125,"2024-10-07",表扬,"0500",82
7126,"2024-10-07",举报,"0600",78
7127,"2024-10-07",无效,"0700",28
7128,"2024-10-07",其他,"9999",176
7129,"2024-10-08",咨询,"0100",13
7130,"2024-10-08",投诉,"0200",33
7131,"2024-10-08",意见建议,"0300",69
7132,"2024-10-08",求助,"0400",51
7133,"2024-10-08",表扬,"0500",100
7134,"2024-10-08",举报,"0600",150
7135,"2024-10-08",无效,"0700",133
7136,"2024-10-08",其他,"9999",304
7137,"2024-10-09",咨询,"0100",64
7138,"2024-10-09",投诉,"0200",42
7139,"2024-10-09",意见建议,"0300",25
7140,"2024-10-09",求助,"0400",41
7141,"2024-10-09",表扬,"0500",82
7142,"2024-10-09",举报,"0600",13
7143,"2024-10-09",无效,"0700",83
7144,"2024-10-09",其他,"9999",301
7145,"2024-10-10",咨询,"0100",12
7146,"2024-10-10",投诉,"0200",98
7147,"2024-10-10",意见建议,"0300",18
7148,"2024-10-10",求助,"0400",72
7149,"2024-10-10",表扬,"0500",89
7150,"2024-10-10",举报,"0600",31
7151,"2024-10-10",无效,"0700",167
7152,"2024-10-10",其他,"9999",455
7153,"2024-10-11",咨询,"0100",35
7154,"2024-10-11",投诉,"0200",26
7155,"2024-10-11",意见建议,"0300",44
7156,"2024-10-11",求助,"0400",47
7157,"2024-10-11",表扬,"0500",25
7158,"2024-10-11",举报,"0600",49
7159,"2024-10-11",无效,"0700",73
7160,"2024-10-11",其他,"9999",100
7161,"2024-10-12",咨询,"0100",17
7162,"2024-10-12",投诉,"0200",22
7163,"2024-10-12",意见建议,"0300",29
7164,"2024-10-12",求助,"0400",32
7165,"2024-10-12",表扬,"0500",41
7166,"2024-10-12",举报,"0600",42
7167,"2024-10-12",无效,"0700",34
7168,"2024-10-12",其他,"9999",87
7169,"2024-10-13",咨询,"0100",39
7170,"2024-10-13",投诉,"0200",50
7171,"2024-10-13",意见建议,"0300",80
7172,"2024-10-13",求助,"0400",80
7173,"2024-10-13",表扬,"0500",78
7174,"2024-10-13",举报,"0600",73
7175,"2024-10-13",无效,"0700",58
7176,"2024-10-13",其他,"9999",165
7177,"2024-10-14",咨询,"0100",69
7178,"2024-10-14",投诉,"0200",67
7179,"2024-10-14",意见建议,"0300",32
7180,"2024-10-14",求助,"0400",28
7181,"2024-10-14",表扬,"0500",74
7182,"2024-10-14",举报,"0600",43
7183,"2024-10-14",无效,"0700",242
7184,"2024-10-14",其他,"9999",421
7185,"2024-10-15",咨询,"0100",32
7186,"2024-10-15",投诉,"0200",38
7187,"2024-10-15",意见建议,"0300",45
7188,"2024-10-15",求助,"0400",54
7189,"2024-10-15",表扬,"0500",63
7190,"2024-10-15",举报,"0600",86
7191,"2024-10-15",无效,"0700",102
7192,"2024-10-15",其他,"9999",140
7193,"2024-10-16",咨询,"0100",29
7194,"2024-10-16",投诉,"0200",7
7195,"2024-10-16",意见建议,"0300",57
7196,"2024-10-16",求助,"0400",14
7197,"2024-10-16",表扬,"0500",19
7198,"2024-10-16",举报,"0600",97
7199,"2024-10-16",无效,"0700",91
7200,"2024-10-16",其他,"9999",128
7201,"2024-10-17",咨询,"0100",24
7202,"2024-10-17",投诉,"0200",51
7203,"2024-10-17",意见建议,"0300",38
7204,"2024-10-17",求助,"0400",6
7205,"2024-10-17",表扬,"0500",80
7206,"2024-10-17",举报,"0600",26
7207,"2024-10-17",无效,"0700",55
7208,"2024-10-17",其他,"9999",657
7209,"2024-10-18",咨询,"0100",69
7210,"2024-10-18",投诉,"0200",31
7211,"2024-10-18",意见建议,"0300",22
7212,"2024-10-18",求助,"0400",91
7213,"2024-10-18",表扬,"0500",41
7214,"2024-10-18",举报,"0600",119
7215,"2024-10-18",无效,"0700",40
7216,"2024-10-18",其他,"9999",237
7217,"2024-10-19",咨询,"0100",48
7218,"2024-10-19",投诉,"0200",78
7219,"2024-10-19",意见建议,"0300",48
7220,"2024-10-19",求助,"0400",106
7221,"2024-10-19",表扬,"0500",81
7222,"2024-10-19",举报,"0600",57
7223,"2024-10-19",无效,"0700",83
7224,"2024-10-19",其他,"9999",259
7225,"2024-10-20",咨询,"0100",13
7226,"2024-10-20",投诉,"0200",86
7227,"2024-10-20",意见建议,"0300",5
7228,"2024-10-20",求助,"0400",99
7229,"2024-10-20",表扬,"0500",63
7230,"2024-10-20",举报,"0600",104
7231,"2024-10-20",无效,"0700",84
7232,"2024-10-20",其他,"9999",250
7233,"2024-10-21",咨询,"0100",57
7234,"2024-10-21",投诉,"0200",12
7235,"2024-10-21",意见建议,"0300",24
7236,"2024-10-21",求助,"0400",65
7237,"2024-10-21",表扬,"0500",31
7238,"2024-10-21",举报,"0600",12
7239,"2024-10-21",无效,"0700",59
7240,"2024-10-21",其他,"9999",294
7241,"2024-10-22",咨询,"0100",58
7242,"2024-10-22",投诉,"0200",19
7243,"2024-10-22",意见建议,"0300",15
7244,"2024-10-22",求助,"0400",56
7245,"2024-10-22",表扬,"0500",88
7246,"2024-10-22",举报,"0600",32
7247,"2024-10-22",无效,"0700",78
7248,"2024-10-22",其他,"9999",263
7249,"2024-10-23",咨询,"0100",12
7250,"2024-10-23",投诉,"0200",25
7251,"2024-10-23",意见建议,"0300",41
7252,"2024-10-23",求助,"0400",27
7253,"2024-10-23",表扬,"0500",21
7254,"2024-10-23",举报,"0600",33
7255,"2024-10-23",无效,"0700",115
7256,"2024-10-23",其他,"9999",121
7257,"2024-10-24",咨询,"0100",56
7258,"2024-10-24",投诉,"0200",69
7259,"2024-10-24",意见建议,"0300",84
7260,"2024-10-24",求助,"0400",32
7261,"2024-10-24",表扬,"0500",42
7262,"2024-10-24",举报,"0600",96
7263,"2024-10-24",无效,"0700",74
7264,"2024-10-24",其他,"9999",183
7265,"2024-10-25",咨询,"0100",26
7266,"2024-10-25",投诉,"0200",88
7267,"2024-10-25",意见建议,"0300",61
7268,"2024-10-25",求助,"0400",127
7269,"2024-10-25",表扬,"0500",88
7270,"2024-10-25",举报,"0600",42
7271,"2024-10-25",无效,"0700",222
7272,"2024-10-25",其他,"9999",274
7273,"2024-10-26",咨询,"0100",8
7274,"2024-10-26",投诉,"0200",27
7275,"2024-10-26",意见建议,"0300",22
7276,"2024-10-26",求助,"0400",79
7277,"2024-10-26",表扬,"0500",17
7278,"2024-10-26",举报,"0600",5
7279,"2024-10-26",无效,"0700",15
7280,"2024-10-26",其他,"9999",473
7281,"2024-10-27",咨询,"0100",41
7282,"2024-10-27",投诉,"0200",86
7283,"2024-10-27",意见建议,"0300",82
7284,"2024-10-27",求助,"0400",34
7285,"2024-10-27",表扬,"0500",55
7286,"2024-10-27",举报,"0600",68
7287,"2024-10-27",无效,"0700",172
7288,"2024-10-27",其他,"9999",180
7289,"2024-10-28",咨询,"0100",12
7290,"2024-10-28",投诉,"0200",12
7291,"2024-10-28",意见建议,"0300",50
7292,"2024-10-28",求助,"0400",25
7293,"2024-10-28",表扬,"0500",55
7294,"2024-10-28",举报,"0600",30
7295,"2024-10-28",无效,"0700",138
7296,"2024-10-28",其他,"9999",253
7297,"2024-10-29",咨询,"0100",29
7298,"2024-10-29",投诉,"0200",21
7299,"2024-10-29",意见建议,"0300",28
7300,"2024-10-29",求助,"0400",45
7301,"2024-10-29",表扬,"0500",13
7302,"2024-10-29",举报,"0600",97
7303,"2024-10-29",无效,"0700",112
7304,"2024-10-29",其他,"9999",172
7305,"2024-10-30",咨询,"0100",35
7306,"2024-10-30",投诉,"0200",57
7307,"2024-10-30",意见建议,"0300",54
7308,"2024-10-30",求助,"0400",108
7309,"2024-10-30",表扬,"0500",19
7310,"2024-10-30",举报,"0600",84
7311,"2024-10-30",无效,"0700",75
7312,"2024-10-30",其他,"9999",301
7313,"2024-10-31",咨询,"0100",42
7314,"2024-10-31",投诉,"0200",16
7315,"2024-10-31",意见建议,"0300",64
7316,"2024-10-31",求助,"0400",33
7317,"2024-10-31",表扬,"0500",7
7318,"2024-10-31",举报,"0600",58
7319,"2024-10-31",无效,"0700",48
7320,"2024-10-31",其他,"9999",198
7321,"2024-11-01",咨询,"0100",11
7322,"2024-11-01",投诉,"0200",30
7323,"2024-11-01",意见建议,"0300",12
7324,"2024-11-01",求助,"0400",55
7325,"2024-11-01",表扬,"0500",18
7326,"2024-11-01",举报,"0600",30
7327,"2024-11-01",无效,"0700",57
7328,"2024-11-01",其他,"9999",125
7329,"2024-11-02",咨询,"0100",16
7330,"2024-11-02",投诉,"0200",9
7331,"2024-11-02",意见建议,"0300",11
7332,"2024-11-02",求助,"0400",80
7333,"2024-11-02",表扬,"0500",5
7334,"2024-11-02",举报,"0600",109
7335,"2024-11-02",无效,"0700",5
7336,"2024-11-02",其他,"9999",266
7337,"2024-11-03",咨询,"0100",46
7338,"2024-11-03",投诉,"0200",6
7339,"2024-11-03",意见建议,"0300",28
7340,"2024-11-03",求助,"0400",60
7341,"2024-11-03",表扬,"0500",80
7342,"2024-11-03",举报,"0600",66
7343,"2024-11-03",无效,"0700",18
7344,"2024-11-03",其他,"9999",158
7345,"2024-11-04",咨询,"0100",71
7346,"2024-11-04",投诉,"0200",69
7347,"2024-11-04",意见建议,"0300",67
7348,"2024-11-04",求助,"0400",70
7349,"2024-11-04",表扬,"0500",27
7350,"2024-11-04",举报,"0600",52
7351,"2024-11-04",无效,"0700",120
7352,"2024-11-04",其他,"9999",124
7353,"2024-11-05",咨询,"0100",20
7354,"2024-11-05",投诉,"0200",26
7355,"2024-11-05",意见建议,"0300",64
7356,"2024-11-05",求助,"0400",103
7357,"2024-11-05",表扬,"0500",90
7358,"2024-11-05",举报,"0600",55
7359,"2024-11-05",无效,"0700",50
7360,"2024-11-05",其他,"9999",305
7361,"2024-11-06",咨询,"0100",103
7362,"2024-11-06",投诉,"0200",74
7363,"2024-11-06",意见建议,"0300",48
7364,"2024-11-06",求助,"0400",32
7365,"2024-11-06",表扬,"0500",37
7366,"2024-11-06",举报,"0600",176
7367,"2024-11-06",无效,"0700",172
7368,"2024-11-06",其他,"9999",230
7369,"2024-11-07",咨询,"0100",51
7370,"2024-11-07",投诉,"0200",10
7371,"2024-11-07",意见建议,"0300",45
7372,"2024-11-07",求助,"0400",21
7373,"2024-11-07",表扬,"0500",64
7374,"2024-11-07",举报,"0600",24
7375,"2024-11-07",无效,"0700",23
7376,"2024-11-07",其他,"9999",171
7377,"2024-11-08",咨询,"0100",49
7378,"2024-11-08",投诉,"0200",26
7379,"2024-11-08",意见建议,"0300",40
7380,"2024-11-08",求助,"0400",20
7381,"2024-11-08",表扬,"0500",23
7382,"2024-11-08",举报,"0600",111
7383,"2024-11-08",无效,"0700",219
7384,"2024-11-08",其他,"9999",233
7385,"2024-11-09",咨询,"0100",40
7386,"2024-11-09",投诉,"0200",10
7387,"2024-11-09",意见建议,"0300",30
7388,"2024-11-09",求助,"0400",28
7389,"2024-11-09",表扬,"0500",29
7390,"2024-11-09",举报,"0600",64
7391,"2024-11-09",无效,"0700",13
7392,"2024-11-09",其他,"9999",223
7393,"2024-11-10",咨询,"0100",8
7394,"2024-11-10",投诉,"0200",26
7395,"2024-11-10",意见建议,"0300",70
7396,"2024-11-10",求助,"0400",55
7397,"2024-11-10",表扬,"0500",66
7398,"2024-11-10",举报,"0600",45
7399,"2024-11-10",无效,"0700",102
7400,"2024-11-10",其他,"9999",119
7401,"2024-11-11",咨询,"0100",45
7402,"2024-11-11",投诉,"0200",82
7403,"2024-11-11",意见建议,"0300",32
7404,"2024-11-11",求助,"0400",101
7405,"2024-11-11",表扬,"0500",81
7406,"2024-11-11",举报,"0600",105
7407,"2024-11-11",无效,"0700",55
7408,"2024-11-11",其他,"9999",284
7409,"2024-11-12",咨询,"0100",56
7410,"2024-11-12",投诉,"0200",8
7411,"2024-11-12",意见建议,"0300",63
7412,"2024-11-12",求助,"0400",115
7413,"2024-11-12",表扬,"0500",141
7414,"2024-11-12",举报,"0600",10
7415,"2024-11-12",无效,"0700",53
7416,"2024-11-12",其他,"9999",383
7417,"2024-11-13",咨询,"0100",81
7418,"2024-11-13",投诉,"0200",118
7419,"2024-11-13",意见建议,"0300",108
7420,"2024-11-13",求助,"0400",54
7421,"2024-11-13",表扬,"0500",147
7422,"2024-11-13",举报,"0600",94
7423,"2024-11-13",无效,"0700",21
7424,"2024-11-13",其他,"9999",337
7425,"2024-11-14",咨询,"0100",23
7426,"2024-11-14",投诉,"0200",24
7427,"2024-11-14",意见建议,"0300",76
7428,"2024-11-14",求助,"0400",42
7429,"2024-11-14",表扬,"0500",164
7430,"2024-11-14",举报,"0600",158
7431,"2024-11-14",无效,"0700",21
7432,"2024-11-14",其他,"9999",411
7433,"2024-11-15",咨询,"0100",62
7434,"2024-11-15",投诉,"0200",33
7435,"2024-11-15",意见建议,"0300",17
7436,"2024-11-15",求助,"0400",37
7437,"2024-11-15",表扬,"0500",13
7438,"2024-11-15",举报,"0600",48
7439,"2024-11-15",无效,"0700",42
7440,"2024-11-15",其他,"9999",249
7441,"2024-11-16",咨询,"0100",96
7442,"2024-11-16",投诉,"0200",52
7443,"2024-11-16",意见建议,"0300",101
7444,"2024-11-16",求助,"0400",61
7445,"2024-11-16",表扬,"0500",105
7446,"2024-11-16",举报,"0600",52
7447,"2024-11-16",无效,"0700",98
7448,"2024-11-16",其他,"9999",280
7449,"2024-11-17",咨询,"0100",50
7450,"2024-11-17",投诉,"0200",46
7451,"2024-11-17",意见建议,"0300",9
7452,"2024-11-17",求助,"0400",62
7453,"2024-11-17",表扬,"0500",26
7454,"2024-11-17",举报,"0600",35
7455,"2024-11-17",无效,"0700",18
7456,"2024-11-17",其他,"9999",267
7457,"2024-11-18",咨询,"0100",89
7458,"2024-11-18",投诉,"0200",36
7459,"2024-11-18",意见建议,"0300",66
7460,"2024-11-18",求助,"0400",126
7461,"2024-11-18",表扬,"0500",38
7462,"2024-11-18",举报,"0600",167
7463,"2024-11-18",无效,"0700",81
7464,"2024-11-18",其他,"9999",374
7465,"2024-11-19",咨询,"0100",98
7466,"2024-11-19",投诉,"0200",54
7467,"2024-11-19",意见建议,"0300",53
7468,"2024-11-19",求助,"0400",15
7469,"2024-11-19",表扬,"0500",145
7470,"2024-11-19",举报,"0600",193
7471,"2024-11-19",无效,"0700",128
7472,"2024-11-19",其他,"9999",269
7473,"2024-11-20",咨询,"0100",47
7474,"2024-11-20",投诉,"0200",12
7475,"2024-11-20",意见建议,"0300",102
7476,"2024-11-20",求助,"0400",114
7477,"2024-11-20",表扬,"0500",18
7478,"2024-11-20",举报,"0600",56
7479,"2024-11-20",无效,"0700",177
7480,"2024-11-20",其他,"9999",211
7481,"2024-11-21",咨询,"0100",114
7482,"2024-11-21",投诉,"0200",5
7483,"2024-11-21",意见建议,"0300",61
7484,"2024-11-21",求助,"0400",97
7485,"2024-11-21",表扬,"0500",30
7486,"2024-11-21",举报,"0600",99
7487,"2024-11-21",无效,"0700",146
7488,"2024-11-21",其他,"9999",407
7489,"2024-11-22",咨询,"0100",100
7490,"2024-11-22",投诉,"0200",49
7491,"2024-11-22",意见建议,"0300",80
7492,"2024-11-22",求助,"0400",57
7493,"2024-11-22",表扬,"0500",163
7494,"2024-11-22",举报,"0600",81
7495,"2024-11-22",无效,"0700",207
7496,"2024-11-22",其他,"9999",231
7497,"2024-11-23",咨询,"0100",74
7498,"2024-11-23",投诉,"0200",75
7499,"2024-11-23",意见建议,"0300",80
7500,"2024-11-23",求助,"0400",49
7501,"2024-11-23",表扬,"0500",56
7502,"2024-11-23",举报,"0600",133
7503,"2024-11-23",无效,"0700",70
7504,"2024-11-23",其他,"9999",227
7505,"2024-11-24",咨询,"0100",38
7506,"2024-11-24",投诉,"0200",12
7507,"2024-11-24",意见建议,"0300",27
7508,"2024-11-24",求助,"0400",48
7509,"2024-11-24",表扬,"0500",43
7510,"2024-11-24",举报,"0600",49
7511,"2024-11-24",无效,"0700",19
7512,"2024-11-24",其他,"9999",102
7513,"2024-11-25",咨询,"0100",65
7514,"2024-11-25",投诉,"0200",28
7515,"2024-11-25",意见建议,"0300",103
7516,"2024-11-25",求助,"0400",48
7517,"2024-11-25",表扬,"0500",109
7518,"2024-11-25",举报,"0600",86
7519,"2024-11-25",无效,"0700",86
7520,"2024-11-25",其他,"9999",273
7521,"2024-11-26",咨询,"0100",13
7522,"2024-11-26",投诉,"0200",65
7523,"2024-11-26",意见建议,"0300",18
7524,"2024-11-26",求助,"0400",68
7525,"2024-11-26",表扬,"0500",49
7526,"2024-11-26",举报,"0600",11
7527,"2024-11-26",无效,"0700",48
7528,"2024-11-26",其他,"9999",248
7529,"2024-11-27",咨询,"0100",33
7530,"2024-11-27",投诉,"0200",62
7531,"2024-11-27",意见建议,"0300",101
7532,"2024-11-27",求助,"0400",75
7533,"2024-11-27",表扬,"0500",20
7534,"2024-11-27",举报,"0600",107
7535,"2024-11-27",无效,"0700",26
7536,"2024-11-27",其他,"9999",279
7537,"2024-11-28",咨询,"0100",45
7538,"2024-11-28",投诉,"0200",6
7539,"2024-11-28",意见建议,"0300",5
7540,"2024-11-28",求助,"0400",21
7541,"2024-11-28",表扬,"0500",56
7542,"2024-11-28",举报,"0600",19
7543,"2024-11-28",无效,"0700",67
7544,"2024-11-28",其他,"9999",176
7545,"2024-11-29",咨询,"0100",87
7546,"2024-11-29",投诉,"0200",56
7547,"2024-11-29",意见建议,"0300",27
7548,"2024-11-29",求助,"0400",62
7549,"2024-11-29",表扬,"0500",43
7550,"2024-11-29",举报,"0600",38
7551,"2024-11-29",无效,"0700",177
7552,"2024-11-29",其他,"9999",219
7553,"2024-11-30",咨询,"0100",16
7554,"2024-11-30",投诉,"0200",25
7555,"2024-11-30",意见建议,"0300",33
7556,"2024-11-30",求助,"0400",7
7557,"2024-11-30",表扬,"0500",61
7558,"2024-11-30",举报,"0600",20
7559,"2024-11-30",无效,"0700",27
7560,"2024-11-30",其他,"9999",172
7561,"2024-12-01",咨询,"0100",48
7562,"2024-12-01",投诉,"0200",64
7563,"2024-12-01",意见建议,"0300",88
7564,"2024-12-01",求助,"0400",85
7565,"2024-12-01",表扬,"0500",9
7566,"2024-12-01",举报,"0600",66
7567,"2024-12-01",无效,"0700",41
7568,"2024-12-01",其他,"9999",386
7569,"2024-12-02",咨询,"0100",43
7570,"2024-12-02",投诉,"0200",6
7571,"2024-12-02",意见建议,"0300",43
7572,"2024-12-02",求助,"0400",55
7573,"2024-12-02",表扬,"0500",27
7574,"2024-12-02",举报,"0600",21
7575,"2024-12-02",无效,"0700",68
7576,"2024-12-02",其他,"9999",137
7577,"2024-12-03",咨询,"0100",61
7578,"2024-12-03",投诉,"0200",20
7579,"2024-12-03",意见建议,"0300",50
7580,"2024-12-03",求助,"0400",11
7581,"2024-12-03",表扬,"0500",38
7582,"2024-12-03",举报,"0600",94
7583,"2024-12-03",无效,"0700",79
7584,"2024-12-03",其他,"9999",228
7585,"2024-12-04",咨询,"0100",39
7586,"2024-12-04",投诉,"0200",36
7587,"2024-12-04",意见建议,"0300",43
7588,"2024-12-04",求助,"0400",132
7589,"2024-12-04",表扬,"0500",72
7590,"2024-12-04",举报,"0600",90
7591,"2024-12-04",无效,"0700",180
7592,"2024-12-04",其他,"9999",271
7593,"2024-12-05",咨询,"0100",30
7594,"2024-12-05",投诉,"0200",46
7595,"2024-12-05",意见建议,"0300",37
7596,"2024-12-05",求助,"0400",24
7597,"2024-12-05",表扬,"0500",61
7598,"2024-12-05",举报,"0600",28
7599,"2024-12-05",无效,"0700",26
7600,"2024-12-05",其他,"9999",192
7601,"2024-12-06",咨询,"0100",71
7602,"2024-12-06",投诉,"0200",23
7603,"2024-12-06",意见建议,"0300",105
7604,"2024-12-06",求助,"0400",62
7605,"2024-12-06",表扬,"0500",21
7606,"2024-12-06",举报,"0600",28
7607,"2024-12-06",无效,"0700",140
7608,"2024-12-06",其他,"9999",316
7609,"2024-12-07",咨询,"0100",23
7610,"2024-12-07",投诉,"0200",36
7611,"2024-12-07",意见建议,"0300",30
7612,"2024-12-07",求助,"0400",15
7613,"2024-12-07",表扬,"0500",108
7614,"2024-12-07",举报,"0600",63
7615,"2024-12-07",无效,"0700",77
7616,"2024-12-07",其他,"9999",389
7617,"2024-12-08",咨询,"0100",46
7618,"2024-12-08",投诉,"0200",57
7619,"2024-12-08",意见建议,"0300",75
7620,"2024-12-08",求助,"0400",8
7621,"2024-12-08",表扬,"0500",20
7622,"2024-12-08",举报,"0600",116
7623,"2024-12-08",无效,"0700",30
7624,"2024-12-08",其他,"9999",339
7625,"2024-12-09",咨询,"0100",7
7626,"2024-12-09",投诉,"0200",33
7627,"2024-12-09",意见建议,"0300",115
7628,"2024-12-09",求助,"0400",61
7629,"2024-12-09",表扬,"0500",57
7630,"2024-12-09",举报,"0600",136
7631,"2024-12-09",无效,"0700",85
7632,"2024-12-09",其他,"9999",344
7633,"2024-12-10",咨询,"0100",79
7634,"2024-12-10",投诉,"0200",106
7635,"2024-12-10",意见建议,"0300",15
7636,"2024-12-10",求助,"0400",26
7637,"2024-12-10",表扬,"0500",11
7638,"2024-12-10",举报,"0600",135
7639,"2024-12-10",无效,"0700",8
7640,"2024-12-10",其他,"9999",492
7641,"2024-12-11",咨询,"0100",56
7642,"2024-12-11",投诉,"0200",40
7643,"2024-12-11",意见建议,"0300",5
7644,"2024-12-11",求助,"0400",53
7645,"2024-12-11",表扬,"0500",31
7646,"2024-12-11",举报,"0600",47
7647,"2024-12-11",无效,"0700",132
7648,"2024-12-11",其他,"9999",139
7649,"2024-12-12",咨询,"0100",84
7650,"2024-12-12",投诉,"0200",31
7651,"2024-12-12",意见建议,"0300",38
7652,"2024-12-12",求助,"0400",37
7653,"2024-12-12",表扬,"0500",38
7654,"2024-12-12",举报,"0600",65
7655,"2024-12-12",无效,"0700",166
7656,"2024-12-12",其他,"9999",231
7657,"2024-12-13",咨询,"0100",53
7658,"2024-12-13",投诉,"0200",69
7659,"2024-12-13",意见建议,"0300",65
7660,"2024-12-13",求助,"0400",46
7661,"2024-12-13",表扬,"0500",31
7662,"2024-12-13",举报,"0600",6
7663,"2024-12-13",无效,"0700",109
7664,"2024-12-13",其他,"9999",266
7665,"2024-12-14",咨询,"0100",34
7666,"2024-12-14",投诉,"0200",35
7667,"2024-12-14",意见建议,"0300",130
7668,"2024-12-14",求助,"0400",146
7669,"2024-12-14",表扬,"0500",73
7670,"2024-12-14",举报,"0600",134
7671,"2024-12-14",无效,"0700",14
7672,"2024-12-14",其他,"9999",375
7673,"2024-12-15",咨询,"0100",57
7674,"2024-12-15",投诉,"0200",88
7675,"2024-12-15",意见建议,"0300",39
7676,"2024-12-15",求助,"0400",71
7677,"2024-12-15",表扬,"0500",78
7678,"2024-12-15",举报,"0600",89
7679,"2024-12-15",无效,"0700",41
7680,"2024-12-15",其他,"9999",293
7681,"2024-12-16",咨询,"0100",43
7682,"2024-12-16",投诉,"0200",8
7683,"2024-12-16",意见建议,"0300",16
7684,"2024-12-16",求助,"0400",29
7685,"2024-12-16",表扬,"0500",26
7686,"2024-12-16",举报,"0600",5
7687,"2024-12-16",无效,"0700",85
7688,"2024-12-16",其他,"9999",194
7689,"2024-12-17",咨询,"0100",53
7690,"2024-12-17",投诉,"0200",29
7691,"2024-12-17",意见建议,"0300",52
7692,"2024-12-17",求助,"0400",17
7693,"2024-12-17",表扬,"0500",30
7694,"2024-12-17",举报,"0600",52
7695,"2024-12-17",无效,"0700",76
7696,"2024-12-17",其他,"9999",669
7697,"2024-12-18",咨询,"0100",27
7698,"2024-12-18",投诉,"0200",23
7699,"2024-12-18",意见建议,"0300",8
7700,"2024-12-18",求助,"0400",14
7701,"2024-12-18",表扬,"0500",55
7702,"2024-12-18",举报,"0600",77
7703,"2024-12-18",无效,"0700",45
7704,"2024-12-18",其他,"9999",236
7705,"2024-12-19",咨询,"0100",8
7706,"2024-12-19",投诉,"0200",93
7707,"2024-12-19",意见建议,"0300",60
7708,"2024-12-19",求助,"0400",39
7709,"2024-12-19",表扬,"0500",108
7710,"2024-12-19",举报,"0600",76
7711,"2024-12-19",无效,"0700",108
7712,"2024-12-19",其他,"9999",216
7713,"2024-12-20",咨询,"0100",28
7714,"2024-12-20",投诉,"0200",65
7715,"2024-12-20",意见建议,"0300",52
7716,"2024-12-20",求助,"0400",40
7717,"2024-12-20",表扬,"0500",13
7718,"2024-12-20",举报,"0600",40
7719,"2024-12-20",无效,"0700",81
7720,"2024-12-20",其他,"9999",183
7721,"2024-12-21",咨询,"0100",100
7722,"2024-12-21",投诉,"0200",63
7723,"2024-12-21",意见建议,"0300",14
7724,"2024-12-21",求助,"0400",8
7725,"2024-12-21",表扬,"0500",139
7726,"2024-12-21",举报,"0600",115
7727,"2024-12-21",无效,"0700",156
7728,"2024-12-21",其他,"9999",221
7729,"2024-12-22",咨询,"0100",43
7730,"2024-12-22",投诉,"0200",21
7731,"2024-12-22",意见建议,"0300",66
7732,"2024-12-22",求助,"0400",95
7733,"2024-12-22",表扬,"0500",46
7734,"2024-12-22",举报,"0600",81
7735,"2024-12-22",无效,"0700",27
7736,"2024-12-22",其他,"9999",252
7737,"2024-12-23",咨询,"0100",47
7738,"2024-12-23",投诉,"0200",58
7739,"2024-12-23",意见建议,"0300",31
7740,"2024-12-23",求助,"0400",8
7741,"2024-12-23",表扬,"0500",9
7742,"2024-12-23",举报,"0600",13
7743,"2024-12-23",无效,"0700",287
7744,"2024-12-23",其他,"9999",305
7745,"2024-12-24",咨询,"0100",39
7746,"2024-12-24",投诉,"0200",66
7747,"2024-12-24",意见建议,"0300",26
7748,"2024-12-24",求助,"0400",35
7749,"2024-12-24",表扬,"0500",68
7750,"2024-12-24",举报,"0600",6
7751,"2024-12-24",无效,"0700",113
7752,"2024-12-24",其他,"9999",152
7753,"2024-12-25",咨询,"0100",21
7754,"2024-12-25",投诉,"0200",22
7755,"2024-12-25",意见建议,"0300",41
7756,"2024-12-25",求助,"0400",33
7757,"2024-12-25",表扬,"0500",65
7758,"2024-12-25",举报,"0600",33
7759,"2024-12-25",无效,"0700",58
7760,"2024-12-25",其他,"9999",106
7761,"2024-12-26",咨询,"0100",43
7762,"2024-12-26",投诉,"0200",15
7763,"2024-12-26",意见建议,"0300",58
7764,"2024-12-26",求助,"0400",18
7765,"2024-12-26",表扬,"0500",10
7766,"2024-12-26",举报,"0600",90
7767,"2024-12-26",无效,"0700",116
7768,"2024-12-26",其他,"9999",226
7769,"2024-12-27",咨询,"0100",67
7770,"2024-12-27",投诉,"0200",11
7771,"2024-12-27",意见建议,"0300",43
7772,"2024-12-27",求助,"0400",60
7773,"2024-12-27",表扬,"0500",39
7774,"2024-12-27",举报,"0600",15
7775,"2024-12-27",无效,"0700",140
7776,"2024-12-27",其他,"9999",236
7777,"2024-12-28",咨询,"0100",8
7778,"2024-12-28",投诉,"0200",27
7779,"2024-12-28",意见建议,"0300",44
7780,"2024-12-28",求助,"0400",16
7781,"2024-12-28",表扬,"0500",147
7782,"2024-12-28",举报,"0600",107
7783,"2024-12-28",无效,"0700",11
7784,"2024-12-28",其他,"9999",502
7785,"2024-12-29",咨询,"0100",10
7786,"2024-12-29",投诉,"0200",36
7787,"2024-12-29",意见建议,"0300",55
7788,"2024-12-29",求助,"0400",49
7789,"2024-12-29",表扬,"0500",12
7790,"2024-12-29",举报,"0600",72
7791,"2024-12-29",无效,"0700",70
7792,"2024-12-29",其他,"9999",76
7793,"2024-12-30",咨询,"0100",10
7794,"2024-12-30",投诉,"0200",35
7795,"2024-12-30",意见建议,"0300",45
7796,"2024-12-30",求助,"0400",48
7797,"2024-12-30",表扬,"0500",53
7798,"2024-12-30",举报,"0600",89
7799,"2024-12-30",无效,"0700",32
7800,"2024-12-30",其他,"9999",275
7801,"2024-12-31",咨询,"0100",43
7802,"2024-12-31",投诉,"0200",46
7803,"2024-12-31",意见建议,"0300",39
7804,"2024-12-31",求助,"0400",43
7805,"2024-12-31",表扬,"0500",46
7806,"2024-12-31",举报,"0600",7
7807,"2024-12-31",无效,"0700",26
7808,"2024-12-31",其他,"9999",188
7809,"2025-01-01",咨询,"0100",55
7810,"2025-01-01",投诉,"0200",42
7811,"2025-01-01",意见建议,"0300",29
7812,"2025-01-01",求助,"0400",78
7813,"2025-01-01",表扬,"0500",52
7814,"2025-01-01",举报,"0600",7
7815,"2025-01-01",无效,"0700",61
7816,"2025-01-01",其他,"9999",412
7817,"2025-01-02",咨询,"0100",117
7818,"2025-01-02",投诉,"0200",59
7819,"2025-01-02",意见建议,"0300",76
7820,"2025-01-02",求助,"0400",53
7821,"2025-01-02",表扬,"0500",99
7822,"2025-01-02",举报,"0600",58
7823,"2025-01-02",无效,"0700",91
7824,"2025-01-02",其他,"9999",407
7825,"2025-01-03",咨询,"0100",29
7826,"2025-01-03",投诉,"0200",44
7827,"2025-01-03",意见建议,"0300",26
7828,"2025-01-03",求助,"0400",26
7829,"2025-01-03",表扬,"0500",78
7830,"2025-01-03",举报,"0600",75
7831,"2025-01-03",无效,"0700",38
7832,"2025-01-03",其他,"9999",124
7833,"2025-01-04",咨询,"0100",115
7834,"2025-01-04",投诉,"0200",99
7835,"2025-01-04",意见建议,"0300",30
7836,"2025-01-04",求助,"0400",83
7837,"2025-01-04",表扬,"0500",31
7838,"2025-01-04",举报,"0600",154
7839,"2025-01-04",无效,"0700",144
7840,"2025-01-04",其他,"9999",273
7841,"2025-01-05",咨询,"0100",32
7842,"2025-01-05",投诉,"0200",39
7843,"2025-01-05",意见建议,"0300",41
7844,"2025-01-05",求助,"0400",94
7845,"2025-01-05",表扬,"0500",119
7846,"2025-01-05",举报,"0600",86
7847,"2025-01-05",无效,"0700",101
7848,"2025-01-05",其他,"9999",171
7849,"2025-01-06",咨询,"0100",11
7850,"2025-01-06",投诉,"0200",10
7851,"2025-01-06",意见建议,"0300",55
7852,"2025-01-06",求助,"0400",41
7853,"2025-01-06",表扬,"0500",57
7854,"2025-01-06",举报,"0600",87
7855,"2025-01-06",无效,"0700",77
7856,"2025-01-06",其他,"9999",116
7857,"2025-01-07",咨询,"0100",19
7858,"2025-01-07",投诉,"0200",37
7859,"2025-01-07",意见建议,"0300",24
7860,"2025-01-07",求助,"0400",56
7861,"2025-01-07",表扬,"0500",45
7862,"2025-01-07",举报,"0600",12
7863,"2025-01-07",无效,"0700",377
7864,"2025-01-07",其他,"9999",426
7865,"2025-01-08",咨询,"0100",67
7866,"2025-01-08",投诉,"0200",12
7867,"2025-01-08",意见建议,"0300",15
7868,"2025-01-08",求助,"0400",69
7869,"2025-01-08",表扬,"0500",52
7870,"2025-01-08",举报,"0600",91
7871,"2025-01-08",无效,"0700",101
7872,"2025-01-08",其他,"9999",169
7873,"2025-01-09",咨询,"0100",51
7874,"2025-01-09",投诉,"0200",50
7875,"2025-01-09",意见建议,"0300",9
7876,"2025-01-09",求助,"0400",86
7877,"2025-01-09",表扬,"0500",55
7878,"2025-01-09",举报,"0600",73
7879,"2025-01-09",无效,"0700",53
7880,"2025-01-09",其他,"9999",165
7881,"2025-01-10",咨询,"0100",41
7882,"2025-01-10",投诉,"0200",93
7883,"2025-01-10",意见建议,"0300",57
7884,"2025-01-10",求助,"0400",20
7885,"2025-01-10",表扬,"0500",32
7886,"2025-01-10",举报,"0600",18
7887,"2025-01-10",无效,"0700",8
7888,"2025-01-10",其他,"9999",440
7889,"2025-01-11",咨询,"0100",66
7890,"2025-01-11",投诉,"0200",56
7891,"2025-01-11",意见建议,"0300",71
7892,"2025-01-11",求助,"0400",5
7893,"2025-01-11",表扬,"0500",43
7894,"2025-01-11",举报,"0600",30
7895,"2025-01-11",无效,"0700",97
7896,"2025-01-11",其他,"9999",245
7897,"2025-01-12",咨询,"0100",18
7898,"2025-01-12",投诉,"0200",11
7899,"2025-01-12",意见建议,"0300",80
7900,"2025-01-12",求助,"0400",41
7901,"2025-01-12",表扬,"0500",43
7902,"2025-01-12",举报,"0600",106
7903,"2025-01-12",无效,"0700",221
7904,"2025-01-12",其他,"9999",399
7905,"2025-01-13",咨询,"0100",25
7906,"2025-01-13",投诉,"0200",87
7907,"2025-01-13",意见建议,"0300",105
7908,"2025-01-13",求助,"0400",72
7909,"2025-01-13",表扬,"0500",113
7910,"2025-01-13",举报,"0600",53
7911,"2025-01-13",无效,"0700",43
7912,"2025-01-13",其他,"9999",308
7913,"2025-01-14",咨询,"0100",86
7914,"2025-01-14",投诉,"0200",75
7915,"2025-01-14",意见建议,"0300",24
7916,"2025-01-14",求助,"0400",41
7917,"2025-01-14",表扬,"0500",169
7918,"2025-01-14",举报,"0600",112
7919,"2025-01-14",无效,"0700",216
7920,"2025-01-14",其他,"9999",218
7921,"2025-01-15",咨询,"0100",44
7922,"2025-01-15",投诉,"0200",43
7923,"2025-01-15",意见建议,"0300",17
7924,"2025-01-15",求助,"0400",15
7925,"2025-01-15",表扬,"0500",11
7926,"2025-01-15",举报,"0600",79
7927,"2025-01-15",无效,"0700",14
7928,"2025-01-15",其他,"9999",184
7929,"2025-01-16",咨询,"0100",56
7930,"2025-01-16",投诉,"0200",37
7931,"2025-01-16",意见建议,"0300",57
7932,"2025-01-16",求助,"0400",50
7933,"2025-01-16",表扬,"0500",45
7934,"2025-01-16",举报,"0600",137
7935,"2025-01-16",无效,"0700",83
7936,"2025-01-16",其他,"9999",273
7937,"2025-01-17",咨询,"0100",65
7938,"2025-01-17",投诉,"0200",59
7939,"2025-01-17",意见建议,"0300",76
7940,"2025-01-17",求助,"0400",102
7941,"2025-01-17",表扬,"0500",112
7942,"2025-01-17",举报,"0600",90
7943,"2025-01-17",无效,"0700",154
7944,"2025-01-17",其他,"9999",221
7945,"2025-01-18",咨询,"0100",10
7946,"2025-01-18",投诉,"0200",32
7947,"2025-01-18",意见建议,"0300",8
7948,"2025-01-18",求助,"0400",52
7949,"2025-01-18",表扬,"0500",22
7950,"2025-01-18",举报,"0600",6
7951,"2025-01-18",无效,"0700",37
7952,"2025-01-18",其他,"9999",178
7953,"2025-01-19",咨询,"0100",36
7954,"2025-01-19",投诉,"0200",87
7955,"2025-01-19",意见建议,"0300",6
7956,"2025-01-19",求助,"0400",21
7957,"2025-01-19",表扬,"0500",152
7958,"2025-01-19",举报,"0600",79
7959,"2025-01-19",无效,"0700",42
7960,"2025-01-19",其他,"9999",348
7961,"2025-01-20",咨询,"0100",5
7962,"2025-01-20",投诉,"0200",50
7963,"2025-01-20",意见建议,"0300",14
7964,"2025-01-20",求助,"0400",56
7965,"2025-01-20",表扬,"0500",19
7966,"2025-01-20",举报,"0600",61
7967,"2025-01-20",无效,"0700",75
7968,"2025-01-20",其他,"9999",98
7969,"2025-01-21",咨询,"0100",23
7970,"2025-01-21",投诉,"0200",40
7971,"2025-01-21",意见建议,"0300",19
7972,"2025-01-21",求助,"0400",21
7973,"2025-01-21",表扬,"0500",26
7974,"2025-01-21",举报,"0600",77
7975,"2025-01-21",无效,"0700",23
7976,"2025-01-21",其他,"9999",139
7977,"2025-01-22",咨询,"0100",29
7978,"2025-01-22",投诉,"0200",47
7979,"2025-01-22",意见建议,"0300",32
7980,"2025-01-22",求助,"0400",46
7981,"2025-01-22",表扬,"0500",38
7982,"2025-01-22",举报,"0600",55
7983,"2025-01-22",无效,"0700",48
7984,"2025-01-22",其他,"9999",65
7985,"2025-01-23",咨询,"0100",30
7986,"2025-01-23",投诉,"0200",5
7987,"2025-01-23",意见建议,"0300",85
7988,"2025-01-23",求助,"0400",64
7989,"2025-01-23",表扬,"0500",13
7990,"2025-01-23",举报,"0600",7
7991,"2025-01-23",无效,"0700",106
7992,"2025-01-23",其他,"9999",346
7993,"2025-01-24",咨询,"0100",11
7994,"2025-01-24",投诉,"0200",78
7995,"2025-01-24",意见建议,"0300",86
7996,"2025-01-24",求助,"0400",79
7997,"2025-01-24",表扬,"0500",64
7998,"2025-01-24",举报,"0600",48
7999,"2025-01-24",无效,"0700",127
8000,"2025-01-24",其他,"9999",348
8001,"2025-01-25",咨询,"0100",37
8002,"2025-01-25",投诉,"0200",24
8003,"2025-01-25",意见建议,"0300",84
8004,"2025-01-25",求助,"0400",99
8005,"2025-01-25",表扬,"0500",108
8006,"2025-01-25",举报,"0600",17
8007,"2025-01-25",无效,"0700",62
8008,"2025-01-25",其他,"9999",251
8009,"2025-01-26",咨询,"0100",41
8010,"2025-01-26",投诉,"0200",68
8011,"2025-01-26",意见建议,"0300",74
8012,"2025-01-26",求助,"0400",66
8013,"2025-01-26",表扬,"0500",69
8014,"2025-01-26",举报,"0600",44
8015,"2025-01-26",无效,"0700",102
8016,"2025-01-26",其他,"9999",269
8017,"2025-01-27",咨询,"0100",96
8018,"2025-01-27",投诉,"0200",36
8019,"2025-01-27",意见建议,"0300",32
8020,"2025-01-27",求助,"0400",132
8021,"2025-01-27",表扬,"0500",155
8022,"2025-01-27",举报,"0600",61
8023,"2025-01-27",无效,"0700",15
8024,"2025-01-27",其他,"9999",422
8025,"2025-01-28",咨询,"0100",100
8026,"2025-01-28",投诉,"0200",80
8027,"2025-01-28",意见建议,"0300",84
8028,"2025-01-28",求助,"0400",109
8029,"2025-01-28",表扬,"0500",85
8030,"2025-01-28",举报,"0600",144
8031,"2025-01-28",无效,"0700",162
8032,"2025-01-28",其他,"9999",185
8033,"2025-01-29",咨询,"0100",14
8034,"2025-01-29",投诉,"0200",19
8035,"2025-01-29",意见建议,"0300",100
8036,"2025-01-29",求助,"0400",70
8037,"2025-01-29",表扬,"0500",82
8038,"2025-01-29",举报,"0600",44
8039,"2025-01-29",无效,"0700",110
8040,"2025-01-29",其他,"9999",240
8041,"2025-01-30",咨询,"0100",121
8042,"2025-01-30",投诉,"0200",118
8043,"2025-01-30",意见建议,"0300",111
8044,"2025-01-30",求助,"0400",42
8045,"2025-01-30",表扬,"0500",51
8046,"2025-01-30",举报,"0600",49
8047,"2025-01-30",无效,"0700",62
8048,"2025-01-30",其他,"9999",428
8049,"2025-01-31",咨询,"0100",38
8050,"2025-01-31",投诉,"0200",76
8051,"2025-01-31",意见建议,"0300",35
8052,"2025-01-31",求助,"0400",117
8053,"2025-01-31",表扬,"0500",123
8054,"2025-01-31",举报,"0600",123
8055,"2025-01-31",无效,"0700",29
8056,"2025-01-31",其他,"9999",298
8057,"2025-02-01",咨询,"0100",31
8058,"2025-02-01",投诉,"0200",50
8059,"2025-02-01",意见建议,"0300",27
8060,"2025-02-01",求助,"0400",50
8061,"2025-02-01",表扬,"0500",77
8062,"2025-02-01",举报,"0600",61
8063,"2025-02-01",无效,"0700",9
8064,"2025-02-01",其他,"9999",225
8065,"2025-02-02",咨询,"0100",37
8066,"2025-02-02",投诉,"0200",59
8067,"2025-02-02",意见建议,"0300",38
8068,"2025-02-02",求助,"0400",44
8069,"2025-02-02",表扬,"0500",89
8070,"2025-02-02",举报,"0600",67
8071,"2025-02-02",无效,"0700",125
8072,"2025-02-02",其他,"9999",282
8073,"2025-02-03",咨询,"0100",102
8074,"2025-02-03",投诉,"0200",26
8075,"2025-02-03",意见建议,"0300",14
8076,"2025-02-03",求助,"0400",89
8077,"2025-02-03",表扬,"0500",63
8078,"2025-02-03",举报,"0600",162
8079,"2025-02-03",无效,"0700",90
8080,"2025-02-03",其他,"9999",307
8081,"2025-02-04",咨询,"0100",39
8082,"2025-02-04",投诉,"0200",38
8083,"2025-02-04",意见建议,"0300",15
8084,"2025-02-04",求助,"0400",11
8085,"2025-02-04",表扬,"0500",28
8086,"2025-02-04",举报,"0600",49
8087,"2025-02-04",无效,"0700",32
8088,"2025-02-04",其他,"9999",133
8089,"2025-02-05",咨询,"0100",69
8090,"2025-02-05",投诉,"0200",66
8091,"2025-02-05",意见建议,"0300",40
8092,"2025-02-05",求助,"0400",123
8093,"2025-02-05",表扬,"0500",49
8094,"2025-02-05",举报,"0600",128
8095,"2025-02-05",无效,"0700",92
8096,"2025-02-05",其他,"9999",228
8097,"2025-02-06",咨询,"0100",7
8098,"2025-02-06",投诉,"0200",35
8099,"2025-02-06",意见建议,"0300",5
8100,"2025-02-06",求助,"0400",34
8101,"2025-02-06",表扬,"0500",34
8102,"2025-02-06",举报,"0600",27
8103,"2025-02-06",无效,"0700",65
8104,"2025-02-06",其他,"9999",93
8105,"2025-02-07",咨询,"0100",60
8106,"2025-02-07",投诉,"0200",89
8107,"2025-02-07",意见建议,"0300",8
8108,"2025-02-07",求助,"0400",63
8109,"2025-02-07",表扬,"0500",34
8110,"2025-02-07",举报,"0600",105
8111,"2025-02-07",无效,"0700",70
8112,"2025-02-07",其他,"9999",308
8113,"2025-02-08",咨询,"0100",21
8114,"2025-02-08",投诉,"0200",29
8115,"2025-02-08",意见建议,"0300",36
8116,"2025-02-08",求助,"0400",11
8117,"2025-02-08",表扬,"0500",19
8118,"2025-02-08",举报,"0600",40
8119,"2025-02-08",无效,"0700",73
8120,"2025-02-08",其他,"9999",116
8121,"2025-02-09",咨询,"0100",108
8122,"2025-02-09",投诉,"0200",48
8123,"2025-02-09",意见建议,"0300",115
8124,"2025-02-09",求助,"0400",46
8125,"2025-02-09",表扬,"0500",118
8126,"2025-02-09",举报,"0600",66
8127,"2025-02-09",无效,"0700",210
8128,"2025-02-09",其他,"9999",250
8129,"2025-02-10",咨询,"0100",6
8130,"2025-02-10",投诉,"0200",26
8131,"2025-02-10",意见建议,"0300",71
8132,"2025-02-10",求助,"0400",83
8133,"2025-02-10",表扬,"0500",34
8134,"2025-02-10",举报,"0600",177
8135,"2025-02-10",无效,"0700",149
8136,"2025-02-10",其他,"9999",257
8137,"2025-02-11",咨询,"0100",29
8138,"2025-02-11",投诉,"0200",5
8139,"2025-02-11",意见建议,"0300",20
8140,"2025-02-11",求助,"0400",64
8141,"2025-02-11",表扬,"0500",77
8142,"2025-02-11",举报,"0600",9
8143,"2025-02-11",无效,"0700",171
8144,"2025-02-11",其他,"9999",188
8145,"2025-02-12",咨询,"0100",61
8146,"2025-02-12",投诉,"0200",43
8147,"2025-02-12",意见建议,"0300",54
8148,"2025-02-12",求助,"0400",19
8149,"2025-02-12",表扬,"0500",60
8150,"2025-02-12",举报,"0600",119
8151,"2025-02-12",无效,"0700",25
8152,"2025-02-12",其他,"9999",233
8153,"2025-02-13",咨询,"0100",56
8154,"2025-02-13",投诉,"0200",59
8155,"2025-02-13",意见建议,"0300",24
8156,"2025-02-13",求助,"0400",73
8157,"2025-02-13",表扬,"0500",84
8158,"2025-02-13",举报,"0600",90
8159,"2025-02-13",无效,"0700",19
8160,"2025-02-13",其他,"9999",164
8161,"2025-02-14",咨询,"0100",43
8162,"2025-02-14",投诉,"0200",38
8163,"2025-02-14",意见建议,"0300",31
8164,"2025-02-14",求助,"0400",5
8165,"2025-02-14",表扬,"0500",46
8166,"2025-02-14",举报,"0600",34
8167,"2025-02-14",无效,"0700",86
8168,"2025-02-14",其他,"9999",106
8169,"2025-02-15",咨询,"0100",41
8170,"2025-02-15",投诉,"0200",14
8171,"2025-02-15",意见建议,"0300",45
8172,"2025-02-15",求助,"0400",25
8173,"2025-02-15",表扬,"0500",89
8174,"2025-02-15",举报,"0600",33
8175,"2025-02-15",无效,"0700",132
8176,"2025-02-15",其他,"9999",132
8177,"2025-02-16",咨询,"0100",51
8178,"2025-02-16",投诉,"0200",26
8179,"2025-02-16",意见建议,"0300",68
8180,"2025-02-16",求助,"0400",53
8181,"2025-02-16",表扬,"0500",27
8182,"2025-02-16",举报,"0600",67
8183,"2025-02-16",无效,"0700",34
8184,"2025-02-16",其他,"9999",188
8185,"2025-02-17",咨询,"0100",42
8186,"2025-02-17",投诉,"0200",15
8187,"2025-02-17",意见建议,"0300",27
8188,"2025-02-17",求助,"0400",39
8189,"2025-02-17",表扬,"0500",23
8190,"2025-02-17",举报,"0600",27
8191,"2025-02-17",无效,"0700",19
8192,"2025-02-17",其他,"9999",206
8193,"2025-02-18",咨询,"0100",35
8194,"2025-02-18",投诉,"0200",48
8195,"2025-02-18",意见建议,"0300",130
8196,"2025-02-18",求助,"0400",78
8197,"2025-02-18",表扬,"0500",126
8198,"2025-02-18",举报,"0600",87
8199,"2025-02-18",无效,"0700",106
8200,"2025-02-18",其他,"9999",311
8201,"2025-02-19",咨询,"0100",11
8202,"2025-02-19",投诉,"0200",30
8203,"2025-02-19",意见建议,"0300",36
8204,"2025-02-19",求助,"0400",89
8205,"2025-02-19",表扬,"0500",51
8206,"2025-02-19",举报,"0600",101
8207,"2025-02-19",无效,"0700",78
8208,"2025-02-19",其他,"9999",179
8209,"2025-02-20",咨询,"0100",59
8210,"2025-02-20",投诉,"0200",69
8211,"2025-02-20",意见建议,"0300",79
8212,"2025-02-20",求助,"0400",13
8213,"2025-02-20",表扬,"0500",17
8214,"2025-02-20",举报,"0600",103
8215,"2025-02-20",无效,"0700",103
8216,"2025-02-20",其他,"9999",187
8217,"2025-02-21",咨询,"0100",52
8218,"2025-02-21",投诉,"0200",18
8219,"2025-02-21",意见建议,"0300",54
8220,"2025-02-21",求助,"0400",28
8221,"2025-02-21",表扬,"0500",136
8222,"2025-02-21",举报,"0600",72
8223,"2025-02-21",无效,"0700",137
8224,"2025-02-21",其他,"9999",266
8225,"2025-02-22",咨询,"0100",66
8226,"2025-02-22",投诉,"0200",73
8227,"2025-02-22",意见建议,"0300",51
8228,"2025-02-22",求助,"0400",15
8229,"2025-02-22",表扬,"0500",122
8230,"2025-02-22",举报,"0600",35
8231,"2025-02-22",无效,"0700",20
8232,"2025-02-22",其他,"9999",321
8233,"2025-02-23",咨询,"0100",105
8234,"2025-02-23",投诉,"0200",95
8235,"2025-02-23",意见建议,"0300",111
8236,"2025-02-23",求助,"0400",68
8237,"2025-02-23",表扬,"0500",92
8238,"2025-02-23",举报,"0600",24
8239,"2025-02-23",无效,"0700",8
8240,"2025-02-23",其他,"9999",450
8241,"2025-02-24",咨询,"0100",87
8242,"2025-02-24",投诉,"0200",57
8243,"2025-02-24",意见建议,"0300",109
8244,"2025-02-24",求助,"0400",33
8245,"2025-02-24",表扬,"0500",42
8246,"2025-02-24",举报,"0600",65
8247,"2025-02-24",无效,"0700",102
8248,"2025-02-24",其他,"9999",382
8249,"2025-02-25",咨询,"0100",96
8250,"2025-02-25",投诉,"0200",54
8251,"2025-02-25",意见建议,"0300",108
8252,"2025-02-25",求助,"0400",72
8253,"2025-02-25",表扬,"0500",63
8254,"2025-02-25",举报,"0600",150
8255,"2025-02-25",无效,"0700",7
8256,"2025-02-25",其他,"9999",389
8257,"2025-02-26",咨询,"0100",11
8258,"2025-02-26",投诉,"0200",12
8259,"2025-02-26",意见建议,"0300",5
8260,"2025-02-26",求助,"0400",38
8261,"2025-02-26",表扬,"0500",25
8262,"2025-02-26",举报,"0600",7
8263,"2025-02-26",无效,"0700",39
8264,"2025-02-26",其他,"9999",255
8265,"2025-02-27",咨询,"0100",38
8266,"2025-02-27",投诉,"0200",10
8267,"2025-02-27",意见建议,"0300",12
8268,"2025-02-27",求助,"0400",6
8269,"2025-02-27",表扬,"0500",26
8270,"2025-02-27",举报,"0600",77
8271,"2025-02-27",无效,"0700",47
8272,"2025-02-27",其他,"9999",125
8273,"2025-02-28",咨询,"0100",59
8274,"2025-02-28",投诉,"0200",21
8275,"2025-02-28",意见建议,"0300",17
8276,"2025-02-28",求助,"0400",32
8277,"2025-02-28",表扬,"0500",41
8278,"2025-02-28",举报,"0600",45
8279,"2025-02-28",无效,"0700",5
8280,"2025-02-28",其他,"9999",283
8281,"2025-03-01",咨询,"0100",75
8282,"2025-03-01",投诉,"0200",54
8283,"2025-03-01",意见建议,"0300",84
8284,"2025-03-01",求助,"0400",49
8285,"2025-03-01",表扬,"0500",16
8286,"2025-03-01",举报,"0600",103
8287,"2025-03-01",无效,"0700",183
8288,"2025-03-01",其他,"9999",291
8289,"2025-03-02",咨询,"0100",29
8290,"2025-03-02",投诉,"0200",47
8291,"2025-03-02",意见建议,"0300",15
8292,"2025-03-02",求助,"0400",71
8293,"2025-03-02",表扬,"0500",75
8294,"2025-03-02",举报,"0600",11
8295,"2025-03-02",无效,"0700",150
8296,"2025-03-02",其他,"9999",170
8297,"2025-03-03",咨询,"0100",11
8298,"2025-03-03",投诉,"0200",69
8299,"2025-03-03",意见建议,"0300",25
8300,"2025-03-03",求助,"0400",58
8301,"2025-03-03",表扬,"0500",61
8302,"2025-03-03",举报,"0600",35
8303,"2025-03-03",无效,"0700",35
8304,"2025-03-03",其他,"9999",221
8305,"2025-03-04",咨询,"0100",64
8306,"2025-03-04",投诉,"0200",65
8307,"2025-03-04",意见建议,"0300",42
8308,"2025-03-04",求助,"0400",36
8309,"2025-03-04",表扬,"0500",49
8310,"2025-03-04",举报,"0600",46
8311,"2025-03-04",无效,"0700",208
8312,"2025-03-04",其他,"9999",340
8313,"2025-03-05",咨询,"0100",38
8314,"2025-03-05",投诉,"0200",56
8315,"2025-03-05",意见建议,"0300",53
8316,"2025-03-05",求助,"0400",18
8317,"2025-03-05",表扬,"0500",29
8318,"2025-03-05",举报,"0600",42
8319,"2025-03-05",无效,"0700",70
8320,"2025-03-05",其他,"9999",141
8321,"2025-03-06",咨询,"0100",73
8322,"2025-03-06",投诉,"0200",39
8323,"2025-03-06",意见建议,"0300",39
8324,"2025-03-06",求助,"0400",81
8325,"2025-03-06",表扬,"0500",21
8326,"2025-03-06",举报,"0600",49
8327,"2025-03-06",无效,"0700",36
8328,"2025-03-06",其他,"9999",280
8329,"2025-03-07",咨询,"0100",85
8330,"2025-03-07",投诉,"0200",37
8331,"2025-03-07",意见建议,"0300",20
8332,"2025-03-07",求助,"0400",36
8333,"2025-03-07",表扬,"0500",71
8334,"2025-03-07",举报,"0600",199
8335,"2025-03-07",无效,"0700",49
8336,"2025-03-07",其他,"9999",362
8337,"2025-03-08",咨询,"0100",52
8338,"2025-03-08",投诉,"0200",59
8339,"2025-03-08",意见建议,"0300",44
8340,"2025-03-08",求助,"0400",8
8341,"2025-03-08",表扬,"0500",59
8342,"2025-03-08",举报,"0600",36
8343,"2025-03-08",无效,"0700",66
8344,"2025-03-08",其他,"9999",145
8345,"2025-03-09",咨询,"0100",17
8346,"2025-03-09",投诉,"0200",25
8347,"2025-03-09",意见建议,"0300",35
8348,"2025-03-09",求助,"0400",36
8349,"2025-03-09",表扬,"0500",29
8350,"2025-03-09",举报,"0600",46
8351,"2025-03-09",无效,"0700",10
8352,"2025-03-09",其他,"9999",121
8353,"2025-03-10",咨询,"0100",83
8354,"2025-03-10",投诉,"0200",29
8355,"2025-03-10",意见建议,"0300",6
8356,"2025-03-10",求助,"0400",91
8357,"2025-03-10",表扬,"0500",20
8358,"2025-03-10",举报,"0600",126
8359,"2025-03-10",无效,"0700",121
8360,"2025-03-10",其他,"9999",195
8361,"2025-03-11",咨询,"0100",21
8362,"2025-03-11",投诉,"0200",19
8363,"2025-03-11",意见建议,"0300",110
8364,"2025-03-11",求助,"0400",114
8365,"2025-03-11",表扬,"0500",91
8366,"2025-03-11",举报,"0600",113
8367,"2025-03-11",无效,"0700",16
8368,"2025-03-11",其他,"9999",431
8369,"2025-03-12",咨询,"0100",94
8370,"2025-03-12",投诉,"0200",85
8371,"2025-03-12",意见建议,"0300",46
8372,"2025-03-12",求助,"0400",28
8373,"2025-03-12",表扬,"0500",76
8374,"2025-03-12",举报,"0600",165
8375,"2025-03-12",无效,"0700",126
8376,"2025-03-12",其他,"9999",213
8377,"2025-03-13",咨询,"0100",44
8378,"2025-03-13",投诉,"0200",13
8379,"2025-03-13",意见建议,"0300",41
8380,"2025-03-13",求助,"0400",43
8381,"2025-03-13",表扬,"0500",42
8382,"2025-03-13",举报,"0600",17
8383,"2025-03-13",无效,"0700",52
8384,"2025-03-13",其他,"9999",100
8385,"2025-03-14",咨询,"0100",5
8386,"2025-03-14",投诉,"0200",40
8387,"2025-03-14",意见建议,"0300",45
8388,"2025-03-14",求助,"0400",18
8389,"2025-03-14",表扬,"0500",34
8390,"2025-03-14",举报,"0600",13
8391,"2025-03-14",无效,"0700",7
8392,"2025-03-14",其他,"9999",202
8393,"2025-03-15",咨询,"0100",13
8394,"2025-03-15",投诉,"0200",23
8395,"2025-03-15",意见建议,"0300",37
8396,"2025-03-15",求助,"0400",5
8397,"2025-03-15",表扬,"0500",58
8398,"2025-03-15",举报,"0600",22
8399,"2025-03-15",无效,"0700",44
8400,"2025-03-15",其他,"9999",141
8401,"2025-03-16",咨询,"0100",70
8402,"2025-03-16",投诉,"0200",114
8403,"2025-03-16",意见建议,"0300",122
8404,"2025-03-16",求助,"0400",91
8405,"2025-03-16",表扬,"0500",17
8406,"2025-03-16",举报,"0600",38
8407,"2025-03-16",无效,"0700",125
8408,"2025-03-16",其他,"9999",404
8409,"2025-03-17",咨询,"0100",85
8410,"2025-03-17",投诉,"0200",13
8411,"2025-03-17",意见建议,"0300",134
8412,"2025-03-17",求助,"0400",84
8413,"2025-03-17",表扬,"0500",123
8414,"2025-03-17",举报,"0600",97
8415,"2025-03-17",无效,"0700",134
8416,"2025-03-17",其他,"9999",257
8417,"2025-03-18",咨询,"0100",57
8418,"2025-03-18",投诉,"0200",40
8419,"2025-03-18",意见建议,"0300",44
8420,"2025-03-18",求助,"0400",91
8421,"2025-03-18",表扬,"0500",118
8422,"2025-03-18",举报,"0600",135
8423,"2025-03-18",无效,"0700",173
8424,"2025-03-18",其他,"9999",303
8425,"2025-03-19",咨询,"0100",79
8426,"2025-03-19",投诉,"0200",88
8427,"2025-03-19",意见建议,"0300",8
8428,"2025-03-19",求助,"0400",45
8429,"2025-03-19",表扬,"0500",117
8430,"2025-03-19",举报,"0600",116
8431,"2025-03-19",无效,"0700",136
8432,"2025-03-19",其他,"9999",203
8433,"2025-03-20",咨询,"0100",19
8434,"2025-03-20",投诉,"0200",88
8435,"2025-03-20",意见建议,"0300",112
8436,"2025-03-20",求助,"0400",154
8437,"2025-03-20",表扬,"0500",33
8438,"2025-03-20",举报,"0600",5
8439,"2025-03-20",无效,"0700",86
8440,"2025-03-20",其他,"9999",498
8441,"2025-03-21",咨询,"0100",37
8442,"2025-03-21",投诉,"0200",43
8443,"2025-03-21",意见建议,"0300",30
8444,"2025-03-21",求助,"0400",41
8445,"2025-03-21",表扬,"0500",47
8446,"2025-03-21",举报,"0600",15
8447,"2025-03-21",无效,"0700",56
8448,"2025-03-21",其他,"9999",95
8449,"2025-03-22",咨询,"0100",7
8450,"2025-03-22",投诉,"0200",29
8451,"2025-03-22",意见建议,"0300",71
8452,"2025-03-22",求助,"0400",27
8453,"2025-03-22",表扬,"0500",42
8454,"2025-03-22",举报,"0600",109
8455,"2025-03-22",无效,"0700",23
8456,"2025-03-22",其他,"9999",225
8457,"2025-03-23",咨询,"0100",41
8458,"2025-03-23",投诉,"0200",52
8459,"2025-03-23",意见建议,"0300",18
8460,"2025-03-23",求助,"0400",47
8461,"2025-03-23",表扬,"0500",117
8462,"2025-03-23",举报,"0600",134
8463,"2025-03-23",无效,"0700",11
8464,"2025-03-23",其他,"9999",280
8465,"2025-03-24",咨询,"0100",20
8466,"2025-03-24",投诉,"0200",21
8467,"2025-03-24",意见建议,"0300",33
8468,"2025-03-24",求助,"0400",25
8469,"2025-03-24",表扬,"0500",54
8470,"2025-03-24",举报,"0600",47
8471,"2025-03-24",无效,"0700",53
8472,"2025-03-24",其他,"9999",72
8473,"2025-03-25",咨询,"0100",31
8474,"2025-03-25",投诉,"0200",40
8475,"2025-03-25",意见建议,"0300",9
8476,"2025-03-25",求助,"0400",37
8477,"2025-03-25",表扬,"0500",44
8478,"2025-03-25",举报,"0600",71
8479,"2025-03-25",无效,"0700",137
8480,"2025-03-25",其他,"9999",238
8481,"2025-03-26",咨询,"0100",5
8482,"2025-03-26",投诉,"0200",34
8483,"2025-03-26",意见建议,"0300",42
8484,"2025-03-26",求助,"0400",28
8485,"2025-03-26",表扬,"0500",17
8486,"2025-03-26",举报,"0600",110
8487,"2025-03-26",无效,"0700",99
8488,"2025-03-26",其他,"9999",190
8489,"2025-03-27",咨询,"0100",36
8490,"2025-03-27",投诉,"0200",14
8491,"2025-03-27",意见建议,"0300",22
8492,"2025-03-27",求助,"0400",102
8493,"2025-03-27",表扬,"0500",107
8494,"2025-03-27",举报,"0600",5
8495,"2025-03-27",无效,"0700",73
8496,"2025-03-27",其他,"9999",250
8497,"2025-03-28",咨询,"0100",24
8498,"2025-03-28",投诉,"0200",17
8499,"2025-03-28",意见建议,"0300",7
8500,"2025-03-28",求助,"0400",71
8501,"2025-03-28",表扬,"0500",33
8502,"2025-03-28",举报,"0600",59
8503,"2025-03-28",无效,"0700",29
8504,"2025-03-28",其他,"9999",206
8505,"2025-03-29",咨询,"0100",94
8506,"2025-03-29",投诉,"0200",87
8507,"2025-03-29",意见建议,"0300",90
8508,"2025-03-29",求助,"0400",46
8509,"2025-03-29",表扬,"0500",43
8510,"2025-03-29",举报,"0600",140
8511,"2025-03-29",无效,"0700",111
8512,"2025-03-29",其他,"9999",173
8513,"2025-03-30",咨询,"0100",66
8514,"2025-03-30",投诉,"0200",7
8515,"2025-03-30",意见建议,"0300",77
8516,"2025-03-30",求助,"0400",29
8517,"2025-03-30",表扬,"0500",155
8518,"2025-03-30",举报,"0600",45
8519,"2025-03-30",无效,"0700",177
8520,"2025-03-30",其他,"9999",310
8521,"2025-03-31",咨询,"0100",56
8522,"2025-03-31",投诉,"0200",49
8523,"2025-03-31",意见建议,"0300",17
8524,"2025-03-31",求助,"0400",44
8525,"2025-03-31",表扬,"0500",33
8526,"2025-03-31",举报,"0600",34
8527,"2025-03-31",无效,"0700",132
8528,"2025-03-31",其他,"9999",383
8529,"2025-04-01",咨询,"0100",22
8530,"2025-04-01",投诉,"0200",33
8531,"2025-04-01",意见建议,"0300",48
8532,"2025-04-01",求助,"0400",40
8533,"2025-04-01",表扬,"0500",18
8534,"2025-04-01",举报,"0600",41
8535,"2025-04-01",无效,"0700",28
8536,"2025-04-01",其他,"9999",122
8537,"2025-04-02",咨询,"0100",26
8538,"2025-04-02",投诉,"0200",125
8539,"2025-04-02",意见建议,"0300",83
8540,"2025-04-02",求助,"0400",11
8541,"2025-04-02",表扬,"0500",116
8542,"2025-04-02",举报,"0600",93
8543,"2025-04-02",无效,"0700",85
8544,"2025-04-02",其他,"9999",370
8545,"2025-04-03",咨询,"0100",29
8546,"2025-04-03",投诉,"0200",60
8547,"2025-04-03",意见建议,"0300",12
8548,"2025-04-03",求助,"0400",41
8549,"2025-04-03",表扬,"0500",34
8550,"2025-04-03",举报,"0600",62
8551,"2025-04-03",无效,"0700",24
8552,"2025-04-03",其他,"9999",297
8553,"2025-04-04",咨询,"0100",9
8554,"2025-04-04",投诉,"0200",56
8555,"2025-04-04",意见建议,"0300",10
8556,"2025-04-04",求助,"0400",46
8557,"2025-04-04",表扬,"0500",72
8558,"2025-04-04",举报,"0600",13
8559,"2025-04-04",无效,"0700",93
8560,"2025-04-04",其他,"9999",152
8561,"2025-04-05",咨询,"0100",35
8562,"2025-04-05",投诉,"0200",28
8563,"2025-04-05",意见建议,"0300",58
8564,"2025-04-05",求助,"0400",27
8565,"2025-04-05",表扬,"0500",96
8566,"2025-04-05",举报,"0600",73
8567,"2025-04-05",无效,"0700",37
8568,"2025-04-05",其他,"9999",213
8569,"2025-04-06",咨询,"0100",75
8570,"2025-04-06",投诉,"0200",51
8571,"2025-04-06",意见建议,"0300",26
8572,"2025-04-06",求助,"0400",27
8573,"2025-04-06",表扬,"0500",61
8574,"2025-04-06",举报,"0600",127
8575,"2025-04-06",无效,"0700",194
8576,"2025-04-06",其他,"9999",249
8577,"2025-04-07",咨询,"0100",20
8578,"2025-04-07",投诉,"0200",53
8579,"2025-04-07",意见建议,"0300",43
8580,"2025-04-07",求助,"0400",40
8581,"2025-04-07",表扬,"0500",56
8582,"2025-04-07",举报,"0600",52
8583,"2025-04-07",无效,"0700",40
8584,"2025-04-07",其他,"9999",103
8585,"2025-04-08",咨询,"0100",78
8586,"2025-04-08",投诉,"0200",38
8587,"2025-04-08",意见建议,"0300",88
8588,"2025-04-08",求助,"0400",128
8589,"2025-04-08",表扬,"0500",16
8590,"2025-04-08",举报,"0600",79
8591,"2025-04-08",无效,"0700",45
8592,"2025-04-08",其他,"9999",432
8593,"2025-04-09",咨询,"0100",13
8594,"2025-04-09",投诉,"0200",11
8595,"2025-04-09",意见建议,"0300",53
8596,"2025-04-09",求助,"0400",69
8597,"2025-04-09",表扬,"0500",62
8598,"2025-04-09",举报,"0600",34
8599,"2025-04-09",无效,"0700",76
8600,"2025-04-09",其他,"9999",245
8601,"2025-04-10",咨询,"0100",54
8602,"2025-04-10",投诉,"0200",90
8603,"2025-04-10",意见建议,"0300",56
8604,"2025-04-10",求助,"0400",29
8605,"2025-04-10",表扬,"0500",8
8606,"2025-04-10",举报,"0600",25
8607,"2025-04-10",无效,"0700",123
8608,"2025-04-10",其他,"9999",300
8609,"2025-04-11",咨询,"0100",45
8610,"2025-04-11",投诉,"0200",54
8611,"2025-04-11",意见建议,"0300",21
8612,"2025-04-11",求助,"0400",47
8613,"2025-04-11",表扬,"0500",28
8614,"2025-04-11",举报,"0600",53
8615,"2025-04-11",无效,"0700",24
8616,"2025-04-11",其他,"9999",191
8617,"2025-04-12",咨询,"0100",71
8618,"2025-04-12",投诉,"0200",80
8619,"2025-04-12",意见建议,"0300",77
8620,"2025-04-12",求助,"0400",31
8621,"2025-04-12",表扬,"0500",18
8622,"2025-04-12",举报,"0600",61
8623,"2025-04-12",无效,"0700",93
8624,"2025-04-12",其他,"9999",229
8625,"2025-04-13",咨询,"0100",35
8626,"2025-04-13",投诉,"0200",30
8627,"2025-04-13",意见建议,"0300",43
8628,"2025-04-13",求助,"0400",57
8629,"2025-04-13",表扬,"0500",22
8630,"2025-04-13",举报,"0600",34
8631,"2025-04-13",无效,"0700",75
8632,"2025-04-13",其他,"9999",211
8633,"2025-04-14",咨询,"0100",26
8634,"2025-04-14",投诉,"0200",25
8635,"2025-04-14",意见建议,"0300",48
8636,"2025-04-14",求助,"0400",64
8637,"2025-04-14",表扬,"0500",64
8638,"2025-04-14",举报,"0600",32
8639,"2025-04-14",无效,"0700",134
8640,"2025-04-14",其他,"9999",178
8641,"2025-04-15",咨询,"0100",10
8642,"2025-04-15",投诉,"0200",31
8643,"2025-04-15",意见建议,"0300",20
8644,"2025-04-15",求助,"0400",52
8645,"2025-04-15",表扬,"0500",8
8646,"2025-04-15",举报,"0600",26
8647,"2025-04-15",无效,"0700",24
8648,"2025-04-15",其他,"9999",151
8649,"2025-04-16",咨询,"0100",89
8650,"2025-04-16",投诉,"0200",14
8651,"2025-04-16",意见建议,"0300",45
8652,"2025-04-16",求助,"0400",45
8653,"2025-04-16",表扬,"0500",97
8654,"2025-04-16",举报,"0600",148
8655,"2025-04-16",无效,"0700",94
8656,"2025-04-16",其他,"9999",230
8657,"2025-04-17",咨询,"0100",18
8658,"2025-04-17",投诉,"0200",94
8659,"2025-04-17",意见建议,"0300",110
8660,"2025-04-17",求助,"0400",102
8661,"2025-04-17",表扬,"0500",44
8662,"2025-04-17",举报,"0600",54
8663,"2025-04-17",无效,"0700",17
8664,"2025-04-17",其他,"9999",339
8665,"2025-04-18",咨询,"0100",57
8666,"2025-04-18",投诉,"0200",65
8667,"2025-04-18",意见建议,"0300",75
8668,"2025-04-18",求助,"0400",73
8669,"2025-04-18",表扬,"0500",75
8670,"2025-04-18",举报,"0600",73
8671,"2025-04-18",无效,"0700",20
8672,"2025-04-18",其他,"9999",238
8673,"2025-04-19",咨询,"0100",67
8674,"2025-04-19",投诉,"0200",13
8675,"2025-04-19",意见建议,"0300",66
8676,"2025-04-19",求助,"0400",7
8677,"2025-04-19",表扬,"0500",85
8678,"2025-04-19",举报,"0600",103
8679,"2025-04-19",无效,"0700",108
8680,"2025-04-19",其他,"9999",211
8681,"2025-04-20",咨询,"0100",9
8682,"2025-04-20",投诉,"0200",23
8683,"2025-04-20",意见建议,"0300",52
8684,"2025-04-20",求助,"0400",39
8685,"2025-04-20",表扬,"0500",51
8686,"2025-04-20",举报,"0600",93
8687,"2025-04-20",无效,"0700",36
8688,"2025-04-20",其他,"9999",189
8689,"2025-04-21",咨询,"0100",35
8690,"2025-04-21",投诉,"0200",16
8691,"2025-04-21",意见建议,"0300",29
8692,"2025-04-21",求助,"0400",30
8693,"2025-04-21",表扬,"0500",54
8694,"2025-04-21",举报,"0600",51
8695,"2025-04-21",无效,"0700",68
8696,"2025-04-21",其他,"9999",111
8697,"2025-04-22",咨询,"0100",21
8698,"2025-04-22",投诉,"0200",22
8699,"2025-04-22",意见建议,"0300",5
8700,"2025-04-22",求助,"0400",14
8701,"2025-04-22",表扬,"0500",29
8702,"2025-04-22",举报,"0600",62
8703,"2025-04-22",无效,"0700",44
8704,"2025-04-22",其他,"9999",113
8705,"2025-04-23",咨询,"0100",26
8706,"2025-04-23",投诉,"0200",31
8707,"2025-04-23",意见建议,"0300",44
8708,"2025-04-23",求助,"0400",7
8709,"2025-04-23",表扬,"0500",62
8710,"2025-04-23",举报,"0600",63
8711,"2025-04-23",无效,"0700",64
8712,"2025-04-23",其他,"9999",65
8713,"2025-04-24",咨询,"0100",27
8714,"2025-04-24",投诉,"0200",133
8715,"2025-04-24",意见建议,"0300",112
8716,"2025-04-24",求助,"0400",20
8717,"2025-04-24",表扬,"0500",120
8718,"2025-04-24",举报,"0600",157
8719,"2025-04-24",无效,"0700",85
8720,"2025-04-24",其他,"9999",339
8721,"2025-04-25",咨询,"0100",34
8722,"2025-04-25",投诉,"0200",64
8723,"2025-04-25",意见建议,"0300",39
8724,"2025-04-25",求助,"0400",59
8725,"2025-04-25",表扬,"0500",23
8726,"2025-04-25",举报,"0600",88
8727,"2025-04-25",无效,"0700",55
8728,"2025-04-25",其他,"9999",154
8729,"2025-04-26",咨询,"0100",107
8730,"2025-04-26",投诉,"0200",43
8731,"2025-04-26",意见建议,"0300",84
8732,"2025-04-26",求助,"0400",80
8733,"2025-04-26",表扬,"0500",82
8734,"2025-04-26",举报,"0600",19
8735,"2025-04-26",无效,"0700",194
8736,"2025-04-26",其他,"9999",312
8737,"2025-04-27",咨询,"0100",89
8738,"2025-04-27",投诉,"0200",59
8739,"2025-04-27",意见建议,"0300",45
8740,"2025-04-27",求助,"0400",24
8741,"2025-04-27",表扬,"0500",53
8742,"2025-04-27",举报,"0600",36
8743,"2025-04-27",无效,"0700",19
8744,"2025-04-27",其他,"9999",466
8745,"2025-04-28",咨询,"0100",41
8746,"2025-04-28",投诉,"0200",19
8747,"2025-04-28",意见建议,"0300",19
8748,"2025-04-28",求助,"0400",39
8749,"2025-04-28",表扬,"0500",10
8750,"2025-04-28",举报,"0600",69
8751,"2025-04-28",无效,"0700",53
8752,"2025-04-28",其他,"9999",122
8753,"2025-04-29",咨询,"0100",74
8754,"2025-04-29",投诉,"0200",60
8755,"2025-04-29",意见建议,"0300",57
8756,"2025-04-29",求助,"0400",20
8757,"2025-04-29",表扬,"0500",90
8758,"2025-04-29",举报,"0600",14
8759,"2025-04-29",无效,"0700",163
8760,"2025-04-29",其他,"9999",200
8761,"2025-04-30",咨询,"0100",19
8762,"2025-04-30",投诉,"0200",33
8763,"2025-04-30",意见建议,"0300",26
8764,"2025-04-30",求助,"0400",6
8765,"2025-04-30",表扬,"0500",33
8766,"2025-04-30",举报,"0600",33
8767,"2025-04-30",无效,"0700",35
8768,"2025-04-30",其他,"9999",158
8769,"2025-05-01",咨询,"0100",67
8770,"2025-05-01",投诉,"0200",29
8771,"2025-05-01",意见建议,"0300",48
8772,"2025-05-01",求助,"0400",41
8773,"2025-05-01",表扬,"0500",15
8774,"2025-05-01",举报,"0600",132
8775,"2025-05-01",无效,"0700",121
8776,"2025-05-01",其他,"9999",152
8777,"2025-05-02",咨询,"0100",47
8778,"2025-05-02",投诉,"0200",38
8779,"2025-05-02",意见建议,"0300",64
8780,"2025-05-02",求助,"0400",63
8781,"2025-05-02",表扬,"0500",91
8782,"2025-05-02",举报,"0600",28
8783,"2025-05-02",无效,"0700",75
8784,"2025-05-02",其他,"9999",228
8785,"2025-05-03",咨询,"0100",39
8786,"2025-05-03",投诉,"0200",32
8787,"2025-05-03",意见建议,"0300",6
8788,"2025-05-03",求助,"0400",22
8789,"2025-05-03",表扬,"0500",112
8790,"2025-05-03",举报,"0600",10
8791,"2025-05-03",无效,"0700",8
8792,"2025-05-03",其他,"9999",435
8793,"2025-05-04",咨询,"0100",10
8794,"2025-05-04",投诉,"0200",50
8795,"2025-05-04",意见建议,"0300",70
8796,"2025-05-04",求助,"0400",100
8797,"2025-05-04",表扬,"0500",13
8798,"2025-05-04",举报,"0600",14
8799,"2025-05-04",无效,"0700",12
8800,"2025-05-04",其他,"9999",513
8801,"2025-05-05",咨询,"0100",38
8802,"2025-05-05",投诉,"0200",45
8803,"2025-05-05",意见建议,"0300",37
8804,"2025-05-05",求助,"0400",16
8805,"2025-05-05",表扬,"0500",42
8806,"2025-05-05",举报,"0600",64
8807,"2025-05-05",无效,"0700",51
8808,"2025-05-05",其他,"9999",134
8809,"2025-05-06",咨询,"0100",43
8810,"2025-05-06",投诉,"0200",29
8811,"2025-05-06",意见建议,"0300",20
8812,"2025-05-06",求助,"0400",29
8813,"2025-05-06",表扬,"0500",48
8814,"2025-05-06",举报,"0600",75
8815,"2025-05-06",无效,"0700",19
8816,"2025-05-06",其他,"9999",229
8817,"2025-05-07",咨询,"0100",48
8818,"2025-05-07",投诉,"0200",66
8819,"2025-05-07",意见建议,"0300",33
8820,"2025-05-07",求助,"0400",29
8821,"2025-05-07",表扬,"0500",65
8822,"2025-05-07",举报,"0600",36
8823,"2025-05-07",无效,"0700",14
8824,"2025-05-07",其他,"9999",258
8825,"2025-05-08",咨询,"0100",13
8826,"2025-05-08",投诉,"0200",33
8827,"2025-05-08",意见建议,"0300",36
8828,"2025-05-08",求助,"0400",15
8829,"2025-05-08",表扬,"0500",38
8830,"2025-05-08",举报,"0600",56
8831,"2025-05-08",无效,"0700",38
8832,"2025-05-08",其他,"9999",88
8833,"2025-05-09",咨询,"0100",70
8834,"2025-05-09",投诉,"0200",32
8835,"2025-05-09",意见建议,"0300",84
8836,"2025-05-09",求助,"0400",83
8837,"2025-05-09",表扬,"0500",126
8838,"2025-05-09",举报,"0600",65
8839,"2025-05-09",无效,"0700",57
8840,"2025-05-09",其他,"9999",311
8841,"2025-05-10",咨询,"0100",6
8842,"2025-05-10",投诉,"0200",36
8843,"2025-05-10",意见建议,"0300",117
8844,"2025-05-10",求助,"0400",110
8845,"2025-05-10",表扬,"0500",25
8846,"2025-05-10",举报,"0600",129
8847,"2025-05-10",无效,"0700",135
8848,"2025-05-10",其他,"9999",188
8849,"2025-05-11",咨询,"0100",7
8850,"2025-05-11",投诉,"0200",19
8851,"2025-05-11",意见建议,"0300",34
8852,"2025-05-11",求助,"0400",11
8853,"2025-05-11",表扬,"0500",23
8854,"2025-05-11",举报,"0600",28
8855,"2025-05-11",无效,"0700",9
8856,"2025-05-11",其他,"9999",175
8857,"2025-05-12",咨询,"0100",41
8858,"2025-05-12",投诉,"0200",83
8859,"2025-05-12",意见建议,"0300",56
8860,"2025-05-12",求助,"0400",16
8861,"2025-05-12",表扬,"0500",9
8862,"2025-05-12",举报,"0600",106
8863,"2025-05-12",无效,"0700",84
8864,"2025-05-12",其他,"9999",284
8865,"2025-05-13",咨询,"0100",55
8866,"2025-05-13",投诉,"0200",33
8867,"2025-05-13",意见建议,"0300",77
8868,"2025-05-13",求助,"0400",136
8869,"2025-05-13",表扬,"0500",114
8870,"2025-05-13",举报,"0600",57
8871,"2025-05-13",无效,"0700",83
8872,"2025-05-13",其他,"9999",342
8873,"2025-05-14",咨询,"0100",47
8874,"2025-05-14",投诉,"0200",22
8875,"2025-05-14",意见建议,"0300",49
8876,"2025-05-14",求助,"0400",24
8877,"2025-05-14",表扬,"0500",45
8878,"2025-05-14",举报,"0600",75
8879,"2025-05-14",无效,"0700",88
8880,"2025-05-14",其他,"9999",143
8881,"2025-05-15",咨询,"0100",21
8882,"2025-05-15",投诉,"0200",88
8883,"2025-05-15",意见建议,"0300",7
8884,"2025-05-15",求助,"0400",10
8885,"2025-05-15",表扬,"0500",76
8886,"2025-05-15",举报,"0600",38
8887,"2025-05-15",无效,"0700",188
8888,"2025-05-15",其他,"9999",240
8889,"2025-05-16",咨询,"0100",60
8890,"2025-05-16",投诉,"0200",68
8891,"2025-05-16",意见建议,"0300",27
8892,"2025-05-16",求助,"0400",76
8893,"2025-05-16",表扬,"0500",96
8894,"2025-05-16",举报,"0600",57
8895,"2025-05-16",无效,"0700",30
8896,"2025-05-16",其他,"9999",213
8897,"2025-05-17",咨询,"0100",8
8898,"2025-05-17",投诉,"0200",62
8899,"2025-05-17",意见建议,"0300",55
8900,"2025-05-17",求助,"0400",55
8901,"2025-05-17",表扬,"0500",37
8902,"2025-05-17",举报,"0600",11
8903,"2025-05-17",无效,"0700",141
8904,"2025-05-17",其他,"9999",231
8905,"2025-05-18",咨询,"0100",13
8906,"2025-05-18",投诉,"0200",108
8907,"2025-05-18",意见建议,"0300",46
8908,"2025-05-18",求助,"0400",10
8909,"2025-05-18",表扬,"0500",64
8910,"2025-05-18",举报,"0600",34
8911,"2025-05-18",无效,"0700",231
8912,"2025-05-18",其他,"9999",312
8913,"2025-05-19",咨询,"0100",23
8914,"2025-05-19",投诉,"0200",30
8915,"2025-05-19",意见建议,"0300",46
8916,"2025-05-19",求助,"0400",54
8917,"2025-05-19",表扬,"0500",9
8918,"2025-05-19",举报,"0600",77
8919,"2025-05-19",无效,"0700",24
8920,"2025-05-19",其他,"9999",175
8921,"2025-05-20",咨询,"0100",16
8922,"2025-05-20",投诉,"0200",98
8923,"2025-05-20",意见建议,"0300",113
8924,"2025-05-20",求助,"0400",27
8925,"2025-05-20",表扬,"0500",29
8926,"2025-05-20",举报,"0600",73
8927,"2025-05-20",无效,"0700",75
8928,"2025-05-20",其他,"9999",438
8929,"2025-05-21",咨询,"0100",19
8930,"2025-05-21",投诉,"0200",18
8931,"2025-05-21",意见建议,"0300",54
8932,"2025-05-21",求助,"0400",17
8933,"2025-05-21",表扬,"0500",53
8934,"2025-05-21",举报,"0600",54
8935,"2025-05-21",无效,"0700",36
8936,"2025-05-21",其他,"9999",119
8937,"2025-05-22",咨询,"0100",50
8938,"2025-05-22",投诉,"0200",96
8939,"2025-05-22",意见建议,"0300",92
8940,"2025-05-22",求助,"0400",12
8941,"2025-05-22",表扬,"0500",66
8942,"2025-05-22",举报,"0600",110
8943,"2025-05-22",无效,"0700",264
8944,"2025-05-22",其他,"9999",270
8945,"2025-05-23",咨询,"0100",9
8946,"2025-05-23",投诉,"0200",53
8947,"2025-05-23",意见建议,"0300",32
8948,"2025-05-23",求助,"0400",28
8949,"2025-05-23",表扬,"0500",70
8950,"2025-05-23",举报,"0600",89
8951,"2025-05-23",无效,"0700",23
8952,"2025-05-23",其他,"9999",178
8953,"2025-05-24",咨询,"0100",58
8954,"2025-05-24",投诉,"0200",24
8955,"2025-05-24",意见建议,"0300",23
8956,"2025-05-24",求助,"0400",62
8957,"2025-05-24",表扬,"0500",23
8958,"2025-05-24",举报,"0600",11
8959,"2025-05-24",无效,"0700",61
8960,"2025-05-24",其他,"9999",272
8961,"2025-05-25",咨询,"0100",48
8962,"2025-05-25",投诉,"0200",32
8963,"2025-05-25",意见建议,"0300",52
8964,"2025-05-25",求助,"0400",72
8965,"2025-05-25",表扬,"0500",52
8966,"2025-05-25",举报,"0600",48
8967,"2025-05-25",无效,"0700",62
8968,"2025-05-25",其他,"9999",126
8969,"2025-05-26",咨询,"0100",6
8970,"2025-05-26",投诉,"0200",28
8971,"2025-05-26",意见建议,"0300",21
8972,"2025-05-26",求助,"0400",50
8973,"2025-05-26",表扬,"0500",33
8974,"2025-05-26",举报,"0600",71
8975,"2025-05-26",无效,"0700",75
8976,"2025-05-26",其他,"9999",191
8977,"2025-05-27",咨询,"0100",40
8978,"2025-05-27",投诉,"0200",40
8979,"2025-05-27",意见建议,"0300",36
8980,"2025-05-27",求助,"0400",25
8981,"2025-05-27",表扬,"0500",28
8982,"2025-05-27",举报,"0600",14
8983,"2025-05-27",无效,"0700",6
8984,"2025-05-27",其他,"9999",177
8985,"2025-05-28",咨询,"0100",100
8986,"2025-05-28",投诉,"0200",102
8987,"2025-05-28",意见建议,"0300",75
8988,"2025-05-28",求助,"0400",80
8989,"2025-05-28",表扬,"0500",35
8990,"2025-05-28",举报,"0600",69
8991,"2025-05-28",无效,"0700",176
8992,"2025-05-28",其他,"9999",331
8993,"2025-05-29",咨询,"0100",68
8994,"2025-05-29",投诉,"0200",32
8995,"2025-05-29",意见建议,"0300",32
8996,"2025-05-29",求助,"0400",70
8997,"2025-05-29",表扬,"0500",63
8998,"2025-05-29",举报,"0600",66
8999,"2025-05-29",无效,"0700",147
9000,"2025-05-29",其他,"9999",235
9001,"2025-05-30",咨询,"0100",15
9002,"2025-05-30",投诉,"0200",26
9003,"2025-05-30",意见建议,"0300",11
9004,"2025-05-30",求助,"0400",22
9005,"2025-05-30",表扬,"0500",79
9006,"2025-05-30",举报,"0600",34
9007,"2025-05-30",无效,"0700",84
9008,"2025-05-30",其他,"9999",121
9009,"2025-05-31",咨询,"0100",26
9010,"2025-05-31",投诉,"0200",72
9011,"2025-05-31",意见建议,"0300",27
9012,"2025-05-31",求助,"0400",35
9013,"2025-05-31",表扬,"0500",75
9014,"2025-05-31",举报,"0600",16
9015,"2025-05-31",无效,"0700",123
9016,"2025-05-31",其他,"9999",174
9017,"2025-06-01",咨询,"0100",81
9018,"2025-06-01",投诉,"0200",63
9019,"2025-06-01",意见建议,"0300",108
9020,"2025-06-01",求助,"0400",60
9021,"2025-06-01",表扬,"0500",20
9022,"2025-06-01",举报,"0600",163
9023,"2025-06-01",无效,"0700",91
9024,"2025-06-01",其他,"9999",343
9025,"2025-06-02",咨询,"0100",26
9026,"2025-06-02",投诉,"0200",43
9027,"2025-06-02",意见建议,"0300",29
9028,"2025-06-02",求助,"0400",9
9029,"2025-06-02",表扬,"0500",34
9030,"2025-06-02",举报,"0600",49
9031,"2025-06-02",无效,"0700",87
9032,"2025-06-02",其他,"9999",113
9033,"2025-06-03",咨询,"0100",57
9034,"2025-06-03",投诉,"0200",78
9035,"2025-06-03",意见建议,"0300",10
9036,"2025-06-03",求助,"0400",44
9037,"2025-06-03",表扬,"0500",38
9038,"2025-06-03",举报,"0600",96
9039,"2025-06-03",无效,"0700",5
9040,"2025-06-03",其他,"9999",381
9041,"2025-06-04",咨询,"0100",15
9042,"2025-06-04",投诉,"0200",6
9043,"2025-06-04",意见建议,"0300",5
9044,"2025-06-04",求助,"0400",29
9045,"2025-06-04",表扬,"0500",14
9046,"2025-06-04",举报,"0600",30
9047,"2025-06-04",无效,"0700",77
9048,"2025-06-04",其他,"9999",189
9049,"2025-06-05",咨询,"0100",59
9050,"2025-06-05",投诉,"0200",9
9051,"2025-06-05",意见建议,"0300",105
9052,"2025-06-05",求助,"0400",80
9053,"2025-06-05",表扬,"0500",30
9054,"2025-06-05",举报,"0600",38
9055,"2025-06-05",无效,"0700",78
9056,"2025-06-05",其他,"9999",309
9057,"2025-06-06",咨询,"0100",9
9058,"2025-06-06",投诉,"0200",64
9059,"2025-06-06",意见建议,"0300",52
9060,"2025-06-06",求助,"0400",36
9061,"2025-06-06",表扬,"0500",5
9062,"2025-06-06",举报,"0600",141
9063,"2025-06-06",无效,"0700",19
9064,"2025-06-06",其他,"9999",315
9065,"2025-06-07",咨询,"0100",14
9066,"2025-06-07",投诉,"0200",43
9067,"2025-06-07",意见建议,"0300",10
9068,"2025-06-07",求助,"0400",56
9069,"2025-06-07",表扬,"0500",107
9070,"2025-06-07",举报,"0600",43
9071,"2025-06-07",无效,"0700",57
9072,"2025-06-07",其他,"9999",242
9073,"2025-06-08",咨询,"0100",45
9074,"2025-06-08",投诉,"0200",100
9075,"2025-06-08",意见建议,"0300",24
9076,"2025-06-08",求助,"0400",5
9077,"2025-06-08",表扬,"0500",45
9078,"2025-06-08",举报,"0600",101
9079,"2025-06-08",无效,"0700",242
9080,"2025-06-08",其他,"9999",354
9081,"2025-06-09",咨询,"0100",13
9082,"2025-06-09",投诉,"0200",14
9083,"2025-06-09",意见建议,"0300",10
9084,"2025-06-09",求助,"0400",63
9085,"2025-06-09",表扬,"0500",103
9086,"2025-06-09",举报,"0600",51
9087,"2025-06-09",无效,"0700",224
9088,"2025-06-09",其他,"9999",272
9089,"2025-06-10",咨询,"0100",48
9090,"2025-06-10",投诉,"0200",30
9091,"2025-06-10",意见建议,"0300",72
9092,"2025-06-10",求助,"0400",64
9093,"2025-06-10",表扬,"0500",11
9094,"2025-06-10",举报,"0600",58
9095,"2025-06-10",无效,"0700",59
9096,"2025-06-10",其他,"9999",312
9097,"2025-06-11",咨询,"0100",5
9098,"2025-06-11",投诉,"0200",41
9099,"2025-06-11",意见建议,"0300",128
9100,"2025-06-11",求助,"0400",80
9101,"2025-06-11",表扬,"0500",52
9102,"2025-06-11",举报,"0600",56
9103,"2025-06-11",无效,"0700",209
9104,"2025-06-11",其他,"9999",267
9105,"2025-06-12",咨询,"0100",66
9106,"2025-06-12",投诉,"0200",11
9107,"2025-06-12",意见建议,"0300",61
9108,"2025-06-12",求助,"0400",61
9109,"2025-06-12",表扬,"0500",146
9110,"2025-06-12",举报,"0600",16
9111,"2025-06-12",无效,"0700",104
9112,"2025-06-12",其他,"9999",347
9113,"2025-06-13",咨询,"0100",28
9114,"2025-06-13",投诉,"0200",23
9115,"2025-06-13",意见建议,"0300",8
9116,"2025-06-13",求助,"0400",142
9117,"2025-06-13",表扬,"0500",78
9118,"2025-06-13",举报,"0600",187
9119,"2025-06-13",无效,"0700",172
9120,"2025-06-13",其他,"9999",234
9121,"2025-06-14",咨询,"0100",32
9122,"2025-06-14",投诉,"0200",70
9123,"2025-06-14",意见建议,"0300",48
9124,"2025-06-14",求助,"0400",24
9125,"2025-06-14",表扬,"0500",108
9126,"2025-06-14",举报,"0600",30
9127,"2025-06-14",无效,"0700",176
9128,"2025-06-14",其他,"9999",211
9129,"2025-06-15",咨询,"0100",32
9130,"2025-06-15",投诉,"0200",47
9131,"2025-06-15",意见建议,"0300",105
9132,"2025-06-15",求助,"0400",96
9133,"2025-06-15",表扬,"0500",107
9134,"2025-06-15",举报,"0600",48
9135,"2025-06-15",无效,"0700",22
9136,"2025-06-15",其他,"9999",451
9137,"2025-06-16",咨询,"0100",15
9138,"2025-06-16",投诉,"0200",29
9139,"2025-06-16",意见建议,"0300",32
9140,"2025-06-16",求助,"0400",21
9141,"2025-06-16",表扬,"0500",39
9142,"2025-06-16",举报,"0600",27
9143,"2025-06-16",无效,"0700",29
9144,"2025-06-16",其他,"9999",178
9145,"2025-06-17",咨询,"0100",31
9146,"2025-06-17",投诉,"0200",49
9147,"2025-06-17",意见建议,"0300",7
9148,"2025-06-17",求助,"0400",61
9149,"2025-06-17",表扬,"0500",23
9150,"2025-06-17",举报,"0600",28
9151,"2025-06-17",无效,"0700",42
9152,"2025-06-17",其他,"9999",193
9153,"2025-06-18",咨询,"0100",20
9154,"2025-06-18",投诉,"0200",72
9155,"2025-06-18",意见建议,"0300",20
9156,"2025-06-18",求助,"0400",119
9157,"2025-06-18",表扬,"0500",35
9158,"2025-06-18",举报,"0600",17
9159,"2025-06-18",无效,"0700",101
9160,"2025-06-18",其他,"9999",365
9161,"2025-06-19",咨询,"0100",22
9162,"2025-06-19",投诉,"0200",128
9163,"2025-06-19",意见建议,"0300",11
9164,"2025-06-19",求助,"0400",57
9165,"2025-06-19",表扬,"0500",58
9166,"2025-06-19",举报,"0600",141
9167,"2025-06-19",无效,"0700",152
9168,"2025-06-19",其他,"9999",370
9169,"2025-06-20",咨询,"0100",35
9170,"2025-06-20",投诉,"0200",27
9171,"2025-06-20",意见建议,"0300",91
9172,"2025-06-20",求助,"0400",161
9173,"2025-06-20",表扬,"0500",140
9174,"2025-06-20",举报,"0600",44
9175,"2025-06-20",无效,"0700",122
9176,"2025-06-20",其他,"9999",342
9177,"2025-06-21",咨询,"0100",93
9178,"2025-06-21",投诉,"0200",96
9179,"2025-06-21",意见建议,"0300",107
9180,"2025-06-21",求助,"0400",106
9181,"2025-06-21",表扬,"0500",48
9182,"2025-06-21",举报,"0600",64
9183,"2025-06-21",无效,"0700",69
9184,"2025-06-21",其他,"9999",323
9185,"2025-06-22",咨询,"0100",69
9186,"2025-06-22",投诉,"0200",46
9187,"2025-06-22",意见建议,"0300",88
9188,"2025-06-22",求助,"0400",97
9189,"2025-06-22",表扬,"0500",116
9190,"2025-06-22",举报,"0600",59
9191,"2025-06-22",无效,"0700",30
9192,"2025-06-22",其他,"9999",383
9193,"2025-06-23",咨询,"0100",10
9194,"2025-06-23",投诉,"0200",62
9195,"2025-06-23",意见建议,"0300",64
9196,"2025-06-23",求助,"0400",110
9197,"2025-06-23",表扬,"0500",26
9198,"2025-06-23",举报,"0600",168
9199,"2025-06-23",无效,"0700",63
9200,"2025-06-23",其他,"9999",396
9201,"2025-06-24",咨询,"0100",51
9202,"2025-06-24",投诉,"0200",51
9203,"2025-06-24",意见建议,"0300",28
9204,"2025-06-24",求助,"0400",22
9205,"2025-06-24",表扬,"0500",86
9206,"2025-06-24",举报,"0600",60
9207,"2025-06-24",无效,"0700",28
9208,"2025-06-24",其他,"9999",274
9209,"2025-06-25",咨询,"0100",43
9210,"2025-06-25",投诉,"0200",6
9211,"2025-06-25",意见建议,"0300",36
9212,"2025-06-25",求助,"0400",62
9213,"2025-06-25",表扬,"0500",34
9214,"2025-06-25",举报,"0600",92
9215,"2025-06-25",无效,"0700",90
9216,"2025-06-25",其他,"9999",243
9217,"2025-06-26",咨询,"0100",87
9218,"2025-06-26",投诉,"0200",89
9219,"2025-06-26",意见建议,"0300",99
9220,"2025-06-26",求助,"0400",83
9221,"2025-06-26",表扬,"0500",45
9222,"2025-06-26",举报,"0600",5
9223,"2025-06-26",无效,"0700",107
9224,"2025-06-26",其他,"9999",266
9225,"2025-06-27",咨询,"0100",29
9226,"2025-06-27",投诉,"0200",91
9227,"2025-06-27",意见建议,"0300",50
9228,"2025-06-27",求助,"0400",63
9229,"2025-06-27",表扬,"0500",138
9230,"2025-06-27",举报,"0600",128
9231,"2025-06-27",无效,"0700",64
9232,"2025-06-27",其他,"9999",384
9233,"2025-06-28",咨询,"0100",44
9234,"2025-06-28",投诉,"0200",63
9235,"2025-06-28",意见建议,"0300",45
9236,"2025-06-28",求助,"0400",27
9237,"2025-06-28",表扬,"0500",64
9238,"2025-06-28",举报,"0600",42
9239,"2025-06-28",无效,"0700",169
9240,"2025-06-28",其他,"9999",380
9241,"2025-06-29",咨询,"0100",48
9242,"2025-06-29",投诉,"0200",54
9243,"2025-06-29",意见建议,"0300",17
9244,"2025-06-29",求助,"0400",13
9245,"2025-06-29",表扬,"0500",45
9246,"2025-06-29",举报,"0600",14
9247,"2025-06-29",无效,"0700",89
9248,"2025-06-29",其他,"9999",215
9249,"2025-06-30",咨询,"0100",27
9250,"2025-06-30",投诉,"0200",11
9251,"2025-06-30",意见建议,"0300",43
9252,"2025-06-30",求助,"0400",5
9253,"2025-06-30",表扬,"0500",25
9254,"2025-06-30",举报,"0600",147
9255,"2025-06-30",无效,"0700",127
9256,"2025-06-30",其他,"9999",203
9257,"2025-07-01",咨询,"0100",68
9258,"2025-07-01",投诉,"0200",60
9259,"2025-07-01",意见建议,"0300",47
9260,"2025-07-01",求助,"0400",19
9261,"2025-07-01",表扬,"0500",17
9262,"2025-07-01",举报,"0600",72
9263,"2025-07-01",无效,"0700",7
9264,"2025-07-01",其他,"9999",311
9265,"2025-07-02",咨询,"0100",69
9266,"2025-07-02",投诉,"0200",11
9267,"2025-07-02",意见建议,"0300",35
9268,"2025-07-02",求助,"0400",124
9269,"2025-07-02",表扬,"0500",25
9270,"2025-07-02",举报,"0600",74
9271,"2025-07-02",无效,"0700",20
9272,"2025-07-02",其他,"9999",524
9273,"2025-07-03",咨询,"0100",28
9274,"2025-07-03",投诉,"0200",34
9275,"2025-07-03",意见建议,"0300",114
9276,"2025-07-03",求助,"0400",28
9277,"2025-07-03",表扬,"0500",171
9278,"2025-07-03",举报,"0600",134
9279,"2025-07-03",无效,"0700",146
9280,"2025-07-03",其他,"9999",234
9281,"2025-07-04",咨询,"0100",19
9282,"2025-07-04",投诉,"0200",13
9283,"2025-07-04",意见建议,"0300",70
9284,"2025-07-04",求助,"0400",70
9285,"2025-07-04",表扬,"0500",56
9286,"2025-07-04",举报,"0600",116
9287,"2025-07-04",无效,"0700",240
9288,"2025-07-04",其他,"9999",341
9289,"2025-07-05",咨询,"0100",42
9290,"2025-07-05",投诉,"0200",29
9291,"2025-07-05",意见建议,"0300",50
9292,"2025-07-05",求助,"0400",31
9293,"2025-07-05",表扬,"0500",62
9294,"2025-07-05",举报,"0600",13
9295,"2025-07-05",无效,"0700",130
9296,"2025-07-05",其他,"9999",199
9297,"2025-07-06",咨询,"0100",101
9298,"2025-07-06",投诉,"0200",26
9299,"2025-07-06",意见建议,"0300",87
9300,"2025-07-06",求助,"0400",23
9301,"2025-07-06",表扬,"0500",126
9302,"2025-07-06",举报,"0600",102
9303,"2025-07-06",无效,"0700",172
9304,"2025-07-06",其他,"9999",352
9305,"2025-07-07",咨询,"0100",57
9306,"2025-07-07",投诉,"0200",73
9307,"2025-07-07",意见建议,"0300",61
9308,"2025-07-07",求助,"0400",44
9309,"2025-07-07",表扬,"0500",13
9310,"2025-07-07",举报,"0600",103
9311,"2025-07-07",无效,"0700",110
9312,"2025-07-07",其他,"9999",135
9313,"2025-07-08",咨询,"0100",29
9314,"2025-07-08",投诉,"0200",7
9315,"2025-07-08",意见建议,"0300",7
9316,"2025-07-08",求助,"0400",49
9317,"2025-07-08",表扬,"0500",27
9318,"2025-07-08",举报,"0600",13
9319,"2025-07-08",无效,"0700",77
9320,"2025-07-08",其他,"9999",141
9321,"2025-07-09",咨询,"0100",27
9322,"2025-07-09",投诉,"0200",46
9323,"2025-07-09",意见建议,"0300",8
9324,"2025-07-09",求助,"0400",100
9325,"2025-07-09",表扬,"0500",73
9326,"2025-07-09",举报,"0600",97
9327,"2025-07-09",无效,"0700",86
9328,"2025-07-09",其他,"9999",361
9329,"2025-07-10",咨询,"0100",25
9330,"2025-07-10",投诉,"0200",23
9331,"2025-07-10",意见建议,"0300",8
9332,"2025-07-10",求助,"0400",9
9333,"2025-07-10",表扬,"0500",42
9334,"2025-07-10",举报,"0600",16
9335,"2025-07-10",无效,"0700",45
9336,"2025-07-10",其他,"9999",235
9337,"2025-07-11",咨询,"0100",18
9338,"2025-07-11",投诉,"0200",43
9339,"2025-07-11",意见建议,"0300",30
9340,"2025-07-11",求助,"0400",116
9341,"2025-07-11",表扬,"0500",158
9342,"2025-07-11",举报,"0600",118
9343,"2025-07-11",无效,"0700",152
9344,"2025-07-11",其他,"9999",256
9345,"2025-07-12",咨询,"0100",73
9346,"2025-07-12",投诉,"0200",124
9347,"2025-07-12",意见建议,"0300",90
9348,"2025-07-12",求助,"0400",104
9349,"2025-07-12",表扬,"0500",89
9350,"2025-07-12",举报,"0600",44
9351,"2025-07-12",无效,"0700",120
9352,"2025-07-12",其他,"9999",302
9353,"2025-07-13",咨询,"0100",21
9354,"2025-07-13",投诉,"0200",61
9355,"2025-07-13",意见建议,"0300",39
9356,"2025-07-13",求助,"0400",25
9357,"2025-07-13",表扬,"0500",19
9358,"2025-07-13",举报,"0600",18
9359,"2025-07-13",无效,"0700",125
9360,"2025-07-13",其他,"9999",212
9361,"2025-07-14",咨询,"0100",21
9362,"2025-07-14",投诉,"0200",58
9363,"2025-07-14",意见建议,"0300",13
9364,"2025-07-14",求助,"0400",32
9365,"2025-07-14",表扬,"0500",13
9366,"2025-07-14",举报,"0600",94
9367,"2025-07-14",无效,"0700",40
9368,"2025-07-14",其他,"9999",166
9369,"2025-07-15",咨询,"0100",19
9370,"2025-07-15",投诉,"0200",12
9371,"2025-07-15",意见建议,"0300",56
9372,"2025-07-15",求助,"0400",16
9373,"2025-07-15",表扬,"0500",16
9374,"2025-07-15",举报,"0600",48
9375,"2025-07-15",无效,"0700",99
9376,"2025-07-15",其他,"9999",147
9377,"2025-07-16",咨询,"0100",77
9378,"2025-07-16",投诉,"0200",57
9379,"2025-07-16",意见建议,"0300",60
9380,"2025-07-16",求助,"0400",38
9381,"2025-07-16",表扬,"0500",53
9382,"2025-07-16",举报,"0600",125
9383,"2025-07-16",无效,"0700",123
9384,"2025-07-16",其他,"9999",211
9385,"2025-07-17",咨询,"0100",16
9386,"2025-07-17",投诉,"0200",83
9387,"2025-07-17",意见建议,"0300",9
9388,"2025-07-17",求助,"0400",35
9389,"2025-07-17",表扬,"0500",98
9390,"2025-07-17",举报,"0600",98
9391,"2025-07-17",无效,"0700",78
9392,"2025-07-17",其他,"9999",332
9393,"2025-07-18",咨询,"0100",62
9394,"2025-07-18",投诉,"0200",54
9395,"2025-07-18",意见建议,"0300",80
9396,"2025-07-18",求助,"0400",55
9397,"2025-07-18",表扬,"0500",76
9398,"2025-07-18",举报,"0600",101
9399,"2025-07-18",无效,"0700",129
9400,"2025-07-18",其他,"9999",176
9401,"2025-07-19",咨询,"0100",68
9402,"2025-07-19",投诉,"0200",39
9403,"2025-07-19",意见建议,"0300",17
9404,"2025-07-19",求助,"0400",144
9405,"2025-07-19",表扬,"0500",122
9406,"2025-07-19",举报,"0600",150
9407,"2025-07-19",无效,"0700",85
9408,"2025-07-19",其他,"9999",234
9409,"2025-07-20",咨询,"0100",69
9410,"2025-07-20",投诉,"0200",93
9411,"2025-07-20",意见建议,"0300",77
9412,"2025-07-20",求助,"0400",120
9413,"2025-07-20",表扬,"0500",89
9414,"2025-07-20",举报,"0600",75
9415,"2025-07-20",无效,"0700",32
9416,"2025-07-20",其他,"9999",303
9417,"2025-07-21",咨询,"0100",67
9418,"2025-07-21",投诉,"0200",18
9419,"2025-07-21",意见建议,"0300",67
9420,"2025-07-21",求助,"0400",72
9421,"2025-07-21",表扬,"0500",71
9422,"2025-07-21",举报,"0600",136
9423,"2025-07-21",无效,"0700",45
9424,"2025-07-21",其他,"9999",238
9425,"2025-07-22",咨询,"0100",44
9426,"2025-07-22",投诉,"0200",20
9427,"2025-07-22",意见建议,"0300",78
9428,"2025-07-22",求助,"0400",59
9429,"2025-07-22",表扬,"0500",36
9430,"2025-07-22",举报,"0600",39
9431,"2025-07-22",无效,"0700",165
9432,"2025-07-22",其他,"9999",210
9433,"2025-07-23",咨询,"0100",58
9434,"2025-07-23",投诉,"0200",31
9435,"2025-07-23",意见建议,"0300",79
9436,"2025-07-23",求助,"0400",91
9437,"2025-07-23",表扬,"0500",37
9438,"2025-07-23",举报,"0600",127
9439,"2025-07-23",无效,"0700",98
9440,"2025-07-23",其他,"9999",202
9441,"2025-07-24",咨询,"0100",12
9442,"2025-07-24",投诉,"0200",107
9443,"2025-07-24",意见建议,"0300",126
9444,"2025-07-24",求助,"0400",38
9445,"2025-07-24",表扬,"0500",17
9446,"2025-07-24",举报,"0600",184
9447,"2025-07-24",无效,"0700",162
9448,"2025-07-24",其他,"9999",306
9449,"2025-07-25",咨询,"0100",71
9450,"2025-07-25",投诉,"0200",34
9451,"2025-07-25",意见建议,"0300",68
9452,"2025-07-25",求助,"0400",63
9453,"2025-07-25",表扬,"0500",34
9454,"2025-07-25",举报,"0600",95
9455,"2025-07-25",无效,"0700",77
9456,"2025-07-25",其他,"9999",227
9457,"2025-07-26",咨询,"0100",21
9458,"2025-07-26",投诉,"0200",70
9459,"2025-07-26",意见建议,"0300",41
9460,"2025-07-26",求助,"0400",24
9461,"2025-07-26",表扬,"0500",21
9462,"2025-07-26",举报,"0600",35
9463,"2025-07-26",无效,"0700",77
9464,"2025-07-26",其他,"9999",264
9465,"2025-07-27",咨询,"0100",40
9466,"2025-07-27",投诉,"0200",9
9467,"2025-07-27",意见建议,"0300",40
9468,"2025-07-27",求助,"0400",17
9469,"2025-07-27",表扬,"0500",11
9470,"2025-07-27",举报,"0600",59
9471,"2025-07-27",无效,"0700",38
9472,"2025-07-27",其他,"9999",178
9473,"2025-07-28",咨询,"0100",36
9474,"2025-07-28",投诉,"0200",20
9475,"2025-07-28",意见建议,"0300",31
9476,"2025-07-28",求助,"0400",18
9477,"2025-07-28",表扬,"0500",26
9478,"2025-07-28",举报,"0600",21
9479,"2025-07-28",无效,"0700",42
9480,"2025-07-28",其他,"9999",154
9481,"2025-07-29",咨询,"0100",37
9482,"2025-07-29",投诉,"0200",19
9483,"2025-07-29",意见建议,"0300",38
9484,"2025-07-29",求助,"0400",101
9485,"2025-07-29",表扬,"0500",152
9486,"2025-07-29",举报,"0600",6
9487,"2025-07-29",无效,"0700",217
9488,"2025-07-29",其他,"9999",335
9489,"2025-07-30",咨询,"0100",95
9490,"2025-07-30",投诉,"0200",51
9491,"2025-07-30",意见建议,"0300",73
9492,"2025-07-30",求助,"0400",63
9493,"2025-07-30",表扬,"0500",136
9494,"2025-07-30",举报,"0600",14
9495,"2025-07-30",无效,"0700",195
9496,"2025-07-30",其他,"9999",221
9497,"2025-07-31",咨询,"0100",12
9498,"2025-07-31",投诉,"0200",10
9499,"2025-07-31",意见建议,"0300",25
9500,"2025-07-31",求助,"0400",13
9501,"2025-07-31",表扬,"0500",40
9502,"2025-07-31",举报,"0600",35
9503,"2025-07-31",无效,"0700",29
9504,"2025-07-31",其他,"9999",143
9505,"2025-08-01",咨询,"0100",47
9506,"2025-08-01",投诉,"0200",57
9507,"2025-08-01",意见建议,"0300",30
9508,"2025-08-01",求助,"0400",5
9509,"2025-08-01",表扬,"0500",42
9510,"2025-08-01",举报,"0600",59
9511,"2025-08-01",无效,"0700",53
9512,"2025-08-01",其他,"9999",271
