"md_id","busi_time","sub_name","assess_cnt","satisfaction_one_cnt","satisfaction_two_cnt","satisfaction_three_cnt","satisfaction_four_cnt","satisfaction_five_cnt","satisfaction_zero_cnt"
0,"2022-05-01",科教文体,206,4,20,50,114,15,3
1,"2022-05-01",公卫医疗,216,5,14,69,118,8,2
2,"2022-05-01",城乡建设,423,12,31,115,246,18,1
3,"2022-05-01",交通运输,62,1,5,18,35,3,0
4,"2022-05-01",农林牧渔,44,0,3,13,25,3,0
5,"2022-05-02",科教文体,711,12,50,203,401,38,7
6,"2022-05-02",公卫医疗,66,0,6,18,39,2,1
7,"2022-05-02",城乡建设,336,5,20,97,187,23,4
8,"2022-05-02",交通运输,66,2,7,20,33,4,0
9,"2022-05-02",农林牧渔,534,9,39,180,273,28,5
10,"2022-05-03",科教文体,209,1,9,68,120,11,0
11,"2022-05-03",公卫医疗,59,1,6,13,37,1,1
12,"2022-05-03",城乡建设,229,4,19,65,124,14,3
13,"2022-05-03",交通运输,623,8,45,174,355,35,6
14,"2022-05-03",农林牧渔,97,0,6,28,53,7,3
15,"2022-05-04",科教文体,172,1,9,56,95,9,2
16,"2022-05-04",公卫医疗,29,2,6,8,11,2,0
17,"2022-05-04",城乡建设,497,7,35,161,262,29,3
18,"2022-05-04",交通运输,59,1,3,15,33,5,2
19,"2022-05-04",农林牧渔,281,6,10,88,164,10,3
20,"2022-05-05",科教文体,80,1,6,20,46,5,2
21,"2022-05-05",公卫医疗,210,4,7,65,118,14,2
22,"2022-05-05",城乡建设,161,2,9,46,91,11,2
23,"2022-05-05",交通运输,291,4,17,97,157,15,1
24,"2022-05-05",农林牧渔,109,2,10,31,59,5,2
25,"2022-05-06",科教文体,224,3,17,68,119,17,0
26,"2022-05-06",公卫医疗,359,9,16,110,198,20,6
27,"2022-05-06",城乡建设,345,7,20,114,179,21,4
28,"2022-05-06",交通运输,520,13,38,141,286,33,9
29,"2022-05-06",农林牧渔,134,2,11,35,74,10,2
30,"2022-05-07",科教文体,600,16,43,179,321,34,7
31,"2022-05-07",公卫医疗,141,1,10,37,89,3,1
32,"2022-05-07",城乡建设,409,6,31,109,242,20,1
33,"2022-05-07",交通运输,45,0,5,15,21,4,0
34,"2022-05-07",农林牧渔,21,0,2,1,17,1,0
35,"2022-05-08",科教文体,99,2,11,29,52,5,0
36,"2022-05-08",公卫医疗,216,2,14,66,122,9,3
37,"2022-05-08",城乡建设,194,0,10,72,102,9,1
38,"2022-05-08",交通运输,651,9,48,197,357,32,8
39,"2022-05-08",农林牧渔,37,1,0,13,21,2,0
40,"2022-05-09",科教文体,889,19,62,302,452,50,4
41,"2022-05-09",公卫医疗,187,0,14,63,93,15,2
42,"2022-05-09",城乡建设,433,12,26,125,240,26,4
43,"2022-05-09",交通运输,31,1,2,9,17,1,1
44,"2022-05-09",农林牧渔,5,0,0,1,4,0,0
45,"2022-05-10",科教文体,148,1,7,50,84,5,1
46,"2022-05-10",公卫医疗,48,1,3,13,26,4,1
47,"2022-05-10",城乡建设,403,10,35,112,215,22,9
48,"2022-05-10",交通运输,849,14,53,267,459,51,5
49,"2022-05-10",农林牧渔,80,1,8,22,43,5,1
50,"2022-05-11",科教文体,331,8,26,92,191,12,2
51,"2022-05-11",公卫医疗,141,3,8,41,84,4,1
52,"2022-05-11",城乡建设,349,6,25,110,192,13,3
53,"2022-05-11",交通运输,23,0,0,7,13,3,0
54,"2022-05-11",农林牧渔,84,1,5,18,54,4,2
55,"2022-05-12",科教文体,102,3,3,29,60,6,1
56,"2022-05-12",公卫医疗,38,1,3,10,17,5,2
57,"2022-05-12",城乡建设,304,6,19,94,168,15,2
58,"2022-05-12",交通运输,562,9,41,149,317,35,11
59,"2022-05-12",农林牧渔,362,10,23,108,195,23,3
60,"2022-05-13",科教文体,323,6,20,97,181,16,3
61,"2022-05-13",公卫医疗,425,4,27,125,251,16,2
62,"2022-05-13",城乡建设,34,0,2,11,18,3,0
63,"2022-05-13",交通运输,251,2,19,79,135,13,3
64,"2022-05-13",农林牧渔,102,4,10,28,55,5,0
65,"2022-05-14",科教文体,19,0,1,2,16,0,0
66,"2022-05-14",公卫医疗,225,4,22,64,122,9,4
67,"2022-05-14",城乡建设,273,4,21,82,154,10,2
68,"2022-05-14",交通运输,638,13,36,209,347,28,5
69,"2022-05-14",农林牧渔,296,2,16,74,186,14,4
70,"2022-05-15",科教文体,699,12,45,240,359,37,6
71,"2022-05-15",公卫医疗,84,0,11,24,44,5,0
72,"2022-05-15",城乡建设,386,7,34,113,207,20,5
73,"2022-05-15",交通运输,167,4,13,42,100,8,0
74,"2022-05-15",农林牧渔,644,9,42,203,358,26,6
75,"2022-05-16",科教文体,99,1,2,25,63,6,2
76,"2022-05-16",公卫医疗,385,16,23,115,207,19,5
77,"2022-05-16",城乡建设,435,10,28,114,255,22,6
78,"2022-05-16",交通运输,507,9,34,157,278,24,5
79,"2022-05-16",农林牧渔,246,7,23,89,120,7,0
80,"2022-05-17",科教文体,11,0,1,3,6,1,0
81,"2022-05-17",公卫医疗,107,0,5,25,73,4,0
82,"2022-05-17",城乡建设,31,0,1,9,19,1,1
83,"2022-05-17",交通运输,335,6,31,83,187,23,5
84,"2022-05-17",农林牧渔,406,7,24,138,217,14,6
85,"2022-05-18",科教文体,311,3,30,101,151,23,3
86,"2022-05-18",公卫医疗,68,0,2,20,44,2,0
87,"2022-05-18",城乡建设,615,14,35,172,365,25,4
88,"2022-05-18",交通运输,19,1,0,9,8,1,0
89,"2022-05-18",农林牧渔,412,11,20,126,230,22,3
90,"2022-05-19",科教文体,365,3,26,115,203,12,6
91,"2022-05-19",公卫医疗,95,4,2,30,53,5,1
92,"2022-05-19",城乡建设,115,3,6,35,62,7,2
93,"2022-05-19",交通运输,291,5,18,74,169,19,6
94,"2022-05-19",农林牧渔,141,3,14,45,72,5,2
95,"2022-05-20",科教文体,1015,22,73,317,543,45,15
96,"2022-05-20",公卫医疗,184,0,10,56,113,5,0
97,"2022-05-20",城乡建设,69,1,5,25,33,4,1
98,"2022-05-20",交通运输,72,3,3,23,40,3,0
99,"2022-05-20",农林牧渔,189,7,13,52,100,14,3
100,"2022-05-21",科教文体,222,3,13,74,117,11,4
101,"2022-05-21",公卫医疗,71,0,5,24,40,1,1
102,"2022-05-21",城乡建设,13,1,1,6,5,0,0
103,"2022-05-21",交通运输,113,1,7,35,66,2,2
104,"2022-05-21",农林牧渔,256,4,18,82,131,15,6
105,"2022-05-22",科教文体,484,10,46,154,242,23,9
106,"2022-05-22",公卫医疗,381,8,23,108,213,25,4
107,"2022-05-22",城乡建设,32,1,2,12,16,1,0
108,"2022-05-22",交通运输,497,9,32,159,269,25,3
109,"2022-05-22",农林牧渔,4,0,0,1,2,1,0
110,"2022-05-23",科教文体,302,6,17,88,171,17,3
111,"2022-05-23",公卫医疗,452,11,30,133,251,21,6
112,"2022-05-23",城乡建设,246,2,12,86,135,7,4
113,"2022-05-23",交通运输,425,6,20,124,248,21,6
114,"2022-05-23",农林牧渔,181,3,15,57,94,8,4
115,"2022-05-24",科教文体,181,5,11,55,100,10,0
116,"2022-05-24",公卫医疗,82,2,5,18,55,1,1
117,"2022-05-24",城乡建设,744,14,40,229,415,41,5
118,"2022-05-24",交通运输,305,7,21,83,176,17,1
119,"2022-05-24",农林牧渔,381,5,28,116,200,29,3
120,"2022-05-25",科教文体,277,9,19,90,148,9,2
121,"2022-05-25",公卫医疗,125,4,11,43,63,4,0
122,"2022-05-25",城乡建设,187,4,11,55,105,8,4
123,"2022-05-25",交通运输,830,13,48,241,478,40,10
124,"2022-05-25",农林牧渔,18,0,1,7,8,2,0
125,"2022-05-26",科教文体,162,3,10,51,89,8,1
126,"2022-05-26",公卫医疗,278,6,21,69,172,8,2
127,"2022-05-26",城乡建设,289,5,24,76,160,17,7
128,"2022-05-26",交通运输,263,2,25,63,165,6,2
129,"2022-05-26",农林牧渔,353,7,28,110,187,19,2
130,"2022-05-27",科教文体,128,0,8,51,58,10,1
131,"2022-05-27",公卫医疗,358,8,27,104,196,18,5
132,"2022-05-27",城乡建设,123,4,10,38,63,7,1
133,"2022-05-27",交通运输,1163,23,77,332,666,55,10
134,"2022-05-27",农林牧渔,60,2,4,18,28,7,1
135,"2022-05-28",科教文体,276,5,21,76,157,16,1
136,"2022-05-28",公卫医疗,306,5,21,111,155,11,3
137,"2022-05-28",城乡建设,5,0,0,2,3,0,0
138,"2022-05-28",交通运输,27,0,0,9,18,0,0
139,"2022-05-28",农林牧渔,27,1,2,8,15,1,0
140,"2022-05-29",科教文体,435,6,32,144,228,19,6
141,"2022-05-29",公卫医疗,342,10,18,104,187,19,4
142,"2022-05-29",城乡建设,200,7,19,50,109,11,4
143,"2022-05-29",交通运输,7,0,0,2,5,0,0
144,"2022-05-29",农林牧渔,915,14,67,281,500,46,7
145,"2022-05-30",科教文体,171,3,8,45,104,8,3
146,"2022-05-30",公卫医疗,173,2,13,49,98,10,1
147,"2022-05-30",城乡建设,7,1,0,3,3,0,0
148,"2022-05-30",交通运输,22,0,1,7,13,0,1
149,"2022-05-30",农林牧渔,303,7,19,91,166,20,0
150,"2022-05-31",科教文体,102,3,8,30,56,5,0
151,"2022-05-31",公卫医疗,250,2,14,83,133,17,1
152,"2022-05-31",城乡建设,81,1,7,31,36,6,0
153,"2022-05-31",交通运输,137,1,7,47,72,8,2
154,"2022-05-31",农林牧渔,389,6,25,110,222,19,7
155,"2022-06-01",科教文体,12,1,1,5,5,0,0
156,"2022-06-01",公卫医疗,768,18,54,239,418,36,3
157,"2022-06-01",城乡建设,282,4,12,96,148,17,5
158,"2022-06-01",交通运输,491,13,28,147,269,31,3
159,"2022-06-01",农林牧渔,256,11,16,72,145,10,2
160,"2022-06-02",科教文体,421,10,31,127,230,16,7
161,"2022-06-02",公卫医疗,640,15,47,171,364,33,10
162,"2022-06-02",城乡建设,225,2,19,62,120,17,5
163,"2022-06-02",交通运输,293,5,24,79,169,14,2
164,"2022-06-02",农林牧渔,257,6,14,76,142,16,3
165,"2022-06-03",科教文体,246,4,12,79,135,14,2
166,"2022-06-03",公卫医疗,38,0,0,10,26,1,1
167,"2022-06-03",城乡建设,99,1,9,32,52,3,2
168,"2022-06-03",交通运输,358,8,24,102,203,18,3
169,"2022-06-03",农林牧渔,59,1,1,19,35,0,3
170,"2022-06-04",科教文体,27,0,1,10,15,1,0
171,"2022-06-04",公卫医疗,517,4,35,170,284,19,5
172,"2022-06-04",城乡建设,316,5,25,97,164,22,3
173,"2022-06-04",交通运输,170,1,13,51,97,7,1
174,"2022-06-04",农林牧渔,658,16,51,208,340,38,5
175,"2022-06-05",科教文体,290,8,27,87,155,10,3
176,"2022-06-05",公卫医疗,606,16,38,178,336,33,5
177,"2022-06-05",城乡建设,320,4,29,91,176,15,5
178,"2022-06-05",交通运输,27,1,4,8,12,2,0
179,"2022-06-05",农林牧渔,71,1,3,31,33,3,0
180,"2022-06-06",科教文体,28,0,3,10,13,1,1
181,"2022-06-06",公卫医疗,375,3,27,117,210,16,2
182,"2022-06-06",城乡建设,1013,26,68,305,554,50,10
183,"2022-06-06",交通运输,325,10,28,106,167,11,3
184,"2022-06-06",农林牧渔,113,3,8,37,64,1,0
185,"2022-06-07",科教文体,668,19,45,218,344,36,6
186,"2022-06-07",公卫医疗,429,10,31,131,225,22,10
187,"2022-06-07",城乡建设,170,7,7,55,90,8,3
188,"2022-06-07",交通运输,507,7,30,155,286,26,3
189,"2022-06-07",农林牧渔,77,2,3,26,40,5,1
190,"2022-06-08",科教文体,21,0,2,3,14,1,1
191,"2022-06-08",公卫医疗,114,4,5,39,59,5,2
192,"2022-06-08",城乡建设,455,13,21,140,247,27,7
193,"2022-06-08",交通运输,412,8,25,136,221,19,3
194,"2022-06-08",农林牧渔,326,5,24,105,171,17,4
195,"2022-06-09",科教文体,120,2,9,34,63,10,2
196,"2022-06-09",公卫医疗,212,4,10,47,135,14,2
197,"2022-06-09",城乡建设,707,15,41,203,407,31,10
198,"2022-06-09",交通运输,247,6,19,82,129,10,1
199,"2022-06-09",农林牧渔,42,1,3,14,22,2,0
200,"2022-06-10",科教文体,269,3,20,79,149,15,3
201,"2022-06-10",公卫医疗,747,17,53,241,407,22,7
202,"2022-06-10",城乡建设,78,1,5,24,35,11,2
203,"2022-06-10",交通运输,8,1,0,4,3,0,0
204,"2022-06-10",农林牧渔,332,9,22,99,182,16,4
205,"2022-06-11",科教文体,127,1,12,40,62,11,1
206,"2022-06-11",公卫医疗,102,1,6,36,57,2,0
207,"2022-06-11",城乡建设,279,6,16,86,153,15,3
208,"2022-06-11",交通运输,243,8,15,55,143,15,7
209,"2022-06-11",农林牧渔,19,0,1,5,12,1,0
210,"2022-06-12",科教文体,314,6,19,88,182,14,5
211,"2022-06-12",公卫医疗,168,4,7,57,95,5,0
212,"2022-06-12",城乡建设,273,4,21,90,140,14,4
213,"2022-06-12",交通运输,658,17,43,220,333,40,5
214,"2022-06-12",农林牧渔,202,4,19,62,104,10,3
215,"2022-06-13",科教文体,251,7,14,69,141,17,3
216,"2022-06-13",公卫医疗,32,3,4,6,18,1,0
217,"2022-06-13",城乡建设,846,17,52,264,469,35,9
218,"2022-06-13",交通运输,510,6,26,143,302,27,6
219,"2022-06-13",农林牧渔,23,0,1,11,11,0,0
220,"2022-06-14",科教文体,254,4,15,75,142,13,5
221,"2022-06-14",公卫医疗,263,3,17,82,140,17,4
222,"2022-06-14",城乡建设,458,4,26,138,255,28,7
223,"2022-06-14",交通运输,69,1,3,25,34,6,0
224,"2022-06-14",农林牧渔,208,5,14,55,128,4,2
225,"2022-06-15",科教文体,8,1,1,2,3,1,0
226,"2022-06-15",公卫医疗,780,15,49,236,424,43,13
227,"2022-06-15",城乡建设,222,2,19,73,113,12,3
228,"2022-06-15",交通运输,313,10,19,94,169,20,1
229,"2022-06-15",农林牧渔,37,1,5,15,14,1,1
230,"2022-06-16",科教文体,11,0,0,3,7,1,0
231,"2022-06-16",公卫医疗,576,12,41,164,316,37,6
232,"2022-06-16",城乡建设,488,7,45,142,267,19,8
233,"2022-06-16",交通运输,70,1,7,23,35,3,1
234,"2022-06-16",农林牧渔,48,2,2,14,26,4,0
235,"2022-06-17",科教文体,394,9,29,98,229,26,3
236,"2022-06-17",公卫医疗,116,2,10,38,59,7,0
237,"2022-06-17",城乡建设,215,2,25,65,108,14,1
238,"2022-06-17",交通运输,140,2,12,40,72,13,1
239,"2022-06-17",农林牧渔,115,2,1,37,66,8,1
240,"2022-06-18",科教文体,690,14,54,212,370,31,9
241,"2022-06-18",公卫医疗,290,6,24,82,163,12,3
242,"2022-06-18",城乡建设,106,2,6,35,55,6,2
243,"2022-06-18",交通运输,15,0,0,8,6,1,0
244,"2022-06-18",农林牧渔,472,12,31,152,248,24,5
245,"2022-06-19",科教文体,884,15,71,247,500,45,6
246,"2022-06-19",公卫医疗,19,0,3,6,9,1,0
247,"2022-06-19",城乡建设,65,1,8,21,31,3,1
248,"2022-06-19",交通运输,270,3,19,65,171,9,3
249,"2022-06-19",农林牧渔,56,1,7,20,27,0,1
250,"2022-06-20",科教文体,145,4,11,57,71,1,1
251,"2022-06-20",公卫医疗,87,1,9,27,45,5,0
252,"2022-06-20",城乡建设,206,2,8,61,123,10,2
253,"2022-06-20",交通运输,4,0,0,1,3,0,0
254,"2022-06-20",农林牧渔,897,15,62,268,499,41,12
255,"2022-06-21",科教文体,155,4,10,33,92,13,3
256,"2022-06-21",公卫医疗,721,17,41,227,390,38,8
257,"2022-06-21",城乡建设,337,7,28,105,176,17,4
258,"2022-06-21",交通运输,38,1,3,11,23,0,0
259,"2022-06-21",农林牧渔,5,2,0,1,2,0,0
260,"2022-06-22",科教文体,33,0,1,9,22,1,0
261,"2022-06-22",公卫医疗,159,2,20,54,74,6,3
262,"2022-06-22",城乡建设,5,0,0,0,4,1,0
263,"2022-06-22",交通运输,233,7,19,66,129,11,1
264,"2022-06-22",农林牧渔,82,1,4,32,40,5,0
265,"2022-06-23",科教文体,282,7,20,88,156,9,2
266,"2022-06-23",公卫医疗,40,3,2,7,28,0,0
267,"2022-06-23",城乡建设,945,20,69,274,533,39,10
268,"2022-06-23",交通运输,175,4,10,53,93,12,3
269,"2022-06-23",农林牧渔,173,3,13,48,98,10,1
270,"2022-06-24",科教文体,427,9,36,132,236,13,1
271,"2022-06-24",公卫医疗,65,0,7,20,35,3,0
272,"2022-06-24",城乡建设,289,10,16,93,150,15,5
273,"2022-06-24",交通运输,191,2,15,55,109,8,2
274,"2022-06-24",农林牧渔,464,9,39,135,256,21,4
275,"2022-06-25",科教文体,136,4,11,36,76,8,1
276,"2022-06-25",公卫医疗,68,4,4,22,35,2,1
277,"2022-06-25",城乡建设,229,3,18,71,127,9,1
278,"2022-06-25",交通运输,678,18,37,195,387,38,3
279,"2022-06-25",农林牧渔,293,10,9,84,177,11,2
280,"2022-06-26",科教文体,295,6,18,92,165,13,1
281,"2022-06-26",公卫医疗,254,4,18,89,132,11,0
282,"2022-06-26",城乡建设,310,4,24,98,163,18,3
283,"2022-06-26",交通运输,491,11,36,153,267,21,3
284,"2022-06-26",农林牧渔,207,4,14,67,108,10,4
285,"2022-06-27",科教文体,281,7,13,91,156,12,2
286,"2022-06-27",公卫医疗,411,5,21,119,241,21,4
287,"2022-06-27",城乡建设,191,3,9,60,107,12,0
288,"2022-06-27",交通运输,196,6,18,60,104,6,2
289,"2022-06-27",农林牧渔,456,7,29,122,268,23,7
290,"2022-06-28",科教文体,422,8,30,115,245,20,4
291,"2022-06-28",公卫医疗,166,3,15,60,80,6,2
292,"2022-06-28",城乡建设,66,1,7,23,25,9,1
293,"2022-06-28",交通运输,1396,19,105,415,771,77,9
294,"2022-06-28",农林牧渔,188,3,19,59,93,12,2
295,"2022-06-29",科教文体,24,0,2,12,10,0,0
296,"2022-06-29",公卫医疗,294,5,20,87,160,18,4
297,"2022-06-29",城乡建设,137,3,11,42,70,11,0
298,"2022-06-29",交通运输,108,2,6,32,63,5,0
299,"2022-06-29",农林牧渔,98,1,4,33,54,6,0
300,"2022-06-30",科教文体,360,7,27,95,212,14,5
301,"2022-06-30",公卫医疗,246,7,16,72,142,6,3
302,"2022-06-30",城乡建设,245,5,12,78,132,17,1
303,"2022-06-30",交通运输,47,3,2,15,24,3,0
304,"2022-06-30",农林牧渔,269,6,18,71,156,14,4
305,"2022-07-01",科教文体,493,13,32,154,266,22,6
306,"2022-07-01",公卫医疗,40,0,1,12,26,0,1
307,"2022-07-01",城乡建设,738,16,42,217,427,31,5
308,"2022-07-01",交通运输,26,2,2,5,14,2,1
309,"2022-07-01",农林牧渔,265,6,25,93,130,11,0
310,"2022-07-02",科教文体,371,2,28,107,212,17,5
311,"2022-07-02",公卫医疗,46,2,0,17,22,5,0
312,"2022-07-02",城乡建设,164,3,18,52,81,8,2
313,"2022-07-02",交通运输,817,17,56,248,453,35,8
314,"2022-07-02",农林牧渔,586,5,45,176,324,27,9
315,"2022-07-03",科教文体,187,4,13,58,99,10,3
316,"2022-07-03",公卫医疗,428,8,39,130,231,17,3
317,"2022-07-03",城乡建设,500,12,35,155,269,26,3
318,"2022-07-03",交通运输,36,0,2,16,17,1,0
319,"2022-07-03",农林牧渔,226,7,19,76,111,11,2
320,"2022-07-04",科教文体,559,11,42,163,314,27,2
321,"2022-07-04",公卫医疗,49,2,3,18,24,1,1
322,"2022-07-04",城乡建设,739,11,49,230,408,35,6
323,"2022-07-04",交通运输,216,1,18,66,123,7,1
324,"2022-07-04",农林牧渔,87,1,7,29,44,6,0
325,"2022-07-05",科教文体,1076,27,76,315,583,68,7
326,"2022-07-05",公卫医疗,188,5,12,46,116,9,0
327,"2022-07-05",城乡建设,194,5,16,56,107,9,1
328,"2022-07-05",交通运输,101,1,10,32,53,5,0
329,"2022-07-05",农林牧渔,159,3,11,45,93,5,2
330,"2022-07-06",科教文体,433,6,28,137,231,26,5
331,"2022-07-06",公卫医疗,468,16,28,136,257,24,7
332,"2022-07-06",城乡建设,204,4,14,59,108,18,1
333,"2022-07-06",交通运输,449,9,29,131,251,24,5
334,"2022-07-06",农林牧渔,104,2,6,31,60,5,0
335,"2022-07-07",科教文体,511,8,30,157,280,31,5
336,"2022-07-07",公卫医疗,1316,30,67,391,748,66,14
337,"2022-07-07",城乡建设,28,1,2,7,17,1,0
338,"2022-07-07",交通运输,22,0,3,7,12,0,0
339,"2022-07-07",农林牧渔,349,3,29,100,201,14,2
340,"2022-07-08",科教文体,20,0,1,8,11,0,0
341,"2022-07-08",公卫医疗,95,2,11,31,43,7,1
342,"2022-07-08",城乡建设,132,5,8,37,78,4,0
343,"2022-07-08",交通运输,480,6,35,128,275,33,3
344,"2022-07-08",农林牧渔,54,2,5,14,30,3,0
345,"2022-07-09",科教文体,406,9,22,138,210,24,3
346,"2022-07-09",公卫医疗,18,0,3,5,10,0,0
347,"2022-07-09",城乡建设,355,8,27,96,199,20,5
348,"2022-07-09",交通运输,1033,20,81,297,567,62,6
349,"2022-07-09",农林牧渔,269,5,16,81,155,11,1
350,"2022-07-10",科教文体,432,5,43,124,238,19,3
351,"2022-07-10",公卫医疗,156,3,11,44,87,8,3
352,"2022-07-10",城乡建设,145,4,9,42,86,4,0
353,"2022-07-10",交通运输,191,4,11,55,112,7,2
354,"2022-07-10",农林牧渔,237,4,13,76,126,17,1
355,"2022-07-11",科教文体,268,8,21,85,135,14,5
356,"2022-07-11",公卫医疗,95,2,6,34,50,2,1
357,"2022-07-11",城乡建设,229,5,22,71,118,11,2
358,"2022-07-11",交通运输,546,11,43,152,315,20,5
359,"2022-07-11",农林牧渔,429,10,48,121,228,19,3
360,"2022-07-12",科教文体,138,2,11,35,84,6,0
361,"2022-07-12",公卫医疗,245,7,12,78,137,9,2
362,"2022-07-12",城乡建设,858,14,60,251,481,47,5
363,"2022-07-12",交通运输,229,5,16,62,130,16,0
364,"2022-07-12",农林牧渔,211,1,18,74,108,10,0
365,"2022-07-13",科教文体,651,15,50,203,347,34,2
366,"2022-07-13",公卫医疗,114,2,15,22,73,2,0
367,"2022-07-13",城乡建设,270,3,23,76,148,19,1
368,"2022-07-13",交通运输,67,3,3,18,41,2,0
369,"2022-07-13",农林牧渔,462,9,31,132,255,28,7
370,"2022-07-14",科教文体,23,0,1,5,14,2,1
371,"2022-07-14",公卫医疗,555,5,44,158,318,24,6
372,"2022-07-14",城乡建设,305,2,18,89,181,13,2
373,"2022-07-14",交通运输,580,13,40,170,320,34,3
374,"2022-07-14",农林牧渔,127,3,11,33,72,6,2
375,"2022-07-15",科教文体,54,0,5,18,29,2,0
376,"2022-07-15",公卫医疗,311,7,21,97,167,16,3
377,"2022-07-15",城乡建设,211,4,18,76,101,10,2
378,"2022-07-15",交通运输,72,0,3,14,49,4,2
379,"2022-07-15",农林牧渔,5,0,0,2,2,1,0
380,"2022-07-16",科教文体,45,0,2,13,26,3,1
381,"2022-07-16",公卫医疗,16,0,3,5,7,1,0
382,"2022-07-16",城乡建设,166,3,15,48,88,11,1
383,"2022-07-16",交通运输,546,7,34,167,302,29,7
384,"2022-07-16",农林牧渔,162,3,16,51,85,6,1
385,"2022-07-17",科教文体,36,0,3,13,17,2,1
386,"2022-07-17",公卫医疗,184,2,6,54,111,10,1
387,"2022-07-17",城乡建设,623,10,46,208,324,30,5
388,"2022-07-17",交通运输,628,11,36,183,365,28,5
389,"2022-07-17",农林牧渔,527,11,34,176,277,25,4
390,"2022-07-18",科教文体,61,3,5,17,34,2,0
391,"2022-07-18",公卫医疗,74,0,3,24,44,2,1
392,"2022-07-18",城乡建设,778,16,68,217,430,43,4
393,"2022-07-18",交通运输,345,5,36,94,188,22,0
394,"2022-07-18",农林牧渔,817,13,62,231,450,50,11
395,"2022-07-19",科教文体,206,6,16,59,113,9,3
396,"2022-07-19",公卫医疗,417,5,32,125,227,23,5
397,"2022-07-19",城乡建设,359,2,26,109,200,18,4
398,"2022-07-19",交通运输,163,3,11,61,81,6,1
399,"2022-07-19",农林牧渔,135,5,2,49,73,6,0
400,"2022-07-20",科教文体,156,2,11,44,90,7,2
401,"2022-07-20",公卫医疗,485,13,25,148,267,27,5
402,"2022-07-20",城乡建设,161,6,13,58,77,5,2
403,"2022-07-20",交通运输,464,6,29,136,260,26,7
404,"2022-07-20",农林牧渔,72,1,8,18,40,3,2
405,"2022-07-21",科教文体,64,0,6,13,37,7,1
406,"2022-07-21",公卫医疗,126,7,8,36,65,8,2
407,"2022-07-21",城乡建设,262,8,16,91,132,13,2
408,"2022-07-21",交通运输,156,2,8,44,92,8,2
409,"2022-07-21",农林牧渔,42,1,3,12,24,1,1
410,"2022-07-22",科教文体,323,12,22,96,176,13,4
411,"2022-07-22",公卫医疗,242,6,20,63,145,6,2
412,"2022-07-22",城乡建设,132,5,12,36,69,10,0
413,"2022-07-22",交通运输,740,15,52,221,416,33,3
414,"2022-07-22",农林牧渔,54,0,1,21,25,4,3
415,"2022-07-23",科教文体,563,8,44,164,313,27,7
416,"2022-07-23",公卫医疗,170,1,13,46,97,10,3
417,"2022-07-23",城乡建设,798,16,59,214,467,33,9
418,"2022-07-23",交通运输,349,9,20,106,193,18,3
419,"2022-07-23",农林牧渔,120,3,8,29,71,8,1
420,"2022-07-24",科教文体,653,10,45,189,357,44,8
421,"2022-07-24",公卫医疗,554,6,39,163,296,43,7
422,"2022-07-24",城乡建设,62,3,2,17,37,2,1
423,"2022-07-24",交通运输,116,3,9,33,63,6,2
424,"2022-07-24",农林牧渔,74,0,5,22,43,3,1
425,"2022-07-25",科教文体,81,2,4,24,47,3,1
426,"2022-07-25",公卫医疗,14,0,2,2,10,0,0
427,"2022-07-25",城乡建设,151,4,8,40,92,6,1
428,"2022-07-25",交通运输,181,7,6,47,109,10,2
429,"2022-07-25",农林牧渔,171,1,10,47,99,10,4
430,"2022-07-26",科教文体,648,13,34,211,352,32,6
431,"2022-07-26",公卫医疗,364,8,27,88,219,16,6
432,"2022-07-26",城乡建设,186,5,15,53,108,5,0
433,"2022-07-26",交通运输,765,18,50,238,405,43,11
434,"2022-07-26",农林牧渔,14,1,0,5,8,0,0
435,"2022-07-27",科教文体,572,10,34,192,302,33,1
436,"2022-07-27",公卫医疗,111,0,6,37,65,3,0
437,"2022-07-27",城乡建设,260,1,19,83,145,10,2
438,"2022-07-27",交通运输,530,7,48,143,294,33,5
439,"2022-07-27",农林牧渔,43,2,2,9,28,2,0
440,"2022-07-28",科教文体,779,20,49,227,432,45,6
441,"2022-07-28",公卫医疗,198,1,20,61,107,5,4
442,"2022-07-28",城乡建设,502,9,38,143,273,36,3
443,"2022-07-28",交通运输,640,13,44,191,358,26,8
444,"2022-07-28",农林牧渔,183,2,14,53,103,9,2
445,"2022-07-29",科教文体,220,8,9,61,126,14,2
446,"2022-07-29",公卫医疗,690,12,42,209,392,31,4
447,"2022-07-29",城乡建设,256,4,14,89,135,12,2
448,"2022-07-29",交通运输,189,2,11,52,110,13,1
449,"2022-07-29",农林牧渔,106,4,8,29,63,2,0
450,"2022-07-30",科教文体,167,4,8,45,101,9,0
451,"2022-07-30",公卫医疗,150,2,11,48,81,4,4
452,"2022-07-30",城乡建设,147,1,11,43,81,11,0
453,"2022-07-30",交通运输,469,8,36,160,252,8,5
454,"2022-07-30",农林牧渔,130,3,8,42,73,4,0
455,"2022-07-31",科教文体,2,0,0,0,2,0,0
456,"2022-07-31",公卫医疗,539,9,32,161,300,31,6
457,"2022-07-31",城乡建设,108,4,8,30,60,6,0
458,"2022-07-31",交通运输,294,9,17,93,154,21,0
459,"2022-07-31",农林牧渔,15,0,1,6,8,0,0
460,"2022-08-01",科教文体,547,12,39,174,282,37,3
461,"2022-08-01",公卫医疗,479,11,48,155,242,18,5
462,"2022-08-01",城乡建设,123,2,15,34,64,7,1
463,"2022-08-01",交通运输,169,6,7,55,95,6,0
464,"2022-08-01",农林牧渔,133,1,6,32,82,9,3
465,"2022-08-02",科教文体,41,1,3,9,24,4,0
466,"2022-08-02",公卫医疗,320,6,26,91,176,17,4
467,"2022-08-02",城乡建设,452,4,46,124,255,17,6
468,"2022-08-02",交通运输,296,6,15,92,163,17,3
469,"2022-08-02",农林牧渔,188,7,16,61,94,10,0
470,"2022-08-03",科教文体,511,12,32,141,288,32,6
471,"2022-08-03",公卫医疗,275,11,16,80,151,12,5
472,"2022-08-03",城乡建设,103,1,4,30,63,5,0
473,"2022-08-03",交通运输,818,17,64,241,450,40,6
474,"2022-08-03",农林牧渔,52,0,3,22,22,4,1
475,"2022-08-04",科教文体,379,10,30,109,208,17,5
476,"2022-08-04",公卫医疗,211,6,10,71,105,16,3
477,"2022-08-04",城乡建设,762,18,43,214,431,43,13
478,"2022-08-04",交通运输,66,2,6,19,34,5,0
479,"2022-08-04",农林牧渔,142,1,14,46,77,4,0
480,"2022-08-05",科教文体,64,3,1,25,30,5,0
481,"2022-08-05",公卫医疗,192,1,13,52,116,9,1
482,"2022-08-05",城乡建设,431,11,42,133,211,29,5
483,"2022-08-05",交通运输,31,0,3,10,16,2,0
484,"2022-08-05",农林牧渔,313,8,19,90,173,18,5
485,"2022-08-06",科教文体,1089,10,74,329,619,46,11
486,"2022-08-06",公卫医疗,34,0,2,10,21,1,0
487,"2022-08-06",城乡建设,10,0,1,1,7,1,0
488,"2022-08-06",交通运输,437,18,24,136,237,19,3
489,"2022-08-06",农林牧渔,110,2,6,36,64,1,1
490,"2022-08-07",科教文体,185,5,8,54,104,9,5
491,"2022-08-07",公卫医疗,353,6,18,120,191,15,3
492,"2022-08-07",城乡建设,53,2,5,17,22,5,2
493,"2022-08-07",交通运输,289,7,16,81,168,13,4
494,"2022-08-07",农林牧渔,109,0,5,34,64,6,0
495,"2022-08-08",科教文体,110,1,11,40,48,6,4
496,"2022-08-08",公卫医疗,1047,23,62,307,585,59,11
497,"2022-08-08",城乡建设,141,2,7,42,80,9,1
498,"2022-08-08",交通运输,418,7,34,118,228,25,6
499,"2022-08-08",农林牧渔,63,2,6,17,35,3,0
500,"2022-08-09",科教文体,567,9,36,166,318,30,8
501,"2022-08-09",公卫医疗,130,1,15,36,69,8,1
502,"2022-08-09",城乡建设,366,7,37,96,199,20,7
503,"2022-08-09",交通运输,99,0,6,37,52,4,0
504,"2022-08-09",农林牧渔,33,2,2,8,18,2,1
505,"2022-08-10",科教文体,4,0,0,0,2,2,0
506,"2022-08-10",公卫医疗,307,5,19,91,182,7,3
507,"2022-08-10",城乡建设,854,21,54,249,479,44,7
508,"2022-08-10",交通运输,96,4,7,29,52,4,0
509,"2022-08-10",农林牧渔,113,1,5,38,64,4,1
510,"2022-08-11",科教文体,97,0,3,31,57,6,0
511,"2022-08-11",公卫医疗,81,2,3,39,32,4,1
512,"2022-08-11",城乡建设,341,7,25,103,189,16,1
513,"2022-08-11",交通运输,430,9,34,130,227,23,7
514,"2022-08-11",农林牧渔,127,3,10,40,63,9,2
515,"2022-08-12",科教文体,411,9,32,110,230,25,5
516,"2022-08-12",公卫医疗,285,10,19,80,162,12,2
517,"2022-08-12",城乡建设,358,11,26,94,197,25,5
518,"2022-08-12",交通运输,325,2,31,107,166,17,2
519,"2022-08-12",农林牧渔,29,2,2,5,20,0,0
520,"2022-08-13",科教文体,141,2,10,44,77,6,2
521,"2022-08-13",公卫医疗,60,0,4,15,35,6,0
522,"2022-08-13",城乡建设,23,0,4,7,10,0,2
523,"2022-08-13",交通运输,150,3,12,45,84,5,1
524,"2022-08-13",农林牧渔,420,13,28,125,226,24,4
525,"2022-08-14",科教文体,414,6,22,130,223,29,4
526,"2022-08-14",公卫医疗,221,4,14,71,123,6,3
527,"2022-08-14",城乡建设,395,5,26,137,202,23,2
528,"2022-08-14",交通运输,595,7,48,186,314,36,4
529,"2022-08-14",农林牧渔,59,0,2,17,36,4,0
530,"2022-08-15",科教文体,129,2,3,43,76,5,0
531,"2022-08-15",公卫医疗,149,1,12,57,70,8,1
532,"2022-08-15",城乡建设,39,0,3,14,19,2,1
533,"2022-08-15",交通运输,878,18,62,256,489,42,11
534,"2022-08-15",农林牧渔,282,7,30,87,148,9,1
535,"2022-08-16",科教文体,117,1,7,27,68,10,4
536,"2022-08-16",公卫医疗,28,1,2,7,16,2,0
537,"2022-08-16",城乡建设,342,11,21,92,196,22,0
538,"2022-08-16",交通运输,168,5,9,56,90,5,3
539,"2022-08-16",农林牧渔,627,12,57,197,328,25,8
540,"2022-08-17",科教文体,195,4,13,58,105,12,3
541,"2022-08-17",公卫医疗,133,4,5,34,80,8,2
542,"2022-08-17",城乡建设,214,8,19,62,115,10,0
543,"2022-08-17",交通运输,54,0,5,12,31,5,1
544,"2022-08-17",农林牧渔,840,13,52,254,466,41,14
545,"2022-08-18",科教文体,154,3,6,49,90,5,1
546,"2022-08-18",公卫医疗,209,5,11,64,112,13,4
547,"2022-08-18",城乡建设,103,3,11,33,50,4,2
548,"2022-08-18",交通运输,356,7,23,103,200,18,5
549,"2022-08-18",农林牧渔,663,13,54,189,365,41,1
550,"2022-08-19",科教文体,257,6,18,74,153,5,1
551,"2022-08-19",公卫医疗,82,1,5,24,50,1,1
552,"2022-08-19",城乡建设,575,8,39,178,314,28,8
553,"2022-08-19",交通运输,411,11,12,135,233,18,2
554,"2022-08-19",农林牧渔,61,3,9,15,32,2,0
555,"2022-08-20",科教文体,620,20,46,187,335,28,4
556,"2022-08-20",公卫医疗,79,1,7,21,44,5,1
557,"2022-08-20",城乡建设,19,0,0,6,13,0,0
558,"2022-08-20",交通运输,51,2,4,15,26,4,0
559,"2022-08-20",农林牧渔,1054,22,79,315,573,54,11
560,"2022-08-21",科教文体,141,4,10,40,78,7,2
561,"2022-08-21",公卫医疗,336,8,27,103,182,12,4
562,"2022-08-21",城乡建设,886,24,58,265,477,54,8
563,"2022-08-21",交通运输,685,14,53,219,352,38,9
564,"2022-08-21",农林牧渔,36,1,1,9,22,3,0
565,"2022-08-22",科教文体,533,11,35,155,306,18,8
566,"2022-08-22",公卫医疗,481,14,31,131,271,30,4
567,"2022-08-22",城乡建设,1112,22,64,330,629,50,17
568,"2022-08-22",交通运输,44,1,2,18,21,2,0
569,"2022-08-22",农林牧渔,69,5,7,12,41,3,1
570,"2022-08-23",科教文体,240,3,14,74,132,14,3
571,"2022-08-23",公卫医疗,125,2,11,35,66,9,2
572,"2022-08-23",城乡建设,413,8,34,116,233,18,4
573,"2022-08-23",交通运输,415,5,25,125,240,19,1
574,"2022-08-23",农林牧渔,9,1,1,3,4,0,0
575,"2022-08-24",科教文体,161,2,16,55,82,5,1
576,"2022-08-24",公卫医疗,34,1,2,12,18,1,0
577,"2022-08-24",城乡建设,122,6,8,27,78,3,0
578,"2022-08-24",交通运输,181,3,12,53,105,7,1
579,"2022-08-24",农林牧渔,391,7,31,118,207,22,6
580,"2022-08-25",科教文体,515,10,37,139,295,30,4
581,"2022-08-25",公卫医疗,339,7,25,107,180,17,3
582,"2022-08-25",城乡建设,544,15,33,148,323,23,2
583,"2022-08-25",交通运输,14,0,2,5,7,0,0
584,"2022-08-25",农林牧渔,161,5,8,55,81,11,1
585,"2022-08-26",科教文体,126,2,9,41,60,9,5
586,"2022-08-26",公卫医疗,409,8,27,115,235,20,4
587,"2022-08-26",城乡建设,604,15,44,187,323,26,9
588,"2022-08-26",交通运输,49,2,2,13,29,3,0
589,"2022-08-26",农林牧渔,152,2,12,54,75,6,3
590,"2022-08-27",科教文体,170,4,10,51,94,10,1
591,"2022-08-27",公卫医疗,979,16,76,297,529,51,10
592,"2022-08-27",城乡建设,271,9,20,89,139,12,2
593,"2022-08-27",交通运输,327,5,24,98,180,13,7
594,"2022-08-27",农林牧渔,345,5,30,101,189,17,3
595,"2022-08-28",科教文体,528,8,37,165,281,28,9
596,"2022-08-28",公卫医疗,198,5,12,62,110,8,1
597,"2022-08-28",城乡建设,22,1,2,3,16,0,0
598,"2022-08-28",交通运输,202,7,16,62,107,8,2
599,"2022-08-28",农林牧渔,481,11,40,160,247,21,2
600,"2022-08-29",科教文体,289,8,24,86,156,13,2
601,"2022-08-29",公卫医疗,50,2,1,11,33,3,0
602,"2022-08-29",城乡建设,207,6,15,73,102,8,3
603,"2022-08-29",交通运输,365,4,32,101,211,17,0
604,"2022-08-29",农林牧渔,253,3,11,81,138,17,3
605,"2022-08-30",科教文体,133,2,11,43,67,9,1
606,"2022-08-30",公卫医疗,49,0,2,18,29,0,0
607,"2022-08-30",城乡建设,269,4,23,73,152,11,6
608,"2022-08-30",交通运输,70,1,12,27,25,4,1
609,"2022-08-30",农林牧渔,51,2,4,11,30,3,1
610,"2022-08-31",科教文体,268,5,19,77,147,16,4
611,"2022-08-31",公卫医疗,38,1,5,13,16,2,1
612,"2022-08-31",城乡建设,127,1,11,36,71,6,2
613,"2022-08-31",交通运输,730,12,56,211,419,27,5
614,"2022-08-31",农林牧渔,178,3,8,51,105,9,2
615,"2022-09-01",科教文体,20,0,1,10,9,0,0
616,"2022-09-01",公卫医疗,267,6,22,72,152,13,2
617,"2022-09-01",城乡建设,208,2,21,67,106,10,2
618,"2022-09-01",交通运输,155,2,18,43,85,6,1
619,"2022-09-01",农林牧渔,642,10,49,170,360,38,15
620,"2022-09-02",科教文体,472,12,33,127,269,30,1
621,"2022-09-02",公卫医疗,494,9,33,139,277,31,5
622,"2022-09-02",城乡建设,14,0,1,6,6,1,0
623,"2022-09-02",交通运输,79,3,5,21,45,5,0
624,"2022-09-02",农林牧渔,42,2,4,15,18,3,0
625,"2022-09-03",科教文体,312,4,15,99,173,20,1
626,"2022-09-03",公卫医疗,102,2,7,35,54,3,1
627,"2022-09-03",城乡建设,453,12,32,146,233,28,2
628,"2022-09-03",交通运输,242,7,11,79,136,8,1
629,"2022-09-03",农林牧渔,333,5,23,104,188,11,2
630,"2022-09-04",科教文体,247,9,16,64,144,14,0
631,"2022-09-04",公卫医疗,371,7,27,101,207,23,6
632,"2022-09-04",城乡建设,310,4,25,92,171,16,2
633,"2022-09-04",交通运输,18,0,2,5,10,1,0
634,"2022-09-04",农林牧渔,146,3,10,35,86,9,3
635,"2022-09-05",科教文体,521,7,33,145,299,31,6
636,"2022-09-05",公卫医疗,2,0,0,1,1,0,0
637,"2022-09-05",城乡建设,189,6,9,59,101,12,2
638,"2022-09-05",交通运输,49,0,4,10,29,4,2
639,"2022-09-05",农林牧渔,893,22,58,277,485,45,6
640,"2022-09-06",科教文体,117,4,11,33,63,6,0
641,"2022-09-06",公卫医疗,623,22,46,180,339,30,6
642,"2022-09-06",城乡建设,9,0,1,6,2,0,0
643,"2022-09-06",交通运输,441,10,28,131,241,26,5
644,"2022-09-06",农林牧渔,249,11,24,74,132,7,1
645,"2022-09-07",科教文体,481,6,26,146,268,29,6
646,"2022-09-07",公卫医疗,13,0,0,3,9,1,0
647,"2022-09-07",城乡建设,324,8,22,105,173,14,2
648,"2022-09-07",交通运输,164,2,12,48,92,9,1
649,"2022-09-07",农林牧渔,723,19,57,215,382,37,13
650,"2022-09-08",科教文体,19,1,3,6,9,0,0
651,"2022-09-08",公卫医疗,331,7,30,104,162,24,4
652,"2022-09-08",城乡建设,242,1,17,76,136,11,1
653,"2022-09-08",交通运输,92,3,6,24,49,9,1
654,"2022-09-08",农林牧渔,180,4,14,48,105,9,0
655,"2022-09-09",科教文体,444,6,27,138,242,25,6
656,"2022-09-09",公卫医疗,101,3,6,30,59,3,0
657,"2022-09-09",城乡建设,866,21,63,263,463,49,7
658,"2022-09-09",交通运输,84,3,9,19,46,7,0
659,"2022-09-09",农林牧渔,83,3,4,25,46,3,2
660,"2022-09-10",科教文体,208,5,24,55,110,10,4
661,"2022-09-10",公卫医疗,162,2,16,41,93,8,2
662,"2022-09-10",城乡建设,515,16,36,159,283,20,1
663,"2022-09-10",交通运输,42,0,1,15,24,2,0
664,"2022-09-10",农林牧渔,135,4,13,41,71,5,1
665,"2022-09-11",科教文体,85,2,7,23,51,1,1
666,"2022-09-11",公卫医疗,189,3,12,56,109,8,1
667,"2022-09-11",城乡建设,643,13,36,189,364,37,4
668,"2022-09-11",交通运输,135,4,9,42,69,11,0
669,"2022-09-11",农林牧渔,154,2,12,49,83,7,1
670,"2022-09-12",科教文体,403,6,36,116,218,23,4
671,"2022-09-12",公卫医疗,668,19,49,186,378,28,8
672,"2022-09-12",城乡建设,57,0,2,18,35,1,1
673,"2022-09-12",交通运输,350,8,21,101,194,21,5
674,"2022-09-12",农林牧渔,98,1,6,36,49,5,1
675,"2022-09-13",科教文体,302,2,17,82,178,19,4
676,"2022-09-13",公卫医疗,270,9,19,74,155,10,3
677,"2022-09-13",城乡建设,263,7,12,79,154,10,1
678,"2022-09-13",交通运输,51,0,6,10,29,5,1
679,"2022-09-13",农林牧渔,209,6,17,68,104,11,3
680,"2022-09-14",科教文体,102,2,8,31,56,5,0
681,"2022-09-14",公卫医疗,180,9,10,54,95,12,0
682,"2022-09-14",城乡建设,30,0,4,9,13,3,1
683,"2022-09-14",交通运输,3,0,0,2,1,0,0
684,"2022-09-14",农林牧渔,552,7,40,189,291,18,7
685,"2022-09-15",科教文体,10,0,0,6,4,0,0
686,"2022-09-15",公卫医疗,190,3,7,53,116,10,1
687,"2022-09-15",城乡建设,719,15,47,222,383,46,6
688,"2022-09-15",交通运输,37,1,2,15,18,0,1
689,"2022-09-15",农林牧渔,912,22,60,253,532,36,9
690,"2022-09-16",科教文体,83,0,6,25,45,6,1
691,"2022-09-16",公卫医疗,57,2,6,16,32,1,0
692,"2022-09-16",城乡建设,798,20,54,235,445,34,10
693,"2022-09-16",交通运输,658,13,38,198,371,33,5
694,"2022-09-16",农林牧渔,350,5,28,105,192,12,8
695,"2022-09-17",科教文体,22,0,3,9,9,1,0
696,"2022-09-17",公卫医疗,18,0,1,5,12,0,0
697,"2022-09-17",城乡建设,189,2,16,47,115,9,0
698,"2022-09-17",交通运输,13,1,1,2,9,0,0
699,"2022-09-17",农林牧渔,408,14,32,124,223,12,3
700,"2022-09-18",科教文体,188,5,18,64,90,6,5
701,"2022-09-18",公卫医疗,130,3,14,34,72,6,1
702,"2022-09-18",城乡建设,81,2,5,21,44,5,4
703,"2022-09-18",交通运输,404,8,16,120,231,25,4
704,"2022-09-18",农林牧渔,124,1,10,36,71,5,1
705,"2022-09-19",科教文体,533,9,51,140,306,19,8
706,"2022-09-19",公卫医疗,280,10,21,80,155,11,3
707,"2022-09-19",城乡建设,129,1,9,46,69,4,0
708,"2022-09-19",交通运输,91,1,4,26,56,3,1
709,"2022-09-19",农林牧渔,380,8,28,131,198,12,3
710,"2022-09-20",科教文体,819,14,48,250,466,31,10
711,"2022-09-20",公卫医疗,147,2,9,45,83,6,2
712,"2022-09-20",城乡建设,174,6,6,40,106,14,2
713,"2022-09-20",交通运输,3,0,1,0,2,0,0
714,"2022-09-20",农林牧渔,114,1,5,49,52,5,2
715,"2022-09-21",科教文体,206,3,11,57,127,8,0
716,"2022-09-21",公卫医疗,460,15,34,130,256,24,1
717,"2022-09-21",城乡建设,173,2,15,54,93,7,2
718,"2022-09-21",交通运输,86,0,6,38,37,5,0
719,"2022-09-21",农林牧渔,275,4,15,73,162,19,2
720,"2022-09-22",科教文体,10,0,2,2,6,0,0
721,"2022-09-22",公卫医疗,358,7,26,114,187,21,3
722,"2022-09-22",城乡建设,86,5,5,33,33,10,0
723,"2022-09-22",交通运输,92,3,6,22,51,7,3
724,"2022-09-22",农林牧渔,163,5,12,43,91,9,3
725,"2022-09-23",科教文体,115,4,8,41,56,4,2
726,"2022-09-23",公卫医疗,701,12,50,222,375,34,8
727,"2022-09-23",城乡建设,19,0,1,4,13,0,1
728,"2022-09-23",交通运输,497,6,37,120,298,30,6
729,"2022-09-23",农林牧渔,540,7,41,170,289,26,7
730,"2022-09-24",科教文体,256,5,14,85,140,9,3
731,"2022-09-24",公卫医疗,70,4,10,19,32,4,1
732,"2022-09-24",城乡建设,154,5,5,59,76,8,1
733,"2022-09-24",交通运输,4,0,0,0,3,1,0
734,"2022-09-24",农林牧渔,476,10,42,146,252,22,4
735,"2022-09-25",科教文体,211,8,13,67,110,11,2
736,"2022-09-25",公卫医疗,736,11,56,229,390,42,8
737,"2022-09-25",城乡建设,404,7,32,122,223,12,8
738,"2022-09-25",交通运输,202,1,20,49,116,14,2
739,"2022-09-25",农林牧渔,9,0,0,1,8,0,0
740,"2022-09-26",科教文体,114,3,10,28,64,9,0
741,"2022-09-26",公卫医疗,59,3,1,17,37,1,0
742,"2022-09-26",城乡建设,421,4,31,136,222,23,5
743,"2022-09-26",交通运输,434,5,31,134,232,25,7
744,"2022-09-26",农林牧渔,416,8,32,124,227,20,5
745,"2022-09-27",科教文体,45,0,2,14,26,1,2
746,"2022-09-27",公卫医疗,194,2,12,58,108,13,1
747,"2022-09-27",城乡建设,149,3,12,53,67,10,4
748,"2022-09-27",交通运输,275,7,24,77,151,15,1
749,"2022-09-27",农林牧渔,45,0,4,14,25,1,1
750,"2022-09-28",科教文体,122,0,11,35,72,4,0
751,"2022-09-28",公卫医疗,770,18,37,220,455,37,3
752,"2022-09-28",城乡建设,271,6,14,84,148,16,3
753,"2022-09-28",交通运输,32,2,4,7,18,1,0
754,"2022-09-28",农林牧渔,101,3,6,35,50,5,2
755,"2022-09-29",科教文体,515,12,37,133,291,33,9
756,"2022-09-29",公卫医疗,167,1,11,44,100,10,1
757,"2022-09-29",城乡建设,265,7,14,67,163,13,1
758,"2022-09-29",交通运输,69,2,4,18,41,3,1
759,"2022-09-29",农林牧渔,167,1,9,46,97,13,1
760,"2022-09-30",科教文体,4,0,0,0,3,1,0
761,"2022-09-30",公卫医疗,3,0,0,0,3,0,0
762,"2022-09-30",城乡建设,147,3,9,36,84,14,1
763,"2022-09-30",交通运输,965,17,70,290,532,44,12
764,"2022-09-30",农林牧渔,421,7,28,129,230,25,2
765,"2022-10-01",科教文体,209,6,11,57,120,14,1
766,"2022-10-01",公卫医疗,57,1,2,22,27,4,1
767,"2022-10-01",城乡建设,100,1,6,31,58,4,0
768,"2022-10-01",交通运输,65,0,5,19,36,3,2
769,"2022-10-01",农林牧渔,315,8,20,104,169,14,0
770,"2022-10-02",科教文体,156,2,12,43,90,9,0
771,"2022-10-02",公卫医疗,171,5,13,45,97,9,2
772,"2022-10-02",城乡建设,278,10,16,75,161,14,2
773,"2022-10-02",交通运输,106,2,11,32,57,3,1
774,"2022-10-02",农林牧渔,162,1,12,56,86,7,0
775,"2022-10-03",科教文体,5,0,0,1,4,0,0
776,"2022-10-03",公卫医疗,526,7,48,167,278,21,5
777,"2022-10-03",城乡建设,125,1,7,38,70,7,2
778,"2022-10-03",交通运输,120,3,8,36,69,3,1
779,"2022-10-03",农林牧渔,48,1,1,13,30,3,0
780,"2022-10-04",科教文体,208,4,16,68,112,8,0
781,"2022-10-04",公卫医疗,382,9,23,122,209,14,5
782,"2022-10-04",城乡建设,486,10,31,138,275,29,3
783,"2022-10-04",交通运输,256,5,18,72,149,9,3
784,"2022-10-04",农林牧渔,272,10,20,89,138,14,1
785,"2022-10-05",科教文体,23,0,3,7,12,1,0
786,"2022-10-05",公卫医疗,17,1,1,4,11,0,0
787,"2022-10-05",城乡建设,490,10,31,156,266,23,4
788,"2022-10-05",交通运输,24,1,6,9,8,0,0
789,"2022-10-05",农林牧渔,315,4,23,92,173,17,6
790,"2022-10-06",科教文体,389,10,27,116,212,17,7
791,"2022-10-06",公卫医疗,212,8,15,79,96,9,5
792,"2022-10-06",城乡建设,1224,21,92,330,704,66,11
793,"2022-10-06",交通运输,44,1,2,11,27,3,0
794,"2022-10-06",农林牧渔,68,1,4,22,36,5,0
795,"2022-10-07",科教文体,322,6,18,104,172,17,5
796,"2022-10-07",公卫医疗,52,0,1,12,38,1,0
797,"2022-10-07",城乡建设,547,10,35,156,302,34,10
798,"2022-10-07",交通运输,833,19,49,249,471,39,6
799,"2022-10-07",农林牧渔,296,8,21,79,169,16,3
800,"2022-10-08",科教文体,581,9,37,170,331,27,7
801,"2022-10-08",公卫医疗,75,3,6,22,41,3,0
802,"2022-10-08",城乡建设,189,5,14,53,107,9,1
803,"2022-10-08",交通运输,256,7,13,74,141,21,0
804,"2022-10-08",农林牧渔,206,5,10,66,113,10,2
805,"2022-10-09",科教文体,314,6,22,98,170,14,4
806,"2022-10-09",公卫医疗,889,13,51,250,516,52,7
807,"2022-10-09",城乡建设,126,3,4,27,80,10,2
808,"2022-10-09",交通运输,135,4,13,52,61,4,1
809,"2022-10-09",农林牧渔,80,1,4,26,44,4,1
810,"2022-10-10",科教文体,282,9,22,88,144,17,2
811,"2022-10-10",公卫医疗,536,13,39,159,293,29,3
812,"2022-10-10",城乡建设,337,6,25,101,179,21,5
813,"2022-10-10",交通运输,21,1,1,7,11,1,0
814,"2022-10-10",农林牧渔,134,3,10,44,72,5,0
815,"2022-10-11",科教文体,1236,28,72,377,682,64,13
816,"2022-10-11",公卫医疗,251,6,14,72,147,8,4
817,"2022-10-11",城乡建设,119,3,6,35,70,5,0
818,"2022-10-11",交通运输,93,3,8,29,47,4,2
819,"2022-10-11",农林牧渔,278,6,21,98,140,11,2
820,"2022-10-12",科教文体,262,4,21,73,141,18,5
821,"2022-10-12",公卫医疗,102,3,13,27,49,6,4
822,"2022-10-12",城乡建设,355,4,24,113,192,20,2
823,"2022-10-12",交通运输,368,12,30,108,198,16,4
824,"2022-10-12",农林牧渔,355,6,24,102,206,15,2
825,"2022-10-13",科教文体,421,8,31,127,218,27,10
826,"2022-10-13",公卫医疗,309,6,12,98,171,18,4
827,"2022-10-13",城乡建设,329,11,27,89,182,15,5
828,"2022-10-13",交通运输,292,6,20,100,148,13,5
829,"2022-10-13",农林牧渔,12,0,1,6,5,0,0
830,"2022-10-14",科教文体,967,25,58,316,513,45,10
831,"2022-10-14",公卫医疗,0,0,0,0,0,0,0
832,"2022-10-14",城乡建设,251,5,24,77,131,14,0
833,"2022-10-14",交通运输,32,0,4,8,18,2,0
834,"2022-10-14",农林牧渔,185,3,8,59,107,8,0
835,"2022-10-15",科教文体,51,0,2,18,27,4,0
836,"2022-10-15",公卫医疗,80,1,9,24,44,2,0
837,"2022-10-15",城乡建设,130,1,11,29,82,6,1
838,"2022-10-15",交通运输,464,3,29,128,272,28,4
839,"2022-10-15",农林牧渔,249,7,12,85,131,12,2
840,"2022-10-16",科教文体,91,3,3,32,43,8,2
841,"2022-10-16",公卫医疗,501,10,43,127,290,24,7
842,"2022-10-16",城乡建设,351,9,22,114,181,17,8
843,"2022-10-16",交通运输,150,5,8,46,85,5,1
844,"2022-10-16",农林牧渔,481,11,42,149,247,26,6
845,"2022-10-17",科教文体,137,1,7,43,78,6,2
846,"2022-10-17",公卫医疗,37,0,2,11,24,0,0
847,"2022-10-17",城乡建设,374,11,31,108,198,23,3
848,"2022-10-17",交通运输,101,4,3,34,54,4,2
849,"2022-10-17",农林牧渔,301,4,24,86,174,11,2
850,"2022-10-18",科教文体,800,13,55,234,459,33,6
851,"2022-10-18",公卫医疗,285,3,26,86,150,19,1
852,"2022-10-18",城乡建设,253,1,19,78,138,13,4
853,"2022-10-18",交通运输,13,0,2,4,6,1,0
854,"2022-10-18",农林牧渔,8,0,0,3,4,1,0
855,"2022-10-19",科教文体,79,0,7,27,44,0,1
856,"2022-10-19",公卫医疗,696,11,45,215,378,33,14
857,"2022-10-19",城乡建设,37,0,3,15,18,1,0
858,"2022-10-19",交通运输,290,4,22,104,150,8,2
859,"2022-10-19",农林牧渔,94,1,7,29,52,1,4
860,"2022-10-20",科教文体,408,6,30,113,228,28,3
861,"2022-10-20",公卫医疗,538,9,37,164,292,30,6
862,"2022-10-20",城乡建设,3,0,0,3,0,0,0
863,"2022-10-20",交通运输,257,5,17,80,145,8,2
864,"2022-10-20",农林牧渔,422,11,40,113,231,19,8
865,"2022-10-21",科教文体,498,9,41,134,280,30,4
866,"2022-10-21",公卫医疗,17,1,0,5,10,1,0
867,"2022-10-21",城乡建设,328,4,16,96,193,17,2
868,"2022-10-21",交通运输,292,12,19,92,153,15,1
869,"2022-10-21",农林牧渔,232,5,18,58,136,14,1
870,"2022-10-22",科教文体,166,3,16,45,92,10,0
871,"2022-10-22",公卫医疗,491,10,31,143,283,20,4
872,"2022-10-22",城乡建设,651,15,45,190,357,37,7
873,"2022-10-22",交通运输,512,14,38,148,293,14,5
874,"2022-10-22",农林牧渔,201,1,13,64,109,10,4
875,"2022-10-23",科教文体,61,2,3,21,31,3,1
876,"2022-10-23",公卫医疗,632,10,35,190,357,36,4
877,"2022-10-23",城乡建设,240,6,20,84,121,7,2
878,"2022-10-23",交通运输,88,0,4,28,55,0,1
879,"2022-10-23",农林牧渔,212,4,19,65,115,9,0
880,"2022-10-24",科教文体,87,2,7,24,50,3,1
881,"2022-10-24",公卫医疗,365,7,24,108,204,22,0
882,"2022-10-24",城乡建设,367,5,18,96,213,25,10
883,"2022-10-24",交通运输,750,24,57,214,406,40,9
884,"2022-10-24",农林牧渔,218,4,14,66,125,6,3
885,"2022-10-25",科教文体,160,3,15,56,79,5,2
886,"2022-10-25",公卫医疗,36,2,2,11,19,1,1
887,"2022-10-25",城乡建设,423,9,27,120,248,16,3
888,"2022-10-25",交通运输,494,9,31,158,269,25,2
889,"2022-10-25",农林牧渔,29,2,1,6,19,1,0
890,"2022-10-26",科教文体,419,7,27,120,235,26,4
891,"2022-10-26",公卫医疗,0,0,0,0,0,0,0
892,"2022-10-26",城乡建设,387,7,24,127,202,18,9
893,"2022-10-26",交通运输,211,4,14,66,115,9,3
894,"2022-10-26",农林牧渔,262,5,24,89,129,13,2
895,"2022-10-27",科教文体,302,3,24,90,173,11,1
896,"2022-10-27",公卫医疗,251,10,15,81,128,13,4
897,"2022-10-27",城乡建设,411,7,27,127,225,21,4
898,"2022-10-27",交通运输,190,5,10,58,104,11,2
899,"2022-10-27",农林牧渔,194,0,13,54,113,9,5
900,"2022-10-28",科教文体,125,4,8,31,74,8,0
901,"2022-10-28",公卫医疗,280,1,21,72,166,18,2
902,"2022-10-28",城乡建设,288,8,19,78,168,12,3
903,"2022-10-28",交通运输,667,16,53,213,342,37,6
904,"2022-10-28",农林牧渔,18,0,3,4,11,0,0
905,"2022-10-29",科教文体,276,10,18,88,146,11,3
906,"2022-10-29",公卫医疗,826,21,55,264,441,34,11
907,"2022-10-29",城乡建设,93,1,4,27,52,8,1
908,"2022-10-29",交通运输,195,7,15,64,99,10,0
909,"2022-10-29",农林牧渔,23,0,0,7,15,1,0
910,"2022-10-30",科教文体,424,6,34,111,250,21,2
911,"2022-10-30",公卫医疗,327,7,19,89,188,18,6
912,"2022-10-30",城乡建设,165,3,14,57,85,6,0
913,"2022-10-30",交通运输,601,10,44,184,332,22,9
914,"2022-10-30",农林牧渔,477,12,35,143,259,21,7
915,"2022-10-31",科教文体,58,2,4,21,28,2,1
916,"2022-10-31",公卫医疗,131,4,4,42,75,6,0
917,"2022-10-31",城乡建设,286,4,27,93,150,11,1
918,"2022-10-31",交通运输,395,10,29,110,226,18,2
919,"2022-10-31",农林牧渔,373,10,16,98,229,15,5
920,"2022-11-01",科教文体,594,12,34,181,332,31,4
921,"2022-11-01",公卫医疗,172,6,15,53,88,10,0
922,"2022-11-01",城乡建设,50,1,2,12,32,3,0
923,"2022-11-01",交通运输,316,9,25,88,179,12,3
924,"2022-11-01",农林牧渔,739,11,43,220,422,36,7
925,"2022-11-02",科教文体,168,4,5,62,90,3,4
926,"2022-11-02",公卫医疗,661,12,55,168,376,44,6
927,"2022-11-02",城乡建设,132,0,17,36,69,8,2
928,"2022-11-02",交通运输,145,4,6,39,80,13,3
929,"2022-11-02",农林牧渔,26,1,1,9,13,2,0
930,"2022-11-03",科教文体,125,0,3,45,68,6,3
931,"2022-11-03",公卫医疗,700,7,56,211,389,28,9
932,"2022-11-03",城乡建设,48,3,3,13,25,3,1
933,"2022-11-03",交通运输,149,4,13,44,74,11,3
934,"2022-11-03",农林牧渔,290,10,16,90,156,15,3
935,"2022-11-04",科教文体,57,0,3,22,26,4,2
936,"2022-11-04",公卫医疗,8,0,0,3,5,0,0
937,"2022-11-04",城乡建设,142,4,8,49,71,9,1
938,"2022-11-04",交通运输,76,1,5,20,47,2,1
939,"2022-11-04",农林牧渔,620,9,43,179,360,20,9
940,"2022-11-05",科教文体,554,15,45,158,308,20,8
941,"2022-11-05",公卫医疗,309,3,21,90,178,14,3
942,"2022-11-05",城乡建设,87,1,6,27,51,2,0
943,"2022-11-05",交通运输,126,4,11,40,63,7,1
944,"2022-11-05",农林牧渔,663,10,57,196,356,37,7
945,"2022-11-06",科教文体,24,0,4,3,15,2,0
946,"2022-11-06",公卫医疗,235,1,15,70,132,12,5
947,"2022-11-06",城乡建设,434,7,31,121,241,29,5
948,"2022-11-06",交通运输,823,19,58,251,445,45,5
949,"2022-11-06",农林牧渔,250,2,23,61,145,17,2
950,"2022-11-07",科教文体,419,6,29,131,224,27,2
951,"2022-11-07",公卫医疗,497,9,38,146,275,25,4
952,"2022-11-07",城乡建设,701,17,43,225,383,30,3
953,"2022-11-07",交通运输,199,4,16,56,111,9,3
954,"2022-11-07",农林牧渔,185,4,7,66,94,10,4
955,"2022-11-08",科教文体,72,1,4,17,42,7,1
956,"2022-11-08",公卫医疗,215,5,11,71,113,12,3
957,"2022-11-08",城乡建设,5,0,0,1,4,0,0
958,"2022-11-08",交通运输,679,9,52,191,398,24,5
959,"2022-11-08",农林牧渔,53,0,4,17,32,0,0
960,"2022-11-09",科教文体,226,4,10,49,151,11,1
961,"2022-11-09",公卫医疗,413,11,21,116,240,24,1
962,"2022-11-09",城乡建设,87,0,2,32,47,6,0
963,"2022-11-09",交通运输,150,3,11,40,90,5,1
964,"2022-11-09",农林牧渔,45,0,2,19,24,0,0
965,"2022-11-10",科教文体,72,1,11,19,36,4,1
966,"2022-11-10",公卫医疗,737,12,48,231,402,33,11
967,"2022-11-10",城乡建设,167,3,16,47,93,6,2
968,"2022-11-10",交通运输,102,3,8,33,52,6,0
969,"2022-11-10",农林牧渔,979,20,65,309,532,42,11
970,"2022-11-11",科教文体,671,13,44,234,340,29,11
971,"2022-11-11",公卫医疗,72,4,5,15,40,6,2
972,"2022-11-11",城乡建设,85,3,5,19,52,6,0
973,"2022-11-11",交通运输,497,14,39,134,279,28,3
974,"2022-11-11",农林牧渔,72,3,4,23,37,5,0
975,"2022-11-12",科教文体,1132,17,65,376,611,57,6
976,"2022-11-12",公卫医疗,210,2,19,70,110,8,1
977,"2022-11-12",城乡建设,623,5,31,187,354,35,11
978,"2022-11-12",交通运输,51,0,2,14,30,3,2
979,"2022-11-12",农林牧渔,98,4,8,28,52,5,1
980,"2022-11-13",科教文体,131,2,10,43,64,9,3
981,"2022-11-13",公卫医疗,243,3,18,76,137,9,0
982,"2022-11-13",城乡建设,84,1,6,15,55,6,1
983,"2022-11-13",交通运输,367,12,30,105,192,22,6
984,"2022-11-13",农林牧渔,905,16,82,269,483,40,15
985,"2022-11-14",科教文体,318,5,20,93,182,15,3
986,"2022-11-14",公卫医疗,269,2,18,80,155,13,1
987,"2022-11-14",城乡建设,453,10,31,129,252,24,7
988,"2022-11-14",交通运输,82,2,6,26,45,2,1
989,"2022-11-14",农林牧渔,330,8,23,99,182,16,2
990,"2022-11-15",科教文体,266,3,22,81,149,11,0
991,"2022-11-15",公卫医疗,182,4,12,45,110,9,2
992,"2022-11-15",城乡建设,313,10,18,80,184,17,4
993,"2022-11-15",交通运输,449,9,34,134,248,22,2
994,"2022-11-15",农林牧渔,35,0,3,9,20,3,0
995,"2022-11-16",科教文体,186,3,15,54,100,13,1
996,"2022-11-16",公卫医疗,104,0,7,32,61,3,1
997,"2022-11-16",城乡建设,377,8,26,120,203,17,3
998,"2022-11-16",交通运输,62,1,8,17,33,3,0
999,"2022-11-16",农林牧渔,535,15,41,149,293,31,6
1000,"2022-11-17",科教文体,186,6,10,52,111,7,0
1001,"2022-11-17",公卫医疗,238,6,13,70,140,9,0
1002,"2022-11-17",城乡建设,523,12,34,180,262,29,6
1003,"2022-11-17",交通运输,39,2,4,11,22,0,0
1004,"2022-11-17",农林牧渔,223,6,13,69,125,8,2
1005,"2022-11-18",科教文体,190,5,7,50,116,9,3
1006,"2022-11-18",公卫医疗,71,1,9,29,26,6,0
1007,"2022-11-18",城乡建设,223,4,21,70,117,7,4
1008,"2022-11-18",交通运输,524,11,42,155,282,30,4
1009,"2022-11-18",农林牧渔,433,10,29,135,228,28,3
1010,"2022-11-19",科教文体,485,5,26,123,288,31,12
1011,"2022-11-19",公卫医疗,409,6,30,123,230,16,4
1012,"2022-11-19",城乡建设,439,12,20,146,239,19,3
1013,"2022-11-19",交通运输,314,5,27,100,158,18,6
1014,"2022-11-19",农林牧渔,369,7,26,116,202,16,2
1015,"2022-11-20",科教文体,400,13,31,111,226,16,3
1016,"2022-11-20",公卫医疗,120,2,7,33,69,7,2
1017,"2022-11-20",城乡建设,654,13,43,193,369,27,9
1018,"2022-11-20",交通运输,84,1,8,25,45,4,1
1019,"2022-11-20",农林牧渔,423,9,24,133,230,24,3
1020,"2022-11-21",科教文体,18,0,0,8,7,1,2
1021,"2022-11-21",公卫医疗,652,17,48,193,364,25,5
1022,"2022-11-21",城乡建设,127,4,9,43,67,2,2
1023,"2022-11-21",交通运输,417,11,27,131,228,16,4
1024,"2022-11-21",农林牧渔,240,3,15,87,127,8,0
1025,"2022-11-22",科教文体,772,20,54,224,426,42,6
1026,"2022-11-22",公卫医疗,25,0,6,8,10,1,0
1027,"2022-11-22",城乡建设,586,13,46,169,327,26,5
1028,"2022-11-22",交通运输,97,3,10,26,52,6,0
1029,"2022-11-22",农林牧渔,42,1,3,15,21,2,0
1030,"2022-11-23",科教文体,379,9,25,102,220,21,2
1031,"2022-11-23",公卫医疗,137,2,7,43,77,7,1
1032,"2022-11-23",城乡建设,354,9,34,105,184,20,2
1033,"2022-11-23",交通运输,45,0,2,15,25,3,0
1034,"2022-11-23",农林牧渔,134,1,13,38,73,7,2
1035,"2022-11-24",科教文体,462,12,25,142,244,33,6
1036,"2022-11-24",公卫医疗,91,1,3,32,52,3,0
1037,"2022-11-24",城乡建设,44,0,3,17,21,0,3
1038,"2022-11-24",交通运输,652,18,49,185,357,35,8
1039,"2022-11-24",农林牧渔,188,2,10,68,101,5,2
1040,"2022-11-25",科教文体,121,3,8,34,66,9,1
1041,"2022-11-25",公卫医疗,443,10,33,130,245,21,4
1042,"2022-11-25",城乡建设,590,15,43,168,326,33,5
1043,"2022-11-25",交通运输,709,10,46,208,397,43,5
1044,"2022-11-25",农林牧渔,143,3,12,45,78,4,1
1045,"2022-11-26",科教文体,951,25,58,285,523,50,10
1046,"2022-11-26",公卫医疗,4,0,1,2,1,0,0
1047,"2022-11-26",城乡建设,216,6,22,69,111,7,1
1048,"2022-11-26",交通运输,284,8,21,84,154,13,4
1049,"2022-11-26",农林牧渔,49,1,2,14,32,0,0
1050,"2022-11-27",科教文体,153,7,14,33,92,7,0
1051,"2022-11-27",公卫医疗,158,1,10,38,97,7,5
1052,"2022-11-27",城乡建设,195,2,14,65,104,10,0
1053,"2022-11-27",交通运输,27,0,2,9,15,1,0
1054,"2022-11-27",农林牧渔,401,10,33,107,229,16,6
1055,"2022-11-28",科教文体,178,3,12,60,92,8,3
1056,"2022-11-28",公卫医疗,392,14,29,109,215,22,3
1057,"2022-11-28",城乡建设,31,0,4,9,16,2,0
1058,"2022-11-28",交通运输,115,5,2,30,72,5,1
1059,"2022-11-28",农林牧渔,70,0,5,21,44,0,0
1060,"2022-11-29",科教文体,1164,26,86,355,624,62,11
1061,"2022-11-29",公卫医疗,163,3,9,57,77,14,3
1062,"2022-11-29",城乡建设,374,4,27,113,203,22,5
1063,"2022-11-29",交通运输,4,0,0,1,3,0,0
1064,"2022-11-29",农林牧渔,152,4,6,44,88,8,2
1065,"2022-11-30",科教文体,368,13,19,109,207,19,1
1066,"2022-11-30",公卫医疗,61,0,2,27,31,0,1
1067,"2022-11-30",城乡建设,290,5,21,82,164,11,7
1068,"2022-11-30",交通运输,135,4,9,47,66,7,2
1069,"2022-11-30",农林牧渔,460,10,30,158,238,20,4
1070,"2022-12-01",科教文体,211,1,13,64,117,10,6
1071,"2022-12-01",公卫医疗,70,2,7,28,30,3,0
1072,"2022-12-01",城乡建设,180,3,21,53,85,14,4
1073,"2022-12-01",交通运输,657,17,44,174,387,32,3
1074,"2022-12-01",农林牧渔,213,6,14,64,119,6,4
1075,"2022-12-02",科教文体,118,4,8,25,73,7,1
1076,"2022-12-02",公卫医疗,249,7,18,79,135,9,1
1077,"2022-12-02",城乡建设,451,11,32,132,246,25,5
1078,"2022-12-02",交通运输,394,7,18,127,221,16,5
1079,"2022-12-02",农林牧渔,178,3,15,47,100,10,3
1080,"2022-12-03",科教文体,221,5,18,74,114,7,3
1081,"2022-12-03",公卫医疗,155,3,14,49,75,12,2
1082,"2022-12-03",城乡建设,84,2,2,26,51,3,0
1083,"2022-12-03",交通运输,626,12,40,193,337,36,8
1084,"2022-12-03",农林牧渔,56,1,5,17,29,3,1
1085,"2022-12-04",科教文体,82,1,7,21,49,3,1
1086,"2022-12-04",公卫医疗,427,9,38,128,227,21,4
1087,"2022-12-04",城乡建设,39,3,2,12,17,5,0
1088,"2022-12-04",交通运输,251,5,18,84,131,13,0
1089,"2022-12-04",农林牧渔,147,1,9,35,89,9,4
1090,"2022-12-05",科教文体,112,0,7,29,62,9,5
1091,"2022-12-05",公卫医疗,960,18,61,317,497,57,10
1092,"2022-12-05",城乡建设,317,5,21,102,170,16,3
1093,"2022-12-05",交通运输,310,4,28,89,170,19,0
1094,"2022-12-05",农林牧渔,572,8,38,153,336,30,7
1095,"2022-12-06",科教文体,237,7,13,67,139,9,2
1096,"2022-12-06",公卫医疗,169,3,14,60,79,11,2
1097,"2022-12-06",城乡建设,34,2,1,14,16,1,0
1098,"2022-12-06",交通运输,104,1,5,40,51,6,1
1099,"2022-12-06",农林牧渔,95,6,7,18,55,8,1
1100,"2022-12-07",科教文体,592,8,48,192,314,25,5
1101,"2022-12-07",公卫医疗,294,8,25,88,155,14,4
1102,"2022-12-07",城乡建设,99,3,4,27,60,5,0
1103,"2022-12-07",交通运输,60,2,4,18,30,6,0
1104,"2022-12-07",农林牧渔,31,1,1,6,23,0,0
1105,"2022-12-08",科教文体,238,6,21,78,120,10,3
1106,"2022-12-08",公卫医疗,5,0,0,2,2,0,1
1107,"2022-12-08",城乡建设,30,3,0,8,18,0,1
1108,"2022-12-08",交通运输,416,6,21,122,230,33,4
1109,"2022-12-08",农林牧渔,703,16,45,210,395,32,5
1110,"2022-12-09",科教文体,14,0,0,6,7,0,1
1111,"2022-12-09",公卫医疗,427,12,30,130,229,25,1
1112,"2022-12-09",城乡建设,133,3,9,41,70,9,1
1113,"2022-12-09",交通运输,200,3,15,74,101,7,0
1114,"2022-12-09",农林牧渔,30,1,2,4,20,3,0
1115,"2022-12-10",科教文体,67,0,2,12,50,2,1
1116,"2022-12-10",公卫医疗,348,5,30,113,183,14,3
1117,"2022-12-10",城乡建设,136,5,10,34,77,8,2
1118,"2022-12-10",交通运输,390,3,29,119,209,24,6
1119,"2022-12-10",农林牧渔,222,4,18,67,114,17,2
1120,"2022-12-11",科教文体,648,7,51,187,359,34,10
1121,"2022-12-11",公卫医疗,213,5,10,57,123,16,2
1122,"2022-12-11",城乡建设,36,0,0,12,21,3,0
1123,"2022-12-11",交通运输,241,7,21,72,122,16,3
1124,"2022-12-11",农林牧渔,87,3,5,31,47,1,0
1125,"2022-12-12",科教文体,170,5,9,54,97,5,0
1126,"2022-12-12",公卫医疗,665,13,41,211,348,44,8
1127,"2022-12-12",城乡建设,413,9,33,131,215,20,5
1128,"2022-12-12",交通运输,136,2,3,39,81,8,3
1129,"2022-12-12",农林牧渔,123,5,15,40,61,1,1
1130,"2022-12-13",科教文体,92,3,5,27,50,4,3
1131,"2022-12-13",公卫医疗,1315,25,96,384,713,82,15
1132,"2022-12-13",城乡建设,7,0,0,3,3,1,0
1133,"2022-12-13",交通运输,42,2,1,9,26,3,1
1134,"2022-12-13",农林牧渔,149,0,3,53,81,10,2
1135,"2022-12-14",科教文体,382,11,26,120,203,18,4
1136,"2022-12-14",公卫医疗,267,3,26,80,143,12,3
1137,"2022-12-14",城乡建设,256,2,14,84,136,16,4
1138,"2022-12-14",交通运输,162,2,12,41,103,3,1
1139,"2022-12-14",农林牧渔,22,0,2,8,10,2,0
1140,"2022-12-15",科教文体,307,7,16,107,160,14,3
1141,"2022-12-15",公卫医疗,153,3,7,57,77,8,1
1142,"2022-12-15",城乡建设,601,7,50,179,341,20,4
1143,"2022-12-15",交通运输,26,0,5,5,15,0,1
1144,"2022-12-15",农林牧渔,366,9,29,104,205,17,2
1145,"2022-12-16",科教文体,116,1,8,33,68,5,1
1146,"2022-12-16",公卫医疗,91,1,9,28,47,5,1
1147,"2022-12-16",城乡建设,24,0,4,7,9,3,1
1148,"2022-12-16",交通运输,248,5,24,78,129,12,0
1149,"2022-12-16",农林牧渔,1127,18,90,342,613,54,10
1150,"2022-12-17",科教文体,35,0,4,11,18,1,1
1151,"2022-12-17",公卫医疗,44,3,3,17,20,1,0
1152,"2022-12-17",城乡建设,587,16,31,184,310,41,5
1153,"2022-12-17",交通运输,32,3,2,9,16,2,0
1154,"2022-12-17",农林牧渔,320,8,26,105,160,18,3
1155,"2022-12-18",科教文体,17,0,1,5,8,2,1
1156,"2022-12-18",公卫医疗,378,7,24,109,219,19,0
1157,"2022-12-18",城乡建设,589,10,39,173,328,33,6
1158,"2022-12-18",交通运输,295,5,20,85,167,13,5
1159,"2022-12-18",农林牧渔,273,5,15,86,156,9,2
1160,"2022-12-19",科教文体,538,13,37,139,303,40,6
1161,"2022-12-19",公卫医疗,548,14,34,166,294,34,6
1162,"2022-12-19",城乡建设,56,1,4,21,27,3,0
1163,"2022-12-19",交通运输,192,4,13,63,104,7,1
1164,"2022-12-19",农林牧渔,53,1,4,23,23,2,0
1165,"2022-12-20",科教文体,794,17,57,260,416,39,5
1166,"2022-12-20",公卫医疗,303,5,16,92,173,14,3
1167,"2022-12-20",城乡建设,128,1,7,33,77,8,2
1168,"2022-12-20",交通运输,367,6,31,102,205,19,4
1169,"2022-12-20",农林牧渔,216,6,18,55,122,13,2
1170,"2022-12-21",科教文体,137,4,9,45,69,10,0
1171,"2022-12-21",公卫医疗,274,9,26,85,137,11,6
1172,"2022-12-21",城乡建设,695,9,56,222,364,36,8
1173,"2022-12-21",交通运输,50,1,2,21,25,0,1
1174,"2022-12-21",农林牧渔,227,5,16,70,125,11,0
1175,"2022-12-22",科教文体,210,2,14,62,115,15,2
1176,"2022-12-22",公卫医疗,33,1,4,12,15,1,0
1177,"2022-12-22",城乡建设,247,3,13,75,146,9,1
1178,"2022-12-22",交通运输,224,6,16,74,113,11,4
1179,"2022-12-22",农林牧渔,337,4,20,90,206,15,2
1180,"2022-12-23",科教文体,815,8,56,236,466,41,8
1181,"2022-12-23",公卫医疗,151,1,8,49,83,6,4
1182,"2022-12-23",城乡建设,223,4,15,83,106,15,0
1183,"2022-12-23",交通运输,107,2,6,36,60,3,0
1184,"2022-12-23",农林牧渔,369,9,30,104,207,15,4
1185,"2022-12-24",科教文体,396,8,27,126,209,24,2
1186,"2022-12-24",公卫医疗,60,0,4,13,39,4,0
1187,"2022-12-24",城乡建设,267,6,22,76,144,17,2
1188,"2022-12-24",交通运输,370,6,31,93,218,16,6
1189,"2022-12-24",农林牧渔,40,1,2,9,26,2,0
1190,"2022-12-25",科教文体,300,7,17,85,174,15,2
1191,"2022-12-25",公卫医疗,103,2,8,22,67,4,0
1192,"2022-12-25",城乡建设,331,10,23,97,179,17,5
1193,"2022-12-25",交通运输,1235,27,97,363,676,56,16
1194,"2022-12-25",农林牧渔,29,0,3,2,20,3,1
1195,"2022-12-26",科教文体,274,9,17,83,143,19,3
1196,"2022-12-26",公卫医疗,786,16,52,249,417,42,10
1197,"2022-12-26",城乡建设,257,6,15,69,150,12,5
1198,"2022-12-26",交通运输,143,4,16,47,69,7,0
1199,"2022-12-26",农林牧渔,267,5,20,91,135,12,4
1200,"2022-12-27",科教文体,1014,17,61,318,556,55,7
1201,"2022-12-27",公卫医疗,587,15,34,170,336,25,7
1202,"2022-12-27",城乡建设,15,0,0,9,5,1,0
1203,"2022-12-27",交通运输,43,0,1,15,24,3,0
1204,"2022-12-27",农林牧渔,122,2,8,33,71,7,1
1205,"2022-12-28",科教文体,451,9,31,128,260,21,2
1206,"2022-12-28",公卫医疗,367,5,27,119,198,15,3
1207,"2022-12-28",城乡建设,182,4,19,52,97,8,2
1208,"2022-12-28",交通运输,381,13,21,121,208,16,2
1209,"2022-12-28",农林牧渔,323,8,29,98,164,17,7
1210,"2022-12-29",科教文体,119,1,9,33,67,9,0
1211,"2022-12-29",公卫医疗,268,7,29,59,157,10,6
1212,"2022-12-29",城乡建设,102,2,4,35,49,9,3
1213,"2022-12-29",交通运输,423,12,22,126,229,28,6
1214,"2022-12-29",农林牧渔,336,4,28,96,184,19,5
1215,"2022-12-30",科教文体,75,2,8,16,43,5,1
1216,"2022-12-30",公卫医疗,241,9,17,66,138,9,2
1217,"2022-12-30",城乡建设,594,11,42,165,343,24,9
1218,"2022-12-30",交通运输,593,13,53,180,308,30,9
1219,"2022-12-30",农林牧渔,711,15,52,203,401,32,8
1220,"2022-12-31",科教文体,219,5,14,60,125,14,1
1221,"2022-12-31",公卫医疗,129,5,6,35,75,7,1
1222,"2022-12-31",城乡建设,66,1,4,13,45,3,0
1223,"2022-12-31",交通运输,390,11,18,128,210,19,4
1224,"2022-12-31",农林牧渔,247,1,20,75,132,17,2
1225,"2023-01-01",科教文体,785,16,55,233,444,34,3
1226,"2023-01-01",公卫医疗,106,2,7,40,49,7,1
1227,"2023-01-01",城乡建设,0,0,0,0,0,0,0
1228,"2023-01-01",交通运输,168,4,12,58,83,9,2
1229,"2023-01-01",农林牧渔,296,6,22,91,160,14,3
1230,"2023-01-02",科教文体,62,1,5,18,36,1,1
1231,"2023-01-02",公卫医疗,89,0,3,34,45,6,1
1232,"2023-01-02",城乡建设,1283,22,87,389,702,67,16
1233,"2023-01-02",交通运输,33,1,4,13,14,1,0
1234,"2023-01-02",农林牧渔,65,1,3,20,39,2,0
1235,"2023-01-03",科教文体,309,8,24,102,154,18,3
1236,"2023-01-03",公卫医疗,49,2,1,13,30,3,0
1237,"2023-01-03",城乡建设,766,10,54,223,434,42,3
1238,"2023-01-03",交通运输,244,5,22,77,134,5,1
1239,"2023-01-03",农林牧渔,44,0,2,12,28,2,0
1240,"2023-01-04",科教文体,199,5,12,49,116,15,2
1241,"2023-01-04",公卫医疗,506,10,40,145,283,22,6
1242,"2023-01-04",城乡建设,63,1,6,11,41,2,2
1243,"2023-01-04",交通运输,270,8,14,83,141,21,3
1244,"2023-01-04",农林牧渔,15,0,1,3,10,1,0
1245,"2023-01-05",科教文体,856,25,46,261,465,46,13
1246,"2023-01-05",公卫医疗,91,0,10,28,50,2,1
1247,"2023-01-05",城乡建设,370,7,34,110,186,24,9
1248,"2023-01-05",交通运输,632,14,32,170,380,31,5
1249,"2023-01-05",农林牧渔,49,0,4,15,29,1,0
1250,"2023-01-06",科教文体,253,7,21,76,130,15,4
1251,"2023-01-06",公卫医疗,30,0,1,10,15,3,1
1252,"2023-01-06",城乡建设,9,0,2,3,3,1,0
1253,"2023-01-06",交通运输,467,6,21,151,253,29,7
1254,"2023-01-06",农林牧渔,1010,17,70,312,556,49,6
1255,"2023-01-07",科教文体,475,13,37,123,278,21,3
1256,"2023-01-07",公卫医疗,452,10,24,150,240,26,2
1257,"2023-01-07",城乡建设,160,5,11,51,86,6,1
1258,"2023-01-07",交通运输,475,8,30,156,245,28,8
1259,"2023-01-07",农林牧渔,228,4,18,68,119,16,3
1260,"2023-01-08",科教文体,315,6,24,82,189,14,0
1261,"2023-01-08",公卫医疗,112,1,5,33,68,5,0
1262,"2023-01-08",城乡建设,195,4,15,50,113,11,2
1263,"2023-01-08",交通运输,20,0,2,5,13,0,0
1264,"2023-01-08",农林牧渔,283,7,11,99,138,22,6
1265,"2023-01-09",科教文体,439,9,34,126,241,22,7
1266,"2023-01-09",公卫医疗,157,2,12,51,86,6,0
1267,"2023-01-09",城乡建设,185,3,14,61,99,7,1
1268,"2023-01-09",交通运输,311,8,12,104,176,9,2
1269,"2023-01-09",农林牧渔,113,2,10,31,65,5,0
1270,"2023-01-10",科教文体,81,1,7,27,40,4,2
1271,"2023-01-10",公卫医疗,177,2,10,60,93,9,3
1272,"2023-01-10",城乡建设,16,0,1,6,9,0,0
1273,"2023-01-10",交通运输,304,6,17,100,160,20,1
1274,"2023-01-10",农林牧渔,1023,15,57,313,579,50,9
1275,"2023-01-11",科教文体,43,1,4,9,24,5,0
1276,"2023-01-11",公卫医疗,388,8,23,108,225,21,3
1277,"2023-01-11",城乡建设,44,1,3,9,28,3,0
1278,"2023-01-11",交通运输,324,7,33,98,159,24,3
1279,"2023-01-11",农林牧渔,868,15,65,284,449,50,5
1280,"2023-01-12",科教文体,367,8,20,99,217,18,5
1281,"2023-01-12",公卫医疗,56,3,4,16,30,3,0
1282,"2023-01-12",城乡建设,71,3,10,27,23,7,1
1283,"2023-01-12",交通运输,495,8,26,139,297,21,4
1284,"2023-01-12",农林牧渔,503,17,41,156,266,18,5
1285,"2023-01-13",科教文体,301,5,29,88,162,13,4
1286,"2023-01-13",公卫医疗,578,8,40,172,316,34,8
1287,"2023-01-13",城乡建设,108,2,10,36,57,2,1
1288,"2023-01-13",交通运输,213,1,15,60,123,13,1
1289,"2023-01-13",农林牧渔,76,1,7,20,43,2,3
1290,"2023-01-14",科教文体,162,4,17,46,80,14,1
1291,"2023-01-14",公卫医疗,353,7,35,112,174,21,4
1292,"2023-01-14",城乡建设,45,1,3,15,23,3,0
1293,"2023-01-14",交通运输,132,2,8,42,75,5,0
1294,"2023-01-14",农林牧渔,829,25,44,249,464,43,4
1295,"2023-01-15",科教文体,68,2,4,16,37,6,3
1296,"2023-01-15",公卫医疗,292,9,21,96,148,17,1
1297,"2023-01-15",城乡建设,56,1,2,18,32,3,0
1298,"2023-01-15",交通运输,629,8,44,189,355,25,8
1299,"2023-01-15",农林牧渔,383,3,23,119,219,15,4
1300,"2023-01-16",科教文体,593,14,44,173,320,38,4
1301,"2023-01-16",公卫医疗,115,0,11,45,54,3,2
1302,"2023-01-16",城乡建设,664,17,49,208,354,28,8
1303,"2023-01-16",交通运输,433,6,35,121,245,23,3
1304,"2023-01-16",农林牧渔,361,7,32,96,208,18,0
1305,"2023-01-17",科教文体,70,1,7,23,36,2,1
1306,"2023-01-17",公卫医疗,344,5,18,113,183,20,5
1307,"2023-01-17",城乡建设,196,5,14,54,115,7,1
1308,"2023-01-17",交通运输,284,9,14,85,158,14,4
1309,"2023-01-17",农林牧渔,501,8,41,150,269,29,4
1310,"2023-01-18",科教文体,168,4,15,52,90,6,1
1311,"2023-01-18",公卫医疗,1546,30,103,457,854,90,12
1312,"2023-01-18",城乡建设,93,0,8,26,55,2,2
1313,"2023-01-18",交通运输,42,0,1,15,25,1,0
1314,"2023-01-18",农林牧渔,79,1,5,35,34,3,1
1315,"2023-01-19",科教文体,42,0,2,9,29,2,0
1316,"2023-01-19",公卫医疗,568,8,35,155,339,26,5
1317,"2023-01-19",城乡建设,479,4,34,147,262,28,4
1318,"2023-01-19",交通运输,122,4,9,37,63,6,3
1319,"2023-01-19",农林牧渔,102,2,9,26,58,6,1
1320,"2023-01-20",科教文体,21,2,1,2,16,0,0
1321,"2023-01-20",公卫医疗,127,1,8,40,71,5,2
1322,"2023-01-20",城乡建设,51,2,5,14,28,2,0
1323,"2023-01-20",交通运输,430,13,44,126,226,18,3
1324,"2023-01-20",农林牧渔,105,3,7,39,49,7,0
1325,"2023-01-21",科教文体,493,16,36,124,276,33,8
1326,"2023-01-21",公卫医疗,162,4,14,45,86,9,4
1327,"2023-01-21",城乡建设,164,0,10,50,89,9,6
1328,"2023-01-21",交通运输,100,0,8,27,58,3,4
1329,"2023-01-21",农林牧渔,216,3,20,66,116,11,0
1330,"2023-01-22",科教文体,677,16,57,210,357,30,7
1331,"2023-01-22",公卫医疗,129,0,10,38,75,5,1
1332,"2023-01-22",城乡建设,119,1,8,33,68,7,2
1333,"2023-01-22",交通运输,100,2,6,30,57,4,1
1334,"2023-01-22",农林牧渔,188,7,19,57,93,10,2
1335,"2023-01-23",科教文体,362,5,19,119,197,18,4
1336,"2023-01-23",公卫医疗,216,8,22,63,115,4,4
1337,"2023-01-23",城乡建设,21,0,2,5,12,1,1
1338,"2023-01-23",交通运输,80,2,7,24,38,7,2
1339,"2023-01-23",农林牧渔,304,10,24,87,167,15,1
1340,"2023-01-24",科教文体,898,16,53,266,505,52,6
1341,"2023-01-24",公卫医疗,18,1,1,5,9,2,0
1342,"2023-01-24",城乡建设,407,6,31,113,237,18,2
1343,"2023-01-24",交通运输,8,1,2,1,3,1,0
1344,"2023-01-24",农林牧渔,81,1,2,29,47,1,1
1345,"2023-01-25",科教文体,797,10,52,244,434,45,12
1346,"2023-01-25",公卫医疗,266,7,21,79,149,7,3
1347,"2023-01-25",城乡建设,821,16,52,262,446,37,8
1348,"2023-01-25",交通运输,197,3,9,63,114,6,2
1349,"2023-01-25",农林牧渔,30,0,4,12,13,0,1
1350,"2023-01-26",科教文体,113,3,4,43,55,7,1
1351,"2023-01-26",公卫医疗,179,2,12,64,89,9,3
1352,"2023-01-26",城乡建设,23,0,1,6,16,0,0
1353,"2023-01-26",交通运输,223,6,16,66,119,15,1
1354,"2023-01-26",农林牧渔,72,2,4,20,38,6,2
1355,"2023-01-27",科教文体,253,8,15,83,129,16,2
1356,"2023-01-27",公卫医疗,572,10,35,176,308,31,12
1357,"2023-01-27",城乡建设,13,0,1,3,9,0,0
1358,"2023-01-27",交通运输,40,0,2,14,22,1,1
1359,"2023-01-27",农林牧渔,121,2,6,32,70,10,1
1360,"2023-01-28",科教文体,274,2,20,79,151,14,8
1361,"2023-01-28",公卫医疗,2,0,0,0,1,1,0
1362,"2023-01-28",城乡建设,361,9,21,106,201,20,4
1363,"2023-01-28",交通运输,173,2,15,53,89,10,4
1364,"2023-01-28",农林牧渔,602,16,46,172,333,33,2
1365,"2023-01-29",科教文体,37,3,0,11,22,0,1
1366,"2023-01-29",公卫医疗,11,0,0,1,7,3,0
1367,"2023-01-29",城乡建设,170,3,10,54,93,9,1
1368,"2023-01-29",交通运输,565,6,25,197,308,25,4
1369,"2023-01-29",农林牧渔,9,0,0,4,5,0,0
1370,"2023-01-30",科教文体,493,13,36,143,273,22,6
1371,"2023-01-30",公卫医疗,810,19,44,258,429,52,8
1372,"2023-01-30",城乡建设,14,0,2,4,7,1,0
1373,"2023-01-30",交通运输,81,1,3,17,53,5,2
1374,"2023-01-30",农林牧渔,730,18,47,195,420,40,10
1375,"2023-01-31",科教文体,850,19,57,250,470,47,7
1376,"2023-01-31",公卫医疗,590,12,39,153,357,25,4
1377,"2023-01-31",城乡建设,68,1,5,18,41,3,0
1378,"2023-01-31",交通运输,153,1,18,47,79,6,2
1379,"2023-01-31",农林牧渔,483,5,31,152,270,22,3
1380,"2023-02-01",科教文体,252,3,17,75,141,14,2
1381,"2023-02-01",公卫医疗,52,0,7,19,24,1,1
1382,"2023-02-01",城乡建设,10,0,0,5,5,0,0
1383,"2023-02-01",交通运输,2,0,0,2,0,0,0
1384,"2023-02-01",农林牧渔,298,4,24,83,166,19,2
1385,"2023-02-02",科教文体,426,8,32,135,226,20,5
1386,"2023-02-02",公卫医疗,859,18,66,249,472,45,9
1387,"2023-02-02",城乡建设,247,3,13,78,142,11,0
1388,"2023-02-02",交通运输,333,11,23,106,173,13,7
1389,"2023-02-02",农林牧渔,62,1,4,24,31,2,0
1390,"2023-02-03",科教文体,50,0,3,14,28,5,0
1391,"2023-02-03",公卫医疗,171,2,15,51,95,6,2
1392,"2023-02-03",城乡建设,133,3,9,36,75,8,2
1393,"2023-02-03",交通运输,370,8,18,110,209,20,5
1394,"2023-02-03",农林牧渔,249,4,18,73,137,13,4
1395,"2023-02-04",科教文体,497,9,27,152,281,24,4
1396,"2023-02-04",公卫医疗,255,1,12,76,149,15,2
1397,"2023-02-04",城乡建设,299,3,24,100,155,14,3
1398,"2023-02-04",交通运输,662,16,44,213,354,32,3
1399,"2023-02-04",农林牧渔,192,6,15,61,101,7,2
1400,"2023-02-05",科教文体,268,6,17,88,138,18,1
1401,"2023-02-05",公卫医疗,254,4,15,65,156,12,2
1402,"2023-02-05",城乡建设,156,2,12,43,90,7,2
1403,"2023-02-05",交通运输,125,5,8,36,68,7,1
1404,"2023-02-05",农林牧渔,463,12,37,123,272,15,4
1405,"2023-02-06",科教文体,390,10,28,99,232,17,4
1406,"2023-02-06",公卫医疗,20,0,1,7,12,0,0
1407,"2023-02-06",城乡建设,248,4,13,60,152,15,4
1408,"2023-02-06",交通运输,160,4,4,51,93,8,0
1409,"2023-02-06",农林牧渔,909,22,72,283,480,39,13
1410,"2023-02-07",科教文体,453,9,32,146,241,23,2
1411,"2023-02-07",公卫医疗,583,13,44,152,333,33,8
1412,"2023-02-07",城乡建设,209,5,12,60,121,10,1
1413,"2023-02-07",交通运输,186,4,14,53,105,8,2
1414,"2023-02-07",农林牧渔,609,16,42,178,339,26,8
1415,"2023-02-08",科教文体,3,0,0,1,2,0,0
1416,"2023-02-08",公卫医疗,66,2,8,17,34,5,0
1417,"2023-02-08",城乡建设,75,2,8,19,44,2,0
1418,"2023-02-08",交通运输,814,11,63,247,454,33,6
1419,"2023-02-08",农林牧渔,81,2,10,26,37,6,0
1420,"2023-02-09",科教文体,108,5,9,37,51,4,2
1421,"2023-02-09",公卫医疗,417,4,29,132,224,21,7
1422,"2023-02-09",城乡建设,282,7,19,87,158,10,1
1423,"2023-02-09",交通运输,3,0,1,0,2,0,0
1424,"2023-02-09",农林牧渔,369,5,25,108,206,24,1
1425,"2023-02-10",科教文体,151,1,10,48,87,4,1
1426,"2023-02-10",公卫医疗,441,8,31,149,236,15,2
1427,"2023-02-10",城乡建设,214,4,15,67,120,7,1
1428,"2023-02-10",交通运输,38,0,2,15,21,0,0
1429,"2023-02-10",农林牧渔,275,6,14,76,162,14,3
1430,"2023-02-11",科教文体,36,0,4,11,20,1,0
1431,"2023-02-11",公卫医疗,551,14,43,169,289,26,10
1432,"2023-02-11",城乡建设,312,6,19,91,166,24,6
1433,"2023-02-11",交通运输,151,3,11,42,80,14,1
1434,"2023-02-11",农林牧渔,51,1,4,18,25,1,2
1435,"2023-02-12",科教文体,625,12,37,198,341,31,6
1436,"2023-02-12",公卫医疗,392,9,31,122,207,21,2
1437,"2023-02-12",城乡建设,224,6,11,67,133,6,1
1438,"2023-02-12",交通运输,12,1,1,3,6,1,0
1439,"2023-02-12",农林牧渔,452,9,27,149,241,18,8
1440,"2023-02-13",科教文体,72,3,2,23,42,1,1
1441,"2023-02-13",公卫医疗,217,4,17,59,122,11,4
1442,"2023-02-13",城乡建设,1062,19,65,339,580,51,8
1443,"2023-02-13",交通运输,192,2,18,58,101,10,3
1444,"2023-02-13",农林牧渔,16,0,2,7,4,1,2
1445,"2023-02-14",科教文体,522,6,27,149,307,27,6
1446,"2023-02-14",公卫医疗,136,2,6,37,82,6,3
1447,"2023-02-14",城乡建设,0,0,0,0,0,0,0
1448,"2023-02-14",交通运输,91,1,11,23,51,5,0
1449,"2023-02-14",农林牧渔,227,5,21,54,136,9,2
1450,"2023-02-15",科教文体,542,10,31,170,305,23,3
1451,"2023-02-15",公卫医疗,389,6,38,109,210,22,4
1452,"2023-02-15",城乡建设,1,0,0,1,0,0,0
1453,"2023-02-15",交通运输,334,15,29,89,182,14,5
1454,"2023-02-15",农林牧渔,164,6,10,49,91,7,1
1455,"2023-02-16",科教文体,197,3,9,64,113,6,2
1456,"2023-02-16",公卫医疗,10,2,0,2,5,0,1
1457,"2023-02-16",城乡建设,347,9,20,89,210,19,0
1458,"2023-02-16",交通运输,440,5,36,137,230,26,6
1459,"2023-02-16",农林牧渔,63,2,1,22,33,4,1
1460,"2023-02-17",科教文体,743,15,44,221,424,30,9
1461,"2023-02-17",公卫医疗,789,19,45,257,415,41,12
1462,"2023-02-17",城乡建设,4,0,0,0,4,0,0
1463,"2023-02-17",交通运输,100,1,7,34,51,4,3
1464,"2023-02-17",农林牧渔,50,2,4,16,24,2,2
1465,"2023-02-18",科教文体,257,7,27,73,137,13,0
1466,"2023-02-18",公卫医疗,329,8,25,103,178,13,2
1467,"2023-02-18",城乡建设,366,7,29,106,208,13,3
1468,"2023-02-18",交通运输,565,9,50,191,282,28,5
1469,"2023-02-18",农林牧渔,295,5,22,87,162,15,4
1470,"2023-02-19",科教文体,613,12,43,186,338,30,4
1471,"2023-02-19",公卫医疗,6,0,1,1,3,0,1
1472,"2023-02-19",城乡建设,3,0,0,1,2,0,0
1473,"2023-02-19",交通运输,85,1,6,24,47,7,0
1474,"2023-02-19",农林牧渔,310,7,24,97,153,24,5
1475,"2023-02-20",科教文体,141,4,12,56,64,4,1
1476,"2023-02-20",公卫医疗,451,6,38,142,237,25,3
1477,"2023-02-20",城乡建设,465,6,32,155,241,27,4
1478,"2023-02-20",交通运输,148,0,12,44,83,8,1
1479,"2023-02-20",农林牧渔,639,11,46,181,360,36,5
1480,"2023-02-21",科教文体,133,1,18,37,69,7,1
1481,"2023-02-21",公卫医疗,98,1,8,23,60,6,0
1482,"2023-02-21",城乡建设,502,8,42,152,264,28,8
1483,"2023-02-21",交通运输,965,19,65,310,504,54,13
1484,"2023-02-21",农林牧渔,210,2,13,63,115,14,3
1485,"2023-02-22",科教文体,859,12,63,269,476,32,7
1486,"2023-02-22",公卫医疗,16,1,0,3,10,2,0
1487,"2023-02-22",城乡建设,327,8,25,77,192,22,3
1488,"2023-02-22",交通运输,226,6,14,67,123,12,4
1489,"2023-02-22",农林牧渔,431,9,33,115,251,21,2
1490,"2023-02-23",科教文体,25,0,2,8,14,1,0
1491,"2023-02-23",公卫医疗,936,21,55,298,509,43,10
1492,"2023-02-23",城乡建设,181,2,13,55,97,13,1
1493,"2023-02-23",交通运输,411,10,23,127,226,21,4
1494,"2023-02-23",农林牧渔,120,5,8,38,65,4,0
1495,"2023-02-24",科教文体,320,5,21,97,170,25,2
1496,"2023-02-24",公卫医疗,477,4,36,148,253,26,10
1497,"2023-02-24",城乡建设,805,12,60,231,458,33,11
1498,"2023-02-24",交通运输,126,4,8,37,66,11,0
1499,"2023-02-24",农林牧渔,149,6,15,45,75,7,1
1500,"2023-02-25",科教文体,95,2,2,33,51,6,1
1501,"2023-02-25",公卫医疗,12,1,1,5,4,1,0
1502,"2023-02-25",城乡建设,0,0,0,0,0,0,0
1503,"2023-02-25",交通运输,642,13,37,206,339,36,11
1504,"2023-02-25",农林牧渔,506,9,26,166,275,25,5
1505,"2023-02-26",科教文体,352,8,23,109,188,23,1
1506,"2023-02-26",公卫医疗,228,4,13,72,130,7,2
1507,"2023-02-26",城乡建设,16,0,0,6,8,1,1
1508,"2023-02-26",交通运输,208,6,17,51,121,12,1
1509,"2023-02-26",农林牧渔,612,12,46,187,337,26,4
1510,"2023-02-27",科教文体,17,0,0,10,6,0,1
1511,"2023-02-27",公卫医疗,67,1,5,19,40,1,1
1512,"2023-02-27",城乡建设,20,0,1,6,11,1,1
1513,"2023-02-27",交通运输,1057,15,74,325,589,47,7
1514,"2023-02-27",农林牧渔,57,1,2,19,35,0,0
1515,"2023-02-28",科教文体,686,14,42,192,392,40,6
1516,"2023-02-28",公卫医疗,45,0,5,18,20,2,0
1517,"2023-02-28",城乡建设,223,5,13,77,113,9,6
1518,"2023-02-28",交通运输,28,0,0,12,14,2,0
1519,"2023-02-28",农林牧渔,54,2,4,15,31,2,0
1520,"2023-03-01",科教文体,249,0,12,73,141,19,4
1521,"2023-03-01",公卫医疗,200,1,15,57,117,7,3
1522,"2023-03-01",城乡建设,159,7,11,42,91,5,3
1523,"2023-03-01",交通运输,62,0,7,19,34,2,0
1524,"2023-03-01",农林牧渔,283,7,24,69,165,13,5
1525,"2023-03-02",科教文体,71,1,3,24,40,2,1
1526,"2023-03-02",公卫医疗,45,0,0,17,28,0,0
1527,"2023-03-02",城乡建设,214,3,12,66,116,13,4
1528,"2023-03-02",交通运输,1051,17,66,311,595,52,10
1529,"2023-03-02",农林牧渔,254,5,17,78,138,14,2
1530,"2023-03-03",科教文体,353,5,14,99,213,18,4
1531,"2023-03-03",公卫医疗,290,3,22,81,164,19,1
1532,"2023-03-03",城乡建设,251,7,20,67,149,6,2
1533,"2023-03-03",交通运输,188,1,12,59,102,10,4
1534,"2023-03-03",农林牧渔,343,9,34,93,185,20,2
1535,"2023-03-04",科教文体,309,2,20,80,185,22,0
1536,"2023-03-04",公卫医疗,305,6,23,86,164,21,5
1537,"2023-03-04",城乡建设,5,0,0,0,5,0,0
1538,"2023-03-04",交通运输,5,0,0,2,2,1,0
1539,"2023-03-04",农林牧渔,741,10,66,223,399,31,12
1540,"2023-03-05",科教文体,105,1,13,32,54,3,2
1541,"2023-03-05",公卫医疗,346,6,21,95,200,22,2
1542,"2023-03-05",城乡建设,783,16,60,241,419,37,10
1543,"2023-03-05",交通运输,698,15,58,205,371,42,7
1544,"2023-03-05",农林牧渔,214,2,14,60,124,11,3
1545,"2023-03-06",科教文体,815,21,52,252,442,42,6
1546,"2023-03-06",公卫医疗,172,0,10,50,98,12,2
1547,"2023-03-06",城乡建设,353,10,18,87,215,21,2
1548,"2023-03-06",交通运输,27,0,1,6,19,1,0
1549,"2023-03-06",农林牧渔,369,5,27,122,196,17,2
1550,"2023-03-07",科教文体,38,0,3,11,23,0,1
1551,"2023-03-07",公卫医疗,294,3,23,87,164,16,1
1552,"2023-03-07",城乡建设,33,0,7,6,18,2,0
1553,"2023-03-07",交通运输,144,4,12,35,82,9,2
1554,"2023-03-07",农林牧渔,6,0,0,2,4,0,0
1555,"2023-03-08",科教文体,931,20,71,283,499,42,16
1556,"2023-03-08",公卫医疗,191,3,13,51,114,10,0
1557,"2023-03-08",城乡建设,2,0,0,1,1,0,0
1558,"2023-03-08",交通运输,278,10,12,80,158,17,1
1559,"2023-03-08",农林牧渔,355,8,35,104,180,22,6
1560,"2023-03-09",科教文体,520,15,28,153,281,37,6
1561,"2023-03-09",公卫医疗,726,19,29,243,386,41,8
1562,"2023-03-09",城乡建设,429,9,28,138,226,21,7
1563,"2023-03-09",交通运输,306,6,21,95,169,13,2
1564,"2023-03-09",农林牧渔,183,5,11,51,107,9,0
1565,"2023-03-10",科教文体,754,16,57,211,420,42,8
1566,"2023-03-10",公卫医疗,113,2,12,30,64,3,2
1567,"2023-03-10",城乡建设,96,1,10,20,54,8,3
1568,"2023-03-10",交通运输,97,3,9,28,49,7,1
1569,"2023-03-10",农林牧渔,264,6,26,81,135,14,2
1570,"2023-03-11",科教文体,334,7,27,105,175,16,4
1571,"2023-03-11",公卫医疗,327,7,20,105,180,13,2
1572,"2023-03-11",城乡建设,1114,16,86,321,615,62,14
1573,"2023-03-11",交通运输,145,4,5,46,83,6,1
1574,"2023-03-11",农林牧渔,159,4,3,53,89,9,1
1575,"2023-03-12",科教文体,136,3,7,35,83,8,0
1576,"2023-03-12",公卫医疗,870,13,45,273,483,52,4
1577,"2023-03-12",城乡建设,821,20,52,278,421,46,4
1578,"2023-03-12",交通运输,13,0,0,7,4,2,0
1579,"2023-03-12",农林牧渔,138,2,10,40,74,11,1
1580,"2023-03-13",科教文体,188,4,13,53,107,9,2
1581,"2023-03-13",公卫医疗,41,0,6,11,18,4,2
1582,"2023-03-13",城乡建设,938,21,60,283,530,41,3
1583,"2023-03-13",交通运输,88,2,9,16,59,1,1
1584,"2023-03-13",农林牧渔,278,5,21,87,143,18,4
1585,"2023-03-14",科教文体,25,0,1,7,15,1,1
1586,"2023-03-14",公卫医疗,414,8,21,125,227,30,3
1587,"2023-03-14",城乡建设,853,20,60,251,475,40,7
1588,"2023-03-14",交通运输,33,2,2,9,19,0,1
1589,"2023-03-14",农林牧渔,512,11,30,156,274,38,3
1590,"2023-03-15",科教文体,40,0,5,6,26,3,0
1591,"2023-03-15",公卫医疗,437,10,30,133,242,19,3
1592,"2023-03-15",城乡建设,265,11,29,74,131,19,1
1593,"2023-03-15",交通运输,89,4,4,27,48,4,2
1594,"2023-03-15",农林牧渔,94,3,9,24,55,3,0
1595,"2023-03-16",科教文体,252,5,14,93,120,15,5
1596,"2023-03-16",公卫医疗,580,12,44,168,325,25,6
1597,"2023-03-16",城乡建设,45,1,6,14,23,1,0
1598,"2023-03-16",交通运输,21,0,2,8,9,2,0
1599,"2023-03-16",农林牧渔,147,1,13,41,81,10,1
1600,"2023-03-17",科教文体,114,1,4,39,65,5,0
1601,"2023-03-17",公卫医疗,886,17,65,250,507,38,9
1602,"2023-03-17",城乡建设,307,6,27,83,171,16,4
1603,"2023-03-17",交通运输,226,5,17,73,112,14,5
1604,"2023-03-17",农林牧渔,206,5,11,64,117,6,3
1605,"2023-03-18",科教文体,83,2,2,25,46,8,0
1606,"2023-03-18",公卫医疗,69,1,5,22,37,4,0
1607,"2023-03-18",城乡建设,758,14,53,245,394,47,5
1608,"2023-03-18",交通运输,609,7,55,174,347,23,3
1609,"2023-03-18",农林牧渔,34,1,4,11,17,1,0
1610,"2023-03-19",科教文体,485,8,32,145,274,19,7
1611,"2023-03-19",公卫医疗,293,3,17,102,151,17,3
1612,"2023-03-19",城乡建设,80,0,5,20,50,4,1
1613,"2023-03-19",交通运输,401,4,33,121,225,17,1
1614,"2023-03-19",农林牧渔,384,10,27,117,213,14,3
1615,"2023-03-20",科教文体,246,4,25,64,139,12,2
1616,"2023-03-20",公卫医疗,84,0,7,20,47,9,1
1617,"2023-03-20",城乡建设,198,3,16,55,111,9,4
1618,"2023-03-20",交通运输,295,10,25,109,137,12,2
1619,"2023-03-20",农林牧渔,91,0,8,35,46,2,0
1620,"2023-03-21",科教文体,151,3,13,44,84,7,0
1621,"2023-03-21",公卫医疗,119,1,8,32,71,4,3
1622,"2023-03-21",城乡建设,1028,21,80,285,577,56,9
1623,"2023-03-21",交通运输,233,6,14,77,127,8,1
1624,"2023-03-21",农林牧渔,127,1,8,41,68,7,2
1625,"2023-03-22",科教文体,496,12,36,145,273,24,6
1626,"2023-03-22",公卫医疗,217,5,14,56,129,11,2
1627,"2023-03-22",城乡建设,198,2,11,68,101,14,2
1628,"2023-03-22",交通运输,178,3,14,50,100,10,1
1629,"2023-03-22",农林牧渔,562,17,28,168,324,22,3
1630,"2023-03-23",科教文体,196,3,7,53,128,5,0
1631,"2023-03-23",公卫医疗,508,9,42,153,277,22,5
1632,"2023-03-23",城乡建设,498,6,37,157,265,29,4
1633,"2023-03-23",交通运输,74,1,3,27,40,3,0
1634,"2023-03-23",农林牧渔,283,11,19,79,152,18,4
1635,"2023-03-24",科教文体,155,2,11,44,88,10,0
1636,"2023-03-24",公卫医疗,325,4,21,103,172,20,5
1637,"2023-03-24",城乡建设,93,2,8,23,53,3,4
1638,"2023-03-24",交通运输,230,7,14,66,129,10,4
1639,"2023-03-24",农林牧渔,194,4,12,64,105,9,0
1640,"2023-03-25",科教文体,465,14,34,143,255,15,4
1641,"2023-03-25",公卫医疗,405,10,31,128,213,18,5
1642,"2023-03-25",城乡建设,225,11,20,69,114,7,4
1643,"2023-03-25",交通运输,768,13,52,247,409,41,6
1644,"2023-03-25",农林牧渔,232,10,17,66,123,14,2
1645,"2023-03-26",科教文体,73,3,9,30,28,2,1
1646,"2023-03-26",公卫医疗,308,11,20,93,167,14,3
1647,"2023-03-26",城乡建设,95,3,4,28,53,7,0
1648,"2023-03-26",交通运输,155,3,10,48,83,10,1
1649,"2023-03-26",农林牧渔,755,12,47,241,414,34,7
1650,"2023-03-27",科教文体,430,12,36,127,232,18,5
1651,"2023-03-27",公卫医疗,426,5,18,142,237,19,5
1652,"2023-03-27",城乡建设,297,5,23,89,160,18,2
1653,"2023-03-27",交通运输,357,5,24,112,196,11,9
1654,"2023-03-27",农林牧渔,38,1,2,8,26,1,0
1655,"2023-03-28",科教文体,19,0,1,10,6,2,0
1656,"2023-03-28",公卫医疗,274,6,18,73,164,11,2
1657,"2023-03-28",城乡建设,56,1,1,19,30,3,2
1658,"2023-03-28",交通运输,304,7,19,88,175,11,4
1659,"2023-03-28",农林牧渔,69,1,4,20,37,4,3
1660,"2023-03-29",科教文体,226,5,17,57,133,11,3
1661,"2023-03-29",公卫医疗,184,5,9,56,104,8,2
1662,"2023-03-29",城乡建设,47,0,4,14,28,1,0
1663,"2023-03-29",交通运输,183,5,19,44,106,7,2
1664,"2023-03-29",农林牧渔,0,0,0,0,0,0,0
1665,"2023-03-30",科教文体,324,7,37,95,160,20,5
1666,"2023-03-30",公卫医疗,520,10,31,161,282,32,4
1667,"2023-03-30",城乡建设,18,0,0,3,11,4,0
1668,"2023-03-30",交通运输,680,13,43,192,382,42,8
1669,"2023-03-30",农林牧渔,495,11,37,152,265,26,4
1670,"2023-03-31",科教文体,45,1,2,17,22,3,0
1671,"2023-03-31",公卫医疗,382,7,26,116,209,18,6
1672,"2023-03-31",城乡建设,279,8,17,87,157,8,2
1673,"2023-03-31",交通运输,7,0,0,5,1,1,0
1674,"2023-03-31",农林牧渔,346,9,28,107,176,22,4
1675,"2023-04-01",科教文体,455,13,34,152,236,18,2
1676,"2023-04-01",公卫医疗,341,4,22,117,177,18,3
1677,"2023-04-01",城乡建设,0,0,0,0,0,0,0
1678,"2023-04-01",交通运输,1086,21,67,346,592,48,12
1679,"2023-04-01",农林牧渔,141,5,8,43,77,6,2
1680,"2023-04-02",科教文体,83,1,6,25,48,2,1
1681,"2023-04-02",公卫医疗,14,0,1,9,3,1,0
1682,"2023-04-02",城乡建设,231,7,19,66,124,11,4
1683,"2023-04-02",交通运输,78,2,3,27,41,5,0
1684,"2023-04-02",农林牧渔,707,15,42,234,379,35,2
1685,"2023-04-03",科教文体,624,12,41,171,347,45,8
1686,"2023-04-03",公卫医疗,147,2,15,41,81,8,0
1687,"2023-04-03",城乡建设,301,4,13,95,173,14,2
1688,"2023-04-03",交通运输,75,3,5,13,45,8,1
1689,"2023-04-03",农林牧渔,263,9,18,81,136,17,2
1690,"2023-04-04",科教文体,87,0,4,29,50,4,0
1691,"2023-04-04",公卫医疗,321,9,25,100,178,6,3
1692,"2023-04-04",城乡建设,274,4,13,85,153,17,2
1693,"2023-04-04",交通运输,522,3,46,156,284,28,5
1694,"2023-04-04",农林牧渔,203,3,18,50,123,6,3
1695,"2023-04-05",科教文体,347,8,24,123,174,14,4
1696,"2023-04-05",公卫医疗,13,0,0,4,7,1,1
1697,"2023-04-05",城乡建设,66,1,2,18,40,5,0
1698,"2023-04-05",交通运输,1020,17,74,315,552,53,9
1699,"2023-04-05",农林牧渔,44,1,3,13,25,2,0
1700,"2023-04-06",科教文体,128,2,7,35,79,4,1
1701,"2023-04-06",公卫医疗,275,7,9,89,149,17,4
1702,"2023-04-06",城乡建设,250,7,16,68,144,14,1
1703,"2023-04-06",交通运输,228,6,15,68,124,14,1
1704,"2023-04-06",农林牧渔,690,6,53,213,375,36,7
1705,"2023-04-07",科教文体,301,8,21,85,169,12,6
1706,"2023-04-07",公卫医疗,107,3,10,28,61,4,1
1707,"2023-04-07",城乡建设,338,6,23,89,193,24,3
1708,"2023-04-07",交通运输,49,0,4,11,30,3,1
1709,"2023-04-07",农林牧渔,435,9,30,108,254,26,8
1710,"2023-04-08",科教文体,139,0,14,44,72,7,2
1711,"2023-04-08",公卫医疗,725,10,50,218,382,55,10
1712,"2023-04-08",城乡建设,305,6,26,90,164,16,3
1713,"2023-04-08",交通运输,212,0,13,67,120,10,2
1714,"2023-04-08",农林牧渔,0,0,0,0,0,0,0
1715,"2023-04-09",科教文体,639,19,46,184,357,22,11
1716,"2023-04-09",公卫医疗,70,0,8,20,36,6,0
1717,"2023-04-09",城乡建设,320,6,29,91,178,13,3
1718,"2023-04-09",交通运输,20,1,2,5,11,1,0
1719,"2023-04-09",农林牧渔,196,7,18,54,107,9,1
1720,"2023-04-10",科教文体,248,4,19,84,127,13,1
1721,"2023-04-10",公卫医疗,193,4,13,60,107,8,1
1722,"2023-04-10",城乡建设,99,3,5,32,52,7,0
1723,"2023-04-10",交通运输,151,2,16,42,78,12,1
1724,"2023-04-10",农林牧渔,78,3,9,25,38,3,0
1725,"2023-04-11",科教文体,674,11,49,213,362,32,7
1726,"2023-04-11",公卫医疗,100,4,6,30,54,6,0
1727,"2023-04-11",城乡建设,127,2,15,35,72,2,1
1728,"2023-04-11",交通运输,176,2,16,48,103,6,1
1729,"2023-04-11",农林牧渔,125,2,9,37,69,7,1
1730,"2023-04-12",科教文体,231,4,10,66,132,14,5
1731,"2023-04-12",公卫医疗,148,8,9,46,79,5,1
1732,"2023-04-12",城乡建设,228,4,12,80,120,10,2
1733,"2023-04-12",交通运输,29,0,4,7,18,0,0
1734,"2023-04-12",农林牧渔,1031,16,64,311,581,49,10
1735,"2023-04-13",科教文体,188,2,16,61,98,8,3
1736,"2023-04-13",公卫医疗,363,8,22,99,213,19,2
1737,"2023-04-13",城乡建设,134,5,5,43,72,9,0
1738,"2023-04-13",交通运输,526,7,35,160,289,29,6
1739,"2023-04-13",农林牧渔,511,11,31,160,275,29,5
1740,"2023-04-14",科教文体,565,11,38,169,320,24,3
1741,"2023-04-14",公卫医疗,74,0,6,22,40,5,1
1742,"2023-04-14",城乡建设,206,3,13,64,119,7,0
1743,"2023-04-14",交通运输,249,3,18,68,148,12,0
1744,"2023-04-14",农林牧渔,281,8,18,97,142,13,3
1745,"2023-04-15",科教文体,73,0,8,24,33,7,1
1746,"2023-04-15",公卫医疗,270,5,10,78,161,12,4
1747,"2023-04-15",城乡建设,152,4,10,48,80,8,2
1748,"2023-04-15",交通运输,573,16,39,142,327,39,10
1749,"2023-04-15",农林牧渔,11,0,0,4,6,0,1
1750,"2023-04-16",科教文体,480,13,46,138,255,19,9
1751,"2023-04-16",公卫医疗,262,5,13,88,134,16,6
1752,"2023-04-16",城乡建设,311,8,27,94,166,14,2
1753,"2023-04-16",交通运输,58,1,10,20,23,4,0
1754,"2023-04-16",农林牧渔,532,15,32,170,281,26,8
1755,"2023-04-17",科教文体,236,5,17,71,134,7,2
1756,"2023-04-17",公卫医疗,46,0,3,15,26,1,1
1757,"2023-04-17",城乡建设,171,5,12,47,101,5,1
1758,"2023-04-17",交通运输,143,6,7,45,69,11,5
1759,"2023-04-17",农林牧渔,205,7,16,46,116,19,1
1760,"2023-04-18",科教文体,7,0,0,4,3,0,0
1761,"2023-04-18",公卫医疗,397,6,26,120,217,24,4
1762,"2023-04-18",城乡建设,555,10,33,168,300,36,8
1763,"2023-04-18",交通运输,16,0,0,2,13,0,1
1764,"2023-04-18",农林牧渔,300,6,21,90,165,14,4
1765,"2023-04-19",科教文体,130,3,5,42,76,3,1
1766,"2023-04-19",公卫医疗,940,26,57,290,520,41,6
1767,"2023-04-19",城乡建设,107,2,7,39,56,3,0
1768,"2023-04-19",交通运输,6,0,1,1,3,1,0
1769,"2023-04-19",农林牧渔,51,1,5,15,28,1,1
1770,"2023-04-20",科教文体,539,7,32,165,307,21,7
1771,"2023-04-20",公卫医疗,510,13,40,155,286,14,2
1772,"2023-04-20",城乡建设,273,5,19,80,149,18,2
1773,"2023-04-20",交通运输,441,11,29,118,254,25,4
1774,"2023-04-20",农林牧渔,27,0,1,11,12,3,0
1775,"2023-04-21",科教文体,142,4,9,40,81,6,2
1776,"2023-04-21",公卫医疗,32,0,1,14,16,1,0
1777,"2023-04-21",城乡建设,57,0,10,15,26,4,2
1778,"2023-04-21",交通运输,23,0,2,4,16,1,0
1779,"2023-04-21",农林牧渔,976,17,66,281,552,48,12
1780,"2023-04-22",科教文体,50,2,3,17,24,3,1
1781,"2023-04-22",公卫医疗,820,26,59,229,462,32,12
1782,"2023-04-22",城乡建设,305,7,19,79,183,14,3
1783,"2023-04-22",交通运输,278,8,32,85,139,12,2
1784,"2023-04-22",农林牧渔,305,5,27,81,165,22,5
1785,"2023-04-23",科教文体,173,1,15,51,94,11,1
1786,"2023-04-23",公卫医疗,216,9,13,63,118,12,1
1787,"2023-04-23",城乡建设,823,18,50,238,459,52,6
1788,"2023-04-23",交通运输,70,1,5,19,42,3,0
1789,"2023-04-23",农林牧渔,181,3,24,52,90,11,1
1790,"2023-04-24",科教文体,217,4,14,56,124,16,3
1791,"2023-04-24",公卫医疗,133,3,7,37,76,9,1
1792,"2023-04-24",城乡建设,231,6,19,68,129,6,3
1793,"2023-04-24",交通运输,162,5,12,48,90,6,1
1794,"2023-04-24",农林牧渔,220,4,14,61,126,13,2
1795,"2023-04-25",科教文体,299,11,16,105,152,12,3
1796,"2023-04-25",公卫医疗,143,2,8,44,85,2,2
1797,"2023-04-25",城乡建设,122,0,6,50,60,6,0
1798,"2023-04-25",交通运输,76,2,4,32,34,4,0
1799,"2023-04-25",农林牧渔,175,2,17,53,91,11,1
1800,"2023-04-26",科教文体,311,6,25,81,185,11,3
1801,"2023-04-26",公卫医疗,26,0,0,12,12,2,0
1802,"2023-04-26",城乡建设,220,4,19,61,117,16,3
1803,"2023-04-26",交通运输,415,8,29,127,228,19,4
1804,"2023-04-26",农林牧渔,283,6,31,73,160,12,1
1805,"2023-04-27",科教文体,444,5,30,127,254,25,3
1806,"2023-04-27",公卫医疗,314,5,27,107,164,10,1
1807,"2023-04-27",城乡建设,35,0,1,13,21,0,0
1808,"2023-04-27",交通运输,135,5,8,44,71,7,0
1809,"2023-04-27",农林牧渔,153,2,9,43,87,10,2
1810,"2023-04-28",科教文体,405,5,23,120,232,22,3
1811,"2023-04-28",公卫医疗,44,1,3,16,24,0,0
1812,"2023-04-28",城乡建设,169,0,12,42,108,5,2
1813,"2023-04-28",交通运输,105,1,7,29,56,11,1
1814,"2023-04-28",农林牧渔,243,2,19,80,129,10,3
1815,"2023-04-29",科教文体,598,12,52,173,329,27,5
1816,"2023-04-29",公卫医疗,615,13,41,202,323,29,7
1817,"2023-04-29",城乡建设,139,5,11,36,76,11,0
1818,"2023-04-29",交通运输,27,0,1,11,14,1,0
1819,"2023-04-29",农林牧渔,340,5,26,118,171,13,7
1820,"2023-04-30",科教文体,268,3,20,89,135,17,4
1821,"2023-04-30",公卫医疗,71,2,7,19,38,2,3
1822,"2023-04-30",城乡建设,125,3,9,35,68,8,2
1823,"2023-04-30",交通运输,39,0,1,11,26,1,0
1824,"2023-04-30",农林牧渔,405,11,26,114,219,27,8
1825,"2023-05-01",科教文体,598,14,44,166,341,26,7
1826,"2023-05-01",公卫医疗,14,0,2,5,6,1,0
1827,"2023-05-01",城乡建设,476,9,32,138,272,24,1
1828,"2023-05-01",交通运输,12,1,0,2,6,3,0
1829,"2023-05-01",农林牧渔,283,4,18,92,156,12,1
1830,"2023-05-02",科教文体,243,4,16,70,141,12,0
1831,"2023-05-02",公卫医疗,468,10,39,132,256,28,3
1832,"2023-05-02",城乡建设,601,12,42,200,318,22,7
1833,"2023-05-02",交通运输,286,5,15,100,147,16,3
1834,"2023-05-02",农林牧渔,187,4,21,50,106,5,1
1835,"2023-05-03",科教文体,42,1,0,8,32,1,0
1836,"2023-05-03",公卫医疗,72,1,2,24,39,6,0
1837,"2023-05-03",城乡建设,88,1,2,33,46,4,2
1838,"2023-05-03",交通运输,73,1,4,23,44,1,0
1839,"2023-05-03",农林牧渔,431,10,30,145,225,18,3
1840,"2023-05-04",科教文体,230,7,16,77,113,14,3
1841,"2023-05-04",公卫医疗,507,5,35,151,287,22,7
1842,"2023-05-04",城乡建设,353,7,19,119,186,17,5
1843,"2023-05-04",交通运输,354,6,25,104,194,22,3
1844,"2023-05-04",农林牧渔,230,6,22,67,125,7,3
1845,"2023-05-05",科教文体,374,7,26,95,228,15,3
1846,"2023-05-05",公卫医疗,50,1,2,12,31,3,1
1847,"2023-05-05",城乡建设,164,5,8,53,87,8,3
1848,"2023-05-05",交通运输,764,13,51,240,416,38,6
1849,"2023-05-05",农林牧渔,624,13,41,212,324,30,4
1850,"2023-05-06",科教文体,270,4,16,86,151,12,1
1851,"2023-05-06",公卫医疗,138,5,13,45,63,9,3
1852,"2023-05-06",城乡建设,490,13,27,163,261,18,8
1853,"2023-05-06",交通运输,365,6,27,96,217,13,6
1854,"2023-05-06",农林牧渔,65,2,3,22,36,2,0
1855,"2023-05-07",科教文体,54,4,1,22,24,3,0
1856,"2023-05-07",公卫医疗,910,14,62,266,514,48,6
1857,"2023-05-07",城乡建设,171,3,15,47,93,11,2
1858,"2023-05-07",交通运输,323,8,23,101,176,13,2
1859,"2023-05-07",农林牧渔,12,0,1,1,10,0,0
1860,"2023-05-08",科教文体,203,3,19,63,105,12,1
1861,"2023-05-08",公卫医疗,95,3,5,28,56,3,0
1862,"2023-05-08",城乡建设,362,10,29,101,192,26,4
1863,"2023-05-08",交通运输,720,13,52,228,383,35,9
1864,"2023-05-08",农林牧渔,6,0,0,2,4,0,0
1865,"2023-05-09",科教文体,173,5,12,48,98,9,1
1866,"2023-05-09",公卫医疗,465,7,26,144,258,24,6
1867,"2023-05-09",城乡建设,980,17,80,298,522,49,14
1868,"2023-05-09",交通运输,153,1,9,56,75,12,0
1869,"2023-05-09",农林牧渔,47,3,2,9,29,3,1
1870,"2023-05-10",科教文体,42,0,3,9,28,2,0
1871,"2023-05-10",公卫医疗,641,13,55,203,332,29,9
1872,"2023-05-10",城乡建设,179,7,10,46,110,6,0
1873,"2023-05-10",交通运输,180,0,12,56,98,10,4
1874,"2023-05-10",农林牧渔,247,6,22,73,131,13,2
1875,"2023-05-11",科教文体,327,5,14,90,203,12,3
1876,"2023-05-11",公卫医疗,430,11,29,129,229,26,6
1877,"2023-05-11",城乡建设,836,17,50,263,458,39,9
1878,"2023-05-11",交通运输,61,3,3,14,37,3,1
1879,"2023-05-11",农林牧渔,693,13,52,206,378,39,5
1880,"2023-05-12",科教文体,91,1,6,28,50,4,2
1881,"2023-05-12",公卫医疗,190,4,14,56,104,11,1
1882,"2023-05-12",城乡建设,820,13,53,270,431,46,7
1883,"2023-05-12",交通运输,37,1,1,13,19,2,1
1884,"2023-05-12",农林牧渔,115,2,5,32,72,3,1
1885,"2023-05-13",科教文体,217,5,24,59,117,11,1
1886,"2023-05-13",公卫医疗,107,0,8,37,54,7,1
1887,"2023-05-13",城乡建设,1120,13,84,361,593,59,10
1888,"2023-05-13",交通运输,249,4,20,80,129,10,6
1889,"2023-05-13",农林牧渔,150,1,11,53,78,7,0
1890,"2023-05-14",科教文体,47,1,3,15,27,1,0
1891,"2023-05-14",公卫医疗,1482,24,111,424,836,76,11
1892,"2023-05-14",城乡建设,151,4,11,37,88,10,1
1893,"2023-05-14",交通运输,110,1,5,26,72,4,2
1894,"2023-05-14",农林牧渔,100,1,7,28,57,3,4
1895,"2023-05-15",科教文体,25,0,1,8,14,2,0
1896,"2023-05-15",公卫医疗,298,14,17,90,161,15,1
1897,"2023-05-15",城乡建设,94,2,5,31,51,5,0
1898,"2023-05-15",交通运输,60,1,7,20,29,2,1
1899,"2023-05-15",农林牧渔,1237,25,78,377,683,60,14
1900,"2023-05-16",科教文体,42,1,3,8,27,3,0
1901,"2023-05-16",公卫医疗,237,1,12,87,115,21,1
1902,"2023-05-16",城乡建设,1435,22,118,437,786,58,14
1903,"2023-05-16",交通运输,4,0,0,1,3,0,0
1904,"2023-05-16",农林牧渔,175,3,13,50,98,8,3
1905,"2023-05-17",科教文体,45,0,2,13,27,3,0
1906,"2023-05-17",公卫医疗,536,9,40,138,324,20,5
1907,"2023-05-17",城乡建设,129,3,13,33,72,7,1
1908,"2023-05-17",交通运输,1114,11,61,337,633,63,9
1909,"2023-05-17",农林牧渔,167,5,7,48,93,11,3
1910,"2023-05-18",科教文体,476,6,36,140,264,23,7
1911,"2023-05-18",公卫医疗,35,1,3,14,14,2,1
1912,"2023-05-18",城乡建设,487,10,30,150,270,24,3
1913,"2023-05-18",交通运输,303,7,19,95,161,19,2
1914,"2023-05-18",农林牧渔,770,14,45,244,427,36,4
1915,"2023-05-19",科教文体,160,2,15,54,77,10,2
1916,"2023-05-19",公卫医疗,44,1,4,14,23,2,0
1917,"2023-05-19",城乡建设,80,2,3,23,45,6,1
1918,"2023-05-19",交通运输,34,0,1,10,22,1,0
1919,"2023-05-19",农林牧渔,311,7,22,87,175,15,5
1920,"2023-05-20",科教文体,223,1,17,67,130,7,1
1921,"2023-05-20",公卫医疗,856,18,56,258,461,55,8
1922,"2023-05-20",城乡建设,146,3,21,47,68,5,2
1923,"2023-05-20",交通运输,4,0,0,3,1,0,0
1924,"2023-05-20",农林牧渔,84,1,3,31,46,2,1
1925,"2023-05-21",科教文体,166,4,17,46,94,4,1
1926,"2023-05-21",公卫医疗,377,10,34,106,211,14,2
1927,"2023-05-21",城乡建设,106,2,9,37,54,4,0
1928,"2023-05-21",交通运输,532,10,31,154,304,23,10
1929,"2023-05-21",农林牧渔,797,18,57,231,445,34,12
1930,"2023-05-22",科教文体,92,1,10,30,49,2,0
1931,"2023-05-22",公卫医疗,203,3,15,61,108,14,2
1932,"2023-05-22",城乡建设,33,1,2,10,19,1,0
1933,"2023-05-22",交通运输,196,8,21,55,101,10,1
1934,"2023-05-22",农林牧渔,336,5,29,109,178,14,1
1935,"2023-05-23",科教文体,314,8,17,96,176,17,0
1936,"2023-05-23",公卫医疗,170,2,14,52,90,12,0
1937,"2023-05-23",城乡建设,244,3,21,59,147,12,2
1938,"2023-05-23",交通运输,844,16,53,237,495,30,13
1939,"2023-05-23",农林牧渔,416,11,27,118,233,22,5
1940,"2023-05-24",科教文体,52,2,5,14,26,4,1
1941,"2023-05-24",公卫医疗,751,13,62,221,408,38,9
1942,"2023-05-24",城乡建设,17,1,1,6,6,3,0
1943,"2023-05-24",交通运输,351,6,36,102,186,17,4
1944,"2023-05-24",农林牧渔,624,8,41,175,361,30,9
1945,"2023-05-25",科教文体,1404,29,90,449,764,59,13
1946,"2023-05-25",公卫医疗,207,4,18,53,119,9,4
1947,"2023-05-25",城乡建设,226,4,10,71,130,8,3
1948,"2023-05-25",交通运输,24,0,0,10,14,0,0
1949,"2023-05-25",农林牧渔,174,1,9,60,94,9,1
1950,"2023-05-26",科教文体,215,8,15,57,120,12,3
1951,"2023-05-26",公卫医疗,134,3,13,40,73,5,0
1952,"2023-05-26",城乡建设,357,7,28,97,204,16,5
1953,"2023-05-26",交通运输,265,4,16,71,157,13,4
1954,"2023-05-26",农林牧渔,661,15,39,189,376,34,8
1955,"2023-05-27",科教文体,377,10,19,110,214,21,3
1956,"2023-05-27",公卫医疗,194,3,11,47,122,8,3
1957,"2023-05-27",城乡建设,36,0,2,10,22,2,0
1958,"2023-05-27",交通运输,296,9,20,91,155,18,3
1959,"2023-05-27",农林牧渔,7,0,0,3,3,1,0
1960,"2023-05-28",科教文体,75,0,3,27,43,1,1
1961,"2023-05-28",公卫医疗,245,3,23,59,145,12,3
1962,"2023-05-28",城乡建设,483,6,35,141,279,17,5
1963,"2023-05-28",交通运输,562,12,43,166,299,40,2
1964,"2023-05-28",农林牧渔,290,5,24,85,160,14,2
1965,"2023-05-29",科教文体,895,18,71,248,494,51,13
1966,"2023-05-29",公卫医疗,371,5,30,102,212,18,4
1967,"2023-05-29",城乡建设,312,3,23,99,170,13,4
1968,"2023-05-29",交通运输,223,13,19,51,130,9,1
1969,"2023-05-29",农林牧渔,66,0,6,21,38,1,0
1970,"2023-05-30",科教文体,12,0,2,2,8,0,0
1971,"2023-05-30",公卫医疗,1053,19,84,315,564,59,12
1972,"2023-05-30",城乡建设,148,1,11,44,88,4,0
1973,"2023-05-30",交通运输,354,8,17,108,199,20,2
1974,"2023-05-30",农林牧渔,526,10,39,172,272,29,4
1975,"2023-05-31",科教文体,130,4,7,39,74,5,1
1976,"2023-05-31",公卫医疗,327,10,22,92,185,15,3
1977,"2023-05-31",城乡建设,117,3,10,29,64,9,2
1978,"2023-05-31",交通运输,17,0,0,4,12,0,1
1979,"2023-05-31",农林牧渔,30,0,1,12,17,0,0
1980,"2023-06-01",科教文体,112,2,11,33,58,8,0
1981,"2023-06-01",公卫医疗,473,8,22,139,274,25,5
1982,"2023-06-01",城乡建设,629,10,46,190,343,34,6
1983,"2023-06-01",交通运输,56,0,5,24,24,3,0
1984,"2023-06-01",农林牧渔,592,12,40,178,333,23,6
1985,"2023-06-02",科教文体,322,6,22,98,178,15,3
1986,"2023-06-02",公卫医疗,107,3,10,28,60,5,1
1987,"2023-06-02",城乡建设,237,2,22,78,117,15,3
1988,"2023-06-02",交通运输,79,1,4,29,40,4,1
1989,"2023-06-02",农林牧渔,174,7,9,67,85,6,0
1990,"2023-06-03",科教文体,746,13,53,213,417,38,12
1991,"2023-06-03",公卫医疗,381,8,25,110,212,25,1
1992,"2023-06-03",城乡建设,46,0,1,15,25,4,1
1993,"2023-06-03",交通运输,389,5,21,124,217,19,3
1994,"2023-06-03",农林牧渔,185,6,14,53,104,7,1
1995,"2023-06-04",科教文体,182,3,11,58,99,10,1
1996,"2023-06-04",公卫医疗,187,3,21,51,98,10,4
1997,"2023-06-04",城乡建设,101,2,13,34,51,1,0
1998,"2023-06-04",交通运输,249,4,13,71,151,8,2
1999,"2023-06-04",农林牧渔,153,4,11,45,83,8,2
2000,"2023-06-05",科教文体,130,3,13,40,67,7,0
2001,"2023-06-05",公卫医疗,232,2,20,75,118,12,5
2002,"2023-06-05",城乡建设,26,0,3,7,13,3,0
2003,"2023-06-05",交通运输,481,11,30,158,251,26,5
2004,"2023-06-05",农林牧渔,206,5,14,68,110,8,1
2005,"2023-06-06",科教文体,39,2,2,17,16,2,0
2006,"2023-06-06",公卫医疗,462,11,35,131,256,19,10
2007,"2023-06-06",城乡建设,148,6,11,53,73,4,1
2008,"2023-06-06",交通运输,104,6,7,33,55,1,2
2009,"2023-06-06",农林牧渔,167,1,14,40,98,13,1
2010,"2023-06-07",科教文体,1222,21,81,370,672,64,14
2011,"2023-06-07",公卫医疗,137,3,11,41,72,9,1
2012,"2023-06-07",城乡建设,35,0,5,8,18,4,0
2013,"2023-06-07",交通运输,36,1,0,11,22,2,0
2014,"2023-06-07",农林牧渔,901,10,68,263,496,57,7
2015,"2023-06-08",科教文体,569,12,46,165,314,27,5
2016,"2023-06-08",公卫医疗,55,2,3,18,32,0,0
2017,"2023-06-08",城乡建设,175,5,12,52,96,10,0
2018,"2023-06-08",交通运输,85,2,8,31,40,3,1
2019,"2023-06-08",农林牧渔,231,4,19,62,131,15,0
2020,"2023-06-09",科教文体,308,11,26,86,159,21,5
2021,"2023-06-09",公卫医疗,25,0,1,6,17,0,1
2022,"2023-06-09",城乡建设,237,2,17,70,136,11,1
2023,"2023-06-09",交通运输,261,7,24,70,141,15,4
2024,"2023-06-09",农林牧渔,1,0,0,0,1,0,0
2025,"2023-06-10",科教文体,488,9,34,150,261,30,4
2026,"2023-06-10",公卫医疗,81,1,8,21,44,5,2
2027,"2023-06-10",城乡建设,457,6,29,146,243,26,7
2028,"2023-06-10",交通运输,743,22,62,226,405,24,4
2029,"2023-06-10",农林牧渔,74,1,7,28,33,4,1
2030,"2023-06-11",科教文体,281,8,15,90,152,12,4
2031,"2023-06-11",公卫医疗,74,1,5,17,44,7,0
2032,"2023-06-11",城乡建设,403,9,31,108,231,19,5
2033,"2023-06-11",交通运输,379,9,26,109,209,21,5
2034,"2023-06-11",农林牧渔,14,0,1,4,8,0,1
2035,"2023-06-12",科教文体,156,6,13,44,84,8,1
2036,"2023-06-12",公卫医疗,256,4,22,83,134,12,1
2037,"2023-06-12",城乡建设,742,18,52,226,401,35,10
2038,"2023-06-12",交通运输,292,7,16,98,154,15,2
2039,"2023-06-12",农林牧渔,396,6,26,109,238,11,6
2040,"2023-06-13",科教文体,42,1,4,13,23,1,0
2041,"2023-06-13",公卫医疗,373,8,18,118,210,16,3
2042,"2023-06-13",城乡建设,921,24,70,265,497,56,9
2043,"2023-06-13",交通运输,340,6,22,104,191,10,7
2044,"2023-06-13",农林牧渔,28,0,1,8,18,1,0
2045,"2023-06-14",科教文体,86,1,2,32,46,4,1
2046,"2023-06-14",公卫医疗,171,3,17,50,87,12,2
2047,"2023-06-14",城乡建设,181,4,22,50,103,2,0
2048,"2023-06-14",交通运输,488,5,23,139,286,31,4
2049,"2023-06-14",农林牧渔,515,13,41,153,282,23,3
2050,"2023-06-15",科教文体,151,6,7,49,82,5,2
2051,"2023-06-15",公卫医疗,398,9,22,119,231,14,3
2052,"2023-06-15",城乡建设,200,1,17,57,111,11,3
2053,"2023-06-15",交通运输,465,9,38,133,254,27,4
2054,"2023-06-15",农林牧渔,160,3,13,52,82,9,1
2055,"2023-06-16",科教文体,11,0,1,1,8,1,0
2056,"2023-06-16",公卫医疗,23,1,4,4,12,2,0
2057,"2023-06-16",城乡建设,763,14,53,253,401,38,4
2058,"2023-06-16",交通运输,30,0,2,7,17,2,2
2059,"2023-06-16",农林牧渔,411,7,32,126,225,19,2
2060,"2023-06-17",科教文体,109,2,6,36,57,7,1
2061,"2023-06-17",公卫医疗,428,14,31,125,232,20,6
2062,"2023-06-17",城乡建设,122,1,3,38,71,8,1
2063,"2023-06-17",交通运输,261,7,22,76,138,17,1
2064,"2023-06-17",农林牧渔,455,9,34,134,249,25,4
2065,"2023-06-18",科教文体,4,0,0,2,2,0,0
2066,"2023-06-18",公卫医疗,87,2,4,26,45,9,1
2067,"2023-06-18",城乡建设,70,0,3,22,41,3,1
2068,"2023-06-18",交通运输,467,6,35,141,257,23,5
2069,"2023-06-18",农林牧渔,119,2,8,46,59,3,1
2070,"2023-06-19",科教文体,359,4,22,116,186,27,4
2071,"2023-06-19",公卫医疗,144,2,12,29,94,6,1
2072,"2023-06-19",城乡建设,435,8,26,147,230,20,4
2073,"2023-06-19",交通运输,160,5,13,37,98,6,1
2074,"2023-06-19",农林牧渔,236,3,18,87,116,11,1
2075,"2023-06-20",科教文体,366,6,23,115,200,21,1
2076,"2023-06-20",公卫医疗,315,5,29,104,149,21,7
2077,"2023-06-20",城乡建设,419,12,23,120,235,26,3
2078,"2023-06-20",交通运输,88,3,5,28,47,5,0
2079,"2023-06-20",农林牧渔,500,13,34,157,261,28,7
2080,"2023-06-21",科教文体,580,7,45,153,338,27,10
2081,"2023-06-21",公卫医疗,26,0,3,8,14,1,0
2082,"2023-06-21",城乡建设,2,0,0,2,0,0,0
2083,"2023-06-21",交通运输,465,8,24,144,267,17,5
2084,"2023-06-21",农林牧渔,767,23,58,211,428,39,8
2085,"2023-06-22",科教文体,1071,26,69,312,616,44,4
2086,"2023-06-22",公卫医疗,380,6,27,110,217,18,2
2087,"2023-06-22",城乡建设,44,0,3,13,28,0,0
2088,"2023-06-22",交通运输,60,1,7,17,31,3,1
2089,"2023-06-22",农林牧渔,130,2,8,43,69,6,2
2090,"2023-06-23",科教文体,166,3,5,47,96,14,1
2091,"2023-06-23",公卫医疗,517,14,43,152,283,22,3
2092,"2023-06-23",城乡建设,81,5,5,12,54,3,2
2093,"2023-06-23",交通运输,101,0,8,23,60,8,2
2094,"2023-06-23",农林牧渔,269,6,22,76,149,15,1
2095,"2023-06-24",科教文体,64,0,3,15,42,4,0
2096,"2023-06-24",公卫医疗,516,6,37,160,283,21,9
2097,"2023-06-24",城乡建设,442,12,25,126,254,20,5
2098,"2023-06-24",交通运输,448,8,30,152,236,16,6
2099,"2023-06-24",农林牧渔,149,3,17,49,69,9,2
2100,"2023-06-25",科教文体,26,1,2,2,18,3,0
2101,"2023-06-25",公卫医疗,524,10,35,155,294,26,4
2102,"2023-06-25",城乡建设,102,2,7,28,55,10,0
2103,"2023-06-25",交通运输,1251,21,86,385,687,64,8
2104,"2023-06-25",农林牧渔,105,0,12,31,54,7,1
2105,"2023-06-26",科教文体,800,19,72,232,439,32,6
2106,"2023-06-26",公卫医疗,118,2,5,32,71,6,2
2107,"2023-06-26",城乡建设,41,1,3,11,23,2,1
2108,"2023-06-26",交通运输,366,7,23,102,204,26,4
2109,"2023-06-26",农林牧渔,343,6,24,110,182,18,3
2110,"2023-06-27",科教文体,5,0,1,1,3,0,0
2111,"2023-06-27",公卫医疗,34,0,0,11,23,0,0
2112,"2023-06-27",城乡建设,378,12,29,123,192,19,3
2113,"2023-06-27",交通运输,448,8,37,132,247,20,4
2114,"2023-06-27",农林牧渔,553,15,38,163,314,21,2
2115,"2023-06-28",科教文体,70,2,5,21,39,3,0
2116,"2023-06-28",公卫医疗,354,13,31,110,177,18,5
2117,"2023-06-28",城乡建设,34,0,9,7,17,1,0
2118,"2023-06-28",交通运输,124,4,12,38,63,5,2
2119,"2023-06-28",农林牧渔,303,3,24,88,169,13,6
2120,"2023-06-29",科教文体,260,7,18,75,142,17,1
2121,"2023-06-29",公卫医疗,218,2,13,68,117,13,5
2122,"2023-06-29",城乡建设,107,3,10,33,56,5,0
2123,"2023-06-29",交通运输,360,4,21,115,201,17,2
2124,"2023-06-29",农林牧渔,60,0,4,17,34,5,0
2125,"2023-06-30",科教文体,65,2,2,16,40,5,0
2126,"2023-06-30",公卫医疗,39,2,3,13,20,1,0
2127,"2023-06-30",城乡建设,163,4,13,45,93,6,2
2128,"2023-06-30",交通运输,369,7,21,110,205,24,2
2129,"2023-06-30",农林牧渔,27,1,2,4,19,1,0
2130,"2023-07-01",科教文体,675,20,51,185,389,26,4
2131,"2023-07-01",公卫医疗,424,16,34,127,232,14,1
2132,"2023-07-01",城乡建设,33,1,3,9,17,2,1
2133,"2023-07-01",交通运输,544,9,32,160,317,20,6
2134,"2023-07-01",农林牧渔,382,7,24,110,215,23,3
2135,"2023-07-02",科教文体,471,13,36,149,244,22,7
2136,"2023-07-02",公卫医疗,324,3,28,104,172,16,1
2137,"2023-07-02",城乡建设,448,6,40,122,240,33,7
2138,"2023-07-02",交通运输,21,0,1,7,12,1,0
2139,"2023-07-02",农林牧渔,427,6,32,127,236,22,4
2140,"2023-07-03",科教文体,103,2,7,35,47,9,3
2141,"2023-07-03",公卫医疗,138,4,10,35,81,5,3
2142,"2023-07-03",城乡建设,843,13,61,245,482,36,6
2143,"2023-07-03",交通运输,299,5,25,85,168,12,4
2144,"2023-07-03",农林牧渔,58,0,3,22,31,2,0
2145,"2023-07-04",科教文体,14,1,0,5,8,0,0
2146,"2023-07-04",公卫医疗,58,1,6,10,37,4,0
2147,"2023-07-04",城乡建设,57,1,5,20,27,3,1
2148,"2023-07-04",交通运输,766,12,48,246,415,36,9
2149,"2023-07-04",农林牧渔,1019,22,86,295,552,48,16
2150,"2023-07-05",科教文体,59,1,4,22,28,3,1
2151,"2023-07-05",公卫医疗,64,0,4,20,35,3,2
2152,"2023-07-05",城乡建设,726,17,53,201,407,39,9
2153,"2023-07-05",交通运输,64,0,6,17,37,2,2
2154,"2023-07-05",农林牧渔,74,0,5,27,35,6,1
2155,"2023-07-06",科教文体,31,0,3,9,18,1,0
2156,"2023-07-06",公卫医疗,470,6,23,148,266,24,3
2157,"2023-07-06",城乡建设,195,4,19,64,94,10,4
2158,"2023-07-06",交通运输,95,1,6,27,55,6,0
2159,"2023-07-06",农林牧渔,450,5,28,125,253,27,12
2160,"2023-07-07",科教文体,418,13,35,116,229,23,2
2161,"2023-07-07",公卫医疗,78,3,3,20,48,4,0
2162,"2023-07-07",城乡建设,578,7,42,184,321,21,3
2163,"2023-07-07",交通运输,697,10,43,222,383,31,8
2164,"2023-07-07",农林牧渔,366,3,36,105,205,13,4
2165,"2023-07-08",科教文体,137,3,10,31,87,4,2
2166,"2023-07-08",公卫医疗,189,3,14,54,100,14,4
2167,"2023-07-08",城乡建设,329,8,33,93,183,10,2
2168,"2023-07-08",交通运输,50,0,4,13,29,4,0
2169,"2023-07-08",农林牧渔,755,15,54,206,434,36,10
2170,"2023-07-09",科教文体,272,11,21,74,148,16,2
2171,"2023-07-09",公卫医疗,333,6,22,117,170,15,3
2172,"2023-07-09",城乡建设,156,1,12,48,83,12,0
2173,"2023-07-09",交通运输,27,2,0,9,13,2,1
2174,"2023-07-09",农林牧渔,557,16,40,157,311,31,2
2175,"2023-07-10",科教文体,4,0,0,0,4,0,0
2176,"2023-07-10",公卫医疗,5,0,0,1,4,0,0
2177,"2023-07-10",城乡建设,39,0,6,8,24,0,1
2178,"2023-07-10",交通运输,465,6,30,151,254,20,4
2179,"2023-07-10",农林牧渔,294,2,19,80,176,15,2
2180,"2023-07-11",科教文体,420,8,28,127,227,26,4
2181,"2023-07-11",公卫医疗,257,4,20,79,142,8,4
2182,"2023-07-11",城乡建设,57,0,4,18,34,1,0
2183,"2023-07-11",交通运输,399,3,32,117,226,18,3
2184,"2023-07-11",农林牧渔,321,6,25,83,184,19,4
2185,"2023-07-12",科教文体,212,1,11,58,131,10,1
2186,"2023-07-12",公卫医疗,270,7,19,79,144,16,5
2187,"2023-07-12",城乡建设,237,7,10,74,136,8,2
2188,"2023-07-12",交通运输,843,13,65,259,456,39,11
2189,"2023-07-12",农林牧渔,104,6,5,39,49,5,0
2190,"2023-07-13",科教文体,88,1,7,32,43,3,2
2191,"2023-07-13",公卫医疗,120,2,9,42,64,3,0
2192,"2023-07-13",城乡建设,39,2,0,10,25,1,1
2193,"2023-07-13",交通运输,397,11,22,116,215,32,1
2194,"2023-07-13",农林牧渔,692,12,46,195,390,45,4
2195,"2023-07-14",科教文体,140,1,11,42,71,13,2
2196,"2023-07-14",公卫医疗,350,6,18,98,202,25,1
2197,"2023-07-14",城乡建设,313,5,28,90,171,18,1
2198,"2023-07-14",交通运输,119,0,12,35,64,3,5
2199,"2023-07-14",农林牧渔,85,2,8,23,47,5,0
2200,"2023-07-15",科教文体,630,14,46,180,349,33,8
2201,"2023-07-15",公卫医疗,674,13,55,195,368,38,5
2202,"2023-07-15",城乡建设,258,11,20,86,128,11,2
2203,"2023-07-15",交通运输,86,3,5,25,47,6,0
2204,"2023-07-15",农林牧渔,182,7,13,55,100,5,2
2205,"2023-07-16",科教文体,228,3,18,74,119,11,3
2206,"2023-07-16",公卫医疗,1394,37,81,430,751,72,23
2207,"2023-07-16",城乡建设,46,1,4,12,26,3,0
2208,"2023-07-16",交通运输,46,1,5,10,27,2,1
2209,"2023-07-16",农林牧渔,101,4,7,33,49,6,2
2210,"2023-07-17",科教文体,670,10,34,199,380,38,9
2211,"2023-07-17",公卫医疗,270,3,24,82,150,10,1
2212,"2023-07-17",城乡建设,10,0,1,5,4,0,0
2213,"2023-07-17",交通运输,370,3,29,102,212,21,3
2214,"2023-07-17",农林牧渔,414,11,23,112,241,24,3
2215,"2023-07-18",科教文体,9,0,0,2,5,2,0
2216,"2023-07-18",公卫医疗,547,7,39,194,277,28,2
2217,"2023-07-18",城乡建设,685,9,65,206,371,28,6
2218,"2023-07-18",交通运输,192,4,22,68,90,7,1
2219,"2023-07-18",农林牧渔,357,6,22,105,201,17,6
2220,"2023-07-19",科教文体,541,7,42,168,285,33,6
2221,"2023-07-19",公卫医疗,83,4,4,21,48,5,1
2222,"2023-07-19",城乡建设,235,6,13,76,129,11,0
2223,"2023-07-19",交通运输,55,0,2,19,30,3,1
2224,"2023-07-19",农林牧渔,1042,24,84,316,554,58,6
2225,"2023-07-20",科教文体,336,7,22,96,198,10,3
2226,"2023-07-20",公卫医疗,225,2,11,69,134,8,1
2227,"2023-07-20",城乡建设,1130,21,79,324,621,69,16
2228,"2023-07-20",交通运输,66,1,1,15,44,5,0
2229,"2023-07-20",农林牧渔,122,1,8,29,77,6,1
2230,"2023-07-21",科教文体,309,8,19,93,170,18,1
2231,"2023-07-21",公卫医疗,107,3,10,32,53,5,4
2232,"2023-07-21",城乡建设,588,14,33,184,316,30,11
2233,"2023-07-21",交通运输,235,5,19,76,121,13,1
2234,"2023-07-21",农林牧渔,324,7,23,76,195,21,2
2235,"2023-07-22",科教文体,873,24,58,265,478,40,8
2236,"2023-07-22",公卫医疗,22,1,0,4,16,1,0
2237,"2023-07-22",城乡建设,50,0,5,17,25,2,1
2238,"2023-07-22",交通运输,34,0,3,7,22,2,0
2239,"2023-07-22",农林牧渔,766,19,63,237,402,38,7
2240,"2023-07-23",科教文体,308,2,11,83,189,21,2
2241,"2023-07-23",公卫医疗,24,0,3,13,5,3,0
2242,"2023-07-23",城乡建设,108,4,4,30,62,6,2
2243,"2023-07-23",交通运输,403,10,32,119,226,12,4
2244,"2023-07-23",农林牧渔,41,0,5,13,19,4,0
2245,"2023-07-24",科教文体,101,3,6,30,59,3,0
2246,"2023-07-24",公卫医疗,458,9,28,144,246,26,5
2247,"2023-07-24",城乡建设,65,0,4,21,35,4,1
2248,"2023-07-24",交通运输,329,6,23,90,178,31,1
2249,"2023-07-24",农林牧渔,271,6,17,76,157,11,4
2250,"2023-07-25",科教文体,11,1,1,4,4,1,0
2251,"2023-07-25",公卫医疗,23,0,0,7,15,1,0
2252,"2023-07-25",城乡建设,603,10,41,180,337,27,8
2253,"2023-07-25",交通运输,159,4,8,45,89,11,2
2254,"2023-07-25",农林牧渔,145,5,17,37,78,5,3
2255,"2023-07-26",科教文体,218,5,14,64,124,9,2
2256,"2023-07-26",公卫医疗,598,12,48,161,336,38,3
2257,"2023-07-26",城乡建设,380,5,25,120,207,19,4
2258,"2023-07-26",交通运输,237,7,14,77,124,11,4
2259,"2023-07-26",农林牧渔,159,1,17,39,84,15,3
2260,"2023-07-27",科教文体,275,7,25,72,149,16,6
2261,"2023-07-27",公卫医疗,453,7,40,118,251,30,7
2262,"2023-07-27",城乡建设,330,10,24,88,188,15,5
2263,"2023-07-27",交通运输,429,7,42,123,230,23,4
2264,"2023-07-27",农林牧渔,349,6,21,112,189,18,3
2265,"2023-07-28",科教文体,478,12,22,133,273,34,4
2266,"2023-07-28",公卫医疗,924,27,58,275,508,40,16
2267,"2023-07-28",城乡建设,79,1,2,19,50,6,1
2268,"2023-07-28",交通运输,148,1,9,52,75,10,1
2269,"2023-07-28",农林牧渔,308,3,24,88,171,19,3
2270,"2023-07-29",科教文体,212,6,16,62,116,12,0
2271,"2023-07-29",公卫医疗,49,0,2,21,23,3,0
2272,"2023-07-29",城乡建设,298,12,23,93,154,14,2
2273,"2023-07-29",交通运输,183,2,13,49,103,15,1
2274,"2023-07-29",农林牧渔,230,4,21,67,121,15,2
2275,"2023-07-30",科教文体,38,0,1,16,20,1,0
2276,"2023-07-30",公卫医疗,398,9,24,114,226,19,6
2277,"2023-07-30",城乡建设,111,3,6,31,66,5,0
2278,"2023-07-30",交通运输,1445,30,105,435,770,93,12
2279,"2023-07-30",农林牧渔,44,2,4,18,20,0,0
2280,"2023-07-31",科教文体,438,13,25,144,232,21,3
2281,"2023-07-31",公卫医疗,166,2,17,44,95,8,0
2282,"2023-07-31",城乡建设,271,2,21,75,159,11,3
2283,"2023-07-31",交通运输,278,6,13,77,161,18,3
2284,"2023-07-31",农林牧渔,447,7,32,145,237,22,4
2285,"2023-08-01",科教文体,512,12,38,143,279,31,9
2286,"2023-08-01",公卫医疗,273,10,18,75,157,10,3
2287,"2023-08-01",城乡建设,245,2,11,68,149,11,4
2288,"2023-08-01",交通运输,149,0,13,42,84,7,3
2289,"2023-08-01",农林牧渔,60,2,1,15,39,2,1
2290,"2023-08-02",科教文体,32,1,2,7,22,0,0
2291,"2023-08-02",公卫医疗,159,1,5,46,96,10,1
2292,"2023-08-02",城乡建设,132,3,9,35,76,9,0
2293,"2023-08-02",交通运输,275,5,20,73,157,13,7
2294,"2023-08-02",农林牧渔,94,0,5,28,55,4,2
2295,"2023-08-03",科教文体,23,0,2,4,17,0,0
2296,"2023-08-03",公卫医疗,756,25,51,228,406,39,7
2297,"2023-08-03",城乡建设,8,0,0,2,6,0,0
2298,"2023-08-03",交通运输,274,7,27,71,152,14,3
2299,"2023-08-03",农林牧渔,470,10,22,143,265,24,6
2300,"2023-08-04",科教文体,204,6,6,56,120,15,1
2301,"2023-08-04",公卫医疗,425,10,32,119,237,20,7
2302,"2023-08-04",城乡建设,176,4,13,54,100,4,1
2303,"2023-08-04",交通运输,469,10,35,146,238,34,6
2304,"2023-08-04",农林牧渔,118,5,10,33,62,7,1
2305,"2023-08-05",科教文体,421,5,29,139,224,21,3
2306,"2023-08-05",公卫医疗,490,9,35,144,262,31,9
2307,"2023-08-05",城乡建设,22,0,3,8,11,0,0
2308,"2023-08-05",交通运输,261,2,26,68,151,10,4
2309,"2023-08-05",农林牧渔,250,6,11,93,133,6,1
2310,"2023-08-06",科教文体,342,5,27,108,181,20,1
2311,"2023-08-06",公卫医疗,130,4,14,37,71,4,0
2312,"2023-08-06",城乡建设,1251,19,89,400,664,64,15
2313,"2023-08-06",交通运输,92,0,5,24,57,5,1
2314,"2023-08-06",农林牧渔,166,4,13,49,92,5,3
2315,"2023-08-07",科教文体,847,14,67,256,459,44,7
2316,"2023-08-07",公卫医疗,635,11,32,192,364,31,5
2317,"2023-08-07",城乡建设,110,1,3,31,70,4,1
2318,"2023-08-07",交通运输,154,2,5,38,94,13,2
2319,"2023-08-07",农林牧渔,5,1,0,2,2,0,0
2320,"2023-08-08",科教文体,58,1,9,21,25,2,0
2321,"2023-08-08",公卫医疗,472,6,29,147,263,24,3
2322,"2023-08-08",城乡建设,95,1,7,32,52,2,1
2323,"2023-08-08",交通运输,868,17,60,276,457,45,13
2324,"2023-08-08",农林牧渔,220,4,18,52,133,10,3
2325,"2023-08-09",科教文体,792,14,62,232,433,41,10
2326,"2023-08-09",公卫医疗,254,4,19,64,153,12,2
2327,"2023-08-09",城乡建设,438,9,30,146,236,16,1
2328,"2023-08-09",交通运输,147,6,5,52,77,6,1
2329,"2023-08-09",农林牧渔,245,3,13,70,144,14,1
2330,"2023-08-10",科教文体,18,0,2,6,9,1,0
2331,"2023-08-10",公卫医疗,84,1,7,25,49,2,0
2332,"2023-08-10",城乡建设,520,9,38,154,280,35,4
2333,"2023-08-10",交通运输,860,21,59,248,476,45,11
2334,"2023-08-10",农林牧渔,366,7,21,103,212,21,2
2335,"2023-08-11",科教文体,55,0,1,16,35,3,0
2336,"2023-08-11",公卫医疗,158,4,8,44,97,5,0
2337,"2023-08-11",城乡建设,619,12,52,179,337,33,6
2338,"2023-08-11",交通运输,280,4,16,79,165,14,2
2339,"2023-08-11",农林牧渔,225,3,14,75,118,14,1
2340,"2023-08-12",科教文体,378,4,30,116,204,19,5
2341,"2023-08-12",公卫医疗,220,5,19,59,124,12,1
2342,"2023-08-12",城乡建设,384,9,18,132,208,14,3
2343,"2023-08-12",交通运输,468,9,37,161,235,20,6
2344,"2023-08-12",农林牧渔,607,13,37,184,341,28,4
2345,"2023-08-13",科教文体,23,0,2,10,9,2,0
2346,"2023-08-13",公卫医疗,621,12,41,198,340,27,3
2347,"2023-08-13",城乡建设,154,6,6,34,99,8,1
2348,"2023-08-13",交通运输,542,14,36,138,319,28,7
2349,"2023-08-13",农林牧渔,394,7,29,118,227,11,2
2350,"2023-08-14",科教文体,24,0,0,7,16,1,0
2351,"2023-08-14",公卫医疗,190,3,11,56,109,11,0
2352,"2023-08-14",城乡建设,708,13,51,223,374,35,12
2353,"2023-08-14",交通运输,302,4,20,95,173,9,1
2354,"2023-08-14",农林牧渔,23,0,1,5,17,0,0
2355,"2023-08-15",科教文体,308,5,15,98,167,21,2
2356,"2023-08-15",公卫医疗,344,8,23,99,190,21,3
2357,"2023-08-15",城乡建设,304,8,14,112,157,11,2
2358,"2023-08-15",交通运输,212,6,15,62,115,13,1
2359,"2023-08-15",农林牧渔,118,2,6,39,67,4,0
2360,"2023-08-16",科教文体,443,8,33,131,256,15,0
2361,"2023-08-16",公卫医疗,237,6,16,77,117,16,5
2362,"2023-08-16",城乡建设,366,4,27,98,213,20,4
2363,"2023-08-16",交通运输,399,5,27,129,207,26,5
2364,"2023-08-16",农林牧渔,34,1,3,8,21,1,0
2365,"2023-08-17",科教文体,67,0,5,23,36,1,2
2366,"2023-08-17",公卫医疗,171,7,13,48,94,5,4
2367,"2023-08-17",城乡建设,929,13,77,280,514,38,7
2368,"2023-08-17",交通运输,37,1,6,10,18,1,1
2369,"2023-08-17",农林牧渔,25,0,3,6,16,0,0
2370,"2023-08-18",科教文体,98,2,7,26,55,7,1
2371,"2023-08-18",公卫医疗,194,5,18,64,98,8,1
2372,"2023-08-18",城乡建设,555,5,41,161,309,33,6
2373,"2023-08-18",交通运输,224,2,25,60,121,14,2
2374,"2023-08-18",农林牧渔,271,5,20,84,145,14,3
2375,"2023-08-19",科教文体,645,15,41,188,360,36,5
2376,"2023-08-19",公卫医疗,84,1,7,21,50,5,0
2377,"2023-08-19",城乡建设,316,11,11,92,183,13,6
2378,"2023-08-19",交通运输,356,4,22,116,189,23,2
2379,"2023-08-19",农林牧渔,104,2,11,29,56,6,0
2380,"2023-08-20",科教文体,326,9,19,93,187,17,1
2381,"2023-08-20",公卫医疗,59,0,0,12,45,2,0
2382,"2023-08-20",城乡建设,98,0,7,33,52,5,1
2383,"2023-08-20",交通运输,118,2,9,36,66,5,0
2384,"2023-08-20",农林牧渔,252,6,16,81,128,18,3
2385,"2023-08-21",科教文体,184,8,13,56,96,9,2
2386,"2023-08-21",公卫医疗,131,2,12,31,74,10,2
2387,"2023-08-21",城乡建设,314,5,24,83,184,17,1
2388,"2023-08-21",交通运输,86,0,7,28,47,4,0
2389,"2023-08-21",农林牧渔,769,18,66,228,394,57,6
2390,"2023-08-22",科教文体,648,12,46,184,355,42,9
2391,"2023-08-22",公卫医疗,5,0,0,2,3,0,0
2392,"2023-08-22",城乡建设,273,4,12,90,153,11,3
2393,"2023-08-22",交通运输,249,5,21,66,137,16,4
2394,"2023-08-22",农林牧渔,262,1,11,76,150,19,5
2395,"2023-08-23",科教文体,303,7,15,92,171,15,3
2396,"2023-08-23",公卫医疗,163,3,11,53,83,13,0
2397,"2023-08-23",城乡建设,120,1,12,25,74,5,3
2398,"2023-08-23",交通运输,10,1,0,1,8,0,0
2399,"2023-08-23",农林牧渔,209,8,14,58,118,8,3
2400,"2023-08-24",科教文体,110,0,9,36,57,5,3
2401,"2023-08-24",公卫医疗,273,6,14,99,135,18,1
2402,"2023-08-24",城乡建设,198,6,10,62,108,8,4
2403,"2023-08-24",交通运输,260,5,18,91,123,20,3
2404,"2023-08-24",农林牧渔,514,5,32,151,294,26,6
2405,"2023-08-25",科教文体,474,6,31,139,274,23,1
2406,"2023-08-25",公卫医疗,185,4,9,51,114,4,3
2407,"2023-08-25",城乡建设,346,6,25,92,202,15,6
2408,"2023-08-25",交通运输,340,3,25,103,195,14,0
2409,"2023-08-25",农林牧渔,238,6,15,69,134,12,2
2410,"2023-08-26",科教文体,717,14,45,207,408,34,9
2411,"2023-08-26",公卫医疗,199,0,10,56,121,9,3
2412,"2023-08-26",城乡建设,11,0,1,2,8,0,0
2413,"2023-08-26",交通运输,591,14,39,169,333,27,9
2414,"2023-08-26",农林牧渔,66,1,7,18,40,0,0
2415,"2023-08-27",科教文体,275,8,21,87,148,7,4
2416,"2023-08-27",公卫医疗,64,1,1,22,37,3,0
2417,"2023-08-27",城乡建设,350,7,31,97,201,11,3
2418,"2023-08-27",交通运输,207,3,14,63,116,8,3
2419,"2023-08-27",农林牧渔,179,3,14,67,87,6,2
2420,"2023-08-28",科教文体,47,2,3,18,23,1,0
2421,"2023-08-28",公卫医疗,392,13,24,130,198,23,4
2422,"2023-08-28",城乡建设,133,4,10,33,77,7,2
2423,"2023-08-28",交通运输,210,6,13,65,114,9,3
2424,"2023-08-28",农林牧渔,435,11,37,140,230,16,1
2425,"2023-08-29",科教文体,58,1,1,18,35,1,2
2426,"2023-08-29",公卫医疗,224,2,19,71,115,17,0
2427,"2023-08-29",城乡建设,6,0,0,1,2,3,0
2428,"2023-08-29",交通运输,439,9,28,121,264,13,4
2429,"2023-08-29",农林牧渔,86,2,8,23,38,13,2
2430,"2023-08-30",科教文体,127,4,9,48,59,7,0
2431,"2023-08-30",公卫医疗,360,6,17,109,215,11,2
2432,"2023-08-30",城乡建设,159,3,14,47,87,7,1
2433,"2023-08-30",交通运输,216,3,12,71,118,11,1
2434,"2023-08-30",农林牧渔,20,2,2,5,10,1,0
2435,"2023-08-31",科教文体,251,4,15,85,132,14,1
2436,"2023-08-31",公卫医疗,165,1,10,54,91,9,0
2437,"2023-08-31",城乡建设,575,18,31,164,319,36,7
2438,"2023-08-31",交通运输,649,21,40,209,343,26,10
2439,"2023-08-31",农林牧渔,295,10,25,90,151,17,2
2440,"2023-09-01",科教文体,557,14,45,182,291,22,3
2441,"2023-09-01",公卫医疗,15,1,1,5,8,0,0
2442,"2023-09-01",城乡建设,40,0,1,16,20,3,0
2443,"2023-09-01",交通运输,219,4,19,68,117,7,4
2444,"2023-09-01",农林牧渔,131,3,10,45,67,5,1
2445,"2023-09-02",科教文体,171,5,7,54,95,7,3
2446,"2023-09-02",公卫医疗,335,11,20,108,175,18,3
2447,"2023-09-02",城乡建设,50,4,3,19,21,3,0
2448,"2023-09-02",交通运输,695,7,57,222,368,32,9
2449,"2023-09-02",农林牧渔,279,3,22,92,151,10,1
2450,"2023-09-03",科教文体,25,0,2,7,14,2,0
2451,"2023-09-03",公卫医疗,176,2,14,40,111,7,2
2452,"2023-09-03",城乡建设,573,9,36,155,342,26,5
2453,"2023-09-03",交通运输,1026,20,70,318,555,54,9
2454,"2023-09-03",农林牧渔,317,6,26,88,176,18,3
2455,"2023-09-04",科教文体,662,16,56,177,374,32,7
2456,"2023-09-04",公卫医疗,323,9,22,91,178,19,4
2457,"2023-09-04",城乡建设,192,5,14,55,105,12,1
2458,"2023-09-04",交通运输,96,2,5,32,52,3,2
2459,"2023-09-04",农林牧渔,289,2,22,70,171,18,6
2460,"2023-09-05",科教文体,140,1,8,45,79,5,2
2461,"2023-09-05",公卫医疗,1071,24,88,276,618,54,11
2462,"2023-09-05",城乡建设,441,10,36,135,232,22,6
2463,"2023-09-05",交通运输,100,0,5,35,53,6,1
2464,"2023-09-05",农林牧渔,12,0,1,4,7,0,0
2465,"2023-09-06",科教文体,111,4,10,31,61,3,2
2466,"2023-09-06",公卫医疗,65,3,3,16,39,3,1
2467,"2023-09-06",城乡建设,103,2,8,32,57,3,1
2468,"2023-09-06",交通运输,326,11,20,88,189,11,7
2469,"2023-09-06",农林牧渔,273,3,19,76,154,19,2
2470,"2023-09-07",科教文体,770,18,53,211,436,47,5
2471,"2023-09-07",公卫医疗,285,4,17,88,163,11,2
2472,"2023-09-07",城乡建设,242,6,12,80,127,15,2
2473,"2023-09-07",交通运输,198,3,7,59,117,12,0
2474,"2023-09-07",农林牧渔,268,2,19,95,138,11,3
2475,"2023-09-08",科教文体,554,9,52,184,280,26,3
2476,"2023-09-08",公卫医疗,149,1,15,49,76,6,2
2477,"2023-09-08",城乡建设,10,0,1,3,6,0,0
2478,"2023-09-08",交通运输,590,10,39,189,326,22,4
2479,"2023-09-08",农林牧渔,104,0,8,27,61,8,0
2480,"2023-09-09",科教文体,65,0,3,26,35,1,0
2481,"2023-09-09",公卫医疗,84,1,7,32,39,5,0
2482,"2023-09-09",城乡建设,325,5,24,91,183,17,5
2483,"2023-09-09",交通运输,412,14,28,124,219,25,2
2484,"2023-09-09",农林牧渔,1,0,0,0,1,0,0
2485,"2023-09-10",科教文体,14,1,2,4,7,0,0
2486,"2023-09-10",公卫医疗,215,4,20,58,124,6,3
2487,"2023-09-10",城乡建设,49,0,1,21,23,3,1
2488,"2023-09-10",交通运输,137,5,5,37,79,9,2
2489,"2023-09-10",农林牧渔,428,9,28,132,224,30,5
2490,"2023-09-11",科教文体,418,5,20,123,252,17,1
2491,"2023-09-11",公卫医疗,190,4,15,51,105,12,3
2492,"2023-09-11",城乡建设,181,3,9,58,96,12,3
2493,"2023-09-11",交通运输,261,4,25,71,143,12,6
2494,"2023-09-11",农林牧渔,65,1,4,15,41,4,0
2495,"2023-09-12",科教文体,155,1,12,54,74,12,2
2496,"2023-09-12",公卫医疗,504,8,41,145,275,30,5
2497,"2023-09-12",城乡建设,245,4,12,74,142,8,5
2498,"2023-09-12",交通运输,569,13,35,184,305,24,8
2499,"2023-09-12",农林牧渔,79,2,6,25,45,1,0
2500,"2023-09-13",科教文体,202,4,15,61,111,7,4
2501,"2023-09-13",公卫医疗,285,3,18,91,155,17,1
2502,"2023-09-13",城乡建设,83,0,2,37,41,2,1
2503,"2023-09-13",交通运输,10,0,2,6,1,0,1
2504,"2023-09-13",农林牧渔,164,5,14,46,89,10,0
2505,"2023-09-14",科教文体,258,0,15,85,146,11,1
2506,"2023-09-14",公卫医疗,138,3,9,43,76,6,1
2507,"2023-09-14",城乡建设,123,3,6,38,69,7,0
2508,"2023-09-14",交通运输,178,5,13,52,93,11,4
2509,"2023-09-14",农林牧渔,162,3,11,46,89,13,0
2510,"2023-09-15",科教文体,389,6,21,114,221,23,4
2511,"2023-09-15",公卫医疗,53,2,1,15,32,3,0
2512,"2023-09-15",城乡建设,138,1,13,38,81,5,0
2513,"2023-09-15",交通运输,611,10,43,186,337,31,4
2514,"2023-09-15",农林牧渔,464,7,34,147,259,15,2
2515,"2023-09-16",科教文体,1356,28,95,417,735,68,13
2516,"2023-09-16",公卫医疗,205,3,12,67,119,4,0
2517,"2023-09-16",城乡建设,154,1,8,46,92,6,1
2518,"2023-09-16",交通运输,292,6,22,97,154,11,2
2519,"2023-09-16",农林牧渔,137,3,15,33,78,6,2
2520,"2023-09-17",科教文体,79,0,5,30,39,5,0
2521,"2023-09-17",公卫医疗,165,2,10,52,96,4,1
2522,"2023-09-17",城乡建设,155,0,12,61,77,3,2
2523,"2023-09-17",交通运输,95,0,4,29,59,2,1
2524,"2023-09-17",农林牧渔,328,10,19,110,158,22,9
2525,"2023-09-18",科教文体,35,1,2,7,23,2,0
2526,"2023-09-18",公卫医疗,519,7,41,155,288,24,4
2527,"2023-09-18",城乡建设,336,5,25,89,200,16,1
2528,"2023-09-18",交通运输,162,3,14,50,85,5,5
2529,"2023-09-18",农林牧渔,284,7,29,97,145,6,0
2530,"2023-09-19",科教文体,4,0,1,0,3,0,0
2531,"2023-09-19",公卫医疗,190,3,17,50,110,7,3
2532,"2023-09-19",城乡建设,180,4,8,54,104,5,5
2533,"2023-09-19",交通运输,957,18,75,289,514,49,12
2534,"2023-09-19",农林牧渔,121,0,3,40,69,8,1
2535,"2023-09-20",科教文体,299,4,27,90,162,13,3
2536,"2023-09-20",公卫医疗,33,5,2,13,13,0,0
2537,"2023-09-20",城乡建设,373,8,42,108,194,19,2
2538,"2023-09-20",交通运输,73,1,7,18,42,5,0
2539,"2023-09-20",农林牧渔,325,8,22,105,172,15,3
2540,"2023-09-21",科教文体,115,3,11,33,62,4,2
2541,"2023-09-21",公卫医疗,131,6,9,37,69,8,2
2542,"2023-09-21",城乡建设,787,15,54,221,450,40,7
2543,"2023-09-21",交通运输,79,0,9,19,48,2,1
2544,"2023-09-21",农林牧渔,218,4,13,67,125,8,1
2545,"2023-09-22",科教文体,285,3,14,89,158,20,1
2546,"2023-09-22",公卫医疗,177,5,15,54,94,8,1
2547,"2023-09-22",城乡建设,40,2,4,17,17,0,0
2548,"2023-09-22",交通运输,40,2,1,14,20,3,0
2549,"2023-09-22",农林牧渔,60,3,4,17,31,4,1
2550,"2023-09-23",科教文体,309,3,21,91,176,16,2
2551,"2023-09-23",公卫医疗,261,3,21,75,143,16,3
2552,"2023-09-23",城乡建设,63,0,4,19,36,3,1
2553,"2023-09-23",交通运输,188,3,24,45,100,13,3
2554,"2023-09-23",农林牧渔,364,6,24,106,209,14,5
2555,"2023-09-24",科教文体,284,4,17,85,161,15,2
2556,"2023-09-24",公卫医疗,457,5,28,127,271,23,3
2557,"2023-09-24",城乡建设,279,6,13,83,161,13,3
2558,"2023-09-24",交通运输,56,1,7,16,31,1,0
2559,"2023-09-24",农林牧渔,507,10,34,144,295,21,3
2560,"2023-09-25",科教文体,22,1,1,8,11,0,1
2561,"2023-09-25",公卫医疗,289,4,19,84,166,15,1
2562,"2023-09-25",城乡建设,734,14,64,201,419,28,8
2563,"2023-09-25",交通运输,198,3,11,63,103,14,4
2564,"2023-09-25",农林牧渔,236,7,15,63,139,10,2
2565,"2023-09-26",科教文体,234,6,14,71,126,14,3
2566,"2023-09-26",公卫医疗,232,3,10,71,133,14,1
2567,"2023-09-26",城乡建设,72,1,6,25,36,4,0
2568,"2023-09-26",交通运输,54,1,5,20,26,2,0
2569,"2023-09-26",农林牧渔,10,0,1,3,5,1,0
2570,"2023-09-27",科教文体,14,0,1,3,9,1,0
2571,"2023-09-27",公卫医疗,73,4,5,15,47,2,0
2572,"2023-09-27",城乡建设,49,0,1,18,26,3,1
2573,"2023-09-27",交通运输,445,8,25,127,254,27,4
2574,"2023-09-27",农林牧渔,243,4,19,79,133,8,0
2575,"2023-09-28",科教文体,185,1,7,62,108,6,1
2576,"2023-09-28",公卫医疗,20,1,0,5,12,1,1
2577,"2023-09-28",城乡建设,700,14,37,210,400,32,7
2578,"2023-09-28",交通运输,151,1,19,53,67,9,2
2579,"2023-09-28",农林牧渔,696,19,51,203,386,33,4
2580,"2023-09-29",科教文体,271,4,9,74,169,14,1
2581,"2023-09-29",公卫医疗,102,1,7,22,61,10,1
2582,"2023-09-29",城乡建设,337,5,16,110,177,24,5
2583,"2023-09-29",交通运输,800,15,64,247,431,34,9
2584,"2023-09-29",农林牧渔,395,6,31,127,209,17,5
2585,"2023-09-30",科教文体,976,19,65,284,542,55,11
2586,"2023-09-30",公卫医疗,167,4,13,46,96,7,1
2587,"2023-09-30",城乡建设,203,3,16,48,121,15,0
2588,"2023-09-30",交通运输,315,9,18,92,174,17,5
2589,"2023-09-30",农林牧渔,144,2,12,39,85,6,0
2590,"2023-10-01",科教文体,300,7,19,90,168,13,3
2591,"2023-10-01",公卫医疗,25,0,1,5,18,1,0
2592,"2023-10-01",城乡建设,117,2,12,32,65,5,1
2593,"2023-10-01",交通运输,96,2,11,28,49,5,1
2594,"2023-10-01",农林牧渔,257,5,26,66,135,21,4
2595,"2023-10-02",科教文体,30,0,5,9,16,0,0
2596,"2023-10-02",公卫医疗,503,12,38,138,272,38,5
2597,"2023-10-02",城乡建设,88,0,5,28,50,3,2
2598,"2023-10-02",交通运输,386,3,27,112,229,13,2
2599,"2023-10-02",农林牧渔,139,2,6,41,76,13,1
2600,"2023-10-03",科教文体,447,9,21,138,258,18,3
2601,"2023-10-03",公卫医疗,530,15,39,152,290,30,4
2602,"2023-10-03",城乡建设,43,0,3,16,23,1,0
2603,"2023-10-03",交通运输,226,3,19,70,125,7,2
2604,"2023-10-03",农林牧渔,487,7,35,144,272,26,3
2605,"2023-10-04",科教文体,124,1,12,32,68,10,1
2606,"2023-10-04",公卫医疗,56,1,6,19,27,3,0
2607,"2023-10-04",城乡建设,290,7,14,99,158,10,2
2608,"2023-10-04",交通运输,493,13,29,134,276,35,6
2609,"2023-10-04",农林牧渔,376,7,19,109,213,22,6
2610,"2023-10-05",科教文体,412,11,30,120,227,20,4
2611,"2023-10-05",公卫医疗,658,10,50,185,377,28,8
2612,"2023-10-05",城乡建设,359,6,29,103,198,20,3
2613,"2023-10-05",交通运输,280,1,18,73,170,15,3
2614,"2023-10-05",农林牧渔,128,3,19,36,64,6,0
2615,"2023-10-06",科教文体,396,6,22,118,228,18,4
2616,"2023-10-06",公卫医疗,145,2,7,29,98,7,2
2617,"2023-10-06",城乡建设,343,15,20,96,194,14,4
2618,"2023-10-06",交通运输,146,4,10,49,79,2,2
2619,"2023-10-06",农林牧渔,549,9,48,154,303,27,8
2620,"2023-10-07",科教文体,617,9,37,188,339,36,8
2621,"2023-10-07",公卫医疗,163,1,10,46,99,6,1
2622,"2023-10-07",城乡建设,241,4,15,64,145,12,1
2623,"2023-10-07",交通运输,54,3,3,16,28,2,2
2624,"2023-10-07",农林牧渔,71,0,6,22,37,6,0
2625,"2023-10-08",科教文体,356,9,23,111,198,13,2
2626,"2023-10-08",公卫医疗,94,2,7,27,52,6,0
2627,"2023-10-08",城乡建设,60,1,5,12,36,6,0
2628,"2023-10-08",交通运输,643,13,46,175,364,37,8
2629,"2023-10-08",农林牧渔,296,6,15,93,166,12,4
2630,"2023-10-09",科教文体,619,8,41,189,336,36,9
2631,"2023-10-09",公卫医疗,36,0,3,13,20,0,0
2632,"2023-10-09",城乡建设,749,22,50,238,385,41,13
2633,"2023-10-09",交通运输,51,0,2,14,26,7,2
2634,"2023-10-09",农林牧渔,9,0,1,3,5,0,0
2635,"2023-10-10",科教文体,52,1,4,13,30,3,1
2636,"2023-10-10",公卫医疗,92,2,7,25,52,5,1
2637,"2023-10-10",城乡建设,97,4,4,28,52,7,2
2638,"2023-10-10",交通运输,69,2,1,26,36,3,1
2639,"2023-10-10",农林牧渔,218,8,16,59,126,7,2
2640,"2023-10-11",科教文体,3,0,0,1,1,1,0
2641,"2023-10-11",公卫医疗,331,3,21,117,173,16,1
2642,"2023-10-11",城乡建设,34,0,4,8,21,1,0
2643,"2023-10-11",交通运输,203,5,7,60,119,8,4
2644,"2023-10-11",农林牧渔,1234,12,93,361,693,63,12
2645,"2023-10-12",科教文体,386,8,32,104,219,21,2
2646,"2023-10-12",公卫医疗,54,0,4,17,30,3,0
2647,"2023-10-12",城乡建设,64,1,2,18,40,3,0
2648,"2023-10-12",交通运输,137,4,11,33,77,6,6
2649,"2023-10-12",农林牧渔,686,17,58,207,356,43,5
2650,"2023-10-13",科教文体,328,7,25,101,172,17,6
2651,"2023-10-13",公卫医疗,138,1,1,43,84,6,3
2652,"2023-10-13",城乡建设,14,0,0,4,9,1,0
2653,"2023-10-13",交通运输,451,11,26,136,246,30,2
2654,"2023-10-13",农林牧渔,136,2,9,57,64,2,2
2655,"2023-10-14",科教文体,676,13,47,190,388,33,5
2656,"2023-10-14",公卫医疗,243,9,13,73,134,13,1
2657,"2023-10-14",城乡建设,620,16,38,218,322,24,2
2658,"2023-10-14",交通运输,34,1,1,12,19,1,0
2659,"2023-10-14",农林牧渔,358,8,32,117,181,17,3
2660,"2023-10-15",科教文体,28,0,4,5,15,3,1
2661,"2023-10-15",公卫医疗,9,0,0,4,5,0,0
2662,"2023-10-15",城乡建设,226,3,12,58,137,14,2
2663,"2023-10-15",交通运输,156,3,11,42,89,10,1
2664,"2023-10-15",农林牧渔,677,13,55,183,389,30,7
2665,"2023-10-16",科教文体,413,7,34,134,216,18,4
2666,"2023-10-16",公卫医疗,18,1,0,4,13,0,0
2667,"2023-10-16",城乡建设,211,5,15,59,117,14,1
2668,"2023-10-16",交通运输,289,8,14,88,162,12,5
2669,"2023-10-16",农林牧渔,56,1,2,12,37,4,0
2670,"2023-10-17",科教文体,496,13,33,149,265,32,4
2671,"2023-10-17",公卫医疗,333,8,26,100,177,16,6
2672,"2023-10-17",城乡建设,481,10,32,135,276,24,4
2673,"2023-10-17",交通运输,448,4,33,133,244,27,7
2674,"2023-10-17",农林牧渔,57,0,6,13,34,4,0
2675,"2023-10-18",科教文体,111,0,4,37,66,2,2
2676,"2023-10-18",公卫医疗,25,1,1,8,14,1,0
2677,"2023-10-18",城乡建设,446,7,19,143,246,22,9
2678,"2023-10-18",交通运输,375,12,20,110,218,14,1
2679,"2023-10-18",农林牧渔,6,0,0,3,2,1,0
2680,"2023-10-19",科教文体,76,0,4,19,44,7,2
2681,"2023-10-19",公卫医疗,616,9,48,195,321,38,5
2682,"2023-10-19",城乡建设,122,2,10,32,68,10,0
2683,"2023-10-19",交通运输,589,14,34,177,318,42,4
2684,"2023-10-19",农林牧渔,517,5,30,164,289,24,5
2685,"2023-10-20",科教文体,40,0,4,16,18,2,0
2686,"2023-10-20",公卫医疗,314,3,22,110,159,17,3
2687,"2023-10-20",城乡建设,105,0,10,27,61,6,1
2688,"2023-10-20",交通运输,832,19,64,246,438,50,15
2689,"2023-10-20",农林牧渔,12,1,0,1,10,0,0
2690,"2023-10-21",科教文体,378,2,24,117,214,18,3
2691,"2023-10-21",公卫医疗,208,4,16,66,110,12,0
2692,"2023-10-21",城乡建设,33,0,1,10,21,1,0
2693,"2023-10-21",交通运输,368,8,33,120,186,16,5
2694,"2023-10-21",农林牧渔,34,2,4,11,14,3,0
2695,"2023-10-22",科教文体,283,5,21,95,141,15,6
2696,"2023-10-22",公卫医疗,767,13,43,251,407,42,11
2697,"2023-10-22",城乡建设,5,0,0,0,5,0,0
2698,"2023-10-22",交通运输,287,6,19,85,165,9,3
2699,"2023-10-22",农林牧渔,186,5,16,49,108,7,1
2700,"2023-10-23",科教文体,25,0,1,11,13,0,0
2701,"2023-10-23",公卫医疗,354,8,30,98,198,16,4
2702,"2023-10-23",城乡建设,691,13,58,194,376,42,8
2703,"2023-10-23",交通运输,534,13,41,159,289,25,7
2704,"2023-10-23",农林牧渔,141,3,11,42,76,5,4
2705,"2023-10-24",科教文体,778,14,52,228,431,41,12
2706,"2023-10-24",公卫医疗,147,4,12,42,81,6,2
2707,"2023-10-24",城乡建设,55,1,1,18,31,4,0
2708,"2023-10-24",交通运输,493,9,29,156,266,26,7
2709,"2023-10-24",农林牧渔,512,10,40,155,276,24,7
2710,"2023-10-25",科教文体,289,9,20,85,158,16,1
2711,"2023-10-25",公卫医疗,201,5,12,60,112,11,1
2712,"2023-10-25",城乡建设,354,6,32,89,201,21,5
2713,"2023-10-25",交通运输,140,4,11,43,73,6,3
2714,"2023-10-25",农林牧渔,346,9,26,92,200,13,6
2715,"2023-10-26",科教文体,114,1,14,28,64,6,1
2716,"2023-10-26",公卫医疗,562,14,39,161,316,29,3
2717,"2023-10-26",城乡建设,448,5,25,129,256,30,3
2718,"2023-10-26",交通运输,204,2,20,64,106,9,3
2719,"2023-10-26",农林牧渔,59,2,3,15,35,4,0
2720,"2023-10-27",科教文体,350,7,19,105,195,21,3
2721,"2023-10-27",公卫医疗,508,8,44,140,277,37,2
2722,"2023-10-27",城乡建设,55,1,6,16,30,2,0
2723,"2023-10-27",交通运输,311,7,23,88,177,13,3
2724,"2023-10-27",农林牧渔,324,4,25,91,189,11,4
2725,"2023-10-28",科教文体,92,2,7,29,51,2,1
2726,"2023-10-28",公卫医疗,536,15,49,159,282,26,5
2727,"2023-10-28",城乡建设,322,6,17,89,183,24,3
2728,"2023-10-28",交通运输,256,8,15,77,136,17,3
2729,"2023-10-28",农林牧渔,357,7,17,115,202,13,3
2730,"2023-10-29",科教文体,148,3,10,38,91,6,0
2731,"2023-10-29",公卫医疗,203,1,14,55,116,15,2
2732,"2023-10-29",城乡建设,306,5,25,97,157,19,3
2733,"2023-10-29",交通运输,125,2,7,43,67,6,0
2734,"2023-10-29",农林牧渔,258,4,23,72,141,14,4
2735,"2023-10-30",科教文体,94,1,9,29,53,0,2
2736,"2023-10-30",公卫医疗,199,6,14,61,105,11,2
2737,"2023-10-30",城乡建设,113,3,5,34,66,5,0
2738,"2023-10-30",交通运输,246,6,22,71,131,14,2
2739,"2023-10-30",农林牧渔,853,18,70,252,461,41,11
2740,"2023-10-31",科教文体,102,3,7,33,52,7,0
2741,"2023-10-31",公卫医疗,363,7,28,100,209,17,2
2742,"2023-10-31",城乡建设,26,2,3,5,12,4,0
2743,"2023-10-31",交通运输,209,4,11,58,124,9,3
2744,"2023-10-31",农林牧渔,862,21,44,248,492,47,10
2745,"2023-11-01",科教文体,323,6,27,89,177,20,4
2746,"2023-11-01",公卫医疗,752,18,59,222,398,47,8
2747,"2023-11-01",城乡建设,405,14,24,121,228,15,3
2748,"2023-11-01",交通运输,202,8,10,57,114,11,2
2749,"2023-11-01",农林牧渔,44,0,6,16,21,1,0
2750,"2023-11-02",科教文体,112,1,7,34,64,5,1
2751,"2023-11-02",公卫医疗,1,0,0,1,0,0,0
2752,"2023-11-02",城乡建设,522,10,33,146,307,23,3
2753,"2023-11-02",交通运输,163,2,11,51,91,6,2
2754,"2023-11-02",农林牧渔,367,6,29,114,197,18,3
2755,"2023-11-03",科教文体,699,15,53,219,377,28,7
2756,"2023-11-03",公卫医疗,34,1,1,14,16,2,0
2757,"2023-11-03",城乡建设,164,4,12,52,87,7,2
2758,"2023-11-03",交通运输,308,10,35,91,157,12,3
2759,"2023-11-03",农林牧渔,305,6,23,91,171,14,0
2760,"2023-11-04",科教文体,201,3,14,67,106,9,2
2761,"2023-11-04",公卫医疗,35,1,3,13,14,4,0
2762,"2023-11-04",城乡建设,247,4,19,69,138,17,0
2763,"2023-11-04",交通运输,272,7,16,80,146,18,5
2764,"2023-11-04",农林牧渔,15,1,0,4,9,1,0
2765,"2023-11-05",科教文体,162,2,10,51,93,5,1
2766,"2023-11-05",公卫医疗,249,4,19,73,140,13,0
2767,"2023-11-05",城乡建设,101,0,14,27,54,6,0
2768,"2023-11-05",交通运输,421,8,24,126,240,19,4
2769,"2023-11-05",农林牧渔,1080,26,86,320,600,40,8
2770,"2023-11-06",科教文体,65,1,6,20,34,4,0
2771,"2023-11-06",公卫医疗,103,0,7,24,67,4,1
2772,"2023-11-06",城乡建设,185,3,10,59,107,3,3
2773,"2023-11-06",交通运输,584,10,43,186,303,33,9
2774,"2023-11-06",农林牧渔,386,12,25,106,221,18,4
2775,"2023-11-07",科教文体,35,1,3,11,18,1,1
2776,"2023-11-07",公卫医疗,617,12,46,196,318,38,7
2777,"2023-11-07",城乡建设,299,6,27,96,160,7,3
2778,"2023-11-07",交通运输,417,8,26,147,218,15,3
2779,"2023-11-07",农林牧渔,285,7,14,89,162,12,1
2780,"2023-11-08",科教文体,65,1,2,28,32,2,0
2781,"2023-11-08",公卫医疗,396,8,20,120,219,29,0
2782,"2023-11-08",城乡建设,17,1,1,6,9,0,0
2783,"2023-11-08",交通运输,110,0,4,37,65,4,0
2784,"2023-11-08",农林牧渔,142,3,7,42,86,3,1
2785,"2023-11-09",科教文体,147,3,8,54,72,9,1
2786,"2023-11-09",公卫医疗,585,12,43,187,312,29,2
2787,"2023-11-09",城乡建设,10,1,0,6,2,1,0
2788,"2023-11-09",交通运输,850,10,71,254,460,49,6
2789,"2023-11-09",农林牧渔,113,1,9,42,56,4,1
2790,"2023-11-10",科教文体,27,1,0,10,16,0,0
2791,"2023-11-10",公卫医疗,352,3,17,113,193,23,3
2792,"2023-11-10",城乡建设,952,23,63,266,532,58,10
2793,"2023-11-10",交通运输,32,1,2,10,18,1,0
2794,"2023-11-10",农林牧渔,146,3,10,46,77,9,1
2795,"2023-11-11",科教文体,95,2,10,25,56,2,0
2796,"2023-11-11",公卫医疗,126,0,8,38,78,2,0
2797,"2023-11-11",城乡建设,153,3,13,49,78,8,2
2798,"2023-11-11",交通运输,829,17,60,240,464,39,9
2799,"2023-11-11",农林牧渔,604,8,38,171,351,31,5
2800,"2023-11-12",科教文体,298,7,23,82,166,18,2
2801,"2023-11-12",公卫医疗,108,2,11,32,57,4,2
2802,"2023-11-12",城乡建设,295,4,21,93,154,17,6
2803,"2023-11-12",交通运输,96,1,9,31,49,4,2
2804,"2023-11-12",农林牧渔,194,1,16,53,117,6,1
2805,"2023-11-13",科教文体,178,2,13,53,105,5,0
2806,"2023-11-13",公卫医疗,419,6,31,129,223,23,7
2807,"2023-11-13",城乡建设,184,5,11,50,108,7,3
2808,"2023-11-13",交通运输,264,9,18,79,142,12,4
2809,"2023-11-13",农林牧渔,626,19,47,181,341,34,4
2810,"2023-11-14",科教文体,408,3,30,115,237,19,4
2811,"2023-11-14",公卫医疗,61,1,5,22,29,3,1
2812,"2023-11-14",城乡建设,128,6,9,30,77,6,0
2813,"2023-11-14",交通运输,152,8,9,47,82,4,2
2814,"2023-11-14",农林牧渔,646,15,52,180,351,39,9
2815,"2023-11-15",科教文体,272,5,23,74,153,12,5
2816,"2023-11-15",公卫医疗,85,3,6,21,49,5,1
2817,"2023-11-15",城乡建设,464,4,30,165,244,17,4
2818,"2023-11-15",交通运输,12,0,1,4,5,2,0
2819,"2023-11-15",农林牧渔,756,17,57,222,421,33,6
2820,"2023-11-16",科教文体,150,1,12,46,82,6,3
2821,"2023-11-16",公卫医疗,71,0,6,17,41,5,2
2822,"2023-11-16",城乡建设,491,6,36,132,295,19,3
2823,"2023-11-16",交通运输,48,1,7,16,23,1,0
2824,"2023-11-16",农林牧渔,1176,13,69,324,692,67,11
2825,"2023-11-17",科教文体,195,7,10,70,93,12,3
2826,"2023-11-17",公卫医疗,323,6,22,104,175,13,3
2827,"2023-11-17",城乡建设,38,0,5,9,21,3,0
2828,"2023-11-17",交通运输,520,17,40,146,278,35,4
2829,"2023-11-17",农林牧渔,301,5,21,84,176,15,0
2830,"2023-11-18",科教文体,97,4,3,26,58,5,1
2831,"2023-11-18",公卫医疗,237,3,18,67,135,10,4
2832,"2023-11-18",城乡建设,232,3,16,72,129,9,3
2833,"2023-11-18",交通运输,560,11,45,162,300,36,6
2834,"2023-11-18",农林牧渔,962,20,63,286,529,58,6
2835,"2023-11-19",科教文体,518,10,34,155,289,24,6
2836,"2023-11-19",公卫医疗,78,1,4,22,49,2,0
2837,"2023-11-19",城乡建设,86,3,8,32,40,3,0
2838,"2023-11-19",交通运输,257,4,26,67,144,13,3
2839,"2023-11-19",农林牧渔,365,11,30,111,188,20,5
2840,"2023-11-20",科教文体,142,2,11,40,77,9,3
2841,"2023-11-20",公卫医疗,80,3,4,27,41,3,2
2842,"2023-11-20",城乡建设,60,0,2,22,32,3,1
2843,"2023-11-20",交通运输,878,11,57,270,491,46,3
2844,"2023-11-20",农林牧渔,48,0,5,12,29,2,0
2845,"2023-11-21",科教文体,35,1,4,9,19,2,0
2846,"2023-11-21",公卫医疗,95,0,6,32,54,3,0
2847,"2023-11-21",城乡建设,701,16,57,201,389,31,7
2848,"2023-11-21",交通运输,428,7,32,133,230,22,4
2849,"2023-11-21",农林牧渔,83,1,1,27,50,3,1
2850,"2023-11-22",科教文体,395,1,44,133,193,17,7
2851,"2023-11-22",公卫医疗,328,5,20,104,182,14,3
2852,"2023-11-22",城乡建设,53,0,4,13,32,4,0
2853,"2023-11-22",交通运输,500,10,31,144,290,22,3
2854,"2023-11-22",农林牧渔,92,0,5,30,53,3,1
2855,"2023-11-23",科教文体,568,14,41,174,302,31,6
2856,"2023-11-23",公卫医疗,119,4,11,27,72,4,1
2857,"2023-11-23",城乡建设,168,7,11,39,99,9,3
2858,"2023-11-23",交通运输,87,2,4,21,55,5,0
2859,"2023-11-23",农林牧渔,47,0,2,18,26,1,0
2860,"2023-11-24",科教文体,173,1,15,55,91,8,3
2861,"2023-11-24",公卫医疗,37,0,4,8,23,2,0
2862,"2023-11-24",城乡建设,267,6,19,80,148,13,1
2863,"2023-11-24",交通运输,102,1,10,34,51,5,1
2864,"2023-11-24",农林牧渔,564,14,32,172,311,26,9
2865,"2023-11-25",科教文体,354,8,17,102,200,18,9
2866,"2023-11-25",公卫医疗,219,12,8,65,119,12,3
2867,"2023-11-25",城乡建设,160,1,13,44,94,7,1
2868,"2023-11-25",交通运输,275,7,19,79,153,14,3
2869,"2023-11-25",农林牧渔,626,7,38,169,375,30,7
2870,"2023-11-26",科教文体,367,5,32,115,194,19,2
2871,"2023-11-26",公卫医疗,528,13,25,144,310,29,7
2872,"2023-11-26",城乡建设,189,5,11,65,106,1,1
2873,"2023-11-26",交通运输,481,7,37,130,277,28,2
2874,"2023-11-26",农林牧渔,25,0,1,4,17,3,0
2875,"2023-11-27",科教文体,666,12,47,186,383,32,6
2876,"2023-11-27",公卫医疗,8,0,0,5,3,0,0
2877,"2023-11-27",城乡建设,393,7,27,126,207,20,6
2878,"2023-11-27",交通运输,443,7,40,132,229,30,5
2879,"2023-11-27",农林牧渔,48,2,0,16,26,3,1
2880,"2023-11-28",科教文体,3,0,1,0,2,0,0
2881,"2023-11-28",公卫医疗,108,3,9,32,57,7,0
2882,"2023-11-28",城乡建设,178,8,16,55,87,11,1
2883,"2023-11-28",交通运输,42,0,2,10,28,2,0
2884,"2023-11-28",农林牧渔,629,7,50,175,352,39,6
2885,"2023-11-29",科教文体,399,9,24,113,229,21,3
2886,"2023-11-29",公卫医疗,785,7,56,248,425,42,7
2887,"2023-11-29",城乡建设,33,0,4,16,12,1,0
2888,"2023-11-29",交通运输,5,0,0,1,4,0,0
2889,"2023-11-29",农林牧渔,444,8,28,140,248,20,0
2890,"2023-11-30",科教文体,132,2,9,45,70,5,1
2891,"2023-11-30",公卫医疗,139,3,6,43,81,6,0
2892,"2023-11-30",城乡建设,295,3,15,102,158,14,3
2893,"2023-11-30",交通运输,303,4,25,92,169,11,2
2894,"2023-11-30",农林牧渔,321,12,30,111,155,9,4
2895,"2023-12-01",科教文体,140,3,6,34,82,13,2
2896,"2023-12-01",公卫医疗,95,2,5,33,52,2,1
2897,"2023-12-01",城乡建设,522,15,49,127,287,40,4
2898,"2023-12-01",交通运输,46,1,4,17,22,2,0
2899,"2023-12-01",农林牧渔,444,8,25,145,242,19,5
2900,"2023-12-02",科教文体,885,15,62,262,489,53,4
2901,"2023-12-02",公卫医疗,87,1,2,28,48,5,3
2902,"2023-12-02",城乡建设,357,11,25,112,186,19,4
2903,"2023-12-02",交通运输,458,8,31,143,252,19,5
2904,"2023-12-02",农林牧渔,278,9,20,79,156,10,4
2905,"2023-12-03",科教文体,100,3,7,30,52,8,0
2906,"2023-12-03",公卫医疗,401,8,28,114,225,25,1
2907,"2023-12-03",城乡建设,655,14,27,198,380,29,7
2908,"2023-12-03",交通运输,63,2,4,17,36,4,0
2909,"2023-12-03",农林牧渔,261,11,20,70,147,11,2
2910,"2023-12-04",科教文体,556,5,48,167,297,30,9
2911,"2023-12-04",公卫医疗,52,2,5,15,26,4,0
2912,"2023-12-04",城乡建设,215,6,16,60,117,16,0
2913,"2023-12-04",交通运输,264,8,14,88,137,16,1
2914,"2023-12-04",农林牧渔,182,4,16,62,91,8,1
2915,"2023-12-05",科教文体,292,5,24,84,165,8,6
2916,"2023-12-05",公卫医疗,779,10,55,238,437,34,5
2917,"2023-12-05",城乡建设,590,9,46,183,318,29,5
2918,"2023-12-05",交通运输,169,2,13,56,89,9,0
2919,"2023-12-05",农林牧渔,142,4,13,43,73,9,0
2920,"2023-12-06",科教文体,215,4,19,64,118,9,1
2921,"2023-12-06",公卫医疗,236,4,19,60,135,14,4
2922,"2023-12-06",城乡建设,144,1,9,46,84,2,2
2923,"2023-12-06",交通运输,239,5,16,79,132,5,2
2924,"2023-12-06",农林牧渔,293,5,17,77,175,18,1
2925,"2023-12-07",科教文体,300,5,23,92,161,16,3
2926,"2023-12-07",公卫医疗,30,0,3,10,16,1,0
2927,"2023-12-07",城乡建设,70,2,2,28,33,4,1
2928,"2023-12-07",交通运输,114,4,7,34,60,5,4
2929,"2023-12-07",农林牧渔,445,14,24,139,239,23,6
2930,"2023-12-08",科教文体,440,11,26,120,256,21,6
2931,"2023-12-08",公卫医疗,162,2,8,57,87,6,2
2932,"2023-12-08",城乡建设,555,10,37,178,313,14,3
2933,"2023-12-08",交通运输,340,11,22,92,198,16,1
2934,"2023-12-08",农林牧渔,237,3,15,77,123,16,3
2935,"2023-12-09",科教文体,470,9,33,148,256,19,5
2936,"2023-12-09",公卫医疗,230,6,23,63,123,12,3
2937,"2023-12-09",城乡建设,139,3,11,36,82,6,1
2938,"2023-12-09",交通运输,77,1,5,15,46,10,0
2939,"2023-12-09",农林牧渔,688,9,42,218,378,35,6
2940,"2023-12-10",科教文体,510,16,31,153,274,31,5
2941,"2023-12-10",公卫医疗,543,9,44,153,309,25,3
2942,"2023-12-10",城乡建设,18,0,2,7,7,2,0
2943,"2023-12-10",交通运输,25,1,0,8,14,2,0
2944,"2023-12-10",农林牧渔,98,3,6,30,54,5,0
2945,"2023-12-11",科教文体,743,10,62,226,401,39,5
2946,"2023-12-11",公卫医疗,87,2,4,23,49,8,1
2947,"2023-12-11",城乡建设,318,5,28,97,167,18,3
2948,"2023-12-11",交通运输,329,4,32,88,188,16,1
2949,"2023-12-11",农林牧渔,67,0,6,15,43,3,0
2950,"2023-12-12",科教文体,299,5,24,97,153,17,3
2951,"2023-12-12",公卫医疗,433,5,35,124,239,26,4
2952,"2023-12-12",城乡建设,211,1,17,62,117,13,1
2953,"2023-12-12",交通运输,332,9,24,108,178,13,0
2954,"2023-12-12",农林牧渔,184,1,11,59,103,10,0
2955,"2023-12-13",科教文体,25,1,0,12,12,0,0
2956,"2023-12-13",公卫医疗,207,5,13,54,123,11,1
2957,"2023-12-13",城乡建设,58,1,5,11,38,2,1
2958,"2023-12-13",交通运输,290,6,25,88,157,13,1
2959,"2023-12-13",农林牧渔,307,5,18,94,174,15,1
2960,"2023-12-14",科教文体,3,0,1,1,1,0,0
2961,"2023-12-14",公卫医疗,166,2,11,50,96,6,1
2962,"2023-12-14",城乡建设,17,1,0,6,8,0,2
2963,"2023-12-14",交通运输,509,18,32,135,295,22,7
2964,"2023-12-14",农林牧渔,23,0,2,6,13,2,0
2965,"2023-12-15",科教文体,161,6,9,43,91,10,2
2966,"2023-12-15",公卫医疗,240,5,16,79,128,10,2
2967,"2023-12-15",城乡建设,212,5,23,69,105,7,3
2968,"2023-12-15",交通运输,12,0,0,5,7,0,0
2969,"2023-12-15",农林牧渔,297,4,25,82,167,15,4
2970,"2023-12-16",科教文体,389,6,23,126,215,15,4
2971,"2023-12-16",公卫医疗,201,2,10,57,121,7,4
2972,"2023-12-16",城乡建设,558,17,35,167,300,28,11
2973,"2023-12-16",交通运输,29,1,2,10,13,3,0
2974,"2023-12-16",农林牧渔,95,0,7,29,55,4,0
2975,"2023-12-17",科教文体,404,8,29,108,233,22,4
2976,"2023-12-17",公卫医疗,213,4,11,57,130,8,3
2977,"2023-12-17",城乡建设,459,3,33,131,271,17,4
2978,"2023-12-17",交通运输,786,16,61,249,418,32,10
2979,"2023-12-17",农林牧渔,125,4,4,46,65,6,0
2980,"2023-12-18",科教文体,68,1,5,18,44,0,0
2981,"2023-12-18",公卫医疗,499,9,40,138,283,26,3
2982,"2023-12-18",城乡建设,184,7,13,47,100,12,5
2983,"2023-12-18",交通运输,0,0,0,0,0,0,0
2984,"2023-12-18",农林牧渔,242,5,13,76,134,9,5
2985,"2023-12-19",科教文体,559,11,37,160,310,35,6
2986,"2023-12-19",公卫医疗,95,3,13,23,49,7,0
2987,"2023-12-19",城乡建设,157,3,9,43,93,7,2
2988,"2023-12-19",交通运输,172,4,14,54,92,7,1
2989,"2023-12-19",农林牧渔,168,3,11,55,91,6,2
2990,"2023-12-20",科教文体,97,2,8,27,56,4,0
2991,"2023-12-20",公卫医疗,60,0,4,12,40,3,1
2992,"2023-12-20",城乡建设,32,0,1,10,19,2,0
2993,"2023-12-20",交通运输,41,2,3,13,21,2,0
2994,"2023-12-20",农林牧渔,470,8,25,151,265,15,6
2995,"2023-12-21",科教文体,146,2,14,54,67,9,0
2996,"2023-12-21",公卫医疗,56,2,5,21,24,4,0
2997,"2023-12-21",城乡建设,109,0,3,30,68,8,0
2998,"2023-12-21",交通运输,115,3,3,30,70,6,3
2999,"2023-12-21",农林牧渔,76,3,6,24,39,4,0
3000,"2023-12-22",科教文体,243,5,20,80,119,15,4
3001,"2023-12-22",公卫医疗,245,5,34,64,133,6,3
3002,"2023-12-22",城乡建设,518,11,39,160,285,21,2
3003,"2023-12-22",交通运输,193,3,20,57,100,11,2
3004,"2023-12-22",农林牧渔,444,12,32,126,246,26,2
3005,"2023-12-23",科教文体,371,12,21,121,193,22,2
3006,"2023-12-23",公卫医疗,61,0,4,22,35,0,0
3007,"2023-12-23",城乡建设,281,1,16,90,147,22,5
3008,"2023-12-23",交通运输,73,2,1,23,42,4,1
3009,"2023-12-23",农林牧渔,510,10,30,147,291,25,7
3010,"2023-12-24",科教文体,345,6,39,88,193,16,3
3011,"2023-12-24",公卫医疗,61,0,3,18,33,7,0
3012,"2023-12-24",城乡建设,24,0,3,9,10,2,0
3013,"2023-12-24",交通运输,95,1,5,24,55,9,1
3014,"2023-12-24",农林牧渔,60,0,1,20,34,3,2
3015,"2023-12-25",科教文体,235,3,19,62,137,11,3
3016,"2023-12-25",公卫医疗,232,5,21,70,120,13,3
3017,"2023-12-25",城乡建设,155,3,10,51,85,5,1
3018,"2023-12-25",交通运输,249,3,18,60,153,14,1
3019,"2023-12-25",农林牧渔,196,3,13,77,94,9,0
3020,"2023-12-26",科教文体,238,10,18,62,134,11,3
3021,"2023-12-26",公卫医疗,385,13,36,100,216,19,1
3022,"2023-12-26",城乡建设,54,4,4,14,27,4,1
3023,"2023-12-26",交通运输,218,3,6,63,132,12,2
3024,"2023-12-26",农林牧渔,84,5,4,22,48,2,3
3025,"2023-12-27",科教文体,73,1,4,27,35,5,1
3026,"2023-12-27",公卫医疗,154,8,11,40,83,9,3
3027,"2023-12-27",城乡建设,281,3,30,78,151,15,4
3028,"2023-12-27",交通运输,14,0,0,3,11,0,0
3029,"2023-12-27",农林牧渔,172,6,13,44,99,9,1
3030,"2023-12-28",科教文体,666,12,39,195,373,41,6
3031,"2023-12-28",公卫医疗,572,11,33,189,304,29,6
3032,"2023-12-28",城乡建设,154,3,17,38,84,9,3
3033,"2023-12-28",交通运输,565,17,38,163,314,26,7
3034,"2023-12-28",农林牧渔,208,4,11,52,129,10,2
3035,"2023-12-29",科教文体,16,0,1,5,10,0,0
3036,"2023-12-29",公卫医疗,486,8,28,139,283,26,2
3037,"2023-12-29",城乡建设,317,4,20,81,183,22,7
3038,"2023-12-29",交通运输,243,11,19,72,132,6,3
3039,"2023-12-29",农林牧渔,1,0,0,0,1,0,0
3040,"2023-12-30",科教文体,208,0,22,72,100,13,1
3041,"2023-12-30",公卫医疗,531,6,36,171,284,30,4
3042,"2023-12-30",城乡建设,488,12,20,151,277,22,6
3043,"2023-12-30",交通运输,353,7,17,126,186,14,3
3044,"2023-12-30",农林牧渔,249,5,12,68,151,12,1
3045,"2023-12-31",科教文体,296,7,14,87,175,9,4
3046,"2023-12-31",公卫医疗,272,5,15,88,149,10,5
3047,"2023-12-31",城乡建设,176,4,11,55,92,12,2
3048,"2023-12-31",交通运输,359,8,30,115,179,26,1
3049,"2023-12-31",农林牧渔,13,0,2,4,7,0,0
3050,"2024-01-01",科教文体,200,0,9,72,114,4,1
3051,"2024-01-01",公卫医疗,417,11,24,138,227,13,4
3052,"2024-01-01",城乡建设,617,13,40,166,369,27,2
3053,"2024-01-01",交通运输,441,9,29,119,255,20,9
3054,"2024-01-01",农林牧渔,254,9,18,76,137,11,3
3055,"2024-01-02",科教文体,184,2,8,49,111,9,5
3056,"2024-01-02",公卫医疗,104,0,5,31,60,8,0
3057,"2024-01-02",城乡建设,146,4,7,52,79,4,0
3058,"2024-01-02",交通运输,311,2,23,85,178,18,5
3059,"2024-01-02",农林牧渔,127,2,7,39,74,5,0
3060,"2024-01-03",科教文体,117,7,9,41,53,6,1
3061,"2024-01-03",公卫医疗,898,23,47,283,495,40,10
3062,"2024-01-03",城乡建设,381,7,25,106,214,25,4
3063,"2024-01-03",交通运输,20,0,2,6,12,0,0
3064,"2024-01-03",农林牧渔,688,7,40,202,386,41,12
3065,"2024-01-04",科教文体,710,20,51,212,392,30,5
3066,"2024-01-04",公卫医疗,177,6,13,56,85,15,2
3067,"2024-01-04",城乡建设,928,15,56,295,507,44,11
3068,"2024-01-04",交通运输,103,4,6,27,65,1,0
3069,"2024-01-04",农林牧渔,341,11,21,102,187,17,3
3070,"2024-01-05",科教文体,888,21,48,268,502,40,9
3071,"2024-01-05",公卫医疗,251,2,23,81,129,15,1
3072,"2024-01-05",城乡建设,22,0,3,8,10,1,0
3073,"2024-01-05",交通运输,43,0,2,13,26,1,1
3074,"2024-01-05",农林牧渔,96,2,5,25,56,6,2
3075,"2024-01-06",科教文体,327,5,34,110,162,13,3
3076,"2024-01-06",公卫医疗,53,0,5,18,29,1,0
3077,"2024-01-06",城乡建设,537,9,47,154,300,25,2
3078,"2024-01-06",交通运输,4,0,1,0,2,1,0
3079,"2024-01-06",农林牧渔,372,7,21,114,210,18,2
3080,"2024-01-07",科教文体,7,0,0,4,2,1,0
3081,"2024-01-07",公卫医疗,403,10,30,114,230,16,3
3082,"2024-01-07",城乡建设,248,4,17,71,144,12,0
3083,"2024-01-07",交通运输,263,5,12,94,140,10,2
3084,"2024-01-07",农林牧渔,772,21,45,218,436,44,8
3085,"2024-01-08",科教文体,122,7,5,35,67,7,1
3086,"2024-01-08",公卫医疗,214,3,8,59,129,12,3
3087,"2024-01-08",城乡建设,54,0,2,18,30,2,2
3088,"2024-01-08",交通运输,854,11,57,262,477,40,7
3089,"2024-01-08",农林牧渔,301,7,29,90,154,19,2
3090,"2024-01-09",科教文体,372,5,18,122,204,21,2
3091,"2024-01-09",公卫医疗,286,6,21,86,156,13,4
3092,"2024-01-09",城乡建设,939,15,70,288,514,40,12
3093,"2024-01-09",交通运输,132,1,9,38,77,6,1
3094,"2024-01-09",农林牧渔,21,2,0,5,13,1,0
3095,"2024-01-10",科教文体,223,7,15,80,109,9,3
3096,"2024-01-10",公卫医疗,463,11,32,138,256,21,5
3097,"2024-01-10",城乡建设,84,1,7,18,53,5,0
3098,"2024-01-10",交通运输,358,10,29,118,179,18,4
3099,"2024-01-10",农林牧渔,74,0,4,19,49,2,0
3100,"2024-01-11",科教文体,85,3,8,25,42,5,2
3101,"2024-01-11",公卫医疗,433,6,31,136,236,21,3
3102,"2024-01-11",城乡建设,11,0,1,5,3,2,0
3103,"2024-01-11",交通运输,70,3,4,29,32,2,0
3104,"2024-01-11",农林牧渔,643,11,37,206,359,23,7
3105,"2024-01-12",科教文体,96,3,9,33,48,3,0
3106,"2024-01-12",公卫医疗,144,1,17,48,68,9,1
3107,"2024-01-12",城乡建设,378,6,21,101,222,27,1
3108,"2024-01-12",交通运输,143,3,11,40,85,4,0
3109,"2024-01-12",农林牧渔,519,5,41,175,256,35,7
3110,"2024-01-13",科教文体,241,5,14,74,132,13,3
3111,"2024-01-13",公卫医疗,35,1,3,13,15,3,0
3112,"2024-01-13",城乡建设,315,6,16,109,167,16,1
3113,"2024-01-13",交通运输,233,3,11,77,131,10,1
3114,"2024-01-13",农林牧渔,7,0,0,4,2,1,0
3115,"2024-01-14",科教文体,88,6,4,25,44,7,2
3116,"2024-01-14",公卫医疗,227,3,14,66,125,15,4
3117,"2024-01-14",城乡建设,459,11,27,128,261,27,5
3118,"2024-01-14",交通运输,192,2,10,60,112,6,2
3119,"2024-01-14",农林牧渔,356,15,31,111,181,15,3
3120,"2024-01-15",科教文体,65,0,6,22,34,3,0
3121,"2024-01-15",公卫医疗,280,9,24,76,149,16,6
3122,"2024-01-15",城乡建设,151,7,9,52,76,5,2
3123,"2024-01-15",交通运输,526,11,43,148,297,23,4
3124,"2024-01-15",农林牧渔,254,2,18,76,144,10,4
3125,"2024-01-16",科教文体,17,1,1,6,7,2,0
3126,"2024-01-16",公卫医疗,435,8,43,121,231,27,5
3127,"2024-01-16",城乡建设,76,1,7,23,40,4,1
3128,"2024-01-16",交通运输,120,3,7,38,66,5,1
3129,"2024-01-16",农林牧渔,75,4,4,22,41,3,1
3130,"2024-01-17",科教文体,68,0,7,14,41,6,0
3131,"2024-01-17",公卫医疗,294,6,15,80,179,13,1
3132,"2024-01-17",城乡建设,197,5,17,58,104,11,2
3133,"2024-01-17",交通运输,422,7,32,139,212,27,5
3134,"2024-01-17",农林牧渔,194,4,7,61,114,6,2
3135,"2024-01-18",科教文体,481,16,38,158,242,20,7
3136,"2024-01-18",公卫医疗,493,10,31,155,257,33,7
3137,"2024-01-18",城乡建设,1,0,1,0,0,0,0
3138,"2024-01-18",交通运输,780,12,58,216,451,36,7
3139,"2024-01-18",农林牧渔,377,5,20,127,196,28,1
3140,"2024-01-19",科教文体,229,4,18,77,117,11,2
3141,"2024-01-19",公卫医疗,696,14,50,229,354,44,5
3142,"2024-01-19",城乡建设,71,4,3,23,40,1,0
3143,"2024-01-19",交通运输,651,9,45,199,355,36,7
3144,"2024-01-19",农林牧渔,518,14,39,150,271,34,10
3145,"2024-01-20",科教文体,58,1,7,22,23,4,1
3146,"2024-01-20",公卫医疗,224,5,12,74,120,12,1
3147,"2024-01-20",城乡建设,10,0,2,2,3,2,1
3148,"2024-01-20",交通运输,152,5,9,40,90,6,2
3149,"2024-01-20",农林牧渔,154,2,11,52,81,6,2
3150,"2024-01-21",科教文体,233,4,16,68,129,12,4
3151,"2024-01-21",公卫医疗,253,5,12,72,144,14,6
3152,"2024-01-21",城乡建设,22,0,2,11,9,0,0
3153,"2024-01-21",交通运输,91,2,7,29,46,6,1
3154,"2024-01-21",农林牧渔,922,14,72,291,473,58,14
3155,"2024-01-22",科教文体,21,1,1,5,12,2,0
3156,"2024-01-22",公卫医疗,524,10,36,168,279,24,7
3157,"2024-01-22",城乡建设,202,0,13,66,112,9,2
3158,"2024-01-22",交通运输,172,4,11,55,95,6,1
3159,"2024-01-22",农林牧渔,372,5,30,107,206,21,3
3160,"2024-01-23",科教文体,107,2,8,38,55,3,1
3161,"2024-01-23",公卫医疗,97,0,6,29,55,7,0
3162,"2024-01-23",城乡建设,90,3,5,28,51,3,0
3163,"2024-01-23",交通运输,39,2,2,15,19,1,0
3164,"2024-01-23",农林牧渔,333,4,21,90,203,13,2
3165,"2024-01-24",科教文体,167,7,11,50,88,10,1
3166,"2024-01-24",公卫医疗,180,2,9,59,98,10,2
3167,"2024-01-24",城乡建设,53,2,5,14,31,1,0
3168,"2024-01-24",交通运输,82,0,10,21,46,4,1
3169,"2024-01-24",农林牧渔,143,2,9,38,83,9,2
3170,"2024-01-25",科教文体,11,0,1,3,7,0,0
3171,"2024-01-25",公卫医疗,494,9,37,156,257,27,8
3172,"2024-01-25",城乡建设,263,7,26,67,147,14,2
3173,"2024-01-25",交通运输,91,2,8,23,52,5,1
3174,"2024-01-25",农林牧渔,30,2,4,10,14,0,0
3175,"2024-01-26",科教文体,30,0,2,9,19,0,0
3176,"2024-01-26",公卫医疗,247,2,20,70,138,12,5
3177,"2024-01-26",城乡建设,690,19,43,212,378,34,4
3178,"2024-01-26",交通运输,544,11,41,150,307,30,5
3179,"2024-01-26",农林牧渔,7,1,1,1,4,0,0
3180,"2024-01-27",科教文体,124,5,9,31,72,4,3
3181,"2024-01-27",公卫医疗,4,0,0,1,3,0,0
3182,"2024-01-27",城乡建设,305,3,12,106,166,14,4
3183,"2024-01-27",交通运输,191,4,15,57,106,8,1
3184,"2024-01-27",农林牧渔,661,12,51,189,370,33,6
3185,"2024-01-28",科教文体,105,4,6,25,62,7,1
3186,"2024-01-28",公卫医疗,366,3,25,112,203,18,5
3187,"2024-01-28",城乡建设,341,5,25,94,191,21,5
3188,"2024-01-28",交通运输,769,17,55,209,439,40,9
3189,"2024-01-28",农林牧渔,551,16,43,157,307,22,6
3190,"2024-01-29",科教文体,135,5,6,44,69,9,2
3191,"2024-01-29",公卫医疗,362,7,26,102,202,19,6
3192,"2024-01-29",城乡建设,840,24,57,244,471,34,10
3193,"2024-01-29",交通运输,139,2,14,37,78,7,1
3194,"2024-01-29",农林牧渔,0,0,0,0,0,0,0
3195,"2024-01-30",科教文体,85,2,5,25,50,3,0
3196,"2024-01-30",公卫医疗,129,3,11,39,71,5,0
3197,"2024-01-30",城乡建设,72,3,6,22,39,2,0
3198,"2024-01-30",交通运输,49,3,2,12,26,4,2
3199,"2024-01-30",农林牧渔,988,17,71,291,559,36,14
3200,"2024-01-31",科教文体,59,0,2,12,40,5,0
3201,"2024-01-31",公卫医疗,247,8,14,58,143,17,7
3202,"2024-01-31",城乡建设,187,5,11,50,111,9,1
3203,"2024-01-31",交通运输,226,7,19,60,131,7,2
3204,"2024-01-31",农林牧渔,576,7,42,190,307,26,4
3205,"2024-02-01",科教文体,224,0,22,75,118,7,2
3206,"2024-02-01",公卫医疗,97,0,10,29,50,8,0
3207,"2024-02-01",城乡建设,19,1,0,6,10,2,0
3208,"2024-02-01",交通运输,55,2,4,17,32,0,0
3209,"2024-02-01",农林牧渔,271,5,29,71,147,17,2
3210,"2024-02-02",科教文体,143,2,15,39,80,5,2
3211,"2024-02-02",公卫医疗,522,12,33,172,272,29,4
3212,"2024-02-02",城乡建设,74,0,4,26,41,3,0
3213,"2024-02-02",交通运输,355,7,27,114,190,13,4
3214,"2024-02-02",农林牧渔,185,5,9,61,95,13,2
3215,"2024-02-03",科教文体,620,14,48,181,342,26,9
3216,"2024-02-03",公卫医疗,480,10,35,150,258,23,4
3217,"2024-02-03",城乡建设,1019,15,85,302,556,50,11
3218,"2024-02-03",交通运输,66,3,8,16,33,6,0
3219,"2024-02-03",农林牧渔,130,3,10,38,70,8,1
3220,"2024-02-04",科教文体,419,15,34,125,225,18,2
3221,"2024-02-04",公卫医疗,168,5,14,53,83,12,1
3222,"2024-02-04",城乡建设,348,11,29,114,171,17,6
3223,"2024-02-04",交通运输,176,1,9,46,106,12,2
3224,"2024-02-04",农林牧渔,156,3,4,48,92,8,1
3225,"2024-02-05",科教文体,1117,25,63,305,648,63,13
3226,"2024-02-05",公卫医疗,454,11,33,137,245,24,4
3227,"2024-02-05",城乡建设,20,0,1,10,8,1,0
3228,"2024-02-05",交通运输,114,3,7,36,60,7,1
3229,"2024-02-05",农林牧渔,89,2,5,20,53,8,1
3230,"2024-02-06",科教文体,113,2,8,32,64,6,1
3231,"2024-02-06",公卫医疗,38,0,3,8,26,1,0
3232,"2024-02-06",城乡建设,446,5,35,124,255,26,1
3233,"2024-02-06",交通运输,486,7,40,147,257,24,11
3234,"2024-02-06",农林牧渔,150,2,11,48,82,7,0
3235,"2024-02-07",科教文体,248,2,15,75,140,15,1
3236,"2024-02-07",公卫医疗,56,1,4,16,35,0,0
3237,"2024-02-07",城乡建设,810,15,63,252,422,50,8
3238,"2024-02-07",交通运输,121,3,11,38,65,4,0
3239,"2024-02-07",农林牧渔,350,8,29,101,189,15,8
3240,"2024-02-08",科教文体,185,8,18,49,94,13,3
3241,"2024-02-08",公卫医疗,657,12,50,182,375,32,6
3242,"2024-02-08",城乡建设,258,6,16,69,149,13,5
3243,"2024-02-08",交通运输,544,2,47,146,321,25,3
3244,"2024-02-08",农林牧渔,217,4,14,69,121,6,3
3245,"2024-02-09",科教文体,60,1,4,16,34,5,0
3246,"2024-02-09",公卫医疗,392,3,28,120,213,21,7
3247,"2024-02-09",城乡建设,1015,18,70,326,530,58,13
3248,"2024-02-09",交通运输,890,13,60,270,482,58,7
3249,"2024-02-09",农林牧渔,9,1,0,3,4,0,1
3250,"2024-02-10",科教文体,300,6,18,95,166,14,1
3251,"2024-02-10",公卫医疗,60,2,1,26,29,2,0
3252,"2024-02-10",城乡建设,110,2,7,30,65,6,0
3253,"2024-02-10",交通运输,31,1,4,5,15,5,1
3254,"2024-02-10",农林牧渔,330,7,26,99,176,17,5
3255,"2024-02-11",科教文体,750,25,54,203,419,41,8
3256,"2024-02-11",公卫医疗,99,0,4,21,72,2,0
3257,"2024-02-11",城乡建设,519,9,34,169,278,26,3
3258,"2024-02-11",交通运输,21,1,3,5,9,3,0
3259,"2024-02-11",农林牧渔,466,10,36,135,254,25,6
3260,"2024-02-12",科教文体,205,4,18,50,119,10,4
3261,"2024-02-12",公卫医疗,119,5,4,44,61,4,1
3262,"2024-02-12",城乡建设,612,12,29,204,332,26,9
3263,"2024-02-12",交通运输,116,1,11,26,69,7,2
3264,"2024-02-12",农林牧渔,156,4,13,46,82,9,2
3265,"2024-02-13",科教文体,727,16,54,192,425,35,5
3266,"2024-02-13",公卫医疗,522,4,37,148,295,31,7
3267,"2024-02-13",城乡建设,90,3,3,26,51,6,1
3268,"2024-02-13",交通运输,327,6,17,115,177,12,0
3269,"2024-02-13",农林牧渔,164,3,8,44,100,6,3
3270,"2024-02-14",科教文体,167,4,10,63,82,8,0
3271,"2024-02-14",公卫医疗,134,3,8,39,77,6,1
3272,"2024-02-14",城乡建设,982,26,69,292,538,47,10
3273,"2024-02-14",交通运输,94,6,3,27,50,8,0
3274,"2024-02-14",农林牧渔,68,0,4,22,41,0,1
3275,"2024-02-15",科教文体,50,1,4,11,32,2,0
3276,"2024-02-15",公卫医疗,369,5,27,110,201,21,5
3277,"2024-02-15",城乡建设,408,5,26,133,209,27,8
3278,"2024-02-15",交通运输,127,4,7,37,69,8,2
3279,"2024-02-15",农林牧渔,154,3,11,55,82,3,0
3280,"2024-02-16",科教文体,361,6,19,99,214,22,1
3281,"2024-02-16",公卫医疗,373,12,13,108,222,14,4
3282,"2024-02-16",城乡建设,122,2,8,37,69,4,2
3283,"2024-02-16",交通运输,89,2,9,27,47,3,1
3284,"2024-02-16",农林牧渔,27,0,1,7,17,1,1
3285,"2024-02-17",科教文体,514,9,33,155,290,25,2
3286,"2024-02-17",公卫医疗,568,13,48,171,301,30,5
3287,"2024-02-17",城乡建设,228,6,20,64,127,9,2
3288,"2024-02-17",交通运输,51,1,7,15,22,6,0
3289,"2024-02-17",农林牧渔,138,1,6,48,76,7,0
3290,"2024-02-18",科教文体,1499,31,107,469,795,85,12
3291,"2024-02-18",公卫医疗,124,2,8,38,70,5,1
3292,"2024-02-18",城乡建设,131,2,8,42,73,4,2
3293,"2024-02-18",交通运输,143,3,10,49,69,10,2
3294,"2024-02-18",农林牧渔,97,2,3,26,62,4,0
3295,"2024-02-19",科教文体,845,16,77,239,467,34,12
3296,"2024-02-19",公卫医疗,114,1,5,29,71,5,3
3297,"2024-02-19",城乡建设,413,4,29,137,217,22,4
3298,"2024-02-19",交通运输,6,0,1,2,3,0,0
3299,"2024-02-19",农林牧渔,52,0,5,16,27,4,0
3300,"2024-02-20",科教文体,309,7,13,101,169,16,3
3301,"2024-02-20",公卫医疗,403,2,31,120,230,18,2
3302,"2024-02-20",城乡建设,98,4,8,28,53,5,0
3303,"2024-02-20",交通运输,270,2,17,93,140,16,2
3304,"2024-02-20",农林牧渔,168,1,12,57,85,11,2
3305,"2024-02-21",科教文体,100,3,6,24,60,4,3
3306,"2024-02-21",公卫医疗,589,12,40,159,339,28,11
3307,"2024-02-21",城乡建设,249,1,18,78,136,15,1
3308,"2024-02-21",交通运输,292,11,19,93,151,17,1
3309,"2024-02-21",农林牧渔,34,1,4,10,16,3,0
3310,"2024-02-22",科教文体,307,4,30,105,152,11,5
3311,"2024-02-22",公卫医疗,159,4,7,48,82,15,3
3312,"2024-02-22",城乡建设,14,1,1,4,6,2,0
3313,"2024-02-22",交通运输,132,2,10,40,71,9,0
3314,"2024-02-22",农林牧渔,536,15,42,171,274,28,6
3315,"2024-02-23",科教文体,408,13,20,125,213,32,5
3316,"2024-02-23",公卫医疗,247,8,17,87,119,12,4
3317,"2024-02-23",城乡建设,43,0,4,16,20,2,1
3318,"2024-02-23",交通运输,156,2,10,50,84,6,4
3319,"2024-02-23",农林牧渔,84,1,6,34,36,7,0
3320,"2024-02-24",科教文体,173,2,12,53,102,3,1
3321,"2024-02-24",公卫医疗,713,10,50,207,404,34,8
3322,"2024-02-24",城乡建设,208,5,19,56,106,20,2
3323,"2024-02-24",交通运输,42,0,0,11,28,2,1
3324,"2024-02-24",农林牧渔,408,9,38,128,208,17,8
3325,"2024-02-25",科教文体,118,1,8,43,57,7,2
3326,"2024-02-25",公卫医疗,165,3,10,54,90,8,0
3327,"2024-02-25",城乡建设,39,3,3,18,13,1,1
3328,"2024-02-25",交通运输,582,18,38,178,314,30,4
3329,"2024-02-25",农林牧渔,389,11,26,111,220,16,5
3330,"2024-02-26",科教文体,768,20,60,235,415,34,4
3331,"2024-02-26",公卫医疗,73,3,4,24,33,6,3
3332,"2024-02-26",城乡建设,78,1,8,25,43,1,0
3333,"2024-02-26",交通运输,176,2,10,56,97,10,1
3334,"2024-02-26",农林牧渔,67,2,3,14,43,4,1
3335,"2024-02-27",科教文体,212,1,12,67,120,10,2
3336,"2024-02-27",公卫医疗,40,4,3,6,25,2,0
3337,"2024-02-27",城乡建设,173,5,10,50,90,14,4
3338,"2024-02-27",交通运输,384,5,31,122,213,12,1
3339,"2024-02-27",农林牧渔,57,1,5,15,30,4,2
3340,"2024-02-28",科教文体,181,4,11,53,106,6,1
3341,"2024-02-28",公卫医疗,563,8,42,175,312,23,3
3342,"2024-02-28",城乡建设,2,0,0,1,1,0,0
3343,"2024-02-28",交通运输,300,4,25,85,163,15,8
3344,"2024-02-28",农林牧渔,342,10,21,94,195,18,4
3345,"2024-02-29",科教文体,420,7,28,137,229,16,3
3346,"2024-02-29",公卫医疗,32,1,2,5,21,3,0
3347,"2024-02-29",城乡建设,296,8,25,83,170,9,1
3348,"2024-02-29",交通运输,468,7,28,155,259,15,4
3349,"2024-02-29",农林牧渔,5,0,0,3,2,0,0
3350,"2024-03-01",科教文体,119,1,13,47,54,3,1
3351,"2024-03-01",公卫医疗,422,5,38,137,218,23,1
3352,"2024-03-01",城乡建设,90,0,7,30,50,2,1
3353,"2024-03-01",交通运输,832,14,60,228,477,40,13
3354,"2024-03-01",农林牧渔,301,7,14,87,176,14,3
3355,"2024-03-02",科教文体,150,2,11,44,86,6,1
3356,"2024-03-02",公卫医疗,100,1,7,30,56,4,2
3357,"2024-03-02",城乡建设,118,2,10,39,61,3,3
3358,"2024-03-02",交通运输,7,0,0,4,3,0,0
3359,"2024-03-02",农林牧渔,347,4,25,102,190,23,3
3360,"2024-03-03",科教文体,505,4,38,160,273,23,7
3361,"2024-03-03",公卫医疗,128,3,10,37,67,10,1
3362,"2024-03-03",城乡建设,321,6,23,91,186,13,2
3363,"2024-03-03",交通运输,109,1,12,27,62,7,0
3364,"2024-03-03",农林牧渔,70,1,6,24,37,1,1
3365,"2024-03-04",科教文体,166,4,8,46,100,6,2
3366,"2024-03-04",公卫医疗,490,14,30,145,273,24,4
3367,"2024-03-04",城乡建设,172,4,17,58,87,6,0
3368,"2024-03-04",交通运输,80,3,5,29,39,3,1
3369,"2024-03-04",农林牧渔,22,0,0,5,14,3,0
3370,"2024-03-05",科教文体,169,1,9,51,91,14,3
3371,"2024-03-05",公卫医疗,94,1,5,29,55,3,1
3372,"2024-03-05",城乡建设,860,17,59,252,478,43,11
3373,"2024-03-05",交通运输,16,0,1,5,9,1,0
3374,"2024-03-05",农林牧渔,60,0,7,17,28,5,3
3375,"2024-03-06",科教文体,148,5,13,46,77,4,3
3376,"2024-03-06",公卫医疗,269,4,14,80,153,17,1
3377,"2024-03-06",城乡建设,102,1,4,38,53,4,2
3378,"2024-03-06",交通运输,143,3,16,35,82,5,2
3379,"2024-03-06",农林牧渔,13,0,0,3,6,3,1
3380,"2024-03-07",科教文体,471,9,28,137,266,25,6
3381,"2024-03-07",公卫医疗,107,3,7,32,59,5,1
3382,"2024-03-07",城乡建设,143,4,10,46,79,4,0
3383,"2024-03-07",交通运输,26,1,3,10,12,0,0
3384,"2024-03-07",农林牧渔,609,14,41,188,334,27,5
3385,"2024-03-08",科教文体,135,4,8,39,80,2,2
3386,"2024-03-08",公卫医疗,330,8,19,102,182,17,2
3387,"2024-03-08",城乡建设,387,12,27,104,225,14,5
3388,"2024-03-08",交通运输,42,0,1,12,26,3,0
3389,"2024-03-08",农林牧渔,438,9,21,146,246,15,1
3390,"2024-03-09",科教文体,381,9,36,99,217,18,2
3391,"2024-03-09",公卫医疗,112,2,7,32,64,5,2
3392,"2024-03-09",城乡建设,917,13,70,275,501,52,6
3393,"2024-03-09",交通运输,349,5,19,89,213,17,6
3394,"2024-03-09",农林牧渔,244,3,23,58,146,13,1
3395,"2024-03-10",科教文体,206,2,20,66,105,13,0
3396,"2024-03-10",公卫医疗,255,3,15,84,136,13,4
3397,"2024-03-10",城乡建设,1324,26,90,388,738,70,12
3398,"2024-03-10",交通运输,234,8,20,59,128,18,1
3399,"2024-03-10",农林牧渔,11,0,0,4,7,0,0
3400,"2024-03-11",科教文体,75,1,11,21,42,0,0
3401,"2024-03-11",公卫医疗,192,5,19,61,98,8,1
3402,"2024-03-11",城乡建设,31,1,0,9,20,1,0
3403,"2024-03-11",交通运输,181,2,14,55,103,7,0
3404,"2024-03-11",农林牧渔,841,16,58,245,472,44,6
3405,"2024-03-12",科教文体,270,4,17,80,148,18,3
3406,"2024-03-12",公卫医疗,190,4,13,72,95,6,0
3407,"2024-03-12",城乡建设,88,1,4,32,48,2,1
3408,"2024-03-12",交通运输,534,10,44,159,294,24,3
3409,"2024-03-12",农林牧渔,922,25,73,270,498,48,8
3410,"2024-03-13",科教文体,254,3,18,70,147,11,5
3411,"2024-03-13",公卫医疗,94,1,10,34,44,5,0
3412,"2024-03-13",城乡建设,56,1,1,20,29,4,1
3413,"2024-03-13",交通运输,671,20,46,205,368,27,5
3414,"2024-03-13",农林牧渔,191,4,16,54,106,9,2
3415,"2024-03-14",科教文体,423,15,31,150,210,13,4
3416,"2024-03-14",公卫医疗,211,6,15,66,111,11,2
3417,"2024-03-14",城乡建设,160,1,7,50,97,3,2
3418,"2024-03-14",交通运输,149,2,12,42,83,9,1
3419,"2024-03-14",农林牧渔,90,0,9,25,48,6,2
3420,"2024-03-15",科教文体,710,16,50,204,383,51,6
3421,"2024-03-15",公卫医疗,83,3,5,20,51,3,1
3422,"2024-03-15",城乡建设,84,0,6,30,46,2,0
3423,"2024-03-15",交通运输,254,6,16,87,130,9,6
3424,"2024-03-15",农林牧渔,272,4,18,80,158,10,2
3425,"2024-03-16",科教文体,3,2,0,0,1,0,0
3426,"2024-03-16",公卫医疗,344,7,25,97,194,18,3
3427,"2024-03-16",城乡建设,551,17,34,174,297,26,3
3428,"2024-03-16",交通运输,733,11,52,223,399,41,7
3429,"2024-03-16",农林牧渔,24,1,1,6,14,1,1
3430,"2024-03-17",科教文体,739,10,55,213,419,36,6
3431,"2024-03-17",公卫医疗,234,4,15,77,129,7,2
3432,"2024-03-17",城乡建设,37,2,3,12,19,1,0
3433,"2024-03-17",交通运输,263,4,10,86,151,10,2
3434,"2024-03-17",农林牧渔,348,7,20,112,186,19,4
3435,"2024-03-18",科教文体,695,18,52,211,371,33,10
3436,"2024-03-18",公卫医疗,179,4,16,50,97,9,3
3437,"2024-03-18",城乡建设,121,1,8,36,70,6,0
3438,"2024-03-18",交通运输,205,2,14,60,118,9,2
3439,"2024-03-18",农林牧渔,27,0,0,10,14,2,1
3440,"2024-03-19",科教文体,257,6,15,83,138,13,2
3441,"2024-03-19",公卫医疗,37,1,4,13,16,3,0
3442,"2024-03-19",城乡建设,53,2,5,14,30,2,0
3443,"2024-03-19",交通运输,1,0,0,0,0,1,0
3444,"2024-03-19",农林牧渔,861,9,66,249,488,41,8
3445,"2024-03-20",科教文体,19,0,2,6,11,0,0
3446,"2024-03-20",公卫医疗,325,7,17,93,178,23,7
3447,"2024-03-20",城乡建设,136,3,10,42,72,7,2
3448,"2024-03-20",交通运输,177,3,8,52,109,5,0
3449,"2024-03-20",农林牧渔,310,6,20,111,156,15,2
3450,"2024-03-21",科教文体,256,6,19,73,142,11,5
3451,"2024-03-21",公卫医疗,184,7,15,47,100,10,5
3452,"2024-03-21",城乡建设,152,3,9,41,88,7,4
3453,"2024-03-21",交通运输,454,10,25,125,261,29,4
3454,"2024-03-21",农林牧渔,362,8,36,113,186,14,5
3455,"2024-03-22",科教文体,376,6,24,106,226,10,4
3456,"2024-03-22",公卫医疗,227,5,10,73,122,14,3
3457,"2024-03-22",城乡建设,40,0,3,10,26,1,0
3458,"2024-03-22",交通运输,498,5,29,161,281,22,0
3459,"2024-03-22",农林牧渔,140,0,17,37,78,4,4
3460,"2024-03-23",科教文体,34,0,3,8,23,0,0
3461,"2024-03-23",公卫医疗,412,10,26,129,234,10,3
3462,"2024-03-23",城乡建设,92,1,6,23,59,1,2
3463,"2024-03-23",交通运输,164,6,11,48,86,9,4
3464,"2024-03-23",农林牧渔,283,9,21,83,161,8,1
3465,"2024-03-24",科教文体,127,3,4,38,75,6,1
3466,"2024-03-24",公卫医疗,366,4,15,108,213,21,5
3467,"2024-03-24",城乡建设,1080,25,84,344,571,46,10
3468,"2024-03-24",交通运输,44,0,5,17,22,0,0
3469,"2024-03-24",农林牧渔,105,4,12,31,55,2,1
3470,"2024-03-25",科教文体,174,5,14,45,103,7,0
3471,"2024-03-25",公卫医疗,435,7,34,134,231,20,9
3472,"2024-03-25",城乡建设,258,6,25,74,136,13,4
3473,"2024-03-25",交通运输,378,8,20,97,222,27,4
3474,"2024-03-25",农林牧渔,141,2,7,43,74,14,1
3475,"2024-03-26",科教文体,547,8,32,182,298,23,4
3476,"2024-03-26",公卫医疗,227,5,14,71,125,10,2
3477,"2024-03-26",城乡建设,195,8,17,61,103,5,1
3478,"2024-03-26",交通运输,305,10,17,94,167,14,3
3479,"2024-03-26",农林牧渔,355,3,23,103,204,18,4
3480,"2024-03-27",科教文体,258,3,22,73,143,16,1
3481,"2024-03-27",公卫医疗,326,5,24,93,184,13,7
3482,"2024-03-27",城乡建设,211,4,10,55,123,17,2
3483,"2024-03-27",交通运输,154,6,12,39,85,10,2
3484,"2024-03-27",农林牧渔,398,11,28,124,215,16,4
3485,"2024-03-28",科教文体,435,10,30,122,245,24,4
3486,"2024-03-28",公卫医疗,276,4,15,80,159,16,2
3487,"2024-03-28",城乡建设,67,1,3,24,38,1,0
3488,"2024-03-28",交通运输,671,13,51,206,364,26,11
3489,"2024-03-28",农林牧渔,132,1,9,37,77,7,1
3490,"2024-03-29",科教文体,352,7,20,105,201,11,8
3491,"2024-03-29",公卫医疗,118,1,8,32,70,4,3
3492,"2024-03-29",城乡建设,318,5,19,105,166,19,4
3493,"2024-03-29",交通运输,166,1,12,36,101,12,4
3494,"2024-03-29",农林牧渔,209,2,17,72,109,6,3
3495,"2024-03-30",科教文体,504,10,40,139,291,22,2
3496,"2024-03-30",公卫医疗,48,0,2,15,29,1,1
3497,"2024-03-30",城乡建设,261,4,24,73,132,24,4
3498,"2024-03-30",交通运输,580,15,39,159,319,40,8
3499,"2024-03-30",农林牧渔,299,8,20,76,176,15,4
3500,"2024-03-31",科教文体,601,16,41,190,323,28,3
3501,"2024-03-31",公卫医疗,114,6,12,28,57,8,3
3502,"2024-03-31",城乡建设,119,5,7,34,68,3,2
3503,"2024-03-31",交通运输,309,3,12,79,197,17,1
3504,"2024-03-31",农林牧渔,243,1,10,73,137,18,4
3505,"2024-04-01",科教文体,872,24,47,261,489,43,8
3506,"2024-04-01",公卫医疗,57,1,3,16,32,5,0
3507,"2024-04-01",城乡建设,122,1,7,39,73,2,0
3508,"2024-04-01",交通运输,210,4,8,75,112,10,1
3509,"2024-04-01",农林牧渔,189,6,11,58,97,15,2
3510,"2024-04-02",科教文体,781,10,50,236,432,41,12
3511,"2024-04-02",公卫医疗,27,1,3,8,14,0,1
3512,"2024-04-02",城乡建设,22,0,2,6,12,2,0
3513,"2024-04-02",交通运输,238,3,22,85,120,6,2
3514,"2024-04-02",农林牧渔,254,4,21,77,140,11,1
3515,"2024-04-03",科教文体,114,4,12,34,60,4,0
3516,"2024-04-03",公卫医疗,847,15,65,265,446,51,5
3517,"2024-04-03",城乡建设,169,5,16,43,92,10,3
3518,"2024-04-03",交通运输,34,2,3,11,18,0,0
3519,"2024-04-03",农林牧渔,230,1,16,51,145,12,5
3520,"2024-04-04",科教文体,295,4,24,100,152,15,0
3521,"2024-04-04",公卫医疗,25,0,2,8,14,0,1
3522,"2024-04-04",城乡建设,381,6,31,116,203,22,3
3523,"2024-04-04",交通运输,167,6,12,46,98,4,1
3524,"2024-04-04",农林牧渔,127,3,10,43,65,5,1
3525,"2024-04-05",科教文体,572,11,46,163,319,27,6
3526,"2024-04-05",公卫医疗,36,1,2,16,17,0,0
3527,"2024-04-05",城乡建设,111,3,2,36,64,6,0
3528,"2024-04-05",交通运输,905,16,60,274,510,35,10
3529,"2024-04-05",农林牧渔,663,14,51,197,362,37,2
3530,"2024-04-06",科教文体,33,1,3,10,16,2,1
3531,"2024-04-06",公卫医疗,273,3,16,89,158,6,1
3532,"2024-04-06",城乡建设,360,6,37,104,196,12,5
3533,"2024-04-06",交通运输,1098,19,66,332,614,56,11
3534,"2024-04-06",农林牧渔,164,2,16,47,86,11,2
3535,"2024-04-07",科教文体,59,0,5,16,34,4,0
3536,"2024-04-07",公卫医疗,121,0,10,35,73,2,1
3537,"2024-04-07",城乡建设,590,13,29,185,327,27,9
3538,"2024-04-07",交通运输,175,4,14,69,80,7,1
3539,"2024-04-07",农林牧渔,205,3,13,68,109,10,2
3540,"2024-04-08",科教文体,333,7,29,102,174,19,2
3541,"2024-04-08",公卫医疗,585,16,38,176,314,36,5
3542,"2024-04-08",城乡建设,102,2,11,25,56,8,0
3543,"2024-04-08",交通运输,202,5,23,67,93,13,1
3544,"2024-04-08",农林牧渔,70,2,4,23,34,5,2
3545,"2024-04-09",科教文体,64,2,2,20,37,3,0
3546,"2024-04-09",公卫医疗,390,3,28,123,210,20,6
3547,"2024-04-09",城乡建设,268,5,21,82,139,16,5
3548,"2024-04-09",交通运输,708,9,49,207,382,56,5
3549,"2024-04-09",农林牧渔,17,0,1,8,7,1,0
3550,"2024-04-10",科教文体,373,6,33,104,205,23,2
3551,"2024-04-10",公卫医疗,810,8,44,252,451,44,11
3552,"2024-04-10",城乡建设,200,0,13,62,117,8,0
3553,"2024-04-10",交通运输,0,0,0,0,0,0,0
3554,"2024-04-10",农林牧渔,122,1,4,39,72,6,0
3555,"2024-04-11",科教文体,606,7,38,213,305,38,5
3556,"2024-04-11",公卫医疗,398,10,28,120,216,19,5
3557,"2024-04-11",城乡建设,140,4,6,39,79,9,3
3558,"2024-04-11",交通运输,70,1,9,14,43,3,0
3559,"2024-04-11",农林牧渔,557,16,38,158,320,21,4
3560,"2024-04-12",科教文体,456,5,27,148,249,20,7
3561,"2024-04-12",公卫医疗,57,3,2,26,24,2,0
3562,"2024-04-12",城乡建设,500,6,35,142,287,27,3
3563,"2024-04-12",交通运输,53,2,8,13,27,0,3
3564,"2024-04-12",农林牧渔,604,17,29,179,342,34,3
3565,"2024-04-13",科教文体,493,10,38,141,274,26,4
3566,"2024-04-13",公卫医疗,561,11,28,155,334,26,7
3567,"2024-04-13",城乡建设,673,14,48,206,369,28,8
3568,"2024-04-13",交通运输,371,3,27,87,230,21,3
3569,"2024-04-13",农林牧渔,12,0,0,3,9,0,0
3570,"2024-04-14",科教文体,64,1,4,17,36,6,0
3571,"2024-04-14",公卫医疗,677,6,49,214,367,38,3
3572,"2024-04-14",城乡建设,112,2,6,34,66,4,0
3573,"2024-04-14",交通运输,285,2,14,79,178,10,2
3574,"2024-04-14",农林牧渔,343,3,21,93,206,20,0
3575,"2024-04-15",科教文体,173,2,14,55,92,9,1
3576,"2024-04-15",公卫医疗,254,4,17,95,126,9,3
3577,"2024-04-15",城乡建设,158,3,16,47,80,9,3
3578,"2024-04-15",交通运输,75,0,7,23,44,1,0
3579,"2024-04-15",农林牧渔,542,9,41,154,310,23,5
3580,"2024-04-16",科教文体,1197,20,88,350,660,71,8
3581,"2024-04-16",公卫医疗,362,12,26,124,177,19,4
3582,"2024-04-16",城乡建设,173,5,11,52,92,11,2
3583,"2024-04-16",交通运输,186,3,14,63,102,3,1
3584,"2024-04-16",农林牧渔,117,4,8,34,68,3,0
3585,"2024-04-17",科教文体,238,5,17,73,130,12,1
3586,"2024-04-17",公卫医疗,671,14,45,194,369,37,12
3587,"2024-04-17",城乡建设,269,4,19,83,150,11,2
3588,"2024-04-17",交通运输,263,5,24,97,126,7,4
3589,"2024-04-17",农林牧渔,456,4,38,138,249,20,7
3590,"2024-04-18",科教文体,20,1,0,5,11,2,1
3591,"2024-04-18",公卫医疗,649,8,54,207,346,27,7
3592,"2024-04-18",城乡建设,145,2,11,46,79,6,1
3593,"2024-04-18",交通运输,106,2,10,36,46,11,1
3594,"2024-04-18",农林牧渔,595,8,37,172,329,40,9
3595,"2024-04-19",科教文体,124,2,10,30,70,10,2
3596,"2024-04-19",公卫医疗,54,2,2,16,29,4,1
3597,"2024-04-19",城乡建设,207,2,14,64,116,10,1
3598,"2024-04-19",交通运输,565,9,46,166,315,22,7
3599,"2024-04-19",农林牧渔,264,4,20,75,144,20,1
3600,"2024-04-20",科教文体,275,4,24,83,146,16,2
3601,"2024-04-20",公卫医疗,341,8,21,120,168,18,6
3602,"2024-04-20",城乡建设,27,0,1,6,18,1,1
3603,"2024-04-20",交通运输,529,14,43,176,268,24,4
3604,"2024-04-20",农林牧渔,221,3,15,75,121,6,1
3605,"2024-04-21",科教文体,1006,28,77,300,531,61,9
3606,"2024-04-21",公卫医疗,11,0,0,7,4,0,0
3607,"2024-04-21",城乡建设,214,5,19,58,121,11,0
3608,"2024-04-21",交通运输,337,12,30,90,185,17,3
3609,"2024-04-21",农林牧渔,422,11,30,130,225,21,5
3610,"2024-04-22",科教文体,58,1,4,22,25,5,1
3611,"2024-04-22",公卫医疗,249,2,13,78,139,14,3
3612,"2024-04-22",城乡建设,293,5,20,96,152,16,4
3613,"2024-04-22",交通运输,3,0,0,0,3,0,0
3614,"2024-04-22",农林牧渔,146,3,10,44,80,8,1
3615,"2024-04-23",科教文体,196,4,10,53,118,9,2
3616,"2024-04-23",公卫医疗,517,15,36,155,277,30,4
3617,"2024-04-23",城乡建设,557,7,36,170,313,25,6
3618,"2024-04-23",交通运输,212,5,8,55,129,12,3
3619,"2024-04-23",农林牧渔,69,1,1,25,37,4,1
3620,"2024-04-24",科教文体,638,12,33,196,358,34,5
3621,"2024-04-24",公卫医疗,280,8,24,104,125,13,6
3622,"2024-04-24",城乡建设,274,5,26,77,153,11,2
3623,"2024-04-24",交通运输,89,1,7,28,49,4,0
3624,"2024-04-24",农林牧渔,296,5,19,93,161,9,9
3625,"2024-04-25",科教文体,83,3,8,23,47,1,1
3626,"2024-04-25",公卫医疗,157,5,12,48,84,5,3
3627,"2024-04-25",城乡建设,520,14,27,153,296,26,4
3628,"2024-04-25",交通运输,926,25,63,264,509,57,8
3629,"2024-04-25",农林牧渔,157,2,9,50,89,6,1
3630,"2024-04-26",科教文体,586,14,44,173,320,30,5
3631,"2024-04-26",公卫医疗,132,2,14,33,74,6,3
3632,"2024-04-26",城乡建设,231,5,14,68,125,17,2
3633,"2024-04-26",交通运输,236,4,16,70,134,11,1
3634,"2024-04-26",农林牧渔,581,19,39,171,321,27,4
3635,"2024-04-27",科教文体,63,1,5,14,40,2,1
3636,"2024-04-27",公卫医疗,47,1,6,10,29,1,0
3637,"2024-04-27",城乡建设,186,5,14,54,105,7,1
3638,"2024-04-27",交通运输,12,0,1,4,6,0,1
3639,"2024-04-27",农林牧渔,227,3,11,65,131,10,7
3640,"2024-04-28",科教文体,55,0,4,16,33,1,1
3641,"2024-04-28",公卫医疗,324,5,25,100,180,11,3
3642,"2024-04-28",城乡建设,39,0,3,12,19,4,1
3643,"2024-04-28",交通运输,156,4,9,47,81,14,1
3644,"2024-04-28",农林牧渔,87,0,6,19,56,6,0
3645,"2024-04-29",科教文体,29,1,1,5,20,1,1
3646,"2024-04-29",公卫医疗,175,4,4,66,89,8,4
3647,"2024-04-29",城乡建设,273,3,27,93,130,18,2
3648,"2024-04-29",交通运输,58,1,2,23,28,4,0
3649,"2024-04-29",农林牧渔,45,1,1,11,29,2,1
3650,"2024-04-30",科教文体,320,3,14,97,188,16,2
3651,"2024-04-30",公卫医疗,0,0,0,0,0,0,0
3652,"2024-04-30",城乡建设,117,4,5,38,60,8,2
3653,"2024-04-30",交通运输,139,4,11,39,76,9,0
3654,"2024-04-30",农林牧渔,123,3,12,41,63,4,0
3655,"2024-05-01",科教文体,80,0,6,25,45,4,0
3656,"2024-05-01",公卫医疗,203,3,15,71,98,15,1
3657,"2024-05-01",城乡建设,671,16,42,205,373,28,7
3658,"2024-05-01",交通运输,28,0,1,10,17,0,0
3659,"2024-05-01",农林牧渔,114,1,7,37,64,4,1
3660,"2024-05-02",科教文体,126,0,10,39,70,5,2
3661,"2024-05-02",公卫医疗,326,2,23,108,174,17,2
3662,"2024-05-02",城乡建设,294,5,19,90,164,14,2
3663,"2024-05-02",交通运输,405,17,25,132,206,22,3
3664,"2024-05-02",农林牧渔,160,1,18,43,85,11,2
3665,"2024-05-03",科教文体,189,2,19,53,104,8,3
3666,"2024-05-03",公卫医疗,3,0,0,1,2,0,0
3667,"2024-05-03",城乡建设,721,11,53,209,400,41,7
3668,"2024-05-03",交通运输,390,7,29,99,228,20,7
3669,"2024-05-03",农林牧渔,126,3,7,38,73,5,0
3670,"2024-05-04",科教文体,365,8,31,112,198,13,3
3671,"2024-05-04",公卫医疗,222,5,20,73,113,11,0
3672,"2024-05-04",城乡建设,264,4,20,77,149,12,2
3673,"2024-05-04",交通运输,54,0,3,17,30,4,0
3674,"2024-05-04",农林牧渔,17,0,2,5,10,0,0
3675,"2024-05-05",科教文体,220,3,18,58,130,8,3
3676,"2024-05-05",公卫医疗,119,3,5,27,75,8,1
3677,"2024-05-05",城乡建设,174,2,12,51,99,4,6
3678,"2024-05-05",交通运输,245,2,14,59,157,11,2
3679,"2024-05-05",农林牧渔,67,1,4,20,41,1,0
3680,"2024-05-06",科教文体,569,7,47,168,307,35,5
3681,"2024-05-06",公卫医疗,73,2,3,22,44,0,2
3682,"2024-05-06",城乡建设,195,7,14,44,119,10,1
3683,"2024-05-06",交通运输,300,3,17,93,176,9,2
3684,"2024-05-06",农林牧渔,74,3,9,18,39,4,1
3685,"2024-05-07",科教文体,300,6,14,100,154,19,7
3686,"2024-05-07",公卫医疗,176,5,15,41,106,4,5
3687,"2024-05-07",城乡建设,202,3,11,59,118,10,1
3688,"2024-05-07",交通运输,218,2,19,68,113,12,4
3689,"2024-05-07",农林牧渔,371,4,31,104,208,17,7
3690,"2024-05-08",科教文体,203,4,16,60,112,9,2
3691,"2024-05-08",公卫医疗,372,7,28,105,216,15,1
3692,"2024-05-08",城乡建设,279,1,20,76,165,14,3
3693,"2024-05-08",交通运输,987,18,80,303,526,50,10
3694,"2024-05-08",农林牧渔,99,4,3,38,45,9,0
3695,"2024-05-09",科教文体,1011,17,63,288,570,60,13
3696,"2024-05-09",公卫医疗,30,1,1,5,22,1,0
3697,"2024-05-09",城乡建设,316,7,18,87,177,23,4
3698,"2024-05-09",交通运输,22,1,4,5,11,1,0
3699,"2024-05-09",农林牧渔,244,8,17,64,142,11,2
3700,"2024-05-10",科教文体,151,3,15,43,75,11,4
3701,"2024-05-10",公卫医疗,547,13,39,166,301,22,6
3702,"2024-05-10",城乡建设,437,9,31,124,240,27,6
3703,"2024-05-10",交通运输,102,4,8,30,56,4,0
3704,"2024-05-10",农林牧渔,376,5,25,124,206,12,4
3705,"2024-05-11",科教文体,652,7,43,195,365,34,8
3706,"2024-05-11",公卫医疗,4,0,0,1,2,1,0
3707,"2024-05-11",城乡建设,408,9,22,141,217,15,4
3708,"2024-05-11",交通运输,9,0,1,2,6,0,0
3709,"2024-05-11",农林牧渔,107,1,8,36,54,7,1
3710,"2024-05-12",科教文体,109,2,2,29,67,7,2
3711,"2024-05-12",公卫医疗,536,9,37,159,287,38,6
3712,"2024-05-12",城乡建设,368,9,25,106,202,22,4
3713,"2024-05-12",交通运输,109,3,8,32,63,3,0
3714,"2024-05-12",农林牧渔,29,1,1,9,15,3,0
3715,"2024-05-13",科教文体,458,6,30,151,237,30,4
3716,"2024-05-13",公卫医疗,77,1,6,21,46,3,0
3717,"2024-05-13",城乡建设,1287,29,73,393,712,66,14
3718,"2024-05-13",交通运输,36,0,1,16,17,2,0
3719,"2024-05-13",农林牧渔,9,0,0,3,6,0,0
3720,"2024-05-14",科教文体,307,6,23,101,157,16,4
3721,"2024-05-14",公卫医疗,205,5,10,56,120,11,3
3722,"2024-05-14",城乡建设,8,0,0,3,5,0,0
3723,"2024-05-14",交通运输,346,5,20,115,186,18,2
3724,"2024-05-14",农林牧渔,686,14,50,199,384,35,4
3725,"2024-05-15",科教文体,98,1,13,29,48,6,1
3726,"2024-05-15",公卫医疗,372,10,27,117,192,24,2
3727,"2024-05-15",城乡建设,23,1,2,9,8,3,0
3728,"2024-05-15",交通运输,164,3,13,44,91,12,1
3729,"2024-05-15",农林牧渔,214,4,23,62,113,12,0
3730,"2024-05-16",科教文体,141,1,6,46,79,8,1
3731,"2024-05-16",公卫医疗,371,12,22,117,199,18,3
3732,"2024-05-16",城乡建设,690,12,55,209,373,37,4
3733,"2024-05-16",交通运输,50,0,3,16,27,4,0
3734,"2024-05-16",农林牧渔,450,8,21,152,242,22,5
3735,"2024-05-17",科教文体,143,2,9,39,83,8,2
3736,"2024-05-17",公卫医疗,236,4,19,71,127,13,2
3737,"2024-05-17",城乡建设,50,1,2,17,25,3,2
3738,"2024-05-17",交通运输,38,0,7,14,17,0,0
3739,"2024-05-17",农林牧渔,32,1,2,9,18,1,1
3740,"2024-05-18",科教文体,17,1,0,8,8,0,0
3741,"2024-05-18",公卫医疗,527,12,43,164,273,30,5
3742,"2024-05-18",城乡建设,250,6,17,72,141,11,3
3743,"2024-05-18",交通运输,435,6,33,136,230,27,3
3744,"2024-05-18",农林牧渔,219,5,11,72,117,10,4
3745,"2024-05-19",科教文体,299,6,17,96,164,15,1
3746,"2024-05-19",公卫医疗,160,1,9,53,86,10,1
3747,"2024-05-19",城乡建设,38,0,2,9,24,2,1
3748,"2024-05-19",交通运输,363,8,24,108,205,14,4
3749,"2024-05-19",农林牧渔,47,0,1,21,23,2,0
3750,"2024-05-20",科教文体,69,1,5,23,37,3,0
3751,"2024-05-20",公卫医疗,427,10,26,114,253,18,6
3752,"2024-05-20",城乡建设,240,4,15,82,126,9,4
3753,"2024-05-20",交通运输,390,7,34,100,230,18,1
3754,"2024-05-20",农林牧渔,249,6,19,69,137,13,5
3755,"2024-05-21",科教文体,92,5,9,24,46,8,0
3756,"2024-05-21",公卫医疗,81,4,6,23,43,5,0
3757,"2024-05-21",城乡建设,37,0,5,7,21,4,0
3758,"2024-05-21",交通运输,883,25,64,267,470,45,12
3759,"2024-05-21",农林牧渔,22,0,1,11,9,1,0
3760,"2024-05-22",科教文体,184,1,15,68,90,8,2
3761,"2024-05-22",公卫医疗,270,6,20,78,146,14,6
3762,"2024-05-22",城乡建设,125,3,5,40,69,7,1
3763,"2024-05-22",交通运输,782,20,49,242,430,34,7
3764,"2024-05-22",农林牧渔,3,0,0,1,2,0,0
3765,"2024-05-23",科教文体,736,11,48,236,402,31,8
3766,"2024-05-23",公卫医疗,226,5,18,67,120,13,3
3767,"2024-05-23",城乡建设,145,5,8,31,87,12,2
3768,"2024-05-23",交通运输,290,6,19,91,153,16,5
3769,"2024-05-23",农林牧渔,112,2,6,41,59,2,2
3770,"2024-05-24",科教文体,577,14,44,174,304,37,4
3771,"2024-05-24",公卫医疗,354,7,22,99,211,14,1
3772,"2024-05-24",城乡建设,457,8,38,146,240,22,3
3773,"2024-05-24",交通运输,238,3,17,74,134,6,4
3774,"2024-05-24",农林牧渔,88,0,5,24,54,5,0
3775,"2024-05-25",科教文体,108,2,8,35,57,5,1
3776,"2024-05-25",公卫医疗,261,4,14,76,150,15,2
3777,"2024-05-25",城乡建设,400,13,31,126,207,19,4
3778,"2024-05-25",交通运输,575,9,44,173,312,32,5
3779,"2024-05-25",农林牧渔,144,3,11,41,79,8,2
3780,"2024-05-26",科教文体,445,10,28,128,244,33,2
3781,"2024-05-26",公卫医疗,512,14,44,160,267,20,7
3782,"2024-05-26",城乡建设,99,3,5,24,62,3,2
3783,"2024-05-26",交通运输,177,7,12,57,93,6,2
3784,"2024-05-26",农林牧渔,233,8,25,54,129,15,2
3785,"2024-05-27",科教文体,172,5,6,65,89,7,0
3786,"2024-05-27",公卫医疗,230,4,15,61,131,17,2
3787,"2024-05-27",城乡建设,136,4,16,35,75,5,1
3788,"2024-05-27",交通运输,170,4,8,55,93,9,1
3789,"2024-05-27",农林牧渔,11,0,2,6,3,0,0
3790,"2024-05-28",科教文体,459,10,33,133,262,19,2
3791,"2024-05-28",公卫医疗,523,10,32,151,290,28,12
3792,"2024-05-28",城乡建设,207,4,16,60,119,4,4
3793,"2024-05-28",交通运输,653,11,50,214,343,29,6
3794,"2024-05-28",农林牧渔,231,8,13,72,124,12,2
3795,"2024-05-29",科教文体,560,18,23,166,318,29,6
3796,"2024-05-29",公卫医疗,137,5,6,37,82,6,1
3797,"2024-05-29",城乡建设,59,2,4,14,38,1,0
3798,"2024-05-29",交通运输,442,8,22,123,266,21,2
3799,"2024-05-29",农林牧渔,513,8,45,148,282,26,4
3800,"2024-05-30",科教文体,31,1,2,12,14,2,0
3801,"2024-05-30",公卫医疗,97,3,7,25,56,4,2
3802,"2024-05-30",城乡建设,433,7,28,115,263,16,4
3803,"2024-05-30",交通运输,39,0,4,13,20,2,0
3804,"2024-05-30",农林牧渔,1182,21,89,346,657,61,8
3805,"2024-05-31",科教文体,63,1,4,23,32,2,1
3806,"2024-05-31",公卫医疗,58,2,1,20,34,1,0
3807,"2024-05-31",城乡建设,36,0,2,8,25,1,0
3808,"2024-05-31",交通运输,222,2,12,60,136,10,2
3809,"2024-05-31",农林牧渔,299,7,21,87,166,13,5
3810,"2024-06-01",科教文体,82,1,6,25,48,1,1
3811,"2024-06-01",公卫医疗,16,0,2,4,9,1,0
3812,"2024-06-01",城乡建设,278,7,21,80,149,19,2
3813,"2024-06-01",交通运输,267,7,15,72,154,12,7
3814,"2024-06-01",农林牧渔,876,15,71,266,468,48,8
3815,"2024-06-02",科教文体,114,2,7,38,61,5,1
3816,"2024-06-02",公卫医疗,267,4,22,64,159,16,2
3817,"2024-06-02",城乡建设,214,3,13,63,120,13,2
3818,"2024-06-02",交通运输,77,0,4,27,45,1,0
3819,"2024-06-02",农林牧渔,598,7,43,168,345,27,8
3820,"2024-06-03",科教文体,815,18,49,251,442,47,8
3821,"2024-06-03",公卫医疗,135,0,11,45,69,10,0
3822,"2024-06-03",城乡建设,31,0,0,10,19,1,1
3823,"2024-06-03",交通运输,625,16,39,181,355,28,6
3824,"2024-06-03",农林牧渔,138,5,5,43,80,5,0
3825,"2024-06-04",科教文体,428,10,21,123,247,24,3
3826,"2024-06-04",公卫医疗,21,0,2,10,9,0,0
3827,"2024-06-04",城乡建设,246,6,16,72,137,11,4
3828,"2024-06-04",交通运输,563,9,36,147,339,27,5
3829,"2024-06-04",农林牧渔,137,1,8,43,76,7,2
3830,"2024-06-05",科教文体,374,11,30,124,189,17,3
3831,"2024-06-05",公卫医疗,485,9,25,124,297,27,3
3832,"2024-06-05",城乡建设,469,8,30,155,248,22,6
3833,"2024-06-05",交通运输,29,0,3,6,18,2,0
3834,"2024-06-05",农林牧渔,206,4,9,59,123,9,2
3835,"2024-06-06",科教文体,78,4,9,21,38,4,2
3836,"2024-06-06",公卫医疗,53,0,4,19,26,4,0
3837,"2024-06-06",城乡建设,1165,16,97,331,650,64,7
3838,"2024-06-06",交通运输,108,1,9,29,60,6,3
3839,"2024-06-06",农林牧渔,134,1,15,39,70,9,0
3840,"2024-06-07",科教文体,489,13,40,139,269,23,5
3841,"2024-06-07",公卫医疗,2,0,0,1,1,0,0
3842,"2024-06-07",城乡建设,59,2,2,18,35,2,0
3843,"2024-06-07",交通运输,20,0,0,7,11,1,1
3844,"2024-06-07",农林牧渔,227,9,13,76,119,7,3
3845,"2024-06-08",科教文体,482,10,39,147,260,23,3
3846,"2024-06-08",公卫医疗,113,2,8,43,53,5,2
3847,"2024-06-08",城乡建设,299,10,18,85,166,17,3
3848,"2024-06-08",交通运输,710,12,59,216,382,32,9
3849,"2024-06-08",农林牧渔,3,0,0,1,2,0,0
3850,"2024-06-09",科教文体,205,5,9,65,120,5,1
3851,"2024-06-09",公卫医疗,582,13,50,164,324,26,5
3852,"2024-06-09",城乡建设,2,0,0,2,0,0,0
3853,"2024-06-09",交通运输,61,1,4,13,39,4,0
3854,"2024-06-09",农林牧渔,510,15,28,166,269,27,5
3855,"2024-06-10",科教文体,291,4,18,92,163,12,2
3856,"2024-06-10",公卫医疗,11,0,1,4,6,0,0
3857,"2024-06-10",城乡建设,3,0,0,2,1,0,0
3858,"2024-06-10",交通运输,357,5,22,101,208,19,2
3859,"2024-06-10",农林牧渔,364,11,22,119,190,20,2
3860,"2024-06-11",科教文体,88,1,7,19,54,7,0
3861,"2024-06-11",公卫医疗,681,19,49,207,360,40,6
3862,"2024-06-11",城乡建设,243,7,8,70,142,15,1
3863,"2024-06-11",交通运输,282,6,22,74,164,14,2
3864,"2024-06-11",农林牧渔,87,2,17,16,46,6,0
3865,"2024-06-12",科教文体,481,12,36,155,251,25,2
3866,"2024-06-12",公卫医疗,725,13,56,208,406,35,7
3867,"2024-06-12",城乡建设,373,4,18,107,223,17,4
3868,"2024-06-12",交通运输,245,3,18,68,136,17,3
3869,"2024-06-12",农林牧渔,458,7,36,144,249,20,2
3870,"2024-06-13",科教文体,621,16,38,191,339,27,10
3871,"2024-06-13",公卫医疗,328,10,28,96,177,15,2
3872,"2024-06-13",城乡建设,38,0,7,11,20,0,0
3873,"2024-06-13",交通运输,374,5,24,110,207,22,6
3874,"2024-06-13",农林牧渔,128,4,6,39,73,4,2
3875,"2024-06-14",科教文体,92,1,9,24,55,2,1
3876,"2024-06-14",公卫医疗,356,6,27,110,188,20,5
3877,"2024-06-14",城乡建设,118,4,7,32,69,5,1
3878,"2024-06-14",交通运输,223,4,13,80,110,11,5
3879,"2024-06-14",农林牧渔,283,9,25,95,144,7,3
3880,"2024-06-15",科教文体,261,3,13,89,139,16,1
3881,"2024-06-15",公卫医疗,43,2,4,12,24,1,0
3882,"2024-06-15",城乡建设,533,4,43,147,316,18,5
3883,"2024-06-15",交通运输,1236,25,70,404,656,60,21
3884,"2024-06-15",农林牧渔,123,4,8,33,70,8,0
3885,"2024-06-16",科教文体,248,3,13,75,139,15,3
3886,"2024-06-16",公卫医疗,0,0,0,0,0,0,0
3887,"2024-06-16",城乡建设,510,14,33,140,291,26,6
3888,"2024-06-16",交通运输,459,8,34,158,234,20,5
3889,"2024-06-16",农林牧渔,32,0,2,11,15,4,0
3890,"2024-06-17",科教文体,445,4,30,127,248,32,4
3891,"2024-06-17",公卫医疗,403,12,32,118,216,19,6
3892,"2024-06-17",城乡建设,161,2,10,45,85,15,4
3893,"2024-06-17",交通运输,34,1,2,9,21,0,1
3894,"2024-06-17",农林牧渔,183,7,16,44,107,7,2
3895,"2024-06-18",科教文体,599,7,48,171,337,33,3
3896,"2024-06-18",公卫医疗,96,0,10,27,57,2,0
3897,"2024-06-18",城乡建设,3,0,1,0,2,0,0
3898,"2024-06-18",交通运输,187,1,15,49,107,13,2
3899,"2024-06-18",农林牧渔,535,12,36,140,298,41,8
3900,"2024-06-19",科教文体,342,14,27,93,183,19,6
3901,"2024-06-19",公卫医疗,178,5,13,52,97,8,3
3902,"2024-06-19",城乡建设,12,0,1,3,8,0,0
3903,"2024-06-19",交通运输,139,5,15,36,76,7,0
3904,"2024-06-19",农林牧渔,780,10,56,223,442,41,8
3905,"2024-06-20",科教文体,1080,18,68,345,580,57,12
3906,"2024-06-20",公卫医疗,88,1,2,25,54,4,2
3907,"2024-06-20",城乡建设,391,5,29,102,231,17,7
3908,"2024-06-20",交通运输,30,0,5,10,12,2,1
3909,"2024-06-20",农林牧渔,273,2,23,68,156,19,5
3910,"2024-06-21",科教文体,292,6,27,89,160,9,1
3911,"2024-06-21",公卫医疗,456,5,29,135,254,31,2
3912,"2024-06-21",城乡建设,42,0,2,14,22,3,1
3913,"2024-06-21",交通运输,130,5,7,44,68,6,0
3914,"2024-06-21",农林牧渔,793,20,62,228,432,46,5
3915,"2024-06-22",科教文体,663,11,49,192,361,43,7
3916,"2024-06-22",公卫医疗,486,15,36,161,243,26,5
3917,"2024-06-22",城乡建设,366,9,34,113,195,13,2
3918,"2024-06-22",交通运输,361,5,30,102,204,17,3
3919,"2024-06-22",农林牧渔,83,1,5,28,44,3,2
3920,"2024-06-23",科教文体,438,5,33,144,236,16,4
3921,"2024-06-23",公卫医疗,260,6,22,67,144,17,4
3922,"2024-06-23",城乡建设,252,7,27,67,137,13,1
3923,"2024-06-23",交通运输,60,1,7,21,28,3,0
3924,"2024-06-23",农林牧渔,697,13,56,192,390,41,5
3925,"2024-06-24",科教文体,325,6,18,95,193,12,1
3926,"2024-06-24",公卫医疗,104,2,9,29,58,2,4
3927,"2024-06-24",城乡建设,229,4,11,70,131,11,2
3928,"2024-06-24",交通运输,103,1,7,24,63,6,2
3929,"2024-06-24",农林牧渔,140,0,5,41,86,8,0
3930,"2024-06-25",科教文体,287,6,22,91,149,17,2
3931,"2024-06-25",公卫医疗,245,4,16,70,138,16,1
3932,"2024-06-25",城乡建设,502,8,36,150,271,33,4
3933,"2024-06-25",交通运输,15,0,1,6,7,1,0
3934,"2024-06-25",农林牧渔,89,2,10,33,42,2,0
3935,"2024-06-26",科教文体,58,1,3,17,32,4,1
3936,"2024-06-26",公卫医疗,192,1,11,62,103,13,2
3937,"2024-06-26",城乡建设,912,21,71,278,492,43,7
3938,"2024-06-26",交通运输,16,2,1,4,8,1,0
3939,"2024-06-26",农林牧渔,613,16,43,176,341,32,5
3940,"2024-06-27",科教文体,25,1,3,8,10,2,1
3941,"2024-06-27",公卫医疗,2,0,0,2,0,0,0
3942,"2024-06-27",城乡建设,435,12,32,117,242,26,6
3943,"2024-06-27",交通运输,142,4,8,46,72,8,4
3944,"2024-06-27",农林牧渔,1027,21,81,299,552,59,15
3945,"2024-06-28",科教文体,404,10,18,129,231,14,2
3946,"2024-06-28",公卫医疗,475,6,39,153,254,20,3
3947,"2024-06-28",城乡建设,204,7,10,67,113,7,0
3948,"2024-06-28",交通运输,943,16,63,309,484,61,10
3949,"2024-06-28",农林牧渔,195,12,11,52,109,9,2
3950,"2024-06-29",科教文体,178,2,13,56,99,8,0
3951,"2024-06-29",公卫医疗,193,3,10,57,109,12,2
3952,"2024-06-29",城乡建设,17,0,1,4,12,0,0
3953,"2024-06-29",交通运输,169,4,9,52,94,9,1
3954,"2024-06-29",农林牧渔,325,7,30,96,171,16,5
3955,"2024-06-30",科教文体,16,0,2,4,8,2,0
3956,"2024-06-30",公卫医疗,230,2,11,81,126,8,2
3957,"2024-06-30",城乡建设,111,0,8,37,62,4,0
3958,"2024-06-30",交通运输,108,2,8,31,57,9,1
3959,"2024-06-30",农林牧渔,597,6,38,185,330,32,6
3960,"2024-07-01",科教文体,394,9,23,124,211,21,6
3961,"2024-07-01",公卫医疗,294,6,31,92,150,13,2
3962,"2024-07-01",城乡建设,121,1,12,24,75,9,0
3963,"2024-07-01",交通运输,407,4,33,107,236,18,9
3964,"2024-07-01",农林牧渔,70,3,5,21,37,3,1
3965,"2024-07-02",科教文体,185,5,16,50,106,7,1
3966,"2024-07-02",公卫医疗,2,1,0,0,1,0,0
3967,"2024-07-02",城乡建设,110,2,11,29,64,4,0
3968,"2024-07-02",交通运输,852,18,71,244,459,51,9
3969,"2024-07-02",农林牧渔,869,16,56,267,479,46,5
3970,"2024-07-03",科教文体,134,4,9,36,78,6,1
3971,"2024-07-03",公卫医疗,64,1,4,21,32,5,1
3972,"2024-07-03",城乡建设,71,2,7,24,35,2,1
3973,"2024-07-03",交通运输,707,13,47,203,402,35,7
3974,"2024-07-03",农林牧渔,8,0,2,0,6,0,0
3975,"2024-07-04",科教文体,440,14,28,145,227,21,5
3976,"2024-07-04",公卫医疗,378,3,21,120,221,11,2
3977,"2024-07-04",城乡建设,218,7,14,75,112,8,2
3978,"2024-07-04",交通运输,381,6,19,125,209,20,2
3979,"2024-07-04",农林牧渔,189,4,19,50,107,8,1
3980,"2024-07-05",科教文体,190,4,11,66,100,5,4
3981,"2024-07-05",公卫医疗,400,5,35,114,225,21,0
3982,"2024-07-05",城乡建设,56,1,4,12,35,3,1
3983,"2024-07-05",交通运输,549,8,42,173,298,23,5
3984,"2024-07-05",农林牧渔,279,6,25,90,145,11,2
3985,"2024-07-06",科教文体,283,4,22,75,169,11,2
3986,"2024-07-06",公卫医疗,272,6,17,76,163,10,0
3987,"2024-07-06",城乡建设,18,1,1,4,10,2,0
3988,"2024-07-06",交通运输,35,0,2,15,16,1,1
3989,"2024-07-06",农林牧渔,624,10,37,166,365,43,3
3990,"2024-07-07",科教文体,257,5,13,76,146,16,1
3991,"2024-07-07",公卫医疗,203,5,20,50,110,16,2
3992,"2024-07-07",城乡建设,205,2,11,53,128,10,1
3993,"2024-07-07",交通运输,140,2,14,43,77,3,1
3994,"2024-07-07",农林牧渔,87,1,6,24,52,3,1
3995,"2024-07-08",科教文体,151,1,13,50,79,8,0
3996,"2024-07-08",公卫医疗,19,0,3,7,7,2,0
3997,"2024-07-08",城乡建设,377,7,21,117,211,16,5
3998,"2024-07-08",交通运输,43,0,2,14,23,3,1
3999,"2024-07-08",农林牧渔,171,5,10,48,95,11,2
4000,"2024-07-09",科教文体,333,2,20,95,192,21,3
4001,"2024-07-09",公卫医疗,395,11,30,104,219,24,7
4002,"2024-07-09",城乡建设,110,4,9,30,58,8,1
4003,"2024-07-09",交通运输,83,0,7,20,53,2,1
4004,"2024-07-09",农林牧渔,385,12,29,108,210,22,4
4005,"2024-07-10",科教文体,225,5,24,62,116,17,1
4006,"2024-07-10",公卫医疗,92,1,7,35,44,2,3
4007,"2024-07-10",城乡建设,30,0,1,10,16,1,2
4008,"2024-07-10",交通运输,773,16,55,199,456,42,5
4009,"2024-07-10",农林牧渔,472,13,45,140,250,18,6
4010,"2024-07-11",科教文体,608,7,30,183,349,31,8
4011,"2024-07-11",公卫医疗,301,11,23,87,162,11,7
4012,"2024-07-11",城乡建设,46,0,5,8,30,2,1
4013,"2024-07-11",交通运输,156,5,14,47,82,6,2
4014,"2024-07-11",农林牧渔,298,6,20,89,159,22,2
4015,"2024-07-12",科教文体,55,1,4,19,26,4,1
4016,"2024-07-12",公卫医疗,297,5,25,93,157,15,2
4017,"2024-07-12",城乡建设,153,6,10,37,85,14,1
4018,"2024-07-12",交通运输,35,1,1,13,16,3,1
4019,"2024-07-12",农林牧渔,3,0,1,1,1,0,0
4020,"2024-07-13",科教文体,566,7,49,172,300,36,2
4021,"2024-07-13",公卫医疗,40,1,0,13,24,2,0
4022,"2024-07-13",城乡建设,14,0,2,4,8,0,0
4023,"2024-07-13",交通运输,298,8,29,78,162,20,1
4024,"2024-07-13",农林牧渔,118,2,6,36,68,4,2
4025,"2024-07-14",科教文体,106,1,6,35,56,6,2
4026,"2024-07-14",公卫医疗,655,13,47,186,360,41,8
4027,"2024-07-14",城乡建设,24,0,0,11,12,1,0
4028,"2024-07-14",交通运输,654,14,42,190,368,31,9
4029,"2024-07-14",农林牧渔,448,8,30,122,271,16,1
4030,"2024-07-15",科教文体,365,8,29,108,205,13,2
4031,"2024-07-15",公卫医疗,294,6,26,93,157,8,4
4032,"2024-07-15",城乡建设,815,17,60,252,449,27,10
4033,"2024-07-15",交通运输,36,0,4,12,17,3,0
4034,"2024-07-15",农林牧渔,16,0,0,6,8,1,1
4035,"2024-07-16",科教文体,150,7,8,41,84,10,0
4036,"2024-07-16",公卫医疗,261,9,17,75,147,13,0
4037,"2024-07-16",城乡建设,142,0,7,40,87,6,2
4038,"2024-07-16",交通运输,262,3,14,90,130,18,7
4039,"2024-07-16",农林牧渔,100,3,10,25,57,5,0
4040,"2024-07-17",科教文体,284,7,28,76,154,16,3
4041,"2024-07-17",公卫医疗,343,4,23,123,178,11,4
4042,"2024-07-17",城乡建设,404,6,22,126,227,20,3
4043,"2024-07-17",交通运输,103,3,7,26,60,7,0
4044,"2024-07-17",农林牧渔,190,2,11,64,107,4,2
4045,"2024-07-18",科教文体,288,6,21,85,156,15,5
4046,"2024-07-18",公卫医疗,12,1,1,4,5,1,0
4047,"2024-07-18",城乡建设,82,1,5,26,43,7,0
4048,"2024-07-18",交通运输,478,13,27,131,274,28,5
4049,"2024-07-18",农林牧渔,560,14,48,178,281,33,6
4050,"2024-07-19",科教文体,514,10,31,140,297,32,4
4051,"2024-07-19",公卫医疗,712,14,52,222,389,30,5
4052,"2024-07-19",城乡建设,62,0,5,18,37,0,2
4053,"2024-07-19",交通运输,13,0,1,3,9,0,0
4054,"2024-07-19",农林牧渔,258,3,19,70,147,15,4
4055,"2024-07-20",科教文体,147,0,13,48,80,5,1
4056,"2024-07-20",公卫医疗,258,4,11,83,142,15,3
4057,"2024-07-20",城乡建设,476,4,40,151,252,22,7
4058,"2024-07-20",交通运输,220,5,16,69,116,14,0
4059,"2024-07-20",农林牧渔,485,7,45,125,284,22,2
4060,"2024-07-21",科教文体,179,3,9,56,96,12,3
4061,"2024-07-21",公卫医疗,283,13,16,76,158,16,4
4062,"2024-07-21",城乡建设,546,14,27,161,314,24,6
4063,"2024-07-21",交通运输,203,3,17,78,95,8,2
4064,"2024-07-21",农林牧渔,1016,16,74,298,573,46,9
4065,"2024-07-22",科教文体,1,0,0,1,0,0,0
4066,"2024-07-22",公卫医疗,61,2,6,23,27,3,0
4067,"2024-07-22",城乡建设,335,6,33,101,172,19,4
4068,"2024-07-22",交通运输,149,5,13,52,69,9,1
4069,"2024-07-22",农林牧渔,163,5,9,47,96,4,2
4070,"2024-07-23",科教文体,350,9,20,107,195,14,5
4071,"2024-07-23",公卫医疗,506,10,35,165,261,31,4
4072,"2024-07-23",城乡建设,351,8,25,105,183,27,3
4073,"2024-07-23",交通运输,207,2,18,60,114,10,3
4074,"2024-07-23",农林牧渔,100,4,6,28,58,3,1
4075,"2024-07-24",科教文体,195,1,18,62,108,4,2
4076,"2024-07-24",公卫医疗,327,7,27,114,165,14,0
4077,"2024-07-24",城乡建设,218,2,10,62,129,10,5
4078,"2024-07-24",交通运输,7,0,1,3,3,0,0
4079,"2024-07-24",农林牧渔,422,7,25,137,226,21,6
4080,"2024-07-25",科教文体,320,7,18,99,177,13,6
4081,"2024-07-25",公卫医疗,83,0,9,19,51,4,0
4082,"2024-07-25",城乡建设,362,8,24,123,186,20,1
4083,"2024-07-25",交通运输,292,6,18,85,160,19,4
4084,"2024-07-25",农林牧渔,123,3,3,36,71,8,2
4085,"2024-07-26",科教文体,448,9,32,121,264,20,2
4086,"2024-07-26",公卫医疗,498,13,34,161,257,27,6
4087,"2024-07-26",城乡建设,543,10,31,153,323,24,2
4088,"2024-07-26",交通运输,509,12,25,143,306,20,3
4089,"2024-07-26",农林牧渔,29,1,1,8,17,2,0
4090,"2024-07-27",科教文体,6,0,1,0,5,0,0
4091,"2024-07-27",公卫医疗,264,6,10,85,147,12,4
4092,"2024-07-27",城乡建设,987,22,59,288,563,45,10
4093,"2024-07-27",交通运输,935,16,57,261,546,48,7
4094,"2024-07-27",农林牧渔,136,2,9,49,67,6,3
4095,"2024-07-28",科教文体,729,12,46,239,387,37,8
4096,"2024-07-28",公卫医疗,37,0,3,8,23,3,0
4097,"2024-07-28",城乡建设,194,3,10,57,113,8,3
4098,"2024-07-28",交通运输,781,19,57,240,421,39,5
4099,"2024-07-28",农林牧渔,283,6,26,89,142,18,2
4100,"2024-07-29",科教文体,316,7,18,94,169,23,5
4101,"2024-07-29",公卫医疗,780,17,53,250,408,47,5
4102,"2024-07-29",城乡建设,19,1,2,4,10,2,0
4103,"2024-07-29",交通运输,39,1,3,12,20,3,0
4104,"2024-07-29",农林牧渔,512,12,38,135,300,21,6
4105,"2024-07-30",科教文体,95,0,4,23,59,8,1
4106,"2024-07-30",公卫医疗,34,0,4,15,14,1,0
4107,"2024-07-30",城乡建设,95,0,9,27,54,5,0
4108,"2024-07-30",交通运输,348,12,23,108,185,19,1
4109,"2024-07-30",农林牧渔,1306,31,84,381,743,54,13
4110,"2024-07-31",科教文体,233,1,19,68,135,9,1
4111,"2024-07-31",公卫医疗,655,10,44,193,377,25,6
4112,"2024-07-31",城乡建设,232,2,11,63,141,13,2
4113,"2024-07-31",交通运输,36,0,0,12,23,1,0
4114,"2024-07-31",农林牧渔,373,10,20,109,219,12,3
4115,"2024-08-01",科教文体,64,0,3,19,40,2,0
4116,"2024-08-01",公卫医疗,585,11,46,161,322,37,8
4117,"2024-08-01",城乡建设,192,4,11,62,104,6,5
4118,"2024-08-01",交通运输,94,3,6,31,46,7,1
4119,"2024-08-01",农林牧渔,87,2,6,19,54,4,2
4120,"2024-08-02",科教文体,233,10,19,77,110,14,3
4121,"2024-08-02",公卫医疗,547,18,42,180,288,17,2
4122,"2024-08-02",城乡建设,52,1,0,14,35,2,0
4123,"2024-08-02",交通运输,269,2,19,78,142,26,2
4124,"2024-08-02",农林牧渔,133,5,7,48,63,8,2
4125,"2024-08-03",科教文体,108,1,4,30,63,7,3
4126,"2024-08-03",公卫医疗,799,20,61,219,450,42,7
4127,"2024-08-03",城乡建设,129,6,6,40,70,6,1
4128,"2024-08-03",交通运输,85,4,4,24,47,4,2
4129,"2024-08-03",农林牧渔,350,6,29,98,200,14,3
4130,"2024-08-04",科教文体,452,6,30,142,235,35,4
4131,"2024-08-04",公卫医疗,273,4,23,80,159,6,1
4132,"2024-08-04",城乡建设,292,8,18,93,155,16,2
4133,"2024-08-04",交通运输,50,0,2,8,33,6,1
4134,"2024-08-04",农林牧渔,287,3,23,91,157,11,2
4135,"2024-08-05",科教文体,617,9,42,199,333,29,5
4136,"2024-08-05",公卫医疗,257,4,16,69,155,13,0
4137,"2024-08-05",城乡建设,176,5,14,59,84,12,2
4138,"2024-08-05",交通运输,527,6,38,150,308,22,3
4139,"2024-08-05",农林牧渔,36,0,0,11,22,3,0
4140,"2024-08-06",科教文体,64,1,9,12,34,6,2
4141,"2024-08-06",公卫医疗,526,8,31,167,290,22,8
4142,"2024-08-06",城乡建设,49,0,4,15,29,0,1
4143,"2024-08-06",交通运输,67,0,4,24,32,6,1
4144,"2024-08-06",农林牧渔,124,2,5,41,73,2,1
4145,"2024-08-07",科教文体,49,0,3,16,27,3,0
4146,"2024-08-07",公卫医疗,214,4,12,71,118,8,1
4147,"2024-08-07",城乡建设,3,0,0,0,3,0,0
4148,"2024-08-07",交通运输,82,1,5,35,37,3,1
4149,"2024-08-07",农林牧渔,313,6,24,107,164,10,2
4150,"2024-08-08",科教文体,53,0,6,15,29,3,0
4151,"2024-08-08",公卫医疗,533,13,37,145,304,29,5
4152,"2024-08-08",城乡建设,78,2,4,24,40,6,2
4153,"2024-08-08",交通运输,87,3,11,24,45,4,0
4154,"2024-08-08",农林牧渔,18,1,0,2,12,2,1
4155,"2024-08-09",科教文体,695,10,44,221,374,38,8
4156,"2024-08-09",公卫医疗,27,0,2,11,10,4,0
4157,"2024-08-09",城乡建设,111,2,5,41,60,3,0
4158,"2024-08-09",交通运输,475,9,37,135,261,27,6
4159,"2024-08-09",农林牧渔,636,23,42,195,340,35,1
4160,"2024-08-10",科教文体,127,1,9,44,67,3,3
4161,"2024-08-10",公卫医疗,245,5,15,80,127,15,3
4162,"2024-08-10",城乡建设,531,7,43,159,289,28,5
4163,"2024-08-10",交通运输,122,6,9,38,64,4,1
4164,"2024-08-10",农林牧渔,33,0,2,15,15,1,0
4165,"2024-08-11",科教文体,205,3,12,70,108,9,3
4166,"2024-08-11",公卫医疗,366,9,32,114,192,15,4
4167,"2024-08-11",城乡建设,30,0,3,8,15,4,0
4168,"2024-08-11",交通运输,703,17,58,191,392,35,10
4169,"2024-08-11",农林牧渔,595,15,36,208,299,29,8
4170,"2024-08-12",科教文体,127,0,14,44,64,5,0
4171,"2024-08-12",公卫医疗,202,2,11,60,117,10,2
4172,"2024-08-12",城乡建设,812,25,58,256,428,41,4
4173,"2024-08-12",交通运输,288,5,18,83,164,13,5
4174,"2024-08-12",农林牧渔,292,7,28,90,158,7,2
4175,"2024-08-13",科教文体,819,15,55,236,467,37,9
4176,"2024-08-13",公卫医疗,20,1,1,6,10,2,0
4177,"2024-08-13",城乡建设,124,0,12,46,57,7,2
4178,"2024-08-13",交通运输,527,8,29,146,310,28,6
4179,"2024-08-13",农林牧渔,244,6,20,67,126,17,8
4180,"2024-08-14",科教文体,5,0,0,2,1,2,0
4181,"2024-08-14",公卫医疗,46,0,1,12,31,1,1
4182,"2024-08-14",城乡建设,297,4,17,81,177,16,2
4183,"2024-08-14",交通运输,1435,25,100,449,774,71,16
4184,"2024-08-14",农林牧渔,183,5,11,49,107,9,2
4185,"2024-08-15",科教文体,376,5,28,109,214,19,1
4186,"2024-08-15",公卫医疗,1,0,0,0,1,0,0
4187,"2024-08-15",城乡建设,228,3,15,77,120,11,2
4188,"2024-08-15",交通运输,432,8,37,130,230,24,3
4189,"2024-08-15",农林牧渔,102,3,9,25,60,4,1
4190,"2024-08-16",科教文体,489,14,43,135,265,26,6
4191,"2024-08-16",公卫医疗,376,8,22,99,226,18,3
4192,"2024-08-16",城乡建设,225,5,15,71,118,13,3
4193,"2024-08-16",交通运输,142,3,9,51,72,5,2
4194,"2024-08-16",农林牧渔,333,8,26,104,173,15,7
4195,"2024-08-17",科教文体,217,3,14,65,125,8,2
4196,"2024-08-17",公卫医疗,76,3,8,19,40,6,0
4197,"2024-08-17",城乡建设,48,0,6,15,22,5,0
4198,"2024-08-17",交通运输,320,5,20,98,181,15,1
4199,"2024-08-17",农林牧渔,639,8,47,184,361,35,4
4200,"2024-08-18",科教文体,1075,26,77,332,583,45,12
4201,"2024-08-18",公卫医疗,147,5,5,49,81,6,1
4202,"2024-08-18",城乡建设,264,5,24,90,135,6,4
4203,"2024-08-18",交通运输,195,2,14,62,107,9,1
4204,"2024-08-18",农林牧渔,281,6,23,73,166,10,3
4205,"2024-08-19",科教文体,163,3,11,39,100,9,1
4206,"2024-08-19",公卫医疗,1016,17,78,321,544,47,9
4207,"2024-08-19",城乡建设,166,3,8,49,91,14,1
4208,"2024-08-19",交通运输,30,2,1,6,19,2,0
4209,"2024-08-19",农林牧渔,85,1,5,28,44,5,2
4210,"2024-08-20",科教文体,465,9,29,126,275,25,1
4211,"2024-08-20",公卫医疗,347,8,26,106,189,16,2
4212,"2024-08-20",城乡建设,295,6,23,90,158,17,1
4213,"2024-08-20",交通运输,102,2,6,32,55,6,1
4214,"2024-08-20",农林牧渔,130,4,12,28,82,4,0
4215,"2024-08-21",科教文体,574,11,37,183,308,31,4
4216,"2024-08-21",公卫医疗,55,0,4,13,35,3,0
4217,"2024-08-21",城乡建设,25,1,2,5,16,1,0
4218,"2024-08-21",交通运输,378,9,23,127,192,26,1
4219,"2024-08-21",农林牧渔,239,3,20,81,124,7,4
4220,"2024-08-22",科教文体,623,14,43,173,357,29,7
4221,"2024-08-22",公卫医疗,14,0,0,7,5,2,0
4222,"2024-08-22",城乡建设,662,10,56,188,374,32,2
4223,"2024-08-22",交通运输,33,0,1,12,19,0,1
4224,"2024-08-22",农林牧渔,124,1,9,39,71,4,0
4225,"2024-08-23",科教文体,47,0,2,14,25,6,0
4226,"2024-08-23",公卫医疗,1091,19,82,346,580,53,11
4227,"2024-08-23",城乡建设,149,0,13,49,81,5,1
4228,"2024-08-23",交通运输,115,3,5,36,64,7,0
4229,"2024-08-23",农林牧渔,123,3,8,41,68,3,0
4230,"2024-08-24",科教文体,617,17,45,178,338,33,6
4231,"2024-08-24",公卫医疗,200,5,14,56,118,7,0
4232,"2024-08-24",城乡建设,66,0,2,24,33,7,0
4233,"2024-08-24",交通运输,732,19,55,202,412,38,6
4234,"2024-08-24",农林牧渔,272,5,19,67,168,13,0
4235,"2024-08-25",科教文体,242,6,16,69,135,12,4
4236,"2024-08-25",公卫医疗,194,5,14,53,109,10,3
4237,"2024-08-25",城乡建设,35,0,3,9,21,2,0
4238,"2024-08-25",交通运输,289,7,20,103,145,11,3
4239,"2024-08-25",农林牧渔,163,2,10,51,90,8,2
4240,"2024-08-26",科教文体,169,1,13,54,90,9,2
4241,"2024-08-26",公卫医疗,57,2,1,18,33,2,1
4242,"2024-08-26",城乡建设,766,15,54,217,425,45,10
4243,"2024-08-26",交通运输,116,4,11,34,59,5,3
4244,"2024-08-26",农林牧渔,79,4,8,25,39,3,0
4245,"2024-08-27",科教文体,81,1,7,27,40,4,2
4246,"2024-08-27",公卫医疗,119,2,10,40,58,7,2
4247,"2024-08-27",城乡建设,262,3,13,90,146,9,1
4248,"2024-08-27",交通运输,438,6,29,138,236,23,6
4249,"2024-08-27",农林牧渔,113,7,3,26,73,4,0
4250,"2024-08-28",科教文体,249,4,19,76,136,11,3
4251,"2024-08-28",公卫医疗,89,0,7,29,49,3,1
4252,"2024-08-28",城乡建设,9,0,0,6,3,0,0
4253,"2024-08-28",交通运输,852,20,71,243,468,37,13
4254,"2024-08-28",农林牧渔,53,1,3,13,33,2,1
4255,"2024-08-29",科教文体,347,10,27,89,190,24,7
4256,"2024-08-29",公卫医疗,258,4,25,84,138,7,0
4257,"2024-08-29",城乡建设,126,1,12,24,82,5,2
4258,"2024-08-29",交通运输,153,4,17,35,86,9,2
4259,"2024-08-29",农林牧渔,62,1,0,19,36,3,3
4260,"2024-08-30",科教文体,243,2,16,75,135,13,2
4261,"2024-08-30",公卫医疗,135,4,13,34,70,9,5
4262,"2024-08-30",城乡建设,236,4,11,67,137,17,0
4263,"2024-08-30",交通运输,264,7,18,81,145,12,1
4264,"2024-08-30",农林牧渔,411,5,28,132,228,17,1
4265,"2024-08-31",科教文体,821,10,61,264,445,35,6
4266,"2024-08-31",公卫医疗,183,5,10,50,110,7,1
4267,"2024-08-31",城乡建设,21,0,2,7,10,0,2
4268,"2024-08-31",交通运输,115,5,11,34,57,7,1
4269,"2024-08-31",农林牧渔,205,3,13,62,111,15,1
4270,"2024-09-01",科教文体,172,3,9,48,102,9,1
4271,"2024-09-01",公卫医疗,79,2,3,29,37,7,1
4272,"2024-09-01",城乡建设,629,13,43,213,320,32,8
4273,"2024-09-01",交通运输,66,5,7,22,28,3,1
4274,"2024-09-01",农林牧渔,59,2,5,16,31,4,1
4275,"2024-09-02",科教文体,56,0,5,19,29,3,0
4276,"2024-09-02",公卫医疗,304,5,22,92,164,15,6
4277,"2024-09-02",城乡建设,60,1,4,22,28,3,2
4278,"2024-09-02",交通运输,649,16,46,182,370,30,5
4279,"2024-09-02",农林牧渔,627,17,35,213,331,25,6
4280,"2024-09-03",科教文体,11,1,1,4,3,1,1
4281,"2024-09-03",公卫医疗,57,0,3,15,37,2,0
4282,"2024-09-03",城乡建设,184,4,13,50,104,10,3
4283,"2024-09-03",交通运输,134,1,5,41,80,6,1
4284,"2024-09-03",农林牧渔,118,1,10,34,69,4,0
4285,"2024-09-04",科教文体,38,1,5,10,20,2,0
4286,"2024-09-04",公卫医疗,593,17,53,174,325,23,1
4287,"2024-09-04",城乡建设,17,0,1,10,6,0,0
4288,"2024-09-04",交通运输,420,7,25,138,217,26,7
4289,"2024-09-04",农林牧渔,710,16,50,192,411,35,6
4290,"2024-09-05",科教文体,171,5,13,50,91,10,2
4291,"2024-09-05",公卫医疗,122,0,9,39,65,8,1
4292,"2024-09-05",城乡建设,238,6,14,68,127,21,2
4293,"2024-09-05",交通运输,229,3,12,77,124,11,2
4294,"2024-09-05",农林牧渔,513,8,42,147,292,19,5
4295,"2024-09-06",科教文体,275,5,17,91,146,14,2
4296,"2024-09-06",公卫医疗,55,4,2,16,30,3,0
4297,"2024-09-06",城乡建设,164,3,15,45,89,10,2
4298,"2024-09-06",交通运输,260,10,24,73,137,11,5
4299,"2024-09-06",农林牧渔,1012,24,68,302,544,59,15
4300,"2024-09-07",科教文体,481,11,28,153,252,30,7
4301,"2024-09-07",公卫医疗,170,3,16,53,88,8,2
4302,"2024-09-07",城乡建设,185,0,8,58,104,14,1
4303,"2024-09-07",交通运输,112,0,3,29,73,4,3
4304,"2024-09-07",农林牧渔,315,1,24,85,185,17,3
4305,"2024-09-08",科教文体,362,9,26,110,198,17,2
4306,"2024-09-08",公卫医疗,49,0,3,17,24,4,1
4307,"2024-09-08",城乡建设,309,5,25,108,154,13,4
4308,"2024-09-08",交通运输,171,4,17,41,94,11,4
4309,"2024-09-08",农林牧渔,122,1,8,35,71,7,0
4310,"2024-09-09",科教文体,796,19,66,220,444,36,11
4311,"2024-09-09",公卫医疗,140,2,9,41,80,6,2
4312,"2024-09-09",城乡建设,70,1,3,19,46,0,1
4313,"2024-09-09",交通运输,249,6,11,67,147,17,1
4314,"2024-09-09",农林牧渔,302,3,14,98,171,12,4
4315,"2024-09-10",科教文体,83,1,2,31,45,3,1
4316,"2024-09-10",公卫医疗,208,3,15,62,114,11,3
4317,"2024-09-10",城乡建设,78,3,4,26,42,3,0
4318,"2024-09-10",交通运输,142,2,10,35,85,8,2
4319,"2024-09-10",农林牧渔,282,5,15,83,159,17,3
4320,"2024-09-11",科教文体,188,7,11,54,104,10,2
4321,"2024-09-11",公卫医疗,382,6,35,129,193,19,0
4322,"2024-09-11",城乡建设,27,1,0,8,17,1,0
4323,"2024-09-11",交通运输,10,0,0,5,5,0,0
4324,"2024-09-11",农林牧渔,859,18,62,277,452,45,5
4325,"2024-09-12",科教文体,107,4,6,35,57,3,2
4326,"2024-09-12",公卫医疗,260,5,15,84,137,13,6
4327,"2024-09-12",城乡建设,546,9,33,165,296,38,5
4328,"2024-09-12",交通运输,381,3,31,115,206,23,3
4329,"2024-09-12",农林牧渔,82,3,7,21,44,6,1
4330,"2024-09-13",科教文体,198,9,15,62,100,9,3
4331,"2024-09-13",公卫医疗,113,2,8,33,63,4,3
4332,"2024-09-13",城乡建设,77,0,5,28,42,2,0
4333,"2024-09-13",交通运输,13,0,3,3,7,0,0
4334,"2024-09-13",农林牧渔,185,6,10,61,94,12,2
4335,"2024-09-14",科教文体,123,2,10,35,69,7,0
4336,"2024-09-14",公卫医疗,55,1,5,11,36,2,0
4337,"2024-09-14",城乡建设,405,7,24,136,213,21,4
4338,"2024-09-14",交通运输,190,7,12,46,106,17,2
4339,"2024-09-14",农林牧渔,111,2,7,33,62,7,0
4340,"2024-09-15",科教文体,763,14,59,249,402,33,6
4341,"2024-09-15",公卫医疗,132,1,14,38,72,4,3
4342,"2024-09-15",城乡建设,129,4,7,37,72,9,0
4343,"2024-09-15",交通运输,56,1,7,16,29,3,0
4344,"2024-09-15",农林牧渔,22,0,2,4,14,2,0
4345,"2024-09-16",科教文体,709,21,48,214,382,36,8
4346,"2024-09-16",公卫医疗,32,2,2,13,12,3,0
4347,"2024-09-16",城乡建设,151,5,11,41,86,6,2
4348,"2024-09-16",交通运输,514,10,40,125,310,25,4
4349,"2024-09-16",农林牧渔,24,0,2,6,15,1,0
4350,"2024-09-17",科教文体,184,3,13,52,103,12,1
4351,"2024-09-17",公卫医疗,39,1,2,16,17,3,0
4352,"2024-09-17",城乡建设,151,1,7,43,92,7,1
4353,"2024-09-17",交通运输,102,2,8,28,58,4,2
4354,"2024-09-17",农林牧渔,139,2,14,38,71,10,4
4355,"2024-09-18",科教文体,19,1,2,5,10,0,1
4356,"2024-09-18",公卫医疗,329,9,21,106,171,18,4
4357,"2024-09-18",城乡建设,208,4,15,58,119,12,0
4358,"2024-09-18",交通运输,755,16,45,238,408,37,11
4359,"2024-09-18",农林牧渔,336,9,30,115,163,16,3
4360,"2024-09-19",科教文体,397,6,33,126,205,24,3
4361,"2024-09-19",公卫医疗,245,3,16,78,135,12,1
4362,"2024-09-19",城乡建设,62,1,6,24,29,2,0
4363,"2024-09-19",交通运输,372,5,33,108,199,21,6
4364,"2024-09-19",农林牧渔,229,7,17,61,134,8,2
4365,"2024-09-20",科教文体,11,0,1,1,8,1,0
4366,"2024-09-20",公卫医疗,667,16,46,220,347,32,6
4367,"2024-09-20",城乡建设,262,6,16,62,160,16,2
4368,"2024-09-20",交通运输,18,0,0,4,13,1,0
4369,"2024-09-20",农林牧渔,539,17,41,166,287,24,4
4370,"2024-09-21",科教文体,431,9,22,140,237,22,1
4371,"2024-09-21",公卫医疗,88,3,9,22,48,4,2
4372,"2024-09-21",城乡建设,12,0,1,3,6,1,1
4373,"2024-09-21",交通运输,848,21,66,247,464,42,8
4374,"2024-09-21",农林牧渔,610,10,41,192,343,19,5
4375,"2024-09-22",科教文体,502,10,45,161,260,20,6
4376,"2024-09-22",公卫医疗,117,3,6,40,59,6,3
4377,"2024-09-22",城乡建设,398,7,30,114,230,17,0
4378,"2024-09-22",交通运输,9,0,0,2,7,0,0
4379,"2024-09-22",农林牧渔,18,1,0,4,13,0,0
4380,"2024-09-23",科教文体,544,6,30,169,305,27,7
4381,"2024-09-23",公卫医疗,116,3,9,28,66,9,1
4382,"2024-09-23",城乡建设,109,2,10,34,59,4,0
4383,"2024-09-23",交通运输,737,14,54,211,406,41,11
4384,"2024-09-23",农林牧渔,562,9,45,175,305,23,5
4385,"2024-09-24",科教文体,156,1,14,39,91,8,3
4386,"2024-09-24",公卫医疗,190,4,10,60,107,8,1
4387,"2024-09-24",城乡建设,368,6,19,115,210,13,5
4388,"2024-09-24",交通运输,228,1,16,71,130,7,3
4389,"2024-09-24",农林牧渔,135,2,12,44,70,7,0
4390,"2024-09-25",科教文体,33,0,0,10,20,3,0
4391,"2024-09-25",公卫医疗,252,2,17,81,142,10,0
4392,"2024-09-25",城乡建设,150,3,10,46,80,9,2
4393,"2024-09-25",交通运输,665,12,39,201,373,34,6
4394,"2024-09-25",农林牧渔,359,7,26,106,192,24,4
4395,"2024-09-26",科教文体,39,2,2,10,19,4,2
4396,"2024-09-26",公卫医疗,202,5,21,74,93,7,2
4397,"2024-09-26",城乡建设,15,0,0,3,12,0,0
4398,"2024-09-26",交通运输,317,5,27,94,175,14,2
4399,"2024-09-26",农林牧渔,408,9,22,128,223,23,3
4400,"2024-09-27",科教文体,233,2,17,61,142,9,2
4401,"2024-09-27",公卫医疗,1,1,0,0,0,0,0
4402,"2024-09-27",城乡建设,97,3,5,30,55,2,2
4403,"2024-09-27",交通运输,312,11,22,93,162,17,7
4404,"2024-09-27",农林牧渔,452,3,33,136,256,20,4
4405,"2024-09-28",科教文体,95,5,6,28,46,9,1
4406,"2024-09-28",公卫医疗,433,16,30,138,223,23,3
4407,"2024-09-28",城乡建设,684,11,48,201,389,27,8
4408,"2024-09-28",交通运输,10,0,0,4,6,0,0
4409,"2024-09-28",农林牧渔,323,6,29,80,187,17,4
4410,"2024-09-29",科教文体,348,8,25,102,193,18,2
4411,"2024-09-29",公卫医疗,136,2,10,49,61,11,3
4412,"2024-09-29",城乡建设,236,2,16,72,137,7,2
4413,"2024-09-29",交通运输,906,22,69,264,489,50,12
4414,"2024-09-29",农林牧渔,196,2,14,52,112,15,1
4415,"2024-09-30",科教文体,140,3,9,40,78,9,1
4416,"2024-09-30",公卫医疗,38,2,4,7,23,2,0
4417,"2024-09-30",城乡建设,186,5,17,52,94,15,3
4418,"2024-09-30",交通运输,351,6,22,104,194,22,3
4419,"2024-09-30",农林牧渔,103,3,10,27,58,2,3
4420,"2024-10-01",科教文体,218,6,13,59,132,7,1
4421,"2024-10-01",公卫医疗,428,9,36,123,239,18,3
4422,"2024-10-01",城乡建设,195,1,14,63,105,9,3
4423,"2024-10-01",交通运输,122,4,8,32,71,3,4
4424,"2024-10-01",农林牧渔,285,2,23,88,162,9,1
4425,"2024-10-02",科教文体,393,6,29,134,211,12,1
4426,"2024-10-02",公卫医疗,32,1,1,10,18,1,1
4427,"2024-10-02",城乡建设,433,10,26,127,233,31,6
4428,"2024-10-02",交通运输,11,0,0,3,8,0,0
4429,"2024-10-02",农林牧渔,408,9,29,123,216,24,7
4430,"2024-10-03",科教文体,4,0,1,1,2,0,0
4431,"2024-10-03",公卫医疗,66,0,7,15,40,3,1
4432,"2024-10-03",城乡建设,689,12,43,202,402,27,3
4433,"2024-10-03",交通运输,29,1,1,9,17,1,0
4434,"2024-10-03",农林牧渔,228,4,19,69,120,13,3
4435,"2024-10-04",科教文体,23,0,0,5,15,2,1
4436,"2024-10-04",公卫医疗,132,3,9,34,75,10,1
4437,"2024-10-04",城乡建设,246,3,13,76,141,10,3
4438,"2024-10-04",交通运输,161,4,13,43,88,12,1
4439,"2024-10-04",农林牧渔,603,11,34,204,313,38,3
4440,"2024-10-05",科教文体,79,0,9,16,49,3,2
4441,"2024-10-05",公卫医疗,362,11,30,120,183,15,3
4442,"2024-10-05",城乡建设,14,0,0,1,12,1,0
4443,"2024-10-05",交通运输,176,4,12,57,93,9,1
4444,"2024-10-05",农林牧渔,33,0,1,12,18,1,1
4445,"2024-10-06",科教文体,374,8,29,110,214,12,1
4446,"2024-10-06",公卫医疗,321,6,25,91,172,21,6
4447,"2024-10-06",城乡建设,105,0,7,27,64,6,1
4448,"2024-10-06",交通运输,189,6,16,43,110,14,0
4449,"2024-10-06",农林牧渔,243,8,14,74,138,8,1
4450,"2024-10-07",科教文体,39,1,1,7,29,1,0
4451,"2024-10-07",公卫医疗,424,2,25,144,216,30,7
4452,"2024-10-07",城乡建设,312,5,16,91,181,17,2
4453,"2024-10-07",交通运输,195,1,16,64,99,10,5
4454,"2024-10-07",农林牧渔,1157,23,93,346,625,59,11
4455,"2024-10-08",科教文体,311,5,19,102,163,18,4
4456,"2024-10-08",公卫医疗,46,2,5,11,27,1,0
4457,"2024-10-08",城乡建设,23,0,3,8,11,1,0
4458,"2024-10-08",交通运输,79,2,2,29,44,1,1
4459,"2024-10-08",农林牧渔,105,1,6,29,62,4,3
4460,"2024-10-09",科教文体,32,1,1,8,20,2,0
4461,"2024-10-09",公卫医疗,674,14,40,209,369,35,7
4462,"2024-10-09",城乡建设,948,21,65,284,516,50,12
4463,"2024-10-09",交通运输,487,11,42,135,273,22,4
4464,"2024-10-09",农林牧渔,140,2,10,44,72,11,1
4465,"2024-10-10",科教文体,167,2,12,54,86,13,0
4466,"2024-10-10",公卫医疗,83,0,8,22,49,3,1
4467,"2024-10-10",城乡建设,244,4,19,75,131,12,3
4468,"2024-10-10",交通运输,56,0,7,15,29,5,0
4469,"2024-10-10",农林牧渔,166,2,12,50,89,7,6
4470,"2024-10-11",科教文体,88,5,4,32,45,2,0
4471,"2024-10-11",公卫医疗,291,4,20,83,168,13,3
4472,"2024-10-11",城乡建设,75,1,7,27,37,2,1
4473,"2024-10-11",交通运输,350,5,20,118,182,21,4
4474,"2024-10-11",农林牧渔,261,7,20,81,146,7,0
4475,"2024-10-12",科教文体,277,4,15,96,143,13,6
4476,"2024-10-12",公卫医疗,109,1,9,25,67,7,0
4477,"2024-10-12",城乡建设,465,15,33,133,259,22,3
4478,"2024-10-12",交通运输,37,0,4,12,19,1,1
4479,"2024-10-12",农林牧渔,218,4,20,71,109,12,2
4480,"2024-10-13",科教文体,235,6,19,83,113,14,0
4481,"2024-10-13",公卫医疗,59,1,1,17,37,3,0
4482,"2024-10-13",城乡建设,518,8,32,162,279,31,6
4483,"2024-10-13",交通运输,531,14,45,156,287,26,3
4484,"2024-10-13",农林牧渔,480,11,31,151,257,25,5
4485,"2024-10-14",科教文体,692,16,41,241,353,36,5
4486,"2024-10-14",公卫医疗,410,8,24,125,231,19,3
4487,"2024-10-14",城乡建设,105,7,9,32,52,4,1
4488,"2024-10-14",交通运输,27,0,1,6,19,1,0
4489,"2024-10-14",农林牧渔,356,6,21,115,201,11,2
4490,"2024-10-15",科教文体,355,7,26,109,187,21,5
4491,"2024-10-15",公卫医疗,46,0,3,12,27,3,1
4492,"2024-10-15",城乡建设,453,7,29,141,243,26,7
4493,"2024-10-15",交通运输,137,4,9,32,84,8,0
4494,"2024-10-15",农林牧渔,28,0,4,9,14,1,0
4495,"2024-10-16",科教文体,121,3,6,48,52,10,2
4496,"2024-10-16",公卫医疗,264,5,9,91,141,15,3
4497,"2024-10-16",城乡建设,4,0,0,2,2,0,0
4498,"2024-10-16",交通运输,303,3,20,96,166,17,1
4499,"2024-10-16",农林牧渔,901,17,59,280,487,46,12
4500,"2024-10-17",科教文体,421,13,27,114,240,22,5
4501,"2024-10-17",公卫医疗,397,7,33,114,209,32,2
4502,"2024-10-17",城乡建设,397,12,28,125,209,21,2
4503,"2024-10-17",交通运输,363,10,20,100,217,16,0
4504,"2024-10-17",农林牧渔,122,3,8,38,70,2,1
4505,"2024-10-18",科教文体,528,8,34,186,274,24,2
4506,"2024-10-18",公卫医疗,251,4,15,75,148,8,1
4507,"2024-10-18",城乡建设,152,2,4,50,86,6,4
4508,"2024-10-18",交通运输,162,2,10,50,92,6,2
4509,"2024-10-18",农林牧渔,408,6,31,127,222,19,3
4510,"2024-10-19",科教文体,788,20,54,248,426,35,5
4511,"2024-10-19",公卫医疗,51,0,7,13,28,3,0
4512,"2024-10-19",城乡建设,350,8,23,97,203,15,4
4513,"2024-10-19",交通运输,11,2,2,1,6,0,0
4514,"2024-10-19",农林牧渔,112,2,9,34,59,3,5
4515,"2024-10-20",科教文体,3,1,0,0,2,0,0
4516,"2024-10-20",公卫医疗,47,0,2,15,26,3,1
4517,"2024-10-20",城乡建设,304,3,21,91,173,14,2
4518,"2024-10-20",交通运输,256,5,15,89,138,9,0
4519,"2024-10-20",农林牧渔,18,0,1,4,13,0,0
4520,"2024-10-21",科教文体,311,7,21,90,170,20,3
4521,"2024-10-21",公卫医疗,27,1,0,7,17,1,1
4522,"2024-10-21",城乡建设,19,1,0,8,10,0,0
4523,"2024-10-21",交通运输,104,4,8,33,56,3,0
4524,"2024-10-21",农林牧渔,309,8,18,90,176,13,4
4525,"2024-10-22",科教文体,254,5,21,65,150,11,2
4526,"2024-10-22",公卫医疗,243,3,19,65,139,12,5
4527,"2024-10-22",城乡建设,217,2,18,63,120,14,0
4528,"2024-10-22",交通运输,163,4,11,48,86,10,4
4529,"2024-10-22",农林牧渔,73,1,1,21,42,5,3
4530,"2024-10-23",科教文体,528,13,30,169,275,30,11
4531,"2024-10-23",公卫医疗,1,0,0,0,1,0,0
4532,"2024-10-23",城乡建设,214,4,20,66,110,13,1
4533,"2024-10-23",交通运输,877,22,69,240,500,34,12
4534,"2024-10-23",农林牧渔,383,9,27,122,195,22,8
4535,"2024-10-24",科教文体,43,0,3,14,26,0,0
4536,"2024-10-24",公卫医疗,131,1,9,38,78,2,3
4537,"2024-10-24",城乡建设,24,0,1,7,16,0,0
4538,"2024-10-24",交通运输,277,6,17,78,157,17,2
4539,"2024-10-24",农林牧渔,1216,19,83,362,664,76,12
4540,"2024-10-25",科教文体,305,11,21,77,180,13,3
4541,"2024-10-25",公卫医疗,131,0,6,41,74,10,0
4542,"2024-10-25",城乡建设,224,3,18,57,133,12,1
4543,"2024-10-25",交通运输,354,6,37,104,195,10,2
4544,"2024-10-25",农林牧渔,54,1,3,13,35,2,0
4545,"2024-10-26",科教文体,156,3,16,42,85,7,3
4546,"2024-10-26",公卫医疗,453,7,44,126,260,13,3
4547,"2024-10-26",城乡建设,37,2,3,6,23,3,0
4548,"2024-10-26",交通运输,179,4,8,48,105,12,2
4549,"2024-10-26",农林牧渔,142,4,9,47,76,4,2
4550,"2024-10-27",科教文体,244,3,12,77,137,14,1
4551,"2024-10-27",公卫医疗,1309,21,97,377,724,72,18
4552,"2024-10-27",城乡建设,26,0,1,8,16,0,1
4553,"2024-10-27",交通运输,49,0,4,17,23,5,0
4554,"2024-10-27",农林牧渔,84,2,4,19,48,9,2
4555,"2024-10-28",科教文体,711,13,43,222,381,41,11
4556,"2024-10-28",公卫医疗,165,4,14,45,96,3,3
4557,"2024-10-28",城乡建设,22,0,0,4,11,6,1
4558,"2024-10-28",交通运输,21,2,0,6,11,2,0
4559,"2024-10-28",农林牧渔,335,9,23,109,173,17,4
4560,"2024-10-29",科教文体,267,4,20,81,146,12,4
4561,"2024-10-29",公卫医疗,449,7,34,121,258,26,3
4562,"2024-10-29",城乡建设,1192,24,80,332,688,55,13
4563,"2024-10-29",交通运输,232,5,15,63,134,13,2
4564,"2024-10-29",农林牧渔,181,2,5,63,100,9,2
4565,"2024-10-30",科教文体,533,6,37,158,302,24,6
4566,"2024-10-30",公卫医疗,386,7,22,111,225,20,1
4567,"2024-10-30",城乡建设,5,0,0,1,4,0,0
4568,"2024-10-30",交通运输,700,13,48,218,372,38,11
4569,"2024-10-30",农林牧渔,56,2,3,15,34,2,0
4570,"2024-10-31",科教文体,74,2,3,17,48,3,1
4571,"2024-10-31",公卫医疗,42,1,4,12,23,2,0
4572,"2024-10-31",城乡建设,469,7,25,135,280,17,5
4573,"2024-10-31",交通运输,440,11,23,126,246,30,4
4574,"2024-10-31",农林牧渔,511,7,34,152,281,31,6
4575,"2024-11-01",科教文体,106,2,11,23,65,3,2
4576,"2024-11-01",公卫医疗,153,5,6,49,82,9,2
4577,"2024-11-01",城乡建设,58,0,3,15,35,5,0
4578,"2024-11-01",交通运输,445,8,35,134,242,22,4
4579,"2024-11-01",农林牧渔,28,1,1,9,16,1,0
4580,"2024-11-02",科教文体,44,0,5,12,25,1,1
4581,"2024-11-02",公卫医疗,34,0,3,8,23,0,0
4582,"2024-11-02",城乡建设,28,0,1,8,17,1,1
4583,"2024-11-02",交通运输,15,1,0,6,7,1,0
4584,"2024-11-02",农林牧渔,758,8,49,225,429,42,5
4585,"2024-11-03",科教文体,368,5,31,113,196,22,1
4586,"2024-11-03",公卫医疗,174,6,22,53,83,7,3
4587,"2024-11-03",城乡建设,58,1,4,16,32,4,1
4588,"2024-11-03",交通运输,649,8,50,195,354,29,13
4589,"2024-11-03",农林牧渔,295,7,19,91,162,15,1
4590,"2024-11-04",科教文体,412,3,31,122,234,18,4
4591,"2024-11-04",公卫医疗,605,18,41,185,327,29,5
4592,"2024-11-04",城乡建设,164,4,14,51,89,5,1
4593,"2024-11-04",交通运输,7,0,1,4,2,0,0
4594,"2024-11-04",农林牧渔,96,2,7,36,45,5,1
4595,"2024-11-05",科教文体,142,1,12,46,71,12,0
4596,"2024-11-05",公卫医疗,212,5,18,63,119,7,0
4597,"2024-11-05",城乡建设,475,9,33,148,247,34,4
4598,"2024-11-05",交通运输,75,2,4,23,38,7,1
4599,"2024-11-05",农林牧渔,196,5,16,63,102,7,3
4600,"2024-11-06",科教文体,1436,38,119,412,779,77,11
4601,"2024-11-06",公卫医疗,33,2,2,12,14,2,1
4602,"2024-11-06",城乡建设,391,6,23,124,214,19,5
4603,"2024-11-06",交通运输,187,4,8,65,104,6,0
4604,"2024-11-06",农林牧渔,43,1,2,12,27,1,0
4605,"2024-11-07",科教文体,330,4,18,111,186,11,0
4606,"2024-11-07",公卫医疗,275,5,22,86,145,13,4
4607,"2024-11-07",城乡建设,111,3,8,29,64,4,3
4608,"2024-11-07",交通运输,194,3,13,55,111,11,1
4609,"2024-11-07",农林牧渔,40,1,2,15,20,2,0
4610,"2024-11-08",科教文体,567,14,35,186,299,26,7
4611,"2024-11-08",公卫医疗,54,1,0,19,33,1,0
4612,"2024-11-08",城乡建设,490,16,23,144,275,25,7
4613,"2024-11-08",交通运输,517,8,40,153,289,24,3
4614,"2024-11-08",农林牧渔,272,3,20,85,140,22,2
4615,"2024-11-09",科教文体,548,7,38,157,311,29,6
4616,"2024-11-09",公卫医疗,747,13,55,226,418,34,1
4617,"2024-11-09",城乡建设,179,4,13,49,101,10,2
4618,"2024-11-09",交通运输,402,12,40,127,195,21,7
4619,"2024-11-09",农林牧渔,81,4,3,17,50,7,0
4620,"2024-11-10",科教文体,30,0,2,9,17,2,0
4621,"2024-11-10",公卫医疗,864,16,41,256,491,52,8
4622,"2024-11-10",城乡建设,460,9,32,140,256,19,4
4623,"2024-11-10",交通运输,13,0,3,3,7,0,0
4624,"2024-11-10",农林牧渔,17,1,0,5,10,1,0
4625,"2024-11-11",科教文体,544,12,37,173,283,33,6
4626,"2024-11-11",公卫医疗,125,2,6,35,75,6,1
4627,"2024-11-11",城乡建设,77,3,11,22,37,3,1
4628,"2024-11-11",交通运输,387,5,28,108,227,16,3
4629,"2024-11-11",农林牧渔,85,2,4,36,40,3,0
4630,"2024-11-12",科教文体,188,8,14,62,96,7,1
4631,"2024-11-12",公卫医疗,72,2,6,22,36,4,2
4632,"2024-11-12",城乡建设,76,0,7,29,36,3,1
4633,"2024-11-12",交通运输,38,0,2,14,21,1,0
4634,"2024-11-12",农林牧渔,312,5,24,94,161,23,5
4635,"2024-11-13",科教文体,584,11,33,174,323,38,5
4636,"2024-11-13",公卫医疗,135,1,15,38,75,5,1
4637,"2024-11-13",城乡建设,162,3,7,52,92,6,2
4638,"2024-11-13",交通运输,343,7,27,91,199,14,5
4639,"2024-11-13",农林牧渔,60,2,6,15,32,4,1
4640,"2024-11-14",科教文体,59,0,5,16,32,5,1
4641,"2024-11-14",公卫医疗,547,13,29,180,295,23,7
4642,"2024-11-14",城乡建设,110,2,6,26,67,7,2
4643,"2024-11-14",交通运输,21,1,1,6,13,0,0
4644,"2024-11-14",农林牧渔,404,5,27,129,219,21,3
4645,"2024-11-15",科教文体,14,0,3,4,7,0,0
4646,"2024-11-15",公卫医疗,238,5,15,69,138,9,2
4647,"2024-11-15",城乡建设,670,11,51,180,381,42,5
4648,"2024-11-15",交通运输,220,2,7,64,129,17,1
4649,"2024-11-15",农林牧渔,532,13,42,172,281,19,5
4650,"2024-11-16",科教文体,169,3,14,43,99,10,0
4651,"2024-11-16",公卫医疗,101,2,11,30,55,3,0
4652,"2024-11-16",城乡建设,149,0,7,47,81,11,3
4653,"2024-11-16",交通运输,3,0,1,1,1,0,0
4654,"2024-11-16",农林牧渔,107,1,9,34,57,5,1
4655,"2024-11-17",科教文体,544,13,33,176,289,30,3
4656,"2024-11-17",公卫医疗,389,5,38,123,195,22,6
4657,"2024-11-17",城乡建设,90,2,2,28,50,8,0
4658,"2024-11-17",交通运输,2,0,0,1,1,0,0
4659,"2024-11-17",农林牧渔,516,13,41,161,277,22,2
4660,"2024-11-18",科教文体,13,1,1,6,5,0,0
4661,"2024-11-18",公卫医疗,1302,28,86,388,711,75,14
4662,"2024-11-18",城乡建设,393,8,30,116,215,17,7
4663,"2024-11-18",交通运输,113,0,16,30,58,8,1
4664,"2024-11-18",农林牧渔,142,1,11,33,85,11,1
4665,"2024-11-19",科教文体,411,7,33,119,228,16,8
4666,"2024-11-19",公卫医疗,3,0,0,0,3,0,0
4667,"2024-11-19",城乡建设,62,1,5,19,32,5,0
4668,"2024-11-19",交通运输,345,6,23,111,181,18,6
4669,"2024-11-19",农林牧渔,774,15,63,219,420,50,7
4670,"2024-11-20",科教文体,143,6,9,43,78,6,1
4671,"2024-11-20",公卫医疗,74,2,3,22,41,4,2
4672,"2024-11-20",城乡建设,660,19,41,189,358,40,13
4673,"2024-11-20",交通运输,602,13,27,191,325,33,13
4674,"2024-11-20",农林牧渔,283,3,30,73,161,13,3
4675,"2024-11-21",科教文体,449,8,41,132,248,15,5
4676,"2024-11-21",公卫医疗,184,1,12,63,99,8,1
4677,"2024-11-21",城乡建设,488,9,22,149,265,37,6
4678,"2024-11-21",交通运输,136,4,8,45,74,5,0
4679,"2024-11-21",农林牧渔,322,8,23,100,168,18,5
4680,"2024-11-22",科教文体,175,3,13,52,94,13,0
4681,"2024-11-22",公卫医疗,536,7,41,161,296,30,1
4682,"2024-11-22",城乡建设,224,8,18,68,117,10,3
4683,"2024-11-22",交通运输,79,0,3,26,47,2,1
4684,"2024-11-22",农林牧渔,168,3,9,40,107,5,4
4685,"2024-11-23",科教文体,9,0,1,2,6,0,0
4686,"2024-11-23",公卫医疗,13,0,2,2,9,0,0
4687,"2024-11-23",城乡建设,0,0,0,0,0,0,0
4688,"2024-11-23",交通运输,70,1,1,23,40,4,1
4689,"2024-11-23",农林牧渔,414,9,34,129,219,16,7
4690,"2024-11-24",科教文体,542,9,38,154,310,26,5
4691,"2024-11-24",公卫医疗,217,8,17,63,117,11,1
4692,"2024-11-24",城乡建设,135,3,11,48,67,4,2
4693,"2024-11-24",交通运输,130,1,6,31,79,12,1
4694,"2024-11-24",农林牧渔,43,3,3,7,29,1,0
4695,"2024-11-25",科教文体,26,1,1,10,14,0,0
4696,"2024-11-25",公卫医疗,337,4,27,100,190,14,2
4697,"2024-11-25",城乡建设,543,14,33,171,299,22,4
4698,"2024-11-25",交通运输,329,7,26,105,176,14,1
4699,"2024-11-25",农林牧渔,132,1,10,32,80,4,5
4700,"2024-11-26",科教文体,95,3,5,31,51,5,0
4701,"2024-11-26",公卫医疗,638,16,44,222,311,38,7
4702,"2024-11-26",城乡建设,340,10,24,105,183,16,2
4703,"2024-11-26",交通运输,63,2,3,18,35,3,2
4704,"2024-11-26",农林牧渔,155,6,11,46,78,10,4
4705,"2024-11-27",科教文体,115,0,10,33,64,8,0
4706,"2024-11-27",公卫医疗,140,3,14,39,79,5,0
4707,"2024-11-27",城乡建设,66,1,5,18,37,4,1
4708,"2024-11-27",交通运输,118,1,5,33,66,10,3
4709,"2024-11-27",农林牧渔,47,0,4,11,31,1,0
4710,"2024-11-28",科教文体,17,0,0,6,10,1,0
4711,"2024-11-28",公卫医疗,1249,27,84,374,699,55,10
4712,"2024-11-28",城乡建设,379,11,22,98,220,25,3
4713,"2024-11-28",交通运输,39,0,2,13,22,2,0
4714,"2024-11-28",农林牧渔,236,7,14,74,127,13,1
4715,"2024-11-29",科教文体,296,4,17,88,174,11,2
4716,"2024-11-29",公卫医疗,380,7,22,124,206,14,7
4717,"2024-11-29",城乡建设,77,5,5,18,45,4,0
4718,"2024-11-29",交通运输,674,18,47,200,360,43,6
4719,"2024-11-29",农林牧渔,263,2,28,85,134,14,0
4720,"2024-11-30",科教文体,784,11,54,232,445,33,9
4721,"2024-11-30",公卫医疗,57,1,5,16,32,3,0
4722,"2024-11-30",城乡建设,372,15,19,121,199,17,1
4723,"2024-11-30",交通运输,314,8,28,95,167,15,1
4724,"2024-11-30",农林牧渔,47,1,4,14,27,0,1
4725,"2024-12-01",科教文体,289,7,27,84,145,21,5
4726,"2024-12-01",公卫医疗,845,13,52,245,473,48,14
4727,"2024-12-01",城乡建设,79,3,6,21,40,7,2
4728,"2024-12-01",交通运输,268,3,17,90,144,13,1
4729,"2024-12-01",农林牧渔,433,5,33,137,220,30,8
4730,"2024-12-02",科教文体,74,2,7,25,39,0,1
4731,"2024-12-02",公卫医疗,398,6,23,143,201,22,3
4732,"2024-12-02",城乡建设,152,4,9,49,81,9,0
4733,"2024-12-02",交通运输,157,3,12,38,92,10,2
4734,"2024-12-02",农林牧渔,281,6,21,81,159,14,0
4735,"2024-12-03",科教文体,445,7,31,129,249,26,3
4736,"2024-12-03",公卫医疗,469,6,30,132,271,22,8
4737,"2024-12-03",城乡建设,616,16,45,196,325,29,5
4738,"2024-12-03",交通运输,99,4,3,28,53,11,0
4739,"2024-12-03",农林牧渔,401,10,35,134,202,18,2
4740,"2024-12-04",科教文体,376,7,21,106,218,17,7
4741,"2024-12-04",公卫医疗,324,7,20,95,178,19,5
4742,"2024-12-04",城乡建设,514,11,43,159,271,25,5
4743,"2024-12-04",交通运输,91,1,7,20,56,5,2
4744,"2024-12-04",农林牧渔,159,3,10,42,91,10,3
4745,"2024-12-05",科教文体,66,0,6,17,40,3,0
4746,"2024-12-05",公卫医疗,80,3,5,28,38,5,1
4747,"2024-12-05",城乡建设,39,0,1,14,20,4,0
4748,"2024-12-05",交通运输,9,1,0,1,5,0,2
4749,"2024-12-05",农林牧渔,235,3,19,67,135,9,2
4750,"2024-12-06",科教文体,243,5,15,71,137,11,4
4751,"2024-12-06",公卫医疗,300,9,23,96,151,19,2
4752,"2024-12-06",城乡建设,663,14,31,205,366,36,11
4753,"2024-12-06",交通运输,87,6,5,25,43,8,0
4754,"2024-12-06",农林牧渔,87,0,8,27,50,1,1
4755,"2024-12-07",科教文体,11,0,0,3,8,0,0
4756,"2024-12-07",公卫医疗,112,1,4,37,60,8,2
4757,"2024-12-07",城乡建设,115,1,10,31,63,8,2
4758,"2024-12-07",交通运输,898,23,54,266,506,42,7
4759,"2024-12-07",农林牧渔,156,2,12,53,80,8,1
4760,"2024-12-08",科教文体,72,0,7,17,44,4,0
4761,"2024-12-08",公卫医疗,109,2,8,26,64,8,1
4762,"2024-12-08",城乡建设,1111,27,80,336,611,49,8
4763,"2024-12-08",交通运输,222,9,13,61,127,11,1
4764,"2024-12-08",农林牧渔,410,5,24,126,236,13,6
4765,"2024-12-09",科教文体,4,0,0,2,2,0,0
4766,"2024-12-09",公卫医疗,352,4,26,112,185,22,3
4767,"2024-12-09",城乡建设,287,10,25,85,152,13,2
4768,"2024-12-09",交通运输,175,2,16,52,94,10,1
4769,"2024-12-09",农林牧渔,105,3,10,37,51,4,0
4770,"2024-12-10",科教文体,30,0,2,11,16,1,0
4771,"2024-12-10",公卫医疗,71,1,4,27,34,2,3
4772,"2024-12-10",城乡建设,105,2,15,23,61,3,1
4773,"2024-12-10",交通运输,92,2,5,28,51,6,0
4774,"2024-12-10",农林牧渔,1214,16,85,369,662,66,16
4775,"2024-12-11",科教文体,306,9,20,106,154,12,5
4776,"2024-12-11",公卫医疗,242,4,12,79,123,18,6
4777,"2024-12-11",城乡建设,760,18,52,225,421,35,9
4778,"2024-12-11",交通运输,52,0,4,16,29,3,0
4779,"2024-12-11",农林牧渔,566,8,32,180,315,25,6
4780,"2024-12-12",科教文体,172,3,15,46,102,5,1
4781,"2024-12-12",公卫医疗,289,7,18,89,154,20,1
4782,"2024-12-12",城乡建设,258,5,20,77,142,13,1
4783,"2024-12-12",交通运输,633,19,58,181,338,30,7
4784,"2024-12-12",农林牧渔,42,1,6,9,24,1,1
4785,"2024-12-13",科教文体,351,9,28,110,182,19,3
4786,"2024-12-13",公卫医疗,147,1,10,43,83,8,2
4787,"2024-12-13",城乡建设,164,4,10,42,103,5,0
4788,"2024-12-13",交通运输,329,10,21,85,192,20,1
4789,"2024-12-13",农林牧渔,69,0,3,21,38,7,0
4790,"2024-12-14",科教文体,192,4,17,51,114,5,1
4791,"2024-12-14",公卫医疗,832,21,63,248,447,44,9
4792,"2024-12-14",城乡建设,574,13,39,171,313,31,7
4793,"2024-12-14",交通运输,158,1,17,52,86,2,0
4794,"2024-12-14",农林牧渔,134,3,10,44,65,9,3
4795,"2024-12-15",科教文体,285,5,16,88,165,9,2
4796,"2024-12-15",公卫医疗,198,7,12,53,114,9,3
4797,"2024-12-15",城乡建设,131,1,7,43,71,8,1
4798,"2024-12-15",交通运输,71,1,4,18,41,6,1
4799,"2024-12-15",农林牧渔,955,19,74,289,521,41,11
4800,"2024-12-16",科教文体,330,8,26,104,173,15,4
4801,"2024-12-16",公卫医疗,95,0,7,27,58,2,1
4802,"2024-12-16",城乡建设,215,2,16,62,121,14,0
4803,"2024-12-16",交通运输,509,11,38,156,274,24,6
4804,"2024-12-16",农林牧渔,325,5,23,91,180,22,4
4805,"2024-12-17",科教文体,229,6,14,67,124,16,2
4806,"2024-12-17",公卫医疗,98,0,5,33,57,3,0
4807,"2024-12-17",城乡建设,846,13,56,259,469,36,13
4808,"2024-12-17",交通运输,74,1,7,20,43,2,1
4809,"2024-12-17",农林牧渔,414,6,27,122,233,25,1
4810,"2024-12-18",科教文体,127,1,8,39,73,6,0
4811,"2024-12-18",公卫医疗,6,0,1,0,4,1,0
4812,"2024-12-18",城乡建设,283,10,19,91,145,16,2
4813,"2024-12-18",交通运输,24,1,1,6,16,0,0
4814,"2024-12-18",农林牧渔,11,1,3,1,6,0,0
4815,"2024-12-19",科教文体,116,1,3,35,72,4,1
4816,"2024-12-19",公卫医疗,10,0,1,6,3,0,0
4817,"2024-12-19",城乡建设,721,16,49,231,385,35,5
4818,"2024-12-19",交通运输,792,27,48,216,449,40,12
4819,"2024-12-19",农林牧渔,216,4,14,63,124,9,2
4820,"2024-12-20",科教文体,140,3,9,45,78,5,0
4821,"2024-12-20",公卫医疗,219,2,16,55,134,9,3
4822,"2024-12-20",城乡建设,406,10,35,121,220,16,4
4823,"2024-12-20",交通运输,503,9,44,171,246,25,8
4824,"2024-12-20",农林牧渔,407,8,21,134,219,22,3
4825,"2024-12-21",科教文体,174,1,14,45,103,11,0
4826,"2024-12-21",公卫医疗,796,20,40,225,462,45,4
4827,"2024-12-21",城乡建设,179,6,11,56,102,3,1
4828,"2024-12-21",交通运输,81,0,9,24,41,6,1
4829,"2024-12-21",农林牧渔,179,4,16,58,89,7,5
4830,"2024-12-22",科教文体,411,9,26,128,222,18,8
4831,"2024-12-22",公卫医疗,232,6,14,76,127,7,2
4832,"2024-12-22",城乡建设,455,13,32,143,242,20,5
4833,"2024-12-22",交通运输,203,4,9,65,118,7,0
4834,"2024-12-22",农林牧渔,26,1,3,8,13,1,0
4835,"2024-12-23",科教文体,354,7,25,101,207,10,4
4836,"2024-12-23",公卫医疗,914,18,65,275,491,52,13
4837,"2024-12-23",城乡建设,135,0,11,45,71,8,0
4838,"2024-12-23",交通运输,212,6,12,63,115,13,3
4839,"2024-12-23",农林牧渔,22,0,3,6,12,1,0
4840,"2024-12-24",科教文体,353,7,21,113,191,17,4
4841,"2024-12-24",公卫医疗,731,19,45,224,392,40,11
4842,"2024-12-24",城乡建设,127,2,8,36,74,4,3
4843,"2024-12-24",交通运输,398,10,35,141,195,15,2
4844,"2024-12-24",农林牧渔,335,6,28,103,183,13,2
4845,"2024-12-25",科教文体,134,1,8,39,75,10,1
4846,"2024-12-25",公卫医疗,333,9,14,101,186,20,3
4847,"2024-12-25",城乡建设,49,0,4,23,20,2,0
4848,"2024-12-25",交通运输,312,5,25,91,174,13,4
4849,"2024-12-25",农林牧渔,250,5,10,76,145,12,2
4850,"2024-12-26",科教文体,46,2,4,11,28,1,0
4851,"2024-12-26",公卫医疗,76,0,5,16,50,5,0
4852,"2024-12-26",城乡建设,350,7,25,103,194,20,1
4853,"2024-12-26",交通运输,517,5,39,158,275,33,7
4854,"2024-12-26",农林牧渔,161,3,13,55,87,0,3
4855,"2024-12-27",科教文体,247,3,16,83,130,11,4
4856,"2024-12-27",公卫医疗,148,2,14,40,79,11,2
4857,"2024-12-27",城乡建设,40,1,1,19,16,3,0
4858,"2024-12-27",交通运输,691,12,56,219,357,37,10
4859,"2024-12-27",农林牧渔,236,7,18,73,120,17,1
4860,"2024-12-28",科教文体,381,9,28,106,221,15,2
4861,"2024-12-28",公卫医疗,521,5,38,166,292,20,0
4862,"2024-12-28",城乡建设,74,1,6,24,41,2,0
4863,"2024-12-28",交通运输,62,0,4,19,34,4,1
4864,"2024-12-28",农林牧渔,178,3,11,63,95,6,0
4865,"2024-12-29",科教文体,272,5,21,78,149,18,1
4866,"2024-12-29",公卫医疗,716,13,55,203,381,55,9
4867,"2024-12-29",城乡建设,60,2,5,14,36,3,0
4868,"2024-12-29",交通运输,757,18,54,229,423,31,2
4869,"2024-12-29",农林牧渔,62,1,6,20,32,1,2
4870,"2024-12-30",科教文体,191,2,19,55,102,11,2
4871,"2024-12-30",公卫医疗,522,9,45,152,280,29,7
4872,"2024-12-30",城乡建设,88,2,10,22,51,2,1
4873,"2024-12-30",交通运输,691,13,41,221,382,30,4
4874,"2024-12-30",农林牧渔,49,1,3,7,35,3,0
4875,"2024-12-31",科教文体,643,15,37,204,354,28,5
4876,"2024-12-31",公卫医疗,471,7,30,152,260,14,8
4877,"2024-12-31",城乡建设,151,4,10,47,82,7,1
4878,"2024-12-31",交通运输,196,4,8,61,110,11,2
4879,"2024-12-31",农林牧渔,607,12,39,179,341,29,7
4880,"2025-01-01",科教文体,256,5,20,80,143,8,0
4881,"2025-01-01",公卫医疗,308,6,28,98,153,18,5
4882,"2025-01-01",城乡建设,28,0,2,6,17,3,0
4883,"2025-01-01",交通运输,277,6,21,88,144,18,0
4884,"2025-01-01",农林牧渔,55,0,4,18,29,3,1
4885,"2025-01-02",科教文体,173,2,14,52,94,9,2
4886,"2025-01-02",公卫医疗,747,22,43,234,403,32,13
4887,"2025-01-02",城乡建设,440,6,30,129,240,30,5
4888,"2025-01-02",交通运输,137,3,7,34,86,6,1
4889,"2025-01-02",农林牧渔,96,2,6,29,55,4,0
4890,"2025-01-03",科教文体,202,6,18,49,120,6,3
4891,"2025-01-03",公卫医疗,258,2,18,87,134,12,5
4892,"2025-01-03",城乡建设,133,2,8,51,64,7,1
4893,"2025-01-03",交通运输,18,1,0,6,6,5,0
4894,"2025-01-03",农林牧渔,3,0,0,1,1,1,0
4895,"2025-01-04",科教文体,413,5,30,121,226,26,5
4896,"2025-01-04",公卫医疗,579,8,33,163,342,29,4
4897,"2025-01-04",城乡建设,220,4,16,68,119,12,1
4898,"2025-01-04",交通运输,516,12,29,140,311,22,2
4899,"2025-01-04",农林牧渔,174,6,17,45,95,10,1
4900,"2025-01-05",科教文体,125,1,9,47,57,8,3
4901,"2025-01-05",公卫医疗,167,5,13,54,90,3,2
4902,"2025-01-05",城乡建设,738,18,41,204,435,33,7
4903,"2025-01-05",交通运输,344,6,30,91,199,17,1
4904,"2025-01-05",农林牧渔,576,9,40,173,326,22,6
4905,"2025-01-06",科教文体,906,19,63,276,496,40,12
4906,"2025-01-06",公卫医疗,387,5,33,107,217,18,7
4907,"2025-01-06",城乡建设,14,1,2,7,4,0,0
4908,"2025-01-06",交通运输,133,4,9,45,69,6,0
4909,"2025-01-06",农林牧渔,529,18,21,155,312,19,4
4910,"2025-01-07",科教文体,193,4,13,57,115,4,0
4911,"2025-01-07",公卫医疗,823,18,52,229,480,36,8
4912,"2025-01-07",城乡建设,95,1,7,19,62,5,1
4913,"2025-01-07",交通运输,103,0,8,24,68,3,0
4914,"2025-01-07",农林牧渔,213,7,13,76,111,5,1
4915,"2025-01-08",科教文体,338,5,24,112,178,15,4
4916,"2025-01-08",公卫医疗,300,6,25,95,162,7,5
4917,"2025-01-08",城乡建设,895,25,73,276,469,43,9
4918,"2025-01-08",交通运输,57,0,3,13,38,1,2
4919,"2025-01-08",农林牧渔,481,9,36,141,262,31,2
4920,"2025-01-09",科教文体,600,11,47,167,330,34,11
4921,"2025-01-09",公卫医疗,127,2,11,37,70,6,1
4922,"2025-01-09",城乡建设,218,4,12,66,125,6,5
4923,"2025-01-09",交通运输,405,11,30,125,217,20,2
4924,"2025-01-09",农林牧渔,408,7,28,115,233,22,3
4925,"2025-01-10",科教文体,52,0,2,14,30,6,0
4926,"2025-01-10",公卫医疗,57,1,1,11,41,2,1
4927,"2025-01-10",城乡建设,58,1,5,20,28,4,0
4928,"2025-01-10",交通运输,825,21,43,277,442,36,6
4929,"2025-01-10",农林牧渔,263,6,14,75,147,19,2
4930,"2025-01-11",科教文体,189,1,6,58,109,13,2
4931,"2025-01-11",公卫医疗,715,11,53,219,399,28,5
4932,"2025-01-11",城乡建设,254,4,17,87,138,7,1
4933,"2025-01-11",交通运输,60,0,4,13,36,6,1
4934,"2025-01-11",农林牧渔,262,4,25,79,141,9,4
4935,"2025-01-12",科教文体,64,1,6,12,40,5,0
4936,"2025-01-12",公卫医疗,566,16,41,152,332,24,1
4937,"2025-01-12",城乡建设,55,2,2,21,27,3,0
4938,"2025-01-12",交通运输,18,1,3,5,7,1,1
4939,"2025-01-12",农林牧渔,300,7,25,87,166,15,0
4940,"2025-01-13",科教文体,1010,17,68,310,552,53,10
4941,"2025-01-13",公卫医疗,291,4,21,89,166,9,2
4942,"2025-01-13",城乡建设,83,1,8,19,52,2,1
4943,"2025-01-13",交通运输,219,9,14,62,117,14,3
4944,"2025-01-13",农林牧渔,313,3,19,98,172,15,6
4945,"2025-01-14",科教文体,129,3,12,46,61,6,1
4946,"2025-01-14",公卫医疗,124,1,10,36,70,5,2
4947,"2025-01-14",城乡建设,209,8,17,56,117,11,0
4948,"2025-01-14",交通运输,597,13,36,183,320,36,9
4949,"2025-01-14",农林牧渔,153,4,10,47,80,8,4
4950,"2025-01-15",科教文体,47,2,2,11,32,0,0
4951,"2025-01-15",公卫医疗,61,1,2,25,32,1,0
4952,"2025-01-15",城乡建设,901,14,71,290,479,41,6
4953,"2025-01-15",交通运输,393,6,20,116,220,27,4
4954,"2025-01-15",农林牧渔,147,4,15,41,77,8,2
4955,"2025-01-16",科教文体,584,15,28,176,333,28,4
4956,"2025-01-16",公卫医疗,30,0,2,12,11,4,1
4957,"2025-01-16",城乡建设,973,15,77,295,523,58,5
4958,"2025-01-16",交通运输,97,1,11,16,64,4,1
4959,"2025-01-16",农林牧渔,424,6,35,119,242,19,3
4960,"2025-01-17",科教文体,105,4,4,28,66,3,0
4961,"2025-01-17",公卫医疗,431,10,30,139,231,18,3
4962,"2025-01-17",城乡建设,561,10,46,169,307,24,5
4963,"2025-01-17",交通运输,9,0,2,3,4,0,0
4964,"2025-01-17",农林牧渔,302,9,12,100,166,11,4
4965,"2025-01-18",科教文体,248,6,22,84,124,10,2
4966,"2025-01-18",公卫医疗,118,4,8,35,68,3,0
4967,"2025-01-18",城乡建设,260,1,15,74,155,14,1
4968,"2025-01-18",交通运输,243,4,15,71,136,13,4
4969,"2025-01-18",农林牧渔,31,0,1,12,16,2,0
4970,"2025-01-19",科教文体,562,14,33,184,295,29,7
4971,"2025-01-19",公卫医疗,223,6,18,64,120,14,1
4972,"2025-01-19",城乡建设,45,0,4,11,24,5,1
4973,"2025-01-19",交通运输,431,5,29,123,245,23,6
4974,"2025-01-19",农林牧渔,559,11,40,162,316,25,5
4975,"2025-01-20",科教文体,7,0,0,2,4,1,0
4976,"2025-01-20",公卫医疗,555,14,40,162,304,33,2
4977,"2025-01-20",城乡建设,404,7,20,137,218,20,2
4978,"2025-01-20",交通运输,1105,25,76,328,597,69,10
4979,"2025-01-20",农林牧渔,108,1,12,22,67,6,0
4980,"2025-01-21",科教文体,93,1,4,28,53,7,0
4981,"2025-01-21",公卫医疗,232,4,16,68,127,16,1
4982,"2025-01-21",城乡建设,176,3,13,46,104,8,2
4983,"2025-01-21",交通运输,700,12,51,208,385,33,11
4984,"2025-01-21",农林牧渔,204,5,19,73,97,8,2
4985,"2025-01-22",科教文体,903,12,61,276,499,46,9
4986,"2025-01-22",公卫医疗,67,1,7,17,37,2,3
4987,"2025-01-22",城乡建设,537,17,38,148,310,18,6
4988,"2025-01-22",交通运输,426,7,23,136,236,17,7
4989,"2025-01-22",农林牧渔,36,1,2,13,19,0,1
4990,"2025-01-23",科教文体,4,0,0,1,3,0,0
4991,"2025-01-23",公卫医疗,606,22,39,169,341,33,2
4992,"2025-01-23",城乡建设,139,1,10,42,81,4,1
4993,"2025-01-23",交通运输,389,4,28,105,228,18,6
4994,"2025-01-23",农林牧渔,121,1,10,40,63,5,2
4995,"2025-01-24",科教文体,212,3,14,65,119,9,2
4996,"2025-01-24",公卫医疗,218,2,11,58,130,14,3
4997,"2025-01-24",城乡建设,521,10,28,165,288,26,4
4998,"2025-01-24",交通运输,219,3,13,63,126,9,5
4999,"2025-01-24",农林牧渔,102,1,7,30,58,5,1
5000,"2025-01-25",科教文体,101,2,6,33,55,5,0
5001,"2025-01-25",公卫医疗,642,15,41,171,379,34,2
5002,"2025-01-25",城乡建设,24,3,1,6,13,0,1
5003,"2025-01-25",交通运输,400,6,24,120,221,23,6
5004,"2025-01-25",农林牧渔,420,7,38,116,239,18,2
5005,"2025-01-26",科教文体,97,1,4,29,59,4,0
5006,"2025-01-26",公卫医疗,769,16,62,201,440,42,8
5007,"2025-01-26",城乡建设,274,4,18,89,149,12,2
5008,"2025-01-26",交通运输,29,0,4,6,16,2,1
5009,"2025-01-26",农林牧渔,109,1,6,43,50,7,2
5010,"2025-01-27",科教文体,790,15,52,252,432,34,5
5011,"2025-01-27",公卫医疗,574,8,43,167,330,20,6
5012,"2025-01-27",城乡建设,313,4,27,89,175,17,1
5013,"2025-01-27",交通运输,289,3,23,75,168,19,1
5014,"2025-01-27",农林牧渔,93,2,5,22,58,6,0
5015,"2025-01-28",科教文体,132,5,7,30,80,8,2
5016,"2025-01-28",公卫医疗,459,10,41,132,244,26,6
5017,"2025-01-28",城乡建设,0,0,0,0,0,0,0
5018,"2025-01-28",交通运输,149,3,11,49,80,5,1
5019,"2025-01-28",农林牧渔,258,3,24,76,143,7,5
5020,"2025-01-29",科教文体,353,9,21,110,190,20,3
5021,"2025-01-29",公卫医疗,108,1,10,36,54,7,0
5022,"2025-01-29",城乡建设,108,0,3,35,67,3,0
5023,"2025-01-29",交通运输,268,5,20,77,145,16,5
5024,"2025-01-29",农林牧渔,210,6,14,57,121,11,1
5025,"2025-01-30",科教文体,30,0,2,10,14,3,1
5026,"2025-01-30",公卫医疗,10,0,0,3,6,1,0
5027,"2025-01-30",城乡建设,325,1,27,90,189,13,5
5028,"2025-01-30",交通运输,463,13,29,137,257,26,1
5029,"2025-01-30",农林牧渔,166,3,15,55,83,10,0
5030,"2025-01-31",科教文体,582,14,32,155,336,39,6
5031,"2025-01-31",公卫医疗,388,11,25,132,191,26,3
5032,"2025-01-31",城乡建设,106,1,4,32,60,8,1
5033,"2025-01-31",交通运输,50,0,4,18,23,4,1
5034,"2025-01-31",农林牧渔,328,10,20,95,186,16,1
5035,"2025-02-01",科教文体,32,1,2,9,20,0,0
5036,"2025-02-01",公卫医疗,623,12,52,188,339,26,6
5037,"2025-02-01",城乡建设,76,1,6,26,40,3,0
5038,"2025-02-01",交通运输,269,8,15,90,136,18,2
5039,"2025-02-01",农林牧渔,681,14,53,221,353,36,4
5040,"2025-02-02",科教文体,97,1,8,24,58,5,1
5041,"2025-02-02",公卫医疗,126,6,7,34,68,8,3
5042,"2025-02-02",城乡建设,247,2,19,73,135,16,2
5043,"2025-02-02",交通运输,977,11,65,285,553,52,11
5044,"2025-02-02",农林牧渔,86,2,6,26,47,3,2
5045,"2025-02-03",科教文体,427,11,31,138,217,24,6
5046,"2025-02-03",公卫医疗,853,15,63,258,469,41,7
5047,"2025-02-03",城乡建设,124,1,9,37,68,8,1
5048,"2025-02-03",交通运输,51,0,4,10,33,3,1
5049,"2025-02-03",农林牧渔,367,4,24,103,215,15,6
5050,"2025-02-04",科教文体,29,0,0,6,22,1,0
5051,"2025-02-04",公卫医疗,348,10,25,113,181,15,4
5052,"2025-02-04",城乡建设,204,6,14,51,118,11,4
5053,"2025-02-04",交通运输,691,12,36,215,387,37,4
5054,"2025-02-04",农林牧渔,192,2,19,72,90,8,1
5055,"2025-02-05",科教文体,499,11,34,148,277,24,5
5056,"2025-02-05",公卫医疗,36,2,3,9,20,2,0
5057,"2025-02-05",城乡建设,777,15,34,249,418,48,13
5058,"2025-02-05",交通运输,12,1,2,4,4,1,0
5059,"2025-02-05",农林牧渔,5,0,0,2,3,0,0
5060,"2025-02-06",科教文体,147,4,6,43,84,10,0
5061,"2025-02-06",公卫医疗,0,0,0,0,0,0,0
5062,"2025-02-06",城乡建设,170,4,11,50,92,12,1
5063,"2025-02-06",交通运输,801,13,43,246,455,31,13
5064,"2025-02-06",农林牧渔,529,6,40,184,279,18,2
5065,"2025-02-07",科教文体,231,8,18,62,131,11,1
5066,"2025-02-07",公卫医疗,329,8,27,105,166,21,2
5067,"2025-02-07",城乡建设,179,4,18,56,93,7,1
5068,"2025-02-07",交通运输,134,6,6,48,67,5,2
5069,"2025-02-07",农林牧渔,82,0,2,25,52,2,1
5070,"2025-02-08",科教文体,231,4,9,75,129,11,3
5071,"2025-02-08",公卫医疗,110,2,8,33,62,4,1
5072,"2025-02-08",城乡建设,278,7,24,91,140,15,1
5073,"2025-02-08",交通运输,440,8,26,136,243,22,5
5074,"2025-02-08",农林牧渔,403,2,22,124,229,22,4
5075,"2025-02-09",科教文体,2,0,0,1,1,0,0
5076,"2025-02-09",公卫医疗,526,19,29,158,290,23,7
5077,"2025-02-09",城乡建设,506,8,35,156,277,22,8
5078,"2025-02-09",交通运输,182,4,17,49,100,10,2
5079,"2025-02-09",农林牧渔,84,3,6,27,40,7,1
5080,"2025-02-10",科教文体,989,23,54,310,536,56,10
5081,"2025-02-10",公卫医疗,141,2,6,52,71,8,2
5082,"2025-02-10",城乡建设,109,3,8,34,53,9,2
5083,"2025-02-10",交通运输,321,6,22,88,189,15,1
5084,"2025-02-10",农林牧渔,339,12,24,102,181,18,2
5085,"2025-02-11",科教文体,82,0,7,27,43,5,0
5086,"2025-02-11",公卫医疗,305,4,18,90,171,17,5
5087,"2025-02-11",城乡建设,584,12,43,167,326,25,11
5088,"2025-02-11",交通运输,207,3,15,62,116,9,2
5089,"2025-02-11",农林牧渔,493,12,38,139,275,25,4
5090,"2025-02-12",科教文体,460,8,39,127,255,26,5
5091,"2025-02-12",公卫医疗,182,3,4,62,99,13,1
5092,"2025-02-12",城乡建设,551,9,39,190,283,26,4
5093,"2025-02-12",交通运输,206,3,7,50,134,11,1
5094,"2025-02-12",农林牧渔,181,6,12,61,98,4,0
5095,"2025-02-13",科教文体,750,10,49,224,428,32,7
5096,"2025-02-13",公卫医疗,70,2,5,20,36,7,0
5097,"2025-02-13",城乡建设,397,9,31,109,226,20,2
5098,"2025-02-13",交通运输,177,1,14,71,82,8,1
5099,"2025-02-13",农林牧渔,217,1,18,73,113,11,1
5100,"2025-02-14",科教文体,330,6,19,102,185,14,4
5101,"2025-02-14",公卫医疗,254,6,17,74,137,16,4
5102,"2025-02-14",城乡建设,574,10,34,166,319,36,9
5103,"2025-02-14",交通运输,321,8,24,91,180,15,3
5104,"2025-02-14",农林牧渔,241,9,18,76,130,4,4
5105,"2025-02-15",科教文体,95,1,6,32,53,2,1
5106,"2025-02-15",公卫医疗,638,8,47,191,362,26,4
5107,"2025-02-15",城乡建设,427,8,36,116,243,21,3
5108,"2025-02-15",交通运输,324,3,16,99,178,22,6
5109,"2025-02-15",农林牧渔,620,12,35,188,348,31,6
5110,"2025-02-16",科教文体,355,9,24,116,183,23,0
5111,"2025-02-16",公卫医疗,310,10,23,100,161,15,1
5112,"2025-02-16",城乡建设,343,6,22,104,192,18,1
5113,"2025-02-16",交通运输,292,7,25,80,167,11,2
5114,"2025-02-16",农林牧渔,50,0,3,12,26,8,1
5115,"2025-02-17",科教文体,159,5,16,49,84,4,1
5116,"2025-02-17",公卫医疗,137,4,11,38,78,5,1
5117,"2025-02-17",城乡建设,44,0,2,16,21,4,1
5118,"2025-02-17",交通运输,837,17,68,244,460,42,6
5119,"2025-02-17",农林牧渔,410,10,25,154,192,26,3
5120,"2025-02-18",科教文体,165,3,15,40,94,9,4
5121,"2025-02-18",公卫医疗,251,5,16,68,149,12,1
5122,"2025-02-18",城乡建设,113,2,13,40,52,6,0
5123,"2025-02-18",交通运输,18,1,1,7,9,0,0
5124,"2025-02-18",农林牧渔,286,5,19,85,157,15,5
5125,"2025-02-19",科教文体,42,0,4,17,20,1,0
5126,"2025-02-19",公卫医疗,486,12,25,143,277,24,5
5127,"2025-02-19",城乡建设,660,15,45,219,353,21,7
5128,"2025-02-19",交通运输,615,11,46,205,324,25,4
5129,"2025-02-19",农林牧渔,116,2,3,35,69,4,3
5130,"2025-02-20",科教文体,199,4,17,66,98,13,1
5131,"2025-02-20",公卫医疗,119,4,7,37,66,5,0
5132,"2025-02-20",城乡建设,1080,26,76,302,602,62,12
5133,"2025-02-20",交通运输,169,4,15,41,99,9,1
5134,"2025-02-20",农林牧渔,353,7,30,113,182,14,7
5135,"2025-02-21",科教文体,229,9,11,75,119,14,1
5136,"2025-02-21",公卫医疗,418,7,34,123,231,18,5
5137,"2025-02-21",城乡建设,394,13,33,109,217,14,8
5138,"2025-02-21",交通运输,369,7,28,101,214,18,1
5139,"2025-02-21",农林牧渔,168,3,10,58,93,3,1
5140,"2025-02-22",科教文体,367,9,23,106,204,25,0
5141,"2025-02-22",公卫医疗,191,1,10,67,104,7,2
5142,"2025-02-22",城乡建设,134,2,9,45,71,5,2
5143,"2025-02-22",交通运输,103,4,5,35,56,2,1
5144,"2025-02-22",农林牧渔,248,4,15,84,131,13,1
5145,"2025-02-23",科教文体,309,11,20,106,153,18,1
5146,"2025-02-23",公卫医疗,216,6,20,56,124,8,2
5147,"2025-02-23",城乡建设,104,0,6,33,59,6,0
5148,"2025-02-23",交通运输,73,5,3,20,36,7,2
5149,"2025-02-23",农林牧渔,59,2,6,16,32,2,1
5150,"2025-02-24",科教文体,168,3,12,51,91,11,0
5151,"2025-02-24",公卫医疗,166,3,13,46,91,12,1
5152,"2025-02-24",城乡建设,271,6,24,75,143,18,5
5153,"2025-02-24",交通运输,211,5,15,64,114,13,0
5154,"2025-02-24",农林牧渔,6,0,0,0,4,1,1
5155,"2025-02-25",科教文体,318,6,21,96,169,22,4
5156,"2025-02-25",公卫医疗,17,0,2,2,12,1,0
5157,"2025-02-25",城乡建设,336,11,28,90,187,16,4
5158,"2025-02-25",交通运输,347,6,33,111,180,15,2
5159,"2025-02-25",农林牧渔,809,27,62,226,454,35,5
5160,"2025-02-26",科教文体,396,7,27,124,221,12,5
5161,"2025-02-26",公卫医疗,9,0,0,0,8,1,0
5162,"2025-02-26",城乡建设,380,3,34,116,207,16,4
5163,"2025-02-26",交通运输,353,6,16,106,205,16,4
5164,"2025-02-26",农林牧渔,496,5,25,162,274,27,3
5165,"2025-02-27",科教文体,46,0,4,12,27,1,2
5166,"2025-02-27",公卫医疗,214,4,18,76,103,12,1
5167,"2025-02-27",城乡建设,340,10,23,96,198,10,3
5168,"2025-02-27",交通运输,297,4,17,101,163,11,1
5169,"2025-02-27",农林牧渔,609,13,43,187,328,30,8
5170,"2025-02-28",科教文体,621,13,52,189,332,32,3
5171,"2025-02-28",公卫医疗,432,7,25,132,234,26,8
5172,"2025-02-28",城乡建设,1,0,0,0,1,0,0
5173,"2025-02-28",交通运输,520,5,39,148,296,25,7
5174,"2025-02-28",农林牧渔,333,9,32,99,183,7,3
5175,"2025-03-01",科教文体,336,6,26,97,188,19,0
5176,"2025-03-01",公卫医疗,84,2,7,26,44,4,1
5177,"2025-03-01",城乡建设,86,5,6,28,38,7,2
5178,"2025-03-01",交通运输,516,4,39,158,284,27,4
5179,"2025-03-01",农林牧渔,110,1,9,36,58,5,1
5180,"2025-03-02",科教文体,356,4,18,108,209,12,5
5181,"2025-03-02",公卫医疗,110,3,6,30,67,1,3
5182,"2025-03-02",城乡建设,128,1,10,39,68,7,3
5183,"2025-03-02",交通运输,439,6,19,132,258,19,5
5184,"2025-03-02",农林牧渔,14,0,0,4,8,2,0
5185,"2025-03-03",科教文体,110,1,9,33,61,5,1
5186,"2025-03-03",公卫医疗,170,4,12,42,97,11,4
5187,"2025-03-03",城乡建设,208,3,20,66,105,11,3
5188,"2025-03-03",交通运输,503,14,26,147,292,16,8
5189,"2025-03-03",农林牧渔,10,0,1,5,3,1,0
5190,"2025-03-04",科教文体,272,6,17,78,151,19,1
5191,"2025-03-04",公卫医疗,228,6,12,65,132,11,2
5192,"2025-03-04",城乡建设,215,1,21,73,103,16,1
5193,"2025-03-04",交通运输,427,6,28,148,226,16,3
5194,"2025-03-04",农林牧渔,73,0,5,25,39,4,0
5195,"2025-03-05",科教文体,531,21,40,152,289,19,10
5196,"2025-03-05",公卫医疗,455,11,36,131,256,18,3
5197,"2025-03-05",城乡建设,213,4,14,62,126,6,1
5198,"2025-03-05",交通运输,22,0,0,7,14,1,0
5199,"2025-03-05",农林牧渔,80,2,7,23,44,3,1
5200,"2025-03-06",科教文体,181,4,5,58,103,9,2
5201,"2025-03-06",公卫医疗,457,7,35,129,260,21,5
5202,"2025-03-06",城乡建设,121,3,9,35,69,5,0
5203,"2025-03-06",交通运输,574,12,47,179,308,23,5
5204,"2025-03-06",农林牧渔,242,3,19,77,129,14,0
5205,"2025-03-07",科教文体,191,1,7,62,109,8,4
5206,"2025-03-07",公卫医疗,296,1,24,86,172,9,4
5207,"2025-03-07",城乡建设,88,3,5,23,56,0,1
5208,"2025-03-07",交通运输,67,0,4,18,40,4,1
5209,"2025-03-07",农林牧渔,60,0,3,24,31,2,0
5210,"2025-03-08",科教文体,249,9,24,72,132,8,4
5211,"2025-03-08",公卫医疗,140,3,12,46,70,6,3
5212,"2025-03-08",城乡建设,23,0,1,3,19,0,0
5213,"2025-03-08",交通运输,83,1,9,24,45,4,0
5214,"2025-03-08",农林牧渔,498,13,36,153,269,21,6
5215,"2025-03-09",科教文体,400,12,24,118,219,22,5
5216,"2025-03-09",公卫医疗,36,0,1,12,22,0,1
5217,"2025-03-09",城乡建设,115,1,4,31,69,8,2
5218,"2025-03-09",交通运输,685,14,53,200,370,40,8
5219,"2025-03-09",农林牧渔,251,2,18,73,141,11,6
5220,"2025-03-10",科教文体,387,2,32,122,210,17,4
5221,"2025-03-10",公卫医疗,248,9,19,68,138,9,5
5222,"2025-03-10",城乡建设,335,11,17,90,201,14,2
5223,"2025-03-10",交通运输,624,8,43,202,329,34,8
5224,"2025-03-10",农林牧渔,115,2,8,32,64,8,1
5225,"2025-03-11",科教文体,134,1,12,45,70,6,0
5226,"2025-03-11",公卫医疗,692,7,51,190,400,38,6
5227,"2025-03-11",城乡建设,305,8,20,96,170,7,4
5228,"2025-03-11",交通运输,441,16,33,119,248,20,5
5229,"2025-03-11",农林牧渔,671,10,50,183,391,33,4
5230,"2025-03-12",科教文体,50,1,4,11,30,3,1
5231,"2025-03-12",公卫医疗,11,1,1,3,6,0,0
5232,"2025-03-12",城乡建设,680,9,63,198,374,27,9
5233,"2025-03-12",交通运输,225,4,20,57,133,9,2
5234,"2025-03-12",农林牧渔,346,3,32,120,170,21,0
5235,"2025-03-13",科教文体,20,0,2,6,11,1,0
5236,"2025-03-13",公卫医疗,314,2,24,111,155,18,4
5237,"2025-03-13",城乡建设,264,4,19,90,129,12,10
5238,"2025-03-13",交通运输,326,7,18,101,182,14,4
5239,"2025-03-13",农林牧渔,605,13,43,177,331,33,8
5240,"2025-03-14",科教文体,127,3,10,49,57,7,1
5241,"2025-03-14",公卫医疗,742,15,49,247,398,25,8
5242,"2025-03-14",城乡建设,208,9,13,60,114,8,4
5243,"2025-03-14",交通运输,224,7,19,63,126,8,1
5244,"2025-03-14",农林牧渔,142,2,9,38,84,6,3
5245,"2025-03-15",科教文体,16,0,3,5,8,0,0
5246,"2025-03-15",公卫医疗,111,3,5,38,59,5,1
5247,"2025-03-15",城乡建设,320,8,22,99,169,18,4
5248,"2025-03-15",交通运输,51,1,4,15,27,3,1
5249,"2025-03-15",农林牧渔,531,10,34,158,288,37,4
5250,"2025-03-16",科教文体,323,8,25,88,182,17,3
5251,"2025-03-16",公卫医疗,173,3,14,47,100,8,1
5252,"2025-03-16",城乡建设,91,3,7,28,47,4,2
5253,"2025-03-16",交通运输,98,2,6,35,51,3,1
5254,"2025-03-16",农林牧渔,537,9,27,172,303,21,5
5255,"2025-03-17",科教文体,128,1,6,41,75,3,2
5256,"2025-03-17",公卫医疗,238,3,20,64,139,9,3
5257,"2025-03-17",城乡建设,223,5,20,62,125,9,2
5258,"2025-03-17",交通运输,26,0,5,12,9,0,0
5259,"2025-03-17",农林牧渔,301,3,23,89,163,22,1
5260,"2025-03-18",科教文体,345,6,17,104,201,14,3
5261,"2025-03-18",公卫医疗,52,1,4,18,25,4,0
5262,"2025-03-18",城乡建设,274,8,15,68,164,14,5
5263,"2025-03-18",交通运输,231,1,16,73,125,15,1
5264,"2025-03-18",农林牧渔,282,6,17,96,149,11,3
5265,"2025-03-19",科教文体,137,2,6,48,75,6,0
5266,"2025-03-19",公卫医疗,165,0,8,55,92,9,1
5267,"2025-03-19",城乡建设,392,9,25,132,208,17,1
5268,"2025-03-19",交通运输,332,5,21,104,185,12,5
5269,"2025-03-19",农林牧渔,180,5,16,62,87,7,3
5270,"2025-03-20",科教文体,469,17,30,145,255,18,4
5271,"2025-03-20",公卫医疗,582,13,46,183,307,27,6
5272,"2025-03-20",城乡建设,212,2,11,74,107,15,3
5273,"2025-03-20",交通运输,108,4,6,23,66,7,2
5274,"2025-03-20",农林牧渔,461,11,28,142,253,23,4
5275,"2025-03-21",科教文体,356,5,24,135,172,15,5
5276,"2025-03-21",公卫医疗,91,3,4,31,49,3,1
5277,"2025-03-21",城乡建设,68,0,4,22,38,3,1
5278,"2025-03-21",交通运输,502,7,35,158,268,27,7
5279,"2025-03-21",农林牧渔,42,0,3,15,23,1,0
5280,"2025-03-22",科教文体,230,2,19,70,131,6,2
5281,"2025-03-22",公卫医疗,210,4,15,69,105,14,3
5282,"2025-03-22",城乡建设,50,2,7,19,21,1,0
5283,"2025-03-22",交通运输,18,1,1,4,11,1,0
5284,"2025-03-22",农林牧渔,209,6,20,68,106,8,1
5285,"2025-03-23",科教文体,48,1,4,18,24,0,1
5286,"2025-03-23",公卫医疗,48,1,2,15,27,3,0
5287,"2025-03-23",城乡建设,380,5,23,129,203,17,3
5288,"2025-03-23",交通运输,614,13,51,161,352,28,9
5289,"2025-03-23",农林牧渔,162,3,19,44,89,6,1
5290,"2025-03-24",科教文体,63,2,4,18,35,2,2
5291,"2025-03-24",公卫医疗,264,5,23,76,138,19,3
5292,"2025-03-24",城乡建设,391,4,23,123,219,20,2
5293,"2025-03-24",交通运输,704,16,48,202,397,34,7
5294,"2025-03-24",农林牧渔,227,1,16,70,130,8,2
5295,"2025-03-25",科教文体,542,7,40,164,290,37,4
5296,"2025-03-25",公卫医疗,195,4,12,62,105,9,3
5297,"2025-03-25",城乡建设,547,11,38,156,306,33,3
5298,"2025-03-25",交通运输,349,10,24,93,196,21,5
5299,"2025-03-25",农林牧渔,170,3,16,47,96,7,1
5300,"2025-03-26",科教文体,300,4,24,93,168,11,0
5301,"2025-03-26",公卫医疗,476,6,47,136,260,19,8
5302,"2025-03-26",城乡建设,359,9,27,97,209,14,3
5303,"2025-03-26",交通运输,361,8,25,104,201,16,7
5304,"2025-03-26",农林牧渔,9,0,0,5,4,0,0
5305,"2025-03-27",科教文体,189,5,12,62,91,17,2
5306,"2025-03-27",公卫医疗,65,2,6,15,37,3,2
5307,"2025-03-27",城乡建设,741,12,45,198,437,40,9
5308,"2025-03-27",交通运输,14,1,0,5,8,0,0
5309,"2025-03-27",农林牧渔,392,3,33,118,222,13,3
5310,"2025-03-28",科教文体,361,11,23,115,192,18,2
5311,"2025-03-28",公卫医疗,80,5,4,23,44,4,0
5312,"2025-03-28",城乡建设,338,5,24,97,189,21,2
5313,"2025-03-28",交通运输,476,13,44,141,243,26,9
5314,"2025-03-28",农林牧渔,128,4,15,45,56,6,2
5315,"2025-03-29",科教文体,232,4,16,62,134,14,2
5316,"2025-03-29",公卫医疗,494,12,33,154,273,19,3
5317,"2025-03-29",城乡建设,1155,21,82,349,638,53,12
5318,"2025-03-29",交通运输,123,5,12,35,64,4,3
5319,"2025-03-29",农林牧渔,123,1,15,35,65,7,0
5320,"2025-03-30",科教文体,148,4,7,55,76,5,1
5321,"2025-03-30",公卫医疗,202,2,17,66,104,11,2
5322,"2025-03-30",城乡建设,357,5,26,112,186,23,5
5323,"2025-03-30",交通运输,221,1,12,85,109,11,3
5324,"2025-03-30",农林牧渔,266,7,17,84,152,5,1
5325,"2025-03-31",科教文体,55,2,4,16,30,3,0
5326,"2025-03-31",公卫医疗,405,8,29,115,229,21,3
5327,"2025-03-31",城乡建设,410,8,27,114,228,29,4
5328,"2025-03-31",交通运输,17,1,0,2,14,0,0
5329,"2025-03-31",农林牧渔,76,1,2,28,39,6,0
5330,"2025-04-01",科教文体,51,1,2,16,30,2,0
5331,"2025-04-01",公卫医疗,770,19,53,225,437,31,5
5332,"2025-04-01",城乡建设,318,9,22,96,170,19,2
5333,"2025-04-01",交通运输,202,4,20,61,105,9,3
5334,"2025-04-01",农林牧渔,240,2,24,68,141,5,0
5335,"2025-04-02",科教文体,133,1,13,46,67,3,3
5336,"2025-04-02",公卫医疗,105,1,10,33,54,7,0
5337,"2025-04-02",城乡建设,343,6,23,96,194,19,5
5338,"2025-04-02",交通运输,242,6,25,71,122,14,4
5339,"2025-04-02",农林牧渔,291,4,19,94,161,10,3
5340,"2025-04-03",科教文体,444,11,36,131,239,23,4
5341,"2025-04-03",公卫医疗,862,17,74,246,463,51,11
5342,"2025-04-03",城乡建设,205,4,15,57,116,11,2
5343,"2025-04-03",交通运输,212,2,17,65,117,11,0
5344,"2025-04-03",农林牧渔,49,2,5,16,26,0,0
5345,"2025-04-04",科教文体,465,12,37,133,248,32,3
5346,"2025-04-04",公卫医疗,28,0,2,10,14,2,0
5347,"2025-04-04",城乡建设,430,3,34,130,240,17,6
5348,"2025-04-04",交通运输,261,7,25,81,131,15,2
5349,"2025-04-04",农林牧渔,260,1,19,75,156,9,0
5350,"2025-04-05",科教文体,92,0,7,22,57,6,0
5351,"2025-04-05",公卫医疗,466,9,29,164,244,16,4
5352,"2025-04-05",城乡建设,469,8,38,147,250,21,5
5353,"2025-04-05",交通运输,127,5,11,31,70,7,3
5354,"2025-04-05",农林牧渔,224,6,14,50,134,17,3
5355,"2025-04-06",科教文体,299,10,29,78,160,15,7
5356,"2025-04-06",公卫医疗,33,0,0,11,20,1,1
5357,"2025-04-06",城乡建设,75,1,2,18,47,6,1
5358,"2025-04-06",交通运输,1072,26,84,327,571,54,10
5359,"2025-04-06",农林牧渔,707,17,43,232,376,32,7
5360,"2025-04-07",科教文体,330,6,12,101,197,13,1
5361,"2025-04-07",公卫医疗,401,8,20,119,224,28,2
5362,"2025-04-07",城乡建设,165,2,9,61,83,9,1
5363,"2025-04-07",交通运输,182,3,9,47,112,8,3
5364,"2025-04-07",农林牧渔,203,5,11,59,108,18,2
5365,"2025-04-08",科教文体,126,3,10,38,73,2,0
5366,"2025-04-08",公卫医疗,120,3,6,35,67,9,0
5367,"2025-04-08",城乡建设,579,4,44,172,329,26,4
5368,"2025-04-08",交通运输,282,4,23,85,149,19,2
5369,"2025-04-08",农林牧渔,17,0,0,5,11,1,0
5370,"2025-04-09",科教文体,492,12,36,170,246,22,6
5371,"2025-04-09",公卫医疗,667,11,50,234,333,32,7
5372,"2025-04-09",城乡建设,100,0,3,29,62,5,1
5373,"2025-04-09",交通运输,363,8,26,101,199,23,6
5374,"2025-04-09",农林牧渔,12,0,0,6,5,0,1
5375,"2025-04-10",科教文体,207,5,22,59,111,10,0
5376,"2025-04-10",公卫医疗,638,16,56,170,366,29,1
5377,"2025-04-10",城乡建设,70,3,3,27,35,2,0
5378,"2025-04-10",交通运输,330,5,20,109,170,21,5
5379,"2025-04-10",农林牧渔,227,4,14,73,118,15,3
5380,"2025-04-11",科教文体,170,3,8,50,102,6,1
5381,"2025-04-11",公卫医疗,278,3,13,83,162,14,3
5382,"2025-04-11",城乡建设,7,0,0,3,3,1,0
5383,"2025-04-11",交通运输,235,4,23,56,143,7,2
5384,"2025-04-11",农林牧渔,30,1,1,6,18,2,2
5385,"2025-04-12",科教文体,93,1,6,23,53,8,2
5386,"2025-04-12",公卫医疗,154,2,8,51,85,7,1
5387,"2025-04-12",城乡建设,5,0,0,3,2,0,0
5388,"2025-04-12",交通运输,433,7,18,129,248,26,5
5389,"2025-04-12",农林牧渔,156,1,14,32,100,5,4
5390,"2025-04-13",科教文体,141,3,6,39,83,8,2
5391,"2025-04-13",公卫医疗,25,0,1,8,14,1,1
5392,"2025-04-13",城乡建设,371,7,22,106,219,14,3
5393,"2025-04-13",交通运输,1007,24,77,284,557,54,11
5394,"2025-04-13",农林牧渔,318,10,25,89,171,15,8
5395,"2025-04-14",科教文体,397,5,23,115,220,26,8
5396,"2025-04-14",公卫医疗,237,8,18,69,131,9,2
5397,"2025-04-14",城乡建设,22,0,1,10,9,1,1
5398,"2025-04-14",交通运输,535,15,40,157,290,27,6
5399,"2025-04-14",农林牧渔,111,0,3,33,67,5,3
5400,"2025-04-15",科教文体,78,1,5,24,45,3,0
5401,"2025-04-15",公卫医疗,873,14,48,276,499,31,5
5402,"2025-04-15",城乡建设,466,9,28,139,262,23,5
5403,"2025-04-15",交通运输,197,2,16,65,98,13,3
5404,"2025-04-15",农林牧渔,228,8,13,67,124,13,3
5405,"2025-04-16",科教文体,611,16,35,159,364,32,5
5406,"2025-04-16",公卫医疗,4,0,1,1,1,1,0
5407,"2025-04-16",城乡建设,742,12,52,222,411,34,11
5408,"2025-04-16",交通运输,335,5,13,110,185,19,3
5409,"2025-04-16",农林牧渔,242,5,17,62,144,12,2
5410,"2025-04-17",科教文体,133,4,8,35,80,4,2
5411,"2025-04-17",公卫医疗,524,6,49,149,286,34,0
5412,"2025-04-17",城乡建设,27,0,3,7,16,1,0
5413,"2025-04-17",交通运输,376,5,23,124,206,17,1
5414,"2025-04-17",农林牧渔,59,1,3,19,34,2,0
5415,"2025-04-18",科教文体,139,2,16,42,72,5,2
5416,"2025-04-18",公卫医疗,55,1,4,14,29,7,0
5417,"2025-04-18",城乡建设,597,13,37,201,308,27,11
5418,"2025-04-18",交通运输,595,9,48,184,315,36,3
5419,"2025-04-18",农林牧渔,124,2,14,40,60,7,1
5420,"2025-04-19",科教文体,401,9,30,118,226,17,1
5421,"2025-04-19",公卫医疗,284,1,14,83,160,24,2
5422,"2025-04-19",城乡建设,30,1,2,10,14,3,0
5423,"2025-04-19",交通运输,579,12,36,153,343,28,7
5424,"2025-04-19",农林牧渔,234,3,9,85,124,11,2
5425,"2025-04-20",科教文体,352,5,22,103,201,18,3
5426,"2025-04-20",公卫医疗,39,0,3,14,19,3,0
5427,"2025-04-20",城乡建设,37,1,2,11,20,2,1
5428,"2025-04-20",交通运输,82,1,3,25,46,5,2
5429,"2025-04-20",农林牧渔,452,6,32,133,249,25,7
5430,"2025-04-21",科教文体,43,0,4,9,28,2,0
5431,"2025-04-21",公卫医疗,20,1,3,4,10,2,0
5432,"2025-04-21",城乡建设,457,5,30,125,272,18,7
5433,"2025-04-21",交通运输,234,4,9,65,134,19,3
5434,"2025-04-21",农林牧渔,5,0,0,3,1,1,0
5435,"2025-04-22",科教文体,130,1,10,32,80,7,0
5436,"2025-04-22",公卫医疗,646,8,58,187,354,32,7
5437,"2025-04-22",城乡建设,110,1,10,39,54,5,1
5438,"2025-04-22",交通运输,151,2,9,47,83,5,5
5439,"2025-04-22",农林牧渔,138,3,9,40,83,3,0
5440,"2025-04-23",科教文体,1240,27,79,404,660,57,13
5441,"2025-04-23",公卫医疗,142,3,8,47,78,4,2
5442,"2025-04-23",城乡建设,66,0,6,16,43,1,0
5443,"2025-04-23",交通运输,26,1,1,11,11,2,0
5444,"2025-04-23",农林牧渔,768,21,51,229,427,33,7
5445,"2025-04-24",科教文体,368,2,27,112,206,18,3
5446,"2025-04-24",公卫医疗,285,4,22,77,162,16,4
5447,"2025-04-24",城乡建设,93,0,8,26,54,3,2
5448,"2025-04-24",交通运输,193,6,7,70,90,16,4
5449,"2025-04-24",农林牧渔,260,2,20,73,151,13,1
5450,"2025-04-25",科教文体,128,2,8,42,70,4,2
5451,"2025-04-25",公卫医疗,207,3,6,54,131,11,2
5452,"2025-04-25",城乡建设,267,8,19,97,127,14,2
5453,"2025-04-25",交通运输,49,1,6,12,28,1,1
5454,"2025-04-25",农林牧渔,30,1,3,4,20,1,1
5455,"2025-04-26",科教文体,189,4,12,55,107,10,1
5456,"2025-04-26",公卫医疗,64,3,5,16,38,2,0
5457,"2025-04-26",城乡建设,160,5,16,40,88,9,2
5458,"2025-04-26",交通运输,217,8,16,63,118,10,2
5459,"2025-04-26",农林牧渔,173,3,10,51,101,6,2
5460,"2025-04-27",科教文体,118,0,9,32,65,8,4
5461,"2025-04-27",公卫医疗,31,0,1,14,16,0,0
5462,"2025-04-27",城乡建设,310,8,26,95,161,18,2
5463,"2025-04-27",交通运输,11,1,1,1,7,1,0
5464,"2025-04-27",农林牧渔,321,9,16,109,163,20,4
5465,"2025-04-28",科教文体,87,3,8,22,50,3,1
5466,"2025-04-28",公卫医疗,228,2,17,67,124,14,4
5467,"2025-04-28",城乡建设,85,1,9,26,47,2,0
5468,"2025-04-28",交通运输,134,6,6,36,79,6,1
5469,"2025-04-28",农林牧渔,63,1,3,15,39,3,2
5470,"2025-04-29",科教文体,687,21,46,199,377,39,5
5471,"2025-04-29",公卫医疗,446,13,29,122,254,25,3
5472,"2025-04-29",城乡建设,143,5,10,44,72,10,2
5473,"2025-04-29",交通运输,267,3,18,81,146,19,0
5474,"2025-04-29",农林牧渔,373,4,22,131,196,13,7
5475,"2025-04-30",科教文体,190,4,12,64,102,7,1
5476,"2025-04-30",公卫医疗,75,3,5,25,36,5,1
5477,"2025-04-30",城乡建设,169,3,7,54,94,10,1
5478,"2025-04-30",交通运输,539,11,31,164,294,36,3
5479,"2025-04-30",农林牧渔,77,0,8,23,40,6,0
5480,"2025-05-01",科教文体,50,4,8,14,22,2,0
5481,"2025-05-01",公卫医疗,346,7,29,92,194,22,2
5482,"2025-05-01",城乡建设,528,8,38,154,300,23,5
5483,"2025-05-01",交通运输,456,6,36,140,245,28,1
5484,"2025-05-01",农林牧渔,52,1,6,16,28,1,0
5485,"2025-05-02",科教文体,333,7,25,100,169,23,9
5486,"2025-05-02",公卫医疗,449,13,37,134,244,18,3
5487,"2025-05-02",城乡建设,416,8,28,125,224,22,9
5488,"2025-05-02",交通运输,73,0,6,28,35,3,1
5489,"2025-05-02",农林牧渔,25,0,1,7,15,2,0
5490,"2025-05-03",科教文体,263,3,16,81,147,13,3
5491,"2025-05-03",公卫医疗,740,17,58,224,397,35,9
5492,"2025-05-03",城乡建设,13,0,3,1,8,0,1
5493,"2025-05-03",交通运输,448,9,33,134,247,18,7
5494,"2025-05-03",农林牧渔,121,3,7,44,60,4,3
5495,"2025-05-04",科教文体,171,2,14,55,94,6,0
5496,"2025-05-04",公卫医疗,53,0,7,12,30,3,1
5497,"2025-05-04",城乡建设,160,1,8,51,81,15,4
5498,"2025-05-04",交通运输,475,6,30,173,247,14,5
5499,"2025-05-04",农林牧渔,744,12,51,231,412,33,5
5500,"2025-05-05",科教文体,24,0,1,12,10,1,0
5501,"2025-05-05",公卫医疗,121,1,6,36,68,9,1
5502,"2025-05-05",城乡建设,247,4,19,70,140,12,2
5503,"2025-05-05",交通运输,421,4,31,115,244,22,5
5504,"2025-05-05",农林牧渔,558,14,39,188,288,23,6
5505,"2025-05-06",科教文体,206,4,9,69,111,11,2
5506,"2025-05-06",公卫医疗,563,13,46,185,283,29,7
5507,"2025-05-06",城乡建设,289,5,12,96,160,15,1
5508,"2025-05-06",交通运输,176,4,11,48,99,11,3
5509,"2025-05-06",农林牧渔,28,3,3,6,13,0,3
5510,"2025-05-07",科教文体,157,2,13,52,82,7,1
5511,"2025-05-07",公卫医疗,723,10,56,206,402,45,4
5512,"2025-05-07",城乡建设,265,6,19,75,151,13,1
5513,"2025-05-07",交通运输,198,6,10,63,105,9,5
5514,"2025-05-07",农林牧渔,90,0,5,30,52,3,0
5515,"2025-05-08",科教文体,197,6,10,67,101,11,2
5516,"2025-05-08",公卫医疗,66,0,4,21,35,5,1
5517,"2025-05-08",城乡建设,573,9,47,176,308,27,6
5518,"2025-05-08",交通运输,395,10,25,115,221,19,5
5519,"2025-05-08",农林牧渔,309,9,25,106,148,19,2
5520,"2025-05-09",科教文体,318,4,18,102,169,23,2
5521,"2025-05-09",公卫医疗,182,3,18,49,103,7,2
5522,"2025-05-09",城乡建设,55,2,3,16,33,1,0
5523,"2025-05-09",交通运输,341,9,21,98,195,12,6
5524,"2025-05-09",农林牧渔,141,2,11,42,80,6,0
5525,"2025-05-10",科教文体,29,0,0,11,16,1,1
5526,"2025-05-10",公卫医疗,64,2,0,19,40,2,1
5527,"2025-05-10",城乡建设,342,10,28,98,188,17,1
5528,"2025-05-10",交通运输,219,6,21,69,113,10,0
5529,"2025-05-10",农林牧渔,537,9,45,173,281,25,4
5530,"2025-05-11",科教文体,37,1,1,11,21,3,0
5531,"2025-05-11",公卫医疗,55,2,4,22,24,0,3
5532,"2025-05-11",城乡建设,303,9,27,93,149,21,4
5533,"2025-05-11",交通运输,157,1,10,52,85,8,1
5534,"2025-05-11",农林牧渔,62,0,6,15,38,3,0
5535,"2025-05-12",科教文体,75,2,6,25,37,3,2
5536,"2025-05-12",公卫医疗,69,0,7,17,41,3,1
5537,"2025-05-12",城乡建设,177,3,8,49,102,14,1
5538,"2025-05-12",交通运输,840,16,64,266,456,33,5
5539,"2025-05-12",农林牧渔,58,0,10,12,32,2,2
5540,"2025-05-13",科教文体,9,0,0,2,7,0,0
5541,"2025-05-13",公卫医疗,311,4,20,110,164,9,4
5542,"2025-05-13",城乡建设,266,7,13,83,142,21,0
5543,"2025-05-13",交通运输,408,8,21,126,231,18,4
5544,"2025-05-13",农林牧渔,86,2,9,26,44,3,2
5545,"2025-05-14",科教文体,13,0,1,1,10,1,0
5546,"2025-05-14",公卫医疗,57,2,3,21,30,1,0
5547,"2025-05-14",城乡建设,320,7,18,96,176,19,4
5548,"2025-05-14",交通运输,348,11,34,89,195,14,5
5549,"2025-05-14",农林牧渔,251,2,12,88,133,13,3
5550,"2025-05-15",科教文体,324,5,20,88,199,10,2
5551,"2025-05-15",公卫医疗,50,2,1,13,31,3,0
5552,"2025-05-15",城乡建设,605,12,47,187,325,32,2
5553,"2025-05-15",交通运输,350,9,23,113,182,21,2
5554,"2025-05-15",农林牧渔,71,1,2,25,37,5,1
5555,"2025-05-16",科教文体,29,0,1,13,14,1,0
5556,"2025-05-16",公卫医疗,254,3,19,68,150,13,1
5557,"2025-05-16",城乡建设,462,1,30,141,258,24,8
5558,"2025-05-16",交通运输,158,2,10,39,94,11,2
5559,"2025-05-16",农林牧渔,76,2,5,19,46,1,3
5560,"2025-05-17",科教文体,125,5,7,31,70,12,0
5561,"2025-05-17",公卫医疗,575,7,40,181,316,23,8
5562,"2025-05-17",城乡建设,79,2,3,18,51,4,1
5563,"2025-05-17",交通运输,603,14,38,170,346,32,3
5564,"2025-05-17",农林牧渔,319,8,19,102,175,11,4
5565,"2025-05-18",科教文体,619,9,41,180,352,26,11
5566,"2025-05-18",公卫医疗,112,5,4,35,63,4,1
5567,"2025-05-18",城乡建设,771,18,38,224,452,34,5
5568,"2025-05-18",交通运输,144,6,12,41,74,10,1
5569,"2025-05-18",农林牧渔,125,1,9,32,73,6,4
5570,"2025-05-19",科教文体,183,2,18,59,99,5,0
5571,"2025-05-19",公卫医疗,131,3,10,45,70,2,1
5572,"2025-05-19",城乡建设,657,16,48,219,344,24,6
5573,"2025-05-19",交通运输,163,3,10,39,98,12,1
5574,"2025-05-19",农林牧渔,139,3,12,38,74,10,2
5575,"2025-05-20",科教文体,769,22,48,218,419,53,9
5576,"2025-05-20",公卫医疗,25,1,3,6,13,2,0
5577,"2025-05-20",城乡建设,143,2,17,34,86,4,0
5578,"2025-05-20",交通运输,135,2,14,33,80,4,2
5579,"2025-05-20",农林牧渔,44,1,4,14,23,2,0
5580,"2025-05-21",科教文体,113,1,10,27,72,2,1
5581,"2025-05-21",公卫医疗,117,4,8,29,66,7,3
5582,"2025-05-21",城乡建设,267,10,17,88,140,10,2
5583,"2025-05-21",交通运输,460,7,32,139,255,23,4
5584,"2025-05-21",农林牧渔,167,4,16,54,86,6,1
5585,"2025-05-22",科教文体,173,7,15,45,97,7,2
5586,"2025-05-22",公卫医疗,552,8,37,157,316,32,2
5587,"2025-05-22",城乡建设,313,8,27,81,180,15,2
5588,"2025-05-22",交通运输,172,3,12,53,91,10,3
5589,"2025-05-22",农林牧渔,210,2,15,69,113,8,3
5590,"2025-05-23",科教文体,444,7,26,135,258,14,4
5591,"2025-05-23",公卫医疗,890,18,62,274,477,53,6
5592,"2025-05-23",城乡建设,382,7,20,108,229,12,6
5593,"2025-05-23",交通运输,306,12,18,80,181,12,3
5594,"2025-05-23",农林牧渔,31,0,3,11,14,3,0
5595,"2025-05-24",科教文体,99,5,7,26,54,7,0
5596,"2025-05-24",公卫医疗,415,10,29,121,228,24,3
5597,"2025-05-24",城乡建设,141,3,10,41,81,5,1
5598,"2025-05-24",交通运输,907,14,58,280,498,47,10
5599,"2025-05-24",农林牧渔,663,19,53,204,351,26,10
5600,"2025-05-25",科教文体,21,0,1,10,9,1,0
5601,"2025-05-25",公卫医疗,952,17,60,286,530,50,9
5602,"2025-05-25",城乡建设,116,0,5,32,70,8,1
5603,"2025-05-25",交通运输,102,2,7,31,56,6,0
5604,"2025-05-25",农林牧渔,102,1,5,32,62,2,0
5605,"2025-05-26",科教文体,117,1,11,45,55,5,0
5606,"2025-05-26",公卫医疗,138,2,14,37,72,12,1
5607,"2025-05-26",城乡建设,134,5,7,42,74,6,0
5608,"2025-05-26",交通运输,855,10,59,251,480,52,3
5609,"2025-05-26",农林牧渔,373,8,30,126,183,21,5
5610,"2025-05-27",科教文体,654,22,40,191,361,36,4
5611,"2025-05-27",公卫医疗,100,2,5,28,55,8,2
5612,"2025-05-27",城乡建设,325,7,20,103,180,13,2
5613,"2025-05-27",交通运输,6,0,0,1,4,1,0
5614,"2025-05-27",农林牧渔,61,2,6,15,34,4,0
5615,"2025-05-28",科教文体,539,5,40,150,306,29,9
5616,"2025-05-28",公卫医疗,200,6,13,55,113,10,3
5617,"2025-05-28",城乡建设,188,0,10,64,106,6,2
5618,"2025-05-28",交通运输,397,10,26,105,233,22,1
5619,"2025-05-28",农林牧渔,124,3,2,41,75,2,1
5620,"2025-05-29",科教文体,335,8,24,101,185,15,2
5621,"2025-05-29",公卫医疗,54,0,3,15,34,2,0
5622,"2025-05-29",城乡建设,38,1,1,9,23,2,2
5623,"2025-05-29",交通运输,204,6,12,54,115,16,1
5624,"2025-05-29",农林牧渔,374,7,22,113,210,20,2
5625,"2025-05-30",科教文体,20,1,2,5,11,1,0
5626,"2025-05-30",公卫医疗,58,2,3,27,26,0,0
5627,"2025-05-30",城乡建设,285,5,19,97,152,9,3
5628,"2025-05-30",交通运输,143,5,7,34,88,7,2
5629,"2025-05-30",农林牧渔,194,2,11,60,111,10,0
5630,"2025-05-31",科教文体,299,2,25,81,178,11,2
5631,"2025-05-31",公卫医疗,377,9,28,112,209,17,2
5632,"2025-05-31",城乡建设,206,8,17,55,116,9,1
5633,"2025-05-31",交通运输,758,12,53,218,437,32,6
5634,"2025-05-31",农林牧渔,126,2,5,39,71,7,2
5635,"2025-06-01",科教文体,75,1,8,22,42,2,0
5636,"2025-06-01",公卫医疗,1084,23,65,330,589,67,10
5637,"2025-06-01",城乡建设,44,0,5,15,22,2,0
5638,"2025-06-01",交通运输,110,2,10,27,63,7,1
5639,"2025-06-01",农林牧渔,974,14,78,279,548,38,17
5640,"2025-06-02",科教文体,149,7,6,42,85,8,1
5641,"2025-06-02",公卫医疗,473,13,24,141,266,24,5
5642,"2025-06-02",城乡建设,65,0,11,15,31,7,1
5643,"2025-06-02",交通运输,120,3,11,36,65,3,2
5644,"2025-06-02",农林牧渔,387,7,29,107,216,21,7
5645,"2025-06-03",科教文体,311,3,17,95,181,14,1
5646,"2025-06-03",公卫医疗,348,4,35,99,181,24,5
5647,"2025-06-03",城乡建设,260,7,17,84,140,10,2
5648,"2025-06-03",交通运输,133,0,8,37,81,5,2
5649,"2025-06-03",农林牧渔,144,0,7,52,77,7,1
5650,"2025-06-04",科教文体,161,4,14,52,87,4,0
5651,"2025-06-04",公卫医疗,7,0,1,3,3,0,0
5652,"2025-06-04",城乡建设,392,9,25,127,208,17,6
5653,"2025-06-04",交通运输,639,10,46,191,352,33,7
5654,"2025-06-04",农林牧渔,124,1,13,36,72,2,0
5655,"2025-06-05",科教文体,174,1,15,53,95,9,1
5656,"2025-06-05",公卫医疗,176,4,13,53,97,8,1
5657,"2025-06-05",城乡建设,169,1,15,60,81,12,0
5658,"2025-06-05",交通运输,76,1,3,23,47,2,0
5659,"2025-06-05",农林牧渔,190,4,10,57,110,8,1
5660,"2025-06-06",科教文体,893,15,67,282,473,47,9
5661,"2025-06-06",公卫医疗,225,3,12,66,128,11,5
5662,"2025-06-06",城乡建设,295,9,18,74,176,15,3
5663,"2025-06-06",交通运输,64,1,3,20,35,5,0
5664,"2025-06-06",农林牧渔,23,0,3,5,14,1,0
5665,"2025-06-07",科教文体,440,8,30,111,268,18,5
5666,"2025-06-07",公卫医疗,243,6,18,71,136,10,2
5667,"2025-06-07",城乡建设,765,17,65,223,421,35,4
5668,"2025-06-07",交通运输,484,10,38,119,290,21,6
5669,"2025-06-07",农林牧渔,135,2,8,42,74,7,2
5670,"2025-06-08",科教文体,237,2,21,66,130,15,3
5671,"2025-06-08",公卫医疗,123,2,9,41,66,4,1
5672,"2025-06-08",城乡建设,707,16,42,210,393,40,6
5673,"2025-06-08",交通运输,102,0,3,30,65,4,0
5674,"2025-06-08",农林牧渔,426,10,32,147,212,21,4
5675,"2025-06-09",科教文体,328,2,29,93,176,23,5
5676,"2025-06-09",公卫医疗,111,2,5,29,69,5,1
5677,"2025-06-09",城乡建设,22,1,3,5,13,0,0
5678,"2025-06-09",交通运输,582,6,42,172,330,28,4
5679,"2025-06-09",农林牧渔,396,7,26,120,211,26,6
5680,"2025-06-10",科教文体,137,1,10,40,80,4,2
5681,"2025-06-10",公卫医疗,244,7,15,77,126,18,1
5682,"2025-06-10",城乡建设,276,10,17,75,161,11,2
5683,"2025-06-10",交通运输,644,10,43,207,345,29,10
5684,"2025-06-10",农林牧渔,687,12,53,205,372,40,5
5685,"2025-06-11",科教文体,46,1,2,12,29,2,0
5686,"2025-06-11",公卫医疗,100,3,8,22,61,4,2
5687,"2025-06-11",城乡建设,32,1,1,10,20,0,0
5688,"2025-06-11",交通运输,1714,28,141,491,936,101,17
5689,"2025-06-11",农林牧渔,83,1,9,23,41,8,1
5690,"2025-06-12",科教文体,14,0,2,5,7,0,0
5691,"2025-06-12",公卫医疗,273,1,21,90,145,15,1
5692,"2025-06-12",城乡建设,60,0,6,20,32,2,0
5693,"2025-06-12",交通运输,80,2,3,23,49,3,0
5694,"2025-06-12",农林牧渔,135,0,11,42,74,6,2
5695,"2025-06-13",科教文体,36,0,3,9,22,1,1
5696,"2025-06-13",公卫医疗,259,5,22,71,144,15,2
5697,"2025-06-13",城乡建设,82,0,7,27,44,4,0
5698,"2025-06-13",交通运输,37,1,4,7,23,2,0
5699,"2025-06-13",农林牧渔,47,2,2,11,30,1,1
5700,"2025-06-14",科教文体,15,0,1,3,9,2,0
5701,"2025-06-14",公卫医疗,13,0,0,4,8,1,0
5702,"2025-06-14",城乡建设,255,5,18,75,144,10,3
5703,"2025-06-14",交通运输,381,9,23,95,233,21,0
5704,"2025-06-14",农林牧渔,997,19,84,289,542,56,7
5705,"2025-06-15",科教文体,387,7,26,120,208,22,4
5706,"2025-06-15",公卫医疗,139,2,10,53,66,6,2
5707,"2025-06-15",城乡建设,563,7,37,162,318,34,5
5708,"2025-06-15",交通运输,86,3,6,21,49,7,0
5709,"2025-06-15",农林牧渔,782,14,53,255,415,33,12
5710,"2025-06-16",科教文体,125,2,13,36,61,8,5
5711,"2025-06-16",公卫医疗,308,5,17,96,173,16,1
5712,"2025-06-16",城乡建设,252,5,10,79,141,16,1
5713,"2025-06-16",交通运输,185,1,5,51,110,14,4
5714,"2025-06-16",农林牧渔,120,2,8,34,71,5,0
5715,"2025-06-17",科教文体,164,3,14,48,84,13,2
5716,"2025-06-17",公卫医疗,9,0,1,3,3,0,2
5717,"2025-06-17",城乡建设,1190,30,69,360,651,61,19
5718,"2025-06-17",交通运输,207,4,11,60,120,11,1
5719,"2025-06-17",农林牧渔,20,0,0,5,13,2,0
5720,"2025-06-18",科教文体,827,13,60,253,455,42,4
5721,"2025-06-18",公卫医疗,748,12,50,215,418,44,9
5722,"2025-06-18",城乡建设,186,3,17,44,109,12,1
5723,"2025-06-18",交通运输,328,8,23,86,189,19,3
5724,"2025-06-18",农林牧渔,41,2,2,15,19,3,0
5725,"2025-06-19",科教文体,246,3,16,82,129,12,4
5726,"2025-06-19",公卫医疗,96,1,7,33,52,3,0
5727,"2025-06-19",城乡建设,627,14,38,184,360,28,3
5728,"2025-06-19",交通运输,78,3,5,33,30,7,0
5729,"2025-06-19",农林牧渔,341,10,24,99,186,16,6
5730,"2025-06-20",科教文体,20,1,1,7,9,2,0
5731,"2025-06-20",公卫医疗,372,7,27,115,195,23,5
5732,"2025-06-20",城乡建设,0,0,0,0,0,0,0
5733,"2025-06-20",交通运输,180,3,12,59,98,7,1
5734,"2025-06-20",农林牧渔,46,0,1,14,26,4,1
5735,"2025-06-21",科教文体,167,3,12,54,88,7,3
5736,"2025-06-21",公卫医疗,28,1,2,4,19,1,1
5737,"2025-06-21",城乡建设,1,0,0,1,0,0,0
5738,"2025-06-21",交通运输,178,3,13,53,99,7,3
5739,"2025-06-21",农林牧渔,649,12,38,190,379,26,4
5740,"2025-06-22",科教文体,514,11,35,146,287,33,2
5741,"2025-06-22",公卫医疗,386,10,28,119,211,17,1
5742,"2025-06-22",城乡建设,113,2,7,27,67,8,2
5743,"2025-06-22",交通运输,389,7,30,127,205,18,2
5744,"2025-06-22",农林牧渔,33,2,1,10,17,3,0
5745,"2025-06-23",科教文体,295,4,22,94,154,19,2
5746,"2025-06-23",公卫医疗,1443,26,95,454,781,75,12
5747,"2025-06-23",城乡建设,39,1,4,14,19,1,0
5748,"2025-06-23",交通运输,60,0,5,20,31,4,0
5749,"2025-06-23",农林牧渔,98,1,3,30,56,6,2
5750,"2025-06-24",科教文体,58,2,1,10,44,0,1
5751,"2025-06-24",公卫医疗,126,2,5,38,73,7,1
5752,"2025-06-24",城乡建设,293,6,27,92,149,18,1
5753,"2025-06-24",交通运输,212,4,21,67,108,9,3
5754,"2025-06-24",农林牧渔,148,0,13,42,86,6,1
5755,"2025-06-25",科教文体,914,15,61,295,495,38,10
5756,"2025-06-25",公卫医疗,237,6,17,72,126,15,1
5757,"2025-06-25",城乡建设,30,1,1,11,14,2,1
5758,"2025-06-25",交通运输,31,0,4,8,17,1,1
5759,"2025-06-25",农林牧渔,166,2,11,48,93,8,4
5760,"2025-06-26",科教文体,208,8,11,67,111,8,3
5761,"2025-06-26",公卫医疗,558,8,43,160,319,22,6
5762,"2025-06-26",城乡建设,327,3,22,100,182,15,5
5763,"2025-06-26",交通运输,185,3,16,42,116,5,3
5764,"2025-06-26",农林牧渔,284,6,21,91,146,19,1
5765,"2025-06-27",科教文体,50,0,3,20,23,4,0
5766,"2025-06-27",公卫医疗,52,2,3,14,32,1,0
5767,"2025-06-27",城乡建设,254,4,17,74,143,14,2
5768,"2025-06-27",交通运输,34,0,5,12,16,1,0
5769,"2025-06-27",农林牧渔,261,6,15,71,149,17,3
5770,"2025-06-28",科教文体,209,3,20,49,126,10,1
5771,"2025-06-28",公卫医疗,559,7,33,181,311,22,5
5772,"2025-06-28",城乡建设,578,8,44,190,314,16,6
5773,"2025-06-28",交通运输,129,3,8,42,72,4,0
5774,"2025-06-28",农林牧渔,34,1,2,8,14,7,2
5775,"2025-06-29",科教文体,10,0,1,2,7,0,0
5776,"2025-06-29",公卫医疗,593,14,49,159,339,23,9
5777,"2025-06-29",城乡建设,379,8,27,93,230,18,3
5778,"2025-06-29",交通运输,570,13,33,178,318,26,2
5779,"2025-06-29",农林牧渔,316,7,28,86,168,22,5
5780,"2025-06-30",科教文体,571,12,56,177,290,30,6
5781,"2025-06-30",公卫医疗,12,0,2,5,4,1,0
5782,"2025-06-30",城乡建设,374,6,33,109,204,19,3
5783,"2025-06-30",交通运输,718,12,49,198,418,34,7
5784,"2025-06-30",农林牧渔,154,4,15,38,87,9,1
5785,"2025-07-01",科教文体,222,5,19,69,116,11,2
5786,"2025-07-01",公卫医疗,25,0,0,8,16,0,1
5787,"2025-07-01",城乡建设,19,0,1,5,12,1,0
5788,"2025-07-01",交通运输,368,13,33,106,195,19,2
5789,"2025-07-01",农林牧渔,514,9,34,159,278,28,6
5790,"2025-07-02",科教文体,57,0,2,25,26,3,1
5791,"2025-07-02",公卫医疗,61,2,8,18,31,2,0
5792,"2025-07-02",城乡建设,1168,25,85,344,631,64,19
5793,"2025-07-02",交通运输,79,3,4,22,45,5,0
5794,"2025-07-02",农林牧渔,69,2,3,22,40,2,0
5795,"2025-07-03",科教文体,1094,24,77,312,613,57,11
5796,"2025-07-03",公卫医疗,71,2,3,23,38,5,0
5797,"2025-07-03",城乡建设,273,10,21,77,146,13,6
5798,"2025-07-03",交通运输,104,2,4,36,55,6,1
5799,"2025-07-03",农林牧渔,4,0,0,2,2,0,0
5800,"2025-07-04",科教文体,721,18,38,224,400,33,8
5801,"2025-07-04",公卫医疗,79,1,4,21,47,3,3
5802,"2025-07-04",城乡建设,107,1,8,28,64,6,0
5803,"2025-07-04",交通运输,322,8,27,81,183,17,6
5804,"2025-07-04",农林牧渔,41,0,2,19,20,0,0
5805,"2025-07-05",科教文体,964,19,53,310,519,52,11
5806,"2025-07-05",公卫医疗,389,6,22,115,220,22,4
5807,"2025-07-05",城乡建设,66,3,1,12,47,2,1
5808,"2025-07-05",交通运输,185,3,16,51,101,13,1
5809,"2025-07-05",农林牧渔,66,3,6,19,35,1,2
5810,"2025-07-06",科教文体,176,2,18,61,87,7,1
5811,"2025-07-06",公卫医疗,168,5,17,61,78,6,1
5812,"2025-07-06",城乡建设,222,4,21,66,122,8,1
5813,"2025-07-06",交通运输,169,5,10,53,89,9,3
5814,"2025-07-06",农林牧渔,24,0,1,7,13,3,0
5815,"2025-07-07",科教文体,494,10,34,143,276,25,6
5816,"2025-07-07",公卫医疗,107,2,9,25,66,4,1
5817,"2025-07-07",城乡建设,243,5,20,62,140,14,2
5818,"2025-07-07",交通运输,245,3,22,58,149,10,3
5819,"2025-07-07",农林牧渔,73,4,7,18,42,2,0
5820,"2025-07-08",科教文体,159,5,11,45,86,8,4
5821,"2025-07-08",公卫医疗,840,16,71,242,466,39,6
5822,"2025-07-08",城乡建设,304,8,19,81,177,18,1
5823,"2025-07-08",交通运输,57,1,2,18,32,4,0
5824,"2025-07-08",农林牧渔,72,0,6,18,41,6,1
5825,"2025-07-09",科教文体,60,1,4,10,42,3,0
5826,"2025-07-09",公卫医疗,152,3,8,46,87,7,1
5827,"2025-07-09",城乡建设,143,3,10,45,72,10,3
5828,"2025-07-09",交通运输,79,0,4,23,46,6,0
5829,"2025-07-09",农林牧渔,902,17,66,251,500,59,9
5830,"2025-07-10",科教文体,84,1,7,26,43,4,3
5831,"2025-07-10",公卫医疗,133,1,10,41,73,7,1
5832,"2025-07-10",城乡建设,423,14,30,122,226,23,8
5833,"2025-07-10",交通运输,43,0,4,9,25,5,0
5834,"2025-07-10",农林牧渔,278,7,17,91,144,16,3
5835,"2025-07-11",科教文体,325,4,22,100,182,13,4
5836,"2025-07-11",公卫医疗,617,6,40,183,352,23,13
5837,"2025-07-11",城乡建设,29,0,1,10,16,2,0
5838,"2025-07-11",交通运输,504,5,30,160,278,25,6
5839,"2025-07-11",农林牧渔,345,7,31,117,170,18,2
5840,"2025-07-12",科教文体,593,10,35,171,337,30,10
5841,"2025-07-12",公卫医疗,391,5,22,123,206,29,6
5842,"2025-07-12",城乡建设,167,4,10,56,88,7,2
5843,"2025-07-12",交通运输,205,3,20,54,111,14,3
5844,"2025-07-12",农林牧渔,231,4,13,68,133,11,2
5845,"2025-07-13",科教文体,19,1,3,6,8,1,0
5846,"2025-07-13",公卫医疗,141,1,5,36,89,7,3
5847,"2025-07-13",城乡建设,394,4,24,119,227,17,3
5848,"2025-07-13",交通运输,211,5,7,59,129,7,4
5849,"2025-07-13",农林牧渔,88,4,6,25,50,2,1
5850,"2025-07-14",科教文体,249,4,22,75,134,10,4
5851,"2025-07-14",公卫医疗,253,3,18,65,146,16,5
5852,"2025-07-14",城乡建设,192,1,16,59,107,8,1
5853,"2025-07-14",交通运输,500,6,35,152,285,17,5
5854,"2025-07-14",农林牧渔,36,0,2,9,25,0,0
5855,"2025-07-15",科教文体,280,3,26,86,148,15,2
5856,"2025-07-15",公卫医疗,775,20,47,240,435,24,9
5857,"2025-07-15",城乡建设,18,1,1,4,12,0,0
5858,"2025-07-15",交通运输,865,17,64,279,460,41,4
5859,"2025-07-15",农林牧渔,180,5,17,47,106,3,2
5860,"2025-07-16",科教文体,14,0,2,6,6,0,0
5861,"2025-07-16",公卫医疗,391,6,32,123,212,16,2
5862,"2025-07-16",城乡建设,11,0,1,4,5,1,0
5863,"2025-07-16",交通运输,483,10,31,156,258,24,4
5864,"2025-07-16",农林牧渔,34,2,1,10,18,3,0
5865,"2025-07-17",科教文体,157,3,15,43,87,7,2
5866,"2025-07-17",公卫医疗,233,3,11,69,134,14,2
5867,"2025-07-17",城乡建设,252,4,19,73,144,9,3
5868,"2025-07-17",交通运输,368,7,31,105,206,18,1
5869,"2025-07-17",农林牧渔,552,11,40,171,286,36,8
5870,"2025-07-18",科教文体,317,6,27,96,170,12,6
5871,"2025-07-18",公卫医疗,105,1,11,30,54,6,3
5872,"2025-07-18",城乡建设,614,11,38,184,345,28,8
5873,"2025-07-18",交通运输,750,12,56,203,430,39,10
5874,"2025-07-18",农林牧渔,95,1,7,28,56,3,0
5875,"2025-07-19",科教文体,75,1,4,21,46,2,1
5876,"2025-07-19",公卫医疗,391,8,35,116,210,21,1
5877,"2025-07-19",城乡建设,905,12,60,283,512,33,5
5878,"2025-07-19",交通运输,208,4,10,58,123,11,2
5879,"2025-07-19",农林牧渔,197,4,8,60,113,10,2
5880,"2025-07-20",科教文体,77,1,7,20,46,3,0
5881,"2025-07-20",公卫医疗,578,14,38,175,311,35,5
5882,"2025-07-20",城乡建设,763,11,60,213,426,47,6
5883,"2025-07-20",交通运输,799,17,49,251,432,41,9
5884,"2025-07-20",农林牧渔,4,0,1,0,3,0,0
5885,"2025-07-21",科教文体,113,3,9,42,51,6,2
5886,"2025-07-21",公卫医疗,127,2,9,33,76,6,1
5887,"2025-07-21",城乡建设,78,1,7,14,50,5,1
5888,"2025-07-21",交通运输,263,4,18,83,140,15,3
5889,"2025-07-21",农林牧渔,137,2,12,42,75,4,2
5890,"2025-07-22",科教文体,42,0,2,13,27,0,0
5891,"2025-07-22",公卫医疗,106,3,5,25,67,3,3
5892,"2025-07-22",城乡建设,34,2,2,9,21,0,0
5893,"2025-07-22",交通运输,199,4,12,54,118,10,1
5894,"2025-07-22",农林牧渔,523,11,30,164,288,26,4
5895,"2025-07-23",科教文体,523,10,36,162,297,15,3
5896,"2025-07-23",公卫医疗,150,4,17,46,75,8,0
5897,"2025-07-23",城乡建设,250,1,14,68,146,19,2
5898,"2025-07-23",交通运输,274,8,15,84,158,7,2
5899,"2025-07-23",农林牧渔,271,6,16,94,140,14,1
5900,"2025-07-24",科教文体,66,0,2,22,34,6,2
5901,"2025-07-24",公卫医疗,423,5,29,133,235,19,2
5902,"2025-07-24",城乡建设,3,0,0,0,3,0,0
5903,"2025-07-24",交通运输,22,0,1,4,16,1,0
5904,"2025-07-24",农林牧渔,195,5,11,54,110,12,3
5905,"2025-07-25",科教文体,537,9,47,152,300,26,3
5906,"2025-07-25",公卫医疗,616,5,40,186,364,19,2
5907,"2025-07-25",城乡建设,233,4,15,68,138,6,2
5908,"2025-07-25",交通运输,260,9,12,78,148,12,1
5909,"2025-07-25",农林牧渔,97,2,7,36,47,4,1
5910,"2025-07-26",科教文体,891,26,54,259,491,48,13
5911,"2025-07-26",公卫医疗,197,3,11,59,114,10,0
5912,"2025-07-26",城乡建设,198,8,14,52,114,7,3
5913,"2025-07-26",交通运输,23,0,2,6,13,2,0
5914,"2025-07-26",农林牧渔,467,8,42,144,250,21,2
5915,"2025-07-27",科教文体,313,7,29,107,155,13,2
5916,"2025-07-27",公卫医疗,429,9,29,124,251,13,3
5917,"2025-07-27",城乡建设,418,11,26,110,245,25,1
5918,"2025-07-27",交通运输,75,0,3,20,49,2,1
5919,"2025-07-27",农林牧渔,283,6,20,80,163,14,0
5920,"2025-07-28",科教文体,391,10,30,106,221,16,8
5921,"2025-07-28",公卫医疗,743,20,48,209,417,40,9
5922,"2025-07-28",城乡建设,32,0,4,9,19,0,0
5923,"2025-07-28",交通运输,684,15,42,192,400,31,4
5924,"2025-07-28",农林牧渔,413,9,25,122,234,20,3
5925,"2025-07-29",科教文体,250,4,23,76,137,8,2
5926,"2025-07-29",公卫医疗,380,6,32,123,199,15,5
5927,"2025-07-29",城乡建设,527,7,38,152,295,28,7
5928,"2025-07-29",交通运输,179,4,11,59,91,11,3
5929,"2025-07-29",农林牧渔,694,16,65,216,364,29,4
5930,"2025-07-30",科教文体,414,10,18,120,247,16,3
5931,"2025-07-30",公卫医疗,70,1,6,25,34,4,0
5932,"2025-07-30",城乡建设,313,2,20,73,199,17,2
5933,"2025-07-30",交通运输,383,1,29,111,214,25,3
5934,"2025-07-30",农林牧渔,6,0,0,3,3,0,0
5935,"2025-07-31",科教文体,417,5,18,129,232,30,3
5936,"2025-07-31",公卫医疗,61,0,5,23,30,3,0
5937,"2025-07-31",城乡建设,262,4,15,74,157,8,4
5938,"2025-07-31",交通运输,1022,20,78,316,541,55,12
5939,"2025-07-31",农林牧渔,228,6,16,70,124,9,3
5940,"2025-08-01",科教文体,649,5,53,180,370,34,7
5941,"2025-08-01",公卫医疗,555,10,41,166,304,28,6
5942,"2025-08-01",城乡建设,469,11,33,136,264,21,4
5943,"2025-08-01",交通运输,111,2,9,33,63,3,1
5944,"2025-08-01",农林牧渔,80,1,5,16,54,4,0
