"md_id","busi_time","sub_name","red_cnt","yellow_cnt"
1,"2022-05-01",科教文体,99,80
2,"2022-05-01",公卫医疗,33,17
3,"2022-05-01",城乡建设,133,56
4,"2022-05-01",交通运输,105,45
5,"2022-05-01",农林牧渔,37,3
6,"2022-05-02",科教文体,3,19
7,"2022-05-02",公卫医疗,206,28
8,"2022-05-02",城乡建设,30,26
9,"2022-05-02",交通运输,98,28
10,"2022-05-02",农林牧渔,17,2
11,"2022-05-03",科教文体,247,41
12,"2022-05-03",公卫医疗,21,13
13,"2022-05-03",城乡建设,7,13
14,"2022-05-03",交通运输,385,4
15,"2022-05-03",农林牧渔,29,9
16,"2022-05-04",科教文体,27,1
17,"2022-05-04",公卫医疗,116,75
18,"2022-05-04",城乡建设,119,43
19,"2022-05-04",交通运输,229,40
20,"2022-05-04",农林牧渔,60,18
21,"2022-05-05",科教文体,15,7
22,"2022-05-05",公卫医疗,7,115
23,"2022-05-05",城乡建设,4,45
24,"2022-05-05",交通运输,43,20
25,"2022-05-05",农林牧渔,39,93
26,"2022-05-06",科教文体,16,192
27,"2022-05-06",公卫医疗,80,74
28,"2022-05-06",城乡建设,132,11
29,"2022-05-06",交通运输,21,12
30,"2022-05-06",农林牧渔,25,8
31,"2022-05-07",科教文体,14,4
32,"2022-05-07",公卫医疗,149,1
33,"2022-05-07",城乡建设,119,4
34,"2022-05-07",交通运输,207,57
35,"2022-05-07",农林牧渔,47,67
36,"2022-05-08",科教文体,136,48
37,"2022-05-08",公卫医疗,40,42
38,"2022-05-08",城乡建设,52,49
39,"2022-05-08",交通运输,51,78
40,"2022-05-08",农林牧渔,55,69
41,"2022-05-09",科教文体,0,0
42,"2022-05-09",公卫医疗,274,24
43,"2022-05-09",城乡建设,3,20
44,"2022-05-09",交通运输,187,9
45,"2022-05-09",农林牧渔,3,1
46,"2022-05-10",科教文体,19,5
47,"2022-05-10",公卫医疗,95,21
48,"2022-05-10",城乡建设,121,18
49,"2022-05-10",交通运输,8,22
50,"2022-05-10",农林牧渔,147,28
51,"2022-05-11",科教文体,43,44
52,"2022-05-11",公卫医疗,91,70
53,"2022-05-11",城乡建设,112,31
54,"2022-05-11",交通运输,52,32
55,"2022-05-11",农林牧渔,4,35
56,"2022-05-12",科教文体,6,72
57,"2022-05-12",公卫医疗,103,43
58,"2022-05-12",城乡建设,86,32
59,"2022-05-12",交通运输,110,19
60,"2022-05-12",农林牧渔,75,59
61,"2022-05-13",科教文体,5,27
62,"2022-05-13",公卫医疗,92,12
63,"2022-05-13",城乡建设,0,15
64,"2022-05-13",交通运输,52,23
65,"2022-05-13",农林牧渔,24,5
66,"2022-05-14",科教文体,50,53
67,"2022-05-14",公卫医疗,37,19
68,"2022-05-14",城乡建设,48,40
69,"2022-05-14",交通运输,87,1
70,"2022-05-14",农林牧渔,70,20
71,"2022-05-15",科教文体,44,14
72,"2022-05-15",公卫医疗,26,2
73,"2022-05-15",城乡建设,6,0
74,"2022-05-15",交通运输,14,120
75,"2022-05-15",农林牧渔,13,14
76,"2022-05-16",科教文体,43,22
77,"2022-05-16",公卫医疗,28,0
78,"2022-05-16",城乡建设,1,57
79,"2022-05-16",交通运输,72,86
80,"2022-05-16",农林牧渔,0,1
81,"2022-05-17",科教文体,28,0
82,"2022-05-17",公卫医疗,5,30
83,"2022-05-17",城乡建设,23,33
84,"2022-05-17",交通运输,115,9
85,"2022-05-17",农林牧渔,105,39
86,"2022-05-18",科教文体,136,11
87,"2022-05-18",公卫医疗,49,112
88,"2022-05-18",城乡建设,250,6
89,"2022-05-18",交通运输,29,57
90,"2022-05-18",农林牧渔,8,3
91,"2022-05-19",科教文体,78,16
92,"2022-05-19",公卫医疗,49,18
93,"2022-05-19",城乡建设,177,27
94,"2022-05-19",交通运输,70,79
95,"2022-05-19",农林牧渔,35,74
96,"2022-05-20",科教文体,9,4
97,"2022-05-20",公卫医疗,36,19
98,"2022-05-20",城乡建设,20,1
99,"2022-05-20",交通运输,39,3
100,"2022-05-20",农林牧渔,66,10
101,"2022-05-21",科教文体,15,21
102,"2022-05-21",公卫医疗,50,1
103,"2022-05-21",城乡建设,49,26
104,"2022-05-21",交通运输,70,3
105,"2022-05-21",农林牧渔,40,8
106,"2022-05-22",科教文体,103,40
107,"2022-05-22",公卫医疗,49,0
108,"2022-05-22",城乡建设,60,26
109,"2022-05-22",交通运输,28,6
110,"2022-05-22",农林牧渔,25,9
111,"2022-05-23",科教文体,11,2
112,"2022-05-23",公卫医疗,406,11
113,"2022-05-23",城乡建设,104,1
114,"2022-05-23",交通运输,88,65
115,"2022-05-23",农林牧渔,11,3
116,"2022-05-24",科教文体,90,67
117,"2022-05-24",公卫医疗,110,167
118,"2022-05-24",城乡建设,135,10
119,"2022-05-24",交通运输,64,8
120,"2022-05-24",农林牧渔,3,0
121,"2022-05-25",科教文体,35,20
122,"2022-05-25",公卫医疗,53,126
123,"2022-05-25",城乡建设,59,78
124,"2022-05-25",交通运输,321,2
125,"2022-05-25",农林牧渔,62,0
126,"2022-05-26",科教文体,8,4
127,"2022-05-26",公卫医疗,259,22
128,"2022-05-26",城乡建设,70,22
129,"2022-05-26",交通运输,64,95
130,"2022-05-26",农林牧渔,54,47
131,"2022-05-27",科教文体,23,90
132,"2022-05-27",公卫医疗,49,25
133,"2022-05-27",城乡建设,44,27
134,"2022-05-27",交通运输,6,1
135,"2022-05-27",农林牧渔,156,67
136,"2022-05-28",科教文体,35,235
137,"2022-05-28",公卫医疗,123,12
138,"2022-05-28",城乡建设,26,4
139,"2022-05-28",交通运输,256,2
140,"2022-05-28",农林牧渔,3,9
141,"2022-05-29",科教文体,34,0
142,"2022-05-29",公卫医疗,100,3
143,"2022-05-29",城乡建设,181,24
144,"2022-05-29",交通运输,72,32
145,"2022-05-29",农林牧渔,52,6
146,"2022-05-30",科教文体,31,34
147,"2022-05-30",公卫医疗,99,1
148,"2022-05-30",城乡建设,18,3
149,"2022-05-30",交通运输,0,9
150,"2022-05-30",农林牧渔,72,14
151,"2022-05-31",科教文体,35,75
152,"2022-05-31",公卫医疗,15,7
153,"2022-05-31",城乡建设,15,29
154,"2022-05-31",交通运输,192,11
155,"2022-05-31",农林牧渔,10,14
156,"2022-06-01",科教文体,2,7
157,"2022-06-01",公卫医疗,91,100
158,"2022-06-01",城乡建设,179,51
159,"2022-06-01",交通运输,120,1
160,"2022-06-01",农林牧渔,96,23
161,"2022-06-02",科教文体,13,184
162,"2022-06-02",公卫医疗,1,0
163,"2022-06-02",城乡建设,21,2
164,"2022-06-02",交通运输,39,43
165,"2022-06-02",农林牧渔,88,0
166,"2022-06-03",科教文体,27,7
167,"2022-06-03",公卫医疗,57,27
168,"2022-06-03",城乡建设,23,3
169,"2022-06-03",交通运输,62,12
170,"2022-06-03",农林牧渔,24,5
171,"2022-06-04",科教文体,91,9
172,"2022-06-04",公卫医疗,102,3
173,"2022-06-04",城乡建设,22,11
174,"2022-06-04",交通运输,43,27
175,"2022-06-04",农林牧渔,61,23
176,"2022-06-05",科教文体,93,6
177,"2022-06-05",公卫医疗,69,47
178,"2022-06-05",城乡建设,2,142
179,"2022-06-05",交通运输,186,69
180,"2022-06-05",农林牧渔,36,4
181,"2022-06-06",科教文体,23,2
182,"2022-06-06",公卫医疗,75,61
183,"2022-06-06",城乡建设,71,0
184,"2022-06-06",交通运输,304,17
185,"2022-06-06",农林牧渔,250,47
186,"2022-06-07",科教文体,29,0
187,"2022-06-07",公卫医疗,58,10
188,"2022-06-07",城乡建设,3,0
189,"2022-06-07",交通运输,72,2
190,"2022-06-07",农林牧渔,33,1
191,"2022-06-08",科教文体,15,18
192,"2022-06-08",公卫医疗,416,3
193,"2022-06-08",城乡建设,51,56
194,"2022-06-08",交通运输,49,76
195,"2022-06-08",农林牧渔,18,15
196,"2022-06-09",科教文体,80,69
197,"2022-06-09",公卫医疗,162,7
198,"2022-06-09",城乡建设,89,2
199,"2022-06-09",交通运输,28,0
200,"2022-06-09",农林牧渔,5,61
201,"2022-06-10",科教文体,9,17
202,"2022-06-10",公卫医疗,8,15
203,"2022-06-10",城乡建设,23,81
204,"2022-06-10",交通运输,15,5
205,"2022-06-10",农林牧渔,5,67
206,"2022-06-11",科教文体,5,1
207,"2022-06-11",公卫医疗,181,12
208,"2022-06-11",城乡建设,76,62
209,"2022-06-11",交通运输,65,5
210,"2022-06-11",农林牧渔,29,12
211,"2022-06-12",科教文体,51,34
212,"2022-06-12",公卫医疗,24,6
213,"2022-06-12",城乡建设,1,1
214,"2022-06-12",交通运输,19,208
215,"2022-06-12",农林牧渔,96,39
216,"2022-06-13",科教文体,41,1
217,"2022-06-13",公卫医疗,150,17
218,"2022-06-13",城乡建设,1,4
219,"2022-06-13",交通运输,83,1
220,"2022-06-13",农林牧渔,28,12
221,"2022-06-14",科教文体,36,1
222,"2022-06-14",公卫医疗,10,23
223,"2022-06-14",城乡建设,4,8
224,"2022-06-14",交通运输,10,139
225,"2022-06-14",农林牧渔,197,123
226,"2022-06-15",科教文体,5,0
227,"2022-06-15",公卫医疗,7,1
228,"2022-06-15",城乡建设,96,1
229,"2022-06-15",交通运输,17,91
230,"2022-06-15",农林牧渔,79,23
231,"2022-06-16",科教文体,5,0
232,"2022-06-16",公卫医疗,3,5
233,"2022-06-16",城乡建设,104,46
234,"2022-06-16",交通运输,99,1
235,"2022-06-16",农林牧渔,69,2
236,"2022-06-17",科教文体,155,8
237,"2022-06-17",公卫医疗,175,75
238,"2022-06-17",城乡建设,114,0
239,"2022-06-17",交通运输,215,16
240,"2022-06-17",农林牧渔,11,11
241,"2022-06-18",科教文体,149,93
242,"2022-06-18",公卫医疗,24,53
243,"2022-06-18",城乡建设,44,123
244,"2022-06-18",交通运输,1,2
245,"2022-06-18",农林牧渔,40,12
246,"2022-06-19",科教文体,15,49
247,"2022-06-19",公卫医疗,2,17
248,"2022-06-19",城乡建设,46,0
249,"2022-06-19",交通运输,21,2
250,"2022-06-19",农林牧渔,27,52
251,"2022-06-20",科教文体,32,28
252,"2022-06-20",公卫医疗,71,20
253,"2022-06-20",城乡建设,4,4
254,"2022-06-20",交通运输,54,42
255,"2022-06-20",农林牧渔,46,40
256,"2022-06-21",科教文体,66,3
257,"2022-06-21",公卫医疗,25,10
258,"2022-06-21",城乡建设,64,7
259,"2022-06-21",交通运输,46,60
260,"2022-06-21",农林牧渔,165,106
261,"2022-06-22",科教文体,272,20
262,"2022-06-22",公卫医疗,15,11
263,"2022-06-22",城乡建设,130,48
264,"2022-06-22",交通运输,50,101
265,"2022-06-22",农林牧渔,14,1
266,"2022-06-23",科教文体,5,0
267,"2022-06-23",公卫医疗,98,28
268,"2022-06-23",城乡建设,82,87
269,"2022-06-23",交通运输,7,48
270,"2022-06-23",农林牧渔,30,1
271,"2022-06-24",科教文体,27,27
272,"2022-06-24",公卫医疗,154,34
273,"2022-06-24",城乡建设,100,8
274,"2022-06-24",交通运输,164,2
275,"2022-06-24",农林牧渔,35,137
276,"2022-06-25",科教文体,50,4
277,"2022-06-25",公卫医疗,8,75
278,"2022-06-25",城乡建设,38,0
279,"2022-06-25",交通运输,89,2
280,"2022-06-25",农林牧渔,48,49
281,"2022-06-26",科教文体,23,6
282,"2022-06-26",公卫医疗,2,13
283,"2022-06-26",城乡建设,17,11
284,"2022-06-26",交通运输,143,9
285,"2022-06-26",农林牧渔,45,26
286,"2022-06-27",科教文体,145,3
287,"2022-06-27",公卫医疗,65,15
288,"2022-06-27",城乡建设,77,16
289,"2022-06-27",交通运输,44,103
290,"2022-06-27",农林牧渔,1,25
291,"2022-06-28",科教文体,98,81
292,"2022-06-28",公卫医疗,164,10
293,"2022-06-28",城乡建设,55,72
294,"2022-06-28",交通运输,24,55
295,"2022-06-28",农林牧渔,3,2
296,"2022-06-29",科教文体,37,4
297,"2022-06-29",公卫医疗,45,69
298,"2022-06-29",城乡建设,70,9
299,"2022-06-29",交通运输,34,14
300,"2022-06-29",农林牧渔,42,35
301,"2022-06-30",科教文体,63,9
302,"2022-06-30",公卫医疗,67,5
303,"2022-06-30",城乡建设,63,4
304,"2022-06-30",交通运输,5,3
305,"2022-06-30",农林牧渔,5,77
306,"2022-07-01",科教文体,3,8
307,"2022-07-01",公卫医疗,38,20
308,"2022-07-01",城乡建设,77,17
309,"2022-07-01",交通运输,33,12
310,"2022-07-01",农林牧渔,38,18
311,"2022-07-02",科教文体,26,7
312,"2022-07-02",公卫医疗,25,5
313,"2022-07-02",城乡建设,82,27
314,"2022-07-02",交通运输,95,104
315,"2022-07-02",农林牧渔,133,4
316,"2022-07-03",科教文体,17,69
317,"2022-07-03",公卫医疗,43,1
318,"2022-07-03",城乡建设,104,25
319,"2022-07-03",交通运输,16,74
320,"2022-07-03",农林牧渔,90,11
321,"2022-07-04",科教文体,75,13
322,"2022-07-04",公卫医疗,9,6
323,"2022-07-04",城乡建设,64,90
324,"2022-07-04",交通运输,61,3
325,"2022-07-04",农林牧渔,125,66
326,"2022-07-05",科教文体,48,13
327,"2022-07-05",公卫医疗,46,190
328,"2022-07-05",城乡建设,37,86
329,"2022-07-05",交通运输,40,10
330,"2022-07-05",农林牧渔,105,26
331,"2022-07-06",科教文体,23,13
332,"2022-07-06",公卫医疗,37,8
333,"2022-07-06",城乡建设,7,0
334,"2022-07-06",交通运输,128,0
335,"2022-07-06",农林牧渔,33,21
336,"2022-07-07",科教文体,62,1
337,"2022-07-07",公卫医疗,104,3
338,"2022-07-07",城乡建设,1,22
339,"2022-07-07",交通运输,6,45
340,"2022-07-07",农林牧渔,63,5
341,"2022-07-08",科教文体,3,42
342,"2022-07-08",公卫医疗,95,0
343,"2022-07-08",城乡建设,71,2
344,"2022-07-08",交通运输,8,19
345,"2022-07-08",农林牧渔,29,50
346,"2022-07-09",科教文体,137,64
347,"2022-07-09",公卫医疗,92,14
348,"2022-07-09",城乡建设,41,17
349,"2022-07-09",交通运输,208,17
350,"2022-07-09",农林牧渔,118,27
351,"2022-07-10",科教文体,41,6
352,"2022-07-10",公卫医疗,193,8
353,"2022-07-10",城乡建设,54,11
354,"2022-07-10",交通运输,203,6
355,"2022-07-10",农林牧渔,15,158
356,"2022-07-11",科教文体,52,5
357,"2022-07-11",公卫医疗,49,1
358,"2022-07-11",城乡建设,50,2
359,"2022-07-11",交通运输,15,10
360,"2022-07-11",农林牧渔,49,3
361,"2022-07-12",科教文体,45,27
362,"2022-07-12",公卫医疗,0,18
363,"2022-07-12",城乡建设,216,13
364,"2022-07-12",交通运输,138,9
365,"2022-07-12",农林牧渔,45,128
366,"2022-07-13",科教文体,83,23
367,"2022-07-13",公卫医疗,42,24
368,"2022-07-13",城乡建设,84,3
369,"2022-07-13",交通运输,108,0
370,"2022-07-13",农林牧渔,58,19
371,"2022-07-14",科教文体,146,40
372,"2022-07-14",公卫医疗,213,10
373,"2022-07-14",城乡建设,14,128
374,"2022-07-14",交通运输,56,9
375,"2022-07-14",农林牧渔,54,7
376,"2022-07-15",科教文体,44,153
377,"2022-07-15",公卫医疗,16,13
378,"2022-07-15",城乡建设,119,44
379,"2022-07-15",交通运输,144,14
380,"2022-07-15",农林牧渔,23,88
381,"2022-07-16",科教文体,62,58
382,"2022-07-16",公卫医疗,44,11
383,"2022-07-16",城乡建设,117,26
384,"2022-07-16",交通运输,10,63
385,"2022-07-16",农林牧渔,15,19
386,"2022-07-17",科教文体,36,0
387,"2022-07-17",公卫医疗,57,15
388,"2022-07-17",城乡建设,9,3
389,"2022-07-17",交通运输,141,12
390,"2022-07-17",农林牧渔,143,9
391,"2022-07-18",科教文体,102,23
392,"2022-07-18",公卫医疗,102,3
393,"2022-07-18",城乡建设,153,15
394,"2022-07-18",交通运输,125,11
395,"2022-07-18",农林牧渔,15,4
396,"2022-07-19",科教文体,103,14
397,"2022-07-19",公卫医疗,4,0
398,"2022-07-19",城乡建设,94,6
399,"2022-07-19",交通运输,176,31
400,"2022-07-19",农林牧渔,156,0
401,"2022-07-20",科教文体,37,6
402,"2022-07-20",公卫医疗,180,2
403,"2022-07-20",城乡建设,1,0
404,"2022-07-20",交通运输,108,13
405,"2022-07-20",农林牧渔,27,45
406,"2022-07-21",科教文体,9,11
407,"2022-07-21",公卫医疗,181,30
408,"2022-07-21",城乡建设,48,0
409,"2022-07-21",交通运输,225,3
410,"2022-07-21",农林牧渔,31,52
411,"2022-07-22",科教文体,14,0
412,"2022-07-22",公卫医疗,38,9
413,"2022-07-22",城乡建设,16,24
414,"2022-07-22",交通运输,99,160
415,"2022-07-22",农林牧渔,5,28
416,"2022-07-23",科教文体,14,44
417,"2022-07-23",公卫医疗,7,41
418,"2022-07-23",城乡建设,50,1
419,"2022-07-23",交通运输,50,8
420,"2022-07-23",农林牧渔,0,4
421,"2022-07-24",科教文体,6,3
422,"2022-07-24",公卫医疗,0,8
423,"2022-07-24",城乡建设,101,0
424,"2022-07-24",交通运输,85,8
425,"2022-07-24",农林牧渔,9,34
426,"2022-07-25",科教文体,63,19
427,"2022-07-25",公卫医疗,63,17
428,"2022-07-25",城乡建设,95,2
429,"2022-07-25",交通运输,5,36
430,"2022-07-25",农林牧渔,127,12
431,"2022-07-26",科教文体,91,26
432,"2022-07-26",公卫医疗,273,4
433,"2022-07-26",城乡建设,68,7
434,"2022-07-26",交通运输,26,1
435,"2022-07-26",农林牧渔,28,12
436,"2022-07-27",科教文体,51,58
437,"2022-07-27",公卫医疗,3,5
438,"2022-07-27",城乡建设,100,181
439,"2022-07-27",交通运输,135,105
440,"2022-07-27",农林牧渔,2,7
441,"2022-07-28",科教文体,50,26
442,"2022-07-28",公卫医疗,4,7
443,"2022-07-28",城乡建设,90,6
444,"2022-07-28",交通运输,9,4
445,"2022-07-28",农林牧渔,64,81
446,"2022-07-29",科教文体,291,54
447,"2022-07-29",公卫医疗,70,27
448,"2022-07-29",城乡建设,7,0
449,"2022-07-29",交通运输,171,56
450,"2022-07-29",农林牧渔,195,1
451,"2022-07-30",科教文体,20,27
452,"2022-07-30",公卫医疗,18,17
453,"2022-07-30",城乡建设,98,17
454,"2022-07-30",交通运输,55,7
455,"2022-07-30",农林牧渔,32,99
456,"2022-07-31",科教文体,20,1
457,"2022-07-31",公卫医疗,14,21
458,"2022-07-31",城乡建设,43,4
459,"2022-07-31",交通运输,188,0
460,"2022-07-31",农林牧渔,146,32
461,"2022-08-01",科教文体,60,38
462,"2022-08-01",公卫医疗,2,9
463,"2022-08-01",城乡建设,124,146
464,"2022-08-01",交通运输,0,76
465,"2022-08-01",农林牧渔,21,1
466,"2022-08-02",科教文体,7,2
467,"2022-08-02",公卫医疗,57,5
468,"2022-08-02",城乡建设,67,25
469,"2022-08-02",交通运输,68,18
470,"2022-08-02",农林牧渔,10,0
471,"2022-08-03",科教文体,7,133
472,"2022-08-03",公卫医疗,3,52
473,"2022-08-03",城乡建设,59,40
474,"2022-08-03",交通运输,14,25
475,"2022-08-03",农林牧渔,13,21
476,"2022-08-04",科教文体,1,60
477,"2022-08-04",公卫医疗,136,53
478,"2022-08-04",城乡建设,43,54
479,"2022-08-04",交通运输,11,45
480,"2022-08-04",农林牧渔,17,88
481,"2022-08-05",科教文体,2,75
482,"2022-08-05",公卫医疗,79,3
483,"2022-08-05",城乡建设,73,18
484,"2022-08-05",交通运输,209,16
485,"2022-08-05",农林牧渔,23,1
486,"2022-08-06",科教文体,45,127
487,"2022-08-06",公卫医疗,30,15
488,"2022-08-06",城乡建设,76,103
489,"2022-08-06",交通运输,18,16
490,"2022-08-06",农林牧渔,13,44
491,"2022-08-07",科教文体,2,0
492,"2022-08-07",公卫医疗,52,28
493,"2022-08-07",城乡建设,149,1
494,"2022-08-07",交通运输,32,27
495,"2022-08-07",农林牧渔,28,10
496,"2022-08-08",科教文体,10,8
497,"2022-08-08",公卫医疗,17,55
498,"2022-08-08",城乡建设,57,46
499,"2022-08-08",交通运输,65,122
500,"2022-08-08",农林牧渔,57,0
501,"2022-08-09",科教文体,8,70
502,"2022-08-09",公卫医疗,0,0
503,"2022-08-09",城乡建设,36,20
504,"2022-08-09",交通运输,42,18
505,"2022-08-09",农林牧渔,2,39
506,"2022-08-10",科教文体,11,11
507,"2022-08-10",公卫医疗,26,24
508,"2022-08-10",城乡建设,62,32
509,"2022-08-10",交通运输,7,3
510,"2022-08-10",农林牧渔,106,5
511,"2022-08-11",科教文体,70,86
512,"2022-08-11",公卫医疗,205,44
513,"2022-08-11",城乡建设,31,53
514,"2022-08-11",交通运输,17,9
515,"2022-08-11",农林牧渔,71,8
516,"2022-08-12",科教文体,96,0
517,"2022-08-12",公卫医疗,51,13
518,"2022-08-12",城乡建设,27,4
519,"2022-08-12",交通运输,1,12
520,"2022-08-12",农林牧渔,83,2
521,"2022-08-13",科教文体,87,3
522,"2022-08-13",公卫医疗,67,10
523,"2022-08-13",城乡建设,23,12
524,"2022-08-13",交通运输,99,4
525,"2022-08-13",农林牧渔,4,64
526,"2022-08-14",科教文体,35,16
527,"2022-08-14",公卫医疗,20,1
528,"2022-08-14",城乡建设,73,24
529,"2022-08-14",交通运输,46,4
530,"2022-08-14",农林牧渔,63,3
531,"2022-08-15",科教文体,133,11
532,"2022-08-15",公卫医疗,42,22
533,"2022-08-15",城乡建设,7,9
534,"2022-08-15",交通运输,25,6
535,"2022-08-15",农林牧渔,51,8
536,"2022-08-16",科教文体,69,13
537,"2022-08-16",公卫医疗,4,9
538,"2022-08-16",城乡建设,168,4
539,"2022-08-16",交通运输,27,240
540,"2022-08-16",农林牧渔,129,11
541,"2022-08-17",科教文体,59,4
542,"2022-08-17",公卫医疗,40,55
543,"2022-08-17",城乡建设,19,62
544,"2022-08-17",交通运输,40,10
545,"2022-08-17",农林牧渔,37,38
546,"2022-08-18",科教文体,118,36
547,"2022-08-18",公卫医疗,85,38
548,"2022-08-18",城乡建设,344,3
549,"2022-08-18",交通运输,68,26
550,"2022-08-18",农林牧渔,2,16
551,"2022-08-19",科教文体,117,43
552,"2022-08-19",公卫医疗,53,46
553,"2022-08-19",城乡建设,173,5
554,"2022-08-19",交通运输,98,56
555,"2022-08-19",农林牧渔,107,72
556,"2022-08-20",科教文体,53,103
557,"2022-08-20",公卫医疗,60,16
558,"2022-08-20",城乡建设,22,124
559,"2022-08-20",交通运输,87,100
560,"2022-08-20",农林牧渔,32,36
561,"2022-08-21",科教文体,47,16
562,"2022-08-21",公卫医疗,100,6
563,"2022-08-21",城乡建设,5,41
564,"2022-08-21",交通运输,17,22
565,"2022-08-21",农林牧渔,16,22
566,"2022-08-22",科教文体,85,2
567,"2022-08-22",公卫医疗,1,5
568,"2022-08-22",城乡建设,170,3
569,"2022-08-22",交通运输,58,82
570,"2022-08-22",农林牧渔,270,25
571,"2022-08-23",科教文体,103,174
572,"2022-08-23",公卫医疗,52,0
573,"2022-08-23",城乡建设,2,3
574,"2022-08-23",交通运输,49,12
575,"2022-08-23",农林牧渔,146,137
576,"2022-08-24",科教文体,43,4
577,"2022-08-24",公卫医疗,67,100
578,"2022-08-24",城乡建设,98,38
579,"2022-08-24",交通运输,65,38
580,"2022-08-24",农林牧渔,146,7
581,"2022-08-25",科教文体,107,35
582,"2022-08-25",公卫医疗,63,30
583,"2022-08-25",城乡建设,20,104
584,"2022-08-25",交通运输,9,11
585,"2022-08-25",农林牧渔,31,38
586,"2022-08-26",科教文体,42,73
587,"2022-08-26",公卫医疗,0,0
588,"2022-08-26",城乡建设,107,2
589,"2022-08-26",交通运输,9,7
590,"2022-08-26",农林牧渔,45,11
591,"2022-08-27",科教文体,206,17
592,"2022-08-27",公卫医疗,13,163
593,"2022-08-27",城乡建设,10,19
594,"2022-08-27",交通运输,45,0
595,"2022-08-27",农林牧渔,9,225
596,"2022-08-28",科教文体,9,23
597,"2022-08-28",公卫医疗,99,33
598,"2022-08-28",城乡建设,18,7
599,"2022-08-28",交通运输,85,38
600,"2022-08-28",农林牧渔,5,6
601,"2022-08-29",科教文体,15,2
602,"2022-08-29",公卫医疗,58,35
603,"2022-08-29",城乡建设,137,48
604,"2022-08-29",交通运输,151,34
605,"2022-08-29",农林牧渔,8,198
606,"2022-08-30",科教文体,107,162
607,"2022-08-30",公卫医疗,89,16
608,"2022-08-30",城乡建设,0,0
609,"2022-08-30",交通运输,21,29
610,"2022-08-30",农林牧渔,5,12
611,"2022-08-31",科教文体,7,4
612,"2022-08-31",公卫医疗,11,31
613,"2022-08-31",城乡建设,67,48
614,"2022-08-31",交通运输,72,3
615,"2022-08-31",农林牧渔,116,31
616,"2022-09-01",科教文体,27,9
617,"2022-09-01",公卫医疗,38,135
618,"2022-09-01",城乡建设,95,5
619,"2022-09-01",交通运输,68,23
620,"2022-09-01",农林牧渔,46,76
621,"2022-09-02",科教文体,11,91
622,"2022-09-02",公卫医疗,56,3
623,"2022-09-02",城乡建设,9,11
624,"2022-09-02",交通运输,21,4
625,"2022-09-02",农林牧渔,32,16
626,"2022-09-03",科教文体,20,38
627,"2022-09-03",公卫医疗,1,35
628,"2022-09-03",城乡建设,27,37
629,"2022-09-03",交通运输,47,2
630,"2022-09-03",农林牧渔,27,42
631,"2022-09-04",科教文体,264,32
632,"2022-09-04",公卫医疗,224,2
633,"2022-09-04",城乡建设,40,7
634,"2022-09-04",交通运输,62,74
635,"2022-09-04",农林牧渔,6,2
636,"2022-09-05",科教文体,92,0
637,"2022-09-05",公卫医疗,8,15
638,"2022-09-05",城乡建设,29,33
639,"2022-09-05",交通运输,23,3
640,"2022-09-05",农林牧渔,81,0
641,"2022-09-06",科教文体,54,63
642,"2022-09-06",公卫医疗,0,0
643,"2022-09-06",城乡建设,38,54
644,"2022-09-06",交通运输,33,13
645,"2022-09-06",农林牧渔,80,108
646,"2022-09-07",科教文体,121,44
647,"2022-09-07",公卫医疗,81,23
648,"2022-09-07",城乡建设,70,148
649,"2022-09-07",交通运输,24,68
650,"2022-09-07",农林牧渔,65,54
651,"2022-09-08",科教文体,58,0
652,"2022-09-08",公卫医疗,150,39
653,"2022-09-08",城乡建设,35,9
654,"2022-09-08",交通运输,55,47
655,"2022-09-08",农林牧渔,193,22
656,"2022-09-09",科教文体,42,36
657,"2022-09-09",公卫医疗,2,80
658,"2022-09-09",城乡建设,101,25
659,"2022-09-09",交通运输,6,0
660,"2022-09-09",农林牧渔,185,39
661,"2022-09-10",科教文体,102,12
662,"2022-09-10",公卫医疗,49,42
663,"2022-09-10",城乡建设,35,15
664,"2022-09-10",交通运输,41,10
665,"2022-09-10",农林牧渔,51,7
666,"2022-09-11",科教文体,8,126
667,"2022-09-11",公卫医疗,5,1
668,"2022-09-11",城乡建设,0,0
669,"2022-09-11",交通运输,10,48
670,"2022-09-11",农林牧渔,74,35
671,"2022-09-12",科教文体,10,18
672,"2022-09-12",公卫医疗,136,3
673,"2022-09-12",城乡建设,130,5
674,"2022-09-12",交通运输,4,16
675,"2022-09-12",农林牧渔,3,0
676,"2022-09-13",科教文体,74,67
677,"2022-09-13",公卫医疗,78,7
678,"2022-09-13",城乡建设,45,13
679,"2022-09-13",交通运输,291,20
680,"2022-09-13",农林牧渔,101,98
681,"2022-09-14",科教文体,97,19
682,"2022-09-14",公卫医疗,27,67
683,"2022-09-14",城乡建设,4,33
684,"2022-09-14",交通运输,66,1
685,"2022-09-14",农林牧渔,18,15
686,"2022-09-15",科教文体,90,33
687,"2022-09-15",公卫医疗,41,141
688,"2022-09-15",城乡建设,32,19
689,"2022-09-15",交通运输,34,187
690,"2022-09-15",农林牧渔,5,60
691,"2022-09-16",科教文体,113,2
692,"2022-09-16",公卫医疗,107,6
693,"2022-09-16",城乡建设,42,18
694,"2022-09-16",交通运输,102,33
695,"2022-09-16",农林牧渔,0,66
696,"2022-09-17",科教文体,132,34
697,"2022-09-17",公卫医疗,104,11
698,"2022-09-17",城乡建设,59,10
699,"2022-09-17",交通运输,31,33
700,"2022-09-17",农林牧渔,24,21
701,"2022-09-18",科教文体,31,81
702,"2022-09-18",公卫医疗,13,11
703,"2022-09-18",城乡建设,22,52
704,"2022-09-18",交通运输,2,3
705,"2022-09-18",农林牧渔,3,15
706,"2022-09-19",科教文体,8,0
707,"2022-09-19",公卫医疗,39,53
708,"2022-09-19",城乡建设,371,20
709,"2022-09-19",交通运输,91,44
710,"2022-09-19",农林牧渔,38,60
711,"2022-09-20",科教文体,29,1
712,"2022-09-20",公卫医疗,186,3
713,"2022-09-20",城乡建设,15,4
714,"2022-09-20",交通运输,79,6
715,"2022-09-20",农林牧渔,121,60
716,"2022-09-21",科教文体,8,7
717,"2022-09-21",公卫医疗,206,1
718,"2022-09-21",城乡建设,60,31
719,"2022-09-21",交通运输,200,21
720,"2022-09-21",农林牧渔,104,61
721,"2022-09-22",科教文体,21,39
722,"2022-09-22",公卫医疗,41,61
723,"2022-09-22",城乡建设,109,27
724,"2022-09-22",交通运输,54,7
725,"2022-09-22",农林牧渔,10,1
726,"2022-09-23",科教文体,6,17
727,"2022-09-23",公卫医疗,8,0
728,"2022-09-23",城乡建设,32,28
729,"2022-09-23",交通运输,99,104
730,"2022-09-23",农林牧渔,2,62
731,"2022-09-24",科教文体,158,12
732,"2022-09-24",公卫医疗,177,7
733,"2022-09-24",城乡建设,41,75
734,"2022-09-24",交通运输,84,56
735,"2022-09-24",农林牧渔,22,29
736,"2022-09-25",科教文体,90,4
737,"2022-09-25",公卫医疗,65,45
738,"2022-09-25",城乡建设,40,48
739,"2022-09-25",交通运输,11,69
740,"2022-09-25",农林牧渔,14,4
741,"2022-09-26",科教文体,127,134
742,"2022-09-26",公卫医疗,137,68
743,"2022-09-26",城乡建设,42,10
744,"2022-09-26",交通运输,58,31
745,"2022-09-26",农林牧渔,80,147
746,"2022-09-27",科教文体,9,72
747,"2022-09-27",公卫医疗,49,18
748,"2022-09-27",城乡建设,142,19
749,"2022-09-27",交通运输,44,32
750,"2022-09-27",农林牧渔,225,129
751,"2022-09-28",科教文体,2,8
752,"2022-09-28",公卫医疗,210,1
753,"2022-09-28",城乡建设,70,83
754,"2022-09-28",交通运输,10,27
755,"2022-09-28",农林牧渔,36,0
756,"2022-09-29",科教文体,93,11
757,"2022-09-29",公卫医疗,46,45
758,"2022-09-29",城乡建设,20,64
759,"2022-09-29",交通运输,128,9
760,"2022-09-29",农林牧渔,96,7
761,"2022-09-30",科教文体,264,34
762,"2022-09-30",公卫医疗,87,5
763,"2022-09-30",城乡建设,120,14
764,"2022-09-30",交通运输,24,7
765,"2022-09-30",农林牧渔,107,89
766,"2022-10-01",科教文体,18,19
767,"2022-10-01",公卫医疗,5,20
768,"2022-10-01",城乡建设,4,11
769,"2022-10-01",交通运输,118,86
770,"2022-10-01",农林牧渔,13,53
771,"2022-10-02",科教文体,75,41
772,"2022-10-02",公卫医疗,411,4
773,"2022-10-02",城乡建设,179,8
774,"2022-10-02",交通运输,0,34
775,"2022-10-02",农林牧渔,1,4
776,"2022-10-03",科教文体,192,114
777,"2022-10-03",公卫医疗,172,13
778,"2022-10-03",城乡建设,97,45
779,"2022-10-03",交通运输,33,27
780,"2022-10-03",农林牧渔,74,5
781,"2022-10-04",科教文体,99,66
782,"2022-10-04",公卫医疗,132,35
783,"2022-10-04",城乡建设,6,9
784,"2022-10-04",交通运输,124,0
785,"2022-10-04",农林牧渔,49,24
786,"2022-10-05",科教文体,103,2
787,"2022-10-05",公卫医疗,31,151
788,"2022-10-05",城乡建设,12,28
789,"2022-10-05",交通运输,177,26
790,"2022-10-05",农林牧渔,73,11
791,"2022-10-06",科教文体,21,18
792,"2022-10-06",公卫医疗,0,0
793,"2022-10-06",城乡建设,40,8
794,"2022-10-06",交通运输,25,5
795,"2022-10-06",农林牧渔,33,18
796,"2022-10-07",科教文体,71,65
797,"2022-10-07",公卫医疗,10,28
798,"2022-10-07",城乡建设,23,7
799,"2022-10-07",交通运输,84,39
800,"2022-10-07",农林牧渔,28,11
801,"2022-10-08",科教文体,172,0
802,"2022-10-08",公卫医疗,0,0
803,"2022-10-08",城乡建设,115,4
804,"2022-10-08",交通运输,25,103
805,"2022-10-08",农林牧渔,103,43
806,"2022-10-09",科教文体,16,1
807,"2022-10-09",公卫医疗,64,17
808,"2022-10-09",城乡建设,108,4
809,"2022-10-09",交通运输,75,84
810,"2022-10-09",农林牧渔,16,80
811,"2022-10-10",科教文体,146,18
812,"2022-10-10",公卫医疗,0,15
813,"2022-10-10",城乡建设,31,0
814,"2022-10-10",交通运输,207,64
815,"2022-10-10",农林牧渔,63,21
816,"2022-10-11",科教文体,68,71
817,"2022-10-11",公卫医疗,5,0
818,"2022-10-11",城乡建设,285,0
819,"2022-10-11",交通运输,88,99
820,"2022-10-11",农林牧渔,252,0
821,"2022-10-12",科教文体,50,20
822,"2022-10-12",公卫医疗,108,8
823,"2022-10-12",城乡建设,135,13
824,"2022-10-12",交通运输,28,0
825,"2022-10-12",农林牧渔,21,33
826,"2022-10-13",科教文体,99,3
827,"2022-10-13",公卫医疗,49,56
828,"2022-10-13",城乡建设,28,47
829,"2022-10-13",交通运输,7,39
830,"2022-10-13",农林牧渔,66,1
831,"2022-10-14",科教文体,68,12
832,"2022-10-14",公卫医疗,68,37
833,"2022-10-14",城乡建设,207,18
834,"2022-10-14",交通运输,13,21
835,"2022-10-14",农林牧渔,236,3
836,"2022-10-15",科教文体,1,1
837,"2022-10-15",公卫医疗,248,5
838,"2022-10-15",城乡建设,11,16
839,"2022-10-15",交通运输,62,41
840,"2022-10-15",农林牧渔,358,43
841,"2022-10-16",科教文体,21,5
842,"2022-10-16",公卫医疗,156,9
843,"2022-10-16",城乡建设,43,16
844,"2022-10-16",交通运输,33,0
845,"2022-10-16",农林牧渔,91,3
846,"2022-10-17",科教文体,3,9
847,"2022-10-17",公卫医疗,6,60
848,"2022-10-17",城乡建设,91,8
849,"2022-10-17",交通运输,219,19
850,"2022-10-17",农林牧渔,185,63
851,"2022-10-18",科教文体,84,2
852,"2022-10-18",公卫医疗,99,14
853,"2022-10-18",城乡建设,17,84
854,"2022-10-18",交通运输,12,2
855,"2022-10-18",农林牧渔,4,6
856,"2022-10-19",科教文体,6,93
857,"2022-10-19",公卫医疗,16,111
858,"2022-10-19",城乡建设,8,2
859,"2022-10-19",交通运输,16,22
860,"2022-10-19",农林牧渔,32,8
861,"2022-10-20",科教文体,101,89
862,"2022-10-20",公卫医疗,3,17
863,"2022-10-20",城乡建设,125,41
864,"2022-10-20",交通运输,55,31
865,"2022-10-20",农林牧渔,18,45
866,"2022-10-21",科教文体,61,24
867,"2022-10-21",公卫医疗,9,6
868,"2022-10-21",城乡建设,24,6
869,"2022-10-21",交通运输,21,83
870,"2022-10-21",农林牧渔,7,61
871,"2022-10-22",科教文体,42,30
872,"2022-10-22",公卫医疗,36,2
873,"2022-10-22",城乡建设,29,38
874,"2022-10-22",交通运输,1,12
875,"2022-10-22",农林牧渔,59,19
876,"2022-10-23",科教文体,124,23
877,"2022-10-23",公卫医疗,111,3
878,"2022-10-23",城乡建设,87,44
879,"2022-10-23",交通运输,8,1
880,"2022-10-23",农林牧渔,43,3
881,"2022-10-24",科教文体,122,129
882,"2022-10-24",公卫医疗,25,105
883,"2022-10-24",城乡建设,8,60
884,"2022-10-24",交通运输,167,11
885,"2022-10-24",农林牧渔,93,5
886,"2022-10-25",科教文体,52,190
887,"2022-10-25",公卫医疗,45,1
888,"2022-10-25",城乡建设,107,35
889,"2022-10-25",交通运输,194,31
890,"2022-10-25",农林牧渔,111,3
891,"2022-10-26",科教文体,13,91
892,"2022-10-26",公卫医疗,9,8
893,"2022-10-26",城乡建设,14,8
894,"2022-10-26",交通运输,13,54
895,"2022-10-26",农林牧渔,28,12
896,"2022-10-27",科教文体,19,0
897,"2022-10-27",公卫医疗,59,65
898,"2022-10-27",城乡建设,81,16
899,"2022-10-27",交通运输,95,25
900,"2022-10-27",农林牧渔,39,35
901,"2022-10-28",科教文体,73,2
902,"2022-10-28",公卫医疗,38,1
903,"2022-10-28",城乡建设,12,29
904,"2022-10-28",交通运输,37,2
905,"2022-10-28",农林牧渔,51,24
906,"2022-10-29",科教文体,103,8
907,"2022-10-29",公卫医疗,70,58
908,"2022-10-29",城乡建设,46,48
909,"2022-10-29",交通运输,26,48
910,"2022-10-29",农林牧渔,77,8
911,"2022-10-30",科教文体,62,15
912,"2022-10-30",公卫医疗,21,1
913,"2022-10-30",城乡建设,82,4
914,"2022-10-30",交通运输,77,27
915,"2022-10-30",农林牧渔,32,2
916,"2022-10-31",科教文体,3,17
917,"2022-10-31",公卫医疗,125,1
918,"2022-10-31",城乡建设,2,1
919,"2022-10-31",交通运输,13,37
920,"2022-10-31",农林牧渔,7,6
921,"2022-11-01",科教文体,92,71
922,"2022-11-01",公卫医疗,4,1
923,"2022-11-01",城乡建设,85,25
924,"2022-11-01",交通运输,69,102
925,"2022-11-01",农林牧渔,134,10
926,"2022-11-02",科教文体,54,15
927,"2022-11-02",公卫医疗,110,0
928,"2022-11-02",城乡建设,133,4
929,"2022-11-02",交通运输,43,83
930,"2022-11-02",农林牧渔,99,40
931,"2022-11-03",科教文体,31,115
932,"2022-11-03",公卫医疗,52,36
933,"2022-11-03",城乡建设,71,79
934,"2022-11-03",交通运输,43,0
935,"2022-11-03",农林牧渔,91,25
936,"2022-11-04",科教文体,100,17
937,"2022-11-04",公卫医疗,1,21
938,"2022-11-04",城乡建设,11,19
939,"2022-11-04",交通运输,14,12
940,"2022-11-04",农林牧渔,80,21
941,"2022-11-05",科教文体,50,12
942,"2022-11-05",公卫医疗,62,31
943,"2022-11-05",城乡建设,5,95
944,"2022-11-05",交通运输,133,3
945,"2022-11-05",农林牧渔,126,25
946,"2022-11-06",科教文体,20,2
947,"2022-11-06",公卫医疗,69,50
948,"2022-11-06",城乡建设,119,52
949,"2022-11-06",交通运输,17,71
950,"2022-11-06",农林牧渔,105,97
951,"2022-11-07",科教文体,141,14
952,"2022-11-07",公卫医疗,30,8
953,"2022-11-07",城乡建设,37,12
954,"2022-11-07",交通运输,53,24
955,"2022-11-07",农林牧渔,36,64
956,"2022-11-08",科教文体,4,3
957,"2022-11-08",公卫医疗,71,106
958,"2022-11-08",城乡建设,61,12
959,"2022-11-08",交通运输,175,14
960,"2022-11-08",农林牧渔,47,97
961,"2022-11-09",科教文体,13,0
962,"2022-11-09",公卫医疗,69,10
963,"2022-11-09",城乡建设,3,20
964,"2022-11-09",交通运输,179,36
965,"2022-11-09",农林牧渔,308,2
966,"2022-11-10",科教文体,126,10
967,"2022-11-10",公卫医疗,37,2
968,"2022-11-10",城乡建设,74,22
969,"2022-11-10",交通运输,20,21
970,"2022-11-10",农林牧渔,102,26
971,"2022-11-11",科教文体,0,9
972,"2022-11-11",公卫医疗,53,20
973,"2022-11-11",城乡建设,0,4
974,"2022-11-11",交通运输,104,37
975,"2022-11-11",农林牧渔,120,36
976,"2022-11-12",科教文体,42,2
977,"2022-11-12",公卫医疗,36,26
978,"2022-11-12",城乡建设,153,2
979,"2022-11-12",交通运输,57,12
980,"2022-11-12",农林牧渔,230,1
981,"2022-11-13",科教文体,128,5
982,"2022-11-13",公卫医疗,112,29
983,"2022-11-13",城乡建设,179,10
984,"2022-11-13",交通运输,107,15
985,"2022-11-13",农林牧渔,313,13
986,"2022-11-14",科教文体,66,126
987,"2022-11-14",公卫医疗,54,42
988,"2022-11-14",城乡建设,33,169
989,"2022-11-14",交通运输,129,89
990,"2022-11-14",农林牧渔,3,134
991,"2022-11-15",科教文体,14,2
992,"2022-11-15",公卫医疗,13,65
993,"2022-11-15",城乡建设,42,14
994,"2022-11-15",交通运输,59,45
995,"2022-11-15",农林牧渔,11,1
996,"2022-11-16",科教文体,83,68
997,"2022-11-16",公卫医疗,5,6
998,"2022-11-16",城乡建设,52,10
999,"2022-11-16",交通运输,3,2
1000,"2022-11-16",农林牧渔,175,0
1001,"2022-11-17",科教文体,13,93
1002,"2022-11-17",公卫医疗,62,40
1003,"2022-11-17",城乡建设,82,36
1004,"2022-11-17",交通运输,55,0
1005,"2022-11-17",农林牧渔,113,5
1006,"2022-11-18",科教文体,46,19
1007,"2022-11-18",公卫医疗,111,21
1008,"2022-11-18",城乡建设,35,109
1009,"2022-11-18",交通运输,134,18
1010,"2022-11-18",农林牧渔,61,6
1011,"2022-11-19",科教文体,75,17
1012,"2022-11-19",公卫医疗,85,1
1013,"2022-11-19",城乡建设,88,27
1014,"2022-11-19",交通运输,25,0
1015,"2022-11-19",农林牧渔,4,41
1016,"2022-11-20",科教文体,82,38
1017,"2022-11-20",公卫医疗,69,18
1018,"2022-11-20",城乡建设,8,3
1019,"2022-11-20",交通运输,63,28
1020,"2022-11-20",农林牧渔,26,24
1021,"2022-11-21",科教文体,23,19
1022,"2022-11-21",公卫医疗,4,15
1023,"2022-11-21",城乡建设,40,14
1024,"2022-11-21",交通运输,23,69
1025,"2022-11-21",农林牧渔,89,9
1026,"2022-11-22",科教文体,5,9
1027,"2022-11-22",公卫医疗,66,4
1028,"2022-11-22",城乡建设,44,40
1029,"2022-11-22",交通运输,2,1
1030,"2022-11-22",农林牧渔,8,29
1031,"2022-11-23",科教文体,180,14
1032,"2022-11-23",公卫医疗,126,2
1033,"2022-11-23",城乡建设,128,1
1034,"2022-11-23",交通运输,13,36
1035,"2022-11-23",农林牧渔,8,34
1036,"2022-11-24",科教文体,166,23
1037,"2022-11-24",公卫医疗,38,42
1038,"2022-11-24",城乡建设,212,6
1039,"2022-11-24",交通运输,49,14
1040,"2022-11-24",农林牧渔,87,16
1041,"2022-11-25",科教文体,18,0
1042,"2022-11-25",公卫医疗,82,13
1043,"2022-11-25",城乡建设,1,110
1044,"2022-11-25",交通运输,33,45
1045,"2022-11-25",农林牧渔,48,56
1046,"2022-11-26",科教文体,31,18
1047,"2022-11-26",公卫医疗,0,31
1048,"2022-11-26",城乡建设,6,12
1049,"2022-11-26",交通运输,3,25
1050,"2022-11-26",农林牧渔,9,44
1051,"2022-11-27",科教文体,73,5
1052,"2022-11-27",公卫医疗,80,10
1053,"2022-11-27",城乡建设,2,3
1054,"2022-11-27",交通运输,13,4
1055,"2022-11-27",农林牧渔,5,44
1056,"2022-11-28",科教文体,44,345
1057,"2022-11-28",公卫医疗,6,85
1058,"2022-11-28",城乡建设,1,0
1059,"2022-11-28",交通运输,68,33
1060,"2022-11-28",农林牧渔,60,20
1061,"2022-11-29",科教文体,80,0
1062,"2022-11-29",公卫医疗,33,21
1063,"2022-11-29",城乡建设,20,1
1064,"2022-11-29",交通运输,5,0
1065,"2022-11-29",农林牧渔,104,13
1066,"2022-11-30",科教文体,18,0
1067,"2022-11-30",公卫医疗,69,0
1068,"2022-11-30",城乡建设,115,1
1069,"2022-11-30",交通运输,33,32
1070,"2022-11-30",农林牧渔,50,74
1071,"2022-12-01",科教文体,22,2
1072,"2022-12-01",公卫医疗,7,196
1073,"2022-12-01",城乡建设,101,4
1074,"2022-12-01",交通运输,5,84
1075,"2022-12-01",农林牧渔,82,4
1076,"2022-12-02",科教文体,7,32
1077,"2022-12-02",公卫医疗,119,2
1078,"2022-12-02",城乡建设,63,40
1079,"2022-12-02",交通运输,81,71
1080,"2022-12-02",农林牧渔,65,15
1081,"2022-12-03",科教文体,405,53
1082,"2022-12-03",公卫医疗,67,22
1083,"2022-12-03",城乡建设,249,3
1084,"2022-12-03",交通运输,38,50
1085,"2022-12-03",农林牧渔,5,5
1086,"2022-12-04",科教文体,39,32
1087,"2022-12-04",公卫医疗,111,46
1088,"2022-12-04",城乡建设,86,28
1089,"2022-12-04",交通运输,28,61
1090,"2022-12-04",农林牧渔,24,39
1091,"2022-12-05",科教文体,158,18
1092,"2022-12-05",公卫医疗,56,42
1093,"2022-12-05",城乡建设,11,0
1094,"2022-12-05",交通运输,40,159
1095,"2022-12-05",农林牧渔,7,27
1096,"2022-12-06",科教文体,10,0
1097,"2022-12-06",公卫医疗,83,26
1098,"2022-12-06",城乡建设,103,10
1099,"2022-12-06",交通运输,22,47
1100,"2022-12-06",农林牧渔,22,14
1101,"2022-12-07",科教文体,50,90
1102,"2022-12-07",公卫医疗,32,42
1103,"2022-12-07",城乡建设,25,5
1104,"2022-12-07",交通运输,12,74
1105,"2022-12-07",农林牧渔,12,48
1106,"2022-12-08",科教文体,126,2
1107,"2022-12-08",公卫医疗,36,28
1108,"2022-12-08",城乡建设,40,28
1109,"2022-12-08",交通运输,43,41
1110,"2022-12-08",农林牧渔,25,52
1111,"2022-12-09",科教文体,13,16
1112,"2022-12-09",公卫医疗,28,6
1113,"2022-12-09",城乡建设,94,26
1114,"2022-12-09",交通运输,17,18
1115,"2022-12-09",农林牧渔,35,2
1116,"2022-12-10",科教文体,48,0
1117,"2022-12-10",公卫医疗,26,5
1118,"2022-12-10",城乡建设,25,22
1119,"2022-12-10",交通运输,53,0
1120,"2022-12-10",农林牧渔,15,32
1121,"2022-12-11",科教文体,27,14
1122,"2022-12-11",公卫医疗,65,34
1123,"2022-12-11",城乡建设,27,28
1124,"2022-12-11",交通运输,9,1
1125,"2022-12-11",农林牧渔,15,35
1126,"2022-12-12",科教文体,109,11
1127,"2022-12-12",公卫医疗,12,120
1128,"2022-12-12",城乡建设,157,5
1129,"2022-12-12",交通运输,2,0
1130,"2022-12-12",农林牧渔,31,5
1131,"2022-12-13",科教文体,122,14
1132,"2022-12-13",公卫医疗,43,84
1133,"2022-12-13",城乡建设,94,88
1134,"2022-12-13",交通运输,15,5
1135,"2022-12-13",农林牧渔,17,23
1136,"2022-12-14",科教文体,11,3
1137,"2022-12-14",公卫医疗,62,126
1138,"2022-12-14",城乡建设,111,6
1139,"2022-12-14",交通运输,41,20
1140,"2022-12-14",农林牧渔,196,18
1141,"2022-12-15",科教文体,8,2
1142,"2022-12-15",公卫医疗,10,66
1143,"2022-12-15",城乡建设,93,9
1144,"2022-12-15",交通运输,36,3
1145,"2022-12-15",农林牧渔,3,0
1146,"2022-12-16",科教文体,199,54
1147,"2022-12-16",公卫医疗,17,30
1148,"2022-12-16",城乡建设,38,50
1149,"2022-12-16",交通运输,233,17
1150,"2022-12-16",农林牧渔,117,64
1151,"2022-12-17",科教文体,117,29
1152,"2022-12-17",公卫医疗,46,42
1153,"2022-12-17",城乡建设,59,45
1154,"2022-12-17",交通运输,10,32
1155,"2022-12-17",农林牧渔,123,78
1156,"2022-12-18",科教文体,128,111
1157,"2022-12-18",公卫医疗,233,2
1158,"2022-12-18",城乡建设,14,5
1159,"2022-12-18",交通运输,184,48
1160,"2022-12-18",农林牧渔,49,15
1161,"2022-12-19",科教文体,104,5
1162,"2022-12-19",公卫医疗,209,43
1163,"2022-12-19",城乡建设,192,7
1164,"2022-12-19",交通运输,92,5
1165,"2022-12-19",农林牧渔,38,66
1166,"2022-12-20",科教文体,20,9
1167,"2022-12-20",公卫医疗,155,15
1168,"2022-12-20",城乡建设,111,21
1169,"2022-12-20",交通运输,4,1
1170,"2022-12-20",农林牧渔,14,2
1171,"2022-12-21",科教文体,109,44
1172,"2022-12-21",公卫医疗,15,34
1173,"2022-12-21",城乡建设,9,23
1174,"2022-12-21",交通运输,0,18
1175,"2022-12-21",农林牧渔,23,57
1176,"2022-12-22",科教文体,95,32
1177,"2022-12-22",公卫医疗,51,36
1178,"2022-12-22",城乡建设,1,11
1179,"2022-12-22",交通运输,23,43
1180,"2022-12-22",农林牧渔,9,38
1181,"2022-12-23",科教文体,10,33
1182,"2022-12-23",公卫医疗,56,13
1183,"2022-12-23",城乡建设,35,5
1184,"2022-12-23",交通运输,147,20
1185,"2022-12-23",农林牧渔,34,2
1186,"2022-12-24",科教文体,75,6
1187,"2022-12-24",公卫医疗,19,7
1188,"2022-12-24",城乡建设,38,11
1189,"2022-12-24",交通运输,17,2
1190,"2022-12-24",农林牧渔,125,40
1191,"2022-12-25",科教文体,3,0
1192,"2022-12-25",公卫医疗,62,23
1193,"2022-12-25",城乡建设,68,50
1194,"2022-12-25",交通运输,56,2
1195,"2022-12-25",农林牧渔,94,39
1196,"2022-12-26",科教文体,62,16
1197,"2022-12-26",公卫医疗,29,170
1198,"2022-12-26",城乡建设,49,32
1199,"2022-12-26",交通运输,76,24
1200,"2022-12-26",农林牧渔,93,8
1201,"2022-12-27",科教文体,35,30
1202,"2022-12-27",公卫医疗,96,31
1203,"2022-12-27",城乡建设,13,13
1204,"2022-12-27",交通运输,7,20
1205,"2022-12-27",农林牧渔,87,114
1206,"2022-12-28",科教文体,46,1
1207,"2022-12-28",公卫医疗,61,6
1208,"2022-12-28",城乡建设,57,19
1209,"2022-12-28",交通运输,73,1
1210,"2022-12-28",农林牧渔,84,18
1211,"2022-12-29",科教文体,98,0
1212,"2022-12-29",公卫医疗,32,1
1213,"2022-12-29",城乡建设,24,15
1214,"2022-12-29",交通运输,75,2
1215,"2022-12-29",农林牧渔,52,1
1216,"2022-12-30",科教文体,67,4
1217,"2022-12-30",公卫医疗,111,115
1218,"2022-12-30",城乡建设,11,3
1219,"2022-12-30",交通运输,56,60
1220,"2022-12-30",农林牧渔,82,41
1221,"2022-12-31",科教文体,199,3
1222,"2022-12-31",公卫医疗,107,1
1223,"2022-12-31",城乡建设,7,54
1224,"2022-12-31",交通运输,120,100
1225,"2022-12-31",农林牧渔,10,37
1226,"2023-01-01",科教文体,66,17
1227,"2023-01-01",公卫医疗,120,0
1228,"2023-01-01",城乡建设,350,21
1229,"2023-01-01",交通运输,31,7
1230,"2023-01-01",农林牧渔,73,125
1231,"2023-01-02",科教文体,43,42
1232,"2023-01-02",公卫医疗,39,17
1233,"2023-01-02",城乡建设,41,6
1234,"2023-01-02",交通运输,28,14
1235,"2023-01-02",农林牧渔,77,5
1236,"2023-01-03",科教文体,74,99
1237,"2023-01-03",公卫医疗,2,50
1238,"2023-01-03",城乡建设,9,2
1239,"2023-01-03",交通运输,16,77
1240,"2023-01-03",农林牧渔,34,17
1241,"2023-01-04",科教文体,54,97
1242,"2023-01-04",公卫医疗,70,29
1243,"2023-01-04",城乡建设,41,5
1244,"2023-01-04",交通运输,13,12
1245,"2023-01-04",农林牧渔,17,15
1246,"2023-01-05",科教文体,139,7
1247,"2023-01-05",公卫医疗,92,4
1248,"2023-01-05",城乡建设,1,90
1249,"2023-01-05",交通运输,244,9
1250,"2023-01-05",农林牧渔,66,98
1251,"2023-01-06",科教文体,39,17
1252,"2023-01-06",公卫医疗,9,30
1253,"2023-01-06",城乡建设,28,0
1254,"2023-01-06",交通运输,190,41
1255,"2023-01-06",农林牧渔,71,89
1256,"2023-01-07",科教文体,103,3
1257,"2023-01-07",公卫医疗,29,95
1258,"2023-01-07",城乡建设,187,90
1259,"2023-01-07",交通运输,4,118
1260,"2023-01-07",农林牧渔,8,12
1261,"2023-01-08",科教文体,10,52
1262,"2023-01-08",公卫医疗,91,24
1263,"2023-01-08",城乡建设,50,21
1264,"2023-01-08",交通运输,92,109
1265,"2023-01-08",农林牧渔,71,58
1266,"2023-01-09",科教文体,2,3
1267,"2023-01-09",公卫医疗,26,25
1268,"2023-01-09",城乡建设,91,11
1269,"2023-01-09",交通运输,18,0
1270,"2023-01-09",农林牧渔,23,66
1271,"2023-01-10",科教文体,41,13
1272,"2023-01-10",公卫医疗,56,7
1273,"2023-01-10",城乡建设,24,105
1274,"2023-01-10",交通运输,45,10
1275,"2023-01-10",农林牧渔,34,7
1276,"2023-01-11",科教文体,110,82
1277,"2023-01-11",公卫医疗,56,0
1278,"2023-01-11",城乡建设,105,39
1279,"2023-01-11",交通运输,48,14
1280,"2023-01-11",农林牧渔,6,2
1281,"2023-01-12",科教文体,6,4
1282,"2023-01-12",公卫医疗,63,1
1283,"2023-01-12",城乡建设,200,2
1284,"2023-01-12",交通运输,27,202
1285,"2023-01-12",农林牧渔,194,40
1286,"2023-01-13",科教文体,30,14
1287,"2023-01-13",公卫医疗,76,37
1288,"2023-01-13",城乡建设,223,64
1289,"2023-01-13",交通运输,110,23
1290,"2023-01-13",农林牧渔,82,53
1291,"2023-01-14",科教文体,63,44
1292,"2023-01-14",公卫医疗,0,1
1293,"2023-01-14",城乡建设,140,19
1294,"2023-01-14",交通运输,25,126
1295,"2023-01-14",农林牧渔,111,29
1296,"2023-01-15",科教文体,12,7
1297,"2023-01-15",公卫医疗,93,19
1298,"2023-01-15",城乡建设,8,54
1299,"2023-01-15",交通运输,12,63
1300,"2023-01-15",农林牧渔,4,16
1301,"2023-01-16",科教文体,92,6
1302,"2023-01-16",公卫医疗,187,80
1303,"2023-01-16",城乡建设,2,64
1304,"2023-01-16",交通运输,173,129
1305,"2023-01-16",农林牧渔,21,23
1306,"2023-01-17",科教文体,32,68
1307,"2023-01-17",公卫医疗,9,34
1308,"2023-01-17",城乡建设,170,50
1309,"2023-01-17",交通运输,162,4
1310,"2023-01-17",农林牧渔,4,1
1311,"2023-01-18",科教文体,180,2
1312,"2023-01-18",公卫医疗,147,3
1313,"2023-01-18",城乡建设,29,7
1314,"2023-01-18",交通运输,5,0
1315,"2023-01-18",农林牧渔,43,1
1316,"2023-01-19",科教文体,23,3
1317,"2023-01-19",公卫医疗,14,0
1318,"2023-01-19",城乡建设,85,6
1319,"2023-01-19",交通运输,215,0
1320,"2023-01-19",农林牧渔,79,1
1321,"2023-01-20",科教文体,25,39
1322,"2023-01-20",公卫医疗,139,5
1323,"2023-01-20",城乡建设,0,12
1324,"2023-01-20",交通运输,9,22
1325,"2023-01-20",农林牧渔,130,21
1326,"2023-01-21",科教文体,90,48
1327,"2023-01-21",公卫医疗,58,30
1328,"2023-01-21",城乡建设,48,67
1329,"2023-01-21",交通运输,112,17
1330,"2023-01-21",农林牧渔,11,1
1331,"2023-01-22",科教文体,19,4
1332,"2023-01-22",公卫医疗,7,70
1333,"2023-01-22",城乡建设,23,66
1334,"2023-01-22",交通运输,26,2
1335,"2023-01-22",农林牧渔,110,0
1336,"2023-01-23",科教文体,247,7
1337,"2023-01-23",公卫医疗,161,10
1338,"2023-01-23",城乡建设,108,9
1339,"2023-01-23",交通运输,158,58
1340,"2023-01-23",农林牧渔,27,17
1341,"2023-01-24",科教文体,12,77
1342,"2023-01-24",公卫医疗,79,33
1343,"2023-01-24",城乡建设,22,0
1344,"2023-01-24",交通运输,80,17
1345,"2023-01-24",农林牧渔,36,8
1346,"2023-01-25",科教文体,17,83
1347,"2023-01-25",公卫医疗,24,32
1348,"2023-01-25",城乡建设,92,23
1349,"2023-01-25",交通运输,68,42
1350,"2023-01-25",农林牧渔,59,40
1351,"2023-01-26",科教文体,107,8
1352,"2023-01-26",公卫医疗,2,1
1353,"2023-01-26",城乡建设,36,6
1354,"2023-01-26",交通运输,162,77
1355,"2023-01-26",农林牧渔,84,104
1356,"2023-01-27",科教文体,4,0
1357,"2023-01-27",公卫医疗,112,26
1358,"2023-01-27",城乡建设,88,108
1359,"2023-01-27",交通运输,17,4
1360,"2023-01-27",农林牧渔,90,0
1361,"2023-01-28",科教文体,33,6
1362,"2023-01-28",公卫医疗,51,18
1363,"2023-01-28",城乡建设,31,47
1364,"2023-01-28",交通运输,184,7
1365,"2023-01-28",农林牧渔,19,1
1366,"2023-01-29",科教文体,12,10
1367,"2023-01-29",公卫医疗,6,77
1368,"2023-01-29",城乡建设,4,8
1369,"2023-01-29",交通运输,28,12
1370,"2023-01-29",农林牧渔,2,1
1371,"2023-01-30",科教文体,10,11
1372,"2023-01-30",公卫医疗,50,21
1373,"2023-01-30",城乡建设,10,13
1374,"2023-01-30",交通运输,53,37
1375,"2023-01-30",农林牧渔,37,12
1376,"2023-01-31",科教文体,16,18
1377,"2023-01-31",公卫医疗,183,15
1378,"2023-01-31",城乡建设,102,218
1379,"2023-01-31",交通运输,19,12
1380,"2023-01-31",农林牧渔,0,60
1381,"2023-02-01",科教文体,87,6
1382,"2023-02-01",公卫医疗,25,2
1383,"2023-02-01",城乡建设,71,22
1384,"2023-02-01",交通运输,24,58
1385,"2023-02-01",农林牧渔,6,8
1386,"2023-02-02",科教文体,6,64
1387,"2023-02-02",公卫医疗,0,2
1388,"2023-02-02",城乡建设,37,15
1389,"2023-02-02",交通运输,18,0
1390,"2023-02-02",农林牧渔,9,11
1391,"2023-02-03",科教文体,196,22
1392,"2023-02-03",公卫医疗,69,57
1393,"2023-02-03",城乡建设,83,54
1394,"2023-02-03",交通运输,107,6
1395,"2023-02-03",农林牧渔,140,98
1396,"2023-02-04",科教文体,266,146
1397,"2023-02-04",公卫医疗,21,0
1398,"2023-02-04",城乡建设,56,7
1399,"2023-02-04",交通运输,34,0
1400,"2023-02-04",农林牧渔,3,51
1401,"2023-02-05",科教文体,28,4
1402,"2023-02-05",公卫医疗,69,32
1403,"2023-02-05",城乡建设,14,1
1404,"2023-02-05",交通运输,19,10
1405,"2023-02-05",农林牧渔,57,5
1406,"2023-02-06",科教文体,54,134
1407,"2023-02-06",公卫医疗,40,11
1408,"2023-02-06",城乡建设,9,105
1409,"2023-02-06",交通运输,93,72
1410,"2023-02-06",农林牧渔,11,17
1411,"2023-02-07",科教文体,11,1
1412,"2023-02-07",公卫医疗,0,4
1413,"2023-02-07",城乡建设,26,62
1414,"2023-02-07",交通运输,12,49
1415,"2023-02-07",农林牧渔,36,19
1416,"2023-02-08",科教文体,218,126
1417,"2023-02-08",公卫医疗,3,9
1418,"2023-02-08",城乡建设,309,0
1419,"2023-02-08",交通运输,78,17
1420,"2023-02-08",农林牧渔,13,14
1421,"2023-02-09",科教文体,12,37
1422,"2023-02-09",公卫医疗,5,0
1423,"2023-02-09",城乡建设,150,38
1424,"2023-02-09",交通运输,26,6
1425,"2023-02-09",农林牧渔,115,61
1426,"2023-02-10",科教文体,39,14
1427,"2023-02-10",公卫医疗,6,8
1428,"2023-02-10",城乡建设,9,84
1429,"2023-02-10",交通运输,148,0
1430,"2023-02-10",农林牧渔,58,4
1431,"2023-02-11",科教文体,71,2
1432,"2023-02-11",公卫医疗,18,1
1433,"2023-02-11",城乡建设,157,16
1434,"2023-02-11",交通运输,18,1
1435,"2023-02-11",农林牧渔,3,41
1436,"2023-02-12",科教文体,47,11
1437,"2023-02-12",公卫医疗,59,86
1438,"2023-02-12",城乡建设,4,3
1439,"2023-02-12",交通运输,60,82
1440,"2023-02-12",农林牧渔,28,15
1441,"2023-02-13",科教文体,265,39
1442,"2023-02-13",公卫医疗,39,14
1443,"2023-02-13",城乡建设,96,24
1444,"2023-02-13",交通运输,99,3
1445,"2023-02-13",农林牧渔,95,0
1446,"2023-02-14",科教文体,240,6
1447,"2023-02-14",公卫医疗,158,75
1448,"2023-02-14",城乡建设,11,7
1449,"2023-02-14",交通运输,105,5
1450,"2023-02-14",农林牧渔,68,11
1451,"2023-02-15",科教文体,25,1
1452,"2023-02-15",公卫医疗,149,30
1453,"2023-02-15",城乡建设,217,9
1454,"2023-02-15",交通运输,62,164
1455,"2023-02-15",农林牧渔,137,12
1456,"2023-02-16",科教文体,23,13
1457,"2023-02-16",公卫医疗,12,0
1458,"2023-02-16",城乡建设,19,59
1459,"2023-02-16",交通运输,127,28
1460,"2023-02-16",农林牧渔,57,18
1461,"2023-02-17",科教文体,131,29
1462,"2023-02-17",公卫医疗,45,34
1463,"2023-02-17",城乡建设,100,2
1464,"2023-02-17",交通运输,100,12
1465,"2023-02-17",农林牧渔,115,44
1466,"2023-02-18",科教文体,22,18
1467,"2023-02-18",公卫医疗,136,38
1468,"2023-02-18",城乡建设,30,14
1469,"2023-02-18",交通运输,161,18
1470,"2023-02-18",农林牧渔,189,1
1471,"2023-02-19",科教文体,159,99
1472,"2023-02-19",公卫医疗,114,69
1473,"2023-02-19",城乡建设,119,5
1474,"2023-02-19",交通运输,9,20
1475,"2023-02-19",农林牧渔,44,10
1476,"2023-02-20",科教文体,108,8
1477,"2023-02-20",公卫医疗,116,33
1478,"2023-02-20",城乡建设,89,83
1479,"2023-02-20",交通运输,102,67
1480,"2023-02-20",农林牧渔,45,4
1481,"2023-02-21",科教文体,0,103
1482,"2023-02-21",公卫医疗,61,86
1483,"2023-02-21",城乡建设,66,82
1484,"2023-02-21",交通运输,2,4
1485,"2023-02-21",农林牧渔,14,91
1486,"2023-02-22",科教文体,9,0
1487,"2023-02-22",公卫医疗,38,1
1488,"2023-02-22",城乡建设,58,53
1489,"2023-02-22",交通运输,22,49
1490,"2023-02-22",农林牧渔,95,15
1491,"2023-02-23",科教文体,21,14
1492,"2023-02-23",公卫医疗,148,19
1493,"2023-02-23",城乡建设,97,0
1494,"2023-02-23",交通运输,41,2
1495,"2023-02-23",农林牧渔,112,101
1496,"2023-02-24",科教文体,29,68
1497,"2023-02-24",公卫医疗,34,51
1498,"2023-02-24",城乡建设,57,32
1499,"2023-02-24",交通运输,209,14
1500,"2023-02-24",农林牧渔,45,145
1501,"2023-02-25",科教文体,125,28
1502,"2023-02-25",公卫医疗,19,6
1503,"2023-02-25",城乡建设,41,1
1504,"2023-02-25",交通运输,99,4
1505,"2023-02-25",农林牧渔,54,61
1506,"2023-02-26",科教文体,48,146
1507,"2023-02-26",公卫医疗,105,50
1508,"2023-02-26",城乡建设,109,2
1509,"2023-02-26",交通运输,44,92
1510,"2023-02-26",农林牧渔,171,13
1511,"2023-02-27",科教文体,27,33
1512,"2023-02-27",公卫医疗,332,115
1513,"2023-02-27",城乡建设,37,0
1514,"2023-02-27",交通运输,5,16
1515,"2023-02-27",农林牧渔,53,15
1516,"2023-02-28",科教文体,7,6
1517,"2023-02-28",公卫医疗,66,5
1518,"2023-02-28",城乡建设,41,128
1519,"2023-02-28",交通运输,5,44
1520,"2023-02-28",农林牧渔,31,60
1521,"2023-03-01",科教文体,99,31
1522,"2023-03-01",公卫医疗,10,1
1523,"2023-03-01",城乡建设,52,14
1524,"2023-03-01",交通运输,79,3
1525,"2023-03-01",农林牧渔,41,16
1526,"2023-03-02",科教文体,66,2
1527,"2023-03-02",公卫医疗,10,5
1528,"2023-03-02",城乡建设,92,13
1529,"2023-03-02",交通运输,24,81
1530,"2023-03-02",农林牧渔,33,5
1531,"2023-03-03",科教文体,102,20
1532,"2023-03-03",公卫医疗,173,0
1533,"2023-03-03",城乡建设,95,15
1534,"2023-03-03",交通运输,64,17
1535,"2023-03-03",农林牧渔,66,5
1536,"2023-03-04",科教文体,5,3
1537,"2023-03-04",公卫医疗,2,0
1538,"2023-03-04",城乡建设,95,27
1539,"2023-03-04",交通运输,145,77
1540,"2023-03-04",农林牧渔,134,6
1541,"2023-03-05",科教文体,21,57
1542,"2023-03-05",公卫医疗,83,6
1543,"2023-03-05",城乡建设,13,4
1544,"2023-03-05",交通运输,87,6
1545,"2023-03-05",农林牧渔,60,71
1546,"2023-03-06",科教文体,146,7
1547,"2023-03-06",公卫医疗,55,5
1548,"2023-03-06",城乡建设,83,0
1549,"2023-03-06",交通运输,159,54
1550,"2023-03-06",农林牧渔,29,2
1551,"2023-03-07",科教文体,10,87
1552,"2023-03-07",公卫医疗,20,91
1553,"2023-03-07",城乡建设,145,22
1554,"2023-03-07",交通运输,106,12
1555,"2023-03-07",农林牧渔,42,0
1556,"2023-03-08",科教文体,24,62
1557,"2023-03-08",公卫医疗,39,16
1558,"2023-03-08",城乡建设,2,1
1559,"2023-03-08",交通运输,41,57
1560,"2023-03-08",农林牧渔,27,123
1561,"2023-03-09",科教文体,90,12
1562,"2023-03-09",公卫医疗,99,32
1563,"2023-03-09",城乡建设,90,0
1564,"2023-03-09",交通运输,207,0
1565,"2023-03-09",农林牧渔,72,10
1566,"2023-03-10",科教文体,89,20
1567,"2023-03-10",公卫医疗,27,0
1568,"2023-03-10",城乡建设,211,17
1569,"2023-03-10",交通运输,7,1
1570,"2023-03-10",农林牧渔,120,51
1571,"2023-03-11",科教文体,14,70
1572,"2023-03-11",公卫医疗,43,5
1573,"2023-03-11",城乡建设,3,1
1574,"2023-03-11",交通运输,71,12
1575,"2023-03-11",农林牧渔,100,4
1576,"2023-03-12",科教文体,28,23
1577,"2023-03-12",公卫医疗,30,94
1578,"2023-03-12",城乡建设,103,39
1579,"2023-03-12",交通运输,58,38
1580,"2023-03-12",农林牧渔,5,121
1581,"2023-03-13",科教文体,54,115
1582,"2023-03-13",公卫医疗,139,24
1583,"2023-03-13",城乡建设,37,8
1584,"2023-03-13",交通运输,138,9
1585,"2023-03-13",农林牧渔,182,16
1586,"2023-03-14",科教文体,55,14
1587,"2023-03-14",公卫医疗,187,32
1588,"2023-03-14",城乡建设,4,72
1589,"2023-03-14",交通运输,15,10
1590,"2023-03-14",农林牧渔,86,9
1591,"2023-03-15",科教文体,44,28
1592,"2023-03-15",公卫医疗,43,25
1593,"2023-03-15",城乡建设,60,47
1594,"2023-03-15",交通运输,1,2
1595,"2023-03-15",农林牧渔,15,6
1596,"2023-03-16",科教文体,172,1
1597,"2023-03-16",公卫医疗,40,97
1598,"2023-03-16",城乡建设,37,6
1599,"2023-03-16",交通运输,69,42
1600,"2023-03-16",农林牧渔,91,7
1601,"2023-03-17",科教文体,81,67
1602,"2023-03-17",公卫医疗,46,19
1603,"2023-03-17",城乡建设,22,63
1604,"2023-03-17",交通运输,18,16
1605,"2023-03-17",农林牧渔,32,58
1606,"2023-03-18",科教文体,72,16
1607,"2023-03-18",公卫医疗,103,0
1608,"2023-03-18",城乡建设,172,17
1609,"2023-03-18",交通运输,10,82
1610,"2023-03-18",农林牧渔,13,113
1611,"2023-03-19",科教文体,43,5
1612,"2023-03-19",公卫医疗,37,53
1613,"2023-03-19",城乡建设,88,3
1614,"2023-03-19",交通运输,16,0
1615,"2023-03-19",农林牧渔,2,12
1616,"2023-03-20",科教文体,28,43
1617,"2023-03-20",公卫医疗,91,24
1618,"2023-03-20",城乡建设,116,34
1619,"2023-03-20",交通运输,259,19
1620,"2023-03-20",农林牧渔,168,66
1621,"2023-03-21",科教文体,27,65
1622,"2023-03-21",公卫医疗,31,70
1623,"2023-03-21",城乡建设,8,3
1624,"2023-03-21",交通运输,148,0
1625,"2023-03-21",农林牧渔,100,10
1626,"2023-03-22",科教文体,109,1
1627,"2023-03-22",公卫医疗,58,2
1628,"2023-03-22",城乡建设,12,10
1629,"2023-03-22",交通运输,196,41
1630,"2023-03-22",农林牧渔,50,105
1631,"2023-03-23",科教文体,31,70
1632,"2023-03-23",公卫医疗,151,7
1633,"2023-03-23",城乡建设,21,100
1634,"2023-03-23",交通运输,8,9
1635,"2023-03-23",农林牧渔,197,6
1636,"2023-03-24",科教文体,173,49
1637,"2023-03-24",公卫医疗,27,0
1638,"2023-03-24",城乡建设,199,51
1639,"2023-03-24",交通运输,63,59
1640,"2023-03-24",农林牧渔,16,34
1641,"2023-03-25",科教文体,46,13
1642,"2023-03-25",公卫医疗,25,5
1643,"2023-03-25",城乡建设,17,0
1644,"2023-03-25",交通运输,34,14
1645,"2023-03-25",农林牧渔,4,28
1646,"2023-03-26",科教文体,16,68
1647,"2023-03-26",公卫医疗,133,63
1648,"2023-03-26",城乡建设,96,29
1649,"2023-03-26",交通运输,2,13
1650,"2023-03-26",农林牧渔,42,18
1651,"2023-03-27",科教文体,104,34
1652,"2023-03-27",公卫医疗,85,56
1653,"2023-03-27",城乡建设,119,21
1654,"2023-03-27",交通运输,221,2
1655,"2023-03-27",农林牧渔,1,5
1656,"2023-03-28",科教文体,100,3
1657,"2023-03-28",公卫医疗,21,3
1658,"2023-03-28",城乡建设,109,5
1659,"2023-03-28",交通运输,3,0
1660,"2023-03-28",农林牧渔,71,5
1661,"2023-03-29",科教文体,64,3
1662,"2023-03-29",公卫医疗,63,18
1663,"2023-03-29",城乡建设,1,28
1664,"2023-03-29",交通运输,69,22
1665,"2023-03-29",农林牧渔,45,44
1666,"2023-03-30",科教文体,40,2
1667,"2023-03-30",公卫医疗,51,36
1668,"2023-03-30",城乡建设,49,58
1669,"2023-03-30",交通运输,4,48
1670,"2023-03-30",农林牧渔,73,11
1671,"2023-03-31",科教文体,13,36
1672,"2023-03-31",公卫医疗,84,27
1673,"2023-03-31",城乡建设,19,0
1674,"2023-03-31",交通运输,9,4
1675,"2023-03-31",农林牧渔,0,0
1676,"2023-04-01",科教文体,25,1
1677,"2023-04-01",公卫医疗,15,24
1678,"2023-04-01",城乡建设,0,42
1679,"2023-04-01",交通运输,23,25
1680,"2023-04-01",农林牧渔,17,2
1681,"2023-04-02",科教文体,12,19
1682,"2023-04-02",公卫医疗,23,33
1683,"2023-04-02",城乡建设,31,7
1684,"2023-04-02",交通运输,63,6
1685,"2023-04-02",农林牧渔,29,27
1686,"2023-04-03",科教文体,41,4
1687,"2023-04-03",公卫医疗,42,88
1688,"2023-04-03",城乡建设,4,2
1689,"2023-04-03",交通运输,9,0
1690,"2023-04-03",农林牧渔,145,11
1691,"2023-04-04",科教文体,69,19
1692,"2023-04-04",公卫医疗,137,36
1693,"2023-04-04",城乡建设,1,74
1694,"2023-04-04",交通运输,16,70
1695,"2023-04-04",农林牧渔,75,6
1696,"2023-04-05",科教文体,66,11
1697,"2023-04-05",公卫医疗,75,4
1698,"2023-04-05",城乡建设,82,22
1699,"2023-04-05",交通运输,9,17
1700,"2023-04-05",农林牧渔,68,18
1701,"2023-04-06",科教文体,15,17
1702,"2023-04-06",公卫医疗,8,56
1703,"2023-04-06",城乡建设,13,20
1704,"2023-04-06",交通运输,42,37
1705,"2023-04-06",农林牧渔,72,19
1706,"2023-04-07",科教文体,10,2
1707,"2023-04-07",公卫医疗,76,2
1708,"2023-04-07",城乡建设,6,6
1709,"2023-04-07",交通运输,286,140
1710,"2023-04-07",农林牧渔,55,18
1711,"2023-04-08",科教文体,9,54
1712,"2023-04-08",公卫医疗,31,17
1713,"2023-04-08",城乡建设,39,1
1714,"2023-04-08",交通运输,25,32
1715,"2023-04-08",农林牧渔,51,4
1716,"2023-04-09",科教文体,161,19
1717,"2023-04-09",公卫医疗,110,4
1718,"2023-04-09",城乡建设,69,175
1719,"2023-04-09",交通运输,41,73
1720,"2023-04-09",农林牧渔,3,13
1721,"2023-04-10",科教文体,25,39
1722,"2023-04-10",公卫医疗,90,72
1723,"2023-04-10",城乡建设,216,2
1724,"2023-04-10",交通运输,21,25
1725,"2023-04-10",农林牧渔,182,23
1726,"2023-04-11",科教文体,3,23
1727,"2023-04-11",公卫医疗,137,6
1728,"2023-04-11",城乡建设,237,9
1729,"2023-04-11",交通运输,136,29
1730,"2023-04-11",农林牧渔,202,1
1731,"2023-04-12",科教文体,54,95
1732,"2023-04-12",公卫医疗,12,8
1733,"2023-04-12",城乡建设,74,32
1734,"2023-04-12",交通运输,79,4
1735,"2023-04-12",农林牧渔,34,31
1736,"2023-04-13",科教文体,102,6
1737,"2023-04-13",公卫医疗,52,105
1738,"2023-04-13",城乡建设,0,0
1739,"2023-04-13",交通运输,54,104
1740,"2023-04-13",农林牧渔,247,63
1741,"2023-04-14",科教文体,156,25
1742,"2023-04-14",公卫医疗,114,7
1743,"2023-04-14",城乡建设,21,67
1744,"2023-04-14",交通运输,164,3
1745,"2023-04-14",农林牧渔,50,17
1746,"2023-04-15",科教文体,6,215
1747,"2023-04-15",公卫医疗,24,21
1748,"2023-04-15",城乡建设,348,28
1749,"2023-04-15",交通运输,170,1
1750,"2023-04-15",农林牧渔,3,0
1751,"2023-04-16",科教文体,34,7
1752,"2023-04-16",公卫医疗,37,36
1753,"2023-04-16",城乡建设,159,18
1754,"2023-04-16",交通运输,75,30
1755,"2023-04-16",农林牧渔,2,4
1756,"2023-04-17",科教文体,23,15
1757,"2023-04-17",公卫医疗,69,81
1758,"2023-04-17",城乡建设,3,0
1759,"2023-04-17",交通运输,176,11
1760,"2023-04-17",农林牧渔,201,38
1761,"2023-04-18",科教文体,52,6
1762,"2023-04-18",公卫医疗,25,37
1763,"2023-04-18",城乡建设,76,0
1764,"2023-04-18",交通运输,70,29
1765,"2023-04-18",农林牧渔,100,16
1766,"2023-04-19",科教文体,81,59
1767,"2023-04-19",公卫医疗,69,71
1768,"2023-04-19",城乡建设,99,17
1769,"2023-04-19",交通运输,54,74
1770,"2023-04-19",农林牧渔,14,27
1771,"2023-04-20",科教文体,162,75
1772,"2023-04-20",公卫医疗,101,7
1773,"2023-04-20",城乡建设,46,10
1774,"2023-04-20",交通运输,34,82
1775,"2023-04-20",农林牧渔,37,7
1776,"2023-04-21",科教文体,144,28
1777,"2023-04-21",公卫医疗,102,16
1778,"2023-04-21",城乡建设,45,98
1779,"2023-04-21",交通运输,22,10
1780,"2023-04-21",农林牧渔,0,34
1781,"2023-04-22",科教文体,133,15
1782,"2023-04-22",公卫医疗,67,2
1783,"2023-04-22",城乡建设,147,23
1784,"2023-04-22",交通运输,33,13
1785,"2023-04-22",农林牧渔,75,141
1786,"2023-04-23",科教文体,9,7
1787,"2023-04-23",公卫医疗,24,25
1788,"2023-04-23",城乡建设,43,59
1789,"2023-04-23",交通运输,103,3
1790,"2023-04-23",农林牧渔,28,46
1791,"2023-04-24",科教文体,63,27
1792,"2023-04-24",公卫医疗,29,62
1793,"2023-04-24",城乡建设,40,19
1794,"2023-04-24",交通运输,62,7
1795,"2023-04-24",农林牧渔,6,49
1796,"2023-04-25",科教文体,158,68
1797,"2023-04-25",公卫医疗,127,28
1798,"2023-04-25",城乡建设,68,15
1799,"2023-04-25",交通运输,11,8
1800,"2023-04-25",农林牧渔,141,27
1801,"2023-04-26",科教文体,178,4
1802,"2023-04-26",公卫医疗,57,1
1803,"2023-04-26",城乡建设,62,67
1804,"2023-04-26",交通运输,99,23
1805,"2023-04-26",农林牧渔,124,67
1806,"2023-04-27",科教文体,74,31
1807,"2023-04-27",公卫医疗,8,15
1808,"2023-04-27",城乡建设,65,9
1809,"2023-04-27",交通运输,101,36
1810,"2023-04-27",农林牧渔,157,60
1811,"2023-04-28",科教文体,98,11
1812,"2023-04-28",公卫医疗,94,195
1813,"2023-04-28",城乡建设,73,70
1814,"2023-04-28",交通运输,130,58
1815,"2023-04-28",农林牧渔,1,12
1816,"2023-04-29",科教文体,8,17
1817,"2023-04-29",公卫医疗,156,0
1818,"2023-04-29",城乡建设,183,58
1819,"2023-04-29",交通运输,27,3
1820,"2023-04-29",农林牧渔,60,14
1821,"2023-04-30",科教文体,59,1
1822,"2023-04-30",公卫医疗,2,3
1823,"2023-04-30",城乡建设,121,2
1824,"2023-04-30",交通运输,13,7
1825,"2023-04-30",农林牧渔,0,3
1826,"2023-05-01",科教文体,24,32
1827,"2023-05-01",公卫医疗,13,23
1828,"2023-05-01",城乡建设,2,66
1829,"2023-05-01",交通运输,87,7
1830,"2023-05-01",农林牧渔,9,87
1831,"2023-05-02",科教文体,57,27
1832,"2023-05-02",公卫医疗,4,158
1833,"2023-05-02",城乡建设,131,20
1834,"2023-05-02",交通运输,38,10
1835,"2023-05-02",农林牧渔,55,10
1836,"2023-05-03",科教文体,9,2
1837,"2023-05-03",公卫医疗,151,104
1838,"2023-05-03",城乡建设,12,35
1839,"2023-05-03",交通运输,31,30
1840,"2023-05-03",农林牧渔,82,3
1841,"2023-05-04",科教文体,33,18
1842,"2023-05-04",公卫医疗,36,94
1843,"2023-05-04",城乡建设,3,2
1844,"2023-05-04",交通运输,125,23
1845,"2023-05-04",农林牧渔,76,17
1846,"2023-05-05",科教文体,49,17
1847,"2023-05-05",公卫医疗,38,12
1848,"2023-05-05",城乡建设,72,6
1849,"2023-05-05",交通运输,28,32
1850,"2023-05-05",农林牧渔,3,6
1851,"2023-05-06",科教文体,64,90
1852,"2023-05-06",公卫医疗,133,0
1853,"2023-05-06",城乡建设,98,22
1854,"2023-05-06",交通运输,286,12
1855,"2023-05-06",农林牧渔,55,10
1856,"2023-05-07",科教文体,16,38
1857,"2023-05-07",公卫医疗,11,11
1858,"2023-05-07",城乡建设,49,31
1859,"2023-05-07",交通运输,59,21
1860,"2023-05-07",农林牧渔,44,6
1861,"2023-05-08",科教文体,51,12
1862,"2023-05-08",公卫医疗,275,11
1863,"2023-05-08",城乡建设,2,0
1864,"2023-05-08",交通运输,110,126
1865,"2023-05-08",农林牧渔,53,72
1866,"2023-05-09",科教文体,71,15
1867,"2023-05-09",公卫医疗,22,0
1868,"2023-05-09",城乡建设,134,10
1869,"2023-05-09",交通运输,28,33
1870,"2023-05-09",农林牧渔,27,52
1871,"2023-05-10",科教文体,67,4
1872,"2023-05-10",公卫医疗,105,55
1873,"2023-05-10",城乡建设,12,76
1874,"2023-05-10",交通运输,30,112
1875,"2023-05-10",农林牧渔,25,31
1876,"2023-05-11",科教文体,29,1
1877,"2023-05-11",公卫医疗,69,6
1878,"2023-05-11",城乡建设,33,1
1879,"2023-05-11",交通运输,26,0
1880,"2023-05-11",农林牧渔,96,1
1881,"2023-05-12",科教文体,99,8
1882,"2023-05-12",公卫医疗,0,0
1883,"2023-05-12",城乡建设,5,23
1884,"2023-05-12",交通运输,116,15
1885,"2023-05-12",农林牧渔,161,14
1886,"2023-05-13",科教文体,17,1
1887,"2023-05-13",公卫医疗,75,45
1888,"2023-05-13",城乡建设,43,48
1889,"2023-05-13",交通运输,14,11
1890,"2023-05-13",农林牧渔,73,52
1891,"2023-05-14",科教文体,47,10
1892,"2023-05-14",公卫医疗,88,0
1893,"2023-05-14",城乡建设,4,30
1894,"2023-05-14",交通运输,82,13
1895,"2023-05-14",农林牧渔,21,24
1896,"2023-05-15",科教文体,79,47
1897,"2023-05-15",公卫医疗,36,4
1898,"2023-05-15",城乡建设,62,120
1899,"2023-05-15",交通运输,31,25
1900,"2023-05-15",农林牧渔,114,42
1901,"2023-05-16",科教文体,164,26
1902,"2023-05-16",公卫医疗,110,194
1903,"2023-05-16",城乡建设,151,55
1904,"2023-05-16",交通运输,19,11
1905,"2023-05-16",农林牧渔,23,17
1906,"2023-05-17",科教文体,18,4
1907,"2023-05-17",公卫医疗,6,48
1908,"2023-05-17",城乡建设,25,54
1909,"2023-05-17",交通运输,1,0
1910,"2023-05-17",农林牧渔,40,4
1911,"2023-05-18",科教文体,129,2
1912,"2023-05-18",公卫医疗,16,1
1913,"2023-05-18",城乡建设,127,51
1914,"2023-05-18",交通运输,8,32
1915,"2023-05-18",农林牧渔,40,41
1916,"2023-05-19",科教文体,2,0
1917,"2023-05-19",公卫医疗,77,16
1918,"2023-05-19",城乡建设,2,158
1919,"2023-05-19",交通运输,6,0
1920,"2023-05-19",农林牧渔,118,32
1921,"2023-05-20",科教文体,63,2
1922,"2023-05-20",公卫医疗,61,34
1923,"2023-05-20",城乡建设,39,29
1924,"2023-05-20",交通运输,19,79
1925,"2023-05-20",农林牧渔,78,0
1926,"2023-05-21",科教文体,51,1
1927,"2023-05-21",公卫医疗,100,2
1928,"2023-05-21",城乡建设,89,5
1929,"2023-05-21",交通运输,74,80
1930,"2023-05-21",农林牧渔,21,11
1931,"2023-05-22",科教文体,109,38
1932,"2023-05-22",公卫医疗,0,9
1933,"2023-05-22",城乡建设,13,44
1934,"2023-05-22",交通运输,45,5
1935,"2023-05-22",农林牧渔,59,12
1936,"2023-05-23",科教文体,43,43
1937,"2023-05-23",公卫医疗,84,0
1938,"2023-05-23",城乡建设,133,19
1939,"2023-05-23",交通运输,55,3
1940,"2023-05-23",农林牧渔,63,0
1941,"2023-05-24",科教文体,123,72
1942,"2023-05-24",公卫医疗,52,19
1943,"2023-05-24",城乡建设,18,121
1944,"2023-05-24",交通运输,91,4
1945,"2023-05-24",农林牧渔,84,37
1946,"2023-05-25",科教文体,12,2
1947,"2023-05-25",公卫医疗,54,2
1948,"2023-05-25",城乡建设,21,3
1949,"2023-05-25",交通运输,33,8
1950,"2023-05-25",农林牧渔,31,3
1951,"2023-05-26",科教文体,162,26
1952,"2023-05-26",公卫医疗,1,2
1953,"2023-05-26",城乡建设,8,63
1954,"2023-05-26",交通运输,257,5
1955,"2023-05-26",农林牧渔,53,43
1956,"2023-05-27",科教文体,33,5
1957,"2023-05-27",公卫医疗,72,2
1958,"2023-05-27",城乡建设,104,0
1959,"2023-05-27",交通运输,41,45
1960,"2023-05-27",农林牧渔,115,36
1961,"2023-05-28",科教文体,104,12
1962,"2023-05-28",公卫医疗,10,2
1963,"2023-05-28",城乡建设,120,1
1964,"2023-05-28",交通运输,10,94
1965,"2023-05-28",农林牧渔,18,21
1966,"2023-05-29",科教文体,0,23
1967,"2023-05-29",公卫医疗,161,2
1968,"2023-05-29",城乡建设,4,10
1969,"2023-05-29",交通运输,4,0
1970,"2023-05-29",农林牧渔,42,88
1971,"2023-05-30",科教文体,590,24
1972,"2023-05-30",公卫医疗,26,11
1973,"2023-05-30",城乡建设,21,18
1974,"2023-05-30",交通运输,8,12
1975,"2023-05-30",农林牧渔,4,26
1976,"2023-05-31",科教文体,104,59
1977,"2023-05-31",公卫医疗,37,50
1978,"2023-05-31",城乡建设,61,14
1979,"2023-05-31",交通运输,221,16
1980,"2023-05-31",农林牧渔,13,0
1981,"2023-06-01",科教文体,35,36
1982,"2023-06-01",公卫医疗,100,31
1983,"2023-06-01",城乡建设,1,7
1984,"2023-06-01",交通运输,191,0
1985,"2023-06-01",农林牧渔,62,20
1986,"2023-06-02",科教文体,62,7
1987,"2023-06-02",公卫医疗,112,1
1988,"2023-06-02",城乡建设,31,27
1989,"2023-06-02",交通运输,15,1
1990,"2023-06-02",农林牧渔,14,0
1991,"2023-06-03",科教文体,37,26
1992,"2023-06-03",公卫医疗,109,18
1993,"2023-06-03",城乡建设,81,0
1994,"2023-06-03",交通运输,216,18
1995,"2023-06-03",农林牧渔,185,42
1996,"2023-06-04",科教文体,31,121
1997,"2023-06-04",公卫医疗,3,0
1998,"2023-06-04",城乡建设,12,23
1999,"2023-06-04",交通运输,210,34
2000,"2023-06-04",农林牧渔,28,0
2001,"2023-06-05",科教文体,92,1
2002,"2023-06-05",公卫医疗,146,139
2003,"2023-06-05",城乡建设,2,8
2004,"2023-06-05",交通运输,27,12
2005,"2023-06-05",农林牧渔,40,6
2006,"2023-06-06",科教文体,126,1
2007,"2023-06-06",公卫医疗,2,0
2008,"2023-06-06",城乡建设,65,34
2009,"2023-06-06",交通运输,34,14
2010,"2023-06-06",农林牧渔,42,31
2011,"2023-06-07",科教文体,138,0
2012,"2023-06-07",公卫医疗,48,8
2013,"2023-06-07",城乡建设,57,62
2014,"2023-06-07",交通运输,24,7
2015,"2023-06-07",农林牧渔,4,5
2016,"2023-06-08",科教文体,75,38
2017,"2023-06-08",公卫医疗,74,1
2018,"2023-06-08",城乡建设,29,112
2019,"2023-06-08",交通运输,113,22
2020,"2023-06-08",农林牧渔,15,12
2021,"2023-06-09",科教文体,154,34
2022,"2023-06-09",公卫医疗,46,21
2023,"2023-06-09",城乡建设,5,10
2024,"2023-06-09",交通运输,61,2
2025,"2023-06-09",农林牧渔,123,7
2026,"2023-06-10",科教文体,53,128
2027,"2023-06-10",公卫医疗,6,9
2028,"2023-06-10",城乡建设,19,17
2029,"2023-06-10",交通运输,112,126
2030,"2023-06-10",农林牧渔,47,47
2031,"2023-06-11",科教文体,112,17
2032,"2023-06-11",公卫医疗,126,1
2033,"2023-06-11",城乡建设,103,13
2034,"2023-06-11",交通运输,38,24
2035,"2023-06-11",农林牧渔,2,3
2036,"2023-06-12",科教文体,4,78
2037,"2023-06-12",公卫医疗,22,82
2038,"2023-06-12",城乡建设,34,23
2039,"2023-06-12",交通运输,2,3
2040,"2023-06-12",农林牧渔,56,189
2041,"2023-06-13",科教文体,34,103
2042,"2023-06-13",公卫医疗,163,22
2043,"2023-06-13",城乡建设,44,5
2044,"2023-06-13",交通运输,178,31
2045,"2023-06-13",农林牧渔,26,20
2046,"2023-06-14",科教文体,114,27
2047,"2023-06-14",公卫医疗,75,0
2048,"2023-06-14",城乡建设,30,28
2049,"2023-06-14",交通运输,156,13
2050,"2023-06-14",农林牧渔,2,20
2051,"2023-06-15",科教文体,113,12
2052,"2023-06-15",公卫医疗,23,61
2053,"2023-06-15",城乡建设,128,21
2054,"2023-06-15",交通运输,35,29
2055,"2023-06-15",农林牧渔,197,3
2056,"2023-06-16",科教文体,11,4
2057,"2023-06-16",公卫医疗,171,84
2058,"2023-06-16",城乡建设,18,5
2059,"2023-06-16",交通运输,238,6
2060,"2023-06-16",农林牧渔,41,5
2061,"2023-06-17",科教文体,92,3
2062,"2023-06-17",公卫医疗,5,2
2063,"2023-06-17",城乡建设,60,51
2064,"2023-06-17",交通运输,61,32
2065,"2023-06-17",农林牧渔,174,146
2066,"2023-06-18",科教文体,33,103
2067,"2023-06-18",公卫医疗,83,12
2068,"2023-06-18",城乡建设,70,235
2069,"2023-06-18",交通运输,6,39
2070,"2023-06-18",农林牧渔,121,32
2071,"2023-06-19",科教文体,128,0
2072,"2023-06-19",公卫医疗,5,5
2073,"2023-06-19",城乡建设,35,28
2074,"2023-06-19",交通运输,126,10
2075,"2023-06-19",农林牧渔,43,17
2076,"2023-06-20",科教文体,108,43
2077,"2023-06-20",公卫医疗,73,175
2078,"2023-06-20",城乡建设,6,1
2079,"2023-06-20",交通运输,35,66
2080,"2023-06-20",农林牧渔,85,31
2081,"2023-06-21",科教文体,227,12
2082,"2023-06-21",公卫医疗,176,2
2083,"2023-06-21",城乡建设,25,222
2084,"2023-06-21",交通运输,31,7
2085,"2023-06-21",农林牧渔,0,0
2086,"2023-06-22",科教文体,28,21
2087,"2023-06-22",公卫医疗,0,8
2088,"2023-06-22",城乡建设,71,8
2089,"2023-06-22",交通运输,26,19
2090,"2023-06-22",农林牧渔,47,10
2091,"2023-06-23",科教文体,28,13
2092,"2023-06-23",公卫医疗,169,21
2093,"2023-06-23",城乡建设,114,0
2094,"2023-06-23",交通运输,0,0
2095,"2023-06-23",农林牧渔,266,127
2096,"2023-06-24",科教文体,37,21
2097,"2023-06-24",公卫医疗,8,7
2098,"2023-06-24",城乡建设,270,11
2099,"2023-06-24",交通运输,166,1
2100,"2023-06-24",农林牧渔,14,18
2101,"2023-06-25",科教文体,154,14
2102,"2023-06-25",公卫医疗,13,70
2103,"2023-06-25",城乡建设,6,12
2104,"2023-06-25",交通运输,186,49
2105,"2023-06-25",农林牧渔,2,29
2106,"2023-06-26",科教文体,45,86
2107,"2023-06-26",公卫医疗,4,2
2108,"2023-06-26",城乡建设,19,159
2109,"2023-06-26",交通运输,54,5
2110,"2023-06-26",农林牧渔,115,0
2111,"2023-06-27",科教文体,15,10
2112,"2023-06-27",公卫医疗,96,155
2113,"2023-06-27",城乡建设,132,5
2114,"2023-06-27",交通运输,191,76
2115,"2023-06-27",农林牧渔,102,16
2116,"2023-06-28",科教文体,61,58
2117,"2023-06-28",公卫医疗,30,73
2118,"2023-06-28",城乡建设,54,13
2119,"2023-06-28",交通运输,1,12
2120,"2023-06-28",农林牧渔,77,32
2121,"2023-06-29",科教文体,72,24
2122,"2023-06-29",公卫医疗,14,73
2123,"2023-06-29",城乡建设,74,13
2124,"2023-06-29",交通运输,46,31
2125,"2023-06-29",农林牧渔,4,32
2126,"2023-06-30",科教文体,104,46
2127,"2023-06-30",公卫医疗,254,11
2128,"2023-06-30",城乡建设,105,17
2129,"2023-06-30",交通运输,8,24
2130,"2023-06-30",农林牧渔,13,62
2131,"2023-07-01",科教文体,173,19
2132,"2023-07-01",公卫医疗,5,6
2133,"2023-07-01",城乡建设,60,85
2134,"2023-07-01",交通运输,96,60
2135,"2023-07-01",农林牧渔,160,13
2136,"2023-07-02",科教文体,77,2
2137,"2023-07-02",公卫医疗,215,117
2138,"2023-07-02",城乡建设,20,0
2139,"2023-07-02",交通运输,38,23
2140,"2023-07-02",农林牧渔,189,11
2141,"2023-07-03",科教文体,124,7
2142,"2023-07-03",公卫医疗,0,4
2143,"2023-07-03",城乡建设,43,3
2144,"2023-07-03",交通运输,19,18
2145,"2023-07-03",农林牧渔,73,19
2146,"2023-07-04",科教文体,124,56
2147,"2023-07-04",公卫医疗,4,15
2148,"2023-07-04",城乡建设,185,38
2149,"2023-07-04",交通运输,12,1
2150,"2023-07-04",农林牧渔,59,123
2151,"2023-07-05",科教文体,5,3
2152,"2023-07-05",公卫医疗,2,1
2153,"2023-07-05",城乡建设,2,3
2154,"2023-07-05",交通运输,192,112
2155,"2023-07-05",农林牧渔,9,1
2156,"2023-07-06",科教文体,159,55
2157,"2023-07-06",公卫医疗,2,1
2158,"2023-07-06",城乡建设,100,18
2159,"2023-07-06",交通运输,278,5
2160,"2023-07-06",农林牧渔,127,61
2161,"2023-07-07",科教文体,185,3
2162,"2023-07-07",公卫医疗,11,8
2163,"2023-07-07",城乡建设,72,29
2164,"2023-07-07",交通运输,10,54
2165,"2023-07-07",农林牧渔,122,33
2166,"2023-07-08",科教文体,330,84
2167,"2023-07-08",公卫医疗,8,16
2168,"2023-07-08",城乡建设,118,32
2169,"2023-07-08",交通运输,41,27
2170,"2023-07-08",农林牧渔,10,7
2171,"2023-07-09",科教文体,139,4
2172,"2023-07-09",公卫医疗,34,1
2173,"2023-07-09",城乡建设,46,76
2174,"2023-07-09",交通运输,15,22
2175,"2023-07-09",农林牧渔,122,26
2176,"2023-07-10",科教文体,2,12
2177,"2023-07-10",公卫医疗,91,5
2178,"2023-07-10",城乡建设,22,23
2179,"2023-07-10",交通运输,68,15
2180,"2023-07-10",农林牧渔,7,12
2181,"2023-07-11",科教文体,3,6
2182,"2023-07-11",公卫医疗,69,74
2183,"2023-07-11",城乡建设,142,11
2184,"2023-07-11",交通运输,21,10
2185,"2023-07-11",农林牧渔,85,8
2186,"2023-07-12",科教文体,16,7
2187,"2023-07-12",公卫医疗,54,120
2188,"2023-07-12",城乡建设,15,0
2189,"2023-07-12",交通运输,9,175
2190,"2023-07-12",农林牧渔,4,137
2191,"2023-07-13",科教文体,27,31
2192,"2023-07-13",公卫医疗,41,2
2193,"2023-07-13",城乡建设,127,86
2194,"2023-07-13",交通运输,224,12
2195,"2023-07-13",农林牧渔,66,24
2196,"2023-07-14",科教文体,35,27
2197,"2023-07-14",公卫医疗,110,13
2198,"2023-07-14",城乡建设,20,5
2199,"2023-07-14",交通运输,30,4
2200,"2023-07-14",农林牧渔,155,28
2201,"2023-07-15",科教文体,82,5
2202,"2023-07-15",公卫医疗,112,4
2203,"2023-07-15",城乡建设,18,8
2204,"2023-07-15",交通运输,32,0
2205,"2023-07-15",农林牧渔,36,1
2206,"2023-07-16",科教文体,29,58
2207,"2023-07-16",公卫医疗,8,112
2208,"2023-07-16",城乡建设,47,6
2209,"2023-07-16",交通运输,10,52
2210,"2023-07-16",农林牧渔,86,125
2211,"2023-07-17",科教文体,27,104
2212,"2023-07-17",公卫医疗,104,80
2213,"2023-07-17",城乡建设,31,14
2214,"2023-07-17",交通运输,209,3
2215,"2023-07-17",农林牧渔,52,67
2216,"2023-07-18",科教文体,5,59
2217,"2023-07-18",公卫医疗,10,12
2218,"2023-07-18",城乡建设,27,19
2219,"2023-07-18",交通运输,33,17
2220,"2023-07-18",农林牧渔,40,2
2221,"2023-07-19",科教文体,47,7
2222,"2023-07-19",公卫医疗,125,19
2223,"2023-07-19",城乡建设,6,30
2224,"2023-07-19",交通运输,4,11
2225,"2023-07-19",农林牧渔,90,30
2226,"2023-07-20",科教文体,10,41
2227,"2023-07-20",公卫医疗,91,0
2228,"2023-07-20",城乡建设,183,3
2229,"2023-07-20",交通运输,89,67
2230,"2023-07-20",农林牧渔,0,19
2231,"2023-07-21",科教文体,74,46
2232,"2023-07-21",公卫医疗,81,59
2233,"2023-07-21",城乡建设,99,117
2234,"2023-07-21",交通运输,54,56
2235,"2023-07-21",农林牧渔,18,25
2236,"2023-07-22",科教文体,1,1
2237,"2023-07-22",公卫医疗,16,46
2238,"2023-07-22",城乡建设,110,78
2239,"2023-07-22",交通运输,19,52
2240,"2023-07-22",农林牧渔,3,189
2241,"2023-07-23",科教文体,37,10
2242,"2023-07-23",公卫医疗,2,103
2243,"2023-07-23",城乡建设,78,71
2244,"2023-07-23",交通运输,71,9
2245,"2023-07-23",农林牧渔,62,120
2246,"2023-07-24",科教文体,3,2
2247,"2023-07-24",公卫医疗,27,85
2248,"2023-07-24",城乡建设,11,1
2249,"2023-07-24",交通运输,24,11
2250,"2023-07-24",农林牧渔,30,52
2251,"2023-07-25",科教文体,119,18
2252,"2023-07-25",公卫医疗,9,9
2253,"2023-07-25",城乡建设,77,28
2254,"2023-07-25",交通运输,15,29
2255,"2023-07-25",农林牧渔,19,73
2256,"2023-07-26",科教文体,5,230
2257,"2023-07-26",公卫医疗,11,0
2258,"2023-07-26",城乡建设,144,37
2259,"2023-07-26",交通运输,19,72
2260,"2023-07-26",农林牧渔,23,19
2261,"2023-07-27",科教文体,36,10
2262,"2023-07-27",公卫医疗,115,36
2263,"2023-07-27",城乡建设,257,0
2264,"2023-07-27",交通运输,36,81
2265,"2023-07-27",农林牧渔,161,46
2266,"2023-07-28",科教文体,91,31
2267,"2023-07-28",公卫医疗,0,0
2268,"2023-07-28",城乡建设,8,0
2269,"2023-07-28",交通运输,18,1
2270,"2023-07-28",农林牧渔,58,33
2271,"2023-07-29",科教文体,134,10
2272,"2023-07-29",公卫医疗,142,40
2273,"2023-07-29",城乡建设,46,43
2274,"2023-07-29",交通运输,31,161
2275,"2023-07-29",农林牧渔,0,14
2276,"2023-07-30",科教文体,62,3
2277,"2023-07-30",公卫医疗,0,0
2278,"2023-07-30",城乡建设,35,2
2279,"2023-07-30",交通运输,4,31
2280,"2023-07-30",农林牧渔,4,38
2281,"2023-07-31",科教文体,80,48
2282,"2023-07-31",公卫医疗,142,45
2283,"2023-07-31",城乡建设,5,3
2284,"2023-07-31",交通运输,203,8
2285,"2023-07-31",农林牧渔,16,1
2286,"2023-08-01",科教文体,101,3
2287,"2023-08-01",公卫医疗,66,18
2288,"2023-08-01",城乡建设,25,2
2289,"2023-08-01",交通运输,15,4
2290,"2023-08-01",农林牧渔,0,97
2291,"2023-08-02",科教文体,2,3
2292,"2023-08-02",公卫医疗,33,0
2293,"2023-08-02",城乡建设,16,5
2294,"2023-08-02",交通运输,167,78
2295,"2023-08-02",农林牧渔,122,225
2296,"2023-08-03",科教文体,138,72
2297,"2023-08-03",公卫医疗,14,68
2298,"2023-08-03",城乡建设,52,8
2299,"2023-08-03",交通运输,2,3
2300,"2023-08-03",农林牧渔,73,16
2301,"2023-08-04",科教文体,45,1
2302,"2023-08-04",公卫医疗,7,47
2303,"2023-08-04",城乡建设,34,13
2304,"2023-08-04",交通运输,48,20
2305,"2023-08-04",农林牧渔,53,1
2306,"2023-08-05",科教文体,21,14
2307,"2023-08-05",公卫医疗,5,7
2308,"2023-08-05",城乡建设,9,48
2309,"2023-08-05",交通运输,54,62
2310,"2023-08-05",农林牧渔,21,29
2311,"2023-08-06",科教文体,57,86
2312,"2023-08-06",公卫医疗,201,90
2313,"2023-08-06",城乡建设,7,0
2314,"2023-08-06",交通运输,3,4
2315,"2023-08-06",农林牧渔,293,11
2316,"2023-08-07",科教文体,0,3
2317,"2023-08-07",公卫医疗,2,5
2318,"2023-08-07",城乡建设,87,16
2319,"2023-08-07",交通运输,60,41
2320,"2023-08-07",农林牧渔,5,17
2321,"2023-08-08",科教文体,67,48
2322,"2023-08-08",公卫医疗,24,79
2323,"2023-08-08",城乡建设,6,2
2324,"2023-08-08",交通运输,0,0
2325,"2023-08-08",农林牧渔,7,23
2326,"2023-08-09",科教文体,84,14
2327,"2023-08-09",公卫医疗,6,0
2328,"2023-08-09",城乡建设,8,11
2329,"2023-08-09",交通运输,93,34
2330,"2023-08-09",农林牧渔,21,24
2331,"2023-08-10",科教文体,12,28
2332,"2023-08-10",公卫医疗,7,4
2333,"2023-08-10",城乡建设,18,100
2334,"2023-08-10",交通运输,15,7
2335,"2023-08-10",农林牧渔,19,7
2336,"2023-08-11",科教文体,250,76
2337,"2023-08-11",公卫医疗,164,3
2338,"2023-08-11",城乡建设,16,0
2339,"2023-08-11",交通运输,79,122
2340,"2023-08-11",农林牧渔,36,8
2341,"2023-08-12",科教文体,183,8
2342,"2023-08-12",公卫医疗,42,15
2343,"2023-08-12",城乡建设,53,13
2344,"2023-08-12",交通运输,193,15
2345,"2023-08-12",农林牧渔,9,252
2346,"2023-08-13",科教文体,18,0
2347,"2023-08-13",公卫医疗,135,25
2348,"2023-08-13",城乡建设,5,123
2349,"2023-08-13",交通运输,3,57
2350,"2023-08-13",农林牧渔,63,47
2351,"2023-08-14",科教文体,76,91
2352,"2023-08-14",公卫医疗,6,8
2353,"2023-08-14",城乡建设,93,5
2354,"2023-08-14",交通运输,7,57
2355,"2023-08-14",农林牧渔,148,13
2356,"2023-08-15",科教文体,39,6
2357,"2023-08-15",公卫医疗,53,42
2358,"2023-08-15",城乡建设,78,11
2359,"2023-08-15",交通运输,49,10
2360,"2023-08-15",农林牧渔,50,49
2361,"2023-08-16",科教文体,9,7
2362,"2023-08-16",公卫医疗,27,6
2363,"2023-08-16",城乡建设,61,1
2364,"2023-08-16",交通运输,167,4
2365,"2023-08-16",农林牧渔,16,15
2366,"2023-08-17",科教文体,18,7
2367,"2023-08-17",公卫医疗,35,18
2368,"2023-08-17",城乡建设,35,1
2369,"2023-08-17",交通运输,105,3
2370,"2023-08-17",农林牧渔,87,18
2371,"2023-08-18",科教文体,50,32
2372,"2023-08-18",公卫医疗,46,30
2373,"2023-08-18",城乡建设,31,25
2374,"2023-08-18",交通运输,31,32
2375,"2023-08-18",农林牧渔,3,0
2376,"2023-08-19",科教文体,72,65
2377,"2023-08-19",公卫医疗,20,52
2378,"2023-08-19",城乡建设,0,5
2379,"2023-08-19",交通运输,77,41
2380,"2023-08-19",农林牧渔,10,55
2381,"2023-08-20",科教文体,85,31
2382,"2023-08-20",公卫医疗,93,39
2383,"2023-08-20",城乡建设,29,17
2384,"2023-08-20",交通运输,163,54
2385,"2023-08-20",农林牧渔,90,65
2386,"2023-08-21",科教文体,54,1
2387,"2023-08-21",公卫医疗,286,3
2388,"2023-08-21",城乡建设,0,0
2389,"2023-08-21",交通运输,17,1
2390,"2023-08-21",农林牧渔,296,20
2391,"2023-08-22",科教文体,0,2
2392,"2023-08-22",公卫医疗,79,166
2393,"2023-08-22",城乡建设,149,36
2394,"2023-08-22",交通运输,4,0
2395,"2023-08-22",农林牧渔,81,60
2396,"2023-08-23",科教文体,50,0
2397,"2023-08-23",公卫医疗,97,3
2398,"2023-08-23",城乡建设,3,92
2399,"2023-08-23",交通运输,0,0
2400,"2023-08-23",农林牧渔,1,1
2401,"2023-08-24",科教文体,26,0
2402,"2023-08-24",公卫医疗,3,2
2403,"2023-08-24",城乡建设,153,2
2404,"2023-08-24",交通运输,185,37
2405,"2023-08-24",农林牧渔,221,26
2406,"2023-08-25",科教文体,6,88
2407,"2023-08-25",公卫医疗,53,19
2408,"2023-08-25",城乡建设,10,25
2409,"2023-08-25",交通运输,51,11
2410,"2023-08-25",农林牧渔,21,0
2411,"2023-08-26",科教文体,7,105
2412,"2023-08-26",公卫医疗,25,132
2413,"2023-08-26",城乡建设,2,71
2414,"2023-08-26",交通运输,147,4
2415,"2023-08-26",农林牧渔,52,74
2416,"2023-08-27",科教文体,6,2
2417,"2023-08-27",公卫医疗,53,32
2418,"2023-08-27",城乡建设,100,54
2419,"2023-08-27",交通运输,34,5
2420,"2023-08-27",农林牧渔,93,1
2421,"2023-08-28",科教文体,44,103
2422,"2023-08-28",公卫医疗,21,127
2423,"2023-08-28",城乡建设,30,0
2424,"2023-08-28",交通运输,230,17
2425,"2023-08-28",农林牧渔,148,2
2426,"2023-08-29",科教文体,127,37
2427,"2023-08-29",公卫医疗,121,13
2428,"2023-08-29",城乡建设,68,19
2429,"2023-08-29",交通运输,115,34
2430,"2023-08-29",农林牧渔,166,3
2431,"2023-08-30",科教文体,32,41
2432,"2023-08-30",公卫医疗,38,0
2433,"2023-08-30",城乡建设,112,35
2434,"2023-08-30",交通运输,60,12
2435,"2023-08-30",农林牧渔,68,6
2436,"2023-08-31",科教文体,21,33
2437,"2023-08-31",公卫医疗,118,0
2438,"2023-08-31",城乡建设,40,17
2439,"2023-08-31",交通运输,15,77
2440,"2023-08-31",农林牧渔,13,29
2441,"2023-09-01",科教文体,84,125
2442,"2023-09-01",公卫医疗,47,48
2443,"2023-09-01",城乡建设,174,12
2444,"2023-09-01",交通运输,239,6
2445,"2023-09-01",农林牧渔,0,25
2446,"2023-09-02",科教文体,53,169
2447,"2023-09-02",公卫医疗,167,68
2448,"2023-09-02",城乡建设,16,21
2449,"2023-09-02",交通运输,0,1
2450,"2023-09-02",农林牧渔,147,34
2451,"2023-09-03",科教文体,44,56
2452,"2023-09-03",公卫医疗,95,44
2453,"2023-09-03",城乡建设,21,2
2454,"2023-09-03",交通运输,161,7
2455,"2023-09-03",农林牧渔,47,197
2456,"2023-09-04",科教文体,136,47
2457,"2023-09-04",公卫医疗,180,7
2458,"2023-09-04",城乡建设,126,4
2459,"2023-09-04",交通运输,13,12
2460,"2023-09-04",农林牧渔,93,107
2461,"2023-09-05",科教文体,96,13
2462,"2023-09-05",公卫医疗,19,30
2463,"2023-09-05",城乡建设,87,36
2464,"2023-09-05",交通运输,117,8
2465,"2023-09-05",农林牧渔,10,4
2466,"2023-09-06",科教文体,31,17
2467,"2023-09-06",公卫医疗,3,0
2468,"2023-09-06",城乡建设,19,20
2469,"2023-09-06",交通运输,85,12
2470,"2023-09-06",农林牧渔,48,1
2471,"2023-09-07",科教文体,41,31
2472,"2023-09-07",公卫医疗,30,34
2473,"2023-09-07",城乡建设,17,10
2474,"2023-09-07",交通运输,12,3
2475,"2023-09-07",农林牧渔,62,0
2476,"2023-09-08",科教文体,97,9
2477,"2023-09-08",公卫医疗,36,35
2478,"2023-09-08",城乡建设,284,3
2479,"2023-09-08",交通运输,24,63
2480,"2023-09-08",农林牧渔,34,53
2481,"2023-09-09",科教文体,12,0
2482,"2023-09-09",公卫医疗,78,73
2483,"2023-09-09",城乡建设,43,59
2484,"2023-09-09",交通运输,227,24
2485,"2023-09-09",农林牧渔,51,10
2486,"2023-09-10",科教文体,19,28
2487,"2023-09-10",公卫医疗,13,7
2488,"2023-09-10",城乡建设,17,11
2489,"2023-09-10",交通运输,65,46
2490,"2023-09-10",农林牧渔,21,0
2491,"2023-09-11",科教文体,16,17
2492,"2023-09-11",公卫医疗,69,5
2493,"2023-09-11",城乡建设,277,5
2494,"2023-09-11",交通运输,52,6
2495,"2023-09-11",农林牧渔,70,36
2496,"2023-09-12",科教文体,24,3
2497,"2023-09-12",公卫医疗,98,3
2498,"2023-09-12",城乡建设,56,20
2499,"2023-09-12",交通运输,442,35
2500,"2023-09-12",农林牧渔,69,8
2501,"2023-09-13",科教文体,16,2
2502,"2023-09-13",公卫医疗,32,2
2503,"2023-09-13",城乡建设,132,14
2504,"2023-09-13",交通运输,76,56
2505,"2023-09-13",农林牧渔,0,0
2506,"2023-09-14",科教文体,1,0
2507,"2023-09-14",公卫医疗,51,33
2508,"2023-09-14",城乡建设,7,79
2509,"2023-09-14",交通运输,3,32
2510,"2023-09-14",农林牧渔,55,10
2511,"2023-09-15",科教文体,39,28
2512,"2023-09-15",公卫医疗,77,95
2513,"2023-09-15",城乡建设,92,53
2514,"2023-09-15",交通运输,72,50
2515,"2023-09-15",农林牧渔,110,30
2516,"2023-09-16",科教文体,28,32
2517,"2023-09-16",公卫医疗,17,14
2518,"2023-09-16",城乡建设,11,44
2519,"2023-09-16",交通运输,14,9
2520,"2023-09-16",农林牧渔,104,82
2521,"2023-09-17",科教文体,3,3
2522,"2023-09-17",公卫医疗,3,18
2523,"2023-09-17",城乡建设,1,27
2524,"2023-09-17",交通运输,92,75
2525,"2023-09-17",农林牧渔,4,132
2526,"2023-09-18",科教文体,1,33
2527,"2023-09-18",公卫医疗,2,56
2528,"2023-09-18",城乡建设,29,40
2529,"2023-09-18",交通运输,105,102
2530,"2023-09-18",农林牧渔,114,51
2531,"2023-09-19",科教文体,11,57
2532,"2023-09-19",公卫医疗,156,5
2533,"2023-09-19",城乡建设,47,24
2534,"2023-09-19",交通运输,98,64
2535,"2023-09-19",农林牧渔,95,77
2536,"2023-09-20",科教文体,82,18
2537,"2023-09-20",公卫医疗,16,57
2538,"2023-09-20",城乡建设,162,6
2539,"2023-09-20",交通运输,0,22
2540,"2023-09-20",农林牧渔,174,5
2541,"2023-09-21",科教文体,50,129
2542,"2023-09-21",公卫医疗,25,42
2543,"2023-09-21",城乡建设,24,11
2544,"2023-09-21",交通运输,58,0
2545,"2023-09-21",农林牧渔,36,53
2546,"2023-09-22",科教文体,28,10
2547,"2023-09-22",公卫医疗,6,35
2548,"2023-09-22",城乡建设,309,52
2549,"2023-09-22",交通运输,114,4
2550,"2023-09-22",农林牧渔,37,15
2551,"2023-09-23",科教文体,66,16
2552,"2023-09-23",公卫医疗,14,1
2553,"2023-09-23",城乡建设,12,16
2554,"2023-09-23",交通运输,100,46
2555,"2023-09-23",农林牧渔,89,38
2556,"2023-09-24",科教文体,7,86
2557,"2023-09-24",公卫医疗,7,1
2558,"2023-09-24",城乡建设,165,141
2559,"2023-09-24",交通运输,60,59
2560,"2023-09-24",农林牧渔,14,3
2561,"2023-09-25",科教文体,44,20
2562,"2023-09-25",公卫医疗,35,43
2563,"2023-09-25",城乡建设,36,6
2564,"2023-09-25",交通运输,45,16
2565,"2023-09-25",农林牧渔,31,15
2566,"2023-09-26",科教文体,102,102
2567,"2023-09-26",公卫医疗,173,62
2568,"2023-09-26",城乡建设,54,3
2569,"2023-09-26",交通运输,54,2
2570,"2023-09-26",农林牧渔,61,26
2571,"2023-09-27",科教文体,75,12
2572,"2023-09-27",公卫医疗,28,2
2573,"2023-09-27",城乡建设,43,16
2574,"2023-09-27",交通运输,34,7
2575,"2023-09-27",农林牧渔,9,49
2576,"2023-09-28",科教文体,31,4
2577,"2023-09-28",公卫医疗,29,49
2578,"2023-09-28",城乡建设,98,31
2579,"2023-09-28",交通运输,51,0
2580,"2023-09-28",农林牧渔,56,27
2581,"2023-09-29",科教文体,165,9
2582,"2023-09-29",公卫医疗,35,5
2583,"2023-09-29",城乡建设,69,23
2584,"2023-09-29",交通运输,165,0
2585,"2023-09-29",农林牧渔,7,1
2586,"2023-09-30",科教文体,2,0
2587,"2023-09-30",公卫医疗,29,13
2588,"2023-09-30",城乡建设,86,13
2589,"2023-09-30",交通运输,112,3
2590,"2023-09-30",农林牧渔,113,31
2591,"2023-10-01",科教文体,80,28
2592,"2023-10-01",公卫医疗,58,1
2593,"2023-10-01",城乡建设,106,11
2594,"2023-10-01",交通运输,14,34
2595,"2023-10-01",农林牧渔,82,24
2596,"2023-10-02",科教文体,43,8
2597,"2023-10-02",公卫医疗,0,28
2598,"2023-10-02",城乡建设,8,27
2599,"2023-10-02",交通运输,23,11
2600,"2023-10-02",农林牧渔,15,41
2601,"2023-10-03",科教文体,109,32
2602,"2023-10-03",公卫医疗,70,0
2603,"2023-10-03",城乡建设,73,4
2604,"2023-10-03",交通运输,110,23
2605,"2023-10-03",农林牧渔,12,20
2606,"2023-10-04",科教文体,169,15
2607,"2023-10-04",公卫医疗,188,1
2608,"2023-10-04",城乡建设,19,14
2609,"2023-10-04",交通运输,170,4
2610,"2023-10-04",农林牧渔,181,12
2611,"2023-10-05",科教文体,45,4
2612,"2023-10-05",公卫医疗,121,0
2613,"2023-10-05",城乡建设,1,206
2614,"2023-10-05",交通运输,80,81
2615,"2023-10-05",农林牧渔,150,5
2616,"2023-10-06",科教文体,38,24
2617,"2023-10-06",公卫医疗,34,20
2618,"2023-10-06",城乡建设,118,38
2619,"2023-10-06",交通运输,252,42
2620,"2023-10-06",农林牧渔,119,90
2621,"2023-10-07",科教文体,134,25
2622,"2023-10-07",公卫医疗,180,1
2623,"2023-10-07",城乡建设,108,5
2624,"2023-10-07",交通运输,90,23
2625,"2023-10-07",农林牧渔,76,12
2626,"2023-10-08",科教文体,16,3
2627,"2023-10-08",公卫医疗,15,7
2628,"2023-10-08",城乡建设,20,80
2629,"2023-10-08",交通运输,18,37
2630,"2023-10-08",农林牧渔,1,4
2631,"2023-10-09",科教文体,246,16
2632,"2023-10-09",公卫医疗,31,3
2633,"2023-10-09",城乡建设,18,26
2634,"2023-10-09",交通运输,16,7
2635,"2023-10-09",农林牧渔,250,16
2636,"2023-10-10",科教文体,64,9
2637,"2023-10-10",公卫医疗,165,14
2638,"2023-10-10",城乡建设,156,116
2639,"2023-10-10",交通运输,29,9
2640,"2023-10-10",农林牧渔,64,3
2641,"2023-10-11",科教文体,120,98
2642,"2023-10-11",公卫医疗,15,28
2643,"2023-10-11",城乡建设,42,193
2644,"2023-10-11",交通运输,122,73
2645,"2023-10-11",农林牧渔,26,16
2646,"2023-10-12",科教文体,153,2
2647,"2023-10-12",公卫医疗,72,1
2648,"2023-10-12",城乡建设,0,0
2649,"2023-10-12",交通运输,40,2
2650,"2023-10-12",农林牧渔,298,13
2651,"2023-10-13",科教文体,38,4
2652,"2023-10-13",公卫医疗,7,41
2653,"2023-10-13",城乡建设,153,9
2654,"2023-10-13",交通运输,43,58
2655,"2023-10-13",农林牧渔,19,4
2656,"2023-10-14",科教文体,9,10
2657,"2023-10-14",公卫医疗,182,3
2658,"2023-10-14",城乡建设,26,2
2659,"2023-10-14",交通运输,34,161
2660,"2023-10-14",农林牧渔,116,7
2661,"2023-10-15",科教文体,166,3
2662,"2023-10-15",公卫医疗,15,0
2663,"2023-10-15",城乡建设,108,0
2664,"2023-10-15",交通运输,78,1
2665,"2023-10-15",农林牧渔,35,12
2666,"2023-10-16",科教文体,41,0
2667,"2023-10-16",公卫医疗,42,11
2668,"2023-10-16",城乡建设,41,106
2669,"2023-10-16",交通运输,10,12
2670,"2023-10-16",农林牧渔,55,49
2671,"2023-10-17",科教文体,47,15
2672,"2023-10-17",公卫医疗,131,27
2673,"2023-10-17",城乡建设,40,146
2674,"2023-10-17",交通运输,246,9
2675,"2023-10-17",农林牧渔,171,3
2676,"2023-10-18",科教文体,41,11
2677,"2023-10-18",公卫医疗,12,0
2678,"2023-10-18",城乡建设,23,5
2679,"2023-10-18",交通运输,36,5
2680,"2023-10-18",农林牧渔,13,10
2681,"2023-10-19",科教文体,23,14
2682,"2023-10-19",公卫医疗,72,32
2683,"2023-10-19",城乡建设,46,21
2684,"2023-10-19",交通运输,1,7
2685,"2023-10-19",农林牧渔,21,4
2686,"2023-10-20",科教文体,49,16
2687,"2023-10-20",公卫医疗,9,13
2688,"2023-10-20",城乡建设,111,8
2689,"2023-10-20",交通运输,88,2
2690,"2023-10-20",农林牧渔,34,4
2691,"2023-10-21",科教文体,193,32
2692,"2023-10-21",公卫医疗,84,30
2693,"2023-10-21",城乡建设,48,53
2694,"2023-10-21",交通运输,137,43
2695,"2023-10-21",农林牧渔,6,29
2696,"2023-10-22",科教文体,43,69
2697,"2023-10-22",公卫医疗,16,3
2698,"2023-10-22",城乡建设,125,20
2699,"2023-10-22",交通运输,133,12
2700,"2023-10-22",农林牧渔,135,5
2701,"2023-10-23",科教文体,3,12
2702,"2023-10-23",公卫医疗,80,49
2703,"2023-10-23",城乡建设,139,11
2704,"2023-10-23",交通运输,8,30
2705,"2023-10-23",农林牧渔,74,5
2706,"2023-10-24",科教文体,2,1
2707,"2023-10-24",公卫医疗,146,11
2708,"2023-10-24",城乡建设,51,5
2709,"2023-10-24",交通运输,83,100
2710,"2023-10-24",农林牧渔,207,1
2711,"2023-10-25",科教文体,58,72
2712,"2023-10-25",公卫医疗,46,30
2713,"2023-10-25",城乡建设,1,34
2714,"2023-10-25",交通运输,119,1
2715,"2023-10-25",农林牧渔,1,0
2716,"2023-10-26",科教文体,160,49
2717,"2023-10-26",公卫医疗,57,31
2718,"2023-10-26",城乡建设,25,54
2719,"2023-10-26",交通运输,294,37
2720,"2023-10-26",农林牧渔,2,14
2721,"2023-10-27",科教文体,101,39
2722,"2023-10-27",公卫医疗,49,12
2723,"2023-10-27",城乡建设,4,40
2724,"2023-10-27",交通运输,205,23
2725,"2023-10-27",农林牧渔,25,27
2726,"2023-10-28",科教文体,50,16
2727,"2023-10-28",公卫医疗,114,55
2728,"2023-10-28",城乡建设,128,200
2729,"2023-10-28",交通运输,3,20
2730,"2023-10-28",农林牧渔,3,126
2731,"2023-10-29",科教文体,9,0
2732,"2023-10-29",公卫医疗,5,0
2733,"2023-10-29",城乡建设,26,51
2734,"2023-10-29",交通运输,93,0
2735,"2023-10-29",农林牧渔,138,47
2736,"2023-10-30",科教文体,81,51
2737,"2023-10-30",公卫医疗,33,21
2738,"2023-10-30",城乡建设,57,53
2739,"2023-10-30",交通运输,5,117
2740,"2023-10-30",农林牧渔,6,15
2741,"2023-10-31",科教文体,208,4
2742,"2023-10-31",公卫医疗,58,0
2743,"2023-10-31",城乡建设,238,3
2744,"2023-10-31",交通运输,95,79
2745,"2023-10-31",农林牧渔,46,38
2746,"2023-11-01",科教文体,51,7
2747,"2023-11-01",公卫医疗,76,8
2748,"2023-11-01",城乡建设,80,152
2749,"2023-11-01",交通运输,82,32
2750,"2023-11-01",农林牧渔,191,17
2751,"2023-11-02",科教文体,104,27
2752,"2023-11-02",公卫医疗,187,2
2753,"2023-11-02",城乡建设,28,77
2754,"2023-11-02",交通运输,12,3
2755,"2023-11-02",农林牧渔,54,152
2756,"2023-11-03",科教文体,46,9
2757,"2023-11-03",公卫医疗,19,44
2758,"2023-11-03",城乡建设,13,15
2759,"2023-11-03",交通运输,7,26
2760,"2023-11-03",农林牧渔,62,8
2761,"2023-11-04",科教文体,103,0
2762,"2023-11-04",公卫医疗,51,9
2763,"2023-11-04",城乡建设,0,0
2764,"2023-11-04",交通运输,324,154
2765,"2023-11-04",农林牧渔,213,31
2766,"2023-11-05",科教文体,84,53
2767,"2023-11-05",公卫医疗,16,50
2768,"2023-11-05",城乡建设,0,92
2769,"2023-11-05",交通运输,42,62
2770,"2023-11-05",农林牧渔,123,22
2771,"2023-11-06",科教文体,72,29
2772,"2023-11-06",公卫医疗,132,16
2773,"2023-11-06",城乡建设,169,4
2774,"2023-11-06",交通运输,178,54
2775,"2023-11-06",农林牧渔,71,5
2776,"2023-11-07",科教文体,44,3
2777,"2023-11-07",公卫医疗,72,0
2778,"2023-11-07",城乡建设,16,20
2779,"2023-11-07",交通运输,62,44
2780,"2023-11-07",农林牧渔,55,54
2781,"2023-11-08",科教文体,122,10
2782,"2023-11-08",公卫医疗,19,14
2783,"2023-11-08",城乡建设,209,6
2784,"2023-11-08",交通运输,7,24
2785,"2023-11-08",农林牧渔,28,18
2786,"2023-11-09",科教文体,4,102
2787,"2023-11-09",公卫医疗,21,2
2788,"2023-11-09",城乡建设,39,16
2789,"2023-11-09",交通运输,237,17
2790,"2023-11-09",农林牧渔,82,4
2791,"2023-11-10",科教文体,16,10
2792,"2023-11-10",公卫医疗,29,243
2793,"2023-11-10",城乡建设,63,285
2794,"2023-11-10",交通运输,58,15
2795,"2023-11-10",农林牧渔,92,57
2796,"2023-11-11",科教文体,24,29
2797,"2023-11-11",公卫医疗,18,37
2798,"2023-11-11",城乡建设,254,4
2799,"2023-11-11",交通运输,105,24
2800,"2023-11-11",农林牧渔,8,4
2801,"2023-11-12",科教文体,46,0
2802,"2023-11-12",公卫医疗,1,3
2803,"2023-11-12",城乡建设,141,95
2804,"2023-11-12",交通运输,38,150
2805,"2023-11-12",农林牧渔,240,81
2806,"2023-11-13",科教文体,85,64
2807,"2023-11-13",公卫医疗,11,201
2808,"2023-11-13",城乡建设,12,72
2809,"2023-11-13",交通运输,54,3
2810,"2023-11-13",农林牧渔,71,68
2811,"2023-11-14",科教文体,4,13
2812,"2023-11-14",公卫医疗,41,89
2813,"2023-11-14",城乡建设,9,110
2814,"2023-11-14",交通运输,84,9
2815,"2023-11-14",农林牧渔,63,10
2816,"2023-11-15",科教文体,201,1
2817,"2023-11-15",公卫医疗,87,16
2818,"2023-11-15",城乡建设,96,36
2819,"2023-11-15",交通运输,47,3
2820,"2023-11-15",农林牧渔,136,2
2821,"2023-11-16",科教文体,50,22
2822,"2023-11-16",公卫医疗,5,2
2823,"2023-11-16",城乡建设,29,1
2824,"2023-11-16",交通运输,132,166
2825,"2023-11-16",农林牧渔,7,49
2826,"2023-11-17",科教文体,2,137
2827,"2023-11-17",公卫医疗,147,24
2828,"2023-11-17",城乡建设,7,2
2829,"2023-11-17",交通运输,7,44
2830,"2023-11-17",农林牧渔,89,14
2831,"2023-11-18",科教文体,26,0
2832,"2023-11-18",公卫医疗,34,15
2833,"2023-11-18",城乡建设,129,131
2834,"2023-11-18",交通运输,65,6
2835,"2023-11-18",农林牧渔,8,1
2836,"2023-11-19",科教文体,56,134
2837,"2023-11-19",公卫医疗,15,0
2838,"2023-11-19",城乡建设,64,100
2839,"2023-11-19",交通运输,203,17
2840,"2023-11-19",农林牧渔,45,32
2841,"2023-11-20",科教文体,22,78
2842,"2023-11-20",公卫医疗,86,1
2843,"2023-11-20",城乡建设,89,7
2844,"2023-11-20",交通运输,88,17
2845,"2023-11-20",农林牧渔,36,3
2846,"2023-11-21",科教文体,15,4
2847,"2023-11-21",公卫医疗,249,5
2848,"2023-11-21",城乡建设,16,99
2849,"2023-11-21",交通运输,142,73
2850,"2023-11-21",农林牧渔,23,14
2851,"2023-11-22",科教文体,56,5
2852,"2023-11-22",公卫医疗,27,14
2853,"2023-11-22",城乡建设,101,77
2854,"2023-11-22",交通运输,45,85
2855,"2023-11-22",农林牧渔,156,10
2856,"2023-11-23",科教文体,51,12
2857,"2023-11-23",公卫医疗,111,28
2858,"2023-11-23",城乡建设,5,107
2859,"2023-11-23",交通运输,73,54
2860,"2023-11-23",农林牧渔,86,28
2861,"2023-11-24",科教文体,31,41
2862,"2023-11-24",公卫医疗,107,5
2863,"2023-11-24",城乡建设,0,3
2864,"2023-11-24",交通运输,101,26
2865,"2023-11-24",农林牧渔,1,4
2866,"2023-11-25",科教文体,36,39
2867,"2023-11-25",公卫医疗,45,18
2868,"2023-11-25",城乡建设,34,52
2869,"2023-11-25",交通运输,70,3
2870,"2023-11-25",农林牧渔,22,3
2871,"2023-11-26",科教文体,315,76
2872,"2023-11-26",公卫医疗,0,42
2873,"2023-11-26",城乡建设,158,38
2874,"2023-11-26",交通运输,40,0
2875,"2023-11-26",农林牧渔,98,17
2876,"2023-11-27",科教文体,5,0
2877,"2023-11-27",公卫医疗,2,82
2878,"2023-11-27",城乡建设,14,53
2879,"2023-11-27",交通运输,6,3
2880,"2023-11-27",农林牧渔,136,11
2881,"2023-11-28",科教文体,14,38
2882,"2023-11-28",公卫医疗,121,1
2883,"2023-11-28",城乡建设,17,24
2884,"2023-11-28",交通运输,0,12
2885,"2023-11-28",农林牧渔,31,18
2886,"2023-11-29",科教文体,29,16
2887,"2023-11-29",公卫医疗,105,27
2888,"2023-11-29",城乡建设,11,90
2889,"2023-11-29",交通运输,33,35
2890,"2023-11-29",农林牧渔,83,44
2891,"2023-11-30",科教文体,11,42
2892,"2023-11-30",公卫医疗,178,5
2893,"2023-11-30",城乡建设,159,30
2894,"2023-11-30",交通运输,27,0
2895,"2023-11-30",农林牧渔,274,2
2896,"2023-12-01",科教文体,101,4
2897,"2023-12-01",公卫医疗,14,1
2898,"2023-12-01",城乡建设,3,185
2899,"2023-12-01",交通运输,8,80
2900,"2023-12-01",农林牧渔,110,5
2901,"2023-12-02",科教文体,4,1
2902,"2023-12-02",公卫医疗,210,30
2903,"2023-12-02",城乡建设,156,31
2904,"2023-12-02",交通运输,234,1
2905,"2023-12-02",农林牧渔,76,12
2906,"2023-12-03",科教文体,14,11
2907,"2023-12-03",公卫医疗,26,11
2908,"2023-12-03",城乡建设,192,0
2909,"2023-12-03",交通运输,10,49
2910,"2023-12-03",农林牧渔,76,32
2911,"2023-12-04",科教文体,4,20
2912,"2023-12-04",公卫医疗,28,3
2913,"2023-12-04",城乡建设,112,54
2914,"2023-12-04",交通运输,110,17
2915,"2023-12-04",农林牧渔,22,8
2916,"2023-12-05",科教文体,93,15
2917,"2023-12-05",公卫医疗,1,0
2918,"2023-12-05",城乡建设,17,1
2919,"2023-12-05",交通运输,98,7
2920,"2023-12-05",农林牧渔,55,6
2921,"2023-12-06",科教文体,6,1
2922,"2023-12-06",公卫医疗,66,19
2923,"2023-12-06",城乡建设,75,13
2924,"2023-12-06",交通运输,57,17
2925,"2023-12-06",农林牧渔,23,3
2926,"2023-12-07",科教文体,92,76
2927,"2023-12-07",公卫医疗,171,59
2928,"2023-12-07",城乡建设,13,12
2929,"2023-12-07",交通运输,135,7
2930,"2023-12-07",农林牧渔,101,4
2931,"2023-12-08",科教文体,116,0
2932,"2023-12-08",公卫医疗,88,97
2933,"2023-12-08",城乡建设,95,5
2934,"2023-12-08",交通运输,87,84
2935,"2023-12-08",农林牧渔,1,67
2936,"2023-12-09",科教文体,218,88
2937,"2023-12-09",公卫医疗,46,0
2938,"2023-12-09",城乡建设,195,0
2939,"2023-12-09",交通运输,146,74
2940,"2023-12-09",农林牧渔,10,14
2941,"2023-12-10",科教文体,36,15
2942,"2023-12-10",公卫医疗,4,11
2943,"2023-12-10",城乡建设,50,292
2944,"2023-12-10",交通运输,188,3
2945,"2023-12-10",农林牧渔,21,5
2946,"2023-12-11",科教文体,1,7
2947,"2023-12-11",公卫医疗,97,54
2948,"2023-12-11",城乡建设,7,0
2949,"2023-12-11",交通运输,28,16
2950,"2023-12-11",农林牧渔,77,3
2951,"2023-12-12",科教文体,11,2
2952,"2023-12-12",公卫医疗,4,4
2953,"2023-12-12",城乡建设,61,42
2954,"2023-12-12",交通运输,104,37
2955,"2023-12-12",农林牧渔,25,66
2956,"2023-12-13",科教文体,27,0
2957,"2023-12-13",公卫医疗,47,3
2958,"2023-12-13",城乡建设,14,29
2959,"2023-12-13",交通运输,107,16
2960,"2023-12-13",农林牧渔,83,12
2961,"2023-12-14",科教文体,32,35
2962,"2023-12-14",公卫医疗,181,35
2963,"2023-12-14",城乡建设,62,1
2964,"2023-12-14",交通运输,2,4
2965,"2023-12-14",农林牧渔,35,101
2966,"2023-12-15",科教文体,102,4
2967,"2023-12-15",公卫医疗,66,28
2968,"2023-12-15",城乡建设,20,3
2969,"2023-12-15",交通运输,3,8
2970,"2023-12-15",农林牧渔,30,4
2971,"2023-12-16",科教文体,2,7
2972,"2023-12-16",公卫医疗,27,18
2973,"2023-12-16",城乡建设,7,22
2974,"2023-12-16",交通运输,44,38
2975,"2023-12-16",农林牧渔,3,7
2976,"2023-12-17",科教文体,9,123
2977,"2023-12-17",公卫医疗,2,1
2978,"2023-12-17",城乡建设,1,26
2979,"2023-12-17",交通运输,275,0
2980,"2023-12-17",农林牧渔,110,94
2981,"2023-12-18",科教文体,2,119
2982,"2023-12-18",公卫医疗,77,16
2983,"2023-12-18",城乡建设,96,9
2984,"2023-12-18",交通运输,139,68
2985,"2023-12-18",农林牧渔,59,3
2986,"2023-12-19",科教文体,73,103
2987,"2023-12-19",公卫医疗,121,35
2988,"2023-12-19",城乡建设,0,30
2989,"2023-12-19",交通运输,35,27
2990,"2023-12-19",农林牧渔,35,78
2991,"2023-12-20",科教文体,68,0
2992,"2023-12-20",公卫医疗,144,128
2993,"2023-12-20",城乡建设,85,92
2994,"2023-12-20",交通运输,58,8
2995,"2023-12-20",农林牧渔,141,56
2996,"2023-12-21",科教文体,50,22
2997,"2023-12-21",公卫医疗,75,2
2998,"2023-12-21",城乡建设,94,4
2999,"2023-12-21",交通运输,40,7
3000,"2023-12-21",农林牧渔,13,0
3001,"2023-12-22",科教文体,5,2
3002,"2023-12-22",公卫医疗,57,72
3003,"2023-12-22",城乡建设,265,11
3004,"2023-12-22",交通运输,41,18
3005,"2023-12-22",农林牧渔,306,3
3006,"2023-12-23",科教文体,18,16
3007,"2023-12-23",公卫医疗,95,88
3008,"2023-12-23",城乡建设,5,27
3009,"2023-12-23",交通运输,131,8
3010,"2023-12-23",农林牧渔,15,169
3011,"2023-12-24",科教文体,255,29
3012,"2023-12-24",公卫医疗,53,11
3013,"2023-12-24",城乡建设,75,10
3014,"2023-12-24",交通运输,127,34
3015,"2023-12-24",农林牧渔,0,0
3016,"2023-12-25",科教文体,33,12
3017,"2023-12-25",公卫医疗,74,164
3018,"2023-12-25",城乡建设,15,19
3019,"2023-12-25",交通运输,142,22
3020,"2023-12-25",农林牧渔,5,0
3021,"2023-12-26",科教文体,0,45
3022,"2023-12-26",公卫医疗,72,29
3023,"2023-12-26",城乡建设,43,2
3024,"2023-12-26",交通运输,76,6
3025,"2023-12-26",农林牧渔,73,9
3026,"2023-12-27",科教文体,74,3
3027,"2023-12-27",公卫医疗,59,50
3028,"2023-12-27",城乡建设,2,38
3029,"2023-12-27",交通运输,53,1
3030,"2023-12-27",农林牧渔,98,17
3031,"2023-12-28",科教文体,77,0
3032,"2023-12-28",公卫医疗,26,0
3033,"2023-12-28",城乡建设,30,31
3034,"2023-12-28",交通运输,2,4
3035,"2023-12-28",农林牧渔,79,37
3036,"2023-12-29",科教文体,25,1
3037,"2023-12-29",公卫医疗,139,196
3038,"2023-12-29",城乡建设,101,28
3039,"2023-12-29",交通运输,293,45
3040,"2023-12-29",农林牧渔,0,9
3041,"2023-12-30",科教文体,6,0
3042,"2023-12-30",公卫医疗,25,68
3043,"2023-12-30",城乡建设,109,24
3044,"2023-12-30",交通运输,143,18
3045,"2023-12-30",农林牧渔,31,14
3046,"2023-12-31",科教文体,51,130
3047,"2023-12-31",公卫医疗,19,2
3048,"2023-12-31",城乡建设,9,8
3049,"2023-12-31",交通运输,8,188
3050,"2023-12-31",农林牧渔,250,1
3051,"2024-01-01",科教文体,8,103
3052,"2024-01-01",公卫医疗,113,0
3053,"2024-01-01",城乡建设,5,62
3054,"2024-01-01",交通运输,238,31
3055,"2024-01-01",农林牧渔,30,88
3056,"2024-01-02",科教文体,52,53
3057,"2024-01-02",公卫医疗,194,57
3058,"2024-01-02",城乡建设,42,6
3059,"2024-01-02",交通运输,99,17
3060,"2024-01-02",农林牧渔,7,1
3061,"2024-01-03",科教文体,24,75
3062,"2024-01-03",公卫医疗,37,27
3063,"2024-01-03",城乡建设,88,12
3064,"2024-01-03",交通运输,71,1
3065,"2024-01-03",农林牧渔,13,23
3066,"2024-01-04",科教文体,189,22
3067,"2024-01-04",公卫医疗,10,11
3068,"2024-01-04",城乡建设,161,28
3069,"2024-01-04",交通运输,59,10
3070,"2024-01-04",农林牧渔,195,38
3071,"2024-01-05",科教文体,69,92
3072,"2024-01-05",公卫医疗,47,21
3073,"2024-01-05",城乡建设,56,3
3074,"2024-01-05",交通运输,77,104
3075,"2024-01-05",农林牧渔,170,11
3076,"2024-01-06",科教文体,53,2
3077,"2024-01-06",公卫医疗,19,32
3078,"2024-01-06",城乡建设,93,3
3079,"2024-01-06",交通运输,75,43
3080,"2024-01-06",农林牧渔,17,27
3081,"2024-01-07",科教文体,153,8
3082,"2024-01-07",公卫医疗,69,0
3083,"2024-01-07",城乡建设,41,1
3084,"2024-01-07",交通运输,0,1
3085,"2024-01-07",农林牧渔,2,1
3086,"2024-01-08",科教文体,144,30
3087,"2024-01-08",公卫医疗,6,8
3088,"2024-01-08",城乡建设,300,23
3089,"2024-01-08",交通运输,274,20
3090,"2024-01-08",农林牧渔,6,4
3091,"2024-01-09",科教文体,57,102
3092,"2024-01-09",公卫医疗,14,5
3093,"2024-01-09",城乡建设,191,7
3094,"2024-01-09",交通运输,95,20
3095,"2024-01-09",农林牧渔,90,28
3096,"2024-01-10",科教文体,48,1
3097,"2024-01-10",公卫医疗,48,22
3098,"2024-01-10",城乡建设,85,32
3099,"2024-01-10",交通运输,35,3
3100,"2024-01-10",农林牧渔,22,0
3101,"2024-01-11",科教文体,10,0
3102,"2024-01-11",公卫医疗,51,36
3103,"2024-01-11",城乡建设,47,85
3104,"2024-01-11",交通运输,144,17
3105,"2024-01-11",农林牧渔,67,187
3106,"2024-01-12",科教文体,42,0
3107,"2024-01-12",公卫医疗,99,93
3108,"2024-01-12",城乡建设,122,30
3109,"2024-01-12",交通运输,180,2
3110,"2024-01-12",农林牧渔,112,190
3111,"2024-01-13",科教文体,0,10
3112,"2024-01-13",公卫医疗,120,9
3113,"2024-01-13",城乡建设,121,1
3114,"2024-01-13",交通运输,94,0
3115,"2024-01-13",农林牧渔,159,14
3116,"2024-01-14",科教文体,90,43
3117,"2024-01-14",公卫医疗,346,73
3118,"2024-01-14",城乡建设,9,221
3119,"2024-01-14",交通运输,17,13
3120,"2024-01-14",农林牧渔,0,0
3121,"2024-01-15",科教文体,51,46
3122,"2024-01-15",公卫医疗,56,369
3123,"2024-01-15",城乡建设,1,58
3124,"2024-01-15",交通运输,31,25
3125,"2024-01-15",农林牧渔,102,14
3126,"2024-01-16",科教文体,14,3
3127,"2024-01-16",公卫医疗,124,105
3128,"2024-01-16",城乡建设,11,81
3129,"2024-01-16",交通运输,0,30
3130,"2024-01-16",农林牧渔,167,13
3131,"2024-01-17",科教文体,18,5
3132,"2024-01-17",公卫医疗,58,8
3133,"2024-01-17",城乡建设,194,21
3134,"2024-01-17",交通运输,8,110
3135,"2024-01-17",农林牧渔,37,11
3136,"2024-01-18",科教文体,1,0
3137,"2024-01-18",公卫医疗,169,60
3138,"2024-01-18",城乡建设,12,3
3139,"2024-01-18",交通运输,87,11
3140,"2024-01-18",农林牧渔,104,3
3141,"2024-01-19",科教文体,41,37
3142,"2024-01-19",公卫医疗,12,19
3143,"2024-01-19",城乡建设,27,28
3144,"2024-01-19",交通运输,87,25
3145,"2024-01-19",农林牧渔,13,15
3146,"2024-01-20",科教文体,55,6
3147,"2024-01-20",公卫医疗,16,79
3148,"2024-01-20",城乡建设,146,19
3149,"2024-01-20",交通运输,2,2
3150,"2024-01-20",农林牧渔,257,5
3151,"2024-01-21",科教文体,2,9
3152,"2024-01-21",公卫医疗,22,32
3153,"2024-01-21",城乡建设,37,3
3154,"2024-01-21",交通运输,13,101
3155,"2024-01-21",农林牧渔,60,20
3156,"2024-01-22",科教文体,82,73
3157,"2024-01-22",公卫医疗,22,75
3158,"2024-01-22",城乡建设,29,46
3159,"2024-01-22",交通运输,245,92
3160,"2024-01-22",农林牧渔,13,4
3161,"2024-01-23",科教文体,92,8
3162,"2024-01-23",公卫医疗,18,16
3163,"2024-01-23",城乡建设,19,0
3164,"2024-01-23",交通运输,14,24
3165,"2024-01-23",农林牧渔,7,6
3166,"2024-01-24",科教文体,12,31
3167,"2024-01-24",公卫医疗,39,12
3168,"2024-01-24",城乡建设,15,53
3169,"2024-01-24",交通运输,137,9
3170,"2024-01-24",农林牧渔,45,90
3171,"2024-01-25",科教文体,6,0
3172,"2024-01-25",公卫医疗,30,3
3173,"2024-01-25",城乡建设,56,58
3174,"2024-01-25",交通运输,55,0
3175,"2024-01-25",农林牧渔,18,7
3176,"2024-01-26",科教文体,69,1
3177,"2024-01-26",公卫医疗,85,19
3178,"2024-01-26",城乡建设,40,67
3179,"2024-01-26",交通运输,76,4
3180,"2024-01-26",农林牧渔,46,13
3181,"2024-01-27",科教文体,57,13
3182,"2024-01-27",公卫医疗,110,119
3183,"2024-01-27",城乡建设,10,45
3184,"2024-01-27",交通运输,17,1
3185,"2024-01-27",农林牧渔,68,0
3186,"2024-01-28",科教文体,25,28
3187,"2024-01-28",公卫医疗,37,13
3188,"2024-01-28",城乡建设,50,0
3189,"2024-01-28",交通运输,0,60
3190,"2024-01-28",农林牧渔,23,42
3191,"2024-01-29",科教文体,56,41
3192,"2024-01-29",公卫医疗,93,43
3193,"2024-01-29",城乡建设,3,15
3194,"2024-01-29",交通运输,24,0
3195,"2024-01-29",农林牧渔,33,113
3196,"2024-01-30",科教文体,19,41
3197,"2024-01-30",公卫医疗,61,24
3198,"2024-01-30",城乡建设,15,1
3199,"2024-01-30",交通运输,16,82
3200,"2024-01-30",农林牧渔,92,31
3201,"2024-01-31",科教文体,17,14
3202,"2024-01-31",公卫医疗,40,55
3203,"2024-01-31",城乡建设,83,0
3204,"2024-01-31",交通运输,6,39
3205,"2024-01-31",农林牧渔,47,3
3206,"2024-02-01",科教文体,12,43
3207,"2024-02-01",公卫医疗,7,11
3208,"2024-02-01",城乡建设,14,63
3209,"2024-02-01",交通运输,4,4
3210,"2024-02-01",农林牧渔,58,0
3211,"2024-02-02",科教文体,46,83
3212,"2024-02-02",公卫医疗,84,43
3213,"2024-02-02",城乡建设,65,13
3214,"2024-02-02",交通运输,16,51
3215,"2024-02-02",农林牧渔,46,65
3216,"2024-02-03",科教文体,4,5
3217,"2024-02-03",公卫医疗,23,6
3218,"2024-02-03",城乡建设,101,77
3219,"2024-02-03",交通运输,126,1
3220,"2024-02-03",农林牧渔,58,28
3221,"2024-02-04",科教文体,10,7
3222,"2024-02-04",公卫医疗,0,0
3223,"2024-02-04",城乡建设,257,7
3224,"2024-02-04",交通运输,145,0
3225,"2024-02-04",农林牧渔,12,1
3226,"2024-02-05",科教文体,35,44
3227,"2024-02-05",公卫医疗,15,126
3228,"2024-02-05",城乡建设,54,11
3229,"2024-02-05",交通运输,88,0
3230,"2024-02-05",农林牧渔,19,15
3231,"2024-02-06",科教文体,56,1
3232,"2024-02-06",公卫医疗,6,0
3233,"2024-02-06",城乡建设,36,14
3234,"2024-02-06",交通运输,142,120
3235,"2024-02-06",农林牧渔,8,207
3236,"2024-02-07",科教文体,103,3
3237,"2024-02-07",公卫医疗,41,11
3238,"2024-02-07",城乡建设,8,13
3239,"2024-02-07",交通运输,164,1
3240,"2024-02-07",农林牧渔,29,3
3241,"2024-02-08",科教文体,17,0
3242,"2024-02-08",公卫医疗,128,161
3243,"2024-02-08",城乡建设,93,128
3244,"2024-02-08",交通运输,126,48
3245,"2024-02-08",农林牧渔,22,4
3246,"2024-02-09",科教文体,188,92
3247,"2024-02-09",公卫医疗,48,41
3248,"2024-02-09",城乡建设,3,66
3249,"2024-02-09",交通运输,10,3
3250,"2024-02-09",农林牧渔,196,6
3251,"2024-02-10",科教文体,20,4
3252,"2024-02-10",公卫医疗,12,171
3253,"2024-02-10",城乡建设,331,16
3254,"2024-02-10",交通运输,19,0
3255,"2024-02-10",农林牧渔,27,1
3256,"2024-02-11",科教文体,209,3
3257,"2024-02-11",公卫医疗,72,78
3258,"2024-02-11",城乡建设,120,103
3259,"2024-02-11",交通运输,0,12
3260,"2024-02-11",农林牧渔,22,7
3261,"2024-02-12",科教文体,68,5
3262,"2024-02-12",公卫医疗,152,0
3263,"2024-02-12",城乡建设,101,88
3264,"2024-02-12",交通运输,33,9
3265,"2024-02-12",农林牧渔,10,8
3266,"2024-02-13",科教文体,56,10
3267,"2024-02-13",公卫医疗,58,72
3268,"2024-02-13",城乡建设,87,35
3269,"2024-02-13",交通运输,50,13
3270,"2024-02-13",农林牧渔,6,4
3271,"2024-02-14",科教文体,7,89
3272,"2024-02-14",公卫医疗,27,14
3273,"2024-02-14",城乡建设,19,102
3274,"2024-02-14",交通运输,0,72
3275,"2024-02-14",农林牧渔,14,70
3276,"2024-02-15",科教文体,82,18
3277,"2024-02-15",公卫医疗,31,4
3278,"2024-02-15",城乡建设,9,185
3279,"2024-02-15",交通运输,16,0
3280,"2024-02-15",农林牧渔,43,80
3281,"2024-02-16",科教文体,10,17
3282,"2024-02-16",公卫医疗,7,0
3283,"2024-02-16",城乡建设,0,53
3284,"2024-02-16",交通运输,5,51
3285,"2024-02-16",农林牧渔,69,5
3286,"2024-02-17",科教文体,78,0
3287,"2024-02-17",公卫医疗,14,46
3288,"2024-02-17",城乡建设,5,41
3289,"2024-02-17",交通运输,4,8
3290,"2024-02-17",农林牧渔,36,32
3291,"2024-02-18",科教文体,26,11
3292,"2024-02-18",公卫医疗,37,24
3293,"2024-02-18",城乡建设,13,6
3294,"2024-02-18",交通运输,20,23
3295,"2024-02-18",农林牧渔,33,47
3296,"2024-02-19",科教文体,22,5
3297,"2024-02-19",公卫医疗,90,6
3298,"2024-02-19",城乡建设,19,67
3299,"2024-02-19",交通运输,17,53
3300,"2024-02-19",农林牧渔,7,3
3301,"2024-02-20",科教文体,19,23
3302,"2024-02-20",公卫医疗,157,1
3303,"2024-02-20",城乡建设,41,172
3304,"2024-02-20",交通运输,331,7
3305,"2024-02-20",农林牧渔,15,80
3306,"2024-02-21",科教文体,5,5
3307,"2024-02-21",公卫医疗,220,28
3308,"2024-02-21",城乡建设,17,36
3309,"2024-02-21",交通运输,87,44
3310,"2024-02-21",农林牧渔,3,4
3311,"2024-02-22",科教文体,5,65
3312,"2024-02-22",公卫医疗,87,17
3313,"2024-02-22",城乡建设,67,30
3314,"2024-02-22",交通运输,8,23
3315,"2024-02-22",农林牧渔,58,7
3316,"2024-02-23",科教文体,57,51
3317,"2024-02-23",公卫医疗,29,33
3318,"2024-02-23",城乡建设,0,78
3319,"2024-02-23",交通运输,19,3
3320,"2024-02-23",农林牧渔,62,25
3321,"2024-02-24",科教文体,27,0
3322,"2024-02-24",公卫医疗,3,3
3323,"2024-02-24",城乡建设,24,12
3324,"2024-02-24",交通运输,89,1
3325,"2024-02-24",农林牧渔,10,53
3326,"2024-02-25",科教文体,239,62
3327,"2024-02-25",公卫医疗,49,49
3328,"2024-02-25",城乡建设,306,5
3329,"2024-02-25",交通运输,0,0
3330,"2024-02-25",农林牧渔,69,6
3331,"2024-02-26",科教文体,53,7
3332,"2024-02-26",公卫医疗,0,4
3333,"2024-02-26",城乡建设,131,240
3334,"2024-02-26",交通运输,9,2
3335,"2024-02-26",农林牧渔,117,100
3336,"2024-02-27",科教文体,127,18
3337,"2024-02-27",公卫医疗,145,0
3338,"2024-02-27",城乡建设,0,1
3339,"2024-02-27",交通运输,2,0
3340,"2024-02-27",农林牧渔,7,15
3341,"2024-02-28",科教文体,11,0
3342,"2024-02-28",公卫医疗,117,39
3343,"2024-02-28",城乡建设,61,47
3344,"2024-02-28",交通运输,63,29
3345,"2024-02-28",农林牧渔,28,57
3346,"2024-02-29",科教文体,68,43
3347,"2024-02-29",公卫医疗,118,18
3348,"2024-02-29",城乡建设,0,152
3349,"2024-02-29",交通运输,113,41
3350,"2024-02-29",农林牧渔,205,35
3351,"2024-03-01",科教文体,59,11
3352,"2024-03-01",公卫医疗,199,118
3353,"2024-03-01",城乡建设,28,5
3354,"2024-03-01",交通运输,35,2
3355,"2024-03-01",农林牧渔,231,12
3356,"2024-03-02",科教文体,157,23
3357,"2024-03-02",公卫医疗,5,16
3358,"2024-03-02",城乡建设,153,8
3359,"2024-03-02",交通运输,130,113
3360,"2024-03-02",农林牧渔,89,14
3361,"2024-03-03",科教文体,212,0
3362,"2024-03-03",公卫医疗,67,11
3363,"2024-03-03",城乡建设,94,12
3364,"2024-03-03",交通运输,221,27
3365,"2024-03-03",农林牧渔,28,35
3366,"2024-03-04",科教文体,42,133
3367,"2024-03-04",公卫医疗,106,41
3368,"2024-03-04",城乡建设,16,24
3369,"2024-03-04",交通运输,129,28
3370,"2024-03-04",农林牧渔,71,1
3371,"2024-03-05",科教文体,78,0
3372,"2024-03-05",公卫医疗,12,0
3373,"2024-03-05",城乡建设,36,20
3374,"2024-03-05",交通运输,17,19
3375,"2024-03-05",农林牧渔,48,144
3376,"2024-03-06",科教文体,13,2
3377,"2024-03-06",公卫医疗,171,55
3378,"2024-03-06",城乡建设,38,38
3379,"2024-03-06",交通运输,37,172
3380,"2024-03-06",农林牧渔,49,3
3381,"2024-03-07",科教文体,158,14
3382,"2024-03-07",公卫医疗,130,0
3383,"2024-03-07",城乡建设,1,114
3384,"2024-03-07",交通运输,87,2
3385,"2024-03-07",农林牧渔,43,25
3386,"2024-03-08",科教文体,12,5
3387,"2024-03-08",公卫医疗,2,2
3388,"2024-03-08",城乡建设,51,20
3389,"2024-03-08",交通运输,188,4
3390,"2024-03-08",农林牧渔,45,27
3391,"2024-03-09",科教文体,31,11
3392,"2024-03-09",公卫医疗,36,52
3393,"2024-03-09",城乡建设,6,0
3394,"2024-03-09",交通运输,75,47
3395,"2024-03-09",农林牧渔,59,30
3396,"2024-03-10",科教文体,273,50
3397,"2024-03-10",公卫医疗,66,83
3398,"2024-03-10",城乡建设,48,1
3399,"2024-03-10",交通运输,144,134
3400,"2024-03-10",农林牧渔,12,7
3401,"2024-03-11",科教文体,36,16
3402,"2024-03-11",公卫医疗,15,4
3403,"2024-03-11",城乡建设,199,17
3404,"2024-03-11",交通运输,78,17
3405,"2024-03-11",农林牧渔,17,22
3406,"2024-03-12",科教文体,59,19
3407,"2024-03-12",公卫医疗,194,44
3408,"2024-03-12",城乡建设,50,39
3409,"2024-03-12",交通运输,71,19
3410,"2024-03-12",农林牧渔,15,19
3411,"2024-03-13",科教文体,319,26
3412,"2024-03-13",公卫医疗,16,5
3413,"2024-03-13",城乡建设,15,8
3414,"2024-03-13",交通运输,195,51
3415,"2024-03-13",农林牧渔,8,20
3416,"2024-03-14",科教文体,111,17
3417,"2024-03-14",公卫医疗,22,137
3418,"2024-03-14",城乡建设,0,3
3419,"2024-03-14",交通运输,47,13
3420,"2024-03-14",农林牧渔,91,149
3421,"2024-03-15",科教文体,102,87
3422,"2024-03-15",公卫医疗,99,156
3423,"2024-03-15",城乡建设,185,17
3424,"2024-03-15",交通运输,80,25
3425,"2024-03-15",农林牧渔,17,13
3426,"2024-03-16",科教文体,42,10
3427,"2024-03-16",公卫医疗,85,0
3428,"2024-03-16",城乡建设,124,6
3429,"2024-03-16",交通运输,0,47
3430,"2024-03-16",农林牧渔,35,25
3431,"2024-03-17",科教文体,1,82
3432,"2024-03-17",公卫医疗,90,8
3433,"2024-03-17",城乡建设,7,25
3434,"2024-03-17",交通运输,64,21
3435,"2024-03-17",农林牧渔,50,22
3436,"2024-03-18",科教文体,67,7
3437,"2024-03-18",公卫医疗,25,66
3438,"2024-03-18",城乡建设,85,37
3439,"2024-03-18",交通运输,0,8
3440,"2024-03-18",农林牧渔,34,10
3441,"2024-03-19",科教文体,79,17
3442,"2024-03-19",公卫医疗,160,3
3443,"2024-03-19",城乡建设,88,12
3444,"2024-03-19",交通运输,82,51
3445,"2024-03-19",农林牧渔,62,19
3446,"2024-03-20",科教文体,4,29
3447,"2024-03-20",公卫医疗,56,25
3448,"2024-03-20",城乡建设,19,50
3449,"2024-03-20",交通运输,60,105
3450,"2024-03-20",农林牧渔,125,32
3451,"2024-03-21",科教文体,172,42
3452,"2024-03-21",公卫医疗,44,33
3453,"2024-03-21",城乡建设,103,39
3454,"2024-03-21",交通运输,60,30
3455,"2024-03-21",农林牧渔,67,0
3456,"2024-03-22",科教文体,168,38
3457,"2024-03-22",公卫医疗,35,50
3458,"2024-03-22",城乡建设,132,8
3459,"2024-03-22",交通运输,213,43
3460,"2024-03-22",农林牧渔,20,29
3461,"2024-03-23",科教文体,7,30
3462,"2024-03-23",公卫医疗,55,8
3463,"2024-03-23",城乡建设,11,12
3464,"2024-03-23",交通运输,88,17
3465,"2024-03-23",农林牧渔,42,75
3466,"2024-03-24",科教文体,57,41
3467,"2024-03-24",公卫医疗,139,17
3468,"2024-03-24",城乡建设,70,11
3469,"2024-03-24",交通运输,13,16
3470,"2024-03-24",农林牧渔,10,2
3471,"2024-03-25",科教文体,67,2
3472,"2024-03-25",公卫医疗,41,0
3473,"2024-03-25",城乡建设,33,14
3474,"2024-03-25",交通运输,123,24
3475,"2024-03-25",农林牧渔,6,1
3476,"2024-03-26",科教文体,74,5
3477,"2024-03-26",公卫医疗,152,29
3478,"2024-03-26",城乡建设,15,13
3479,"2024-03-26",交通运输,18,17
3480,"2024-03-26",农林牧渔,42,24
3481,"2024-03-27",科教文体,26,109
3482,"2024-03-27",公卫医疗,4,60
3483,"2024-03-27",城乡建设,95,8
3484,"2024-03-27",交通运输,31,43
3485,"2024-03-27",农林牧渔,47,35
3486,"2024-03-28",科教文体,155,3
3487,"2024-03-28",公卫医疗,46,45
3488,"2024-03-28",城乡建设,48,18
3489,"2024-03-28",交通运输,138,25
3490,"2024-03-28",农林牧渔,88,66
3491,"2024-03-29",科教文体,185,55
3492,"2024-03-29",公卫医疗,20,215
3493,"2024-03-29",城乡建设,60,61
3494,"2024-03-29",交通运输,32,9
3495,"2024-03-29",农林牧渔,0,0
3496,"2024-03-30",科教文体,4,186
3497,"2024-03-30",公卫医疗,19,5
3498,"2024-03-30",城乡建设,148,61
3499,"2024-03-30",交通运输,64,7
3500,"2024-03-30",农林牧渔,120,29
3501,"2024-03-31",科教文体,46,171
3502,"2024-03-31",公卫医疗,67,65
3503,"2024-03-31",城乡建设,5,4
3504,"2024-03-31",交通运输,212,6
3505,"2024-03-31",农林牧渔,16,3
3506,"2024-04-01",科教文体,5,3
3507,"2024-04-01",公卫医疗,62,36
3508,"2024-04-01",城乡建设,39,22
3509,"2024-04-01",交通运输,117,116
3510,"2024-04-01",农林牧渔,1,43
3511,"2024-04-02",科教文体,100,16
3512,"2024-04-02",公卫医疗,10,32
3513,"2024-04-02",城乡建设,71,18
3514,"2024-04-02",交通运输,117,6
3515,"2024-04-02",农林牧渔,41,1
3516,"2024-04-03",科教文体,10,0
3517,"2024-04-03",公卫医疗,61,44
3518,"2024-04-03",城乡建设,208,27
3519,"2024-04-03",交通运输,8,1
3520,"2024-04-03",农林牧渔,52,28
3521,"2024-04-04",科教文体,208,51
3522,"2024-04-04",公卫医疗,51,176
3523,"2024-04-04",城乡建设,177,20
3524,"2024-04-04",交通运输,0,0
3525,"2024-04-04",农林牧渔,140,49
3526,"2024-04-05",科教文体,83,98
3527,"2024-04-05",公卫医疗,93,43
3528,"2024-04-05",城乡建设,37,74
3529,"2024-04-05",交通运输,83,3
3530,"2024-04-05",农林牧渔,77,14
3531,"2024-04-06",科教文体,22,33
3532,"2024-04-06",公卫医疗,1,1
3533,"2024-04-06",城乡建设,54,15
3534,"2024-04-06",交通运输,69,17
3535,"2024-04-06",农林牧渔,49,43
3536,"2024-04-07",科教文体,138,96
3537,"2024-04-07",公卫医疗,66,2
3538,"2024-04-07",城乡建设,122,48
3539,"2024-04-07",交通运输,18,11
3540,"2024-04-07",农林牧渔,21,23
3541,"2024-04-08",科教文体,208,7
3542,"2024-04-08",公卫医疗,9,112
3543,"2024-04-08",城乡建设,103,41
3544,"2024-04-08",交通运输,10,34
3545,"2024-04-08",农林牧渔,21,11
3546,"2024-04-09",科教文体,0,90
3547,"2024-04-09",公卫医疗,3,80
3548,"2024-04-09",城乡建设,47,45
3549,"2024-04-09",交通运输,11,1
3550,"2024-04-09",农林牧渔,41,42
3551,"2024-04-10",科教文体,85,21
3552,"2024-04-10",公卫医疗,28,9
3553,"2024-04-10",城乡建设,2,2
3554,"2024-04-10",交通运输,16,1
3555,"2024-04-10",农林牧渔,51,15
3556,"2024-04-11",科教文体,237,12
3557,"2024-04-11",公卫医疗,109,36
3558,"2024-04-11",城乡建设,103,3
3559,"2024-04-11",交通运输,47,43
3560,"2024-04-11",农林牧渔,156,20
3561,"2024-04-12",科教文体,7,13
3562,"2024-04-12",公卫医疗,92,1
3563,"2024-04-12",城乡建设,135,73
3564,"2024-04-12",交通运输,7,48
3565,"2024-04-12",农林牧渔,53,20
3566,"2024-04-13",科教文体,174,93
3567,"2024-04-13",公卫医疗,72,45
3568,"2024-04-13",城乡建设,33,3
3569,"2024-04-13",交通运输,48,8
3570,"2024-04-13",农林牧渔,152,16
3571,"2024-04-14",科教文体,23,4
3572,"2024-04-14",公卫医疗,188,11
3573,"2024-04-14",城乡建设,148,28
3574,"2024-04-14",交通运输,84,6
3575,"2024-04-14",农林牧渔,145,6
3576,"2024-04-15",科教文体,49,72
3577,"2024-04-15",公卫医疗,83,18
3578,"2024-04-15",城乡建设,13,3
3579,"2024-04-15",交通运输,46,3
3580,"2024-04-15",农林牧渔,126,20
3581,"2024-04-16",科教文体,0,74
3582,"2024-04-16",公卫医疗,77,104
3583,"2024-04-16",城乡建设,146,7
3584,"2024-04-16",交通运输,2,90
3585,"2024-04-16",农林牧渔,85,89
3586,"2024-04-17",科教文体,38,3
3587,"2024-04-17",公卫医疗,41,24
3588,"2024-04-17",城乡建设,6,31
3589,"2024-04-17",交通运输,25,12
3590,"2024-04-17",农林牧渔,2,5
3591,"2024-04-18",科教文体,31,26
3592,"2024-04-18",公卫医疗,9,3
3593,"2024-04-18",城乡建设,37,52
3594,"2024-04-18",交通运输,30,62
3595,"2024-04-18",农林牧渔,12,137
3596,"2024-04-19",科教文体,108,24
3597,"2024-04-19",公卫医疗,8,1
3598,"2024-04-19",城乡建设,12,53
3599,"2024-04-19",交通运输,17,6
3600,"2024-04-19",农林牧渔,33,16
3601,"2024-04-20",科教文体,18,17
3602,"2024-04-20",公卫医疗,23,13
3603,"2024-04-20",城乡建设,70,114
3604,"2024-04-20",交通运输,46,22
3605,"2024-04-20",农林牧渔,5,9
3606,"2024-04-21",科教文体,24,1
3607,"2024-04-21",公卫医疗,9,0
3608,"2024-04-21",城乡建设,126,2
3609,"2024-04-21",交通运输,7,123
3610,"2024-04-21",农林牧渔,92,7
3611,"2024-04-22",科教文体,179,4
3612,"2024-04-22",公卫医疗,109,177
3613,"2024-04-22",城乡建设,50,6
3614,"2024-04-22",交通运输,3,18
3615,"2024-04-22",农林牧渔,175,61
3616,"2024-04-23",科教文体,32,62
3617,"2024-04-23",公卫医疗,122,13
3618,"2024-04-23",城乡建设,78,19
3619,"2024-04-23",交通运输,45,19
3620,"2024-04-23",农林牧渔,226,15
3621,"2024-04-24",科教文体,27,11
3622,"2024-04-24",公卫医疗,30,10
3623,"2024-04-24",城乡建设,35,6
3624,"2024-04-24",交通运输,0,41
3625,"2024-04-24",农林牧渔,1,12
3626,"2024-04-25",科教文体,52,27
3627,"2024-04-25",公卫医疗,28,41
3628,"2024-04-25",城乡建设,2,52
3629,"2024-04-25",交通运输,17,28
3630,"2024-04-25",农林牧渔,3,4
3631,"2024-04-26",科教文体,27,22
3632,"2024-04-26",公卫医疗,35,3
3633,"2024-04-26",城乡建设,69,0
3634,"2024-04-26",交通运输,40,16
3635,"2024-04-26",农林牧渔,141,1
3636,"2024-04-27",科教文体,70,62
3637,"2024-04-27",公卫医疗,251,28
3638,"2024-04-27",城乡建设,16,7
3639,"2024-04-27",交通运输,111,23
3640,"2024-04-27",农林牧渔,115,44
3641,"2024-04-28",科教文体,52,7
3642,"2024-04-28",公卫医疗,80,67
3643,"2024-04-28",城乡建设,57,147
3644,"2024-04-28",交通运输,11,3
3645,"2024-04-28",农林牧渔,39,216
3646,"2024-04-29",科教文体,90,30
3647,"2024-04-29",公卫医疗,78,5
3648,"2024-04-29",城乡建设,0,0
3649,"2024-04-29",交通运输,45,106
3650,"2024-04-29",农林牧渔,9,0
3651,"2024-04-30",科教文体,21,21
3652,"2024-04-30",公卫医疗,15,198
3653,"2024-04-30",城乡建设,97,0
3654,"2024-04-30",交通运输,208,82
3655,"2024-04-30",农林牧渔,29,43
3656,"2024-05-01",科教文体,27,10
3657,"2024-05-01",公卫医疗,54,44
3658,"2024-05-01",城乡建设,21,1
3659,"2024-05-01",交通运输,6,82
3660,"2024-05-01",农林牧渔,4,76
3661,"2024-05-02",科教文体,4,36
3662,"2024-05-02",公卫医疗,50,41
3663,"2024-05-02",城乡建设,2,45
3664,"2024-05-02",交通运输,11,67
3665,"2024-05-02",农林牧渔,17,33
3666,"2024-05-03",科教文体,69,49
3667,"2024-05-03",公卫医疗,7,20
3668,"2024-05-03",城乡建设,77,0
3669,"2024-05-03",交通运输,101,17
3670,"2024-05-03",农林牧渔,20,0
3671,"2024-05-04",科教文体,2,77
3672,"2024-05-04",公卫医疗,47,3
3673,"2024-05-04",城乡建设,20,32
3674,"2024-05-04",交通运输,20,74
3675,"2024-05-04",农林牧渔,44,77
3676,"2024-05-05",科教文体,86,41
3677,"2024-05-05",公卫医疗,70,183
3678,"2024-05-05",城乡建设,85,16
3679,"2024-05-05",交通运输,88,83
3680,"2024-05-05",农林牧渔,33,29
3681,"2024-05-06",科教文体,150,8
3682,"2024-05-06",公卫医疗,67,15
3683,"2024-05-06",城乡建设,17,85
3684,"2024-05-06",交通运输,6,41
3685,"2024-05-06",农林牧渔,57,41
3686,"2024-05-07",科教文体,5,117
3687,"2024-05-07",公卫医疗,36,12
3688,"2024-05-07",城乡建设,36,99
3689,"2024-05-07",交通运输,1,2
3690,"2024-05-07",农林牧渔,19,9
3691,"2024-05-08",科教文体,30,0
3692,"2024-05-08",公卫医疗,72,20
3693,"2024-05-08",城乡建设,40,5
3694,"2024-05-08",交通运输,4,12
3695,"2024-05-08",农林牧渔,1,179
3696,"2024-05-09",科教文体,74,27
3697,"2024-05-09",公卫医疗,10,8
3698,"2024-05-09",城乡建设,75,36
3699,"2024-05-09",交通运输,15,5
3700,"2024-05-09",农林牧渔,2,24
3701,"2024-05-10",科教文体,255,104
3702,"2024-05-10",公卫医疗,22,20
3703,"2024-05-10",城乡建设,4,22
3704,"2024-05-10",交通运输,124,25
3705,"2024-05-10",农林牧渔,203,52
3706,"2024-05-11",科教文体,6,20
3707,"2024-05-11",公卫医疗,132,3
3708,"2024-05-11",城乡建设,62,24
3709,"2024-05-11",交通运输,4,10
3710,"2024-05-11",农林牧渔,76,3
3711,"2024-05-12",科教文体,55,5
3712,"2024-05-12",公卫医疗,29,5
3713,"2024-05-12",城乡建设,135,4
3714,"2024-05-12",交通运输,231,3
3715,"2024-05-12",农林牧渔,4,59
3716,"2024-05-13",科教文体,123,13
3717,"2024-05-13",公卫医疗,56,10
3718,"2024-05-13",城乡建设,55,0
3719,"2024-05-13",交通运输,57,161
3720,"2024-05-13",农林牧渔,10,45
3721,"2024-05-14",科教文体,113,76
3722,"2024-05-14",公卫医疗,4,33
3723,"2024-05-14",城乡建设,276,73
3724,"2024-05-14",交通运输,49,7
3725,"2024-05-14",农林牧渔,36,44
3726,"2024-05-15",科教文体,54,1
3727,"2024-05-15",公卫医疗,57,7
3728,"2024-05-15",城乡建设,58,123
3729,"2024-05-15",交通运输,10,99
3730,"2024-05-15",农林牧渔,88,157
3731,"2024-05-16",科教文体,57,52
3732,"2024-05-16",公卫医疗,88,2
3733,"2024-05-16",城乡建设,123,24
3734,"2024-05-16",交通运输,120,10
3735,"2024-05-16",农林牧渔,34,40
3736,"2024-05-17",科教文体,13,3
3737,"2024-05-17",公卫医疗,16,1
3738,"2024-05-17",城乡建设,15,16
3739,"2024-05-17",交通运输,45,65
3740,"2024-05-17",农林牧渔,110,9
3741,"2024-05-18",科教文体,13,10
3742,"2024-05-18",公卫医疗,41,5
3743,"2024-05-18",城乡建设,93,48
3744,"2024-05-18",交通运输,175,111
3745,"2024-05-18",农林牧渔,68,2
3746,"2024-05-19",科教文体,14,25
3747,"2024-05-19",公卫医疗,99,3
3748,"2024-05-19",城乡建设,19,20
3749,"2024-05-19",交通运输,41,1
3750,"2024-05-19",农林牧渔,32,4
3751,"2024-05-20",科教文体,119,19
3752,"2024-05-20",公卫医疗,6,3
3753,"2024-05-20",城乡建设,345,64
3754,"2024-05-20",交通运输,48,24
3755,"2024-05-20",农林牧渔,46,53
3756,"2024-05-21",科教文体,174,13
3757,"2024-05-21",公卫医疗,16,16
3758,"2024-05-21",城乡建设,106,115
3759,"2024-05-21",交通运输,2,1
3760,"2024-05-21",农林牧渔,140,19
3761,"2024-05-22",科教文体,151,21
3762,"2024-05-22",公卫医疗,16,0
3763,"2024-05-22",城乡建设,71,29
3764,"2024-05-22",交通运输,46,10
3765,"2024-05-22",农林牧渔,132,56
3766,"2024-05-23",科教文体,289,29
3767,"2024-05-23",公卫医疗,0,6
3768,"2024-05-23",城乡建设,62,42
3769,"2024-05-23",交通运输,77,6
3770,"2024-05-23",农林牧渔,5,61
3771,"2024-05-24",科教文体,13,30
3772,"2024-05-24",公卫医疗,18,7
3773,"2024-05-24",城乡建设,41,1
3774,"2024-05-24",交通运输,89,18
3775,"2024-05-24",农林牧渔,61,13
3776,"2024-05-25",科教文体,41,18
3777,"2024-05-25",公卫医疗,119,80
3778,"2024-05-25",城乡建设,103,12
3779,"2024-05-25",交通运输,106,4
3780,"2024-05-25",农林牧渔,5,16
3781,"2024-05-26",科教文体,18,7
3782,"2024-05-26",公卫医疗,22,66
3783,"2024-05-26",城乡建设,1,55
3784,"2024-05-26",交通运输,13,2
3785,"2024-05-26",农林牧渔,81,7
3786,"2024-05-27",科教文体,27,11
3787,"2024-05-27",公卫医疗,93,127
3788,"2024-05-27",城乡建设,134,0
3789,"2024-05-27",交通运输,17,9
3790,"2024-05-27",农林牧渔,137,19
3791,"2024-05-28",科教文体,7,113
3792,"2024-05-28",公卫医疗,122,7
3793,"2024-05-28",城乡建设,4,2
3794,"2024-05-28",交通运输,114,9
3795,"2024-05-28",农林牧渔,39,15
3796,"2024-05-29",科教文体,224,14
3797,"2024-05-29",公卫医疗,23,29
3798,"2024-05-29",城乡建设,2,1
3799,"2024-05-29",交通运输,162,99
3800,"2024-05-29",农林牧渔,108,19
3801,"2024-05-30",科教文体,7,4
3802,"2024-05-30",公卫医疗,112,34
3803,"2024-05-30",城乡建设,2,23
3804,"2024-05-30",交通运输,61,9
3805,"2024-05-30",农林牧渔,128,332
3806,"2024-05-31",科教文体,1,0
3807,"2024-05-31",公卫医疗,1,28
3808,"2024-05-31",城乡建设,59,7
3809,"2024-05-31",交通运输,70,2
3810,"2024-05-31",农林牧渔,88,3
3811,"2024-06-01",科教文体,71,31
3812,"2024-06-01",公卫医疗,27,9
3813,"2024-06-01",城乡建设,118,131
3814,"2024-06-01",交通运输,211,44
3815,"2024-06-01",农林牧渔,11,15
3816,"2024-06-02",科教文体,114,32
3817,"2024-06-02",公卫医疗,136,3
3818,"2024-06-02",城乡建设,32,17
3819,"2024-06-02",交通运输,66,11
3820,"2024-06-02",农林牧渔,11,48
3821,"2024-06-03",科教文体,40,44
3822,"2024-06-03",公卫医疗,103,77
3823,"2024-06-03",城乡建设,19,8
3824,"2024-06-03",交通运输,176,7
3825,"2024-06-03",农林牧渔,105,224
3826,"2024-06-04",科教文体,98,5
3827,"2024-06-04",公卫医疗,3,20
3828,"2024-06-04",城乡建设,11,3
3829,"2024-06-04",交通运输,11,1
3830,"2024-06-04",农林牧渔,3,49
3831,"2024-06-05",科教文体,12,15
3832,"2024-06-05",公卫医疗,26,7
3833,"2024-06-05",城乡建设,43,26
3834,"2024-06-05",交通运输,21,50
3835,"2024-06-05",农林牧渔,20,3
3836,"2024-06-06",科教文体,55,7
3837,"2024-06-06",公卫医疗,96,94
3838,"2024-06-06",城乡建设,112,83
3839,"2024-06-06",交通运输,106,24
3840,"2024-06-06",农林牧渔,6,0
3841,"2024-06-07",科教文体,23,17
3842,"2024-06-07",公卫医疗,75,0
3843,"2024-06-07",城乡建设,33,10
3844,"2024-06-07",交通运输,7,13
3845,"2024-06-07",农林牧渔,31,4
3846,"2024-06-08",科教文体,255,19
3847,"2024-06-08",公卫医疗,1,20
3848,"2024-06-08",城乡建设,21,33
3849,"2024-06-08",交通运输,91,7
3850,"2024-06-08",农林牧渔,65,20
3851,"2024-06-09",科教文体,63,29
3852,"2024-06-09",公卫医疗,15,13
3853,"2024-06-09",城乡建设,33,7
3854,"2024-06-09",交通运输,224,64
3855,"2024-06-09",农林牧渔,78,13
3856,"2024-06-10",科教文体,51,75
3857,"2024-06-10",公卫医疗,12,0
3858,"2024-06-10",城乡建设,60,53
3859,"2024-06-10",交通运输,41,0
3860,"2024-06-10",农林牧渔,71,8
3861,"2024-06-11",科教文体,109,10
3862,"2024-06-11",公卫医疗,25,23
3863,"2024-06-11",城乡建设,156,24
3864,"2024-06-11",交通运输,1,7
3865,"2024-06-11",农林牧渔,55,45
3866,"2024-06-12",科教文体,143,10
3867,"2024-06-12",公卫医疗,73,26
3868,"2024-06-12",城乡建设,26,10
3869,"2024-06-12",交通运输,28,95
3870,"2024-06-12",农林牧渔,247,0
3871,"2024-06-13",科教文体,24,12
3872,"2024-06-13",公卫医疗,85,73
3873,"2024-06-13",城乡建设,0,0
3874,"2024-06-13",交通运输,27,8
3875,"2024-06-13",农林牧渔,207,342
3876,"2024-06-14",科教文体,47,30
3877,"2024-06-14",公卫医疗,2,1
3878,"2024-06-14",城乡建设,75,7
3879,"2024-06-14",交通运输,72,25
3880,"2024-06-14",农林牧渔,93,5
3881,"2024-06-15",科教文体,28,27
3882,"2024-06-15",公卫医疗,144,12
3883,"2024-06-15",城乡建设,73,100
3884,"2024-06-15",交通运输,156,72
3885,"2024-06-15",农林牧渔,1,21
3886,"2024-06-16",科教文体,526,15
3887,"2024-06-16",公卫医疗,0,17
3888,"2024-06-16",城乡建设,9,64
3889,"2024-06-16",交通运输,0,0
3890,"2024-06-16",农林牧渔,65,168
3891,"2024-06-17",科教文体,25,21
3892,"2024-06-17",公卫医疗,84,9
3893,"2024-06-17",城乡建设,157,25
3894,"2024-06-17",交通运输,60,3
3895,"2024-06-17",农林牧渔,103,9
3896,"2024-06-18",科教文体,1,181
3897,"2024-06-18",公卫医疗,108,91
3898,"2024-06-18",城乡建设,40,6
3899,"2024-06-18",交通运输,10,37
3900,"2024-06-18",农林牧渔,9,80
3901,"2024-06-19",科教文体,13,52
3902,"2024-06-19",公卫医疗,4,4
3903,"2024-06-19",城乡建设,5,33
3904,"2024-06-19",交通运输,78,12
3905,"2024-06-19",农林牧渔,85,204
3906,"2024-06-20",科教文体,13,34
3907,"2024-06-20",公卫医疗,190,0
3908,"2024-06-20",城乡建设,1,9
3909,"2024-06-20",交通运输,200,2
3910,"2024-06-20",农林牧渔,119,60
3911,"2024-06-21",科教文体,15,15
3912,"2024-06-21",公卫医疗,186,11
3913,"2024-06-21",城乡建设,10,0
3914,"2024-06-21",交通运输,93,49
3915,"2024-06-21",农林牧渔,79,32
3916,"2024-06-22",科教文体,358,38
3917,"2024-06-22",公卫医疗,15,4
3918,"2024-06-22",城乡建设,22,40
3919,"2024-06-22",交通运输,171,8
3920,"2024-06-22",农林牧渔,4,6
3921,"2024-06-23",科教文体,65,11
3922,"2024-06-23",公卫医疗,48,35
3923,"2024-06-23",城乡建设,20,1
3924,"2024-06-23",交通运输,96,33
3925,"2024-06-23",农林牧渔,39,5
3926,"2024-06-24",科教文体,11,18
3927,"2024-06-24",公卫医疗,16,34
3928,"2024-06-24",城乡建设,44,15
3929,"2024-06-24",交通运输,147,64
3930,"2024-06-24",农林牧渔,3,16
3931,"2024-06-25",科教文体,6,88
3932,"2024-06-25",公卫医疗,23,8
3933,"2024-06-25",城乡建设,135,1
3934,"2024-06-25",交通运输,35,0
3935,"2024-06-25",农林牧渔,31,131
3936,"2024-06-26",科教文体,14,41
3937,"2024-06-26",公卫医疗,97,0
3938,"2024-06-26",城乡建设,46,5
3939,"2024-06-26",交通运输,51,1
3940,"2024-06-26",农林牧渔,2,4
3941,"2024-06-27",科教文体,221,271
3942,"2024-06-27",公卫医疗,179,30
3943,"2024-06-27",城乡建设,2,8
3944,"2024-06-27",交通运输,33,7
3945,"2024-06-27",农林牧渔,110,26
3946,"2024-06-28",科教文体,52,17
3947,"2024-06-28",公卫医疗,6,9
3948,"2024-06-28",城乡建设,65,1
3949,"2024-06-28",交通运输,44,92
3950,"2024-06-28",农林牧渔,200,1
3951,"2024-06-29",科教文体,353,79
3952,"2024-06-29",公卫医疗,38,22
3953,"2024-06-29",城乡建设,52,34
3954,"2024-06-29",交通运输,6,4
3955,"2024-06-29",农林牧渔,48,195
3956,"2024-06-30",科教文体,73,46
3957,"2024-06-30",公卫医疗,116,6
3958,"2024-06-30",城乡建设,2,0
3959,"2024-06-30",交通运输,162,67
3960,"2024-06-30",农林牧渔,34,42
3961,"2024-07-01",科教文体,1,149
3962,"2024-07-01",公卫医疗,11,5
3963,"2024-07-01",城乡建设,151,125
3964,"2024-07-01",交通运输,119,38
3965,"2024-07-01",农林牧渔,57,35
3966,"2024-07-02",科教文体,129,26
3967,"2024-07-02",公卫医疗,134,6
3968,"2024-07-02",城乡建设,138,0
3969,"2024-07-02",交通运输,26,10
3970,"2024-07-02",农林牧渔,17,73
3971,"2024-07-03",科教文体,70,0
3972,"2024-07-03",公卫医疗,88,26
3973,"2024-07-03",城乡建设,39,79
3974,"2024-07-03",交通运输,9,7
3975,"2024-07-03",农林牧渔,42,25
3976,"2024-07-04",科教文体,59,8
3977,"2024-07-04",公卫医疗,17,35
3978,"2024-07-04",城乡建设,15,34
3979,"2024-07-04",交通运输,2,81
3980,"2024-07-04",农林牧渔,43,38
3981,"2024-07-05",科教文体,34,24
3982,"2024-07-05",公卫医疗,43,25
3983,"2024-07-05",城乡建设,69,7
3984,"2024-07-05",交通运输,24,4
3985,"2024-07-05",农林牧渔,34,2
3986,"2024-07-06",科教文体,200,6
3987,"2024-07-06",公卫医疗,24,50
3988,"2024-07-06",城乡建设,17,1
3989,"2024-07-06",交通运输,7,125
3990,"2024-07-06",农林牧渔,2,1
3991,"2024-07-07",科教文体,3,39
3992,"2024-07-07",公卫医疗,46,122
3993,"2024-07-07",城乡建设,219,4
3994,"2024-07-07",交通运输,8,1
3995,"2024-07-07",农林牧渔,52,16
3996,"2024-07-08",科教文体,159,6
3997,"2024-07-08",公卫医疗,51,31
3998,"2024-07-08",城乡建设,12,30
3999,"2024-07-08",交通运输,227,5
4000,"2024-07-08",农林牧渔,47,102
4001,"2024-07-09",科教文体,20,11
4002,"2024-07-09",公卫医疗,26,8
4003,"2024-07-09",城乡建设,79,8
4004,"2024-07-09",交通运输,92,26
4005,"2024-07-09",农林牧渔,30,26
4006,"2024-07-10",科教文体,4,5
4007,"2024-07-10",公卫医疗,28,90
4008,"2024-07-10",城乡建设,51,5
4009,"2024-07-10",交通运输,155,160
4010,"2024-07-10",农林牧渔,61,43
4011,"2024-07-11",科教文体,0,0
4012,"2024-07-11",公卫医疗,99,77
4013,"2024-07-11",城乡建设,89,16
4014,"2024-07-11",交通运输,107,8
4015,"2024-07-11",农林牧渔,0,3
4016,"2024-07-12",科教文体,145,3
4017,"2024-07-12",公卫医疗,56,19
4018,"2024-07-12",城乡建设,139,17
4019,"2024-07-12",交通运输,64,30
4020,"2024-07-12",农林牧渔,60,8
4021,"2024-07-13",科教文体,48,23
4022,"2024-07-13",公卫医疗,255,54
4023,"2024-07-13",城乡建设,7,15
4024,"2024-07-13",交通运输,99,8
4025,"2024-07-13",农林牧渔,87,2
4026,"2024-07-14",科教文体,108,45
4027,"2024-07-14",公卫医疗,87,13
4028,"2024-07-14",城乡建设,158,38
4029,"2024-07-14",交通运输,31,26
4030,"2024-07-14",农林牧渔,6,10
4031,"2024-07-15",科教文体,16,72
4032,"2024-07-15",公卫医疗,10,9
4033,"2024-07-15",城乡建设,110,85
4034,"2024-07-15",交通运输,12,4
4035,"2024-07-15",农林牧渔,160,3
4036,"2024-07-16",科教文体,124,9
4037,"2024-07-16",公卫医疗,94,104
4038,"2024-07-16",城乡建设,81,63
4039,"2024-07-16",交通运输,20,47
4040,"2024-07-16",农林牧渔,94,15
4041,"2024-07-17",科教文体,11,3
4042,"2024-07-17",公卫医疗,164,30
4043,"2024-07-17",城乡建设,43,9
4044,"2024-07-17",交通运输,25,17
4045,"2024-07-17",农林牧渔,194,2
4046,"2024-07-18",科教文体,109,16
4047,"2024-07-18",公卫医疗,0,0
4048,"2024-07-18",城乡建设,0,2
4049,"2024-07-18",交通运输,160,5
4050,"2024-07-18",农林牧渔,39,113
4051,"2024-07-19",科教文体,6,4
4052,"2024-07-19",公卫医疗,28,1
4053,"2024-07-19",城乡建设,125,19
4054,"2024-07-19",交通运输,80,1
4055,"2024-07-19",农林牧渔,91,30
4056,"2024-07-20",科教文体,79,0
4057,"2024-07-20",公卫医疗,28,9
4058,"2024-07-20",城乡建设,10,16
4059,"2024-07-20",交通运输,6,39
4060,"2024-07-20",农林牧渔,53,17
4061,"2024-07-21",科教文体,28,23
4062,"2024-07-21",公卫医疗,8,9
4063,"2024-07-21",城乡建设,63,13
4064,"2024-07-21",交通运输,47,9
4065,"2024-07-21",农林牧渔,40,1
4066,"2024-07-22",科教文体,10,20
4067,"2024-07-22",公卫医疗,162,49
4068,"2024-07-22",城乡建设,7,28
4069,"2024-07-22",交通运输,94,71
4070,"2024-07-22",农林牧渔,201,41
4071,"2024-07-23",科教文体,1,10
4072,"2024-07-23",公卫医疗,5,16
4073,"2024-07-23",城乡建设,1,3
4074,"2024-07-23",交通运输,24,15
4075,"2024-07-23",农林牧渔,44,46
4076,"2024-07-24",科教文体,22,8
4077,"2024-07-24",公卫医疗,26,3
4078,"2024-07-24",城乡建设,36,6
4079,"2024-07-24",交通运输,28,16
4080,"2024-07-24",农林牧渔,8,30
4081,"2024-07-25",科教文体,99,221
4082,"2024-07-25",公卫医疗,5,5
4083,"2024-07-25",城乡建设,142,76
4084,"2024-07-25",交通运输,47,52
4085,"2024-07-25",农林牧渔,40,1
4086,"2024-07-26",科教文体,47,60
4087,"2024-07-26",公卫医疗,27,36
4088,"2024-07-26",城乡建设,71,19
4089,"2024-07-26",交通运输,149,8
4090,"2024-07-26",农林牧渔,16,0
4091,"2024-07-27",科教文体,24,30
4092,"2024-07-27",公卫医疗,15,190
4093,"2024-07-27",城乡建设,0,0
4094,"2024-07-27",交通运输,30,71
4095,"2024-07-27",农林牧渔,241,10
4096,"2024-07-28",科教文体,34,28
4097,"2024-07-28",公卫医疗,3,3
4098,"2024-07-28",城乡建设,84,68
4099,"2024-07-28",交通运输,36,44
4100,"2024-07-28",农林牧渔,121,7
4101,"2024-07-29",科教文体,103,41
4102,"2024-07-29",公卫医疗,16,9
4103,"2024-07-29",城乡建设,23,85
4104,"2024-07-29",交通运输,6,64
4105,"2024-07-29",农林牧渔,3,66
4106,"2024-07-30",科教文体,52,82
4107,"2024-07-30",公卫医疗,125,26
4108,"2024-07-30",城乡建设,127,11
4109,"2024-07-30",交通运输,28,11
4110,"2024-07-30",农林牧渔,9,39
4111,"2024-07-31",科教文体,6,14
4112,"2024-07-31",公卫医疗,18,5
4113,"2024-07-31",城乡建设,99,1
4114,"2024-07-31",交通运输,84,12
4115,"2024-07-31",农林牧渔,48,0
4116,"2024-08-01",科教文体,37,20
4117,"2024-08-01",公卫医疗,48,11
4118,"2024-08-01",城乡建设,16,0
4119,"2024-08-01",交通运输,35,28
4120,"2024-08-01",农林牧渔,129,47
4121,"2024-08-02",科教文体,5,2
4122,"2024-08-02",公卫医疗,54,2
4123,"2024-08-02",城乡建设,38,56
4124,"2024-08-02",交通运输,121,27
4125,"2024-08-02",农林牧渔,20,135
4126,"2024-08-03",科教文体,29,69
4127,"2024-08-03",公卫医疗,167,6
4128,"2024-08-03",城乡建设,2,82
4129,"2024-08-03",交通运输,24,10
4130,"2024-08-03",农林牧渔,383,15
4131,"2024-08-04",科教文体,18,36
4132,"2024-08-04",公卫医疗,46,2
4133,"2024-08-04",城乡建设,1,4
4134,"2024-08-04",交通运输,23,6
4135,"2024-08-04",农林牧渔,25,4
4136,"2024-08-05",科教文体,54,189
4137,"2024-08-05",公卫医疗,34,9
4138,"2024-08-05",城乡建设,137,74
4139,"2024-08-05",交通运输,83,0
4140,"2024-08-05",农林牧渔,100,0
4141,"2024-08-06",科教文体,2,0
4142,"2024-08-06",公卫医疗,96,13
4143,"2024-08-06",城乡建设,0,0
4144,"2024-08-06",交通运输,107,16
4145,"2024-08-06",农林牧渔,45,12
4146,"2024-08-07",科教文体,49,27
4147,"2024-08-07",公卫医疗,60,21
4148,"2024-08-07",城乡建设,4,7
4149,"2024-08-07",交通运输,13,17
4150,"2024-08-07",农林牧渔,67,0
4151,"2024-08-08",科教文体,33,40
4152,"2024-08-08",公卫医疗,72,6
4153,"2024-08-08",城乡建设,3,7
4154,"2024-08-08",交通运输,72,19
4155,"2024-08-08",农林牧渔,8,1
4156,"2024-08-09",科教文体,95,5
4157,"2024-08-09",公卫医疗,190,15
4158,"2024-08-09",城乡建设,49,3
4159,"2024-08-09",交通运输,192,5
4160,"2024-08-09",农林牧渔,0,4
4161,"2024-08-10",科教文体,43,28
4162,"2024-08-10",公卫医疗,106,68
4163,"2024-08-10",城乡建设,17,3
4164,"2024-08-10",交通运输,104,124
4165,"2024-08-10",农林牧渔,101,26
4166,"2024-08-11",科教文体,65,11
4167,"2024-08-11",公卫医疗,10,8
4168,"2024-08-11",城乡建设,46,2
4169,"2024-08-11",交通运输,10,117
4170,"2024-08-11",农林牧渔,9,57
4171,"2024-08-12",科教文体,15,69
4172,"2024-08-12",公卫医疗,95,1
4173,"2024-08-12",城乡建设,57,62
4174,"2024-08-12",交通运输,6,37
4175,"2024-08-12",农林牧渔,79,40
4176,"2024-08-13",科教文体,57,10
4177,"2024-08-13",公卫医疗,13,26
4178,"2024-08-13",城乡建设,205,25
4179,"2024-08-13",交通运输,50,14
4180,"2024-08-13",农林牧渔,75,62
4181,"2024-08-14",科教文体,100,15
4182,"2024-08-14",公卫医疗,4,87
4183,"2024-08-14",城乡建设,17,18
4184,"2024-08-14",交通运输,47,5
4185,"2024-08-14",农林牧渔,1,0
4186,"2024-08-15",科教文体,7,10
4187,"2024-08-15",公卫医疗,105,89
4188,"2024-08-15",城乡建设,199,43
4189,"2024-08-15",交通运输,88,37
4190,"2024-08-15",农林牧渔,34,3
4191,"2024-08-16",科教文体,0,20
4192,"2024-08-16",公卫医疗,38,39
4193,"2024-08-16",城乡建设,59,10
4194,"2024-08-16",交通运输,69,41
4195,"2024-08-16",农林牧渔,27,14
4196,"2024-08-17",科教文体,96,1
4197,"2024-08-17",公卫医疗,47,0
4198,"2024-08-17",城乡建设,9,61
4199,"2024-08-17",交通运输,157,27
4200,"2024-08-17",农林牧渔,6,40
4201,"2024-08-18",科教文体,105,1
4202,"2024-08-18",公卫医疗,65,0
4203,"2024-08-18",城乡建设,141,23
4204,"2024-08-18",交通运输,12,17
4205,"2024-08-18",农林牧渔,113,10
4206,"2024-08-19",科教文体,69,18
4207,"2024-08-19",公卫医疗,58,47
4208,"2024-08-19",城乡建设,78,12
4209,"2024-08-19",交通运输,27,0
4210,"2024-08-19",农林牧渔,42,80
4211,"2024-08-20",科教文体,98,43
4212,"2024-08-20",公卫医疗,46,8
4213,"2024-08-20",城乡建设,130,77
4214,"2024-08-20",交通运输,130,56
4215,"2024-08-20",农林牧渔,41,17
4216,"2024-08-21",科教文体,220,63
4217,"2024-08-21",公卫医疗,131,16
4218,"2024-08-21",城乡建设,168,22
4219,"2024-08-21",交通运输,28,136
4220,"2024-08-21",农林牧渔,72,10
4221,"2024-08-22",科教文体,1,82
4222,"2024-08-22",公卫医疗,179,41
4223,"2024-08-22",城乡建设,68,2
4224,"2024-08-22",交通运输,181,129
4225,"2024-08-22",农林牧渔,8,27
4226,"2024-08-23",科教文体,5,38
4227,"2024-08-23",公卫医疗,6,30
4228,"2024-08-23",城乡建设,4,20
4229,"2024-08-23",交通运输,60,47
4230,"2024-08-23",农林牧渔,6,28
4231,"2024-08-24",科教文体,4,85
4232,"2024-08-24",公卫医疗,110,3
4233,"2024-08-24",城乡建设,2,102
4234,"2024-08-24",交通运输,9,41
4235,"2024-08-24",农林牧渔,164,0
4236,"2024-08-25",科教文体,0,0
4237,"2024-08-25",公卫医疗,11,5
4238,"2024-08-25",城乡建设,43,83
4239,"2024-08-25",交通运输,117,85
4240,"2024-08-25",农林牧渔,65,16
4241,"2024-08-26",科教文体,29,0
4242,"2024-08-26",公卫医疗,6,60
4243,"2024-08-26",城乡建设,35,17
4244,"2024-08-26",交通运输,338,21
4245,"2024-08-26",农林牧渔,1,54
4246,"2024-08-27",科教文体,89,69
4247,"2024-08-27",公卫医疗,8,100
4248,"2024-08-27",城乡建设,82,4
4249,"2024-08-27",交通运输,4,17
4250,"2024-08-27",农林牧渔,24,14
4251,"2024-08-28",科教文体,18,5
4252,"2024-08-28",公卫医疗,56,62
4253,"2024-08-28",城乡建设,82,0
4254,"2024-08-28",交通运输,190,21
4255,"2024-08-28",农林牧渔,35,76
4256,"2024-08-29",科教文体,54,79
4257,"2024-08-29",公卫医疗,66,186
4258,"2024-08-29",城乡建设,130,15
4259,"2024-08-29",交通运输,53,93
4260,"2024-08-29",农林牧渔,11,92
4261,"2024-08-30",科教文体,21,24
4262,"2024-08-30",公卫医疗,213,2
4263,"2024-08-30",城乡建设,144,94
4264,"2024-08-30",交通运输,71,154
4265,"2024-08-30",农林牧渔,11,1
4266,"2024-08-31",科教文体,95,100
4267,"2024-08-31",公卫医疗,15,18
4268,"2024-08-31",城乡建设,183,3
4269,"2024-08-31",交通运输,4,5
4270,"2024-08-31",农林牧渔,76,23
4271,"2024-09-01",科教文体,3,3
4272,"2024-09-01",公卫医疗,131,36
4273,"2024-09-01",城乡建设,109,1
4274,"2024-09-01",交通运输,12,0
4275,"2024-09-01",农林牧渔,37,79
4276,"2024-09-02",科教文体,15,3
4277,"2024-09-02",公卫医疗,108,11
4278,"2024-09-02",城乡建设,5,20
4279,"2024-09-02",交通运输,9,5
4280,"2024-09-02",农林牧渔,29,102
4281,"2024-09-03",科教文体,67,1
4282,"2024-09-03",公卫医疗,98,20
4283,"2024-09-03",城乡建设,50,31
4284,"2024-09-03",交通运输,27,46
4285,"2024-09-03",农林牧渔,23,46
4286,"2024-09-04",科教文体,12,61
4287,"2024-09-04",公卫医疗,92,60
4288,"2024-09-04",城乡建设,10,52
4289,"2024-09-04",交通运输,301,0
4290,"2024-09-04",农林牧渔,80,45
4291,"2024-09-05",科教文体,90,7
4292,"2024-09-05",公卫医疗,92,91
4293,"2024-09-05",城乡建设,147,57
4294,"2024-09-05",交通运输,63,61
4295,"2024-09-05",农林牧渔,133,21
4296,"2024-09-06",科教文体,21,12
4297,"2024-09-06",公卫医疗,44,17
4298,"2024-09-06",城乡建设,30,18
4299,"2024-09-06",交通运输,22,1
4300,"2024-09-06",农林牧渔,59,13
4301,"2024-09-07",科教文体,38,4
4302,"2024-09-07",公卫医疗,65,62
4303,"2024-09-07",城乡建设,128,0
4304,"2024-09-07",交通运输,29,34
4305,"2024-09-07",农林牧渔,135,22
4306,"2024-09-08",科教文体,184,3
4307,"2024-09-08",公卫医疗,15,54
4308,"2024-09-08",城乡建设,279,30
4309,"2024-09-08",交通运输,44,3
4310,"2024-09-08",农林牧渔,31,11
4311,"2024-09-09",科教文体,303,43
4312,"2024-09-09",公卫医疗,118,34
4313,"2024-09-09",城乡建设,22,1
4314,"2024-09-09",交通运输,79,17
4315,"2024-09-09",农林牧渔,29,3
4316,"2024-09-10",科教文体,49,12
4317,"2024-09-10",公卫医疗,5,22
4318,"2024-09-10",城乡建设,112,12
4319,"2024-09-10",交通运输,140,0
4320,"2024-09-10",农林牧渔,3,49
4321,"2024-09-11",科教文体,154,9
4322,"2024-09-11",公卫医疗,71,142
4323,"2024-09-11",城乡建设,86,17
4324,"2024-09-11",交通运输,101,5
4325,"2024-09-11",农林牧渔,24,21
4326,"2024-09-12",科教文体,8,56
4327,"2024-09-12",公卫医疗,8,2
4328,"2024-09-12",城乡建设,4,0
4329,"2024-09-12",交通运输,87,9
4330,"2024-09-12",农林牧渔,57,24
4331,"2024-09-13",科教文体,38,46
4332,"2024-09-13",公卫医疗,159,17
4333,"2024-09-13",城乡建设,28,33
4334,"2024-09-13",交通运输,51,9
4335,"2024-09-13",农林牧渔,45,4
4336,"2024-09-14",科教文体,254,2
4337,"2024-09-14",公卫医疗,31,6
4338,"2024-09-14",城乡建设,36,1
4339,"2024-09-14",交通运输,18,3
4340,"2024-09-14",农林牧渔,51,38
4341,"2024-09-15",科教文体,60,23
4342,"2024-09-15",公卫医疗,13,9
4343,"2024-09-15",城乡建设,3,32
4344,"2024-09-15",交通运输,38,13
4345,"2024-09-15",农林牧渔,76,4
4346,"2024-09-16",科教文体,156,44
4347,"2024-09-16",公卫医疗,12,42
4348,"2024-09-16",城乡建设,6,15
4349,"2024-09-16",交通运输,5,5
4350,"2024-09-16",农林牧渔,158,7
4351,"2024-09-17",科教文体,98,46
4352,"2024-09-17",公卫医疗,7,54
4353,"2024-09-17",城乡建设,140,0
4354,"2024-09-17",交通运输,60,5
4355,"2024-09-17",农林牧渔,90,16
4356,"2024-09-18",科教文体,107,17
4357,"2024-09-18",公卫医疗,47,9
4358,"2024-09-18",城乡建设,44,7
4359,"2024-09-18",交通运输,1,0
4360,"2024-09-18",农林牧渔,122,111
4361,"2024-09-19",科教文体,34,138
4362,"2024-09-19",公卫医疗,227,6
4363,"2024-09-19",城乡建设,0,1
4364,"2024-09-19",交通运输,134,49
4365,"2024-09-19",农林牧渔,2,0
4366,"2024-09-20",科教文体,99,7
4367,"2024-09-20",公卫医疗,79,71
4368,"2024-09-20",城乡建设,169,6
4369,"2024-09-20",交通运输,55,5
4370,"2024-09-20",农林牧渔,17,44
4371,"2024-09-21",科教文体,25,36
4372,"2024-09-21",公卫医疗,128,1
4373,"2024-09-21",城乡建设,16,95
4374,"2024-09-21",交通运输,0,29
4375,"2024-09-21",农林牧渔,68,23
4376,"2024-09-22",科教文体,108,3
4377,"2024-09-22",公卫医疗,183,46
4378,"2024-09-22",城乡建设,45,122
4379,"2024-09-22",交通运输,79,8
4380,"2024-09-22",农林牧渔,36,18
4381,"2024-09-23",科教文体,45,10
4382,"2024-09-23",公卫医疗,135,53
4383,"2024-09-23",城乡建设,66,20
4384,"2024-09-23",交通运输,89,12
4385,"2024-09-23",农林牧渔,9,4
4386,"2024-09-24",科教文体,33,23
4387,"2024-09-24",公卫医疗,8,96
4388,"2024-09-24",城乡建设,200,2
4389,"2024-09-24",交通运输,215,1
4390,"2024-09-24",农林牧渔,3,5
4391,"2024-09-25",科教文体,34,74
4392,"2024-09-25",公卫医疗,8,13
4393,"2024-09-25",城乡建设,11,159
4394,"2024-09-25",交通运输,104,32
4395,"2024-09-25",农林牧渔,101,9
4396,"2024-09-26",科教文体,55,2
4397,"2024-09-26",公卫医疗,1,0
4398,"2024-09-26",城乡建设,64,24
4399,"2024-09-26",交通运输,67,20
4400,"2024-09-26",农林牧渔,52,48
4401,"2024-09-27",科教文体,13,63
4402,"2024-09-27",公卫医疗,68,13
4403,"2024-09-27",城乡建设,28,13
4404,"2024-09-27",交通运输,84,0
4405,"2024-09-27",农林牧渔,71,108
4406,"2024-09-28",科教文体,1,1
4407,"2024-09-28",公卫医疗,170,10
4408,"2024-09-28",城乡建设,105,13
4409,"2024-09-28",交通运输,14,11
4410,"2024-09-28",农林牧渔,60,45
4411,"2024-09-29",科教文体,50,45
4412,"2024-09-29",公卫医疗,121,14
4413,"2024-09-29",城乡建设,200,1
4414,"2024-09-29",交通运输,5,25
4415,"2024-09-29",农林牧渔,117,71
4416,"2024-09-30",科教文体,41,56
4417,"2024-09-30",公卫医疗,9,53
4418,"2024-09-30",城乡建设,160,17
4419,"2024-09-30",交通运输,3,9
4420,"2024-09-30",农林牧渔,71,43
4421,"2024-10-01",科教文体,18,2
4422,"2024-10-01",公卫医疗,88,9
4423,"2024-10-01",城乡建设,139,18
4424,"2024-10-01",交通运输,19,8
4425,"2024-10-01",农林牧渔,159,76
4426,"2024-10-02",科教文体,54,16
4427,"2024-10-02",公卫医疗,32,0
4428,"2024-10-02",城乡建设,80,49
4429,"2024-10-02",交通运输,4,2
4430,"2024-10-02",农林牧渔,247,81
4431,"2024-10-03",科教文体,46,3
4432,"2024-10-03",公卫医疗,57,28
4433,"2024-10-03",城乡建设,3,20
4434,"2024-10-03",交通运输,28,21
4435,"2024-10-03",农林牧渔,25,121
4436,"2024-10-04",科教文体,193,6
4437,"2024-10-04",公卫医疗,180,15
4438,"2024-10-04",城乡建设,273,13
4439,"2024-10-04",交通运输,49,2
4440,"2024-10-04",农林牧渔,53,11
4441,"2024-10-05",科教文体,9,3
4442,"2024-10-05",公卫医疗,141,41
4443,"2024-10-05",城乡建设,84,109
4444,"2024-10-05",交通运输,75,13
4445,"2024-10-05",农林牧渔,9,7
4446,"2024-10-06",科教文体,45,13
4447,"2024-10-06",公卫医疗,100,2
4448,"2024-10-06",城乡建设,71,31
4449,"2024-10-06",交通运输,6,18
4450,"2024-10-06",农林牧渔,41,5
4451,"2024-10-07",科教文体,74,94
4452,"2024-10-07",公卫医疗,15,13
4453,"2024-10-07",城乡建设,8,10
4454,"2024-10-07",交通运输,7,49
4455,"2024-10-07",农林牧渔,185,44
4456,"2024-10-08",科教文体,63,9
4457,"2024-10-08",公卫医疗,59,42
4458,"2024-10-08",城乡建设,83,32
4459,"2024-10-08",交通运输,142,60
4460,"2024-10-08",农林牧渔,90,80
4461,"2024-10-09",科教文体,13,101
4462,"2024-10-09",公卫医疗,23,29
4463,"2024-10-09",城乡建设,8,3
4464,"2024-10-09",交通运输,0,35
4465,"2024-10-09",农林牧渔,109,29
4466,"2024-10-10",科教文体,139,24
4467,"2024-10-10",公卫医疗,78,86
4468,"2024-10-10",城乡建设,120,4
4469,"2024-10-10",交通运输,91,0
4470,"2024-10-10",农林牧渔,138,101
4471,"2024-10-11",科教文体,1,5
4472,"2024-10-11",公卫医疗,1,10
4473,"2024-10-11",城乡建设,57,63
4474,"2024-10-11",交通运输,83,6
4475,"2024-10-11",农林牧渔,51,77
4476,"2024-10-12",科教文体,80,15
4477,"2024-10-12",公卫医疗,1,9
4478,"2024-10-12",城乡建设,7,29
4479,"2024-10-12",交通运输,8,3
4480,"2024-10-12",农林牧渔,49,6
4481,"2024-10-13",科教文体,137,19
4482,"2024-10-13",公卫医疗,240,21
4483,"2024-10-13",城乡建设,52,4
4484,"2024-10-13",交通运输,5,12
4485,"2024-10-13",农林牧渔,15,0
4486,"2024-10-14",科教文体,39,120
4487,"2024-10-14",公卫医疗,104,40
4488,"2024-10-14",城乡建设,24,72
4489,"2024-10-14",交通运输,116,14
4490,"2024-10-14",农林牧渔,51,7
4491,"2024-10-15",科教文体,111,63
4492,"2024-10-15",公卫医疗,162,44
4493,"2024-10-15",城乡建设,8,71
4494,"2024-10-15",交通运输,1,2
4495,"2024-10-15",农林牧渔,12,14
4496,"2024-10-16",科教文体,156,0
4497,"2024-10-16",公卫医疗,75,16
4498,"2024-10-16",城乡建设,36,0
4499,"2024-10-16",交通运输,24,3
4500,"2024-10-16",农林牧渔,27,2
4501,"2024-10-17",科教文体,110,49
4502,"2024-10-17",公卫医疗,179,51
4503,"2024-10-17",城乡建设,8,20
4504,"2024-10-17",交通运输,164,14
4505,"2024-10-17",农林牧渔,132,4
4506,"2024-10-18",科教文体,61,9
4507,"2024-10-18",公卫医疗,61,39
4508,"2024-10-18",城乡建设,2,0
4509,"2024-10-18",交通运输,25,70
4510,"2024-10-18",农林牧渔,0,199
4511,"2024-10-19",科教文体,73,1
4512,"2024-10-19",公卫医疗,117,10
4513,"2024-10-19",城乡建设,44,18
4514,"2024-10-19",交通运输,14,53
4515,"2024-10-19",农林牧渔,192,14
4516,"2024-10-20",科教文体,47,0
4517,"2024-10-20",公卫医疗,19,48
4518,"2024-10-20",城乡建设,105,14
4519,"2024-10-20",交通运输,58,11
4520,"2024-10-20",农林牧渔,78,5
4521,"2024-10-21",科教文体,25,109
4522,"2024-10-21",公卫医疗,0,1
4523,"2024-10-21",城乡建设,22,44
4524,"2024-10-21",交通运输,33,28
4525,"2024-10-21",农林牧渔,157,6
4526,"2024-10-22",科教文体,72,0
4527,"2024-10-22",公卫医疗,49,24
4528,"2024-10-22",城乡建设,1,38
4529,"2024-10-22",交通运输,14,52
4530,"2024-10-22",农林牧渔,88,87
4531,"2024-10-23",科教文体,63,2
4532,"2024-10-23",公卫医疗,68,18
4533,"2024-10-23",城乡建设,10,9
4534,"2024-10-23",交通运输,47,21
4535,"2024-10-23",农林牧渔,64,10
4536,"2024-10-24",科教文体,91,149
4537,"2024-10-24",公卫医疗,32,19
4538,"2024-10-24",城乡建设,68,22
4539,"2024-10-24",交通运输,10,12
4540,"2024-10-24",农林牧渔,43,37
4541,"2024-10-25",科教文体,19,3
4542,"2024-10-25",公卫医疗,73,52
4543,"2024-10-25",城乡建设,72,81
4544,"2024-10-25",交通运输,28,74
4545,"2024-10-25",农林牧渔,262,8
4546,"2024-10-26",科教文体,99,26
4547,"2024-10-26",公卫医疗,183,0
4548,"2024-10-26",城乡建设,20,7
4549,"2024-10-26",交通运输,41,1
4550,"2024-10-26",农林牧渔,156,39
4551,"2024-10-27",科教文体,341,7
4552,"2024-10-27",公卫医疗,14,1
4553,"2024-10-27",城乡建设,44,118
4554,"2024-10-27",交通运输,75,28
4555,"2024-10-27",农林牧渔,0,0
4556,"2024-10-28",科教文体,16,8
4557,"2024-10-28",公卫医疗,92,18
4558,"2024-10-28",城乡建设,38,58
4559,"2024-10-28",交通运输,56,50
4560,"2024-10-28",农林牧渔,19,152
4561,"2024-10-29",科教文体,6,102
4562,"2024-10-29",公卫医疗,35,168
4563,"2024-10-29",城乡建设,3,7
4564,"2024-10-29",交通运输,50,16
4565,"2024-10-29",农林牧渔,16,1
4566,"2024-10-30",科教文体,57,16
4567,"2024-10-30",公卫医疗,75,15
4568,"2024-10-30",城乡建设,61,113
4569,"2024-10-30",交通运输,22,100
4570,"2024-10-30",农林牧渔,8,16
4571,"2024-10-31",科教文体,6,1
4572,"2024-10-31",公卫医疗,71,25
4573,"2024-10-31",城乡建设,21,21
4574,"2024-10-31",交通运输,82,31
4575,"2024-10-31",农林牧渔,16,71
4576,"2024-11-01",科教文体,50,0
4577,"2024-11-01",公卫医疗,16,8
4578,"2024-11-01",城乡建设,19,14
4579,"2024-11-01",交通运输,17,8
4580,"2024-11-01",农林牧渔,28,63
4581,"2024-11-02",科教文体,26,11
4582,"2024-11-02",公卫医疗,37,29
4583,"2024-11-02",城乡建设,20,30
4584,"2024-11-02",交通运输,9,67
4585,"2024-11-02",农林牧渔,12,48
4586,"2024-11-03",科教文体,46,58
4587,"2024-11-03",公卫医疗,4,58
4588,"2024-11-03",城乡建设,45,0
4589,"2024-11-03",交通运输,25,0
4590,"2024-11-03",农林牧渔,66,5
4591,"2024-11-04",科教文体,13,8
4592,"2024-11-04",公卫医疗,16,7
4593,"2024-11-04",城乡建设,20,3
4594,"2024-11-04",交通运输,107,42
4595,"2024-11-04",农林牧渔,121,74
4596,"2024-11-05",科教文体,88,1
4597,"2024-11-05",公卫医疗,9,33
4598,"2024-11-05",城乡建设,188,15
4599,"2024-11-05",交通运输,119,33
4600,"2024-11-05",农林牧渔,30,32
4601,"2024-11-06",科教文体,12,33
4602,"2024-11-06",公卫医疗,83,20
4603,"2024-11-06",城乡建设,47,134
4604,"2024-11-06",交通运输,49,7
4605,"2024-11-06",农林牧渔,313,32
4606,"2024-11-07",科教文体,47,6
4607,"2024-11-07",公卫医疗,84,15
4608,"2024-11-07",城乡建设,26,0
4609,"2024-11-07",交通运输,5,62
4610,"2024-11-07",农林牧渔,0,0
4611,"2024-11-08",科教文体,6,2
4612,"2024-11-08",公卫医疗,73,10
4613,"2024-11-08",城乡建设,86,57
4614,"2024-11-08",交通运输,69,35
4615,"2024-11-08",农林牧渔,80,24
4616,"2024-11-09",科教文体,46,23
4617,"2024-11-09",公卫医疗,50,14
4618,"2024-11-09",城乡建设,84,4
4619,"2024-11-09",交通运输,7,3
4620,"2024-11-09",农林牧渔,118,7
4621,"2024-11-10",科教文体,61,1
4622,"2024-11-10",公卫医疗,64,8
4623,"2024-11-10",城乡建设,76,10
4624,"2024-11-10",交通运输,72,13
4625,"2024-11-10",农林牧渔,3,104
4626,"2024-11-11",科教文体,1,35
4627,"2024-11-11",公卫医疗,14,86
4628,"2024-11-11",城乡建设,115,13
4629,"2024-11-11",交通运输,37,13
4630,"2024-11-11",农林牧渔,26,132
4631,"2024-11-12",科教文体,57,64
4632,"2024-11-12",公卫医疗,138,42
4633,"2024-11-12",城乡建设,54,78
4634,"2024-11-12",交通运输,3,94
4635,"2024-11-12",农林牧渔,71,33
4636,"2024-11-13",科教文体,126,56
4637,"2024-11-13",公卫医疗,29,31
4638,"2024-11-13",城乡建设,121,36
4639,"2024-11-13",交通运输,239,27
4640,"2024-11-13",农林牧渔,52,21
4641,"2024-11-14",科教文体,307,0
4642,"2024-11-14",公卫医疗,152,5
4643,"2024-11-14",城乡建设,37,94
4644,"2024-11-14",交通运输,60,6
4645,"2024-11-14",农林牧渔,31,122
4646,"2024-11-15",科教文体,7,3
4647,"2024-11-15",公卫医疗,97,22
4648,"2024-11-15",城乡建设,15,17
4649,"2024-11-15",交通运输,20,33
4650,"2024-11-15",农林牧渔,36,77
4651,"2024-11-16",科教文体,21,0
4652,"2024-11-16",公卫医疗,17,32
4653,"2024-11-16",城乡建设,134,104
4654,"2024-11-16",交通运输,85,36
4655,"2024-11-16",农林牧渔,53,1
4656,"2024-11-17",科教文体,25,91
4657,"2024-11-17",公卫医疗,83,22
4658,"2024-11-17",城乡建设,1,0
4659,"2024-11-17",交通运输,88,52
4660,"2024-11-17",农林牧渔,99,18
4661,"2024-11-18",科教文体,227,14
4662,"2024-11-18",公卫医疗,27,17
4663,"2024-11-18",城乡建设,47,127
4664,"2024-11-18",交通运输,58,14
4665,"2024-11-18",农林牧渔,28,326
4666,"2024-11-19",科教文体,95,7
4667,"2024-11-19",公卫医疗,264,1
4668,"2024-11-19",城乡建设,0,102
4669,"2024-11-19",交通运输,132,5
4670,"2024-11-19",农林牧渔,97,91
4671,"2024-11-20",科教文体,89,23
4672,"2024-11-20",公卫医疗,30,135
4673,"2024-11-20",城乡建设,0,2
4674,"2024-11-20",交通运输,8,22
4675,"2024-11-20",农林牧渔,27,160
4676,"2024-11-21",科教文体,46,48
4677,"2024-11-21",公卫医疗,65,24
4678,"2024-11-21",城乡建设,294,32
4679,"2024-11-21",交通运输,4,4
4680,"2024-11-21",农林牧渔,11,29
4681,"2024-11-22",科教文体,24,128
4682,"2024-11-22",公卫医疗,1,140
4683,"2024-11-22",城乡建设,124,0
4684,"2024-11-22",交通运输,131,32
4685,"2024-11-22",农林牧渔,71,55
4686,"2024-11-23",科教文体,56,1
4687,"2024-11-23",公卫医疗,37,34
4688,"2024-11-23",城乡建设,62,59
4689,"2024-11-23",交通运输,53,72
4690,"2024-11-23",农林牧渔,69,38
4691,"2024-11-24",科教文体,43,24
4692,"2024-11-24",公卫医疗,1,0
4693,"2024-11-24",城乡建设,6,1
4694,"2024-11-24",交通运输,94,4
4695,"2024-11-24",农林牧渔,11,88
4696,"2024-11-25",科教文体,0,1
4697,"2024-11-25",公卫医疗,15,63
4698,"2024-11-25",城乡建设,118,11
4699,"2024-11-25",交通运输,8,100
4700,"2024-11-25",农林牧渔,179,16
4701,"2024-11-26",科教文体,64,9
4702,"2024-11-26",公卫医疗,193,21
4703,"2024-11-26",城乡建设,69,0
4704,"2024-11-26",交通运输,17,7
4705,"2024-11-26",农林牧渔,0,80
4706,"2024-11-27",科教文体,124,20
4707,"2024-11-27",公卫医疗,55,116
4708,"2024-11-27",城乡建设,16,17
4709,"2024-11-27",交通运输,131,3
4710,"2024-11-27",农林牧渔,79,0
4711,"2024-11-28",科教文体,28,11
4712,"2024-11-28",公卫医疗,22,2
4713,"2024-11-28",城乡建设,56,6
4714,"2024-11-28",交通运输,16,39
4715,"2024-11-28",农林牧渔,13,66
4716,"2024-11-29",科教文体,51,36
4717,"2024-11-29",公卫医疗,112,11
4718,"2024-11-29",城乡建设,127,49
4719,"2024-11-29",交通运输,5,11
4720,"2024-11-29",农林牧渔,226,46
4721,"2024-11-30",科教文体,61,52
4722,"2024-11-30",公卫医疗,5,30
4723,"2024-11-30",城乡建设,137,0
4724,"2024-11-30",交通运输,25,4
4725,"2024-11-30",农林牧渔,14,4
4726,"2024-12-01",科教文体,23,53
4727,"2024-12-01",公卫医疗,181,24
4728,"2024-12-01",城乡建设,19,41
4729,"2024-12-01",交通运输,29,45
4730,"2024-12-01",农林牧渔,111,55
4731,"2024-12-02",科教文体,7,39
4732,"2024-12-02",公卫医疗,50,1
4733,"2024-12-02",城乡建设,5,12
4734,"2024-12-02",交通运输,68,32
4735,"2024-12-02",农林牧渔,72,14
4736,"2024-12-03",科教文体,231,1
4737,"2024-12-03",公卫医疗,81,20
4738,"2024-12-03",城乡建设,80,1
4739,"2024-12-03",交通运输,0,0
4740,"2024-12-03",农林牧渔,14,2
4741,"2024-12-04",科教文体,29,115
4742,"2024-12-04",公卫医疗,27,27
4743,"2024-12-04",城乡建设,45,61
4744,"2024-12-04",交通运输,36,97
4745,"2024-12-04",农林牧渔,148,30
4746,"2024-12-05",科教文体,81,0
4747,"2024-12-05",公卫医疗,11,40
4748,"2024-12-05",城乡建设,12,4
4749,"2024-12-05",交通运输,47,14
4750,"2024-12-05",农林牧渔,27,98
4751,"2024-12-06",科教文体,5,40
4752,"2024-12-06",公卫医疗,99,3
4753,"2024-12-06",城乡建设,103,93
4754,"2024-12-06",交通运输,132,1
4755,"2024-12-06",农林牧渔,44,3
4756,"2024-12-07",科教文体,190,36
4757,"2024-12-07",公卫医疗,57,11
4758,"2024-12-07",城乡建设,58,29
4759,"2024-12-07",交通运输,92,54
4760,"2024-12-07",农林牧渔,28,1
4761,"2024-12-08",科教文体,71,31
4762,"2024-12-08",公卫医疗,100,30
4763,"2024-12-08",城乡建设,54,1
4764,"2024-12-08",交通运输,82,12
4765,"2024-12-08",农林牧渔,120,1
4766,"2024-12-09",科教文体,17,1
4767,"2024-12-09",公卫医疗,190,50
4768,"2024-12-09",城乡建设,67,21
4769,"2024-12-09",交通运输,144,11
4770,"2024-12-09",农林牧渔,5,11
4771,"2024-12-10",科教文体,12,34
4772,"2024-12-10",公卫医疗,174,4
4773,"2024-12-10",城乡建设,147,77
4774,"2024-12-10",交通运输,49,74
4775,"2024-12-10",农林牧渔,46,5
4776,"2024-12-11",科教文体,9,18
4777,"2024-12-11",公卫医疗,7,23
4778,"2024-12-11",城乡建设,93,4
4779,"2024-12-11",交通运输,42,24
4780,"2024-12-11",农林牧渔,38,5
4781,"2024-12-12",科教文体,24,112
4782,"2024-12-12",公卫医疗,27,95
4783,"2024-12-12",城乡建设,172,25
4784,"2024-12-12",交通运输,62,14
4785,"2024-12-12",农林牧渔,17,60
4786,"2024-12-13",科教文体,216,74
4787,"2024-12-13",公卫医疗,62,111
4788,"2024-12-13",城乡建设,69,1
4789,"2024-12-13",交通运输,13,7
4790,"2024-12-13",农林牧渔,13,1
4791,"2024-12-14",科教文体,64,32
4792,"2024-12-14",公卫医疗,46,0
4793,"2024-12-14",城乡建设,250,2
4794,"2024-12-14",交通运输,38,29
4795,"2024-12-14",农林牧渔,175,86
4796,"2024-12-15",科教文体,109,56
4797,"2024-12-15",公卫医疗,22,137
4798,"2024-12-15",城乡建设,54,6
4799,"2024-12-15",交通运输,22,55
4800,"2024-12-15",农林牧渔,154,16
4801,"2024-12-16",科教文体,15,14
4802,"2024-12-16",公卫医疗,19,31
4803,"2024-12-16",城乡建设,67,39
4804,"2024-12-16",交通运输,28,25
4805,"2024-12-16",农林牧渔,31,23
4806,"2024-12-17",科教文体,0,0
4807,"2024-12-17",公卫医疗,384,27
4808,"2024-12-17",城乡建设,70,114
4809,"2024-12-17",交通运输,82,46
4810,"2024-12-17",农林牧渔,1,21
4811,"2024-12-18",科教文体,74,2
4812,"2024-12-18",公卫医疗,52,83
4813,"2024-12-18",城乡建设,1,3
4814,"2024-12-18",交通运输,14,17
4815,"2024-12-18",农林牧渔,27,74
4816,"2024-12-19",科教文体,140,32
4817,"2024-12-19",公卫医疗,97,39
4818,"2024-12-19",城乡建设,1,98
4819,"2024-12-19",交通运输,104,16
4820,"2024-12-19",农林牧渔,27,63
4821,"2024-12-20",科教文体,56,38
4822,"2024-12-20",公卫医疗,61,2
4823,"2024-12-20",城乡建设,112,14
4824,"2024-12-20",交通运输,92,5
4825,"2024-12-20",农林牧渔,51,1
4826,"2024-12-21",科教文体,37,87
4827,"2024-12-21",公卫医疗,128,29
4828,"2024-12-21",城乡建设,14,10
4829,"2024-12-21",交通运输,90,107
4830,"2024-12-21",农林牧渔,165,41
4831,"2024-12-22",科教文体,88,1
4832,"2024-12-22",公卫医疗,30,63
4833,"2024-12-22",城乡建设,89,27
4834,"2024-12-22",交通运输,88,20
4835,"2024-12-22",农林牧渔,27,59
4836,"2024-12-23",科教文体,79,39
4837,"2024-12-23",公卫医疗,55,13
4838,"2024-12-23",城乡建设,54,90
4839,"2024-12-23",交通运输,160,19
4840,"2024-12-23",农林牧渔,128,17
4841,"2024-12-24",科教文体,28,39
4842,"2024-12-24",公卫医疗,43,38
4843,"2024-12-24",城乡建设,119,34
4844,"2024-12-24",交通运输,37,13
4845,"2024-12-24",农林牧渔,21,1
4846,"2024-12-25",科教文体,22,20
4847,"2024-12-25",公卫医疗,23,16
4848,"2024-12-25",城乡建设,28,61
4849,"2024-12-25",交通运输,55,3
4850,"2024-12-25",农林牧渔,98,1
4851,"2024-12-26",科教文体,154,36
4852,"2024-12-26",公卫医疗,2,2
4853,"2024-12-26",城乡建设,5,6
4854,"2024-12-26",交通运输,12,65
4855,"2024-12-26",农林牧渔,106,25
4856,"2024-12-27",科教文体,0,9
4857,"2024-12-27",公卫医疗,169,9
4858,"2024-12-27",城乡建设,28,0
4859,"2024-12-27",交通运输,138,18
4860,"2024-12-27",农林牧渔,77,3
4861,"2024-12-28",科教文体,62,92
4862,"2024-12-28",公卫医疗,77,48
4863,"2024-12-28",城乡建设,98,3
4864,"2024-12-28",交通运输,11,31
4865,"2024-12-28",农林牧渔,54,8
4866,"2024-12-29",科教文体,65,12
4867,"2024-12-29",公卫医疗,46,1
4868,"2024-12-29",城乡建设,0,1
4869,"2024-12-29",交通运输,64,8
4870,"2024-12-29",农林牧渔,77,81
4871,"2024-12-30",科教文体,59,1
4872,"2024-12-30",公卫医疗,74,28
4873,"2024-12-30",城乡建设,72,9
4874,"2024-12-30",交通运输,62,50
4875,"2024-12-30",农林牧渔,12,0
4876,"2024-12-31",科教文体,4,145
4877,"2024-12-31",公卫医疗,16,11
4878,"2024-12-31",城乡建设,97,36
4879,"2024-12-31",交通运输,4,0
4880,"2024-12-31",农林牧渔,1,4
4881,"2025-01-01",科教文体,60,33
4882,"2025-01-01",公卫医疗,53,9
4883,"2025-01-01",城乡建设,62,50
4884,"2025-01-01",交通运输,98,5
4885,"2025-01-01",农林牧渔,45,30
4886,"2025-01-02",科教文体,51,47
4887,"2025-01-02",公卫医疗,72,10
4888,"2025-01-02",城乡建设,206,183
4889,"2025-01-02",交通运输,79,77
4890,"2025-01-02",农林牧渔,7,33
4891,"2025-01-03",科教文体,27,3
4892,"2025-01-03",公卫医疗,16,4
4893,"2025-01-03",城乡建设,5,5
4894,"2025-01-03",交通运输,6,171
4895,"2025-01-03",农林牧渔,96,20
4896,"2025-01-04",科教文体,73,55
4897,"2025-01-04",公卫医疗,5,0
4898,"2025-01-04",城乡建设,266,41
4899,"2025-01-04",交通运输,183,7
4900,"2025-01-04",农林牧渔,99,42
4901,"2025-01-05",科教文体,3,2
4902,"2025-01-05",公卫医疗,151,22
4903,"2025-01-05",城乡建设,47,17
4904,"2025-01-05",交通运输,18,28
4905,"2025-01-05",农林牧渔,322,14
4906,"2025-01-06",科教文体,34,4
4907,"2025-01-06",公卫医疗,12,31
4908,"2025-01-06",城乡建设,124,26
4909,"2025-01-06",交通运输,39,1
4910,"2025-01-06",农林牧渔,4,33
4911,"2025-01-07",科教文体,157,140
4912,"2025-01-07",公卫医疗,4,0
4913,"2025-01-07",城乡建设,119,49
4914,"2025-01-07",交通运输,143,153
4915,"2025-01-07",农林牧渔,27,10
4916,"2025-01-08",科教文体,46,31
4917,"2025-01-08",公卫医疗,15,6
4918,"2025-01-08",城乡建设,188,2
4919,"2025-01-08",交通运输,10,38
4920,"2025-01-08",农林牧渔,165,5
4921,"2025-01-09",科教文体,224,0
4922,"2025-01-09",公卫医疗,1,1
4923,"2025-01-09",城乡建设,170,1
4924,"2025-01-09",交通运输,34,9
4925,"2025-01-09",农林牧渔,2,0
4926,"2025-01-10",科教文体,21,140
4927,"2025-01-10",公卫医疗,4,3
4928,"2025-01-10",城乡建设,25,146
4929,"2025-01-10",交通运输,2,95
4930,"2025-01-10",农林牧渔,203,8
4931,"2025-01-11",科教文体,186,12
4932,"2025-01-11",公卫医疗,37,10
4933,"2025-01-11",城乡建设,4,23
4934,"2025-01-11",交通运输,6,0
4935,"2025-01-11",农林牧渔,6,8
4936,"2025-01-12",科教文体,259,0
4937,"2025-01-12",公卫医疗,25,116
4938,"2025-01-12",城乡建设,239,10
4939,"2025-01-12",交通运输,44,7
4940,"2025-01-12",农林牧渔,75,4
4941,"2025-01-13",科教文体,154,1
4942,"2025-01-13",公卫医疗,1,62
4943,"2025-01-13",城乡建设,10,112
4944,"2025-01-13",交通运输,11,1
4945,"2025-01-13",农林牧渔,27,6
4946,"2025-01-14",科教文体,171,104
4947,"2025-01-14",公卫医疗,52,77
4948,"2025-01-14",城乡建设,277,6
4949,"2025-01-14",交通运输,2,0
4950,"2025-01-14",农林牧渔,73,20
4951,"2025-01-15",科教文体,27,38
4952,"2025-01-15",公卫医疗,0,55
4953,"2025-01-15",城乡建设,12,2
4954,"2025-01-15",交通运输,12,8
4955,"2025-01-15",农林牧渔,25,77
4956,"2025-01-16",科教文体,98,21
4957,"2025-01-16",公卫医疗,147,27
4958,"2025-01-16",城乡建设,38,80
4959,"2025-01-16",交通运输,16,1
4960,"2025-01-16",农林牧渔,28,82
4961,"2025-01-17",科教文体,72,18
4962,"2025-01-17",公卫医疗,293,89
4963,"2025-01-17",城乡建设,11,11
4964,"2025-01-17",交通运输,139,138
4965,"2025-01-17",农林牧渔,0,0
4966,"2025-01-18",科教文体,17,23
4967,"2025-01-18",公卫医疗,36,0
4968,"2025-01-18",城乡建设,18,0
4969,"2025-01-18",交通运输,37,20
4970,"2025-01-18",农林牧渔,18,7
4971,"2025-01-19",科教文体,50,6
4972,"2025-01-19",公卫医疗,96,17
4973,"2025-01-19",城乡建设,33,19
4974,"2025-01-19",交通运输,4,8
4975,"2025-01-19",农林牧渔,4,138
4976,"2025-01-20",科教文体,122,0
4977,"2025-01-20",公卫医疗,75,12
4978,"2025-01-20",城乡建设,3,0
4979,"2025-01-20",交通运输,114,11
4980,"2025-01-20",农林牧渔,5,14
4981,"2025-01-21",科教文体,2,88
4982,"2025-01-21",公卫医疗,42,13
4983,"2025-01-21",城乡建设,80,8
4984,"2025-01-21",交通运输,48,2
4985,"2025-01-21",农林牧渔,13,2
4986,"2025-01-22",科教文体,66,5
4987,"2025-01-22",公卫医疗,25,13
4988,"2025-01-22",城乡建设,21,45
4989,"2025-01-22",交通运输,80,25
4990,"2025-01-22",农林牧渔,5,6
4991,"2025-01-23",科教文体,150,22
4992,"2025-01-23",公卫医疗,129,133
4993,"2025-01-23",城乡建设,14,0
4994,"2025-01-23",交通运输,16,32
4995,"2025-01-23",农林牧渔,18,8
4996,"2025-01-24",科教文体,57,59
4997,"2025-01-24",公卫医疗,13,69
4998,"2025-01-24",城乡建设,99,26
4999,"2025-01-24",交通运输,56,56
5000,"2025-01-24",农林牧渔,14,59
5001,"2025-01-25",科教文体,30,41
5002,"2025-01-25",公卫医疗,2,153
5003,"2025-01-25",城乡建设,18,7
5004,"2025-01-25",交通运输,55,0
5005,"2025-01-25",农林牧渔,84,28
5006,"2025-01-26",科教文体,99,1
5007,"2025-01-26",公卫医疗,26,35
5008,"2025-01-26",城乡建设,13,8
5009,"2025-01-26",交通运输,17,56
5010,"2025-01-26",农林牧渔,213,148
5011,"2025-01-27",科教文体,173,157
5012,"2025-01-27",公卫医疗,213,2
5013,"2025-01-27",城乡建设,228,0
5014,"2025-01-27",交通运输,1,0
5015,"2025-01-27",农林牧渔,19,19
5016,"2025-01-28",科教文体,88,232
5017,"2025-01-28",公卫医疗,53,41
5018,"2025-01-28",城乡建设,6,16
5019,"2025-01-28",交通运输,51,0
5020,"2025-01-28",农林牧渔,116,124
5021,"2025-01-29",科教文体,61,46
5022,"2025-01-29",公卫医疗,8,62
5023,"2025-01-29",城乡建设,100,117
5024,"2025-01-29",交通运输,25,40
5025,"2025-01-29",农林牧渔,23,0
5026,"2025-01-30",科教文体,96,68
5027,"2025-01-30",公卫医疗,70,6
5028,"2025-01-30",城乡建设,6,1
5029,"2025-01-30",交通运输,269,7
5030,"2025-01-30",农林牧渔,44,115
5031,"2025-01-31",科教文体,149,6
5032,"2025-01-31",公卫医疗,55,0
5033,"2025-01-31",城乡建设,15,165
5034,"2025-01-31",交通运输,163,7
5035,"2025-01-31",农林牧渔,188,13
5036,"2025-02-01",科教文体,81,30
5037,"2025-02-01",公卫医疗,53,21
5038,"2025-02-01",城乡建设,40,5
5039,"2025-02-01",交通运输,18,24
5040,"2025-02-01",农林牧渔,85,10
5041,"2025-02-02",科教文体,177,46
5042,"2025-02-02",公卫医疗,2,0
5043,"2025-02-02",城乡建设,9,0
5044,"2025-02-02",交通运输,105,17
5045,"2025-02-02",农林牧渔,78,52
5046,"2025-02-03",科教文体,51,49
5047,"2025-02-03",公卫医疗,192,8
5048,"2025-02-03",城乡建设,45,62
5049,"2025-02-03",交通运输,6,41
5050,"2025-02-03",农林牧渔,10,43
5051,"2025-02-04",科教文体,3,2
5052,"2025-02-04",公卫医疗,54,7
5053,"2025-02-04",城乡建设,9,4
5054,"2025-02-04",交通运输,75,0
5055,"2025-02-04",农林牧渔,112,0
5056,"2025-02-05",科教文体,3,11
5057,"2025-02-05",公卫医疗,80,27
5058,"2025-02-05",城乡建设,25,88
5059,"2025-02-05",交通运输,82,257
5060,"2025-02-05",农林牧渔,6,14
5061,"2025-02-06",科教文体,24,10
5062,"2025-02-06",公卫医疗,8,1
5063,"2025-02-06",城乡建设,21,15
5064,"2025-02-06",交通运输,2,33
5065,"2025-02-06",农林牧渔,6,7
5066,"2025-02-07",科教文体,13,1
5067,"2025-02-07",公卫医疗,0,0
5068,"2025-02-07",城乡建设,96,71
5069,"2025-02-07",交通运输,99,8
5070,"2025-02-07",农林牧渔,386,14
5071,"2025-02-08",科教文体,39,8
5072,"2025-02-08",公卫医疗,53,6
5073,"2025-02-08",城乡建设,10,0
5074,"2025-02-08",交通运输,51,5
5075,"2025-02-08",农林牧渔,56,37
5076,"2025-02-09",科教文体,134,13
5077,"2025-02-09",公卫医疗,310,39
5078,"2025-02-09",城乡建设,6,53
5079,"2025-02-09",交通运输,2,13
5080,"2025-02-09",农林牧渔,239,22
5081,"2025-02-10",科教文体,234,0
5082,"2025-02-10",公卫医疗,66,60
5083,"2025-02-10",城乡建设,114,7
5084,"2025-02-10",交通运输,60,18
5085,"2025-02-10",农林牧渔,24,17
5086,"2025-02-11",科教文体,85,18
5087,"2025-02-11",公卫医疗,75,16
5088,"2025-02-11",城乡建设,68,31
5089,"2025-02-11",交通运输,66,95
5090,"2025-02-11",农林牧渔,12,1
5091,"2025-02-12",科教文体,10,6
5092,"2025-02-12",公卫医疗,13,28
5093,"2025-02-12",城乡建设,20,74
5094,"2025-02-12",交通运输,108,15
5095,"2025-02-12",农林牧渔,15,39
5096,"2025-02-13",科教文体,4,40
5097,"2025-02-13",公卫医疗,12,11
5098,"2025-02-13",城乡建设,39,18
5099,"2025-02-13",交通运输,4,22
5100,"2025-02-13",农林牧渔,78,61
5101,"2025-02-14",科教文体,129,9
5102,"2025-02-14",公卫医疗,82,21
5103,"2025-02-14",城乡建设,0,0
5104,"2025-02-14",交通运输,9,42
5105,"2025-02-14",农林牧渔,39,18
5106,"2025-02-15",科教文体,55,0
5107,"2025-02-15",公卫医疗,31,21
5108,"2025-02-15",城乡建设,27,1
5109,"2025-02-15",交通运输,3,27
5110,"2025-02-15",农林牧渔,20,29
5111,"2025-02-16",科教文体,71,22
5112,"2025-02-16",公卫医疗,19,82
5113,"2025-02-16",城乡建设,59,29
5114,"2025-02-16",交通运输,1,2
5115,"2025-02-16",农林牧渔,9,8
5116,"2025-02-17",科教文体,5,55
5117,"2025-02-17",公卫医疗,8,4
5118,"2025-02-17",城乡建设,57,3
5119,"2025-02-17",交通运输,27,3
5120,"2025-02-17",农林牧渔,75,4
5121,"2025-02-18",科教文体,11,10
5122,"2025-02-18",公卫医疗,278,97
5123,"2025-02-18",城乡建设,191,112
5124,"2025-02-18",交通运输,6,1
5125,"2025-02-18",农林牧渔,98,1
5126,"2025-02-19",科教文体,25,11
5127,"2025-02-19",公卫医疗,77,0
5128,"2025-02-19",城乡建设,21,29
5129,"2025-02-19",交通运输,23,83
5130,"2025-02-19",农林牧渔,86,4
5131,"2025-02-20",科教文体,2,10
5132,"2025-02-20",公卫医疗,220,8
5133,"2025-02-20",城乡建设,28,16
5134,"2025-02-20",交通运输,107,23
5135,"2025-02-20",农林牧渔,17,25
5136,"2025-02-21",科教文体,21,80
5137,"2025-02-21",公卫医疗,164,40
5138,"2025-02-21",城乡建设,37,94
5139,"2025-02-21",交通运输,12,54
5140,"2025-02-21",农林牧渔,35,5
5141,"2025-02-22",科教文体,238,5
5142,"2025-02-22",公卫医疗,5,58
5143,"2025-02-22",城乡建设,2,0
5144,"2025-02-22",交通运输,18,20
5145,"2025-02-22",农林牧渔,78,136
5146,"2025-02-23",科教文体,136,3
5147,"2025-02-23",公卫医疗,62,12
5148,"2025-02-23",城乡建设,44,198
5149,"2025-02-23",交通运输,204,74
5150,"2025-02-23",农林牧渔,13,15
5151,"2025-02-24",科教文体,145,72
5152,"2025-02-24",公卫医疗,26,4
5153,"2025-02-24",城乡建设,164,26
5154,"2025-02-24",交通运输,155,9
5155,"2025-02-24",农林牧渔,94,9
5156,"2025-02-25",科教文体,27,5
5157,"2025-02-25",公卫医疗,294,65
5158,"2025-02-25",城乡建设,14,24
5159,"2025-02-25",交通运输,63,34
5160,"2025-02-25",农林牧渔,74,17
5161,"2025-02-26",科教文体,61,7
5162,"2025-02-26",公卫医疗,12,5
5163,"2025-02-26",城乡建设,68,17
5164,"2025-02-26",交通运输,70,17
5165,"2025-02-26",农林牧渔,5,20
5166,"2025-02-27",科教文体,54,36
5167,"2025-02-27",公卫医疗,55,19
5168,"2025-02-27",城乡建设,11,12
5169,"2025-02-27",交通运输,42,0
5170,"2025-02-27",农林牧渔,79,7
5171,"2025-02-28",科教文体,17,88
5172,"2025-02-28",公卫医疗,78,1
5173,"2025-02-28",城乡建设,28,24
5174,"2025-02-28",交通运输,37,61
5175,"2025-02-28",农林牧渔,33,5
5176,"2025-03-01",科教文体,19,0
5177,"2025-03-01",公卫医疗,136,39
5178,"2025-03-01",城乡建设,51,155
5179,"2025-03-01",交通运输,68,7
5180,"2025-03-01",农林牧渔,84,58
5181,"2025-03-02",科教文体,84,28
5182,"2025-03-02",公卫医疗,39,26
5183,"2025-03-02",城乡建设,79,44
5184,"2025-03-02",交通运输,25,8
5185,"2025-03-02",农林牧渔,107,0
5186,"2025-03-03",科教文体,19,25
5187,"2025-03-03",公卫医疗,52,0
5188,"2025-03-03",城乡建设,97,34
5189,"2025-03-03",交通运输,0,11
5190,"2025-03-03",农林牧渔,5,62
5191,"2025-03-04",科教文体,34,2
5192,"2025-03-04",公卫医疗,15,57
5193,"2025-03-04",城乡建设,568,8
5194,"2025-03-04",交通运输,7,2
5195,"2025-03-04",农林牧渔,24,48
5196,"2025-03-05",科教文体,71,11
5197,"2025-03-05",公卫医疗,49,1
5198,"2025-03-05",城乡建设,47,23
5199,"2025-03-05",交通运输,116,28
5200,"2025-03-05",农林牧渔,30,10
5201,"2025-03-06",科教文体,31,7
5202,"2025-03-06",公卫医疗,134,6
5203,"2025-03-06",城乡建设,142,15
5204,"2025-03-06",交通运输,49,73
5205,"2025-03-06",农林牧渔,0,20
5206,"2025-03-07",科教文体,120,203
5207,"2025-03-07",公卫医疗,2,31
5208,"2025-03-07",城乡建设,39,101
5209,"2025-03-07",交通运输,114,30
5210,"2025-03-07",农林牧渔,96,23
5211,"2025-03-08",科教文体,112,57
5212,"2025-03-08",公卫医疗,3,0
5213,"2025-03-08",城乡建设,28,114
5214,"2025-03-08",交通运输,2,24
5215,"2025-03-08",农林牧渔,3,14
5216,"2025-03-09",科教文体,22,21
5217,"2025-03-09",公卫医疗,20,4
5218,"2025-03-09",城乡建设,9,43
5219,"2025-03-09",交通运输,0,63
5220,"2025-03-09",农林牧渔,29,2
5221,"2025-03-10",科教文体,54,151
5222,"2025-03-10",公卫医疗,29,56
5223,"2025-03-10",城乡建设,7,65
5224,"2025-03-10",交通运输,30,61
5225,"2025-03-10",农林牧渔,56,10
5226,"2025-03-11",科教文体,159,1
5227,"2025-03-11",公卫医疗,152,15
5228,"2025-03-11",城乡建设,72,3
5229,"2025-03-11",交通运输,104,137
5230,"2025-03-11",农林牧渔,2,1
5231,"2025-03-12",科教文体,64,111
5232,"2025-03-12",公卫医疗,53,20
5233,"2025-03-12",城乡建设,11,0
5234,"2025-03-12",交通运输,14,16
5235,"2025-03-12",农林牧渔,230,6
5236,"2025-03-13",科教文体,65,44
5237,"2025-03-13",公卫医疗,6,2
5238,"2025-03-13",城乡建设,20,8
5239,"2025-03-13",交通运输,85,0
5240,"2025-03-13",农林牧渔,28,6
5241,"2025-03-14",科教文体,96,13
5242,"2025-03-14",公卫医疗,24,4
5243,"2025-03-14",城乡建设,8,1
5244,"2025-03-14",交通运输,43,55
5245,"2025-03-14",农林牧渔,11,0
5246,"2025-03-15",科教文体,0,8
5247,"2025-03-15",公卫医疗,6,39
5248,"2025-03-15",城乡建设,75,8
5249,"2025-03-15",交通运输,68,13
5250,"2025-03-15",农林牧渔,18,0
5251,"2025-03-16",科教文体,112,46
5252,"2025-03-16",公卫医疗,31,30
5253,"2025-03-16",城乡建设,173,1
5254,"2025-03-16",交通运输,20,217
5255,"2025-03-16",农林牧渔,210,20
5256,"2025-03-17",科教文体,18,11
5257,"2025-03-17",公卫医疗,32,0
5258,"2025-03-17",城乡建设,30,243
5259,"2025-03-17",交通运输,290,43
5260,"2025-03-17",农林牧渔,3,86
5261,"2025-03-18",科教文体,82,2
5262,"2025-03-18",公卫医疗,9,166
5263,"2025-03-18",城乡建设,57,34
5264,"2025-03-18",交通运输,224,42
5265,"2025-03-18",农林牧渔,66,72
5266,"2025-03-19",科教文体,81,19
5267,"2025-03-19",公卫医疗,226,32
5268,"2025-03-19",城乡建设,181,42
5269,"2025-03-19",交通运输,18,6
5270,"2025-03-19",农林牧渔,87,8
5271,"2025-03-20",科教文体,112,7
5272,"2025-03-20",公卫医疗,37,61
5273,"2025-03-20",城乡建设,93,17
5274,"2025-03-20",交通运输,162,3
5275,"2025-03-20",农林牧渔,66,13
5276,"2025-03-21",科教文体,15,16
5277,"2025-03-21",公卫医疗,64,30
5278,"2025-03-21",城乡建设,3,1
5279,"2025-03-21",交通运输,64,28
5280,"2025-03-21",农林牧渔,98,3
5281,"2025-03-22",科教文体,12,3
5282,"2025-03-22",公卫医疗,174,0
5283,"2025-03-22",城乡建设,128,16
5284,"2025-03-22",交通运输,3,16
5285,"2025-03-22",农林牧渔,110,4
5286,"2025-03-23",科教文体,55,28
5287,"2025-03-23",公卫医疗,218,10
5288,"2025-03-23",城乡建设,63,0
5289,"2025-03-23",交通运输,173,19
5290,"2025-03-23",农林牧渔,75,19
5291,"2025-03-24",科教文体,14,0
5292,"2025-03-24",公卫医疗,101,3
5293,"2025-03-24",城乡建设,58,15
5294,"2025-03-24",交通运输,10,14
5295,"2025-03-24",农林牧渔,90,3
5296,"2025-03-25",科教文体,41,64
5297,"2025-03-25",公卫医疗,122,19
5298,"2025-03-25",城乡建设,116,4
5299,"2025-03-25",交通运输,83,19
5300,"2025-03-25",农林牧渔,10,14
5301,"2025-03-26",科教文体,75,34
5302,"2025-03-26",公卫医疗,58,51
5303,"2025-03-26",城乡建设,25,2
5304,"2025-03-26",交通运输,36,46
5305,"2025-03-26",农林牧渔,71,46
5306,"2025-03-27",科教文体,28,4
5307,"2025-03-27",公卫医疗,48,0
5308,"2025-03-27",城乡建设,8,44
5309,"2025-03-27",交通运输,139,80
5310,"2025-03-27",农林牧渔,104,38
5311,"2025-03-28",科教文体,4,7
5312,"2025-03-28",公卫医疗,13,36
5313,"2025-03-28",城乡建设,101,5
5314,"2025-03-28",交通运输,9,103
5315,"2025-03-28",农林牧渔,33,3
5316,"2025-03-29",科教文体,60,4
5317,"2025-03-29",公卫医疗,2,9
5318,"2025-03-29",城乡建设,135,91
5319,"2025-03-29",交通运输,22,116
5320,"2025-03-29",农林牧渔,23,9
5321,"2025-03-30",科教文体,140,30
5322,"2025-03-30",公卫医疗,30,128
5323,"2025-03-30",城乡建设,1,20
5324,"2025-03-30",交通运输,1,161
5325,"2025-03-30",农林牧渔,230,13
5326,"2025-03-31",科教文体,37,72
5327,"2025-03-31",公卫医疗,63,106
5328,"2025-03-31",城乡建设,115,74
5329,"2025-03-31",交通运输,48,17
5330,"2025-03-31",农林牧渔,42,51
5331,"2025-04-01",科教文体,50,18
5332,"2025-04-01",公卫医疗,11,0
5333,"2025-04-01",城乡建设,45,13
5334,"2025-04-01",交通运输,0,79
5335,"2025-04-01",农林牧渔,61,8
5336,"2025-04-02",科教文体,63,31
5337,"2025-04-02",公卫医疗,1,0
5338,"2025-04-02",城乡建设,314,2
5339,"2025-04-02",交通运输,19,56
5340,"2025-04-02",农林牧渔,124,5
5341,"2025-04-03",科教文体,19,4
5342,"2025-04-03",公卫医疗,145,65
5343,"2025-04-03",城乡建设,19,9
5344,"2025-04-03",交通运输,75,9
5345,"2025-04-03",农林牧渔,41,0
5346,"2025-04-04",科教文体,49,139
5347,"2025-04-04",公卫医疗,21,7
5348,"2025-04-04",城乡建设,4,11
5349,"2025-04-04",交通运输,63,43
5350,"2025-04-04",农林牧渔,9,2
5351,"2025-04-05",科教文体,40,12
5352,"2025-04-05",公卫医疗,12,102
5353,"2025-04-05",城乡建设,97,4
5354,"2025-04-05",交通运输,24,72
5355,"2025-04-05",农林牧渔,54,35
5356,"2025-04-06",科教文体,31,161
5357,"2025-04-06",公卫医疗,7,44
5358,"2025-04-06",城乡建设,79,98
5359,"2025-04-06",交通运输,37,86
5360,"2025-04-06",农林牧渔,14,40
5361,"2025-04-07",科教文体,37,66
5362,"2025-04-07",公卫医疗,74,5
5363,"2025-04-07",城乡建设,22,78
5364,"2025-04-07",交通运输,3,4
5365,"2025-04-07",农林牧渔,12,25
5366,"2025-04-08",科教文体,90,109
5367,"2025-04-08",公卫医疗,212,12
5368,"2025-04-08",城乡建设,177,53
5369,"2025-04-08",交通运输,24,40
5370,"2025-04-08",农林牧渔,139,4
5371,"2025-04-09",科教文体,26,8
5372,"2025-04-09",公卫医疗,150,2
5373,"2025-04-09",城乡建设,0,0
5374,"2025-04-09",交通运输,104,69
5375,"2025-04-09",农林牧渔,34,34
5376,"2025-04-10",科教文体,75,65
5377,"2025-04-10",公卫医疗,121,49
5378,"2025-04-10",城乡建设,10,21
5379,"2025-04-10",交通运输,23,0
5380,"2025-04-10",农林牧渔,30,45
5381,"2025-04-11",科教文体,95,10
5382,"2025-04-11",公卫医疗,24,29
5383,"2025-04-11",城乡建设,80,15
5384,"2025-04-11",交通运输,58,46
5385,"2025-04-11",农林牧渔,46,3
5386,"2025-04-12",科教文体,35,2
5387,"2025-04-12",公卫医疗,134,14
5388,"2025-04-12",城乡建设,26,6
5389,"2025-04-12",交通运输,29,137
5390,"2025-04-12",农林牧渔,7,69
5391,"2025-04-13",科教文体,3,45
5392,"2025-04-13",公卫医疗,27,13
5393,"2025-04-13",城乡建设,64,44
5394,"2025-04-13",交通运输,79,14
5395,"2025-04-13",农林牧渔,55,71
5396,"2025-04-14",科教文体,37,53
5397,"2025-04-14",公卫医疗,44,2
5398,"2025-04-14",城乡建设,119,54
5399,"2025-04-14",交通运输,31,19
5400,"2025-04-14",农林牧渔,31,51
5401,"2025-04-15",科教文体,23,26
5402,"2025-04-15",公卫医疗,3,8
5403,"2025-04-15",城乡建设,57,20
5404,"2025-04-15",交通运输,8,32
5405,"2025-04-15",农林牧渔,14,1
5406,"2025-04-16",科教文体,106,74
5407,"2025-04-16",公卫医疗,60,34
5408,"2025-04-16",城乡建设,39,3
5409,"2025-04-16",交通运输,116,3
5410,"2025-04-16",农林牧渔,25,69
5411,"2025-04-17",科教文体,46,9
5412,"2025-04-17",公卫医疗,257,75
5413,"2025-04-17",城乡建设,54,77
5414,"2025-04-17",交通运输,54,7
5415,"2025-04-17",农林牧渔,36,7
5416,"2025-04-18",科教文体,91,98
5417,"2025-04-18",公卫医疗,77,21
5418,"2025-04-18",城乡建设,20,8
5419,"2025-04-18",交通运输,11,18
5420,"2025-04-18",农林牧渔,19,6
5421,"2025-04-19",科教文体,14,15
5422,"2025-04-19",公卫医疗,148,49
5423,"2025-04-19",城乡建设,121,80
5424,"2025-04-19",交通运输,16,25
5425,"2025-04-19",农林牧渔,78,36
5426,"2025-04-20",科教文体,60,62
5427,"2025-04-20",公卫医疗,48,14
5428,"2025-04-20",城乡建设,62,3
5429,"2025-04-20",交通运输,21,25
5430,"2025-04-20",农林牧渔,14,4
5431,"2025-04-21",科教文体,52,7
5432,"2025-04-21",公卫医疗,81,17
5433,"2025-04-21",城乡建设,10,0
5434,"2025-04-21",交通运输,9,5
5435,"2025-04-21",农林牧渔,64,38
5436,"2025-04-22",科教文体,36,2
5437,"2025-04-22",公卫医疗,80,4
5438,"2025-04-22",城乡建设,0,0
5439,"2025-04-22",交通运输,57,1
5440,"2025-04-22",农林牧渔,46,13
5441,"2025-04-23",科教文体,70,1
5442,"2025-04-23",公卫医疗,50,9
5443,"2025-04-23",城乡建设,5,34
5444,"2025-04-23",交通运输,66,1
5445,"2025-04-23",农林牧渔,57,14
5446,"2025-04-24",科教文体,6,8
5447,"2025-04-24",公卫医疗,201,66
5448,"2025-04-24",城乡建设,122,12
5449,"2025-04-24",交通运输,121,111
5450,"2025-04-24",农林牧渔,209,17
5451,"2025-04-25",科教文体,3,21
5452,"2025-04-25",公卫医疗,46,33
5453,"2025-04-25",城乡建设,11,98
5454,"2025-04-25",交通运输,22,33
5455,"2025-04-25",农林牧渔,7,86
5456,"2025-04-26",科教文体,1,2
5457,"2025-04-26",公卫医疗,5,0
5458,"2025-04-26",城乡建设,166,41
5459,"2025-04-26",交通运输,168,26
5460,"2025-04-26",农林牧渔,231,21
5461,"2025-04-27",科教文体,2,30
5462,"2025-04-27",公卫医疗,267,78
5463,"2025-04-27",城乡建设,106,41
5464,"2025-04-27",交通运输,28,34
5465,"2025-04-27",农林牧渔,35,9
5466,"2025-04-28",科教文体,34,7
5467,"2025-04-28",公卫医疗,17,17
5468,"2025-04-28",城乡建设,36,2
5469,"2025-04-28",交通运输,83,12
5470,"2025-04-28",农林牧渔,54,34
5471,"2025-04-29",科教文体,54,53
5472,"2025-04-29",公卫医疗,49,32
5473,"2025-04-29",城乡建设,25,148
5474,"2025-04-29",交通运输,69,99
5475,"2025-04-29",农林牧渔,27,0
5476,"2025-04-30",科教文体,1,0
5477,"2025-04-30",公卫医疗,41,47
5478,"2025-04-30",城乡建设,19,8
5479,"2025-04-30",交通运输,77,72
5480,"2025-04-30",农林牧渔,13,9
5481,"2025-05-01",科教文体,135,33
5482,"2025-05-01",公卫医疗,10,1
5483,"2025-05-01",城乡建设,8,1
5484,"2025-05-01",交通运输,13,8
5485,"2025-05-01",农林牧渔,147,11
5486,"2025-05-02",科教文体,11,29
5487,"2025-05-02",公卫医疗,53,54
5488,"2025-05-02",城乡建设,111,5
5489,"2025-05-02",交通运输,107,6
5490,"2025-05-02",农林牧渔,46,44
5491,"2025-05-03",科教文体,80,11
5492,"2025-05-03",公卫医疗,17,0
5493,"2025-05-03",城乡建设,125,20
5494,"2025-05-03",交通运输,154,42
5495,"2025-05-03",农林牧渔,12,4
5496,"2025-05-04",科教文体,35,103
5497,"2025-05-04",公卫医疗,87,92
5498,"2025-05-04",城乡建设,12,13
5499,"2025-05-04",交通运输,34,116
5500,"2025-05-04",农林牧渔,53,62
5501,"2025-05-05",科教文体,16,45
5502,"2025-05-05",公卫医疗,32,1
5503,"2025-05-05",城乡建设,20,14
5504,"2025-05-05",交通运输,2,72
5505,"2025-05-05",农林牧渔,11,43
5506,"2025-05-06",科教文体,106,20
5507,"2025-05-06",公卫医疗,20,2
5508,"2025-05-06",城乡建设,25,7
5509,"2025-05-06",交通运输,125,3
5510,"2025-05-06",农林牧渔,32,94
5511,"2025-05-07",科教文体,27,0
5512,"2025-05-07",公卫医疗,118,1
5513,"2025-05-07",城乡建设,30,32
5514,"2025-05-07",交通运输,33,0
5515,"2025-05-07",农林牧渔,85,22
5516,"2025-05-08",科教文体,20,46
5517,"2025-05-08",公卫医疗,6,2
5518,"2025-05-08",城乡建设,43,22
5519,"2025-05-08",交通运输,32,11
5520,"2025-05-08",农林牧渔,43,0
5521,"2025-05-09",科教文体,4,20
5522,"2025-05-09",公卫医疗,52,22
5523,"2025-05-09",城乡建设,39,98
5524,"2025-05-09",交通运输,133,66
5525,"2025-05-09",农林牧渔,24,132
5526,"2025-05-10",科教文体,24,13
5527,"2025-05-10",公卫医疗,28,1
5528,"2025-05-10",城乡建设,3,9
5529,"2025-05-10",交通运输,198,6
5530,"2025-05-10",农林牧渔,20,105
5531,"2025-05-11",科教文体,27,14
5532,"2025-05-11",公卫医疗,14,5
5533,"2025-05-11",城乡建设,15,5
5534,"2025-05-11",交通运输,27,37
5535,"2025-05-11",农林牧渔,42,14
5536,"2025-05-12",科教文体,130,24
5537,"2025-05-12",公卫医疗,82,235
5538,"2025-05-12",城乡建设,102,1
5539,"2025-05-12",交通运输,19,0
5540,"2025-05-12",农林牧渔,11,0
5541,"2025-05-13",科教文体,60,35
5542,"2025-05-13",公卫医疗,55,1
5543,"2025-05-13",城乡建设,180,7
5544,"2025-05-13",交通运输,6,3
5545,"2025-05-13",农林牧渔,368,0
5546,"2025-05-14",科教文体,10,7
5547,"2025-05-14",公卫医疗,1,22
5548,"2025-05-14",城乡建设,6,0
5549,"2025-05-14",交通运输,49,56
5550,"2025-05-14",农林牧渔,0,45
5551,"2025-05-15",科教文体,87,48
5552,"2025-05-15",公卫医疗,71,16
5553,"2025-05-15",城乡建设,0,0
5554,"2025-05-15",交通运输,70,72
5555,"2025-05-15",农林牧渔,52,68
5556,"2025-05-16",科教文体,96,40
5557,"2025-05-16",公卫医疗,67,18
5558,"2025-05-16",城乡建设,63,22
5559,"2025-05-16",交通运输,118,8
5560,"2025-05-16",农林牧渔,73,26
5561,"2025-05-17",科教文体,0,0
5562,"2025-05-17",公卫医疗,76,40
5563,"2025-05-17",城乡建设,47,37
5564,"2025-05-17",交通运输,77,64
5565,"2025-05-17",农林牧渔,107,35
5566,"2025-05-18",科教文体,36,40
5567,"2025-05-18",公卫医疗,134,2
5568,"2025-05-18",城乡建设,92,4
5569,"2025-05-18",交通运输,76,84
5570,"2025-05-18",农林牧渔,3,36
5571,"2025-05-19",科教文体,33,4
5572,"2025-05-19",公卫医疗,56,36
5573,"2025-05-19",城乡建设,47,25
5574,"2025-05-19",交通运输,20,25
5575,"2025-05-19",农林牧渔,65,47
5576,"2025-05-20",科教文体,77,105
5577,"2025-05-20",公卫医疗,13,0
5578,"2025-05-20",城乡建设,10,0
5579,"2025-05-20",交通运输,6,10
5580,"2025-05-20",农林牧渔,362,80
5581,"2025-05-21",科教文体,5,1
5582,"2025-05-21",公卫医疗,1,5
5583,"2025-05-21",城乡建设,17,2
5584,"2025-05-21",交通运输,225,5
5585,"2025-05-21",农林牧渔,2,97
5586,"2025-05-22",科教文体,309,14
5587,"2025-05-22",公卫医疗,57,30
5588,"2025-05-22",城乡建设,154,46
5589,"2025-05-22",交通运输,206,9
5590,"2025-05-22",农林牧渔,52,12
5591,"2025-05-23",科教文体,76,22
5592,"2025-05-23",公卫医疗,10,6
5593,"2025-05-23",城乡建设,134,19
5594,"2025-05-23",交通运输,25,119
5595,"2025-05-23",农林牧渔,0,0
5596,"2025-05-24",科教文体,63,39
5597,"2025-05-24",公卫医疗,74,27
5598,"2025-05-24",城乡建设,99,22
5599,"2025-05-24",交通运输,0,4
5600,"2025-05-24",农林牧渔,84,28
5601,"2025-05-25",科教文体,7,16
5602,"2025-05-25",公卫医疗,7,15
5603,"2025-05-25",城乡建设,53,62
5604,"2025-05-25",交通运输,33,89
5605,"2025-05-25",农林牧渔,5,15
5606,"2025-05-26",科教文体,42,28
5607,"2025-05-26",公卫医疗,71,3
5608,"2025-05-26",城乡建设,57,12
5609,"2025-05-26",交通运输,82,34
5610,"2025-05-26",农林牧渔,17,6
5611,"2025-05-27",科教文体,24,0
5612,"2025-05-27",公卫医疗,58,21
5613,"2025-05-27",城乡建设,29,44
5614,"2025-05-27",交通运输,34,37
5615,"2025-05-27",农林牧渔,25,20
5616,"2025-05-28",科教文体,63,12
5617,"2025-05-28",公卫医疗,17,28
5618,"2025-05-28",城乡建设,71,206
5619,"2025-05-28",交通运输,3,1
5620,"2025-05-28",农林牧渔,239,36
5621,"2025-05-29",科教文体,16,99
5622,"2025-05-29",公卫医疗,41,1
5623,"2025-05-29",城乡建设,66,18
5624,"2025-05-29",交通运输,91,18
5625,"2025-05-29",农林牧渔,9,31
5626,"2025-05-30",科教文体,140,14
5627,"2025-05-30",公卫医疗,3,1
5628,"2025-05-30",城乡建设,37,5
5629,"2025-05-30",交通运输,11,1
5630,"2025-05-30",农林牧渔,32,72
5631,"2025-05-31",科教文体,37,8
5632,"2025-05-31",公卫医疗,171,1
5633,"2025-05-31",城乡建设,82,7
5634,"2025-05-31",交通运输,4,16
5635,"2025-05-31",农林牧渔,5,58
5636,"2025-06-01",科教文体,148,13
5637,"2025-06-01",公卫医疗,59,69
5638,"2025-06-01",城乡建设,144,6
5639,"2025-06-01",交通运输,22,26
5640,"2025-06-01",农林牧渔,141,4
5641,"2025-06-02",科教文体,16,95
5642,"2025-06-02",公卫医疗,12,55
5643,"2025-06-02",城乡建设,73,4
5644,"2025-06-02",交通运输,10,0
5645,"2025-06-02",农林牧渔,10,43
5646,"2025-06-03",科教文体,158,19
5647,"2025-06-03",公卫医疗,77,12
5648,"2025-06-03",城乡建设,160,37
5649,"2025-06-03",交通运输,1,2
5650,"2025-06-03",农林牧渔,119,29
5651,"2025-06-04",科教文体,0,0
5652,"2025-06-04",公卫医疗,59,14
5653,"2025-06-04",城乡建设,28,71
5654,"2025-06-04",交通运输,3,2
5655,"2025-06-04",农林牧渔,41,35
5656,"2025-06-05",科教文体,80,171
5657,"2025-06-05",公卫医疗,84,5
5658,"2025-06-05",城乡建设,48,6
5659,"2025-06-05",交通运输,63,3
5660,"2025-06-05",农林牧渔,71,10
5661,"2025-06-06",科教文体,72,4
5662,"2025-06-06",公卫医疗,14,64
5663,"2025-06-06",城乡建设,103,15
5664,"2025-06-06",交通运输,6,72
5665,"2025-06-06",农林牧渔,104,8
5666,"2025-06-07",科教文体,13,16
5667,"2025-06-07",公卫医疗,64,7
5668,"2025-06-07",城乡建设,106,78
5669,"2025-06-07",交通运输,13,20
5670,"2025-06-07",农林牧渔,74,3
5671,"2025-06-08",科教文体,150,52
5672,"2025-06-08",公卫医疗,224,25
5673,"2025-06-08",城乡建设,11,3
5674,"2025-06-08",交通运输,30,13
5675,"2025-06-08",农林牧渔,44,103
5676,"2025-06-09",科教文体,46,155
5677,"2025-06-09",公卫医疗,67,6
5678,"2025-06-09",城乡建设,132,12
5679,"2025-06-09",交通运输,4,0
5680,"2025-06-09",农林牧渔,62,57
5681,"2025-06-10",科教文体,77,75
5682,"2025-06-10",公卫医疗,99,57
5683,"2025-06-10",城乡建设,60,12
5684,"2025-06-10",交通运输,7,2
5685,"2025-06-10",农林牧渔,15,32
5686,"2025-06-11",科教文体,194,0
5687,"2025-06-11",公卫医疗,88,89
5688,"2025-06-11",城乡建设,26,12
5689,"2025-06-11",交通运输,26,1
5690,"2025-06-11",农林牧渔,284,39
5691,"2025-06-12",科教文体,142,4
5692,"2025-06-12",公卫医疗,77,40
5693,"2025-06-12",城乡建设,187,32
5694,"2025-06-12",交通运输,6,1
5695,"2025-06-12",农林牧渔,181,5
5696,"2025-06-13",科教文体,150,46
5697,"2025-06-13",公卫医疗,62,102
5698,"2025-06-13",城乡建设,140,2
5699,"2025-06-13",交通运输,35,12
5700,"2025-06-13",农林牧渔,26,157
5701,"2025-06-14",科教文体,26,22
5702,"2025-06-14",公卫医疗,112,8
5703,"2025-06-14",城乡建设,25,50
5704,"2025-06-14",交通运输,81,9
5705,"2025-06-14",农林牧渔,35,0
5706,"2025-06-15",科教文体,135,27
5707,"2025-06-15",公卫医疗,42,21
5708,"2025-06-15",城乡建设,96,98
5709,"2025-06-15",交通运输,76,0
5710,"2025-06-15",农林牧渔,151,91
5711,"2025-06-16",科教文体,53,0
5712,"2025-06-16",公卫医疗,5,13
5713,"2025-06-16",城乡建设,23,47
5714,"2025-06-16",交通运输,25,45
5715,"2025-06-16",农林牧渔,29,28
5716,"2025-06-17",科教文体,4,1
5717,"2025-06-17",公卫医疗,73,19
5718,"2025-06-17",城乡建设,4,90
5719,"2025-06-17",交通运输,32,34
5720,"2025-06-17",农林牧渔,42,17
5721,"2025-06-18",科教文体,79,31
5722,"2025-06-18",公卫医疗,1,50
5723,"2025-06-18",城乡建设,123,69
5724,"2025-06-18",交通运输,13,0
5725,"2025-06-18",农林牧渔,132,91
5726,"2025-06-19",科教文体,15,9
5727,"2025-06-19",公卫医疗,202,0
5728,"2025-06-19",城乡建设,443,39
5729,"2025-06-19",交通运输,118,27
5730,"2025-06-19",农林牧渔,3,0
5731,"2025-06-20",科教文体,33,60
5732,"2025-06-20",公卫医疗,79,37
5733,"2025-06-20",城乡建设,12,0
5734,"2025-06-20",交通运输,156,45
5735,"2025-06-20",农林牧渔,128,41
5736,"2025-06-21",科教文体,74,123
5737,"2025-06-21",公卫医疗,50,10
5738,"2025-06-21",城乡建设,20,28
5739,"2025-06-21",交通运输,81,12
5740,"2025-06-21",农林牧渔,93,147
5741,"2025-06-22",科教文体,66,49
5742,"2025-06-22",公卫医疗,29,47
5743,"2025-06-22",城乡建设,5,1
5744,"2025-06-22",交通运输,47,166
5745,"2025-06-22",农林牧渔,74,128
5746,"2025-06-23",科教文体,39,64
5747,"2025-06-23",公卫医疗,117,160
5748,"2025-06-23",城乡建设,49,2
5749,"2025-06-23",交通运输,4,3
5750,"2025-06-23",农林牧渔,315,33
5751,"2025-06-24",科教文体,32,17
5752,"2025-06-24",公卫医疗,99,9
5753,"2025-06-24",城乡建设,1,73
5754,"2025-06-24",交通运输,68,52
5755,"2025-06-24",农林牧渔,94,4
5756,"2025-06-25",科教文体,73,38
5757,"2025-06-25",公卫医疗,193,10
5758,"2025-06-25",城乡建设,3,1
5759,"2025-06-25",交通运输,108,5
5760,"2025-06-25",农林牧渔,62,4
5761,"2025-06-26",科教文体,62,70
5762,"2025-06-26",公卫医疗,62,23
5763,"2025-06-26",城乡建设,92,1
5764,"2025-06-26",交通运输,12,57
5765,"2025-06-26",农林牧渔,191,116
5766,"2025-06-27",科教文体,89,123
5767,"2025-06-27",公卫医疗,0,10
5768,"2025-06-27",城乡建设,272,63
5769,"2025-06-27",交通运输,63,10
5770,"2025-06-27",农林牧渔,82,22
5771,"2025-06-28",科教文体,107,112
5772,"2025-06-28",公卫医疗,0,4
5773,"2025-06-28",城乡建设,97,51
5774,"2025-06-28",交通运输,168,8
5775,"2025-06-28",农林牧渔,137,42
5776,"2025-06-29",科教文体,12,54
5777,"2025-06-29",公卫医疗,71,3
5778,"2025-06-29",城乡建设,48,50
5779,"2025-06-29",交通运输,31,26
5780,"2025-06-29",农林牧渔,55,3
5781,"2025-06-30",科教文体,5,10
5782,"2025-06-30",公卫医疗,23,19
5783,"2025-06-30",城乡建设,14,33
5784,"2025-06-30",交通运输,9,1
5785,"2025-06-30",农林牧渔,45,235
5786,"2025-07-01",科教文体,124,32
5787,"2025-07-01",公卫医疗,103,7
5788,"2025-07-01",城乡建设,81,17
5789,"2025-07-01",交通运输,19,96
5790,"2025-07-01",农林牧渔,22,7
5791,"2025-07-02",科教文体,134,1
5792,"2025-07-02",公卫医疗,12,64
5793,"2025-07-02",城乡建设,239,9
5794,"2025-07-02",交通运输,122,72
5795,"2025-07-02",农林牧渔,45,2
5796,"2025-07-03",科教文体,59,94
5797,"2025-07-03",公卫医疗,53,24
5798,"2025-07-03",城乡建设,15,0
5799,"2025-07-03",交通运输,107,70
5800,"2025-07-03",农林牧渔,61,47
5801,"2025-07-04",科教文体,6,4
5802,"2025-07-04",公卫医疗,492,39
5803,"2025-07-04",城乡建设,25,69
5804,"2025-07-04",交通运输,35,6
5805,"2025-07-04",农林牧渔,142,12
5806,"2025-07-05",科教文体,2,86
5807,"2025-07-05",公卫医疗,145,1
5808,"2025-07-05",城乡建设,107,41
5809,"2025-07-05",交通运输,68,10
5810,"2025-07-05",农林牧渔,0,13
5811,"2025-07-06",科教文体,53,30
5812,"2025-07-06",公卫医疗,7,33
5813,"2025-07-06",城乡建设,95,61
5814,"2025-07-06",交通运输,136,36
5815,"2025-07-06",农林牧渔,137,29
5816,"2025-07-07",科教文体,38,1
5817,"2025-07-07",公卫医疗,17,8
5818,"2025-07-07",城乡建设,253,0
5819,"2025-07-07",交通运输,27,5
5820,"2025-07-07",农林牧渔,17,14
5821,"2025-07-08",科教文体,22,28
5822,"2025-07-08",公卫医疗,71,8
5823,"2025-07-08",城乡建设,114,7
5824,"2025-07-08",交通运输,22,3
5825,"2025-07-08",农林牧渔,0,0
5826,"2025-07-09",科教文体,1,25
5827,"2025-07-09",公卫医疗,58,21
5828,"2025-07-09",城乡建设,93,63
5829,"2025-07-09",交通运输,196,4
5830,"2025-07-09",农林牧渔,49,122
5831,"2025-07-10",科教文体,174,8
5832,"2025-07-10",公卫医疗,0,1
5833,"2025-07-10",城乡建设,14,0
5834,"2025-07-10",交通运输,23,23
5835,"2025-07-10",农林牧渔,63,12
5836,"2025-07-11",科教文体,127,7
5837,"2025-07-11",公卫医疗,64,5
5838,"2025-07-11",城乡建设,83,74
5839,"2025-07-11",交通运输,92,30
5840,"2025-07-11",农林牧渔,270,57
5841,"2025-07-12",科教文体,180,20
5842,"2025-07-12",公卫医疗,64,1
5843,"2025-07-12",城乡建设,248,29
5844,"2025-07-12",交通运输,158,24
5845,"2025-07-12",农林牧渔,94,28
5846,"2025-07-13",科教文体,52,22
5847,"2025-07-13",公卫医疗,5,0
5848,"2025-07-13",城乡建设,205,16
5849,"2025-07-13",交通运输,14,86
5850,"2025-07-13",农林牧渔,22,5
5851,"2025-07-14",科教文体,50,52
5852,"2025-07-14",公卫医疗,3,19
5853,"2025-07-14",城乡建设,22,69
5854,"2025-07-14",交通运输,18,36
5855,"2025-07-14",农林牧渔,0,0
5856,"2025-07-15",科教文体,182,26
5857,"2025-07-15",公卫医疗,17,34
5858,"2025-07-15",城乡建设,28,14
5859,"2025-07-15",交通运输,9,3
5860,"2025-07-15",农林牧渔,36,11
5861,"2025-07-16",科教文体,90,114
5862,"2025-07-16",公卫医疗,8,38
5863,"2025-07-16",城乡建设,23,80
5864,"2025-07-16",交通运输,27,15
5865,"2025-07-16",农林牧渔,103,115
5866,"2025-07-17",科教文体,125,4
5867,"2025-07-17",公卫医疗,46,15
5868,"2025-07-17",城乡建设,24,50
5869,"2025-07-17",交通运输,7,69
5870,"2025-07-17",农林牧渔,104,9
5871,"2025-07-18",科教文体,35,113
5872,"2025-07-18",公卫医疗,112,12
5873,"2025-07-18",城乡建设,0,7
5874,"2025-07-18",交通运输,34,18
5875,"2025-07-18",农林牧渔,92,11
5876,"2025-07-19",科教文体,52,25
5877,"2025-07-19",公卫医疗,81,0
5878,"2025-07-19",城乡建设,120,108
5879,"2025-07-19",交通运输,3,1
5880,"2025-07-19",农林牧渔,120,44
5881,"2025-07-20",科教文体,6,10
5882,"2025-07-20",公卫医疗,240,4
5883,"2025-07-20",城乡建设,289,54
5884,"2025-07-20",交通运输,40,19
5885,"2025-07-20",农林牧渔,38,14
5886,"2025-07-21",科教文体,52,57
5887,"2025-07-21",公卫医疗,81,4
5888,"2025-07-21",城乡建设,86,63
5889,"2025-07-21",交通运输,112,17
5890,"2025-07-21",农林牧渔,153,2
5891,"2025-07-22",科教文体,11,86
5892,"2025-07-22",公卫医疗,74,11
5893,"2025-07-22",城乡建设,52,4
5894,"2025-07-22",交通运输,32,138
5895,"2025-07-22",农林牧渔,41,45
5896,"2025-07-23",科教文体,10,8
5897,"2025-07-23",公卫医疗,7,16
5898,"2025-07-23",城乡建设,9,47
5899,"2025-07-23",交通运输,115,3
5900,"2025-07-23",农林牧渔,134,0
5901,"2025-07-24",科教文体,2,22
5902,"2025-07-24",公卫医疗,95,29
5903,"2025-07-24",城乡建设,112,6
5904,"2025-07-24",交通运输,38,4
5905,"2025-07-24",农林牧渔,170,102
5906,"2025-07-25",科教文体,75,85
5907,"2025-07-25",公卫医疗,9,1
5908,"2025-07-25",城乡建设,30,0
5909,"2025-07-25",交通运输,50,75
5910,"2025-07-25",农林牧渔,69,20
5911,"2025-07-26",科教文体,68,7
5912,"2025-07-26",公卫医疗,143,15
5913,"2025-07-26",城乡建设,12,41
5914,"2025-07-26",交通运输,118,26
5915,"2025-07-26",农林牧渔,35,2
5916,"2025-07-27",科教文体,119,0
5917,"2025-07-27",公卫医疗,33,31
5918,"2025-07-27",城乡建设,0,41
5919,"2025-07-27",交通运输,32,20
5920,"2025-07-27",农林牧渔,3,1
5921,"2025-07-28",科教文体,19,20
5922,"2025-07-28",公卫医疗,2,45
5923,"2025-07-28",城乡建设,26,53
5924,"2025-07-28",交通运输,89,1
5925,"2025-07-28",农林牧渔,16,10
5926,"2025-07-29",科教文体,53,19
5927,"2025-07-29",公卫医疗,202,151
5928,"2025-07-29",城乡建设,0,2
5929,"2025-07-29",交通运输,5,7
5930,"2025-07-29",农林牧渔,82,1
5931,"2025-07-30",科教文体,62,71
5932,"2025-07-30",公卫医疗,52,28
5933,"2025-07-30",城乡建设,114,8
5934,"2025-07-30",交通运输,50,134
5935,"2025-07-30",农林牧渔,114,18
5936,"2025-07-31",科教文体,12,19
5937,"2025-07-31",公卫医疗,20,7
5938,"2025-07-31",城乡建设,11,0
5939,"2025-07-31",交通运输,37,0
5940,"2025-07-31",农林牧渔,25,14
5941,"2025-08-01",科教文体,60,78
5942,"2025-08-01",公卫医疗,4,78
5943,"2025-08-01",城乡建设,33,9
5944,"2025-08-01",交通运输,150,0
5945,"2025-08-01",农林牧渔,60,0
