"md_id","busi_time","sub_name","accept_name","accept_cnt"
0,"2022-05-01",科教文体,电话,7
1,"2022-05-01",公卫医疗,电话,14
2,"2022-05-01",城乡建设,电话,2
3,"2022-05-01",交通运输,电话,7
4,"2022-05-01",农林牧渔,电话,23
5,"2022-05-01",科教文体,来信,3
6,"2022-05-01",公卫医疗,来信,24
7,"2022-05-01",城乡建设,来信,10
8,"2022-05-01",交通运输,来信,2
9,"2022-05-01",农林牧渔,来信,24
10,"2022-05-01",科教文体,网站,4
11,"2022-05-01",公卫医疗,网站,1
12,"2022-05-01",城乡建设,网站,3
13,"2022-05-01",交通运输,网站,4
14,"2022-05-01",农林牧渔,网站,4
15,"2022-05-01",科教文体,小程序/公众号,174
16,"2022-05-01",公卫医疗,小程序/公众号,149
17,"2022-05-01",城乡建设,小程序/公众号,212
18,"2022-05-01",交通运输,小程序/公众号,156
19,"2022-05-01",农林牧渔,小程序/公众号,64
20,"2022-05-02",科教文体,电话,65
21,"2022-05-02",公卫医疗,电话,16
22,"2022-05-02",城乡建设,电话,32
23,"2022-05-02",交通运输,电话,43
24,"2022-05-02",农林牧渔,电话,5
25,"2022-05-02",科教文体,来信,21
26,"2022-05-02",公卫医疗,来信,33
27,"2022-05-02",城乡建设,来信,23
28,"2022-05-02",交通运输,来信,25
29,"2022-05-02",农林牧渔,来信,33
30,"2022-05-02",科教文体,网站,63
31,"2022-05-02",公卫医疗,网站,63
32,"2022-05-02",城乡建设,网站,27
33,"2022-05-02",交通运输,网站,15
34,"2022-05-02",农林牧渔,网站,28
35,"2022-05-02",科教文体,小程序/公众号,16
36,"2022-05-02",公卫医疗,小程序/公众号,49
37,"2022-05-02",城乡建设,小程序/公众号,3
38,"2022-05-02",交通运输,小程序/公众号,68
39,"2022-05-02",农林牧渔,小程序/公众号,63
40,"2022-05-03",科教文体,电话,15
41,"2022-05-03",公卫医疗,电话,36
42,"2022-05-03",城乡建设,电话,25
43,"2022-05-03",交通运输,电话,2
44,"2022-05-03",农林牧渔,电话,9
45,"2022-05-03",科教文体,来信,9
46,"2022-05-03",公卫医疗,来信,10
47,"2022-05-03",城乡建设,来信,9
48,"2022-05-03",交通运输,来信,20
49,"2022-05-03",农林牧渔,来信,8
50,"2022-05-03",科教文体,网站,16
51,"2022-05-03",公卫医疗,网站,19
52,"2022-05-03",城乡建设,网站,12
53,"2022-05-03",交通运输,网站,28
54,"2022-05-03",农林牧渔,网站,7
55,"2022-05-03",科教文体,小程序/公众号,235
56,"2022-05-03",公卫医疗,小程序/公众号,82
57,"2022-05-03",城乡建设,小程序/公众号,109
58,"2022-05-03",交通运输,小程序/公众号,50
59,"2022-05-03",农林牧渔,小程序/公众号,229
60,"2022-05-04",科教文体,电话,15
61,"2022-05-04",公卫医疗,电话,22
62,"2022-05-04",城乡建设,电话,19
63,"2022-05-04",交通运输,电话,11
64,"2022-05-04",农林牧渔,电话,0
65,"2022-05-04",科教文体,来信,9
66,"2022-05-04",公卫医疗,来信,5
67,"2022-05-04",城乡建设,来信,6
68,"2022-05-04",交通运输,来信,17
69,"2022-05-04",农林牧渔,来信,11
70,"2022-05-04",科教文体,网站,75
71,"2022-05-04",公卫医疗,网站,47
72,"2022-05-04",城乡建设,网站,24
73,"2022-05-04",交通运输,网站,55
74,"2022-05-04",农林牧渔,网站,10
75,"2022-05-04",科教文体,小程序/公众号,63
76,"2022-05-04",公卫医疗,小程序/公众号,123
77,"2022-05-04",城乡建设,小程序/公众号,66
78,"2022-05-04",交通运输,小程序/公众号,173
79,"2022-05-04",农林牧渔,小程序/公众号,71
80,"2022-05-05",科教文体,电话,16
81,"2022-05-05",公卫医疗,电话,14
82,"2022-05-05",城乡建设,电话,13
83,"2022-05-05",交通运输,电话,25
84,"2022-05-05",农林牧渔,电话,27
85,"2022-05-05",科教文体,来信,17
86,"2022-05-05",公卫医疗,来信,23
87,"2022-05-05",城乡建设,来信,1
88,"2022-05-05",交通运输,来信,14
89,"2022-05-05",农林牧渔,来信,41
90,"2022-05-05",科教文体,网站,14
91,"2022-05-05",公卫医疗,网站,14
92,"2022-05-05",城乡建设,网站,3
93,"2022-05-05",交通运输,网站,8
94,"2022-05-05",农林牧渔,网站,0
95,"2022-05-05",科教文体,小程序/公众号,24
96,"2022-05-05",公卫医疗,小程序/公众号,108
97,"2022-05-05",城乡建设,小程序/公众号,95
98,"2022-05-05",交通运输,小程序/公众号,25
99,"2022-05-05",农林牧渔,小程序/公众号,70
100,"2022-05-06",科教文体,电话,49
101,"2022-05-06",公卫医疗,电话,32
102,"2022-05-06",城乡建设,电话,12
103,"2022-05-06",交通运输,电话,28
104,"2022-05-06",农林牧渔,电话,15
105,"2022-05-06",科教文体,来信,6
106,"2022-05-06",公卫医疗,来信,18
107,"2022-05-06",城乡建设,来信,5
108,"2022-05-06",交通运输,来信,25
109,"2022-05-06",农林牧渔,来信,21
110,"2022-05-06",科教文体,网站,18
111,"2022-05-06",公卫医疗,网站,23
112,"2022-05-06",城乡建设,网站,43
113,"2022-05-06",交通运输,网站,46
114,"2022-05-06",农林牧渔,网站,4
115,"2022-05-06",科教文体,小程序/公众号,72
116,"2022-05-06",公卫医疗,小程序/公众号,189
117,"2022-05-06",城乡建设,小程序/公众号,28
118,"2022-05-06",交通运输,小程序/公众号,30
119,"2022-05-06",农林牧渔,小程序/公众号,27
120,"2022-05-07",科教文体,电话,1
121,"2022-05-07",公卫医疗,电话,5
122,"2022-05-07",城乡建设,电话,5
123,"2022-05-07",交通运输,电话,5
124,"2022-05-07",农林牧渔,电话,3
125,"2022-05-07",科教文体,来信,2
126,"2022-05-07",公卫医疗,来信,9
127,"2022-05-07",城乡建设,来信,8
128,"2022-05-07",交通运输,来信,9
129,"2022-05-07",农林牧渔,来信,2
130,"2022-05-07",科教文体,网站,84
131,"2022-05-07",公卫医疗,网站,87
132,"2022-05-07",城乡建设,网站,14
133,"2022-05-07",交通运输,网站,51
134,"2022-05-07",农林牧渔,网站,49
135,"2022-05-07",科教文体,小程序/公众号,158
136,"2022-05-07",公卫医疗,小程序/公众号,182
137,"2022-05-07",城乡建设,小程序/公众号,190
138,"2022-05-07",交通运输,小程序/公众号,112
139,"2022-05-07",农林牧渔,小程序/公众号,17
140,"2022-05-08",科教文体,电话,25
141,"2022-05-08",公卫医疗,电话,33
142,"2022-05-08",城乡建设,电话,15
143,"2022-05-08",交通运输,电话,29
144,"2022-05-08",农林牧渔,电话,3
145,"2022-05-08",科教文体,来信,33
146,"2022-05-08",公卫医疗,来信,52
147,"2022-05-08",城乡建设,来信,2
148,"2022-05-08",交通运输,来信,38
149,"2022-05-08",农林牧渔,来信,29
150,"2022-05-08",科教文体,网站,77
151,"2022-05-08",公卫医疗,网站,57
152,"2022-05-08",城乡建设,网站,21
153,"2022-05-08",交通运输,网站,17
154,"2022-05-08",农林牧渔,网站,60
155,"2022-05-08",科教文体,小程序/公众号,100
156,"2022-05-08",公卫医疗,小程序/公众号,74
157,"2022-05-08",城乡建设,小程序/公众号,56
158,"2022-05-08",交通运输,小程序/公众号,61
159,"2022-05-08",农林牧渔,小程序/公众号,19
160,"2022-05-09",科教文体,电话,29
161,"2022-05-09",公卫医疗,电话,6
162,"2022-05-09",城乡建设,电话,17
163,"2022-05-09",交通运输,电话,24
164,"2022-05-09",农林牧渔,电话,23
165,"2022-05-09",科教文体,来信,27
166,"2022-05-09",公卫医疗,来信,0
167,"2022-05-09",城乡建设,来信,45
168,"2022-05-09",交通运输,来信,29
169,"2022-05-09",农林牧渔,来信,43
170,"2022-05-09",科教文体,网站,26
171,"2022-05-09",公卫医疗,网站,4
172,"2022-05-09",城乡建设,网站,44
173,"2022-05-09",交通运输,网站,26
174,"2022-05-09",农林牧渔,网站,15
175,"2022-05-09",科教文体,小程序/公众号,50
176,"2022-05-09",公卫医疗,小程序/公众号,17
177,"2022-05-09",城乡建设,小程序/公众号,70
178,"2022-05-09",交通运输,小程序/公众号,63
179,"2022-05-09",农林牧渔,小程序/公众号,50
180,"2022-05-10",科教文体,电话,7
181,"2022-05-10",公卫医疗,电话,7
182,"2022-05-10",城乡建设,电话,7
183,"2022-05-10",交通运输,电话,7
184,"2022-05-10",农林牧渔,电话,9
185,"2022-05-10",科教文体,来信,2
186,"2022-05-10",公卫医疗,来信,27
187,"2022-05-10",城乡建设,来信,68
188,"2022-05-10",交通运输,来信,36
189,"2022-05-10",农林牧渔,来信,13
190,"2022-05-10",科教文体,网站,2
191,"2022-05-10",公卫医疗,网站,35
192,"2022-05-10",城乡建设,网站,36
193,"2022-05-10",交通运输,网站,29
194,"2022-05-10",农林牧渔,网站,57
195,"2022-05-10",科教文体,小程序/公众号,78
196,"2022-05-10",公卫医疗,小程序/公众号,50
197,"2022-05-10",城乡建设,小程序/公众号,32
198,"2022-05-10",交通运输,小程序/公众号,71
199,"2022-05-10",农林牧渔,小程序/公众号,63
200,"2022-05-11",科教文体,电话,2
201,"2022-05-11",公卫医疗,电话,33
202,"2022-05-11",城乡建设,电话,23
203,"2022-05-11",交通运输,电话,29
204,"2022-05-11",农林牧渔,电话,4
205,"2022-05-11",科教文体,来信,8
206,"2022-05-11",公卫医疗,来信,20
207,"2022-05-11",城乡建设,来信,13
208,"2022-05-11",交通运输,来信,3
209,"2022-05-11",农林牧渔,来信,4
210,"2022-05-11",科教文体,网站,0
211,"2022-05-11",公卫医疗,网站,5
212,"2022-05-11",城乡建设,网站,6
213,"2022-05-11",交通运输,网站,7
214,"2022-05-11",农林牧渔,网站,1
215,"2022-05-11",科教文体,小程序/公众号,189
216,"2022-05-11",公卫医疗,小程序/公众号,49
217,"2022-05-11",城乡建设,小程序/公众号,18
218,"2022-05-11",交通运输,小程序/公众号,175
219,"2022-05-11",农林牧渔,小程序/公众号,65
220,"2022-05-12",科教文体,电话,11
221,"2022-05-12",公卫医疗,电话,12
222,"2022-05-12",城乡建设,电话,9
223,"2022-05-12",交通运输,电话,10
224,"2022-05-12",农林牧渔,电话,8
225,"2022-05-12",科教文体,来信,20
226,"2022-05-12",公卫医疗,来信,42
227,"2022-05-12",城乡建设,来信,13
228,"2022-05-12",交通运输,来信,25
229,"2022-05-12",农林牧渔,来信,67
230,"2022-05-12",科教文体,网站,53
231,"2022-05-12",公卫医疗,网站,48
232,"2022-05-12",城乡建设,网站,13
233,"2022-05-12",交通运输,网站,67
234,"2022-05-12",农林牧渔,网站,4
235,"2022-05-12",科教文体,小程序/公众号,57
236,"2022-05-12",公卫医疗,小程序/公众号,80
237,"2022-05-12",城乡建设,小程序/公众号,96
238,"2022-05-12",交通运输,小程序/公众号,73
239,"2022-05-12",农林牧渔,小程序/公众号,64
240,"2022-05-13",科教文体,电话,3
241,"2022-05-13",公卫医疗,电话,31
242,"2022-05-13",城乡建设,电话,16
243,"2022-05-13",交通运输,电话,9
244,"2022-05-13",农林牧渔,电话,3
245,"2022-05-13",科教文体,来信,7
246,"2022-05-13",公卫医疗,来信,15
247,"2022-05-13",城乡建设,来信,22
248,"2022-05-13",交通运输,来信,6
249,"2022-05-13",农林牧渔,来信,15
250,"2022-05-13",科教文体,网站,1
251,"2022-05-13",公卫医疗,网站,2
252,"2022-05-13",城乡建设,网站,1
253,"2022-05-13",交通运输,网站,7
254,"2022-05-13",农林牧渔,网站,3
255,"2022-05-13",科教文体,小程序/公众号,71
256,"2022-05-13",公卫医疗,小程序/公众号,49
257,"2022-05-13",城乡建设,小程序/公众号,59
258,"2022-05-13",交通运输,小程序/公众号,1
259,"2022-05-13",农林牧渔,小程序/公众号,39
260,"2022-05-14",科教文体,电话,6
261,"2022-05-14",公卫医疗,电话,27
262,"2022-05-14",城乡建设,电话,4
263,"2022-05-14",交通运输,电话,38
264,"2022-05-14",农林牧渔,电话,29
265,"2022-05-14",科教文体,来信,25
266,"2022-05-14",公卫医疗,来信,2
267,"2022-05-14",城乡建设,来信,15
268,"2022-05-14",交通运输,来信,12
269,"2022-05-14",农林牧渔,来信,10
270,"2022-05-14",科教文体,网站,0
271,"2022-05-14",公卫医疗,网站,1
272,"2022-05-14",城乡建设,网站,5
273,"2022-05-14",交通运输,网站,4
274,"2022-05-14",农林牧渔,网站,2
275,"2022-05-14",科教文体,小程序/公众号,127
276,"2022-05-14",公卫医疗,小程序/公众号,19
277,"2022-05-14",城乡建设,小程序/公众号,6
278,"2022-05-14",交通运输,小程序/公众号,60
279,"2022-05-14",农林牧渔,小程序/公众号,193
280,"2022-05-15",科教文体,电话,0
281,"2022-05-15",公卫医疗,电话,9
282,"2022-05-15",城乡建设,电话,10
283,"2022-05-15",交通运输,电话,15
284,"2022-05-15",农林牧渔,电话,12
285,"2022-05-15",科教文体,来信,15
286,"2022-05-15",公卫医疗,来信,16
287,"2022-05-15",城乡建设,来信,16
288,"2022-05-15",交通运输,来信,14
289,"2022-05-15",农林牧渔,来信,34
290,"2022-05-15",科教文体,网站,3
291,"2022-05-15",公卫医疗,网站,8
292,"2022-05-15",城乡建设,网站,9
293,"2022-05-15",交通运输,网站,9
294,"2022-05-15",农林牧渔,网站,6
295,"2022-05-15",科教文体,小程序/公众号,35
296,"2022-05-15",公卫医疗,小程序/公众号,44
297,"2022-05-15",城乡建设,小程序/公众号,38
298,"2022-05-15",交通运输,小程序/公众号,18
299,"2022-05-15",农林牧渔,小程序/公众号,54
300,"2022-05-16",科教文体,电话,4
301,"2022-05-16",公卫医疗,电话,4
302,"2022-05-16",城乡建设,电话,2
303,"2022-05-16",交通运输,电话,1
304,"2022-05-16",农林牧渔,电话,2
305,"2022-05-16",科教文体,来信,15
306,"2022-05-16",公卫医疗,来信,1
307,"2022-05-16",城乡建设,来信,11
308,"2022-05-16",交通运输,来信,15
309,"2022-05-16",农林牧渔,来信,4
310,"2022-05-16",科教文体,网站,59
311,"2022-05-16",公卫医疗,网站,63
312,"2022-05-16",城乡建设,网站,84
313,"2022-05-16",交通运输,网站,28
314,"2022-05-16",农林牧渔,网站,72
315,"2022-05-16",科教文体,小程序/公众号,52
316,"2022-05-16",公卫医疗,小程序/公众号,69
317,"2022-05-16",城乡建设,小程序/公众号,75
318,"2022-05-16",交通运输,小程序/公众号,83
319,"2022-05-16",农林牧渔,小程序/公众号,57
320,"2022-05-17",科教文体,电话,5
321,"2022-05-17",公卫医疗,电话,19
322,"2022-05-17",城乡建设,电话,13
323,"2022-05-17",交通运输,电话,21
324,"2022-05-17",农林牧渔,电话,18
325,"2022-05-17",科教文体,来信,2
326,"2022-05-17",公卫医疗,来信,2
327,"2022-05-17",城乡建设,来信,4
328,"2022-05-17",交通运输,来信,4
329,"2022-05-17",农林牧渔,来信,0
330,"2022-05-17",科教文体,网站,6
331,"2022-05-17",公卫医疗,网站,4
332,"2022-05-17",城乡建设,网站,6
333,"2022-05-17",交通运输,网站,0
334,"2022-05-17",农林牧渔,网站,5
335,"2022-05-17",科教文体,小程序/公众号,103
336,"2022-05-17",公卫医疗,小程序/公众号,54
337,"2022-05-17",城乡建设,小程序/公众号,93
338,"2022-05-17",交通运输,小程序/公众号,149
339,"2022-05-17",农林牧渔,小程序/公众号,49
340,"2022-05-18",科教文体,电话,27
341,"2022-05-18",公卫医疗,电话,0
342,"2022-05-18",城乡建设,电话,17
343,"2022-05-18",交通运输,电话,25
344,"2022-05-18",农林牧渔,电话,23
345,"2022-05-18",科教文体,来信,4
346,"2022-05-18",公卫医疗,来信,8
347,"2022-05-18",城乡建设,来信,2
348,"2022-05-18",交通运输,来信,1
349,"2022-05-18",农林牧渔,来信,6
350,"2022-05-18",科教文体,网站,23
351,"2022-05-18",公卫医疗,网站,8
352,"2022-05-18",城乡建设,网站,99
353,"2022-05-18",交通运输,网站,73
354,"2022-05-18",农林牧渔,网站,80
355,"2022-05-18",科教文体,小程序/公众号,107
356,"2022-05-18",公卫医疗,小程序/公众号,13
357,"2022-05-18",城乡建设,小程序/公众号,108
358,"2022-05-18",交通运输,小程序/公众号,202
359,"2022-05-18",农林牧渔,小程序/公众号,33
360,"2022-05-19",科教文体,电话,8
361,"2022-05-19",公卫医疗,电话,4
362,"2022-05-19",城乡建设,电话,9
363,"2022-05-19",交通运输,电话,4
364,"2022-05-19",农林牧渔,电话,10
365,"2022-05-19",科教文体,来信,16
366,"2022-05-19",公卫医疗,来信,10
367,"2022-05-19",城乡建设,来信,0
368,"2022-05-19",交通运输,来信,14
369,"2022-05-19",农林牧渔,来信,19
370,"2022-05-19",科教文体,网站,76
371,"2022-05-19",公卫医疗,网站,82
372,"2022-05-19",城乡建设,网站,8
373,"2022-05-19",交通运输,网站,71
374,"2022-05-19",农林牧渔,网站,14
375,"2022-05-19",科教文体,小程序/公众号,45
376,"2022-05-19",公卫医疗,小程序/公众号,113
377,"2022-05-19",城乡建设,小程序/公众号,180
378,"2022-05-19",交通运输,小程序/公众号,67
379,"2022-05-19",农林牧渔,小程序/公众号,158
380,"2022-05-20",科教文体,电话,8
381,"2022-05-20",公卫医疗,电话,2
382,"2022-05-20",城乡建设,电话,4
383,"2022-05-20",交通运输,电话,5
384,"2022-05-20",农林牧渔,电话,1
385,"2022-05-20",科教文体,来信,4
386,"2022-05-20",公卫医疗,来信,15
387,"2022-05-20",城乡建设,来信,3
388,"2022-05-20",交通运输,来信,15
389,"2022-05-20",农林牧渔,来信,7
390,"2022-05-20",科教文体,网站,13
391,"2022-05-20",公卫医疗,网站,7
392,"2022-05-20",城乡建设,网站,16
393,"2022-05-20",交通运输,网站,16
394,"2022-05-20",农林牧渔,网站,5
395,"2022-05-20",科教文体,小程序/公众号,47
396,"2022-05-20",公卫医疗,小程序/公众号,9
397,"2022-05-20",城乡建设,小程序/公众号,104
398,"2022-05-20",交通运输,小程序/公众号,32
399,"2022-05-20",农林牧渔,小程序/公众号,72
400,"2022-05-21",科教文体,电话,9
401,"2022-05-21",公卫医疗,电话,8
402,"2022-05-21",城乡建设,电话,3
403,"2022-05-21",交通运输,电话,7
404,"2022-05-21",农林牧渔,电话,3
405,"2022-05-21",科教文体,来信,3
406,"2022-05-21",公卫医疗,来信,10
407,"2022-05-21",城乡建设,来信,9
408,"2022-05-21",交通运输,来信,8
409,"2022-05-21",农林牧渔,来信,19
410,"2022-05-21",科教文体,网站,2
411,"2022-05-21",公卫医疗,网站,4
412,"2022-05-21",城乡建设,网站,8
413,"2022-05-21",交通运输,网站,2
414,"2022-05-21",农林牧渔,网站,4
415,"2022-05-21",科教文体,小程序/公众号,89
416,"2022-05-21",公卫医疗,小程序/公众号,5
417,"2022-05-21",城乡建设,小程序/公众号,56
418,"2022-05-21",交通运输,小程序/公众号,71
419,"2022-05-21",农林牧渔,小程序/公众号,55
420,"2022-05-22",科教文体,电话,8
421,"2022-05-22",公卫医疗,电话,37
422,"2022-05-22",城乡建设,电话,5
423,"2022-05-22",交通运输,电话,3
424,"2022-05-22",农林牧渔,电话,25
425,"2022-05-22",科教文体,来信,17
426,"2022-05-22",公卫医疗,来信,18
427,"2022-05-22",城乡建设,来信,25
428,"2022-05-22",交通运输,来信,2
429,"2022-05-22",农林牧渔,来信,31
430,"2022-05-22",科教文体,网站,3
431,"2022-05-22",公卫医疗,网站,4
432,"2022-05-22",城乡建设,网站,1
433,"2022-05-22",交通运输,网站,4
434,"2022-05-22",农林牧渔,网站,13
435,"2022-05-22",科教文体,小程序/公众号,81
436,"2022-05-22",公卫医疗,小程序/公众号,5
437,"2022-05-22",城乡建设,小程序/公众号,48
438,"2022-05-22",交通运输,小程序/公众号,51
439,"2022-05-22",农林牧渔,小程序/公众号,38
440,"2022-05-23",科教文体,电话,55
441,"2022-05-23",公卫医疗,电话,5
442,"2022-05-23",城乡建设,电话,45
443,"2022-05-23",交通运输,电话,26
444,"2022-05-23",农林牧渔,电话,61
445,"2022-05-23",科教文体,来信,84
446,"2022-05-23",公卫医疗,来信,39
447,"2022-05-23",城乡建设,来信,40
448,"2022-05-23",交通运输,来信,29
449,"2022-05-23",农林牧渔,来信,23
450,"2022-05-23",科教文体,网站,2
451,"2022-05-23",公卫医疗,网站,1
452,"2022-05-23",城乡建设,网站,1
453,"2022-05-23",交通运输,网站,7
454,"2022-05-23",农林牧渔,网站,4
455,"2022-05-23",科教文体,小程序/公众号,124
456,"2022-05-23",公卫医疗,小程序/公众号,119
457,"2022-05-23",城乡建设,小程序/公众号,41
458,"2022-05-23",交通运输,小程序/公众号,61
459,"2022-05-23",农林牧渔,小程序/公众号,84
460,"2022-05-24",科教文体,电话,56
461,"2022-05-24",公卫医疗,电话,2
462,"2022-05-24",城乡建设,电话,5
463,"2022-05-24",交通运输,电话,55
464,"2022-05-24",农林牧渔,电话,36
465,"2022-05-24",科教文体,来信,2
466,"2022-05-24",公卫医疗,来信,2
467,"2022-05-24",城乡建设,来信,3
468,"2022-05-24",交通运输,来信,2
469,"2022-05-24",农林牧渔,来信,3
470,"2022-05-24",科教文体,网站,85
471,"2022-05-24",公卫医疗,网站,68
472,"2022-05-24",城乡建设,网站,64
473,"2022-05-24",交通运输,网站,77
474,"2022-05-24",农林牧渔,网站,46
475,"2022-05-24",科教文体,小程序/公众号,7
476,"2022-05-24",公卫医疗,小程序/公众号,43
477,"2022-05-24",城乡建设,小程序/公众号,132
478,"2022-05-24",交通运输,小程序/公众号,178
479,"2022-05-24",农林牧渔,小程序/公众号,57
480,"2022-05-25",科教文体,电话,23
481,"2022-05-25",公卫医疗,电话,84
482,"2022-05-25",城乡建设,电话,66
483,"2022-05-25",交通运输,电话,6
484,"2022-05-25",农林牧渔,电话,20
485,"2022-05-25",科教文体,来信,45
486,"2022-05-25",公卫医疗,来信,21
487,"2022-05-25",城乡建设,来信,45
488,"2022-05-25",交通运输,来信,35
489,"2022-05-25",农林牧渔,来信,52
490,"2022-05-25",科教文体,网站,80
491,"2022-05-25",公卫医疗,网站,10
492,"2022-05-25",城乡建设,网站,62
493,"2022-05-25",交通运输,网站,85
494,"2022-05-25",农林牧渔,网站,53
495,"2022-05-25",科教文体,小程序/公众号,52
496,"2022-05-25",公卫医疗,小程序/公众号,57
497,"2022-05-25",城乡建设,小程序/公众号,59
498,"2022-05-25",交通运输,小程序/公众号,30
499,"2022-05-25",农林牧渔,小程序/公众号,93
500,"2022-05-26",科教文体,电话,46
501,"2022-05-26",公卫医疗,电话,6
502,"2022-05-26",城乡建设,电话,26
503,"2022-05-26",交通运输,电话,27
504,"2022-05-26",农林牧渔,电话,13
505,"2022-05-26",科教文体,来信,23
506,"2022-05-26",公卫医疗,来信,57
507,"2022-05-26",城乡建设,来信,33
508,"2022-05-26",交通运输,来信,29
509,"2022-05-26",农林牧渔,来信,55
510,"2022-05-26",科教文体,网站,3
511,"2022-05-26",公卫医疗,网站,19
512,"2022-05-26",城乡建设,网站,10
513,"2022-05-26",交通运输,网站,8
514,"2022-05-26",农林牧渔,网站,20
515,"2022-05-26",科教文体,小程序/公众号,82
516,"2022-05-26",公卫医疗,小程序/公众号,188
517,"2022-05-26",城乡建设,小程序/公众号,77
518,"2022-05-26",交通运输,小程序/公众号,74
519,"2022-05-26",农林牧渔,小程序/公众号,159
520,"2022-05-27",科教文体,电话,2
521,"2022-05-27",公卫医疗,电话,9
522,"2022-05-27",城乡建设,电话,19
523,"2022-05-27",交通运输,电话,12
524,"2022-05-27",农林牧渔,电话,10
525,"2022-05-27",科教文体,来信,4
526,"2022-05-27",公卫医疗,来信,4
527,"2022-05-27",城乡建设,来信,4
528,"2022-05-27",交通运输,来信,7
529,"2022-05-27",农林牧渔,来信,1
530,"2022-05-27",科教文体,网站,68
531,"2022-05-27",公卫医疗,网站,37
532,"2022-05-27",城乡建设,网站,56
533,"2022-05-27",交通运输,网站,82
534,"2022-05-27",农林牧渔,网站,29
535,"2022-05-27",科教文体,小程序/公众号,68
536,"2022-05-27",公卫医疗,小程序/公众号,144
537,"2022-05-27",城乡建设,小程序/公众号,64
538,"2022-05-27",交通运输,小程序/公众号,146
539,"2022-05-27",农林牧渔,小程序/公众号,144
540,"2022-05-28",科教文体,电话,29
541,"2022-05-28",公卫医疗,电话,17
542,"2022-05-28",城乡建设,电话,25
543,"2022-05-28",交通运输,电话,88
544,"2022-05-28",农林牧渔,电话,26
545,"2022-05-28",科教文体,来信,5
546,"2022-05-28",公卫医疗,来信,0
547,"2022-05-28",城乡建设,来信,36
548,"2022-05-28",交通运输,来信,31
549,"2022-05-28",农林牧渔,来信,34
550,"2022-05-28",科教文体,网站,51
551,"2022-05-28",公卫医疗,网站,22
552,"2022-05-28",城乡建设,网站,19
553,"2022-05-28",交通运输,网站,54
554,"2022-05-28",农林牧渔,网站,71
555,"2022-05-28",科教文体,小程序/公众号,75
556,"2022-05-28",公卫医疗,小程序/公众号,104
557,"2022-05-28",城乡建设,小程序/公众号,95
558,"2022-05-28",交通运输,小程序/公众号,63
559,"2022-05-28",农林牧渔,小程序/公众号,58
560,"2022-05-29",科教文体,电话,3
561,"2022-05-29",公卫医疗,电话,4
562,"2022-05-29",城乡建设,电话,2
563,"2022-05-29",交通运输,电话,3
564,"2022-05-29",农林牧渔,电话,3
565,"2022-05-29",科教文体,来信,4
566,"2022-05-29",公卫医疗,来信,1
567,"2022-05-29",城乡建设,来信,18
568,"2022-05-29",交通运输,来信,14
569,"2022-05-29",农林牧渔,来信,15
570,"2022-05-29",科教文体,网站,4
571,"2022-05-29",公卫医疗,网站,5
572,"2022-05-29",城乡建设,网站,48
573,"2022-05-29",交通运输,网站,33
574,"2022-05-29",农林牧渔,网站,47
575,"2022-05-29",科教文体,小程序/公众号,43
576,"2022-05-29",公卫医疗,小程序/公众号,160
577,"2022-05-29",城乡建设,小程序/公众号,15
578,"2022-05-29",交通运输,小程序/公众号,95
579,"2022-05-29",农林牧渔,小程序/公众号,82
580,"2022-05-30",科教文体,电话,1
581,"2022-05-30",公卫医疗,电话,3
582,"2022-05-30",城乡建设,电话,16
583,"2022-05-30",交通运输,电话,11
584,"2022-05-30",农林牧渔,电话,11
585,"2022-05-30",科教文体,来信,13
586,"2022-05-30",公卫医疗,来信,15
587,"2022-05-30",城乡建设,来信,30
588,"2022-05-30",交通运输,来信,5
589,"2022-05-30",农林牧渔,来信,31
590,"2022-05-30",科教文体,网站,10
591,"2022-05-30",公卫医疗,网站,3
592,"2022-05-30",城乡建设,网站,9
593,"2022-05-30",交通运输,网站,10
594,"2022-05-30",农林牧渔,网站,4
595,"2022-05-30",科教文体,小程序/公众号,50
596,"2022-05-30",公卫医疗,小程序/公众号,26
597,"2022-05-30",城乡建设,小程序/公众号,50
598,"2022-05-30",交通运输,小程序/公众号,40
599,"2022-05-30",农林牧渔,小程序/公众号,8
600,"2022-05-31",科教文体,电话,39
601,"2022-05-31",公卫医疗,电话,16
602,"2022-05-31",城乡建设,电话,28
603,"2022-05-31",交通运输,电话,37
604,"2022-05-31",农林牧渔,电话,4
605,"2022-05-31",科教文体,来信,26
606,"2022-05-31",公卫医疗,来信,0
607,"2022-05-31",城乡建设,来信,22
608,"2022-05-31",交通运输,来信,30
609,"2022-05-31",农林牧渔,来信,20
610,"2022-05-31",科教文体,网站,3
611,"2022-05-31",公卫医疗,网站,7
612,"2022-05-31",城乡建设,网站,19
613,"2022-05-31",交通运输,网站,14
614,"2022-05-31",农林牧渔,网站,7
615,"2022-05-31",科教文体,小程序/公众号,47
616,"2022-05-31",公卫医疗,小程序/公众号,68
617,"2022-05-31",城乡建设,小程序/公众号,58
618,"2022-05-31",交通运输,小程序/公众号,64
619,"2022-05-31",农林牧渔,小程序/公众号,25
620,"2022-06-01",科教文体,电话,34
621,"2022-06-01",公卫医疗,电话,24
622,"2022-06-01",城乡建设,电话,18
623,"2022-06-01",交通运输,电话,4
624,"2022-06-01",农林牧渔,电话,32
625,"2022-06-01",科教文体,来信,37
626,"2022-06-01",公卫医疗,来信,2
627,"2022-06-01",城乡建设,来信,39
628,"2022-06-01",交通运输,来信,29
629,"2022-06-01",农林牧渔,来信,23
630,"2022-06-01",科教文体,网站,22
631,"2022-06-01",公卫医疗,网站,71
632,"2022-06-01",城乡建设,网站,5
633,"2022-06-01",交通运输,网站,56
634,"2022-06-01",农林牧渔,网站,88
635,"2022-06-01",科教文体,小程序/公众号,78
636,"2022-06-01",公卫医疗,小程序/公众号,132
637,"2022-06-01",城乡建设,小程序/公众号,38
638,"2022-06-01",交通运输,小程序/公众号,78
639,"2022-06-01",农林牧渔,小程序/公众号,148
640,"2022-06-02",科教文体,电话,10
641,"2022-06-02",公卫医疗,电话,48
642,"2022-06-02",城乡建设,电话,9
643,"2022-06-02",交通运输,电话,12
644,"2022-06-02",农林牧渔,电话,16
645,"2022-06-02",科教文体,来信,31
646,"2022-06-02",公卫医疗,来信,4
647,"2022-06-02",城乡建设,来信,23
648,"2022-06-02",交通运输,来信,47
649,"2022-06-02",农林牧渔,来信,22
650,"2022-06-02",科教文体,网站,65
651,"2022-06-02",公卫医疗,网站,34
652,"2022-06-02",城乡建设,网站,13
653,"2022-06-02",交通运输,网站,13
654,"2022-06-02",农林牧渔,网站,53
655,"2022-06-02",科教文体,小程序/公众号,7
656,"2022-06-02",公卫医疗,小程序/公众号,51
657,"2022-06-02",城乡建设,小程序/公众号,9
658,"2022-06-02",交通运输,小程序/公众号,60
659,"2022-06-02",农林牧渔,小程序/公众号,68
660,"2022-06-03",科教文体,电话,10
661,"2022-06-03",公卫医疗,电话,1
662,"2022-06-03",城乡建设,电话,1
663,"2022-06-03",交通运输,电话,1
664,"2022-06-03",农林牧渔,电话,9
665,"2022-06-03",科教文体,来信,1
666,"2022-06-03",公卫医疗,来信,16
667,"2022-06-03",城乡建设,来信,25
668,"2022-06-03",交通运输,来信,15
669,"2022-06-03",农林牧渔,来信,12
670,"2022-06-03",科教文体,网站,28
671,"2022-06-03",公卫医疗,网站,9
672,"2022-06-03",城乡建设,网站,9
673,"2022-06-03",交通运输,网站,1
674,"2022-06-03",农林牧渔,网站,1
675,"2022-06-03",科教文体,小程序/公众号,66
676,"2022-06-03",公卫医疗,小程序/公众号,6
677,"2022-06-03",城乡建设,小程序/公众号,42
678,"2022-06-03",交通运输,小程序/公众号,22
679,"2022-06-03",农林牧渔,小程序/公众号,61
680,"2022-06-04",科教文体,电话,12
681,"2022-06-04",公卫医疗,电话,2
682,"2022-06-04",城乡建设,电话,16
683,"2022-06-04",交通运输,电话,8
684,"2022-06-04",农林牧渔,电话,12
685,"2022-06-04",科教文体,来信,12
686,"2022-06-04",公卫医疗,来信,23
687,"2022-06-04",城乡建设,来信,9
688,"2022-06-04",交通运输,来信,6
689,"2022-06-04",农林牧渔,来信,0
690,"2022-06-04",科教文体,网站,12
691,"2022-06-04",公卫医疗,网站,6
692,"2022-06-04",城乡建设,网站,21
693,"2022-06-04",交通运输,网站,20
694,"2022-06-04",农林牧渔,网站,30
695,"2022-06-04",科教文体,小程序/公众号,72
696,"2022-06-04",公卫医疗,小程序/公众号,82
697,"2022-06-04",城乡建设,小程序/公众号,5
698,"2022-06-04",交通运输,小程序/公众号,43
699,"2022-06-04",农林牧渔,小程序/公众号,61
700,"2022-06-05",科教文体,电话,38
701,"2022-06-05",公卫医疗,电话,57
702,"2022-06-05",城乡建设,电话,67
703,"2022-06-05",交通运输,电话,17
704,"2022-06-05",农林牧渔,电话,6
705,"2022-06-05",科教文体,来信,12
706,"2022-06-05",公卫医疗,来信,0
707,"2022-06-05",城乡建设,来信,49
708,"2022-06-05",交通运输,来信,52
709,"2022-06-05",农林牧渔,来信,41
710,"2022-06-05",科教文体,网站,17
711,"2022-06-05",公卫医疗,网站,5
712,"2022-06-05",城乡建设,网站,35
713,"2022-06-05",交通运输,网站,2
714,"2022-06-05",农林牧渔,网站,17
715,"2022-06-05",科教文体,小程序/公众号,138
716,"2022-06-05",公卫医疗,小程序/公众号,49
717,"2022-06-05",城乡建设,小程序/公众号,31
718,"2022-06-05",交通运输,小程序/公众号,86
719,"2022-06-05",农林牧渔,小程序/公众号,207
720,"2022-06-06",科教文体,电话,8
721,"2022-06-06",公卫医疗,电话,6
722,"2022-06-06",城乡建设,电话,8
723,"2022-06-06",交通运输,电话,9
724,"2022-06-06",农林牧渔,电话,8
725,"2022-06-06",科教文体,来信,93
726,"2022-06-06",公卫医疗,来信,37
727,"2022-06-06",城乡建设,来信,76
728,"2022-06-06",交通运输,来信,0
729,"2022-06-06",农林牧渔,来信,71
730,"2022-06-06",科教文体,网站,86
731,"2022-06-06",公卫医疗,网站,45
732,"2022-06-06",城乡建设,网站,12
733,"2022-06-06",交通运输,网站,14
734,"2022-06-06",农林牧渔,网站,7
735,"2022-06-06",科教文体,小程序/公众号,167
736,"2022-06-06",公卫医疗,小程序/公众号,6
737,"2022-06-06",城乡建设,小程序/公众号,157
738,"2022-06-06",交通运输,小程序/公众号,43
739,"2022-06-06",农林牧渔,小程序/公众号,45
740,"2022-06-07",科教文体,电话,1
741,"2022-06-07",公卫医疗,电话,3
742,"2022-06-07",城乡建设,电话,3
743,"2022-06-07",交通运输,电话,3
744,"2022-06-07",农林牧渔,电话,1
745,"2022-06-07",科教文体,来信,21
746,"2022-06-07",公卫医疗,来信,12
747,"2022-06-07",城乡建设,来信,19
748,"2022-06-07",交通运输,来信,4
749,"2022-06-07",农林牧渔,来信,4
750,"2022-06-07",科教文体,网站,17
751,"2022-06-07",公卫医疗,网站,17
752,"2022-06-07",城乡建设,网站,16
753,"2022-06-07",交通运输,网站,21
754,"2022-06-07",农林牧渔,网站,8
755,"2022-06-07",科教文体,小程序/公众号,71
756,"2022-06-07",公卫医疗,小程序/公众号,10
757,"2022-06-07",城乡建设,小程序/公众号,39
758,"2022-06-07",交通运输,小程序/公众号,23
759,"2022-06-07",农林牧渔,小程序/公众号,19
760,"2022-06-08",科教文体,电话,21
761,"2022-06-08",公卫医疗,电话,56
762,"2022-06-08",城乡建设,电话,33
763,"2022-06-08",交通运输,电话,58
764,"2022-06-08",农林牧渔,电话,22
765,"2022-06-08",科教文体,来信,25
766,"2022-06-08",公卫医疗,来信,8
767,"2022-06-08",城乡建设,来信,54
768,"2022-06-08",交通运输,来信,30
769,"2022-06-08",农林牧渔,来信,19
770,"2022-06-08",科教文体,网站,5
771,"2022-06-08",公卫医疗,网站,6
772,"2022-06-08",城乡建设,网站,3
773,"2022-06-08",交通运输,网站,7
774,"2022-06-08",农林牧渔,网站,7
775,"2022-06-08",科教文体,小程序/公众号,122
776,"2022-06-08",公卫医疗,小程序/公众号,147
777,"2022-06-08",城乡建设,小程序/公众号,112
778,"2022-06-08",交通运输,小程序/公众号,101
779,"2022-06-08",农林牧渔,小程序/公众号,10
780,"2022-06-09",科教文体,电话,8
781,"2022-06-09",公卫医疗,电话,17
782,"2022-06-09",城乡建设,电话,16
783,"2022-06-09",交通运输,电话,22
784,"2022-06-09",农林牧渔,电话,8
785,"2022-06-09",科教文体,来信,12
786,"2022-06-09",公卫医疗,来信,2
787,"2022-06-09",城乡建设,来信,10
788,"2022-06-09",交通运输,来信,14
789,"2022-06-09",农林牧渔,来信,2
790,"2022-06-09",科教文体,网站,13
791,"2022-06-09",公卫医疗,网站,15
792,"2022-06-09",城乡建设,网站,30
793,"2022-06-09",交通运输,网站,17
794,"2022-06-09",农林牧渔,网站,43
795,"2022-06-09",科教文体,小程序/公众号,114
796,"2022-06-09",公卫医疗,小程序/公众号,6
797,"2022-06-09",城乡建设,小程序/公众号,104
798,"2022-06-09",交通运输,小程序/公众号,6
799,"2022-06-09",农林牧渔,小程序/公众号,126
800,"2022-06-10",科教文体,电话,17
801,"2022-06-10",公卫医疗,电话,7
802,"2022-06-10",城乡建设,电话,14
803,"2022-06-10",交通运输,电话,3
804,"2022-06-10",农林牧渔,电话,28
805,"2022-06-10",科教文体,来信,19
806,"2022-06-10",公卫医疗,来信,19
807,"2022-06-10",城乡建设,来信,1
808,"2022-06-10",交通运输,来信,25
809,"2022-06-10",农林牧渔,来信,11
810,"2022-06-10",科教文体,网站,43
811,"2022-06-10",公卫医疗,网站,26
812,"2022-06-10",城乡建设,网站,42
813,"2022-06-10",交通运输,网站,12
814,"2022-06-10",农林牧渔,网站,20
815,"2022-06-10",科教文体,小程序/公众号,50
816,"2022-06-10",公卫医疗,小程序/公众号,43
817,"2022-06-10",城乡建设,小程序/公众号,0
818,"2022-06-10",交通运输,小程序/公众号,7
819,"2022-06-10",农林牧渔,小程序/公众号,44
820,"2022-06-11",科教文体,电话,5
821,"2022-06-11",公卫医疗,电话,3
822,"2022-06-11",城乡建设,电话,4
823,"2022-06-11",交通运输,电话,5
824,"2022-06-11",农林牧渔,电话,0
825,"2022-06-11",科教文体,来信,98
826,"2022-06-11",公卫医疗,来信,14
827,"2022-06-11",城乡建设,来信,2
828,"2022-06-11",交通运输,来信,8
829,"2022-06-11",农林牧渔,来信,69
830,"2022-06-11",科教文体,网站,35
831,"2022-06-11",公卫医疗,网站,26
832,"2022-06-11",城乡建设,网站,50
833,"2022-06-11",交通运输,网站,63
834,"2022-06-11",农林牧渔,网站,46
835,"2022-06-11",科教文体,小程序/公众号,66
836,"2022-06-11",公卫医疗,小程序/公众号,74
837,"2022-06-11",城乡建设,小程序/公众号,57
838,"2022-06-11",交通运输,小程序/公众号,24
839,"2022-06-11",农林牧渔,小程序/公众号,6
840,"2022-06-12",科教文体,电话,4
841,"2022-06-12",公卫医疗,电话,9
842,"2022-06-12",城乡建设,电话,8
843,"2022-06-12",交通运输,电话,6
844,"2022-06-12",农林牧渔,电话,3
845,"2022-06-12",科教文体,来信,20
846,"2022-06-12",公卫医疗,来信,7
847,"2022-06-12",城乡建设,来信,1
848,"2022-06-12",交通运输,来信,12
849,"2022-06-12",农林牧渔,来信,15
850,"2022-06-12",科教文体,网站,10
851,"2022-06-12",公卫医疗,网站,10
852,"2022-06-12",城乡建设,网站,6
853,"2022-06-12",交通运输,网站,18
854,"2022-06-12",农林牧渔,网站,12
855,"2022-06-12",科教文体,小程序/公众号,199
856,"2022-06-12",公卫医疗,小程序/公众号,15
857,"2022-06-12",城乡建设,小程序/公众号,28
858,"2022-06-12",交通运输,小程序/公众号,128
859,"2022-06-12",农林牧渔,小程序/公众号,67
860,"2022-06-13",科教文体,电话,16
861,"2022-06-13",公卫医疗,电话,21
862,"2022-06-13",城乡建设,电话,2
863,"2022-06-13",交通运输,电话,26
864,"2022-06-13",农林牧渔,电话,23
865,"2022-06-13",科教文体,来信,11
866,"2022-06-13",公卫医疗,来信,3
867,"2022-06-13",城乡建设,来信,2
868,"2022-06-13",交通运输,来信,6
869,"2022-06-13",农林牧渔,来信,12
870,"2022-06-13",科教文体,网站,46
871,"2022-06-13",公卫医疗,网站,33
872,"2022-06-13",城乡建设,网站,4
873,"2022-06-13",交通运输,网站,10
874,"2022-06-13",农林牧渔,网站,39
875,"2022-06-13",科教文体,小程序/公众号,33
876,"2022-06-13",公卫医疗,小程序/公众号,74
877,"2022-06-13",城乡建设,小程序/公众号,6
878,"2022-06-13",交通运输,小程序/公众号,16
879,"2022-06-13",农林牧渔,小程序/公众号,79
880,"2022-06-14",科教文体,电话,60
881,"2022-06-14",公卫医疗,电话,18
882,"2022-06-14",城乡建设,电话,5
883,"2022-06-14",交通运输,电话,45
884,"2022-06-14",农林牧渔,电话,68
885,"2022-06-14",科教文体,来信,0
886,"2022-06-14",公卫医疗,来信,11
887,"2022-06-14",城乡建设,来信,5
888,"2022-06-14",交通运输,来信,13
889,"2022-06-14",农林牧渔,来信,23
890,"2022-06-14",科教文体,网站,40
891,"2022-06-14",公卫医疗,网站,43
892,"2022-06-14",城乡建设,网站,15
893,"2022-06-14",交通运输,网站,25
894,"2022-06-14",农林牧渔,网站,24
895,"2022-06-14",科教文体,小程序/公众号,75
896,"2022-06-14",公卫医疗,小程序/公众号,108
897,"2022-06-14",城乡建设,小程序/公众号,83
898,"2022-06-14",交通运输,小程序/公众号,19
899,"2022-06-14",农林牧渔,小程序/公众号,134
900,"2022-06-15",科教文体,电话,2
901,"2022-06-15",公卫医疗,电话,4
902,"2022-06-15",城乡建设,电话,6
903,"2022-06-15",交通运输,电话,3
904,"2022-06-15",农林牧渔,电话,3
905,"2022-06-15",科教文体,来信,7
906,"2022-06-15",公卫医疗,来信,0
907,"2022-06-15",城乡建设,来信,7
908,"2022-06-15",交通运输,来信,18
909,"2022-06-15",农林牧渔,来信,22
910,"2022-06-15",科教文体,网站,36
911,"2022-06-15",公卫医疗,网站,35
912,"2022-06-15",城乡建设,网站,28
913,"2022-06-15",交通运输,网站,44
914,"2022-06-15",农林牧渔,网站,5
915,"2022-06-15",科教文体,小程序/公众号,49
916,"2022-06-15",公卫医疗,小程序/公众号,31
917,"2022-06-15",城乡建设,小程序/公众号,46
918,"2022-06-15",交通运输,小程序/公众号,7
919,"2022-06-15",农林牧渔,小程序/公众号,15
920,"2022-06-16",科教文体,电话,13
921,"2022-06-16",公卫医疗,电话,11
922,"2022-06-16",城乡建设,电话,4
923,"2022-06-16",交通运输,电话,27
924,"2022-06-16",农林牧渔,电话,18
925,"2022-06-16",科教文体,来信,18
926,"2022-06-16",公卫医疗,来信,1
927,"2022-06-16",城乡建设,来信,12
928,"2022-06-16",交通运输,来信,5
929,"2022-06-16",农林牧渔,来信,11
930,"2022-06-16",科教文体,网站,3
931,"2022-06-16",公卫医疗,网站,1
932,"2022-06-16",城乡建设,网站,40
933,"2022-06-16",交通运输,网站,40
934,"2022-06-16",农林牧渔,网站,26
935,"2022-06-16",科教文体,小程序/公众号,35
936,"2022-06-16",公卫医疗,小程序/公众号,10
937,"2022-06-16",城乡建设,小程序/公众号,41
938,"2022-06-16",交通运输,小程序/公众号,30
939,"2022-06-16",农林牧渔,小程序/公众号,29
940,"2022-06-17",科教文体,电话,10
941,"2022-06-17",公卫医疗,电话,2
942,"2022-06-17",城乡建设,电话,20
943,"2022-06-17",交通运输,电话,8
944,"2022-06-17",农林牧渔,电话,5
945,"2022-06-17",科教文体,来信,57
946,"2022-06-17",公卫医疗,来信,56
947,"2022-06-17",城乡建设,来信,50
948,"2022-06-17",交通运输,来信,47
949,"2022-06-17",农林牧渔,来信,88
950,"2022-06-17",科教文体,网站,6
951,"2022-06-17",公卫医疗,网站,9
952,"2022-06-17",城乡建设,网站,6
953,"2022-06-17",交通运输,网站,3
954,"2022-06-17",农林牧渔,网站,8
955,"2022-06-17",科教文体,小程序/公众号,208
956,"2022-06-17",公卫医疗,小程序/公众号,90
957,"2022-06-17",城乡建设,小程序/公众号,138
958,"2022-06-17",交通运输,小程序/公众号,11
959,"2022-06-17",农林牧渔,小程序/公众号,164
960,"2022-06-18",科教文体,电话,24
961,"2022-06-18",公卫医疗,电话,13
962,"2022-06-18",城乡建设,电话,30
963,"2022-06-18",交通运输,电话,26
964,"2022-06-18",农林牧渔,电话,27
965,"2022-06-18",科教文体,来信,1
966,"2022-06-18",公卫医疗,来信,5
967,"2022-06-18",城乡建设,来信,6
968,"2022-06-18",交通运输,来信,6
969,"2022-06-18",农林牧渔,来信,4
970,"2022-06-18",科教文体,网站,21
971,"2022-06-18",公卫医疗,网站,10
972,"2022-06-18",城乡建设,网站,23
973,"2022-06-18",交通运输,网站,25
974,"2022-06-18",农林牧渔,网站,20
975,"2022-06-18",科教文体,小程序/公众号,68
976,"2022-06-18",公卫医疗,小程序/公众号,46
977,"2022-06-18",城乡建设,小程序/公众号,116
978,"2022-06-18",交通运输,小程序/公众号,112
979,"2022-06-18",农林牧渔,小程序/公众号,108
980,"2022-06-19",科教文体,电话,12
981,"2022-06-19",公卫医疗,电话,7
982,"2022-06-19",城乡建设,电话,2
983,"2022-06-19",交通运输,电话,18
984,"2022-06-19",农林牧渔,电话,16
985,"2022-06-19",科教文体,来信,1
986,"2022-06-19",公卫医疗,来信,11
987,"2022-06-19",城乡建设,来信,33
988,"2022-06-19",交通运输,来信,40
989,"2022-06-19",农林牧渔,来信,9
990,"2022-06-19",科教文体,网站,19
991,"2022-06-19",公卫医疗,网站,27
992,"2022-06-19",城乡建设,网站,5
993,"2022-06-19",交通运输,网站,14
994,"2022-06-19",农林牧渔,网站,10
995,"2022-06-19",科教文体,小程序/公众号,43
996,"2022-06-19",公卫医疗,小程序/公众号,38
997,"2022-06-19",城乡建设,小程序/公众号,5
998,"2022-06-19",交通运输,小程序/公众号,24
999,"2022-06-19",农林牧渔,小程序/公众号,4
1000,"2022-06-20",科教文体,电话,10
1001,"2022-06-20",公卫医疗,电话,10
1002,"2022-06-20",城乡建设,电话,10
1003,"2022-06-20",交通运输,电话,1
1004,"2022-06-20",农林牧渔,电话,13
1005,"2022-06-20",科教文体,来信,18
1006,"2022-06-20",公卫医疗,来信,18
1007,"2022-06-20",城乡建设,来信,25
1008,"2022-06-20",交通运输,来信,25
1009,"2022-06-20",农林牧渔,来信,4
1010,"2022-06-20",科教文体,网站,8
1011,"2022-06-20",公卫医疗,网站,20
1012,"2022-06-20",城乡建设,网站,30
1013,"2022-06-20",交通运输,网站,32
1014,"2022-06-20",农林牧渔,网站,3
1015,"2022-06-20",科教文体,小程序/公众号,8
1016,"2022-06-20",公卫医疗,小程序/公众号,146
1017,"2022-06-20",城乡建设,小程序/公众号,40
1018,"2022-06-20",交通运输,小程序/公众号,21
1019,"2022-06-20",农林牧渔,小程序/公众号,15
1020,"2022-06-21",科教文体,电话,44
1021,"2022-06-21",公卫医疗,电话,31
1022,"2022-06-21",城乡建设,电话,3
1023,"2022-06-21",交通运输,电话,15
1024,"2022-06-21",农林牧渔,电话,4
1025,"2022-06-21",科教文体,来信,22
1026,"2022-06-21",公卫医疗,来信,36
1027,"2022-06-21",城乡建设,来信,24
1028,"2022-06-21",交通运输,来信,11
1029,"2022-06-21",农林牧渔,来信,42
1030,"2022-06-21",科教文体,网站,51
1031,"2022-06-21",公卫医疗,网站,25
1032,"2022-06-21",城乡建设,网站,56
1033,"2022-06-21",交通运输,网站,55
1034,"2022-06-21",农林牧渔,网站,17
1035,"2022-06-21",科教文体,小程序/公众号,33
1036,"2022-06-21",公卫医疗,小程序/公众号,81
1037,"2022-06-21",城乡建设,小程序/公众号,6
1038,"2022-06-21",交通运输,小程序/公众号,92
1039,"2022-06-21",农林牧渔,小程序/公众号,34
1040,"2022-06-22",科教文体,电话,42
1041,"2022-06-22",公卫医疗,电话,26
1042,"2022-06-22",城乡建设,电话,58
1043,"2022-06-22",交通运输,电话,22
1044,"2022-06-22",农林牧渔,电话,42
1045,"2022-06-22",科教文体,来信,5
1046,"2022-06-22",公卫医疗,来信,40
1047,"2022-06-22",城乡建设,来信,23
1048,"2022-06-22",交通运输,来信,25
1049,"2022-06-22",农林牧渔,来信,34
1050,"2022-06-22",科教文体,网站,13
1051,"2022-06-22",公卫医疗,网站,5
1052,"2022-06-22",城乡建设,网站,20
1053,"2022-06-22",交通运输,网站,13
1054,"2022-06-22",农林牧渔,网站,25
1055,"2022-06-22",科教文体,小程序/公众号,163
1056,"2022-06-22",公卫医疗,小程序/公众号,127
1057,"2022-06-22",城乡建设,小程序/公众号,109
1058,"2022-06-22",交通运输,小程序/公众号,40
1059,"2022-06-22",农林牧渔,小程序/公众号,69
1060,"2022-06-23",科教文体,电话,2
1061,"2022-06-23",公卫医疗,电话,4
1062,"2022-06-23",城乡建设,电话,1
1063,"2022-06-23",交通运输,电话,1
1064,"2022-06-23",农林牧渔,电话,5
1065,"2022-06-23",科教文体,来信,26
1066,"2022-06-23",公卫医疗,来信,9
1067,"2022-06-23",城乡建设,来信,9
1068,"2022-06-23",交通运输,来信,26
1069,"2022-06-23",农林牧渔,来信,8
1070,"2022-06-23",科教文体,网站,66
1071,"2022-06-23",公卫医疗,网站,6
1072,"2022-06-23",城乡建设,网站,51
1073,"2022-06-23",交通运输,网站,67
1074,"2022-06-23",农林牧渔,网站,24
1075,"2022-06-23",科教文体,小程序/公众号,7
1076,"2022-06-23",公卫医疗,小程序/公众号,103
1077,"2022-06-23",城乡建设,小程序/公众号,85
1078,"2022-06-23",交通运输,小程序/公众号,54
1079,"2022-06-23",农林牧渔,小程序/公众号,60
1080,"2022-06-24",科教文体,电话,25
1081,"2022-06-24",公卫医疗,电话,15
1082,"2022-06-24",城乡建设,电话,26
1083,"2022-06-24",交通运输,电话,36
1084,"2022-06-24",农林牧渔,电话,33
1085,"2022-06-24",科教文体,来信,67
1086,"2022-06-24",公卫医疗,来信,39
1087,"2022-06-24",城乡建设,来信,4
1088,"2022-06-24",交通运输,来信,50
1089,"2022-06-24",农林牧渔,来信,29
1090,"2022-06-24",科教文体,网站,50
1091,"2022-06-24",公卫医疗,网站,2
1092,"2022-06-24",城乡建设,网站,59
1093,"2022-06-24",交通运输,网站,56
1094,"2022-06-24",农林牧渔,网站,53
1095,"2022-06-24",科教文体,小程序/公众号,41
1096,"2022-06-24",公卫医疗,小程序/公众号,8
1097,"2022-06-24",城乡建设,小程序/公众号,26
1098,"2022-06-24",交通运输,小程序/公众号,78
1099,"2022-06-24",农林牧渔,小程序/公众号,69
1100,"2022-06-25",科教文体,电话,14
1101,"2022-06-25",公卫医疗,电话,13
1102,"2022-06-25",城乡建设,电话,29
1103,"2022-06-25",交通运输,电话,22
1104,"2022-06-25",农林牧渔,电话,11
1105,"2022-06-25",科教文体,来信,20
1106,"2022-06-25",公卫医疗,来信,38
1107,"2022-06-25",城乡建设,来信,15
1108,"2022-06-25",交通运输,来信,19
1109,"2022-06-25",农林牧渔,来信,34
1110,"2022-06-25",科教文体,网站,15
1111,"2022-06-25",公卫医疗,网站,35
1112,"2022-06-25",城乡建设,网站,8
1113,"2022-06-25",交通运输,网站,10
1114,"2022-06-25",农林牧渔,网站,23
1115,"2022-06-25",科教文体,小程序/公众号,23
1116,"2022-06-25",公卫医疗,小程序/公众号,17
1117,"2022-06-25",城乡建设,小程序/公众号,57
1118,"2022-06-25",交通运输,小程序/公众号,64
1119,"2022-06-25",农林牧渔,小程序/公众号,94
1120,"2022-06-26",科教文体,电话,3
1121,"2022-06-26",公卫医疗,电话,1
1122,"2022-06-26",城乡建设,电话,1
1123,"2022-06-26",交通运输,电话,2
1124,"2022-06-26",农林牧渔,电话,3
1125,"2022-06-26",科教文体,来信,7
1126,"2022-06-26",公卫医疗,来信,3
1127,"2022-06-26",城乡建设,来信,3
1128,"2022-06-26",交通运输,来信,11
1129,"2022-06-26",农林牧渔,来信,3
1130,"2022-06-26",科教文体,网站,17
1131,"2022-06-26",公卫医疗,网站,8
1132,"2022-06-26",城乡建设,网站,34
1133,"2022-06-26",交通运输,网站,10
1134,"2022-06-26",农林牧渔,网站,36
1135,"2022-06-26",科教文体,小程序/公众号,16
1136,"2022-06-26",公卫医疗,小程序/公众号,35
1137,"2022-06-26",城乡建设,小程序/公众号,75
1138,"2022-06-26",交通运输,小程序/公众号,120
1139,"2022-06-26",农林牧渔,小程序/公众号,56
1140,"2022-06-27",科教文体,电话,10
1141,"2022-06-27",公卫医疗,电话,17
1142,"2022-06-27",城乡建设,电话,7
1143,"2022-06-27",交通运输,电话,6
1144,"2022-06-27",农林牧渔,电话,4
1145,"2022-06-27",科教文体,来信,1
1146,"2022-06-27",公卫医疗,来信,3
1147,"2022-06-27",城乡建设,来信,10
1148,"2022-06-27",交通运输,来信,7
1149,"2022-06-27",农林牧渔,来信,10
1150,"2022-06-27",科教文体,网站,6
1151,"2022-06-27",公卫医疗,网站,2
1152,"2022-06-27",城乡建设,网站,31
1153,"2022-06-27",交通运输,网站,39
1154,"2022-06-27",农林牧渔,网站,30
1155,"2022-06-27",科教文体,小程序/公众号,103
1156,"2022-06-27",公卫医疗,小程序/公众号,4
1157,"2022-06-27",城乡建设,小程序/公众号,187
1158,"2022-06-27",交通运输,小程序/公众号,80
1159,"2022-06-27",农林牧渔,小程序/公众号,22
1160,"2022-06-28",科教文体,电话,16
1161,"2022-06-28",公卫医疗,电话,3
1162,"2022-06-28",城乡建设,电话,3
1163,"2022-06-28",交通运输,电话,16
1164,"2022-06-28",农林牧渔,电话,8
1165,"2022-06-28",科教文体,来信,9
1166,"2022-06-28",公卫医疗,来信,64
1167,"2022-06-28",城乡建设,来信,26
1168,"2022-06-28",交通运输,来信,27
1169,"2022-06-28",农林牧渔,来信,65
1170,"2022-06-28",科教文体,网站,6
1171,"2022-06-28",公卫医疗,网站,28
1172,"2022-06-28",城乡建设,网站,15
1173,"2022-06-28",交通运输,网站,35
1174,"2022-06-28",农林牧渔,网站,40
1175,"2022-06-28",科教文体,小程序/公众号,72
1176,"2022-06-28",公卫医疗,小程序/公众号,96
1177,"2022-06-28",城乡建设,小程序/公众号,80
1178,"2022-06-28",交通运输,小程序/公众号,110
1179,"2022-06-28",农林牧渔,小程序/公众号,197
1180,"2022-06-29",科教文体,电话,5
1181,"2022-06-29",公卫医疗,电话,6
1182,"2022-06-29",城乡建设,电话,2
1183,"2022-06-29",交通运输,电话,14
1184,"2022-06-29",农林牧渔,电话,0
1185,"2022-06-29",科教文体,来信,10
1186,"2022-06-29",公卫医疗,来信,4
1187,"2022-06-29",城乡建设,来信,9
1188,"2022-06-29",交通运输,来信,11
1189,"2022-06-29",农林牧渔,来信,2
1190,"2022-06-29",科教文体,网站,39
1191,"2022-06-29",公卫医疗,网站,25
1192,"2022-06-29",城乡建设,网站,5
1193,"2022-06-29",交通运输,网站,40
1194,"2022-06-29",农林牧渔,网站,5
1195,"2022-06-29",科教文体,小程序/公众号,27
1196,"2022-06-29",公卫医疗,小程序/公众号,34
1197,"2022-06-29",城乡建设,小程序/公众号,106
1198,"2022-06-29",交通运输,小程序/公众号,51
1199,"2022-06-29",农林牧渔,小程序/公众号,61
1200,"2022-06-30",科教文体,电话,11
1201,"2022-06-30",公卫医疗,电话,6
1202,"2022-06-30",城乡建设,电话,11
1203,"2022-06-30",交通运输,电话,13
1204,"2022-06-30",农林牧渔,电话,10
1205,"2022-06-30",科教文体,来信,1
1206,"2022-06-30",公卫医疗,来信,4
1207,"2022-06-30",城乡建设,来信,2
1208,"2022-06-30",交通运输,来信,1
1209,"2022-06-30",农林牧渔,来信,6
1210,"2022-06-30",科教文体,网站,13
1211,"2022-06-30",公卫医疗,网站,17
1212,"2022-06-30",城乡建设,网站,22
1213,"2022-06-30",交通运输,网站,26
1214,"2022-06-30",农林牧渔,网站,5
1215,"2022-06-30",科教文体,小程序/公众号,74
1216,"2022-06-30",公卫医疗,小程序/公众号,91
1217,"2022-06-30",城乡建设,小程序/公众号,38
1218,"2022-06-30",交通运输,小程序/公众号,32
1219,"2022-06-30",农林牧渔,小程序/公众号,32
1220,"2022-07-01",科教文体,电话,17
1221,"2022-07-01",公卫医疗,电话,22
1222,"2022-07-01",城乡建设,电话,32
1223,"2022-07-01",交通运输,电话,16
1224,"2022-07-01",农林牧渔,电话,15
1225,"2022-07-01",科教文体,来信,2
1226,"2022-07-01",公卫医疗,来信,12
1227,"2022-07-01",城乡建设,来信,13
1228,"2022-07-01",交通运输,来信,12
1229,"2022-07-01",农林牧渔,来信,14
1230,"2022-07-01",科教文体,网站,5
1231,"2022-07-01",公卫医疗,网站,6
1232,"2022-07-01",城乡建设,网站,6
1233,"2022-07-01",交通运输,网站,0
1234,"2022-07-01",农林牧渔,网站,1
1235,"2022-07-01",科教文体,小程序/公众号,29
1236,"2022-07-01",公卫医疗,小程序/公众号,85
1237,"2022-07-01",城乡建设,小程序/公众号,27
1238,"2022-07-01",交通运输,小程序/公众号,105
1239,"2022-07-01",农林牧渔,小程序/公众号,15
1240,"2022-07-02",科教文体,电话,13
1241,"2022-07-02",公卫医疗,电话,7
1242,"2022-07-02",城乡建设,电话,3
1243,"2022-07-02",交通运输,电话,11
1244,"2022-07-02",农林牧渔,电话,1
1245,"2022-07-02",科教文体,来信,40
1246,"2022-07-02",公卫医疗,来信,42
1247,"2022-07-02",城乡建设,来信,43
1248,"2022-07-02",交通运输,来信,46
1249,"2022-07-02",农林牧渔,来信,19
1250,"2022-07-02",科教文体,网站,27
1251,"2022-07-02",公卫医疗,网站,25
1252,"2022-07-02",城乡建设,网站,49
1253,"2022-07-02",交通运输,网站,55
1254,"2022-07-02",农林牧渔,网站,41
1255,"2022-07-02",科教文体,小程序/公众号,82
1256,"2022-07-02",公卫医疗,小程序/公众号,84
1257,"2022-07-02",城乡建设,小程序/公众号,64
1258,"2022-07-02",交通运输,小程序/公众号,57
1259,"2022-07-02",农林牧渔,小程序/公众号,23
1260,"2022-07-03",科教文体,电话,19
1261,"2022-07-03",公卫医疗,电话,27
1262,"2022-07-03",城乡建设,电话,12
1263,"2022-07-03",交通运输,电话,17
1264,"2022-07-03",农林牧渔,电话,26
1265,"2022-07-03",科教文体,来信,34
1266,"2022-07-03",公卫医疗,来信,1
1267,"2022-07-03",城乡建设,来信,17
1268,"2022-07-03",交通运输,来信,28
1269,"2022-07-03",农林牧渔,来信,22
1270,"2022-07-03",科教文体,网站,70
1271,"2022-07-03",公卫医疗,网站,51
1272,"2022-07-03",城乡建设,网站,24
1273,"2022-07-03",交通运输,网站,51
1274,"2022-07-03",农林牧渔,网站,58
1275,"2022-07-03",科教文体,小程序/公众号,27
1276,"2022-07-03",公卫医疗,小程序/公众号,82
1277,"2022-07-03",城乡建设,小程序/公众号,9
1278,"2022-07-03",交通运输,小程序/公众号,98
1279,"2022-07-03",农林牧渔,小程序/公众号,71
1280,"2022-07-04",科教文体,电话,5
1281,"2022-07-04",公卫医疗,电话,8
1282,"2022-07-04",城乡建设,电话,27
1283,"2022-07-04",交通运输,电话,13
1284,"2022-07-04",农林牧渔,电话,91
1285,"2022-07-04",科教文体,来信,24
1286,"2022-07-04",公卫医疗,来信,15
1287,"2022-07-04",城乡建设,来信,18
1288,"2022-07-04",交通运输,来信,2
1289,"2022-07-04",农林牧渔,来信,23
1290,"2022-07-04",科教文体,网站,63
1291,"2022-07-04",公卫医疗,网站,49
1292,"2022-07-04",城乡建设,网站,43
1293,"2022-07-04",交通运输,网站,26
1294,"2022-07-04",农林牧渔,网站,38
1295,"2022-07-04",科教文体,小程序/公众号,118
1296,"2022-07-04",公卫医疗,小程序/公众号,83
1297,"2022-07-04",城乡建设,小程序/公众号,29
1298,"2022-07-04",交通运输,小程序/公众号,61
1299,"2022-07-04",农林牧渔,小程序/公众号,94
1300,"2022-07-05",科教文体,电话,13
1301,"2022-07-05",公卫医疗,电话,40
1302,"2022-07-05",城乡建设,电话,47
1303,"2022-07-05",交通运输,电话,14
1304,"2022-07-05",农林牧渔,电话,32
1305,"2022-07-05",科教文体,来信,6
1306,"2022-07-05",公卫医疗,来信,20
1307,"2022-07-05",城乡建设,来信,36
1308,"2022-07-05",交通运输,来信,29
1309,"2022-07-05",农林牧渔,来信,37
1310,"2022-07-05",科教文体,网站,24
1311,"2022-07-05",公卫医疗,网站,40
1312,"2022-07-05",城乡建设,网站,28
1313,"2022-07-05",交通运输,网站,47
1314,"2022-07-05",农林牧渔,网站,40
1315,"2022-07-05",科教文体,小程序/公众号,65
1316,"2022-07-05",公卫医疗,小程序/公众号,149
1317,"2022-07-05",城乡建设,小程序/公众号,106
1318,"2022-07-05",交通运输,小程序/公众号,26
1319,"2022-07-05",农林牧渔,小程序/公众号,56
1320,"2022-07-06",科教文体,电话,0
1321,"2022-07-06",公卫医疗,电话,43
1322,"2022-07-06",城乡建设,电话,18
1323,"2022-07-06",交通运输,电话,7
1324,"2022-07-06",农林牧渔,电话,22
1325,"2022-07-06",科教文体,来信,11
1326,"2022-07-06",公卫医疗,来信,19
1327,"2022-07-06",城乡建设,来信,6
1328,"2022-07-06",交通运输,来信,19
1329,"2022-07-06",农林牧渔,来信,3
1330,"2022-07-06",科教文体,网站,54
1331,"2022-07-06",公卫医疗,网站,26
1332,"2022-07-06",城乡建设,网站,27
1333,"2022-07-06",交通运输,网站,11
1334,"2022-07-06",农林牧渔,网站,14
1335,"2022-07-06",科教文体,小程序/公众号,67
1336,"2022-07-06",公卫医疗,小程序/公众号,97
1337,"2022-07-06",城乡建设,小程序/公众号,25
1338,"2022-07-06",交通运输,小程序/公众号,44
1339,"2022-07-06",农林牧渔,小程序/公众号,79
1340,"2022-07-07",科教文体,电话,18
1341,"2022-07-07",公卫医疗,电话,13
1342,"2022-07-07",城乡建设,电话,2
1343,"2022-07-07",交通运输,电话,49
1344,"2022-07-07",农林牧渔,电话,9
1345,"2022-07-07",科教文体,来信,5
1346,"2022-07-07",公卫医疗,来信,1
1347,"2022-07-07",城乡建设,来信,5
1348,"2022-07-07",交通运输,来信,2
1349,"2022-07-07",农林牧渔,来信,4
1350,"2022-07-07",科教文体,网站,1
1351,"2022-07-07",公卫医疗,网站,4
1352,"2022-07-07",城乡建设,网站,6
1353,"2022-07-07",交通运输,网站,22
1354,"2022-07-07",农林牧渔,网站,18
1355,"2022-07-07",科教文体,小程序/公众号,13
1356,"2022-07-07",公卫医疗,小程序/公众号,17
1357,"2022-07-07",城乡建设,小程序/公众号,47
1358,"2022-07-07",交通运输,小程序/公众号,36
1359,"2022-07-07",农林牧渔,小程序/公众号,95
1360,"2022-07-08",科教文体,电话,1
1361,"2022-07-08",公卫医疗,电话,10
1362,"2022-07-08",城乡建设,电话,10
1363,"2022-07-08",交通运输,电话,18
1364,"2022-07-08",农林牧渔,电话,31
1365,"2022-07-08",科教文体,来信,17
1366,"2022-07-08",公卫医疗,来信,0
1367,"2022-07-08",城乡建设,来信,18
1368,"2022-07-08",交通运输,来信,8
1369,"2022-07-08",农林牧渔,来信,23
1370,"2022-07-08",科教文体,网站,28
1371,"2022-07-08",公卫医疗,网站,7
1372,"2022-07-08",城乡建设,网站,13
1373,"2022-07-08",交通运输,网站,15
1374,"2022-07-08",农林牧渔,网站,37
1375,"2022-07-08",科教文体,小程序/公众号,30
1376,"2022-07-08",公卫医疗,小程序/公众号,25
1377,"2022-07-08",城乡建设,小程序/公众号,17
1378,"2022-07-08",交通运输,小程序/公众号,34
1379,"2022-07-08",农林牧渔,小程序/公众号,11
1380,"2022-07-09",科教文体,电话,55
1381,"2022-07-09",公卫医疗,电话,52
1382,"2022-07-09",城乡建设,电话,22
1383,"2022-07-09",交通运输,电话,22
1384,"2022-07-09",农林牧渔,电话,45
1385,"2022-07-09",科教文体,来信,9
1386,"2022-07-09",公卫医疗,来信,9
1387,"2022-07-09",城乡建设,来信,11
1388,"2022-07-09",交通运输,来信,4
1389,"2022-07-09",农林牧渔,来信,3
1390,"2022-07-09",科教文体,网站,4
1391,"2022-07-09",公卫医疗,网站,61
1392,"2022-07-09",城乡建设,网站,75
1393,"2022-07-09",交通运输,网站,8
1394,"2022-07-09",农林牧渔,网站,77
1395,"2022-07-09",科教文体,小程序/公众号,138
1396,"2022-07-09",公卫医疗,小程序/公众号,45
1397,"2022-07-09",城乡建设,小程序/公众号,71
1398,"2022-07-09",交通运输,小程序/公众号,51
1399,"2022-07-09",农林牧渔,小程序/公众号,162
1400,"2022-07-10",科教文体,电话,1
1401,"2022-07-10",公卫医疗,电话,9
1402,"2022-07-10",城乡建设,电话,14
1403,"2022-07-10",交通运输,电话,5
1404,"2022-07-10",农林牧渔,电话,14
1405,"2022-07-10",科教文体,来信,11
1406,"2022-07-10",公卫医疗,来信,3
1407,"2022-07-10",城乡建设,来信,3
1408,"2022-07-10",交通运输,来信,17
1409,"2022-07-10",农林牧渔,来信,8
1410,"2022-07-10",科教文体,网站,39
1411,"2022-07-10",公卫医疗,网站,10
1412,"2022-07-10",城乡建设,网站,37
1413,"2022-07-10",交通运输,网站,75
1414,"2022-07-10",农林牧渔,网站,12
1415,"2022-07-10",科教文体,小程序/公众号,123
1416,"2022-07-10",公卫医疗,小程序/公众号,53
1417,"2022-07-10",城乡建设,小程序/公众号,154
1418,"2022-07-10",交通运输,小程序/公众号,98
1419,"2022-07-10",农林牧渔,小程序/公众号,147
1420,"2022-07-11",科教文体,电话,1
1421,"2022-07-11",公卫医疗,电话,8
1422,"2022-07-11",城乡建设,电话,2
1423,"2022-07-11",交通运输,电话,10
1424,"2022-07-11",农林牧渔,电话,10
1425,"2022-07-11",科教文体,来信,8
1426,"2022-07-11",公卫医疗,来信,2
1427,"2022-07-11",城乡建设,来信,5
1428,"2022-07-11",交通运输,来信,7
1429,"2022-07-11",农林牧渔,来信,3
1430,"2022-07-11",科教文体,网站,40
1431,"2022-07-11",公卫医疗,网站,29
1432,"2022-07-11",城乡建设,网站,7
1433,"2022-07-11",交通运输,网站,15
1434,"2022-07-11",农林牧渔,网站,19
1435,"2022-07-11",科教文体,小程序/公众号,30
1436,"2022-07-11",公卫医疗,小程序/公众号,25
1437,"2022-07-11",城乡建设,小程序/公众号,48
1438,"2022-07-11",交通运输,小程序/公众号,39
1439,"2022-07-11",农林牧渔,小程序/公众号,15
1440,"2022-07-12",科教文体,电话,17
1441,"2022-07-12",公卫医疗,电话,10
1442,"2022-07-12",城乡建设,电话,24
1443,"2022-07-12",交通运输,电话,12
1444,"2022-07-12",农林牧渔,电话,33
1445,"2022-07-12",科教文体,来信,4
1446,"2022-07-12",公卫医疗,来信,4
1447,"2022-07-12",城乡建设,来信,2
1448,"2022-07-12",交通运输,来信,1
1449,"2022-07-12",农林牧渔,来信,1
1450,"2022-07-12",科教文体,网站,72
1451,"2022-07-12",公卫医疗,网站,77
1452,"2022-07-12",城乡建设,网站,82
1453,"2022-07-12",交通运输,网站,53
1454,"2022-07-12",农林牧渔,网站,50
1455,"2022-07-12",科教文体,小程序/公众号,66
1456,"2022-07-12",公卫医疗,小程序/公众号,27
1457,"2022-07-12",城乡建设,小程序/公众号,251
1458,"2022-07-12",交通运输,小程序/公众号,12
1459,"2022-07-12",农林牧渔,小程序/公众号,145
1460,"2022-07-13",科教文体,电话,4
1461,"2022-07-13",公卫医疗,电话,2
1462,"2022-07-13",城乡建设,电话,1
1463,"2022-07-13",交通运输,电话,4
1464,"2022-07-13",农林牧渔,电话,21
1465,"2022-07-13",科教文体,来信,32
1466,"2022-07-13",公卫医疗,来信,23
1467,"2022-07-13",城乡建设,来信,64
1468,"2022-07-13",交通运输,来信,36
1469,"2022-07-13",农林牧渔,来信,27
1470,"2022-07-13",科教文体,网站,17
1471,"2022-07-13",公卫医疗,网站,7
1472,"2022-07-13",城乡建设,网站,10
1473,"2022-07-13",交通运输,网站,13
1474,"2022-07-13",农林牧渔,网站,1
1475,"2022-07-13",科教文体,小程序/公众号,18
1476,"2022-07-13",公卫医疗,小程序/公众号,66
1477,"2022-07-13",城乡建设,小程序/公众号,83
1478,"2022-07-13",交通运输,小程序/公众号,52
1479,"2022-07-13",农林牧渔,小程序/公众号,105
1480,"2022-07-14",科教文体,电话,35
1481,"2022-07-14",公卫医疗,电话,41
1482,"2022-07-14",城乡建设,电话,66
1483,"2022-07-14",交通运输,电话,6
1484,"2022-07-14",农林牧渔,电话,11
1485,"2022-07-14",科教文体,来信,55
1486,"2022-07-14",公卫医疗,来信,68
1487,"2022-07-14",城乡建设,来信,69
1488,"2022-07-14",交通运输,来信,19
1489,"2022-07-14",农林牧渔,来信,4
1490,"2022-07-14",科教文体,网站,19
1491,"2022-07-14",公卫医疗,网站,11
1492,"2022-07-14",城乡建设,网站,89
1493,"2022-07-14",交通运输,网站,31
1494,"2022-07-14",农林牧渔,网站,35
1495,"2022-07-14",科教文体,小程序/公众号,22
1496,"2022-07-14",公卫医疗,小程序/公众号,65
1497,"2022-07-14",城乡建设,小程序/公众号,24
1498,"2022-07-14",交通运输,小程序/公众号,94
1499,"2022-07-14",农林牧渔,小程序/公众号,69
1500,"2022-07-15",科教文体,电话,0
1501,"2022-07-15",公卫医疗,电话,26
1502,"2022-07-15",城乡建设,电话,39
1503,"2022-07-15",交通运输,电话,7
1504,"2022-07-15",农林牧渔,电话,37
1505,"2022-07-15",科教文体,来信,33
1506,"2022-07-15",公卫医疗,来信,18
1507,"2022-07-15",城乡建设,来信,18
1508,"2022-07-15",交通运输,来信,49
1509,"2022-07-15",农林牧渔,来信,75
1510,"2022-07-15",科教文体,网站,15
1511,"2022-07-15",公卫医疗,网站,4
1512,"2022-07-15",城乡建设,网站,17
1513,"2022-07-15",交通运输,网站,43
1514,"2022-07-15",农林牧渔,网站,59
1515,"2022-07-15",科教文体,小程序/公众号,2
1516,"2022-07-15",公卫医疗,小程序/公众号,139
1517,"2022-07-15",城乡建设,小程序/公众号,87
1518,"2022-07-15",交通运输,小程序/公众号,133
1519,"2022-07-15",农林牧渔,小程序/公众号,144
1520,"2022-07-16",科教文体,电话,53
1521,"2022-07-16",公卫医疗,电话,3
1522,"2022-07-16",城乡建设,电话,33
1523,"2022-07-16",交通运输,电话,41
1524,"2022-07-16",农林牧渔,电话,32
1525,"2022-07-16",科教文体,来信,35
1526,"2022-07-16",公卫医疗,来信,75
1527,"2022-07-16",城乡建设,来信,36
1528,"2022-07-16",交通运输,来信,16
1529,"2022-07-16",农林牧渔,来信,36
1530,"2022-07-16",科教文体,网站,50
1531,"2022-07-16",公卫医疗,网站,5
1532,"2022-07-16",城乡建设,网站,81
1533,"2022-07-16",交通运输,网站,49
1534,"2022-07-16",农林牧渔,网站,13
1535,"2022-07-16",科教文体,小程序/公众号,95
1536,"2022-07-16",公卫医疗,小程序/公众号,4
1537,"2022-07-16",城乡建设,小程序/公众号,44
1538,"2022-07-16",交通运输,小程序/公众号,16
1539,"2022-07-16",农林牧渔,小程序/公众号,83
1540,"2022-07-17",科教文体,电话,9
1541,"2022-07-17",公卫医疗,电话,4
1542,"2022-07-17",城乡建设,电话,17
1543,"2022-07-17",交通运输,电话,19
1544,"2022-07-17",农林牧渔,电话,18
1545,"2022-07-17",科教文体,来信,4
1546,"2022-07-17",公卫医疗,来信,2
1547,"2022-07-17",城乡建设,来信,3
1548,"2022-07-17",交通运输,来信,6
1549,"2022-07-17",农林牧渔,来信,2
1550,"2022-07-17",科教文体,网站,19
1551,"2022-07-17",公卫医疗,网站,12
1552,"2022-07-17",城乡建设,网站,12
1553,"2022-07-17",交通运输,网站,17
1554,"2022-07-17",农林牧渔,网站,12
1555,"2022-07-17",科教文体,小程序/公众号,102
1556,"2022-07-17",公卫医疗,小程序/公众号,168
1557,"2022-07-17",城乡建设,小程序/公众号,3
1558,"2022-07-17",交通运输,小程序/公众号,119
1559,"2022-07-17",农林牧渔,小程序/公众号,44
1560,"2022-07-18",科教文体,电话,7
1561,"2022-07-18",公卫医疗,电话,5
1562,"2022-07-18",城乡建设,电话,3
1563,"2022-07-18",交通运输,电话,19
1564,"2022-07-18",农林牧渔,电话,22
1565,"2022-07-18",科教文体,来信,36
1566,"2022-07-18",公卫医疗,来信,22
1567,"2022-07-18",城乡建设,来信,57
1568,"2022-07-18",交通运输,来信,32
1569,"2022-07-18",农林牧渔,来信,47
1570,"2022-07-18",科教文体,网站,18
1571,"2022-07-18",公卫医疗,网站,12
1572,"2022-07-18",城乡建设,网站,2
1573,"2022-07-18",交通运输,网站,20
1574,"2022-07-18",农林牧渔,网站,17
1575,"2022-07-18",科教文体,小程序/公众号,67
1576,"2022-07-18",公卫医疗,小程序/公众号,62
1577,"2022-07-18",城乡建设,小程序/公众号,16
1578,"2022-07-18",交通运输,小程序/公众号,23
1579,"2022-07-18",农林牧渔,小程序/公众号,158
1580,"2022-07-19",科教文体,电话,1
1581,"2022-07-19",公卫医疗,电话,23
1582,"2022-07-19",城乡建设,电话,12
1583,"2022-07-19",交通运输,电话,68
1584,"2022-07-19",农林牧渔,电话,21
1585,"2022-07-19",科教文体,来信,22
1586,"2022-07-19",公卫医疗,来信,39
1587,"2022-07-19",城乡建设,来信,10
1588,"2022-07-19",交通运输,来信,55
1589,"2022-07-19",农林牧渔,来信,39
1590,"2022-07-19",科教文体,网站,34
1591,"2022-07-19",公卫医疗,网站,8
1592,"2022-07-19",城乡建设,网站,20
1593,"2022-07-19",交通运输,网站,3
1594,"2022-07-19",农林牧渔,网站,77
1595,"2022-07-19",科教文体,小程序/公众号,3
1596,"2022-07-19",公卫医疗,小程序/公众号,23
1597,"2022-07-19",城乡建设,小程序/公众号,75
1598,"2022-07-19",交通运输,小程序/公众号,50
1599,"2022-07-19",农林牧渔,小程序/公众号,66
1600,"2022-07-20",科教文体,电话,30
1601,"2022-07-20",公卫医疗,电话,21
1602,"2022-07-20",城乡建设,电话,2
1603,"2022-07-20",交通运输,电话,17
1604,"2022-07-20",农林牧渔,电话,14
1605,"2022-07-20",科教文体,来信,6
1606,"2022-07-20",公卫医疗,来信,6
1607,"2022-07-20",城乡建设,来信,30
1608,"2022-07-20",交通运输,来信,25
1609,"2022-07-20",农林牧渔,来信,27
1610,"2022-07-20",科教文体,网站,9
1611,"2022-07-20",公卫医疗,网站,23
1612,"2022-07-20",城乡建设,网站,34
1613,"2022-07-20",交通运输,网站,35
1614,"2022-07-20",农林牧渔,网站,36
1615,"2022-07-20",科教文体,小程序/公众号,54
1616,"2022-07-20",公卫医疗,小程序/公众号,17
1617,"2022-07-20",城乡建设,小程序/公众号,47
1618,"2022-07-20",交通运输,小程序/公众号,10
1619,"2022-07-20",农林牧渔,小程序/公众号,37
1620,"2022-07-21",科教文体,电话,11
1621,"2022-07-21",公卫医疗,电话,13
1622,"2022-07-21",城乡建设,电话,2
1623,"2022-07-21",交通运输,电话,28
1624,"2022-07-21",农林牧渔,电话,2
1625,"2022-07-21",科教文体,来信,7
1626,"2022-07-21",公卫医疗,来信,8
1627,"2022-07-21",城乡建设,来信,12
1628,"2022-07-21",交通运输,来信,21
1629,"2022-07-21",农林牧渔,来信,20
1630,"2022-07-21",科教文体,网站,63
1631,"2022-07-21",公卫医疗,网站,39
1632,"2022-07-21",城乡建设,网站,62
1633,"2022-07-21",交通运输,网站,35
1634,"2022-07-21",农林牧渔,网站,18
1635,"2022-07-21",科教文体,小程序/公众号,48
1636,"2022-07-21",公卫医疗,小程序/公众号,31
1637,"2022-07-21",城乡建设,小程序/公众号,86
1638,"2022-07-21",交通运输,小程序/公众号,139
1639,"2022-07-21",农林牧渔,小程序/公众号,35
1640,"2022-07-22",科教文体,电话,22
1641,"2022-07-22",公卫医疗,电话,58
1642,"2022-07-22",城乡建设,电话,51
1643,"2022-07-22",交通运输,电话,5
1644,"2022-07-22",农林牧渔,电话,3
1645,"2022-07-22",科教文体,来信,21
1646,"2022-07-22",公卫医疗,来信,38
1647,"2022-07-22",城乡建设,来信,6
1648,"2022-07-22",交通运输,来信,30
1649,"2022-07-22",农林牧渔,来信,9
1650,"2022-07-22",科教文体,网站,59
1651,"2022-07-22",公卫医疗,网站,76
1652,"2022-07-22",城乡建设,网站,12
1653,"2022-07-22",交通运输,网站,63
1654,"2022-07-22",农林牧渔,网站,17
1655,"2022-07-22",科教文体,小程序/公众号,99
1656,"2022-07-22",公卫医疗,小程序/公众号,77
1657,"2022-07-22",城乡建设,小程序/公众号,5
1658,"2022-07-22",交通运输,小程序/公众号,29
1659,"2022-07-22",农林牧渔,小程序/公众号,82
1660,"2022-07-23",科教文体,电话,1
1661,"2022-07-23",公卫医疗,电话,3
1662,"2022-07-23",城乡建设,电话,11
1663,"2022-07-23",交通运输,电话,3
1664,"2022-07-23",农林牧渔,电话,13
1665,"2022-07-23",科教文体,来信,22
1666,"2022-07-23",公卫医疗,来信,28
1667,"2022-07-23",城乡建设,来信,8
1668,"2022-07-23",交通运输,来信,8
1669,"2022-07-23",农林牧渔,来信,15
1670,"2022-07-23",科教文体,网站,3
1671,"2022-07-23",公卫医疗,网站,3
1672,"2022-07-23",城乡建设,网站,4
1673,"2022-07-23",交通运输,网站,2
1674,"2022-07-23",农林牧渔,网站,4
1675,"2022-07-23",科教文体,小程序/公众号,88
1676,"2022-07-23",公卫医疗,小程序/公众号,32
1677,"2022-07-23",城乡建设,小程序/公众号,37
1678,"2022-07-23",交通运输,小程序/公众号,37
1679,"2022-07-23",农林牧渔,小程序/公众号,22
1680,"2022-07-24",科教文体,电话,5
1681,"2022-07-24",公卫医疗,电话,15
1682,"2022-07-24",城乡建设,电话,14
1683,"2022-07-24",交通运输,电话,12
1684,"2022-07-24",农林牧渔,电话,2
1685,"2022-07-24",科教文体,来信,1
1686,"2022-07-24",公卫医疗,来信,4
1687,"2022-07-24",城乡建设,来信,5
1688,"2022-07-24",交通运输,来信,6
1689,"2022-07-24",农林牧渔,来信,6
1690,"2022-07-24",科教文体,网站,29
1691,"2022-07-24",公卫医疗,网站,12
1692,"2022-07-24",城乡建设,网站,32
1693,"2022-07-24",交通运输,网站,22
1694,"2022-07-24",农林牧渔,网站,20
1695,"2022-07-24",科教文体,小程序/公众号,44
1696,"2022-07-24",公卫医疗,小程序/公众号,6
1697,"2022-07-24",城乡建设,小程序/公众号,18
1698,"2022-07-24",交通运输,小程序/公众号,30
1699,"2022-07-24",农林牧渔,小程序/公众号,40
1700,"2022-07-25",科教文体,电话,22
1701,"2022-07-25",公卫医疗,电话,28
1702,"2022-07-25",城乡建设,电话,17
1703,"2022-07-25",交通运输,电话,29
1704,"2022-07-25",农林牧渔,电话,38
1705,"2022-07-25",科教文体,来信,4
1706,"2022-07-25",公卫医疗,来信,0
1707,"2022-07-25",城乡建设,来信,2
1708,"2022-07-25",交通运输,来信,0
1709,"2022-07-25",农林牧渔,来信,4
1710,"2022-07-25",科教文体,网站,13
1711,"2022-07-25",公卫医疗,网站,5
1712,"2022-07-25",城乡建设,网站,12
1713,"2022-07-25",交通运输,网站,12
1714,"2022-07-25",农林牧渔,网站,12
1715,"2022-07-25",科教文体,小程序/公众号,51
1716,"2022-07-25",公卫医疗,小程序/公众号,82
1717,"2022-07-25",城乡建设,小程序/公众号,36
1718,"2022-07-25",交通运输,小程序/公众号,88
1719,"2022-07-25",农林牧渔,小程序/公众号,113
1720,"2022-07-26",科教文体,电话,4
1721,"2022-07-26",公卫医疗,电话,17
1722,"2022-07-26",城乡建设,电话,3
1723,"2022-07-26",交通运输,电话,7
1724,"2022-07-26",农林牧渔,电话,10
1725,"2022-07-26",科教文体,来信,36
1726,"2022-07-26",公卫医疗,来信,2
1727,"2022-07-26",城乡建设,来信,64
1728,"2022-07-26",交通运输,来信,36
1729,"2022-07-26",农林牧渔,来信,69
1730,"2022-07-26",科教文体,网站,55
1731,"2022-07-26",公卫医疗,网站,42
1732,"2022-07-26",城乡建设,网站,25
1733,"2022-07-26",交通运输,网站,9
1734,"2022-07-26",农林牧渔,网站,17
1735,"2022-07-26",科教文体,小程序/公众号,33
1736,"2022-07-26",公卫医疗,小程序/公众号,76
1737,"2022-07-26",城乡建设,小程序/公众号,61
1738,"2022-07-26",交通运输,小程序/公众号,52
1739,"2022-07-26",农林牧渔,小程序/公众号,80
1740,"2022-07-27",科教文体,电话,1
1741,"2022-07-27",公卫医疗,电话,1
1742,"2022-07-27",城乡建设,电话,0
1743,"2022-07-27",交通运输,电话,2
1744,"2022-07-27",农林牧渔,电话,6
1745,"2022-07-27",科教文体,来信,2
1746,"2022-07-27",公卫医疗,来信,4
1747,"2022-07-27",城乡建设,来信,9
1748,"2022-07-27",交通运输,来信,4
1749,"2022-07-27",农林牧渔,来信,3
1750,"2022-07-27",科教文体,网站,65
1751,"2022-07-27",公卫医疗,网站,3
1752,"2022-07-27",城乡建设,网站,68
1753,"2022-07-27",交通运输,网站,54
1754,"2022-07-27",农林牧渔,网站,29
1755,"2022-07-27",科教文体,小程序/公众号,72
1756,"2022-07-27",公卫医疗,小程序/公众号,64
1757,"2022-07-27",城乡建设,小程序/公众号,101
1758,"2022-07-27",交通运输,小程序/公众号,156
1759,"2022-07-27",农林牧渔,小程序/公众号,200
1760,"2022-07-28",科教文体,电话,18
1761,"2022-07-28",公卫医疗,电话,40
1762,"2022-07-28",城乡建设,电话,27
1763,"2022-07-28",交通运输,电话,16
1764,"2022-07-28",农林牧渔,电话,31
1765,"2022-07-28",科教文体,来信,17
1766,"2022-07-28",公卫医疗,来信,74
1767,"2022-07-28",城乡建设,来信,40
1768,"2022-07-28",交通运输,来信,5
1769,"2022-07-28",农林牧渔,来信,4
1770,"2022-07-28",科教文体,网站,12
1771,"2022-07-28",公卫医疗,网站,17
1772,"2022-07-28",城乡建设,网站,40
1773,"2022-07-28",交通运输,网站,2
1774,"2022-07-28",农林牧渔,网站,60
1775,"2022-07-28",科教文体,小程序/公众号,38
1776,"2022-07-28",公卫医疗,小程序/公众号,20
1777,"2022-07-28",城乡建设,小程序/公众号,40
1778,"2022-07-28",交通运输,小程序/公众号,27
1779,"2022-07-28",农林牧渔,小程序/公众号,40
1780,"2022-07-29",科教文体,电话,10
1781,"2022-07-29",公卫医疗,电话,69
1782,"2022-07-29",城乡建设,电话,6
1783,"2022-07-29",交通运输,电话,50
1784,"2022-07-29",农林牧渔,电话,79
1785,"2022-07-29",科教文体,来信,2
1786,"2022-07-29",公卫医疗,来信,78
1787,"2022-07-29",城乡建设,来信,20
1788,"2022-07-29",交通运输,来信,13
1789,"2022-07-29",农林牧渔,来信,21
1790,"2022-07-29",科教文体,网站,1
1791,"2022-07-29",公卫医疗,网站,15
1792,"2022-07-29",城乡建设,网站,4
1793,"2022-07-29",交通运输,网站,13
1794,"2022-07-29",农林牧渔,网站,8
1795,"2022-07-29",科教文体,小程序/公众号,78
1796,"2022-07-29",公卫医疗,小程序/公众号,184
1797,"2022-07-29",城乡建设,小程序/公众号,108
1798,"2022-07-29",交通运输,小程序/公众号,45
1799,"2022-07-29",农林牧渔,小程序/公众号,151
1800,"2022-07-30",科教文体,电话,33
1801,"2022-07-30",公卫医疗,电话,4
1802,"2022-07-30",城乡建设,电话,1
1803,"2022-07-30",交通运输,电话,12
1804,"2022-07-30",农林牧渔,电话,6
1805,"2022-07-30",科教文体,来信,47
1806,"2022-07-30",公卫医疗,来信,8
1807,"2022-07-30",城乡建设,来信,37
1808,"2022-07-30",交通运输,来信,33
1809,"2022-07-30",农林牧渔,来信,28
1810,"2022-07-30",科教文体,网站,16
1811,"2022-07-30",公卫医疗,网站,39
1812,"2022-07-30",城乡建设,网站,23
1813,"2022-07-30",交通运输,网站,32
1814,"2022-07-30",农林牧渔,网站,29
1815,"2022-07-30",科教文体,小程序/公众号,28
1816,"2022-07-30",公卫医疗,小程序/公众号,3
1817,"2022-07-30",城乡建设,小程序/公众号,75
1818,"2022-07-30",交通运输,小程序/公众号,52
1819,"2022-07-30",农林牧渔,小程序/公众号,51
1820,"2022-07-31",科教文体,电话,63
1821,"2022-07-31",公卫医疗,电话,3
1822,"2022-07-31",城乡建设,电话,50
1823,"2022-07-31",交通运输,电话,11
1824,"2022-07-31",农林牧渔,电话,20
1825,"2022-07-31",科教文体,来信,41
1826,"2022-07-31",公卫医疗,来信,29
1827,"2022-07-31",城乡建设,来信,0
1828,"2022-07-31",交通运输,来信,32
1829,"2022-07-31",农林牧渔,来信,34
1830,"2022-07-31",科教文体,网站,12
1831,"2022-07-31",公卫医疗,网站,12
1832,"2022-07-31",城乡建设,网站,55
1833,"2022-07-31",交通运输,网站,69
1834,"2022-07-31",农林牧渔,网站,27
1835,"2022-07-31",科教文体,小程序/公众号,39
1836,"2022-07-31",公卫医疗,小程序/公众号,86
1837,"2022-07-31",城乡建设,小程序/公众号,58
1838,"2022-07-31",交通运输,小程序/公众号,3
1839,"2022-07-31",农林牧渔,小程序/公众号,12
1840,"2022-08-01",科教文体,电话,4
1841,"2022-08-01",公卫医疗,电话,4
1842,"2022-08-01",城乡建设,电话,3
1843,"2022-08-01",交通运输,电话,3
1844,"2022-08-01",农林牧渔,电话,0
1845,"2022-08-01",科教文体,来信,8
1846,"2022-08-01",公卫医疗,来信,15
1847,"2022-08-01",城乡建设,来信,22
1848,"2022-08-01",交通运输,来信,15
1849,"2022-08-01",农林牧渔,来信,15
1850,"2022-08-01",科教文体,网站,34
1851,"2022-08-01",公卫医疗,网站,11
1852,"2022-08-01",城乡建设,网站,40
1853,"2022-08-01",交通运输,网站,47
1854,"2022-08-01",农林牧渔,网站,24
1855,"2022-08-01",科教文体,小程序/公众号,29
1856,"2022-08-01",公卫医疗,小程序/公众号,59
1857,"2022-08-01",城乡建设,小程序/公众号,105
1858,"2022-08-01",交通运输,小程序/公众号,120
1859,"2022-08-01",农林牧渔,小程序/公众号,111
1860,"2022-08-02",科教文体,电话,0
1861,"2022-08-02",公卫医疗,电话,4
1862,"2022-08-02",城乡建设,电话,16
1863,"2022-08-02",交通运输,电话,10
1864,"2022-08-02",农林牧渔,电话,5
1865,"2022-08-02",科教文体,来信,26
1866,"2022-08-02",公卫医疗,来信,28
1867,"2022-08-02",城乡建设,来信,15
1868,"2022-08-02",交通运输,来信,27
1869,"2022-08-02",农林牧渔,来信,0
1870,"2022-08-02",科教文体,网站,3
1871,"2022-08-02",公卫医疗,网站,9
1872,"2022-08-02",城乡建设,网站,16
1873,"2022-08-02",交通运输,网站,16
1874,"2022-08-02",农林牧渔,网站,27
1875,"2022-08-02",科教文体,小程序/公众号,2
1876,"2022-08-02",公卫医疗,小程序/公众号,53
1877,"2022-08-02",城乡建设,小程序/公众号,27
1878,"2022-08-02",交通运输,小程序/公众号,39
1879,"2022-08-02",农林牧渔,小程序/公众号,11
1880,"2022-08-03",科教文体,电话,18
1881,"2022-08-03",公卫医疗,电话,30
1882,"2022-08-03",城乡建设,电话,27
1883,"2022-08-03",交通运输,电话,7
1884,"2022-08-03",农林牧渔,电话,1
1885,"2022-08-03",科教文体,来信,9
1886,"2022-08-03",公卫医疗,来信,30
1887,"2022-08-03",城乡建设,来信,7
1888,"2022-08-03",交通运输,来信,11
1889,"2022-08-03",农林牧渔,来信,7
1890,"2022-08-03",科教文体,网站,18
1891,"2022-08-03",公卫医疗,网站,19
1892,"2022-08-03",城乡建设,网站,22
1893,"2022-08-03",交通运输,网站,24
1894,"2022-08-03",农林牧渔,网站,24
1895,"2022-08-03",科教文体,小程序/公众号,36
1896,"2022-08-03",公卫医疗,小程序/公众号,39
1897,"2022-08-03",城乡建设,小程序/公众号,65
1898,"2022-08-03",交通运输,小程序/公众号,36
1899,"2022-08-03",农林牧渔,小程序/公众号,21
1900,"2022-08-04",科教文体,电话,42
1901,"2022-08-04",公卫医疗,电话,3
1902,"2022-08-04",城乡建设,电话,11
1903,"2022-08-04",交通运输,电话,24
1904,"2022-08-04",农林牧渔,电话,7
1905,"2022-08-04",科教文体,来信,70
1906,"2022-08-04",公卫医疗,来信,36
1907,"2022-08-04",城乡建设,来信,3
1908,"2022-08-04",交通运输,来信,113
1909,"2022-08-04",农林牧渔,来信,22
1910,"2022-08-04",科教文体,网站,18
1911,"2022-08-04",公卫医疗,网站,42
1912,"2022-08-04",城乡建设,网站,6
1913,"2022-08-04",交通运输,网站,42
1914,"2022-08-04",农林牧渔,网站,56
1915,"2022-08-04",科教文体,小程序/公众号,108
1916,"2022-08-04",公卫医疗,小程序/公众号,89
1917,"2022-08-04",城乡建设,小程序/公众号,41
1918,"2022-08-04",交通运输,小程序/公众号,75
1919,"2022-08-04",农林牧渔,小程序/公众号,57
1920,"2022-08-05",科教文体,电话,7
1921,"2022-08-05",公卫医疗,电话,6
1922,"2022-08-05",城乡建设,电话,7
1923,"2022-08-05",交通运输,电话,0
1924,"2022-08-05",农林牧渔,电话,2
1925,"2022-08-05",科教文体,来信,8
1926,"2022-08-05",公卫医疗,来信,13
1927,"2022-08-05",城乡建设,来信,28
1928,"2022-08-05",交通运输,来信,34
1929,"2022-08-05",农林牧渔,来信,21
1930,"2022-08-05",科教文体,网站,21
1931,"2022-08-05",公卫医疗,网站,42
1932,"2022-08-05",城乡建设,网站,25
1933,"2022-08-05",交通运输,网站,5
1934,"2022-08-05",农林牧渔,网站,15
1935,"2022-08-05",科教文体,小程序/公众号,40
1936,"2022-08-05",公卫医疗,小程序/公众号,80
1937,"2022-08-05",城乡建设,小程序/公众号,79
1938,"2022-08-05",交通运输,小程序/公众号,83
1939,"2022-08-05",农林牧渔,小程序/公众号,103
1940,"2022-08-06",科教文体,电话,4
1941,"2022-08-06",公卫医疗,电话,42
1942,"2022-08-06",城乡建设,电话,37
1943,"2022-08-06",交通运输,电话,36
1944,"2022-08-06",农林牧渔,电话,46
1945,"2022-08-06",科教文体,来信,7
1946,"2022-08-06",公卫医疗,来信,6
1947,"2022-08-06",城乡建设,来信,7
1948,"2022-08-06",交通运输,来信,3
1949,"2022-08-06",农林牧渔,来信,4
1950,"2022-08-06",科教文体,网站,72
1951,"2022-08-06",公卫医疗,网站,13
1952,"2022-08-06",城乡建设,网站,56
1953,"2022-08-06",交通运输,网站,44
1954,"2022-08-06",农林牧渔,网站,52
1955,"2022-08-06",科教文体,小程序/公众号,68
1956,"2022-08-06",公卫医疗,小程序/公众号,45
1957,"2022-08-06",城乡建设,小程序/公众号,57
1958,"2022-08-06",交通运输,小程序/公众号,80
1959,"2022-08-06",农林牧渔,小程序/公众号,28
1960,"2022-08-07",科教文体,电话,26
1961,"2022-08-07",公卫医疗,电话,9
1962,"2022-08-07",城乡建设,电话,0
1963,"2022-08-07",交通运输,电话,15
1964,"2022-08-07",农林牧渔,电话,23
1965,"2022-08-07",科教文体,来信,1
1966,"2022-08-07",公卫医疗,来信,2
1967,"2022-08-07",城乡建设,来信,17
1968,"2022-08-07",交通运输,来信,6
1969,"2022-08-07",农林牧渔,来信,12
1970,"2022-08-07",科教文体,网站,38
1971,"2022-08-07",公卫医疗,网站,8
1972,"2022-08-07",城乡建设,网站,13
1973,"2022-08-07",交通运输,网站,20
1974,"2022-08-07",农林牧渔,网站,25
1975,"2022-08-07",科教文体,小程序/公众号,88
1976,"2022-08-07",公卫医疗,小程序/公众号,68
1977,"2022-08-07",城乡建设,小程序/公众号,95
1978,"2022-08-07",交通运输,小程序/公众号,25
1979,"2022-08-07",农林牧渔,小程序/公众号,5
1980,"2022-08-08",科教文体,电话,8
1981,"2022-08-08",公卫医疗,电话,2
1982,"2022-08-08",城乡建设,电话,34
1983,"2022-08-08",交通运输,电话,29
1984,"2022-08-08",农林牧渔,电话,42
1985,"2022-08-08",科教文体,来信,59
1986,"2022-08-08",公卫医疗,来信,6
1987,"2022-08-08",城乡建设,来信,21
1988,"2022-08-08",交通运输,来信,6
1989,"2022-08-08",农林牧渔,来信,40
1990,"2022-08-08",科教文体,网站,14
1991,"2022-08-08",公卫医疗,网站,6
1992,"2022-08-08",城乡建设,网站,17
1993,"2022-08-08",交通运输,网站,17
1994,"2022-08-08",农林牧渔,网站,10
1995,"2022-08-08",科教文体,小程序/公众号,19
1996,"2022-08-08",公卫医疗,小程序/公众号,52
1997,"2022-08-08",城乡建设,小程序/公众号,82
1998,"2022-08-08",交通运输,小程序/公众号,42
1999,"2022-08-08",农林牧渔,小程序/公众号,36
2000,"2022-08-09",科教文体,电话,6
2001,"2022-08-09",公卫医疗,电话,10
2002,"2022-08-09",城乡建设,电话,8
2003,"2022-08-09",交通运输,电话,3
2004,"2022-08-09",农林牧渔,电话,3
2005,"2022-08-09",科教文体,来信,1
2006,"2022-08-09",公卫医疗,来信,4
2007,"2022-08-09",城乡建设,来信,3
2008,"2022-08-09",交通运输,来信,13
2009,"2022-08-09",农林牧渔,来信,1
2010,"2022-08-09",科教文体,网站,2
2011,"2022-08-09",公卫医疗,网站,5
2012,"2022-08-09",城乡建设,网站,7
2013,"2022-08-09",交通运输,网站,9
2014,"2022-08-09",农林牧渔,网站,2
2015,"2022-08-09",科教文体,小程序/公众号,71
2016,"2022-08-09",公卫医疗,小程序/公众号,56
2017,"2022-08-09",城乡建设,小程序/公众号,31
2018,"2022-08-09",交通运输,小程序/公众号,67
2019,"2022-08-09",农林牧渔,小程序/公众号,2
2020,"2022-08-10",科教文体,电话,12
2021,"2022-08-10",公卫医疗,电话,21
2022,"2022-08-10",城乡建设,电话,12
2023,"2022-08-10",交通运输,电话,32
2024,"2022-08-10",农林牧渔,电话,11
2025,"2022-08-10",科教文体,来信,4
2026,"2022-08-10",公卫医疗,来信,6
2027,"2022-08-10",城乡建设,来信,7
2028,"2022-08-10",交通运输,来信,7
2029,"2022-08-10",农林牧渔,来信,4
2030,"2022-08-10",科教文体,网站,7
2031,"2022-08-10",公卫医疗,网站,5
2032,"2022-08-10",城乡建设,网站,28
2033,"2022-08-10",交通运输,网站,16
2034,"2022-08-10",农林牧渔,网站,42
2035,"2022-08-10",科教文体,小程序/公众号,19
2036,"2022-08-10",公卫医疗,小程序/公众号,88
2037,"2022-08-10",城乡建设,小程序/公众号,32
2038,"2022-08-10",交通运输,小程序/公众号,23
2039,"2022-08-10",农林牧渔,小程序/公众号,59
2040,"2022-08-11",科教文体,电话,8
2041,"2022-08-11",公卫医疗,电话,12
2042,"2022-08-11",城乡建设,电话,13
2043,"2022-08-11",交通运输,电话,45
2044,"2022-08-11",农林牧渔,电话,30
2045,"2022-08-11",科教文体,来信,35
2046,"2022-08-11",公卫医疗,来信,72
2047,"2022-08-11",城乡建设,来信,7
2048,"2022-08-11",交通运输,来信,39
2049,"2022-08-11",农林牧渔,来信,6
2050,"2022-08-11",科教文体,网站,6
2051,"2022-08-11",公卫医疗,网站,5
2052,"2022-08-11",城乡建设,网站,3
2053,"2022-08-11",交通运输,网站,2
2054,"2022-08-11",农林牧渔,网站,1
2055,"2022-08-11",科教文体,小程序/公众号,56
2056,"2022-08-11",公卫医疗,小程序/公众号,4
2057,"2022-08-11",城乡建设,小程序/公众号,167
2058,"2022-08-11",交通运输,小程序/公众号,46
2059,"2022-08-11",农林牧渔,小程序/公众号,201
2060,"2022-08-12",科教文体,电话,8
2061,"2022-08-12",公卫医疗,电话,13
2062,"2022-08-12",城乡建设,电话,9
2063,"2022-08-12",交通运输,电话,7
2064,"2022-08-12",农林牧渔,电话,8
2065,"2022-08-12",科教文体,来信,24
2066,"2022-08-12",公卫医疗,来信,23
2067,"2022-08-12",城乡建设,来信,21
2068,"2022-08-12",交通运输,来信,21
2069,"2022-08-12",农林牧渔,来信,23
2070,"2022-08-12",科教文体,网站,1
2071,"2022-08-12",公卫医疗,网站,2
2072,"2022-08-12",城乡建设,网站,4
2073,"2022-08-12",交通运输,网站,1
2074,"2022-08-12",农林牧渔,网站,4
2075,"2022-08-12",科教文体,小程序/公众号,129
2076,"2022-08-12",公卫医疗,小程序/公众号,38
2077,"2022-08-12",城乡建设,小程序/公众号,3
2078,"2022-08-12",交通运输,小程序/公众号,21
2079,"2022-08-12",农林牧渔,小程序/公众号,54
2080,"2022-08-13",科教文体,电话,21
2081,"2022-08-13",公卫医疗,电话,13
2082,"2022-08-13",城乡建设,电话,12
2083,"2022-08-13",交通运输,电话,26
2084,"2022-08-13",农林牧渔,电话,23
2085,"2022-08-13",科教文体,来信,2
2086,"2022-08-13",公卫医疗,来信,1
2087,"2022-08-13",城乡建设,来信,3
2088,"2022-08-13",交通运输,来信,1
2089,"2022-08-13",农林牧渔,来信,3
2090,"2022-08-13",科教文体,网站,4
2091,"2022-08-13",公卫医疗,网站,3
2092,"2022-08-13",城乡建设,网站,5
2093,"2022-08-13",交通运输,网站,3
2094,"2022-08-13",农林牧渔,网站,4
2095,"2022-08-13",科教文体,小程序/公众号,1
2096,"2022-08-13",公卫医疗,小程序/公众号,61
2097,"2022-08-13",城乡建设,小程序/公众号,93
2098,"2022-08-13",交通运输,小程序/公众号,141
2099,"2022-08-13",农林牧渔,小程序/公众号,150
2100,"2022-08-14",科教文体,电话,27
2101,"2022-08-14",公卫医疗,电话,8
2102,"2022-08-14",城乡建设,电话,10
2103,"2022-08-14",交通运输,电话,13
2104,"2022-08-14",农林牧渔,电话,13
2105,"2022-08-14",科教文体,来信,9
2106,"2022-08-14",公卫医疗,来信,5
2107,"2022-08-14",城乡建设,来信,16
2108,"2022-08-14",交通运输,来信,15
2109,"2022-08-14",农林牧渔,来信,1
2110,"2022-08-14",科教文体,网站,3
2111,"2022-08-14",公卫医疗,网站,4
2112,"2022-08-14",城乡建设,网站,1
2113,"2022-08-14",交通运输,网站,2
2114,"2022-08-14",农林牧渔,网站,5
2115,"2022-08-14",科教文体,小程序/公众号,56
2116,"2022-08-14",公卫医疗,小程序/公众号,47
2117,"2022-08-14",城乡建设,小程序/公众号,46
2118,"2022-08-14",交通运输,小程序/公众号,57
2119,"2022-08-14",农林牧渔,小程序/公众号,42
2120,"2022-08-15",科教文体,电话,2
2121,"2022-08-15",公卫医疗,电话,1
2122,"2022-08-15",城乡建设,电话,16
2123,"2022-08-15",交通运输,电话,6
2124,"2022-08-15",农林牧渔,电话,6
2125,"2022-08-15",科教文体,来信,2
2126,"2022-08-15",公卫医疗,来信,21
2127,"2022-08-15",城乡建设,来信,7
2128,"2022-08-15",交通运输,来信,18
2129,"2022-08-15",农林牧渔,来信,18
2130,"2022-08-15",科教文体,网站,26
2131,"2022-08-15",公卫医疗,网站,24
2132,"2022-08-15",城乡建设,网站,17
2133,"2022-08-15",交通运输,网站,32
2134,"2022-08-15",农林牧渔,网站,24
2135,"2022-08-15",科教文体,小程序/公众号,53
2136,"2022-08-15",公卫医疗,小程序/公众号,31
2137,"2022-08-15",城乡建设,小程序/公众号,36
2138,"2022-08-15",交通运输,小程序/公众号,52
2139,"2022-08-15",农林牧渔,小程序/公众号,13
2140,"2022-08-16",科教文体,电话,10
2141,"2022-08-16",公卫医疗,电话,8
2142,"2022-08-16",城乡建设,电话,8
2143,"2022-08-16",交通运输,电话,8
2144,"2022-08-16",农林牧渔,电话,12
2145,"2022-08-16",科教文体,来信,87
2146,"2022-08-16",公卫医疗,来信,16
2147,"2022-08-16",城乡建设,来信,38
2148,"2022-08-16",交通运输,来信,89
2149,"2022-08-16",农林牧渔,来信,64
2150,"2022-08-16",科教文体,网站,84
2151,"2022-08-16",公卫医疗,网站,12
2152,"2022-08-16",城乡建设,网站,3
2153,"2022-08-16",交通运输,网站,62
2154,"2022-08-16",农林牧渔,网站,80
2155,"2022-08-16",科教文体,小程序/公众号,134
2156,"2022-08-16",公卫医疗,小程序/公众号,37
2157,"2022-08-16",城乡建设,小程序/公众号,117
2158,"2022-08-16",交通运输,小程序/公众号,23
2159,"2022-08-16",农林牧渔,小程序/公众号,41
2160,"2022-08-17",科教文体,电话,23
2161,"2022-08-17",公卫医疗,电话,3
2162,"2022-08-17",城乡建设,电话,11
2163,"2022-08-17",交通运输,电话,9
2164,"2022-08-17",农林牧渔,电话,12
2165,"2022-08-17",科教文体,来信,11
2166,"2022-08-17",公卫医疗,来信,9
2167,"2022-08-17",城乡建设,来信,24
2168,"2022-08-17",交通运输,来信,19
2169,"2022-08-17",农林牧渔,来信,4
2170,"2022-08-17",科教文体,网站,2
2171,"2022-08-17",公卫医疗,网站,3
2172,"2022-08-17",城乡建设,网站,4
2173,"2022-08-17",交通运输,网站,3
2174,"2022-08-17",农林牧渔,网站,0
2175,"2022-08-17",科教文体,小程序/公众号,103
2176,"2022-08-17",公卫医疗,小程序/公众号,33
2177,"2022-08-17",城乡建设,小程序/公众号,45
2178,"2022-08-17",交通运输,小程序/公众号,52
2179,"2022-08-17",农林牧渔,小程序/公众号,74
2180,"2022-08-18",科教文体,电话,10
2181,"2022-08-18",公卫医疗,电话,2
2182,"2022-08-18",城乡建设,电话,1
2183,"2022-08-18",交通运输,电话,0
2184,"2022-08-18",农林牧渔,电话,7
2185,"2022-08-18",科教文体,来信,9
2186,"2022-08-18",公卫医疗,来信,9
2187,"2022-08-18",城乡建设,来信,29
2188,"2022-08-18",交通运输,来信,21
2189,"2022-08-18",农林牧渔,来信,7
2190,"2022-08-18",科教文体,网站,157
2191,"2022-08-18",公卫医疗,网站,5
2192,"2022-08-18",城乡建设,网站,25
2193,"2022-08-18",交通运输,网站,108
2194,"2022-08-18",农林牧渔,网站,5
2195,"2022-08-18",科教文体,小程序/公众号,12
2196,"2022-08-18",公卫医疗,小程序/公众号,66
2197,"2022-08-18",城乡建设,小程序/公众号,124
2198,"2022-08-18",交通运输,小程序/公众号,171
2199,"2022-08-18",农林牧渔,小程序/公众号,43
2200,"2022-08-19",科教文体,电话,85
2201,"2022-08-19",公卫医疗,电话,88
2202,"2022-08-19",城乡建设,电话,12
2203,"2022-08-19",交通运输,电话,8
2204,"2022-08-19",农林牧渔,电话,23
2205,"2022-08-19",科教文体,来信,14
2206,"2022-08-19",公卫医疗,来信,26
2207,"2022-08-19",城乡建设,来信,44
2208,"2022-08-19",交通运输,来信,26
2209,"2022-08-19",农林牧渔,来信,43
2210,"2022-08-19",科教文体,网站,54
2211,"2022-08-19",公卫医疗,网站,39
2212,"2022-08-19",城乡建设,网站,8
2213,"2022-08-19",交通运输,网站,86
2214,"2022-08-19",农林牧渔,网站,24
2215,"2022-08-19",科教文体,小程序/公众号,92
2216,"2022-08-19",公卫医疗,小程序/公众号,22
2217,"2022-08-19",城乡建设,小程序/公众号,55
2218,"2022-08-19",交通运输,小程序/公众号,99
2219,"2022-08-19",农林牧渔,小程序/公众号,55
2220,"2022-08-20",科教文体,电话,62
2221,"2022-08-20",公卫医疗,电话,15
2222,"2022-08-20",城乡建设,电话,31
2223,"2022-08-20",交通运输,电话,56
2224,"2022-08-20",农林牧渔,电话,2
2225,"2022-08-20",科教文体,来信,38
2226,"2022-08-20",公卫医疗,来信,28
2227,"2022-08-20",城乡建设,来信,35
2228,"2022-08-20",交通运输,来信,22
2229,"2022-08-20",农林牧渔,来信,37
2230,"2022-08-20",科教文体,网站,6
2231,"2022-08-20",公卫医疗,网站,5
2232,"2022-08-20",城乡建设,网站,8
2233,"2022-08-20",交通运输,网站,15
2234,"2022-08-20",农林牧渔,网站,16
2235,"2022-08-20",科教文体,小程序/公众号,49
2236,"2022-08-20",公卫医疗,小程序/公众号,108
2237,"2022-08-20",城乡建设,小程序/公众号,26
2238,"2022-08-20",交通运输,小程序/公众号,52
2239,"2022-08-20",农林牧渔,小程序/公众号,156
2240,"2022-08-21",科教文体,电话,40
2241,"2022-08-21",公卫医疗,电话,0
2242,"2022-08-21",城乡建设,电话,2
2243,"2022-08-21",交通运输,电话,41
2244,"2022-08-21",农林牧渔,电话,8
2245,"2022-08-21",科教文体,来信,6
2246,"2022-08-21",公卫医疗,来信,2
2247,"2022-08-21",城乡建设,来信,6
2248,"2022-08-21",交通运输,来信,13
2249,"2022-08-21",农林牧渔,来信,1
2250,"2022-08-21",科教文体,网站,7
2251,"2022-08-21",公卫医疗,网站,13
2252,"2022-08-21",城乡建设,网站,66
2253,"2022-08-21",交通运输,网站,70
2254,"2022-08-21",农林牧渔,网站,3
2255,"2022-08-21",科教文体,小程序/公众号,21
2256,"2022-08-21",公卫医疗,小程序/公众号,21
2257,"2022-08-21",城乡建设,小程序/公众号,46
2258,"2022-08-21",交通运输,小程序/公众号,12
2259,"2022-08-21",农林牧渔,小程序/公众号,61
2260,"2022-08-22",科教文体,电话,4
2261,"2022-08-22",公卫医疗,电话,18
2262,"2022-08-22",城乡建设,电话,19
2263,"2022-08-22",交通运输,电话,3
2264,"2022-08-22",农林牧渔,电话,5
2265,"2022-08-22",科教文体,来信,40
2266,"2022-08-22",公卫医疗,来信,8
2267,"2022-08-22",城乡建设,来信,104
2268,"2022-08-22",交通运输,来信,28
2269,"2022-08-22",农林牧渔,来信,40
2270,"2022-08-22",科教文体,网站,14
2271,"2022-08-22",公卫医疗,网站,8
2272,"2022-08-22",城乡建设,网站,7
2273,"2022-08-22",交通运输,网站,20
2274,"2022-08-22",农林牧渔,网站,2
2275,"2022-08-22",科教文体,小程序/公众号,108
2276,"2022-08-22",公卫医疗,小程序/公众号,39
2277,"2022-08-22",城乡建设,小程序/公众号,11
2278,"2022-08-22",交通运输,小程序/公众号,170
2279,"2022-08-22",农林牧渔,小程序/公众号,185
2280,"2022-08-23",科教文体,电话,18
2281,"2022-08-23",公卫医疗,电话,51
2282,"2022-08-23",城乡建设,电话,59
2283,"2022-08-23",交通运输,电话,2
2284,"2022-08-23",农林牧渔,电话,49
2285,"2022-08-23",科教文体,来信,7
2286,"2022-08-23",公卫医疗,来信,3
2287,"2022-08-23",城乡建设,来信,16
2288,"2022-08-23",交通运输,来信,9
2289,"2022-08-23",农林牧渔,来信,11
2290,"2022-08-23",科教文体,网站,79
2291,"2022-08-23",公卫医疗,网站,27
2292,"2022-08-23",城乡建设,网站,43
2293,"2022-08-23",交通运输,网站,44
2294,"2022-08-23",农林牧渔,网站,52
2295,"2022-08-23",科教文体,小程序/公众号,53
2296,"2022-08-23",公卫医疗,小程序/公众号,73
2297,"2022-08-23",城乡建设,小程序/公众号,76
2298,"2022-08-23",交通运输,小程序/公众号,48
2299,"2022-08-23",农林牧渔,小程序/公众号,8
2300,"2022-08-24",科教文体,电话,9
2301,"2022-08-24",公卫医疗,电话,15
2302,"2022-08-24",城乡建设,电话,28
2303,"2022-08-24",交通运输,电话,1
2304,"2022-08-24",农林牧渔,电话,7
2305,"2022-08-24",科教文体,来信,4
2306,"2022-08-24",公卫医疗,来信,2
2307,"2022-08-24",城乡建设,来信,4
2308,"2022-08-24",交通运输,来信,1
2309,"2022-08-24",农林牧渔,来信,3
2310,"2022-08-24",科教文体,网站,4
2311,"2022-08-24",公卫医疗,网站,0
2312,"2022-08-24",城乡建设,网站,4
2313,"2022-08-24",交通运输,网站,3
2314,"2022-08-24",农林牧渔,网站,4
2315,"2022-08-24",科教文体,小程序/公众号,173
2316,"2022-08-24",公卫医疗,小程序/公众号,185
2317,"2022-08-24",城乡建设,小程序/公众号,117
2318,"2022-08-24",交通运输,小程序/公众号,43
2319,"2022-08-24",农林牧渔,小程序/公众号,161
2320,"2022-08-25",科教文体,电话,10
2321,"2022-08-25",公卫医疗,电话,13
2322,"2022-08-25",城乡建设,电话,18
2323,"2022-08-25",交通运输,电话,6
2324,"2022-08-25",农林牧渔,电话,5
2325,"2022-08-25",科教文体,来信,5
2326,"2022-08-25",公卫医疗,来信,19
2327,"2022-08-25",城乡建设,来信,12
2328,"2022-08-25",交通运输,来信,9
2329,"2022-08-25",农林牧渔,来信,7
2330,"2022-08-25",科教文体,网站,8
2331,"2022-08-25",公卫医疗,网站,56
2332,"2022-08-25",城乡建设,网站,4
2333,"2022-08-25",交通运输,网站,49
2334,"2022-08-25",农林牧渔,网站,61
2335,"2022-08-25",科教文体,小程序/公众号,52
2336,"2022-08-25",公卫医疗,小程序/公众号,5
2337,"2022-08-25",城乡建设,小程序/公众号,79
2338,"2022-08-25",交通运输,小程序/公众号,248
2339,"2022-08-25",农林牧渔,小程序/公众号,5
2340,"2022-08-26",科教文体,电话,4
2341,"2022-08-26",公卫医疗,电话,22
2342,"2022-08-26",城乡建设,电话,20
2343,"2022-08-26",交通运输,电话,27
2344,"2022-08-26",农林牧渔,电话,4
2345,"2022-08-26",科教文体,来信,7
2346,"2022-08-26",公卫医疗,来信,0
2347,"2022-08-26",城乡建设,来信,7
2348,"2022-08-26",交通运输,来信,2
2349,"2022-08-26",农林牧渔,来信,6
2350,"2022-08-26",科教文体,网站,8
2351,"2022-08-26",公卫医疗,网站,20
2352,"2022-08-26",城乡建设,网站,14
2353,"2022-08-26",交通运输,网站,11
2354,"2022-08-26",农林牧渔,网站,15
2355,"2022-08-26",科教文体,小程序/公众号,60
2356,"2022-08-26",公卫医疗,小程序/公众号,59
2357,"2022-08-26",城乡建设,小程序/公众号,74
2358,"2022-08-26",交通运输,小程序/公众号,20
2359,"2022-08-26",农林牧渔,小程序/公众号,10
2360,"2022-08-27",科教文体,电话,19
2361,"2022-08-27",公卫医疗,电话,19
2362,"2022-08-27",城乡建设,电话,17
2363,"2022-08-27",交通运输,电话,13
2364,"2022-08-27",农林牧渔,电话,20
2365,"2022-08-27",科教文体,来信,11
2366,"2022-08-27",公卫医疗,来信,3
2367,"2022-08-27",城乡建设,来信,24
2368,"2022-08-27",交通运输,来信,23
2369,"2022-08-27",农林牧渔,来信,3
2370,"2022-08-27",科教文体,网站,84
2371,"2022-08-27",公卫医疗,网站,77
2372,"2022-08-27",城乡建设,网站,1
2373,"2022-08-27",交通运输,网站,76
2374,"2022-08-27",农林牧渔,网站,15
2375,"2022-08-27",科教文体,小程序/公众号,3
2376,"2022-08-27",公卫医疗,小程序/公众号,67
2377,"2022-08-27",城乡建设,小程序/公众号,106
2378,"2022-08-27",交通运输,小程序/公众号,155
2379,"2022-08-27",农林牧渔,小程序/公众号,0
2380,"2022-08-28",科教文体,电话,7
2381,"2022-08-28",公卫医疗,电话,7
2382,"2022-08-28",城乡建设,电话,6
2383,"2022-08-28",交通运输,电话,2
2384,"2022-08-28",农林牧渔,电话,9
2385,"2022-08-28",科教文体,来信,36
2386,"2022-08-28",公卫医疗,来信,30
2387,"2022-08-28",城乡建设,来信,6
2388,"2022-08-28",交通运输,来信,8
2389,"2022-08-28",农林牧渔,来信,49
2390,"2022-08-28",科教文体,网站,22
2391,"2022-08-28",公卫医疗,网站,33
2392,"2022-08-28",城乡建设,网站,23
2393,"2022-08-28",交通运输,网站,7
2394,"2022-08-28",农林牧渔,网站,40
2395,"2022-08-28",科教文体,小程序/公众号,18
2396,"2022-08-28",公卫医疗,小程序/公众号,37
2397,"2022-08-28",城乡建设,小程序/公众号,21
2398,"2022-08-28",交通运输,小程序/公众号,60
2399,"2022-08-28",农林牧渔,小程序/公众号,20
2400,"2022-08-29",科教文体,电话,22
2401,"2022-08-29",公卫医疗,电话,31
2402,"2022-08-29",城乡建设,电话,17
2403,"2022-08-29",交通运输,电话,36
2404,"2022-08-29",农林牧渔,电话,10
2405,"2022-08-29",科教文体,来信,30
2406,"2022-08-29",公卫医疗,来信,26
2407,"2022-08-29",城乡建设,来信,49
2408,"2022-08-29",交通运输,来信,26
2409,"2022-08-29",农林牧渔,来信,48
2410,"2022-08-29",科教文体,网站,1
2411,"2022-08-29",公卫医疗,网站,2
2412,"2022-08-29",城乡建设,网站,1
2413,"2022-08-29",交通运输,网站,7
2414,"2022-08-29",农林牧渔,网站,5
2415,"2022-08-29",科教文体,小程序/公众号,189
2416,"2022-08-29",公卫医疗,小程序/公众号,226
2417,"2022-08-29",城乡建设,小程序/公众号,56
2418,"2022-08-29",交通运输,小程序/公众号,18
2419,"2022-08-29",农林牧渔,小程序/公众号,115
2420,"2022-08-30",科教文体,电话,15
2421,"2022-08-30",公卫医疗,电话,0
2422,"2022-08-30",城乡建设,电话,3
2423,"2022-08-30",交通运输,电话,16
2424,"2022-08-30",农林牧渔,电话,18
2425,"2022-08-30",科教文体,来信,63
2426,"2022-08-30",公卫医疗,来信,28
2427,"2022-08-30",城乡建设,来信,7
2428,"2022-08-30",交通运输,来信,9
2429,"2022-08-30",农林牧渔,来信,27
2430,"2022-08-30",科教文体,网站,25
2431,"2022-08-30",公卫医疗,网站,3
2432,"2022-08-30",城乡建设,网站,40
2433,"2022-08-30",交通运输,网站,28
2434,"2022-08-30",农林牧渔,网站,26
2435,"2022-08-30",科教文体,小程序/公众号,57
2436,"2022-08-30",公卫医疗,小程序/公众号,96
2437,"2022-08-30",城乡建设,小程序/公众号,34
2438,"2022-08-30",交通运输,小程序/公众号,89
2439,"2022-08-30",农林牧渔,小程序/公众号,27
2440,"2022-08-31",科教文体,电话,10
2441,"2022-08-31",公卫医疗,电话,8
2442,"2022-08-31",城乡建设,电话,9
2443,"2022-08-31",交通运输,电话,1
2444,"2022-08-31",农林牧渔,电话,8
2445,"2022-08-31",科教文体,来信,9
2446,"2022-08-31",公卫医疗,来信,15
2447,"2022-08-31",城乡建设,来信,10
2448,"2022-08-31",交通运输,来信,0
2449,"2022-08-31",农林牧渔,来信,26
2450,"2022-08-31",科教文体,网站,8
2451,"2022-08-31",公卫医疗,网站,43
2452,"2022-08-31",城乡建设,网站,74
2453,"2022-08-31",交通运输,网站,12
2454,"2022-08-31",农林牧渔,网站,60
2455,"2022-08-31",科教文体,小程序/公众号,89
2456,"2022-08-31",公卫医疗,小程序/公众号,135
2457,"2022-08-31",城乡建设,小程序/公众号,28
2458,"2022-08-31",交通运输,小程序/公众号,25
2459,"2022-08-31",农林牧渔,小程序/公众号,29
2460,"2022-09-01",科教文体,电话,10
2461,"2022-09-01",公卫医疗,电话,5
2462,"2022-09-01",城乡建设,电话,7
2463,"2022-09-01",交通运输,电话,13
2464,"2022-09-01",农林牧渔,电话,17
2465,"2022-09-01",科教文体,来信,17
2466,"2022-09-01",公卫医疗,来信,52
2467,"2022-09-01",城乡建设,来信,30
2468,"2022-09-01",交通运输,来信,13
2469,"2022-09-01",农林牧渔,来信,17
2470,"2022-09-01",科教文体,网站,53
2471,"2022-09-01",公卫医疗,网站,60
2472,"2022-09-01",城乡建设,网站,36
2473,"2022-09-01",交通运输,网站,44
2474,"2022-09-01",农林牧渔,网站,33
2475,"2022-09-01",科教文体,小程序/公众号,27
2476,"2022-09-01",公卫医疗,小程序/公众号,80
2477,"2022-09-01",城乡建设,小程序/公众号,56
2478,"2022-09-01",交通运输,小程序/公众号,84
2479,"2022-09-01",农林牧渔,小程序/公众号,84
2480,"2022-09-02",科教文体,电话,14
2481,"2022-09-02",公卫医疗,电话,11
2482,"2022-09-02",城乡建设,电话,20
2483,"2022-09-02",交通运输,电话,13
2484,"2022-09-02",农林牧渔,电话,15
2485,"2022-09-02",科教文体,来信,13
2486,"2022-09-02",公卫医疗,来信,28
2487,"2022-09-02",城乡建设,来信,10
2488,"2022-09-02",交通运输,来信,9
2489,"2022-09-02",农林牧渔,来信,3
2490,"2022-09-02",科教文体,网站,5
2491,"2022-09-02",公卫医疗,网站,7
2492,"2022-09-02",城乡建设,网站,3
2493,"2022-09-02",交通运输,网站,1
2494,"2022-09-02",农林牧渔,网站,1
2495,"2022-09-02",科教文体,小程序/公众号,50
2496,"2022-09-02",公卫医疗,小程序/公众号,45
2497,"2022-09-02",城乡建设,小程序/公众号,20
2498,"2022-09-02",交通运输,小程序/公众号,44
2499,"2022-09-02",农林牧渔,小程序/公众号,44
2500,"2022-09-03",科教文体,电话,11
2501,"2022-09-03",公卫医疗,电话,1
2502,"2022-09-03",城乡建设,电话,12
2503,"2022-09-03",交通运输,电话,18
2504,"2022-09-03",农林牧渔,电话,15
2505,"2022-09-03",科教文体,来信,29
2506,"2022-09-03",公卫医疗,来信,15
2507,"2022-09-03",城乡建设,来信,8
2508,"2022-09-03",交通运输,来信,8
2509,"2022-09-03",农林牧渔,来信,24
2510,"2022-09-03",科教文体,网站,25
2511,"2022-09-03",公卫医疗,网站,16
2512,"2022-09-03",城乡建设,网站,8
2513,"2022-09-03",交通运输,网站,11
2514,"2022-09-03",农林牧渔,网站,23
2515,"2022-09-03",科教文体,小程序/公众号,1
2516,"2022-09-03",公卫医疗,小程序/公众号,16
2517,"2022-09-03",城乡建设,小程序/公众号,30
2518,"2022-09-03",交通运输,小程序/公众号,27
2519,"2022-09-03",农林牧渔,小程序/公众号,26
2520,"2022-09-04",科教文体,电话,21
2521,"2022-09-04",公卫医疗,电话,60
2522,"2022-09-04",城乡建设,电话,1
2523,"2022-09-04",交通运输,电话,20
2524,"2022-09-04",农林牧渔,电话,39
2525,"2022-09-04",科教文体,来信,81
2526,"2022-09-04",公卫医疗,来信,13
2527,"2022-09-04",城乡建设,来信,104
2528,"2022-09-04",交通运输,来信,11
2529,"2022-09-04",农林牧渔,来信,48
2530,"2022-09-04",科教文体,网站,1
2531,"2022-09-04",公卫医疗,网站,3
2532,"2022-09-04",城乡建设,网站,35
2533,"2022-09-04",交通运输,网站,17
2534,"2022-09-04",农林牧渔,网站,29
2535,"2022-09-04",科教文体,小程序/公众号,111
2536,"2022-09-04",公卫医疗,小程序/公众号,114
2537,"2022-09-04",城乡建设,小程序/公众号,136
2538,"2022-09-04",交通运输,小程序/公众号,76
2539,"2022-09-04",农林牧渔,小程序/公众号,14
2540,"2022-09-05",科教文体,电话,5
2541,"2022-09-05",公卫医疗,电话,5
2542,"2022-09-05",城乡建设,电话,4
2543,"2022-09-05",交通运输,电话,3
2544,"2022-09-05",农林牧渔,电话,6
2545,"2022-09-05",科教文体,来信,1
2546,"2022-09-05",公卫医疗,来信,2
2547,"2022-09-05",城乡建设,来信,8
2548,"2022-09-05",交通运输,来信,11
2549,"2022-09-05",农林牧渔,来信,14
2550,"2022-09-05",科教文体,网站,17
2551,"2022-09-05",公卫医疗,网站,17
2552,"2022-09-05",城乡建设,网站,18
2553,"2022-09-05",交通运输,网站,2
2554,"2022-09-05",农林牧渔,网站,5
2555,"2022-09-05",科教文体,小程序/公众号,39
2556,"2022-09-05",公卫医疗,小程序/公众号,90
2557,"2022-09-05",城乡建设,小程序/公众号,60
2558,"2022-09-05",交通运输,小程序/公众号,98
2559,"2022-09-05",农林牧渔,小程序/公众号,18
2560,"2022-09-06",科教文体,电话,9
2561,"2022-09-06",公卫医疗,电话,1
2562,"2022-09-06",城乡建设,电话,5
2563,"2022-09-06",交通运输,电话,2
2564,"2022-09-06",农林牧渔,电话,1
2565,"2022-09-06",科教文体,来信,28
2566,"2022-09-06",公卫医疗,来信,18
2567,"2022-09-06",城乡建设,来信,25
2568,"2022-09-06",交通运输,来信,29
2569,"2022-09-06",农林牧渔,来信,16
2570,"2022-09-06",科教文体,网站,4
2571,"2022-09-06",公卫医疗,网站,2
2572,"2022-09-06",城乡建设,网站,2
2573,"2022-09-06",交通运输,网站,6
2574,"2022-09-06",农林牧渔,网站,7
2575,"2022-09-06",科教文体,小程序/公众号,81
2576,"2022-09-06",公卫医疗,小程序/公众号,235
2577,"2022-09-06",城乡建设,小程序/公众号,57
2578,"2022-09-06",交通运输,小程序/公众号,137
2579,"2022-09-06",农林牧渔,小程序/公众号,165
2580,"2022-09-07",科教文体,电话,6
2581,"2022-09-07",公卫医疗,电话,14
2582,"2022-09-07",城乡建设,电话,19
2583,"2022-09-07",交通运输,电话,21
2584,"2022-09-07",农林牧渔,电话,10
2585,"2022-09-07",科教文体,来信,3
2586,"2022-09-07",公卫医疗,来信,3
2587,"2022-09-07",城乡建设,来信,2
2588,"2022-09-07",交通运输,来信,2
2589,"2022-09-07",农林牧渔,来信,3
2590,"2022-09-07",科教文体,网站,50
2591,"2022-09-07",公卫医疗,网站,81
2592,"2022-09-07",城乡建设,网站,43
2593,"2022-09-07",交通运输,网站,57
2594,"2022-09-07",农林牧渔,网站,114
2595,"2022-09-07",科教文体,小程序/公众号,146
2596,"2022-09-07",公卫医疗,小程序/公众号,35
2597,"2022-09-07",城乡建设,小程序/公众号,105
2598,"2022-09-07",交通运输,小程序/公众号,53
2599,"2022-09-07",农林牧渔,小程序/公众号,115
2600,"2022-09-08",科教文体,电话,4
2601,"2022-09-08",公卫医疗,电话,16
2602,"2022-09-08",城乡建设,电话,2
2603,"2022-09-08",交通运输,电话,0
2604,"2022-09-08",农林牧渔,电话,9
2605,"2022-09-08",科教文体,来信,40
2606,"2022-09-08",公卫医疗,来信,26
2607,"2022-09-08",城乡建设,来信,21
2608,"2022-09-08",交通运输,来信,40
2609,"2022-09-08",农林牧渔,来信,35
2610,"2022-09-08",科教文体,网站,4
2611,"2022-09-08",公卫医疗,网站,2
2612,"2022-09-08",城乡建设,网站,8
2613,"2022-09-08",交通运输,网站,7
2614,"2022-09-08",农林牧渔,网站,1
2615,"2022-09-08",科教文体,小程序/公众号,56
2616,"2022-09-08",公卫医疗,小程序/公众号,3
2617,"2022-09-08",城乡建设,小程序/公众号,171
2618,"2022-09-08",交通运输,小程序/公众号,144
2619,"2022-09-08",农林牧渔,小程序/公众号,111
2620,"2022-09-09",科教文体,电话,33
2621,"2022-09-09",公卫医疗,电话,46
2622,"2022-09-09",城乡建设,电话,3
2623,"2022-09-09",交通运输,电话,10
2624,"2022-09-09",农林牧渔,电话,26
2625,"2022-09-09",科教文体,来信,23
2626,"2022-09-09",公卫医疗,来信,18
2627,"2022-09-09",城乡建设,来信,15
2628,"2022-09-09",交通运输,来信,19
2629,"2022-09-09",农林牧渔,来信,10
2630,"2022-09-09",科教文体,网站,14
2631,"2022-09-09",公卫医疗,网站,38
2632,"2022-09-09",城乡建设,网站,8
2633,"2022-09-09",交通运输,网站,4
2634,"2022-09-09",农林牧渔,网站,28
2635,"2022-09-09",科教文体,小程序/公众号,88
2636,"2022-09-09",公卫医疗,小程序/公众号,116
2637,"2022-09-09",城乡建设,小程序/公众号,91
2638,"2022-09-09",交通运输,小程序/公众号,41
2639,"2022-09-09",农林牧渔,小程序/公众号,120
2640,"2022-09-10",科教文体,电话,30
2641,"2022-09-10",公卫医疗,电话,31
2642,"2022-09-10",城乡建设,电话,18
2643,"2022-09-10",交通运输,电话,13
2644,"2022-09-10",农林牧渔,电话,6
2645,"2022-09-10",科教文体,来信,59
2646,"2022-09-10",公卫医疗,来信,21
2647,"2022-09-10",城乡建设,来信,13
2648,"2022-09-10",交通运输,来信,15
2649,"2022-09-10",农林牧渔,来信,20
2650,"2022-09-10",科教文体,网站,25
2651,"2022-09-10",公卫医疗,网站,9
2652,"2022-09-10",城乡建设,网站,39
2653,"2022-09-10",交通运输,网站,1
2654,"2022-09-10",农林牧渔,网站,36
2655,"2022-09-10",科教文体,小程序/公众号,67
2656,"2022-09-10",公卫医疗,小程序/公众号,43
2657,"2022-09-10",城乡建设,小程序/公众号,15
2658,"2022-09-10",交通运输,小程序/公众号,73
2659,"2022-09-10",农林牧渔,小程序/公众号,17
2660,"2022-09-11",科教文体,电话,30
2661,"2022-09-11",公卫医疗,电话,1
2662,"2022-09-11",城乡建设,电话,30
2663,"2022-09-11",交通运输,电话,8
2664,"2022-09-11",农林牧渔,电话,31
2665,"2022-09-11",科教文体,来信,7
2666,"2022-09-11",公卫医疗,来信,1
2667,"2022-09-11",城乡建设,来信,4
2668,"2022-09-11",交通运输,来信,7
2669,"2022-09-11",农林牧渔,来信,2
2670,"2022-09-11",科教文体,网站,15
2671,"2022-09-11",公卫医疗,网站,20
2672,"2022-09-11",城乡建设,网站,12
2673,"2022-09-11",交通运输,网站,24
2674,"2022-09-11",农林牧渔,网站,3
2675,"2022-09-11",科教文体,小程序/公众号,21
2676,"2022-09-11",公卫医疗,小程序/公众号,30
2677,"2022-09-11",城乡建设,小程序/公众号,49
2678,"2022-09-11",交通运输,小程序/公众号,93
2679,"2022-09-11",农林牧渔,小程序/公众号,86
2680,"2022-09-12",科教文体,电话,8
2681,"2022-09-12",公卫医疗,电话,7
2682,"2022-09-12",城乡建设,电话,9
2683,"2022-09-12",交通运输,电话,7
2684,"2022-09-12",农林牧渔,电话,10
2685,"2022-09-12",科教文体,来信,6
2686,"2022-09-12",公卫医疗,来信,3
2687,"2022-09-12",城乡建设,来信,12
2688,"2022-09-12",交通运输,来信,12
2689,"2022-09-12",农林牧渔,来信,5
2690,"2022-09-12",科教文体,网站,34
2691,"2022-09-12",公卫医疗,网站,20
2692,"2022-09-12",城乡建设,网站,32
2693,"2022-09-12",交通运输,网站,23
2694,"2022-09-12",农林牧渔,网站,32
2695,"2022-09-12",科教文体,小程序/公众号,74
2696,"2022-09-12",公卫医疗,小程序/公众号,72
2697,"2022-09-12",城乡建设,小程序/公众号,3
2698,"2022-09-12",交通运输,小程序/公众号,58
2699,"2022-09-12",农林牧渔,小程序/公众号,154
2700,"2022-09-13",科教文体,电话,10
2701,"2022-09-13",公卫医疗,电话,22
2702,"2022-09-13",城乡建设,电话,5
2703,"2022-09-13",交通运输,电话,22
2704,"2022-09-13",农林牧渔,电话,24
2705,"2022-09-13",科教文体,来信,10
2706,"2022-09-13",公卫医疗,来信,7
2707,"2022-09-13",城乡建设,来信,3
2708,"2022-09-13",交通运输,来信,12
2709,"2022-09-13",农林牧渔,来信,16
2710,"2022-09-13",科教文体,网站,38
2711,"2022-09-13",公卫医疗,网站,44
2712,"2022-09-13",城乡建设,网站,8
2713,"2022-09-13",交通运输,网站,109
2714,"2022-09-13",农林牧渔,网站,87
2715,"2022-09-13",科教文体,小程序/公众号,204
2716,"2022-09-13",公卫医疗,小程序/公众号,86
2717,"2022-09-13",城乡建设,小程序/公众号,25
2718,"2022-09-13",交通运输,小程序/公众号,82
2719,"2022-09-13",农林牧渔,小程序/公众号,171
2720,"2022-09-14",科教文体,电话,4
2721,"2022-09-14",公卫医疗,电话,29
2722,"2022-09-14",城乡建设,电话,17
2723,"2022-09-14",交通运输,电话,33
2724,"2022-09-14",农林牧渔,电话,34
2725,"2022-09-14",科教文体,来信,15
2726,"2022-09-14",公卫医疗,来信,3
2727,"2022-09-14",城乡建设,来信,18
2728,"2022-09-14",交通运输,来信,10
2729,"2022-09-14",农林牧渔,来信,10
2730,"2022-09-14",科教文体,网站,9
2731,"2022-09-14",公卫医疗,网站,17
2732,"2022-09-14",城乡建设,网站,18
2733,"2022-09-14",交通运输,网站,17
2734,"2022-09-14",农林牧渔,网站,6
2735,"2022-09-14",科教文体,小程序/公众号,24
2736,"2022-09-14",公卫医疗,小程序/公众号,69
2737,"2022-09-14",城乡建设,小程序/公众号,84
2738,"2022-09-14",交通运输,小程序/公众号,44
2739,"2022-09-14",农林牧渔,小程序/公众号,40
2740,"2022-09-15",科教文体,电话,5
2741,"2022-09-15",公卫医疗,电话,5
2742,"2022-09-15",城乡建设,电话,6
2743,"2022-09-15",交通运输,电话,6
2744,"2022-09-15",农林牧渔,电话,6
2745,"2022-09-15",科教文体,来信,3
2746,"2022-09-15",公卫医疗,来信,0
2747,"2022-09-15",城乡建设,来信,47
2748,"2022-09-15",交通运输,来信,63
2749,"2022-09-15",农林牧渔,来信,20
2750,"2022-09-15",科教文体,网站,35
2751,"2022-09-15",公卫医疗,网站,28
2752,"2022-09-15",城乡建设,网站,42
2753,"2022-09-15",交通运输,网站,22
2754,"2022-09-15",农林牧渔,网站,62
2755,"2022-09-15",科教文体,小程序/公众号,40
2756,"2022-09-15",公卫医疗,小程序/公众号,114
2757,"2022-09-15",城乡建设,小程序/公众号,131
2758,"2022-09-15",交通运输,小程序/公众号,69
2759,"2022-09-15",农林牧渔,小程序/公众号,123
2760,"2022-09-16",科教文体,电话,20
2761,"2022-09-16",公卫医疗,电话,18
2762,"2022-09-16",城乡建设,电话,29
2763,"2022-09-16",交通运输,电话,24
2764,"2022-09-16",农林牧渔,电话,11
2765,"2022-09-16",科教文体,来信,1
2766,"2022-09-16",公卫医疗,来信,14
2767,"2022-09-16",城乡建设,来信,4
2768,"2022-09-16",交通运输,来信,10
2769,"2022-09-16",农林牧渔,来信,31
2770,"2022-09-16",科教文体,网站,4
2771,"2022-09-16",公卫医疗,网站,5
2772,"2022-09-16",城乡建设,网站,4
2773,"2022-09-16",交通运输,网站,3
2774,"2022-09-16",农林牧渔,网站,2
2775,"2022-09-16",科教文体,小程序/公众号,110
2776,"2022-09-16",公卫医疗,小程序/公众号,15
2777,"2022-09-16",城乡建设,小程序/公众号,104
2778,"2022-09-16",交通运输,小程序/公众号,102
2779,"2022-09-16",农林牧渔,小程序/公众号,44
2780,"2022-09-17",科教文体,电话,11
2781,"2022-09-17",公卫医疗,电话,4
2782,"2022-09-17",城乡建设,电话,32
2783,"2022-09-17",交通运输,电话,23
2784,"2022-09-17",农林牧渔,电话,16
2785,"2022-09-17",科教文体,来信,10
2786,"2022-09-17",公卫医疗,来信,6
2787,"2022-09-17",城乡建设,来信,34
2788,"2022-09-17",交通运输,来信,35
2789,"2022-09-17",农林牧渔,来信,58
2790,"2022-09-17",科教文体,网站,37
2791,"2022-09-17",公卫医疗,网站,1
2792,"2022-09-17",城乡建设,网站,16
2793,"2022-09-17",交通运输,网站,45
2794,"2022-09-17",农林牧渔,网站,40
2795,"2022-09-17",科教文体,小程序/公众号,12
2796,"2022-09-17",公卫医疗,小程序/公众号,37
2797,"2022-09-17",城乡建设,小程序/公众号,113
2798,"2022-09-17",交通运输,小程序/公众号,43
2799,"2022-09-17",农林牧渔,小程序/公众号,13
2800,"2022-09-18",科教文体,电话,10
2801,"2022-09-18",公卫医疗,电话,31
2802,"2022-09-18",城乡建设,电话,10
2803,"2022-09-18",交通运输,电话,51
2804,"2022-09-18",农林牧渔,电话,34
2805,"2022-09-18",科教文体,来信,9
2806,"2022-09-18",公卫医疗,来信,6
2807,"2022-09-18",城乡建设,来信,5
2808,"2022-09-18",交通运输,来信,6
2809,"2022-09-18",农林牧渔,来信,11
2810,"2022-09-18",科教文体,网站,28
2811,"2022-09-18",公卫医疗,网站,34
2812,"2022-09-18",城乡建设,网站,14
2813,"2022-09-18",交通运输,网站,12
2814,"2022-09-18",农林牧渔,网站,22
2815,"2022-09-18",科教文体,小程序/公众号,66
2816,"2022-09-18",公卫医疗,小程序/公众号,68
2817,"2022-09-18",城乡建设,小程序/公众号,67
2818,"2022-09-18",交通运输,小程序/公众号,40
2819,"2022-09-18",农林牧渔,小程序/公众号,69
2820,"2022-09-19",科教文体,电话,3
2821,"2022-09-19",公卫医疗,电话,22
2822,"2022-09-19",城乡建设,电话,25
2823,"2022-09-19",交通运输,电话,3
2824,"2022-09-19",农林牧渔,电话,4
2825,"2022-09-19",科教文体,来信,60
2826,"2022-09-19",公卫医疗,来信,18
2827,"2022-09-19",城乡建设,来信,57
2828,"2022-09-19",交通运输,来信,5
2829,"2022-09-19",农林牧渔,来信,46
2830,"2022-09-19",科教文体,网站,31
2831,"2022-09-19",公卫医疗,网站,22
2832,"2022-09-19",城乡建设,网站,3
2833,"2022-09-19",交通运输,网站,18
2834,"2022-09-19",农林牧渔,网站,19
2835,"2022-09-19",科教文体,小程序/公众号,94
2836,"2022-09-19",公卫医疗,小程序/公众号,109
2837,"2022-09-19",城乡建设,小程序/公众号,124
2838,"2022-09-19",交通运输,小程序/公众号,87
2839,"2022-09-19",农林牧渔,小程序/公众号,125
2840,"2022-09-20",科教文体,电话,3
2841,"2022-09-20",公卫医疗,电话,4
2842,"2022-09-20",城乡建设,电话,3
2843,"2022-09-20",交通运输,电话,2
2844,"2022-09-20",农林牧渔,电话,7
2845,"2022-09-20",科教文体,来信,23
2846,"2022-09-20",公卫医疗,来信,5
2847,"2022-09-20",城乡建设,来信,52
2848,"2022-09-20",交通运输,来信,5
2849,"2022-09-20",农林牧渔,来信,65
2850,"2022-09-20",科教文体,网站,8
2851,"2022-09-20",公卫医疗,网站,25
2852,"2022-09-20",城乡建设,网站,23
2853,"2022-09-20",交通运输,网站,16
2854,"2022-09-20",农林牧渔,网站,5
2855,"2022-09-20",科教文体,小程序/公众号,41
2856,"2022-09-20",公卫医疗,小程序/公众号,95
2857,"2022-09-20",城乡建设,小程序/公众号,41
2858,"2022-09-20",交通运输,小程序/公众号,74
2859,"2022-09-20",农林牧渔,小程序/公众号,71
2860,"2022-09-21",科教文体,电话,63
2861,"2022-09-21",公卫医疗,电话,9
2862,"2022-09-21",城乡建设,电话,4
2863,"2022-09-21",交通运输,电话,33
2864,"2022-09-21",农林牧渔,电话,22
2865,"2022-09-21",科教文体,来信,23
2866,"2022-09-21",公卫医疗,来信,10
2867,"2022-09-21",城乡建设,来信,10
2868,"2022-09-21",交通运输,来信,23
2869,"2022-09-21",农林牧渔,来信,16
2870,"2022-09-21",科教文体,网站,11
2871,"2022-09-21",公卫医疗,网站,7
2872,"2022-09-21",城乡建设,网站,10
2873,"2022-09-21",交通运输,网站,13
2874,"2022-09-21",农林牧渔,网站,14
2875,"2022-09-21",科教文体,小程序/公众号,138
2876,"2022-09-21",公卫医疗,小程序/公众号,101
2877,"2022-09-21",城乡建设,小程序/公众号,190
2878,"2022-09-21",交通运输,小程序/公众号,28
2879,"2022-09-21",农林牧渔,小程序/公众号,208
2880,"2022-09-22",科教文体,电话,3
2881,"2022-09-22",公卫医疗,电话,2
2882,"2022-09-22",城乡建设,电话,1
2883,"2022-09-22",交通运输,电话,2
2884,"2022-09-22",农林牧渔,电话,6
2885,"2022-09-22",科教文体,来信,9
2886,"2022-09-22",公卫医疗,来信,7
2887,"2022-09-22",城乡建设,来信,6
2888,"2022-09-22",交通运输,来信,7
2889,"2022-09-22",农林牧渔,来信,11
2890,"2022-09-22",科教文体,网站,29
2891,"2022-09-22",公卫医疗,网站,64
2892,"2022-09-22",城乡建设,网站,27
2893,"2022-09-22",交通运输,网站,36
2894,"2022-09-22",农林牧渔,网站,5
2895,"2022-09-22",科教文体,小程序/公众号,49
2896,"2022-09-22",公卫医疗,小程序/公众号,44
2897,"2022-09-22",城乡建设,小程序/公众号,50
2898,"2022-09-22",交通运输,小程序/公众号,59
2899,"2022-09-22",农林牧渔,小程序/公众号,45
2900,"2022-09-23",科教文体,电话,0
2901,"2022-09-23",公卫医疗,电话,43
2902,"2022-09-23",城乡建设,电话,15
2903,"2022-09-23",交通运输,电话,8
2904,"2022-09-23",农林牧渔,电话,3
2905,"2022-09-23",科教文体,来信,26
2906,"2022-09-23",公卫医疗,来信,6
2907,"2022-09-23",城乡建设,来信,1
2908,"2022-09-23",交通运输,来信,5
2909,"2022-09-23",农林牧渔,来信,20
2910,"2022-09-23",科教文体,网站,33
2911,"2022-09-23",公卫医疗,网站,39
2912,"2022-09-23",城乡建设,网站,31
2913,"2022-09-23",交通运输,网站,4
2914,"2022-09-23",农林牧渔,网站,38
2915,"2022-09-23",科教文体,小程序/公众号,60
2916,"2022-09-23",公卫医疗,小程序/公众号,43
2917,"2022-09-23",城乡建设,小程序/公众号,59
2918,"2022-09-23",交通运输,小程序/公众号,54
2919,"2022-09-23",农林牧渔,小程序/公众号,31
2920,"2022-09-24",科教文体,电话,4
2921,"2022-09-24",公卫医疗,电话,0
2922,"2022-09-24",城乡建设,电话,28
2923,"2022-09-24",交通运输,电话,27
2924,"2022-09-24",农林牧渔,电话,9
2925,"2022-09-24",科教文体,来信,51
2926,"2022-09-24",公卫医疗,来信,8
2927,"2022-09-24",城乡建设,来信,77
2928,"2022-09-24",交通运输,来信,27
2929,"2022-09-24",农林牧渔,来信,57
2930,"2022-09-24",科教文体,网站,19
2931,"2022-09-24",公卫医疗,网站,6
2932,"2022-09-24",城乡建设,网站,11
2933,"2022-09-24",交通运输,网站,15
2934,"2022-09-24",农林牧渔,网站,13
2935,"2022-09-24",科教文体,小程序/公众号,53
2936,"2022-09-24",公卫医疗,小程序/公众号,12
2937,"2022-09-24",城乡建设,小程序/公众号,124
2938,"2022-09-24",交通运输,小程序/公众号,115
2939,"2022-09-24",农林牧渔,小程序/公众号,146
2940,"2022-09-25",科教文体,电话,45
2941,"2022-09-25",公卫医疗,电话,9
2942,"2022-09-25",城乡建设,电话,1
2943,"2022-09-25",交通运输,电话,24
2944,"2022-09-25",农林牧渔,电话,53
2945,"2022-09-25",科教文体,来信,0
2946,"2022-09-25",公卫医疗,来信,1
2947,"2022-09-25",城乡建设,来信,7
2948,"2022-09-25",交通运输,来信,6
2949,"2022-09-25",农林牧渔,来信,3
2950,"2022-09-25",科教文体,网站,37
2951,"2022-09-25",公卫医疗,网站,55
2952,"2022-09-25",城乡建设,网站,13
2953,"2022-09-25",交通运输,网站,25
2954,"2022-09-25",农林牧渔,网站,16
2955,"2022-09-25",科教文体,小程序/公众号,22
2956,"2022-09-25",公卫医疗,小程序/公众号,54
2957,"2022-09-25",城乡建设,小程序/公众号,92
2958,"2022-09-25",交通运输,小程序/公众号,100
2959,"2022-09-25",农林牧渔,小程序/公众号,61
2960,"2022-09-26",科教文体,电话,2
2961,"2022-09-26",公卫医疗,电话,5
2962,"2022-09-26",城乡建设,电话,5
2963,"2022-09-26",交通运输,电话,4
2964,"2022-09-26",农林牧渔,电话,5
2965,"2022-09-26",科教文体,来信,30
2966,"2022-09-26",公卫医疗,来信,72
2967,"2022-09-26",城乡建设,来信,47
2968,"2022-09-26",交通运输,来信,26
2969,"2022-09-26",农林牧渔,来信,110
2970,"2022-09-26",科教文体,网站,29
2971,"2022-09-26",公卫医疗,网站,2
2972,"2022-09-26",城乡建设,网站,58
2973,"2022-09-26",交通运输,网站,85
2974,"2022-09-26",农林牧渔,网站,12
2975,"2022-09-26",科教文体,小程序/公众号,49
2976,"2022-09-26",公卫医疗,小程序/公众号,51
2977,"2022-09-26",城乡建设,小程序/公众号,90
2978,"2022-09-26",交通运输,小程序/公众号,167
2979,"2022-09-26",农林牧渔,小程序/公众号,92
2980,"2022-09-27",科教文体,电话,44
2981,"2022-09-27",公卫医疗,电话,6
2982,"2022-09-27",城乡建设,电话,2
2983,"2022-09-27",交通运输,电话,38
2984,"2022-09-27",农林牧渔,电话,33
2985,"2022-09-27",科教文体,来信,35
2986,"2022-09-27",公卫医疗,来信,37
2987,"2022-09-27",城乡建设,来信,26
2988,"2022-09-27",交通运输,来信,36
2989,"2022-09-27",农林牧渔,来信,50
2990,"2022-09-27",科教文体,网站,49
2991,"2022-09-27",公卫医疗,网站,28
2992,"2022-09-27",城乡建设,网站,65
2993,"2022-09-27",交通运输,网站,41
2994,"2022-09-27",农林牧渔,网站,23
2995,"2022-09-27",科教文体,小程序/公众号,118
2996,"2022-09-27",公卫医疗,小程序/公众号,28
2997,"2022-09-27",城乡建设,小程序/公众号,101
2998,"2022-09-27",交通运输,小程序/公众号,14
2999,"2022-09-27",农林牧渔,小程序/公众号,123
3000,"2022-09-28",科教文体,电话,12
3001,"2022-09-28",公卫医疗,电话,8
3002,"2022-09-28",城乡建设,电话,19
3003,"2022-09-28",交通运输,电话,7
3004,"2022-09-28",农林牧渔,电话,1
3005,"2022-09-28",科教文体,来信,10
3006,"2022-09-28",公卫医疗,来信,22
3007,"2022-09-28",城乡建设,来信,47
3008,"2022-09-28",交通运输,来信,40
3009,"2022-09-28",农林牧渔,来信,33
3010,"2022-09-28",科教文体,网站,1
3011,"2022-09-28",公卫医疗,网站,26
3012,"2022-09-28",城乡建设,网站,12
3013,"2022-09-28",交通运输,网站,38
3014,"2022-09-28",农林牧渔,网站,57
3015,"2022-09-28",科教文体,小程序/公众号,77
3016,"2022-09-28",公卫医疗,小程序/公众号,3
3017,"2022-09-28",城乡建设,小程序/公众号,34
3018,"2022-09-28",交通运输,小程序/公众号,17
3019,"2022-09-28",农林牧渔,小程序/公众号,73
3020,"2022-09-29",科教文体,电话,43
3021,"2022-09-29",公卫医疗,电话,23
3022,"2022-09-29",城乡建设,电话,30
3023,"2022-09-29",交通运输,电话,9
3024,"2022-09-29",农林牧渔,电话,6
3025,"2022-09-29",科教文体,来信,25
3026,"2022-09-29",公卫医疗,来信,22
3027,"2022-09-29",城乡建设,来信,37
3028,"2022-09-29",交通运输,来信,32
3029,"2022-09-29",农林牧渔,来信,13
3030,"2022-09-29",科教文体,网站,3
3031,"2022-09-29",公卫医疗,网站,18
3032,"2022-09-29",城乡建设,网站,31
3033,"2022-09-29",交通运输,网站,31
3034,"2022-09-29",农林牧渔,网站,16
3035,"2022-09-29",科教文体,小程序/公众号,36
3036,"2022-09-29",公卫医疗,小程序/公众号,41
3037,"2022-09-29",城乡建设,小程序/公众号,8
3038,"2022-09-29",交通运输,小程序/公众号,109
3039,"2022-09-29",农林牧渔,小程序/公众号,61
3040,"2022-09-30",科教文体,电话,18
3041,"2022-09-30",公卫医疗,电话,35
3042,"2022-09-30",城乡建设,电话,35
3043,"2022-09-30",交通运输,电话,18
3044,"2022-09-30",农林牧渔,电话,31
3045,"2022-09-30",科教文体,来信,65
3046,"2022-09-30",公卫医疗,来信,49
3047,"2022-09-30",城乡建设,来信,54
3048,"2022-09-30",交通运输,来信,38
3049,"2022-09-30",农林牧渔,来信,18
3050,"2022-09-30",科教文体,网站,10
3051,"2022-09-30",公卫医疗,网站,7
3052,"2022-09-30",城乡建设,网站,42
3053,"2022-09-30",交通运输,网站,14
3054,"2022-09-30",农林牧渔,网站,4
3055,"2022-09-30",科教文体,小程序/公众号,88
3056,"2022-09-30",公卫医疗,小程序/公众号,39
3057,"2022-09-30",城乡建设,小程序/公众号,119
3058,"2022-09-30",交通运输,小程序/公众号,41
3059,"2022-09-30",农林牧渔,小程序/公众号,192
3060,"2022-10-01",科教文体,电话,1
3061,"2022-10-01",公卫医疗,电话,27
3062,"2022-10-01",城乡建设,电话,24
3063,"2022-10-01",交通运输,电话,8
3064,"2022-10-01",农林牧渔,电话,19
3065,"2022-10-01",科教文体,来信,15
3066,"2022-10-01",公卫医疗,来信,9
3067,"2022-10-01",城乡建设,来信,16
3068,"2022-10-01",交通运输,来信,0
3069,"2022-10-01",农林牧渔,来信,12
3070,"2022-10-01",科教文体,网站,31
3071,"2022-10-01",公卫医疗,网站,40
3072,"2022-10-01",城乡建设,网站,47
3073,"2022-10-01",交通运输,网站,62
3074,"2022-10-01",农林牧渔,网站,36
3075,"2022-10-01",科教文体,小程序/公众号,29
3076,"2022-10-01",公卫医疗,小程序/公众号,38
3077,"2022-10-01",城乡建设,小程序/公众号,119
3078,"2022-10-01",交通运输,小程序/公众号,115
3079,"2022-10-01",农林牧渔,小程序/公众号,47
3080,"2022-10-02",科教文体,电话,39
3081,"2022-10-02",公卫医疗,电话,39
3082,"2022-10-02",城乡建设,电话,8
3083,"2022-10-02",交通运输,电话,22
3084,"2022-10-02",农林牧渔,电话,14
3085,"2022-10-02",科教文体,来信,6
3086,"2022-10-02",公卫医疗,来信,1
3087,"2022-10-02",城乡建设,来信,3
3088,"2022-10-02",交通运输,来信,3
3089,"2022-10-02",农林牧渔,来信,5
3090,"2022-10-02",科教文体,网站,33
3091,"2022-10-02",公卫医疗,网站,7
3092,"2022-10-02",城乡建设,网站,1
3093,"2022-10-02",交通运输,网站,17
3094,"2022-10-02",农林牧渔,网站,19
3095,"2022-10-02",科教文体,小程序/公众号,99
3096,"2022-10-02",公卫医疗,小程序/公众号,192
3097,"2022-10-02",城乡建设,小程序/公众号,123
3098,"2022-10-02",交通运输,小程序/公众号,192
3099,"2022-10-02",农林牧渔,小程序/公众号,38
3100,"2022-10-03",科教文体,电话,12
3101,"2022-10-03",公卫医疗,电话,2
3102,"2022-10-03",城乡建设,电话,6
3103,"2022-10-03",交通运输,电话,8
3104,"2022-10-03",农林牧渔,电话,2
3105,"2022-10-03",科教文体,来信,42
3106,"2022-10-03",公卫医疗,来信,10
3107,"2022-10-03",城乡建设,来信,7
3108,"2022-10-03",交通运输,来信,39
3109,"2022-10-03",农林牧渔,来信,34
3110,"2022-10-03",科教文体,网站,9
3111,"2022-10-03",公卫医疗,网站,76
3112,"2022-10-03",城乡建设,网站,1
3113,"2022-10-03",交通运输,网站,77
3114,"2022-10-03",农林牧渔,网站,48
3115,"2022-10-03",科教文体,小程序/公众号,175
3116,"2022-10-03",公卫医疗,小程序/公众号,102
3117,"2022-10-03",城乡建设,小程序/公众号,164
3118,"2022-10-03",交通运输,小程序/公众号,48
3119,"2022-10-03",农林牧渔,小程序/公众号,120
3120,"2022-10-04",科教文体,电话,27
3121,"2022-10-04",公卫医疗,电话,29
3122,"2022-10-04",城乡建设,电话,7
3123,"2022-10-04",交通运输,电话,23
3124,"2022-10-04",农林牧渔,电话,22
3125,"2022-10-04",科教文体,来信,8
3126,"2022-10-04",公卫医疗,来信,54
3127,"2022-10-04",城乡建设,来信,0
3128,"2022-10-04",交通运输,来信,46
3129,"2022-10-04",农林牧渔,来信,37
3130,"2022-10-04",科教文体,网站,36
3131,"2022-10-04",公卫医疗,网站,18
3132,"2022-10-04",城乡建设,网站,25
3133,"2022-10-04",交通运输,网站,25
3134,"2022-10-04",农林牧渔,网站,49
3135,"2022-10-04",科教文体,小程序/公众号,17
3136,"2022-10-04",公卫医疗,小程序/公众号,66
3137,"2022-10-04",城乡建设,小程序/公众号,31
3138,"2022-10-04",交通运输,小程序/公众号,74
3139,"2022-10-04",农林牧渔,小程序/公众号,53
3140,"2022-10-05",科教文体,电话,31
3141,"2022-10-05",公卫医疗,电话,32
3142,"2022-10-05",城乡建设,电话,28
3143,"2022-10-05",交通运输,电话,26
3144,"2022-10-05",农林牧渔,电话,26
3145,"2022-10-05",科教文体,来信,41
3146,"2022-10-05",公卫医疗,来信,5
3147,"2022-10-05",城乡建设,来信,9
3148,"2022-10-05",交通运输,来信,9
3149,"2022-10-05",农林牧渔,来信,45
3150,"2022-10-05",科教文体,网站,84
3151,"2022-10-05",公卫医疗,网站,18
3152,"2022-10-05",城乡建设,网站,79
3153,"2022-10-05",交通运输,网站,77
3154,"2022-10-05",农林牧渔,网站,80
3155,"2022-10-05",科教文体,小程序/公众号,35
3156,"2022-10-05",公卫医疗,小程序/公众号,36
3157,"2022-10-05",城乡建设,小程序/公众号,99
3158,"2022-10-05",交通运输,小程序/公众号,163
3159,"2022-10-05",农林牧渔,小程序/公众号,60
3160,"2022-10-06",科教文体,电话,11
3161,"2022-10-06",公卫医疗,电话,13
3162,"2022-10-06",城乡建设,电话,2
3163,"2022-10-06",交通运输,电话,12
3164,"2022-10-06",农林牧渔,电话,6
3165,"2022-10-06",科教文体,来信,16
3166,"2022-10-06",公卫医疗,来信,16
3167,"2022-10-06",城乡建设,来信,12
3168,"2022-10-06",交通运输,来信,15
3169,"2022-10-06",农林牧渔,来信,13
3170,"2022-10-06",科教文体,网站,15
3171,"2022-10-06",公卫医疗,网站,5
3172,"2022-10-06",城乡建设,网站,16
3173,"2022-10-06",交通运输,网站,9
3174,"2022-10-06",农林牧渔,网站,28
3175,"2022-10-06",科教文体,小程序/公众号,42
3176,"2022-10-06",公卫医疗,小程序/公众号,7
3177,"2022-10-06",城乡建设,小程序/公众号,19
3178,"2022-10-06",交通运输,小程序/公众号,35
3179,"2022-10-06",农林牧渔,小程序/公众号,31
3180,"2022-10-07",科教文体,电话,21
3181,"2022-10-07",公卫医疗,电话,15
3182,"2022-10-07",城乡建设,电话,0
3183,"2022-10-07",交通运输,电话,13
3184,"2022-10-07",农林牧渔,电话,8
3185,"2022-10-07",科教文体,来信,1
3186,"2022-10-07",公卫医疗,来信,6
3187,"2022-10-07",城乡建设,来信,3
3188,"2022-10-07",交通运输,来信,1
3189,"2022-10-07",农林牧渔,来信,2
3190,"2022-10-07",科教文体,网站,38
3191,"2022-10-07",公卫医疗,网站,39
3192,"2022-10-07",城乡建设,网站,15
3193,"2022-10-07",交通运输,网站,39
3194,"2022-10-07",农林牧渔,网站,37
3195,"2022-10-07",科教文体,小程序/公众号,19
3196,"2022-10-07",公卫医疗,小程序/公众号,34
3197,"2022-10-07",城乡建设,小程序/公众号,18
3198,"2022-10-07",交通运输,小程序/公众号,19
3199,"2022-10-07",农林牧渔,小程序/公众号,90
3200,"2022-10-08",科教文体,电话,12
3201,"2022-10-08",公卫医疗,电话,41
3202,"2022-10-08",城乡建设,电话,37
3203,"2022-10-08",交通运输,电话,27
3204,"2022-10-08",农林牧渔,电话,27
3205,"2022-10-08",科教文体,来信,1
3206,"2022-10-08",公卫医疗,来信,34
3207,"2022-10-08",城乡建设,来信,2
3208,"2022-10-08",交通运输,来信,28
3209,"2022-10-08",农林牧渔,来信,49
3210,"2022-10-08",科教文体,网站,17
3211,"2022-10-08",公卫医疗,网站,38
3212,"2022-10-08",城乡建设,网站,28
3213,"2022-10-08",交通运输,网站,24
3214,"2022-10-08",农林牧渔,网站,40
3215,"2022-10-08",科教文体,小程序/公众号,27
3216,"2022-10-08",公卫医疗,小程序/公众号,53
3217,"2022-10-08",城乡建设,小程序/公众号,21
3218,"2022-10-08",交通运输,小程序/公众号,30
3219,"2022-10-08",农林牧渔,小程序/公众号,70
3220,"2022-10-09",科教文体,电话,33
3221,"2022-10-09",公卫医疗,电话,13
3222,"2022-10-09",城乡建设,电话,36
3223,"2022-10-09",交通运输,电话,32
3224,"2022-10-09",农林牧渔,电话,13
3225,"2022-10-09",科教文体,来信,53
3226,"2022-10-09",公卫医疗,来信,24
3227,"2022-10-09",城乡建设,来信,2
3228,"2022-10-09",交通运输,来信,36
3229,"2022-10-09",农林牧渔,来信,28
3230,"2022-10-09",科教文体,网站,7
3231,"2022-10-09",公卫医疗,网站,2
3232,"2022-10-09",城乡建设,网站,2
3233,"2022-10-09",交通运输,网站,9
3234,"2022-10-09",农林牧渔,网站,7
3235,"2022-10-09",科教文体,小程序/公众号,79
3236,"2022-10-09",公卫医疗,小程序/公众号,42
3237,"2022-10-09",城乡建设,小程序/公众号,44
3238,"2022-10-09",交通运输,小程序/公众号,70
3239,"2022-10-09",农林牧渔,小程序/公众号,38
3240,"2022-10-10",科教文体,电话,5
3241,"2022-10-10",公卫医疗,电话,2
3242,"2022-10-10",城乡建设,电话,6
3243,"2022-10-10",交通运输,电话,1
3244,"2022-10-10",农林牧渔,电话,2
3245,"2022-10-10",科教文体,来信,27
3246,"2022-10-10",公卫医疗,来信,42
3247,"2022-10-10",城乡建设,来信,56
3248,"2022-10-10",交通运输,来信,4
3249,"2022-10-10",农林牧渔,来信,52
3250,"2022-10-10",科教文体,网站,14
3251,"2022-10-10",公卫医疗,网站,1
3252,"2022-10-10",城乡建设,网站,41
3253,"2022-10-10",交通运输,网站,47
3254,"2022-10-10",农林牧渔,网站,3
3255,"2022-10-10",科教文体,小程序/公众号,60
3256,"2022-10-10",公卫医疗,小程序/公众号,21
3257,"2022-10-10",城乡建设,小程序/公众号,94
3258,"2022-10-10",交通运输,小程序/公众号,115
3259,"2022-10-10",农林牧渔,小程序/公众号,99
3260,"2022-10-11",科教文体,电话,4
3261,"2022-10-11",公卫医疗,电话,8
3262,"2022-10-11",城乡建设,电话,4
3263,"2022-10-11",交通运输,电话,13
3264,"2022-10-11",农林牧渔,电话,0
3265,"2022-10-11",科教文体,来信,22
3266,"2022-10-11",公卫医疗,来信,29
3267,"2022-10-11",城乡建设,来信,19
3268,"2022-10-11",交通运输,来信,31
3269,"2022-10-11",农林牧渔,来信,23
3270,"2022-10-11",科教文体,网站,64
3271,"2022-10-11",公卫医疗,网站,77
3272,"2022-10-11",城乡建设,网站,60
3273,"2022-10-11",交通运输,网站,84
3274,"2022-10-11",农林牧渔,网站,60
3275,"2022-10-11",科教文体,小程序/公众号,103
3276,"2022-10-11",公卫医疗,小程序/公众号,78
3277,"2022-10-11",城乡建设,小程序/公众号,137
3278,"2022-10-11",交通运输,小程序/公众号,58
3279,"2022-10-11",农林牧渔,小程序/公众号,115
3280,"2022-10-12",科教文体,电话,14
3281,"2022-10-12",公卫医疗,电话,14
3282,"2022-10-12",城乡建设,电话,25
3283,"2022-10-12",交通运输,电话,29
3284,"2022-10-12",农林牧渔,电话,39
3285,"2022-10-12",科教文体,来信,6
3286,"2022-10-12",公卫医疗,来信,9
3287,"2022-10-12",城乡建设,来信,11
3288,"2022-10-12",交通运输,来信,12
3289,"2022-10-12",农林牧渔,来信,20
3290,"2022-10-12",科教文体,网站,43
3291,"2022-10-12",公卫医疗,网站,11
3292,"2022-10-12",城乡建设,网站,26
3293,"2022-10-12",交通运输,网站,43
3294,"2022-10-12",农林牧渔,网站,29
3295,"2022-10-12",科教文体,小程序/公众号,63
3296,"2022-10-12",公卫医疗,小程序/公众号,47
3297,"2022-10-12",城乡建设,小程序/公众号,80
3298,"2022-10-12",交通运输,小程序/公众号,8
3299,"2022-10-12",农林牧渔,小程序/公众号,18
3300,"2022-10-13",科教文体,电话,24
3301,"2022-10-13",公卫医疗,电话,9
3302,"2022-10-13",城乡建设,电话,14
3303,"2022-10-13",交通运输,电话,18
3304,"2022-10-13",农林牧渔,电话,35
3305,"2022-10-13",科教文体,来信,18
3306,"2022-10-13",公卫医疗,来信,27
3307,"2022-10-13",城乡建设,来信,49
3308,"2022-10-13",交通运输,来信,20
3309,"2022-10-13",农林牧渔,来信,24
3310,"2022-10-13",科教文体,网站,13
3311,"2022-10-13",公卫医疗,网站,7
3312,"2022-10-13",城乡建设,网站,16
3313,"2022-10-13",交通运输,网站,12
3314,"2022-10-13",农林牧渔,网站,12
3315,"2022-10-13",科教文体,小程序/公众号,38
3316,"2022-10-13",公卫医疗,小程序/公众号,61
3317,"2022-10-13",城乡建设,小程序/公众号,60
3318,"2022-10-13",交通运输,小程序/公众号,56
3319,"2022-10-13",农林牧渔,小程序/公众号,40
3320,"2022-10-14",科教文体,电话,18
3321,"2022-10-14",公卫医疗,电话,14
3322,"2022-10-14",城乡建设,电话,9
3323,"2022-10-14",交通运输,电话,18
3324,"2022-10-14",农林牧渔,电话,13
3325,"2022-10-14",科教文体,来信,78
3326,"2022-10-14",公卫医疗,来信,70
3327,"2022-10-14",城乡建设,来信,11
3328,"2022-10-14",交通运输,来信,82
3329,"2022-10-14",农林牧渔,来信,9
3330,"2022-10-14",科教文体,网站,1
3331,"2022-10-14",公卫医疗,网站,2
3332,"2022-10-14",城乡建设,网站,2
3333,"2022-10-14",交通运输,网站,5
3334,"2022-10-14",农林牧渔,网站,1
3335,"2022-10-14",科教文体,小程序/公众号,173
3336,"2022-10-14",公卫医疗,小程序/公众号,53
3337,"2022-10-14",城乡建设,小程序/公众号,159
3338,"2022-10-14",交通运输,小程序/公众号,38
3339,"2022-10-14",农林牧渔,小程序/公众号,69
3340,"2022-10-15",科教文体,电话,5
3341,"2022-10-15",公卫医疗,电话,22
3342,"2022-10-15",城乡建设,电话,15
3343,"2022-10-15",交通运输,电话,0
3344,"2022-10-15",农林牧渔,电话,13
3345,"2022-10-15",科教文体,来信,84
3346,"2022-10-15",公卫医疗,来信,44
3347,"2022-10-15",城乡建设,来信,1
3348,"2022-10-15",交通运输,来信,103
3349,"2022-10-15",农林牧渔,来信,32
3350,"2022-10-15",科教文体,网站,78
3351,"2022-10-15",公卫医疗,网站,14
3352,"2022-10-15",城乡建设,网站,53
3353,"2022-10-15",交通运输,网站,53
3354,"2022-10-15",农林牧渔,网站,84
3355,"2022-10-15",科教文体,小程序/公众号,53
3356,"2022-10-15",公卫医疗,小程序/公众号,66
3357,"2022-10-15",城乡建设,小程序/公众号,52
3358,"2022-10-15",交通运输,小程序/公众号,62
3359,"2022-10-15",农林牧渔,小程序/公众号,76
3360,"2022-10-16",科教文体,电话,5
3361,"2022-10-16",公卫医疗,电话,9
3362,"2022-10-16",城乡建设,电话,19
3363,"2022-10-16",交通运输,电话,0
3364,"2022-10-16",农林牧渔,电话,14
3365,"2022-10-16",科教文体,来信,19
3366,"2022-10-16",公卫医疗,来信,33
3367,"2022-10-16",城乡建设,来信,18
3368,"2022-10-16",交通运输,来信,30
3369,"2022-10-16",农林牧渔,来信,21
3370,"2022-10-16",科教文体,网站,20
3371,"2022-10-16",公卫医疗,网站,29
3372,"2022-10-16",城乡建设,网站,23
3373,"2022-10-16",交通运输,网站,24
3374,"2022-10-16",农林牧渔,网站,27
3375,"2022-10-16",科教文体,小程序/公众号,24
3376,"2022-10-16",公卫医疗,小程序/公众号,61
3377,"2022-10-16",城乡建设,小程序/公众号,44
3378,"2022-10-16",交通运输,小程序/公众号,61
3379,"2022-10-16",农林牧渔,小程序/公众号,19
3380,"2022-10-17",科教文体,电话,11
3381,"2022-10-17",公卫医疗,电话,18
3382,"2022-10-17",城乡建设,电话,1
3383,"2022-10-17",交通运输,电话,17
3384,"2022-10-17",农林牧渔,电话,13
3385,"2022-10-17",科教文体,来信,0
3386,"2022-10-17",公卫医疗,来信,1
3387,"2022-10-17",城乡建设,来信,7
3388,"2022-10-17",交通运输,来信,3
3389,"2022-10-17",农林牧渔,来信,0
3390,"2022-10-17",科教文体,网站,87
3391,"2022-10-17",公卫医疗,网站,77
3392,"2022-10-17",城乡建设,网站,22
3393,"2022-10-17",交通运输,网站,46
3394,"2022-10-17",农林牧渔,网站,90
3395,"2022-10-17",科教文体,小程序/公众号,122
3396,"2022-10-17",公卫医疗,小程序/公众号,37
3397,"2022-10-17",城乡建设,小程序/公众号,160
3398,"2022-10-17",交通运输,小程序/公众号,71
3399,"2022-10-17",农林牧渔,小程序/公众号,68
3400,"2022-10-18",科教文体,电话,7
3401,"2022-10-18",公卫医疗,电话,14
3402,"2022-10-18",城乡建设,电话,18
3403,"2022-10-18",交通运输,电话,23
3404,"2022-10-18",农林牧渔,电话,3
3405,"2022-10-18",科教文体,来信,8
3406,"2022-10-18",公卫医疗,来信,18
3407,"2022-10-18",城乡建设,来信,17
3408,"2022-10-18",交通运输,来信,11
3409,"2022-10-18",农林牧渔,来信,16
3410,"2022-10-18",科教文体,网站,8
3411,"2022-10-18",公卫医疗,网站,58
3412,"2022-10-18",城乡建设,网站,10
3413,"2022-10-18",交通运输,网站,2
3414,"2022-10-18",农林牧渔,网站,38
3415,"2022-10-18",科教文体,小程序/公众号,24
3416,"2022-10-18",公卫医疗,小程序/公众号,61
3417,"2022-10-18",城乡建设,小程序/公众号,20
3418,"2022-10-18",交通运输,小程序/公众号,50
3419,"2022-10-18",农林牧渔,小程序/公众号,35
3420,"2022-10-19",科教文体,电话,22
3421,"2022-10-19",公卫医疗,电话,14
3422,"2022-10-19",城乡建设,电话,16
3423,"2022-10-19",交通运输,电话,16
3424,"2022-10-19",农林牧渔,电话,19
3425,"2022-10-19",科教文体,来信,40
3426,"2022-10-19",公卫医疗,来信,41
3427,"2022-10-19",城乡建设,来信,46
3428,"2022-10-19",交通运输,来信,10
3429,"2022-10-19",农林牧渔,来信,31
3430,"2022-10-19",科教文体,网站,9
3431,"2022-10-19",公卫医疗,网站,28
3432,"2022-10-19",城乡建设,网站,10
3433,"2022-10-19",交通运输,网站,6
3434,"2022-10-19",农林牧渔,网站,18
3435,"2022-10-19",科教文体,小程序/公众号,98
3436,"2022-10-19",公卫医疗,小程序/公众号,8
3437,"2022-10-19",城乡建设,小程序/公众号,75
3438,"2022-10-19",交通运输,小程序/公众号,114
3439,"2022-10-19",农林牧渔,小程序/公众号,107
3440,"2022-10-20",科教文体,电话,5
3441,"2022-10-20",公卫医疗,电话,17
3442,"2022-10-20",城乡建设,电话,20
3443,"2022-10-20",交通运输,电话,14
3444,"2022-10-20",农林牧渔,电话,13
3445,"2022-10-20",科教文体,来信,9
3446,"2022-10-20",公卫医疗,来信,4
3447,"2022-10-20",城乡建设,来信,31
3448,"2022-10-20",交通运输,来信,37
3449,"2022-10-20",农林牧渔,来信,17
3450,"2022-10-20",科教文体,网站,45
3451,"2022-10-20",公卫医疗,网站,59
3452,"2022-10-20",城乡建设,网站,94
3453,"2022-10-20",交通运输,网站,42
3454,"2022-10-20",农林牧渔,网站,33
3455,"2022-10-20",科教文体,小程序/公众号,81
3456,"2022-10-20",公卫医疗,小程序/公众号,50
3457,"2022-10-20",城乡建设,小程序/公众号,28
3458,"2022-10-20",交通运输,小程序/公众号,62
3459,"2022-10-20",农林牧渔,小程序/公众号,74
3460,"2022-10-21",科教文体,电话,18
3461,"2022-10-21",公卫医疗,电话,4
3462,"2022-10-21",城乡建设,电话,17
3463,"2022-10-21",交通运输,电话,5
3464,"2022-10-21",农林牧渔,电话,22
3465,"2022-10-21",科教文体,来信,49
3466,"2022-10-21",公卫医疗,来信,18
3467,"2022-10-21",城乡建设,来信,3
3468,"2022-10-21",交通运输,来信,39
3469,"2022-10-21",农林牧渔,来信,2
3470,"2022-10-21",科教文体,网站,28
3471,"2022-10-21",公卫医疗,网站,12
3472,"2022-10-21",城乡建设,网站,11
3473,"2022-10-21",交通运输,网站,10
3474,"2022-10-21",农林牧渔,网站,6
3475,"2022-10-21",科教文体,小程序/公众号,93
3476,"2022-10-21",公卫医疗,小程序/公众号,14
3477,"2022-10-21",城乡建设,小程序/公众号,29
3478,"2022-10-21",交通运输,小程序/公众号,11
3479,"2022-10-21",农林牧渔,小程序/公众号,88
3480,"2022-10-22",科教文体,电话,24
3481,"2022-10-22",公卫医疗,电话,5
3482,"2022-10-22",城乡建设,电话,27
3483,"2022-10-22",交通运输,电话,12
3484,"2022-10-22",农林牧渔,电话,27
3485,"2022-10-22",科教文体,来信,14
3486,"2022-10-22",公卫医疗,来信,13
3487,"2022-10-22",城乡建设,来信,10
3488,"2022-10-22",交通运输,来信,4
3489,"2022-10-22",农林牧渔,来信,8
3490,"2022-10-22",科教文体,网站,5
3491,"2022-10-22",公卫医疗,网站,1
3492,"2022-10-22",城乡建设,网站,3
3493,"2022-10-22",交通运输,网站,3
3494,"2022-10-22",农林牧渔,网站,0
3495,"2022-10-22",科教文体,小程序/公众号,68
3496,"2022-10-22",公卫医疗,小程序/公众号,32
3497,"2022-10-22",城乡建设,小程序/公众号,45
3498,"2022-10-22",交通运输,小程序/公众号,71
3499,"2022-10-22",农林牧渔,小程序/公众号,22
3500,"2022-10-23",科教文体,电话,2
3501,"2022-10-23",公卫医疗,电话,13
3502,"2022-10-23",城乡建设,电话,18
3503,"2022-10-23",交通运输,电话,18
3504,"2022-10-23",农林牧渔,电话,3
3505,"2022-10-23",科教文体,来信,7
3506,"2022-10-23",公卫医疗,来信,19
3507,"2022-10-23",城乡建设,来信,16
3508,"2022-10-23",交通运输,来信,25
3509,"2022-10-23",农林牧渔,来信,11
3510,"2022-10-23",科教文体,网站,20
3511,"2022-10-23",公卫医疗,网站,12
3512,"2022-10-23",城乡建设,网站,9
3513,"2022-10-23",交通运输,网站,28
3514,"2022-10-23",农林牧渔,网站,6
3515,"2022-10-23",科教文体,小程序/公众号,89
3516,"2022-10-23",公卫医疗,小程序/公众号,85
3517,"2022-10-23",城乡建设,小程序/公众号,66
3518,"2022-10-23",交通运输,小程序/公众号,79
3519,"2022-10-23",农林牧渔,小程序/公众号,12
3520,"2022-10-24",科教文体,电话,13
3521,"2022-10-24",公卫医疗,电话,12
3522,"2022-10-24",城乡建设,电话,10
3523,"2022-10-24",交通运输,电话,16
3524,"2022-10-24",农林牧渔,电话,1
3525,"2022-10-24",科教文体,来信,5
3526,"2022-10-24",公卫医疗,来信,13
3527,"2022-10-24",城乡建设,来信,3
3528,"2022-10-24",交通运输,来信,28
3529,"2022-10-24",农林牧渔,来信,43
3530,"2022-10-24",科教文体,网站,66
3531,"2022-10-24",公卫医疗,网站,50
3532,"2022-10-24",城乡建设,网站,37
3533,"2022-10-24",交通运输,网站,12
3534,"2022-10-24",农林牧渔,网站,76
3535,"2022-10-24",科教文体,小程序/公众号,47
3536,"2022-10-24",公卫医疗,小程序/公众号,116
3537,"2022-10-24",城乡建设,小程序/公众号,80
3538,"2022-10-24",交通运输,小程序/公众号,96
3539,"2022-10-24",农林牧渔,小程序/公众号,119
3540,"2022-10-25",科教文体,电话,50
3541,"2022-10-25",公卫医疗,电话,43
3542,"2022-10-25",城乡建设,电话,39
3543,"2022-10-25",交通运输,电话,43
3544,"2022-10-25",农林牧渔,电话,32
3545,"2022-10-25",科教文体,来信,58
3546,"2022-10-25",公卫医疗,来信,24
3547,"2022-10-25",城乡建设,来信,5
3548,"2022-10-25",交通运输,来信,64
3549,"2022-10-25",农林牧渔,来信,4
3550,"2022-10-25",科教文体,网站,49
3551,"2022-10-25",公卫医疗,网站,64
3552,"2022-10-25",城乡建设,网站,8
3553,"2022-10-25",交通运输,网站,11
3554,"2022-10-25",农林牧渔,网站,47
3555,"2022-10-25",科教文体,小程序/公众号,96
3556,"2022-10-25",公卫医疗,小程序/公众号,56
3557,"2022-10-25",城乡建设,小程序/公众号,107
3558,"2022-10-25",交通运输,小程序/公众号,123
3559,"2022-10-25",农林牧渔,小程序/公众号,13
3560,"2022-10-26",科教文体,电话,1
3561,"2022-10-26",公卫医疗,电话,3
3562,"2022-10-26",城乡建设,电话,4
3563,"2022-10-26",交通运输,电话,2
3564,"2022-10-26",农林牧渔,电话,3
3565,"2022-10-26",科教文体,来信,13
3566,"2022-10-26",公卫医疗,来信,27
3567,"2022-10-26",城乡建设,来信,19
3568,"2022-10-26",交通运输,来信,15
3569,"2022-10-26",农林牧渔,来信,12
3570,"2022-10-26",科教文体,网站,25
3571,"2022-10-26",公卫医疗,网站,39
3572,"2022-10-26",城乡建设,网站,19
3573,"2022-10-26",交通运输,网站,30
3574,"2022-10-26",农林牧渔,网站,21
3575,"2022-10-26",科教文体,小程序/公众号,54
3576,"2022-10-26",公卫医疗,小程序/公众号,21
3577,"2022-10-26",城乡建设,小程序/公众号,26
3578,"2022-10-26",交通运输,小程序/公众号,7
3579,"2022-10-26",农林牧渔,小程序/公众号,55
3580,"2022-10-27",科教文体,电话,3
3581,"2022-10-27",公卫医疗,电话,23
3582,"2022-10-27",城乡建设,电话,6
3583,"2022-10-27",交通运输,电话,6
3584,"2022-10-27",农林牧渔,电话,7
3585,"2022-10-27",科教文体,来信,14
3586,"2022-10-27",公卫医疗,来信,15
3587,"2022-10-27",城乡建设,来信,21
3588,"2022-10-27",交通运输,来信,1
3589,"2022-10-27",农林牧渔,来信,15
3590,"2022-10-27",科教文体,网站,3
3591,"2022-10-27",公卫医疗,网站,19
3592,"2022-10-27",城乡建设,网站,19
3593,"2022-10-27",交通运输,网站,18
3594,"2022-10-27",农林牧渔,网站,18
3595,"2022-10-27",科教文体,小程序/公众号,114
3596,"2022-10-27",公卫医疗,小程序/公众号,72
3597,"2022-10-27",城乡建设,小程序/公众号,15
3598,"2022-10-27",交通运输,小程序/公众号,107
3599,"2022-10-27",农林牧渔,小程序/公众号,81
3600,"2022-10-28",科教文体,电话,4
3601,"2022-10-28",公卫医疗,电话,25
3602,"2022-10-28",城乡建设,电话,17
3603,"2022-10-28",交通运输,电话,2
3604,"2022-10-28",农林牧渔,电话,23
3605,"2022-10-28",科教文体,来信,48
3606,"2022-10-28",公卫医疗,来信,9
3607,"2022-10-28",城乡建设,来信,5
3608,"2022-10-28",交通运输,来信,14
3609,"2022-10-28",农林牧渔,来信,13
3610,"2022-10-28",科教文体,网站,4
3611,"2022-10-28",公卫医疗,网站,23
3612,"2022-10-28",城乡建设,网站,21
3613,"2022-10-28",交通运输,网站,21
3614,"2022-10-28",农林牧渔,网站,11
3615,"2022-10-28",科教文体,小程序/公众号,48
3616,"2022-10-28",公卫医疗,小程序/公众号,25
3617,"2022-10-28",城乡建设,小程序/公众号,20
3618,"2022-10-28",交通运输,小程序/公众号,59
3619,"2022-10-28",农林牧渔,小程序/公众号,50
3620,"2022-10-29",科教文体,电话,12
3621,"2022-10-29",公卫医疗,电话,10
3622,"2022-10-29",城乡建设,电话,4
3623,"2022-10-29",交通运输,电话,27
3624,"2022-10-29",农林牧渔,电话,34
3625,"2022-10-29",科教文体,来信,66
3626,"2022-10-29",公卫医疗,来信,51
3627,"2022-10-29",城乡建设,来信,66
3628,"2022-10-29",交通运输,来信,3
3629,"2022-10-29",农林牧渔,来信,49
3630,"2022-10-29",科教文体,网站,5
3631,"2022-10-29",公卫医疗,网站,4
3632,"2022-10-29",城乡建设,网站,5
3633,"2022-10-29",交通运输,网站,8
3634,"2022-10-29",农林牧渔,网站,5
3635,"2022-10-29",科教文体,小程序/公众号,120
3636,"2022-10-29",公卫医疗,小程序/公众号,79
3637,"2022-10-29",城乡建设,小程序/公众号,131
3638,"2022-10-29",交通运输,小程序/公众号,52
3639,"2022-10-29",农林牧渔,小程序/公众号,94
3640,"2022-10-30",科教文体,电话,12
3641,"2022-10-30",公卫医疗,电话,16
3642,"2022-10-30",城乡建设,电话,4
3643,"2022-10-30",交通运输,电话,35
3644,"2022-10-30",农林牧渔,电话,18
3645,"2022-10-30",科教文体,来信,9
3646,"2022-10-30",公卫医疗,来信,8
3647,"2022-10-30",城乡建设,来信,7
3648,"2022-10-30",交通运输,来信,6
3649,"2022-10-30",农林牧渔,来信,12
3650,"2022-10-30",科教文体,网站,30
3651,"2022-10-30",公卫医疗,网站,13
3652,"2022-10-30",城乡建设,网站,1
3653,"2022-10-30",交通运输,网站,17
3654,"2022-10-30",农林牧渔,网站,59
3655,"2022-10-30",科教文体,小程序/公众号,37
3656,"2022-10-30",公卫医疗,小程序/公众号,59
3657,"2022-10-30",城乡建设,小程序/公众号,33
3658,"2022-10-30",交通运输,小程序/公众号,16
3659,"2022-10-30",农林牧渔,小程序/公众号,8
3660,"2022-10-31",科教文体,电话,4
3661,"2022-10-31",公卫医疗,电话,8
3662,"2022-10-31",城乡建设,电话,7
3663,"2022-10-31",交通运输,电话,6
3664,"2022-10-31",农林牧渔,电话,12
3665,"2022-10-31",科教文体,来信,3
3666,"2022-10-31",公卫医疗,来信,19
3667,"2022-10-31",城乡建设,来信,27
3668,"2022-10-31",交通运输,来信,21
3669,"2022-10-31",农林牧渔,来信,22
3670,"2022-10-31",科教文体,网站,23
3671,"2022-10-31",公卫医疗,网站,30
3672,"2022-10-31",城乡建设,网站,13
3673,"2022-10-31",交通运输,网站,17
3674,"2022-10-31",农林牧渔,网站,8
3675,"2022-10-31",科教文体,小程序/公众号,0
3676,"2022-10-31",公卫医疗,小程序/公众号,37
3677,"2022-10-31",城乡建设,小程序/公众号,28
3678,"2022-10-31",交通运输,小程序/公众号,24
3679,"2022-10-31",农林牧渔,小程序/公众号,29
3680,"2022-11-01",科教文体,电话,19
3681,"2022-11-01",公卫医疗,电话,6
3682,"2022-11-01",城乡建设,电话,12
3683,"2022-11-01",交通运输,电话,12
3684,"2022-11-01",农林牧渔,电话,13
3685,"2022-11-01",科教文体,来信,21
3686,"2022-11-01",公卫医疗,来信,24
3687,"2022-11-01",城乡建设,来信,13
3688,"2022-11-01",交通运输,来信,15
3689,"2022-11-01",农林牧渔,来信,18
3690,"2022-11-01",科教文体,网站,3
3691,"2022-11-01",公卫医疗,网站,9
3692,"2022-11-01",城乡建设,网站,17
3693,"2022-11-01",交通运输,网站,18
3694,"2022-11-01",农林牧渔,网站,19
3695,"2022-11-01",科教文体,小程序/公众号,3
3696,"2022-11-01",公卫医疗,小程序/公众号,134
3697,"2022-11-01",城乡建设,小程序/公众号,105
3698,"2022-11-01",交通运输,小程序/公众号,199
3699,"2022-11-01",农林牧渔,小程序/公众号,201
3700,"2022-11-02",科教文体,电话,9
3701,"2022-11-02",公卫医疗,电话,14
3702,"2022-11-02",城乡建设,电话,67
3703,"2022-11-02",交通运输,电话,14
3704,"2022-11-02",农林牧渔,电话,3
3705,"2022-11-02",科教文体,来信,13
3706,"2022-11-02",公卫医疗,来信,6
3707,"2022-11-02",城乡建设,来信,6
3708,"2022-11-02",交通运输,来信,9
3709,"2022-11-02",农林牧渔,来信,12
3710,"2022-11-02",科教文体,网站,56
3711,"2022-11-02",公卫医疗,网站,40
3712,"2022-11-02",城乡建设,网站,57
3713,"2022-11-02",交通运输,网站,57
3714,"2022-11-02",农林牧渔,网站,16
3715,"2022-11-02",科教文体,小程序/公众号,26
3716,"2022-11-02",公卫医疗,小程序/公众号,53
3717,"2022-11-02",城乡建设,小程序/公众号,56
3718,"2022-11-02",交通运输,小程序/公众号,70
3719,"2022-11-02",农林牧渔,小程序/公众号,72
3720,"2022-11-03",科教文体,电话,60
3721,"2022-11-03",公卫医疗,电话,18
3722,"2022-11-03",城乡建设,电话,28
3723,"2022-11-03",交通运输,电话,59
3724,"2022-11-03",农林牧渔,电话,26
3725,"2022-11-03",科教文体,来信,16
3726,"2022-11-03",公卫医疗,来信,21
3727,"2022-11-03",城乡建设,来信,9
3728,"2022-11-03",交通运输,来信,15
3729,"2022-11-03",农林牧渔,来信,10
3730,"2022-11-03",科教文体,网站,88
3731,"2022-11-03",公卫医疗,网站,28
3732,"2022-11-03",城乡建设,网站,62
3733,"2022-11-03",交通运输,网站,5
3734,"2022-11-03",农林牧渔,网站,85
3735,"2022-11-03",科教文体,小程序/公众号,97
3736,"2022-11-03",公卫医疗,小程序/公众号,75
3737,"2022-11-03",城乡建设,小程序/公众号,51
3738,"2022-11-03",交通运输,小程序/公众号,58
3739,"2022-11-03",农林牧渔,小程序/公众号,98
3740,"2022-11-04",科教文体,电话,12
3741,"2022-11-04",公卫医疗,电话,17
3742,"2022-11-04",城乡建设,电话,17
3743,"2022-11-04",交通运输,电话,14
3744,"2022-11-04",农林牧渔,电话,4
3745,"2022-11-04",科教文体,来信,13
3746,"2022-11-04",公卫医疗,来信,26
3747,"2022-11-04",城乡建设,来信,4
3748,"2022-11-04",交通运输,来信,24
3749,"2022-11-04",农林牧渔,来信,37
3750,"2022-11-04",科教文体,网站,6
3751,"2022-11-04",公卫医疗,网站,1
3752,"2022-11-04",城乡建设,网站,2
3753,"2022-11-04",交通运输,网站,3
3754,"2022-11-04",农林牧渔,网站,5
3755,"2022-11-04",科教文体,小程序/公众号,38
3756,"2022-11-04",公卫医疗,小程序/公众号,12
3757,"2022-11-04",城乡建设,小程序/公众号,83
3758,"2022-11-04",交通运输,小程序/公众号,52
3759,"2022-11-04",农林牧渔,小程序/公众号,40
3760,"2022-11-05",科教文体,电话,39
3761,"2022-11-05",公卫医疗,电话,37
3762,"2022-11-05",城乡建设,电话,37
3763,"2022-11-05",交通运输,电话,38
3764,"2022-11-05",农林牧渔,电话,9
3765,"2022-11-05",科教文体,来信,3
3766,"2022-11-05",公卫医疗,来信,14
3767,"2022-11-05",城乡建设,来信,45
3768,"2022-11-05",交通运输,来信,5
3769,"2022-11-05",农林牧渔,来信,46
3770,"2022-11-05",科教文体,网站,8
3771,"2022-11-05",公卫医疗,网站,11
3772,"2022-11-05",城乡建设,网站,1
3773,"2022-11-05",交通运输,网站,9
3774,"2022-11-05",农林牧渔,网站,0
3775,"2022-11-05",科教文体,小程序/公众号,70
3776,"2022-11-05",公卫医疗,小程序/公众号,15
3777,"2022-11-05",城乡建设,小程序/公众号,77
3778,"2022-11-05",交通运输,小程序/公众号,74
3779,"2022-11-05",农林牧渔,小程序/公众号,121
3780,"2022-11-06",科教文体,电话,59
3781,"2022-11-06",公卫医疗,电话,46
3782,"2022-11-06",城乡建设,电话,51
3783,"2022-11-06",交通运输,电话,8
3784,"2022-11-06",农林牧渔,电话,20
3785,"2022-11-06",科教文体,来信,3
3786,"2022-11-06",公卫医疗,来信,3
3787,"2022-11-06",城乡建设,来信,1
3788,"2022-11-06",交通运输,来信,4
3789,"2022-11-06",农林牧渔,来信,1
3790,"2022-11-06",科教文体,网站,52
3791,"2022-11-06",公卫医疗,网站,24
3792,"2022-11-06",城乡建设,网站,16
3793,"2022-11-06",交通运输,网站,25
3794,"2022-11-06",农林牧渔,网站,27
3795,"2022-11-06",科教文体,小程序/公众号,4
3796,"2022-11-06",公卫医疗,小程序/公众号,72
3797,"2022-11-06",城乡建设,小程序/公众号,105
3798,"2022-11-06",交通运输,小程序/公众号,114
3799,"2022-11-06",农林牧渔,小程序/公众号,118
3800,"2022-11-07",科教文体,电话,17
3801,"2022-11-07",公卫医疗,电话,23
3802,"2022-11-07",城乡建设,电话,30
3803,"2022-11-07",交通运输,电话,1
3804,"2022-11-07",农林牧渔,电话,11
3805,"2022-11-07",科教文体,来信,28
3806,"2022-11-07",公卫医疗,来信,56
3807,"2022-11-07",城乡建设,来信,4
3808,"2022-11-07",交通运输,来信,62
3809,"2022-11-07",农林牧渔,来信,5
3810,"2022-11-07",科教文体,网站,17
3811,"2022-11-07",公卫医疗,网站,34
3812,"2022-11-07",城乡建设,网站,31
3813,"2022-11-07",交通运输,网站,16
3814,"2022-11-07",农林牧渔,网站,9
3815,"2022-11-07",科教文体,小程序/公众号,30
3816,"2022-11-07",公卫医疗,小程序/公众号,43
3817,"2022-11-07",城乡建设,小程序/公众号,65
3818,"2022-11-07",交通运输,小程序/公众号,39
3819,"2022-11-07",农林牧渔,小程序/公众号,45
3820,"2022-11-08",科教文体,电话,20
3821,"2022-11-08",公卫医疗,电话,8
3822,"2022-11-08",城乡建设,电话,20
3823,"2022-11-08",交通运输,电话,1
3824,"2022-11-08",农林牧渔,电话,2
3825,"2022-11-08",科教文体,来信,34
3826,"2022-11-08",公卫医疗,来信,25
3827,"2022-11-08",城乡建设,来信,47
3828,"2022-11-08",交通运输,来信,12
3829,"2022-11-08",农林牧渔,来信,22
3830,"2022-11-08",科教文体,网站,41
3831,"2022-11-08",公卫医疗,网站,58
3832,"2022-11-08",城乡建设,网站,42
3833,"2022-11-08",交通运输,网站,82
3834,"2022-11-08",农林牧渔,网站,19
3835,"2022-11-08",科教文体,小程序/公众号,16
3836,"2022-11-08",公卫医疗,小程序/公众号,71
3837,"2022-11-08",城乡建设,小程序/公众号,86
3838,"2022-11-08",交通运输,小程序/公众号,27
3839,"2022-11-08",农林牧渔,小程序/公众号,102
3840,"2022-11-09",科教文体,电话,20
3841,"2022-11-09",公卫医疗,电话,33
3842,"2022-11-09",城乡建设,电话,14
3843,"2022-11-09",交通运输,电话,21
3844,"2022-11-09",农林牧渔,电话,149
3845,"2022-11-09",科教文体,来信,9
3846,"2022-11-09",公卫医疗,来信,48
3847,"2022-11-09",城乡建设,来信,18
3848,"2022-11-09",交通运输,来信,65
3849,"2022-11-09",农林牧渔,来信,59
3850,"2022-11-09",科教文体,网站,45
3851,"2022-11-09",公卫医疗,网站,29
3852,"2022-11-09",城乡建设,网站,22
3853,"2022-11-09",交通运输,网站,81
3854,"2022-11-09",农林牧渔,网站,33
3855,"2022-11-09",科教文体,小程序/公众号,92
3856,"2022-11-09",公卫医疗,小程序/公众号,108
3857,"2022-11-09",城乡建设,小程序/公众号,48
3858,"2022-11-09",交通运输,小程序/公众号,52
3859,"2022-11-09",农林牧渔,小程序/公众号,50
3860,"2022-11-10",科教文体,电话,51
3861,"2022-11-10",公卫医疗,电话,26
3862,"2022-11-10",城乡建设,电话,37
3863,"2022-11-10",交通运输,电话,30
3864,"2022-11-10",农林牧渔,电话,41
3865,"2022-11-10",科教文体,来信,35
3866,"2022-11-10",公卫医疗,来信,13
3867,"2022-11-10",城乡建设,来信,24
3868,"2022-11-10",交通运输,来信,36
3869,"2022-11-10",农林牧渔,来信,25
3870,"2022-11-10",科教文体,网站,19
3871,"2022-11-10",公卫医疗,网站,16
3872,"2022-11-10",城乡建设,网站,44
3873,"2022-11-10",交通运输,网站,48
3874,"2022-11-10",农林牧渔,网站,67
3875,"2022-11-10",科教文体,小程序/公众号,17
3876,"2022-11-10",公卫医疗,小程序/公众号,81
3877,"2022-11-10",城乡建设,小程序/公众号,71
3878,"2022-11-10",交通运输,小程序/公众号,45
3879,"2022-11-10",农林牧渔,小程序/公众号,73
3880,"2022-11-11",科教文体,电话,15
3881,"2022-11-11",公卫医疗,电话,39
3882,"2022-11-11",城乡建设,电话,11
3883,"2022-11-11",交通运输,电话,11
3884,"2022-11-11",农林牧渔,电话,3
3885,"2022-11-11",科教文体,来信,6
3886,"2022-11-11",公卫医疗,来信,5
3887,"2022-11-11",城乡建设,来信,1
3888,"2022-11-11",交通运输,来信,5
3889,"2022-11-11",农林牧渔,来信,2
3890,"2022-11-11",科教文体,网站,36
3891,"2022-11-11",公卫医疗,网站,16
3892,"2022-11-11",城乡建设,网站,23
3893,"2022-11-11",交通运输,网站,34
3894,"2022-11-11",农林牧渔,网站,3
3895,"2022-11-11",科教文体,小程序/公众号,90
3896,"2022-11-11",公卫医疗,小程序/公众号,95
3897,"2022-11-11",城乡建设,小程序/公众号,73
3898,"2022-11-11",交通运输,小程序/公众号,2
3899,"2022-11-11",农林牧渔,小程序/公众号,76
3900,"2022-11-12",科教文体,电话,11
3901,"2022-11-12",公卫医疗,电话,12
3902,"2022-11-12",城乡建设,电话,8
3903,"2022-11-12",交通运输,电话,6
3904,"2022-11-12",农林牧渔,电话,12
3905,"2022-11-12",科教文体,来信,58
3906,"2022-11-12",公卫医疗,来信,10
3907,"2022-11-12",城乡建设,来信,6
3908,"2022-11-12",交通运输,来信,54
3909,"2022-11-12",农林牧渔,来信,70
3910,"2022-11-12",科教文体,网站,11
3911,"2022-11-12",公卫医疗,网站,14
3912,"2022-11-12",城乡建设,网站,20
3913,"2022-11-12",交通运输,网站,8
3914,"2022-11-12",农林牧渔,网站,24
3915,"2022-11-12",科教文体,小程序/公众号,59
3916,"2022-11-12",公卫医疗,小程序/公众号,119
3917,"2022-11-12",城乡建设,小程序/公众号,199
3918,"2022-11-12",交通运输,小程序/公众号,135
3919,"2022-11-12",农林牧渔,小程序/公众号,66
3920,"2022-11-13",科教文体,电话,24
3921,"2022-11-13",公卫医疗,电话,44
3922,"2022-11-13",城乡建设,电话,51
3923,"2022-11-13",交通运输,电话,16
3924,"2022-11-13",农林牧渔,电话,32
3925,"2022-11-13",科教文体,来信,71
3926,"2022-11-13",公卫医疗,来信,57
3927,"2022-11-13",城乡建设,来信,35
3928,"2022-11-13",交通运输,来信,50
3929,"2022-11-13",农林牧渔,来信,44
3930,"2022-11-13",科教文体,网站,76
3931,"2022-11-13",公卫医疗,网站,31
3932,"2022-11-13",城乡建设,网站,16
3933,"2022-11-13",交通运输,网站,39
3934,"2022-11-13",农林牧渔,网站,48
3935,"2022-11-13",科教文体,小程序/公众号,112
3936,"2022-11-13",公卫医疗,小程序/公众号,175
3937,"2022-11-13",城乡建设,小程序/公众号,2
3938,"2022-11-13",交通运输,小程序/公众号,29
3939,"2022-11-13",农林牧渔,小程序/公众号,48
3940,"2022-11-14",科教文体,电话,35
3941,"2022-11-14",公卫医疗,电话,0
3942,"2022-11-14",城乡建设,电话,42
3943,"2022-11-14",交通运输,电话,21
3944,"2022-11-14",农林牧渔,电话,25
3945,"2022-11-14",科教文体,来信,11
3946,"2022-11-14",公卫医疗,来信,76
3947,"2022-11-14",城乡建设,来信,67
3948,"2022-11-14",交通运输,来信,44
3949,"2022-11-14",农林牧渔,来信,36
3950,"2022-11-14",科教文体,网站,67
3951,"2022-11-14",公卫医疗,网站,27
3952,"2022-11-14",城乡建设,网站,119
3953,"2022-11-14",交通运输,网站,2
3954,"2022-11-14",农林牧渔,网站,57
3955,"2022-11-14",科教文体,小程序/公众号,49
3956,"2022-11-14",公卫医疗,小程序/公众号,4
3957,"2022-11-14",城乡建设,小程序/公众号,129
3958,"2022-11-14",交通运输,小程序/公众号,72
3959,"2022-11-14",农林牧渔,小程序/公众号,33
3960,"2022-11-15",科教文体,电话,15
3961,"2022-11-15",公卫医疗,电话,6
3962,"2022-11-15",城乡建设,电话,7
3963,"2022-11-15",交通运输,电话,24
3964,"2022-11-15",农林牧渔,电话,22
3965,"2022-11-15",科教文体,来信,58
3966,"2022-11-15",公卫医疗,来信,2
3967,"2022-11-15",城乡建设,来信,8
3968,"2022-11-15",交通运输,来信,27
3969,"2022-11-15",农林牧渔,来信,11
3970,"2022-11-15",科教文体,网站,18
3971,"2022-11-15",公卫医疗,网站,10
3972,"2022-11-15",城乡建设,网站,10
3973,"2022-11-15",交通运输,网站,9
3974,"2022-11-15",农林牧渔,网站,18
3975,"2022-11-15",科教文体,小程序/公众号,25
3976,"2022-11-15",公卫医疗,小程序/公众号,48
3977,"2022-11-15",城乡建设,小程序/公众号,46
3978,"2022-11-15",交通运输,小程序/公众号,33
3979,"2022-11-15",农林牧渔,小程序/公众号,14
3980,"2022-11-16",科教文体,电话,18
3981,"2022-11-16",公卫医疗,电话,5
3982,"2022-11-16",城乡建设,电话,12
3983,"2022-11-16",交通运输,电话,8
3984,"2022-11-16",农林牧渔,电话,4
3985,"2022-11-16",科教文体,来信,8
3986,"2022-11-16",公卫医疗,来信,5
3987,"2022-11-16",城乡建设,来信,5
3988,"2022-11-16",交通运输,来信,10
3989,"2022-11-16",农林牧渔,来信,6
3990,"2022-11-16",科教文体,网站,9
3991,"2022-11-16",公卫医疗,网站,23
3992,"2022-11-16",城乡建设,网站,29
3993,"2022-11-16",交通运输,网站,31
3994,"2022-11-16",农林牧渔,网站,24
3995,"2022-11-16",科教文体,小程序/公众号,59
3996,"2022-11-16",公卫医疗,小程序/公众号,37
3997,"2022-11-16",城乡建设,小程序/公众号,40
3998,"2022-11-16",交通运输,小程序/公众号,7
3999,"2022-11-16",农林牧渔,小程序/公众号,108
4000,"2022-11-17",科教文体,电话,34
4001,"2022-11-17",公卫医疗,电话,59
4002,"2022-11-17",城乡建设,电话,4
4003,"2022-11-17",交通运输,电话,19
4004,"2022-11-17",农林牧渔,电话,22
4005,"2022-11-17",科教文体,来信,26
4006,"2022-11-17",公卫医疗,来信,26
4007,"2022-11-17",城乡建设,来信,30
4008,"2022-11-17",交通运输,来信,9
4009,"2022-11-17",农林牧渔,来信,25
4010,"2022-11-17",科教文体,网站,28
4011,"2022-11-17",公卫医疗,网站,22
4012,"2022-11-17",城乡建设,网站,39
4013,"2022-11-17",交通运输,网站,12
4014,"2022-11-17",农林牧渔,网站,14
4015,"2022-11-17",科教文体,小程序/公众号,8
4016,"2022-11-17",公卫医疗,小程序/公众号,75
4017,"2022-11-17",城乡建设,小程序/公众号,83
4018,"2022-11-17",交通运输,小程序/公众号,27
4019,"2022-11-17",农林牧渔,小程序/公众号,1
4020,"2022-11-18",科教文体,电话,15
4021,"2022-11-18",公卫医疗,电话,11
4022,"2022-11-18",城乡建设,电话,28
4023,"2022-11-18",交通运输,电话,19
4024,"2022-11-18",农林牧渔,电话,28
4025,"2022-11-18",科教文体,来信,57
4026,"2022-11-18",公卫医疗,来信,13
4027,"2022-11-18",城乡建设,来信,64
4028,"2022-11-18",交通运输,来信,54
4029,"2022-11-18",农林牧渔,来信,3
4030,"2022-11-18",科教文体,网站,4
4031,"2022-11-18",公卫医疗,网站,7
4032,"2022-11-18",城乡建设,网站,11
4033,"2022-11-18",交通运输,网站,0
4034,"2022-11-18",农林牧渔,网站,12
4035,"2022-11-18",科教文体,小程序/公众号,93
4036,"2022-11-18",公卫医疗,小程序/公众号,126
4037,"2022-11-18",城乡建设,小程序/公众号,8
4038,"2022-11-18",交通运输,小程序/公众号,61
4039,"2022-11-18",农林牧渔,小程序/公众号,125
4040,"2022-11-19",科教文体,电话,18
4041,"2022-11-19",公卫医疗,电话,18
4042,"2022-11-19",城乡建设,电话,19
4043,"2022-11-19",交通运输,电话,27
4044,"2022-11-19",农林牧渔,电话,21
4045,"2022-11-19",科教文体,来信,40
4046,"2022-11-19",公卫医疗,来信,52
4047,"2022-11-19",城乡建设,来信,21
4048,"2022-11-19",交通运输,来信,12
4049,"2022-11-19",农林牧渔,来信,7
4050,"2022-11-19",科教文体,网站,13
4051,"2022-11-19",公卫医疗,网站,14
4052,"2022-11-19",城乡建设,网站,16
4053,"2022-11-19",交通运输,网站,11
4054,"2022-11-19",农林牧渔,网站,15
4055,"2022-11-19",科教文体,小程序/公众号,39
4056,"2022-11-19",公卫医疗,小程序/公众号,75
4057,"2022-11-19",城乡建设,小程序/公众号,56
4058,"2022-11-19",交通运输,小程序/公众号,57
4059,"2022-11-19",农林牧渔,小程序/公众号,50
4060,"2022-11-20",科教文体,电话,6
4061,"2022-11-20",公卫医疗,电话,4
4062,"2022-11-20",城乡建设,电话,31
4063,"2022-11-20",交通运输,电话,7
4064,"2022-11-20",农林牧渔,电话,22
4065,"2022-11-20",科教文体,来信,11
4066,"2022-11-20",公卫医疗,来信,20
4067,"2022-11-20",城乡建设,来信,72
4068,"2022-11-20",交通运输,来信,92
4069,"2022-11-20",农林牧渔,来信,1
4070,"2022-11-20",科教文体,网站,48
4071,"2022-11-20",公卫医疗,网站,36
4072,"2022-11-20",城乡建设,网站,66
4073,"2022-11-20",交通运输,网站,21
4074,"2022-11-20",农林牧渔,网站,7
4075,"2022-11-20",科教文体,小程序/公众号,1
4076,"2022-11-20",公卫医疗,小程序/公众号,29
4077,"2022-11-20",城乡建设,小程序/公众号,81
4078,"2022-11-20",交通运输,小程序/公众号,53
4079,"2022-11-20",农林牧渔,小程序/公众号,63
4080,"2022-11-21",科教文体,电话,35
4081,"2022-11-21",公卫医疗,电话,9
4082,"2022-11-21",城乡建设,电话,16
4083,"2022-11-21",交通运输,电话,8
4084,"2022-11-21",农林牧渔,电话,39
4085,"2022-11-21",科教文体,来信,16
4086,"2022-11-21",公卫医疗,来信,16
4087,"2022-11-21",城乡建设,来信,31
4088,"2022-11-21",交通运输,来信,12
4089,"2022-11-21",农林牧渔,来信,2
4090,"2022-11-21",科教文体,网站,1
4091,"2022-11-21",公卫医疗,网站,2
4092,"2022-11-21",城乡建设,网站,13
4093,"2022-11-21",交通运输,网站,3
4094,"2022-11-21",农林牧渔,网站,14
4095,"2022-11-21",科教文体,小程序/公众号,46
4096,"2022-11-21",公卫医疗,小程序/公众号,36
4097,"2022-11-21",城乡建设,小程序/公众号,43
4098,"2022-11-21",交通运输,小程序/公众号,53
4099,"2022-11-21",农林牧渔,小程序/公众号,36
4100,"2022-11-22",科教文体,电话,16
4101,"2022-11-22",公卫医疗,电话,33
4102,"2022-11-22",城乡建设,电话,10
4103,"2022-11-22",交通运输,电话,10
4104,"2022-11-22",农林牧渔,电话,10
4105,"2022-11-22",科教文体,来信,4
4106,"2022-11-22",公卫医疗,来信,10
4107,"2022-11-22",城乡建设,来信,8
4108,"2022-11-22",交通运输,来信,8
4109,"2022-11-22",农林牧渔,来信,1
4110,"2022-11-22",科教文体,网站,2
4111,"2022-11-22",公卫医疗,网站,3
4112,"2022-11-22",城乡建设,网站,5
4113,"2022-11-22",交通运输,网站,3
4114,"2022-11-22",农林牧渔,网站,6
4115,"2022-11-22",科教文体,小程序/公众号,33
4116,"2022-11-22",公卫医疗,小程序/公众号,51
4117,"2022-11-22",城乡建设,小程序/公众号,83
4118,"2022-11-22",交通运输,小程序/公众号,16
4119,"2022-11-22",农林牧渔,小程序/公众号,4
4120,"2022-11-23",科教文体,电话,42
4121,"2022-11-23",公卫医疗,电话,20
4122,"2022-11-23",城乡建设,电话,49
4123,"2022-11-23",交通运输,电话,68
4124,"2022-11-23",农林牧渔,电话,12
4125,"2022-11-23",科教文体,来信,6
4126,"2022-11-23",公卫医疗,来信,21
4127,"2022-11-23",城乡建设,来信,20
4128,"2022-11-23",交通运输,来信,12
4129,"2022-11-23",农林牧渔,来信,8
4130,"2022-11-23",科教文体,网站,36
4131,"2022-11-23",公卫医疗,网站,25
4132,"2022-11-23",城乡建设,网站,39
4133,"2022-11-23",交通运输,网站,10
4134,"2022-11-23",农林牧渔,网站,92
4135,"2022-11-23",科教文体,小程序/公众号,57
4136,"2022-11-23",公卫医疗,小程序/公众号,86
4137,"2022-11-23",城乡建设,小程序/公众号,25
4138,"2022-11-23",交通运输,小程序/公众号,67
4139,"2022-11-23",农林牧渔,小程序/公众号,75
4140,"2022-11-24",科教文体,电话,9
4141,"2022-11-24",公卫医疗,电话,27
4142,"2022-11-24",城乡建设,电话,5
4143,"2022-11-24",交通运输,电话,22
4144,"2022-11-24",农林牧渔,电话,6
4145,"2022-11-24",科教文体,来信,18
4146,"2022-11-24",公卫医疗,来信,93
4147,"2022-11-24",城乡建设,来信,14
4148,"2022-11-24",交通运输,来信,37
4149,"2022-11-24",农林牧渔,来信,52
4150,"2022-11-24",科教文体,网站,24
4151,"2022-11-24",公卫医疗,网站,64
4152,"2022-11-24",城乡建设,网站,20
4153,"2022-11-24",交通运输,网站,92
4154,"2022-11-24",农林牧渔,网站,71
4155,"2022-11-24",科教文体,小程序/公众号,112
4156,"2022-11-24",公卫医疗,小程序/公众号,64
4157,"2022-11-24",城乡建设,小程序/公众号,8
4158,"2022-11-24",交通运输,小程序/公众号,94
4159,"2022-11-24",农林牧渔,小程序/公众号,39
4160,"2022-11-25",科教文体,电话,39
4161,"2022-11-25",公卫医疗,电话,22
4162,"2022-11-25",城乡建设,电话,30
4163,"2022-11-25",交通运输,电话,29
4164,"2022-11-25",农林牧渔,电话,20
4165,"2022-11-25",科教文体,来信,18
4166,"2022-11-25",公卫医疗,来信,4
4167,"2022-11-25",城乡建设,来信,23
4168,"2022-11-25",交通运输,来信,19
4169,"2022-11-25",农林牧渔,来信,22
4170,"2022-11-25",科教文体,网站,8
4171,"2022-11-25",公卫医疗,网站,7
4172,"2022-11-25",城乡建设,网站,11
4173,"2022-11-25",交通运输,网站,9
4174,"2022-11-25",农林牧渔,网站,10
4175,"2022-11-25",科教文体,小程序/公众号,99
4176,"2022-11-25",公卫医疗,小程序/公众号,102
4177,"2022-11-25",城乡建设,小程序/公众号,41
4178,"2022-11-25",交通运输,小程序/公众号,35
4179,"2022-11-25",农林牧渔,小程序/公众号,26
4180,"2022-11-26",科教文体,电话,10
4181,"2022-11-26",公卫医疗,电话,2
4182,"2022-11-26",城乡建设,电话,5
4183,"2022-11-26",交通运输,电话,14
4184,"2022-11-26",农林牧渔,电话,14
4185,"2022-11-26",科教文体,来信,19
4186,"2022-11-26",公卫医疗,来信,22
4187,"2022-11-26",城乡建设,来信,7
4188,"2022-11-26",交通运输,来信,10
4189,"2022-11-26",农林牧渔,来信,14
4190,"2022-11-26",科教文体,网站,2
4191,"2022-11-26",公卫医疗,网站,11
4192,"2022-11-26",城乡建设,网站,1
4193,"2022-11-26",交通运输,网站,8
4194,"2022-11-26",农林牧渔,网站,7
4195,"2022-11-26",科教文体,小程序/公众号,62
4196,"2022-11-26",公卫医疗,小程序/公众号,27
4197,"2022-11-26",城乡建设,小程序/公众号,24
4198,"2022-11-26",交通运输,小程序/公众号,58
4199,"2022-11-26",农林牧渔,小程序/公众号,2
4200,"2022-11-27",科教文体,电话,23
4201,"2022-11-27",公卫医疗,电话,5
4202,"2022-11-27",城乡建设,电话,20
4203,"2022-11-27",交通运输,电话,20
4204,"2022-11-27",农林牧渔,电话,0
4205,"2022-11-27",科教文体,来信,15
4206,"2022-11-27",公卫医疗,来信,8
4207,"2022-11-27",城乡建设,来信,7
4208,"2022-11-27",交通运输,来信,1
4209,"2022-11-27",农林牧渔,来信,12
4210,"2022-11-27",科教文体,网站,21
4211,"2022-11-27",公卫医疗,网站,13
4212,"2022-11-27",城乡建设,网站,31
4213,"2022-11-27",交通运输,网站,34
4214,"2022-11-27",农林牧渔,网站,9
4215,"2022-11-27",科教文体,小程序/公众号,30
4216,"2022-11-27",公卫医疗,小程序/公众号,33
4217,"2022-11-27",城乡建设,小程序/公众号,2
4218,"2022-11-27",交通运输,小程序/公众号,35
4219,"2022-11-27",农林牧渔,小程序/公众号,23
4220,"2022-11-28",科教文体,电话,8
4221,"2022-11-28",公卫医疗,电话,36
4222,"2022-11-28",城乡建设,电话,34
4223,"2022-11-28",交通运输,电话,40
4224,"2022-11-28",农林牧渔,电话,25
4225,"2022-11-28",科教文体,来信,13
4226,"2022-11-28",公卫医疗,来信,13
4227,"2022-11-28",城乡建设,来信,36
4228,"2022-11-28",交通运输,来信,5
4229,"2022-11-28",农林牧渔,来信,82
4230,"2022-11-28",科教文体,网站,5
4231,"2022-11-28",公卫医疗,网站,1
4232,"2022-11-28",城乡建设,网站,7
4233,"2022-11-28",交通运输,网站,6
4234,"2022-11-28",农林牧渔,网站,4
4235,"2022-11-28",科教文体,小程序/公众号,139
4236,"2022-11-28",公卫医疗,小程序/公众号,204
4237,"2022-11-28",城乡建设,小程序/公众号,53
4238,"2022-11-28",交通运输,小程序/公众号,61
4239,"2022-11-28",农林牧渔,小程序/公众号,3
4240,"2022-11-29",科教文体,电话,1
4241,"2022-11-29",公卫医疗,电话,1
4242,"2022-11-29",城乡建设,电话,10
4243,"2022-11-29",交通运输,电话,13
4244,"2022-11-29",农林牧渔,电话,12
4245,"2022-11-29",科教文体,来信,15
4246,"2022-11-29",公卫医疗,来信,6
4247,"2022-11-29",城乡建设,来信,6
4248,"2022-11-29",交通运输,来信,3
4249,"2022-11-29",农林牧渔,来信,13
4250,"2022-11-29",科教文体,网站,6
4251,"2022-11-29",公卫医疗,网站,22
4252,"2022-11-29",城乡建设,网站,20
4253,"2022-11-29",交通运输,网站,27
4254,"2022-11-29",农林牧渔,网站,37
4255,"2022-11-29",科教文体,小程序/公众号,45
4256,"2022-11-29",公卫医疗,小程序/公众号,45
4257,"2022-11-29",城乡建设,小程序/公众号,37
4258,"2022-11-29",交通运输,小程序/公众号,22
4259,"2022-11-29",农林牧渔,小程序/公众号,20
4260,"2022-11-30",科教文体,电话,27
4261,"2022-11-30",公卫医疗,电话,6
4262,"2022-11-30",城乡建设,电话,33
4263,"2022-11-30",交通运输,电话,21
4264,"2022-11-30",农林牧渔,电话,15
4265,"2022-11-30",科教文体,来信,10
4266,"2022-11-30",公卫医疗,来信,8
4267,"2022-11-30",城乡建设,来信,7
4268,"2022-11-30",交通运输,来信,10
4269,"2022-11-30",农林牧渔,来信,6
4270,"2022-11-30",科教文体,网站,24
4271,"2022-11-30",公卫医疗,网站,24
4272,"2022-11-30",城乡建设,网站,14
4273,"2022-11-30",交通运输,网站,14
4274,"2022-11-30",农林牧渔,网站,23
4275,"2022-11-30",科教文体,小程序/公众号,302
4276,"2022-11-30",公卫医疗,小程序/公众号,5
4277,"2022-11-30",城乡建设,小程序/公众号,87
4278,"2022-11-30",交通运输,小程序/公众号,9
4279,"2022-11-30",农林牧渔,小程序/公众号,59
4280,"2022-12-01",科教文体,电话,19
4281,"2022-12-01",公卫医疗,电话,8
4282,"2022-12-01",城乡建设,电话,37
4283,"2022-12-01",交通运输,电话,29
4284,"2022-12-01",农林牧渔,电话,33
4285,"2022-12-01",科教文体,来信,20
4286,"2022-12-01",公卫医疗,来信,15
4287,"2022-12-01",城乡建设,来信,20
4288,"2022-12-01",交通运输,来信,0
4289,"2022-12-01",农林牧渔,来信,20
4290,"2022-12-01",科教文体,网站,31
4291,"2022-12-01",公卫医疗,网站,30
4292,"2022-12-01",城乡建设,网站,38
4293,"2022-12-01",交通运输,网站,33
4294,"2022-12-01",农林牧渔,网站,13
4295,"2022-12-01",科教文体,小程序/公众号,45
4296,"2022-12-01",公卫医疗,小程序/公众号,47
4297,"2022-12-01",城乡建设,小程序/公众号,99
4298,"2022-12-01",交通运输,小程序/公众号,35
4299,"2022-12-01",农林牧渔,小程序/公众号,76
4300,"2022-12-02",科教文体,电话,14
4301,"2022-12-02",公卫医疗,电话,1
4302,"2022-12-02",城乡建设,电话,1
4303,"2022-12-02",交通运输,电话,18
4304,"2022-12-02",农林牧渔,电话,19
4305,"2022-12-02",科教文体,来信,34
4306,"2022-12-02",公卫医疗,来信,44
4307,"2022-12-02",城乡建设,来信,3
4308,"2022-12-02",交通运输,来信,27
4309,"2022-12-02",农林牧渔,来信,24
4310,"2022-12-02",科教文体,网站,14
4311,"2022-12-02",公卫医疗,网站,3
4312,"2022-12-02",城乡建设,网站,19
4313,"2022-12-02",交通运输,网站,24
4314,"2022-12-02",农林牧渔,网站,6
4315,"2022-12-02",科教文体,小程序/公众号,71
4316,"2022-12-02",公卫医疗,小程序/公众号,58
4317,"2022-12-02",城乡建设,小程序/公众号,71
4318,"2022-12-02",交通运输,小程序/公众号,31
4319,"2022-12-02",农林牧渔,小程序/公众号,80
4320,"2022-12-03",科教文体,电话,13
4321,"2022-12-03",公卫医疗,电话,10
4322,"2022-12-03",城乡建设,电话,13
4323,"2022-12-03",交通运输,电话,5
4324,"2022-12-03",农林牧渔,电话,1
4325,"2022-12-03",科教文体,来信,3
4326,"2022-12-03",公卫医疗,来信,40
4327,"2022-12-03",城乡建设,来信,14
4328,"2022-12-03",交通运输,来信,10
4329,"2022-12-03",农林牧渔,来信,1
4330,"2022-12-03",科教文体,网站,12
4331,"2022-12-03",公卫医疗,网站,19
4332,"2022-12-03",城乡建设,网站,25
4333,"2022-12-03",交通运输,网站,88
4334,"2022-12-03",农林牧渔,网站,78
4335,"2022-12-03",科教文体,小程序/公众号,82
4336,"2022-12-03",公卫医疗,小程序/公众号,108
4337,"2022-12-03",城乡建设,小程序/公众号,125
4338,"2022-12-03",交通运输,小程序/公众号,186
4339,"2022-12-03",农林牧渔,小程序/公众号,138
4340,"2022-12-04",科教文体,电话,13
4341,"2022-12-04",公卫医疗,电话,6
4342,"2022-12-04",城乡建设,电话,2
4343,"2022-12-04",交通运输,电话,12
4344,"2022-12-04",农林牧渔,电话,22
4345,"2022-12-04",科教文体,来信,1
4346,"2022-12-04",公卫医疗,来信,2
4347,"2022-12-04",城乡建设,来信,9
4348,"2022-12-04",交通运输,来信,0
4349,"2022-12-04",农林牧渔,来信,12
4350,"2022-12-04",科教文体,网站,79
4351,"2022-12-04",公卫医疗,网站,62
4352,"2022-12-04",城乡建设,网站,2
4353,"2022-12-04",交通运输,网站,51
4354,"2022-12-04",农林牧渔,网站,48
4355,"2022-12-04",科教文体,小程序/公众号,18
4356,"2022-12-04",公卫医疗,小程序/公众号,87
4357,"2022-12-04",城乡建设,小程序/公众号,57
4358,"2022-12-04",交通运输,小程序/公众号,46
4359,"2022-12-04",农林牧渔,小程序/公众号,78
4360,"2022-12-05",科教文体,电话,40
4361,"2022-12-05",公卫医疗,电话,15
4362,"2022-12-05",城乡建设,电话,22
4363,"2022-12-05",交通运输,电话,36
4364,"2022-12-05",农林牧渔,电话,1
4365,"2022-12-05",科教文体,来信,5
4366,"2022-12-05",公卫医疗,来信,4
4367,"2022-12-05",城乡建设,来信,3
4368,"2022-12-05",交通运输,来信,21
4369,"2022-12-05",农林牧渔,来信,9
4370,"2022-12-05",科教文体,网站,17
4371,"2022-12-05",公卫医疗,网站,12
4372,"2022-12-05",城乡建设,网站,12
4373,"2022-12-05",交通运输,网站,14
4374,"2022-12-05",农林牧渔,网站,9
4375,"2022-12-05",科教文体,小程序/公众号,34
4376,"2022-12-05",公卫医疗,小程序/公众号,76
4377,"2022-12-05",城乡建设,小程序/公众号,126
4378,"2022-12-05",交通运输,小程序/公众号,186
4379,"2022-12-05",农林牧渔,小程序/公众号,34
4380,"2022-12-06",科教文体,电话,32
4381,"2022-12-06",公卫医疗,电话,22
4382,"2022-12-06",城乡建设,电话,17
4383,"2022-12-06",交通运输,电话,2
4384,"2022-12-06",农林牧渔,电话,17
4385,"2022-12-06",科教文体,来信,2
4386,"2022-12-06",公卫医疗,来信,0
4387,"2022-12-06",城乡建设,来信,8
4388,"2022-12-06",交通运输,来信,6
4389,"2022-12-06",农林牧渔,来信,6
4390,"2022-12-06",科教文体,网站,8
4391,"2022-12-06",公卫医疗,网站,5
4392,"2022-12-06",城乡建设,网站,12
4393,"2022-12-06",交通运输,网站,5
4394,"2022-12-06",农林牧渔,网站,14
4395,"2022-12-06",科教文体,小程序/公众号,41
4396,"2022-12-06",公卫医疗,小程序/公众号,13
4397,"2022-12-06",城乡建设,小程序/公众号,119
4398,"2022-12-06",交通运输,小程序/公众号,55
4399,"2022-12-06",农林牧渔,小程序/公众号,94
4400,"2022-12-07",科教文体,电话,2
4401,"2022-12-07",公卫医疗,电话,16
4402,"2022-12-07",城乡建设,电话,30
4403,"2022-12-07",交通运输,电话,15
4404,"2022-12-07",农林牧渔,电话,37
4405,"2022-12-07",科教文体,来信,7
4406,"2022-12-07",公卫医疗,来信,22
4407,"2022-12-07",城乡建设,来信,25
4408,"2022-12-07",交通运输,来信,18
4409,"2022-12-07",农林牧渔,来信,21
4410,"2022-12-07",科教文体,网站,10
4411,"2022-12-07",公卫医疗,网站,3
4412,"2022-12-07",城乡建设,网站,24
4413,"2022-12-07",交通运输,网站,1
4414,"2022-12-07",农林牧渔,网站,12
4415,"2022-12-07",科教文体,小程序/公众号,51
4416,"2022-12-07",公卫医疗,小程序/公众号,23
4417,"2022-12-07",城乡建设,小程序/公众号,45
4418,"2022-12-07",交通运输,小程序/公众号,47
4419,"2022-12-07",农林牧渔,小程序/公众号,50
4420,"2022-12-08",科教文体,电话,5
4421,"2022-12-08",公卫医疗,电话,0
4422,"2022-12-08",城乡建设,电话,17
4423,"2022-12-08",交通运输,电话,0
4424,"2022-12-08",农林牧渔,电话,2
4425,"2022-12-08",科教文体,来信,18
4426,"2022-12-08",公卫医疗,来信,10
4427,"2022-12-08",城乡建设,来信,19
4428,"2022-12-08",交通运输,来信,15
4429,"2022-12-08",农林牧渔,来信,9
4430,"2022-12-08",科教文体,网站,13
4431,"2022-12-08",公卫医疗,网站,13
4432,"2022-12-08",城乡建设,网站,10
4433,"2022-12-08",交通运输,网站,47
4434,"2022-12-08",农林牧渔,网站,75
4435,"2022-12-08",科教文体,小程序/公众号,36
4436,"2022-12-08",公卫医疗,小程序/公众号,35
4437,"2022-12-08",城乡建设,小程序/公众号,61
4438,"2022-12-08",交通运输,小程序/公众号,19
4439,"2022-12-08",农林牧渔,小程序/公众号,84
4440,"2022-12-09",科教文体,电话,61
4441,"2022-12-09",公卫医疗,电话,34
4442,"2022-12-09",城乡建设,电话,9
4443,"2022-12-09",交通运输,电话,11
4444,"2022-12-09",农林牧渔,电话,31
4445,"2022-12-09",科教文体,来信,30
4446,"2022-12-09",公卫医疗,来信,30
4447,"2022-12-09",城乡建设,来信,3
4448,"2022-12-09",交通运输,来信,15
4449,"2022-12-09",农林牧渔,来信,24
4450,"2022-12-09",科教文体,网站,35
4451,"2022-12-09",公卫医疗,网站,38
4452,"2022-12-09",城乡建设,网站,3
4453,"2022-12-09",交通运输,网站,0
4454,"2022-12-09",农林牧渔,网站,45
4455,"2022-12-09",科教文体,小程序/公众号,54
4456,"2022-12-09",公卫医疗,小程序/公众号,52
4457,"2022-12-09",城乡建设,小程序/公众号,5
4458,"2022-12-09",交通运输,小程序/公众号,48
4459,"2022-12-09",农林牧渔,小程序/公众号,62
4460,"2022-12-10",科教文体,电话,2
4461,"2022-12-10",公卫医疗,电话,2
4462,"2022-12-10",城乡建设,电话,3
4463,"2022-12-10",交通运输,电话,3
4464,"2022-12-10",农林牧渔,电话,3
4465,"2022-12-10",科教文体,来信,15
4466,"2022-12-10",公卫医疗,来信,19
4467,"2022-12-10",城乡建设,来信,1
4468,"2022-12-10",交通运输,来信,7
4469,"2022-12-10",农林牧渔,来信,6
4470,"2022-12-10",科教文体,网站,13
4471,"2022-12-10",公卫医疗,网站,10
4472,"2022-12-10",城乡建设,网站,29
4473,"2022-12-10",交通运输,网站,21
4474,"2022-12-10",农林牧渔,网站,1
4475,"2022-12-10",科教文体,小程序/公众号,34
4476,"2022-12-10",公卫医疗,小程序/公众号,14
4477,"2022-12-10",城乡建设,小程序/公众号,65
4478,"2022-12-10",交通运输,小程序/公众号,25
4479,"2022-12-10",农林牧渔,小程序/公众号,34
4480,"2022-12-11",科教文体,电话,2
4481,"2022-12-11",公卫医疗,电话,11
4482,"2022-12-11",城乡建设,电话,2
4483,"2022-12-11",交通运输,电话,9
4484,"2022-12-11",农林牧渔,电话,14
4485,"2022-12-11",科教文体,来信,16
4486,"2022-12-11",公卫医疗,来信,2
4487,"2022-12-11",城乡建设,来信,15
4488,"2022-12-11",交通运输,来信,17
4489,"2022-12-11",农林牧渔,来信,1
4490,"2022-12-11",科教文体,网站,16
4491,"2022-12-11",公卫医疗,网站,6
4492,"2022-12-11",城乡建设,网站,21
4493,"2022-12-11",交通运输,网站,6
4494,"2022-12-11",农林牧渔,网站,2
4495,"2022-12-11",科教文体,小程序/公众号,64
4496,"2022-12-11",公卫医疗,小程序/公众号,36
4497,"2022-12-11",城乡建设,小程序/公众号,10
4498,"2022-12-11",交通运输,小程序/公众号,43
4499,"2022-12-11",农林牧渔,小程序/公众号,50
4500,"2022-12-12",科教文体,电话,18
4501,"2022-12-12",公卫医疗,电话,15
4502,"2022-12-12",城乡建设,电话,12
4503,"2022-12-12",交通运输,电话,1
4504,"2022-12-12",农林牧渔,电话,10
4505,"2022-12-12",科教文体,来信,4
4506,"2022-12-12",公卫医疗,来信,12
4507,"2022-12-12",城乡建设,来信,10
4508,"2022-12-12",交通运输,来信,3
4509,"2022-12-12",农林牧渔,来信,6
4510,"2022-12-12",科教文体,网站,22
4511,"2022-12-12",公卫医疗,网站,31
4512,"2022-12-12",城乡建设,网站,3
4513,"2022-12-12",交通运输,网站,10
4514,"2022-12-12",农林牧渔,网站,117
4515,"2022-12-12",科教文体,小程序/公众号,29
4516,"2022-12-12",公卫医疗,小程序/公众号,45
4517,"2022-12-12",城乡建设,小程序/公众号,79
4518,"2022-12-12",交通运输,小程序/公众号,74
4519,"2022-12-12",农林牧渔,小程序/公众号,23
4520,"2022-12-13",科教文体,电话,32
4521,"2022-12-13",公卫医疗,电话,54
4522,"2022-12-13",城乡建设,电话,24
4523,"2022-12-13",交通运输,电话,5
4524,"2022-12-13",农林牧渔,电话,3
4525,"2022-12-13",科教文体,来信,15
4526,"2022-12-13",公卫医疗,来信,2
4527,"2022-12-13",城乡建设,来信,5
4528,"2022-12-13",交通运输,来信,44
4529,"2022-12-13",农林牧渔,来信,35
4530,"2022-12-13",科教文体,网站,26
4531,"2022-12-13",公卫医疗,网站,28
4532,"2022-12-13",城乡建设,网站,6
4533,"2022-12-13",交通运输,网站,6
4534,"2022-12-13",农林牧渔,网站,24
4535,"2022-12-13",科教文体,小程序/公众号,88
4536,"2022-12-13",公卫医疗,小程序/公众号,60
4537,"2022-12-13",城乡建设,小程序/公众号,45
4538,"2022-12-13",交通运输,小程序/公众号,23
4539,"2022-12-13",农林牧渔,小程序/公众号,109
4540,"2022-12-14",科教文体,电话,3
4541,"2022-12-14",公卫医疗,电话,4
4542,"2022-12-14",城乡建设,电话,32
4543,"2022-12-14",交通运输,电话,21
4544,"2022-12-14",农林牧渔,电话,60
4545,"2022-12-14",科教文体,来信,11
4546,"2022-12-14",公卫医疗,来信,12
4547,"2022-12-14",城乡建设,来信,3
4548,"2022-12-14",交通运输,来信,5
4549,"2022-12-14",农林牧渔,来信,1
4550,"2022-12-14",科教文体,网站,5
4551,"2022-12-14",公卫医疗,网站,3
4552,"2022-12-14",城乡建设,网站,4
4553,"2022-12-14",交通运输,网站,3
4554,"2022-12-14",农林牧渔,网站,1
4555,"2022-12-14",科教文体,小程序/公众号,113
4556,"2022-12-14",公卫医疗,小程序/公众号,146
4557,"2022-12-14",城乡建设,小程序/公众号,130
4558,"2022-12-14",交通运输,小程序/公众号,123
4559,"2022-12-14",农林牧渔,小程序/公众号,210
4560,"2022-12-15",科教文体,电话,3
4561,"2022-12-15",公卫医疗,电话,6
4562,"2022-12-15",城乡建设,电话,9
4563,"2022-12-15",交通运输,电话,8
4564,"2022-12-15",农林牧渔,电话,6
4565,"2022-12-15",科教文体,来信,24
4566,"2022-12-15",公卫医疗,来信,22
4567,"2022-12-15",城乡建设,来信,15
4568,"2022-12-15",交通运输,来信,15
4569,"2022-12-15",农林牧渔,来信,10
4570,"2022-12-15",科教文体,网站,17
4571,"2022-12-15",公卫医疗,网站,10
4572,"2022-12-15",城乡建设,网站,5
4573,"2022-12-15",交通运输,网站,19
4574,"2022-12-15",农林牧渔,网站,9
4575,"2022-12-15",科教文体,小程序/公众号,53
4576,"2022-12-15",公卫医疗,小程序/公众号,47
4577,"2022-12-15",城乡建设,小程序/公众号,14
4578,"2022-12-15",交通运输,小程序/公众号,7
4579,"2022-12-15",农林牧渔,小程序/公众号,14
4580,"2022-12-16",科教文体,电话,1
4581,"2022-12-16",公卫医疗,电话,1
4582,"2022-12-16",城乡建设,电话,3
4583,"2022-12-16",交通运输,电话,1
4584,"2022-12-16",农林牧渔,电话,6
4585,"2022-12-16",科教文体,来信,1
4586,"2022-12-16",公卫医疗,来信,1
4587,"2022-12-16",城乡建设,来信,16
4588,"2022-12-16",交通运输,来信,45
4589,"2022-12-16",农林牧渔,来信,12
4590,"2022-12-16",科教文体,网站,3
4591,"2022-12-16",公卫医疗,网站,64
4592,"2022-12-16",城乡建设,网站,180
4593,"2022-12-16",交通运输,网站,51
4594,"2022-12-16",农林牧渔,网站,75
4595,"2022-12-16",科教文体,小程序/公众号,155
4596,"2022-12-16",公卫医疗,小程序/公众号,62
4597,"2022-12-16",城乡建设,小程序/公众号,55
4598,"2022-12-16",交通运输,小程序/公众号,180
4599,"2022-12-16",农林牧渔,小程序/公众号,71
4600,"2022-12-17",科教文体,电话,2
4601,"2022-12-17",公卫医疗,电话,9
4602,"2022-12-17",城乡建设,电话,10
4603,"2022-12-17",交通运输,电话,6
4604,"2022-12-17",农林牧渔,电话,7
4605,"2022-12-17",科教文体,来信,50
4606,"2022-12-17",公卫医疗,来信,25
4607,"2022-12-17",城乡建设,来信,45
4608,"2022-12-17",交通运输,来信,22
4609,"2022-12-17",农林牧渔,来信,53
4610,"2022-12-17",科教文体,网站,6
4611,"2022-12-17",公卫医疗,网站,48
4612,"2022-12-17",城乡建设,网站,28
4613,"2022-12-17",交通运输,网站,44
4614,"2022-12-17",农林牧渔,网站,25
4615,"2022-12-17",科教文体,小程序/公众号,67
4616,"2022-12-17",公卫医疗,小程序/公众号,7
4617,"2022-12-17",城乡建设,小程序/公众号,135
4618,"2022-12-17",交通运输,小程序/公众号,132
4619,"2022-12-17",农林牧渔,小程序/公众号,77
4620,"2022-12-18",科教文体,电话,48
4621,"2022-12-18",公卫医疗,电话,34
4622,"2022-12-18",城乡建设,电话,41
4623,"2022-12-18",交通运输,电话,29
4624,"2022-12-18",农林牧渔,电话,58
4625,"2022-12-18",科教文体,来信,3
4626,"2022-12-18",公卫医疗,来信,48
4627,"2022-12-18",城乡建设,来信,44
4628,"2022-12-18",交通运输,来信,33
4629,"2022-12-18",农林牧渔,来信,20
4630,"2022-12-18",科教文体,网站,48
4631,"2022-12-18",公卫医疗,网站,52
4632,"2022-12-18",城乡建设,网站,48
4633,"2022-12-18",交通运输,网站,27
4634,"2022-12-18",农林牧渔,网站,11
4635,"2022-12-18",科教文体,小程序/公众号,20
4636,"2022-12-18",公卫医疗,小程序/公众号,76
4637,"2022-12-18",城乡建设,小程序/公众号,113
4638,"2022-12-18",交通运输,小程序/公众号,9
4639,"2022-12-18",农林牧渔,小程序/公众号,92
4640,"2022-12-19",科教文体,电话,75
4641,"2022-12-19",公卫医疗,电话,51
4642,"2022-12-19",城乡建设,电话,24
4643,"2022-12-19",交通运输,电话,34
4644,"2022-12-19",农林牧渔,电话,33
4645,"2022-12-19",科教文体,来信,11
4646,"2022-12-19",公卫医疗,来信,53
4647,"2022-12-19",城乡建设,来信,38
4648,"2022-12-19",交通运输,来信,21
4649,"2022-12-19",农林牧渔,来信,33
4650,"2022-12-19",科教文体,网站,28
4651,"2022-12-19",公卫医疗,网站,12
4652,"2022-12-19",城乡建设,网站,10
4653,"2022-12-19",交通运输,网站,10
4654,"2022-12-19",农林牧渔,网站,34
4655,"2022-12-19",科教文体,小程序/公众号,102
4656,"2022-12-19",公卫医疗,小程序/公众号,15
4657,"2022-12-19",城乡建设,小程序/公众号,132
4658,"2022-12-19",交通运输,小程序/公众号,81
4659,"2022-12-19",农林牧渔,小程序/公众号,134
4660,"2022-12-20",科教文体,电话,24
4661,"2022-12-20",公卫医疗,电话,10
4662,"2022-12-20",城乡建设,电话,4
4663,"2022-12-20",交通运输,电话,25
4664,"2022-12-20",农林牧渔,电话,24
4665,"2022-12-20",科教文体,来信,9
4666,"2022-12-20",公卫医疗,来信,0
4667,"2022-12-20",城乡建设,来信,6
4668,"2022-12-20",交通运输,来信,12
4669,"2022-12-20",农林牧渔,来信,17
4670,"2022-12-20",科教文体,网站,28
4671,"2022-12-20",公卫医疗,网站,0
4672,"2022-12-20",城乡建设,网站,10
4673,"2022-12-20",交通运输,网站,19
4674,"2022-12-20",农林牧渔,网站,6
4675,"2022-12-20",科教文体,小程序/公众号,42
4676,"2022-12-20",公卫医疗,小程序/公众号,80
4677,"2022-12-20",城乡建设,小程序/公众号,19
4678,"2022-12-20",交通运输,小程序/公众号,32
4679,"2022-12-20",农林牧渔,小程序/公众号,60
4680,"2022-12-21",科教文体,电话,19
4681,"2022-12-21",公卫医疗,电话,7
4682,"2022-12-21",城乡建设,电话,8
4683,"2022-12-21",交通运输,电话,4
4684,"2022-12-21",农林牧渔,电话,17
4685,"2022-12-21",科教文体,来信,3
4686,"2022-12-21",公卫医疗,来信,3
4687,"2022-12-21",城乡建设,来信,4
4688,"2022-12-21",交通运输,来信,1
4689,"2022-12-21",农林牧渔,来信,0
4690,"2022-12-21",科教文体,网站,0
4691,"2022-12-21",公卫医疗,网站,4
4692,"2022-12-21",城乡建设,网站,3
4693,"2022-12-21",交通运输,网站,6
4694,"2022-12-21",农林牧渔,网站,2
4695,"2022-12-21",科教文体,小程序/公众号,204
4696,"2022-12-21",公卫医疗,小程序/公众号,103
4697,"2022-12-21",城乡建设,小程序/公众号,54
4698,"2022-12-21",交通运输,小程序/公众号,7
4699,"2022-12-21",农林牧渔,小程序/公众号,21
4700,"2022-12-22",科教文体,电话,14
4701,"2022-12-22",公卫医疗,电话,12
4702,"2022-12-22",城乡建设,电话,5
4703,"2022-12-22",交通运输,电话,29
4704,"2022-12-22",农林牧渔,电话,5
4705,"2022-12-22",科教文体,来信,22
4706,"2022-12-22",公卫医疗,来信,42
4707,"2022-12-22",城乡建设,来信,2
4708,"2022-12-22",交通运输,来信,21
4709,"2022-12-22",农林牧渔,来信,25
4710,"2022-12-22",科教文体,网站,11
4711,"2022-12-22",公卫医疗,网站,31
4712,"2022-12-22",城乡建设,网站,24
4713,"2022-12-22",交通运输,网站,12
4714,"2022-12-22",农林牧渔,网站,23
4715,"2022-12-22",科教文体,小程序/公众号,39
4716,"2022-12-22",公卫医疗,小程序/公众号,4
4717,"2022-12-22",城乡建设,小程序/公众号,55
4718,"2022-12-22",交通运输,小程序/公众号,39
4719,"2022-12-22",农林牧渔,小程序/公众号,43
4720,"2022-12-23",科教文体,电话,11
4721,"2022-12-23",公卫医疗,电话,14
4722,"2022-12-23",城乡建设,电话,4
4723,"2022-12-23",交通运输,电话,27
4724,"2022-12-23",农林牧渔,电话,13
4725,"2022-12-23",科教文体,来信,20
4726,"2022-12-23",公卫医疗,来信,9
4727,"2022-12-23",城乡建设,来信,17
4728,"2022-12-23",交通运输,来信,7
4729,"2022-12-23",农林牧渔,来信,3
4730,"2022-12-23",科教文体,网站,14
4731,"2022-12-23",公卫医疗,网站,31
4732,"2022-12-23",城乡建设,网站,29
4733,"2022-12-23",交通运输,网站,14
4734,"2022-12-23",农林牧渔,网站,35
4735,"2022-12-23",科教文体,小程序/公众号,39
4736,"2022-12-23",公卫医疗,小程序/公众号,65
4737,"2022-12-23",城乡建设,小程序/公众号,61
4738,"2022-12-23",交通运输,小程序/公众号,32
4739,"2022-12-23",农林牧渔,小程序/公众号,65
4740,"2022-12-24",科教文体,电话,8
4741,"2022-12-24",公卫医疗,电话,2
4742,"2022-12-24",城乡建设,电话,20
4743,"2022-12-24",交通运输,电话,50
4744,"2022-12-24",农林牧渔,电话,40
4745,"2022-12-24",科教文体,来信,1
4746,"2022-12-24",公卫医疗,来信,9
4747,"2022-12-24",城乡建设,来信,16
4748,"2022-12-24",交通运输,来信,9
4749,"2022-12-24",农林牧渔,来信,12
4750,"2022-12-24",科教文体,网站,40
4751,"2022-12-24",公卫医疗,网站,22
4752,"2022-12-24",城乡建设,网站,28
4753,"2022-12-24",交通运输,网站,32
4754,"2022-12-24",农林牧渔,网站,46
4755,"2022-12-24",科教文体,小程序/公众号,88
4756,"2022-12-24",公卫医疗,小程序/公众号,29
4757,"2022-12-24",城乡建设,小程序/公众号,107
4758,"2022-12-24",交通运输,小程序/公众号,82
4759,"2022-12-24",农林牧渔,小程序/公众号,104
4760,"2022-12-25",科教文体,电话,1
4761,"2022-12-25",公卫医疗,电话,29
4762,"2022-12-25",城乡建设,电话,33
4763,"2022-12-25",交通运输,电话,19
4764,"2022-12-25",农林牧渔,电话,9
4765,"2022-12-25",科教文体,来信,4
4766,"2022-12-25",公卫医疗,来信,10
4767,"2022-12-25",城乡建设,来信,1
4768,"2022-12-25",交通运输,来信,9
4769,"2022-12-25",农林牧渔,来信,5
4770,"2022-12-25",科教文体,网站,20
4771,"2022-12-25",公卫医疗,网站,61
4772,"2022-12-25",城乡建设,网站,53
4773,"2022-12-25",交通运输,网站,19
4774,"2022-12-25",农林牧渔,网站,7
4775,"2022-12-25",科教文体,小程序/公众号,134
4776,"2022-12-25",公卫医疗,小程序/公众号,64
4777,"2022-12-25",城乡建设,小程序/公众号,82
4778,"2022-12-25",交通运输,小程序/公众号,64
4779,"2022-12-25",农林牧渔,小程序/公众号,15
4780,"2022-12-26",科教文体,电话,65
4781,"2022-12-26",公卫医疗,电话,43
4782,"2022-12-26",城乡建设,电话,8
4783,"2022-12-26",交通运输,电话,11
4784,"2022-12-26",农林牧渔,电话,10
4785,"2022-12-26",科教文体,来信,5
4786,"2022-12-26",公卫医疗,来信,17
4787,"2022-12-26",城乡建设,来信,9
4788,"2022-12-26",交通运输,来信,3
4789,"2022-12-26",农林牧渔,来信,14
4790,"2022-12-26",科教文体,网站,13
4791,"2022-12-26",公卫医疗,网站,3
4792,"2022-12-26",城乡建设,网站,8
4793,"2022-12-26",交通运输,网站,5
4794,"2022-12-26",农林牧渔,网站,0
4795,"2022-12-26",科教文体,小程序/公众号,142
4796,"2022-12-26",公卫医疗,小程序/公众号,152
4797,"2022-12-26",城乡建设,小程序/公众号,50
4798,"2022-12-26",交通运输,小程序/公众号,69
4799,"2022-12-26",农林牧渔,小程序/公众号,61
4800,"2022-12-27",科教文体,电话,3
4801,"2022-12-27",公卫医疗,电话,13
4802,"2022-12-27",城乡建设,电话,14
4803,"2022-12-27",交通运输,电话,6
4804,"2022-12-27",农林牧渔,电话,6
4805,"2022-12-27",科教文体,来信,5
4806,"2022-12-27",公卫医疗,来信,68
4807,"2022-12-27",城乡建设,来信,16
4808,"2022-12-27",交通运输,来信,71
4809,"2022-12-27",农林牧渔,来信,5
4810,"2022-12-27",科教文体,网站,2
4811,"2022-12-27",公卫医疗,网站,24
4812,"2022-12-27",城乡建设,网站,35
4813,"2022-12-27",交通运输,网站,19
4814,"2022-12-27",农林牧渔,网站,37
4815,"2022-12-27",科教文体,小程序/公众号,51
4816,"2022-12-27",公卫医疗,小程序/公众号,20
4817,"2022-12-27",城乡建设,小程序/公众号,46
4818,"2022-12-27",交通运输,小程序/公众号,194
4819,"2022-12-27",农林牧渔,小程序/公众号,22
4820,"2022-12-28",科教文体,电话,17
4821,"2022-12-28",公卫医疗,电话,7
4822,"2022-12-28",城乡建设,电话,14
4823,"2022-12-28",交通运输,电话,6
4824,"2022-12-28",农林牧渔,电话,16
4825,"2022-12-28",科教文体,来信,0
4826,"2022-12-28",公卫医疗,来信,8
4827,"2022-12-28",城乡建设,来信,29
4828,"2022-12-28",交通运输,来信,30
4829,"2022-12-28",农林牧渔,来信,18
4830,"2022-12-28",科教文体,网站,9
4831,"2022-12-28",公卫医疗,网站,23
4832,"2022-12-28",城乡建设,网站,22
4833,"2022-12-28",交通运输,网站,26
4834,"2022-12-28",农林牧渔,网站,18
4835,"2022-12-28",科教文体,小程序/公众号,43
4836,"2022-12-28",公卫医疗,小程序/公众号,13
4837,"2022-12-28",城乡建设,小程序/公众号,8
4838,"2022-12-28",交通运输,小程序/公众号,75
4839,"2022-12-28",农林牧渔,小程序/公众号,73
4840,"2022-12-29",科教文体,电话,4
4841,"2022-12-29",公卫医疗,电话,17
4842,"2022-12-29",城乡建设,电话,9
4843,"2022-12-29",交通运输,电话,15
4844,"2022-12-29",农林牧渔,电话,21
4845,"2022-12-29",科教文体,来信,0
4846,"2022-12-29",公卫医疗,来信,8
4847,"2022-12-29",城乡建设,来信,14
4848,"2022-12-29",交通运输,来信,16
4849,"2022-12-29",农林牧渔,来信,20
4850,"2022-12-29",科教文体,网站,11
4851,"2022-12-29",公卫医疗,网站,8
4852,"2022-12-29",城乡建设,网站,11
4853,"2022-12-29",交通运输,网站,6
4854,"2022-12-29",农林牧渔,网站,11
4855,"2022-12-29",科教文体,小程序/公众号,21
4856,"2022-12-29",公卫医疗,小程序/公众号,53
4857,"2022-12-29",城乡建设,小程序/公众号,19
4858,"2022-12-29",交通运输,小程序/公众号,33
4859,"2022-12-29",农林牧渔,小程序/公众号,66
4860,"2022-12-30",科教文体,电话,9
4861,"2022-12-30",公卫医疗,电话,6
4862,"2022-12-30",城乡建设,电话,2
4863,"2022-12-30",交通运输,电话,14
4864,"2022-12-30",农林牧渔,电话,8
4865,"2022-12-30",科教文体,来信,7
4866,"2022-12-30",公卫医疗,来信,34
4867,"2022-12-30",城乡建设,来信,40
4868,"2022-12-30",交通运输,来信,25
4869,"2022-12-30",农林牧渔,来信,29
4870,"2022-12-30",科教文体,网站,6
4871,"2022-12-30",公卫医疗,网站,17
4872,"2022-12-30",城乡建设,网站,18
4873,"2022-12-30",交通运输,网站,3
4874,"2022-12-30",农林牧渔,网站,16
4875,"2022-12-30",科教文体,小程序/公众号,35
4876,"2022-12-30",公卫医疗,小程序/公众号,49
4877,"2022-12-30",城乡建设,小程序/公众号,82
4878,"2022-12-30",交通运输,小程序/公众号,224
4879,"2022-12-30",农林牧渔,小程序/公众号,64
4880,"2022-12-31",科教文体,电话,20
4881,"2022-12-31",公卫医疗,电话,8
4882,"2022-12-31",城乡建设,电话,4
4883,"2022-12-31",交通运输,电话,19
4884,"2022-12-31",农林牧渔,电话,14
4885,"2022-12-31",科教文体,来信,48
4886,"2022-12-31",公卫医疗,来信,12
4887,"2022-12-31",城乡建设,来信,27
4888,"2022-12-31",交通运输,来信,14
4889,"2022-12-31",农林牧渔,来信,1
4890,"2022-12-31",科教文体,网站,62
4891,"2022-12-31",公卫医疗,网站,59
4892,"2022-12-31",城乡建设,网站,13
4893,"2022-12-31",交通运输,网站,30
4894,"2022-12-31",农林牧渔,网站,50
4895,"2022-12-31",科教文体,小程序/公众号,46
4896,"2022-12-31",公卫医疗,小程序/公众号,114
4897,"2022-12-31",城乡建设,小程序/公众号,55
4898,"2022-12-31",交通运输,小程序/公众号,44
4899,"2022-12-31",农林牧渔,小程序/公众号,58
4900,"2023-01-01",科教文体,电话,46
4901,"2023-01-01",公卫医疗,电话,24
4902,"2023-01-01",城乡建设,电话,22
4903,"2023-01-01",交通运输,电话,37
4904,"2023-01-01",农林牧渔,电话,42
4905,"2023-01-01",科教文体,来信,2
4906,"2023-01-01",公卫医疗,来信,7
4907,"2023-01-01",城乡建设,来信,2
4908,"2023-01-01",交通运输,来信,7
4909,"2023-01-01",农林牧渔,来信,5
4910,"2023-01-01",科教文体,网站,9
4911,"2023-01-01",公卫医疗,网站,1
4912,"2023-01-01",城乡建设,网站,10
4913,"2023-01-01",交通运输,网站,10
4914,"2023-01-01",农林牧渔,网站,4
4915,"2023-01-01",科教文体,小程序/公众号,63
4916,"2023-01-01",公卫医疗,小程序/公众号,134
4917,"2023-01-01",城乡建设,小程序/公众号,128
4918,"2023-01-01",交通运输,小程序/公众号,184
4919,"2023-01-01",农林牧渔,小程序/公众号,152
4920,"2023-01-02",科教文体,电话,2
4921,"2023-01-02",公卫医疗,电话,4
4922,"2023-01-02",城乡建设,电话,12
4923,"2023-01-02",交通运输,电话,13
4924,"2023-01-02",农林牧渔,电话,15
4925,"2023-01-02",科教文体,来信,27
4926,"2023-01-02",公卫医疗,来信,5
4927,"2023-01-02",城乡建设,来信,24
4928,"2023-01-02",交通运输,来信,39
4929,"2023-01-02",农林牧渔,来信,6
4930,"2023-01-02",科教文体,网站,18
4931,"2023-01-02",公卫医疗,网站,24
4932,"2023-01-02",城乡建设,网站,9
4933,"2023-01-02",交通运输,网站,25
4934,"2023-01-02",农林牧渔,网站,8
4935,"2023-01-02",科教文体,小程序/公众号,32
4936,"2023-01-02",公卫医疗,小程序/公众号,31
4937,"2023-01-02",城乡建设,小程序/公众号,40
4938,"2023-01-02",交通运输,小程序/公众号,38
4939,"2023-01-02",农林牧渔,小程序/公众号,21
4940,"2023-01-03",科教文体,电话,0
4941,"2023-01-03",公卫医疗,电话,4
4942,"2023-01-03",城乡建设,电话,6
4943,"2023-01-03",交通运输,电话,6
4944,"2023-01-03",农林牧渔,电话,1
4945,"2023-01-03",科教文体,来信,5
4946,"2023-01-03",公卫医疗,来信,10
4947,"2023-01-03",城乡建设,来信,16
4948,"2023-01-03",交通运输,来信,18
4949,"2023-01-03",农林牧渔,来信,12
4950,"2023-01-03",科教文体,网站,80
4951,"2023-01-03",公卫医疗,网站,18
4952,"2023-01-03",城乡建设,网站,36
4953,"2023-01-03",交通运输,网站,82
4954,"2023-01-03",农林牧渔,网站,9
4955,"2023-01-03",科教文体,小程序/公众号,69
4956,"2023-01-03",公卫医疗,小程序/公众号,41
4957,"2023-01-03",城乡建设,小程序/公众号,14
4958,"2023-01-03",交通运输,小程序/公众号,8
4959,"2023-01-03",农林牧渔,小程序/公众号,100
4960,"2023-01-04",科教文体,电话,11
4961,"2023-01-04",公卫医疗,电话,5
4962,"2023-01-04",城乡建设,电话,34
4963,"2023-01-04",交通运输,电话,39
4964,"2023-01-04",农林牧渔,电话,17
4965,"2023-01-04",科教文体,来信,19
4966,"2023-01-04",公卫医疗,来信,33
4967,"2023-01-04",城乡建设,来信,20
4968,"2023-01-04",交通运输,来信,29
4969,"2023-01-04",农林牧渔,来信,3
4970,"2023-01-04",科教文体,网站,18
4971,"2023-01-04",公卫医疗,网站,27
4972,"2023-01-04",城乡建设,网站,18
4973,"2023-01-04",交通运输,网站,2
4974,"2023-01-04",农林牧渔,网站,2
4975,"2023-01-04",科教文体,小程序/公众号,42
4976,"2023-01-04",公卫医疗,小程序/公众号,31
4977,"2023-01-04",城乡建设,小程序/公众号,27
4978,"2023-01-04",交通运输,小程序/公众号,21
4979,"2023-01-04",农林牧渔,小程序/公众号,28
4980,"2023-01-05",科教文体,电话,43
4981,"2023-01-05",公卫医疗,电话,58
4982,"2023-01-05",城乡建设,电话,49
4983,"2023-01-05",交通运输,电话,36
4984,"2023-01-05",农林牧渔,电话,24
4985,"2023-01-05",科教文体,来信,43
4986,"2023-01-05",公卫医疗,来信,25
4987,"2023-01-05",城乡建设,来信,35
4988,"2023-01-05",交通运输,来信,57
4989,"2023-01-05",农林牧渔,来信,3
4990,"2023-01-05",科教文体,网站,52
4991,"2023-01-05",公卫医疗,网站,62
4992,"2023-01-05",城乡建设,网站,69
4993,"2023-01-05",交通运输,网站,65
4994,"2023-01-05",农林牧渔,网站,5
4995,"2023-01-05",科教文体,小程序/公众号,81
4996,"2023-01-05",公卫医疗,小程序/公众号,3
4997,"2023-01-05",城乡建设,小程序/公众号,58
4998,"2023-01-05",交通运输,小程序/公众号,71
4999,"2023-01-05",农林牧渔,小程序/公众号,45
5000,"2023-01-06",科教文体,电话,7
5001,"2023-01-06",公卫医疗,电话,8
5002,"2023-01-06",城乡建设,电话,2
5003,"2023-01-06",交通运输,电话,9
5004,"2023-01-06",农林牧渔,电话,13
5005,"2023-01-06",科教文体,来信,26
5006,"2023-01-06",公卫医疗,来信,18
5007,"2023-01-06",城乡建设,来信,3
5008,"2023-01-06",交通运输,来信,24
5009,"2023-01-06",农林牧渔,来信,3
5010,"2023-01-06",科教文体,网站,1
5011,"2023-01-06",公卫医疗,网站,8
5012,"2023-01-06",城乡建设,网站,1
5013,"2023-01-06",交通运输,网站,1
5014,"2023-01-06",农林牧渔,网站,6
5015,"2023-01-06",科教文体,小程序/公众号,105
5016,"2023-01-06",公卫医疗,小程序/公众号,180
5017,"2023-01-06",城乡建设,小程序/公众号,43
5018,"2023-01-06",交通运输,小程序/公众号,179
5019,"2023-01-06",农林牧渔,小程序/公众号,186
5020,"2023-01-07",科教文体,电话,0
5021,"2023-01-07",公卫医疗,电话,4
5022,"2023-01-07",城乡建设,电话,3
5023,"2023-01-07",交通运输,电话,8
5024,"2023-01-07",农林牧渔,电话,4
5025,"2023-01-07",科教文体,来信,4
5026,"2023-01-07",公卫医疗,来信,15
5027,"2023-01-07",城乡建设,来信,15
5028,"2023-01-07",交通运输,来信,20
5029,"2023-01-07",农林牧渔,来信,10
5030,"2023-01-07",科教文体,网站,18
5031,"2023-01-07",公卫医疗,网站,6
5032,"2023-01-07",城乡建设,网站,5
5033,"2023-01-07",交通运输,网站,18
5034,"2023-01-07",农林牧渔,网站,8
5035,"2023-01-07",科教文体,小程序/公众号,207
5036,"2023-01-07",公卫医疗,小程序/公众号,3
5037,"2023-01-07",城乡建设,小程序/公众号,112
5038,"2023-01-07",交通运输,小程序/公众号,154
5039,"2023-01-07",农林牧渔,小程序/公众号,171
5040,"2023-01-08",科教文体,电话,39
5041,"2023-01-08",公卫医疗,电话,15
5042,"2023-01-08",城乡建设,电话,25
5043,"2023-01-08",交通运输,电话,70
5044,"2023-01-08",农林牧渔,电话,29
5045,"2023-01-08",科教文体,来信,5
5046,"2023-01-08",公卫医疗,来信,5
5047,"2023-01-08",城乡建设,来信,4
5048,"2023-01-08",交通运输,来信,5
5049,"2023-01-08",农林牧渔,来信,1
5050,"2023-01-08",科教文体,网站,9
5051,"2023-01-08",公卫医疗,网站,1
5052,"2023-01-08",城乡建设,网站,5
5053,"2023-01-08",交通运输,网站,1
5054,"2023-01-08",农林牧渔,网站,7
5055,"2023-01-08",科教文体,小程序/公众号,128
5056,"2023-01-08",公卫医疗,小程序/公众号,89
5057,"2023-01-08",城乡建设,小程序/公众号,88
5058,"2023-01-08",交通运输,小程序/公众号,195
5059,"2023-01-08",农林牧渔,小程序/公众号,87
5060,"2023-01-09",科教文体,电话,20
5061,"2023-01-09",公卫医疗,电话,1
5062,"2023-01-09",城乡建设,电话,23
5063,"2023-01-09",交通运输,电话,14
5064,"2023-01-09",农林牧渔,电话,23
5065,"2023-01-09",科教文体,来信,4
5066,"2023-01-09",公卫医疗,来信,9
5067,"2023-01-09",城乡建设,来信,7
5068,"2023-01-09",交通运输,来信,4
5069,"2023-01-09",农林牧渔,来信,0
5070,"2023-01-09",科教文体,网站,16
5071,"2023-01-09",公卫医疗,网站,16
5072,"2023-01-09",城乡建设,网站,15
5073,"2023-01-09",交通运输,网站,19
5074,"2023-01-09",农林牧渔,网站,20
5075,"2023-01-09",科教文体,小程序/公众号,56
5076,"2023-01-09",公卫医疗,小程序/公众号,44
5077,"2023-01-09",城乡建设,小程序/公众号,19
5078,"2023-01-09",交通运输,小程序/公众号,37
5079,"2023-01-09",农林牧渔,小程序/公众号,20
5080,"2023-01-10",科教文体,电话,22
5081,"2023-01-10",公卫医疗,电话,17
5082,"2023-01-10",城乡建设,电话,22
5083,"2023-01-10",交通运输,电话,11
5084,"2023-01-10",农林牧渔,电话,9
5085,"2023-01-10",科教文体,来信,10
5086,"2023-01-10",公卫医疗,来信,4
5087,"2023-01-10",城乡建设,来信,3
5088,"2023-01-10",交通运输,来信,3
5089,"2023-01-10",农林牧渔,来信,7
5090,"2023-01-10",科教文体,网站,13
5091,"2023-01-10",公卫医疗,网站,7
5092,"2023-01-10",城乡建设,网站,12
5093,"2023-01-10",交通运输,网站,2
5094,"2023-01-10",农林牧渔,网站,5
5095,"2023-01-10",科教文体,小程序/公众号,24
5096,"2023-01-10",公卫医疗,小程序/公众号,78
5097,"2023-01-10",城乡建设,小程序/公众号,68
5098,"2023-01-10",交通运输,小程序/公众号,21
5099,"2023-01-10",农林牧渔,小程序/公众号,42
5100,"2023-01-11",科教文体,电话,10
5101,"2023-01-11",公卫医疗,电话,13
5102,"2023-01-11",城乡建设,电话,24
5103,"2023-01-11",交通运输,电话,57
5104,"2023-01-11",农林牧渔,电话,50
5105,"2023-01-11",科教文体,来信,16
5106,"2023-01-11",公卫医疗,来信,9
5107,"2023-01-11",城乡建设,来信,9
5108,"2023-01-11",交通运输,来信,8
5109,"2023-01-11",农林牧渔,来信,3
5110,"2023-01-11",科教文体,网站,19
5111,"2023-01-11",公卫医疗,网站,26
5112,"2023-01-11",城乡建设,网站,15
5113,"2023-01-11",交通运输,网站,25
5114,"2023-01-11",农林牧渔,网站,29
5115,"2023-01-11",科教文体,小程序/公众号,21
5116,"2023-01-11",公卫医疗,小程序/公众号,100
5117,"2023-01-11",城乡建设,小程序/公众号,125
5118,"2023-01-11",交通运输,小程序/公众号,57
5119,"2023-01-11",农林牧渔,小程序/公众号,47
5120,"2023-01-12",科教文体,电话,16
5121,"2023-01-12",公卫医疗,电话,30
5122,"2023-01-12",城乡建设,电话,53
5123,"2023-01-12",交通运输,电话,46
5124,"2023-01-12",农林牧渔,电话,16
5125,"2023-01-12",科教文体,来信,66
5126,"2023-01-12",公卫医疗,来信,40
5127,"2023-01-12",城乡建设,来信,2
5128,"2023-01-12",交通运输,来信,42
5129,"2023-01-12",农林牧渔,来信,69
5130,"2023-01-12",科教文体,网站,2
5131,"2023-01-12",公卫医疗,网站,8
5132,"2023-01-12",城乡建设,网站,2
5133,"2023-01-12",交通运输,网站,3
5134,"2023-01-12",农林牧渔,网站,5
5135,"2023-01-12",科教文体,小程序/公众号,70
5136,"2023-01-12",公卫医疗,小程序/公众号,162
5137,"2023-01-12",城乡建设,小程序/公众号,119
5138,"2023-01-12",交通运输,小程序/公众号,81
5139,"2023-01-12",农林牧渔,小程序/公众号,16
5140,"2023-01-13",科教文体,电话,4
5141,"2023-01-13",公卫医疗,电话,37
5142,"2023-01-13",城乡建设,电话,36
5143,"2023-01-13",交通运输,电话,39
5144,"2023-01-13",农林牧渔,电话,34
5145,"2023-01-13",科教文体,来信,7
5146,"2023-01-13",公卫医疗,来信,10
5147,"2023-01-13",城乡建设,来信,12
5148,"2023-01-13",交通运输,来信,11
5149,"2023-01-13",农林牧渔,来信,15
5150,"2023-01-13",科教文体,网站,40
5151,"2023-01-13",公卫医疗,网站,93
5152,"2023-01-13",城乡建设,网站,70
5153,"2023-01-13",交通运输,网站,45
5154,"2023-01-13",农林牧渔,网站,39
5155,"2023-01-13",科教文体,小程序/公众号,126
5156,"2023-01-13",公卫医疗,小程序/公众号,18
5157,"2023-01-13",城乡建设,小程序/公众号,45
5158,"2023-01-13",交通运输,小程序/公众号,138
5159,"2023-01-13",农林牧渔,小程序/公众号,58
5160,"2023-01-14",科教文体,电话,23
5161,"2023-01-14",公卫医疗,电话,34
5162,"2023-01-14",城乡建设,电话,11
5163,"2023-01-14",交通运输,电话,32
5164,"2023-01-14",农林牧渔,电话,29
5165,"2023-01-14",科教文体,来信,18
5166,"2023-01-14",公卫医疗,来信,24
5167,"2023-01-14",城乡建设,来信,25
5168,"2023-01-14",交通运输,来信,20
5169,"2023-01-14",农林牧渔,来信,12
5170,"2023-01-14",科教文体,网站,3
5171,"2023-01-14",公卫医疗,网站,2
5172,"2023-01-14",城乡建设,网站,3
5173,"2023-01-14",交通运输,网站,3
5174,"2023-01-14",农林牧渔,网站,1
5175,"2023-01-14",科教文体,小程序/公众号,104
5176,"2023-01-14",公卫医疗,小程序/公众号,12
5177,"2023-01-14",城乡建设,小程序/公众号,38
5178,"2023-01-14",交通运输,小程序/公众号,247
5179,"2023-01-14",农林牧渔,小程序/公众号,99
5180,"2023-01-15",科教文体,电话,39
5181,"2023-01-15",公卫医疗,电话,22
5182,"2023-01-15",城乡建设,电话,23
5183,"2023-01-15",交通运输,电话,30
5184,"2023-01-15",农林牧渔,电话,12
5185,"2023-01-15",科教文体,来信,4
5186,"2023-01-15",公卫医疗,来信,3
5187,"2023-01-15",城乡建设,来信,4
5188,"2023-01-15",交通运输,来信,13
5189,"2023-01-15",农林牧渔,来信,6
5190,"2023-01-15",科教文体,网站,15
5191,"2023-01-15",公卫医疗,网站,12
5192,"2023-01-15",城乡建设,网站,32
5193,"2023-01-15",交通运输,网站,18
5194,"2023-01-15",农林牧渔,网站,33
5195,"2023-01-15",科教文体,小程序/公众号,56
5196,"2023-01-15",公卫医疗,小程序/公众号,45
5197,"2023-01-15",城乡建设,小程序/公众号,65
5198,"2023-01-15",交通运输,小程序/公众号,10
5199,"2023-01-15",农林牧渔,小程序/公众号,67
5200,"2023-01-16",科教文体,电话,23
5201,"2023-01-16",公卫医疗,电话,67
5202,"2023-01-16",城乡建设,电话,29
5203,"2023-01-16",交通运输,电话,13
5204,"2023-01-16",农林牧渔,电话,51
5205,"2023-01-16",科教文体,来信,3
5206,"2023-01-16",公卫医疗,来信,13
5207,"2023-01-16",城乡建设,来信,7
5208,"2023-01-16",交通运输,来信,10
5209,"2023-01-16",农林牧渔,来信,6
5210,"2023-01-16",科教文体,网站,9
5211,"2023-01-16",公卫医疗,网站,23
5212,"2023-01-16",城乡建设,网站,52
5213,"2023-01-16",交通运输,网站,11
5214,"2023-01-16",农林牧渔,网站,114
5215,"2023-01-16",科教文体,小程序/公众号,133
5216,"2023-01-16",公卫医疗,小程序/公众号,61
5217,"2023-01-16",城乡建设,小程序/公众号,44
5218,"2023-01-16",交通运输,小程序/公众号,66
5219,"2023-01-16",农林牧渔,小程序/公众号,172
5220,"2023-01-17",科教文体,电话,2
5221,"2023-01-17",公卫医疗,电话,4
5222,"2023-01-17",城乡建设,电话,3
5223,"2023-01-17",交通运输,电话,9
5224,"2023-01-17",农林牧渔,电话,5
5225,"2023-01-17",科教文体,来信,4
5226,"2023-01-17",公卫医疗,来信,9
5227,"2023-01-17",城乡建设,来信,8
5228,"2023-01-17",交通运输,来信,14
5229,"2023-01-17",农林牧渔,来信,21
5230,"2023-01-17",科教文体,网站,62
5231,"2023-01-17",公卫医疗,网站,23
5232,"2023-01-17",城乡建设,网站,40
5233,"2023-01-17",交通运输,网站,13
5234,"2023-01-17",农林牧渔,网站,48
5235,"2023-01-17",科教文体,小程序/公众号,181
5236,"2023-01-17",公卫医疗,小程序/公众号,120
5237,"2023-01-17",城乡建设,小程序/公众号,7
5238,"2023-01-17",交通运输,小程序/公众号,11
5239,"2023-01-17",农林牧渔,小程序/公众号,47
5240,"2023-01-18",科教文体,电话,12
5241,"2023-01-18",公卫医疗,电话,9
5242,"2023-01-18",城乡建设,电话,24
5243,"2023-01-18",交通运输,电话,2
5244,"2023-01-18",农林牧渔,电话,46
5245,"2023-01-18",科教文体,来信,22
5246,"2023-01-18",公卫医疗,来信,5
5247,"2023-01-18",城乡建设,来信,32
5248,"2023-01-18",交通运输,来信,12
5249,"2023-01-18",农林牧渔,来信,41
5250,"2023-01-18",科教文体,网站,32
5251,"2023-01-18",公卫医疗,网站,11
5252,"2023-01-18",城乡建设,网站,42
5253,"2023-01-18",交通运输,网站,48
5254,"2023-01-18",农林牧渔,网站,8
5255,"2023-01-18",科教文体,小程序/公众号,7
5256,"2023-01-18",公卫医疗,小程序/公众号,52
5257,"2023-01-18",城乡建设,小程序/公众号,55
5258,"2023-01-18",交通运输,小程序/公众号,37
5259,"2023-01-18",农林牧渔,小程序/公众号,83
5260,"2023-01-19",科教文体,电话,14
5261,"2023-01-19",公卫医疗,电话,10
5262,"2023-01-19",城乡建设,电话,16
5263,"2023-01-19",交通运输,电话,7
5264,"2023-01-19",农林牧渔,电话,7
5265,"2023-01-19",科教文体,来信,8
5266,"2023-01-19",公卫医疗,来信,69
5267,"2023-01-19",城乡建设,来信,6
5268,"2023-01-19",交通运输,来信,21
5269,"2023-01-19",农林牧渔,来信,30
5270,"2023-01-19",科教文体,网站,53
5271,"2023-01-19",公卫医疗,网站,16
5272,"2023-01-19",城乡建设,网站,13
5273,"2023-01-19",交通运输,网站,27
5274,"2023-01-19",农林牧渔,网站,40
5275,"2023-01-19",科教文体,小程序/公众号,38
5276,"2023-01-19",公卫医疗,小程序/公众号,51
5277,"2023-01-19",城乡建设,小程序/公众号,16
5278,"2023-01-19",交通运输,小程序/公众号,20
5279,"2023-01-19",农林牧渔,小程序/公众号,32
5280,"2023-01-20",科教文体,电话,24
5281,"2023-01-20",公卫医疗,电话,21
5282,"2023-01-20",城乡建设,电话,28
5283,"2023-01-20",交通运输,电话,44
5284,"2023-01-20",农林牧渔,电话,24
5285,"2023-01-20",科教文体,来信,7
5286,"2023-01-20",公卫医疗,来信,16
5287,"2023-01-20",城乡建设,来信,10
5288,"2023-01-20",交通运输,来信,30
5289,"2023-01-20",农林牧渔,来信,10
5290,"2023-01-20",科教文体,网站,1
5291,"2023-01-20",公卫医疗,网站,0
5292,"2023-01-20",城乡建设,网站,8
5293,"2023-01-20",交通运输,网站,4
5294,"2023-01-20",农林牧渔,网站,7
5295,"2023-01-20",科教文体,小程序/公众号,76
5296,"2023-01-20",公卫医疗,小程序/公众号,98
5297,"2023-01-20",城乡建设,小程序/公众号,63
5298,"2023-01-20",交通运输,小程序/公众号,72
5299,"2023-01-20",农林牧渔,小程序/公众号,98
5300,"2023-01-21",科教文体,电话,40
5301,"2023-01-21",公卫医疗,电话,3
5302,"2023-01-21",城乡建设,电话,4
5303,"2023-01-21",交通运输,电话,44
5304,"2023-01-21",农林牧渔,电话,27
5305,"2023-01-21",科教文体,来信,7
5306,"2023-01-21",公卫医疗,来信,22
5307,"2023-01-21",城乡建设,来信,19
5308,"2023-01-21",交通运输,来信,14
5309,"2023-01-21",农林牧渔,来信,19
5310,"2023-01-21",科教文体,网站,19
5311,"2023-01-21",公卫医疗,网站,46
5312,"2023-01-21",城乡建设,网站,35
5313,"2023-01-21",交通运输,网站,56
5314,"2023-01-21",农林牧渔,网站,20
5315,"2023-01-21",科教文体,小程序/公众号,30
5316,"2023-01-21",公卫医疗,小程序/公众号,11
5317,"2023-01-21",城乡建设,小程序/公众号,79
5318,"2023-01-21",交通运输,小程序/公众号,77
5319,"2023-01-21",农林牧渔,小程序/公众号,95
5320,"2023-01-22",科教文体,电话,9
5321,"2023-01-22",公卫医疗,电话,3
5322,"2023-01-22",城乡建设,电话,3
5323,"2023-01-22",交通运输,电话,9
5324,"2023-01-22",农林牧渔,电话,8
5325,"2023-01-22",科教文体,来信,19
5326,"2023-01-22",公卫医疗,来信,27
5327,"2023-01-22",城乡建设,来信,30
5328,"2023-01-22",交通运输,来信,13
5329,"2023-01-22",农林牧渔,来信,30
5330,"2023-01-22",科教文体,网站,1
5331,"2023-01-22",公卫医疗,网站,0
5332,"2023-01-22",城乡建设,网站,7
5333,"2023-01-22",交通运输,网站,11
5334,"2023-01-22",农林牧渔,网站,11
5335,"2023-01-22",科教文体,小程序/公众号,77
5336,"2023-01-22",公卫医疗,小程序/公众号,55
5337,"2023-01-22",城乡建设,小程序/公众号,24
5338,"2023-01-22",交通运输,小程序/公众号,29
5339,"2023-01-22",农林牧渔,小程序/公众号,61
5340,"2023-01-23",科教文体,电话,10
5341,"2023-01-23",公卫医疗,电话,9
5342,"2023-01-23",城乡建设,电话,11
5343,"2023-01-23",交通运输,电话,17
5344,"2023-01-23",农林牧渔,电话,14
5345,"2023-01-23",科教文体,来信,61
5346,"2023-01-23",公卫医疗,来信,29
5347,"2023-01-23",城乡建设,来信,22
5348,"2023-01-23",交通运输,来信,16
5349,"2023-01-23",农林牧渔,来信,8
5350,"2023-01-23",科教文体,网站,23
5351,"2023-01-23",公卫医疗,网站,104
5352,"2023-01-23",城乡建设,网站,24
5353,"2023-01-23",交通运输,网站,83
5354,"2023-01-23",农林牧渔,网站,89
5355,"2023-01-23",科教文体,小程序/公众号,41
5356,"2023-01-23",公卫医疗,小程序/公众号,85
5357,"2023-01-23",城乡建设,小程序/公众号,96
5358,"2023-01-23",交通运输,小程序/公众号,117
5359,"2023-01-23",农林牧渔,小程序/公众号,81
5360,"2023-01-24",科教文体,电话,1
5361,"2023-01-24",公卫医疗,电话,3
5362,"2023-01-24",城乡建设,电话,3
5363,"2023-01-24",交通运输,电话,5
5364,"2023-01-24",农林牧渔,电话,3
5365,"2023-01-24",科教文体,来信,39
5366,"2023-01-24",公卫医疗,来信,40
5367,"2023-01-24",城乡建设,来信,21
5368,"2023-01-24",交通运输,来信,12
5369,"2023-01-24",农林牧渔,来信,41
5370,"2023-01-24",科教文体,网站,56
5371,"2023-01-24",公卫医疗,网站,19
5372,"2023-01-24",城乡建设,网站,3
5373,"2023-01-24",交通运输,网站,27
5374,"2023-01-24",农林牧渔,网站,31
5375,"2023-01-24",科教文体,小程序/公众号,47
5376,"2023-01-24",公卫医疗,小程序/公众号,67
5377,"2023-01-24",城乡建设,小程序/公众号,49
5378,"2023-01-24",交通运输,小程序/公众号,37
5379,"2023-01-24",农林牧渔,小程序/公众号,28
5380,"2023-01-25",科教文体,电话,11
5381,"2023-01-25",公卫医疗,电话,33
5382,"2023-01-25",城乡建设,电话,7
5383,"2023-01-25",交通运输,电话,16
5384,"2023-01-25",农林牧渔,电话,15
5385,"2023-01-25",科教文体,来信,12
5386,"2023-01-25",公卫医疗,来信,12
5387,"2023-01-25",城乡建设,来信,10
5388,"2023-01-25",交通运输,来信,12
5389,"2023-01-25",农林牧渔,来信,11
5390,"2023-01-25",科教文体,网站,9
5391,"2023-01-25",公卫医疗,网站,2
5392,"2023-01-25",城乡建设,网站,2
5393,"2023-01-25",交通运输,网站,9
5394,"2023-01-25",农林牧渔,网站,8
5395,"2023-01-25",科教文体,小程序/公众号,82
5396,"2023-01-25",公卫医疗,小程序/公众号,31
5397,"2023-01-25",城乡建设,小程序/公众号,105
5398,"2023-01-25",交通运输,小程序/公众号,69
5399,"2023-01-25",农林牧渔,小程序/公众号,175
5400,"2023-01-26",科教文体,电话,11
5401,"2023-01-26",公卫医疗,电话,15
5402,"2023-01-26",城乡建设,电话,10
5403,"2023-01-26",交通运输,电话,15
5404,"2023-01-26",农林牧渔,电话,8
5405,"2023-01-26",科教文体,来信,19
5406,"2023-01-26",公卫医疗,来信,34
5407,"2023-01-26",城乡建设,来信,14
5408,"2023-01-26",交通运输,来信,29
5409,"2023-01-26",农林牧渔,来信,3
5410,"2023-01-26",科教文体,网站,9
5411,"2023-01-26",公卫医疗,网站,13
5412,"2023-01-26",城乡建设,网站,9
5413,"2023-01-26",交通运输,网站,13
5414,"2023-01-26",农林牧渔,网站,13
5415,"2023-01-26",科教文体,小程序/公众号,114
5416,"2023-01-26",公卫医疗,小程序/公众号,111
5417,"2023-01-26",城乡建设,小程序/公众号,47
5418,"2023-01-26",交通运输,小程序/公众号,37
5419,"2023-01-26",农林牧渔,小程序/公众号,182
5420,"2023-01-27",科教文体,电话,11
5421,"2023-01-27",公卫医疗,电话,41
5422,"2023-01-27",城乡建设,电话,29
5423,"2023-01-27",交通运输,电话,6
5424,"2023-01-27",农林牧渔,电话,22
5425,"2023-01-27",科教文体,来信,31
5426,"2023-01-27",公卫医疗,来信,6
5427,"2023-01-27",城乡建设,来信,13
5428,"2023-01-27",交通运输,来信,16
5429,"2023-01-27",农林牧渔,来信,14
5430,"2023-01-27",科教文体,网站,16
5431,"2023-01-27",公卫医疗,网站,28
5432,"2023-01-27",城乡建设,网站,36
5433,"2023-01-27",交通运输,网站,8
5434,"2023-01-27",农林牧渔,网站,23
5435,"2023-01-27",科教文体,小程序/公众号,165
5436,"2023-01-27",公卫医疗,小程序/公众号,68
5437,"2023-01-27",城乡建设,小程序/公众号,147
5438,"2023-01-27",交通运输,小程序/公众号,17
5439,"2023-01-27",农林牧渔,小程序/公众号,138
5440,"2023-01-28",科教文体,电话,31
5441,"2023-01-28",公卫医疗,电话,30
5442,"2023-01-28",城乡建设,电话,25
5443,"2023-01-28",交通运输,电话,16
5444,"2023-01-28",农林牧渔,电话,2
5445,"2023-01-28",科教文体,来信,10
5446,"2023-01-28",公卫医疗,来信,0
5447,"2023-01-28",城乡建设,来信,6
5448,"2023-01-28",交通运输,来信,4
5449,"2023-01-28",农林牧渔,来信,4
5450,"2023-01-28",科教文体,网站,14
5451,"2023-01-28",公卫医疗,网站,39
5452,"2023-01-28",城乡建设,网站,72
5453,"2023-01-28",交通运输,网站,64
5454,"2023-01-28",农林牧渔,网站,20
5455,"2023-01-28",科教文体,小程序/公众号,22
5456,"2023-01-28",公卫医疗,小程序/公众号,93
5457,"2023-01-28",城乡建设,小程序/公众号,34
5458,"2023-01-28",交通运输,小程序/公众号,34
5459,"2023-01-28",农林牧渔,小程序/公众号,28
5460,"2023-01-29",科教文体,电话,2
5461,"2023-01-29",公卫医疗,电话,0
5462,"2023-01-29",城乡建设,电话,0
5463,"2023-01-29",交通运输,电话,5
5464,"2023-01-29",农林牧渔,电话,4
5465,"2023-01-29",科教文体,来信,1
5466,"2023-01-29",公卫医疗,来信,7
5467,"2023-01-29",城乡建设,来信,2
5468,"2023-01-29",交通运输,来信,8
5469,"2023-01-29",农林牧渔,来信,10
5470,"2023-01-29",科教文体,网站,9
5471,"2023-01-29",公卫医疗,网站,18
5472,"2023-01-29",城乡建设,网站,7
5473,"2023-01-29",交通运输,网站,36
5474,"2023-01-29",农林牧渔,网站,40
5475,"2023-01-29",科教文体,小程序/公众号,24
5476,"2023-01-29",公卫医疗,小程序/公众号,108
5477,"2023-01-29",城乡建设,小程序/公众号,36
5478,"2023-01-29",交通运输,小程序/公众号,22
5479,"2023-01-29",农林牧渔,小程序/公众号,44
5480,"2023-01-30",科教文体,电话,1
5481,"2023-01-30",公卫医疗,电话,17
5482,"2023-01-30",城乡建设,电话,8
5483,"2023-01-30",交通运输,电话,19
5484,"2023-01-30",农林牧渔,电话,26
5485,"2023-01-30",科教文体,来信,1
5486,"2023-01-30",公卫医疗,来信,39
5487,"2023-01-30",城乡建设,来信,17
5488,"2023-01-30",交通运输,来信,18
5489,"2023-01-30",农林牧渔,来信,9
5490,"2023-01-30",科教文体,网站,67
5491,"2023-01-30",公卫医疗,网站,15
5492,"2023-01-30",城乡建设,网站,26
5493,"2023-01-30",交通运输,网站,6
5494,"2023-01-30",农林牧渔,网站,2
5495,"2023-01-30",科教文体,小程序/公众号,12
5496,"2023-01-30",公卫医疗,小程序/公众号,1
5497,"2023-01-30",城乡建设,小程序/公众号,26
5498,"2023-01-30",交通运输,小程序/公众号,12
5499,"2023-01-30",农林牧渔,小程序/公众号,79
5500,"2023-01-31",科教文体,电话,15
5501,"2023-01-31",公卫医疗,电话,26
5502,"2023-01-31",城乡建设,电话,8
5503,"2023-01-31",交通运输,电话,11
5504,"2023-01-31",农林牧渔,电话,25
5505,"2023-01-31",科教文体,来信,4
5506,"2023-01-31",公卫医疗,来信,4
5507,"2023-01-31",城乡建设,来信,0
5508,"2023-01-31",交通运输,来信,2
5509,"2023-01-31",农林牧渔,来信,4
5510,"2023-01-31",科教文体,网站,46
5511,"2023-01-31",公卫医疗,网站,15
5512,"2023-01-31",城乡建设,网站,18
5513,"2023-01-31",交通运输,网站,50
5514,"2023-01-31",农林牧渔,网站,52
5515,"2023-01-31",科教文体,小程序/公众号,107
5516,"2023-01-31",公卫医疗,小程序/公众号,139
5517,"2023-01-31",城乡建设,小程序/公众号,65
5518,"2023-01-31",交通运输,小程序/公众号,108
5519,"2023-01-31",农林牧渔,小程序/公众号,133
5520,"2023-02-01",科教文体,电话,12
5521,"2023-02-01",公卫医疗,电话,4
5522,"2023-02-01",城乡建设,电话,0
5523,"2023-02-01",交通运输,电话,8
5524,"2023-02-01",农林牧渔,电话,16
5525,"2023-02-01",科教文体,来信,28
5526,"2023-02-01",公卫医疗,来信,4
5527,"2023-02-01",城乡建设,来信,18
5528,"2023-02-01",交通运输,来信,7
5529,"2023-02-01",农林牧渔,来信,5
5530,"2023-02-01",科教文体,网站,4
5531,"2023-02-01",公卫医疗,网站,1
5532,"2023-02-01",城乡建设,网站,3
5533,"2023-02-01",交通运输,网站,1
5534,"2023-02-01",农林牧渔,网站,2
5535,"2023-02-01",科教文体,小程序/公众号,28
5536,"2023-02-01",公卫医疗,小程序/公众号,58
5537,"2023-02-01",城乡建设,小程序/公众号,63
5538,"2023-02-01",交通运输,小程序/公众号,30
5539,"2023-02-01",农林牧渔,小程序/公众号,53
5540,"2023-02-02",科教文体,电话,14
5541,"2023-02-02",公卫医疗,电话,6
5542,"2023-02-02",城乡建设,电话,6
5543,"2023-02-02",交通运输,电话,2
5544,"2023-02-02",农林牧渔,电话,17
5545,"2023-02-02",科教文体,来信,17
5546,"2023-02-02",公卫医疗,来信,14
5547,"2023-02-02",城乡建设,来信,12
5548,"2023-02-02",交通运输,来信,10
5549,"2023-02-02",农林牧渔,来信,22
5550,"2023-02-02",科教文体,网站,7
5551,"2023-02-02",公卫医疗,网站,18
5552,"2023-02-02",城乡建设,网站,21
5553,"2023-02-02",交通运输,网站,13
5554,"2023-02-02",农林牧渔,网站,10
5555,"2023-02-02",科教文体,小程序/公众号,12
5556,"2023-02-02",公卫医疗,小程序/公众号,21
5557,"2023-02-02",城乡建设,小程序/公众号,25
5558,"2023-02-02",交通运输,小程序/公众号,20
5559,"2023-02-02",农林牧渔,小程序/公众号,52
5560,"2023-02-03",科教文体,电话,2
5561,"2023-02-03",公卫医疗,电话,16
5562,"2023-02-03",城乡建设,电话,19
5563,"2023-02-03",交通运输,电话,18
5564,"2023-02-03",农林牧渔,电话,15
5565,"2023-02-03",科教文体,来信,2
5566,"2023-02-03",公卫医疗,来信,3
5567,"2023-02-03",城乡建设,来信,3
5568,"2023-02-03",交通运输,来信,0
5569,"2023-02-03",农林牧渔,来信,4
5570,"2023-02-03",科教文体,网站,51
5571,"2023-02-03",公卫医疗,网站,178
5572,"2023-02-03",城乡建设,网站,18
5573,"2023-02-03",交通运输,网站,4
5574,"2023-02-03",农林牧渔,网站,19
5575,"2023-02-03",科教文体,小程序/公众号,252
5576,"2023-02-03",公卫医疗,小程序/公众号,68
5577,"2023-02-03",城乡建设,小程序/公众号,187
5578,"2023-02-03",交通运输,小程序/公众号,47
5579,"2023-02-03",农林牧渔,小程序/公众号,43
5580,"2023-02-04",科教文体,电话,8
5581,"2023-02-04",公卫医疗,电话,8
5582,"2023-02-04",城乡建设,电话,8
5583,"2023-02-04",交通运输,电话,1
5584,"2023-02-04",农林牧渔,电话,10
5585,"2023-02-04",科教文体,来信,5
5586,"2023-02-04",公卫医疗,来信,28
5587,"2023-02-04",城乡建设,来信,18
5588,"2023-02-04",交通运输,来信,23
5589,"2023-02-04",农林牧渔,来信,17
5590,"2023-02-04",科教文体,网站,5
5591,"2023-02-04",公卫医疗,网站,3
5592,"2023-02-04",城乡建设,网站,2
5593,"2023-02-04",交通运输,网站,10
5594,"2023-02-04",农林牧渔,网站,11
5595,"2023-02-04",科教文体,小程序/公众号,23
5596,"2023-02-04",公卫医疗,小程序/公众号,216
5597,"2023-02-04",城乡建设,小程序/公众号,175
5598,"2023-02-04",交通运输,小程序/公众号,42
5599,"2023-02-04",农林牧渔,小程序/公众号,25
5600,"2023-02-05",科教文体,电话,17
5601,"2023-02-05",公卫医疗,电话,21
5602,"2023-02-05",城乡建设,电话,20
5603,"2023-02-05",交通运输,电话,4
5604,"2023-02-05",农林牧渔,电话,3
5605,"2023-02-05",科教文体,来信,14
5606,"2023-02-05",公卫医疗,来信,10
5607,"2023-02-05",城乡建设,来信,12
5608,"2023-02-05",交通运输,来信,3
5609,"2023-02-05",农林牧渔,来信,15
5610,"2023-02-05",科教文体,网站,5
5611,"2023-02-05",公卫医疗,网站,12
5612,"2023-02-05",城乡建设,网站,2
5613,"2023-02-05",交通运输,网站,21
5614,"2023-02-05",农林牧渔,网站,5
5615,"2023-02-05",科教文体,小程序/公众号,25
5616,"2023-02-05",公卫医疗,小程序/公众号,33
5617,"2023-02-05",城乡建设,小程序/公众号,40
5618,"2023-02-05",交通运输,小程序/公众号,35
5619,"2023-02-05",农林牧渔,小程序/公众号,23
5620,"2023-02-06",科教文体,电话,11
5621,"2023-02-06",公卫医疗,电话,6
5622,"2023-02-06",城乡建设,电话,7
5623,"2023-02-06",交通运输,电话,9
5624,"2023-02-06",农林牧渔,电话,6
5625,"2023-02-06",科教文体,来信,3
5626,"2023-02-06",公卫医疗,来信,6
5627,"2023-02-06",城乡建设,来信,6
5628,"2023-02-06",交通运输,来信,65
5629,"2023-02-06",农林牧渔,来信,32
5630,"2023-02-06",科教文体,网站,38
5631,"2023-02-06",公卫医疗,网站,51
5632,"2023-02-06",城乡建设,网站,6
5633,"2023-02-06",交通运输,网站,80
5634,"2023-02-06",农林牧渔,网站,5
5635,"2023-02-06",科教文体,小程序/公众号,12
5636,"2023-02-06",公卫医疗,小程序/公众号,119
5637,"2023-02-06",城乡建设,小程序/公众号,93
5638,"2023-02-06",交通运输,小程序/公众号,160
5639,"2023-02-06",农林牧渔,小程序/公众号,71
5640,"2023-02-07",科教文体,电话,4
5641,"2023-02-07",公卫医疗,电话,13
5642,"2023-02-07",城乡建设,电话,13
5643,"2023-02-07",交通运输,电话,16
5644,"2023-02-07",农林牧渔,电话,8
5645,"2023-02-07",科教文体,来信,15
5646,"2023-02-07",公卫医疗,来信,15
5647,"2023-02-07",城乡建设,来信,1
5648,"2023-02-07",交通运输,来信,0
5649,"2023-02-07",农林牧渔,来信,22
5650,"2023-02-07",科教文体,网站,7
5651,"2023-02-07",公卫医疗,网站,6
5652,"2023-02-07",城乡建设,网站,8
5653,"2023-02-07",交通运输,网站,3
5654,"2023-02-07",农林牧渔,网站,6
5655,"2023-02-07",科教文体,小程序/公众号,51
5656,"2023-02-07",公卫医疗,小程序/公众号,25
5657,"2023-02-07",城乡建设,小程序/公众号,36
5658,"2023-02-07",交通运输,小程序/公众号,43
5659,"2023-02-07",农林牧渔,小程序/公众号,19
5660,"2023-02-08",科教文体,电话,39
5661,"2023-02-08",公卫医疗,电话,42
5662,"2023-02-08",城乡建设,电话,53
5663,"2023-02-08",交通运输,电话,24
5664,"2023-02-08",农林牧渔,电话,17
5665,"2023-02-08",科教文体,来信,19
5666,"2023-02-08",公卫医疗,来信,49
5667,"2023-02-08",城乡建设,来信,19
5668,"2023-02-08",交通运输,来信,13
5669,"2023-02-08",农林牧渔,来信,36
5670,"2023-02-08",科教文体,网站,15
5671,"2023-02-08",公卫医疗,网站,44
5672,"2023-02-08",城乡建设,网站,63
5673,"2023-02-08",交通运输,网站,63
5674,"2023-02-08",农林牧渔,网站,34
5675,"2023-02-08",科教文体,小程序/公众号,48
5676,"2023-02-08",公卫医疗,小程序/公众号,68
5677,"2023-02-08",城乡建设,小程序/公众号,91
5678,"2023-02-08",交通运输,小程序/公众号,108
5679,"2023-02-08",农林牧渔,小程序/公众号,143
5680,"2023-02-09",科教文体,电话,14
5681,"2023-02-09",公卫医疗,电话,16
5682,"2023-02-09",城乡建设,电话,3
5683,"2023-02-09",交通运输,电话,5
5684,"2023-02-09",农林牧渔,电话,12
5685,"2023-02-09",科教文体,来信,85
5686,"2023-02-09",公卫医疗,来信,16
5687,"2023-02-09",城乡建设,来信,49
5688,"2023-02-09",交通运输,来信,27
5689,"2023-02-09",农林牧渔,来信,24
5690,"2023-02-09",科教文体,网站,30
5691,"2023-02-09",公卫医疗,网站,30
5692,"2023-02-09",城乡建设,网站,21
5693,"2023-02-09",交通运输,网站,29
5694,"2023-02-09",农林牧渔,网站,12
5695,"2023-02-09",科教文体,小程序/公众号,75
5696,"2023-02-09",公卫医疗,小程序/公众号,99
5697,"2023-02-09",城乡建设,小程序/公众号,40
5698,"2023-02-09",交通运输,小程序/公众号,24
5699,"2023-02-09",农林牧渔,小程序/公众号,55
5700,"2023-02-10",科教文体,电话,0
5701,"2023-02-10",公卫医疗,电话,22
5702,"2023-02-10",城乡建设,电话,7
5703,"2023-02-10",交通运输,电话,8
5704,"2023-02-10",农林牧渔,电话,16
5705,"2023-02-10",科教文体,来信,13
5706,"2023-02-10",公卫医疗,来信,14
5707,"2023-02-10",城乡建设,来信,0
5708,"2023-02-10",交通运输,来信,0
5709,"2023-02-10",农林牧渔,来信,12
5710,"2023-02-10",科教文体,网站,5
5711,"2023-02-10",公卫医疗,网站,4
5712,"2023-02-10",城乡建设,网站,21
5713,"2023-02-10",交通运输,网站,20
5714,"2023-02-10",农林牧渔,网站,19
5715,"2023-02-10",科教文体,小程序/公众号,41
5716,"2023-02-10",公卫医疗,小程序/公众号,41
5717,"2023-02-10",城乡建设,小程序/公众号,74
5718,"2023-02-10",交通运输,小程序/公众号,47
5719,"2023-02-10",农林牧渔,小程序/公众号,73
5720,"2023-02-11",科教文体,电话,3
5721,"2023-02-11",公卫医疗,电话,9
5722,"2023-02-11",城乡建设,电话,8
5723,"2023-02-11",交通运输,电话,8
5724,"2023-02-11",农林牧渔,电话,4
5725,"2023-02-11",科教文体,来信,32
5726,"2023-02-11",公卫医疗,来信,4
5727,"2023-02-11",城乡建设,来信,8
5728,"2023-02-11",交通运输,来信,15
5729,"2023-02-11",农林牧渔,来信,29
5730,"2023-02-11",科教文体,网站,15
5731,"2023-02-11",公卫医疗,网站,1
5732,"2023-02-11",城乡建设,网站,7
5733,"2023-02-11",交通运输,网站,11
5734,"2023-02-11",农林牧渔,网站,1
5735,"2023-02-11",科教文体,小程序/公众号,79
5736,"2023-02-11",公卫医疗,小程序/公众号,67
5737,"2023-02-11",城乡建设,小程序/公众号,35
5738,"2023-02-11",交通运输,小程序/公众号,43
5739,"2023-02-11",农林牧渔,小程序/公众号,68
5740,"2023-02-12",科教文体,电话,41
5741,"2023-02-12",公卫医疗,电话,17
5742,"2023-02-12",城乡建设,电话,18
5743,"2023-02-12",交通运输,电话,14
5744,"2023-02-12",农林牧渔,电话,22
5745,"2023-02-12",科教文体,来信,2
5746,"2023-02-12",公卫医疗,来信,3
5747,"2023-02-12",城乡建设,来信,0
5748,"2023-02-12",交通运输,来信,7
5749,"2023-02-12",农林牧渔,来信,14
5750,"2023-02-12",科教文体,网站,14
5751,"2023-02-12",公卫医疗,网站,34
5752,"2023-02-12",城乡建设,网站,26
5753,"2023-02-12",交通运输,网站,32
5754,"2023-02-12",农林牧渔,网站,3
5755,"2023-02-12",科教文体,小程序/公众号,42
5756,"2023-02-12",公卫医疗,小程序/公众号,67
5757,"2023-02-12",城乡建设,小程序/公众号,43
5758,"2023-02-12",交通运输,小程序/公众号,64
5759,"2023-02-12",农林牧渔,小程序/公众号,46
5760,"2023-02-13",科教文体,电话,46
5761,"2023-02-13",公卫医疗,电话,41
5762,"2023-02-13",城乡建设,电话,10
5763,"2023-02-13",交通运输,电话,1
5764,"2023-02-13",农林牧渔,电话,20
5765,"2023-02-13",科教文体,来信,26
5766,"2023-02-13",公卫医疗,来信,30
5767,"2023-02-13",城乡建设,来信,3
5768,"2023-02-13",交通运输,来信,5
5769,"2023-02-13",农林牧渔,来信,31
5770,"2023-02-13",科教文体,网站,53
5771,"2023-02-13",公卫医疗,网站,79
5772,"2023-02-13",城乡建设,网站,31
5773,"2023-02-13",交通运输,网站,69
5774,"2023-02-13",农林牧渔,网站,58
5775,"2023-02-13",科教文体,小程序/公众号,27
5776,"2023-02-13",公卫医疗,小程序/公众号,49
5777,"2023-02-13",城乡建设,小程序/公众号,48
5778,"2023-02-13",交通运输,小程序/公众号,77
5779,"2023-02-13",农林牧渔,小程序/公众号,106
5780,"2023-02-14",科教文体,电话,44
5781,"2023-02-14",公卫医疗,电话,67
5782,"2023-02-14",城乡建设,电话,48
5783,"2023-02-14",交通运输,电话,8
5784,"2023-02-14",农林牧渔,电话,35
5785,"2023-02-14",科教文体,来信,23
5786,"2023-02-14",公卫医疗,来信,32
5787,"2023-02-14",城乡建设,来信,33
5788,"2023-02-14",交通运输,来信,67
5789,"2023-02-14",农林牧渔,来信,10
5790,"2023-02-14",科教文体,网站,19
5791,"2023-02-14",公卫医疗,网站,58
5792,"2023-02-14",城乡建设,网站,40
5793,"2023-02-14",交通运输,网站,50
5794,"2023-02-14",农林牧渔,网站,54
5795,"2023-02-14",科教文体,小程序/公众号,90
5796,"2023-02-14",公卫医疗,小程序/公众号,41
5797,"2023-02-14",城乡建设,小程序/公众号,61
5798,"2023-02-14",交通运输,小程序/公众号,64
5799,"2023-02-14",农林牧渔,小程序/公众号,87
5800,"2023-02-15",科教文体,电话,3
5801,"2023-02-15",公卫医疗,电话,54
5802,"2023-02-15",城乡建设,电话,33
5803,"2023-02-15",交通运输,电话,37
5804,"2023-02-15",农林牧渔,电话,38
5805,"2023-02-15",科教文体,来信,30
5806,"2023-02-15",公卫医疗,来信,40
5807,"2023-02-15",城乡建设,来信,23
5808,"2023-02-15",交通运输,来信,17
5809,"2023-02-15",农林牧渔,来信,40
5810,"2023-02-15",科教文体,网站,12
5811,"2023-02-15",公卫医疗,网站,22
5812,"2023-02-15",城乡建设,网站,14
5813,"2023-02-15",交通运输,网站,25
5814,"2023-02-15",农林牧渔,网站,15
5815,"2023-02-15",科教文体,小程序/公众号,81
5816,"2023-02-15",公卫医疗,小程序/公众号,58
5817,"2023-02-15",城乡建设,小程序/公众号,104
5818,"2023-02-15",交通运输,小程序/公众号,101
5819,"2023-02-15",农林牧渔,小程序/公众号,110
5820,"2023-02-16",科教文体,电话,31
5821,"2023-02-16",公卫医疗,电话,25
5822,"2023-02-16",城乡建设,电话,19
5823,"2023-02-16",交通运输,电话,18
5824,"2023-02-16",农林牧渔,电话,8
5825,"2023-02-16",科教文体,来信,16
5826,"2023-02-16",公卫医疗,来信,2
5827,"2023-02-16",城乡建设,来信,5
5828,"2023-02-16",交通运输,来信,12
5829,"2023-02-16",农林牧渔,来信,21
5830,"2023-02-16",科教文体,网站,12
5831,"2023-02-16",公卫医疗,网站,8
5832,"2023-02-16",城乡建设,网站,16
5833,"2023-02-16",交通运输,网站,15
5834,"2023-02-16",农林牧渔,网站,5
5835,"2023-02-16",科教文体,小程序/公众号,96
5836,"2023-02-16",公卫医疗,小程序/公众号,46
5837,"2023-02-16",城乡建设,小程序/公众号,68
5838,"2023-02-16",交通运输,小程序/公众号,19
5839,"2023-02-16",农林牧渔,小程序/公众号,25
5840,"2023-02-17",科教文体,电话,40
5841,"2023-02-17",公卫医疗,电话,15
5842,"2023-02-17",城乡建设,电话,8
5843,"2023-02-17",交通运输,电话,46
5844,"2023-02-17",农林牧渔,电话,46
5845,"2023-02-17",科教文体,来信,38
5846,"2023-02-17",公卫医疗,来信,10
5847,"2023-02-17",城乡建设,来信,34
5848,"2023-02-17",交通运输,来信,34
5849,"2023-02-17",农林牧渔,来信,8
5850,"2023-02-17",科教文体,网站,160
5851,"2023-02-17",公卫医疗,网站,35
5852,"2023-02-17",城乡建设,网站,9
5853,"2023-02-17",交通运输,网站,5
5854,"2023-02-17",农林牧渔,网站,31
5855,"2023-02-17",科教文体,小程序/公众号,174
5856,"2023-02-17",公卫医疗,小程序/公众号,28
5857,"2023-02-17",城乡建设,小程序/公众号,46
5858,"2023-02-17",交通运输,小程序/公众号,44
5859,"2023-02-17",农林牧渔,小程序/公众号,38
5860,"2023-02-18",科教文体,电话,62
5861,"2023-02-18",公卫医疗,电话,53
5862,"2023-02-18",城乡建设,电话,49
5863,"2023-02-18",交通运输,电话,2
5864,"2023-02-18",农林牧渔,电话,40
5865,"2023-02-18",科教文体,来信,11
5866,"2023-02-18",公卫医疗,来信,6
5867,"2023-02-18",城乡建设,来信,7
5868,"2023-02-18",交通运输,来信,8
5869,"2023-02-18",农林牧渔,来信,13
5870,"2023-02-18",科教文体,网站,70
5871,"2023-02-18",公卫医疗,网站,12
5872,"2023-02-18",城乡建设,网站,71
5873,"2023-02-18",交通运输,网站,76
5874,"2023-02-18",农林牧渔,网站,19
5875,"2023-02-18",科教文体,小程序/公众号,81
5876,"2023-02-18",公卫医疗,小程序/公众号,148
5877,"2023-02-18",城乡建设,小程序/公众号,33
5878,"2023-02-18",交通运输,小程序/公众号,82
5879,"2023-02-18",农林牧渔,小程序/公众号,37
5880,"2023-02-19",科教文体,电话,47
5881,"2023-02-19",公卫医疗,电话,6
5882,"2023-02-19",城乡建设,电话,32
5883,"2023-02-19",交通运输,电话,58
5884,"2023-02-19",农林牧渔,电话,28
5885,"2023-02-19",科教文体,来信,3
5886,"2023-02-19",公卫医疗,来信,22
5887,"2023-02-19",城乡建设,来信,51
5888,"2023-02-19",交通运输,来信,27
5889,"2023-02-19",农林牧渔,来信,35
5890,"2023-02-19",科教文体,网站,16
5891,"2023-02-19",公卫医疗,网站,12
5892,"2023-02-19",城乡建设,网站,45
5893,"2023-02-19",交通运输,网站,53
5894,"2023-02-19",农林牧渔,网站,21
5895,"2023-02-19",科教文体,小程序/公众号,70
5896,"2023-02-19",公卫医疗,小程序/公众号,57
5897,"2023-02-19",城乡建设,小程序/公众号,101
5898,"2023-02-19",交通运输,小程序/公众号,58
5899,"2023-02-19",农林牧渔,小程序/公众号,22
5900,"2023-02-20",科教文体,电话,10
5901,"2023-02-20",公卫医疗,电话,0
5902,"2023-02-20",城乡建设,电话,6
5903,"2023-02-20",交通运输,电话,10
5904,"2023-02-20",农林牧渔,电话,10
5905,"2023-02-20",科教文体,来信,18
5906,"2023-02-20",公卫医疗,来信,22
5907,"2023-02-20",城乡建设,来信,13
5908,"2023-02-20",交通运输,来信,12
5909,"2023-02-20",农林牧渔,来信,5
5910,"2023-02-20",科教文体,网站,12
5911,"2023-02-20",公卫医疗,网站,19
5912,"2023-02-20",城乡建设,网站,22
5913,"2023-02-20",交通运输,网站,9
5914,"2023-02-20",农林牧渔,网站,19
5915,"2023-02-20",科教文体,小程序/公众号,75
5916,"2023-02-20",公卫医疗,小程序/公众号,18
5917,"2023-02-20",城乡建设,小程序/公众号,187
5918,"2023-02-20",交通运输,小程序/公众号,153
5919,"2023-02-20",农林牧渔,小程序/公众号,121
5920,"2023-02-21",科教文体,电话,31
5921,"2023-02-21",公卫医疗,电话,4
5922,"2023-02-21",城乡建设,电话,16
5923,"2023-02-21",交通运输,电话,11
5924,"2023-02-21",农林牧渔,电话,29
5925,"2023-02-21",科教文体,来信,41
5926,"2023-02-21",公卫医疗,来信,24
5927,"2023-02-21",城乡建设,来信,27
5928,"2023-02-21",交通运输,来信,29
5929,"2023-02-21",农林牧渔,来信,37
5930,"2023-02-21",科教文体,网站,12
5931,"2023-02-21",公卫医疗,网站,18
5932,"2023-02-21",城乡建设,网站,27
5933,"2023-02-21",交通运输,网站,7
5934,"2023-02-21",农林牧渔,网站,39
5935,"2023-02-21",科教文体,小程序/公众号,20
5936,"2023-02-21",公卫医疗,小程序/公众号,25
5937,"2023-02-21",城乡建设,小程序/公众号,56
5938,"2023-02-21",交通运输,小程序/公众号,86
5939,"2023-02-21",农林牧渔,小程序/公众号,93
5940,"2023-02-22",科教文体,电话,10
5941,"2023-02-22",公卫医疗,电话,13
5942,"2023-02-22",城乡建设,电话,14
5943,"2023-02-22",交通运输,电话,0
5944,"2023-02-22",农林牧渔,电话,18
5945,"2023-02-22",科教文体,来信,5
5946,"2023-02-22",公卫医疗,来信,1
5947,"2023-02-22",城乡建设,来信,4
5948,"2023-02-22",交通运输,来信,9
5949,"2023-02-22",农林牧渔,来信,4
5950,"2023-02-22",科教文体,网站,18
5951,"2023-02-22",公卫医疗,网站,25
5952,"2023-02-22",城乡建设,网站,15
5953,"2023-02-22",交通运输,网站,1
5954,"2023-02-22",农林牧渔,网站,26
5955,"2023-02-22",科教文体,小程序/公众号,69
5956,"2023-02-22",公卫医疗,小程序/公众号,30
5957,"2023-02-22",城乡建设,小程序/公众号,8
5958,"2023-02-22",交通运输,小程序/公众号,57
5959,"2023-02-22",农林牧渔,小程序/公众号,55
5960,"2023-02-23",科教文体,电话,9
5961,"2023-02-23",公卫医疗,电话,10
5962,"2023-02-23",城乡建设,电话,8
5963,"2023-02-23",交通运输,电话,7
5964,"2023-02-23",农林牧渔,电话,6
5965,"2023-02-23",科教文体,来信,6
5966,"2023-02-23",公卫医疗,来信,8
5967,"2023-02-23",城乡建设,来信,9
5968,"2023-02-23",交通运输,来信,8
5969,"2023-02-23",农林牧渔,来信,0
5970,"2023-02-23",科教文体,网站,60
5971,"2023-02-23",公卫医疗,网站,46
5972,"2023-02-23",城乡建设,网站,74
5973,"2023-02-23",交通运输,网站,38
5974,"2023-02-23",农林牧渔,网站,5
5975,"2023-02-23",科教文体,小程序/公众号,164
5976,"2023-02-23",公卫医疗,小程序/公众号,11
5977,"2023-02-23",城乡建设,小程序/公众号,27
5978,"2023-02-23",交通运输,小程序/公众号,43
5979,"2023-02-23",农林牧渔,小程序/公众号,110
5980,"2023-02-24",科教文体,电话,23
5981,"2023-02-24",公卫医疗,电话,63
5982,"2023-02-24",城乡建设,电话,5
5983,"2023-02-24",交通运输,电话,40
5984,"2023-02-24",农林牧渔,电话,32
5985,"2023-02-24",科教文体,来信,68
5986,"2023-02-24",公卫医疗,来信,24
5987,"2023-02-24",城乡建设,来信,61
5988,"2023-02-24",交通运输,来信,28
5989,"2023-02-24",农林牧渔,来信,30
5990,"2023-02-24",科教文体,网站,30
5991,"2023-02-24",公卫医疗,网站,32
5992,"2023-02-24",城乡建设,网站,22
5993,"2023-02-24",交通运输,网站,41
5994,"2023-02-24",农林牧渔,网站,8
5995,"2023-02-24",科教文体,小程序/公众号,85
5996,"2023-02-24",公卫医疗,小程序/公众号,85
5997,"2023-02-24",城乡建设,小程序/公众号,129
5998,"2023-02-24",交通运输,小程序/公众号,93
5999,"2023-02-24",农林牧渔,小程序/公众号,52
6000,"2023-02-25",科教文体,电话,8
6001,"2023-02-25",公卫医疗,电话,22
6002,"2023-02-25",城乡建设,电话,20
6003,"2023-02-25",交通运输,电话,29
6004,"2023-02-25",农林牧渔,电话,22
6005,"2023-02-25",科教文体,来信,11
6006,"2023-02-25",公卫医疗,来信,8
6007,"2023-02-25",城乡建设,来信,16
6008,"2023-02-25",交通运输,来信,9
6009,"2023-02-25",农林牧渔,来信,10
6010,"2023-02-25",科教文体,网站,18
6011,"2023-02-25",公卫医疗,网站,9
6012,"2023-02-25",城乡建设,网站,20
6013,"2023-02-25",交通运输,网站,32
6014,"2023-02-25",农林牧渔,网站,43
6015,"2023-02-25",科教文体,小程序/公众号,73
6016,"2023-02-25",公卫医疗,小程序/公众号,77
6017,"2023-02-25",城乡建设,小程序/公众号,27
6018,"2023-02-25",交通运输,小程序/公众号,8
6019,"2023-02-25",农林牧渔,小程序/公众号,9
6020,"2023-02-26",科教文体,电话,47
6021,"2023-02-26",公卫医疗,电话,12
6022,"2023-02-26",城乡建设,电话,37
6023,"2023-02-26",交通运输,电话,11
6024,"2023-02-26",农林牧渔,电话,37
6025,"2023-02-26",科教文体,来信,19
6026,"2023-02-26",公卫医疗,来信,28
6027,"2023-02-26",城乡建设,来信,63
6028,"2023-02-26",交通运输,来信,66
6029,"2023-02-26",农林牧渔,来信,29
6030,"2023-02-26",科教文体,网站,27
6031,"2023-02-26",公卫医疗,网站,33
6032,"2023-02-26",城乡建设,网站,7
6033,"2023-02-26",交通运输,网站,34
6034,"2023-02-26",农林牧渔,网站,13
6035,"2023-02-26",科教文体,小程序/公众号,256
6036,"2023-02-26",公卫医疗,小程序/公众号,8
6037,"2023-02-26",城乡建设,小程序/公众号,36
6038,"2023-02-26",交通运输,小程序/公众号,107
6039,"2023-02-26",农林牧渔,小程序/公众号,58
6040,"2023-02-27",科教文体,电话,1
6041,"2023-02-27",公卫医疗,电话,0
6042,"2023-02-27",城乡建设,电话,10
6043,"2023-02-27",交通运输,电话,5
6044,"2023-02-27",农林牧渔,电话,7
6045,"2023-02-27",科教文体,来信,38
6046,"2023-02-27",公卫医疗,来信,26
6047,"2023-02-27",城乡建设,来信,3
6048,"2023-02-27",交通运输,来信,29
6049,"2023-02-27",农林牧渔,来信,35
6050,"2023-02-27",科教文体,网站,58
6051,"2023-02-27",公卫医疗,网站,13
6052,"2023-02-27",城乡建设,网站,38
6053,"2023-02-27",交通运输,网站,35
6054,"2023-02-27",农林牧渔,网站,38
6055,"2023-02-27",科教文体,小程序/公众号,124
6056,"2023-02-27",公卫医疗,小程序/公众号,181
6057,"2023-02-27",城乡建设,小程序/公众号,43
6058,"2023-02-27",交通运输,小程序/公众号,47
6059,"2023-02-27",农林牧渔,小程序/公众号,15
6060,"2023-02-28",科教文体,电话,15
6061,"2023-02-28",公卫医疗,电话,12
6062,"2023-02-28",城乡建设,电话,18
6063,"2023-02-28",交通运输,电话,2
6064,"2023-02-28",农林牧渔,电话,15
6065,"2023-02-28",科教文体,来信,33
6066,"2023-02-28",公卫医疗,来信,30
6067,"2023-02-28",城乡建设,来信,29
6068,"2023-02-28",交通运输,来信,38
6069,"2023-02-28",农林牧渔,来信,12
6070,"2023-02-28",科教文体,网站,4
6071,"2023-02-28",公卫医疗,网站,18
6072,"2023-02-28",城乡建设,网站,12
6073,"2023-02-28",交通运输,网站,16
6074,"2023-02-28",农林牧渔,网站,8
6075,"2023-02-28",科教文体,小程序/公众号,61
6076,"2023-02-28",公卫医疗,小程序/公众号,2
6077,"2023-02-28",城乡建设,小程序/公众号,69
6078,"2023-02-28",交通运输,小程序/公众号,55
6079,"2023-02-28",农林牧渔,小程序/公众号,57
6080,"2023-03-01",科教文体,电话,24
6081,"2023-03-01",公卫医疗,电话,11
6082,"2023-03-01",城乡建设,电话,35
6083,"2023-03-01",交通运输,电话,12
6084,"2023-03-01",农林牧渔,电话,25
6085,"2023-03-01",科教文体,来信,16
6086,"2023-03-01",公卫医疗,来信,23
6087,"2023-03-01",城乡建设,来信,34
6088,"2023-03-01",交通运输,来信,2
6089,"2023-03-01",农林牧渔,来信,14
6090,"2023-03-01",科教文体,网站,15
6091,"2023-03-01",公卫医疗,网站,15
6092,"2023-03-01",城乡建设,网站,39
6093,"2023-03-01",交通运输,网站,4
6094,"2023-03-01",农林牧渔,网站,24
6095,"2023-03-01",科教文体,小程序/公众号,7
6096,"2023-03-01",公卫医疗,小程序/公众号,64
6097,"2023-03-01",城乡建设,小程序/公众号,10
6098,"2023-03-01",交通运输,小程序/公众号,32
6099,"2023-03-01",农林牧渔,小程序/公众号,44
6100,"2023-03-02",科教文体,电话,13
6101,"2023-03-02",公卫医疗,电话,4
6102,"2023-03-02",城乡建设,电话,14
6103,"2023-03-02",交通运输,电话,7
6104,"2023-03-02",农林牧渔,电话,11
6105,"2023-03-02",科教文体,来信,4
6106,"2023-03-02",公卫医疗,来信,1
6107,"2023-03-02",城乡建设,来信,2
6108,"2023-03-02",交通运输,来信,4
6109,"2023-03-02",农林牧渔,来信,1
6110,"2023-03-02",科教文体,网站,30
6111,"2023-03-02",公卫医疗,网站,20
6112,"2023-03-02",城乡建设,网站,24
6113,"2023-03-02",交通运输,网站,23
6114,"2023-03-02",农林牧渔,网站,26
6115,"2023-03-02",科教文体,小程序/公众号,40
6116,"2023-03-02",公卫医疗,小程序/公众号,31
6117,"2023-03-02",城乡建设,小程序/公众号,101
6118,"2023-03-02",交通运输,小程序/公众号,3
6119,"2023-03-02",农林牧渔,小程序/公众号,38
6120,"2023-03-03",科教文体,电话,7
6121,"2023-03-03",公卫医疗,电话,3
6122,"2023-03-03",城乡建设,电话,9
6123,"2023-03-03",交通运输,电话,4
6124,"2023-03-03",农林牧渔,电话,6
6125,"2023-03-03",科教文体,来信,40
6126,"2023-03-03",公卫医疗,来信,30
6127,"2023-03-03",城乡建设,来信,22
6128,"2023-03-03",交通运输,来信,26
6129,"2023-03-03",农林牧渔,来信,35
6130,"2023-03-03",科教文体,网站,40
6131,"2023-03-03",公卫医疗,网站,11
6132,"2023-03-03",城乡建设,网站,36
6133,"2023-03-03",交通运输,网站,23
6134,"2023-03-03",农林牧渔,网站,36
6135,"2023-03-03",科教文体,小程序/公众号,111
6136,"2023-03-03",公卫医疗,小程序/公众号,19
6137,"2023-03-03",城乡建设,小程序/公众号,60
6138,"2023-03-03",交通运输,小程序/公众号,75
6139,"2023-03-03",农林牧渔,小程序/公众号,50
6140,"2023-03-04",科教文体,电话,20
6141,"2023-03-04",公卫医疗,电话,47
6142,"2023-03-04",城乡建设,电话,41
6143,"2023-03-04",交通运输,电话,37
6144,"2023-03-04",农林牧渔,电话,2
6145,"2023-03-04",科教文体,来信,20
6146,"2023-03-04",公卫医疗,来信,25
6147,"2023-03-04",城乡建设,来信,30
6148,"2023-03-04",交通运输,来信,20
6149,"2023-03-04",农林牧渔,来信,21
6150,"2023-03-04",科教文体,网站,18
6151,"2023-03-04",公卫医疗,网站,16
6152,"2023-03-04",城乡建设,网站,20
6153,"2023-03-04",交通运输,网站,13
6154,"2023-03-04",农林牧渔,网站,5
6155,"2023-03-04",科教文体,小程序/公众号,37
6156,"2023-03-04",公卫医疗,小程序/公众号,80
6157,"2023-03-04",城乡建设,小程序/公众号,61
6158,"2023-03-04",交通运输,小程序/公众号,102
6159,"2023-03-04",农林牧渔,小程序/公众号,82
6160,"2023-03-05",科教文体,电话,9
6161,"2023-03-05",公卫医疗,电话,5
6162,"2023-03-05",城乡建设,电话,12
6163,"2023-03-05",交通运输,电话,3
6164,"2023-03-05",农林牧渔,电话,12
6165,"2023-03-05",科教文体,来信,3
6166,"2023-03-05",公卫医疗,来信,16
6167,"2023-03-05",城乡建设,来信,5
6168,"2023-03-05",交通运输,来信,0
6169,"2023-03-05",农林牧渔,来信,1
6170,"2023-03-05",科教文体,网站,6
6171,"2023-03-05",公卫医疗,网站,8
6172,"2023-03-05",城乡建设,网站,7
6173,"2023-03-05",交通运输,网站,8
6174,"2023-03-05",农林牧渔,网站,7
6175,"2023-03-05",科教文体,小程序/公众号,66
6176,"2023-03-05",公卫医疗,小程序/公众号,10
6177,"2023-03-05",城乡建设,小程序/公众号,163
6178,"2023-03-05",交通运输,小程序/公众号,130
6179,"2023-03-05",农林牧渔,小程序/公众号,139
6180,"2023-03-06",科教文体,电话,35
6181,"2023-03-06",公卫医疗,电话,14
6182,"2023-03-06",城乡建设,电话,25
6183,"2023-03-06",交通运输,电话,28
6184,"2023-03-06",农林牧渔,电话,29
6185,"2023-03-06",科教文体,来信,12
6186,"2023-03-06",公卫医疗,来信,17
6187,"2023-03-06",城乡建设,来信,1
6188,"2023-03-06",交通运输,来信,22
6189,"2023-03-06",农林牧渔,来信,16
6190,"2023-03-06",科教文体,网站,13
6191,"2023-03-06",公卫医疗,网站,33
6192,"2023-03-06",城乡建设,网站,51
6193,"2023-03-06",交通运输,网站,52
6194,"2023-03-06",农林牧渔,网站,45
6195,"2023-03-06",科教文体,小程序/公众号,12
6196,"2023-03-06",公卫医疗,小程序/公众号,54
6197,"2023-03-06",城乡建设,小程序/公众号,129
6198,"2023-03-06",交通运输,小程序/公众号,87
6199,"2023-03-06",农林牧渔,小程序/公众号,101
6200,"2023-03-07",科教文体,电话,36
6201,"2023-03-07",公卫医疗,电话,53
6202,"2023-03-07",城乡建设,电话,13
6203,"2023-03-07",交通运输,电话,46
6204,"2023-03-07",农林牧渔,电话,10
6205,"2023-03-07",科教文体,来信,33
6206,"2023-03-07",公卫医疗,来信,42
6207,"2023-03-07",城乡建设,来信,14
6208,"2023-03-07",交通运输,来信,30
6209,"2023-03-07",农林牧渔,来信,39
6210,"2023-03-07",科教文体,网站,26
6211,"2023-03-07",公卫医疗,网站,4
6212,"2023-03-07",城乡建设,网站,12
6213,"2023-03-07",交通运输,网站,18
6214,"2023-03-07",农林牧渔,网站,14
6215,"2023-03-07",科教文体,小程序/公众号,10
6216,"2023-03-07",公卫医疗,小程序/公众号,120
6217,"2023-03-07",城乡建设,小程序/公众号,45
6218,"2023-03-07",交通运输,小程序/公众号,141
6219,"2023-03-07",农林牧渔,小程序/公众号,17
6220,"2023-03-08",科教文体,电话,10
6221,"2023-03-08",公卫医疗,电话,7
6222,"2023-03-08",城乡建设,电话,6
6223,"2023-03-08",交通运输,电话,1
6224,"2023-03-08",农林牧渔,电话,1
6225,"2023-03-08",科教文体,来信,18
6226,"2023-03-08",公卫医疗,来信,24
6227,"2023-03-08",城乡建设,来信,2
6228,"2023-03-08",交通运输,来信,36
6229,"2023-03-08",农林牧渔,来信,18
6230,"2023-03-08",科教文体,网站,31
6231,"2023-03-08",公卫医疗,网站,33
6232,"2023-03-08",城乡建设,网站,50
6233,"2023-03-08",交通运输,网站,1
6234,"2023-03-08",农林牧渔,网站,62
6235,"2023-03-08",科教文体,小程序/公众号,15
6236,"2023-03-08",公卫医疗,小程序/公众号,70
6237,"2023-03-08",城乡建设,小程序/公众号,67
6238,"2023-03-08",交通运输,小程序/公众号,44
6239,"2023-03-08",农林牧渔,小程序/公众号,66
6240,"2023-03-09",科教文体,电话,14
6241,"2023-03-09",公卫医疗,电话,10
6242,"2023-03-09",城乡建设,电话,5
6243,"2023-03-09",交通运输,电话,15
6244,"2023-03-09",农林牧渔,电话,16
6245,"2023-03-09",科教文体,来信,5
6246,"2023-03-09",公卫医疗,来信,7
6247,"2023-03-09",城乡建设,来信,9
6248,"2023-03-09",交通运输,来信,9
6249,"2023-03-09",农林牧渔,来信,2
6250,"2023-03-09",科教文体,网站,11
6251,"2023-03-09",公卫医疗,网站,14
6252,"2023-03-09",城乡建设,网站,18
6253,"2023-03-09",交通运输,网站,10
6254,"2023-03-09",农林牧渔,网站,18
6255,"2023-03-09",科教文体,小程序/公众号,64
6256,"2023-03-09",公卫医疗,小程序/公众号,131
6257,"2023-03-09",城乡建设,小程序/公众号,75
6258,"2023-03-09",交通运输,小程序/公众号,95
6259,"2023-03-09",农林牧渔,小程序/公众号,136
6260,"2023-03-10",科教文体,电话,14
6261,"2023-03-10",公卫医疗,电话,12
6262,"2023-03-10",城乡建设,电话,18
6263,"2023-03-10",交通运输,电话,26
6264,"2023-03-10",农林牧渔,电话,18
6265,"2023-03-10",科教文体,来信,57
6266,"2023-03-10",公卫医疗,来信,20
6267,"2023-03-10",城乡建设,来信,24
6268,"2023-03-10",交通运输,来信,26
6269,"2023-03-10",农林牧渔,来信,24
6270,"2023-03-10",科教文体,网站,32
6271,"2023-03-10",公卫医疗,网站,37
6272,"2023-03-10",城乡建设,网站,22
6273,"2023-03-10",交通运输,网站,9
6274,"2023-03-10",农林牧渔,网站,35
6275,"2023-03-10",科教文体,小程序/公众号,14
6276,"2023-03-10",公卫医疗,小程序/公众号,118
6277,"2023-03-10",城乡建设,小程序/公众号,83
6278,"2023-03-10",交通运输,小程序/公众号,23
6279,"2023-03-10",农林牧渔,小程序/公众号,12
6280,"2023-03-11",科教文体,电话,20
6281,"2023-03-11",公卫医疗,电话,18
6282,"2023-03-11",城乡建设,电话,18
6283,"2023-03-11",交通运输,电话,8
6284,"2023-03-11",农林牧渔,电话,20
6285,"2023-03-11",科教文体,来信,7
6286,"2023-03-11",公卫医疗,来信,25
6287,"2023-03-11",城乡建设,来信,32
6288,"2023-03-11",交通运输,来信,4
6289,"2023-03-11",农林牧渔,来信,2
6290,"2023-03-11",科教文体,网站,29
6291,"2023-03-11",公卫医疗,网站,26
6292,"2023-03-11",城乡建设,网站,44
6293,"2023-03-11",交通运输,网站,10
6294,"2023-03-11",农林牧渔,网站,9
6295,"2023-03-11",科教文体,小程序/公众号,25
6296,"2023-03-11",公卫医疗,小程序/公众号,43
6297,"2023-03-11",城乡建设,小程序/公众号,69
6298,"2023-03-11",交通运输,小程序/公众号,27
6299,"2023-03-11",农林牧渔,小程序/公众号,8
6300,"2023-03-12",科教文体,电话,31
6301,"2023-03-12",公卫医疗,电话,15
6302,"2023-03-12",城乡建设,电话,26
6303,"2023-03-12",交通运输,电话,20
6304,"2023-03-12",农林牧渔,电话,20
6305,"2023-03-12",科教文体,来信,4
6306,"2023-03-12",公卫医疗,来信,28
6307,"2023-03-12",城乡建设,来信,56
6308,"2023-03-12",交通运输,来信,76
6309,"2023-03-12",农林牧渔,来信,19
6310,"2023-03-12",科教文体,网站,40
6311,"2023-03-12",公卫医疗,网站,2
6312,"2023-03-12",城乡建设,网站,47
6313,"2023-03-12",交通运输,网站,66
6314,"2023-03-12",农林牧渔,网站,102
6315,"2023-03-12",科教文体,小程序/公众号,3
6316,"2023-03-12",公卫医疗,小程序/公众号,122
6317,"2023-03-12",城乡建设,小程序/公众号,116
6318,"2023-03-12",交通运输,小程序/公众号,100
6319,"2023-03-12",农林牧渔,小程序/公众号,39
6320,"2023-03-13",科教文体,电话,1
6321,"2023-03-13",公卫医疗,电话,111
6322,"2023-03-13",城乡建设,电话,25
6323,"2023-03-13",交通运输,电话,2
6324,"2023-03-13",农林牧渔,电话,41
6325,"2023-03-13",科教文体,来信,56
6326,"2023-03-13",公卫医疗,来信,31
6327,"2023-03-13",城乡建设,来信,25
6328,"2023-03-13",交通运输,来信,27
6329,"2023-03-13",农林牧渔,来信,1
6330,"2023-03-13",科教文体,网站,9
6331,"2023-03-13",公卫医疗,网站,9
6332,"2023-03-13",城乡建设,网站,56
6333,"2023-03-13",交通运输,网站,48
6334,"2023-03-13",农林牧渔,网站,58
6335,"2023-03-13",科教文体,小程序/公众号,87
6336,"2023-03-13",公卫医疗,小程序/公众号,53
6337,"2023-03-13",城乡建设,小程序/公众号,61
6338,"2023-03-13",交通运输,小程序/公众号,40
6339,"2023-03-13",农林牧渔,小程序/公众号,44
6340,"2023-03-14",科教文体,电话,1
6341,"2023-03-14",公卫医疗,电话,1
6342,"2023-03-14",城乡建设,电话,6
6343,"2023-03-14",交通运输,电话,5
6344,"2023-03-14",农林牧渔,电话,1
6345,"2023-03-14",科教文体,来信,48
6346,"2023-03-14",公卫医疗,来信,9
6347,"2023-03-14",城乡建设,来信,10
6348,"2023-03-14",交通运输,来信,3
6349,"2023-03-14",农林牧渔,来信,8
6350,"2023-03-14",科教文体,网站,14
6351,"2023-03-14",公卫医疗,网站,6
6352,"2023-03-14",城乡建设,网站,9
6353,"2023-03-14",交通运输,网站,9
6354,"2023-03-14",农林牧渔,网站,14
6355,"2023-03-14",科教文体,小程序/公众号,24
6356,"2023-03-14",公卫医疗,小程序/公众号,89
6357,"2023-03-14",城乡建设,小程序/公众号,294
6358,"2023-03-14",交通运输,小程序/公众号,66
6359,"2023-03-14",农林牧渔,小程序/公众号,3
6360,"2023-03-15",科教文体,电话,5
6361,"2023-03-15",公卫医疗,电话,7
6362,"2023-03-15",城乡建设,电话,6
6363,"2023-03-15",交通运输,电话,2
6364,"2023-03-15",农林牧渔,电话,6
6365,"2023-03-15",科教文体,来信,4
6366,"2023-03-15",公卫医疗,来信,14
6367,"2023-03-15",城乡建设,来信,13
6368,"2023-03-15",交通运输,来信,1
6369,"2023-03-15",农林牧渔,来信,11
6370,"2023-03-15",科教文体,网站,6
6371,"2023-03-15",公卫医疗,网站,18
6372,"2023-03-15",城乡建设,网站,14
6373,"2023-03-15",交通运输,网站,16
6374,"2023-03-15",农林牧渔,网站,3
6375,"2023-03-15",科教文体,小程序/公众号,29
6376,"2023-03-15",公卫医疗,小程序/公众号,47
6377,"2023-03-15",城乡建设,小程序/公众号,49
6378,"2023-03-15",交通运输,小程序/公众号,66
6379,"2023-03-15",农林牧渔,小程序/公众号,5
6380,"2023-03-16",科教文体,电话,14
6381,"2023-03-16",公卫医疗,电话,38
6382,"2023-03-16",城乡建设,电话,9
6383,"2023-03-16",交通运输,电话,27
6384,"2023-03-16",农林牧渔,电话,46
6385,"2023-03-16",科教文体,来信,3
6386,"2023-03-16",公卫医疗,来信,39
6387,"2023-03-16",城乡建设,来信,77
6388,"2023-03-16",交通运输,来信,20
6389,"2023-03-16",农林牧渔,来信,24
6390,"2023-03-16",科教文体,网站,8
6391,"2023-03-16",公卫医疗,网站,5
6392,"2023-03-16",城乡建设,网站,13
6393,"2023-03-16",交通运输,网站,0
6394,"2023-03-16",农林牧渔,网站,13
6395,"2023-03-16",科教文体,小程序/公众号,54
6396,"2023-03-16",公卫医疗,小程序/公众号,78
6397,"2023-03-16",城乡建设,小程序/公众号,113
6398,"2023-03-16",交通运输,小程序/公众号,28
6399,"2023-03-16",农林牧渔,小程序/公众号,122
6400,"2023-03-17",科教文体,电话,15
6401,"2023-03-17",公卫医疗,电话,3
6402,"2023-03-17",城乡建设,电话,11
6403,"2023-03-17",交通运输,电话,15
6404,"2023-03-17",农林牧渔,电话,9
6405,"2023-03-17",科教文体,来信,37
6406,"2023-03-17",公卫医疗,来信,47
6407,"2023-03-17",城乡建设,来信,9
6408,"2023-03-17",交通运输,来信,2
6409,"2023-03-17",农林牧渔,来信,35
6410,"2023-03-17",科教文体,网站,11
6411,"2023-03-17",公卫医疗,网站,42
6412,"2023-03-17",城乡建设,网站,47
6413,"2023-03-17",交通运输,网站,68
6414,"2023-03-17",农林牧渔,网站,67
6415,"2023-03-17",科教文体,小程序/公众号,88
6416,"2023-03-17",公卫医疗,小程序/公众号,6
6417,"2023-03-17",城乡建设,小程序/公众号,91
6418,"2023-03-17",交通运输,小程序/公众号,59
6419,"2023-03-17",农林牧渔,小程序/公众号,22
6420,"2023-03-18",科教文体,电话,9
6421,"2023-03-18",公卫医疗,电话,61
6422,"2023-03-18",城乡建设,电话,31
6423,"2023-03-18",交通运输,电话,11
6424,"2023-03-18",农林牧渔,电话,25
6425,"2023-03-18",科教文体,来信,1
6426,"2023-03-18",公卫医疗,来信,8
6427,"2023-03-18",城乡建设,来信,10
6428,"2023-03-18",交通运输,来信,8
6429,"2023-03-18",农林牧渔,来信,8
6430,"2023-03-18",科教文体,网站,34
6431,"2023-03-18",公卫医疗,网站,61
6432,"2023-03-18",城乡建设,网站,49
6433,"2023-03-18",交通运输,网站,27
6434,"2023-03-18",农林牧渔,网站,3
6435,"2023-03-18",科教文体,小程序/公众号,7
6436,"2023-03-18",公卫医疗,小程序/公众号,74
6437,"2023-03-18",城乡建设,小程序/公众号,59
6438,"2023-03-18",交通运输,小程序/公众号,115
6439,"2023-03-18",农林牧渔,小程序/公众号,126
6440,"2023-03-19",科教文体,电话,28
6441,"2023-03-19",公卫医疗,电话,12
6442,"2023-03-19",城乡建设,电话,8
6443,"2023-03-19",交通运输,电话,25
6444,"2023-03-19",农林牧渔,电话,11
6445,"2023-03-19",科教文体,来信,17
6446,"2023-03-19",公卫医疗,来信,1
6447,"2023-03-19",城乡建设,来信,3
6448,"2023-03-19",交通运输,来信,3
6449,"2023-03-19",农林牧渔,来信,16
6450,"2023-03-19",科教文体,网站,24
6451,"2023-03-19",公卫医疗,网站,12
6452,"2023-03-19",城乡建设,网站,34
6453,"2023-03-19",交通运输,网站,7
6454,"2023-03-19",农林牧渔,网站,27
6455,"2023-03-19",科教文体,小程序/公众号,30
6456,"2023-03-19",公卫医疗,小程序/公众号,25
6457,"2023-03-19",城乡建设,小程序/公众号,29
6458,"2023-03-19",交通运输,小程序/公众号,15
6459,"2023-03-19",农林牧渔,小程序/公众号,17
6460,"2023-03-20",科教文体,电话,39
6461,"2023-03-20",公卫医疗,电话,40
6462,"2023-03-20",城乡建设,电话,39
6463,"2023-03-20",交通运输,电话,21
6464,"2023-03-20",农林牧渔,电话,42
6465,"2023-03-20",科教文体,来信,42
6466,"2023-03-20",公卫医疗,来信,15
6467,"2023-03-20",城乡建设,来信,24
6468,"2023-03-20",交通运输,来信,16
6469,"2023-03-20",农林牧渔,来信,100
6470,"2023-03-20",科教文体,网站,64
6471,"2023-03-20",公卫医疗,网站,77
6472,"2023-03-20",城乡建设,网站,27
6473,"2023-03-20",交通运输,网站,5
6474,"2023-03-20",农林牧渔,网站,73
6475,"2023-03-20",科教文体,小程序/公众号,113
6476,"2023-03-20",公卫医疗,小程序/公众号,19
6477,"2023-03-20",城乡建设,小程序/公众号,134
6478,"2023-03-20",交通运输,小程序/公众号,12
6479,"2023-03-20",农林牧渔,小程序/公众号,69
6480,"2023-03-21",科教文体,电话,34
6481,"2023-03-21",公卫医疗,电话,30
6482,"2023-03-21",城乡建设,电话,2
6483,"2023-03-21",交通运输,电话,32
6484,"2023-03-21",农林牧渔,电话,10
6485,"2023-03-21",科教文体,来信,18
6486,"2023-03-21",公卫医疗,来信,7
6487,"2023-03-21",城乡建设,来信,17
6488,"2023-03-21",交通运输,来信,28
6489,"2023-03-21",农林牧渔,来信,8
6490,"2023-03-21",科教文体,网站,18
6491,"2023-03-21",公卫医疗,网站,42
6492,"2023-03-21",城乡建设,网站,27
6493,"2023-03-21",交通运输,网站,50
6494,"2023-03-21",农林牧渔,网站,31
6495,"2023-03-21",科教文体,小程序/公众号,48
6496,"2023-03-21",公卫医疗,小程序/公众号,45
6497,"2023-03-21",城乡建设,小程序/公众号,22
6498,"2023-03-21",交通运输,小程序/公众号,25
6499,"2023-03-21",农林牧渔,小程序/公众号,71
6500,"2023-03-22",科教文体,电话,1
6501,"2023-03-22",公卫医疗,电话,9
6502,"2023-03-22",城乡建设,电话,32
6503,"2023-03-22",交通运输,电话,36
6504,"2023-03-22",农林牧渔,电话,24
6505,"2023-03-22",科教文体,来信,15
6506,"2023-03-22",公卫医疗,来信,15
6507,"2023-03-22",城乡建设,来信,17
6508,"2023-03-22",交通运输,来信,33
6509,"2023-03-22",农林牧渔,来信,39
6510,"2023-03-22",科教文体,网站,3
6511,"2023-03-22",公卫医疗,网站,10
6512,"2023-03-22",城乡建设,网站,3
6513,"2023-03-22",交通运输,网站,6
6514,"2023-03-22",农林牧渔,网站,9
6515,"2023-03-22",科教文体,小程序/公众号,68
6516,"2023-03-22",公卫医疗,小程序/公众号,136
6517,"2023-03-22",城乡建设,小程序/公众号,107
6518,"2023-03-22",交通运输,小程序/公众号,33
6519,"2023-03-22",农林牧渔,小程序/公众号,51
6520,"2023-03-23",科教文体,电话,27
6521,"2023-03-23",公卫医疗,电话,96
6522,"2023-03-23",城乡建设,电话,2
6523,"2023-03-23",交通运输,电话,50
6524,"2023-03-23",农林牧渔,电话,21
6525,"2023-03-23",科教文体,来信,9
6526,"2023-03-23",公卫医疗,来信,2
6527,"2023-03-23",城乡建设,来信,7
6528,"2023-03-23",交通运输,来信,2
6529,"2023-03-23",农林牧渔,来信,9
6530,"2023-03-23",科教文体,网站,5
6531,"2023-03-23",公卫医疗,网站,1
6532,"2023-03-23",城乡建设,网站,3
6533,"2023-03-23",交通运输,网站,1
6534,"2023-03-23",农林牧渔,网站,7
6535,"2023-03-23",科教文体,小程序/公众号,104
6536,"2023-03-23",公卫医疗,小程序/公众号,159
6537,"2023-03-23",城乡建设,小程序/公众号,64
6538,"2023-03-23",交通运输,小程序/公众号,218
6539,"2023-03-23",农林牧渔,小程序/公众号,37
6540,"2023-03-24",科教文体,电话,42
6541,"2023-03-24",公卫医疗,电话,45
6542,"2023-03-24",城乡建设,电话,51
6543,"2023-03-24",交通运输,电话,31
6544,"2023-03-24",农林牧渔,电话,21
6545,"2023-03-24",科教文体,来信,7
6546,"2023-03-24",公卫医疗,来信,13
6547,"2023-03-24",城乡建设,来信,36
6548,"2023-03-24",交通运输,来信,26
6549,"2023-03-24",农林牧渔,来信,9
6550,"2023-03-24",科教文体,网站,54
6551,"2023-03-24",公卫医疗,网站,44
6552,"2023-03-24",城乡建设,网站,100
6553,"2023-03-24",交通运输,网站,75
6554,"2023-03-24",农林牧渔,网站,2
6555,"2023-03-24",科教文体,小程序/公众号,35
6556,"2023-03-24",公卫医疗,小程序/公众号,61
6557,"2023-03-24",城乡建设,小程序/公众号,99
6558,"2023-03-24",交通运输,小程序/公众号,83
6559,"2023-03-24",农林牧渔,小程序/公众号,58
6560,"2023-03-25",科教文体,电话,2
6561,"2023-03-25",公卫医疗,电话,5
6562,"2023-03-25",城乡建设,电话,20
6563,"2023-03-25",交通运输,电话,25
6564,"2023-03-25",农林牧渔,电话,31
6565,"2023-03-25",科教文体,来信,15
6566,"2023-03-25",公卫医疗,来信,17
6567,"2023-03-25",城乡建设,来信,4
6568,"2023-03-25",交通运输,来信,26
6569,"2023-03-25",农林牧渔,来信,4
6570,"2023-03-25",科教文体,网站,18
6571,"2023-03-25",公卫医疗,网站,13
6572,"2023-03-25",城乡建设,网站,15
6573,"2023-03-25",交通运输,网站,13
6574,"2023-03-25",农林牧渔,网站,5
6575,"2023-03-25",科教文体,小程序/公众号,37
6576,"2023-03-25",公卫医疗,小程序/公众号,11
6577,"2023-03-25",城乡建设,小程序/公众号,34
6578,"2023-03-25",交通运输,小程序/公众号,23
6579,"2023-03-25",农林牧渔,小程序/公众号,42
6580,"2023-03-26",科教文体,电话,39
6581,"2023-03-26",公卫医疗,电话,31
6582,"2023-03-26",城乡建设,电话,33
6583,"2023-03-26",交通运输,电话,10
6584,"2023-03-26",农林牧渔,电话,22
6585,"2023-03-26",科教文体,来信,38
6586,"2023-03-26",公卫医疗,来信,37
6587,"2023-03-26",城乡建设,来信,9
6588,"2023-03-26",交通运输,来信,25
6589,"2023-03-26",农林牧渔,来信,17
6590,"2023-03-26",科教文体,网站,91
6591,"2023-03-26",公卫医疗,网站,16
6592,"2023-03-26",城乡建设,网站,17
6593,"2023-03-26",交通运输,网站,9
6594,"2023-03-26",农林牧渔,网站,3
6595,"2023-03-26",科教文体,小程序/公众号,102
6596,"2023-03-26",公卫医疗,小程序/公众号,235
6597,"2023-03-26",城乡建设,小程序/公众号,42
6598,"2023-03-26",交通运输,小程序/公众号,112
6599,"2023-03-26",农林牧渔,小程序/公众号,36
6600,"2023-03-27",科教文体,电话,9
6601,"2023-03-27",公卫医疗,电话,21
6602,"2023-03-27",城乡建设,电话,22
6603,"2023-03-27",交通运输,电话,21
6604,"2023-03-27",农林牧渔,电话,5
6605,"2023-03-27",科教文体,来信,71
6606,"2023-03-27",公卫医疗,来信,67
6607,"2023-03-27",城乡建设,来信,22
6608,"2023-03-27",交通运输,来信,31
6609,"2023-03-27",农林牧渔,来信,70
6610,"2023-03-27",科教文体,网站,14
6611,"2023-03-27",公卫医疗,网站,27
6612,"2023-03-27",城乡建设,网站,11
6613,"2023-03-27",交通运输,网站,17
6614,"2023-03-27",农林牧渔,网站,77
6615,"2023-03-27",科教文体,小程序/公众号,68
6616,"2023-03-27",公卫医疗,小程序/公众号,102
6617,"2023-03-27",城乡建设,小程序/公众号,94
6618,"2023-03-27",交通运输,小程序/公众号,122
6619,"2023-03-27",农林牧渔,小程序/公众号,99
6620,"2023-03-28",科教文体,电话,18
6621,"2023-03-28",公卫医疗,电话,12
6622,"2023-03-28",城乡建设,电话,24
6623,"2023-03-28",交通运输,电话,25
6624,"2023-03-28",农林牧渔,电话,0
6625,"2023-03-28",科教文体,来信,18
6626,"2023-03-28",公卫医疗,来信,7
6627,"2023-03-28",城乡建设,来信,18
6628,"2023-03-28",交通运输,来信,24
6629,"2023-03-28",农林牧渔,来信,17
6630,"2023-03-28",科教文体,网站,16
6631,"2023-03-28",公卫医疗,网站,27
6632,"2023-03-28",城乡建设,网站,24
6633,"2023-03-28",交通运输,网站,10
6634,"2023-03-28",农林牧渔,网站,20
6635,"2023-03-28",科教文体,小程序/公众号,21
6636,"2023-03-28",公卫医疗,小程序/公众号,51
6637,"2023-03-28",城乡建设,小程序/公众号,40
6638,"2023-03-28",交通运输,小程序/公众号,29
6639,"2023-03-28",农林牧渔,小程序/公众号,38
6640,"2023-03-29",科教文体,电话,23
6641,"2023-03-29",公卫医疗,电话,3
6642,"2023-03-29",城乡建设,电话,18
6643,"2023-03-29",交通运输,电话,2
6644,"2023-03-29",农林牧渔,电话,33
6645,"2023-03-29",科教文体,来信,4
6646,"2023-03-29",公卫医疗,来信,8
6647,"2023-03-29",城乡建设,来信,4
6648,"2023-03-29",交通运输,来信,2
6649,"2023-03-29",农林牧渔,来信,12
6650,"2023-03-29",科教文体,网站,16
6651,"2023-03-29",公卫医疗,网站,10
6652,"2023-03-29",城乡建设,网站,19
6653,"2023-03-29",交通运输,网站,60
6654,"2023-03-29",农林牧渔,网站,23
6655,"2023-03-29",科教文体,小程序/公众号,90
6656,"2023-03-29",公卫医疗,小程序/公众号,86
6657,"2023-03-29",城乡建设,小程序/公众号,40
6658,"2023-03-29",交通运输,小程序/公众号,66
6659,"2023-03-29",农林牧渔,小程序/公众号,0
6660,"2023-03-30",科教文体,电话,6
6661,"2023-03-30",公卫医疗,电话,23
6662,"2023-03-30",城乡建设,电话,17
6663,"2023-03-30",交通运输,电话,10
6664,"2023-03-30",农林牧渔,电话,18
6665,"2023-03-30",科教文体,来信,4
6666,"2023-03-30",公卫医疗,来信,54
6667,"2023-03-30",城乡建设,来信,14
6668,"2023-03-30",交通运输,来信,4
6669,"2023-03-30",农林牧渔,来信,37
6670,"2023-03-30",科教文体,网站,15
6671,"2023-03-30",公卫医疗,网站,0
6672,"2023-03-30",城乡建设,网站,7
6673,"2023-03-30",交通运输,网站,14
6674,"2023-03-30",农林牧渔,网站,0
6675,"2023-03-30",科教文体,小程序/公众号,39
6676,"2023-03-30",公卫医疗,小程序/公众号,29
6677,"2023-03-30",城乡建设,小程序/公众号,60
6678,"2023-03-30",交通运输,小程序/公众号,9
6679,"2023-03-30",农林牧渔,小程序/公众号,107
6680,"2023-03-31",科教文体,电话,25
6681,"2023-03-31",公卫医疗,电话,5
6682,"2023-03-31",城乡建设,电话,14
6683,"2023-03-31",交通运输,电话,12
6684,"2023-03-31",农林牧渔,电话,8
6685,"2023-03-31",科教文体,来信,1
6686,"2023-03-31",公卫医疗,来信,6
6687,"2023-03-31",城乡建设,来信,5
6688,"2023-03-31",交通运输,来信,7
6689,"2023-03-31",农林牧渔,来信,16
6690,"2023-03-31",科教文体,网站,12
6691,"2023-03-31",公卫医疗,网站,3
6692,"2023-03-31",城乡建设,网站,40
6693,"2023-03-31",交通运输,网站,2
6694,"2023-03-31",农林牧渔,网站,17
6695,"2023-03-31",科教文体,小程序/公众号,25
6696,"2023-03-31",公卫医疗,小程序/公众号,44
6697,"2023-03-31",城乡建设,小程序/公众号,10
6698,"2023-03-31",交通运输,小程序/公众号,21
6699,"2023-03-31",农林牧渔,小程序/公众号,32
6700,"2023-04-01",科教文体,电话,8
6701,"2023-04-01",公卫医疗,电话,10
6702,"2023-04-01",城乡建设,电话,5
6703,"2023-04-01",交通运输,电话,1
6704,"2023-04-01",农林牧渔,电话,5
6705,"2023-04-01",科教文体,来信,13
6706,"2023-04-01",公卫医疗,来信,28
6707,"2023-04-01",城乡建设,来信,7
6708,"2023-04-01",交通运输,来信,17
6709,"2023-04-01",农林牧渔,来信,9
6710,"2023-04-01",科教文体,网站,17
6711,"2023-04-01",公卫医疗,网站,3
6712,"2023-04-01",城乡建设,网站,1
6713,"2023-04-01",交通运输,网站,18
6714,"2023-04-01",农林牧渔,网站,2
6715,"2023-04-01",科教文体,小程序/公众号,46
6716,"2023-04-01",公卫医疗,小程序/公众号,54
6717,"2023-04-01",城乡建设,小程序/公众号,4
6718,"2023-04-01",交通运输,小程序/公众号,15
6719,"2023-04-01",农林牧渔,小程序/公众号,40
6720,"2023-04-02",科教文体,电话,5
6721,"2023-04-02",公卫医疗,电话,3
6722,"2023-04-02",城乡建设,电话,10
6723,"2023-04-02",交通运输,电话,8
6724,"2023-04-02",农林牧渔,电话,14
6725,"2023-04-02",科教文体,来信,10
6726,"2023-04-02",公卫医疗,来信,0
6727,"2023-04-02",城乡建设,来信,2
6728,"2023-04-02",交通运输,来信,9
6729,"2023-04-02",农林牧渔,来信,5
6730,"2023-04-02",科教文体,网站,5
6731,"2023-04-02",公卫医疗,网站,4
6732,"2023-04-02",城乡建设,网站,1
6733,"2023-04-02",交通运输,网站,4
6734,"2023-04-02",农林牧渔,网站,4
6735,"2023-04-02",科教文体,小程序/公众号,55
6736,"2023-04-02",公卫医疗,小程序/公众号,39
6737,"2023-04-02",城乡建设,小程序/公众号,81
6738,"2023-04-02",交通运输,小程序/公众号,38
6739,"2023-04-02",农林牧渔,小程序/公众号,38
6740,"2023-04-03",科教文体,电话,19
6741,"2023-04-03",公卫医疗,电话,8
6742,"2023-04-03",城乡建设,电话,19
6743,"2023-04-03",交通运输,电话,11
6744,"2023-04-03",农林牧渔,电话,7
6745,"2023-04-03",科教文体,来信,13
6746,"2023-04-03",公卫医疗,来信,6
6747,"2023-04-03",城乡建设,来信,8
6748,"2023-04-03",交通运输,来信,4
6749,"2023-04-03",农林牧渔,来信,3
6750,"2023-04-03",科教文体,网站,43
6751,"2023-04-03",公卫医疗,网站,38
6752,"2023-04-03",城乡建设,网站,47
6753,"2023-04-03",交通运输,网站,10
6754,"2023-04-03",农林牧渔,网站,12
6755,"2023-04-03",科教文体,小程序/公众号,31
6756,"2023-04-03",公卫医疗,小程序/公众号,8
6757,"2023-04-03",城乡建设,小程序/公众号,24
6758,"2023-04-03",交通运输,小程序/公众号,56
6759,"2023-04-03",农林牧渔,小程序/公众号,51
6760,"2023-04-04",科教文体,电话,9
6761,"2023-04-04",公卫医疗,电话,54
6762,"2023-04-04",城乡建设,电话,68
6763,"2023-04-04",交通运输,电话,52
6764,"2023-04-04",农林牧渔,电话,51
6765,"2023-04-04",科教文体,来信,24
6766,"2023-04-04",公卫医疗,来信,0
6767,"2023-04-04",城乡建设,来信,18
6768,"2023-04-04",交通运输,来信,37
6769,"2023-04-04",农林牧渔,来信,45
6770,"2023-04-04",科教文体,网站,76
6771,"2023-04-04",公卫医疗,网站,77
6772,"2023-04-04",城乡建设,网站,17
6773,"2023-04-04",交通运输,网站,24
6774,"2023-04-04",农林牧渔,网站,68
6775,"2023-04-04",科教文体,小程序/公众号,43
6776,"2023-04-04",公卫医疗,小程序/公众号,92
6777,"2023-04-04",城乡建设,小程序/公众号,75
6778,"2023-04-04",交通运输,小程序/公众号,64
6779,"2023-04-04",农林牧渔,小程序/公众号,59
6780,"2023-04-05",科教文体,电话,12
6781,"2023-04-05",公卫医疗,电话,11
6782,"2023-04-05",城乡建设,电话,17
6783,"2023-04-05",交通运输,电话,3
6784,"2023-04-05",农林牧渔,电话,19
6785,"2023-04-05",科教文体,来信,3
6786,"2023-04-05",公卫医疗,来信,28
6787,"2023-04-05",城乡建设,来信,11
6788,"2023-04-05",交通运输,来信,23
6789,"2023-04-05",农林牧渔,来信,12
6790,"2023-04-05",科教文体,网站,6
6791,"2023-04-05",公卫医疗,网站,1
6792,"2023-04-05",城乡建设,网站,4
6793,"2023-04-05",交通运输,网站,7
6794,"2023-04-05",农林牧渔,网站,12
6795,"2023-04-05",科教文体,小程序/公众号,14
6796,"2023-04-05",公卫医疗,小程序/公众号,72
6797,"2023-04-05",城乡建设,小程序/公众号,41
6798,"2023-04-05",交通运输,小程序/公众号,78
6799,"2023-04-05",农林牧渔,小程序/公众号,99
6800,"2023-04-06",科教文体,电话,20
6801,"2023-04-06",公卫医疗,电话,9
6802,"2023-04-06",城乡建设,电话,6
6803,"2023-04-06",交通运输,电话,27
6804,"2023-04-06",农林牧渔,电话,24
6805,"2023-04-06",科教文体,来信,1
6806,"2023-04-06",公卫医疗,来信,3
6807,"2023-04-06",城乡建设,来信,4
6808,"2023-04-06",交通运输,来信,8
6809,"2023-04-06",农林牧渔,来信,10
6810,"2023-04-06",科教文体,网站,23
6811,"2023-04-06",公卫医疗,网站,17
6812,"2023-04-06",城乡建设,网站,23
6813,"2023-04-06",交通运输,网站,8
6814,"2023-04-06",农林牧渔,网站,2
6815,"2023-04-06",科教文体,小程序/公众号,89
6816,"2023-04-06",公卫医疗,小程序/公众号,75
6817,"2023-04-06",城乡建设,小程序/公众号,14
6818,"2023-04-06",交通运输,小程序/公众号,38
6819,"2023-04-06",农林牧渔,小程序/公众号,6
6820,"2023-04-07",科教文体,电话,5
6821,"2023-04-07",公卫医疗,电话,17
6822,"2023-04-07",城乡建设,电话,16
6823,"2023-04-07",交通运输,电话,42
6824,"2023-04-07",农林牧渔,电话,67
6825,"2023-04-07",科教文体,来信,23
6826,"2023-04-07",公卫医疗,来信,5
6827,"2023-04-07",城乡建设,来信,24
6828,"2023-04-07",交通运输,来信,27
6829,"2023-04-07",农林牧渔,来信,15
6830,"2023-04-07",科教文体,网站,6
6831,"2023-04-07",公卫医疗,网站,1
6832,"2023-04-07",城乡建设,网站,4
6833,"2023-04-07",交通运输,网站,8
6834,"2023-04-07",农林牧渔,网站,6
6835,"2023-04-07",科教文体,小程序/公众号,43
6836,"2023-04-07",公卫医疗,小程序/公众号,15
6837,"2023-04-07",城乡建设,小程序/公众号,140
6838,"2023-04-07",交通运输,小程序/公众号,81
6839,"2023-04-07",农林牧渔,小程序/公众号,92
6840,"2023-04-08",科教文体,电话,9
6841,"2023-04-08",公卫医疗,电话,6
6842,"2023-04-08",城乡建设,电话,17
6843,"2023-04-08",交通运输,电话,9
6844,"2023-04-08",农林牧渔,电话,11
6845,"2023-04-08",科教文体,来信,9
6846,"2023-04-08",公卫医疗,来信,8
6847,"2023-04-08",城乡建设,来信,16
6848,"2023-04-08",交通运输,来信,45
6849,"2023-04-08",农林牧渔,来信,11
6850,"2023-04-08",科教文体,网站,12
6851,"2023-04-08",公卫医疗,网站,13
6852,"2023-04-08",城乡建设,网站,9
6853,"2023-04-08",交通运输,网站,2
6854,"2023-04-08",农林牧渔,网站,6
6855,"2023-04-08",科教文体,小程序/公众号,12
6856,"2023-04-08",公卫医疗,小程序/公众号,36
6857,"2023-04-08",城乡建设,小程序/公众号,50
6858,"2023-04-08",交通运输,小程序/公众号,41
6859,"2023-04-08",农林牧渔,小程序/公众号,11
6860,"2023-04-09",科教文体,电话,31
6861,"2023-04-09",公卫医疗,电话,43
6862,"2023-04-09",城乡建设,电话,12
6863,"2023-04-09",交通运输,电话,42
6864,"2023-04-09",农林牧渔,电话,69
6865,"2023-04-09",科教文体,来信,30
6866,"2023-04-09",公卫医疗,来信,7
6867,"2023-04-09",城乡建设,来信,20
6868,"2023-04-09",交通运输,来信,57
6869,"2023-04-09",农林牧渔,来信,30
6870,"2023-04-09",科教文体,网站,48
6871,"2023-04-09",公卫医疗,网站,42
6872,"2023-04-09",城乡建设,网站,0
6873,"2023-04-09",交通运输,网站,37
6874,"2023-04-09",农林牧渔,网站,61
6875,"2023-04-09",科教文体,小程序/公众号,105
6876,"2023-04-09",公卫医疗,小程序/公众号,1
6877,"2023-04-09",城乡建设,小程序/公众号,28
6878,"2023-04-09",交通运输,小程序/公众号,149
6879,"2023-04-09",农林牧渔,小程序/公众号,46
6880,"2023-04-10",科教文体,电话,17
6881,"2023-04-10",公卫医疗,电话,18
6882,"2023-04-10",城乡建设,电话,14
6883,"2023-04-10",交通运输,电话,4
6884,"2023-04-10",农林牧渔,电话,14
6885,"2023-04-10",科教文体,来信,9
6886,"2023-04-10",公卫医疗,来信,26
6887,"2023-04-10",城乡建设,来信,46
6888,"2023-04-10",交通运输,来信,21
6889,"2023-04-10",农林牧渔,来信,56
6890,"2023-04-10",科教文体,网站,69
6891,"2023-04-10",公卫医疗,网站,63
6892,"2023-04-10",城乡建设,网站,62
6893,"2023-04-10",交通运输,网站,38
6894,"2023-04-10",农林牧渔,网站,68
6895,"2023-04-10",科教文体,小程序/公众号,81
6896,"2023-04-10",公卫医疗,小程序/公众号,49
6897,"2023-04-10",城乡建设,小程序/公众号,60
6898,"2023-04-10",交通运输,小程序/公众号,78
6899,"2023-04-10",农林牧渔,小程序/公众号,80
6900,"2023-04-11",科教文体,电话,39
6901,"2023-04-11",公卫医疗,电话,5
6902,"2023-04-11",城乡建设,电话,8
6903,"2023-04-11",交通运输,电话,28
6904,"2023-04-11",农林牧渔,电话,38
6905,"2023-04-11",科教文体,来信,0
6906,"2023-04-11",公卫医疗,来信,14
6907,"2023-04-11",城乡建设,来信,15
6908,"2023-04-11",交通运输,来信,19
6909,"2023-04-11",农林牧渔,来信,11
6910,"2023-04-11",科教文体,网站,133
6911,"2023-04-11",公卫医疗,网站,33
6912,"2023-04-11",城乡建设,网站,37
6913,"2023-04-11",交通运输,网站,12
6914,"2023-04-11",农林牧渔,网站,166
6915,"2023-04-11",科教文体,小程序/公众号,86
6916,"2023-04-11",公卫医疗,小程序/公众号,26
6917,"2023-04-11",城乡建设,小程序/公众号,98
6918,"2023-04-11",交通运输,小程序/公众号,55
6919,"2023-04-11",农林牧渔,小程序/公众号,124
6920,"2023-04-12",科教文体,电话,28
6921,"2023-04-12",公卫医疗,电话,38
6922,"2023-04-12",城乡建设,电话,21
6923,"2023-04-12",交通运输,电话,43
6924,"2023-04-12",农林牧渔,电话,6
6925,"2023-04-12",科教文体,来信,23
6926,"2023-04-12",公卫医疗,来信,13
6927,"2023-04-12",城乡建设,来信,2
6928,"2023-04-12",交通运输,来信,5
6929,"2023-04-12",农林牧渔,来信,26
6930,"2023-04-12",科教文体,网站,47
6931,"2023-04-12",公卫医疗,网站,58
6932,"2023-04-12",城乡建设,网站,8
6933,"2023-04-12",交通运输,网站,95
6934,"2023-04-12",农林牧渔,网站,72
6935,"2023-04-12",科教文体,小程序/公众号,44
6936,"2023-04-12",公卫医疗,小程序/公众号,61
6937,"2023-04-12",城乡建设,小程序/公众号,64
6938,"2023-04-12",交通运输,小程序/公众号,111
6939,"2023-04-12",农林牧渔,小程序/公众号,70
6940,"2023-04-13",科教文体,电话,3
6941,"2023-04-13",公卫医疗,电话,14
6942,"2023-04-13",城乡建设,电话,14
6943,"2023-04-13",交通运输,电话,11
6944,"2023-04-13",农林牧渔,电话,14
6945,"2023-04-13",科教文体,来信,5
6946,"2023-04-13",公卫医疗,来信,7
6947,"2023-04-13",城乡建设,来信,5
6948,"2023-04-13",交通运输,来信,6
6949,"2023-04-13",农林牧渔,来信,5
6950,"2023-04-13",科教文体,网站,37
6951,"2023-04-13",公卫医疗,网站,23
6952,"2023-04-13",城乡建设,网站,48
6953,"2023-04-13",交通运输,网站,33
6954,"2023-04-13",农林牧渔,网站,64
6955,"2023-04-13",科教文体,小程序/公众号,123
6956,"2023-04-13",公卫医疗,小程序/公众号,21
6957,"2023-04-13",城乡建设,小程序/公众号,305
6958,"2023-04-13",交通运输,小程序/公众号,83
6959,"2023-04-13",农林牧渔,小程序/公众号,102
6960,"2023-04-14",科教文体,电话,18
6961,"2023-04-14",公卫医疗,电话,38
6962,"2023-04-14",城乡建设,电话,18
6963,"2023-04-14",交通运输,电话,38
6964,"2023-04-14",农林牧渔,电话,17
6965,"2023-04-14",科教文体,来信,33
6966,"2023-04-14",公卫医疗,来信,26
6967,"2023-04-14",城乡建设,来信,43
6968,"2023-04-14",交通运输,来信,40
6969,"2023-04-14",农林牧渔,来信,39
6970,"2023-04-14",科教文体,网站,36
6971,"2023-04-14",公卫医疗,网站,9
6972,"2023-04-14",城乡建设,网站,14
6973,"2023-04-14",交通运输,网站,39
6974,"2023-04-14",农林牧渔,网站,59
6975,"2023-04-14",科教文体,小程序/公众号,63
6976,"2023-04-14",公卫医疗,小程序/公众号,20
6977,"2023-04-14",城乡建设,小程序/公众号,57
6978,"2023-04-14",交通运输,小程序/公众号,65
6979,"2023-04-14",农林牧渔,小程序/公众号,22
6980,"2023-04-15",科教文体,电话,0
6981,"2023-04-15",公卫医疗,电话,20
6982,"2023-04-15",城乡建设,电话,20
6983,"2023-04-15",交通运输,电话,19
6984,"2023-04-15",农林牧渔,电话,9
6985,"2023-04-15",科教文体,来信,1
6986,"2023-04-15",公卫医疗,来信,34
6987,"2023-04-15",城乡建设,来信,89
6988,"2023-04-15",交通运输,来信,87
6989,"2023-04-15",农林牧渔,来信,24
6990,"2023-04-15",科教文体,网站,32
6991,"2023-04-15",公卫医疗,网站,75
6992,"2023-04-15",城乡建设,网站,63
6993,"2023-04-15",交通运输,网站,15
6994,"2023-04-15",农林牧渔,网站,12
6995,"2023-04-15",科教文体,小程序/公众号,92
6996,"2023-04-15",公卫医疗,小程序/公众号,119
6997,"2023-04-15",城乡建设,小程序/公众号,9
6998,"2023-04-15",交通运输,小程序/公众号,119
6999,"2023-04-15",农林牧渔,小程序/公众号,141
7000,"2023-04-16",科教文体,电话,5
7001,"2023-04-16",公卫医疗,电话,21
7002,"2023-04-16",城乡建设,电话,20
7003,"2023-04-16",交通运输,电话,23
7004,"2023-04-16",农林牧渔,电话,25
7005,"2023-04-16",科教文体,来信,23
7006,"2023-04-16",公卫医疗,来信,17
7007,"2023-04-16",城乡建设,来信,11
7008,"2023-04-16",交通运输,来信,16
7009,"2023-04-16",农林牧渔,来信,20
7010,"2023-04-16",科教文体,网站,44
7011,"2023-04-16",公卫医疗,网站,26
7012,"2023-04-16",城乡建设,网站,31
7013,"2023-04-16",交通运输,网站,19
7014,"2023-04-16",农林牧渔,网站,18
7015,"2023-04-16",科教文体,小程序/公众号,18
7016,"2023-04-16",公卫医疗,小程序/公众号,58
7017,"2023-04-16",城乡建设,小程序/公众号,71
7018,"2023-04-16",交通运输,小程序/公众号,45
7019,"2023-04-16",农林牧渔,小程序/公众号,31
7020,"2023-04-17",科教文体,电话,11
7021,"2023-04-17",公卫医疗,电话,10
7022,"2023-04-17",城乡建设,电话,6
7023,"2023-04-17",交通运输,电话,12
7024,"2023-04-17",农林牧渔,电话,10
7025,"2023-04-17",科教文体,来信,2
7026,"2023-04-17",公卫医疗,来信,14
7027,"2023-04-17",城乡建设,来信,16
7028,"2023-04-17",交通运输,来信,17
7029,"2023-04-17",农林牧渔,来信,15
7030,"2023-04-17",科教文体,网站,9
7031,"2023-04-17",公卫医疗,网站,2
7032,"2023-04-17",城乡建设,网站,39
7033,"2023-04-17",交通运输,网站,57
7034,"2023-04-17",农林牧渔,网站,61
7035,"2023-04-17",科教文体,小程序/公众号,75
7036,"2023-04-17",公卫医疗,小程序/公众号,24
7037,"2023-04-17",城乡建设,小程序/公众号,119
7038,"2023-04-17",交通运输,小程序/公众号,152
7039,"2023-04-17",农林牧渔,小程序/公众号,138
7040,"2023-04-18",科教文体,电话,6
7041,"2023-04-18",公卫医疗,电话,3
7042,"2023-04-18",城乡建设,电话,6
7043,"2023-04-18",交通运输,电话,11
7044,"2023-04-18",农林牧渔,电话,10
7045,"2023-04-18",科教文体,来信,23
7046,"2023-04-18",公卫医疗,来信,8
7047,"2023-04-18",城乡建设,来信,14
7048,"2023-04-18",交通运输,来信,23
7049,"2023-04-18",农林牧渔,来信,11
7050,"2023-04-18",科教文体,网站,14
7051,"2023-04-18",公卫医疗,网站,17
7052,"2023-04-18",城乡建设,网站,16
7053,"2023-04-18",交通运输,网站,23
7054,"2023-04-18",农林牧渔,网站,20
7055,"2023-04-18",科教文体,小程序/公众号,148
7056,"2023-04-18",公卫医疗,小程序/公众号,22
7057,"2023-04-18",城乡建设,小程序/公众号,87
7058,"2023-04-18",交通运输,小程序/公众号,57
7059,"2023-04-18",农林牧渔,小程序/公众号,101
7060,"2023-04-19",科教文体,电话,11
7061,"2023-04-19",公卫医疗,电话,2
7062,"2023-04-19",城乡建设,电话,2
7063,"2023-04-19",交通运输,电话,1
7064,"2023-04-19",农林牧渔,电话,13
7065,"2023-04-19",科教文体,来信,28
7066,"2023-04-19",公卫医疗,来信,32
7067,"2023-04-19",城乡建设,来信,53
7068,"2023-04-19",交通运输,来信,48
7069,"2023-04-19",农林牧渔,来信,57
7070,"2023-04-19",科教文体,网站,6
7071,"2023-04-19",公卫医疗,网站,61
7072,"2023-04-19",城乡建设,网站,54
7073,"2023-04-19",交通运输,网站,29
7074,"2023-04-19",农林牧渔,网站,7
7075,"2023-04-19",科教文体,小程序/公众号,87
7076,"2023-04-19",公卫医疗,小程序/公众号,75
7077,"2023-04-19",城乡建设,小程序/公众号,63
7078,"2023-04-19",交通运输,小程序/公众号,22
7079,"2023-04-19",农林牧渔,小程序/公众号,62
7080,"2023-04-20",科教文体,电话,18
7081,"2023-04-20",公卫医疗,电话,20
7082,"2023-04-20",城乡建设,电话,7
7083,"2023-04-20",交通运输,电话,18
7084,"2023-04-20",农林牧渔,电话,13
7085,"2023-04-20",科教文体,来信,59
7086,"2023-04-20",公卫医疗,来信,87
7087,"2023-04-20",城乡建设,来信,24
7088,"2023-04-20",交通运输,来信,43
7089,"2023-04-20",农林牧渔,来信,4
7090,"2023-04-20",科教文体,网站,28
7091,"2023-04-20",公卫医疗,网站,18
7092,"2023-04-20",城乡建设,网站,14
7093,"2023-04-20",交通运输,网站,24
7094,"2023-04-20",农林牧渔,网站,21
7095,"2023-04-20",科教文体,小程序/公众号,132
7096,"2023-04-20",公卫医疗,小程序/公众号,80
7097,"2023-04-20",城乡建设,小程序/公众号,64
7098,"2023-04-20",交通运输,小程序/公众号,70
7099,"2023-04-20",农林牧渔,小程序/公众号,54
7100,"2023-04-21",科教文体,电话,11
7101,"2023-04-21",公卫医疗,电话,16
7102,"2023-04-21",城乡建设,电话,17
7103,"2023-04-21",交通运输,电话,11
7104,"2023-04-21",农林牧渔,电话,20
7105,"2023-04-21",科教文体,来信,5
7106,"2023-04-21",公卫医疗,来信,3
7107,"2023-04-21",城乡建设,来信,4
7108,"2023-04-21",交通运输,来信,4
7109,"2023-04-21",农林牧渔,来信,2
7110,"2023-04-21",科教文体,网站,28
7111,"2023-04-21",公卫医疗,网站,31
7112,"2023-04-21",城乡建设,网站,30
7113,"2023-04-21",交通运输,网站,41
7114,"2023-04-21",农林牧渔,网站,38
7115,"2023-04-21",科教文体,小程序/公众号,71
7116,"2023-04-21",公卫医疗,小程序/公众号,100
7117,"2023-04-21",城乡建设,小程序/公众号,35
7118,"2023-04-21",交通运输,小程序/公众号,77
7119,"2023-04-21",农林牧渔,小程序/公众号,82
7120,"2023-04-22",科教文体,电话,40
7121,"2023-04-22",公卫医疗,电话,46
7122,"2023-04-22",城乡建设,电话,14
7123,"2023-04-22",交通运输,电话,27
7124,"2023-04-22",农林牧渔,电话,38
7125,"2023-04-22",科教文体,来信,18
7126,"2023-04-22",公卫医疗,来信,20
7127,"2023-04-22",城乡建设,来信,31
7128,"2023-04-22",交通运输,来信,8
7129,"2023-04-22",农林牧渔,来信,26
7130,"2023-04-22",科教文体,网站,61
7131,"2023-04-22",公卫医疗,网站,8
7132,"2023-04-22",城乡建设,网站,32
7133,"2023-04-22",交通运输,网站,75
7134,"2023-04-22",农林牧渔,网站,90
7135,"2023-04-22",科教文体,小程序/公众号,37
7136,"2023-04-22",公卫医疗,小程序/公众号,113
7137,"2023-04-22",城乡建设,小程序/公众号,28
7138,"2023-04-22",交通运输,小程序/公众号,74
7139,"2023-04-22",农林牧渔,小程序/公众号,85
7140,"2023-04-23",科教文体,电话,13
7141,"2023-04-23",公卫医疗,电话,15
7142,"2023-04-23",城乡建设,电话,5
7143,"2023-04-23",交通运输,电话,12
7144,"2023-04-23",农林牧渔,电话,17
7145,"2023-04-23",科教文体,来信,5
7146,"2023-04-23",公卫医疗,来信,59
7147,"2023-04-23",城乡建设,来信,12
7148,"2023-04-23",交通运输,来信,17
7149,"2023-04-23",农林牧渔,来信,16
7150,"2023-04-23",科教文体,网站,1
7151,"2023-04-23",公卫医疗,网站,1
7152,"2023-04-23",城乡建设,网站,6
7153,"2023-04-23",交通运输,网站,3
7154,"2023-04-23",农林牧渔,网站,5
7155,"2023-04-23",科教文体,小程序/公众号,12
7156,"2023-04-23",公卫医疗,小程序/公众号,118
7157,"2023-04-23",城乡建设,小程序/公众号,10
7158,"2023-04-23",交通运输,小程序/公众号,86
7159,"2023-04-23",农林牧渔,小程序/公众号,83
7160,"2023-04-24",科教文体,电话,6
7161,"2023-04-24",公卫医疗,电话,7
7162,"2023-04-24",城乡建设,电话,1
7163,"2023-04-24",交通运输,电话,2
7164,"2023-04-24",农林牧渔,电话,4
7165,"2023-04-24",科教文体,来信,33
7166,"2023-04-24",公卫医疗,来信,34
7167,"2023-04-24",城乡建设,来信,34
7168,"2023-04-24",交通运输,来信,16
7169,"2023-04-24",农林牧渔,来信,24
7170,"2023-04-24",科教文体,网站,54
7171,"2023-04-24",公卫医疗,网站,56
7172,"2023-04-24",城乡建设,网站,10
7173,"2023-04-24",交通运输,网站,3
7174,"2023-04-24",农林牧渔,网站,3
7175,"2023-04-24",科教文体,小程序/公众号,65
7176,"2023-04-24",公卫医疗,小程序/公众号,16
7177,"2023-04-24",城乡建设,小程序/公众号,1
7178,"2023-04-24",交通运输,小程序/公众号,77
7179,"2023-04-24",农林牧渔,小程序/公众号,58
7180,"2023-04-25",科教文体,电话,1
7181,"2023-04-25",公卫医疗,电话,33
7182,"2023-04-25",城乡建设,电话,32
7183,"2023-04-25",交通运输,电话,28
7184,"2023-04-25",农林牧渔,电话,46
7185,"2023-04-25",科教文体,来信,60
7186,"2023-04-25",公卫医疗,来信,20
7187,"2023-04-25",城乡建设,来信,58
7188,"2023-04-25",交通运输,来信,29
7189,"2023-04-25",农林牧渔,来信,37
7190,"2023-04-25",科教文体,网站,24
7191,"2023-04-25",公卫医疗,网站,2
7192,"2023-04-25",城乡建设,网站,9
7193,"2023-04-25",交通运输,网站,9
7194,"2023-04-25",农林牧渔,网站,14
7195,"2023-04-25",科教文体,小程序/公众号,72
7196,"2023-04-25",公卫医疗,小程序/公众号,121
7197,"2023-04-25",城乡建设,小程序/公众号,76
7198,"2023-04-25",交通运输,小程序/公众号,116
7199,"2023-04-25",农林牧渔,小程序/公众号,106
7200,"2023-04-26",科教文体,电话,45
7201,"2023-04-26",公卫医疗,电话,26
7202,"2023-04-26",城乡建设,电话,42
7203,"2023-04-26",交通运输,电话,35
7204,"2023-04-26",农林牧渔,电话,2
7205,"2023-04-26",科教文体,来信,27
7206,"2023-04-26",公卫医疗,来信,91
7207,"2023-04-26",城乡建设,来信,3
7208,"2023-04-26",交通运输,来信,27
7209,"2023-04-26",农林牧渔,来信,8
7210,"2023-04-26",科教文体,网站,47
7211,"2023-04-26",公卫医疗,网站,80
7212,"2023-04-26",城乡建设,网站,17
7213,"2023-04-26",交通运输,网站,14
7214,"2023-04-26",农林牧渔,网站,36
7215,"2023-04-26",科教文体,小程序/公众号,27
7216,"2023-04-26",公卫医疗,小程序/公众号,169
7217,"2023-04-26",城乡建设,小程序/公众号,131
7218,"2023-04-26",交通运输,小程序/公众号,48
7219,"2023-04-26",农林牧渔,小程序/公众号,21
7220,"2023-04-27",科教文体,电话,35
7221,"2023-04-27",公卫医疗,电话,25
7222,"2023-04-27",城乡建设,电话,32
7223,"2023-04-27",交通运输,电话,12
7224,"2023-04-27",农林牧渔,电话,19
7225,"2023-04-27",科教文体,来信,9
7226,"2023-04-27",公卫医疗,来信,5
7227,"2023-04-27",城乡建设,来信,10
7228,"2023-04-27",交通运输,来信,10
7229,"2023-04-27",农林牧渔,来信,1
7230,"2023-04-27",科教文体,网站,52
7231,"2023-04-27",公卫医疗,网站,47
7232,"2023-04-27",城乡建设,网站,56
7233,"2023-04-27",交通运输,网站,15
7234,"2023-04-27",农林牧渔,网站,109
7235,"2023-04-27",科教文体,小程序/公众号,49
7236,"2023-04-27",公卫医疗,小程序/公众号,153
7237,"2023-04-27",城乡建设,小程序/公众号,160
7238,"2023-04-27",交通运输,小程序/公众号,132
7239,"2023-04-27",农林牧渔,小程序/公众号,4
7240,"2023-04-28",科教文体,电话,3
7241,"2023-04-28",公卫医疗,电话,56
7242,"2023-04-28",城乡建设,电话,41
7243,"2023-04-28",交通运输,电话,35
7244,"2023-04-28",农林牧渔,电话,44
7245,"2023-04-28",科教文体,来信,77
7246,"2023-04-28",公卫医疗,来信,16
7247,"2023-04-28",城乡建设,来信,66
7248,"2023-04-28",交通运输,来信,16
7249,"2023-04-28",农林牧渔,来信,52
7250,"2023-04-28",科教文体,网站,71
7251,"2023-04-28",公卫医疗,网站,38
7252,"2023-04-28",城乡建设,网站,22
7253,"2023-04-28",交通运输,网站,28
7254,"2023-04-28",农林牧渔,网站,47
7255,"2023-04-28",科教文体,小程序/公众号,34
7256,"2023-04-28",公卫医疗,小程序/公众号,60
7257,"2023-04-28",城乡建设,小程序/公众号,45
7258,"2023-04-28",交通运输,小程序/公众号,225
7259,"2023-04-28",农林牧渔,小程序/公众号,24
7260,"2023-04-29",科教文体,电话,34
7261,"2023-04-29",公卫医疗,电话,41
7262,"2023-04-29",城乡建设,电话,11
7263,"2023-04-29",交通运输,电话,9
7264,"2023-04-29",农林牧渔,电话,41
7265,"2023-04-29",科教文体,来信,24
7266,"2023-04-29",公卫医疗,来信,19
7267,"2023-04-29",城乡建设,来信,15
7268,"2023-04-29",交通运输,来信,2
7269,"2023-04-29",农林牧渔,来信,7
7270,"2023-04-29",科教文体,网站,9
7271,"2023-04-29",公卫医疗,网站,50
7272,"2023-04-29",城乡建设,网站,38
7273,"2023-04-29",交通运输,网站,21
7274,"2023-04-29",农林牧渔,网站,55
7275,"2023-04-29",科教文体,小程序/公众号,93
7276,"2023-04-29",公卫医疗,小程序/公众号,50
7277,"2023-04-29",城乡建设,小程序/公众号,82
7278,"2023-04-29",交通运输,小程序/公众号,78
7279,"2023-04-29",农林牧渔,小程序/公众号,50
7280,"2023-04-30",科教文体,电话,17
7281,"2023-04-30",公卫医疗,电话,11
7282,"2023-04-30",城乡建设,电话,19
7283,"2023-04-30",交通运输,电话,19
7284,"2023-04-30",农林牧渔,电话,16
7285,"2023-04-30",科教文体,来信,25
7286,"2023-04-30",公卫医疗,来信,16
7287,"2023-04-30",城乡建设,来信,1
7288,"2023-04-30",交通运输,来信,9
7289,"2023-04-30",农林牧渔,来信,6
7290,"2023-04-30",科教文体,网站,34
7291,"2023-04-30",公卫医疗,网站,21
7292,"2023-04-30",城乡建设,网站,31
7293,"2023-04-30",交通运输,网站,20
7294,"2023-04-30",农林牧渔,网站,8
7295,"2023-04-30",科教文体,小程序/公众号,46
7296,"2023-04-30",公卫医疗,小程序/公众号,7
7297,"2023-04-30",城乡建设,小程序/公众号,40
7298,"2023-04-30",交通运输,小程序/公众号,26
7299,"2023-04-30",农林牧渔,小程序/公众号,32
7300,"2023-05-01",科教文体,电话,19
7301,"2023-05-01",公卫医疗,电话,65
7302,"2023-05-01",城乡建设,电话,15
7303,"2023-05-01",交通运输,电话,31
7304,"2023-05-01",农林牧渔,电话,26
7305,"2023-05-01",科教文体,来信,21
7306,"2023-05-01",公卫医疗,来信,14
7307,"2023-05-01",城乡建设,来信,12
7308,"2023-05-01",交通运输,来信,1
7309,"2023-05-01",农林牧渔,来信,5
7310,"2023-05-01",科教文体,网站,26
7311,"2023-05-01",公卫医疗,网站,42
7312,"2023-05-01",城乡建设,网站,41
7313,"2023-05-01",交通运输,网站,30
7314,"2023-05-01",农林牧渔,网站,1
7315,"2023-05-01",科教文体,小程序/公众号,0
7316,"2023-05-01",公卫医疗,小程序/公众号,159
7317,"2023-05-01",城乡建设,小程序/公众号,17
7318,"2023-05-01",交通运输,小程序/公众号,178
7319,"2023-05-01",农林牧渔,小程序/公众号,52
7320,"2023-05-02",科教文体,电话,5
7321,"2023-05-02",公卫医疗,电话,12
7322,"2023-05-02",城乡建设,电话,4
7323,"2023-05-02",交通运输,电话,19
7324,"2023-05-02",农林牧渔,电话,48
7325,"2023-05-02",科教文体,来信,1
7326,"2023-05-02",公卫医疗,来信,58
7327,"2023-05-02",城乡建设,来信,36
7328,"2023-05-02",交通运输,来信,16
7329,"2023-05-02",农林牧渔,来信,61
7330,"2023-05-02",科教文体,网站,15
7331,"2023-05-02",公卫医疗,网站,37
7332,"2023-05-02",城乡建设,网站,72
7333,"2023-05-02",交通运输,网站,11
7334,"2023-05-02",农林牧渔,网站,4
7335,"2023-05-02",科教文体,小程序/公众号,69
7336,"2023-05-02",公卫医疗,小程序/公众号,72
7337,"2023-05-02",城乡建设,小程序/公众号,23
7338,"2023-05-02",交通运输,小程序/公众号,62
7339,"2023-05-02",农林牧渔,小程序/公众号,21
7340,"2023-05-03",科教文体,电话,17
7341,"2023-05-03",公卫医疗,电话,26
7342,"2023-05-03",城乡建设,电话,10
7343,"2023-05-03",交通运输,电话,10
7344,"2023-05-03",农林牧渔,电话,51
7345,"2023-05-03",科教文体,来信,4
7346,"2023-05-03",公卫医疗,来信,41
7347,"2023-05-03",城乡建设,来信,29
7348,"2023-05-03",交通运输,来信,39
7349,"2023-05-03",农林牧渔,来信,46
7350,"2023-05-03",科教文体,网站,10
7351,"2023-05-03",公卫医疗,网站,19
7352,"2023-05-03",城乡建设,网站,26
7353,"2023-05-03",交通运输,网站,10
7354,"2023-05-03",农林牧渔,网站,16
7355,"2023-05-03",科教文体,小程序/公众号,49
7356,"2023-05-03",公卫医疗,小程序/公众号,74
7357,"2023-05-03",城乡建设,小程序/公众号,61
7358,"2023-05-03",交通运输,小程序/公众号,124
7359,"2023-05-03",农林牧渔,小程序/公众号,61
7360,"2023-05-04",科教文体,电话,20
7361,"2023-05-04",公卫医疗,电话,15
7362,"2023-05-04",城乡建设,电话,22
7363,"2023-05-04",交通运输,电话,5
7364,"2023-05-04",农林牧渔,电话,26
7365,"2023-05-04",科教文体,来信,52
7366,"2023-05-04",公卫医疗,来信,1
7367,"2023-05-04",城乡建设,来信,32
7368,"2023-05-04",交通运输,来信,2
7369,"2023-05-04",农林牧渔,来信,30
7370,"2023-05-04",科教文体,网站,6
7371,"2023-05-04",公卫医疗,网站,40
7372,"2023-05-04",城乡建设,网站,45
7373,"2023-05-04",交通运输,网站,3
7374,"2023-05-04",农林牧渔,网站,9
7375,"2023-05-04",科教文体,小程序/公众号,46
7376,"2023-05-04",公卫医疗,小程序/公众号,31
7377,"2023-05-04",城乡建设,小程序/公众号,39
7378,"2023-05-04",交通运输,小程序/公众号,65
7379,"2023-05-04",农林牧渔,小程序/公众号,34
7380,"2023-05-05",科教文体,电话,10
7381,"2023-05-05",公卫医疗,电话,5
7382,"2023-05-05",城乡建设,电话,17
7383,"2023-05-05",交通运输,电话,9
7384,"2023-05-05",农林牧渔,电话,11
7385,"2023-05-05",科教文体,来信,10
7386,"2023-05-05",公卫医疗,来信,7
7387,"2023-05-05",城乡建设,来信,6
7388,"2023-05-05",交通运输,来信,8
7389,"2023-05-05",农林牧渔,来信,11
7390,"2023-05-05",科教文体,网站,26
7391,"2023-05-05",公卫医疗,网站,15
7392,"2023-05-05",城乡建设,网站,28
7393,"2023-05-05",交通运输,网站,0
7394,"2023-05-05",农林牧渔,网站,7
7395,"2023-05-05",科教文体,小程序/公众号,40
7396,"2023-05-05",公卫医疗,小程序/公众号,16
7397,"2023-05-05",城乡建设,小程序/公众号,49
7398,"2023-05-05",交通运输,小程序/公众号,20
7399,"2023-05-05",农林牧渔,小程序/公众号,20
7400,"2023-05-06",科教文体,电话,38
7401,"2023-05-06",公卫医疗,电话,23
7402,"2023-05-06",城乡建设,电话,31
7403,"2023-05-06",交通运输,电话,9
7404,"2023-05-06",农林牧渔,电话,26
7405,"2023-05-06",科教文体,来信,16
7406,"2023-05-06",公卫医疗,来信,24
7407,"2023-05-06",城乡建设,来信,0
7408,"2023-05-06",交通运输,来信,23
7409,"2023-05-06",农林牧渔,来信,28
7410,"2023-05-06",科教文体,网站,23
7411,"2023-05-06",公卫医疗,网站,4
7412,"2023-05-06",城乡建设,网站,32
7413,"2023-05-06",交通运输,网站,19
7414,"2023-05-06",农林牧渔,网站,16
7415,"2023-05-06",科教文体,小程序/公众号,177
7416,"2023-05-06",公卫医疗,小程序/公众号,42
7417,"2023-05-06",城乡建设,小程序/公众号,271
7418,"2023-05-06",交通运输,小程序/公众号,17
7419,"2023-05-06",农林牧渔,小程序/公众号,170
7420,"2023-05-07",科教文体,电话,23
7421,"2023-05-07",公卫医疗,电话,33
7422,"2023-05-07",城乡建设,电话,12
7423,"2023-05-07",交通运输,电话,8
7424,"2023-05-07",农林牧渔,电话,20
7425,"2023-05-07",科教文体,来信,20
7426,"2023-05-07",公卫医疗,来信,6
7427,"2023-05-07",城乡建设,来信,30
7428,"2023-05-07",交通运输,来信,12
7429,"2023-05-07",农林牧渔,来信,29
7430,"2023-05-07",科教文体,网站,13
7431,"2023-05-07",公卫医疗,网站,9
7432,"2023-05-07",城乡建设,网站,5
7433,"2023-05-07",交通运输,网站,12
7434,"2023-05-07",农林牧渔,网站,17
7435,"2023-05-07",科教文体,小程序/公众号,32
7436,"2023-05-07",公卫医疗,小程序/公众号,28
7437,"2023-05-07",城乡建设,小程序/公众号,10
7438,"2023-05-07",交通运输,小程序/公众号,31
7439,"2023-05-07",农林牧渔,小程序/公众号,38
7440,"2023-05-08",科教文体,电话,35
7441,"2023-05-08",公卫医疗,电话,35
7442,"2023-05-08",城乡建设,电话,24
7443,"2023-05-08",交通运输,电话,0
7444,"2023-05-08",农林牧渔,电话,5
7445,"2023-05-08",科教文体,来信,2
7446,"2023-05-08",公卫医疗,来信,37
7447,"2023-05-08",城乡建设,来信,8
7448,"2023-05-08",交通运输,来信,83
7449,"2023-05-08",农林牧渔,来信,53
7450,"2023-05-08",科教文体,网站,23
7451,"2023-05-08",公卫医疗,网站,0
7452,"2023-05-08",城乡建设,网站,17
7453,"2023-05-08",交通运输,网站,37
7454,"2023-05-08",农林牧渔,网站,36
7455,"2023-05-08",科教文体,小程序/公众号,90
7456,"2023-05-08",公卫医疗,小程序/公众号,6
7457,"2023-05-08",城乡建设,小程序/公众号,104
7458,"2023-05-08",交通运输,小程序/公众号,89
7459,"2023-05-08",农林牧渔,小程序/公众号,130
7460,"2023-05-09",科教文体,电话,15
7461,"2023-05-09",公卫医疗,电话,19
7462,"2023-05-09",城乡建设,电话,18
7463,"2023-05-09",交通运输,电话,21
7464,"2023-05-09",农林牧渔,电话,15
7465,"2023-05-09",科教文体,来信,14
7466,"2023-05-09",公卫医疗,来信,4
7467,"2023-05-09",城乡建设,来信,23
7468,"2023-05-09",交通运输,来信,18
7469,"2023-05-09",农林牧渔,来信,36
7470,"2023-05-09",科教文体,网站,15
7471,"2023-05-09",公卫医疗,网站,15
7472,"2023-05-09",城乡建设,网站,6
7473,"2023-05-09",交通运输,网站,15
7474,"2023-05-09",农林牧渔,网站,10
7475,"2023-05-09",科教文体,小程序/公众号,39
7476,"2023-05-09",公卫医疗,小程序/公众号,79
7477,"2023-05-09",城乡建设,小程序/公众号,89
7478,"2023-05-09",交通运输,小程序/公众号,55
7479,"2023-05-09",农林牧渔,小程序/公众号,3
7480,"2023-05-10",科教文体,电话,7
7481,"2023-05-10",公卫医疗,电话,14
7482,"2023-05-10",城乡建设,电话,10
7483,"2023-05-10",交通运输,电话,14
7484,"2023-05-10",农林牧渔,电话,8
7485,"2023-05-10",科教文体,来信,41
7486,"2023-05-10",公卫医疗,来信,46
7487,"2023-05-10",城乡建设,来信,66
7488,"2023-05-10",交通运输,来信,5
7489,"2023-05-10",农林牧渔,来信,29
7490,"2023-05-10",科教文体,网站,1
7491,"2023-05-10",公卫医疗,网站,2
7492,"2023-05-10",城乡建设,网站,0
7493,"2023-05-10",交通运输,网站,16
7494,"2023-05-10",农林牧渔,网站,16
7495,"2023-05-10",科教文体,小程序/公众号,67
7496,"2023-05-10",公卫医疗,小程序/公众号,134
7497,"2023-05-10",城乡建设,小程序/公众号,74
7498,"2023-05-10",交通运输,小程序/公众号,0
7499,"2023-05-10",农林牧渔,小程序/公众号,135
7500,"2023-05-11",科教文体,电话,7
7501,"2023-05-11",公卫医疗,电话,5
7502,"2023-05-11",城乡建设,电话,9
7503,"2023-05-11",交通运输,电话,10
7504,"2023-05-11",农林牧渔,电话,12
7505,"2023-05-11",科教文体,来信,20
7506,"2023-05-11",公卫医疗,来信,7
7507,"2023-05-11",城乡建设,来信,32
7508,"2023-05-11",交通运输,来信,38
7509,"2023-05-11",农林牧渔,来信,12
7510,"2023-05-11",科教文体,网站,11
7511,"2023-05-11",公卫医疗,网站,18
7512,"2023-05-11",城乡建设,网站,9
7513,"2023-05-11",交通运输,网站,13
7514,"2023-05-11",农林牧渔,网站,18
7515,"2023-05-11",科教文体,小程序/公众号,50
7516,"2023-05-11",公卫医疗,小程序/公众号,46
7517,"2023-05-11",城乡建设,小程序/公众号,19
7518,"2023-05-11",交通运输,小程序/公众号,48
7519,"2023-05-11",农林牧渔,小程序/公众号,2
7520,"2023-05-12",科教文体,电话,23
7521,"2023-05-12",公卫医疗,电话,33
7522,"2023-05-12",城乡建设,电话,9
7523,"2023-05-12",交通运输,电话,29
7524,"2023-05-12",农林牧渔,电话,36
7525,"2023-05-12",科教文体,来信,17
7526,"2023-05-12",公卫医疗,来信,24
7527,"2023-05-12",城乡建设,来信,34
7528,"2023-05-12",交通运输,来信,9
7529,"2023-05-12",农林牧渔,来信,22
7530,"2023-05-12",科教文体,网站,31
7531,"2023-05-12",公卫医疗,网站,3
7532,"2023-05-12",城乡建设,网站,1
7533,"2023-05-12",交通运输,网站,36
7534,"2023-05-12",农林牧渔,网站,38
7535,"2023-05-12",科教文体,小程序/公众号,16
7536,"2023-05-12",公卫医疗,小程序/公众号,15
7537,"2023-05-12",城乡建设,小程序/公众号,49
7538,"2023-05-12",交通运输,小程序/公众号,43
7539,"2023-05-12",农林牧渔,小程序/公众号,55
7540,"2023-05-13",科教文体,电话,5
7541,"2023-05-13",公卫医疗,电话,5
7542,"2023-05-13",城乡建设,电话,3
7543,"2023-05-13",交通运输,电话,4
7544,"2023-05-13",农林牧渔,电话,3
7545,"2023-05-13",科教文体,来信,2
7546,"2023-05-13",公卫医疗,来信,9
7547,"2023-05-13",城乡建设,来信,3
7548,"2023-05-13",交通运输,来信,5
7549,"2023-05-13",农林牧渔,来信,4
7550,"2023-05-13",科教文体,网站,30
7551,"2023-05-13",公卫医疗,网站,0
7552,"2023-05-13",城乡建设,网站,69
7553,"2023-05-13",交通运输,网站,32
7554,"2023-05-13",农林牧渔,网站,66
7555,"2023-05-13",科教文体,小程序/公众号,61
7556,"2023-05-13",公卫医疗,小程序/公众号,38
7557,"2023-05-13",城乡建设,小程序/公众号,95
7558,"2023-05-13",交通运输,小程序/公众号,10
7559,"2023-05-13",农林牧渔,小程序/公众号,89
7560,"2023-05-14",科教文体,电话,2
7561,"2023-05-14",公卫医疗,电话,4
7562,"2023-05-14",城乡建设,电话,10
7563,"2023-05-14",交通运输,电话,10
7564,"2023-05-14",农林牧渔,电话,3
7565,"2023-05-14",科教文体,来信,9
7566,"2023-05-14",公卫医疗,来信,7
7567,"2023-05-14",城乡建设,来信,10
7568,"2023-05-14",交通运输,来信,7
7569,"2023-05-14",农林牧渔,来信,2
7570,"2023-05-14",科教文体,网站,0
7571,"2023-05-14",公卫医疗,网站,27
7572,"2023-05-14",城乡建设,网站,59
7573,"2023-05-14",交通运输,网站,39
7574,"2023-05-14",农林牧渔,网站,25
7575,"2023-05-14",科教文体,小程序/公众号,58
7576,"2023-05-14",公卫医疗,小程序/公众号,4
7577,"2023-05-14",城乡建设,小程序/公众号,19
7578,"2023-05-14",交通运输,小程序/公众号,37
7579,"2023-05-14",农林牧渔,小程序/公众号,101
7580,"2023-05-15",科教文体,电话,8
7581,"2023-05-15",公卫医疗,电话,7
7582,"2023-05-15",城乡建设,电话,13
7583,"2023-05-15",交通运输,电话,8
7584,"2023-05-15",农林牧渔,电话,2
7585,"2023-05-15",科教文体,来信,29
7586,"2023-05-15",公卫医疗,来信,59
7587,"2023-05-15",城乡建设,来信,47
7588,"2023-05-15",交通运输,来信,10
7589,"2023-05-15",农林牧渔,来信,63
7590,"2023-05-15",科教文体,网站,3
7591,"2023-05-15",公卫医疗,网站,2
7592,"2023-05-15",城乡建设,网站,2
7593,"2023-05-15",交通运输,网站,3
7594,"2023-05-15",农林牧渔,网站,2
7595,"2023-05-15",科教文体,小程序/公众号,93
7596,"2023-05-15",公卫医疗,小程序/公众号,126
7597,"2023-05-15",城乡建设,小程序/公众号,78
7598,"2023-05-15",交通运输,小程序/公众号,90
7599,"2023-05-15",农林牧渔,小程序/公众号,81
7600,"2023-05-16",科教文体,电话,4
7601,"2023-05-16",公卫医疗,电话,1
7602,"2023-05-16",城乡建设,电话,3
7603,"2023-05-16",交通运输,电话,6
7604,"2023-05-16",农林牧渔,电话,5
7605,"2023-05-16",科教文体,来信,51
7606,"2023-05-16",公卫医疗,来信,2
7607,"2023-05-16",城乡建设,来信,44
7608,"2023-05-16",交通运输,来信,1
7609,"2023-05-16",农林牧渔,来信,71
7610,"2023-05-16",科教文体,网站,6
7611,"2023-05-16",公卫医疗,网站,4
7612,"2023-05-16",城乡建设,网站,4
7613,"2023-05-16",交通运输,网站,17
7614,"2023-05-16",农林牧渔,网站,7
7615,"2023-05-16",科教文体,小程序/公众号,186
7616,"2023-05-16",公卫医疗,小程序/公众号,32
7617,"2023-05-16",城乡建设,小程序/公众号,168
7618,"2023-05-16",交通运输,小程序/公众号,233
7619,"2023-05-16",农林牧渔,小程序/公众号,97
7620,"2023-05-17",科教文体,电话,20
7621,"2023-05-17",公卫医疗,电话,25
7622,"2023-05-17",城乡建设,电话,11
7623,"2023-05-17",交通运输,电话,0
7624,"2023-05-17",农林牧渔,电话,17
7625,"2023-05-17",科教文体,来信,3
7626,"2023-05-17",公卫医疗,来信,6
7627,"2023-05-17",城乡建设,来信,2
7628,"2023-05-17",交通运输,来信,2
7629,"2023-05-17",农林牧渔,来信,6
7630,"2023-05-17",科教文体,网站,27
7631,"2023-05-17",公卫医疗,网站,28
7632,"2023-05-17",城乡建设,网站,15
7633,"2023-05-17",交通运输,网站,23
7634,"2023-05-17",农林牧渔,网站,12
7635,"2023-05-17",科教文体,小程序/公众号,22
7636,"2023-05-17",公卫医疗,小程序/公众号,20
7637,"2023-05-17",城乡建设,小程序/公众号,19
7638,"2023-05-17",交通运输,小程序/公众号,6
7639,"2023-05-17",农林牧渔,小程序/公众号,41
7640,"2023-05-18",科教文体,电话,47
7641,"2023-05-18",公卫医疗,电话,39
7642,"2023-05-18",城乡建设,电话,25
7643,"2023-05-18",交通运输,电话,23
7644,"2023-05-18",农林牧渔,电话,20
7645,"2023-05-18",科教文体,来信,12
7646,"2023-05-18",公卫医疗,来信,6
7647,"2023-05-18",城乡建设,来信,3
7648,"2023-05-18",交通运输,来信,8
7649,"2023-05-18",农林牧渔,来信,13
7650,"2023-05-18",科教文体,网站,68
7651,"2023-05-18",公卫医疗,网站,53
7652,"2023-05-18",城乡建设,网站,27
7653,"2023-05-18",交通运输,网站,38
7654,"2023-05-18",农林牧渔,网站,51
7655,"2023-05-18",科教文体,小程序/公众号,98
7656,"2023-05-18",公卫医疗,小程序/公众号,6
7657,"2023-05-18",城乡建设,小程序/公众号,22
7658,"2023-05-18",交通运输,小程序/公众号,82
7659,"2023-05-18",农林牧渔,小程序/公众号,106
7660,"2023-05-19",科教文体,电话,39
7661,"2023-05-19",公卫医疗,电话,35
7662,"2023-05-19",城乡建设,电话,8
7663,"2023-05-19",交通运输,电话,5
7664,"2023-05-19",农林牧渔,电话,34
7665,"2023-05-19",科教文体,来信,52
7666,"2023-05-19",公卫医疗,来信,49
7667,"2023-05-19",城乡建设,来信,46
7668,"2023-05-19",交通运输,来信,31
7669,"2023-05-19",农林牧渔,来信,12
7670,"2023-05-19",科教文体,网站,4
7671,"2023-05-19",公卫医疗,网站,48
7672,"2023-05-19",城乡建设,网站,47
7673,"2023-05-19",交通运输,网站,31
7674,"2023-05-19",农林牧渔,网站,25
7675,"2023-05-19",科教文体,小程序/公众号,54
7676,"2023-05-19",公卫医疗,小程序/公众号,119
7677,"2023-05-19",城乡建设,小程序/公众号,53
7678,"2023-05-19",交通运输,小程序/公众号,109
7679,"2023-05-19",农林牧渔,小程序/公众号,56
7680,"2023-05-20",科教文体,电话,3
7681,"2023-05-20",公卫医疗,电话,6
7682,"2023-05-20",城乡建设,电话,3
7683,"2023-05-20",交通运输,电话,1
7684,"2023-05-20",农林牧渔,电话,5
7685,"2023-05-20",科教文体,来信,28
7686,"2023-05-20",公卫医疗,来信,28
7687,"2023-05-20",城乡建设,来信,32
7688,"2023-05-20",交通运输,来信,3
7689,"2023-05-20",农林牧渔,来信,32
7690,"2023-05-20",科教文体,网站,13
7691,"2023-05-20",公卫医疗,网站,35
7692,"2023-05-20",城乡建设,网站,37
7693,"2023-05-20",交通运输,网站,30
7694,"2023-05-20",农林牧渔,网站,41
7695,"2023-05-20",科教文体,小程序/公众号,39
7696,"2023-05-20",公卫医疗,小程序/公众号,47
7697,"2023-05-20",城乡建设,小程序/公众号,24
7698,"2023-05-20",交通运输,小程序/公众号,36
7699,"2023-05-20",农林牧渔,小程序/公众号,21
7700,"2023-05-21",科教文体,电话,22
7701,"2023-05-21",公卫医疗,电话,49
7702,"2023-05-21",城乡建设,电话,16
7703,"2023-05-21",交通运输,电话,20
7704,"2023-05-21",农林牧渔,电话,11
7705,"2023-05-21",科教文体,来信,3
7706,"2023-05-21",公卫医疗,来信,21
7707,"2023-05-21",城乡建设,来信,12
7708,"2023-05-21",交通运输,来信,22
7709,"2023-05-21",农林牧渔,来信,6
7710,"2023-05-21",科教文体,网站,9
7711,"2023-05-21",公卫医疗,网站,23
7712,"2023-05-21",城乡建设,网站,12
7713,"2023-05-21",交通运输,网站,24
7714,"2023-05-21",农林牧渔,网站,9
7715,"2023-05-21",科教文体,小程序/公众号,94
7716,"2023-05-21",公卫医疗,小程序/公众号,83
7717,"2023-05-21",城乡建设,小程序/公众号,5
7718,"2023-05-21",交通运输,小程序/公众号,32
7719,"2023-05-21",农林牧渔,小程序/公众号,79
7720,"2023-05-22",科教文体,电话,4
7721,"2023-05-22",公卫医疗,电话,15
7722,"2023-05-22",城乡建设,电话,14
7723,"2023-05-22",交通运输,电话,15
7724,"2023-05-22",农林牧渔,电话,6
7725,"2023-05-22",科教文体,来信,19
7726,"2023-05-22",公卫医疗,来信,55
7727,"2023-05-22",城乡建设,来信,27
7728,"2023-05-22",交通运输,来信,30
7729,"2023-05-22",农林牧渔,来信,7
7730,"2023-05-22",科教文体,网站,26
7731,"2023-05-22",公卫医疗,网站,7
7732,"2023-05-22",城乡建设,网站,12
7733,"2023-05-22",交通运输,网站,14
7734,"2023-05-22",农林牧渔,网站,10
7735,"2023-05-22",科教文体,小程序/公众号,47
7736,"2023-05-22",公卫医疗,小程序/公众号,40
7737,"2023-05-22",城乡建设,小程序/公众号,78
7738,"2023-05-22",交通运输,小程序/公众号,54
7739,"2023-05-22",农林牧渔,小程序/公众号,55
7740,"2023-05-23",科教文体,电话,28
7741,"2023-05-23",公卫医疗,电话,22
7742,"2023-05-23",城乡建设,电话,5
7743,"2023-05-23",交通运输,电话,22
7744,"2023-05-23",农林牧渔,电话,25
7745,"2023-05-23",科教文体,来信,28
7746,"2023-05-23",公卫医疗,来信,15
7747,"2023-05-23",城乡建设,来信,25
7748,"2023-05-23",交通运输,来信,18
7749,"2023-05-23",农林牧渔,来信,16
7750,"2023-05-23",科教文体,网站,2
7751,"2023-05-23",公卫医疗,网站,10
7752,"2023-05-23",城乡建设,网站,3
7753,"2023-05-23",交通运输,网站,7
7754,"2023-05-23",农林牧渔,网站,3
7755,"2023-05-23",科教文体,小程序/公众号,39
7756,"2023-05-23",公卫医疗,小程序/公众号,118
7757,"2023-05-23",城乡建设,小程序/公众号,61
7758,"2023-05-23",交通运输,小程序/公众号,112
7759,"2023-05-23",农林牧渔,小程序/公众号,67
7760,"2023-05-24",科教文体,电话,49
7761,"2023-05-24",公卫医疗,电话,46
7762,"2023-05-24",城乡建设,电话,63
7763,"2023-05-24",交通运输,电话,35
7764,"2023-05-24",农林牧渔,电话,14
7765,"2023-05-24",科教文体,来信,25
7766,"2023-05-24",公卫医疗,来信,45
7767,"2023-05-24",城乡建设,来信,40
7768,"2023-05-24",交通运输,来信,9
7769,"2023-05-24",农林牧渔,来信,5
7770,"2023-05-24",科教文体,网站,28
7771,"2023-05-24",公卫医疗,网站,33
7772,"2023-05-24",城乡建设,网站,24
7773,"2023-05-24",交通运输,网站,3
7774,"2023-05-24",农林牧渔,网站,35
7775,"2023-05-24",科教文体,小程序/公众号,44
7776,"2023-05-24",公卫医疗,小程序/公众号,128
7777,"2023-05-24",城乡建设,小程序/公众号,158
7778,"2023-05-24",交通运输,小程序/公众号,66
7779,"2023-05-24",农林牧渔,小程序/公众号,23
7780,"2023-05-25",科教文体,电话,8
7781,"2023-05-25",公卫医疗,电话,4
7782,"2023-05-25",城乡建设,电话,7
7783,"2023-05-25",交通运输,电话,9
7784,"2023-05-25",农林牧渔,电话,10
7785,"2023-05-25",科教文体,来信,7
7786,"2023-05-25",公卫医疗,来信,7
7787,"2023-05-25",城乡建设,来信,9
7788,"2023-05-25",交通运输,来信,5
7789,"2023-05-25",农林牧渔,来信,4
7790,"2023-05-25",科教文体,网站,22
7791,"2023-05-25",公卫医疗,网站,28
7792,"2023-05-25",城乡建设,网站,18
7793,"2023-05-25",交通运输,网站,19
7794,"2023-05-25",农林牧渔,网站,24
7795,"2023-05-25",科教文体,小程序/公众号,81
7796,"2023-05-25",公卫医疗,小程序/公众号,4
7797,"2023-05-25",城乡建设,小程序/公众号,10
7798,"2023-05-25",交通运输,小程序/公众号,69
7799,"2023-05-25",农林牧渔,小程序/公众号,11
7800,"2023-05-26",科教文体,电话,8
7801,"2023-05-26",公卫医疗,电话,28
7802,"2023-05-26",城乡建设,电话,6
7803,"2023-05-26",交通运输,电话,17
7804,"2023-05-26",农林牧渔,电话,26
7805,"2023-05-26",科教文体,来信,23
7806,"2023-05-26",公卫医疗,来信,4
7807,"2023-05-26",城乡建设,来信,31
7808,"2023-05-26",交通运输,来信,21
7809,"2023-05-26",农林牧渔,来信,27
7810,"2023-05-26",科教文体,网站,21
7811,"2023-05-26",公卫医疗,网站,23
7812,"2023-05-26",城乡建设,网站,0
7813,"2023-05-26",交通运输,网站,29
7814,"2023-05-26",农林牧渔,网站,35
7815,"2023-05-26",科教文体,小程序/公众号,19
7816,"2023-05-26",公卫医疗,小程序/公众号,86
7817,"2023-05-26",城乡建设,小程序/公众号,64
7818,"2023-05-26",交通运输,小程序/公众号,117
7819,"2023-05-26",农林牧渔,小程序/公众号,96
7820,"2023-05-27",科教文体,电话,13
7821,"2023-05-27",公卫医疗,电话,4
7822,"2023-05-27",城乡建设,电话,2
7823,"2023-05-27",交通运输,电话,2
7824,"2023-05-27",农林牧渔,电话,3
7825,"2023-05-27",科教文体,来信,46
7826,"2023-05-27",公卫医疗,来信,21
7827,"2023-05-27",城乡建设,来信,40
7828,"2023-05-27",交通运输,来信,52
7829,"2023-05-27",农林牧渔,来信,59
7830,"2023-05-27",科教文体,网站,8
7831,"2023-05-27",公卫医疗,网站,117
7832,"2023-05-27",城乡建设,网站,82
7833,"2023-05-27",交通运输,网站,9
7834,"2023-05-27",农林牧渔,网站,109
7835,"2023-05-27",科教文体,小程序/公众号,85
7836,"2023-05-27",公卫医疗,小程序/公众号,14
7837,"2023-05-27",城乡建设,小程序/公众号,98
7838,"2023-05-27",交通运输,小程序/公众号,86
7839,"2023-05-27",农林牧渔,小程序/公众号,61
7840,"2023-05-28",科教文体,电话,14
7841,"2023-05-28",公卫医疗,电话,7
7842,"2023-05-28",城乡建设,电话,18
7843,"2023-05-28",交通运输,电话,19
7844,"2023-05-28",农林牧渔,电话,21
7845,"2023-05-28",科教文体,来信,1
7846,"2023-05-28",公卫医疗,来信,4
7847,"2023-05-28",城乡建设,来信,0
7848,"2023-05-28",交通运输,来信,3
7849,"2023-05-28",农林牧渔,来信,6
7850,"2023-05-28",科教文体,网站,7
7851,"2023-05-28",公卫医疗,网站,60
7852,"2023-05-28",城乡建设,网站,24
7853,"2023-05-28",交通运输,网站,5
7854,"2023-05-28",农林牧渔,网站,21
7855,"2023-05-28",科教文体,小程序/公众号,86
7856,"2023-05-28",公卫医疗,小程序/公众号,9
7857,"2023-05-28",城乡建设,小程序/公众号,82
7858,"2023-05-28",交通运输,小程序/公众号,35
7859,"2023-05-28",农林牧渔,小程序/公众号,123
7860,"2023-05-29",科教文体,电话,9
7861,"2023-05-29",公卫医疗,电话,5
7862,"2023-05-29",城乡建设,电话,13
7863,"2023-05-29",交通运输,电话,11
7864,"2023-05-29",农林牧渔,电话,11
7865,"2023-05-29",科教文体,来信,23
7866,"2023-05-29",公卫医疗,来信,14
7867,"2023-05-29",城乡建设,来信,19
7868,"2023-05-29",交通运输,来信,10
7869,"2023-05-29",农林牧渔,来信,13
7870,"2023-05-29",科教文体,网站,28
7871,"2023-05-29",公卫医疗,网站,87
7872,"2023-05-29",城乡建设,网站,32
7873,"2023-05-29",交通运输,网站,54
7874,"2023-05-29",农林牧渔,网站,16
7875,"2023-05-29",科教文体,小程序/公众号,59
7876,"2023-05-29",公卫医疗,小程序/公众号,72
7877,"2023-05-29",城乡建设,小程序/公众号,8
7878,"2023-05-29",交通运输,小程序/公众号,58
7879,"2023-05-29",农林牧渔,小程序/公众号,70
7880,"2023-05-30",科教文体,电话,5
7881,"2023-05-30",公卫医疗,电话,10
7882,"2023-05-30",城乡建设,电话,13
7883,"2023-05-30",交通运输,电话,27
7884,"2023-05-30",农林牧渔,电话,24
7885,"2023-05-30",科教文体,来信,72
7886,"2023-05-30",公卫医疗,来信,50
7887,"2023-05-30",城乡建设,来信,34
7888,"2023-05-30",交通运输,来信,18
7889,"2023-05-30",农林牧渔,来信,73
7890,"2023-05-30",科教文体,网站,69
7891,"2023-05-30",公卫医疗,网站,47
7892,"2023-05-30",城乡建设,网站,34
7893,"2023-05-30",交通运输,网站,42
7894,"2023-05-30",农林牧渔,网站,63
7895,"2023-05-30",科教文体,小程序/公众号,146
7896,"2023-05-30",公卫医疗,小程序/公众号,172
7897,"2023-05-30",城乡建设,小程序/公众号,14
7898,"2023-05-30",交通运输,小程序/公众号,1
7899,"2023-05-30",农林牧渔,小程序/公众号,73
7900,"2023-05-31",科教文体,电话,59
7901,"2023-05-31",公卫医疗,电话,17
7902,"2023-05-31",城乡建设,电话,35
7903,"2023-05-31",交通运输,电话,13
7904,"2023-05-31",农林牧渔,电话,42
7905,"2023-05-31",科教文体,来信,13
7906,"2023-05-31",公卫医疗,来信,14
7907,"2023-05-31",城乡建设,来信,17
7908,"2023-05-31",交通运输,来信,84
7909,"2023-05-31",农林牧渔,来信,10
7910,"2023-05-31",科教文体,网站,9
7911,"2023-05-31",公卫医疗,网站,6
7912,"2023-05-31",城乡建设,网站,18
7913,"2023-05-31",交通运输,网站,11
7914,"2023-05-31",农林牧渔,网站,12
7915,"2023-05-31",科教文体,小程序/公众号,83
7916,"2023-05-31",公卫医疗,小程序/公众号,97
7917,"2023-05-31",城乡建设,小程序/公众号,32
7918,"2023-05-31",交通运输,小程序/公众号,69
7919,"2023-05-31",农林牧渔,小程序/公众号,140
7920,"2023-06-01",科教文体,电话,0
7921,"2023-06-01",公卫医疗,电话,24
7922,"2023-06-01",城乡建设,电话,25
7923,"2023-06-01",交通运输,电话,2
7924,"2023-06-01",农林牧渔,电话,15
7925,"2023-06-01",科教文体,来信,35
7926,"2023-06-01",公卫医疗,来信,41
7927,"2023-06-01",城乡建设,来信,49
7928,"2023-06-01",交通运输,来信,63
7929,"2023-06-01",农林牧渔,来信,2
7930,"2023-06-01",科教文体,网站,15
7931,"2023-06-01",公卫医疗,网站,106
7932,"2023-06-01",城乡建设,网站,54
7933,"2023-06-01",交通运输,网站,48
7934,"2023-06-01",农林牧渔,网站,66
7935,"2023-06-01",科教文体,小程序/公众号,41
7936,"2023-06-01",公卫医疗,小程序/公众号,135
7937,"2023-06-01",城乡建设,小程序/公众号,17
7938,"2023-06-01",交通运输,小程序/公众号,52
7939,"2023-06-01",农林牧渔,小程序/公众号,64
7940,"2023-06-02",科教文体,电话,2
7941,"2023-06-02",公卫医疗,电话,5
7942,"2023-06-02",城乡建设,电话,2
7943,"2023-06-02",交通运输,电话,1
7944,"2023-06-02",农林牧渔,电话,4
7945,"2023-06-02",科教文体,来信,0
7946,"2023-06-02",公卫医疗,来信,6
7947,"2023-06-02",城乡建设,来信,0
7948,"2023-06-02",交通运输,来信,7
7949,"2023-06-02",农林牧渔,来信,2
7950,"2023-06-02",科教文体,网站,16
7951,"2023-06-02",公卫医疗,网站,1
7952,"2023-06-02",城乡建设,网站,19
7953,"2023-06-02",交通运输,网站,11
7954,"2023-06-02",农林牧渔,网站,32
7955,"2023-06-02",科教文体,小程序/公众号,9
7956,"2023-06-02",公卫医疗,小程序/公众号,92
7957,"2023-06-02",城乡建设,小程序/公众号,107
7958,"2023-06-02",交通运输,小程序/公众号,34
7959,"2023-06-02",农林牧渔,小程序/公众号,11
7960,"2023-06-03",科教文体,电话,16
7961,"2023-06-03",公卫医疗,电话,27
7962,"2023-06-03",城乡建设,电话,17
7963,"2023-06-03",交通运输,电话,2
7964,"2023-06-03",农林牧渔,电话,26
7965,"2023-06-03",科教文体,来信,47
7966,"2023-06-03",公卫医疗,来信,66
7967,"2023-06-03",城乡建设,来信,50
7968,"2023-06-03",交通运输,来信,38
7969,"2023-06-03",农林牧渔,来信,43
7970,"2023-06-03",科教文体,网站,43
7971,"2023-06-03",公卫医疗,网站,63
7972,"2023-06-03",城乡建设,网站,62
7973,"2023-06-03",交通运输,网站,53
7974,"2023-06-03",农林牧渔,网站,28
7975,"2023-06-03",科教文体,小程序/公众号,87
7976,"2023-06-03",公卫医疗,小程序/公众号,27
7977,"2023-06-03",城乡建设,小程序/公众号,36
7978,"2023-06-03",交通运输,小程序/公众号,46
7979,"2023-06-03",农林牧渔,小程序/公众号,120
7980,"2023-06-04",科教文体,电话,35
7981,"2023-06-04",公卫医疗,电话,15
7982,"2023-06-04",城乡建设,电话,35
7983,"2023-06-04",交通运输,电话,7
7984,"2023-06-04",农林牧渔,电话,18
7985,"2023-06-04",科教文体,来信,1
7986,"2023-06-04",公卫医疗,来信,15
7987,"2023-06-04",城乡建设,来信,72
7988,"2023-06-04",交通运输,来信,71
7989,"2023-06-04",农林牧渔,来信,11
7990,"2023-06-04",科教文体,网站,2
7991,"2023-06-04",公卫医疗,网站,8
7992,"2023-06-04",城乡建设,网站,4
7993,"2023-06-04",交通运输,网站,8
7994,"2023-06-04",农林牧渔,网站,1
7995,"2023-06-04",科教文体,小程序/公众号,84
7996,"2023-06-04",公卫医疗,小程序/公众号,78
7997,"2023-06-04",城乡建设,小程序/公众号,149
7998,"2023-06-04",交通运输,小程序/公众号,7
7999,"2023-06-04",农林牧渔,小程序/公众号,25
8000,"2023-06-05",科教文体,电话,13
8001,"2023-06-05",公卫医疗,电话,1
8002,"2023-06-05",城乡建设,电话,16
8003,"2023-06-05",交通运输,电话,19
8004,"2023-06-05",农林牧渔,电话,1
8005,"2023-06-05",科教文体,来信,28
8006,"2023-06-05",公卫医疗,来信,1
8007,"2023-06-05",城乡建设,来信,20
8008,"2023-06-05",交通运输,来信,5
8009,"2023-06-05",农林牧渔,来信,22
8010,"2023-06-05",科教文体,网站,2
8011,"2023-06-05",公卫医疗,网站,7
8012,"2023-06-05",城乡建设,网站,7
8013,"2023-06-05",交通运输,网站,8
8014,"2023-06-05",农林牧渔,网站,6
8015,"2023-06-05",科教文体,小程序/公众号,67
8016,"2023-06-05",公卫医疗,小程序/公众号,26
8017,"2023-06-05",城乡建设,小程序/公众号,82
8018,"2023-06-05",交通运输,小程序/公众号,195
8019,"2023-06-05",农林牧渔,小程序/公众号,8
8020,"2023-06-06",科教文体,电话,12
8021,"2023-06-06",公卫医疗,电话,16
8022,"2023-06-06",城乡建设,电话,30
8023,"2023-06-06",交通运输,电话,9
8024,"2023-06-06",农林牧渔,电话,25
8025,"2023-06-06",科教文体,来信,5
8026,"2023-06-06",公卫医疗,来信,8
8027,"2023-06-06",城乡建设,来信,6
8028,"2023-06-06",交通运输,来信,6
8029,"2023-06-06",农林牧渔,来信,3
8030,"2023-06-06",科教文体,网站,27
8031,"2023-06-06",公卫医疗,网站,40
8032,"2023-06-06",城乡建设,网站,18
8033,"2023-06-06",交通运输,网站,37
8034,"2023-06-06",农林牧渔,网站,32
8035,"2023-06-06",科教文体,小程序/公众号,20
8036,"2023-06-06",公卫医疗,小程序/公众号,51
8037,"2023-06-06",城乡建设,小程序/公众号,46
8038,"2023-06-06",交通运输,小程序/公众号,32
8039,"2023-06-06",农林牧渔,小程序/公众号,8
8040,"2023-06-07",科教文体,电话,27
8041,"2023-06-07",公卫医疗,电话,5
8042,"2023-06-07",城乡建设,电话,19
8043,"2023-06-07",交通运输,电话,35
8044,"2023-06-07",农林牧渔,电话,13
8045,"2023-06-07",科教文体,来信,25
8046,"2023-06-07",公卫医疗,来信,30
8047,"2023-06-07",城乡建设,来信,3
8048,"2023-06-07",交通运输,来信,28
8049,"2023-06-07",农林牧渔,来信,2
8050,"2023-06-07",科教文体,网站,30
8051,"2023-06-07",公卫医疗,网站,72
8052,"2023-06-07",城乡建设,网站,6
8053,"2023-06-07",交通运输,网站,18
8054,"2023-06-07",农林牧渔,网站,13
8055,"2023-06-07",科教文体,小程序/公众号,67
8056,"2023-06-07",公卫医疗,小程序/公众号,50
8057,"2023-06-07",城乡建设,小程序/公众号,3
8058,"2023-06-07",交通运输,小程序/公众号,23
8059,"2023-06-07",农林牧渔,小程序/公众号,58
8060,"2023-06-08",科教文体,电话,22
8061,"2023-06-08",公卫医疗,电话,14
8062,"2023-06-08",城乡建设,电话,53
8063,"2023-06-08",交通运输,电话,7
8064,"2023-06-08",农林牧渔,电话,42
8065,"2023-06-08",科教文体,来信,6
8066,"2023-06-08",公卫医疗,来信,18
8067,"2023-06-08",城乡建设,来信,9
8068,"2023-06-08",交通运输,来信,1
8069,"2023-06-08",农林牧渔,来信,33
8070,"2023-06-08",科教文体,网站,2
8071,"2023-06-08",公卫医疗,网站,5
8072,"2023-06-08",城乡建设,网站,3
8073,"2023-06-08",交通运输,网站,4
8074,"2023-06-08",农林牧渔,网站,4
8075,"2023-06-08",科教文体,小程序/公众号,89
8076,"2023-06-08",公卫医疗,小程序/公众号,99
8077,"2023-06-08",城乡建设,小程序/公众号,59
8078,"2023-06-08",交通运输,小程序/公众号,70
8079,"2023-06-08",农林牧渔,小程序/公众号,61
8080,"2023-06-09",科教文体,电话,44
8081,"2023-06-09",公卫医疗,电话,19
8082,"2023-06-09",城乡建设,电话,48
8083,"2023-06-09",交通运输,电话,56
8084,"2023-06-09",农林牧渔,电话,12
8085,"2023-06-09",科教文体,来信,6
8086,"2023-06-09",公卫医疗,来信,4
8087,"2023-06-09",城乡建设,来信,3
8088,"2023-06-09",交通运输,来信,5
8089,"2023-06-09",农林牧渔,来信,4
8090,"2023-06-09",科教文体,网站,44
8091,"2023-06-09",公卫医疗,网站,46
8092,"2023-06-09",城乡建设,网站,50
8093,"2023-06-09",交通运输,网站,16
8094,"2023-06-09",农林牧渔,网站,22
8095,"2023-06-09",科教文体,小程序/公众号,6
8096,"2023-06-09",公卫医疗,小程序/公众号,149
8097,"2023-06-09",城乡建设,小程序/公众号,55
8098,"2023-06-09",交通运输,小程序/公众号,92
8099,"2023-06-09",农林牧渔,小程序/公众号,113
8100,"2023-06-10",科教文体,电话,27
8101,"2023-06-10",公卫医疗,电话,1
8102,"2023-06-10",城乡建设,电话,25
8103,"2023-06-10",交通运输,电话,17
8104,"2023-06-10",农林牧渔,电话,30
8105,"2023-06-10",科教文体,来信,9
8106,"2023-06-10",公卫医疗,来信,8
8107,"2023-06-10",城乡建设,来信,7
8108,"2023-06-10",交通运输,来信,18
8109,"2023-06-10",农林牧渔,来信,18
8110,"2023-06-10",科教文体,网站,28
8111,"2023-06-10",公卫医疗,网站,1
8112,"2023-06-10",城乡建设,网站,38
8113,"2023-06-10",交通运输,网站,22
8114,"2023-06-10",农林牧渔,网站,50
8115,"2023-06-10",科教文体,小程序/公众号,197
8116,"2023-06-10",公卫医疗,小程序/公众号,59
8117,"2023-06-10",城乡建设,小程序/公众号,165
8118,"2023-06-10",交通运输,小程序/公众号,18
8119,"2023-06-10",农林牧渔,小程序/公众号,26
8120,"2023-06-11",科教文体,电话,54
8121,"2023-06-11",公卫医疗,电话,22
8122,"2023-06-11",城乡建设,电话,4
8123,"2023-06-11",交通运输,电话,20
8124,"2023-06-11",农林牧渔,电话,20
8125,"2023-06-11",科教文体,来信,29
8126,"2023-06-11",公卫医疗,来信,7
8127,"2023-06-11",城乡建设,来信,44
8128,"2023-06-11",交通运输,来信,20
8129,"2023-06-11",农林牧渔,来信,15
8130,"2023-06-11",科教文体,网站,32
8131,"2023-06-11",公卫医疗,网站,30
8132,"2023-06-11",城乡建设,网站,19
8133,"2023-06-11",交通运输,网站,27
8134,"2023-06-11",农林牧渔,网站,0
8135,"2023-06-11",科教文体,小程序/公众号,79
8136,"2023-06-11",公卫医疗,小程序/公众号,76
8137,"2023-06-11",城乡建设,小程序/公众号,15
8138,"2023-06-11",交通运输,小程序/公众号,20
8139,"2023-06-11",农林牧渔,小程序/公众号,28
8140,"2023-06-12",科教文体,电话,15
8141,"2023-06-12",公卫医疗,电话,27
8142,"2023-06-12",城乡建设,电话,26
8143,"2023-06-12",交通运输,电话,19
8144,"2023-06-12",农林牧渔,电话,38
8145,"2023-06-12",科教文体,来信,70
8146,"2023-06-12",公卫医疗,来信,36
8147,"2023-06-12",城乡建设,来信,15
8148,"2023-06-12",交通运输,来信,25
8149,"2023-06-12",农林牧渔,来信,32
8150,"2023-06-12",科教文体,网站,29
8151,"2023-06-12",公卫医疗,网站,35
8152,"2023-06-12",城乡建设,网站,42
8153,"2023-06-12",交通运输,网站,32
8154,"2023-06-12",农林牧渔,网站,7
8155,"2023-06-12",科教文体,小程序/公众号,77
8156,"2023-06-12",公卫医疗,小程序/公众号,77
8157,"2023-06-12",城乡建设,小程序/公众号,29
8158,"2023-06-12",交通运输,小程序/公众号,34
8159,"2023-06-12",农林牧渔,小程序/公众号,32
8160,"2023-06-13",科教文体,电话,2
8161,"2023-06-13",公卫医疗,电话,24
8162,"2023-06-13",城乡建设,电话,35
8163,"2023-06-13",交通运输,电话,30
8164,"2023-06-13",农林牧渔,电话,52
8165,"2023-06-13",科教文体,来信,12
8166,"2023-06-13",公卫医疗,来信,35
8167,"2023-06-13",城乡建设,来信,13
8168,"2023-06-13",交通运输,来信,7
8169,"2023-06-13",农林牧渔,来信,39
8170,"2023-06-13",科教文体,网站,13
8171,"2023-06-13",公卫医疗,网站,29
8172,"2023-06-13",城乡建设,网站,29
8173,"2023-06-13",交通运输,网站,0
8174,"2023-06-13",农林牧渔,网站,11
8175,"2023-06-13",科教文体,小程序/公众号,126
8176,"2023-06-13",公卫医疗,小程序/公众号,52
8177,"2023-06-13",城乡建设,小程序/公众号,78
8178,"2023-06-13",交通运输,小程序/公众号,169
8179,"2023-06-13",农林牧渔,小程序/公众号,181
8180,"2023-06-14",科教文体,电话,44
8181,"2023-06-14",公卫医疗,电话,14
8182,"2023-06-14",城乡建设,电话,38
8183,"2023-06-14",交通运输,电话,2
8184,"2023-06-14",农林牧渔,电话,38
8185,"2023-06-14",科教文体,来信,18
8186,"2023-06-14",公卫医疗,来信,20
8187,"2023-06-14",城乡建设,来信,3
8188,"2023-06-14",交通运输,来信,2
8189,"2023-06-14",农林牧渔,来信,16
8190,"2023-06-14",科教文体,网站,5
8191,"2023-06-14",公卫医疗,网站,5
8192,"2023-06-14",城乡建设,网站,5
8193,"2023-06-14",交通运输,网站,9
8194,"2023-06-14",农林牧渔,网站,9
8195,"2023-06-14",科教文体,小程序/公众号,90
8196,"2023-06-14",公卫医疗,小程序/公众号,26
8197,"2023-06-14",城乡建设,小程序/公众号,107
8198,"2023-06-14",交通运输,小程序/公众号,1
8199,"2023-06-14",农林牧渔,小程序/公众号,157
8200,"2023-06-15",科教文体,电话,51
8201,"2023-06-15",公卫医疗,电话,52
8202,"2023-06-15",城乡建设,电话,21
8203,"2023-06-15",交通运输,电话,11
8204,"2023-06-15",农林牧渔,电话,29
8205,"2023-06-15",科教文体,来信,8
8206,"2023-06-15",公卫医疗,来信,2
8207,"2023-06-15",城乡建设,来信,12
8208,"2023-06-15",交通运输,来信,28
8209,"2023-06-15",农林牧渔,来信,16
8210,"2023-06-15",科教文体,网站,13
8211,"2023-06-15",公卫医疗,网站,12
8212,"2023-06-15",城乡建设,网站,60
8213,"2023-06-15",交通运输,网站,86
8214,"2023-06-15",农林牧渔,网站,44
8215,"2023-06-15",科教文体,小程序/公众号,37
8216,"2023-06-15",公卫医疗,小程序/公众号,92
8217,"2023-06-15",城乡建设,小程序/公众号,21
8218,"2023-06-15",交通运输,小程序/公众号,33
8219,"2023-06-15",农林牧渔,小程序/公众号,131
8220,"2023-06-16",科教文体,电话,6
8221,"2023-06-16",公卫医疗,电话,22
8222,"2023-06-16",城乡建设,电话,6
8223,"2023-06-16",交通运输,电话,44
8224,"2023-06-16",农林牧渔,电话,28
8225,"2023-06-16",科教文体,来信,15
8226,"2023-06-16",公卫医疗,来信,32
8227,"2023-06-16",城乡建设,来信,50
8228,"2023-06-16",交通运输,来信,31
8229,"2023-06-16",农林牧渔,来信,44
8230,"2023-06-16",科教文体,网站,13
8231,"2023-06-16",公卫医疗,网站,80
8232,"2023-06-16",城乡建设,网站,75
8233,"2023-06-16",交通运输,网站,41
8234,"2023-06-16",农林牧渔,网站,52
8235,"2023-06-16",科教文体,小程序/公众号,94
8236,"2023-06-16",公卫医疗,小程序/公众号,92
8237,"2023-06-16",城乡建设,小程序/公众号,34
8238,"2023-06-16",交通运输,小程序/公众号,11
8239,"2023-06-16",农林牧渔,小程序/公众号,108
8240,"2023-06-17",科教文体,电话,28
8241,"2023-06-17",公卫医疗,电话,14
8242,"2023-06-17",城乡建设,电话,13
8243,"2023-06-17",交通运输,电话,39
8244,"2023-06-17",农林牧渔,电话,73
8245,"2023-06-17",科教文体,来信,65
8246,"2023-06-17",公卫医疗,来信,32
8247,"2023-06-17",城乡建设,来信,29
8248,"2023-06-17",交通运输,来信,55
8249,"2023-06-17",农林牧渔,来信,64
8250,"2023-06-17",科教文体,网站,72
8251,"2023-06-17",公卫医疗,网站,114
8252,"2023-06-17",城乡建设,网站,0
8253,"2023-06-17",交通运输,网站,11
8254,"2023-06-17",农林牧渔,网站,39
8255,"2023-06-17",科教文体,小程序/公众号,24
8256,"2023-06-17",公卫医疗,小程序/公众号,78
8257,"2023-06-17",城乡建设,小程序/公众号,75
8258,"2023-06-17",交通运输,小程序/公众号,55
8259,"2023-06-17",农林牧渔,小程序/公众号,92
8260,"2023-06-18",科教文体,电话,54
8261,"2023-06-18",公卫医疗,电话,42
8262,"2023-06-18",城乡建设,电话,36
8263,"2023-06-18",交通运输,电话,46
8264,"2023-06-18",农林牧渔,电话,14
8265,"2023-06-18",科教文体,来信,38
8266,"2023-06-18",公卫医疗,来信,32
8267,"2023-06-18",城乡建设,来信,60
8268,"2023-06-18",交通运输,来信,21
8269,"2023-06-18",农林牧渔,来信,43
8270,"2023-06-18",科教文体,网站,27
8271,"2023-06-18",公卫医疗,网站,30
8272,"2023-06-18",城乡建设,网站,48
8273,"2023-06-18",交通运输,网站,2
8274,"2023-06-18",农林牧渔,网站,52
8275,"2023-06-18",科教文体,小程序/公众号,116
8276,"2023-06-18",公卫医疗,小程序/公众号,12
8277,"2023-06-18",城乡建设,小程序/公众号,124
8278,"2023-06-18",交通运输,小程序/公众号,139
8279,"2023-06-18",农林牧渔,小程序/公众号,50
8280,"2023-06-19",科教文体,电话,1
8281,"2023-06-19",公卫医疗,电话,20
8282,"2023-06-19",城乡建设,电话,22
8283,"2023-06-19",交通运输,电话,8
8284,"2023-06-19",农林牧渔,电话,35
8285,"2023-06-19",科教文体,来信,6
8286,"2023-06-19",公卫医疗,来信,15
8287,"2023-06-19",城乡建设,来信,1
8288,"2023-06-19",交通运输,来信,10
8289,"2023-06-19",农林牧渔,来信,14
8290,"2023-06-19",科教文体,网站,17
8291,"2023-06-19",公卫医疗,网站,35
8292,"2023-06-19",城乡建设,网站,10
8293,"2023-06-19",交通运输,网站,9
8294,"2023-06-19",农林牧渔,网站,26
8295,"2023-06-19",科教文体,小程序/公众号,76
8296,"2023-06-19",公卫医疗,小程序/公众号,82
8297,"2023-06-19",城乡建设,小程序/公众号,103
8298,"2023-06-19",交通运输,小程序/公众号,39
8299,"2023-06-19",农林牧渔,小程序/公众号,28
8300,"2023-06-20",科教文体,电话,21
8301,"2023-06-20",公卫医疗,电话,17
8302,"2023-06-20",城乡建设,电话,30
8303,"2023-06-20",交通运输,电话,72
8304,"2023-06-20",农林牧渔,电话,35
8305,"2023-06-20",科教文体,来信,4
8306,"2023-06-20",公卫医疗,来信,8
8307,"2023-06-20",城乡建设,来信,14
8308,"2023-06-20",交通运输,来信,11
8309,"2023-06-20",农林牧渔,来信,13
8310,"2023-06-20",科教文体,网站,39
8311,"2023-06-20",公卫医疗,网站,3
8312,"2023-06-20",城乡建设,网站,23
8313,"2023-06-20",交通运输,网站,42
8314,"2023-06-20",农林牧渔,网站,25
8315,"2023-06-20",科教文体,小程序/公众号,27
8316,"2023-06-20",公卫医疗,小程序/公众号,39
8317,"2023-06-20",城乡建设,小程序/公众号,66
8318,"2023-06-20",交通运输,小程序/公众号,71
8319,"2023-06-20",农林牧渔,小程序/公众号,141
8320,"2023-06-21",科教文体,电话,5
8321,"2023-06-21",公卫医疗,电话,56
8322,"2023-06-21",城乡建设,电话,29
8323,"2023-06-21",交通运输,电话,59
8324,"2023-06-21",农林牧渔,电话,0
8325,"2023-06-21",科教文体,来信,46
8326,"2023-06-21",公卫医疗,来信,24
8327,"2023-06-21",城乡建设,来信,26
8328,"2023-06-21",交通运输,来信,60
8329,"2023-06-21",农林牧渔,来信,17
8330,"2023-06-21",科教文体,网站,7
8331,"2023-06-21",公卫医疗,网站,4
8332,"2023-06-21",城乡建设,网站,6
8333,"2023-06-21",交通运输,网站,5
8334,"2023-06-21",农林牧渔,网站,6
8335,"2023-06-21",科教文体,小程序/公众号,131
8336,"2023-06-21",公卫医疗,小程序/公众号,76
8337,"2023-06-21",城乡建设,小程序/公众号,45
8338,"2023-06-21",交通运输,小程序/公众号,121
8339,"2023-06-21",农林牧渔,小程序/公众号,50
8340,"2023-06-22",科教文体,电话,0
8341,"2023-06-22",公卫医疗,电话,9
8342,"2023-06-22",城乡建设,电话,20
8343,"2023-06-22",交通运输,电话,1
8344,"2023-06-22",农林牧渔,电话,1
8345,"2023-06-22",科教文体,来信,2
8346,"2023-06-22",公卫医疗,来信,6
8347,"2023-06-22",城乡建设,来信,1
8348,"2023-06-22",交通运输,来信,1
8349,"2023-06-22",农林牧渔,来信,3
8350,"2023-06-22",科教文体,网站,21
8351,"2023-06-22",公卫医疗,网站,29
8352,"2023-06-22",城乡建设,网站,13
8353,"2023-06-22",交通运输,网站,9
8354,"2023-06-22",农林牧渔,网站,33
8355,"2023-06-22",科教文体,小程序/公众号,44
8356,"2023-06-22",公卫医疗,小程序/公众号,45
8357,"2023-06-22",城乡建设,小程序/公众号,18
8358,"2023-06-22",交通运输,小程序/公众号,54
8359,"2023-06-22",农林牧渔,小程序/公众号,14
8360,"2023-06-23",科教文体,电话,11
8361,"2023-06-23",公卫医疗,电话,5
8362,"2023-06-23",城乡建设,电话,11
8363,"2023-06-23",交通运输,电话,4
8364,"2023-06-23",农林牧渔,电话,11
8365,"2023-06-23",科教文体,来信,47
8366,"2023-06-23",公卫医疗,来信,17
8367,"2023-06-23",城乡建设,来信,124
8368,"2023-06-23",交通运输,来信,13
8369,"2023-06-23",农林牧渔,来信,49
8370,"2023-06-23",科教文体,网站,11
8371,"2023-06-23",公卫医疗,网站,0
8372,"2023-06-23",城乡建设,网站,52
8373,"2023-06-23",交通运输,网站,51
8374,"2023-06-23",农林牧渔,网站,17
8375,"2023-06-23",科教文体,小程序/公众号,0
8376,"2023-06-23",公卫医疗,小程序/公众号,65
8377,"2023-06-23",城乡建设,小程序/公众号,58
8378,"2023-06-23",交通运输,小程序/公众号,132
8379,"2023-06-23",农林牧渔,小程序/公众号,186
8380,"2023-06-24",科教文体,电话,34
8381,"2023-06-24",公卫医疗,电话,46
8382,"2023-06-24",城乡建设,电话,5
8383,"2023-06-24",交通运输,电话,42
8384,"2023-06-24",农林牧渔,电话,16
8385,"2023-06-24",科教文体,来信,39
8386,"2023-06-24",公卫医疗,来信,31
8387,"2023-06-24",城乡建设,来信,15
8388,"2023-06-24",交通运输,来信,13
8389,"2023-06-24",农林牧渔,来信,59
8390,"2023-06-24",科教文体,网站,15
8391,"2023-06-24",公卫医疗,网站,10
8392,"2023-06-24",城乡建设,网站,7
8393,"2023-06-24",交通运输,网站,10
8394,"2023-06-24",农林牧渔,网站,15
8395,"2023-06-24",科教文体,小程序/公众号,142
8396,"2023-06-24",公卫医疗,小程序/公众号,6
8397,"2023-06-24",城乡建设,小程序/公众号,48
8398,"2023-06-24",交通运输,小程序/公众号,71
8399,"2023-06-24",农林牧渔,小程序/公众号,58
8400,"2023-06-25",科教文体,电话,36
8401,"2023-06-25",公卫医疗,电话,25
8402,"2023-06-25",城乡建设,电话,32
8403,"2023-06-25",交通运输,电话,35
8404,"2023-06-25",农林牧渔,电话,20
8405,"2023-06-25",科教文体,来信,10
8406,"2023-06-25",公卫医疗,来信,8
8407,"2023-06-25",城乡建设,来信,9
8408,"2023-06-25",交通运输,来信,7
8409,"2023-06-25",农林牧渔,来信,6
8410,"2023-06-25",科教文体,网站,67
8411,"2023-06-25",公卫医疗,网站,44
8412,"2023-06-25",城乡建设,网站,3
8413,"2023-06-25",交通运输,网站,73
8414,"2023-06-25",农林牧渔,网站,42
8415,"2023-06-25",科教文体,小程序/公众号,18
8416,"2023-06-25",公卫医疗,小程序/公众号,75
8417,"2023-06-25",城乡建设,小程序/公众号,36
8418,"2023-06-25",交通运输,小程序/公众号,22
8419,"2023-06-25",农林牧渔,小程序/公众号,119
8420,"2023-06-26",科教文体,电话,12
8421,"2023-06-26",公卫医疗,电话,1
8422,"2023-06-26",城乡建设,电话,5
8423,"2023-06-26",交通运输,电话,9
8424,"2023-06-26",农林牧渔,电话,0
8425,"2023-06-26",科教文体,来信,8
8426,"2023-06-26",公卫医疗,来信,5
8427,"2023-06-26",城乡建设,来信,17
8428,"2023-06-26",交通运输,来信,47
8429,"2023-06-26",农林牧渔,来信,8
8430,"2023-06-26",科教文体,网站,62
8431,"2023-06-26",公卫医疗,网站,77
8432,"2023-06-26",城乡建设,网站,29
8433,"2023-06-26",交通运输,网站,11
8434,"2023-06-26",农林牧渔,网站,30
8435,"2023-06-26",科教文体,小程序/公众号,24
8436,"2023-06-26",公卫医疗,小程序/公众号,53
8437,"2023-06-26",城乡建设,小程序/公众号,61
8438,"2023-06-26",交通运输,小程序/公众号,39
8439,"2023-06-26",农林牧渔,小程序/公众号,66
8440,"2023-06-27",科教文体,电话,12
8441,"2023-06-27",公卫医疗,电话,11
8442,"2023-06-27",城乡建设,电话,10
8443,"2023-06-27",交通运输,电话,3
8444,"2023-06-27",农林牧渔,电话,4
8445,"2023-06-27",科教文体,来信,26
8446,"2023-06-27",公卫医疗,来信,47
8447,"2023-06-27",城乡建设,来信,34
8448,"2023-06-27",交通运输,来信,33
8449,"2023-06-27",农林牧渔,来信,67
8450,"2023-06-27",科教文体,网站,74
8451,"2023-06-27",公卫医疗,网站,24
8452,"2023-06-27",城乡建设,网站,12
8453,"2023-06-27",交通运输,网站,85
8454,"2023-06-27",农林牧渔,网站,62
8455,"2023-06-27",科教文体,小程序/公众号,72
8456,"2023-06-27",公卫医疗,小程序/公众号,118
8457,"2023-06-27",城乡建设,小程序/公众号,75
8458,"2023-06-27",交通运输,小程序/公众号,9
8459,"2023-06-27",农林牧渔,小程序/公众号,73
8460,"2023-06-28",科教文体,电话,7
8461,"2023-06-28",公卫医疗,电话,11
8462,"2023-06-28",城乡建设,电话,3
8463,"2023-06-28",交通运输,电话,10
8464,"2023-06-28",农林牧渔,电话,10
8465,"2023-06-28",科教文体,来信,11
8466,"2023-06-28",公卫医疗,来信,1
8467,"2023-06-28",城乡建设,来信,39
8468,"2023-06-28",交通运输,来信,19
8469,"2023-06-28",农林牧渔,来信,16
8470,"2023-06-28",科教文体,网站,10
8471,"2023-06-28",公卫医疗,网站,26
8472,"2023-06-28",城乡建设,网站,24
8473,"2023-06-28",交通运输,网站,9
8474,"2023-06-28",农林牧渔,网站,11
8475,"2023-06-28",科教文体,小程序/公众号,29
8476,"2023-06-28",公卫医疗,小程序/公众号,87
8477,"2023-06-28",城乡建设,小程序/公众号,115
8478,"2023-06-28",交通运输,小程序/公众号,56
8479,"2023-06-28",农林牧渔,小程序/公众号,73
8480,"2023-06-29",科教文体,电话,4
8481,"2023-06-29",公卫医疗,电话,16
8482,"2023-06-29",城乡建设,电话,26
8483,"2023-06-29",交通运输,电话,17
8484,"2023-06-29",农林牧渔,电话,16
8485,"2023-06-29",科教文体,来信,15
8486,"2023-06-29",公卫医疗,来信,3
8487,"2023-06-29",城乡建设,来信,39
8488,"2023-06-29",交通运输,来信,17
8489,"2023-06-29",农林牧渔,来信,13
8490,"2023-06-29",科教文体,网站,4
8491,"2023-06-29",公卫医疗,网站,0
8492,"2023-06-29",城乡建设,网站,5
8493,"2023-06-29",交通运输,网站,5
8494,"2023-06-29",农林牧渔,网站,6
8495,"2023-06-29",科教文体,小程序/公众号,79
8496,"2023-06-29",公卫医疗,小程序/公众号,85
8497,"2023-06-29",城乡建设,小程序/公众号,70
8498,"2023-06-29",交通运输,小程序/公众号,77
8499,"2023-06-29",农林牧渔,小程序/公众号,38
8500,"2023-06-30",科教文体,电话,8
8501,"2023-06-30",公卫医疗,电话,53
8502,"2023-06-30",城乡建设,电话,21
8503,"2023-06-30",交通运输,电话,47
8504,"2023-06-30",农林牧渔,电话,29
8505,"2023-06-30",科教文体,来信,83
8506,"2023-06-30",公卫医疗,来信,1
8507,"2023-06-30",城乡建设,来信,10
8508,"2023-06-30",交通运输,来信,9
8509,"2023-06-30",农林牧渔,来信,154
8510,"2023-06-30",科教文体,网站,32
8511,"2023-06-30",公卫医疗,网站,42
8512,"2023-06-30",城乡建设,网站,47
8513,"2023-06-30",交通运输,网站,44
8514,"2023-06-30",农林牧渔,网站,38
8515,"2023-06-30",科教文体,小程序/公众号,56
8516,"2023-06-30",公卫医疗,小程序/公众号,24
8517,"2023-06-30",城乡建设,小程序/公众号,103
8518,"2023-06-30",交通运输,小程序/公众号,56
8519,"2023-06-30",农林牧渔,小程序/公众号,117
8520,"2023-07-01",科教文体,电话,12
8521,"2023-07-01",公卫医疗,电话,10
8522,"2023-07-01",城乡建设,电话,1
8523,"2023-07-01",交通运输,电话,4
8524,"2023-07-01",农林牧渔,电话,6
8525,"2023-07-01",科教文体,来信,41
8526,"2023-07-01",公卫医疗,来信,52
8527,"2023-07-01",城乡建设,来信,49
8528,"2023-07-01",交通运输,来信,40
8529,"2023-07-01",农林牧渔,来信,10
8530,"2023-07-01",科教文体,网站,1
8531,"2023-07-01",公卫医疗,网站,14
8532,"2023-07-01",城乡建设,网站,27
8533,"2023-07-01",交通运输,网站,11
8534,"2023-07-01",农林牧渔,网站,22
8535,"2023-07-01",科教文体,小程序/公众号,108
8536,"2023-07-01",公卫医疗,小程序/公众号,137
8537,"2023-07-01",城乡建设,小程序/公众号,9
8538,"2023-07-01",交通运输,小程序/公众号,107
8539,"2023-07-01",农林牧渔,小程序/公众号,150
8540,"2023-07-02",科教文体,电话,54
8541,"2023-07-02",公卫医疗,电话,54
8542,"2023-07-02",城乡建设,电话,9
8543,"2023-07-02",交通运输,电话,48
8544,"2023-07-02",农林牧渔,电话,26
8545,"2023-07-02",科教文体,来信,60
8546,"2023-07-02",公卫医疗,来信,44
8547,"2023-07-02",城乡建设,来信,9
8548,"2023-07-02",交通运输,来信,49
8549,"2023-07-02",农林牧渔,来信,10
8550,"2023-07-02",科教文体,网站,6
8551,"2023-07-02",公卫医疗,网站,15
8552,"2023-07-02",城乡建设,网站,6
8553,"2023-07-02",交通运输,网站,17
8554,"2023-07-02",农林牧渔,网站,15
8555,"2023-07-02",科教文体,小程序/公众号,57
8556,"2023-07-02",公卫医疗,小程序/公众号,93
8557,"2023-07-02",城乡建设,小程序/公众号,106
8558,"2023-07-02",交通运输,小程序/公众号,98
8559,"2023-07-02",农林牧渔,小程序/公众号,83
8560,"2023-07-03",科教文体,电话,28
8561,"2023-07-03",公卫医疗,电话,27
8562,"2023-07-03",城乡建设,电话,18
8563,"2023-07-03",交通运输,电话,36
8564,"2023-07-03",农林牧渔,电话,11
8565,"2023-07-03",科教文体,来信,11
8566,"2023-07-03",公卫医疗,来信,5
8567,"2023-07-03",城乡建设,来信,4
8568,"2023-07-03",交通运输,来信,19
8569,"2023-07-03",农林牧渔,来信,37
8570,"2023-07-03",科教文体,网站,28
8571,"2023-07-03",公卫医疗,网站,24
8572,"2023-07-03",城乡建设,网站,40
8573,"2023-07-03",交通运输,网站,10
8574,"2023-07-03",农林牧渔,网站,32
8575,"2023-07-03",科教文体,小程序/公众号,9
8576,"2023-07-03",公卫医疗,小程序/公众号,73
8577,"2023-07-03",城乡建设,小程序/公众号,38
8578,"2023-07-03",交通运输,小程序/公众号,39
8579,"2023-07-03",农林牧渔,小程序/公众号,60
8580,"2023-07-04",科教文体,电话,2
8581,"2023-07-04",公卫医疗,电话,9
8582,"2023-07-04",城乡建设,电话,57
8583,"2023-07-04",交通运输,电话,50
8584,"2023-07-04",农林牧渔,电话,22
8585,"2023-07-04",科教文体,来信,22
8586,"2023-07-04",公卫医疗,来信,82
8587,"2023-07-04",城乡建设,来信,5
8588,"2023-07-04",交通运输,来信,16
8589,"2023-07-04",农林牧渔,来信,33
8590,"2023-07-04",科教文体,网站,32
8591,"2023-07-04",公卫医疗,网站,20
8592,"2023-07-04",城乡建设,网站,24
8593,"2023-07-04",交通运输,网站,47
8594,"2023-07-04",农林牧渔,网站,56
8595,"2023-07-04",科教文体,小程序/公众号,54
8596,"2023-07-04",公卫医疗,小程序/公众号,50
8597,"2023-07-04",城乡建设,小程序/公众号,88
8598,"2023-07-04",交通运输,小程序/公众号,30
8599,"2023-07-04",农林牧渔,小程序/公众号,104
8600,"2023-07-05",科教文体,电话,4
8601,"2023-07-05",公卫医疗,电话,19
8602,"2023-07-05",城乡建设,电话,21
8603,"2023-07-05",交通运输,电话,22
8604,"2023-07-05",农林牧渔,电话,11
8605,"2023-07-05",科教文体,来信,33
8606,"2023-07-05",公卫医疗,来信,11
8607,"2023-07-05",城乡建设,来信,16
8608,"2023-07-05",交通运输,来信,32
8609,"2023-07-05",农林牧渔,来信,5
8610,"2023-07-05",科教文体,网站,34
8611,"2023-07-05",公卫医疗,网站,27
8612,"2023-07-05",城乡建设,网站,12
8613,"2023-07-05",交通运输,网站,39
8614,"2023-07-05",农林牧渔,网站,16
8615,"2023-07-05",科教文体,小程序/公众号,26
8616,"2023-07-05",公卫医疗,小程序/公众号,6
8617,"2023-07-05",城乡建设,小程序/公众号,24
8618,"2023-07-05",交通运输,小程序/公众号,49
8619,"2023-07-05",农林牧渔,小程序/公众号,33
8620,"2023-07-06",科教文体,电话,13
8621,"2023-07-06",公卫医疗,电话,1
8622,"2023-07-06",城乡建设,电话,6
8623,"2023-07-06",交通运输,电话,14
8624,"2023-07-06",农林牧渔,电话,16
8625,"2023-07-06",科教文体,来信,12
8626,"2023-07-06",公卫医疗,来信,36
8627,"2023-07-06",城乡建设,来信,8
8628,"2023-07-06",交通运输,来信,45
8629,"2023-07-06",农林牧渔,来信,38
8630,"2023-07-06",科教文体,网站,45
8631,"2023-07-06",公卫医疗,网站,53
8632,"2023-07-06",城乡建设,网站,2
8633,"2023-07-06",交通运输,网站,62
8634,"2023-07-06",农林牧渔,网站,10
8635,"2023-07-06",科教文体,小程序/公众号,127
8636,"2023-07-06",公卫医疗,小程序/公众号,40
8637,"2023-07-06",城乡建设,小程序/公众号,26
8638,"2023-07-06",交通运输,小程序/公众号,152
8639,"2023-07-06",农林牧渔,小程序/公众号,206
8640,"2023-07-07",科教文体,电话,31
8641,"2023-07-07",公卫医疗,电话,35
8642,"2023-07-07",城乡建设,电话,41
8643,"2023-07-07",交通运输,电话,10
8644,"2023-07-07",农林牧渔,电话,58
8645,"2023-07-07",科教文体,来信,29
8646,"2023-07-07",公卫医疗,来信,5
8647,"2023-07-07",城乡建设,来信,45
8648,"2023-07-07",交通运输,来信,28
8649,"2023-07-07",农林牧渔,来信,63
8650,"2023-07-07",科教文体,网站,21
8651,"2023-07-07",公卫医疗,网站,13
8652,"2023-07-07",城乡建设,网站,25
8653,"2023-07-07",交通运输,网站,43
8654,"2023-07-07",农林牧渔,网站,23
8655,"2023-07-07",科教文体,小程序/公众号,89
8656,"2023-07-07",公卫医疗,小程序/公众号,78
8657,"2023-07-07",城乡建设,小程序/公众号,118
8658,"2023-07-07",交通运输,小程序/公众号,80
8659,"2023-07-07",农林牧渔,小程序/公众号,2
8660,"2023-07-08",科教文体,电话,9
8661,"2023-07-08",公卫医疗,电话,19
8662,"2023-07-08",城乡建设,电话,12
8663,"2023-07-08",交通运输,电话,5
8664,"2023-07-08",农林牧渔,电话,3
8665,"2023-07-08",科教文体,来信,7
8666,"2023-07-08",公卫医疗,来信,37
8667,"2023-07-08",城乡建设,来信,30
8668,"2023-07-08",交通运输,来信,8
8669,"2023-07-08",农林牧渔,来信,11
8670,"2023-07-08",科教文体,网站,85
8671,"2023-07-08",公卫医疗,网站,9
8672,"2023-07-08",城乡建设,网站,36
8673,"2023-07-08",交通运输,网站,81
8674,"2023-07-08",农林牧渔,网站,31
8675,"2023-07-08",科教文体,小程序/公众号,87
8676,"2023-07-08",公卫医疗,小程序/公众号,196
8677,"2023-07-08",城乡建设,小程序/公众号,82
8678,"2023-07-08",交通运输,小程序/公众号,16
8679,"2023-07-08",农林牧渔,小程序/公众号,130
8680,"2023-07-09",科教文体,电话,22
8681,"2023-07-09",公卫医疗,电话,14
8682,"2023-07-09",城乡建设,电话,10
8683,"2023-07-09",交通运输,电话,1
8684,"2023-07-09",农林牧渔,电话,3
8685,"2023-07-09",科教文体,来信,0
8686,"2023-07-09",公卫医疗,来信,51
8687,"2023-07-09",城乡建设,来信,7
8688,"2023-07-09",交通运输,来信,21
8689,"2023-07-09",农林牧渔,来信,76
8690,"2023-07-09",科教文体,网站,42
8691,"2023-07-09",公卫医疗,网站,1
8692,"2023-07-09",城乡建设,网站,2
8693,"2023-07-09",交通运输,网站,46
8694,"2023-07-09",农林牧渔,网站,32
8695,"2023-07-09",科教文体,小程序/公众号,12
8696,"2023-07-09",公卫医疗,小程序/公众号,89
8697,"2023-07-09",城乡建设,小程序/公众号,28
8698,"2023-07-09",交通运输,小程序/公众号,86
8699,"2023-07-09",农林牧渔,小程序/公众号,37
8700,"2023-07-10",科教文体,电话,9
8701,"2023-07-10",公卫医疗,电话,19
8702,"2023-07-10",城乡建设,电话,6
8703,"2023-07-10",交通运输,电话,18
8704,"2023-07-10",农林牧渔,电话,17
8705,"2023-07-10",科教文体,来信,4
8706,"2023-07-10",公卫医疗,来信,13
8707,"2023-07-10",城乡建设,来信,6
8708,"2023-07-10",交通运输,来信,6
8709,"2023-07-10",农林牧渔,来信,8
8710,"2023-07-10",科教文体,网站,7
8711,"2023-07-10",公卫医疗,网站,8
8712,"2023-07-10",城乡建设,网站,15
8713,"2023-07-10",交通运输,网站,19
8714,"2023-07-10",农林牧渔,网站,17
8715,"2023-07-10",科教文体,小程序/公众号,25
8716,"2023-07-10",公卫医疗,小程序/公众号,59
8717,"2023-07-10",城乡建设,小程序/公众号,70
8718,"2023-07-10",交通运输,小程序/公众号,15
8719,"2023-07-10",农林牧渔,小程序/公众号,26
8720,"2023-07-11",科教文体,电话,19
8721,"2023-07-11",公卫医疗,电话,22
8722,"2023-07-11",城乡建设,电话,9
8723,"2023-07-11",交通运输,电话,25
8724,"2023-07-11",农林牧渔,电话,21
8725,"2023-07-11",科教文体,来信,1
8726,"2023-07-11",公卫医疗,来信,18
8727,"2023-07-11",城乡建设,来信,6
8728,"2023-07-11",交通运输,来信,11
8729,"2023-07-11",农林牧渔,来信,18
8730,"2023-07-11",科教文体,网站,46
8731,"2023-07-11",公卫医疗,网站,19
8732,"2023-07-11",城乡建设,网站,28
8733,"2023-07-11",交通运输,网站,9
8734,"2023-07-11",农林牧渔,网站,27
8735,"2023-07-11",科教文体,小程序/公众号,57
8736,"2023-07-11",公卫医疗,小程序/公众号,44
8737,"2023-07-11",城乡建设,小程序/公众号,14
8738,"2023-07-11",交通运输,小程序/公众号,70
8739,"2023-07-11",农林牧渔,小程序/公众号,49
8740,"2023-07-12",科教文体,电话,4
8741,"2023-07-12",公卫医疗,电话,21
8742,"2023-07-12",城乡建设,电话,15
8743,"2023-07-12",交通运输,电话,21
8744,"2023-07-12",农林牧渔,电话,29
8745,"2023-07-12",科教文体,来信,3
8746,"2023-07-12",公卫医疗,来信,38
8747,"2023-07-12",城乡建设,来信,42
8748,"2023-07-12",交通运输,来信,3
8749,"2023-07-12",农林牧渔,来信,51
8750,"2023-07-12",科教文体,网站,15
8751,"2023-07-12",公卫医疗,网站,37
8752,"2023-07-12",城乡建设,网站,43
8753,"2023-07-12",交通运输,网站,6
8754,"2023-07-12",农林牧渔,网站,0
8755,"2023-07-12",科教文体,小程序/公众号,267
8756,"2023-07-12",公卫医疗,小程序/公众号,128
8757,"2023-07-12",城乡建设,小程序/公众号,29
8758,"2023-07-12",交通运输,小程序/公众号,35
8759,"2023-07-12",农林牧渔,小程序/公众号,165
8760,"2023-07-13",科教文体,电话,1
8761,"2023-07-13",公卫医疗,电话,7
8762,"2023-07-13",城乡建设,电话,5
8763,"2023-07-13",交通运输,电话,7
8764,"2023-07-13",农林牧渔,电话,0
8765,"2023-07-13",科教文体,来信,0
8766,"2023-07-13",公卫医疗,来信,10
8767,"2023-07-13",城乡建设,来信,5
8768,"2023-07-13",交通运输,来信,14
8769,"2023-07-13",农林牧渔,来信,18
8770,"2023-07-13",科教文体,网站,2
8771,"2023-07-13",公卫医疗,网站,23
8772,"2023-07-13",城乡建设,网站,46
8773,"2023-07-13",交通运输,网站,59
8774,"2023-07-13",农林牧渔,网站,85
8775,"2023-07-13",科教文体,小程序/公众号,98
8776,"2023-07-13",公卫医疗,小程序/公众号,20
8777,"2023-07-13",城乡建设,小程序/公众号,92
8778,"2023-07-13",交通运输,小程序/公众号,140
8779,"2023-07-13",农林牧渔,小程序/公众号,131
8780,"2023-07-14",科教文体,电话,4
8781,"2023-07-14",公卫医疗,电话,7
8782,"2023-07-14",城乡建设,电话,8
8783,"2023-07-14",交通运输,电话,3
8784,"2023-07-14",农林牧渔,电话,9
8785,"2023-07-14",科教文体,来信,35
8786,"2023-07-14",公卫医疗,来信,35
8787,"2023-07-14",城乡建设,来信,22
8788,"2023-07-14",交通运输,来信,9
8789,"2023-07-14",农林牧渔,来信,6
8790,"2023-07-14",科教文体,网站,40
8791,"2023-07-14",公卫医疗,网站,18
8792,"2023-07-14",城乡建设,网站,45
8793,"2023-07-14",交通运输,网站,40
8794,"2023-07-14",农林牧渔,网站,3
8795,"2023-07-14",科教文体,小程序/公众号,32
8796,"2023-07-14",公卫医疗,小程序/公众号,90
8797,"2023-07-14",城乡建设,小程序/公众号,59
8798,"2023-07-14",交通运输,小程序/公众号,22
8799,"2023-07-14",农林牧渔,小程序/公众号,49
8800,"2023-07-15",科教文体,电话,3
8801,"2023-07-15",公卫医疗,电话,3
8802,"2023-07-15",城乡建设,电话,6
8803,"2023-07-15",交通运输,电话,4
8804,"2023-07-15",农林牧渔,电话,2
8805,"2023-07-15",科教文体,来信,26
8806,"2023-07-15",公卫医疗,来信,20
8807,"2023-07-15",城乡建设,来信,31
8808,"2023-07-15",交通运输,来信,5
8809,"2023-07-15",农林牧渔,来信,12
8810,"2023-07-15",科教文体,网站,17
8811,"2023-07-15",公卫医疗,网站,9
8812,"2023-07-15",城乡建设,网站,0
8813,"2023-07-15",交通运输,网站,8
8814,"2023-07-15",农林牧渔,网站,17
8815,"2023-07-15",科教文体,小程序/公众号,0
8816,"2023-07-15",公卫医疗,小程序/公众号,38
8817,"2023-07-15",城乡建设,小程序/公众号,48
8818,"2023-07-15",交通运输,小程序/公众号,33
8819,"2023-07-15",农林牧渔,小程序/公众号,45
8820,"2023-07-16",科教文体,电话,31
8821,"2023-07-16",公卫医疗,电话,36
8822,"2023-07-16",城乡建设,电话,33
8823,"2023-07-16",交通运输,电话,4
8824,"2023-07-16",农林牧渔,电话,10
8825,"2023-07-16",科教文体,来信,27
8826,"2023-07-16",公卫医疗,来信,48
8827,"2023-07-16",城乡建设,来信,19
8828,"2023-07-16",交通运输,来信,36
8829,"2023-07-16",农林牧渔,来信,11
8830,"2023-07-16",科教文体,网站,21
8831,"2023-07-16",公卫医疗,网站,13
8832,"2023-07-16",城乡建设,网站,33
8833,"2023-07-16",交通运输,网站,21
8834,"2023-07-16",农林牧渔,网站,24
8835,"2023-07-16",科教文体,小程序/公众号,46
8836,"2023-07-16",公卫医疗,小程序/公众号,176
8837,"2023-07-16",城乡建设,小程序/公众号,53
8838,"2023-07-16",交通运输,小程序/公众号,179
8839,"2023-07-16",农林牧渔,小程序/公众号,11
8840,"2023-07-17",科教文体,电话,58
8841,"2023-07-17",公卫医疗,电话,4
8842,"2023-07-17",城乡建设,电话,45
8843,"2023-07-17",交通运输,电话,6
8844,"2023-07-17",农林牧渔,电话,71
8845,"2023-07-17",科教文体,来信,25
8846,"2023-07-17",公卫医疗,来信,10
8847,"2023-07-17",城乡建设,来信,6
8848,"2023-07-17",交通运输,来信,64
8849,"2023-07-17",农林牧渔,来信,53
8850,"2023-07-17",科教文体,网站,7
8851,"2023-07-17",公卫医疗,网站,21
8852,"2023-07-17",城乡建设,网站,7
8853,"2023-07-17",交通运输,网站,11
8854,"2023-07-17",农林牧渔,网站,9
8855,"2023-07-17",科教文体,小程序/公众号,79
8856,"2023-07-17",公卫医疗,小程序/公众号,96
8857,"2023-07-17",城乡建设,小程序/公众号,47
8858,"2023-07-17",交通运输,小程序/公众号,94
8859,"2023-07-17",农林牧渔,小程序/公众号,97
8860,"2023-07-18",科教文体,电话,1
8861,"2023-07-18",公卫医疗,电话,11
8862,"2023-07-18",城乡建设,电话,11
8863,"2023-07-18",交通运输,电话,1
8864,"2023-07-18",农林牧渔,电话,7
8865,"2023-07-18",科教文体,来信,9
8866,"2023-07-18",公卫医疗,来信,4
8867,"2023-07-18",城乡建设,来信,2
8868,"2023-07-18",交通运输,来信,27
8869,"2023-07-18",农林牧渔,来信,19
8870,"2023-07-18",科教文体,网站,16
8871,"2023-07-18",公卫医疗,网站,3
8872,"2023-07-18",城乡建设,网站,13
8873,"2023-07-18",交通运输,网站,5
8874,"2023-07-18",农林牧渔,网站,24
8875,"2023-07-18",科教文体,小程序/公众号,9
8876,"2023-07-18",公卫医疗,小程序/公众号,39
8877,"2023-07-18",城乡建设,小程序/公众号,39
8878,"2023-07-18",交通运输,小程序/公众号,53
8879,"2023-07-18",农林牧渔,小程序/公众号,30
8880,"2023-07-19",科教文体,电话,5
8881,"2023-07-19",公卫医疗,电话,4
8882,"2023-07-19",城乡建设,电话,14
8883,"2023-07-19",交通运输,电话,15
8884,"2023-07-19",农林牧渔,电话,11
8885,"2023-07-19",科教文体,来信,2
8886,"2023-07-19",公卫医疗,来信,3
8887,"2023-07-19",城乡建设,来信,2
8888,"2023-07-19",交通运输,来信,0
8889,"2023-07-19",农林牧渔,来信,4
8890,"2023-07-19",科教文体,网站,43
8891,"2023-07-19",公卫医疗,网站,23
8892,"2023-07-19",城乡建设,网站,57
8893,"2023-07-19",交通运输,网站,54
8894,"2023-07-19",农林牧渔,网站,37
8895,"2023-07-19",科教文体,小程序/公众号,56
8896,"2023-07-19",公卫医疗,小程序/公众号,3
8897,"2023-07-19",城乡建设,小程序/公众号,106
8898,"2023-07-19",交通运输,小程序/公众号,19
8899,"2023-07-19",农林牧渔,小程序/公众号,35
8900,"2023-07-20",科教文体,电话,14
8901,"2023-07-20",公卫医疗,电话,15
8902,"2023-07-20",城乡建设,电话,13
8903,"2023-07-20",交通运输,电话,4
8904,"2023-07-20",农林牧渔,电话,6
8905,"2023-07-20",科教文体,来信,14
8906,"2023-07-20",公卫医疗,来信,58
8907,"2023-07-20",城乡建设,来信,48
8908,"2023-07-20",交通运输,来信,98
8909,"2023-07-20",农林牧渔,来信,21
8910,"2023-07-20",科教文体,网站,20
8911,"2023-07-20",公卫医疗,网站,57
8912,"2023-07-20",城乡建设,网站,42
8913,"2023-07-20",交通运输,网站,35
8914,"2023-07-20",农林牧渔,网站,53
8915,"2023-07-20",科教文体,小程序/公众号,57
8916,"2023-07-20",公卫医疗,小程序/公众号,94
8917,"2023-07-20",城乡建设,小程序/公众号,5
8918,"2023-07-20",交通运输,小程序/公众号,58
8919,"2023-07-20",农林牧渔,小程序/公众号,76
8920,"2023-07-21",科教文体,电话,52
8921,"2023-07-21",公卫医疗,电话,55
8922,"2023-07-21",城乡建设,电话,48
8923,"2023-07-21",交通运输,电话,31
8924,"2023-07-21",农林牧渔,电话,18
8925,"2023-07-21",科教文体,来信,40
8926,"2023-07-21",公卫医疗,来信,17
8927,"2023-07-21",城乡建设,来信,45
8928,"2023-07-21",交通运输,来信,30
8929,"2023-07-21",农林牧渔,来信,11
8930,"2023-07-21",科教文体,网站,18
8931,"2023-07-21",公卫医疗,网站,0
8932,"2023-07-21",城乡建设,网站,18
8933,"2023-07-21",交通运输,网站,9
8934,"2023-07-21",农林牧渔,网站,1
8935,"2023-07-21",科教文体,小程序/公众号,77
8936,"2023-07-21",公卫医疗,小程序/公众号,14
8937,"2023-07-21",城乡建设,小程序/公众号,152
8938,"2023-07-21",交通运输,小程序/公众号,174
8939,"2023-07-21",农林牧渔,小程序/公众号,71
8940,"2023-07-22",科教文体,电话,34
8941,"2023-07-22",公卫医疗,电话,27
8942,"2023-07-22",城乡建设,电话,26
8943,"2023-07-22",交通运输,电话,12
8944,"2023-07-22",农林牧渔,电话,34
8945,"2023-07-22",科教文体,来信,33
8946,"2023-07-22",公卫医疗,来信,30
8947,"2023-07-22",城乡建设,来信,7
8948,"2023-07-22",交通运输,来信,21
8949,"2023-07-22",农林牧渔,来信,10
8950,"2023-07-22",科教文体,网站,39
8951,"2023-07-22",公卫医疗,网站,25
8952,"2023-07-22",城乡建设,网站,45
8953,"2023-07-22",交通运输,网站,25
8954,"2023-07-22",农林牧渔,网站,54
8955,"2023-07-22",科教文体,小程序/公众号,81
8956,"2023-07-22",公卫医疗,小程序/公众号,36
8957,"2023-07-22",城乡建设,小程序/公众号,4
8958,"2023-07-22",交通运输,小程序/公众号,138
8959,"2023-07-22",农林牧渔,小程序/公众号,104
8960,"2023-07-23",科教文体,电话,16
8961,"2023-07-23",公卫医疗,电话,10
8962,"2023-07-23",城乡建设,电话,30
8963,"2023-07-23",交通运输,电话,27
8964,"2023-07-23",农林牧渔,电话,21
8965,"2023-07-23",科教文体,来信,10
8966,"2023-07-23",公卫医疗,来信,0
8967,"2023-07-23",城乡建设,来信,9
8968,"2023-07-23",交通运输,来信,14
8969,"2023-07-23",农林牧渔,来信,0
8970,"2023-07-23",科教文体,网站,96
8971,"2023-07-23",公卫医疗,网站,13
8972,"2023-07-23",城乡建设,网站,14
8973,"2023-07-23",交通运输,网站,43
8974,"2023-07-23",农林牧渔,网站,16
8975,"2023-07-23",科教文体,小程序/公众号,102
8976,"2023-07-23",公卫医疗,小程序/公众号,70
8977,"2023-07-23",城乡建设,小程序/公众号,47
8978,"2023-07-23",交通运输,小程序/公众号,75
8979,"2023-07-23",农林牧渔,小程序/公众号,107
8980,"2023-07-24",科教文体,电话,1
8981,"2023-07-24",公卫医疗,电话,13
8982,"2023-07-24",城乡建设,电话,10
8983,"2023-07-24",交通运输,电话,9
8984,"2023-07-24",农林牧渔,电话,7
8985,"2023-07-24",科教文体,来信,1
8986,"2023-07-24",公卫医疗,来信,5
8987,"2023-07-24",城乡建设,来信,0
8988,"2023-07-24",交通运输,来信,5
8989,"2023-07-24",农林牧渔,来信,6
8990,"2023-07-24",科教文体,网站,5
8991,"2023-07-24",公卫医疗,网站,21
8992,"2023-07-24",城乡建设,网站,9
8993,"2023-07-24",交通运输,网站,16
8994,"2023-07-24",农林牧渔,网站,15
8995,"2023-07-24",科教文体,小程序/公众号,57
8996,"2023-07-24",公卫医疗,小程序/公众号,6
8997,"2023-07-24",城乡建设,小程序/公众号,68
8998,"2023-07-24",交通运输,小程序/公众号,72
8999,"2023-07-24",农林牧渔,小程序/公众号,16
9000,"2023-07-25",科教文体,电话,33
9001,"2023-07-25",公卫医疗,电话,3
9002,"2023-07-25",城乡建设,电话,32
9003,"2023-07-25",交通运输,电话,46
9004,"2023-07-25",农林牧渔,电话,19
9005,"2023-07-25",科教文体,来信,2
9006,"2023-07-25",公卫医疗,来信,4
9007,"2023-07-25",城乡建设,来信,5
9008,"2023-07-25",交通运输,来信,6
9009,"2023-07-25",农林牧渔,来信,4
9010,"2023-07-25",科教文体,网站,6
9011,"2023-07-25",公卫医疗,网站,51
9012,"2023-07-25",城乡建设,网站,46
9013,"2023-07-25",交通运输,网站,43
9014,"2023-07-25",农林牧渔,网站,29
9015,"2023-07-25",科教文体,小程序/公众号,47
9016,"2023-07-25",公卫医疗,小程序/公众号,26
9017,"2023-07-25",城乡建设,小程序/公众号,45
9018,"2023-07-25",交通运输,小程序/公众号,41
9019,"2023-07-25",农林牧渔,小程序/公众号,64
9020,"2023-07-26",科教文体,电话,8
9021,"2023-07-26",公卫医疗,电话,5
9022,"2023-07-26",城乡建设,电话,16
9023,"2023-07-26",交通运输,电话,14
9024,"2023-07-26",农林牧渔,电话,18
9025,"2023-07-26",科教文体,来信,6
9026,"2023-07-26",公卫医疗,来信,40
9027,"2023-07-26",城乡建设,来信,19
9028,"2023-07-26",交通运输,来信,47
9029,"2023-07-26",农林牧渔,来信,26
9030,"2023-07-26",科教文体,网站,44
9031,"2023-07-26",公卫医疗,网站,11
9032,"2023-07-26",城乡建设,网站,28
9033,"2023-07-26",交通运输,网站,30
9034,"2023-07-26",农林牧渔,网站,24
9035,"2023-07-26",科教文体,小程序/公众号,105
9036,"2023-07-26",公卫医疗,小程序/公众号,48
9037,"2023-07-26",城乡建设,小程序/公众号,130
9038,"2023-07-26",交通运输,小程序/公众号,20
9039,"2023-07-26",农林牧渔,小程序/公众号,10
9040,"2023-07-27",科教文体,电话,16
9041,"2023-07-27",公卫医疗,电话,2
9042,"2023-07-27",城乡建设,电话,23
9043,"2023-07-27",交通运输,电话,27
9044,"2023-07-27",农林牧渔,电话,5
9045,"2023-07-27",科教文体,来信,4
9046,"2023-07-27",公卫医疗,来信,5
9047,"2023-07-27",城乡建设,来信,114
9048,"2023-07-27",交通运输,来信,30
9049,"2023-07-27",农林牧渔,来信,83
9050,"2023-07-27",科教文体,网站,33
9051,"2023-07-27",公卫医疗,网站,16
9052,"2023-07-27",城乡建设,网站,7
9053,"2023-07-27",交通运输,网站,14
9054,"2023-07-27",农林牧渔,网站,6
9055,"2023-07-27",科教文体,小程序/公众号,172
9056,"2023-07-27",公卫医疗,小程序/公众号,235
9057,"2023-07-27",城乡建设,小程序/公众号,39
9058,"2023-07-27",交通运输,小程序/公众号,26
9059,"2023-07-27",农林牧渔,小程序/公众号,7
9060,"2023-07-28",科教文体,电话,14
9061,"2023-07-28",公卫医疗,电话,5
9062,"2023-07-28",城乡建设,电话,16
9063,"2023-07-28",交通运输,电话,10
9064,"2023-07-28",农林牧渔,电话,7
9065,"2023-07-28",科教文体,来信,2
9066,"2023-07-28",公卫医疗,来信,1
9067,"2023-07-28",城乡建设,来信,4
9068,"2023-07-28",交通运输,来信,3
9069,"2023-07-28",农林牧渔,来信,2
9070,"2023-07-28",科教文体,网站,7
9071,"2023-07-28",公卫医疗,网站,8
9072,"2023-07-28",城乡建设,网站,17
9073,"2023-07-28",交通运输,网站,17
9074,"2023-07-28",农林牧渔,网站,8
9075,"2023-07-28",科教文体,小程序/公众号,2
9076,"2023-07-28",公卫医疗,小程序/公众号,21
9077,"2023-07-28",城乡建设,小程序/公众号,62
9078,"2023-07-28",交通运输,小程序/公众号,68
9079,"2023-07-28",农林牧渔,小程序/公众号,31
9080,"2023-07-29",科教文体,电话,67
9081,"2023-07-29",公卫医疗,电话,41
9082,"2023-07-29",城乡建设,电话,5
9083,"2023-07-29",交通运输,电话,36
9084,"2023-07-29",农林牧渔,电话,24
9085,"2023-07-29",科教文体,来信,56
9086,"2023-07-29",公卫医疗,来信,30
9087,"2023-07-29",城乡建设,来信,70
9088,"2023-07-29",交通运输,来信,20
9089,"2023-07-29",农林牧渔,来信,0
9090,"2023-07-29",科教文体,网站,22
9091,"2023-07-29",公卫医疗,网站,67
9092,"2023-07-29",城乡建设,网站,56
9093,"2023-07-29",交通运输,网站,64
9094,"2023-07-29",农林牧渔,网站,56
9095,"2023-07-29",科教文体,小程序/公众号,39
9096,"2023-07-29",公卫医疗,小程序/公众号,46
9097,"2023-07-29",城乡建设,小程序/公众号,104
9098,"2023-07-29",交通运输,小程序/公众号,71
9099,"2023-07-29",农林牧渔,小程序/公众号,98
9100,"2023-07-30",科教文体,电话,5
9101,"2023-07-30",公卫医疗,电话,1
9102,"2023-07-30",城乡建设,电话,7
9103,"2023-07-30",交通运输,电话,7
9104,"2023-07-30",农林牧渔,电话,6
9105,"2023-07-30",科教文体,来信,2
9106,"2023-07-30",公卫医疗,来信,1
9107,"2023-07-30",城乡建设,来信,9
9108,"2023-07-30",交通运输,来信,11
9109,"2023-07-30",农林牧渔,来信,37
9110,"2023-07-30",科教文体,网站,25
9111,"2023-07-30",公卫医疗,网站,4
9112,"2023-07-30",城乡建设,网站,7
9113,"2023-07-30",交通运输,网站,23
9114,"2023-07-30",农林牧渔,网站,17
9115,"2023-07-30",科教文体,小程序/公众号,87
9116,"2023-07-30",公卫医疗,小程序/公众号,19
9117,"2023-07-30",城乡建设,小程序/公众号,55
9118,"2023-07-30",交通运输,小程序/公众号,45
9119,"2023-07-30",农林牧渔,小程序/公众号,44
9120,"2023-07-31",科教文体,电话,32
9121,"2023-07-31",公卫医疗,电话,2
9122,"2023-07-31",城乡建设,电话,21
9123,"2023-07-31",交通运输,电话,15
9124,"2023-07-31",农林牧渔,电话,35
9125,"2023-07-31",科教文体,来信,25
9126,"2023-07-31",公卫医疗,来信,54
9127,"2023-07-31",城乡建设,来信,64
9128,"2023-07-31",交通运输,来信,41
9129,"2023-07-31",农林牧渔,来信,26
9130,"2023-07-31",科教文体,网站,54
9131,"2023-07-31",公卫医疗,网站,28
9132,"2023-07-31",城乡建设,网站,41
9133,"2023-07-31",交通运输,网站,8
9134,"2023-07-31",农林牧渔,网站,15
9135,"2023-07-31",科教文体,小程序/公众号,64
9136,"2023-07-31",公卫医疗,小程序/公众号,151
9137,"2023-07-31",城乡建设,小程序/公众号,52
9138,"2023-07-31",交通运输,小程序/公众号,12
9139,"2023-07-31",农林牧渔,小程序/公众号,6
9140,"2023-08-01",科教文体,电话,36
9141,"2023-08-01",公卫医疗,电话,33
9142,"2023-08-01",城乡建设,电话,30
9143,"2023-08-01",交通运输,电话,15
9144,"2023-08-01",农林牧渔,电话,0
9145,"2023-08-01",科教文体,来信,20
9146,"2023-08-01",公卫医疗,来信,14
9147,"2023-08-01",城乡建设,来信,12
9148,"2023-08-01",交通运输,来信,13
9149,"2023-08-01",农林牧渔,来信,27
9150,"2023-08-01",科教文体,网站,18
9151,"2023-08-01",公卫医疗,网站,6
9152,"2023-08-01",城乡建设,网站,18
9153,"2023-08-01",交通运输,网站,23
9154,"2023-08-01",农林牧渔,网站,27
9155,"2023-08-01",科教文体,小程序/公众号,43
9156,"2023-08-01",公卫医疗,小程序/公众号,33
9157,"2023-08-01",城乡建设,小程序/公众号,34
9158,"2023-08-01",交通运输,小程序/公众号,27
9159,"2023-08-01",农林牧渔,小程序/公众号,37
9160,"2023-08-02",科教文体,电话,9
9161,"2023-08-02",公卫医疗,电话,21
9162,"2023-08-02",城乡建设,电话,22
9163,"2023-08-02",交通运输,电话,25
9164,"2023-08-02",农林牧渔,电话,13
9165,"2023-08-02",科教文体,来信,0
9166,"2023-08-02",公卫医疗,来信,11
9167,"2023-08-02",城乡建设,来信,17
9168,"2023-08-02",交通运输,来信,14
9169,"2023-08-02",农林牧渔,来信,12
9170,"2023-08-02",科教文体,网站,46
9171,"2023-08-02",公卫医疗,网站,12
9172,"2023-08-02",城乡建设,网站,60
9173,"2023-08-02",交通运输,网站,35
9174,"2023-08-02",农林牧渔,网站,59
9175,"2023-08-02",科教文体,小程序/公众号,20
9176,"2023-08-02",公卫医疗,小程序/公众号,79
9177,"2023-08-02",城乡建设,小程序/公众号,101
9178,"2023-08-02",交通运输,小程序/公众号,72
9179,"2023-08-02",农林牧渔,小程序/公众号,118
9180,"2023-08-03",科教文体,电话,6
9181,"2023-08-03",公卫医疗,电话,6
9182,"2023-08-03",城乡建设,电话,8
9183,"2023-08-03",交通运输,电话,3
9184,"2023-08-03",农林牧渔,电话,0
9185,"2023-08-03",科教文体,来信,4
9186,"2023-08-03",公卫医疗,来信,6
9187,"2023-08-03",城乡建设,来信,5
9188,"2023-08-03",交通运输,来信,3
9189,"2023-08-03",农林牧渔,来信,4
9190,"2023-08-03",科教文体,网站,66
9191,"2023-08-03",公卫医疗,网站,67
9192,"2023-08-03",城乡建设,网站,83
9193,"2023-08-03",交通运输,网站,2
9194,"2023-08-03",农林牧渔,网站,6
9195,"2023-08-03",科教文体,小程序/公众号,76
9196,"2023-08-03",公卫医疗,小程序/公众号,110
9197,"2023-08-03",城乡建设,小程序/公众号,84
9198,"2023-08-03",交通运输,小程序/公众号,89
9199,"2023-08-03",农林牧渔,小程序/公众号,84
9200,"2023-08-04",科教文体,电话,13
9201,"2023-08-04",公卫医疗,电话,7
9202,"2023-08-04",城乡建设,电话,6
9203,"2023-08-04",交通运输,电话,8
9204,"2023-08-04",农林牧渔,电话,4
9205,"2023-08-04",科教文体,来信,13
9206,"2023-08-04",公卫医疗,来信,3
9207,"2023-08-04",城乡建设,来信,4
9208,"2023-08-04",交通运输,来信,6
9209,"2023-08-04",农林牧渔,来信,12
9210,"2023-08-04",科教文体,网站,7
9211,"2023-08-04",公卫医疗,网站,11
9212,"2023-08-04",城乡建设,网站,11
9213,"2023-08-04",交通运输,网站,6
9214,"2023-08-04",农林牧渔,网站,2
9215,"2023-08-04",科教文体,小程序/公众号,5
9216,"2023-08-04",公卫医疗,小程序/公众号,51
9217,"2023-08-04",城乡建设,小程序/公众号,19
9218,"2023-08-04",交通运输,小程序/公众号,83
9219,"2023-08-04",农林牧渔,小程序/公众号,52
9220,"2023-08-05",科教文体,电话,10
9221,"2023-08-05",公卫医疗,电话,13
9222,"2023-08-05",城乡建设,电话,7
9223,"2023-08-05",交通运输,电话,2
9224,"2023-08-05",农林牧渔,电话,2
9225,"2023-08-05",科教文体,来信,26
9226,"2023-08-05",公卫医疗,来信,17
9227,"2023-08-05",城乡建设,来信,60
9228,"2023-08-05",交通运输,来信,16
9229,"2023-08-05",农林牧渔,来信,43
9230,"2023-08-05",科教文体,网站,28
9231,"2023-08-05",公卫医疗,网站,25
9232,"2023-08-05",城乡建设,网站,25
9233,"2023-08-05",交通运输,网站,15
9234,"2023-08-05",农林牧渔,网站,14
9235,"2023-08-05",科教文体,小程序/公众号,24
9236,"2023-08-05",公卫医疗,小程序/公众号,34
9237,"2023-08-05",城乡建设,小程序/公众号,76
9238,"2023-08-05",交通运输,小程序/公众号,77
9239,"2023-08-05",农林牧渔,小程序/公众号,21
9240,"2023-08-06",科教文体,电话,9
9241,"2023-08-06",公卫医疗,电话,24
9242,"2023-08-06",城乡建设,电话,33
9243,"2023-08-06",交通运输,电话,90
9244,"2023-08-06",农林牧渔,电话,56
9245,"2023-08-06",科教文体,来信,6
9246,"2023-08-06",公卫医疗,来信,8
9247,"2023-08-06",城乡建设,来信,13
9248,"2023-08-06",交通运输,来信,11
9249,"2023-08-06",农林牧渔,来信,14
9250,"2023-08-06",科教文体,网站,9
9251,"2023-08-06",公卫医疗,网站,21
9252,"2023-08-06",城乡建设,网站,33
9253,"2023-08-06",交通运输,网站,23
9254,"2023-08-06",农林牧渔,网站,9
9255,"2023-08-06",科教文体,小程序/公众号,131
9256,"2023-08-06",公卫医疗,小程序/公众号,79
9257,"2023-08-06",城乡建设,小程序/公众号,27
9258,"2023-08-06",交通运输,小程序/公众号,159
9259,"2023-08-06",农林牧渔,小程序/公众号,149
9260,"2023-08-07",科教文体,电话,6
9261,"2023-08-07",公卫医疗,电话,8
9262,"2023-08-07",城乡建设,电话,17
9263,"2023-08-07",交通运输,电话,6
9264,"2023-08-07",农林牧渔,电话,5
9265,"2023-08-07",科教文体,来信,5
9266,"2023-08-07",公卫医疗,来信,15
9267,"2023-08-07",城乡建设,来信,14
9268,"2023-08-07",交通运输,来信,30
9269,"2023-08-07",农林牧渔,来信,18
9270,"2023-08-07",科教文体,网站,34
9271,"2023-08-07",公卫医疗,网站,0
9272,"2023-08-07",城乡建设,网站,14
9273,"2023-08-07",交通运输,网站,32
9274,"2023-08-07",农林牧渔,网站,21
9275,"2023-08-07",科教文体,小程序/公众号,17
9276,"2023-08-07",公卫医疗,小程序/公众号,12
9277,"2023-08-07",城乡建设,小程序/公众号,40
9278,"2023-08-07",交通运输,小程序/公众号,25
9279,"2023-08-07",农林牧渔,小程序/公众号,13
9280,"2023-08-08",科教文体,电话,30
9281,"2023-08-08",公卫医疗,电话,3
9282,"2023-08-08",城乡建设,电话,27
9283,"2023-08-08",交通运输,电话,11
9284,"2023-08-08",农林牧渔,电话,2
9285,"2023-08-08",科教文体,来信,16
9286,"2023-08-08",公卫医疗,来信,7
9287,"2023-08-08",城乡建设,来信,13
9288,"2023-08-08",交通运输,来信,15
9289,"2023-08-08",农林牧渔,来信,3
9290,"2023-08-08",科教文体,网站,37
9291,"2023-08-08",公卫医疗,网站,23
9292,"2023-08-08",城乡建设,网站,25
9293,"2023-08-08",交通运输,网站,2
9294,"2023-08-08",农林牧渔,网站,7
9295,"2023-08-08",科教文体,小程序/公众号,21
9296,"2023-08-08",公卫医疗,小程序/公众号,8
9297,"2023-08-08",城乡建设,小程序/公众号,45
9298,"2023-08-08",交通运输,小程序/公众号,16
9299,"2023-08-08",农林牧渔,小程序/公众号,30
9300,"2023-08-09",科教文体,电话,8
9301,"2023-08-09",公卫医疗,电话,23
9302,"2023-08-09",城乡建设,电话,15
9303,"2023-08-09",交通运输,电话,5
9304,"2023-08-09",农林牧渔,电话,31
9305,"2023-08-09",科教文体,来信,6
9306,"2023-08-09",公卫医疗,来信,13
9307,"2023-08-09",城乡建设,来信,20
9308,"2023-08-09",交通运输,来信,0
9309,"2023-08-09",农林牧渔,来信,11
9310,"2023-08-09",科教文体,网站,24
9311,"2023-08-09",公卫医疗,网站,18
9312,"2023-08-09",城乡建设,网站,10
9313,"2023-08-09",交通运输,网站,13
9314,"2023-08-09",农林牧渔,网站,12
9315,"2023-08-09",科教文体,小程序/公众号,60
9316,"2023-08-09",公卫医疗,小程序/公众号,37
9317,"2023-08-09",城乡建设,小程序/公众号,18
9318,"2023-08-09",交通运输,小程序/公众号,33
9319,"2023-08-09",农林牧渔,小程序/公众号,1
9320,"2023-08-10",科教文体,电话,21
9321,"2023-08-10",公卫医疗,电话,14
9322,"2023-08-10",城乡建设,电话,15
9323,"2023-08-10",交通运输,电话,18
9324,"2023-08-10",农林牧渔,电话,11
9325,"2023-08-10",科教文体,来信,22
9326,"2023-08-10",公卫医疗,来信,14
9327,"2023-08-10",城乡建设,来信,2
9328,"2023-08-10",交通运输,来信,14
9329,"2023-08-10",农林牧渔,来信,14
9330,"2023-08-10",科教文体,网站,12
9331,"2023-08-10",公卫医疗,网站,28
9332,"2023-08-10",城乡建设,网站,14
9333,"2023-08-10",交通运输,网站,19
9334,"2023-08-10",农林牧渔,网站,20
9335,"2023-08-10",科教文体,小程序/公众号,49
9336,"2023-08-10",公卫医疗,小程序/公众号,21
9337,"2023-08-10",城乡建设,小程序/公众号,26
9338,"2023-08-10",交通运输,小程序/公众号,41
9339,"2023-08-10",农林牧渔,小程序/公众号,14
9340,"2023-08-11",科教文体,电话,14
9341,"2023-08-11",公卫医疗,电话,53
9342,"2023-08-11",城乡建设,电话,55
9343,"2023-08-11",交通运输,电话,38
9344,"2023-08-11",农林牧渔,电话,24
9345,"2023-08-11",科教文体,来信,13
9346,"2023-08-11",公卫医疗,来信,15
9347,"2023-08-11",城乡建设,来信,4
9348,"2023-08-11",交通运输,来信,11
9349,"2023-08-11",农林牧渔,来信,8
9350,"2023-08-11",科教文体,网站,25
9351,"2023-08-11",公卫医疗,网站,6
9352,"2023-08-11",城乡建设,网站,1
9353,"2023-08-11",交通运输,网站,63
9354,"2023-08-11",农林牧渔,网站,35
9355,"2023-08-11",科教文体,小程序/公众号,43
9356,"2023-08-11",公卫医疗,小程序/公众号,111
9357,"2023-08-11",城乡建设,小程序/公众号,90
9358,"2023-08-11",交通运输,小程序/公众号,146
9359,"2023-08-11",农林牧渔,小程序/公众号,149
9360,"2023-08-12",科教文体,电话,25
9361,"2023-08-12",公卫医疗,电话,24
9362,"2023-08-12",城乡建设,电话,29
9363,"2023-08-12",交通运输,电话,20
9364,"2023-08-12",农林牧渔,电话,21
9365,"2023-08-12",科教文体,来信,3
9366,"2023-08-12",公卫医疗,来信,6
9367,"2023-08-12",城乡建设,来信,22
9368,"2023-08-12",交通运输,来信,24
9369,"2023-08-12",农林牧渔,来信,6
9370,"2023-08-12",科教文体,网站,84
9371,"2023-08-12",公卫医疗,网站,55
9372,"2023-08-12",城乡建设,网站,77
9373,"2023-08-12",交通运输,网站,26
9374,"2023-08-12",农林牧渔,网站,64
9375,"2023-08-12",科教文体,小程序/公众号,21
9376,"2023-08-12",公卫医疗,小程序/公众号,124
9377,"2023-08-12",城乡建设,小程序/公众号,106
9378,"2023-08-12",交通运输,小程序/公众号,125
9379,"2023-08-12",农林牧渔,小程序/公众号,55
9380,"2023-08-13",科教文体,电话,13
9381,"2023-08-13",公卫医疗,电话,12
9382,"2023-08-13",城乡建设,电话,11
9383,"2023-08-13",交通运输,电话,2
9384,"2023-08-13",农林牧渔,电话,15
9385,"2023-08-13",科教文体,来信,37
9386,"2023-08-13",公卫医疗,来信,16
9387,"2023-08-13",城乡建设,来信,46
9388,"2023-08-13",交通运输,来信,17
9389,"2023-08-13",农林牧渔,来信,9
9390,"2023-08-13",科教文体,网站,39
9391,"2023-08-13",公卫医疗,网站,4
9392,"2023-08-13",城乡建设,网站,5
9393,"2023-08-13",交通运输,网站,33
9394,"2023-08-13",农林牧渔,网站,4
9395,"2023-08-13",科教文体,小程序/公众号,132
9396,"2023-08-13",公卫医疗,小程序/公众号,87
9397,"2023-08-13",城乡建设,小程序/公众号,74
9398,"2023-08-13",交通运输,小程序/公众号,114
9399,"2023-08-13",农林牧渔,小程序/公众号,48
9400,"2023-08-14",科教文体,电话,0
9401,"2023-08-14",公卫医疗,电话,66
9402,"2023-08-14",城乡建设,电话,45
9403,"2023-08-14",交通运输,电话,16
9404,"2023-08-14",农林牧渔,电话,22
9405,"2023-08-14",科教文体,来信,17
9406,"2023-08-14",公卫医疗,来信,12
9407,"2023-08-14",城乡建设,来信,26
9408,"2023-08-14",交通运输,来信,21
9409,"2023-08-14",农林牧渔,来信,9
9410,"2023-08-14",科教文体,网站,16
9411,"2023-08-14",公卫医疗,网站,71
9412,"2023-08-14",城乡建设,网站,14
9413,"2023-08-14",交通运输,网站,16
9414,"2023-08-14",农林牧渔,网站,5
9415,"2023-08-14",科教文体,小程序/公众号,127
9416,"2023-08-14",公卫医疗,小程序/公众号,119
9417,"2023-08-14",城乡建设,小程序/公众号,72
9418,"2023-08-14",交通运输,小程序/公众号,154
9419,"2023-08-14",农林牧渔,小程序/公众号,136
9420,"2023-08-15",科教文体,电话,6
9421,"2023-08-15",公卫医疗,电话,9
9422,"2023-08-15",城乡建设,电话,4
9423,"2023-08-15",交通运输,电话,9
9424,"2023-08-15",农林牧渔,电话,1
9425,"2023-08-15",科教文体,来信,8
9426,"2023-08-15",公卫医疗,来信,8
9427,"2023-08-15",城乡建设,来信,8
9428,"2023-08-15",交通运输,来信,6
9429,"2023-08-15",农林牧渔,来信,0
9430,"2023-08-15",科教文体,网站,43
9431,"2023-08-15",公卫医疗,网站,57
9432,"2023-08-15",城乡建设,网站,5
9433,"2023-08-15",交通运输,网站,57
9434,"2023-08-15",农林牧渔,网站,50
9435,"2023-08-15",科教文体,小程序/公众号,42
9436,"2023-08-15",公卫医疗,小程序/公众号,96
9437,"2023-08-15",城乡建设,小程序/公众号,87
9438,"2023-08-15",交通运输,小程序/公众号,87
9439,"2023-08-15",农林牧渔,小程序/公众号,169
9440,"2023-08-16",科教文体,电话,9
9441,"2023-08-16",公卫医疗,电话,6
9442,"2023-08-16",城乡建设,电话,7
9443,"2023-08-16",交通运输,电话,15
9444,"2023-08-16",农林牧渔,电话,18
9445,"2023-08-16",科教文体,来信,6
9446,"2023-08-16",公卫医疗,来信,6
9447,"2023-08-16",城乡建设,来信,10
9448,"2023-08-16",交通运输,来信,1
9449,"2023-08-16",农林牧渔,来信,9
9450,"2023-08-16",科教文体,网站,1
9451,"2023-08-16",公卫医疗,网站,17
9452,"2023-08-16",城乡建设,网站,9
9453,"2023-08-16",交通运输,网站,20
9454,"2023-08-16",农林牧渔,网站,5
9455,"2023-08-16",科教文体,小程序/公众号,130
9456,"2023-08-16",公卫医疗,小程序/公众号,29
9457,"2023-08-16",城乡建设,小程序/公众号,41
9458,"2023-08-16",交通运输,小程序/公众号,76
9459,"2023-08-16",农林牧渔,小程序/公众号,12
9460,"2023-08-17",科教文体,电话,5
9461,"2023-08-17",公卫医疗,电话,14
9462,"2023-08-17",城乡建设,电话,2
9463,"2023-08-17",交通运输,电话,15
9464,"2023-08-17",农林牧渔,电话,10
9465,"2023-08-17",科教文体,来信,34
9466,"2023-08-17",公卫医疗,来信,11
9467,"2023-08-17",城乡建设,来信,7
9468,"2023-08-17",交通运输,来信,25
9469,"2023-08-17",农林牧渔,来信,26
9470,"2023-08-17",科教文体,网站,16
9471,"2023-08-17",公卫医疗,网站,27
9472,"2023-08-17",城乡建设,网站,13
9473,"2023-08-17",交通运输,网站,34
9474,"2023-08-17",农林牧渔,网站,25
9475,"2023-08-17",科教文体,小程序/公众号,62
9476,"2023-08-17",公卫医疗,小程序/公众号,46
9477,"2023-08-17",城乡建设,小程序/公众号,62
9478,"2023-08-17",交通运输,小程序/公众号,40
9479,"2023-08-17",农林牧渔,小程序/公众号,2
9480,"2023-08-18",科教文体,电话,3
9481,"2023-08-18",公卫医疗,电话,2
9482,"2023-08-18",城乡建设,电话,3
9483,"2023-08-18",交通运输,电话,4
9484,"2023-08-18",农林牧渔,电话,3
9485,"2023-08-18",科教文体,来信,3
9486,"2023-08-18",公卫医疗,来信,10
9487,"2023-08-18",城乡建设,来信,0
9488,"2023-08-18",交通运输,来信,1
9489,"2023-08-18",农林牧渔,来信,7
9490,"2023-08-18",科教文体,网站,30
9491,"2023-08-18",公卫医疗,网站,22
9492,"2023-08-18",城乡建设,网站,1
9493,"2023-08-18",交通运输,网站,14
9494,"2023-08-18",农林牧渔,网站,43
9495,"2023-08-18",科教文体,小程序/公众号,17
9496,"2023-08-18",公卫医疗,小程序/公众号,20
9497,"2023-08-18",城乡建设,小程序/公众号,38
9498,"2023-08-18",交通运输,小程序/公众号,36
9499,"2023-08-18",农林牧渔,小程序/公众号,50
9500,"2023-08-19",科教文体,电话,12
9501,"2023-08-19",公卫医疗,电话,13
9502,"2023-08-19",城乡建设,电话,4
9503,"2023-08-19",交通运输,电话,5
9504,"2023-08-19",农林牧渔,电话,14
9505,"2023-08-19",科教文体,来信,11
9506,"2023-08-19",公卫医疗,来信,10
9507,"2023-08-19",城乡建设,来信,29
9508,"2023-08-19",交通运输,来信,27
9509,"2023-08-19",农林牧渔,来信,7
9510,"2023-08-19",科教文体,网站,0
9511,"2023-08-19",公卫医疗,网站,29
9512,"2023-08-19",城乡建设,网站,21
9513,"2023-08-19",交通运输,网站,26
9514,"2023-08-19",农林牧渔,网站,28
9515,"2023-08-19",科教文体,小程序/公众号,43
9516,"2023-08-19",公卫医疗,小程序/公众号,94
9517,"2023-08-19",城乡建设,小程序/公众号,55
9518,"2023-08-19",交通运输,小程序/公众号,74
9519,"2023-08-19",农林牧渔,小程序/公众号,10
9520,"2023-08-20",科教文体,电话,19
9521,"2023-08-20",公卫医疗,电话,36
9522,"2023-08-20",城乡建设,电话,7
9523,"2023-08-20",交通运输,电话,72
9524,"2023-08-20",农林牧渔,电话,28
9525,"2023-08-20",科教文体,来信,18
9526,"2023-08-20",公卫医疗,来信,42
9527,"2023-08-20",城乡建设,来信,31
9528,"2023-08-20",交通运输,来信,43
9529,"2023-08-20",农林牧渔,来信,51
9530,"2023-08-20",科教文体,网站,3
9531,"2023-08-20",公卫医疗,网站,0
9532,"2023-08-20",城乡建设,网站,4
9533,"2023-08-20",交通运输,网站,0
9534,"2023-08-20",农林牧渔,网站,4
9535,"2023-08-20",科教文体,小程序/公众号,85
9536,"2023-08-20",公卫医疗,小程序/公众号,75
9537,"2023-08-20",城乡建设,小程序/公众号,170
9538,"2023-08-20",交通运输,小程序/公众号,51
9539,"2023-08-20",农林牧渔,小程序/公众号,98
9540,"2023-08-21",科教文体,电话,3
9541,"2023-08-21",公卫医疗,电话,29
9542,"2023-08-21",城乡建设,电话,19
9543,"2023-08-21",交通运输,电话,16
9544,"2023-08-21",农林牧渔,电话,50
9545,"2023-08-21",科教文体,来信,44
9546,"2023-08-21",公卫医疗,来信,16
9547,"2023-08-21",城乡建设,来信,0
9548,"2023-08-21",交通运输,来信,14
9549,"2023-08-21",农林牧渔,来信,46
9550,"2023-08-21",科教文体,网站,4
9551,"2023-08-21",公卫医疗,网站,7
9552,"2023-08-21",城乡建设,网站,1
9553,"2023-08-21",交通运输,网站,5
9554,"2023-08-21",农林牧渔,网站,3
9555,"2023-08-21",科教文体,小程序/公众号,132
9556,"2023-08-21",公卫医疗,小程序/公众号,50
9557,"2023-08-21",城乡建设,小程序/公众号,81
9558,"2023-08-21",交通运输,小程序/公众号,111
9559,"2023-08-21",农林牧渔,小程序/公众号,95
9560,"2023-08-22",科教文体,电话,15
9561,"2023-08-22",公卫医疗,电话,8
9562,"2023-08-22",城乡建设,电话,4
9563,"2023-08-22",交通运输,电话,12
9564,"2023-08-22",农林牧渔,电话,7
9565,"2023-08-22",科教文体,来信,26
9566,"2023-08-22",公卫医疗,来信,32
9567,"2023-08-22",城乡建设,来信,26
9568,"2023-08-22",交通运输,来信,21
9569,"2023-08-22",农林牧渔,来信,5
9570,"2023-08-22",科教文体,网站,50
9571,"2023-08-22",公卫医疗,网站,54
9572,"2023-08-22",城乡建设,网站,15
9573,"2023-08-22",交通运输,网站,54
9574,"2023-08-22",农林牧渔,网站,39
9575,"2023-08-22",科教文体,小程序/公众号,29
9576,"2023-08-22",公卫医疗,小程序/公众号,72
9577,"2023-08-22",城乡建设,小程序/公众号,85
9578,"2023-08-22",交通运输,小程序/公众号,100
9579,"2023-08-22",农林牧渔,小程序/公众号,74
9580,"2023-08-23",科教文体,电话,15
9581,"2023-08-23",公卫医疗,电话,5
9582,"2023-08-23",城乡建设,电话,14
9583,"2023-08-23",交通运输,电话,3
9584,"2023-08-23",农林牧渔,电话,3
9585,"2023-08-23",科教文体,来信,23
9586,"2023-08-23",公卫医疗,来信,8
9587,"2023-08-23",城乡建设,来信,17
9588,"2023-08-23",交通运输,来信,5
9589,"2023-08-23",农林牧渔,来信,32
9590,"2023-08-23",科教文体,网站,4
9591,"2023-08-23",公卫医疗,网站,9
9592,"2023-08-23",城乡建设,网站,5
9593,"2023-08-23",交通运输,网站,5
9594,"2023-08-23",农林牧渔,网站,4
9595,"2023-08-23",科教文体,小程序/公众号,13
9596,"2023-08-23",公卫医疗,小程序/公众号,1
9597,"2023-08-23",城乡建设,小程序/公众号,61
9598,"2023-08-23",交通运输,小程序/公众号,19
9599,"2023-08-23",农林牧渔,小程序/公众号,61
9600,"2023-08-24",科教文体,电话,27
9601,"2023-08-24",公卫医疗,电话,6
9602,"2023-08-24",城乡建设,电话,20
9603,"2023-08-24",交通运输,电话,24
9604,"2023-08-24",农林牧渔,电话,30
9605,"2023-08-24",科教文体,来信,28
9606,"2023-08-24",公卫医疗,来信,29
9607,"2023-08-24",城乡建设,来信,25
9608,"2023-08-24",交通运输,来信,31
9609,"2023-08-24",农林牧渔,来信,20
9610,"2023-08-24",科教文体,网站,23
9611,"2023-08-24",公卫医疗,网站,59
9612,"2023-08-24",城乡建设,网站,58
9613,"2023-08-24",交通运输,网站,48
9614,"2023-08-24",农林牧渔,网站,9
9615,"2023-08-24",科教文体,小程序/公众号,45
9616,"2023-08-24",公卫医疗,小程序/公众号,9
9617,"2023-08-24",城乡建设,小程序/公众号,86
9618,"2023-08-24",交通运输,小程序/公众号,98
9619,"2023-08-24",农林牧渔,小程序/公众号,57
9620,"2023-08-25",科教文体,电话,27
9621,"2023-08-25",公卫医疗,电话,6
9622,"2023-08-25",城乡建设,电话,6
9623,"2023-08-25",交通运输,电话,4
9624,"2023-08-25",农林牧渔,电话,2
9625,"2023-08-25",科教文体,来信,0
9626,"2023-08-25",公卫医疗,来信,13
9627,"2023-08-25",城乡建设,来信,3
9628,"2023-08-25",交通运输,来信,8
9629,"2023-08-25",农林牧渔,来信,8
9630,"2023-08-25",科教文体,网站,26
9631,"2023-08-25",公卫医疗,网站,17
9632,"2023-08-25",城乡建设,网站,41
9633,"2023-08-25",交通运输,网站,31
9634,"2023-08-25",农林牧渔,网站,14
9635,"2023-08-25",科教文体,小程序/公众号,71
9636,"2023-08-25",公卫医疗,小程序/公众号,38
9637,"2023-08-25",城乡建设,小程序/公众号,75
9638,"2023-08-25",交通运输,小程序/公众号,18
9639,"2023-08-25",农林牧渔,小程序/公众号,26
9640,"2023-08-26",科教文体,电话,5
9641,"2023-08-26",公卫医疗,电话,4
9642,"2023-08-26",城乡建设,电话,1
9643,"2023-08-26",交通运输,电话,5
9644,"2023-08-26",农林牧渔,电话,4
9645,"2023-08-26",科教文体,来信,20
9646,"2023-08-26",公卫医疗,来信,25
9647,"2023-08-26",城乡建设,来信,0
9648,"2023-08-26",交通运输,来信,5
9649,"2023-08-26",农林牧渔,来信,10
9650,"2023-08-26",科教文体,网站,37
9651,"2023-08-26",公卫医疗,网站,26
9652,"2023-08-26",城乡建设,网站,40
9653,"2023-08-26",交通运输,网站,19
9654,"2023-08-26",农林牧渔,网站,30
9655,"2023-08-26",科教文体,小程序/公众号,67
9656,"2023-08-26",公卫医疗,小程序/公众号,72
9657,"2023-08-26",城乡建设,小程序/公众号,20
9658,"2023-08-26",交通运输,小程序/公众号,218
9659,"2023-08-26",农林牧渔,小程序/公众号,109
9660,"2023-08-27",科教文体,电话,3
9661,"2023-08-27",公卫医疗,电话,9
9662,"2023-08-27",城乡建设,电话,18
9663,"2023-08-27",交通运输,电话,13
9664,"2023-08-27",农林牧渔,电话,6
9665,"2023-08-27",科教文体,来信,47
9666,"2023-08-27",公卫医疗,来信,5
9667,"2023-08-27",城乡建设,来信,3
9668,"2023-08-27",交通运输,来信,41
9669,"2023-08-27",农林牧渔,来信,53
9670,"2023-08-27",科教文体,网站,24
9671,"2023-08-27",公卫医疗,网站,19
9672,"2023-08-27",城乡建设,网站,33
9673,"2023-08-27",交通运输,网站,11
9674,"2023-08-27",农林牧渔,网站,11
9675,"2023-08-27",科教文体,小程序/公众号,44
9676,"2023-08-27",公卫医疗,小程序/公众号,110
9677,"2023-08-27",城乡建设,小程序/公众号,59
9678,"2023-08-27",交通运输,小程序/公众号,57
9679,"2023-08-27",农林牧渔,小程序/公众号,78
9680,"2023-08-28",科教文体,电话,68
9681,"2023-08-28",公卫医疗,电话,7
9682,"2023-08-28",城乡建设,电话,33
9683,"2023-08-28",交通运输,电话,19
9684,"2023-08-28",农林牧渔,电话,73
9685,"2023-08-28",科教文体,来信,1
9686,"2023-08-28",公卫医疗,来信,10
9687,"2023-08-28",城乡建设,来信,22
9688,"2023-08-28",交通运输,来信,8
9689,"2023-08-28",农林牧渔,来信,9
9690,"2023-08-28",科教文体,网站,48
9691,"2023-08-28",公卫医疗,网站,45
9692,"2023-08-28",城乡建设,网站,49
9693,"2023-08-28",交通运输,网站,43
9694,"2023-08-28",农林牧渔,网站,26
9695,"2023-08-28",科教文体,小程序/公众号,229
9696,"2023-08-28",公卫医疗,小程序/公众号,141
9697,"2023-08-28",城乡建设,小程序/公众号,34
9698,"2023-08-28",交通运输,小程序/公众号,42
9699,"2023-08-28",农林牧渔,小程序/公众号,58
9700,"2023-08-29",科教文体,电话,10
9701,"2023-08-29",公卫医疗,电话,20
9702,"2023-08-29",城乡建设,电话,42
9703,"2023-08-29",交通运输,电话,51
9704,"2023-08-29",农林牧渔,电话,39
9705,"2023-08-29",科教文体,来信,9
9706,"2023-08-29",公卫医疗,来信,7
9707,"2023-08-29",城乡建设,来信,11
9708,"2023-08-29",交通运输,来信,10
9709,"2023-08-29",农林牧渔,来信,13
9710,"2023-08-29",科教文体,网站,11
9711,"2023-08-29",公卫医疗,网站,16
9712,"2023-08-29",城乡建设,网站,3
9713,"2023-08-29",交通运输,网站,14
9714,"2023-08-29",农林牧渔,网站,7
9715,"2023-08-29",科教文体,小程序/公众号,121
9716,"2023-08-29",公卫医疗,小程序/公众号,125
9717,"2023-08-29",城乡建设,小程序/公众号,151
9718,"2023-08-29",交通运输,小程序/公众号,57
9719,"2023-08-29",农林牧渔,小程序/公众号,67
9720,"2023-08-30",科教文体,电话,8
9721,"2023-08-30",公卫医疗,电话,51
9722,"2023-08-30",城乡建设,电话,0
9723,"2023-08-30",交通运输,电话,1
9724,"2023-08-30",农林牧渔,电话,19
9725,"2023-08-30",科教文体,来信,7
9726,"2023-08-30",公卫医疗,来信,19
9727,"2023-08-30",城乡建设,来信,4
9728,"2023-08-30",交通运输,来信,22
9729,"2023-08-30",农林牧渔,来信,6
9730,"2023-08-30",科教文体,网站,37
9731,"2023-08-30",公卫医疗,网站,12
9732,"2023-08-30",城乡建设,网站,7
9733,"2023-08-30",交通运输,网站,10
9734,"2023-08-30",农林牧渔,网站,48
9735,"2023-08-30",科教文体,小程序/公众号,86
9736,"2023-08-30",公卫医疗,小程序/公众号,88
9737,"2023-08-30",城乡建设,小程序/公众号,66
9738,"2023-08-30",交通运输,小程序/公众号,67
9739,"2023-08-30",农林牧渔,小程序/公众号,61
9740,"2023-08-31",科教文体,电话,11
9741,"2023-08-31",公卫医疗,电话,2
9742,"2023-08-31",城乡建设,电话,0
9743,"2023-08-31",交通运输,电话,5
9744,"2023-08-31",农林牧渔,电话,1
9745,"2023-08-31",科教文体,来信,11
9746,"2023-08-31",公卫医疗,来信,9
9747,"2023-08-31",城乡建设,来信,4
9748,"2023-08-31",交通运输,来信,8
9749,"2023-08-31",农林牧渔,来信,5
9750,"2023-08-31",科教文体,网站,3
9751,"2023-08-31",公卫医疗,网站,46
9752,"2023-08-31",城乡建设,网站,23
9753,"2023-08-31",交通运输,网站,53
9754,"2023-08-31",农林牧渔,网站,19
9755,"2023-08-31",科教文体,小程序/公众号,94
9756,"2023-08-31",公卫医疗,小程序/公众号,25
9757,"2023-08-31",城乡建设,小程序/公众号,4
9758,"2023-08-31",交通运输,小程序/公众号,162
9759,"2023-08-31",农林牧渔,小程序/公众号,85
9760,"2023-09-01",科教文体,电话,20
9761,"2023-09-01",公卫医疗,电话,29
9762,"2023-09-01",城乡建设,电话,6
9763,"2023-09-01",交通运输,电话,6
9764,"2023-09-01",农林牧渔,电话,12
9765,"2023-09-01",科教文体,来信,52
9766,"2023-09-01",公卫医疗,来信,57
9767,"2023-09-01",城乡建设,来信,58
9768,"2023-09-01",交通运输,来信,54
9769,"2023-09-01",农林牧渔,来信,1
9770,"2023-09-01",科教文体,网站,13
9771,"2023-09-01",公卫医疗,网站,104
9772,"2023-09-01",城乡建设,网站,15
9773,"2023-09-01",交通运输,网站,76
9774,"2023-09-01",农林牧渔,网站,56
9775,"2023-09-01",科教文体,小程序/公众号,2
9776,"2023-09-01",公卫医疗,小程序/公众号,117
9777,"2023-09-01",城乡建设,小程序/公众号,25
9778,"2023-09-01",交通运输,小程序/公众号,211
9779,"2023-09-01",农林牧渔,小程序/公众号,49
9780,"2023-09-02",科教文体,电话,21
9781,"2023-09-02",公卫医疗,电话,3
9782,"2023-09-02",城乡建设,电话,40
9783,"2023-09-02",交通运输,电话,28
9784,"2023-09-02",农林牧渔,电话,31
9785,"2023-09-02",科教文体,来信,11
9786,"2023-09-02",公卫医疗,来信,19
9787,"2023-09-02",城乡建设,来信,6
9788,"2023-09-02",交通运输,来信,7
9789,"2023-09-02",农林牧渔,来信,23
9790,"2023-09-02",科教文体,网站,25
9791,"2023-09-02",公卫医疗,网站,39
9792,"2023-09-02",城乡建设,网站,45
9793,"2023-09-02",交通运输,网站,5
9794,"2023-09-02",农林牧渔,网站,37
9795,"2023-09-02",科教文体,小程序/公众号,120
9796,"2023-09-02",公卫医疗,小程序/公众号,128
9797,"2023-09-02",城乡建设,小程序/公众号,43
9798,"2023-09-02",交通运输,小程序/公众号,163
9799,"2023-09-02",农林牧渔,小程序/公众号,48
9800,"2023-09-03",科教文体,电话,3
9801,"2023-09-03",公卫医疗,电话,11
9802,"2023-09-03",城乡建设,电话,9
9803,"2023-09-03",交通运输,电话,6
9804,"2023-09-03",农林牧渔,电话,3
9805,"2023-09-03",科教文体,来信,14
9806,"2023-09-03",公卫医疗,来信,26
9807,"2023-09-03",城乡建设,来信,21
9808,"2023-09-03",交通运输,来信,26
9809,"2023-09-03",农林牧渔,来信,19
9810,"2023-09-03",科教文体,网站,99
9811,"2023-09-03",公卫医疗,网站,53
9812,"2023-09-03",城乡建设,网站,5
9813,"2023-09-03",交通运输,网站,141
9814,"2023-09-03",农林牧渔,网站,0
9815,"2023-09-03",科教文体,小程序/公众号,104
9816,"2023-09-03",公卫医疗,小程序/公众号,92
9817,"2023-09-03",城乡建设,小程序/公众号,37
9818,"2023-09-03",交通运输,小程序/公众号,50
9819,"2023-09-03",农林牧渔,小程序/公众号,28
9820,"2023-09-04",科教文体,电话,22
9821,"2023-09-04",公卫医疗,电话,22
9822,"2023-09-04",城乡建设,电话,58
9823,"2023-09-04",交通运输,电话,33
9824,"2023-09-04",农林牧渔,电话,33
9825,"2023-09-04",科教文体,来信,11
9826,"2023-09-04",公卫医疗,来信,7
9827,"2023-09-04",城乡建设,来信,3
9828,"2023-09-04",交通运输,来信,5
9829,"2023-09-04",农林牧渔,来信,11
9830,"2023-09-04",科教文体,网站,6
9831,"2023-09-04",公卫医疗,网站,1
9832,"2023-09-04",城乡建设,网站,1
9833,"2023-09-04",交通运输,网站,2
9834,"2023-09-04",农林牧渔,网站,6
9835,"2023-09-04",科教文体,小程序/公众号,192
9836,"2023-09-04",公卫医疗,小程序/公众号,57
9837,"2023-09-04",城乡建设,小程序/公众号,179
9838,"2023-09-04",交通运输,小程序/公众号,96
9839,"2023-09-04",农林牧渔,小程序/公众号,187
9840,"2023-09-05",科教文体,电话,8
9841,"2023-09-05",公卫医疗,电话,4
9842,"2023-09-05",城乡建设,电话,3
9843,"2023-09-05",交通运输,电话,3
9844,"2023-09-05",农林牧渔,电话,9
9845,"2023-09-05",科教文体,来信,14
9846,"2023-09-05",公卫医疗,来信,13
9847,"2023-09-05",城乡建设,来信,11
9848,"2023-09-05",交通运输,来信,10
9849,"2023-09-05",农林牧渔,来信,9
9850,"2023-09-05",科教文体,网站,4
9851,"2023-09-05",公卫医疗,网站,0
9852,"2023-09-05",城乡建设,网站,6
9853,"2023-09-05",交通运输,网站,7
9854,"2023-09-05",农林牧渔,网站,6
9855,"2023-09-05",科教文体,小程序/公众号,18
9856,"2023-09-05",公卫医疗,小程序/公众号,69
9857,"2023-09-05",城乡建设,小程序/公众号,95
9858,"2023-09-05",交通运输,小程序/公众号,108
9859,"2023-09-05",农林牧渔,小程序/公众号,107
9860,"2023-09-06",科教文体,电话,11
9861,"2023-09-06",公卫医疗,电话,1
9862,"2023-09-06",城乡建设,电话,13
9863,"2023-09-06",交通运输,电话,15
9864,"2023-09-06",农林牧渔,电话,19
9865,"2023-09-06",科教文体,来信,0
9866,"2023-09-06",公卫医疗,来信,10
9867,"2023-09-06",城乡建设,来信,59
9868,"2023-09-06",交通运输,来信,13
9869,"2023-09-06",农林牧渔,来信,7
9870,"2023-09-06",科教文体,网站,13
9871,"2023-09-06",公卫医疗,网站,27
9872,"2023-09-06",城乡建设,网站,13
9873,"2023-09-06",交通运输,网站,14
9874,"2023-09-06",农林牧渔,网站,22
9875,"2023-09-06",科教文体,小程序/公众号,11
9876,"2023-09-06",公卫医疗,小程序/公众号,11
9877,"2023-09-06",城乡建设,小程序/公众号,33
9878,"2023-09-06",交通运输,小程序/公众号,26
9879,"2023-09-06",农林牧渔,小程序/公众号,44
9880,"2023-09-07",科教文体,电话,28
9881,"2023-09-07",公卫医疗,电话,9
9882,"2023-09-07",城乡建设,电话,10
9883,"2023-09-07",交通运输,电话,24
9884,"2023-09-07",农林牧渔,电话,16
9885,"2023-09-07",科教文体,来信,9
9886,"2023-09-07",公卫医疗,来信,0
9887,"2023-09-07",城乡建设,来信,6
9888,"2023-09-07",交通运输,来信,10
9889,"2023-09-07",农林牧渔,来信,10
9890,"2023-09-07",科教文体,网站,0
9891,"2023-09-07",公卫医疗,网站,7
9892,"2023-09-07",城乡建设,网站,37
9893,"2023-09-07",交通运输,网站,32
9894,"2023-09-07",农林牧渔,网站,22
9895,"2023-09-07",科教文体,小程序/公众号,1
9896,"2023-09-07",公卫医疗,小程序/公众号,47
9897,"2023-09-07",城乡建设,小程序/公众号,38
9898,"2023-09-07",交通运输,小程序/公众号,26
9899,"2023-09-07",农林牧渔,小程序/公众号,39
9900,"2023-09-08",科教文体,电话,3
9901,"2023-09-08",公卫医疗,电话,28
9902,"2023-09-08",城乡建设,电话,28
9903,"2023-09-08",交通运输,电话,18
9904,"2023-09-08",农林牧渔,电话,18
9905,"2023-09-08",科教文体,来信,64
9906,"2023-09-08",公卫医疗,来信,59
9907,"2023-09-08",城乡建设,来信,41
9908,"2023-09-08",交通运输,来信,71
9909,"2023-09-08",农林牧渔,来信,59
9910,"2023-09-08",科教文体,网站,72
9911,"2023-09-08",公卫医疗,网站,48
9912,"2023-09-08",城乡建设,网站,7
9913,"2023-09-08",交通运输,网站,21
9914,"2023-09-08",农林牧渔,网站,21
9915,"2023-09-08",科教文体,小程序/公众号,78
9916,"2023-09-08",公卫医疗,小程序/公众号,101
9917,"2023-09-08",城乡建设,小程序/公众号,70
9918,"2023-09-08",交通运输,小程序/公众号,19
9919,"2023-09-08",农林牧渔,小程序/公众号,159
9920,"2023-09-09",科教文体,电话,2
9921,"2023-09-09",公卫医疗,电话,6
9922,"2023-09-09",城乡建设,电话,17
9923,"2023-09-09",交通运输,电话,17
9924,"2023-09-09",农林牧渔,电话,1
9925,"2023-09-09",科教文体,来信,1
9926,"2023-09-09",公卫医疗,来信,48
9927,"2023-09-09",城乡建设,来信,2
9928,"2023-09-09",交通运输,来信,25
9929,"2023-09-09",农林牧渔,来信,13
9930,"2023-09-09",科教文体,网站,63
9931,"2023-09-09",公卫医疗,网站,37
9932,"2023-09-09",城乡建设,网站,37
9933,"2023-09-09",交通运输,网站,46
9934,"2023-09-09",农林牧渔,网站,72
9935,"2023-09-09",科教文体,小程序/公众号,137
9936,"2023-09-09",公卫医疗,小程序/公众号,95
9937,"2023-09-09",城乡建设,小程序/公众号,109
9938,"2023-09-09",交通运输,小程序/公众号,35
9939,"2023-09-09",农林牧渔,小程序/公众号,133
9940,"2023-09-10",科教文体,电话,2
9941,"2023-09-10",公卫医疗,电话,9
9942,"2023-09-10",城乡建设,电话,2
9943,"2023-09-10",交通运输,电话,9
9944,"2023-09-10",农林牧渔,电话,3
9945,"2023-09-10",科教文体,来信,13
9946,"2023-09-10",公卫医疗,来信,8
9947,"2023-09-10",城乡建设,来信,11
9948,"2023-09-10",交通运输,来信,7
9949,"2023-09-10",农林牧渔,来信,3
9950,"2023-09-10",科教文体,网站,1
9951,"2023-09-10",公卫医疗,网站,67
9952,"2023-09-10",城乡建设,网站,12
9953,"2023-09-10",交通运输,网站,74
9954,"2023-09-10",农林牧渔,网站,10
9955,"2023-09-10",科教文体,小程序/公众号,66
9956,"2023-09-10",公卫医疗,小程序/公众号,29
9957,"2023-09-10",城乡建设,小程序/公众号,7
9958,"2023-09-10",交通运输,小程序/公众号,73
9959,"2023-09-10",农林牧渔,小程序/公众号,31
9960,"2023-09-11",科教文体,电话,5
9961,"2023-09-11",公卫医疗,电话,12
9962,"2023-09-11",城乡建设,电话,0
9963,"2023-09-11",交通运输,电话,8
9964,"2023-09-11",农林牧渔,电话,6
9965,"2023-09-11",科教文体,来信,48
9966,"2023-09-11",公卫医疗,来信,13
9967,"2023-09-11",城乡建设,来信,52
9968,"2023-09-11",交通运输,来信,63
9969,"2023-09-11",农林牧渔,来信,26
9970,"2023-09-11",科教文体,网站,68
9971,"2023-09-11",公卫医疗,网站,60
9972,"2023-09-11",城乡建设,网站,58
9973,"2023-09-11",交通运输,网站,2
9974,"2023-09-11",农林牧渔,网站,42
9975,"2023-09-11",科教文体,小程序/公众号,78
9976,"2023-09-11",公卫医疗,小程序/公众号,28
9977,"2023-09-11",城乡建设,小程序/公众号,75
9978,"2023-09-11",交通运输,小程序/公众号,31
9979,"2023-09-11",农林牧渔,小程序/公众号,82
9980,"2023-09-12",科教文体,电话,1
9981,"2023-09-12",公卫医疗,电话,1
9982,"2023-09-12",城乡建设,电话,4
9983,"2023-09-12",交通运输,电话,3
9984,"2023-09-12",农林牧渔,电话,3
9985,"2023-09-12",科教文体,来信,30
9986,"2023-09-12",公卫医疗,来信,13
9987,"2023-09-12",城乡建设,来信,34
9988,"2023-09-12",交通运输,来信,17
9989,"2023-09-12",农林牧渔,来信,31
9990,"2023-09-12",科教文体,网站,79
9991,"2023-09-12",公卫医疗,网站,4
9992,"2023-09-12",城乡建设,网站,50
9993,"2023-09-12",交通运输,网站,24
9994,"2023-09-12",农林牧渔,网站,23
9995,"2023-09-12",科教文体,小程序/公众号,123
9996,"2023-09-12",公卫医疗,小程序/公众号,40
9997,"2023-09-12",城乡建设,小程序/公众号,122
9998,"2023-09-12",交通运输,小程序/公众号,87
9999,"2023-09-12",农林牧渔,小程序/公众号,114
10000,"2023-09-13",科教文体,电话,17
10001,"2023-09-13",公卫医疗,电话,10
10002,"2023-09-13",城乡建设,电话,12
10003,"2023-09-13",交通运输,电话,9
10004,"2023-09-13",农林牧渔,电话,20
10005,"2023-09-13",科教文体,来信,2
10006,"2023-09-13",公卫医疗,来信,1
10007,"2023-09-13",城乡建设,来信,5
10008,"2023-09-13",交通运输,来信,5
10009,"2023-09-13",农林牧渔,来信,4
10010,"2023-09-13",科教文体,网站,32
10011,"2023-09-13",公卫医疗,网站,6
10012,"2023-09-13",城乡建设,网站,28
10013,"2023-09-13",交通运输,网站,4
10014,"2023-09-13",农林牧渔,网站,17
10015,"2023-09-13",科教文体,小程序/公众号,46
10016,"2023-09-13",公卫医疗,小程序/公众号,46
10017,"2023-09-13",城乡建设,小程序/公众号,28
10018,"2023-09-13",交通运输,小程序/公众号,16
10019,"2023-09-13",农林牧渔,小程序/公众号,68
10020,"2023-09-14",科教文体,电话,5
10021,"2023-09-14",公卫医疗,电话,26
10022,"2023-09-14",城乡建设,电话,9
10023,"2023-09-14",交通运输,电话,30
10024,"2023-09-14",农林牧渔,电话,5
10025,"2023-09-14",科教文体,来信,10
10026,"2023-09-14",公卫医疗,来信,4
10027,"2023-09-14",城乡建设,来信,9
10028,"2023-09-14",交通运输,来信,7
10029,"2023-09-14",农林牧渔,来信,1
10030,"2023-09-14",科教文体,网站,4
10031,"2023-09-14",公卫医疗,网站,14
10032,"2023-09-14",城乡建设,网站,10
10033,"2023-09-14",交通运输,网站,2
10034,"2023-09-14",农林牧渔,网站,4
10035,"2023-09-14",科教文体,小程序/公众号,45
10036,"2023-09-14",公卫医疗,小程序/公众号,45
10037,"2023-09-14",城乡建设,小程序/公众号,37
10038,"2023-09-14",交通运输,小程序/公众号,56
10039,"2023-09-14",农林牧渔,小程序/公众号,22
10040,"2023-09-15",科教文体,电话,5
10041,"2023-09-15",公卫医疗,电话,10
10042,"2023-09-15",城乡建设,电话,46
10043,"2023-09-15",交通运输,电话,14
10044,"2023-09-15",农林牧渔,电话,45
10045,"2023-09-15",科教文体,来信,61
10046,"2023-09-15",公卫医疗,来信,62
10047,"2023-09-15",城乡建设,来信,32
10048,"2023-09-15",交通运输,来信,65
10049,"2023-09-15",农林牧渔,来信,28
10050,"2023-09-15",科教文体,网站,38
10051,"2023-09-15",公卫医疗,网站,31
10052,"2023-09-15",城乡建设,网站,20
10053,"2023-09-15",交通运输,网站,18
10054,"2023-09-15",农林牧渔,网站,10
10055,"2023-09-15",科教文体,小程序/公众号,7
10056,"2023-09-15",公卫医疗,小程序/公众号,138
10057,"2023-09-15",城乡建设,小程序/公众号,77
10058,"2023-09-15",交通运输,小程序/公众号,112
10059,"2023-09-15",农林牧渔,小程序/公众号,70
10060,"2023-09-16",科教文体,电话,27
10061,"2023-09-16",公卫医疗,电话,0
10062,"2023-09-16",城乡建设,电话,33
10063,"2023-09-16",交通运输,电话,31
10064,"2023-09-16",农林牧渔,电话,16
10065,"2023-09-16",科教文体,来信,13
10066,"2023-09-16",公卫医疗,来信,2
10067,"2023-09-16",城乡建设,来信,9
10068,"2023-09-16",交通运输,来信,3
10069,"2023-09-16",农林牧渔,来信,5
10070,"2023-09-16",科教文体,网站,3
10071,"2023-09-16",公卫医疗,网站,1
10072,"2023-09-16",城乡建设,网站,3
10073,"2023-09-16",交通运输,网站,2
10074,"2023-09-16",农林牧渔,网站,2
10075,"2023-09-16",科教文体,小程序/公众号,119
10076,"2023-09-16",公卫医疗,小程序/公众号,151
10077,"2023-09-16",城乡建设,小程序/公众号,65
10078,"2023-09-16",交通运输,小程序/公众号,158
10079,"2023-09-16",农林牧渔,小程序/公众号,71
10080,"2023-09-17",科教文体,电话,7
10081,"2023-09-17",公卫医疗,电话,5
10082,"2023-09-17",城乡建设,电话,1
10083,"2023-09-17",交通运输,电话,5
10084,"2023-09-17",农林牧渔,电话,3
10085,"2023-09-17",科教文体,来信,26
10086,"2023-09-17",公卫医疗,来信,37
10087,"2023-09-17",城乡建设,来信,4
10088,"2023-09-17",交通运输,来信,13
10089,"2023-09-17",农林牧渔,来信,6
10090,"2023-09-17",科教文体,网站,13
10091,"2023-09-17",公卫医疗,网站,14
10092,"2023-09-17",城乡建设,网站,3
10093,"2023-09-17",交通运输,网站,19
10094,"2023-09-17",农林牧渔,网站,18
10095,"2023-09-17",科教文体,小程序/公众号,129
10096,"2023-09-17",公卫医疗,小程序/公众号,105
10097,"2023-09-17",城乡建设,小程序/公众号,107
10098,"2023-09-17",交通运输,小程序/公众号,22
10099,"2023-09-17",农林牧渔,小程序/公众号,28
10100,"2023-09-18",科教文体,电话,36
10101,"2023-09-18",公卫医疗,电话,12
10102,"2023-09-18",城乡建设,电话,41
10103,"2023-09-18",交通运输,电话,44
10104,"2023-09-18",农林牧渔,电话,45
10105,"2023-09-18",科教文体,来信,41
10106,"2023-09-18",公卫医疗,来信,5
10107,"2023-09-18",城乡建设,来信,86
10108,"2023-09-18",交通运输,来信,100
10109,"2023-09-18",农林牧渔,来信,24
10110,"2023-09-18",科教文体,网站,27
10111,"2023-09-18",公卫医疗,网站,7
10112,"2023-09-18",城乡建设,网站,23
10113,"2023-09-18",交通运输,网站,15
10114,"2023-09-18",农林牧渔,网站,19
10115,"2023-09-18",科教文体,小程序/公众号,79
10116,"2023-09-18",公卫医疗,小程序/公众号,191
10117,"2023-09-18",城乡建设,小程序/公众号,73
10118,"2023-09-18",交通运输,小程序/公众号,95
10119,"2023-09-18",农林牧渔,小程序/公众号,15
10120,"2023-09-19",科教文体,电话,35
10121,"2023-09-19",公卫医疗,电话,24
10122,"2023-09-19",城乡建设,电话,4
10123,"2023-09-19",交通运输,电话,36
10124,"2023-09-19",农林牧渔,电话,21
10125,"2023-09-19",科教文体,来信,26
10126,"2023-09-19",公卫医疗,来信,14
10127,"2023-09-19",城乡建设,来信,39
10128,"2023-09-19",交通运输,来信,18
10129,"2023-09-19",农林牧渔,来信,36
10130,"2023-09-19",科教文体,网站,33
10131,"2023-09-19",公卫医疗,网站,41
10132,"2023-09-19",城乡建设,网站,16
10133,"2023-09-19",交通运输,网站,40
10134,"2023-09-19",农林牧渔,网站,4
10135,"2023-09-19",科教文体,小程序/公众号,71
10136,"2023-09-19",公卫医疗,小程序/公众号,80
10137,"2023-09-19",城乡建设,小程序/公众号,115
10138,"2023-09-19",交通运输,小程序/公众号,93
10139,"2023-09-19",农林牧渔,小程序/公众号,9
10140,"2023-09-20",科教文体,电话,3
10141,"2023-09-20",公卫医疗,电话,10
10142,"2023-09-20",城乡建设,电话,33
10143,"2023-09-20",交通运输,电话,7
10144,"2023-09-20",农林牧渔,电话,67
10145,"2023-09-20",科教文体,来信,10
10146,"2023-09-20",公卫医疗,来信,54
10147,"2023-09-20",城乡建设,来信,3
10148,"2023-09-20",交通运输,来信,45
10149,"2023-09-20",农林牧渔,来信,64
10150,"2023-09-20",科教文体,网站,28
10151,"2023-09-20",公卫医疗,网站,83
10152,"2023-09-20",城乡建设,网站,20
10153,"2023-09-20",交通运输,网站,2
10154,"2023-09-20",农林牧渔,网站,48
10155,"2023-09-20",科教文体,小程序/公众号,72
10156,"2023-09-20",公卫医疗,小程序/公众号,68
10157,"2023-09-20",城乡建设,小程序/公众号,34
10158,"2023-09-20",交通运输,小程序/公众号,50
10159,"2023-09-20",农林牧渔,小程序/公众号,22
10160,"2023-09-21",科教文体,电话,3
10161,"2023-09-21",公卫医疗,电话,1
10162,"2023-09-21",城乡建设,电话,2
10163,"2023-09-21",交通运输,电话,1
10164,"2023-09-21",农林牧渔,电话,3
10165,"2023-09-21",科教文体,来信,43
10166,"2023-09-21",公卫医疗,来信,37
10167,"2023-09-21",城乡建设,来信,14
10168,"2023-09-21",交通运输,来信,34
10169,"2023-09-21",农林牧渔,来信,4
10170,"2023-09-21",科教文体,网站,12
10171,"2023-09-21",公卫医疗,网站,18
10172,"2023-09-21",城乡建设,网站,16
10173,"2023-09-21",交通运输,网站,8
10174,"2023-09-21",农林牧渔,网站,11
10175,"2023-09-21",科教文体,小程序/公众号,70
10176,"2023-09-21",公卫医疗,小程序/公众号,72
10177,"2023-09-21",城乡建设,小程序/公众号,64
10178,"2023-09-21",交通运输,小程序/公众号,59
10179,"2023-09-21",农林牧渔,小程序/公众号,74
10180,"2023-09-22",科教文体,电话,2
10181,"2023-09-22",公卫医疗,电话,3
10182,"2023-09-22",城乡建设,电话,6
10183,"2023-09-22",交通运输,电话,1
10184,"2023-09-22",农林牧渔,电话,2
10185,"2023-09-22",科教文体,来信,31
10186,"2023-09-22",公卫医疗,来信,8
10187,"2023-09-22",城乡建设,来信,55
10188,"2023-09-22",交通运输,来信,15
10189,"2023-09-22",农林牧渔,来信,94
10190,"2023-09-22",科教文体,网站,23
10191,"2023-09-22",公卫医疗,网站,23
10192,"2023-09-22",城乡建设,网站,5
10193,"2023-09-22",交通运输,网站,24
10194,"2023-09-22",农林牧渔,网站,18
10195,"2023-09-22",科教文体,小程序/公众号,138
10196,"2023-09-22",公卫医疗,小程序/公众号,124
10197,"2023-09-22",城乡建设,小程序/公众号,46
10198,"2023-09-22",交通运输,小程序/公众号,76
10199,"2023-09-22",农林牧渔,小程序/公众号,4
10200,"2023-09-23",科教文体,电话,17
10201,"2023-09-23",公卫医疗,电话,5
10202,"2023-09-23",城乡建设,电话,18
10203,"2023-09-23",交通运输,电话,23
10204,"2023-09-23",农林牧渔,电话,22
10205,"2023-09-23",科教文体,来信,18
10206,"2023-09-23",公卫医疗,来信,22
10207,"2023-09-23",城乡建设,来信,19
10208,"2023-09-23",交通运输,来信,18
10209,"2023-09-23",农林牧渔,来信,7
10210,"2023-09-23",科教文体,网站,37
10211,"2023-09-23",公卫医疗,网站,94
10212,"2023-09-23",城乡建设,网站,6
10213,"2023-09-23",交通运输,网站,5
10214,"2023-09-23",农林牧渔,网站,43
10215,"2023-09-23",科教文体,小程序/公众号,71
10216,"2023-09-23",公卫医疗,小程序/公众号,15
10217,"2023-09-23",城乡建设,小程序/公众号,46
10218,"2023-09-23",交通运输,小程序/公众号,29
10219,"2023-09-23",农林牧渔,小程序/公众号,50
10220,"2023-09-24",科教文体,电话,10
10221,"2023-09-24",公卫医疗,电话,13
10222,"2023-09-24",城乡建设,电话,15
10223,"2023-09-24",交通运输,电话,5
10224,"2023-09-24",农林牧渔,电话,3
10225,"2023-09-24",科教文体,来信,35
10226,"2023-09-24",公卫医疗,来信,6
10227,"2023-09-24",城乡建设,来信,33
10228,"2023-09-24",交通运输,来信,20
10229,"2023-09-24",农林牧渔,来信,2
10230,"2023-09-24",科教文体,网站,3
10231,"2023-09-24",公卫医疗,网站,11
10232,"2023-09-24",城乡建设,网站,5
10233,"2023-09-24",交通运输,网站,3
10234,"2023-09-24",农林牧渔,网站,6
10235,"2023-09-24",科教文体,小程序/公众号,22
10236,"2023-09-24",公卫医疗,小程序/公众号,142
10237,"2023-09-24",城乡建设,小程序/公众号,47
10238,"2023-09-24",交通运输,小程序/公众号,152
10239,"2023-09-24",农林牧渔,小程序/公众号,109
10240,"2023-09-25",科教文体,电话,5
10241,"2023-09-25",公卫医疗,电话,6
10242,"2023-09-25",城乡建设,电话,3
10243,"2023-09-25",交通运输,电话,5
10244,"2023-09-25",农林牧渔,电话,8
10245,"2023-09-25",科教文体,来信,13
10246,"2023-09-25",公卫医疗,来信,16
10247,"2023-09-25",城乡建设,来信,13
10248,"2023-09-25",交通运输,来信,0
10249,"2023-09-25",农林牧渔,来信,12
10250,"2023-09-25",科教文体,网站,20
10251,"2023-09-25",公卫医疗,网站,9
10252,"2023-09-25",城乡建设,网站,6
10253,"2023-09-25",交通运输,网站,13
10254,"2023-09-25",农林牧渔,网站,23
10255,"2023-09-25",科教文体,小程序/公众号,71
10256,"2023-09-25",公卫医疗,小程序/公众号,73
10257,"2023-09-25",城乡建设,小程序/公众号,19
10258,"2023-09-25",交通运输,小程序/公众号,18
10259,"2023-09-25",农林牧渔,小程序/公众号,31
10260,"2023-09-26",科教文体,电话,10
10261,"2023-09-26",公卫医疗,电话,12
10262,"2023-09-26",城乡建设,电话,5
10263,"2023-09-26",交通运输,电话,18
10264,"2023-09-26",农林牧渔,电话,22
10265,"2023-09-26",科教文体,来信,16
10266,"2023-09-26",公卫医疗,来信,9
10267,"2023-09-26",城乡建设,来信,5
10268,"2023-09-26",交通运输,来信,17
10269,"2023-09-26",农林牧渔,来信,19
10270,"2023-09-26",科教文体,网站,16
10271,"2023-09-26",公卫医疗,网站,3
10272,"2023-09-26",城乡建设,网站,15
10273,"2023-09-26",交通运输,网站,49
10274,"2023-09-26",农林牧渔,网站,24
10275,"2023-09-26",科教文体,小程序/公众号,76
10276,"2023-09-26",公卫医疗,小程序/公众号,326
10277,"2023-09-26",城乡建设,小程序/公众号,80
10278,"2023-09-26",交通运输,小程序/公众号,134
10279,"2023-09-26",农林牧渔,小程序/公众号,31
10280,"2023-09-27",科教文体,电话,8
10281,"2023-09-27",公卫医疗,电话,12
10282,"2023-09-27",城乡建设,电话,11
10283,"2023-09-27",交通运输,电话,2
10284,"2023-09-27",农林牧渔,电话,10
10285,"2023-09-27",科教文体,来信,15
10286,"2023-09-27",公卫医疗,来信,4
10287,"2023-09-27",城乡建设,来信,14
10288,"2023-09-27",交通运输,来信,1
10289,"2023-09-27",农林牧渔,来信,4
10290,"2023-09-27",科教文体,网站,7
10291,"2023-09-27",公卫医疗,网站,19
10292,"2023-09-27",城乡建设,网站,3
10293,"2023-09-27",交通运输,网站,7
10294,"2023-09-27",农林牧渔,网站,13
10295,"2023-09-27",科教文体,小程序/公众号,38
10296,"2023-09-27",公卫医疗,小程序/公众号,15
10297,"2023-09-27",城乡建设,小程序/公众号,22
10298,"2023-09-27",交通运输,小程序/公众号,57
10299,"2023-09-27",农林牧渔,小程序/公众号,80
10300,"2023-09-28",科教文体,电话,21
10301,"2023-09-28",公卫医疗,电话,8
10302,"2023-09-28",城乡建设,电话,18
10303,"2023-09-28",交通运输,电话,19
10304,"2023-09-28",农林牧渔,电话,2
10305,"2023-09-28",科教文体,来信,3
10306,"2023-09-28",公卫医疗,来信,0
10307,"2023-09-28",城乡建设,来信,3
10308,"2023-09-28",交通运输,来信,3
10309,"2023-09-28",农林牧渔,来信,2
10310,"2023-09-28",科教文体,网站,1
10311,"2023-09-28",公卫医疗,网站,10
10312,"2023-09-28",城乡建设,网站,6
10313,"2023-09-28",交通运输,网站,9
10314,"2023-09-28",农林牧渔,网站,13
10315,"2023-09-28",科教文体,小程序/公众号,82
10316,"2023-09-28",公卫医疗,小程序/公众号,33
10317,"2023-09-28",城乡建设,小程序/公众号,86
10318,"2023-09-28",交通运输,小程序/公众号,81
10319,"2023-09-28",农林牧渔,小程序/公众号,9
10320,"2023-09-29",科教文体,电话,9
10321,"2023-09-29",公卫医疗,电话,28
10322,"2023-09-29",城乡建设,电话,8
10323,"2023-09-29",交通运输,电话,28
10324,"2023-09-29",农林牧渔,电话,0
10325,"2023-09-29",科教文体,来信,2
10326,"2023-09-29",公卫医疗,来信,7
10327,"2023-09-29",城乡建设,来信,12
10328,"2023-09-29",交通运输,来信,4
10329,"2023-09-29",农林牧渔,来信,3
10330,"2023-09-29",科教文体,网站,40
10331,"2023-09-29",公卫医疗,网站,28
10332,"2023-09-29",城乡建设,网站,34
10333,"2023-09-29",交通运输,网站,13
10334,"2023-09-29",农林牧渔,网站,22
10335,"2023-09-29",科教文体,小程序/公众号,121
10336,"2023-09-29",公卫医疗,小程序/公众号,127
10337,"2023-09-29",城乡建设,小程序/公众号,140
10338,"2023-09-29",交通运输,小程序/公众号,138
10339,"2023-09-29",农林牧渔,小程序/公众号,7
10340,"2023-09-30",科教文体,电话,5
10341,"2023-09-30",公卫医疗,电话,3
10342,"2023-09-30",城乡建设,电话,6
10343,"2023-09-30",交通运输,电话,2
10344,"2023-09-30",农林牧渔,电话,2
10345,"2023-09-30",科教文体,来信,18
10346,"2023-09-30",公卫医疗,来信,20
10347,"2023-09-30",城乡建设,来信,24
10348,"2023-09-30",交通运输,来信,19
10349,"2023-09-30",农林牧渔,来信,22
10350,"2023-09-30",科教文体,网站,2
10351,"2023-09-30",公卫医疗,网站,20
10352,"2023-09-30",城乡建设,网站,8
10353,"2023-09-30",交通运输,网站,11
10354,"2023-09-30",农林牧渔,网站,10
10355,"2023-09-30",科教文体,小程序/公众号,140
10356,"2023-09-30",公卫医疗,小程序/公众号,66
10357,"2023-09-30",城乡建设,小程序/公众号,82
10358,"2023-09-30",交通运输,小程序/公众号,12
10359,"2023-09-30",农林牧渔,小程序/公众号,0
10360,"2023-10-01",科教文体,电话,8
10361,"2023-10-01",公卫医疗,电话,16
10362,"2023-10-01",城乡建设,电话,1
10363,"2023-10-01",交通运输,电话,12
10364,"2023-10-01",农林牧渔,电话,11
10365,"2023-10-01",科教文体,来信,4
10366,"2023-10-01",公卫医疗,来信,1
10367,"2023-10-01",城乡建设,来信,5
10368,"2023-10-01",交通运输,来信,0
10369,"2023-10-01",农林牧渔,来信,2
10370,"2023-10-01",科教文体,网站,23
10371,"2023-10-01",公卫医疗,网站,12
10372,"2023-10-01",城乡建设,网站,30
10373,"2023-10-01",交通运输,网站,3
10374,"2023-10-01",农林牧渔,网站,27
10375,"2023-10-01",科教文体,小程序/公众号,102
10376,"2023-10-01",公卫医疗,小程序/公众号,57
10377,"2023-10-01",城乡建设,小程序/公众号,80
10378,"2023-10-01",交通运输,小程序/公众号,59
10379,"2023-10-01",农林牧渔,小程序/公众号,70
10380,"2023-10-02",科教文体,电话,12
10381,"2023-10-02",公卫医疗,电话,15
10382,"2023-10-02",城乡建设,电话,11
10383,"2023-10-02",交通运输,电话,9
10384,"2023-10-02",农林牧渔,电话,9
10385,"2023-10-02",科教文体,来信,2
10386,"2023-10-02",公卫医疗,来信,5
10387,"2023-10-02",城乡建设,来信,3
10388,"2023-10-02",交通运输,来信,14
10389,"2023-10-02",农林牧渔,来信,0
10390,"2023-10-02",科教文体,网站,8
10391,"2023-10-02",公卫医疗,网站,9
10392,"2023-10-02",城乡建设,网站,6
10393,"2023-10-02",交通运输,网站,6
10394,"2023-10-02",农林牧渔,网站,6
10395,"2023-10-02",科教文体,小程序/公众号,16
10396,"2023-10-02",公卫医疗,小程序/公众号,27
10397,"2023-10-02",城乡建设,小程序/公众号,73
10398,"2023-10-02",交通运输,小程序/公众号,32
10399,"2023-10-02",农林牧渔,小程序/公众号,54
10400,"2023-10-03",科教文体,电话,27
10401,"2023-10-03",公卫医疗,电话,23
10402,"2023-10-03",城乡建设,电话,19
10403,"2023-10-03",交通运输,电话,35
10404,"2023-10-03",农林牧渔,电话,4
10405,"2023-10-03",科教文体,来信,10
10406,"2023-10-03",公卫医疗,来信,8
10407,"2023-10-03",城乡建设,来信,14
10408,"2023-10-03",交通运输,来信,15
10409,"2023-10-03",农林牧渔,来信,22
10410,"2023-10-03",科教文体,网站,9
10411,"2023-10-03",公卫医疗,网站,29
10412,"2023-10-03",城乡建设,网站,11
10413,"2023-10-03",交通运输,网站,32
10414,"2023-10-03",农林牧渔,网站,28
10415,"2023-10-03",科教文体,小程序/公众号,138
10416,"2023-10-03",公卫医疗,小程序/公众号,22
10417,"2023-10-03",城乡建设,小程序/公众号,106
10418,"2023-10-03",交通运输,小程序/公众号,93
10419,"2023-10-03",农林牧渔,小程序/公众号,30
10420,"2023-10-04",科教文体,电话,25
10421,"2023-10-04",公卫医疗,电话,10
10422,"2023-10-04",城乡建设,电话,41
10423,"2023-10-04",交通运输,电话,16
10424,"2023-10-04",农林牧渔,电话,11
10425,"2023-10-04",科教文体,来信,28
10426,"2023-10-04",公卫医疗,来信,26
10427,"2023-10-04",城乡建设,来信,5
10428,"2023-10-04",交通运输,来信,28
10429,"2023-10-04",农林牧渔,来信,3
10430,"2023-10-04",科教文体,网站,104
10431,"2023-10-04",公卫医疗,网站,60
10432,"2023-10-04",城乡建设,网站,10
10433,"2023-10-04",交通运输,网站,9
10434,"2023-10-04",农林牧渔,网站,29
10435,"2023-10-04",科教文体,小程序/公众号,91
10436,"2023-10-04",公卫医疗,小程序/公众号,80
10437,"2023-10-04",城乡建设,小程序/公众号,165
10438,"2023-10-04",交通运输,小程序/公众号,147
10439,"2023-10-04",农林牧渔,小程序/公众号,24
10440,"2023-10-05",科教文体,电话,7
10441,"2023-10-05",公卫医疗,电话,1
10442,"2023-10-05",城乡建设,电话,24
10443,"2023-10-05",交通运输,电话,74
10444,"2023-10-05",农林牧渔,电话,73
10445,"2023-10-05",科教文体,来信,19
10446,"2023-10-05",公卫医疗,来信,45
10447,"2023-10-05",城乡建设,来信,1
10448,"2023-10-05",交通运输,来信,77
10449,"2023-10-05",农林牧渔,来信,86
10450,"2023-10-05",科教文体,网站,23
10451,"2023-10-05",公卫医疗,网站,3
10452,"2023-10-05",城乡建设,网站,43
10453,"2023-10-05",交通运输,网站,30
10454,"2023-10-05",农林牧渔,网站,35
10455,"2023-10-05",科教文体,小程序/公众号,118
10456,"2023-10-05",公卫医疗,小程序/公众号,67
10457,"2023-10-05",城乡建设,小程序/公众号,115
10458,"2023-10-05",交通运输,小程序/公众号,35
10459,"2023-10-05",农林牧渔,小程序/公众号,36
10460,"2023-10-06",科教文体,电话,35
10461,"2023-10-06",公卫医疗,电话,42
10462,"2023-10-06",城乡建设,电话,34
10463,"2023-10-06",交通运输,电话,69
10464,"2023-10-06",农林牧渔,电话,1
10465,"2023-10-06",科教文体,来信,55
10466,"2023-10-06",公卫医疗,来信,35
10467,"2023-10-06",城乡建设,来信,17
10468,"2023-10-06",交通运输,来信,57
10469,"2023-10-06",农林牧渔,来信,30
10470,"2023-10-06",科教文体,网站,28
10471,"2023-10-06",公卫医疗,网站,74
10472,"2023-10-06",城乡建设,网站,4
10473,"2023-10-06",交通运输,网站,40
10474,"2023-10-06",农林牧渔,网站,45
10475,"2023-10-06",科教文体,小程序/公众号,98
10476,"2023-10-06",公卫医疗,小程序/公众号,149
10477,"2023-10-06",城乡建设,小程序/公众号,13
10478,"2023-10-06",交通运输,小程序/公众号,18
10479,"2023-10-06",农林牧渔,小程序/公众号,85
10480,"2023-10-07",科教文体,电话,58
10481,"2023-10-07",公卫医疗,电话,46
10482,"2023-10-07",城乡建设,电话,42
10483,"2023-10-07",交通运输,电话,3
10484,"2023-10-07",农林牧渔,电话,27
10485,"2023-10-07",科教文体,来信,4
10486,"2023-10-07",公卫医疗,来信,1
10487,"2023-10-07",城乡建设,来信,9
10488,"2023-10-07",交通运输,来信,1
10489,"2023-10-07",农林牧渔,来信,0
10490,"2023-10-07",科教文体,网站,5
10491,"2023-10-07",公卫医疗,网站,12
10492,"2023-10-07",城乡建设,网站,8
10493,"2023-10-07",交通运输,网站,9
10494,"2023-10-07",农林牧渔,网站,18
10495,"2023-10-07",科教文体,小程序/公众号,47
10496,"2023-10-07",公卫医疗,小程序/公众号,111
10497,"2023-10-07",城乡建设,小程序/公众号,100
10498,"2023-10-07",交通运输,小程序/公众号,68
10499,"2023-10-07",农林牧渔,小程序/公众号,152
10500,"2023-10-08",科教文体,电话,3
10501,"2023-10-08",公卫医疗,电话,4
10502,"2023-10-08",城乡建设,电话,3
10503,"2023-10-08",交通运输,电话,5
10504,"2023-10-08",农林牧渔,电话,6
10505,"2023-10-08",科教文体,来信,13
10506,"2023-10-08",公卫医疗,来信,4
10507,"2023-10-08",城乡建设,来信,10
10508,"2023-10-08",交通运输,来信,13
10509,"2023-10-08",农林牧渔,来信,17
10510,"2023-10-08",科教文体,网站,5
10511,"2023-10-08",公卫医疗,网站,3
10512,"2023-10-08",城乡建设,网站,10
10513,"2023-10-08",交通运输,网站,9
10514,"2023-10-08",农林牧渔,网站,9
10515,"2023-10-08",科教文体,小程序/公众号,66
10516,"2023-10-08",公卫医疗,小程序/公众号,48
10517,"2023-10-08",城乡建设,小程序/公众号,30
10518,"2023-10-08",交通运输,小程序/公众号,29
10519,"2023-10-08",农林牧渔,小程序/公众号,55
10520,"2023-10-09",科教文体,电话,1
10521,"2023-10-09",公卫医疗,电话,16
10522,"2023-10-09",城乡建设,电话,15
10523,"2023-10-09",交通运输,电话,2
10524,"2023-10-09",农林牧渔,电话,1
10525,"2023-10-09",科教文体,来信,51
10526,"2023-10-09",公卫医疗,来信,88
10527,"2023-10-09",城乡建设,来信,32
10528,"2023-10-09",交通运输,来信,7
10529,"2023-10-09",农林牧渔,来信,18
10530,"2023-10-09",科教文体,网站,56
10531,"2023-10-09",公卫医疗,网站,30
10532,"2023-10-09",城乡建设,网站,22
10533,"2023-10-09",交通运输,网站,56
10534,"2023-10-09",农林牧渔,网站,42
10535,"2023-10-09",科教文体,小程序/公众号,12
10536,"2023-10-09",公卫医疗,小程序/公众号,42
10537,"2023-10-09",城乡建设,小程序/公众号,35
10538,"2023-10-09",交通运输,小程序/公众号,70
10539,"2023-10-09",农林牧渔,小程序/公众号,78
10540,"2023-10-10",科教文体,电话,25
10541,"2023-10-10",公卫医疗,电话,12
10542,"2023-10-10",城乡建设,电话,13
10543,"2023-10-10",交通运输,电话,6
10544,"2023-10-10",农林牧渔,电话,4
10545,"2023-10-10",科教文体,来信,2
10546,"2023-10-10",公卫医疗,来信,34
10547,"2023-10-10",城乡建设,来信,18
10548,"2023-10-10",交通运输,来信,28
10549,"2023-10-10",农林牧渔,来信,4
10550,"2023-10-10",科教文体,网站,74
10551,"2023-10-10",公卫医疗,网站,65
10552,"2023-10-10",城乡建设,网站,139
10553,"2023-10-10",交通运输,网站,5
10554,"2023-10-10",农林牧渔,网站,27
10555,"2023-10-10",科教文体,小程序/公众号,92
10556,"2023-10-10",公卫医疗,小程序/公众号,80
10557,"2023-10-10",城乡建设,小程序/公众号,54
10558,"2023-10-10",交通运输,小程序/公众号,57
10559,"2023-10-10",农林牧渔,小程序/公众号,53
10560,"2023-10-11",科教文体,电话,41
10561,"2023-10-11",公卫医疗,电话,23
10562,"2023-10-11",城乡建设,电话,58
10563,"2023-10-11",交通运输,电话,66
10564,"2023-10-11",农林牧渔,电话,18
10565,"2023-10-11",科教文体,来信,48
10566,"2023-10-11",公卫医疗,来信,62
10567,"2023-10-11",城乡建设,来信,56
10568,"2023-10-11",交通运输,来信,10
10569,"2023-10-11",农林牧渔,来信,56
10570,"2023-10-11",科教文体,网站,6
10571,"2023-10-11",公卫医疗,网站,6
10572,"2023-10-11",城乡建设,网站,5
10573,"2023-10-11",交通运输,网站,4
10574,"2023-10-11",农林牧渔,网站,5
10575,"2023-10-11",科教文体,小程序/公众号,45
10576,"2023-10-11",公卫医疗,小程序/公众号,199
10577,"2023-10-11",城乡建设,小程序/公众号,127
10578,"2023-10-11",交通运输,小程序/公众号,12
10579,"2023-10-11",农林牧渔,小程序/公众号,139
10580,"2023-10-12",科教文体,电话,20
10581,"2023-10-12",公卫医疗,电话,49
10582,"2023-10-12",城乡建设,电话,10
10583,"2023-10-12",交通运输,电话,54
10584,"2023-10-12",农林牧渔,电话,20
10585,"2023-10-12",科教文体,来信,35
10586,"2023-10-12",公卫医疗,来信,30
10587,"2023-10-12",城乡建设,来信,12
10588,"2023-10-12",交通运输,来信,14
10589,"2023-10-12",农林牧渔,来信,41
10590,"2023-10-12",科教文体,网站,8
10591,"2023-10-12",公卫医疗,网站,3
10592,"2023-10-12",城乡建设,网站,8
10593,"2023-10-12",交通运输,网站,5
10594,"2023-10-12",农林牧渔,网站,2
10595,"2023-10-12",科教文体,小程序/公众号,6
10596,"2023-10-12",公卫医疗,小程序/公众号,43
10597,"2023-10-12",城乡建设,小程序/公众号,99
10598,"2023-10-12",交通运输,小程序/公众号,63
10599,"2023-10-12",农林牧渔,小程序/公众号,90
10600,"2023-10-13",科教文体,电话,28
10601,"2023-10-13",公卫医疗,电话,35
10602,"2023-10-13",城乡建设,电话,33
10603,"2023-10-13",交通运输,电话,31
10604,"2023-10-13",农林牧渔,电话,51
10605,"2023-10-13",科教文体,来信,6
10606,"2023-10-13",公卫医疗,来信,7
10607,"2023-10-13",城乡建设,来信,13
10608,"2023-10-13",交通运输,来信,13
10609,"2023-10-13",农林牧渔,来信,12
10610,"2023-10-13",科教文体,网站,17
10611,"2023-10-13",公卫医疗,网站,32
10612,"2023-10-13",城乡建设,网站,38
10613,"2023-10-13",交通运输,网站,6
10614,"2023-10-13",农林牧渔,网站,36
10615,"2023-10-13",科教文体,小程序/公众号,102
10616,"2023-10-13",公卫医疗,小程序/公众号,72
10617,"2023-10-13",城乡建设,小程序/公众号,68
10618,"2023-10-13",交通运输,小程序/公众号,70
10619,"2023-10-13",农林牧渔,小程序/公众号,83
10620,"2023-10-14",科教文体,电话,4
10621,"2023-10-14",公卫医疗,电话,1
10622,"2023-10-14",城乡建设,电话,7
10623,"2023-10-14",交通运输,电话,2
10624,"2023-10-14",农林牧渔,电话,7
10625,"2023-10-14",科教文体,来信,36
10626,"2023-10-14",公卫医疗,来信,20
10627,"2023-10-14",城乡建设,来信,62
10628,"2023-10-14",交通运输,来信,62
10629,"2023-10-14",农林牧渔,来信,86
10630,"2023-10-14",科教文体,网站,10
10631,"2023-10-14",公卫医疗,网站,22
10632,"2023-10-14",城乡建设,网站,26
10633,"2023-10-14",交通运输,网站,20
10634,"2023-10-14",农林牧渔,网站,18
10635,"2023-10-14",科教文体,小程序/公众号,118
10636,"2023-10-14",公卫医疗,小程序/公众号,31
10637,"2023-10-14",城乡建设,小程序/公众号,52
10638,"2023-10-14",交通运输,小程序/公众号,110
10639,"2023-10-14",农林牧渔,小程序/公众号,158
10640,"2023-10-15",科教文体,电话,31
10641,"2023-10-15",公卫医疗,电话,17
10642,"2023-10-15",城乡建设,电话,24
10643,"2023-10-15",交通运输,电话,12
10644,"2023-10-15",农林牧渔,电话,5
10645,"2023-10-15",科教文体,来信,27
10646,"2023-10-15",公卫医疗,来信,9
10647,"2023-10-15",城乡建设,来信,8
10648,"2023-10-15",交通运输,来信,1
10649,"2023-10-15",农林牧渔,来信,32
10650,"2023-10-15",科教文体,网站,15
10651,"2023-10-15",公卫医疗,网站,19
10652,"2023-10-15",城乡建设,网站,8
10653,"2023-10-15",交通运输,网站,1
10654,"2023-10-15",农林牧渔,网站,3
10655,"2023-10-15",科教文体,小程序/公众号,37
10656,"2023-10-15",公卫医疗,小程序/公众号,148
10657,"2023-10-15",城乡建设,小程序/公众号,48
10658,"2023-10-15",交通运输,小程序/公众号,1
10659,"2023-10-15",农林牧渔,小程序/公众号,43
10660,"2023-10-16",科教文体,电话,1
10661,"2023-10-16",公卫医疗,电话,7
10662,"2023-10-16",城乡建设,电话,9
10663,"2023-10-16",交通运输,电话,29
10664,"2023-10-16",农林牧渔,电话,50
10665,"2023-10-16",科教文体,来信,4
10666,"2023-10-16",公卫医疗,来信,3
10667,"2023-10-16",城乡建设,来信,10
10668,"2023-10-16",交通运输,来信,8
10669,"2023-10-16",农林牧渔,来信,7
10670,"2023-10-16",科教文体,网站,21
10671,"2023-10-16",公卫医疗,网站,30
10672,"2023-10-16",城乡建设,网站,13
10673,"2023-10-16",交通运输,网站,30
10674,"2023-10-16",农林牧渔,网站,0
10675,"2023-10-16",科教文体,小程序/公众号,104
10676,"2023-10-16",公卫医疗,小程序/公众号,56
10677,"2023-10-16",城乡建设,小程序/公众号,33
10678,"2023-10-16",交通运输,小程序/公众号,53
10679,"2023-10-16",农林牧渔,小程序/公众号,173
10680,"2023-10-17",科教文体,电话,3
10681,"2023-10-17",公卫医疗,电话,10
10682,"2023-10-17",城乡建设,电话,43
10683,"2023-10-17",交通运输,电话,10
10684,"2023-10-17",农林牧渔,电话,35
10685,"2023-10-17",科教文体,来信,95
10686,"2023-10-17",公卫医疗,来信,14
10687,"2023-10-17",城乡建设,来信,5
10688,"2023-10-17",交通运输,来信,36
10689,"2023-10-17",农林牧渔,来信,110
10690,"2023-10-17",科教文体,网站,27
10691,"2023-10-17",公卫医疗,网站,11
10692,"2023-10-17",城乡建设,网站,14
10693,"2023-10-17",交通运输,网站,29
10694,"2023-10-17",农林牧渔,网站,15
10695,"2023-10-17",科教文体,小程序/公众号,108
10696,"2023-10-17",公卫医疗,小程序/公众号,96
10697,"2023-10-17",城乡建设,小程序/公众号,73
10698,"2023-10-17",交通运输,小程序/公众号,27
10699,"2023-10-17",农林牧渔,小程序/公众号,181
10700,"2023-10-18",科教文体,电话,5
10701,"2023-10-18",公卫医疗,电话,7
10702,"2023-10-18",城乡建设,电话,5
10703,"2023-10-18",交通运输,电话,3
10704,"2023-10-18",农林牧渔,电话,2
10705,"2023-10-18",科教文体,来信,7
10706,"2023-10-18",公卫医疗,来信,7
10707,"2023-10-18",城乡建设,来信,4
10708,"2023-10-18",交通运输,来信,15
10709,"2023-10-18",农林牧渔,来信,9
10710,"2023-10-18",科教文体,网站,4
10711,"2023-10-18",公卫医疗,网站,2
10712,"2023-10-18",城乡建设,网站,5
10713,"2023-10-18",交通运输,网站,5
10714,"2023-10-18",农林牧渔,网站,3
10715,"2023-10-18",科教文体,小程序/公众号,44
10716,"2023-10-18",公卫医疗,小程序/公众号,16
10717,"2023-10-18",城乡建设,小程序/公众号,8
10718,"2023-10-18",交通运输,小程序/公众号,81
10719,"2023-10-18",农林牧渔,小程序/公众号,84
10720,"2023-10-19",科教文体,电话,1
10721,"2023-10-19",公卫医疗,电话,27
10722,"2023-10-19",城乡建设,电话,12
10723,"2023-10-19",交通运输,电话,25
10724,"2023-10-19",农林牧渔,电话,15
10725,"2023-10-19",科教文体,来信,15
10726,"2023-10-19",公卫医疗,来信,8
10727,"2023-10-19",城乡建设,来信,22
10728,"2023-10-19",交通运输,来信,21
10729,"2023-10-19",农林牧渔,来信,15
10730,"2023-10-19",科教文体,网站,31
10731,"2023-10-19",公卫医疗,网站,11
10732,"2023-10-19",城乡建设,网站,33
10733,"2023-10-19",交通运输,网站,15
10734,"2023-10-19",农林牧渔,网站,16
10735,"2023-10-19",科教文体,小程序/公众号,67
10736,"2023-10-19",公卫医疗,小程序/公众号,18
10737,"2023-10-19",城乡建设,小程序/公众号,69
10738,"2023-10-19",交通运输,小程序/公众号,24
10739,"2023-10-19",农林牧渔,小程序/公众号,35
10740,"2023-10-20",科教文体,电话,13
10741,"2023-10-20",公卫医疗,电话,7
10742,"2023-10-20",城乡建设,电话,3
10743,"2023-10-20",交通运输,电话,13
10744,"2023-10-20",农林牧渔,电话,10
10745,"2023-10-20",科教文体,来信,29
10746,"2023-10-20",公卫医疗,来信,18
10747,"2023-10-20",城乡建设,来信,6
10748,"2023-10-20",交通运输,来信,12
10749,"2023-10-20",农林牧渔,来信,23
10750,"2023-10-20",科教文体,网站,5
10751,"2023-10-20",公卫医疗,网站,48
10752,"2023-10-20",城乡建设,网站,20
10753,"2023-10-20",交通运输,网站,27
10754,"2023-10-20",农林牧渔,网站,7
10755,"2023-10-20",科教文体,小程序/公众号,43
10756,"2023-10-20",公卫医疗,小程序/公众号,45
10757,"2023-10-20",城乡建设,小程序/公众号,43
10758,"2023-10-20",交通运输,小程序/公众号,46
10759,"2023-10-20",农林牧渔,小程序/公众号,32
10760,"2023-10-21",科教文体,电话,12
10761,"2023-10-21",公卫医疗,电话,12
10762,"2023-10-21",城乡建设,电话,22
10763,"2023-10-21",交通运输,电话,24
10764,"2023-10-21",农林牧渔,电话,6
10765,"2023-10-21",科教文体,来信,15
10766,"2023-10-21",公卫医疗,来信,32
10767,"2023-10-21",城乡建设,来信,37
10768,"2023-10-21",交通运输,来信,13
10769,"2023-10-21",农林牧渔,来信,10
10770,"2023-10-21",科教文体,网站,16
10771,"2023-10-21",公卫医疗,网站,29
10772,"2023-10-21",城乡建设,网站,24
10773,"2023-10-21",交通运输,网站,15
10774,"2023-10-21",农林牧渔,网站,20
10775,"2023-10-21",科教文体,小程序/公众号,238
10776,"2023-10-21",公卫医疗,小程序/公众号,73
10777,"2023-10-21",城乡建设,小程序/公众号,31
10778,"2023-10-21",交通运输,小程序/公众号,156
10779,"2023-10-21",农林牧渔,小程序/公众号,49
10780,"2023-10-22",科教文体,电话,24
10781,"2023-10-22",公卫医疗,电话,33
10782,"2023-10-22",城乡建设,电话,27
10783,"2023-10-22",交通运输,电话,24
10784,"2023-10-22",农林牧渔,电话,9
10785,"2023-10-22",科教文体,来信,52
10786,"2023-10-22",公卫医疗,来信,21
10787,"2023-10-22",城乡建设,来信,7
10788,"2023-10-22",交通运输,来信,62
10789,"2023-10-22",农林牧渔,来信,50
10790,"2023-10-22",科教文体,网站,34
10791,"2023-10-22",公卫医疗,网站,23
10792,"2023-10-22",城乡建设,网站,13
10793,"2023-10-22",交通运输,网站,28
10794,"2023-10-22",农林牧渔,网站,11
10795,"2023-10-22",科教文体,小程序/公众号,15
10796,"2023-10-22",公卫医疗,小程序/公众号,77
10797,"2023-10-22",城乡建设,小程序/公众号,49
10798,"2023-10-22",交通运输,小程序/公众号,29
10799,"2023-10-22",农林牧渔,小程序/公众号,109
10800,"2023-10-23",科教文体,电话,26
10801,"2023-10-23",公卫医疗,电话,18
10802,"2023-10-23",城乡建设,电话,9
10803,"2023-10-23",交通运输,电话,7
10804,"2023-10-23",农林牧渔,电话,9
10805,"2023-10-23",科教文体,来信,13
10806,"2023-10-23",公卫医疗,来信,7
10807,"2023-10-23",城乡建设,来信,7
10808,"2023-10-23",交通运输,来信,10
10809,"2023-10-23",农林牧渔,来信,3
10810,"2023-10-23",科教文体,网站,38
10811,"2023-10-23",公卫医疗,网站,28
10812,"2023-10-23",城乡建设,网站,66
10813,"2023-10-23",交通运输,网站,51
10814,"2023-10-23",农林牧渔,网站,0
10815,"2023-10-23",科教文体,小程序/公众号,39
10816,"2023-10-23",公卫医疗,小程序/公众号,23
10817,"2023-10-23",城乡建设,小程序/公众号,35
10818,"2023-10-23",交通运输,小程序/公众号,45
10819,"2023-10-23",农林牧渔,小程序/公众号,47
10820,"2023-10-24",科教文体,电话,23
10821,"2023-10-24",公卫医疗,电话,20
10822,"2023-10-24",城乡建设,电话,12
10823,"2023-10-24",交通运输,电话,14
10824,"2023-10-24",农林牧渔,电话,22
10825,"2023-10-24",科教文体,来信,39
10826,"2023-10-24",公卫医疗,来信,22
10827,"2023-10-24",城乡建设,来信,32
10828,"2023-10-24",交通运输,来信,50
10829,"2023-10-24",农林牧渔,来信,5
10830,"2023-10-24",科教文体,网站,40
10831,"2023-10-24",公卫医疗,网站,64
10832,"2023-10-24",城乡建设,网站,14
10833,"2023-10-24",交通运输,网站,36
10834,"2023-10-24",农林牧渔,网站,50
10835,"2023-10-24",科教文体,小程序/公众号,51
10836,"2023-10-24",公卫医疗,小程序/公众号,29
10837,"2023-10-24",城乡建设,小程序/公众号,153
10838,"2023-10-24",交通运输,小程序/公众号,6
10839,"2023-10-24",农林牧渔,小程序/公众号,27
10840,"2023-10-25",科教文体,电话,12
10841,"2023-10-25",公卫医疗,电话,33
10842,"2023-10-25",城乡建设,电话,21
10843,"2023-10-25",交通运输,电话,7
10844,"2023-10-25",农林牧渔,电话,9
10845,"2023-10-25",科教文体,来信,7
10846,"2023-10-25",公卫医疗,来信,5
10847,"2023-10-25",城乡建设,来信,7
10848,"2023-10-25",交通运输,来信,5
10849,"2023-10-25",农林牧渔,来信,1
10850,"2023-10-25",科教文体,网站,12
10851,"2023-10-25",公卫医疗,网站,29
10852,"2023-10-25",城乡建设,网站,16
10853,"2023-10-25",交通运输,网站,9
10854,"2023-10-25",农林牧渔,网站,4
10855,"2023-10-25",科教文体,小程序/公众号,13
10856,"2023-10-25",公卫医疗,小程序/公众号,53
10857,"2023-10-25",城乡建设,小程序/公众号,5
10858,"2023-10-25",交通运输,小程序/公众号,25
10859,"2023-10-25",农林牧渔,小程序/公众号,122
10860,"2023-10-26",科教文体,电话,56
10861,"2023-10-26",公卫医疗,电话,46
10862,"2023-10-26",城乡建设,电话,71
10863,"2023-10-26",交通运输,电话,55
10864,"2023-10-26",农林牧渔,电话,5
10865,"2023-10-26",科教文体,来信,29
10866,"2023-10-26",公卫医疗,来信,62
10867,"2023-10-26",城乡建设,来信,53
10868,"2023-10-26",交通运输,来信,34
10869,"2023-10-26",农林牧渔,来信,14
10870,"2023-10-26",科教文体,网站,63
10871,"2023-10-26",公卫医疗,网站,26
10872,"2023-10-26",城乡建设,网站,90
10873,"2023-10-26",交通运输,网站,28
10874,"2023-10-26",农林牧渔,网站,33
10875,"2023-10-26",科教文体,小程序/公众号,46
10876,"2023-10-26",公卫医疗,小程序/公众号,112
10877,"2023-10-26",城乡建设,小程序/公众号,16
10878,"2023-10-26",交通运输,小程序/公众号,74
10879,"2023-10-26",农林牧渔,小程序/公众号,60
10880,"2023-10-27",科教文体,电话,29
10881,"2023-10-27",公卫医疗,电话,19
10882,"2023-10-27",城乡建设,电话,10
10883,"2023-10-27",交通运输,电话,73
10884,"2023-10-27",农林牧渔,电话,10
10885,"2023-10-27",科教文体,来信,5
10886,"2023-10-27",公卫医疗,来信,15
10887,"2023-10-27",城乡建设,来信,19
10888,"2023-10-27",交通运输,来信,25
10889,"2023-10-27",农林牧渔,来信,10
10890,"2023-10-27",科教文体,网站,15
10891,"2023-10-27",公卫医疗,网站,46
10892,"2023-10-27",城乡建设,网站,12
10893,"2023-10-27",交通运输,网站,4
10894,"2023-10-27",农林牧渔,网站,24
10895,"2023-10-27",科教文体,小程序/公众号,143
10896,"2023-10-27",公卫医疗,小程序/公众号,134
10897,"2023-10-27",城乡建设,小程序/公众号,108
10898,"2023-10-27",交通运输,小程序/公众号,7
10899,"2023-10-27",农林牧渔,小程序/公众号,38
10900,"2023-10-28",科教文体,电话,16
10901,"2023-10-28",公卫医疗,电话,61
10902,"2023-10-28",城乡建设,电话,32
10903,"2023-10-28",交通运输,电话,14
10904,"2023-10-28",农林牧渔,电话,108
10905,"2023-10-28",科教文体,来信,3
10906,"2023-10-28",公卫医疗,来信,3
10907,"2023-10-28",城乡建设,来信,5
10908,"2023-10-28",交通运输,来信,3
10909,"2023-10-28",农林牧渔,来信,7
10910,"2023-10-28",科教文体,网站,38
10911,"2023-10-28",公卫医疗,网站,27
10912,"2023-10-28",城乡建设,网站,21
10913,"2023-10-28",交通运输,网站,34
10914,"2023-10-28",农林牧渔,网站,2
10915,"2023-10-28",科教文体,小程序/公众号,149
10916,"2023-10-28",公卫医疗,小程序/公众号,186
10917,"2023-10-28",城乡建设,小程序/公众号,0
10918,"2023-10-28",交通运输,小程序/公众号,65
10919,"2023-10-28",农林牧渔,小程序/公众号,156
10920,"2023-10-29",科教文体,电话,26
10921,"2023-10-29",公卫医疗,电话,9
10922,"2023-10-29",城乡建设,电话,13
10923,"2023-10-29",交通运输,电话,30
10924,"2023-10-29",农林牧渔,电话,19
10925,"2023-10-29",科教文体,来信,15
10926,"2023-10-29",公卫医疗,来信,45
10927,"2023-10-29",城乡建设,来信,3
10928,"2023-10-29",交通运输,来信,48
10929,"2023-10-29",农林牧渔,来信,11
10930,"2023-10-29",科教文体,网站,12
10931,"2023-10-29",公卫医疗,网站,4
10932,"2023-10-29",城乡建设,网站,7
10933,"2023-10-29",交通运输,网站,12
10934,"2023-10-29",农林牧渔,网站,1
10935,"2023-10-29",科教文体,小程序/公众号,46
10936,"2023-10-29",公卫医疗,小程序/公众号,51
10937,"2023-10-29",城乡建设,小程序/公众号,86
10938,"2023-10-29",交通运输,小程序/公众号,10
10939,"2023-10-29",农林牧渔,小程序/公众号,58
10940,"2023-10-30",科教文体,电话,54
10941,"2023-10-30",公卫医疗,电话,3
10942,"2023-10-30",城乡建设,电话,3
10943,"2023-10-30",交通运输,电话,1
10944,"2023-10-30",农林牧渔,电话,50
10945,"2023-10-30",科教文体,来信,7
10946,"2023-10-30",公卫医疗,来信,29
10947,"2023-10-30",城乡建设,来信,7
10948,"2023-10-30",交通运输,来信,3
10949,"2023-10-30",农林牧渔,来信,15
10950,"2023-10-30",科教文体,网站,1
10951,"2023-10-30",公卫医疗,网站,66
10952,"2023-10-30",城乡建设,网站,17
10953,"2023-10-30",交通运输,网站,25
10954,"2023-10-30",农林牧渔,网站,64
10955,"2023-10-30",科教文体,小程序/公众号,96
10956,"2023-10-30",公卫医疗,小程序/公众号,86
10957,"2023-10-30",城乡建设,小程序/公众号,106
10958,"2023-10-30",交通运输,小程序/公众号,43
10959,"2023-10-30",农林牧渔,小程序/公众号,64
10960,"2023-10-31",科教文体,电话,54
10961,"2023-10-31",公卫医疗,电话,1
10962,"2023-10-31",城乡建设,电话,63
10963,"2023-10-31",交通运输,电话,2
10964,"2023-10-31",农林牧渔,电话,73
10965,"2023-10-31",科教文体,来信,7
10966,"2023-10-31",公卫医疗,来信,32
10967,"2023-10-31",城乡建设,来信,12
10968,"2023-10-31",交通运输,来信,33
10969,"2023-10-31",农林牧渔,来信,32
10970,"2023-10-31",科教文体,网站,50
10971,"2023-10-31",公卫医疗,网站,61
10972,"2023-10-31",城乡建设,网站,22
10973,"2023-10-31",交通运输,网站,14
10974,"2023-10-31",农林牧渔,网站,40
10975,"2023-10-31",科教文体,小程序/公众号,55
10976,"2023-10-31",公卫医疗,小程序/公众号,19
10977,"2023-10-31",城乡建设,小程序/公众号,88
10978,"2023-10-31",交通运输,小程序/公众号,25
10979,"2023-10-31",农林牧渔,小程序/公众号,135
10980,"2023-11-01",科教文体,电话,3
10981,"2023-11-01",公卫医疗,电话,7
10982,"2023-11-01",城乡建设,电话,10
10983,"2023-11-01",交通运输,电话,12
10984,"2023-11-01",农林牧渔,电话,17
10985,"2023-11-01",科教文体,来信,67
10986,"2023-11-01",公卫医疗,来信,11
10987,"2023-11-01",城乡建设,来信,27
10988,"2023-11-01",交通运输,来信,33
10989,"2023-11-01",农林牧渔,来信,58
10990,"2023-11-01",科教文体,网站,55
10991,"2023-11-01",公卫医疗,网站,32
10992,"2023-11-01",城乡建设,网站,18
10993,"2023-11-01",交通运输,网站,55
10994,"2023-11-01",农林牧渔,网站,31
10995,"2023-11-01",科教文体,小程序/公众号,62
10996,"2023-11-01",公卫医疗,小程序/公众号,131
10997,"2023-11-01",城乡建设,小程序/公众号,152
10998,"2023-11-01",交通运输,小程序/公众号,36
10999,"2023-11-01",农林牧渔,小程序/公众号,0
11000,"2023-11-02",科教文体,电话,44
11001,"2023-11-02",公卫医疗,电话,31
11002,"2023-11-02",城乡建设,电话,21
11003,"2023-11-02",交通运输,电话,42
11004,"2023-11-02",农林牧渔,电话,26
11005,"2023-11-02",科教文体,来信,8
11006,"2023-11-02",公卫医疗,来信,7
11007,"2023-11-02",城乡建设,来信,7
11008,"2023-11-02",交通运输,来信,4
11009,"2023-11-02",农林牧渔,来信,5
11010,"2023-11-02",科教文体,网站,5
11011,"2023-11-02",公卫医疗,网站,5
11012,"2023-11-02",城乡建设,网站,15
11013,"2023-11-02",交通运输,网站,5
11014,"2023-11-02",农林牧渔,网站,8
11015,"2023-11-02",科教文体,小程序/公众号,34
11016,"2023-11-02",公卫医疗,小程序/公众号,71
11017,"2023-11-02",城乡建设,小程序/公众号,0
11018,"2023-11-02",交通运输,小程序/公众号,178
11019,"2023-11-02",农林牧渔,小程序/公众号,241
11020,"2023-11-03",科教文体,电话,36
11021,"2023-11-03",公卫医疗,电话,25
11022,"2023-11-03",城乡建设,电话,13
11023,"2023-11-03",交通运输,电话,17
11024,"2023-11-03",农林牧渔,电话,7
11025,"2023-11-03",科教文体,来信,17
11026,"2023-11-03",公卫医疗,来信,14
11027,"2023-11-03",城乡建设,来信,5
11028,"2023-11-03",交通运输,来信,12
11029,"2023-11-03",农林牧渔,来信,13
11030,"2023-11-03",科教文体,网站,5
11031,"2023-11-03",公卫医疗,网站,27
11032,"2023-11-03",城乡建设,网站,45
11033,"2023-11-03",交通运输,网站,32
11034,"2023-11-03",农林牧渔,网站,32
11035,"2023-11-03",科教文体,小程序/公众号,42
11036,"2023-11-03",公卫医疗,小程序/公众号,66
11037,"2023-11-03",城乡建设,小程序/公众号,26
11038,"2023-11-03",交通运输,小程序/公众号,7
11039,"2023-11-03",农林牧渔,小程序/公众号,79
11040,"2023-11-04",科教文体,电话,14
11041,"2023-11-04",公卫医疗,电话,27
11042,"2023-11-04",城乡建设,电话,15
11043,"2023-11-04",交通运输,电话,1
11044,"2023-11-04",农林牧渔,电话,7
11045,"2023-11-04",科教文体,来信,2
11046,"2023-11-04",公卫医疗,来信,5
11047,"2023-11-04",城乡建设,来信,8
11048,"2023-11-04",交通运输,来信,5
11049,"2023-11-04",农林牧渔,来信,6
11050,"2023-11-04",科教文体,网站,116
11051,"2023-11-04",公卫医疗,网站,101
11052,"2023-11-04",城乡建设,网站,132
11053,"2023-11-04",交通运输,网站,18
11054,"2023-11-04",农林牧渔,网站,50
11055,"2023-11-04",科教文体,小程序/公众号,102
11056,"2023-11-04",公卫医疗,小程序/公众号,183
11057,"2023-11-04",城乡建设,小程序/公众号,10
11058,"2023-11-04",交通运输,小程序/公众号,18
11059,"2023-11-04",农林牧渔,小程序/公众号,159
11060,"2023-11-05",科教文体,电话,10
11061,"2023-11-05",公卫医疗,电话,5
11062,"2023-11-05",城乡建设,电话,13
11063,"2023-11-05",交通运输,电话,10
11064,"2023-11-05",农林牧渔,电话,8
11065,"2023-11-05",科教文体,来信,8
11066,"2023-11-05",公卫医疗,来信,18
11067,"2023-11-05",城乡建设,来信,7
11068,"2023-11-05",交通运输,来信,9
11069,"2023-11-05",农林牧渔,来信,15
11070,"2023-11-05",科教文体,网站,33
11071,"2023-11-05",公卫医疗,网站,28
11072,"2023-11-05",城乡建设,网站,28
11073,"2023-11-05",交通运输,网站,27
11074,"2023-11-05",农林牧渔,网站,4
11075,"2023-11-05",科教文体,小程序/公众号,16
11076,"2023-11-05",公卫医疗,小程序/公众号,133
11077,"2023-11-05",城乡建设,小程序/公众号,128
11078,"2023-11-05",交通运输,小程序/公众号,35
11079,"2023-11-05",农林牧渔,小程序/公众号,121
11080,"2023-11-06",科教文体,电话,16
11081,"2023-11-06",公卫医疗,电话,3
11082,"2023-11-06",城乡建设,电话,18
11083,"2023-11-06",交通运输,电话,9
11084,"2023-11-06",农林牧渔,电话,10
11085,"2023-11-06",科教文体,来信,7
11086,"2023-11-06",公卫医疗,来信,0
11087,"2023-11-06",城乡建设,来信,4
11088,"2023-11-06",交通运输,来信,4
11089,"2023-11-06",农林牧渔,来信,7
11090,"2023-11-06",科教文体,网站,4
11091,"2023-11-06",公卫医疗,网站,3
11092,"2023-11-06",城乡建设,网站,2
11093,"2023-11-06",交通运输,网站,3
11094,"2023-11-06",农林牧渔,网站,1
11095,"2023-11-06",科教文体,小程序/公众号,123
11096,"2023-11-06",公卫医疗,小程序/公众号,239
11097,"2023-11-06",城乡建设,小程序/公众号,122
11098,"2023-11-06",交通运输,小程序/公众号,186
11099,"2023-11-06",农林牧渔,小程序/公众号,125
11100,"2023-11-07",科教文体,电话,29
11101,"2023-11-07",公卫医疗,电话,1
11102,"2023-11-07",城乡建设,电话,22
11103,"2023-11-07",交通运输,电话,16
11104,"2023-11-07",农林牧渔,电话,21
11105,"2023-11-07",科教文体,来信,2
11106,"2023-11-07",公卫医疗,来信,11
11107,"2023-11-07",城乡建设,来信,1
11108,"2023-11-07",交通运输,来信,10
11109,"2023-11-07",农林牧渔,来信,3
11110,"2023-11-07",科教文体,网站,2
11111,"2023-11-07",公卫医疗,网站,3
11112,"2023-11-07",城乡建设,网站,7
11113,"2023-11-07",交通运输,网站,12
11114,"2023-11-07",农林牧渔,网站,1
11115,"2023-11-07",科教文体,小程序/公众号,72
11116,"2023-11-07",公卫医疗,小程序/公众号,51
11117,"2023-11-07",城乡建设,小程序/公众号,83
11118,"2023-11-07",交通运输,小程序/公众号,92
11119,"2023-11-07",农林牧渔,小程序/公众号,82
11120,"2023-11-08",科教文体,电话,32
11121,"2023-11-08",公卫医疗,电话,42
11122,"2023-11-08",城乡建设,电话,22
11123,"2023-11-08",交通运输,电话,3
11124,"2023-11-08",农林牧渔,电话,1
11125,"2023-11-08",科教文体,来信,1
11126,"2023-11-08",公卫医疗,来信,11
11127,"2023-11-08",城乡建设,来信,0
11128,"2023-11-08",交通运输,来信,11
11129,"2023-11-08",农林牧渔,来信,11
11130,"2023-11-08",科教文体,网站,57
11131,"2023-11-08",公卫医疗,网站,15
11132,"2023-11-08",城乡建设,网站,39
11133,"2023-11-08",交通运输,网站,20
11134,"2023-11-08",农林牧渔,网站,25
11135,"2023-11-08",科教文体,小程序/公众号,31
11136,"2023-11-08",公卫医疗,小程序/公众号,20
11137,"2023-11-08",城乡建设,小程序/公众号,102
11138,"2023-11-08",交通运输,小程序/公众号,42
11139,"2023-11-08",农林牧渔,小程序/公众号,37
11140,"2023-11-09",科教文体,电话,20
11141,"2023-11-09",公卫医疗,电话,39
11142,"2023-11-09",城乡建设,电话,20
11143,"2023-11-09",交通运输,电话,9
11144,"2023-11-09",农林牧渔,电话,28
11145,"2023-11-09",科教文体,来信,35
11146,"2023-11-09",公卫医疗,来信,28
11147,"2023-11-09",城乡建设,来信,11
11148,"2023-11-09",交通运输,来信,21
11149,"2023-11-09",农林牧渔,来信,24
11150,"2023-11-09",科教文体,网站,18
11151,"2023-11-09",公卫医疗,网站,20
11152,"2023-11-09",城乡建设,网站,68
11153,"2023-11-09",交通运输,网站,108
11154,"2023-11-09",农林牧渔,网站,14
11155,"2023-11-09",科教文体,小程序/公众号,57
11156,"2023-11-09",公卫医疗,小程序/公众号,21
11157,"2023-11-09",城乡建设,小程序/公众号,65
11158,"2023-11-09",交通运输,小程序/公众号,52
11159,"2023-11-09",农林牧渔,小程序/公众号,52
11160,"2023-11-10",科教文体,电话,39
11161,"2023-11-10",公卫医疗,电话,17
11162,"2023-11-10",城乡建设,电话,23
11163,"2023-11-10",交通运输,电话,69
11164,"2023-11-10",农林牧渔,电话,4
11165,"2023-11-10",科教文体,来信,3
11166,"2023-11-10",公卫医疗,来信,81
11167,"2023-11-10",城乡建设,来信,88
11168,"2023-11-10",交通运输,来信,16
11169,"2023-11-10",农林牧渔,来信,32
11170,"2023-11-10",科教文体,网站,8
11171,"2023-11-10",公卫医疗,网站,7
11172,"2023-11-10",城乡建设,网站,3
11173,"2023-11-10",交通运输,网站,4
11174,"2023-11-10",农林牧渔,网站,6
11175,"2023-11-10",科教文体,小程序/公众号,160
11176,"2023-11-10",公卫医疗,小程序/公众号,114
11177,"2023-11-10",城乡建设,小程序/公众号,174
11178,"2023-11-10",交通运输,小程序/公众号,21
11179,"2023-11-10",农林牧渔,小程序/公众号,83
11180,"2023-11-11",科教文体,电话,7
11181,"2023-11-11",公卫医疗,电话,5
11182,"2023-11-11",城乡建设,电话,7
11183,"2023-11-11",交通运输,电话,3
11184,"2023-11-11",农林牧渔,电话,3
11185,"2023-11-11",科教文体,来信,15
11186,"2023-11-11",公卫医疗,来信,13
11187,"2023-11-11",城乡建设,来信,12
11188,"2023-11-11",交通运输,来信,1
11189,"2023-11-11",农林牧渔,来信,17
11190,"2023-11-11",科教文体,网站,38
11191,"2023-11-11",公卫医疗,网站,41
11192,"2023-11-11",城乡建设,网站,7
11193,"2023-11-11",交通运输,网站,66
11194,"2023-11-11",农林牧渔,网站,73
11195,"2023-11-11",科教文体,小程序/公众号,46
11196,"2023-11-11",公卫医疗,小程序/公众号,73
11197,"2023-11-11",城乡建设,小程序/公众号,14
11198,"2023-11-11",交通运输,小程序/公众号,58
11199,"2023-11-11",农林牧渔,小程序/公众号,84
11200,"2023-11-12",科教文体,电话,40
11201,"2023-11-12",公卫医疗,电话,56
11202,"2023-11-12",城乡建设,电话,10
11203,"2023-11-12",交通运输,电话,57
11204,"2023-11-12",农林牧渔,电话,39
11205,"2023-11-12",科教文体,来信,5
11206,"2023-11-12",公卫医疗,来信,9
11207,"2023-11-12",城乡建设,来信,4
11208,"2023-11-12",交通运输,来信,9
11209,"2023-11-12",农林牧渔,来信,12
11210,"2023-11-12",科教文体,网站,119
11211,"2023-11-12",公卫医疗,网站,42
11212,"2023-11-12",城乡建设,网站,17
11213,"2023-11-12",交通运输,网站,33
11214,"2023-11-12",农林牧渔,网站,69
11215,"2023-11-12",科教文体,小程序/公众号,141
11216,"2023-11-12",公卫医疗,小程序/公众号,17
11217,"2023-11-12",城乡建设,小程序/公众号,42
11218,"2023-11-12",交通运输,小程序/公众号,128
11219,"2023-11-12",农林牧渔,小程序/公众号,102
11220,"2023-11-13",科教文体,电话,38
11221,"2023-11-13",公卫医疗,电话,35
11222,"2023-11-13",城乡建设,电话,14
11223,"2023-11-13",交通运输,电话,20
11224,"2023-11-13",农林牧渔,电话,1
11225,"2023-11-13",科教文体,来信,15
11226,"2023-11-13",公卫医疗,来信,15
11227,"2023-11-13",城乡建设,来信,33
11228,"2023-11-13",交通运输,来信,2
11229,"2023-11-13",农林牧渔,来信,37
11230,"2023-11-13",科教文体,网站,79
11231,"2023-11-13",公卫医疗,网站,26
11232,"2023-11-13",城乡建设,网站,9
11233,"2023-11-13",交通运输,网站,58
11234,"2023-11-13",农林牧渔,网站,67
11235,"2023-11-13",科教文体,小程序/公众号,51
11236,"2023-11-13",公卫医疗,小程序/公众号,101
11237,"2023-11-13",城乡建设,小程序/公众号,93
11238,"2023-11-13",交通运输,小程序/公众号,50
11239,"2023-11-13",农林牧渔,小程序/公众号,14
11240,"2023-11-14",科教文体,电话,3
11241,"2023-11-14",公卫医疗,电话,1
11242,"2023-11-14",城乡建设,电话,5
11243,"2023-11-14",交通运输,电话,2
11244,"2023-11-14",农林牧渔,电话,2
11245,"2023-11-14",科教文体,来信,47
11246,"2023-11-14",公卫医疗,来信,45
11247,"2023-11-14",城乡建设,来信,18
11248,"2023-11-14",交通运输,来信,65
11249,"2023-11-14",农林牧渔,来信,9
11250,"2023-11-14",科教文体,网站,12
11251,"2023-11-14",公卫医疗,网站,12
11252,"2023-11-14",城乡建设,网站,31
11253,"2023-11-14",交通运输,网站,46
11254,"2023-11-14",农林牧渔,网站,31
11255,"2023-11-14",科教文体,小程序/公众号,73
11256,"2023-11-14",公卫医疗,小程序/公众号,99
11257,"2023-11-14",城乡建设,小程序/公众号,59
11258,"2023-11-14",交通运输,小程序/公众号,69
11259,"2023-11-14",农林牧渔,小程序/公众号,4
11260,"2023-11-15",科教文体,电话,12
11261,"2023-11-15",公卫医疗,电话,44
11262,"2023-11-15",城乡建设,电话,39
11263,"2023-11-15",交通运输,电话,21
11264,"2023-11-15",农林牧渔,电话,36
11265,"2023-11-15",科教文体,来信,16
11266,"2023-11-15",公卫医疗,来信,16
11267,"2023-11-15",城乡建设,来信,19
11268,"2023-11-15",交通运输,来信,17
11269,"2023-11-15",农林牧渔,来信,29
11270,"2023-11-15",科教文体,网站,49
11271,"2023-11-15",公卫医疗,网站,56
11272,"2023-11-15",城乡建设,网站,23
11273,"2023-11-15",交通运输,网站,48
11274,"2023-11-15",农林牧渔,网站,63
11275,"2023-11-15",科教文体,小程序/公众号,92
11276,"2023-11-15",公卫医疗,小程序/公众号,24
11277,"2023-11-15",城乡建设,小程序/公众号,68
11278,"2023-11-15",交通运输,小程序/公众号,28
11279,"2023-11-15",农林牧渔,小程序/公众号,34
11280,"2023-11-16",科教文体,电话,8
11281,"2023-11-16",公卫医疗,电话,33
11282,"2023-11-16",城乡建设,电话,16
11283,"2023-11-16",交通运输,电话,56
11284,"2023-11-16",农林牧渔,电话,46
11285,"2023-11-16",科教文体,来信,9
11286,"2023-11-16",公卫医疗,来信,9
11287,"2023-11-16",城乡建设,来信,11
11288,"2023-11-16",交通运输,来信,14
11289,"2023-11-16",农林牧渔,来信,7
11290,"2023-11-16",科教文体,网站,25
11291,"2023-11-16",公卫医疗,网站,21
11292,"2023-11-16",城乡建设,网站,3
11293,"2023-11-16",交通运输,网站,8
11294,"2023-11-16",农林牧渔,网站,14
11295,"2023-11-16",科教文体,小程序/公众号,24
11296,"2023-11-16",公卫医疗,小程序/公众号,17
11297,"2023-11-16",城乡建设,小程序/公众号,98
11298,"2023-11-16",交通运输,小程序/公众号,29
11299,"2023-11-16",农林牧渔,小程序/公众号,190
11300,"2023-11-17",科教文体,电话,6
11301,"2023-11-17",公卫医疗,电话,10
11302,"2023-11-17",城乡建设,电话,8
11303,"2023-11-17",交通运输,电话,3
11304,"2023-11-17",农林牧渔,电话,8
11305,"2023-11-17",科教文体,来信,6
11306,"2023-11-17",公卫医疗,来信,46
11307,"2023-11-17",城乡建设,来信,30
11308,"2023-11-17",交通运输,来信,55
11309,"2023-11-17",农林牧渔,来信,59
11310,"2023-11-17",科教文体,网站,21
11311,"2023-11-17",公卫医疗,网站,4
11312,"2023-11-17",城乡建设,网站,9
11313,"2023-11-17",交通运输,网站,26
11314,"2023-11-17",农林牧渔,网站,26
11315,"2023-11-17",科教文体,小程序/公众号,101
11316,"2023-11-17",公卫医疗,小程序/公众号,14
11317,"2023-11-17",城乡建设,小程序/公众号,84
11318,"2023-11-17",交通运输,小程序/公众号,92
11319,"2023-11-17",农林牧渔,小程序/公众号,70
11320,"2023-11-18",科教文体,电话,74
11321,"2023-11-18",公卫医疗,电话,21
11322,"2023-11-18",城乡建设,电话,6
11323,"2023-11-18",交通运输,电话,17
11324,"2023-11-18",农林牧渔,电话,1
11325,"2023-11-18",科教文体,来信,10
11326,"2023-11-18",公卫医疗,来信,28
11327,"2023-11-18",城乡建设,来信,16
11328,"2023-11-18",交通运输,来信,30
11329,"2023-11-18",农林牧渔,来信,13
11330,"2023-11-18",科教文体,网站,18
11331,"2023-11-18",公卫医疗,网站,12
11332,"2023-11-18",城乡建设,网站,10
11333,"2023-11-18",交通运输,网站,21
11334,"2023-11-18",农林牧渔,网站,20
11335,"2023-11-18",科教文体,小程序/公众号,41
11336,"2023-11-18",公卫医疗,小程序/公众号,8
11337,"2023-11-18",城乡建设,小程序/公众号,22
11338,"2023-11-18",交通运输,小程序/公众号,81
11339,"2023-11-18",农林牧渔,小程序/公众号,52
11340,"2023-11-19",科教文体,电话,34
11341,"2023-11-19",公卫医疗,电话,1
11342,"2023-11-19",城乡建设,电话,20
11343,"2023-11-19",交通运输,电话,46
11344,"2023-11-19",农林牧渔,电话,28
11345,"2023-11-19",科教文体,来信,1
11346,"2023-11-19",公卫医疗,来信,13
11347,"2023-11-19",城乡建设,来信,41
11348,"2023-11-19",交通运输,来信,64
11349,"2023-11-19",农林牧渔,来信,1
11350,"2023-11-19",科教文体,网站,4
11351,"2023-11-19",公卫医疗,网站,14
11352,"2023-11-19",城乡建设,网站,19
11353,"2023-11-19",交通运输,网站,4
11354,"2023-11-19",农林牧渔,网站,5
11355,"2023-11-19",科教文体,小程序/公众号,125
11356,"2023-11-19",公卫医疗,小程序/公众号,54
11357,"2023-11-19",城乡建设,小程序/公众号,57
11358,"2023-11-19",交通运输,小程序/公众号,168
11359,"2023-11-19",农林牧渔,小程序/公众号,91
11360,"2023-11-20",科教文体,电话,8
11361,"2023-11-20",公卫医疗,电话,4
11362,"2023-11-20",城乡建设,电话,21
11363,"2023-11-20",交通运输,电话,19
11364,"2023-11-20",农林牧渔,电话,31
11365,"2023-11-20",科教文体,来信,27
11366,"2023-11-20",公卫医疗,来信,9
11367,"2023-11-20",城乡建设,来信,28
11368,"2023-11-20",交通运输,来信,1
11369,"2023-11-20",农林牧渔,来信,26
11370,"2023-11-20",科教文体,网站,13
11371,"2023-11-20",公卫医疗,网站,23
11372,"2023-11-20",城乡建设,网站,20
11373,"2023-11-20",交通运输,网站,7
11374,"2023-11-20",农林牧渔,网站,15
11375,"2023-11-20",科教文体,小程序/公众号,40
11376,"2023-11-20",公卫医疗,小程序/公众号,57
11377,"2023-11-20",城乡建设,小程序/公众号,49
11378,"2023-11-20",交通运输,小程序/公众号,70
11379,"2023-11-20",农林牧渔,小程序/公众号,47
11380,"2023-11-21",科教文体,电话,18
11381,"2023-11-21",公卫医疗,电话,23
11382,"2023-11-21",城乡建设,电话,1
11383,"2023-11-21",交通运输,电话,28
11384,"2023-11-21",农林牧渔,电话,56
11385,"2023-11-21",科教文体,来信,1
11386,"2023-11-21",公卫医疗,来信,3
11387,"2023-11-21",城乡建设,来信,3
11388,"2023-11-21",交通运输,来信,5
11389,"2023-11-21",农林牧渔,来信,3
11390,"2023-11-21",科教文体,网站,52
11391,"2023-11-21",公卫医疗,网站,38
11392,"2023-11-21",城乡建设,网站,4
11393,"2023-11-21",交通运输,网站,28
11394,"2023-11-21",农林牧渔,网站,4
11395,"2023-11-21",科教文体,小程序/公众号,165
11396,"2023-11-21",公卫医疗,小程序/公众号,162
11397,"2023-11-21",城乡建设,小程序/公众号,59
11398,"2023-11-21",交通运输,小程序/公众号,72
11399,"2023-11-21",农林牧渔,小程序/公众号,43
11400,"2023-11-22",科教文体,电话,2
11401,"2023-11-22",公卫医疗,电话,33
11402,"2023-11-22",城乡建设,电话,20
11403,"2023-11-22",交通运输,电话,2
11404,"2023-11-22",农林牧渔,电话,8
11405,"2023-11-22",科教文体,来信,7
11406,"2023-11-22",公卫医疗,来信,6
11407,"2023-11-22",城乡建设,来信,17
11408,"2023-11-22",交通运输,来信,2
11409,"2023-11-22",农林牧渔,来信,13
11410,"2023-11-22",科教文体,网站,30
11411,"2023-11-22",公卫医疗,网站,27
11412,"2023-11-22",城乡建设,网站,2
11413,"2023-11-22",交通运输,网站,0
11414,"2023-11-22",农林牧渔,网站,21
11415,"2023-11-22",科教文体,小程序/公众号,26
11416,"2023-11-22",公卫医疗,小程序/公众号,169
11417,"2023-11-22",城乡建设,小程序/公众号,223
11418,"2023-11-22",交通运输,小程序/公众号,92
11419,"2023-11-22",农林牧渔,小程序/公众号,230
11420,"2023-11-23",科教文体,电话,21
11421,"2023-11-23",公卫医疗,电话,8
11422,"2023-11-23",城乡建设,电话,33
11423,"2023-11-23",交通运输,电话,9
11424,"2023-11-23",农林牧渔,电话,5
11425,"2023-11-23",科教文体,来信,60
11426,"2023-11-23",公卫医疗,来信,45
11427,"2023-11-23",城乡建设,来信,49
11428,"2023-11-23",交通运输,来信,25
11429,"2023-11-23",农林牧渔,来信,25
11430,"2023-11-23",科教文体,网站,10
11431,"2023-11-23",公卫医疗,网站,7
11432,"2023-11-23",城乡建设,网站,4
11433,"2023-11-23",交通运输,网站,6
11434,"2023-11-23",农林牧渔,网站,6
11435,"2023-11-23",科教文体,小程序/公众号,51
11436,"2023-11-23",公卫医疗,小程序/公众号,100
11437,"2023-11-23",城乡建设,小程序/公众号,123
11438,"2023-11-23",交通运输,小程序/公众号,31
11439,"2023-11-23",农林牧渔,小程序/公众号,123
11440,"2023-11-24",科教文体,电话,14
11441,"2023-11-24",公卫医疗,电话,9
11442,"2023-11-24",城乡建设,电话,13
11443,"2023-11-24",交通运输,电话,6
11444,"2023-11-24",农林牧渔,电话,9
11445,"2023-11-24",科教文体,来信,29
11446,"2023-11-24",公卫医疗,来信,18
11447,"2023-11-24",城乡建设,来信,24
11448,"2023-11-24",交通运输,来信,30
11449,"2023-11-24",农林牧渔,来信,3
11450,"2023-11-24",科教文体,网站,6
11451,"2023-11-24",公卫医疗,网站,15
11452,"2023-11-24",城乡建设,网站,13
11453,"2023-11-24",交通运输,网站,16
11454,"2023-11-24",农林牧渔,网站,1
11455,"2023-11-24",科教文体,小程序/公众号,66
11456,"2023-11-24",公卫医疗,小程序/公众号,14
11457,"2023-11-24",城乡建设,小程序/公众号,53
11458,"2023-11-24",交通运输,小程序/公众号,20
11459,"2023-11-24",农林牧渔,小程序/公众号,66
11460,"2023-11-25",科教文体,电话,4
11461,"2023-11-25",公卫医疗,电话,7
11462,"2023-11-25",城乡建设,电话,1
11463,"2023-11-25",交通运输,电话,7
11464,"2023-11-25",农林牧渔,电话,8
11465,"2023-11-25",科教文体,来信,32
11466,"2023-11-25",公卫医疗,来信,21
11467,"2023-11-25",城乡建设,来信,5
11468,"2023-11-25",交通运输,来信,29
11469,"2023-11-25",农林牧渔,来信,7
11470,"2023-11-25",科教文体,网站,0
11471,"2023-11-25",公卫医疗,网站,41
11472,"2023-11-25",城乡建设,网站,10
11473,"2023-11-25",交通运输,网站,32
11474,"2023-11-25",农林牧渔,网站,23
11475,"2023-11-25",科教文体,小程序/公众号,11
11476,"2023-11-25",公卫医疗,小程序/公众号,35
11477,"2023-11-25",城乡建设,小程序/公众号,56
11478,"2023-11-25",交通运输,小程序/公众号,43
11479,"2023-11-25",农林牧渔,小程序/公众号,15
11480,"2023-11-26",科教文体,电话,8
11481,"2023-11-26",公卫医疗,电话,5
11482,"2023-11-26",城乡建设,电话,6
11483,"2023-11-26",交通运输,电话,15
11484,"2023-11-26",农林牧渔,电话,9
11485,"2023-11-26",科教文体,来信,21
11486,"2023-11-26",公卫医疗,来信,45
11487,"2023-11-26",城乡建设,来信,38
11488,"2023-11-26",交通运输,来信,24
11489,"2023-11-26",农林牧渔,来信,44
11490,"2023-11-26",科教文体,网站,16
11491,"2023-11-26",公卫医疗,网站,17
11492,"2023-11-26",城乡建设,网站,11
11493,"2023-11-26",交通运输,网站,16
11494,"2023-11-26",农林牧渔,网站,11
11495,"2023-11-26",科教文体,小程序/公众号,57
11496,"2023-11-26",公卫医疗,小程序/公众号,205
11497,"2023-11-26",城乡建设,小程序/公众号,157
11498,"2023-11-26",交通运输,小程序/公众号,118
11499,"2023-11-26",农林牧渔,小程序/公众号,163
11500,"2023-11-27",科教文体,电话,1
11501,"2023-11-27",公卫医疗,电话,3
11502,"2023-11-27",城乡建设,电话,2
11503,"2023-11-27",交通运输,电话,4
11504,"2023-11-27",农林牧渔,电话,3
11505,"2023-11-27",科教文体,来信,10
11506,"2023-11-27",公卫医疗,来信,10
11507,"2023-11-27",城乡建设,来信,8
11508,"2023-11-27",交通运输,来信,12
11509,"2023-11-27",农林牧渔,来信,9
11510,"2023-11-27",科教文体,网站,20
11511,"2023-11-27",公卫医疗,网站,41
11512,"2023-11-27",城乡建设,网站,52
11513,"2023-11-27",交通运输,网站,38
11514,"2023-11-27",农林牧渔,网站,32
11515,"2023-11-27",科教文体,小程序/公众号,71
11516,"2023-11-27",公卫医疗,小程序/公众号,110
11517,"2023-11-27",城乡建设,小程序/公众号,50
11518,"2023-11-27",交通运输,小程序/公众号,46
11519,"2023-11-27",农林牧渔,小程序/公众号,12
11520,"2023-11-28",科教文体,电话,5
11521,"2023-11-28",公卫医疗,电话,23
11522,"2023-11-28",城乡建设,电话,13
11523,"2023-11-28",交通运输,电话,20
11524,"2023-11-28",农林牧渔,电话,0
11525,"2023-11-28",科教文体,来信,2
11526,"2023-11-28",公卫医疗,来信,1
11527,"2023-11-28",城乡建设,来信,2
11528,"2023-11-28",交通运输,来信,4
11529,"2023-11-28",农林牧渔,来信,3
11530,"2023-11-28",科教文体,网站,29
11531,"2023-11-28",公卫医疗,网站,10
11532,"2023-11-28",城乡建设,网站,17
11533,"2023-11-28",交通运输,网站,27
11534,"2023-11-28",农林牧渔,网站,4
11535,"2023-11-28",科教文体,小程序/公众号,60
11536,"2023-11-28",公卫医疗,小程序/公众号,19
11537,"2023-11-28",城乡建设,小程序/公众号,22
11538,"2023-11-28",交通运输,小程序/公众号,131
11539,"2023-11-28",农林牧渔,小程序/公众号,19
11540,"2023-11-29",科教文体,电话,21
11541,"2023-11-29",公卫医疗,电话,6
11542,"2023-11-29",城乡建设,电话,2
11543,"2023-11-29",交通运输,电话,16
11544,"2023-11-29",农林牧渔,电话,1
11545,"2023-11-29",科教文体,来信,51
11546,"2023-11-29",公卫医疗,来信,51
11547,"2023-11-29",城乡建设,来信,23
11548,"2023-11-29",交通运输,来信,33
11549,"2023-11-29",农林牧渔,来信,22
11550,"2023-11-29",科教文体,网站,11
11551,"2023-11-29",公卫医疗,网站,10
11552,"2023-11-29",城乡建设,网站,5
11553,"2023-11-29",交通运输,网站,1
11554,"2023-11-29",农林牧渔,网站,5
11555,"2023-11-29",科教文体,小程序/公众号,26
11556,"2023-11-29",公卫医疗,小程序/公众号,121
11557,"2023-11-29",城乡建设,小程序/公众号,87
11558,"2023-11-29",交通运输,小程序/公众号,136
11559,"2023-11-29",农林牧渔,小程序/公众号,156
11560,"2023-11-30",科教文体,电话,27
11561,"2023-11-30",公卫医疗,电话,45
11562,"2023-11-30",城乡建设,电话,11
11563,"2023-11-30",交通运输,电话,34
11564,"2023-11-30",农林牧渔,电话,1
11565,"2023-11-30",科教文体,来信,38
11566,"2023-11-30",公卫医疗,来信,49
11567,"2023-11-30",城乡建设,来信,49
11568,"2023-11-30",交通运输,来信,42
11569,"2023-11-30",农林牧渔,来信,31
11570,"2023-11-30",科教文体,网站,36
11571,"2023-11-30",公卫医疗,网站,13
11572,"2023-11-30",城乡建设,网站,29
11573,"2023-11-30",交通运输,网站,15
11574,"2023-11-30",农林牧渔,网站,9
11575,"2023-11-30",科教文体,小程序/公众号,283
11576,"2023-11-30",公卫医疗,小程序/公众号,79
11577,"2023-11-30",城乡建设,小程序/公众号,89
11578,"2023-11-30",交通运输,小程序/公众号,83
11579,"2023-11-30",农林牧渔,小程序/公众号,32
11580,"2023-12-01",科教文体,电话,7
11581,"2023-12-01",公卫医疗,电话,4
11582,"2023-12-01",城乡建设,电话,13
11583,"2023-12-01",交通运输,电话,13
11584,"2023-12-01",农林牧渔,电话,10
11585,"2023-12-01",科教文体,来信,48
11586,"2023-12-01",公卫医疗,来信,51
11587,"2023-12-01",城乡建设,来信,13
11588,"2023-12-01",交通运输,来信,58
11589,"2023-12-01",农林牧渔,来信,34
11590,"2023-12-01",科教文体,网站,7
11591,"2023-12-01",公卫医疗,网站,51
11592,"2023-12-01",城乡建设,网站,49
11593,"2023-12-01",交通运输,网站,35
11594,"2023-12-01",农林牧渔,网站,10
11595,"2023-12-01",科教文体,小程序/公众号,40
11596,"2023-12-01",公卫医疗,小程序/公众号,13
11597,"2023-12-01",城乡建设,小程序/公众号,37
11598,"2023-12-01",交通运输,小程序/公众号,214
11599,"2023-12-01",农林牧渔,小程序/公众号,96
11600,"2023-12-02",科教文体,电话,23
11601,"2023-12-02",公卫医疗,电话,16
11602,"2023-12-02",城乡建设,电话,13
11603,"2023-12-02",交通运输,电话,20
11604,"2023-12-02",农林牧渔,电话,21
11605,"2023-12-02",科教文体,来信,44
11606,"2023-12-02",公卫医疗,来信,40
11607,"2023-12-02",城乡建设,来信,32
11608,"2023-12-02",交通运输,来信,40
11609,"2023-12-02",农林牧渔,来信,5
11610,"2023-12-02",科教文体,网站,82
11611,"2023-12-02",公卫医疗,网站,51
11612,"2023-12-02",城乡建设,网站,27
11613,"2023-12-02",交通运输,网站,48
11614,"2023-12-02",农林牧渔,网站,95
11615,"2023-12-02",科教文体,小程序/公众号,128
11616,"2023-12-02",公卫医疗,小程序/公众号,107
11617,"2023-12-02",城乡建设,小程序/公众号,76
11618,"2023-12-02",交通运输,小程序/公众号,30
11619,"2023-12-02",农林牧渔,小程序/公众号,42
11620,"2023-12-03",科教文体,电话,19
11621,"2023-12-03",公卫医疗,电话,12
11622,"2023-12-03",城乡建设,电话,18
11623,"2023-12-03",交通运输,电话,4
11624,"2023-12-03",农林牧渔,电话,17
11625,"2023-12-03",科教文体,来信,21
11626,"2023-12-03",公卫医疗,来信,15
11627,"2023-12-03",城乡建设,来信,12
11628,"2023-12-03",交通运输,来信,16
11629,"2023-12-03",农林牧渔,来信,19
11630,"2023-12-03",科教文体,网站,1
11631,"2023-12-03",公卫医疗,网站,3
11632,"2023-12-03",城乡建设,网站,11
11633,"2023-12-03",交通运输,网站,5
11634,"2023-12-03",农林牧渔,网站,7
11635,"2023-12-03",科教文体,小程序/公众号,146
11636,"2023-12-03",公卫医疗,小程序/公众号,14
11637,"2023-12-03",城乡建设,小程序/公众号,88
11638,"2023-12-03",交通运输,小程序/公众号,89
11639,"2023-12-03",农林牧渔,小程序/公众号,20
11640,"2023-12-04",科教文体,电话,23
11641,"2023-12-04",公卫医疗,电话,26
11642,"2023-12-04",城乡建设,电话,8
11643,"2023-12-04",交通运输,电话,28
11644,"2023-12-04",农林牧渔,电话,18
11645,"2023-12-04",科教文体,来信,3
11646,"2023-12-04",公卫医疗,来信,1
11647,"2023-12-04",城乡建设,来信,1
11648,"2023-12-04",交通运输,来信,3
11649,"2023-12-04",农林牧渔,来信,3
11650,"2023-12-04",科教文体,网站,14
11651,"2023-12-04",公卫医疗,网站,8
11652,"2023-12-04",城乡建设,网站,11
11653,"2023-12-04",交通运输,网站,13
11654,"2023-12-04",农林牧渔,网站,10
11655,"2023-12-04",科教文体,小程序/公众号,66
11656,"2023-12-04",公卫医疗,小程序/公众号,110
11657,"2023-12-04",城乡建设,小程序/公众号,102
11658,"2023-12-04",交通运输,小程序/公众号,6
11659,"2023-12-04",农林牧渔,小程序/公众号,54
11660,"2023-12-05",科教文体,电话,9
11661,"2023-12-05",公卫医疗,电话,24
11662,"2023-12-05",城乡建设,电话,23
11663,"2023-12-05",交通运输,电话,2
11664,"2023-12-05",农林牧渔,电话,4
11665,"2023-12-05",科教文体,来信,4
11666,"2023-12-05",公卫医疗,来信,3
11667,"2023-12-05",城乡建设,来信,1
11668,"2023-12-05",交通运输,来信,3
11669,"2023-12-05",农林牧渔,来信,1
11670,"2023-12-05",科教文体,网站,11
11671,"2023-12-05",公卫医疗,网站,19
11672,"2023-12-05",城乡建设,网站,2
11673,"2023-12-05",交通运输,网站,24
11674,"2023-12-05",农林牧渔,网站,22
11675,"2023-12-05",科教文体,小程序/公众号,26
11676,"2023-12-05",公卫医疗,小程序/公众号,60
11677,"2023-12-05",城乡建设,小程序/公众号,40
11678,"2023-12-05",交通运输,小程序/公众号,29
11679,"2023-12-05",农林牧渔,小程序/公众号,19
11680,"2023-12-06",科教文体,电话,19
11681,"2023-12-06",公卫医疗,电话,24
11682,"2023-12-06",城乡建设,电话,23
11683,"2023-12-06",交通运输,电话,21
11684,"2023-12-06",农林牧渔,电话,24
11685,"2023-12-06",科教文体,来信,24
11686,"2023-12-06",公卫医疗,来信,13
11687,"2023-12-06",城乡建设,来信,15
11688,"2023-12-06",交通运输,来信,38
11689,"2023-12-06",农林牧渔,来信,10
11690,"2023-12-06",科教文体,网站,25
11691,"2023-12-06",公卫医疗,网站,33
11692,"2023-12-06",城乡建设,网站,45
11693,"2023-12-06",交通运输,网站,3
11694,"2023-12-06",农林牧渔,网站,3
11695,"2023-12-06",科教文体,小程序/公众号,55
11696,"2023-12-06",公卫医疗,小程序/公众号,24
11697,"2023-12-06",城乡建设,小程序/公众号,10
11698,"2023-12-06",交通运输,小程序/公众号,56
11699,"2023-12-06",农林牧渔,小程序/公众号,9
11700,"2023-12-07",科教文体,电话,24
11701,"2023-12-07",公卫医疗,电话,11
11702,"2023-12-07",城乡建设,电话,60
11703,"2023-12-07",交通运输,电话,27
11704,"2023-12-07",农林牧渔,电话,30
11705,"2023-12-07",科教文体,来信,18
11706,"2023-12-07",公卫医疗,来信,48
11707,"2023-12-07",城乡建设,来信,104
11708,"2023-12-07",交通运输,来信,22
11709,"2023-12-07",农林牧渔,来信,17
11710,"2023-12-07",科教文体,网站,31
11711,"2023-12-07",公卫医疗,网站,63
11712,"2023-12-07",城乡建设,网站,25
11713,"2023-12-07",交通运输,网站,55
11714,"2023-12-07",农林牧渔,网站,5
11715,"2023-12-07",科教文体,小程序/公众号,55
11716,"2023-12-07",公卫医疗,小程序/公众号,14
11717,"2023-12-07",城乡建设,小程序/公众号,168
11718,"2023-12-07",交通运输,小程序/公众号,39
11719,"2023-12-07",农林牧渔,小程序/公众号,115
11720,"2023-12-08",科教文体,电话,14
11721,"2023-12-08",公卫医疗,电话,12
11722,"2023-12-08",城乡建设,电话,7
11723,"2023-12-08",交通运输,电话,14
11724,"2023-12-08",农林牧渔,电话,8
11725,"2023-12-08",科教文体,来信,63
11726,"2023-12-08",公卫医疗,来信,13
11727,"2023-12-08",城乡建设,来信,47
11728,"2023-12-08",交通运输,来信,70
11729,"2023-12-08",农林牧渔,来信,1
11730,"2023-12-08",科教文体,网站,3
11731,"2023-12-08",公卫医疗,网站,29
11732,"2023-12-08",城乡建设,网站,13
11733,"2023-12-08",交通运输,网站,11
11734,"2023-12-08",农林牧渔,网站,30
11735,"2023-12-08",科教文体,小程序/公众号,144
11736,"2023-12-08",公卫医疗,小程序/公众号,153
11737,"2023-12-08",城乡建设,小程序/公众号,95
11738,"2023-12-08",交通运输,小程序/公众号,39
11739,"2023-12-08",农林牧渔,小程序/公众号,41
11740,"2023-12-09",科教文体,电话,12
11741,"2023-12-09",公卫医疗,电话,11
11742,"2023-12-09",城乡建设,电话,10
11743,"2023-12-09",交通运输,电话,12
11744,"2023-12-09",农林牧渔,电话,13
11745,"2023-12-09",科教文体,来信,5
11746,"2023-12-09",公卫医疗,来信,4
11747,"2023-12-09",城乡建设,来信,2
11748,"2023-12-09",交通运输,来信,2
11749,"2023-12-09",农林牧渔,来信,5
11750,"2023-12-09",科教文体,网站,100
11751,"2023-12-09",公卫医疗,网站,115
11752,"2023-12-09",城乡建设,网站,37
11753,"2023-12-09",交通运输,网站,107
11754,"2023-12-09",农林牧渔,网站,25
11755,"2023-12-09",科教文体,小程序/公众号,80
11756,"2023-12-09",公卫医疗,小程序/公众号,47
11757,"2023-12-09",城乡建设,小程序/公众号,120
11758,"2023-12-09",交通运输,小程序/公众号,113
11759,"2023-12-09",农林牧渔,小程序/公众号,115
11760,"2023-12-10",科教文体,电话,11
11761,"2023-12-10",公卫医疗,电话,6
11762,"2023-12-10",城乡建设,电话,3
11763,"2023-12-10",交通运输,电话,1
11764,"2023-12-10",农林牧渔,电话,10
11765,"2023-12-10",科教文体,来信,50
11766,"2023-12-10",公卫医疗,来信,29
11767,"2023-12-10",城乡建设,来信,2
11768,"2023-12-10",交通运输,来信,46
11769,"2023-12-10",农林牧渔,来信,24
11770,"2023-12-10",科教文体,网站,52
11771,"2023-12-10",公卫医疗,网站,14
11772,"2023-12-10",城乡建设,网站,63
11773,"2023-12-10",交通运输,网站,9
11774,"2023-12-10",农林牧渔,网站,57
11775,"2023-12-10",科教文体,小程序/公众号,106
11776,"2023-12-10",公卫医疗,小程序/公众号,91
11777,"2023-12-10",城乡建设,小程序/公众号,65
11778,"2023-12-10",交通运输,小程序/公众号,87
11779,"2023-12-10",农林牧渔,小程序/公众号,82
11780,"2023-12-11",科教文体,电话,4
11781,"2023-12-11",公卫医疗,电话,4
11782,"2023-12-11",城乡建设,电话,1
11783,"2023-12-11",交通运输,电话,6
11784,"2023-12-11",农林牧渔,电话,6
11785,"2023-12-11",科教文体,来信,26
11786,"2023-12-11",公卫医疗,来信,31
11787,"2023-12-11",城乡建设,来信,19
11788,"2023-12-11",交通运输,来信,25
11789,"2023-12-11",农林牧渔,来信,15
11790,"2023-12-11",科教文体,网站,6
11791,"2023-12-11",公卫医疗,网站,12
11792,"2023-12-11",城乡建设,网站,14
11793,"2023-12-11",交通运输,网站,15
11794,"2023-12-11",农林牧渔,网站,20
11795,"2023-12-11",科教文体,小程序/公众号,25
11796,"2023-12-11",公卫医疗,小程序/公众号,3
11797,"2023-12-11",城乡建设,小程序/公众号,71
11798,"2023-12-11",交通运输,小程序/公众号,71
11799,"2023-12-11",农林牧渔,小程序/公众号,7
11800,"2023-12-12",科教文体,电话,17
11801,"2023-12-12",公卫医疗,电话,7
11802,"2023-12-12",城乡建设,电话,11
11803,"2023-12-12",交通运输,电话,22
11804,"2023-12-12",农林牧渔,电话,23
11805,"2023-12-12",科教文体,来信,6
11806,"2023-12-12",公卫医疗,来信,5
11807,"2023-12-12",城乡建设,来信,3
11808,"2023-12-12",交通运输,来信,2
11809,"2023-12-12",农林牧渔,来信,2
11810,"2023-12-12",科教文体,网站,20
11811,"2023-12-12",公卫医疗,网站,7
11812,"2023-12-12",城乡建设,网站,2
11813,"2023-12-12",交通运输,网站,20
11814,"2023-12-12",农林牧渔,网站,7
11815,"2023-12-12",科教文体,小程序/公众号,26
11816,"2023-12-12",公卫医疗,小程序/公众号,69
11817,"2023-12-12",城乡建设,小程序/公众号,52
11818,"2023-12-12",交通运输,小程序/公众号,69
11819,"2023-12-12",农林牧渔,小程序/公众号,40
11820,"2023-12-13",科教文体,电话,10
11821,"2023-12-13",公卫医疗,电话,37
11822,"2023-12-13",城乡建设,电话,28
11823,"2023-12-13",交通运输,电话,2
11824,"2023-12-13",农林牧渔,电话,18
11825,"2023-12-13",科教文体,来信,11
11826,"2023-12-13",公卫医疗,来信,11
11827,"2023-12-13",城乡建设,来信,20
11828,"2023-12-13",交通运输,来信,7
11829,"2023-12-13",农林牧渔,来信,24
11830,"2023-12-13",科教文体,网站,31
11831,"2023-12-13",公卫医疗,网站,9
11832,"2023-12-13",城乡建设,网站,16
11833,"2023-12-13",交通运输,网站,6
11834,"2023-12-13",农林牧渔,网站,58
11835,"2023-12-13",科教文体,小程序/公众号,34
11836,"2023-12-13",公卫医疗,小程序/公众号,5
11837,"2023-12-13",城乡建设,小程序/公众号,11
11838,"2023-12-13",交通运输,小程序/公众号,50
11839,"2023-12-13",农林牧渔,小程序/公众号,23
11840,"2023-12-14",科教文体,电话,12
11841,"2023-12-14",公卫医疗,电话,29
11842,"2023-12-14",城乡建设,电话,20
11843,"2023-12-14",交通运输,电话,39
11844,"2023-12-14",农林牧渔,电话,15
11845,"2023-12-14",科教文体,来信,36
11846,"2023-12-14",公卫医疗,来信,41
11847,"2023-12-14",城乡建设,来信,1
11848,"2023-12-14",交通运输,来信,26
11849,"2023-12-14",农林牧渔,来信,24
11850,"2023-12-14",科教文体,网站,8
11851,"2023-12-14",公卫医疗,网站,7
11852,"2023-12-14",城乡建设,网站,5
11853,"2023-12-14",交通运输,网站,3
11854,"2023-12-14",农林牧渔,网站,12
11855,"2023-12-14",科教文体,小程序/公众号,111
11856,"2023-12-14",公卫医疗,小程序/公众号,85
11857,"2023-12-14",城乡建设,小程序/公众号,64
11858,"2023-12-14",交通运输,小程序/公众号,23
11859,"2023-12-14",农林牧渔,小程序/公众号,17
11860,"2023-12-15",科教文体,电话,16
11861,"2023-12-15",公卫医疗,电话,5
11862,"2023-12-15",城乡建设,电话,5
11863,"2023-12-15",交通运输,电话,11
11864,"2023-12-15",农林牧渔,电话,10
11865,"2023-12-15",科教文体,来信,1
11866,"2023-12-15",公卫医疗,来信,19
11867,"2023-12-15",城乡建设,来信,14
11868,"2023-12-15",交通运输,来信,15
11869,"2023-12-15",农林牧渔,来信,3
11870,"2023-12-15",科教文体,网站,3
11871,"2023-12-15",公卫医疗,网站,3
11872,"2023-12-15",城乡建设,网站,10
11873,"2023-12-15",交通运输,网站,6
11874,"2023-12-15",农林牧渔,网站,3
11875,"2023-12-15",科教文体,小程序/公众号,83
11876,"2023-12-15",公卫医疗,小程序/公众号,38
11877,"2023-12-15",城乡建设,小程序/公众号,63
11878,"2023-12-15",交通运输,小程序/公众号,72
11879,"2023-12-15",农林牧渔,小程序/公众号,15
11880,"2023-12-16",科教文体,电话,5
11881,"2023-12-16",公卫医疗,电话,7
11882,"2023-12-16",城乡建设,电话,1
11883,"2023-12-16",交通运输,电话,2
11884,"2023-12-16",农林牧渔,电话,2
11885,"2023-12-16",科教文体,来信,8
11886,"2023-12-16",公卫医疗,来信,7
11887,"2023-12-16",城乡建设,来信,7
11888,"2023-12-16",交通运输,来信,4
11889,"2023-12-16",农林牧渔,来信,2
11890,"2023-12-16",科教文体,网站,5
11891,"2023-12-16",公卫医疗,网站,8
11892,"2023-12-16",城乡建设,网站,56
11893,"2023-12-16",交通运输,网站,39
11894,"2023-12-16",农林牧渔,网站,37
11895,"2023-12-16",科教文体,小程序/公众号,82
11896,"2023-12-16",公卫医疗,小程序/公众号,24
11897,"2023-12-16",城乡建设,小程序/公众号,14
11898,"2023-12-16",交通运输,小程序/公众号,40
11899,"2023-12-16",农林牧渔,小程序/公众号,27
11900,"2023-12-17",科教文体,电话,4
11901,"2023-12-17",公卫医疗,电话,3
11902,"2023-12-17",城乡建设,电话,3
11903,"2023-12-17",交通运输,电话,5
11904,"2023-12-17",农林牧渔,电话,0
11905,"2023-12-17",科教文体,来信,0
11906,"2023-12-17",公卫医疗,来信,2
11907,"2023-12-17",城乡建设,来信,5
11908,"2023-12-17",交通运输,来信,3
11909,"2023-12-17",农林牧渔,来信,3
11910,"2023-12-17",科教文体,网站,11
11911,"2023-12-17",公卫医疗,网站,39
11912,"2023-12-17",城乡建设,网站,18
11913,"2023-12-17",交通运输,网站,23
11914,"2023-12-17",农林牧渔,网站,21
11915,"2023-12-17",科教文体,小程序/公众号,117
11916,"2023-12-17",公卫医疗,小程序/公众号,112
11917,"2023-12-17",城乡建设,小程序/公众号,289
11918,"2023-12-17",交通运输,小程序/公众号,88
11919,"2023-12-17",农林牧渔,小程序/公众号,132
11920,"2023-12-18",科教文体,电话,3
11921,"2023-12-18",公卫医疗,电话,1
11922,"2023-12-18",城乡建设,电话,4
11923,"2023-12-18",交通运输,电话,1
11924,"2023-12-18",农林牧渔,电话,4
11925,"2023-12-18",科教文体,来信,17
11926,"2023-12-18",公卫医疗,来信,36
11927,"2023-12-18",城乡建设,来信,33
11928,"2023-12-18",交通运输,来信,43
11929,"2023-12-18",农林牧渔,来信,23
11930,"2023-12-18",科教文体,网站,4
11931,"2023-12-18",公卫医疗,网站,1
11932,"2023-12-18",城乡建设,网站,64
11933,"2023-12-18",交通运输,网站,59
11934,"2023-12-18",农林牧渔,网站,78
11935,"2023-12-18",科教文体,小程序/公众号,234
11936,"2023-12-18",公卫医疗,小程序/公众号,38
11937,"2023-12-18",城乡建设,小程序/公众号,166
11938,"2023-12-18",交通运输,小程序/公众号,108
11939,"2023-12-18",农林牧渔,小程序/公众号,26
11940,"2023-12-19",科教文体,电话,51
11941,"2023-12-19",公卫医疗,电话,43
11942,"2023-12-19",城乡建设,电话,36
11943,"2023-12-19",交通运输,电话,6
11944,"2023-12-19",农林牧渔,电话,27
11945,"2023-12-19",科教文体,来信,47
11946,"2023-12-19",公卫医疗,来信,36
11947,"2023-12-19",城乡建设,来信,14
11948,"2023-12-19",交通运输,来信,76
11949,"2023-12-19",农林牧渔,来信,32
11950,"2023-12-19",科教文体,网站,12
11951,"2023-12-19",公卫医疗,网站,16
11952,"2023-12-19",城乡建设,网站,6
11953,"2023-12-19",交通运输,网站,13
11954,"2023-12-19",农林牧渔,网站,4
11955,"2023-12-19",科教文体,小程序/公众号,70
11956,"2023-12-19",公卫医疗,小程序/公众号,72
11957,"2023-12-19",城乡建设,小程序/公众号,145
11958,"2023-12-19",交通运输,小程序/公众号,56
11959,"2023-12-19",农林牧渔,小程序/公众号,84
11960,"2023-12-20",科教文体,电话,12
11961,"2023-12-20",公卫医疗,电话,15
11962,"2023-12-20",城乡建设,电话,18
11963,"2023-12-20",交通运输,电话,18
11964,"2023-12-20",农林牧渔,电话,16
11965,"2023-12-20",科教文体,来信,25
11966,"2023-12-20",公卫医疗,来信,115
11967,"2023-12-20",城乡建设,来信,28
11968,"2023-12-20",交通运输,来信,8
11969,"2023-12-20",农林牧渔,来信,33
11970,"2023-12-20",科教文体,网站,19
11971,"2023-12-20",公卫医疗,网站,39
11972,"2023-12-20",城乡建设,网站,113
11973,"2023-12-20",交通运输,网站,21
11974,"2023-12-20",农林牧渔,网站,122
11975,"2023-12-20",科教文体,小程序/公众号,124
11976,"2023-12-20",公卫医疗,小程序/公众号,90
11977,"2023-12-20",城乡建设,小程序/公众号,75
11978,"2023-12-20",交通运输,小程序/公众号,21
11979,"2023-12-20",农林牧渔,小程序/公众号,35
11980,"2023-12-21",科教文体,电话,15
11981,"2023-12-21",公卫医疗,电话,12
11982,"2023-12-21",城乡建设,电话,2
11983,"2023-12-21",交通运输,电话,10
11984,"2023-12-21",农林牧渔,电话,11
11985,"2023-12-21",科教文体,来信,1
11986,"2023-12-21",公卫医疗,来信,5
11987,"2023-12-21",城乡建设,来信,7
11988,"2023-12-21",交通运输,来信,4
11989,"2023-12-21",农林牧渔,来信,10
11990,"2023-12-21",科教文体,网站,27
11991,"2023-12-21",公卫医疗,网站,16
11992,"2023-12-21",城乡建设,网站,27
11993,"2023-12-21",交通运输,网站,9
11994,"2023-12-21",农林牧渔,网站,4
11995,"2023-12-21",科教文体,小程序/公众号,50
11996,"2023-12-21",公卫医疗,小程序/公众号,105
11997,"2023-12-21",城乡建设,小程序/公众号,24
11998,"2023-12-21",交通运输,小程序/公众号,88
11999,"2023-12-21",农林牧渔,小程序/公众号,46
12000,"2023-12-22",科教文体,电话,3
12001,"2023-12-22",公卫医疗,电话,3
12002,"2023-12-22",城乡建设,电话,3
12003,"2023-12-22",交通运输,电话,7
12004,"2023-12-22",农林牧渔,电话,0
12005,"2023-12-22",科教文体,来信,65
12006,"2023-12-22",公卫医疗,来信,18
12007,"2023-12-22",城乡建设,来信,13
12008,"2023-12-22",交通运输,来信,11
12009,"2023-12-22",农林牧渔,来信,79
12010,"2023-12-22",科教文体,网站,62
12011,"2023-12-22",公卫医疗,网站,30
12012,"2023-12-22",城乡建设,网站,21
12013,"2023-12-22",交通运输,网站,123
12014,"2023-12-22",农林牧渔,网站,78
12015,"2023-12-22",科教文体,小程序/公众号,41
12016,"2023-12-22",公卫医疗,小程序/公众号,10
12017,"2023-12-22",城乡建设,小程序/公众号,90
12018,"2023-12-22",交通运输,小程序/公众号,156
12019,"2023-12-22",农林牧渔,小程序/公众号,85
12020,"2023-12-23",科教文体,电话,25
12021,"2023-12-23",公卫医疗,电话,12
12022,"2023-12-23",城乡建设,电话,22
12023,"2023-12-23",交通运输,电话,13
12024,"2023-12-23",农林牧渔,电话,35
12025,"2023-12-23",科教文体,来信,2
12026,"2023-12-23",公卫医疗,来信,9
12027,"2023-12-23",城乡建设,来信,19
12028,"2023-12-23",交通运输,来信,17
12029,"2023-12-23",农林牧渔,来信,11
12030,"2023-12-23",科教文体,网站,13
12031,"2023-12-23",公卫医疗,网站,79
12032,"2023-12-23",城乡建设,网站,56
12033,"2023-12-23",交通运输,网站,38
12034,"2023-12-23",农林牧渔,网站,31
12035,"2023-12-23",科教文体,小程序/公众号,28
12036,"2023-12-23",公卫医疗,小程序/公众号,49
12037,"2023-12-23",城乡建设,小程序/公众号,78
12038,"2023-12-23",交通运输,小程序/公众号,11
12039,"2023-12-23",农林牧渔,小程序/公众号,61
12040,"2023-12-24",科教文体,电话,5
12041,"2023-12-24",公卫医疗,电话,15
12042,"2023-12-24",城乡建设,电话,10
12043,"2023-12-24",交通运输,电话,15
12044,"2023-12-24",农林牧渔,电话,3
12045,"2023-12-24",科教文体,来信,2
12046,"2023-12-24",公卫医疗,来信,13
12047,"2023-12-24",城乡建设,来信,4
12048,"2023-12-24",交通运输,来信,145
12049,"2023-12-24",农林牧渔,来信,15
12050,"2023-12-24",科教文体,网站,8
12051,"2023-12-24",公卫医疗,网站,6
12052,"2023-12-24",城乡建设,网站,1
12053,"2023-12-24",交通运输,网站,0
12054,"2023-12-24",农林牧渔,网站,7
12055,"2023-12-24",科教文体,小程序/公众号,158
12056,"2023-12-24",公卫医疗,小程序/公众号,64
12057,"2023-12-24",城乡建设,小程序/公众号,83
12058,"2023-12-24",交通运输,小程序/公众号,148
12059,"2023-12-24",农林牧渔,小程序/公众号,160
12060,"2023-12-25",科教文体,电话,36
12061,"2023-12-25",公卫医疗,电话,14
12062,"2023-12-25",城乡建设,电话,38
12063,"2023-12-25",交通运输,电话,39
12064,"2023-12-25",农林牧渔,电话,13
12065,"2023-12-25",科教文体,来信,29
12066,"2023-12-25",公卫医疗,来信,21
12067,"2023-12-25",城乡建设,来信,27
12068,"2023-12-25",交通运输,来信,32
12069,"2023-12-25",农林牧渔,来信,28
12070,"2023-12-25",科教文体,网站,14
12071,"2023-12-25",公卫医疗,网站,25
12072,"2023-12-25",城乡建设,网站,14
12073,"2023-12-25",交通运输,网站,9
12074,"2023-12-25",农林牧渔,网站,19
12075,"2023-12-25",科教文体,小程序/公众号,48
12076,"2023-12-25",公卫医疗,小程序/公众号,24
12077,"2023-12-25",城乡建设,小程序/公众号,89
12078,"2023-12-25",交通运输,小程序/公众号,94
12079,"2023-12-25",农林牧渔,小程序/公众号,34
12080,"2023-12-26",科教文体,电话,29
12081,"2023-12-26",公卫医疗,电话,21
12082,"2023-12-26",城乡建设,电话,12
12083,"2023-12-26",交通运输,电话,6
12084,"2023-12-26",农林牧渔,电话,35
12085,"2023-12-26",科教文体,来信,5
12086,"2023-12-26",公卫医疗,来信,4
12087,"2023-12-26",城乡建设,来信,5
12088,"2023-12-26",交通运输,来信,4
12089,"2023-12-26",农林牧渔,来信,5
12090,"2023-12-26",科教文体,网站,38
12091,"2023-12-26",公卫医疗,网站,2
12092,"2023-12-26",城乡建设,网站,33
12093,"2023-12-26",交通运输,网站,75
12094,"2023-12-26",农林牧渔,网站,23
12095,"2023-12-26",科教文体,小程序/公众号,31
12096,"2023-12-26",公卫医疗,小程序/公众号,19
12097,"2023-12-26",城乡建设,小程序/公众号,40
12098,"2023-12-26",交通运输,小程序/公众号,39
12099,"2023-12-26",农林牧渔,小程序/公众号,43
12100,"2023-12-27",科教文体,电话,6
12101,"2023-12-27",公卫医疗,电话,0
12102,"2023-12-27",城乡建设,电话,3
12103,"2023-12-27",交通运输,电话,6
12104,"2023-12-27",农林牧渔,电话,0
12105,"2023-12-27",科教文体,来信,5
12106,"2023-12-27",公卫医疗,来信,3
12107,"2023-12-27",城乡建设,来信,1
12108,"2023-12-27",交通运输,来信,2
12109,"2023-12-27",农林牧渔,来信,3
12110,"2023-12-27",科教文体,网站,3
12111,"2023-12-27",公卫医疗,网站,2
12112,"2023-12-27",城乡建设,网站,1
12113,"2023-12-27",交通运输,网站,5
12114,"2023-12-27",农林牧渔,网站,5
12115,"2023-12-27",科教文体,小程序/公众号,124
12116,"2023-12-27",公卫医疗,小程序/公众号,112
12117,"2023-12-27",城乡建设,小程序/公众号,98
12118,"2023-12-27",交通运输,小程序/公众号,47
12119,"2023-12-27",农林牧渔,小程序/公众号,58
12120,"2023-12-28",科教文体,电话,13
12121,"2023-12-28",公卫医疗,电话,11
12122,"2023-12-28",城乡建设,电话,0
12123,"2023-12-28",交通运输,电话,9
12124,"2023-12-28",农林牧渔,电话,5
12125,"2023-12-28",科教文体,来信,2
12126,"2023-12-28",公卫医疗,来信,22
12127,"2023-12-28",城乡建设,来信,16
12128,"2023-12-28",交通运输,来信,20
12129,"2023-12-28",农林牧渔,来信,20
12130,"2023-12-28",科教文体,网站,3
12131,"2023-12-28",公卫医疗,网站,7
12132,"2023-12-28",城乡建设,网站,5
12133,"2023-12-28",交通运输,网站,5
12134,"2023-12-28",农林牧渔,网站,6
12135,"2023-12-28",科教文体,小程序/公众号,14
12136,"2023-12-28",公卫医疗,小程序/公众号,32
12137,"2023-12-28",城乡建设,小程序/公众号,40
12138,"2023-12-28",交通运输,小程序/公众号,26
12139,"2023-12-28",农林牧渔,小程序/公众号,94
12140,"2023-12-29",科教文体,电话,14
12141,"2023-12-29",公卫医疗,电话,24
12142,"2023-12-29",城乡建设,电话,9
12143,"2023-12-29",交通运输,电话,21
12144,"2023-12-29",农林牧渔,电话,17
12145,"2023-12-29",科教文体,来信,23
12146,"2023-12-29",公卫医疗,来信,92
12147,"2023-12-29",城乡建设,来信,10
12148,"2023-12-29",交通运输,来信,55
12149,"2023-12-29",农林牧渔,来信,19
12150,"2023-12-29",科教文体,网站,24
12151,"2023-12-29",公卫医疗,网站,47
12152,"2023-12-29",城乡建设,网站,41
12153,"2023-12-29",交通运输,网站,15
12154,"2023-12-29",农林牧渔,网站,15
12155,"2023-12-29",科教文体,小程序/公众号,137
12156,"2023-12-29",公卫医疗,小程序/公众号,45
12157,"2023-12-29",城乡建设,小程序/公众号,34
12158,"2023-12-29",交通运输,小程序/公众号,145
12159,"2023-12-29",农林牧渔,小程序/公众号,85
12160,"2023-12-30",科教文体,电话,26
12161,"2023-12-30",公卫医疗,电话,17
12162,"2023-12-30",城乡建设,电话,25
12163,"2023-12-30",交通运输,电话,33
12164,"2023-12-30",农林牧渔,电话,35
12165,"2023-12-30",科教文体,来信,12
12166,"2023-12-30",公卫医疗,来信,29
12167,"2023-12-30",城乡建设,来信,3
12168,"2023-12-30",交通运输,来信,21
12169,"2023-12-30",农林牧渔,来信,42
12170,"2023-12-30",科教文体,网站,2
12171,"2023-12-30",公卫医疗,网站,5
12172,"2023-12-30",城乡建设,网站,4
12173,"2023-12-30",交通运输,网站,1
12174,"2023-12-30",农林牧渔,网站,3
12175,"2023-12-30",科教文体,小程序/公众号,145
12176,"2023-12-30",公卫医疗,小程序/公众号,33
12177,"2023-12-30",城乡建设,小程序/公众号,209
12178,"2023-12-30",交通运输,小程序/公众号,250
12179,"2023-12-30",农林牧渔,小程序/公众号,80
12180,"2023-12-31",科教文体,电话,32
12181,"2023-12-31",公卫医疗,电话,20
12182,"2023-12-31",城乡建设,电话,38
12183,"2023-12-31",交通运输,电话,31
12184,"2023-12-31",农林牧渔,电话,27
12185,"2023-12-31",科教文体,来信,47
12186,"2023-12-31",公卫医疗,来信,85
12187,"2023-12-31",城乡建设,来信,42
12188,"2023-12-31",交通运输,来信,3
12189,"2023-12-31",农林牧渔,来信,47
12190,"2023-12-31",科教文体,网站,54
12191,"2023-12-31",公卫医疗,网站,27
12192,"2023-12-31",城乡建设,网站,16
12193,"2023-12-31",交通运输,网站,16
12194,"2023-12-31",农林牧渔,网站,57
12195,"2023-12-31",科教文体,小程序/公众号,8
12196,"2023-12-31",公卫医疗,小程序/公众号,70
12197,"2023-12-31",城乡建设,小程序/公众号,122
12198,"2023-12-31",交通运输,小程序/公众号,111
12199,"2023-12-31",农林牧渔,小程序/公众号,8
12200,"2024-01-01",科教文体,电话,46
12201,"2024-01-01",公卫医疗,电话,10
12202,"2024-01-01",城乡建设,电话,38
12203,"2024-01-01",交通运输,电话,2
12204,"2024-01-01",农林牧渔,电话,8
12205,"2024-01-01",科教文体,来信,49
12206,"2024-01-01",公卫医疗,来信,22
12207,"2024-01-01",城乡建设,来信,4
12208,"2024-01-01",交通运输,来信,54
12209,"2024-01-01",农林牧渔,来信,55
12210,"2024-01-01",科教文体,网站,43
12211,"2024-01-01",公卫医疗,网站,59
12212,"2024-01-01",城乡建设,网站,10
12213,"2024-01-01",交通运输,网站,12
12214,"2024-01-01",农林牧渔,网站,7
12215,"2024-01-01",科教文体,小程序/公众号,128
12216,"2024-01-01",公卫医疗,小程序/公众号,27
12217,"2024-01-01",城乡建设,小程序/公众号,81
12218,"2024-01-01",交通运输,小程序/公众号,117
12219,"2024-01-01",农林牧渔,小程序/公众号,3
12220,"2024-01-02",科教文体,电话,31
12221,"2024-01-02",公卫医疗,电话,30
12222,"2024-01-02",城乡建设,电话,23
12223,"2024-01-02",交通运输,电话,25
12224,"2024-01-02",农林牧渔,电话,1
12225,"2024-01-02",科教文体,来信,7
12226,"2024-01-02",公卫医疗,来信,32
12227,"2024-01-02",城乡建设,来信,27
12228,"2024-01-02",交通运输,来信,5
12229,"2024-01-02",农林牧渔,来信,5
12230,"2024-01-02",科教文体,网站,8
12231,"2024-01-02",公卫医疗,网站,11
12232,"2024-01-02",城乡建设,网站,10
12233,"2024-01-02",交通运输,网站,55
12234,"2024-01-02",农林牧渔,网站,77
12235,"2024-01-02",科教文体,小程序/公众号,77
12236,"2024-01-02",公卫医疗,小程序/公众号,8
12237,"2024-01-02",城乡建设,小程序/公众号,76
12238,"2024-01-02",交通运输,小程序/公众号,75
12239,"2024-01-02",农林牧渔,小程序/公众号,39
12240,"2024-01-03",科教文体,电话,6
12241,"2024-01-03",公卫医疗,电话,21
12242,"2024-01-03",城乡建设,电话,24
12243,"2024-01-03",交通运输,电话,16
12244,"2024-01-03",农林牧渔,电话,28
12245,"2024-01-03",科教文体,来信,7
12246,"2024-01-03",公卫医疗,来信,7
12247,"2024-01-03",城乡建设,来信,3
12248,"2024-01-03",交通运输,来信,5
12249,"2024-01-03",农林牧渔,来信,6
12250,"2024-01-03",科教文体,网站,17
12251,"2024-01-03",公卫医疗,网站,32
12252,"2024-01-03",城乡建设,网站,19
12253,"2024-01-03",交通运输,网站,31
12254,"2024-01-03",农林牧渔,网站,26
12255,"2024-01-03",科教文体,小程序/公众号,46
12256,"2024-01-03",公卫医疗,小程序/公众号,35
12257,"2024-01-03",城乡建设,小程序/公众号,17
12258,"2024-01-03",交通运输,小程序/公众号,120
12259,"2024-01-03",农林牧渔,小程序/公众号,11
12260,"2024-01-04",科教文体,电话,43
12261,"2024-01-04",公卫医疗,电话,42
12262,"2024-01-04",城乡建设,电话,34
12263,"2024-01-04",交通运输,电话,22
12264,"2024-01-04",农林牧渔,电话,10
12265,"2024-01-04",科教文体,来信,24
12266,"2024-01-04",公卫医疗,来信,5
12267,"2024-01-04",城乡建设,来信,17
12268,"2024-01-04",交通运输,来信,9
12269,"2024-01-04",农林牧渔,来信,21
12270,"2024-01-04",科教文体,网站,40
12271,"2024-01-04",公卫医疗,网站,27
12272,"2024-01-04",城乡建设,网站,0
12273,"2024-01-04",交通运输,网站,43
12274,"2024-01-04",农林牧渔,网站,22
12275,"2024-01-04",科教文体,小程序/公众号,211
12276,"2024-01-04",公卫医疗,小程序/公众号,114
12277,"2024-01-04",城乡建设,小程序/公众号,139
12278,"2024-01-04",交通运输,小程序/公众号,34
12279,"2024-01-04",农林牧渔,小程序/公众号,143
12280,"2024-01-05",科教文体,电话,6
12281,"2024-01-05",公卫医疗,电话,16
12282,"2024-01-05",城乡建设,电话,26
12283,"2024-01-05",交通运输,电话,17
12284,"2024-01-05",农林牧渔,电话,29
12285,"2024-01-05",科教文体,来信,55
12286,"2024-01-05",公卫医疗,来信,8
12287,"2024-01-05",城乡建设,来信,53
12288,"2024-01-05",交通运输,来信,35
12289,"2024-01-05",农林牧渔,来信,28
12290,"2024-01-05",科教文体,网站,40
12291,"2024-01-05",公卫医疗,网站,37
12292,"2024-01-05",城乡建设,网站,49
12293,"2024-01-05",交通运输,网站,63
12294,"2024-01-05",农林牧渔,网站,9
12295,"2024-01-05",科教文体,小程序/公众号,111
12296,"2024-01-05",公卫医疗,小程序/公众号,65
12297,"2024-01-05",城乡建设,小程序/公众号,57
12298,"2024-01-05",交通运输,小程序/公众号,105
12299,"2024-01-05",农林牧渔,小程序/公众号,54
12300,"2024-01-06",科教文体,电话,4
12301,"2024-01-06",公卫医疗,电话,16
12302,"2024-01-06",城乡建设,电话,22
12303,"2024-01-06",交通运输,电话,6
12304,"2024-01-06",农林牧渔,电话,17
12305,"2024-01-06",科教文体,来信,13
12306,"2024-01-06",公卫医疗,来信,4
12307,"2024-01-06",城乡建设,来信,16
12308,"2024-01-06",交通运输,来信,23
12309,"2024-01-06",农林牧渔,来信,51
12310,"2024-01-06",科教文体,网站,11
12311,"2024-01-06",公卫医疗,网站,5
12312,"2024-01-06",城乡建设,网站,11
12313,"2024-01-06",交通运输,网站,7
12314,"2024-01-06",农林牧渔,网站,3
12315,"2024-01-06",科教文体,小程序/公众号,62
12316,"2024-01-06",公卫医疗,小程序/公众号,73
12317,"2024-01-06",城乡建设,小程序/公众号,49
12318,"2024-01-06",交通运输,小程序/公众号,52
12319,"2024-01-06",农林牧渔,小程序/公众号,76
12320,"2024-01-07",科教文体,电话,8
12321,"2024-01-07",公卫医疗,电话,19
12322,"2024-01-07",城乡建设,电话,3
12323,"2024-01-07",交通运输,电话,13
12324,"2024-01-07",农林牧渔,电话,18
12325,"2024-01-07",科教文体,来信,18
12326,"2024-01-07",公卫医疗,来信,6
12327,"2024-01-07",城乡建设,来信,19
12328,"2024-01-07",交通运输,来信,12
12329,"2024-01-07",农林牧渔,来信,13
12330,"2024-01-07",科教文体,网站,2
12331,"2024-01-07",公卫医疗,网站,22
12332,"2024-01-07",城乡建设,网站,15
12333,"2024-01-07",交通运输,网站,14
12334,"2024-01-07",农林牧渔,网站,15
12335,"2024-01-07",科教文体,小程序/公众号,31
12336,"2024-01-07",公卫医疗,小程序/公众号,21
12337,"2024-01-07",城乡建设,小程序/公众号,15
12338,"2024-01-07",交通运输,小程序/公众号,34
12339,"2024-01-07",农林牧渔,小程序/公众号,35
12340,"2024-01-08",科教文体,电话,31
12341,"2024-01-08",公卫医疗,电话,16
12342,"2024-01-08",城乡建设,电话,32
12343,"2024-01-08",交通运输,电话,10
12344,"2024-01-08",农林牧渔,电话,12
12345,"2024-01-08",科教文体,来信,18
12346,"2024-01-08",公卫医疗,来信,31
12347,"2024-01-08",城乡建设,来信,14
12348,"2024-01-08",交通运输,来信,11
12349,"2024-01-08",农林牧渔,来信,11
12350,"2024-01-08",科教文体,网站,6
12351,"2024-01-08",公卫医疗,网站,9
12352,"2024-01-08",城乡建设,网站,9
12353,"2024-01-08",交通运输,网站,25
12354,"2024-01-08",农林牧渔,网站,4
12355,"2024-01-08",科教文体,小程序/公众号,8
12356,"2024-01-08",公卫医疗,小程序/公众号,261
12357,"2024-01-08",城乡建设,小程序/公众号,190
12358,"2024-01-08",交通运输,小程序/公众号,172
12359,"2024-01-08",农林牧渔,小程序/公众号,55
12360,"2024-01-09",科教文体,电话,5
12361,"2024-01-09",公卫医疗,电话,4
12362,"2024-01-09",城乡建设,电话,9
12363,"2024-01-09",交通运输,电话,23
12364,"2024-01-09",农林牧渔,电话,3
12365,"2024-01-09",科教文体,来信,68
12366,"2024-01-09",公卫医疗,来信,65
12367,"2024-01-09",城乡建设,来信,34
12368,"2024-01-09",交通运输,来信,43
12369,"2024-01-09",农林牧渔,来信,58
12370,"2024-01-09",科教文体,网站,8
12371,"2024-01-09",公卫医疗,网站,17
12372,"2024-01-09",城乡建设,网站,61
12373,"2024-01-09",交通运输,网站,9
12374,"2024-01-09",农林牧渔,网站,84
12375,"2024-01-09",科教文体,小程序/公众号,5
12376,"2024-01-09",公卫医疗,小程序/公众号,86
12377,"2024-01-09",城乡建设,小程序/公众号,79
12378,"2024-01-09",交通运输,小程序/公众号,94
12379,"2024-01-09",农林牧渔,小程序/公众号,111
12380,"2024-01-10",科教文体,电话,6
12381,"2024-01-10",公卫医疗,电话,2
12382,"2024-01-10",城乡建设,电话,15
12383,"2024-01-10",交通运输,电话,8
12384,"2024-01-10",农林牧渔,电话,2
12385,"2024-01-10",科教文体,来信,9
12386,"2024-01-10",公卫医疗,来信,9
12387,"2024-01-10",城乡建设,来信,15
12388,"2024-01-10",交通运输,来信,1
12389,"2024-01-10",农林牧渔,来信,13
12390,"2024-01-10",科教文体,网站,16
12391,"2024-01-10",公卫医疗,网站,20
12392,"2024-01-10",城乡建设,网站,5
12393,"2024-01-10",交通运输,网站,10
12394,"2024-01-10",农林牧渔,网站,5
12395,"2024-01-10",科教文体,小程序/公众号,18
12396,"2024-01-10",公卫医疗,小程序/公众号,30
12397,"2024-01-10",城乡建设,小程序/公众号,11
12398,"2024-01-10",交通运输,小程序/公众号,69
12399,"2024-01-10",农林牧渔,小程序/公众号,62
12400,"2024-01-11",科教文体,电话,7
12401,"2024-01-11",公卫医疗,电话,63
12402,"2024-01-11",城乡建设,电话,22
12403,"2024-01-11",交通运输,电话,47
12404,"2024-01-11",农林牧渔,电话,30
12405,"2024-01-11",科教文体,来信,14
12406,"2024-01-11",公卫医疗,来信,44
12407,"2024-01-11",城乡建设,来信,10
12408,"2024-01-11",交通运输,来信,45
12409,"2024-01-11",农林牧渔,来信,5
12410,"2024-01-11",科教文体,网站,2
12411,"2024-01-11",公卫医疗,网站,8
12412,"2024-01-11",城乡建设,网站,11
12413,"2024-01-11",交通运输,网站,8
12414,"2024-01-11",农林牧渔,网站,9
12415,"2024-01-11",科教文体,小程序/公众号,93
12416,"2024-01-11",公卫医疗,小程序/公众号,128
12417,"2024-01-11",城乡建设,小程序/公众号,35
12418,"2024-01-11",交通运输,小程序/公众号,164
12419,"2024-01-11",农林牧渔,小程序/公众号,157
12420,"2024-01-12",科教文体,电话,21
12421,"2024-01-12",公卫医疗,电话,13
12422,"2024-01-12",城乡建设,电话,86
12423,"2024-01-12",交通运输,电话,22
12424,"2024-01-12",农林牧渔,电话,65
12425,"2024-01-12",科教文体,来信,1
12426,"2024-01-12",公卫医疗,来信,12
12427,"2024-01-12",城乡建设,来信,19
12428,"2024-01-12",交通运输,来信,15
12429,"2024-01-12",农林牧渔,来信,15
12430,"2024-01-12",科教文体,网站,26
12431,"2024-01-12",公卫医疗,网站,16
12432,"2024-01-12",城乡建设,网站,92
12433,"2024-01-12",交通运输,网站,92
12434,"2024-01-12",农林牧渔,网站,78
12435,"2024-01-12",科教文体,小程序/公众号,136
12436,"2024-01-12",公卫医疗,小程序/公众号,14
12437,"2024-01-12",城乡建设,小程序/公众号,142
12438,"2024-01-12",交通运输,小程序/公众号,23
12439,"2024-01-12",农林牧渔,小程序/公众号,107
12440,"2024-01-13",科教文体,电话,6
12441,"2024-01-13",公卫医疗,电话,18
12442,"2024-01-13",城乡建设,电话,11
12443,"2024-01-13",交通运输,电话,32
12444,"2024-01-13",农林牧渔,电话,6
12445,"2024-01-13",科教文体,来信,33
12446,"2024-01-13",公卫医疗,来信,2
12447,"2024-01-13",城乡建设,来信,32
12448,"2024-01-13",交通运输,来信,55
12449,"2024-01-13",农林牧渔,来信,25
12450,"2024-01-13",科教文体,网站,62
12451,"2024-01-13",公卫医疗,网站,21
12452,"2024-01-13",城乡建设,网站,53
12453,"2024-01-13",交通运输,网站,3
12454,"2024-01-13",农林牧渔,网站,35
12455,"2024-01-13",科教文体,小程序/公众号,58
12456,"2024-01-13",公卫医疗,小程序/公众号,2
12457,"2024-01-13",城乡建设,小程序/公众号,67
12458,"2024-01-13",交通运输,小程序/公众号,76
12459,"2024-01-13",农林牧渔,小程序/公众号,40
12460,"2024-01-14",科教文体,电话,44
12461,"2024-01-14",公卫医疗,电话,25
12462,"2024-01-14",城乡建设,电话,49
12463,"2024-01-14",交通运输,电话,25
12464,"2024-01-14",农林牧渔,电话,41
12465,"2024-01-14",科教文体,来信,56
12466,"2024-01-14",公卫医疗,来信,54
12467,"2024-01-14",城乡建设,来信,32
12468,"2024-01-14",交通运输,来信,33
12469,"2024-01-14",农林牧渔,来信,55
12470,"2024-01-14",科教文体,网站,10
12471,"2024-01-14",公卫医疗,网站,8
12472,"2024-01-14",城乡建设,网站,10
12473,"2024-01-14",交通运输,网站,11
12474,"2024-01-14",农林牧渔,网站,20
12475,"2024-01-14",科教文体,小程序/公众号,9
12476,"2024-01-14",公卫医疗,小程序/公众号,136
12477,"2024-01-14",城乡建设,小程序/公众号,170
12478,"2024-01-14",交通运输,小程序/公众号,143
12479,"2024-01-14",农林牧渔,小程序/公众号,6
12480,"2024-01-15",科教文体,电话,4
12481,"2024-01-15",公卫医疗,电话,6
12482,"2024-01-15",城乡建设,电话,4
12483,"2024-01-15",交通运输,电话,8
12484,"2024-01-15",农林牧渔,电话,2
12485,"2024-01-15",科教文体,来信,21
12486,"2024-01-15",公卫医疗,来信,14
12487,"2024-01-15",城乡建设,来信,37
12488,"2024-01-15",交通运输,来信,39
12489,"2024-01-15",农林牧渔,来信,50
12490,"2024-01-15",科教文体,网站,3
12491,"2024-01-15",公卫医疗,网站,33
12492,"2024-01-15",城乡建设,网站,15
12493,"2024-01-15",交通运输,网站,1
12494,"2024-01-15",农林牧渔,网站,24
12495,"2024-01-15",科教文体,小程序/公众号,159
12496,"2024-01-15",公卫医疗,小程序/公众号,84
12497,"2024-01-15",城乡建设,小程序/公众号,53
12498,"2024-01-15",交通运输,小程序/公众号,120
12499,"2024-01-15",农林牧渔,小程序/公众号,174
12500,"2024-01-16",科教文体,电话,63
12501,"2024-01-16",公卫医疗,电话,40
12502,"2024-01-16",城乡建设,电话,23
12503,"2024-01-16",交通运输,电话,19
12504,"2024-01-16",农林牧渔,电话,16
12505,"2024-01-16",科教文体,来信,6
12506,"2024-01-16",公卫医疗,来信,0
12507,"2024-01-16",城乡建设,来信,0
12508,"2024-01-16",交通运输,来信,4
12509,"2024-01-16",农林牧渔,来信,1
12510,"2024-01-16",科教文体,网站,48
12511,"2024-01-16",公卫医疗,网站,49
12512,"2024-01-16",城乡建设,网站,42
12513,"2024-01-16",交通运输,网站,10
12514,"2024-01-16",农林牧渔,网站,31
12515,"2024-01-16",科教文体,小程序/公众号,123
12516,"2024-01-16",公卫医疗,小程序/公众号,115
12517,"2024-01-16",城乡建设,小程序/公众号,7
12518,"2024-01-16",交通运输,小程序/公众号,189
12519,"2024-01-16",农林牧渔,小程序/公众号,159
12520,"2024-01-17",科教文体,电话,1
12521,"2024-01-17",公卫医疗,电话,1
12522,"2024-01-17",城乡建设,电话,34
12523,"2024-01-17",交通运输,电话,45
12524,"2024-01-17",农林牧渔,电话,44
12525,"2024-01-17",科教文体,来信,16
12526,"2024-01-17",公卫医疗,来信,15
12527,"2024-01-17",城乡建设,来信,15
12528,"2024-01-17",交通运输,来信,10
12529,"2024-01-17",农林牧渔,来信,12
12530,"2024-01-17",科教文体,网站,68
12531,"2024-01-17",公卫医疗,网站,60
12532,"2024-01-17",城乡建设,网站,67
12533,"2024-01-17",交通运输,网站,35
12534,"2024-01-17",农林牧渔,网站,41
12535,"2024-01-17",科教文体,小程序/公众号,122
12536,"2024-01-17",公卫医疗,小程序/公众号,51
12537,"2024-01-17",城乡建设,小程序/公众号,16
12538,"2024-01-17",交通运输,小程序/公众号,31
12539,"2024-01-17",农林牧渔,小程序/公众号,60
12540,"2024-01-18",科教文体,电话,6
12541,"2024-01-18",公卫医疗,电话,10
12542,"2024-01-18",城乡建设,电话,23
12543,"2024-01-18",交通运输,电话,6
12544,"2024-01-18",农林牧渔,电话,12
12545,"2024-01-18",科教文体,来信,14
12546,"2024-01-18",公卫医疗,来信,9
12547,"2024-01-18",城乡建设,来信,13
12548,"2024-01-18",交通运输,来信,47
12549,"2024-01-18",农林牧渔,来信,25
12550,"2024-01-18",科教文体,网站,56
12551,"2024-01-18",公卫医疗,网站,15
12552,"2024-01-18",城乡建设,网站,26
12553,"2024-01-18",交通运输,网站,27
12554,"2024-01-18",农林牧渔,网站,38
12555,"2024-01-18",科教文体,小程序/公众号,42
12556,"2024-01-18",公卫医疗,小程序/公众号,39
12557,"2024-01-18",城乡建设,小程序/公众号,14
12558,"2024-01-18",交通运输,小程序/公众号,46
12559,"2024-01-18",农林牧渔,小程序/公众号,64
12560,"2024-01-19",科教文体,电话,20
12561,"2024-01-19",公卫医疗,电话,24
12562,"2024-01-19",城乡建设,电话,4
12563,"2024-01-19",交通运输,电话,8
12564,"2024-01-19",农林牧渔,电话,25
12565,"2024-01-19",科教文体,来信,7
12566,"2024-01-19",公卫医疗,来信,30
12567,"2024-01-19",城乡建设,来信,23
12568,"2024-01-19",交通运输,来信,29
12569,"2024-01-19",农林牧渔,来信,19
12570,"2024-01-19",科教文体,网站,17
12571,"2024-01-19",公卫医疗,网站,5
12572,"2024-01-19",城乡建设,网站,3
12573,"2024-01-19",交通运输,网站,22
12574,"2024-01-19",农林牧渔,网站,26
12575,"2024-01-19",科教文体,小程序/公众号,13
12576,"2024-01-19",公卫医疗,小程序/公众号,57
12577,"2024-01-19",城乡建设,小程序/公众号,47
12578,"2024-01-19",交通运输,小程序/公众号,36
12579,"2024-01-19",农林牧渔,小程序/公众号,27
12580,"2024-01-20",科教文体,电话,47
12581,"2024-01-20",公卫医疗,电话,3
12582,"2024-01-20",城乡建设,电话,60
12583,"2024-01-20",交通运输,电话,54
12584,"2024-01-20",农林牧渔,电话,35
12585,"2024-01-20",科教文体,来信,12
12586,"2024-01-20",公卫医疗,来信,41
12587,"2024-01-20",城乡建设,来信,56
12588,"2024-01-20",交通运输,来信,52
12589,"2024-01-20",农林牧渔,来信,24
12590,"2024-01-20",科教文体,网站,42
12591,"2024-01-20",公卫医疗,网站,59
12592,"2024-01-20",城乡建设,网站,8
12593,"2024-01-20",交通运输,网站,57
12594,"2024-01-20",农林牧渔,网站,36
12595,"2024-01-20",科教文体,小程序/公众号,10
12596,"2024-01-20",公卫医疗,小程序/公众号,3
12597,"2024-01-20",城乡建设,小程序/公众号,93
12598,"2024-01-20",交通运输,小程序/公众号,57
12599,"2024-01-20",农林牧渔,小程序/公众号,47
12600,"2024-01-21",科教文体,电话,16
12601,"2024-01-21",公卫医疗,电话,15
12602,"2024-01-21",城乡建设,电话,20
12603,"2024-01-21",交通运输,电话,17
12604,"2024-01-21",农林牧渔,电话,7
12605,"2024-01-21",科教文体,来信,20
12606,"2024-01-21",公卫医疗,来信,37
12607,"2024-01-21",城乡建设,来信,4
12608,"2024-01-21",交通运输,来信,6
12609,"2024-01-21",农林牧渔,来信,8
12610,"2024-01-21",科教文体,网站,42
12611,"2024-01-21",公卫医疗,网站,16
12612,"2024-01-21",城乡建设,网站,21
12613,"2024-01-21",交通运输,网站,10
12614,"2024-01-21",农林牧渔,网站,11
12615,"2024-01-21",科教文体,小程序/公众号,41
12616,"2024-01-21",公卫医疗,小程序/公众号,58
12617,"2024-01-21",城乡建设,小程序/公众号,30
12618,"2024-01-21",交通运输,小程序/公众号,15
12619,"2024-01-21",农林牧渔,小程序/公众号,51
12620,"2024-01-22",科教文体,电话,5
12621,"2024-01-22",公卫医疗,电话,3
12622,"2024-01-22",城乡建设,电话,3
12623,"2024-01-22",交通运输,电话,4
12624,"2024-01-22",农林牧渔,电话,1
12625,"2024-01-22",科教文体,来信,33
12626,"2024-01-22",公卫医疗,来信,55
12627,"2024-01-22",城乡建设,来信,97
12628,"2024-01-22",交通运输,来信,49
12629,"2024-01-22",农林牧渔,来信,24
12630,"2024-01-22",科教文体,网站,2
12631,"2024-01-22",公卫医疗,网站,33
12632,"2024-01-22",城乡建设,网站,33
12633,"2024-01-22",交通运输,网站,24
12634,"2024-01-22",农林牧渔,网站,20
12635,"2024-01-22",科教文体,小程序/公众号,164
12636,"2024-01-22",公卫医疗,小程序/公众号,87
12637,"2024-01-22",城乡建设,小程序/公众号,27
12638,"2024-01-22",交通运输,小程序/公众号,160
12639,"2024-01-22",农林牧渔,小程序/公众号,116
12640,"2024-01-23",科教文体,电话,2
12641,"2024-01-23",公卫医疗,电话,2
12642,"2024-01-23",城乡建设,电话,1
12643,"2024-01-23",交通运输,电话,2
12644,"2024-01-23",农林牧渔,电话,3
12645,"2024-01-23",科教文体,来信,21
12646,"2024-01-23",公卫医疗,来信,21
12647,"2024-01-23",城乡建设,来信,4
12648,"2024-01-23",交通运输,来信,32
12649,"2024-01-23",农林牧渔,来信,20
12650,"2024-01-23",科教文体,网站,5
12651,"2024-01-23",公卫医疗,网站,1
12652,"2024-01-23",城乡建设,网站,23
12653,"2024-01-23",交通运输,网站,15
12654,"2024-01-23",农林牧渔,网站,10
12655,"2024-01-23",科教文体,小程序/公众号,17
12656,"2024-01-23",公卫医疗,小程序/公众号,33
12657,"2024-01-23",城乡建设,小程序/公众号,65
12658,"2024-01-23",交通运输,小程序/公众号,3
12659,"2024-01-23",农林牧渔,小程序/公众号,52
12660,"2024-01-24",科教文体,电话,16
12661,"2024-01-24",公卫医疗,电话,0
12662,"2024-01-24",城乡建设,电话,35
12663,"2024-01-24",交通运输,电话,9
12664,"2024-01-24",农林牧渔,电话,26
12665,"2024-01-24",科教文体,来信,8
12666,"2024-01-24",公卫医疗,来信,5
12667,"2024-01-24",城乡建设,来信,8
12668,"2024-01-24",交通运输,来信,4
12669,"2024-01-24",农林牧渔,来信,9
12670,"2024-01-24",科教文体,网站,77
12671,"2024-01-24",公卫医疗,网站,59
12672,"2024-01-24",城乡建设,网站,68
12673,"2024-01-24",交通运输,网站,21
12674,"2024-01-24",农林牧渔,网站,40
12675,"2024-01-24",科教文体,小程序/公众号,78
12676,"2024-01-24",公卫医疗,小程序/公众号,52
12677,"2024-01-24",城乡建设,小程序/公众号,42
12678,"2024-01-24",交通运输,小程序/公众号,97
12679,"2024-01-24",农林牧渔,小程序/公众号,114
12680,"2024-01-25",科教文体,电话,9
12681,"2024-01-25",公卫医疗,电话,2
12682,"2024-01-25",城乡建设,电话,9
12683,"2024-01-25",交通运输,电话,8
12684,"2024-01-25",农林牧渔,电话,0
12685,"2024-01-25",科教文体,来信,10
12686,"2024-01-25",公卫医疗,来信,15
12687,"2024-01-25",城乡建设,来信,9
12688,"2024-01-25",交通运输,来信,0
12689,"2024-01-25",农林牧渔,来信,12
12690,"2024-01-25",科教文体,网站,4
12691,"2024-01-25",公卫医疗,网站,5
12692,"2024-01-25",城乡建设,网站,4
12693,"2024-01-25",交通运输,网站,8
12694,"2024-01-25",农林牧渔,网站,6
12695,"2024-01-25",科教文体,小程序/公众号,76
12696,"2024-01-25",公卫医疗,小程序/公众号,27
12697,"2024-01-25",城乡建设,小程序/公众号,17
12698,"2024-01-25",交通运输,小程序/公众号,63
12699,"2024-01-25",农林牧渔,小程序/公众号,16
12700,"2024-01-26",科教文体,电话,10
12701,"2024-01-26",公卫医疗,电话,6
12702,"2024-01-26",城乡建设,电话,4
12703,"2024-01-26",交通运输,电话,6
12704,"2024-01-26",农林牧渔,电话,6
12705,"2024-01-26",科教文体,来信,2
12706,"2024-01-26",公卫医疗,来信,53
12707,"2024-01-26",城乡建设,来信,58
12708,"2024-01-26",交通运输,来信,41
12709,"2024-01-26",农林牧渔,来信,11
12710,"2024-01-26",科教文体,网站,32
12711,"2024-01-26",公卫医疗,网站,28
12712,"2024-01-26",城乡建设,网站,11
12713,"2024-01-26",交通运输,网站,29
12714,"2024-01-26",农林牧渔,网站,56
12715,"2024-01-26",科教文体,小程序/公众号,53
12716,"2024-01-26",公卫医疗,小程序/公众号,32
12717,"2024-01-26",城乡建设,小程序/公众号,58
12718,"2024-01-26",交通运输,小程序/公众号,44
12719,"2024-01-26",农林牧渔,小程序/公众号,35
12720,"2024-01-27",科教文体,电话,9
12721,"2024-01-27",公卫医疗,电话,14
12722,"2024-01-27",城乡建设,电话,15
12723,"2024-01-27",交通运输,电话,3
12724,"2024-01-27",农林牧渔,电话,1
12725,"2024-01-27",科教文体,来信,40
12726,"2024-01-27",公卫医疗,来信,18
12727,"2024-01-27",城乡建设,来信,16
12728,"2024-01-27",交通运输,来信,53
12729,"2024-01-27",农林牧渔,来信,4
12730,"2024-01-27",科教文体,网站,43
12731,"2024-01-27",公卫医疗,网站,39
12732,"2024-01-27",城乡建设,网站,46
12733,"2024-01-27",交通运输,网站,14
12734,"2024-01-27",农林牧渔,网站,1
12735,"2024-01-27",科教文体,小程序/公众号,143
12736,"2024-01-27",公卫医疗,小程序/公众号,74
12737,"2024-01-27",城乡建设,小程序/公众号,64
12738,"2024-01-27",交通运输,小程序/公众号,19
12739,"2024-01-27",农林牧渔,小程序/公众号,150
12740,"2024-01-28",科教文体,电话,19
12741,"2024-01-28",公卫医疗,电话,3
12742,"2024-01-28",城乡建设,电话,27
12743,"2024-01-28",交通运输,电话,18
12744,"2024-01-28",农林牧渔,电话,10
12745,"2024-01-28",科教文体,来信,10
12746,"2024-01-28",公卫医疗,来信,2
12747,"2024-01-28",城乡建设,来信,25
12748,"2024-01-28",交通运输,来信,33
12749,"2024-01-28",农林牧渔,来信,7
12750,"2024-01-28",科教文体,网站,14
12751,"2024-01-28",公卫医疗,网站,16
12752,"2024-01-28",城乡建设,网站,7
12753,"2024-01-28",交通运输,网站,17
12754,"2024-01-28",农林牧渔,网站,24
12755,"2024-01-28",科教文体,小程序/公众号,43
12756,"2024-01-28",公卫医疗,小程序/公众号,98
12757,"2024-01-28",城乡建设,小程序/公众号,15
12758,"2024-01-28",交通运输,小程序/公众号,43
12759,"2024-01-28",农林牧渔,小程序/公众号,61
12760,"2024-01-29",科教文体,电话,6
12761,"2024-01-29",公卫医疗,电话,5
12762,"2024-01-29",城乡建设,电话,0
12763,"2024-01-29",交通运输,电话,13
12764,"2024-01-29",农林牧渔,电话,9
12765,"2024-01-29",科教文体,来信,5
12766,"2024-01-29",公卫医疗,来信,7
12767,"2024-01-29",城乡建设,来信,1
12768,"2024-01-29",交通运输,来信,11
12769,"2024-01-29",农林牧渔,来信,2
12770,"2024-01-29",科教文体,网站,41
12771,"2024-01-29",公卫医疗,网站,21
12772,"2024-01-29",城乡建设,网站,13
12773,"2024-01-29",交通运输,网站,45
12774,"2024-01-29",农林牧渔,网站,59
12775,"2024-01-29",科教文体,小程序/公众号,21
12776,"2024-01-29",公卫医疗,小程序/公众号,78
12777,"2024-01-29",城乡建设,小程序/公众号,95
12778,"2024-01-29",交通运输,小程序/公众号,43
12779,"2024-01-29",农林牧渔,小程序/公众号,53
12780,"2024-01-30",科教文体,电话,27
12781,"2024-01-30",公卫医疗,电话,10
12782,"2024-01-30",城乡建设,电话,6
12783,"2024-01-30",交通运输,电话,19
12784,"2024-01-30",农林牧渔,电话,18
12785,"2024-01-30",科教文体,来信,6
12786,"2024-01-30",公卫医疗,来信,27
12787,"2024-01-30",城乡建设,来信,59
12788,"2024-01-30",交通运输,来信,25
12789,"2024-01-30",农林牧渔,来信,21
12790,"2024-01-30",科教文体,网站,3
12791,"2024-01-30",公卫医疗,网站,5
12792,"2024-01-30",城乡建设,网站,2
12793,"2024-01-30",交通运输,网站,5
12794,"2024-01-30",农林牧渔,网站,3
12795,"2024-01-30",科教文体,小程序/公众号,52
12796,"2024-01-30",公卫医疗,小程序/公众号,96
12797,"2024-01-30",城乡建设,小程序/公众号,17
12798,"2024-01-30",交通运输,小程序/公众号,65
12799,"2024-01-30",农林牧渔,小程序/公众号,95
12800,"2024-01-31",科教文体,电话,11
12801,"2024-01-31",公卫医疗,电话,1
12802,"2024-01-31",城乡建设,电话,3
12803,"2024-01-31",交通运输,电话,8
12804,"2024-01-31",农林牧渔,电话,12
12805,"2024-01-31",科教文体,来信,46
12806,"2024-01-31",公卫医疗,来信,5
12807,"2024-01-31",城乡建设,来信,2
12808,"2024-01-31",交通运输,来信,45
12809,"2024-01-31",农林牧渔,来信,8
12810,"2024-01-31",科教文体,网站,11
12811,"2024-01-31",公卫医疗,网站,15
12812,"2024-01-31",城乡建设,网站,16
12813,"2024-01-31",交通运输,网站,9
12814,"2024-01-31",农林牧渔,网站,11
12815,"2024-01-31",科教文体,小程序/公众号,57
12816,"2024-01-31",公卫医疗,小程序/公众号,42
12817,"2024-01-31",城乡建设,小程序/公众号,22
12818,"2024-01-31",交通运输,小程序/公众号,37
12819,"2024-01-31",农林牧渔,小程序/公众号,65
12820,"2024-02-01",科教文体,电话,12
12821,"2024-02-01",公卫医疗,电话,16
12822,"2024-02-01",城乡建设,电话,9
12823,"2024-02-01",交通运输,电话,12
12824,"2024-02-01",农林牧渔,电话,3
12825,"2024-02-01",科教文体,来信,4
12826,"2024-02-01",公卫医疗,来信,7
12827,"2024-02-01",城乡建设,来信,20
12828,"2024-02-01",交通运输,来信,15
12829,"2024-02-01",农林牧渔,来信,10
12830,"2024-02-01",科教文体,网站,25
12831,"2024-02-01",公卫医疗,网站,13
12832,"2024-02-01",城乡建设,网站,26
12833,"2024-02-01",交通运输,网站,7
12834,"2024-02-01",农林牧渔,网站,17
12835,"2024-02-01",科教文体,小程序/公众号,59
12836,"2024-02-01",公卫医疗,小程序/公众号,51
12837,"2024-02-01",城乡建设,小程序/公众号,21
12838,"2024-02-01",交通运输,小程序/公众号,18
12839,"2024-02-01",农林牧渔,小程序/公众号,11
12840,"2024-02-02",科教文体,电话,22
12841,"2024-02-02",公卫医疗,电话,23
12842,"2024-02-02",城乡建设,电话,37
12843,"2024-02-02",交通运输,电话,53
12844,"2024-02-02",农林牧渔,电话,55
12845,"2024-02-02",科教文体,来信,20
12846,"2024-02-02",公卫医疗,来信,35
12847,"2024-02-02",城乡建设,来信,12
12848,"2024-02-02",交通运输,来信,33
12849,"2024-02-02",农林牧渔,来信,4
12850,"2024-02-02",科教文体,网站,52
12851,"2024-02-02",公卫医疗,网站,20
12852,"2024-02-02",城乡建设,网站,20
12853,"2024-02-02",交通运输,网站,67
12854,"2024-02-02",农林牧渔,网站,47
12855,"2024-02-02",科教文体,小程序/公众号,12
12856,"2024-02-02",公卫医疗,小程序/公众号,25
12857,"2024-02-02",城乡建设,小程序/公众号,99
12858,"2024-02-02",交通运输,小程序/公众号,102
12859,"2024-02-02",农林牧渔,小程序/公众号,74
12860,"2024-02-03",科教文体,电话,23
12861,"2024-02-03",公卫医疗,电话,40
12862,"2024-02-03",城乡建设,电话,19
12863,"2024-02-03",交通运输,电话,7
12864,"2024-02-03",农林牧渔,电话,11
12865,"2024-02-03",科教文体,来信,5
12866,"2024-02-03",公卫医疗,来信,33
12867,"2024-02-03",城乡建设,来信,41
12868,"2024-02-03",交通运输,来信,1
12869,"2024-02-03",农林牧渔,来信,30
12870,"2024-02-03",科教文体,网站,1
12871,"2024-02-03",公卫医疗,网站,29
12872,"2024-02-03",城乡建设,网站,1
12873,"2024-02-03",交通运输,网站,34
12874,"2024-02-03",农林牧渔,网站,53
12875,"2024-02-03",科教文体,小程序/公众号,169
12876,"2024-02-03",公卫医疗,小程序/公众号,95
12877,"2024-02-03",城乡建设,小程序/公众号,152
12878,"2024-02-03",交通运输,小程序/公众号,24
12879,"2024-02-03",农林牧渔,小程序/公众号,65
12880,"2024-02-04",科教文体,电话,18
12881,"2024-02-04",公卫医疗,电话,46
12882,"2024-02-04",城乡建设,电话,28
12883,"2024-02-04",交通运输,电话,24
12884,"2024-02-04",农林牧渔,电话,26
12885,"2024-02-04",科教文体,来信,60
12886,"2024-02-04",公卫医疗,来信,8
12887,"2024-02-04",城乡建设,来信,6
12888,"2024-02-04",交通运输,来信,54
12889,"2024-02-04",农林牧渔,来信,1
12890,"2024-02-04",科教文体,网站,10
12891,"2024-02-04",公卫医疗,网站,36
12892,"2024-02-04",城乡建设,网站,6
12893,"2024-02-04",交通运输,网站,14
12894,"2024-02-04",农林牧渔,网站,18
12895,"2024-02-04",科教文体,小程序/公众号,52
12896,"2024-02-04",公卫医疗,小程序/公众号,28
12897,"2024-02-04",城乡建设,小程序/公众号,32
12898,"2024-02-04",交通运输,小程序/公众号,72
12899,"2024-02-04",农林牧渔,小程序/公众号,63
12900,"2024-02-05",科教文体,电话,24
12901,"2024-02-05",公卫医疗,电话,23
12902,"2024-02-05",城乡建设,电话,41
12903,"2024-02-05",交通运输,电话,1
12904,"2024-02-05",农林牧渔,电话,18
12905,"2024-02-05",科教文体,来信,14
12906,"2024-02-05",公卫医疗,来信,41
12907,"2024-02-05",城乡建设,来信,26
12908,"2024-02-05",交通运输,来信,33
12909,"2024-02-05",农林牧渔,来信,8
12910,"2024-02-05",科教文体,网站,16
12911,"2024-02-05",公卫医疗,网站,7
12912,"2024-02-05",城乡建设,网站,35
12913,"2024-02-05",交通运输,网站,42
12914,"2024-02-05",农林牧渔,网站,29
12915,"2024-02-05",科教文体,小程序/公众号,23
12916,"2024-02-05",公卫医疗,小程序/公众号,22
12917,"2024-02-05",城乡建设,小程序/公众号,37
12918,"2024-02-05",交通运输,小程序/公众号,23
12919,"2024-02-05",农林牧渔,小程序/公众号,39
12920,"2024-02-06",科教文体,电话,7
12921,"2024-02-06",公卫医疗,电话,10
12922,"2024-02-06",城乡建设,电话,11
12923,"2024-02-06",交通运输,电话,9
12924,"2024-02-06",农林牧渔,电话,14
12925,"2024-02-06",科教文体,来信,33
12926,"2024-02-06",公卫医疗,来信,50
12927,"2024-02-06",城乡建设,来信,6
12928,"2024-02-06",交通运输,来信,28
12929,"2024-02-06",农林牧渔,来信,18
12930,"2024-02-06",科教文体,网站,57
12931,"2024-02-06",公卫医疗,网站,47
12932,"2024-02-06",城乡建设,网站,17
12933,"2024-02-06",交通运输,网站,17
12934,"2024-02-06",农林牧渔,网站,56
12935,"2024-02-06",科教文体,小程序/公众号,181
12936,"2024-02-06",公卫医疗,小程序/公众号,104
12937,"2024-02-06",城乡建设,小程序/公众号,192
12938,"2024-02-06",交通运输,小程序/公众号,48
12939,"2024-02-06",农林牧渔,小程序/公众号,88
12940,"2024-02-07",科教文体,电话,14
12941,"2024-02-07",公卫医疗,电话,11
12942,"2024-02-07",城乡建设,电话,26
12943,"2024-02-07",交通运输,电话,23
12944,"2024-02-07",农林牧渔,电话,27
12945,"2024-02-07",科教文体,来信,9
12946,"2024-02-07",公卫医疗,来信,8
12947,"2024-02-07",城乡建设,来信,19
12948,"2024-02-07",交通运输,来信,13
12949,"2024-02-07",农林牧渔,来信,12
12950,"2024-02-07",科教文体,网站,12
12951,"2024-02-07",公卫医疗,网站,11
12952,"2024-02-07",城乡建设,网站,11
12953,"2024-02-07",交通运输,网站,1
12954,"2024-02-07",农林牧渔,网站,14
12955,"2024-02-07",科教文体,小程序/公众号,80
12956,"2024-02-07",公卫医疗,小程序/公众号,18
12957,"2024-02-07",城乡建设,小程序/公众号,56
12958,"2024-02-07",交通运输,小程序/公众号,90
12959,"2024-02-07",农林牧渔,小程序/公众号,24
12960,"2024-02-08",科教文体,电话,2
12961,"2024-02-08",公卫医疗,电话,3
12962,"2024-02-08",城乡建设,电话,3
12963,"2024-02-08",交通运输,电话,2
12964,"2024-02-08",农林牧渔,电话,4
12965,"2024-02-08",科教文体,来信,2
12966,"2024-02-08",公卫医疗,来信,8
12967,"2024-02-08",城乡建设,来信,7
12968,"2024-02-08",交通运输,来信,4
12969,"2024-02-08",农林牧渔,来信,3
12970,"2024-02-08",科教文体,网站,93
12971,"2024-02-08",公卫医疗,网站,119
12972,"2024-02-08",城乡建设,网站,130
12973,"2024-02-08",交通运输,网站,5
12974,"2024-02-08",农林牧渔,网站,88
12975,"2024-02-08",科教文体,小程序/公众号,230
12976,"2024-02-08",公卫医疗,小程序/公众号,81
12977,"2024-02-08",城乡建设,小程序/公众号,24
12978,"2024-02-08",交通运输,小程序/公众号,94
12979,"2024-02-08",农林牧渔,小程序/公众号,20
12980,"2024-02-09",科教文体,电话,5
12981,"2024-02-09",公卫医疗,电话,1
12982,"2024-02-09",城乡建设,电话,7
12983,"2024-02-09",交通运输,电话,2
12984,"2024-02-09",农林牧渔,电话,3
12985,"2024-02-09",科教文体,来信,17
12986,"2024-02-09",公卫医疗,来信,9
12987,"2024-02-09",城乡建设,来信,18
12988,"2024-02-09",交通运输,来信,2
12989,"2024-02-09",农林牧渔,来信,12
12990,"2024-02-09",科教文体,网站,7
12991,"2024-02-09",公卫医疗,网站,19
12992,"2024-02-09",城乡建设,网站,12
12993,"2024-02-09",交通运输,网站,8
12994,"2024-02-09",农林牧渔,网站,9
12995,"2024-02-09",科教文体,小程序/公众号,99
12996,"2024-02-09",公卫医疗,小程序/公众号,376
12997,"2024-02-09",城乡建设,小程序/公众号,268
12998,"2024-02-09",交通运输,小程序/公众号,18
12999,"2024-02-09",农林牧渔,小程序/公众号,10
13000,"2024-02-10",科教文体,电话,1
13001,"2024-02-10",公卫医疗,电话,19
13002,"2024-02-10",城乡建设,电话,25
13003,"2024-02-10",交通运输,电话,18
13004,"2024-02-10",农林牧渔,电话,21
13005,"2024-02-10",科教文体,来信,2
13006,"2024-02-10",公卫医疗,来信,22
13007,"2024-02-10",城乡建设,来信,25
13008,"2024-02-10",交通运输,来信,1
13009,"2024-02-10",农林牧渔,来信,7
13010,"2024-02-10",科教文体,网站,17
13011,"2024-02-10",公卫医疗,网站,18
13012,"2024-02-10",城乡建设,网站,26
13013,"2024-02-10",交通运输,网站,18
13014,"2024-02-10",农林牧渔,网站,8
13015,"2024-02-10",科教文体,小程序/公众号,96
13016,"2024-02-10",公卫医疗,小程序/公众号,125
13017,"2024-02-10",城乡建设,小程序/公众号,129
13018,"2024-02-10",交通运输,小程序/公众号,94
13019,"2024-02-10",农林牧渔,小程序/公众号,158
13020,"2024-02-11",科教文体,电话,16
13021,"2024-02-11",公卫医疗,电话,15
13022,"2024-02-11",城乡建设,电话,38
13023,"2024-02-11",交通运输,电话,18
13024,"2024-02-11",农林牧渔,电话,10
13025,"2024-02-11",科教文体,来信,60
13026,"2024-02-11",公卫医疗,来信,13
13027,"2024-02-11",城乡建设,来信,5
13028,"2024-02-11",交通运输,来信,19
13029,"2024-02-11",农林牧渔,来信,50
13030,"2024-02-11",科教文体,网站,43
13031,"2024-02-11",公卫医疗,网站,45
13032,"2024-02-11",城乡建设,网站,19
13033,"2024-02-11",交通运输,网站,27
13034,"2024-02-11",农林牧渔,网站,17
13035,"2024-02-11",科教文体,小程序/公众号,73
13036,"2024-02-11",公卫医疗,小程序/公众号,88
13037,"2024-02-11",城乡建设,小程序/公众号,113
13038,"2024-02-11",交通运输,小程序/公众号,14
13039,"2024-02-11",农林牧渔,小程序/公众号,127
13040,"2024-02-12",科教文体,电话,30
13041,"2024-02-12",公卫医疗,电话,39
13042,"2024-02-12",城乡建设,电话,27
13043,"2024-02-12",交通运输,电话,19
13044,"2024-02-12",农林牧渔,电话,22
13045,"2024-02-12",科教文体,来信,17
13046,"2024-02-12",公卫医疗,来信,2
13047,"2024-02-12",城乡建设,来信,16
13048,"2024-02-12",交通运输,来信,19
13049,"2024-02-12",农林牧渔,来信,18
13050,"2024-02-12",科教文体,网站,22
13051,"2024-02-12",公卫医疗,网站,22
13052,"2024-02-12",城乡建设,网站,14
13053,"2024-02-12",交通运输,网站,15
13054,"2024-02-12",农林牧渔,网站,23
13055,"2024-02-12",科教文体,小程序/公众号,29
13056,"2024-02-12",公卫医疗,小程序/公众号,79
13057,"2024-02-12",城乡建设,小程序/公众号,33
13058,"2024-02-12",交通运输,小程序/公众号,40
13059,"2024-02-12",农林牧渔,小程序/公众号,100
13060,"2024-02-13",科教文体,电话,11
13061,"2024-02-13",公卫医疗,电话,13
13062,"2024-02-13",城乡建设,电话,7
13063,"2024-02-13",交通运输,电话,9
13064,"2024-02-13",农林牧渔,电话,12
13065,"2024-02-13",科教文体,来信,43
13066,"2024-02-13",公卫医疗,来信,55
13067,"2024-02-13",城乡建设,来信,28
13068,"2024-02-13",交通运输,来信,5
13069,"2024-02-13",农林牧渔,来信,20
13070,"2024-02-13",科教文体,网站,26
13071,"2024-02-13",公卫医疗,网站,51
13072,"2024-02-13",城乡建设,网站,3
13073,"2024-02-13",交通运输,网站,19
13074,"2024-02-13",农林牧渔,网站,12
13075,"2024-02-13",科教文体,小程序/公众号,30
13076,"2024-02-13",公卫医疗,小程序/公众号,124
13077,"2024-02-13",城乡建设,小程序/公众号,69
13078,"2024-02-13",交通运输,小程序/公众号,78
13079,"2024-02-13",农林牧渔,小程序/公众号,40
13080,"2024-02-14",科教文体,电话,30
13081,"2024-02-14",公卫医疗,电话,16
13082,"2024-02-14",城乡建设,电话,33
13083,"2024-02-14",交通运输,电话,24
13084,"2024-02-14",农林牧渔,电话,31
13085,"2024-02-14",科教文体,来信,10
13086,"2024-02-14",公卫医疗,来信,13
13087,"2024-02-14",城乡建设,来信,19
13088,"2024-02-14",交通运输,来信,24
13089,"2024-02-14",农林牧渔,来信,18
13090,"2024-02-14",科教文体,网站,11
13091,"2024-02-14",公卫医疗,网站,4
13092,"2024-02-14",城乡建设,网站,10
13093,"2024-02-14",交通运输,网站,1
13094,"2024-02-14",农林牧渔,网站,7
13095,"2024-02-14",科教文体,小程序/公众号,86
13096,"2024-02-14",公卫医疗,小程序/公众号,65
13097,"2024-02-14",城乡建设,小程序/公众号,21
13098,"2024-02-14",交通运输,小程序/公众号,91
13099,"2024-02-14",农林牧渔,小程序/公众号,43
13100,"2024-02-15",科教文体,电话,41
13101,"2024-02-15",公卫医疗,电话,46
13102,"2024-02-15",城乡建设,电话,1
13103,"2024-02-15",交通运输,电话,14
13104,"2024-02-15",农林牧渔,电话,28
13105,"2024-02-15",科教文体,来信,26
13106,"2024-02-15",公卫医疗,来信,19
13107,"2024-02-15",城乡建设,来信,6
13108,"2024-02-15",交通运输,来信,15
13109,"2024-02-15",农林牧渔,来信,5
13110,"2024-02-15",科教文体,网站,23
13111,"2024-02-15",公卫医疗,网站,47
13112,"2024-02-15",城乡建设,网站,67
13113,"2024-02-15",交通运输,网站,1
13114,"2024-02-15",农林牧渔,网站,56
13115,"2024-02-15",科教文体,小程序/公众号,83
13116,"2024-02-15",公卫医疗,小程序/公众号,100
13117,"2024-02-15",城乡建设,小程序/公众号,13
13118,"2024-02-15",交通运输,小程序/公众号,32
13119,"2024-02-15",农林牧渔,小程序/公众号,22
13120,"2024-02-16",科教文体,电话,7
13121,"2024-02-16",公卫医疗,电话,7
13122,"2024-02-16",城乡建设,电话,5
13123,"2024-02-16",交通运输,电话,25
13124,"2024-02-16",农林牧渔,电话,1
13125,"2024-02-16",科教文体,来信,16
13126,"2024-02-16",公卫医疗,来信,3
13127,"2024-02-16",城乡建设,来信,24
13128,"2024-02-16",交通运输,来信,4
13129,"2024-02-16",农林牧渔,来信,3
13130,"2024-02-16",科教文体,网站,3
13131,"2024-02-16",公卫医疗,网站,5
13132,"2024-02-16",城乡建设,网站,23
13133,"2024-02-16",交通运输,网站,9
13134,"2024-02-16",农林牧渔,网站,25
13135,"2024-02-16",科教文体,小程序/公众号,56
13136,"2024-02-16",公卫医疗,小程序/公众号,24
13137,"2024-02-16",城乡建设,小程序/公众号,18
13138,"2024-02-16",交通运输,小程序/公众号,23
13139,"2024-02-16",农林牧渔,小程序/公众号,35
13140,"2024-02-17",科教文体,电话,11
13141,"2024-02-17",公卫医疗,电话,11
13142,"2024-02-17",城乡建设,电话,5
13143,"2024-02-17",交通运输,电话,10
13144,"2024-02-17",农林牧渔,电话,4
13145,"2024-02-17",科教文体,来信,19
13146,"2024-02-17",公卫医疗,来信,17
13147,"2024-02-17",城乡建设,来信,17
13148,"2024-02-17",交通运输,来信,23
13149,"2024-02-17",农林牧渔,来信,10
13150,"2024-02-17",科教文体,网站,7
13151,"2024-02-17",公卫医疗,网站,1
13152,"2024-02-17",城乡建设,网站,48
13153,"2024-02-17",交通运输,网站,13
13154,"2024-02-17",农林牧渔,网站,2
13155,"2024-02-17",科教文体,小程序/公众号,36
13156,"2024-02-17",公卫医疗,小程序/公众号,16
13157,"2024-02-17",城乡建设,小程序/公众号,16
13158,"2024-02-17",交通运输,小程序/公众号,1
13159,"2024-02-17",农林牧渔,小程序/公众号,38
13160,"2024-02-18",科教文体,电话,4
13161,"2024-02-18",公卫医疗,电话,16
13162,"2024-02-18",城乡建设,电话,24
13163,"2024-02-18",交通运输,电话,13
13164,"2024-02-18",农林牧渔,电话,16
13165,"2024-02-18",科教文体,来信,0
13166,"2024-02-18",公卫医疗,来信,11
13167,"2024-02-18",城乡建设,来信,5
13168,"2024-02-18",交通运输,来信,18
13169,"2024-02-18",农林牧渔,来信,8
13170,"2024-02-18",科教文体,网站,4
13171,"2024-02-18",公卫医疗,网站,12
13172,"2024-02-18",城乡建设,网站,5
13173,"2024-02-18",交通运输,网站,6
13174,"2024-02-18",农林牧渔,网站,8
13175,"2024-02-18",科教文体,小程序/公众号,34
13176,"2024-02-18",公卫医疗,小程序/公众号,0
13177,"2024-02-18",城乡建设,小程序/公众号,39
13178,"2024-02-18",交通运输,小程序/公众号,47
13179,"2024-02-18",农林牧渔,小程序/公众号,54
13180,"2024-02-19",科教文体,电话,1
13181,"2024-02-19",公卫医疗,电话,2
13182,"2024-02-19",城乡建设,电话,2
13183,"2024-02-19",交通运输,电话,4
13184,"2024-02-19",农林牧渔,电话,10
13185,"2024-02-19",科教文体,来信,3
13186,"2024-02-19",公卫医疗,来信,1
13187,"2024-02-19",城乡建设,来信,13
13188,"2024-02-19",交通运输,来信,22
13189,"2024-02-19",农林牧渔,来信,58
13190,"2024-02-19",科教文体,网站,20
13191,"2024-02-19",公卫医疗,网站,14
13192,"2024-02-19",城乡建设,网站,7
13193,"2024-02-19",交通运输,网站,30
13194,"2024-02-19",农林牧渔,网站,17
13195,"2024-02-19",科教文体,小程序/公众号,21
13196,"2024-02-19",公卫医疗,小程序/公众号,11
13197,"2024-02-19",城乡建设,小程序/公众号,49
13198,"2024-02-19",交通运输,小程序/公众号,6
13199,"2024-02-19",农林牧渔,小程序/公众号,45
13200,"2024-02-20",科教文体,电话,8
13201,"2024-02-20",公卫医疗,电话,2
13202,"2024-02-20",城乡建设,电话,9
13203,"2024-02-20",交通运输,电话,7
13204,"2024-02-20",农林牧渔,电话,4
13205,"2024-02-20",科教文体,来信,85
13206,"2024-02-20",公卫医疗,来信,44
13207,"2024-02-20",城乡建设,来信,51
13208,"2024-02-20",交通运输,来信,23
13209,"2024-02-20",农林牧渔,来信,95
13210,"2024-02-20",科教文体,网站,30
13211,"2024-02-20",公卫医疗,网站,22
13212,"2024-02-20",城乡建设,网站,22
13213,"2024-02-20",交通运输,网站,9
13214,"2024-02-20",农林牧渔,网站,26
13215,"2024-02-20",科教文体,小程序/公众号,24
13216,"2024-02-20",公卫医疗,小程序/公众号,40
13217,"2024-02-20",城乡建设,小程序/公众号,110
13218,"2024-02-20",交通运输,小程序/公众号,144
13219,"2024-02-20",农林牧渔,小程序/公众号,245
13220,"2024-02-21",科教文体,电话,14
13221,"2024-02-21",公卫医疗,电话,6
13222,"2024-02-21",城乡建设,电话,20
13223,"2024-02-21",交通运输,电话,33
13224,"2024-02-21",农林牧渔,电话,20
13225,"2024-02-21",科教文体,来信,3
13226,"2024-02-21",公卫医疗,来信,4
13227,"2024-02-21",城乡建设,来信,9
13228,"2024-02-21",交通运输,来信,9
13229,"2024-02-21",农林牧渔,来信,0
13230,"2024-02-21",科教文体,网站,19
13231,"2024-02-21",公卫医疗,网站,75
13232,"2024-02-21",城乡建设,网站,6
13233,"2024-02-21",交通运输,网站,61
13234,"2024-02-21",农林牧渔,网站,45
13235,"2024-02-21",科教文体,小程序/公众号,53
13236,"2024-02-21",公卫医疗,小程序/公众号,52
13237,"2024-02-21",城乡建设,小程序/公众号,76
13238,"2024-02-21",交通运输,小程序/公众号,19
13239,"2024-02-21",农林牧渔,小程序/公众号,53
13240,"2024-02-22",科教文体,电话,2
13241,"2024-02-22",公卫医疗,电话,4
13242,"2024-02-22",城乡建设,电话,2
13243,"2024-02-22",交通运输,电话,3
13244,"2024-02-22",农林牧渔,电话,10
13245,"2024-02-22",科教文体,来信,6
13246,"2024-02-22",公卫医疗,来信,2
13247,"2024-02-22",城乡建设,来信,1
13248,"2024-02-22",交通运输,来信,6
13249,"2024-02-22",农林牧渔,来信,6
13250,"2024-02-22",科教文体,网站,35
13251,"2024-02-22",公卫医疗,网站,45
13252,"2024-02-22",城乡建设,网站,58
13253,"2024-02-22",交通运输,网站,20
13254,"2024-02-22",农林牧渔,网站,7
13255,"2024-02-22",科教文体,小程序/公众号,69
13256,"2024-02-22",公卫医疗,小程序/公众号,109
13257,"2024-02-22",城乡建设,小程序/公众号,78
13258,"2024-02-22",交通运输,小程序/公众号,0
13259,"2024-02-22",农林牧渔,小程序/公众号,5
13260,"2024-02-23",科教文体,电话,36
13261,"2024-02-23",公卫医疗,电话,8
13262,"2024-02-23",城乡建设,电话,30
13263,"2024-02-23",交通运输,电话,14
13264,"2024-02-23",农林牧渔,电话,7
13265,"2024-02-23",科教文体,来信,6
13266,"2024-02-23",公卫医疗,来信,4
13267,"2024-02-23",城乡建设,来信,1
13268,"2024-02-23",交通运输,来信,7
13269,"2024-02-23",农林牧渔,来信,8
13270,"2024-02-23",科教文体,网站,17
13271,"2024-02-23",公卫医疗,网站,28
13272,"2024-02-23",城乡建设,网站,14
13273,"2024-02-23",交通运输,网站,1
13274,"2024-02-23",农林牧渔,网站,34
13275,"2024-02-23",科教文体,小程序/公众号,3
13276,"2024-02-23",公卫医疗,小程序/公众号,14
13277,"2024-02-23",城乡建设,小程序/公众号,111
13278,"2024-02-23",交通运输,小程序/公众号,32
13279,"2024-02-23",农林牧渔,小程序/公众号,80
13280,"2024-02-24",科教文体,电话,15
13281,"2024-02-24",公卫医疗,电话,18
13282,"2024-02-24",城乡建设,电话,5
13283,"2024-02-24",交通运输,电话,19
13284,"2024-02-24",农林牧渔,电话,14
13285,"2024-02-24",科教文体,来信,2
13286,"2024-02-24",公卫医疗,来信,2
13287,"2024-02-24",城乡建设,来信,8
13288,"2024-02-24",交通运输,来信,5
13289,"2024-02-24",农林牧渔,来信,5
13290,"2024-02-24",科教文体,网站,7
13291,"2024-02-24",公卫医疗,网站,13
13292,"2024-02-24",城乡建设,网站,3
13293,"2024-02-24",交通运输,网站,20
13294,"2024-02-24",农林牧渔,网站,18
13295,"2024-02-24",科教文体,小程序/公众号,14
13296,"2024-02-24",公卫医疗,小程序/公众号,46
13297,"2024-02-24",城乡建设,小程序/公众号,62
13298,"2024-02-24",交通运输,小程序/公众号,13
13299,"2024-02-24",农林牧渔,小程序/公众号,29
13300,"2024-02-25",科教文体,电话,24
13301,"2024-02-25",公卫医疗,电话,61
13302,"2024-02-25",城乡建设,电话,24
13303,"2024-02-25",交通运输,电话,61
13304,"2024-02-25",农林牧渔,电话,7
13305,"2024-02-25",科教文体,来信,5
13306,"2024-02-25",公卫医疗,来信,11
13307,"2024-02-25",城乡建设,来信,28
13308,"2024-02-25",交通运输,来信,32
13309,"2024-02-25",农林牧渔,来信,7
13310,"2024-02-25",科教文体,网站,9
13311,"2024-02-25",公卫医疗,网站,79
13312,"2024-02-25",城乡建设,网站,41
13313,"2024-02-25",交通运输,网站,58
13314,"2024-02-25",农林牧渔,网站,42
13315,"2024-02-25",科教文体,小程序/公众号,49
13316,"2024-02-25",公卫医疗,小程序/公众号,88
13317,"2024-02-25",城乡建设,小程序/公众号,150
13318,"2024-02-25",交通运输,小程序/公众号,36
13319,"2024-02-25",农林牧渔,小程序/公众号,66
13320,"2024-02-26",科教文体,电话,47
13321,"2024-02-26",公卫医疗,电话,36
13322,"2024-02-26",城乡建设,电话,41
13323,"2024-02-26",交通运输,电话,38
13324,"2024-02-26",农林牧渔,电话,17
13325,"2024-02-26",科教文体,来信,9
13326,"2024-02-26",公卫医疗,来信,11
13327,"2024-02-26",城乡建设,来信,10
13328,"2024-02-26",交通运输,来信,8
13329,"2024-02-26",农林牧渔,来信,0
13330,"2024-02-26",科教文体,网站,3
13331,"2024-02-26",公卫医疗,网站,16
13332,"2024-02-26",城乡建设,网站,14
13333,"2024-02-26",交通运输,网站,13
13334,"2024-02-26",农林牧渔,网站,25
13335,"2024-02-26",科教文体,小程序/公众号,173
13336,"2024-02-26",公卫医疗,小程序/公众号,0
13337,"2024-02-26",城乡建设,小程序/公众号,139
13338,"2024-02-26",交通运输,小程序/公众号,95
13339,"2024-02-26",农林牧渔,小程序/公众号,150
13340,"2024-02-27",科教文体,电话,7
13341,"2024-02-27",公卫医疗,电话,9
13342,"2024-02-27",城乡建设,电话,6
13343,"2024-02-27",交通运输,电话,3
13344,"2024-02-27",农林牧渔,电话,7
13345,"2024-02-27",科教文体,来信,13
13346,"2024-02-27",公卫医疗,来信,2
13347,"2024-02-27",城乡建设,来信,23
13348,"2024-02-27",交通运输,来信,3
13349,"2024-02-27",农林牧渔,来信,15
13350,"2024-02-27",科教文体,网站,21
13351,"2024-02-27",公卫医疗,网站,34
13352,"2024-02-27",城乡建设,网站,26
13353,"2024-02-27",交通运输,网站,23
13354,"2024-02-27",农林牧渔,网站,42
13355,"2024-02-27",科教文体,小程序/公众号,31
13356,"2024-02-27",公卫医疗,小程序/公众号,27
13357,"2024-02-27",城乡建设,小程序/公众号,25
13358,"2024-02-27",交通运输,小程序/公众号,15
13359,"2024-02-27",农林牧渔,小程序/公众号,63
13360,"2024-02-28",科教文体,电话,44
13361,"2024-02-28",公卫医疗,电话,25
13362,"2024-02-28",城乡建设,电话,1
13363,"2024-02-28",交通运输,电话,36
13364,"2024-02-28",农林牧渔,电话,46
13365,"2024-02-28",科教文体,来信,5
13366,"2024-02-28",公卫医疗,来信,29
13367,"2024-02-28",城乡建设,来信,11
13368,"2024-02-28",交通运输,来信,6
13369,"2024-02-28",农林牧渔,来信,23
13370,"2024-02-28",科教文体,网站,50
13371,"2024-02-28",公卫医疗,网站,9
13372,"2024-02-28",城乡建设,网站,82
13373,"2024-02-28",交通运输,网站,20
13374,"2024-02-28",农林牧渔,网站,29
13375,"2024-02-28",科教文体,小程序/公众号,34
13376,"2024-02-28",公卫医疗,小程序/公众号,10
13377,"2024-02-28",城乡建设,小程序/公众号,81
13378,"2024-02-28",交通运输,小程序/公众号,67
13379,"2024-02-28",农林牧渔,小程序/公众号,11
13380,"2024-02-29",科教文体,电话,5
13381,"2024-02-29",公卫医疗,电话,11
13382,"2024-02-29",城乡建设,电话,1
13383,"2024-02-29",交通运输,电话,15
13384,"2024-02-29",农林牧渔,电话,10
13385,"2024-02-29",科教文体,来信,16
13386,"2024-02-29",公卫医疗,来信,16
13387,"2024-02-29",城乡建设,来信,35
13388,"2024-02-29",交通运输,来信,25
13389,"2024-02-29",农林牧渔,来信,13
13390,"2024-02-29",科教文体,网站,75
13391,"2024-02-29",公卫医疗,网站,28
13392,"2024-02-29",城乡建设,网站,97
13393,"2024-02-29",交通运输,网站,200
13394,"2024-02-29",农林牧渔,网站,13
13395,"2024-02-29",科教文体,小程序/公众号,57
13396,"2024-02-29",公卫医疗,小程序/公众号,123
13397,"2024-02-29",城乡建设,小程序/公众号,18
13398,"2024-02-29",交通运输,小程序/公众号,94
13399,"2024-02-29",农林牧渔,小程序/公众号,127
13400,"2024-03-01",科教文体,电话,48
13401,"2024-03-01",公卫医疗,电话,63
13402,"2024-03-01",城乡建设,电话,39
13403,"2024-03-01",交通运输,电话,18
13404,"2024-03-01",农林牧渔,电话,6
13405,"2024-03-01",科教文体,来信,33
13406,"2024-03-01",公卫医疗,来信,45
13407,"2024-03-01",城乡建设,来信,38
13408,"2024-03-01",交通运输,来信,5
13409,"2024-03-01",农林牧渔,来信,30
13410,"2024-03-01",科教文体,网站,49
13411,"2024-03-01",公卫医疗,网站,58
13412,"2024-03-01",城乡建设,网站,8
13413,"2024-03-01",交通运输,网站,50
13414,"2024-03-01",农林牧渔,网站,19
13415,"2024-03-01",科教文体,小程序/公众号,198
13416,"2024-03-01",公卫医疗,小程序/公众号,78
13417,"2024-03-01",城乡建设,小程序/公众号,43
13418,"2024-03-01",交通运输,小程序/公众号,47
13419,"2024-03-01",农林牧渔,小程序/公众号,85
13420,"2024-03-02",科教文体,电话,2
13421,"2024-03-02",公卫医疗,电话,11
13422,"2024-03-02",城乡建设,电话,38
13423,"2024-03-02",交通运输,电话,30
13424,"2024-03-02",农林牧渔,电话,76
13425,"2024-03-02",科教文体,来信,13
13426,"2024-03-02",公卫医疗,来信,21
13427,"2024-03-02",城乡建设,来信,21
13428,"2024-03-02",交通运输,来信,19
13429,"2024-03-02",农林牧渔,来信,22
13430,"2024-03-02",科教文体,网站,21
13431,"2024-03-02",公卫医疗,网站,43
13432,"2024-03-02",城乡建设,网站,17
13433,"2024-03-02",交通运输,网站,24
13434,"2024-03-02",农林牧渔,网站,35
13435,"2024-03-02",科教文体,小程序/公众号,124
13436,"2024-03-02",公卫医疗,小程序/公众号,145
13437,"2024-03-02",城乡建设,小程序/公众号,72
13438,"2024-03-02",交通运输,小程序/公众号,107
13439,"2024-03-02",农林牧渔,小程序/公众号,75
13440,"2024-03-03",科教文体,电话,26
13441,"2024-03-03",公卫医疗,电话,2
13442,"2024-03-03",城乡建设,电话,17
13443,"2024-03-03",交通运输,电话,4
13444,"2024-03-03",农林牧渔,电话,17
13445,"2024-03-03",科教文体,来信,23
13446,"2024-03-03",公卫医疗,来信,12
13447,"2024-03-03",城乡建设,来信,10
13448,"2024-03-03",交通运输,来信,20
13449,"2024-03-03",农林牧渔,来信,17
13450,"2024-03-03",科教文体,网站,12
13451,"2024-03-03",公卫医疗,网站,14
13452,"2024-03-03",城乡建设,网站,5
13453,"2024-03-03",交通运输,网站,5
13454,"2024-03-03",农林牧渔,网站,9
13455,"2024-03-03",科教文体,小程序/公众号,192
13456,"2024-03-03",公卫医疗,小程序/公众号,43
13457,"2024-03-03",城乡建设,小程序/公众号,164
13458,"2024-03-03",交通运输,小程序/公众号,121
13459,"2024-03-03",农林牧渔,小程序/公众号,156
13460,"2024-03-04",科教文体,电话,11
13461,"2024-03-04",公卫医疗,电话,7
13462,"2024-03-04",城乡建设,电话,2
13463,"2024-03-04",交通运输,电话,36
13464,"2024-03-04",农林牧渔,电话,109
13465,"2024-03-04",科教文体,来信,24
13466,"2024-03-04",公卫医疗,来信,25
13467,"2024-03-04",城乡建设,来信,0
13468,"2024-03-04",交通运输,来信,80
13469,"2024-03-04",农林牧渔,来信,17
13470,"2024-03-04",科教文体,网站,0
13471,"2024-03-04",公卫医疗,网站,7
13472,"2024-03-04",城乡建设,网站,4
13473,"2024-03-04",交通运输,网站,21
13474,"2024-03-04",农林牧渔,网站,30
13475,"2024-03-04",科教文体,小程序/公众号,75
13476,"2024-03-04",公卫医疗,小程序/公众号,89
13477,"2024-03-04",城乡建设,小程序/公众号,71
13478,"2024-03-04",交通运输,小程序/公众号,57
13479,"2024-03-04",农林牧渔,小程序/公众号,37
13480,"2024-03-05",科教文体,电话,12
13481,"2024-03-05",公卫医疗,电话,8
13482,"2024-03-05",城乡建设,电话,11
13483,"2024-03-05",交通运输,电话,7
13484,"2024-03-05",农林牧渔,电话,10
13485,"2024-03-05",科教文体,来信,10
13486,"2024-03-05",公卫医疗,来信,4
13487,"2024-03-05",城乡建设,来信,5
13488,"2024-03-05",交通运输,来信,3
13489,"2024-03-05",农林牧渔,来信,9
13490,"2024-03-05",科教文体,网站,25
13491,"2024-03-05",公卫医疗,网站,8
13492,"2024-03-05",城乡建设,网站,10
13493,"2024-03-05",交通运输,网站,17
13494,"2024-03-05",农林牧渔,网站,9
13495,"2024-03-05",科教文体,小程序/公众号,54
13496,"2024-03-05",公卫医疗,小程序/公众号,105
13497,"2024-03-05",城乡建设,小程序/公众号,53
13498,"2024-03-05",交通运输,小程序/公众号,113
13499,"2024-03-05",农林牧渔,小程序/公众号,50
13500,"2024-03-06",科教文体,电话,26
13501,"2024-03-06",公卫医疗,电话,19
13502,"2024-03-06",城乡建设,电话,5
13503,"2024-03-06",交通运输,电话,7
13504,"2024-03-06",农林牧渔,电话,21
13505,"2024-03-06",科教文体,来信,6
13506,"2024-03-06",公卫医疗,来信,31
13507,"2024-03-06",城乡建设,来信,82
13508,"2024-03-06",交通运输,来信,58
13509,"2024-03-06",农林牧渔,来信,61
13510,"2024-03-06",科教文体,网站,24
13511,"2024-03-06",公卫医疗,网站,49
13512,"2024-03-06",城乡建设,网站,20
13513,"2024-03-06",交通运输,网站,27
13514,"2024-03-06",农林牧渔,网站,13
13515,"2024-03-06",科教文体,小程序/公众号,78
13516,"2024-03-06",公卫医疗,小程序/公众号,111
13517,"2024-03-06",城乡建设,小程序/公众号,67
13518,"2024-03-06",交通运输,小程序/公众号,79
13519,"2024-03-06",农林牧渔,小程序/公众号,15
13520,"2024-03-07",科教文体,电话,13
13521,"2024-03-07",公卫医疗,电话,3
13522,"2024-03-07",城乡建设,电话,5
13523,"2024-03-07",交通运输,电话,17
13524,"2024-03-07",农林牧渔,电话,20
13525,"2024-03-07",科教文体,来信,41
13526,"2024-03-07",公卫医疗,来信,34
13527,"2024-03-07",城乡建设,来信,14
13528,"2024-03-07",交通运输,来信,17
13529,"2024-03-07",农林牧渔,来信,52
13530,"2024-03-07",科教文体,网站,4
13531,"2024-03-07",公卫医疗,网站,3
13532,"2024-03-07",城乡建设,网站,8
13533,"2024-03-07",交通运输,网站,5
13534,"2024-03-07",农林牧渔,网站,12
13535,"2024-03-07",科教文体,小程序/公众号,113
13536,"2024-03-07",公卫医疗,小程序/公众号,30
13537,"2024-03-07",城乡建设,小程序/公众号,19
13538,"2024-03-07",交通运输,小程序/公众号,103
13539,"2024-03-07",农林牧渔,小程序/公众号,180
13540,"2024-03-08",科教文体,电话,7
13541,"2024-03-08",公卫医疗,电话,11
13542,"2024-03-08",城乡建设,电话,8
13543,"2024-03-08",交通运输,电话,2
13544,"2024-03-08",农林牧渔,电话,10
13545,"2024-03-08",科教文体,来信,4
13546,"2024-03-08",公卫医疗,来信,33
13547,"2024-03-08",城乡建设,来信,8
13548,"2024-03-08",交通运输,来信,57
13549,"2024-03-08",农林牧渔,来信,17
13550,"2024-03-08",科教文体,网站,44
13551,"2024-03-08",公卫医疗,网站,27
13552,"2024-03-08",城乡建设,网站,3
13553,"2024-03-08",交通运输,网站,47
13554,"2024-03-08",农林牧渔,网站,21
13555,"2024-03-08",科教文体,小程序/公众号,74
13556,"2024-03-08",公卫医疗,小程序/公众号,60
13557,"2024-03-08",城乡建设,小程序/公众号,59
13558,"2024-03-08",交通运输,小程序/公众号,23
13559,"2024-03-08",农林牧渔,小程序/公众号,0
13560,"2024-03-09",科教文体,电话,9
13561,"2024-03-09",公卫医疗,电话,16
13562,"2024-03-09",城乡建设,电话,1
13563,"2024-03-09",交通运输,电话,14
13564,"2024-03-09",农林牧渔,电话,21
13565,"2024-03-09",科教文体,来信,3
13566,"2024-03-09",公卫医疗,来信,34
13567,"2024-03-09",城乡建设,来信,30
13568,"2024-03-09",交通运输,来信,4
13569,"2024-03-09",农林牧渔,来信,27
13570,"2024-03-09",科教文体,网站,3
13571,"2024-03-09",公卫医疗,网站,6
13572,"2024-03-09",城乡建设,网站,5
13573,"2024-03-09",交通运输,网站,7
13574,"2024-03-09",农林牧渔,网站,6
13575,"2024-03-09",科教文体,小程序/公众号,21
13576,"2024-03-09",公卫医疗,小程序/公众号,9
13577,"2024-03-09",城乡建设,小程序/公众号,90
13578,"2024-03-09",交通运输,小程序/公众号,96
13579,"2024-03-09",农林牧渔,小程序/公众号,13
13580,"2024-03-10",科教文体,电话,48
13581,"2024-03-10",公卫医疗,电话,8
13582,"2024-03-10",城乡建设,电话,31
13583,"2024-03-10",交通运输,电话,55
13584,"2024-03-10",农林牧渔,电话,62
13585,"2024-03-10",科教文体,来信,8
13586,"2024-03-10",公卫医疗,来信,33
13587,"2024-03-10",城乡建设,来信,28
13588,"2024-03-10",交通运输,来信,13
13589,"2024-03-10",农林牧渔,来信,46
13590,"2024-03-10",科教文体,网站,63
13591,"2024-03-10",公卫医疗,网站,32
13592,"2024-03-10",城乡建设,网站,74
13593,"2024-03-10",交通运输,网站,35
13594,"2024-03-10",农林牧渔,网站,34
13595,"2024-03-10",科教文体,小程序/公众号,78
13596,"2024-03-10",公卫医疗,小程序/公众号,49
13597,"2024-03-10",城乡建设,小程序/公众号,59
13598,"2024-03-10",交通运输,小程序/公众号,29
13599,"2024-03-10",农林牧渔,小程序/公众号,106
13600,"2024-03-11",科教文体,电话,3
13601,"2024-03-11",公卫医疗,电话,11
13602,"2024-03-11",城乡建设,电话,3
13603,"2024-03-11",交通运输,电话,9
13604,"2024-03-11",农林牧渔,电话,20
13605,"2024-03-11",科教文体,来信,5
13606,"2024-03-11",公卫医疗,来信,15
13607,"2024-03-11",城乡建设,来信,52
13608,"2024-03-11",交通运输,来信,36
13609,"2024-03-11",农林牧渔,来信,6
13610,"2024-03-11",科教文体,网站,28
13611,"2024-03-11",公卫医疗,网站,7
13612,"2024-03-11",城乡建设,网站,3
13613,"2024-03-11",交通运输,网站,12
13614,"2024-03-11",农林牧渔,网站,8
13615,"2024-03-11",科教文体,小程序/公众号,62
13616,"2024-03-11",公卫医疗,小程序/公众号,20
13617,"2024-03-11",城乡建设,小程序/公众号,60
13618,"2024-03-11",交通运输,小程序/公众号,18
13619,"2024-03-11",农林牧渔,小程序/公众号,127
13620,"2024-03-12",科教文体,电话,0
13621,"2024-03-12",公卫医疗,电话,6
13622,"2024-03-12",城乡建设,电话,1
13623,"2024-03-12",交通运输,电话,2
13624,"2024-03-12",农林牧渔,电话,4
13625,"2024-03-12",科教文体,来信,4
13626,"2024-03-12",公卫医疗,来信,6
13627,"2024-03-12",城乡建设,来信,0
13628,"2024-03-12",交通运输,来信,5
13629,"2024-03-12",农林牧渔,来信,3
13630,"2024-03-12",科教文体,网站,33
13631,"2024-03-12",公卫医疗,网站,31
13632,"2024-03-12",城乡建设,网站,115
13633,"2024-03-12",交通运输,网站,63
13634,"2024-03-12",农林牧渔,网站,38
13635,"2024-03-12",科教文体,小程序/公众号,70
13636,"2024-03-12",公卫医疗,小程序/公众号,76
13637,"2024-03-12",城乡建设,小程序/公众号,157
13638,"2024-03-12",交通运输,小程序/公众号,24
13639,"2024-03-12",农林牧渔,小程序/公众号,85
13640,"2024-03-13",科教文体,电话,7
13641,"2024-03-13",公卫医疗,电话,2
13642,"2024-03-13",城乡建设,电话,3
13643,"2024-03-13",交通运输,电话,10
13644,"2024-03-13",农林牧渔,电话,43
13645,"2024-03-13",科教文体,来信,13
13646,"2024-03-13",公卫医疗,来信,28
13647,"2024-03-13",城乡建设,来信,42
13648,"2024-03-13",交通运输,来信,46
13649,"2024-03-13",农林牧渔,来信,17
13650,"2024-03-13",科教文体,网站,8
13651,"2024-03-13",公卫医疗,网站,15
13652,"2024-03-13",城乡建设,网站,36
13653,"2024-03-13",交通运输,网站,53
13654,"2024-03-13",农林牧渔,网站,61
13655,"2024-03-13",科教文体,小程序/公众号,22
13656,"2024-03-13",公卫医疗,小程序/公众号,91
13657,"2024-03-13",城乡建设,小程序/公众号,87
13658,"2024-03-13",交通运输,小程序/公众号,100
13659,"2024-03-13",农林牧渔,小程序/公众号,97
13660,"2024-03-14",科教文体,电话,16
13661,"2024-03-14",公卫医疗,电话,11
13662,"2024-03-14",城乡建设,电话,5
13663,"2024-03-14",交通运输,电话,16
13664,"2024-03-14",农林牧渔,电话,17
13665,"2024-03-14",科教文体,来信,58
13666,"2024-03-14",公卫医疗,来信,14
13667,"2024-03-14",城乡建设,来信,1
13668,"2024-03-14",交通运输,来信,52
13669,"2024-03-14",农林牧渔,来信,70
13670,"2024-03-14",科教文体,网站,9
13671,"2024-03-14",公卫医疗,网站,13
13672,"2024-03-14",城乡建设,网站,31
13673,"2024-03-14",交通运输,网站,5
13674,"2024-03-14",农林牧渔,网站,23
13675,"2024-03-14",科教文体,小程序/公众号,15
13676,"2024-03-14",公卫医疗,小程序/公众号,53
13677,"2024-03-14",城乡建设,小程序/公众号,103
13678,"2024-03-14",交通运输,小程序/公众号,91
13679,"2024-03-14",农林牧渔,小程序/公众号,104
13680,"2024-03-15",科教文体,电话,13
13681,"2024-03-15",公卫医疗,电话,12
13682,"2024-03-15",城乡建设,电话,15
13683,"2024-03-15",交通运输,电话,2
13684,"2024-03-15",农林牧渔,电话,14
13685,"2024-03-15",科教文体,来信,9
13686,"2024-03-15",公卫医疗,来信,29
13687,"2024-03-15",城乡建设,来信,11
13688,"2024-03-15",交通运输,来信,26
13689,"2024-03-15",农林牧渔,来信,16
13690,"2024-03-15",科教文体,网站,52
13691,"2024-03-15",公卫医疗,网站,16
13692,"2024-03-15",城乡建设,网站,89
13693,"2024-03-15",交通运输,网站,11
13694,"2024-03-15",农林牧渔,网站,59
13695,"2024-03-15",科教文体,小程序/公众号,77
13696,"2024-03-15",公卫医疗,小程序/公众号,117
13697,"2024-03-15",城乡建设,小程序/公众号,102
13698,"2024-03-15",交通运输,小程序/公众号,103
13699,"2024-03-15",农林牧渔,小程序/公众号,97
13700,"2024-03-16",科教文体,电话,9
13701,"2024-03-16",公卫医疗,电话,4
13702,"2024-03-16",城乡建设,电话,7
13703,"2024-03-16",交通运输,电话,2
13704,"2024-03-16",农林牧渔,电话,3
13705,"2024-03-16",科教文体,来信,2
13706,"2024-03-16",公卫医疗,来信,9
13707,"2024-03-16",城乡建设,来信,5
13708,"2024-03-16",交通运输,来信,2
13709,"2024-03-16",农林牧渔,来信,9
13710,"2024-03-16",科教文体,网站,0
13711,"2024-03-16",公卫医疗,网站,9
13712,"2024-03-16",城乡建设,网站,10
13713,"2024-03-16",交通运输,网站,12
13714,"2024-03-16",农林牧渔,网站,3
13715,"2024-03-16",科教文体,小程序/公众号,4
13716,"2024-03-16",公卫医疗,小程序/公众号,187
13717,"2024-03-16",城乡建设,小程序/公众号,90
13718,"2024-03-16",交通运输,小程序/公众号,147
13719,"2024-03-16",农林牧渔,小程序/公众号,80
13720,"2024-03-17",科教文体,电话,16
13721,"2024-03-17",公卫医疗,电话,20
13722,"2024-03-17",城乡建设,电话,4
13723,"2024-03-17",交通运输,电话,18
13724,"2024-03-17",农林牧渔,电话,16
13725,"2024-03-17",科教文体,来信,43
13726,"2024-03-17",公卫医疗,来信,46
13727,"2024-03-17",城乡建设,来信,4
13728,"2024-03-17",交通运输,来信,13
13729,"2024-03-17",农林牧渔,来信,6
13730,"2024-03-17",科教文体,网站,8
13731,"2024-03-17",公卫医疗,网站,8
13732,"2024-03-17",城乡建设,网站,8
13733,"2024-03-17",交通运输,网站,4
13734,"2024-03-17",农林牧渔,网站,2
13735,"2024-03-17",科教文体,小程序/公众号,50
13736,"2024-03-17",公卫医疗,小程序/公众号,20
13737,"2024-03-17",城乡建设,小程序/公众号,20
13738,"2024-03-17",交通运输,小程序/公众号,87
13739,"2024-03-17",农林牧渔,小程序/公众号,49
13740,"2024-03-18",科教文体,电话,2
13741,"2024-03-18",公卫医疗,电话,8
13742,"2024-03-18",城乡建设,电话,8
13743,"2024-03-18",交通运输,电话,7
13744,"2024-03-18",农林牧渔,电话,4
13745,"2024-03-18",科教文体,来信,50
13746,"2024-03-18",公卫医疗,来信,3
13747,"2024-03-18",城乡建设,来信,3
13748,"2024-03-18",交通运输,来信,45
13749,"2024-03-18",农林牧渔,来信,44
13750,"2024-03-18",科教文体,网站,4
13751,"2024-03-18",公卫医疗,网站,5
13752,"2024-03-18",城乡建设,网站,14
13753,"2024-03-18",交通运输,网站,7
13754,"2024-03-18",农林牧渔,网站,5
13755,"2024-03-18",科教文体,小程序/公众号,19
13756,"2024-03-18",公卫医疗,小程序/公众号,134
13757,"2024-03-18",城乡建设,小程序/公众号,15
13758,"2024-03-18",交通运输,小程序/公众号,106
13759,"2024-03-18",农林牧渔,小程序/公众号,80
13760,"2024-03-19",科教文体,电话,42
13761,"2024-03-19",公卫医疗,电话,9
13762,"2024-03-19",城乡建设,电话,12
13763,"2024-03-19",交通运输,电话,84
13764,"2024-03-19",农林牧渔,电话,62
13765,"2024-03-19",科教文体,来信,47
13766,"2024-03-19",公卫医疗,来信,26
13767,"2024-03-19",城乡建设,来信,47
13768,"2024-03-19",交通运输,来信,43
13769,"2024-03-19",农林牧渔,来信,47
13770,"2024-03-19",科教文体,网站,2
13771,"2024-03-19",公卫医疗,网站,38
13772,"2024-03-19",城乡建设,网站,33
13773,"2024-03-19",交通运输,网站,9
13774,"2024-03-19",农林牧渔,网站,1
13775,"2024-03-19",科教文体,小程序/公众号,171
13776,"2024-03-19",公卫医疗,小程序/公众号,72
13777,"2024-03-19",城乡建设,小程序/公众号,30
13778,"2024-03-19",交通运输,小程序/公众号,108
13779,"2024-03-19",农林牧渔,小程序/公众号,17
13780,"2024-03-20",科教文体,电话,42
13781,"2024-03-20",公卫医疗,电话,0
13782,"2024-03-20",城乡建设,电话,13
13783,"2024-03-20",交通运输,电话,4
13784,"2024-03-20",农林牧渔,电话,42
13785,"2024-03-20",科教文体,来信,22
13786,"2024-03-20",公卫医疗,来信,33
13787,"2024-03-20",城乡建设,来信,5
13788,"2024-03-20",交通运输,来信,55
13789,"2024-03-20",农林牧渔,来信,1
13790,"2024-03-20",科教文体,网站,58
13791,"2024-03-20",公卫医疗,网站,52
13792,"2024-03-20",城乡建设,网站,5
13793,"2024-03-20",交通运输,网站,21
13794,"2024-03-20",农林牧渔,网站,43
13795,"2024-03-20",科教文体,小程序/公众号,85
13796,"2024-03-20",公卫医疗,小程序/公众号,13
13797,"2024-03-20",城乡建设,小程序/公众号,83
13798,"2024-03-20",交通运输,小程序/公众号,35
13799,"2024-03-20",农林牧渔,小程序/公众号,32
13800,"2024-03-21",科教文体,电话,3
13801,"2024-03-21",公卫医疗,电话,27
13802,"2024-03-21",城乡建设,电话,11
13803,"2024-03-21",交通运输,电话,20
13804,"2024-03-21",农林牧渔,电话,23
13805,"2024-03-21",科教文体,来信,29
13806,"2024-03-21",公卫医疗,来信,13
13807,"2024-03-21",城乡建设,来信,10
13808,"2024-03-21",交通运输,来信,8
13809,"2024-03-21",农林牧渔,来信,12
13810,"2024-03-21",科教文体,网站,41
13811,"2024-03-21",公卫医疗,网站,99
13812,"2024-03-21",城乡建设,网站,86
13813,"2024-03-21",交通运输,网站,28
13814,"2024-03-21",农林牧渔,网站,35
13815,"2024-03-21",科教文体,小程序/公众号,27
13816,"2024-03-21",公卫医疗,小程序/公众号,51
13817,"2024-03-21",城乡建设,小程序/公众号,103
13818,"2024-03-21",交通运输,小程序/公众号,62
13819,"2024-03-21",农林牧渔,小程序/公众号,103
13820,"2024-03-22",科教文体,电话,9
13821,"2024-03-22",公卫医疗,电话,13
13822,"2024-03-22",城乡建设,电话,14
13823,"2024-03-22",交通运输,电话,9
13824,"2024-03-22",农林牧渔,电话,0
13825,"2024-03-22",科教文体,来信,19
13826,"2024-03-22",公卫医疗,来信,34
13827,"2024-03-22",城乡建设,来信,29
13828,"2024-03-22",交通运输,来信,52
13829,"2024-03-22",农林牧渔,来信,34
13830,"2024-03-22",科教文体,网站,7
13831,"2024-03-22",公卫医疗,网站,13
13832,"2024-03-22",城乡建设,网站,14
13833,"2024-03-22",交通运输,网站,8
13834,"2024-03-22",农林牧渔,网站,9
13835,"2024-03-22",科教文体,小程序/公众号,50
13836,"2024-03-22",公卫医疗,小程序/公众号,82
13837,"2024-03-22",城乡建设,小程序/公众号,143
13838,"2024-03-22",交通运输,小程序/公众号,169
13839,"2024-03-22",农林牧渔,小程序/公众号,118
13840,"2024-03-23",科教文体,电话,18
13841,"2024-03-23",公卫医疗,电话,14
13842,"2024-03-23",城乡建设,电话,11
13843,"2024-03-23",交通运输,电话,10
13844,"2024-03-23",农林牧渔,电话,9
13845,"2024-03-23",科教文体,来信,3
13846,"2024-03-23",公卫医疗,来信,15
13847,"2024-03-23",城乡建设,来信,18
13848,"2024-03-23",交通运输,来信,2
13849,"2024-03-23",农林牧渔,来信,16
13850,"2024-03-23",科教文体,网站,6
13851,"2024-03-23",公卫医疗,网站,14
13852,"2024-03-23",城乡建设,网站,8
13853,"2024-03-23",交通运输,网站,12
13854,"2024-03-23",农林牧渔,网站,15
13855,"2024-03-23",科教文体,小程序/公众号,60
13856,"2024-03-23",公卫医疗,小程序/公众号,14
13857,"2024-03-23",城乡建设,小程序/公众号,25
13858,"2024-03-23",交通运输,小程序/公众号,39
13859,"2024-03-23",农林牧渔,小程序/公众号,97
13860,"2024-03-24",科教文体,电话,18
13861,"2024-03-24",公卫医疗,电话,22
13862,"2024-03-24",城乡建设,电话,26
13863,"2024-03-24",交通运输,电话,26
13864,"2024-03-24",农林牧渔,电话,3
13865,"2024-03-24",科教文体,来信,13
13866,"2024-03-24",公卫医疗,来信,17
13867,"2024-03-24",城乡建设,来信,10
13868,"2024-03-24",交通运输,来信,25
13869,"2024-03-24",农林牧渔,来信,10
13870,"2024-03-24",科教文体,网站,17
13871,"2024-03-24",公卫医疗,网站,29
13872,"2024-03-24",城乡建设,网站,34
13873,"2024-03-24",交通运输,网站,26
13874,"2024-03-24",农林牧渔,网站,32
13875,"2024-03-24",科教文体,小程序/公众号,19
13876,"2024-03-24",公卫医疗,小程序/公众号,14
13877,"2024-03-24",城乡建设,小程序/公众号,43
13878,"2024-03-24",交通运输,小程序/公众号,32
13879,"2024-03-24",农林牧渔,小程序/公众号,51
13880,"2024-03-25",科教文体,电话,2
13881,"2024-03-25",公卫医疗,电话,22
13882,"2024-03-25",城乡建设,电话,9
13883,"2024-03-25",交通运输,电话,2
13884,"2024-03-25",农林牧渔,电话,21
13885,"2024-03-25",科教文体,来信,10
13886,"2024-03-25",公卫医疗,来信,41
13887,"2024-03-25",城乡建设,来信,8
13888,"2024-03-25",交通运输,来信,16
13889,"2024-03-25",农林牧渔,来信,54
13890,"2024-03-25",科教文体,网站,7
13891,"2024-03-25",公卫医疗,网站,5
13892,"2024-03-25",城乡建设,网站,13
13893,"2024-03-25",交通运输,网站,16
13894,"2024-03-25",农林牧渔,网站,14
13895,"2024-03-25",科教文体,小程序/公众号,11
13896,"2024-03-25",公卫医疗,小程序/公众号,19
13897,"2024-03-25",城乡建设,小程序/公众号,64
13898,"2024-03-25",交通运输,小程序/公众号,15
13899,"2024-03-25",农林牧渔,小程序/公众号,155
13900,"2024-03-26",科教文体,电话,47
13901,"2024-03-26",公卫医疗,电话,15
13902,"2024-03-26",城乡建设,电话,8
13903,"2024-03-26",交通运输,电话,21
13904,"2024-03-26",农林牧渔,电话,2
13905,"2024-03-26",科教文体,来信,8
13906,"2024-03-26",公卫医疗,来信,3
13907,"2024-03-26",城乡建设,来信,10
13908,"2024-03-26",交通运输,来信,8
13909,"2024-03-26",农林牧渔,来信,6
13910,"2024-03-26",科教文体,网站,34
13911,"2024-03-26",公卫医疗,网站,30
13912,"2024-03-26",城乡建设,网站,35
13913,"2024-03-26",交通运输,网站,22
13914,"2024-03-26",农林牧渔,网站,25
13915,"2024-03-26",科教文体,小程序/公众号,204
13916,"2024-03-26",公卫医疗,小程序/公众号,71
13917,"2024-03-26",城乡建设,小程序/公众号,179
13918,"2024-03-26",交通运输,小程序/公众号,36
13919,"2024-03-26",农林牧渔,小程序/公众号,33
13920,"2024-03-27",科教文体,电话,1
13921,"2024-03-27",公卫医疗,电话,5
13922,"2024-03-27",城乡建设,电话,6
13923,"2024-03-27",交通运输,电话,10
13924,"2024-03-27",农林牧渔,电话,6
13925,"2024-03-27",科教文体,来信,25
13926,"2024-03-27",公卫医疗,来信,5
13927,"2024-03-27",城乡建设,来信,30
13928,"2024-03-27",交通运输,来信,42
13929,"2024-03-27",农林牧渔,来信,16
13930,"2024-03-27",科教文体,网站,57
13931,"2024-03-27",公卫医疗,网站,60
13932,"2024-03-27",城乡建设,网站,3
13933,"2024-03-27",交通运输,网站,23
13934,"2024-03-27",农林牧渔,网站,62
13935,"2024-03-27",科教文体,小程序/公众号,66
13936,"2024-03-27",公卫医疗,小程序/公众号,90
13937,"2024-03-27",城乡建设,小程序/公众号,2
13938,"2024-03-27",交通运输,小程序/公众号,102
13939,"2024-03-27",农林牧渔,小程序/公众号,27
13940,"2024-03-28",科教文体,电话,29
13941,"2024-03-28",公卫医疗,电话,56
13942,"2024-03-28",城乡建设,电话,17
13943,"2024-03-28",交通运输,电话,21
13944,"2024-03-28",农林牧渔,电话,22
13945,"2024-03-28",科教文体,来信,24
13946,"2024-03-28",公卫医疗,来信,25
13947,"2024-03-28",城乡建设,来信,12
13948,"2024-03-28",交通运输,来信,26
13949,"2024-03-28",农林牧渔,来信,3
13950,"2024-03-28",科教文体,网站,61
13951,"2024-03-28",公卫医疗,网站,88
13952,"2024-03-28",城乡建设,网站,40
13953,"2024-03-28",交通运输,网站,2
13954,"2024-03-28",农林牧渔,网站,14
13955,"2024-03-28",科教文体,小程序/公众号,61
13956,"2024-03-28",公卫医疗,小程序/公众号,45
13957,"2024-03-28",城乡建设,小程序/公众号,26
13958,"2024-03-28",交通运输,小程序/公众号,64
13959,"2024-03-28",农林牧渔,小程序/公众号,71
13960,"2024-03-29",科教文体,电话,4
13961,"2024-03-29",公卫医疗,电话,5
13962,"2024-03-29",城乡建设,电话,2
13963,"2024-03-29",交通运输,电话,66
13964,"2024-03-29",农林牧渔,电话,34
13965,"2024-03-29",科教文体,来信,19
13966,"2024-03-29",公卫医疗,来信,47
13967,"2024-03-29",城乡建设,来信,30
13968,"2024-03-29",交通运输,来信,37
13969,"2024-03-29",农林牧渔,来信,-1
13970,"2024-03-29",科教文体,网站,45
13971,"2024-03-29",公卫医疗,网站,17
13972,"2024-03-29",城乡建设,网站,14
13973,"2024-03-29",交通运输,网站,37
13974,"2024-03-29",农林牧渔,网站,40
13975,"2024-03-29",科教文体,小程序/公众号,52
13976,"2024-03-29",公卫医疗,小程序/公众号,75
13977,"2024-03-29",城乡建设,小程序/公众号,89
13978,"2024-03-29",交通运输,小程序/公众号,0
13979,"2024-03-29",农林牧渔,小程序/公众号,166
13980,"2024-03-30",科教文体,电话,21
13981,"2024-03-30",公卫医疗,电话,42
13982,"2024-03-30",城乡建设,电话,45
13983,"2024-03-30",交通运输,电话,22
13984,"2024-03-30",农林牧渔,电话,45
13985,"2024-03-30",科教文体,来信,4
13986,"2024-03-30",公卫医疗,来信,79
13987,"2024-03-30",城乡建设,来信,23
13988,"2024-03-30",交通运输,来信,61
13989,"2024-03-30",农林牧渔,来信,38
13990,"2024-03-30",科教文体,网站,87
13991,"2024-03-30",公卫医疗,网站,22
13992,"2024-03-30",城乡建设,网站,53
13993,"2024-03-30",交通运输,网站,15
13994,"2024-03-30",农林牧渔,网站,14
13995,"2024-03-30",科教文体,小程序/公众号,85
13996,"2024-03-30",公卫医疗,小程序/公众号,35
13997,"2024-03-30",城乡建设,小程序/公众号,34
13998,"2024-03-30",交通运输,小程序/公众号,46
13999,"2024-03-30",农林牧渔,小程序/公众号,80
14000,"2024-03-31",科教文体,电话,56
14001,"2024-03-31",公卫医疗,电话,4
14002,"2024-03-31",城乡建设,电话,28
14003,"2024-03-31",交通运输,电话,38
14004,"2024-03-31",农林牧渔,电话,13
14005,"2024-03-31",科教文体,来信,26
14006,"2024-03-31",公卫医疗,来信,22
14007,"2024-03-31",城乡建设,来信,6
14008,"2024-03-31",交通运输,来信,22
14009,"2024-03-31",农林牧渔,来信,30
14010,"2024-03-31",科教文体,网站,19
14011,"2024-03-31",公卫医疗,网站,23
14012,"2024-03-31",城乡建设,网站,33
14013,"2024-03-31",交通运输,网站,3
14014,"2024-03-31",农林牧渔,网站,38
14015,"2024-03-31",科教文体,小程序/公众号,60
14016,"2024-03-31",公卫医疗,小程序/公众号,73
14017,"2024-03-31",城乡建设,小程序/公众号,60
14018,"2024-03-31",交通运输,小程序/公众号,83
14019,"2024-03-31",农林牧渔,小程序/公众号,39
14020,"2024-04-01",科教文体,电话,26
14021,"2024-04-01",公卫医疗,电话,24
14022,"2024-04-01",城乡建设,电话,16
14023,"2024-04-01",交通运输,电话,20
14024,"2024-04-01",农林牧渔,电话,24
14025,"2024-04-01",科教文体,来信,8
14026,"2024-04-01",公卫医疗,来信,2
14027,"2024-04-01",城乡建设,来信,3
14028,"2024-04-01",交通运输,来信,3
14029,"2024-04-01",农林牧渔,来信,7
14030,"2024-04-01",科教文体,网站,9
14031,"2024-04-01",公卫医疗,网站,9
14032,"2024-04-01",城乡建设,网站,18
14033,"2024-04-01",交通运输,网站,10
14034,"2024-04-01",农林牧渔,网站,1
14035,"2024-04-01",科教文体,小程序/公众号,23
14036,"2024-04-01",公卫医疗,小程序/公众号,59
14037,"2024-04-01",城乡建设,小程序/公众号,100
14038,"2024-04-01",交通运输,小程序/公众号,67
14039,"2024-04-01",农林牧渔,小程序/公众号,146
14040,"2024-04-02",科教文体,电话,12
14041,"2024-04-02",公卫医疗,电话,7
14042,"2024-04-02",城乡建设,电话,12
14043,"2024-04-02",交通运输,电话,12
14044,"2024-04-02",农林牧渔,电话,26
14045,"2024-04-02",科教文体,来信,7
14046,"2024-04-02",公卫医疗,来信,7
14047,"2024-04-02",城乡建设,来信,12
14048,"2024-04-02",交通运输,来信,4
14049,"2024-04-02",农林牧渔,来信,7
14050,"2024-04-02",科教文体,网站,28
14051,"2024-04-02",公卫医疗,网站,18
14052,"2024-04-02",城乡建设,网站,32
14053,"2024-04-02",交通运输,网站,8
14054,"2024-04-02",农林牧渔,网站,9
14055,"2024-04-02",科教文体,小程序/公众号,108
14056,"2024-04-02",公卫医疗,小程序/公众号,89
14057,"2024-04-02",城乡建设,小程序/公众号,33
14058,"2024-04-02",交通运输,小程序/公众号,28
14059,"2024-04-02",农林牧渔,小程序/公众号,90
14060,"2024-04-03",科教文体,电话,10
14061,"2024-04-03",公卫医疗,电话,23
14062,"2024-04-03",城乡建设,电话,13
14063,"2024-04-03",交通运输,电话,33
14064,"2024-04-03",农林牧渔,电话,20
14065,"2024-04-03",科教文体,来信,14
14066,"2024-04-03",公卫医疗,来信,41
14067,"2024-04-03",城乡建设,来信,2
14068,"2024-04-03",交通运输,来信,17
14069,"2024-04-03",农林牧渔,来信,41
14070,"2024-04-03",科教文体,网站,33
14071,"2024-04-03",公卫医疗,网站,1
14072,"2024-04-03",城乡建设,网站,21
14073,"2024-04-03",交通运输,网站,37
14074,"2024-04-03",农林牧渔,网站,19
14075,"2024-04-03",科教文体,小程序/公众号,7
14076,"2024-04-03",公卫医疗,小程序/公众号,84
14077,"2024-04-03",城乡建设,小程序/公众号,82
14078,"2024-04-03",交通运输,小程序/公众号,11
14079,"2024-04-03",农林牧渔,小程序/公众号,6
14080,"2024-04-04",科教文体,电话,33
14081,"2024-04-04",公卫医疗,电话,32
14082,"2024-04-04",城乡建设,电话,34
14083,"2024-04-04",交通运输,电话,23
14084,"2024-04-04",农林牧渔,电话,13
14085,"2024-04-04",科教文体,来信,41
14086,"2024-04-04",公卫医疗,来信,72
14087,"2024-04-04",城乡建设,来信,69
14088,"2024-04-04",交通运输,来信,6
14089,"2024-04-04",农林牧渔,来信,64
14090,"2024-04-04",科教文体,网站,50
14091,"2024-04-04",公卫医疗,网站,29
14092,"2024-04-04",城乡建设,网站,8
14093,"2024-04-04",交通运输,网站,37
14094,"2024-04-04",农林牧渔,网站,40
14095,"2024-04-04",科教文体,小程序/公众号,72
14096,"2024-04-04",公卫医疗,小程序/公众号,31
14097,"2024-04-04",城乡建设,小程序/公众号,71
14098,"2024-04-04",交通运输,小程序/公众号,153
14099,"2024-04-04",农林牧渔,小程序/公众号,62
14100,"2024-04-05",科教文体,电话,54
14101,"2024-04-05",公卫医疗,电话,30
14102,"2024-04-05",城乡建设,电话,18
14103,"2024-04-05",交通运输,电话,16
14104,"2024-04-05",农林牧渔,电话,34
14105,"2024-04-05",科教文体,来信,21
14106,"2024-04-05",公卫医疗,来信,34
14107,"2024-04-05",城乡建设,来信,1
14108,"2024-04-05",交通运输,来信,34
14109,"2024-04-05",农林牧渔,来信,2
14110,"2024-04-05",科教文体,网站,55
14111,"2024-04-05",公卫医疗,网站,38
14112,"2024-04-05",城乡建设,网站,25
14113,"2024-04-05",交通运输,网站,29
14114,"2024-04-05",农林牧渔,网站,55
14115,"2024-04-05",科教文体,小程序/公众号,119
14116,"2024-04-05",公卫医疗,小程序/公众号,109
14117,"2024-04-05",城乡建设,小程序/公众号,25
14118,"2024-04-05",交通运输,小程序/公众号,105
14119,"2024-04-05",农林牧渔,小程序/公众号,144
14120,"2024-04-06",科教文体,电话,0
14121,"2024-04-06",公卫医疗,电话,3
14122,"2024-04-06",城乡建设,电话,2
14123,"2024-04-06",交通运输,电话,3
14124,"2024-04-06",农林牧渔,电话,9
14125,"2024-04-06",科教文体,来信,3
14126,"2024-04-06",公卫医疗,来信,3
14127,"2024-04-06",城乡建设,来信,7
14128,"2024-04-06",交通运输,来信,2
14129,"2024-04-06",农林牧渔,来信,1
14130,"2024-04-06",科教文体,网站,10
14131,"2024-04-06",公卫医疗,网站,45
14132,"2024-04-06",城乡建设,网站,27
14133,"2024-04-06",交通运输,网站,32
14134,"2024-04-06",农林牧渔,网站,9
14135,"2024-04-06",科教文体,小程序/公众号,30
14136,"2024-04-06",公卫医疗,小程序/公众号,64
14137,"2024-04-06",城乡建设,小程序/公众号,42
14138,"2024-04-06",交通运输,小程序/公众号,26
14139,"2024-04-06",农林牧渔,小程序/公众号,37
14140,"2024-04-07",科教文体,电话,16
14141,"2024-04-07",公卫医疗,电话,30
14142,"2024-04-07",城乡建设,电话,29
14143,"2024-04-07",交通运输,电话,28
14144,"2024-04-07",农林牧渔,电话,33
14145,"2024-04-07",科教文体,来信,22
14146,"2024-04-07",公卫医疗,来信,19
14147,"2024-04-07",城乡建设,来信,15
14148,"2024-04-07",交通运输,来信,12
14149,"2024-04-07",农林牧渔,来信,22
14150,"2024-04-07",科教文体,网站,6
14151,"2024-04-07",公卫医疗,网站,6
14152,"2024-04-07",城乡建设,网站,6
14153,"2024-04-07",交通运输,网站,25
14154,"2024-04-07",农林牧渔,网站,22
14155,"2024-04-07",科教文体,小程序/公众号,105
14156,"2024-04-07",公卫医疗,小程序/公众号,45
14157,"2024-04-07",城乡建设,小程序/公众号,13
14158,"2024-04-07",交通运输,小程序/公众号,71
14159,"2024-04-07",农林牧渔,小程序/公众号,100
14160,"2024-04-08",科教文体,电话,36
14161,"2024-04-08",公卫医疗,电话,14
14162,"2024-04-08",城乡建设,电话,22
14163,"2024-04-08",交通运输,电话,22
14164,"2024-04-08",农林牧渔,电话,26
14165,"2024-04-08",科教文体,来信,11
14166,"2024-04-08",公卫医疗,来信,10
14167,"2024-04-08",城乡建设,来信,14
14168,"2024-04-08",交通运输,来信,10
14169,"2024-04-08",农林牧渔,来信,2
14170,"2024-04-08",科教文体,网站,29
14171,"2024-04-08",公卫医疗,网站,36
14172,"2024-04-08",城乡建设,网站,23
14173,"2024-04-08",交通运输,网站,43
14174,"2024-04-08",农林牧渔,网站,18
14175,"2024-04-08",科教文体,小程序/公众号,13
14176,"2024-04-08",公卫医疗,小程序/公众号,133
14177,"2024-04-08",城乡建设,小程序/公众号,277
14178,"2024-04-08",交通运输,小程序/公众号,38
14179,"2024-04-08",农林牧渔,小程序/公众号,44
14180,"2024-04-09",科教文体,电话,1
14181,"2024-04-09",公卫医疗,电话,27
14182,"2024-04-09",城乡建设,电话,20
14183,"2024-04-09",交通运输,电话,40
14184,"2024-04-09",农林牧渔,电话,3
14185,"2024-04-09",科教文体,来信,36
14186,"2024-04-09",公卫医疗,来信,39
14187,"2024-04-09",城乡建设,来信,12
14188,"2024-04-09",交通运输,来信,9
14189,"2024-04-09",农林牧渔,来信,33
14190,"2024-04-09",科教文体,网站,43
14191,"2024-04-09",公卫医疗,网站,3
14192,"2024-04-09",城乡建设,网站,30
14193,"2024-04-09",交通运输,网站,34
14194,"2024-04-09",农林牧渔,网站,24
14195,"2024-04-09",科教文体,小程序/公众号,13
14196,"2024-04-09",公卫医疗,小程序/公众号,26
14197,"2024-04-09",城乡建设,小程序/公众号,45
14198,"2024-04-09",交通运输,小程序/公众号,24
14199,"2024-04-09",农林牧渔,小程序/公众号,28
14200,"2024-04-10",科教文体,电话,2
14201,"2024-04-10",公卫医疗,电话,2
14202,"2024-04-10",城乡建设,电话,4
14203,"2024-04-10",交通运输,电话,0
14204,"2024-04-10",农林牧渔,电话,2
14205,"2024-04-10",科教文体,来信,17
14206,"2024-04-10",公卫医疗,来信,10
14207,"2024-04-10",城乡建设,来信,9
14208,"2024-04-10",交通运输,来信,3
14209,"2024-04-10",农林牧渔,来信,22
14210,"2024-04-10",科教文体,网站,3
14211,"2024-04-10",公卫医疗,网站,3
14212,"2024-04-10",城乡建设,网站,3
14213,"2024-04-10",交通运输,网站,1
14214,"2024-04-10",农林牧渔,网站,0
14215,"2024-04-10",科教文体,小程序/公众号,17
14216,"2024-04-10",公卫医疗,小程序/公众号,41
14217,"2024-04-10",城乡建设,小程序/公众号,55
14218,"2024-04-10",交通运输,小程序/公众号,80
14219,"2024-04-10",农林牧渔,小程序/公众号,36
14220,"2024-04-11",科教文体,电话,11
14221,"2024-04-11",公卫医疗,电话,5
14222,"2024-04-11",城乡建设,电话,28
14223,"2024-04-11",交通运输,电话,2
14224,"2024-04-11",农林牧渔,电话,29
14225,"2024-04-11",科教文体,来信,2
14226,"2024-04-11",公卫医疗,来信,23
14227,"2024-04-11",城乡建设,来信,38
14228,"2024-04-11",交通运输,来信,35
14229,"2024-04-11",农林牧渔,来信,5
14230,"2024-04-11",科教文体,网站,89
14231,"2024-04-11",公卫医疗,网站,22
14232,"2024-04-11",城乡建设,网站,63
14233,"2024-04-11",交通运输,网站,18
14234,"2024-04-11",农林牧渔,网站,101
14235,"2024-04-11",科教文体,小程序/公众号,116
14236,"2024-04-11",公卫医疗,小程序/公众号,3
14237,"2024-04-11",城乡建设,小程序/公众号,31
14238,"2024-04-11",交通运输,小程序/公众号,224
14239,"2024-04-11",农林牧渔,小程序/公众号,143
14240,"2024-04-12",科教文体,电话,22
14241,"2024-04-12",公卫医疗,电话,14
14242,"2024-04-12",城乡建设,电话,16
14243,"2024-04-12",交通运输,电话,5
14244,"2024-04-12",农林牧渔,电话,7
14245,"2024-04-12",科教文体,来信,66
14246,"2024-04-12",公卫医疗,来信,8
14247,"2024-04-12",城乡建设,来信,43
14248,"2024-04-12",交通运输,来信,76
14249,"2024-04-12",农林牧渔,来信,22
14250,"2024-04-12",科教文体,网站,10
14251,"2024-04-12",公卫医疗,网站,11
14252,"2024-04-12",城乡建设,网站,11
14253,"2024-04-12",交通运输,网站,17
14254,"2024-04-12",农林牧渔,网站,3
14255,"2024-04-12",科教文体,小程序/公众号,26
14256,"2024-04-12",公卫医疗,小程序/公众号,177
14257,"2024-04-12",城乡建设,小程序/公众号,38
14258,"2024-04-12",交通运输,小程序/公众号,127
14259,"2024-04-12",农林牧渔,小程序/公众号,136
14260,"2024-04-13",科教文体,电话,5
14261,"2024-04-13",公卫医疗,电话,59
14262,"2024-04-13",城乡建设,电话,16
14263,"2024-04-13",交通运输,电话,48
14264,"2024-04-13",农林牧渔,电话,36
14265,"2024-04-13",科教文体,来信,24
14266,"2024-04-13",公卫医疗,来信,36
14267,"2024-04-13",城乡建设,来信,34
14268,"2024-04-13",交通运输,来信,30
14269,"2024-04-13",农林牧渔,来信,32
14270,"2024-04-13",科教文体,网站,23
14271,"2024-04-13",公卫医疗,网站,18
14272,"2024-04-13",城乡建设,网站,9
14273,"2024-04-13",交通运输,网站,0
14274,"2024-04-13",农林牧渔,网站,21
14275,"2024-04-13",科教文体,小程序/公众号,124
14276,"2024-04-13",公卫医疗,小程序/公众号,99
14277,"2024-04-13",城乡建设,小程序/公众号,40
14278,"2024-04-13",交通运输,小程序/公众号,156
14279,"2024-04-13",农林牧渔,小程序/公众号,1
14280,"2024-04-14",科教文体,电话,22
14281,"2024-04-14",公卫医疗,电话,15
14282,"2024-04-14",城乡建设,电话,16
14283,"2024-04-14",交通运输,电话,21
14284,"2024-04-14",农林牧渔,电话,0
14285,"2024-04-14",科教文体,来信,29
14286,"2024-04-14",公卫医疗,来信,34
14287,"2024-04-14",城乡建设,来信,13
14288,"2024-04-14",交通运输,来信,23
14289,"2024-04-14",农林牧渔,来信,2
14290,"2024-04-14",科教文体,网站,58
14291,"2024-04-14",公卫医疗,网站,138
14292,"2024-04-14",城乡建设,网站,41
14293,"2024-04-14",交通运输,网站,17
14294,"2024-04-14",农林牧渔,网站,59
14295,"2024-04-14",科教文体,小程序/公众号,41
14296,"2024-04-14",公卫医疗,小程序/公众号,45
14297,"2024-04-14",城乡建设,小程序/公众号,137
14298,"2024-04-14",交通运输,小程序/公众号,2
14299,"2024-04-14",农林牧渔,小程序/公众号,101
14300,"2024-04-15",科教文体,电话,25
14301,"2024-04-15",公卫医疗,电话,41
14302,"2024-04-15",城乡建设,电话,26
14303,"2024-04-15",交通运输,电话,33
14304,"2024-04-15",农林牧渔,电话,17
14305,"2024-04-15",科教文体,来信,22
14306,"2024-04-15",公卫医疗,来信,16
14307,"2024-04-15",城乡建设,来信,16
14308,"2024-04-15",交通运输,来信,38
14309,"2024-04-15",农林牧渔,来信,10
14310,"2024-04-15",科教文体,网站,54
14311,"2024-04-15",公卫医疗,网站,9
14312,"2024-04-15",城乡建设,网站,13
14313,"2024-04-15",交通运输,网站,35
14314,"2024-04-15",农林牧渔,网站,14
14315,"2024-04-15",科教文体,小程序/公众号,46
14316,"2024-04-15",公卫医疗,小程序/公众号,210
14317,"2024-04-15",城乡建设,小程序/公众号,12
14318,"2024-04-15",交通运输,小程序/公众号,134
14319,"2024-04-15",农林牧渔,小程序/公众号,182
14320,"2024-04-16",科教文体,电话,16
14321,"2024-04-16",公卫医疗,电话,22
14322,"2024-04-16",城乡建设,电话,5
14323,"2024-04-16",交通运输,电话,81
14324,"2024-04-16",农林牧渔,电话,51
14325,"2024-04-16",科教文体,来信,20
14326,"2024-04-16",公卫医疗,来信,17
14327,"2024-04-16",城乡建设,来信,13
14328,"2024-04-16",交通运输,来信,71
14329,"2024-04-16",农林牧渔,来信,43
14330,"2024-04-16",科教文体,网站,43
14331,"2024-04-16",公卫医疗,网站,18
14332,"2024-04-16",城乡建设,网站,21
14333,"2024-04-16",交通运输,网站,5
14334,"2024-04-16",农林牧渔,网站,39
14335,"2024-04-16",科教文体,小程序/公众号,128
14336,"2024-04-16",公卫医疗,小程序/公众号,21
14337,"2024-04-16",城乡建设,小程序/公众号,27
14338,"2024-04-16",交通运输,小程序/公众号,58
14339,"2024-04-16",农林牧渔,小程序/公众号,104
14340,"2024-04-17",科教文体,电话,1
14341,"2024-04-17",公卫医疗,电话,3
14342,"2024-04-17",城乡建设,电话,3
14343,"2024-04-17",交通运输,电话,4
14344,"2024-04-17",农林牧渔,电话,1
14345,"2024-04-17",科教文体,来信,10
14346,"2024-04-17",公卫医疗,来信,8
14347,"2024-04-17",城乡建设,来信,3
14348,"2024-04-17",交通运输,来信,1
14349,"2024-04-17",农林牧渔,来信,7
14350,"2024-04-17",科教文体,网站,1
14351,"2024-04-17",公卫医疗,网站,12
14352,"2024-04-17",城乡建设,网站,59
14353,"2024-04-17",交通运输,网站,74
14354,"2024-04-17",农林牧渔,网站,7
14355,"2024-04-17",科教文体,小程序/公众号,35
14356,"2024-04-17",公卫医疗,小程序/公众号,36
14357,"2024-04-17",城乡建设,小程序/公众号,67
14358,"2024-04-17",交通运输,小程序/公众号,55
14359,"2024-04-17",农林牧渔,小程序/公众号,18
14360,"2024-04-18",科教文体,电话,17
14361,"2024-04-18",公卫医疗,电话,21
14362,"2024-04-18",城乡建设,电话,11
14363,"2024-04-18",交通运输,电话,53
14364,"2024-04-18",农林牧渔,电话,35
14365,"2024-04-18",科教文体,来信,5
14366,"2024-04-18",公卫医疗,来信,4
14367,"2024-04-18",城乡建设,来信,4
14368,"2024-04-18",交通运输,来信,9
14369,"2024-04-18",农林牧渔,来信,14
14370,"2024-04-18",科教文体,网站,39
14371,"2024-04-18",公卫医疗,网站,72
14372,"2024-04-18",城乡建设,网站,37
14373,"2024-04-18",交通运输,网站,53
14374,"2024-04-18",农林牧渔,网站,8
14375,"2024-04-18",科教文体,小程序/公众号,27
14376,"2024-04-18",公卫医疗,小程序/公众号,39
14377,"2024-04-18",城乡建设,小程序/公众号,95
14378,"2024-04-18",交通运输,小程序/公众号,9
14379,"2024-04-18",农林牧渔,小程序/公众号,52
14380,"2024-04-19",科教文体,电话,19
14381,"2024-04-19",公卫医疗,电话,7
14382,"2024-04-19",城乡建设,电话,10
14383,"2024-04-19",交通运输,电话,4
14384,"2024-04-19",农林牧渔,电话,13
14385,"2024-04-19",科教文体,来信,26
14386,"2024-04-19",公卫医疗,来信,4
14387,"2024-04-19",城乡建设,来信,16
14388,"2024-04-19",交通运输,来信,9
14389,"2024-04-19",农林牧渔,来信,29
14390,"2024-04-19",科教文体,网站,7
14391,"2024-04-19",公卫医疗,网站,0
14392,"2024-04-19",城乡建设,网站,10
14393,"2024-04-19",交通运输,网站,3
14394,"2024-04-19",农林牧渔,网站,12
14395,"2024-04-19",科教文体,小程序/公众号,102
14396,"2024-04-19",公卫医疗,小程序/公众号,45
14397,"2024-04-19",城乡建设,小程序/公众号,55
14398,"2024-04-19",交通运输,小程序/公众号,37
14399,"2024-04-19",农林牧渔,小程序/公众号,100
14400,"2024-04-20",科教文体,电话,14
14401,"2024-04-20",公卫医疗,电话,21
14402,"2024-04-20",城乡建设,电话,25
14403,"2024-04-20",交通运输,电话,3
14404,"2024-04-20",农林牧渔,电话,26
14405,"2024-04-20",科教文体,来信,52
14406,"2024-04-20",公卫医疗,来信,40
14407,"2024-04-20",城乡建设,来信,25
14408,"2024-04-20",交通运输,来信,36
14409,"2024-04-20",农林牧渔,来信,14
14410,"2024-04-20",科教文体,网站,22
14411,"2024-04-20",公卫医疗,网站,3
14412,"2024-04-20",城乡建设,网站,1
14413,"2024-04-20",交通运输,网站,4
14414,"2024-04-20",农林牧渔,网站,10
14415,"2024-04-20",科教文体,小程序/公众号,38
14416,"2024-04-20",公卫医疗,小程序/公众号,71
14417,"2024-04-20",城乡建设,小程序/公众号,76
14418,"2024-04-20",交通运输,小程序/公众号,30
14419,"2024-04-20",农林牧渔,小程序/公众号,113
14420,"2024-04-21",科教文体,电话,15
14421,"2024-04-21",公卫医疗,电话,13
14422,"2024-04-21",城乡建设,电话,16
14423,"2024-04-21",交通运输,电话,22
14424,"2024-04-21",农林牧渔,电话,19
14425,"2024-04-21",科教文体,来信,2
14426,"2024-04-21",公卫医疗,来信,9
14427,"2024-04-21",城乡建设,来信,16
14428,"2024-04-21",交通运输,来信,12
14429,"2024-04-21",农林牧渔,来信,18
14430,"2024-04-21",科教文体,网站,3
14431,"2024-04-21",公卫医疗,网站,3
14432,"2024-04-21",城乡建设,网站,4
14433,"2024-04-21",交通运输,网站,2
14434,"2024-04-21",农林牧渔,网站,0
14435,"2024-04-21",科教文体,小程序/公众号,120
14436,"2024-04-21",公卫医疗,小程序/公众号,116
14437,"2024-04-21",城乡建设,小程序/公众号,82
14438,"2024-04-21",交通运输,小程序/公众号,44
14439,"2024-04-21",农林牧渔,小程序/公众号,57
14440,"2024-04-22",科教文体,电话,86
14441,"2024-04-22",公卫医疗,电话,25
14442,"2024-04-22",城乡建设,电话,34
14443,"2024-04-22",交通运输,电话,11
14444,"2024-04-22",农林牧渔,电话,76
14445,"2024-04-22",科教文体,来信,4
14446,"2024-04-22",公卫医疗,来信,45
14447,"2024-04-22",城乡建设,来信,41
14448,"2024-04-22",交通运输,来信,58
14449,"2024-04-22",农林牧渔,来信,30
14450,"2024-04-22",科教文体,网站,65
14451,"2024-04-22",公卫医疗,网站,72
14452,"2024-04-22",城乡建设,网站,34
14453,"2024-04-22",交通运输,网站,45
14454,"2024-04-22",农林牧渔,网站,35
14455,"2024-04-22",科教文体,小程序/公众号,83
14456,"2024-04-22",公卫医疗,小程序/公众号,82
14457,"2024-04-22",城乡建设,小程序/公众号,16
14458,"2024-04-22",交通运输,小程序/公众号,93
14459,"2024-04-22",农林牧渔,小程序/公众号,55
14460,"2024-04-23",科教文体,电话,60
14461,"2024-04-23",公卫医疗,电话,13
14462,"2024-04-23",城乡建设,电话,16
14463,"2024-04-23",交通运输,电话,39
14464,"2024-04-23",农林牧渔,电话,44
14465,"2024-04-23",科教文体,来信,19
14466,"2024-04-23",公卫医疗,来信,2
14467,"2024-04-23",城乡建设,来信,12
14468,"2024-04-23",交通运输,来信,20
14469,"2024-04-23",农林牧渔,来信,16
14470,"2024-04-23",科教文体,网站,74
14471,"2024-04-23",公卫医疗,网站,8
14472,"2024-04-23",城乡建设,网站,51
14473,"2024-04-23",交通运输,网站,24
14474,"2024-04-23",农林牧渔,网站,64
14475,"2024-04-23",科教文体,小程序/公众号,19
14476,"2024-04-23",公卫医疗,小程序/公众号,83
14477,"2024-04-23",城乡建设,小程序/公众号,62
14478,"2024-04-23",交通运输,小程序/公众号,85
14479,"2024-04-23",农林牧渔,小程序/公众号,70
14480,"2024-04-24",科教文体,电话,4
14481,"2024-04-24",公卫医疗,电话,5
14482,"2024-04-24",城乡建设,电话,14
14483,"2024-04-24",交通运输,电话,9
14484,"2024-04-24",农林牧渔,电话,15
14485,"2024-04-24",科教文体,来信,3
14486,"2024-04-24",公卫医疗,来信,5
14487,"2024-04-24",城乡建设,来信,8
14488,"2024-04-24",交通运输,来信,1
14489,"2024-04-24",农林牧渔,来信,19
14490,"2024-04-24",科教文体,网站,8
14491,"2024-04-24",公卫医疗,网站,0
14492,"2024-04-24",城乡建设,网站,3
14493,"2024-04-24",交通运输,网站,3
14494,"2024-04-24",农林牧渔,网站,1
14495,"2024-04-24",科教文体,小程序/公众号,38
14496,"2024-04-24",公卫医疗,小程序/公众号,27
14497,"2024-04-24",城乡建设,小程序/公众号,68
14498,"2024-04-24",交通运输,小程序/公众号,49
14499,"2024-04-24",农林牧渔,小程序/公众号,23
14500,"2024-04-25",科教文体,电话,19
14501,"2024-04-25",公卫医疗,电话,14
14502,"2024-04-25",城乡建设,电话,16
14503,"2024-04-25",交通运输,电话,2
14504,"2024-04-25",农林牧渔,电话,18
14505,"2024-04-25",科教文体,来信,3
14506,"2024-04-25",公卫医疗,来信,9
14507,"2024-04-25",城乡建设,来信,10
14508,"2024-04-25",交通运输,来信,12
14509,"2024-04-25",农林牧渔,来信,4
14510,"2024-04-25",科教文体,网站,9
14511,"2024-04-25",公卫医疗,网站,26
14512,"2024-04-25",城乡建设,网站,24
14513,"2024-04-25",交通运输,网站,19
14514,"2024-04-25",农林牧渔,网站,22
14515,"2024-04-25",科教文体,小程序/公众号,37
14516,"2024-04-25",公卫医疗,小程序/公众号,11
14517,"2024-04-25",城乡建设,小程序/公众号,24
14518,"2024-04-25",交通运输,小程序/公众号,47
14519,"2024-04-25",农林牧渔,小程序/公众号,7
14520,"2024-04-26",科教文体,电话,1
14521,"2024-04-26",公卫医疗,电话,26
14522,"2024-04-26",城乡建设,电话,11
14523,"2024-04-26",交通运输,电话,9
14524,"2024-04-26",农林牧渔,电话,21
14525,"2024-04-26",科教文体,来信,11
14526,"2024-04-26",公卫医疗,来信,32
14527,"2024-04-26",城乡建设,来信,64
14528,"2024-04-26",交通运输,来信,27
14529,"2024-04-26",农林牧渔,来信,10
14530,"2024-04-26",科教文体,网站,3
14531,"2024-04-26",公卫医疗,网站,3
14532,"2024-04-26",城乡建设,网站,3
14533,"2024-04-26",交通运输,网站,1
14534,"2024-04-26",农林牧渔,网站,2
14535,"2024-04-26",科教文体,小程序/公众号,54
14536,"2024-04-26",公卫医疗,小程序/公众号,74
14537,"2024-04-26",城乡建设,小程序/公众号,106
14538,"2024-04-26",交通运输,小程序/公众号,71
14539,"2024-04-26",农林牧渔,小程序/公众号,120
14540,"2024-04-27",科教文体,电话,0
14541,"2024-04-27",公卫医疗,电话,11
14542,"2024-04-27",城乡建设,电话,16
14543,"2024-04-27",交通运输,电话,17
14544,"2024-04-27",农林牧渔,电话,19
14545,"2024-04-27",科教文体,来信,4
14546,"2024-04-27",公卫医疗,来信,12
14547,"2024-04-27",城乡建设,来信,66
14548,"2024-04-27",交通运输,来信,51
14549,"2024-04-27",农林牧渔,来信,34
14550,"2024-04-27",科教文体,网站,1
14551,"2024-04-27",公卫医疗,网站,18
14552,"2024-04-27",城乡建设,网站,28
14553,"2024-04-27",交通运输,网站,60
14554,"2024-04-27",农林牧渔,网站,46
14555,"2024-04-27",科教文体,小程序/公众号,139
14556,"2024-04-27",公卫医疗,小程序/公众号,95
14557,"2024-04-27",城乡建设,小程序/公众号,49
14558,"2024-04-27",交通运输,小程序/公众号,166
14559,"2024-04-27",农林牧渔,小程序/公众号,67
14560,"2024-04-28",科教文体,电话,23
14561,"2024-04-28",公卫医疗,电话,23
14562,"2024-04-28",城乡建设,电话,8
14563,"2024-04-28",交通运输,电话,20
14564,"2024-04-28",农林牧渔,电话,16
14565,"2024-04-28",科教文体,来信,24
14566,"2024-04-28",公卫医疗,来信,56
14567,"2024-04-28",城乡建设,来信,11
14568,"2024-04-28",交通运输,来信,33
14569,"2024-04-28",农林牧渔,来信,29
14570,"2024-04-28",科教文体,网站,35
14571,"2024-04-28",公卫医疗,网站,48
14572,"2024-04-28",城乡建设,网站,34
14573,"2024-04-28",交通运输,网站,13
14574,"2024-04-28",农林牧渔,网站,16
14575,"2024-04-28",科教文体,小程序/公众号,198
14576,"2024-04-28",公卫医疗,小程序/公众号,182
14577,"2024-04-28",城乡建设,小程序/公众号,101
14578,"2024-04-28",交通运输,小程序/公众号,49
14579,"2024-04-28",农林牧渔,小程序/公众号,15
14580,"2024-04-29",科教文体,电话,4
14581,"2024-04-29",公卫医疗,电话,7
14582,"2024-04-29",城乡建设,电话,9
14583,"2024-04-29",交通运输,电话,10
14584,"2024-04-29",农林牧渔,电话,11
14585,"2024-04-29",科教文体,来信,19
14586,"2024-04-29",公卫医疗,来信,3
14587,"2024-04-29",城乡建设,来信,23
14588,"2024-04-29",交通运输,来信,15
14589,"2024-04-29",农林牧渔,来信,17
14590,"2024-04-29",科教文体,网站,15
14591,"2024-04-29",公卫医疗,网站,11
14592,"2024-04-29",城乡建设,网站,8
14593,"2024-04-29",交通运输,网站,10
14594,"2024-04-29",农林牧渔,网站,4
14595,"2024-04-29",科教文体,小程序/公众号,36
14596,"2024-04-29",公卫医疗,小程序/公众号,50
14597,"2024-04-29",城乡建设,小程序/公众号,92
14598,"2024-04-29",交通运输,小程序/公众号,73
14599,"2024-04-29",农林牧渔,小程序/公众号,24
14600,"2024-04-30",科教文体,电话,10
14601,"2024-04-30",公卫医疗,电话,19
14602,"2024-04-30",城乡建设,电话,8
14603,"2024-04-30",交通运输,电话,0
14604,"2024-04-30",农林牧渔,电话,13
14605,"2024-04-30",科教文体,来信,42
14606,"2024-04-30",公卫医疗,来信,62
14607,"2024-04-30",城乡建设,来信,2
14608,"2024-04-30",交通运输,来信,25
14609,"2024-04-30",农林牧渔,来信,139
14610,"2024-04-30",科教文体,网站,2
14611,"2024-04-30",公卫医疗,网站,3
14612,"2024-04-30",城乡建设,网站,19
14613,"2024-04-30",交通运输,网站,19
14614,"2024-04-30",农林牧渔,网站,12
14615,"2024-04-30",科教文体,小程序/公众号,167
14616,"2024-04-30",公卫医疗,小程序/公众号,151
14617,"2024-04-30",城乡建设,小程序/公众号,92
14618,"2024-04-30",交通运输,小程序/公众号,140
14619,"2024-04-30",农林牧渔,小程序/公众号,35
14620,"2024-05-01",科教文体,电话,19
14621,"2024-05-01",公卫医疗,电话,4
14622,"2024-05-01",城乡建设,电话,31
14623,"2024-05-01",交通运输,电话,1
14624,"2024-05-01",农林牧渔,电话,13
14625,"2024-05-01",科教文体,来信,26
14626,"2024-05-01",公卫医疗,来信,11
14627,"2024-05-01",城乡建设,来信,24
14628,"2024-05-01",交通运输,来信,15
14629,"2024-05-01",农林牧渔,来信,3
14630,"2024-05-01",科教文体,网站,8
14631,"2024-05-01",公卫医疗,网站,4
14632,"2024-05-01",城乡建设,网站,9
14633,"2024-05-01",交通运输,网站,2
14634,"2024-05-01",农林牧渔,网站,1
14635,"2024-05-01",科教文体,小程序/公众号,31
14636,"2024-05-01",公卫医疗,小程序/公众号,176
14637,"2024-05-01",城乡建设,小程序/公众号,165
14638,"2024-05-01",交通运输,小程序/公众号,20
14639,"2024-05-01",农林牧渔,小程序/公众号,5
14640,"2024-05-02",科教文体,电话,23
14641,"2024-05-02",公卫医疗,电话,24
14642,"2024-05-02",城乡建设,电话,20
14643,"2024-05-02",交通运输,电话,26
14644,"2024-05-02",农林牧渔,电话,10
14645,"2024-05-02",科教文体,来信,9
14646,"2024-05-02",公卫医疗,来信,9
14647,"2024-05-02",城乡建设,来信,2
14648,"2024-05-02",交通运输,来信,33
14649,"2024-05-02",农林牧渔,来信,31
14650,"2024-05-02",科教文体,网站,24
14651,"2024-05-02",公卫医疗,网站,22
14652,"2024-05-02",城乡建设,网站,8
14653,"2024-05-02",交通运输,网站,7
14654,"2024-05-02",农林牧渔,网站,56
14655,"2024-05-02",科教文体,小程序/公众号,35
14656,"2024-05-02",公卫医疗,小程序/公众号,26
14657,"2024-05-02",城乡建设,小程序/公众号,14
14658,"2024-05-02",交通运输,小程序/公众号,17
14659,"2024-05-02",农林牧渔,小程序/公众号,33
14660,"2024-05-03",科教文体,电话,37
14661,"2024-05-03",公卫医疗,电话,2
14662,"2024-05-03",城乡建设,电话,12
14663,"2024-05-03",交通运输,电话,16
14664,"2024-05-03",农林牧渔,电话,23
14665,"2024-05-03",科教文体,来信,45
14666,"2024-05-03",公卫医疗,来信,40
14667,"2024-05-03",城乡建设,来信,2
14668,"2024-05-03",交通运输,来信,17
14669,"2024-05-03",农林牧渔,来信,48
14670,"2024-05-03",科教文体,网站,13
14671,"2024-05-03",公卫医疗,网站,20
14672,"2024-05-03",城乡建设,网站,47
14673,"2024-05-03",交通运输,网站,28
14674,"2024-05-03",农林牧渔,网站,18
14675,"2024-05-03",科教文体,小程序/公众号,63
14676,"2024-05-03",公卫医疗,小程序/公众号,60
14677,"2024-05-03",城乡建设,小程序/公众号,19
14678,"2024-05-03",交通运输,小程序/公众号,43
14679,"2024-05-03",农林牧渔,小程序/公众号,8
14680,"2024-05-04",科教文体,电话,4
14681,"2024-05-04",公卫医疗,电话,28
14682,"2024-05-04",城乡建设,电话,19
14683,"2024-05-04",交通运输,电话,5
14684,"2024-05-04",农林牧渔,电话,10
14685,"2024-05-04",科教文体,来信,17
14686,"2024-05-04",公卫医疗,来信,13
14687,"2024-05-04",城乡建设,来信,24
14688,"2024-05-04",交通运输,来信,2
14689,"2024-05-04",农林牧渔,来信,1
14690,"2024-05-04",科教文体,网站,8
14691,"2024-05-04",公卫医疗,网站,45
14692,"2024-05-04",城乡建设,网站,29
14693,"2024-05-04",交通运输,网站,18
14694,"2024-05-04",农林牧渔,网站,40
14695,"2024-05-04",科教文体,小程序/公众号,70
14696,"2024-05-04",公卫医疗,小程序/公众号,70
14697,"2024-05-04",城乡建设,小程序/公众号,38
14698,"2024-05-04",交通运输,小程序/公众号,17
14699,"2024-05-04",农林牧渔,小程序/公众号,99
14700,"2024-05-05",科教文体,电话,2
14701,"2024-05-05",公卫医疗,电话,57
14702,"2024-05-05",城乡建设,电话,59
14703,"2024-05-05",交通运输,电话,16
14704,"2024-05-05",农林牧渔,电话,66
14705,"2024-05-05",科教文体,来信,8
14706,"2024-05-05",公卫医疗,来信,29
14707,"2024-05-05",城乡建设,来信,56
14708,"2024-05-05",交通运输,来信,28
14709,"2024-05-05",农林牧渔,来信,83
14710,"2024-05-05",科教文体,网站,43
14711,"2024-05-05",公卫医疗,网站,24
14712,"2024-05-05",城乡建设,网站,4
14713,"2024-05-05",交通运输,网站,41
14714,"2024-05-05",农林牧渔,网站,63
14715,"2024-05-05",科教文体,小程序/公众号,150
14716,"2024-05-05",公卫医疗,小程序/公众号,66
14717,"2024-05-05",城乡建设,小程序/公众号,40
14718,"2024-05-05",交通运输,小程序/公众号,58
14719,"2024-05-05",农林牧渔,小程序/公众号,49
14720,"2024-05-06",科教文体,电话,21
14721,"2024-05-06",公卫医疗,电话,26
14722,"2024-05-06",城乡建设,电话,5
14723,"2024-05-06",交通运输,电话,13
14724,"2024-05-06",农林牧渔,电话,13
14725,"2024-05-06",科教文体,来信,39
14726,"2024-05-06",公卫医疗,来信,35
14727,"2024-05-06",城乡建设,来信,44
14728,"2024-05-06",交通运输,来信,34
14729,"2024-05-06",农林牧渔,来信,29
14730,"2024-05-06",科教文体,网站,13
14731,"2024-05-06",公卫医疗,网站,6
14732,"2024-05-06",城乡建设,网站,5
14733,"2024-05-06",交通运输,网站,3
14734,"2024-05-06",农林牧渔,网站,4
14735,"2024-05-06",科教文体,小程序/公众号,61
14736,"2024-05-06",公卫医疗,小程序/公众号,141
14737,"2024-05-06",城乡建设,小程序/公众号,66
14738,"2024-05-06",交通运输,小程序/公众号,98
14739,"2024-05-06",农林牧渔,小程序/公众号,73
14740,"2024-05-07",科教文体,电话,23
14741,"2024-05-07",公卫医疗,电话,3
14742,"2024-05-07",城乡建设,电话,25
14743,"2024-05-07",交通运输,电话,39
14744,"2024-05-07",农林牧渔,电话,12
14745,"2024-05-07",科教文体,来信,19
14746,"2024-05-07",公卫医疗,来信,1
14747,"2024-05-07",城乡建设,来信,2
14748,"2024-05-07",交通运输,来信,19
14749,"2024-05-07",农林牧渔,来信,15
14750,"2024-05-07",科教文体,网站,17
14751,"2024-05-07",公卫医疗,网站,6
14752,"2024-05-07",城乡建设,网站,9
14753,"2024-05-07",交通运输,网站,10
14754,"2024-05-07",农林牧渔,网站,20
14755,"2024-05-07",科教文体,小程序/公众号,24
14756,"2024-05-07",公卫医疗,小程序/公众号,104
14757,"2024-05-07",城乡建设,小程序/公众号,90
14758,"2024-05-07",交通运输,小程序/公众号,11
14759,"2024-05-07",农林牧渔,小程序/公众号,93
14760,"2024-05-08",科教文体,电话,5
14761,"2024-05-08",公卫医疗,电话,5
14762,"2024-05-08",城乡建设,电话,0
14763,"2024-05-08",交通运输,电话,3
14764,"2024-05-08",农林牧渔,电话,7
14765,"2024-05-08",科教文体,来信,15
14766,"2024-05-08",公卫医疗,来信,6
14767,"2024-05-08",城乡建设,来信,59
14768,"2024-05-08",交通运输,来信,10
14769,"2024-05-08",农林牧渔,来信,47
14770,"2024-05-08",科教文体,网站,49
14771,"2024-05-08",公卫医疗,网站,45
14772,"2024-05-08",城乡建设,网站,16
14773,"2024-05-08",交通运输,网站,14
14774,"2024-05-08",农林牧渔,网站,71
14775,"2024-05-08",科教文体,小程序/公众号,35
14776,"2024-05-08",公卫医疗,小程序/公众号,67
14777,"2024-05-08",城乡建设,小程序/公众号,29
14778,"2024-05-08",交通运输,小程序/公众号,66
14779,"2024-05-08",农林牧渔,小程序/公众号,2
14780,"2024-05-09",科教文体,电话,2
14781,"2024-05-09",公卫医疗,电话,3
14782,"2024-05-09",城乡建设,电话,1
14783,"2024-05-09",交通运输,电话,4
14784,"2024-05-09",农林牧渔,电话,3
14785,"2024-05-09",科教文体,来信,13
14786,"2024-05-09",公卫医疗,来信,2
14787,"2024-05-09",城乡建设,来信,7
14788,"2024-05-09",交通运输,来信,4
14789,"2024-05-09",农林牧渔,来信,13
14790,"2024-05-09",科教文体,网站,34
14791,"2024-05-09",公卫医疗,网站,31
14792,"2024-05-09",城乡建设,网站,15
14793,"2024-05-09",交通运输,网站,30
14794,"2024-05-09",农林牧渔,网站,23
14795,"2024-05-09",科教文体,小程序/公众号,3
14796,"2024-05-09",公卫医疗,小程序/公众号,23
14797,"2024-05-09",城乡建设,小程序/公众号,61
14798,"2024-05-09",交通运输,小程序/公众号,45
14799,"2024-05-09",农林牧渔,小程序/公众号,68
14800,"2024-05-10",科教文体,电话,2
14801,"2024-05-10",公卫医疗,电话,22
14802,"2024-05-10",城乡建设,电话,29
14803,"2024-05-10",交通运输,电话,24
14804,"2024-05-10",农林牧渔,电话,52
14805,"2024-05-10",科教文体,来信,43
14806,"2024-05-10",公卫医疗,来信,2
14807,"2024-05-10",城乡建设,来信,6
14808,"2024-05-10",交通运输,来信,14
14809,"2024-05-10",农林牧渔,来信,1
14810,"2024-05-10",科教文体,网站,49
14811,"2024-05-10",公卫医疗,网站,4
14812,"2024-05-10",城乡建设,网站,219
14813,"2024-05-10",交通运输,网站,109
14814,"2024-05-10",农林牧渔,网站,3
14815,"2024-05-10",科教文体,小程序/公众号,1
14816,"2024-05-10",公卫医疗,小程序/公众号,86
14817,"2024-05-10",城乡建设,小程序/公众号,165
14818,"2024-05-10",交通运输,小程序/公众号,79
14819,"2024-05-10",农林牧渔,小程序/公众号,61
14820,"2024-05-11",科教文体,电话,4
14821,"2024-05-11",公卫医疗,电话,10
14822,"2024-05-11",城乡建设,电话,8
14823,"2024-05-11",交通运输,电话,8
14824,"2024-05-11",农林牧渔,电话,9
14825,"2024-05-11",科教文体,来信,10
14826,"2024-05-11",公卫医疗,来信,20
14827,"2024-05-11",城乡建设,来信,10
14828,"2024-05-11",交通运输,来信,47
14829,"2024-05-11",农林牧渔,来信,15
14830,"2024-05-11",科教文体,网站,7
14831,"2024-05-11",公卫医疗,网站,13
14832,"2024-05-11",城乡建设,网站,5
14833,"2024-05-11",交通运输,网站,5
14834,"2024-05-11",农林牧渔,网站,17
14835,"2024-05-11",科教文体,小程序/公众号,41
14836,"2024-05-11",公卫医疗,小程序/公众号,51
14837,"2024-05-11",城乡建设,小程序/公众号,84
14838,"2024-05-11",交通运输,小程序/公众号,15
14839,"2024-05-11",农林牧渔,小程序/公众号,109
14840,"2024-05-12",科教文体,电话,19
14841,"2024-05-12",公卫医疗,电话,8
14842,"2024-05-12",城乡建设,电话,20
14843,"2024-05-12",交通运输,电话,24
14844,"2024-05-12",农林牧渔,电话,11
14845,"2024-05-12",科教文体,来信,20
14846,"2024-05-12",公卫医疗,来信,38
14847,"2024-05-12",城乡建设,来信,8
14848,"2024-05-12",交通运输,来信,18
14849,"2024-05-12",农林牧渔,来信,44
14850,"2024-05-12",科教文体,网站,9
14851,"2024-05-12",公卫医疗,网站,9
14852,"2024-05-12",城乡建设,网站,12
14853,"2024-05-12",交通运输,网站,17
14854,"2024-05-12",农林牧渔,网站,17
14855,"2024-05-12",科教文体,小程序/公众号,79
14856,"2024-05-12",公卫医疗,小程序/公众号,2
14857,"2024-05-12",城乡建设,小程序/公众号,54
14858,"2024-05-12",交通运输,小程序/公众号,81
14859,"2024-05-12",农林牧渔,小程序/公众号,92
14860,"2024-05-13",科教文体,电话,48
14861,"2024-05-13",公卫医疗,电话,10
14862,"2024-05-13",城乡建设,电话,14
14863,"2024-05-13",交通运输,电话,50
14864,"2024-05-13",农林牧渔,电话,26
14865,"2024-05-13",科教文体,来信,0
14866,"2024-05-13",公卫医疗,来信,1
14867,"2024-05-13",城乡建设,来信,6
14868,"2024-05-13",交通运输,来信,4
14869,"2024-05-13",农林牧渔,来信,3
14870,"2024-05-13",科教文体,网站,21
14871,"2024-05-13",公卫医疗,网站,30
14872,"2024-05-13",城乡建设,网站,3
14873,"2024-05-13",交通运输,网站,25
14874,"2024-05-13",农林牧渔,网站,33
14875,"2024-05-13",科教文体,小程序/公众号,141
14876,"2024-05-13",公卫医疗,小程序/公众号,142
14877,"2024-05-13",城乡建设,小程序/公众号,19
14878,"2024-05-13",交通运输,小程序/公众号,152
14879,"2024-05-13",农林牧渔,小程序/公众号,67
14880,"2024-05-14",科教文体,电话,65
14881,"2024-05-14",公卫医疗,电话,2
14882,"2024-05-14",城乡建设,电话,76
14883,"2024-05-14",交通运输,电话,17
14884,"2024-05-14",农林牧渔,电话,17
14885,"2024-05-14",科教文体,来信,21
14886,"2024-05-14",公卫医疗,来信,7
14887,"2024-05-14",城乡建设,来信,67
14888,"2024-05-14",交通运输,来信,54
14889,"2024-05-14",农林牧渔,来信,3
14890,"2024-05-14",科教文体,网站,71
14891,"2024-05-14",公卫医疗,网站,85
14892,"2024-05-14",城乡建设,网站,61
14893,"2024-05-14",交通运输,网站,52
14894,"2024-05-14",农林牧渔,网站,53
14895,"2024-05-14",科教文体,小程序/公众号,95
14896,"2024-05-14",公卫医疗,小程序/公众号,57
14897,"2024-05-14",城乡建设,小程序/公众号,9
14898,"2024-05-14",交通运输,小程序/公众号,87
14899,"2024-05-14",农林牧渔,小程序/公众号,78
14900,"2024-05-15",科教文体,电话,24
14901,"2024-05-15",公卫医疗,电话,37
14902,"2024-05-15",城乡建设,电话,45
14903,"2024-05-15",交通运输,电话,48
14904,"2024-05-15",农林牧渔,电话,1
14905,"2024-05-15",科教文体,来信,22
14906,"2024-05-15",公卫医疗,来信,21
14907,"2024-05-15",城乡建设,来信,7
14908,"2024-05-15",交通运输,来信,31
14909,"2024-05-15",农林牧渔,来信,10
14910,"2024-05-15",科教文体,网站,13
14911,"2024-05-15",公卫医疗,网站,16
14912,"2024-05-15",城乡建设,网站,8
14913,"2024-05-15",交通运输,网站,11
14914,"2024-05-15",农林牧渔,网站,3
14915,"2024-05-15",科教文体,小程序/公众号,111
14916,"2024-05-15",公卫医疗,小程序/公众号,95
14917,"2024-05-15",城乡建设,小程序/公众号,81
14918,"2024-05-15",交通运输,小程序/公众号,95
14919,"2024-05-15",农林牧渔,小程序/公众号,118
14920,"2024-05-16",科教文体,电话,20
14921,"2024-05-16",公卫医疗,电话,10
14922,"2024-05-16",城乡建设,电话,17
14923,"2024-05-16",交通运输,电话,38
14924,"2024-05-16",农林牧渔,电话,80
14925,"2024-05-16",科教文体,来信,5
14926,"2024-05-16",公卫医疗,来信,30
14927,"2024-05-16",城乡建设,来信,39
14928,"2024-05-16",交通运输,来信,43
14929,"2024-05-16",农林牧渔,来信,35
14930,"2024-05-16",科教文体,网站,106
14931,"2024-05-16",公卫医疗,网站,31
14932,"2024-05-16",城乡建设,网站,4
14933,"2024-05-16",交通运输,网站,69
14934,"2024-05-16",农林牧渔,网站,52
14935,"2024-05-16",科教文体,小程序/公众号,105
14936,"2024-05-16",公卫医疗,小程序/公众号,95
14937,"2024-05-16",城乡建设,小程序/公众号,65
14938,"2024-05-16",交通运输,小程序/公众号,14
14939,"2024-05-16",农林牧渔,小程序/公众号,102
14940,"2024-05-17",科教文体,电话,23
14941,"2024-05-17",公卫医疗,电话,1
14942,"2024-05-17",城乡建设,电话,9
14943,"2024-05-17",交通运输,电话,13
14944,"2024-05-17",农林牧渔,电话,20
14945,"2024-05-17",科教文体,来信,0
14946,"2024-05-17",公卫医疗,来信,3
14947,"2024-05-17",城乡建设,来信,18
14948,"2024-05-17",交通运输,来信,15
14949,"2024-05-17",农林牧渔,来信,18
14950,"2024-05-17",科教文体,网站,11
14951,"2024-05-17",公卫医疗,网站,0
14952,"2024-05-17",城乡建设,网站,5
14953,"2024-05-17",交通运输,网站,9
14954,"2024-05-17",农林牧渔,网站,8
14955,"2024-05-17",科教文体,小程序/公众号,14
14956,"2024-05-17",公卫医疗,小程序/公众号,37
14957,"2024-05-17",城乡建设,小程序/公众号,60
14958,"2024-05-17",交通运输,小程序/公众号,34
14959,"2024-05-17",农林牧渔,小程序/公众号,61
14960,"2024-05-18",科教文体,电话,37
14961,"2024-05-18",公卫医疗,电话,33
14962,"2024-05-18",城乡建设,电话,59
14963,"2024-05-18",交通运输,电话,17
14964,"2024-05-18",农林牧渔,电话,14
14965,"2024-05-18",科教文体,来信,51
14966,"2024-05-18",公卫医疗,来信,33
14967,"2024-05-18",城乡建设,来信,15
14968,"2024-05-18",交通运输,来信,66
14969,"2024-05-18",农林牧渔,来信,59
14970,"2024-05-18",科教文体,网站,19
14971,"2024-05-18",公卫医疗,网站,33
14972,"2024-05-18",城乡建设,网站,27
14973,"2024-05-18",交通运输,网站,32
14974,"2024-05-18",农林牧渔,网站,30
14975,"2024-05-18",科教文体,小程序/公众号,66
14976,"2024-05-18",公卫医疗,小程序/公众号,55
14977,"2024-05-18",城乡建设,小程序/公众号,69
14978,"2024-05-18",交通运输,小程序/公众号,68
14979,"2024-05-18",农林牧渔,小程序/公众号,66
14980,"2024-05-19",科教文体,电话,2
14981,"2024-05-19",公卫医疗,电话,9
14982,"2024-05-19",城乡建设,电话,6
14983,"2024-05-19",交通运输,电话,5
14984,"2024-05-19",农林牧渔,电话,10
14985,"2024-05-19",科教文体,来信,3
14986,"2024-05-19",公卫医疗,来信,1
14987,"2024-05-19",城乡建设,来信,5
14988,"2024-05-19",交通运输,来信,3
14989,"2024-05-19",农林牧渔,来信,1
14990,"2024-05-19",科教文体,网站,24
14991,"2024-05-19",公卫医疗,网站,42
14992,"2024-05-19",城乡建设,网站,26
14993,"2024-05-19",交通运输,网站,29
14994,"2024-05-19",农林牧渔,网站,5
14995,"2024-05-19",科教文体,小程序/公众号,32
14996,"2024-05-19",公卫医疗,小程序/公众号,32
14997,"2024-05-19",城乡建设,小程序/公众号,27
14998,"2024-05-19",交通运输,小程序/公众号,34
14999,"2024-05-19",农林牧渔,小程序/公众号,28
15000,"2024-05-20",科教文体,电话,11
15001,"2024-05-20",公卫医疗,电话,5
15002,"2024-05-20",城乡建设,电话,3
15003,"2024-05-20",交通运输,电话,2
15004,"2024-05-20",农林牧渔,电话,12
15005,"2024-05-20",科教文体,来信,77
15006,"2024-05-20",公卫医疗,来信,52
15007,"2024-05-20",城乡建设,来信,41
15008,"2024-05-20",交通运输,来信,2
15009,"2024-05-20",农林牧渔,来信,51
15010,"2024-05-20",科教文体,网站,1
15011,"2024-05-20",公卫医疗,网站,26
15012,"2024-05-20",城乡建设,网站,27
15013,"2024-05-20",交通运输,网站,7
15014,"2024-05-20",农林牧渔,网站,15
15015,"2024-05-20",科教文体,小程序/公众号,110
15016,"2024-05-20",公卫医疗,小程序/公众号,32
15017,"2024-05-20",城乡建设,小程序/公众号,54
15018,"2024-05-20",交通运输,小程序/公众号,226
15019,"2024-05-20",农林牧渔,小程序/公众号,150
15020,"2024-05-21",科教文体,电话,17
15021,"2024-05-21",公卫医疗,电话,27
15022,"2024-05-21",城乡建设,电话,28
15023,"2024-05-21",交通运输,电话,4
15024,"2024-05-21",农林牧渔,电话,20
15025,"2024-05-21",科教文体,来信,17
15026,"2024-05-21",公卫医疗,来信,61
15027,"2024-05-21",城乡建设,来信,12
15028,"2024-05-21",交通运输,来信,39
15029,"2024-05-21",农林牧渔,来信,32
15030,"2024-05-21",科教文体,网站,68
15031,"2024-05-21",公卫医疗,网站,4
15032,"2024-05-21",城乡建设,网站,30
15033,"2024-05-21",交通运输,网站,38
15034,"2024-05-21",农林牧渔,网站,13
15035,"2024-05-21",科教文体,小程序/公众号,52
15036,"2024-05-21",公卫医疗,小程序/公众号,54
15037,"2024-05-21",城乡建设,小程序/公众号,21
15038,"2024-05-21",交通运输,小程序/公众号,63
15039,"2024-05-21",农林牧渔,小程序/公众号,62
15040,"2024-05-22",科教文体,电话,48
15041,"2024-05-22",公卫医疗,电话,16
15042,"2024-05-22",城乡建设,电话,65
15043,"2024-05-22",交通运输,电话,40
15044,"2024-05-22",农林牧渔,电话,15
15045,"2024-05-22",科教文体,来信,0
15046,"2024-05-22",公卫医疗,来信,30
15047,"2024-05-22",城乡建设,来信,53
15048,"2024-05-22",交通运输,来信,30
15049,"2024-05-22",农林牧渔,来信,14
15050,"2024-05-22",科教文体,网站,0
15051,"2024-05-22",公卫医疗,网站,21
15052,"2024-05-22",城乡建设,网站,16
15053,"2024-05-22",交通运输,网站,2
15054,"2024-05-22",农林牧渔,网站,16
15055,"2024-05-22",科教文体,小程序/公众号,150
15056,"2024-05-22",公卫医疗,小程序/公众号,75
15057,"2024-05-22",城乡建设,小程序/公众号,51
15058,"2024-05-22",交通运输,小程序/公众号,129
15059,"2024-05-22",农林牧渔,小程序/公众号,34
15060,"2024-05-23",科教文体,电话,25
15061,"2024-05-23",公卫医疗,电话,2
15062,"2024-05-23",城乡建设,电话,26
15063,"2024-05-23",交通运输,电话,15
15064,"2024-05-23",农林牧渔,电话,57
15065,"2024-05-23",科教文体,来信,54
15066,"2024-05-23",公卫医疗,来信,48
15067,"2024-05-23",城乡建设,来信,19
15068,"2024-05-23",交通运输,来信,15
15069,"2024-05-23",农林牧渔,来信,76
15070,"2024-05-23",科教文体,网站,13
15071,"2024-05-23",公卫医疗,网站,4
15072,"2024-05-23",城乡建设,网站,10
15073,"2024-05-23",交通运输,网站,16
15074,"2024-05-23",农林牧渔,网站,6
15075,"2024-05-23",科教文体,小程序/公众号,191
15076,"2024-05-23",公卫医疗,小程序/公众号,38
15077,"2024-05-23",城乡建设,小程序/公众号,75
15078,"2024-05-23",交通运输,小程序/公众号,171
15079,"2024-05-23",农林牧渔,小程序/公众号,135
15080,"2024-05-24",科教文体,电话,25
15081,"2024-05-24",公卫医疗,电话,5
15082,"2024-05-24",城乡建设,电话,31
15083,"2024-05-24",交通运输,电话,7
15084,"2024-05-24",农林牧渔,电话,3
15085,"2024-05-24",科教文体,来信,7
15086,"2024-05-24",公卫医疗,来信,8
15087,"2024-05-24",城乡建设,来信,9
15088,"2024-05-24",交通运输,来信,9
15089,"2024-05-24",农林牧渔,来信,10
15090,"2024-05-24",科教文体,网站,45
15091,"2024-05-24",公卫医疗,网站,15
15092,"2024-05-24",城乡建设,网站,42
15093,"2024-05-24",交通运输,网站,28
15094,"2024-05-24",农林牧渔,网站,9
15095,"2024-05-24",科教文体,小程序/公众号,90
15096,"2024-05-24",公卫医疗,小程序/公众号,43
15097,"2024-05-24",城乡建设,小程序/公众号,59
15098,"2024-05-24",交通运输,小程序/公众号,85
15099,"2024-05-24",农林牧渔,小程序/公众号,45
15100,"2024-05-25",科教文体,电话,11
15101,"2024-05-25",公卫医疗,电话,23
15102,"2024-05-25",城乡建设,电话,15
15103,"2024-05-25",交通运输,电话,26
15104,"2024-05-25",农林牧渔,电话,12
15105,"2024-05-25",科教文体,来信,3
15106,"2024-05-25",公卫医疗,来信,1
15107,"2024-05-25",城乡建设,来信,3
15108,"2024-05-25",交通运输,来信,1
15109,"2024-05-25",农林牧渔,来信,3
15110,"2024-05-25",科教文体,网站,63
15111,"2024-05-25",公卫医疗,网站,48
15112,"2024-05-25",城乡建设,网站,39
15113,"2024-05-25",交通运输,网站,8
15114,"2024-05-25",农林牧渔,网站,8
15115,"2024-05-25",科教文体,小程序/公众号,107
15116,"2024-05-25",公卫医疗,小程序/公众号,44
15117,"2024-05-25",城乡建设,小程序/公众号,28
15118,"2024-05-25",交通运输,小程序/公众号,62
15119,"2024-05-25",农林牧渔,小程序/公众号,48
15120,"2024-05-26",科教文体,电话,24
15121,"2024-05-26",公卫医疗,电话,22
15122,"2024-05-26",城乡建设,电话,3
15123,"2024-05-26",交通运输,电话,33
15124,"2024-05-26",农林牧渔,电话,25
15125,"2024-05-26",科教文体,来信,11
15126,"2024-05-26",公卫医疗,来信,14
15127,"2024-05-26",城乡建设,来信,5
15128,"2024-05-26",交通运输,来信,21
15129,"2024-05-26",农林牧渔,来信,34
15130,"2024-05-26",科教文体,网站,12
15131,"2024-05-26",公卫医疗,网站,42
15132,"2024-05-26",城乡建设,网站,11
15133,"2024-05-26",交通运输,网站,11
15134,"2024-05-26",农林牧渔,网站,49
15135,"2024-05-26",科教文体,小程序/公众号,28
15136,"2024-05-26",公卫医疗,小程序/公众号,87
15137,"2024-05-26",城乡建设,小程序/公众号,23
15138,"2024-05-26",交通运输,小程序/公众号,48
15139,"2024-05-26",农林牧渔,小程序/公众号,12
15140,"2024-05-27",科教文体,电话,39
15141,"2024-05-27",公卫医疗,电话,42
15142,"2024-05-27",城乡建设,电话,51
15143,"2024-05-27",交通运输,电话,22
15144,"2024-05-27",农林牧渔,电话,13
15145,"2024-05-27",科教文体,来信,9
15146,"2024-05-27",公卫医疗,来信,30
15147,"2024-05-27",城乡建设,来信,35
15148,"2024-05-27",交通运输,来信,33
15149,"2024-05-27",农林牧渔,来信,17
15150,"2024-05-27",科教文体,网站,9
15151,"2024-05-27",公卫医疗,网站,59
15152,"2024-05-27",城乡建设,网站,73
15153,"2024-05-27",交通运输,网站,14
15154,"2024-05-27",农林牧渔,网站,1
15155,"2024-05-27",科教文体,小程序/公众号,92
15156,"2024-05-27",公卫医疗,小程序/公众号,49
15157,"2024-05-27",城乡建设,小程序/公众号,52
15158,"2024-05-27",交通运输,小程序/公众号,27
15159,"2024-05-27",农林牧渔,小程序/公众号,120
15160,"2024-05-28",科教文体,电话,14
15161,"2024-05-28",公卫医疗,电话,4
15162,"2024-05-28",城乡建设,电话,24
15163,"2024-05-28",交通运输,电话,16
15164,"2024-05-28",农林牧渔,电话,8
15165,"2024-05-28",科教文体,来信,38
15166,"2024-05-28",公卫医疗,来信,45
15167,"2024-05-28",城乡建设,来信,28
15168,"2024-05-28",交通运输,来信,2
15169,"2024-05-28",农林牧渔,来信,24
15170,"2024-05-28",科教文体,网站,16
15171,"2024-05-28",公卫医疗,网站,1
15172,"2024-05-28",城乡建设,网站,8
15173,"2024-05-28",交通运输,网站,11
15174,"2024-05-28",农林牧渔,网站,14
15175,"2024-05-28",科教文体,小程序/公众号,84
15176,"2024-05-28",公卫医疗,小程序/公众号,42
15177,"2024-05-28",城乡建设,小程序/公众号,32
15178,"2024-05-28",交通运输,小程序/公众号,36
15179,"2024-05-28",农林牧渔,小程序/公众号,51
15180,"2024-05-29",科教文体,电话,20
15181,"2024-05-29",公卫医疗,电话,8
15182,"2024-05-29",城乡建设,电话,25
15183,"2024-05-29",交通运输,电话,22
15184,"2024-05-29",农林牧渔,电话,22
15185,"2024-05-29",科教文体,来信,16
15186,"2024-05-29",公卫医疗,来信,32
15187,"2024-05-29",城乡建设,来信,9
15188,"2024-05-29",交通运输,来信,51
15189,"2024-05-29",农林牧渔,来信,58
15190,"2024-05-29",科教文体,网站,28
15191,"2024-05-29",公卫医疗,网站,29
15192,"2024-05-29",城乡建设,网站,32
15193,"2024-05-29",交通运输,网站,45
15194,"2024-05-29",农林牧渔,网站,37
15195,"2024-05-29",科教文体,小程序/公众号,24
15196,"2024-05-29",公卫医疗,小程序/公众号,88
15197,"2024-05-29",城乡建设,小程序/公众号,93
15198,"2024-05-29",交通运输,小程序/公众号,103
15199,"2024-05-29",农林牧渔,小程序/公众号,19
15200,"2024-05-30",科教文体,电话,34
15201,"2024-05-30",公卫医疗,电话,57
15202,"2024-05-30",城乡建设,电话,34
15203,"2024-05-30",交通运输,电话,51
15204,"2024-05-30",农林牧渔,电话,61
15205,"2024-05-30",科教文体,来信,30
15206,"2024-05-30",公卫医疗,来信,3
15207,"2024-05-30",城乡建设,来信,10
15208,"2024-05-30",交通运输,来信,0
15209,"2024-05-30",农林牧渔,来信,38
15210,"2024-05-30",科教文体,网站,18
15211,"2024-05-30",公卫医疗,网站,6
15212,"2024-05-30",城乡建设,网站,4
15213,"2024-05-30",交通运输,网站,15
15214,"2024-05-30",农林牧渔,网站,5
15215,"2024-05-30",科教文体,小程序/公众号,141
15216,"2024-05-30",公卫医疗,小程序/公众号,109
15217,"2024-05-30",城乡建设,小程序/公众号,112
15218,"2024-05-30",交通运输,小程序/公众号,142
15219,"2024-05-30",农林牧渔,小程序/公众号,85
15220,"2024-05-31",科教文体,电话,2
15221,"2024-05-31",公卫医疗,电话,14
15222,"2024-05-31",城乡建设,电话,3
15223,"2024-05-31",交通运输,电话,9
15224,"2024-05-31",农林牧渔,电话,5
15225,"2024-05-31",科教文体,来信,1
15226,"2024-05-31",公卫医疗,来信,5
15227,"2024-05-31",城乡建设,来信,6
15228,"2024-05-31",交通运输,来信,5
15229,"2024-05-31",农林牧渔,来信,1
15230,"2024-05-31",科教文体,网站,3
15231,"2024-05-31",公卫医疗,网站,3
15232,"2024-05-31",城乡建设,网站,4
15233,"2024-05-31",交通运输,网站,7
15234,"2024-05-31",农林牧渔,网站,13
15235,"2024-05-31",科教文体,小程序/公众号,78
15236,"2024-05-31",公卫医疗,小程序/公众号,15
15237,"2024-05-31",城乡建设,小程序/公众号,55
15238,"2024-05-31",交通运输,小程序/公众号,27
15239,"2024-05-31",农林牧渔,小程序/公众号,87
15240,"2024-06-01",科教文体,电话,17
15241,"2024-06-01",公卫医疗,电话,8
15242,"2024-06-01",城乡建设,电话,18
15243,"2024-06-01",交通运输,电话,2
15244,"2024-06-01",农林牧渔,电话,1
15245,"2024-06-01",科教文体,来信,3
15246,"2024-06-01",公卫医疗,来信,6
15247,"2024-06-01",城乡建设,来信,66
15248,"2024-06-01",交通运输,来信,53
15249,"2024-06-01",农林牧渔,来信,27
15250,"2024-06-01",科教文体,网站,8
15251,"2024-06-01",公卫医疗,网站,53
15252,"2024-06-01",城乡建设,网站,50
15253,"2024-06-01",交通运输,网站,12
15254,"2024-06-01",农林牧渔,网站,50
15255,"2024-06-01",科教文体,小程序/公众号,69
15256,"2024-06-01",公卫医疗,小程序/公众号,3
15257,"2024-06-01",城乡建设,小程序/公众号,112
15258,"2024-06-01",交通运输,小程序/公众号,49
15259,"2024-06-01",农林牧渔,小程序/公众号,69
15260,"2024-06-02",科教文体,电话,9
15261,"2024-06-02",公卫医疗,电话,0
15262,"2024-06-02",城乡建设,电话,10
15263,"2024-06-02",交通运输,电话,27
15264,"2024-06-02",农林牧渔,电话,26
15265,"2024-06-02",科教文体,来信,58
15266,"2024-06-02",公卫医疗,来信,7
15267,"2024-06-02",城乡建设,来信,28
15268,"2024-06-02",交通运输,来信,47
15269,"2024-06-02",农林牧渔,来信,5
15270,"2024-06-02",科教文体,网站,26
15271,"2024-06-02",公卫医疗,网站,16
15272,"2024-06-02",城乡建设,网站,21
15273,"2024-06-02",交通运输,网站,11
15274,"2024-06-02",农林牧渔,网站,12
15275,"2024-06-02",科教文体,小程序/公众号,39
15276,"2024-06-02",公卫医疗,小程序/公众号,45
15277,"2024-06-02",城乡建设,小程序/公众号,51
15278,"2024-06-02",交通运输,小程序/公众号,43
15279,"2024-06-02",农林牧渔,小程序/公众号,58
15280,"2024-06-03",科教文体,电话,10
15281,"2024-06-03",公卫医疗,电话,59
15282,"2024-06-03",城乡建设,电话,74
15283,"2024-06-03",交通运输,电话,6
15284,"2024-06-03",农林牧渔,电话,88
15285,"2024-06-03",科教文体,来信,6
15286,"2024-06-03",公卫医疗,来信,13
15287,"2024-06-03",城乡建设,来信,29
15288,"2024-06-03",交通运输,来信,17
15289,"2024-06-03",农林牧渔,来信,27
15290,"2024-06-03",科教文体,网站,47
15291,"2024-06-03",公卫医疗,网站,92
15292,"2024-06-03",城乡建设,网站,135
15293,"2024-06-03",交通运输,网站,39
15294,"2024-06-03",农林牧渔,网站,8
15295,"2024-06-03",科教文体,小程序/公众号,86
15296,"2024-06-03",公卫医疗,小程序/公众号,23
15297,"2024-06-03",城乡建设,小程序/公众号,80
15298,"2024-06-03",交通运输,小程序/公众号,110
15299,"2024-06-03",农林牧渔,小程序/公众号,36
15300,"2024-06-04",科教文体,电话,4
15301,"2024-06-04",公卫医疗,电话,2
15302,"2024-06-04",城乡建设,电话,4
15303,"2024-06-04",交通运输,电话,12
15304,"2024-06-04",农林牧渔,电话,14
15305,"2024-06-04",科教文体,来信,1
15306,"2024-06-04",公卫医疗,来信,8
15307,"2024-06-04",城乡建设,来信,30
15308,"2024-06-04",交通运输,来信,32
15309,"2024-06-04",农林牧渔,来信,26
15310,"2024-06-04",科教文体,网站,2
15311,"2024-06-04",公卫医疗,网站,2
15312,"2024-06-04",城乡建设,网站,3
15313,"2024-06-04",交通运输,网站,3
15314,"2024-06-04",农林牧渔,网站,3
15315,"2024-06-04",科教文体,小程序/公众号,52
15316,"2024-06-04",公卫医疗,小程序/公众号,22
15317,"2024-06-04",城乡建设,小程序/公众号,55
15318,"2024-06-04",交通运输,小程序/公众号,51
15319,"2024-06-04",农林牧渔,小程序/公众号,34
15320,"2024-06-05",科教文体,电话,3
15321,"2024-06-05",公卫医疗,电话,4
15322,"2024-06-05",城乡建设,电话,5
15323,"2024-06-05",交通运输,电话,1
15324,"2024-06-05",农林牧渔,电话,5
15325,"2024-06-05",科教文体,来信,13
15326,"2024-06-05",公卫医疗,来信,25
15327,"2024-06-05",城乡建设,来信,24
15328,"2024-06-05",交通运输,来信,12
15329,"2024-06-05",农林牧渔,来信,19
15330,"2024-06-05",科教文体,网站,9
15331,"2024-06-05",公卫医疗,网站,2
15332,"2024-06-05",城乡建设,网站,20
15333,"2024-06-05",交通运输,网站,4
15334,"2024-06-05",农林牧渔,网站,27
15335,"2024-06-05",科教文体,小程序/公众号,53
15336,"2024-06-05",公卫医疗,小程序/公众号,24
15337,"2024-06-05",城乡建设,小程序/公众号,8
15338,"2024-06-05",交通运输,小程序/公众号,49
15339,"2024-06-05",农林牧渔,小程序/公众号,44
15340,"2024-06-06",科教文体,电话,11
15341,"2024-06-06",公卫医疗,电话,9
15342,"2024-06-06",城乡建设,电话,13
15343,"2024-06-06",交通运输,电话,16
15344,"2024-06-06",农林牧渔,电话,16
15345,"2024-06-06",科教文体,来信,52
15346,"2024-06-06",公卫医疗,来信,35
15347,"2024-06-06",城乡建设,来信,15
15348,"2024-06-06",交通运输,来信,10
15349,"2024-06-06",农林牧渔,来信,29
15350,"2024-06-06",科教文体,网站,3
15351,"2024-06-06",公卫医疗,网站,13
15352,"2024-06-06",城乡建设,网站,26
15353,"2024-06-06",交通运输,网站,14
15354,"2024-06-06",农林牧渔,网站,12
15355,"2024-06-06",科教文体,小程序/公众号,239
15356,"2024-06-06",公卫医疗,小程序/公众号,3
15357,"2024-06-06",城乡建设,小程序/公众号,199
15358,"2024-06-06",交通运输,小程序/公众号,90
15359,"2024-06-06",农林牧渔,小程序/公众号,64
15360,"2024-06-07",科教文体,电话,2
15361,"2024-06-07",公卫医疗,电话,4
15362,"2024-06-07",城乡建设,电话,8
15363,"2024-06-07",交通运输,电话,3
15364,"2024-06-07",农林牧渔,电话,2
15365,"2024-06-07",科教文体,来信,5
15366,"2024-06-07",公卫医疗,来信,6
15367,"2024-06-07",城乡建设,来信,4
15368,"2024-06-07",交通运输,来信,6
15369,"2024-06-07",农林牧渔,来信,5
15370,"2024-06-07",科教文体,网站,7
15371,"2024-06-07",公卫医疗,网站,6
15372,"2024-06-07",城乡建设,网站,8
15373,"2024-06-07",交通运输,网站,5
15374,"2024-06-07",农林牧渔,网站,1
15375,"2024-06-07",科教文体,小程序/公众号,70
15376,"2024-06-07",公卫医疗,小程序/公众号,80
15377,"2024-06-07",城乡建设,小程序/公众号,19
15378,"2024-06-07",交通运输,小程序/公众号,13
15379,"2024-06-07",农林牧渔,小程序/公众号,109
15380,"2024-06-08",科教文体,电话,25
15381,"2024-06-08",公卫医疗,电话,45
15382,"2024-06-08",城乡建设,电话,37
15383,"2024-06-08",交通运输,电话,12
15384,"2024-06-08",农林牧渔,电话,43
15385,"2024-06-08",科教文体,来信,14
15386,"2024-06-08",公卫医疗,来信,19
15387,"2024-06-08",城乡建设,来信,3
15388,"2024-06-08",交通运输,来信,4
15389,"2024-06-08",农林牧渔,来信,7
15390,"2024-06-08",科教文体,网站,11
15391,"2024-06-08",公卫医疗,网站,17
15392,"2024-06-08",城乡建设,网站,0
15393,"2024-06-08",交通运输,网站,41
15394,"2024-06-08",农林牧渔,网站,10
15395,"2024-06-08",科教文体,小程序/公众号,103
15396,"2024-06-08",公卫医疗,小程序/公众号,39
15397,"2024-06-08",城乡建设,小程序/公众号,119
15398,"2024-06-08",交通运输,小程序/公众号,112
15399,"2024-06-08",农林牧渔,小程序/公众号,39
15400,"2024-06-09",科教文体,电话,17
15401,"2024-06-09",公卫医疗,电话,14
15402,"2024-06-09",城乡建设,电话,18
15403,"2024-06-09",交通运输,电话,18
15404,"2024-06-09",农林牧渔,电话,7
15405,"2024-06-09",科教文体,来信,57
15406,"2024-06-09",公卫医疗,来信,60
15407,"2024-06-09",城乡建设,来信,59
15408,"2024-06-09",交通运输,来信,3
15409,"2024-06-09",农林牧渔,来信,5
15410,"2024-06-09",科教文体,网站,42
15411,"2024-06-09",公卫医疗,网站,38
15412,"2024-06-09",城乡建设,网站,49
15413,"2024-06-09",交通运输,网站,71
15414,"2024-06-09",农林牧渔,网站,34
15415,"2024-06-09",科教文体,小程序/公众号,103
15416,"2024-06-09",公卫医疗,小程序/公众号,39
15417,"2024-06-09",城乡建设,小程序/公众号,12
15418,"2024-06-09",交通运输,小程序/公众号,76
15419,"2024-06-09",农林牧渔,小程序/公众号,66
15420,"2024-06-10",科教文体,电话,13
15421,"2024-06-10",公卫医疗,电话,17
15422,"2024-06-10",城乡建设,电话,21
15423,"2024-06-10",交通运输,电话,3
15424,"2024-06-10",农林牧渔,电话,1
15425,"2024-06-10",科教文体,来信,5
15426,"2024-06-10",公卫医疗,来信,3
15427,"2024-06-10",城乡建设,来信,4
15428,"2024-06-10",交通运输,来信,3
15429,"2024-06-10",农林牧渔,来信,4
15430,"2024-06-10",科教文体,网站,21
15431,"2024-06-10",公卫医疗,网站,8
15432,"2024-06-10",城乡建设,网站,22
15433,"2024-06-10",交通运输,网站,10
15434,"2024-06-10",农林牧渔,网站,26
15435,"2024-06-10",科教文体,小程序/公众号,85
15436,"2024-06-10",公卫医疗,小程序/公众号,31
15437,"2024-06-10",城乡建设,小程序/公众号,18
15438,"2024-06-10",交通运输,小程序/公众号,26
15439,"2024-06-10",农林牧渔,小程序/公众号,96
15440,"2024-06-11",科教文体,电话,28
15441,"2024-06-11",公卫医疗,电话,30
15442,"2024-06-11",城乡建设,电话,22
15443,"2024-06-11",交通运输,电话,15
15444,"2024-06-11",农林牧渔,电话,10
15445,"2024-06-11",科教文体,来信,20
15446,"2024-06-11",公卫医疗,来信,29
15447,"2024-06-11",城乡建设,来信,42
15448,"2024-06-11",交通运输,来信,13
15449,"2024-06-11",农林牧渔,来信,54
15450,"2024-06-11",科教文体,网站,13
15451,"2024-06-11",公卫医疗,网站,27
15452,"2024-06-11",城乡建设,网站,20
15453,"2024-06-11",交通运输,网站,10
15454,"2024-06-11",农林牧渔,网站,26
15455,"2024-06-11",科教文体,小程序/公众号,65
15456,"2024-06-11",公卫医疗,小程序/公众号,27
15457,"2024-06-11",城乡建设,小程序/公众号,13
15458,"2024-06-11",交通运输,小程序/公众号,146
15459,"2024-06-11",农林牧渔,小程序/公众号,32
15460,"2024-06-12",科教文体,电话,9
15461,"2024-06-12",公卫医疗,电话,24
15462,"2024-06-12",城乡建设,电话,29
15463,"2024-06-12",交通运输,电话,13
15464,"2024-06-12",农林牧渔,电话,13
15465,"2024-06-12",科教文体,来信,1
15466,"2024-06-12",公卫医疗,来信,14
15467,"2024-06-12",城乡建设,来信,15
15468,"2024-06-12",交通运输,来信,8
15469,"2024-06-12",农林牧渔,来信,16
15470,"2024-06-12",科教文体,网站,69
15471,"2024-06-12",公卫医疗,网站,71
15472,"2024-06-12",城乡建设,网站,23
15473,"2024-06-12",交通运输,网站,63
15474,"2024-06-12",农林牧渔,网站,55
15475,"2024-06-12",科教文体,小程序/公众号,30
15476,"2024-06-12",公卫医疗,小程序/公众号,45
15477,"2024-06-12",城乡建设,小程序/公众号,91
15478,"2024-06-12",交通运输,小程序/公众号,136
15479,"2024-06-12",农林牧渔,小程序/公众号,53
15480,"2024-06-13",科教文体,电话,44
15481,"2024-06-13",公卫医疗,电话,45
15482,"2024-06-13",城乡建设,电话,30
15483,"2024-06-13",交通运输,电话,26
15484,"2024-06-13",农林牧渔,电话,41
15485,"2024-06-13",科教文体,来信,8
15486,"2024-06-13",公卫医疗,来信,6
15487,"2024-06-13",城乡建设,来信,6
15488,"2024-06-13",交通运输,来信,5
15489,"2024-06-13",农林牧渔,来信,3
15490,"2024-06-13",科教文体,网站,23
15491,"2024-06-13",公卫医疗,网站,18
15492,"2024-06-13",城乡建设,网站,32
15493,"2024-06-13",交通运输,网站,48
15494,"2024-06-13",农林牧渔,网站,56
15495,"2024-06-13",科教文体,小程序/公众号,126
15496,"2024-06-13",公卫医疗,小程序/公众号,119
15497,"2024-06-13",城乡建设,小程序/公众号,81
15498,"2024-06-13",交通运输,小程序/公众号,85
15499,"2024-06-13",农林牧渔,小程序/公众号,29
15500,"2024-06-14",科教文体,电话,15
15501,"2024-06-14",公卫医疗,电话,28
15502,"2024-06-14",城乡建设,电话,5
15503,"2024-06-14",交通运输,电话,39
15504,"2024-06-14",农林牧渔,电话,39
15505,"2024-06-14",科教文体,来信,14
15506,"2024-06-14",公卫医疗,来信,23
15507,"2024-06-14",城乡建设,来信,13
15508,"2024-06-14",交通运输,来信,24
15509,"2024-06-14",农林牧渔,来信,13
15510,"2024-06-14",科教文体,网站,52
15511,"2024-06-14",公卫医疗,网站,11
15512,"2024-06-14",城乡建设,网站,16
15513,"2024-06-14",交通运输,网站,14
15514,"2024-06-14",农林牧渔,网站,48
15515,"2024-06-14",科教文体,小程序/公众号,55
15516,"2024-06-14",公卫医疗,小程序/公众号,22
15517,"2024-06-14",城乡建设,小程序/公众号,28
15518,"2024-06-14",交通运输,小程序/公众号,53
15519,"2024-06-14",农林牧渔,小程序/公众号,39
15520,"2024-06-15",科教文体,电话,10
15521,"2024-06-15",公卫医疗,电话,10
15522,"2024-06-15",城乡建设,电话,35
15523,"2024-06-15",交通运输,电话,31
15524,"2024-06-15",农林牧渔,电话,35
15525,"2024-06-15",科教文体,来信,19
15526,"2024-06-15",公卫医疗,来信,39
15527,"2024-06-15",城乡建设,来信,14
15528,"2024-06-15",交通运输,来信,34
15529,"2024-06-15",农林牧渔,来信,12
15530,"2024-06-15",科教文体,网站,30
15531,"2024-06-15",公卫医疗,网站,31
15532,"2024-06-15",城乡建设,网站,12
15533,"2024-06-15",交通运输,网站,32
15534,"2024-06-15",农林牧渔,网站,24
15535,"2024-06-15",科教文体,小程序/公众号,132
15536,"2024-06-15",公卫医疗,小程序/公众号,48
15537,"2024-06-15",城乡建设,小程序/公众号,141
15538,"2024-06-15",交通运输,小程序/公众号,109
15539,"2024-06-15",农林牧渔,小程序/公众号,18
15540,"2024-06-16",科教文体,电话,9
15541,"2024-06-16",公卫医疗,电话,49
15542,"2024-06-16",城乡建设,电话,19
15543,"2024-06-16",交通运输,电话,31
15544,"2024-06-16",农林牧渔,电话,57
15545,"2024-06-16",科教文体,来信,16
15546,"2024-06-16",公卫医疗,来信,23
15547,"2024-06-16",城乡建设,来信,3
15548,"2024-06-16",交通运输,来信,30
15549,"2024-06-16",农林牧渔,来信,1
15550,"2024-06-16",科教文体,网站,12
15551,"2024-06-16",公卫医疗,网站,6
15552,"2024-06-16",城乡建设,网站,8
15553,"2024-06-16",交通运输,网站,11
15554,"2024-06-16",农林牧渔,网站,4
15555,"2024-06-16",科教文体,小程序/公众号,194
15556,"2024-06-16",公卫医疗,小程序/公众号,107
15557,"2024-06-16",城乡建设,小程序/公众号,21
15558,"2024-06-16",交通运输,小程序/公众号,197
15559,"2024-06-16",农林牧渔,小程序/公众号,138
15560,"2024-06-17",科教文体,电话,49
15561,"2024-06-17",公卫医疗,电话,21
15562,"2024-06-17",城乡建设,电话,6
15563,"2024-06-17",交通运输,电话,34
15564,"2024-06-17",农林牧渔,电话,25
15565,"2024-06-17",科教文体,来信,31
15566,"2024-06-17",公卫医疗,来信,25
15567,"2024-06-17",城乡建设,来信,19
15568,"2024-06-17",交通运输,来信,20
15569,"2024-06-17",农林牧渔,来信,18
15570,"2024-06-17",科教文体,网站,33
15571,"2024-06-17",公卫医疗,网站,45
15572,"2024-06-17",城乡建设,网站,29
15573,"2024-06-17",交通运输,网站,38
15574,"2024-06-17",农林牧渔,网站,33
15575,"2024-06-17",科教文体,小程序/公众号,24
15576,"2024-06-17",公卫医疗,小程序/公众号,103
15577,"2024-06-17",城乡建设,小程序/公众号,18
15578,"2024-06-17",交通运输,小程序/公众号,0
15579,"2024-06-17",农林牧渔,小程序/公众号,80
15580,"2024-06-18",科教文体,电话,19
15581,"2024-06-18",公卫医疗,电话,18
15582,"2024-06-18",城乡建设,电话,14
15583,"2024-06-18",交通运输,电话,5
15584,"2024-06-18",农林牧渔,电话,11
15585,"2024-06-18",科教文体,来信,1
15586,"2024-06-18",公卫医疗,来信,22
15587,"2024-06-18",城乡建设,来信,72
15588,"2024-06-18",交通运输,来信,20
15589,"2024-06-18",农林牧渔,来信,71
15590,"2024-06-18",科教文体,网站,61
15591,"2024-06-18",公卫医疗,网站,65
15592,"2024-06-18",城乡建设,网站,3
15593,"2024-06-18",交通运输,网站,14
15594,"2024-06-18",农林牧渔,网站,5
15595,"2024-06-18",科教文体,小程序/公众号,4
15596,"2024-06-18",公卫医疗,小程序/公众号,135
15597,"2024-06-18",城乡建设,小程序/公众号,168
15598,"2024-06-18",交通运输,小程序/公众号,21
15599,"2024-06-18",农林牧渔,小程序/公众号,45
15600,"2024-06-19",科教文体,电话,18
15601,"2024-06-19",公卫医疗,电话,16
15602,"2024-06-19",城乡建设,电话,17
15603,"2024-06-19",交通运输,电话,13
15604,"2024-06-19",农林牧渔,电话,18
15605,"2024-06-19",科教文体,来信,17
15606,"2024-06-19",公卫医疗,来信,37
15607,"2024-06-19",城乡建设,来信,43
15608,"2024-06-19",交通运输,来信,6
15609,"2024-06-19",农林牧渔,来信,40
15610,"2024-06-19",科教文体,网站,15
15611,"2024-06-19",公卫医疗,网站,29
15612,"2024-06-19",城乡建设,网站,38
15613,"2024-06-19",交通运输,网站,54
15614,"2024-06-19",农林牧渔,网站,31
15615,"2024-06-19",科教文体,小程序/公众号,110
15616,"2024-06-19",公卫医疗,小程序/公众号,35
15617,"2024-06-19",城乡建设,小程序/公众号,50
15618,"2024-06-19",交通运输,小程序/公众号,8
15619,"2024-06-19",农林牧渔,小程序/公众号,6
15620,"2024-06-20",科教文体,电话,1
15621,"2024-06-20",公卫医疗,电话,20
15622,"2024-06-20",城乡建设,电话,4
15623,"2024-06-20",交通运输,电话,13
15624,"2024-06-20",农林牧渔,电话,8
15625,"2024-06-20",科教文体,来信,2
15626,"2024-06-20",公卫医疗,来信,10
15627,"2024-06-20",城乡建设,来信,15
15628,"2024-06-20",交通运输,来信,1
15629,"2024-06-20",农林牧渔,来信,18
15630,"2024-06-20",科教文体,网站,31
15631,"2024-06-20",公卫医疗,网站,91
15632,"2024-06-20",城乡建设,网站,65
15633,"2024-06-20",交通运输,网站,32
15634,"2024-06-20",农林牧渔,网站,63
15635,"2024-06-20",科教文体,小程序/公众号,117
15636,"2024-06-20",公卫医疗,小程序/公众号,112
15637,"2024-06-20",城乡建设,小程序/公众号,56
15638,"2024-06-20",交通运输,小程序/公众号,61
15639,"2024-06-20",农林牧渔,小程序/公众号,8
15640,"2024-06-21",科教文体,电话,23
15641,"2024-06-21",公卫医疗,电话,24
15642,"2024-06-21",城乡建设,电话,38
15643,"2024-06-21",交通运输,电话,4
15644,"2024-06-21",农林牧渔,电话,18
15645,"2024-06-21",科教文体,来信,30
15646,"2024-06-21",公卫医疗,来信,4
15647,"2024-06-21",城乡建设,来信,37
15648,"2024-06-21",交通运输,来信,1
15649,"2024-06-21",农林牧渔,来信,33
15650,"2024-06-21",科教文体,网站,12
15651,"2024-06-21",公卫医疗,网站,37
15652,"2024-06-21",城乡建设,网站,13
15653,"2024-06-21",交通运输,网站,35
15654,"2024-06-21",农林牧渔,网站,8
15655,"2024-06-21",科教文体,小程序/公众号,69
15656,"2024-06-21",公卫医疗,小程序/公众号,14
15657,"2024-06-21",城乡建设,小程序/公众号,46
15658,"2024-06-21",交通运输,小程序/公众号,41
15659,"2024-06-21",农林牧渔,小程序/公众号,26
15660,"2024-06-22",科教文体,电话,11
15661,"2024-06-22",公卫医疗,电话,4
15662,"2024-06-22",城乡建设,电话,11
15663,"2024-06-22",交通运输,电话,8
15664,"2024-06-22",农林牧渔,电话,6
15665,"2024-06-22",科教文体,来信,4
15666,"2024-06-22",公卫医疗,来信,11
15667,"2024-06-22",城乡建设,来信,0
15668,"2024-06-22",交通运输,来信,18
15669,"2024-06-22",农林牧渔,来信,8
15670,"2024-06-22",科教文体,网站,47
15671,"2024-06-22",公卫医疗,网站,37
15672,"2024-06-22",城乡建设,网站,44
15673,"2024-06-22",交通运输,网站,19
15674,"2024-06-22",农林牧渔,网站,108
15675,"2024-06-22",科教文体,小程序/公众号,85
15676,"2024-06-22",公卫医疗,小程序/公众号,151
15677,"2024-06-22",城乡建设,小程序/公众号,170
15678,"2024-06-22",交通运输,小程序/公众号,187
15679,"2024-06-22",农林牧渔,小程序/公众号,14
15680,"2024-06-23",科教文体,电话,9
15681,"2024-06-23",公卫医疗,电话,2
15682,"2024-06-23",城乡建设,电话,22
15683,"2024-06-23",交通运输,电话,2
15684,"2024-06-23",农林牧渔,电话,26
15685,"2024-06-23",科教文体,来信,21
15686,"2024-06-23",公卫医疗,来信,4
15687,"2024-06-23",城乡建设,来信,12
15688,"2024-06-23",交通运输,来信,21
15689,"2024-06-23",农林牧渔,来信,24
15690,"2024-06-23",科教文体,网站,19
15691,"2024-06-23",公卫医疗,网站,12
15692,"2024-06-23",城乡建设,网站,1
15693,"2024-06-23",交通运输,网站,6
15694,"2024-06-23",农林牧渔,网站,23
15695,"2024-06-23",科教文体,小程序/公众号,1
15696,"2024-06-23",公卫医疗,小程序/公众号,57
15697,"2024-06-23",城乡建设,小程序/公众号,20
15698,"2024-06-23",交通运输,小程序/公众号,26
15699,"2024-06-23",农林牧渔,小程序/公众号,94
15700,"2024-06-24",科教文体,电话,12
15701,"2024-06-24",公卫医疗,电话,11
15702,"2024-06-24",城乡建设,电话,3
15703,"2024-06-24",交通运输,电话,48
15704,"2024-06-24",农林牧渔,电话,5
15705,"2024-06-24",科教文体,来信,2
15706,"2024-06-24",公卫医疗,来信,2
15707,"2024-06-24",城乡建设,来信,3
15708,"2024-06-24",交通运输,来信,5
15709,"2024-06-24",农林牧渔,来信,4
15710,"2024-06-24",科教文体,网站,13
15711,"2024-06-24",公卫医疗,网站,31
15712,"2024-06-24",城乡建设,网站,9
15713,"2024-06-24",交通运输,网站,4
15714,"2024-06-24",农林牧渔,网站,50
15715,"2024-06-24",科教文体,小程序/公众号,98
15716,"2024-06-24",公卫医疗,小程序/公众号,59
15717,"2024-06-24",城乡建设,小程序/公众号,50
15718,"2024-06-24",交通运输,小程序/公众号,44
15719,"2024-06-24",农林牧渔,小程序/公众号,23
15720,"2024-06-25",科教文体,电话,10
15721,"2024-06-25",公卫医疗,电话,22
15722,"2024-06-25",城乡建设,电话,23
15723,"2024-06-25",交通运输,电话,4
15724,"2024-06-25",农林牧渔,电话,2
15725,"2024-06-25",科教文体,来信,8
15726,"2024-06-25",公卫医疗,来信,46
15727,"2024-06-25",城乡建设,来信,17
15728,"2024-06-25",交通运输,来信,4
15729,"2024-06-25",农林牧渔,来信,34
15730,"2024-06-25",科教文体,网站,17
15731,"2024-06-25",公卫医疗,网站,16
15732,"2024-06-25",城乡建设,网站,15
15733,"2024-06-25",交通运输,网站,21
15734,"2024-06-25",农林牧渔,网站,21
15735,"2024-06-25",科教文体,小程序/公众号,7
15736,"2024-06-25",公卫医疗,小程序/公众号,50
15737,"2024-06-25",城乡建设,小程序/公众号,43
15738,"2024-06-25",交通运输,小程序/公众号,50
15739,"2024-06-25",农林牧渔,小程序/公众号,135
15740,"2024-06-26",科教文体,电话,6
15741,"2024-06-26",公卫医疗,电话,5
15742,"2024-06-26",城乡建设,电话,9
15743,"2024-06-26",交通运输,电话,4
15744,"2024-06-26",农林牧渔,电话,0
15745,"2024-06-26",科教文体,来信,15
15746,"2024-06-26",公卫医疗,来信,9
15747,"2024-06-26",城乡建设,来信,1
15748,"2024-06-26",交通运输,来信,14
15749,"2024-06-26",农林牧渔,来信,19
15750,"2024-06-26",科教文体,网站,12
15751,"2024-06-26",公卫医疗,网站,3
15752,"2024-06-26",城乡建设,网站,1
15753,"2024-06-26",交通运输,网站,15
15754,"2024-06-26",农林牧渔,网站,3
15755,"2024-06-26",科教文体,小程序/公众号,49
15756,"2024-06-26",公卫医疗,小程序/公众号,44
15757,"2024-06-26",城乡建设,小程序/公众号,36
15758,"2024-06-26",交通运输,小程序/公众号,49
15759,"2024-06-26",农林牧渔,小程序/公众号,39
15760,"2024-06-27",科教文体,电话,49
15761,"2024-06-27",公卫医疗,电话,51
15762,"2024-06-27",城乡建设,电话,27
15763,"2024-06-27",交通运输,电话,30
15764,"2024-06-27",农林牧渔,电话,19
15765,"2024-06-27",科教文体,来信,31
15766,"2024-06-27",公卫医疗,来信,2
15767,"2024-06-27",城乡建设,来信,9
15768,"2024-06-27",交通运输,来信,20
15769,"2024-06-27",农林牧渔,来信,6
15770,"2024-06-27",科教文体,网站,6
15771,"2024-06-27",公卫医疗,网站,4
15772,"2024-06-27",城乡建设,网站,1
15773,"2024-06-27",交通运输,网站,5
15774,"2024-06-27",农林牧渔,网站,5
15775,"2024-06-27",科教文体,小程序/公众号,166
15776,"2024-06-27",公卫医疗,小程序/公众号,155
15777,"2024-06-27",城乡建设,小程序/公众号,157
15778,"2024-06-27",交通运输,小程序/公众号,67
15779,"2024-06-27",农林牧渔,小程序/公众号,177
15780,"2024-06-28",科教文体,电话,31
15781,"2024-06-28",公卫医疗,电话,4
15782,"2024-06-28",城乡建设,电话,15
15783,"2024-06-28",交通运输,电话,22
15784,"2024-06-28",农林牧渔,电话,26
15785,"2024-06-28",科教文体,来信,5
15786,"2024-06-28",公卫医疗,来信,24
15787,"2024-06-28",城乡建设,来信,3
15788,"2024-06-28",交通运输,来信,19
15789,"2024-06-28",农林牧渔,来信,26
15790,"2024-06-28",科教文体,网站,40
15791,"2024-06-28",公卫医疗,网站,55
15792,"2024-06-28",城乡建设,网站,40
15793,"2024-06-28",交通运输,网站,42
15794,"2024-06-28",农林牧渔,网站,56
15795,"2024-06-28",科教文体,小程序/公众号,53
15796,"2024-06-28",公卫医疗,小程序/公众号,170
15797,"2024-06-28",城乡建设,小程序/公众号,1
15798,"2024-06-28",交通运输,小程序/公众号,55
15799,"2024-06-28",农林牧渔,小程序/公众号,81
15800,"2024-06-29",科教文体,电话,11
15801,"2024-06-29",公卫医疗,电话,15
15802,"2024-06-29",城乡建设,电话,6
15803,"2024-06-29",交通运输,电话,11
15804,"2024-06-29",农林牧渔,电话,5
15805,"2024-06-29",科教文体,来信,31
15806,"2024-06-29",公卫医疗,来信,27
15807,"2024-06-29",城乡建设,来信,3
15808,"2024-06-29",交通运输,来信,28
15809,"2024-06-29",农林牧渔,来信,16
15810,"2024-06-29",科教文体,网站,3
15811,"2024-06-29",公卫医疗,网站,24
15812,"2024-06-29",城乡建设,网站,4
15813,"2024-06-29",交通运输,网站,4
15814,"2024-06-29",农林牧渔,网站,14
15815,"2024-06-29",科教文体,小程序/公众号,108
15816,"2024-06-29",公卫医疗,小程序/公众号,72
15817,"2024-06-29",城乡建设,小程序/公众号,152
15818,"2024-06-29",交通运输,小程序/公众号,237
15819,"2024-06-29",农林牧渔,小程序/公众号,163
15820,"2024-06-30",科教文体,电话,45
15821,"2024-06-30",公卫医疗,电话,20
15822,"2024-06-30",城乡建设,电话,18
15823,"2024-06-30",交通运输,电话,61
15824,"2024-06-30",农林牧渔,电话,37
15825,"2024-06-30",科教文体,来信,3
15826,"2024-06-30",公卫医疗,来信,3
15827,"2024-06-30",城乡建设,来信,3
15828,"2024-06-30",交通运输,来信,5
15829,"2024-06-30",农林牧渔,来信,2
15830,"2024-06-30",科教文体,网站,18
15831,"2024-06-30",公卫医疗,网站,6
15832,"2024-06-30",城乡建设,网站,50
15833,"2024-06-30",交通运输,网站,49
15834,"2024-06-30",农林牧渔,网站,55
15835,"2024-06-30",科教文体,小程序/公众号,121
15836,"2024-06-30",公卫医疗,小程序/公众号,132
15837,"2024-06-30",城乡建设,小程序/公众号,105
15838,"2024-06-30",交通运输,小程序/公众号,145
15839,"2024-06-30",农林牧渔,小程序/公众号,28
15840,"2024-07-01",科教文体,电话,23
15841,"2024-07-01",公卫医疗,电话,58
15842,"2024-07-01",城乡建设,电话,43
15843,"2024-07-01",交通运输,电话,40
15844,"2024-07-01",农林牧渔,电话,57
15845,"2024-07-01",科教文体,来信,63
15846,"2024-07-01",公卫医疗,来信,35
15847,"2024-07-01",城乡建设,来信,47
15848,"2024-07-01",交通运输,来信,24
15849,"2024-07-01",农林牧渔,来信,12
15850,"2024-07-01",科教文体,网站,41
15851,"2024-07-01",公卫医疗,网站,54
15852,"2024-07-01",城乡建设,网站,43
15853,"2024-07-01",交通运输,网站,43
15854,"2024-07-01",农林牧渔,网站,5
15855,"2024-07-01",科教文体,小程序/公众号,24
15856,"2024-07-01",公卫医疗,小程序/公众号,79
15857,"2024-07-01",城乡建设,小程序/公众号,81
15858,"2024-07-01",交通运输,小程序/公众号,64
15859,"2024-07-01",农林牧渔,小程序/公众号,75
15860,"2024-07-02",科教文体,电话,7
15861,"2024-07-02",公卫医疗,电话,14
15862,"2024-07-02",城乡建设,电话,14
15863,"2024-07-02",交通运输,电话,5
15864,"2024-07-02",农林牧渔,电话,9
15865,"2024-07-02",科教文体,来信,4
15866,"2024-07-02",公卫医疗,来信,5
15867,"2024-07-02",城乡建设,来信,5
15868,"2024-07-02",交通运输,来信,5
15869,"2024-07-02",农林牧渔,来信,4
15870,"2024-07-02",科教文体,网站,38
15871,"2024-07-02",公卫医疗,网站,49
15872,"2024-07-02",城乡建设,网站,19
15873,"2024-07-02",交通运输,网站,62
15874,"2024-07-02",农林牧渔,网站,21
15875,"2024-07-02",科教文体,小程序/公众号,103
15876,"2024-07-02",公卫医疗,小程序/公众号,97
15877,"2024-07-02",城乡建设,小程序/公众号,19
15878,"2024-07-02",交通运输,小程序/公众号,79
15879,"2024-07-02",农林牧渔,小程序/公众号,24
15880,"2024-07-03",科教文体,电话,27
15881,"2024-07-03",公卫医疗,电话,6
15882,"2024-07-03",城乡建设,电话,5
15883,"2024-07-03",交通运输,电话,38
15884,"2024-07-03",农林牧渔,电话,25
15885,"2024-07-03",科教文体,来信,33
15886,"2024-07-03",公卫医疗,来信,12
15887,"2024-07-03",城乡建设,来信,3
15888,"2024-07-03",交通运输,来信,21
15889,"2024-07-03",农林牧渔,来信,60
15890,"2024-07-03",科教文体,网站,2
15891,"2024-07-03",公卫医疗,网站,19
15892,"2024-07-03",城乡建设,网站,6
15893,"2024-07-03",交通运输,网站,18
15894,"2024-07-03",农林牧渔,网站,18
15895,"2024-07-03",科教文体,小程序/公众号,94
15896,"2024-07-03",公卫医疗,小程序/公众号,91
15897,"2024-07-03",城乡建设,小程序/公众号,11
15898,"2024-07-03",交通运输,小程序/公众号,40
15899,"2024-07-03",农林牧渔,小程序/公众号,61
15900,"2024-07-04",科教文体,电话,14
15901,"2024-07-04",公卫医疗,电话,85
15902,"2024-07-04",城乡建设,电话,25
15903,"2024-07-04",交通运输,电话,10
15904,"2024-07-04",农林牧渔,电话,20
15905,"2024-07-04",科教文体,来信,10
15906,"2024-07-04",公卫医疗,来信,39
15907,"2024-07-04",城乡建设,来信,1
15908,"2024-07-04",交通运输,来信,50
15909,"2024-07-04",农林牧渔,来信,41
15910,"2024-07-04",科教文体,网站,0
15911,"2024-07-04",公卫医疗,网站,7
15912,"2024-07-04",城乡建设,网站,11
15913,"2024-07-04",交通运输,网站,4
15914,"2024-07-04",农林牧渔,网站,10
15915,"2024-07-04",科教文体,小程序/公众号,95
15916,"2024-07-04",公卫医疗,小程序/公众号,29
15917,"2024-07-04",城乡建设,小程序/公众号,6
15918,"2024-07-04",交通运输,小程序/公众号,18
15919,"2024-07-04",农林牧渔,小程序/公众号,144
15920,"2024-07-05",科教文体,电话,8
15921,"2024-07-05",公卫医疗,电话,12
15922,"2024-07-05",城乡建设,电话,13
15923,"2024-07-05",交通运输,电话,13
15924,"2024-07-05",农林牧渔,电话,14
15925,"2024-07-05",科教文体,来信,14
15926,"2024-07-05",公卫医疗,来信,16
15927,"2024-07-05",城乡建设,来信,37
15928,"2024-07-05",交通运输,来信,6
15929,"2024-07-05",农林牧渔,来信,9
15930,"2024-07-05",科教文体,网站,0
15931,"2024-07-05",公卫医疗,网站,35
15932,"2024-07-05",城乡建设,网站,8
15933,"2024-07-05",交通运输,网站,40
15934,"2024-07-05",农林牧渔,网站,19
15935,"2024-07-05",科教文体,小程序/公众号,26
15936,"2024-07-05",公卫医疗,小程序/公众号,23
15937,"2024-07-05",城乡建设,小程序/公众号,9
15938,"2024-07-05",交通运输,小程序/公众号,44
15939,"2024-07-05",农林牧渔,小程序/公众号,20
15940,"2024-07-06",科教文体,电话,0
15941,"2024-07-06",公卫医疗,电话,17
15942,"2024-07-06",城乡建设,电话,15
15943,"2024-07-06",交通运输,电话,2
15944,"2024-07-06",农林牧渔,电话,11
15945,"2024-07-06",科教文体,来信,15
15946,"2024-07-06",公卫医疗,来信,67
15947,"2024-07-06",城乡建设,来信,44
15948,"2024-07-06",交通运输,来信,9
15949,"2024-07-06",农林牧渔,来信,1
15950,"2024-07-06",科教文体,网站,6
15951,"2024-07-06",公卫医疗,网站,53
15952,"2024-07-06",城乡建设,网站,15
15953,"2024-07-06",交通运输,网站,30
15954,"2024-07-06",农林牧渔,网站,76
15955,"2024-07-06",科教文体,小程序/公众号,67
15956,"2024-07-06",公卫医疗,小程序/公众号,9
15957,"2024-07-06",城乡建设,小程序/公众号,90
15958,"2024-07-06",交通运输,小程序/公众号,81
15959,"2024-07-06",农林牧渔,小程序/公众号,39
15960,"2024-07-07",科教文体,电话,30
15961,"2024-07-07",公卫医疗,电话,18
15962,"2024-07-07",城乡建设,电话,35
15963,"2024-07-07",交通运输,电话,2
15964,"2024-07-07",农林牧渔,电话,33
15965,"2024-07-07",科教文体,来信,11
15966,"2024-07-07",公卫医疗,来信,6
15967,"2024-07-07",城乡建设,来信,1
15968,"2024-07-07",交通运输,来信,10
15969,"2024-07-07",农林牧渔,来信,13
15970,"2024-07-07",科教文体,网站,11
15971,"2024-07-07",公卫医疗,网站,38
15972,"2024-07-07",城乡建设,网站,49
15973,"2024-07-07",交通运输,网站,25
15974,"2024-07-07",农林牧渔,网站,33
15975,"2024-07-07",科教文体,小程序/公众号,70
15976,"2024-07-07",公卫医疗,小程序/公众号,55
15977,"2024-07-07",城乡建设,小程序/公众号,116
15978,"2024-07-07",交通运输,小程序/公众号,92
15979,"2024-07-07",农林牧渔,小程序/公众号,12
15980,"2024-07-08",科教文体,电话,14
15981,"2024-07-08",公卫医疗,电话,31
15982,"2024-07-08",城乡建设,电话,27
15983,"2024-07-08",交通运输,电话,43
15984,"2024-07-08",农林牧渔,电话,43
15985,"2024-07-08",科教文体,来信,1
15986,"2024-07-08",公卫医疗,来信,88
15987,"2024-07-08",城乡建设,来信,11
15988,"2024-07-08",交通运输,来信,31
15989,"2024-07-08",农林牧渔,来信,25
15990,"2024-07-08",科教文体,网站,32
15991,"2024-07-08",公卫医疗,网站,61
15992,"2024-07-08",城乡建设,网站,59
15993,"2024-07-08",交通运输,网站,18
15994,"2024-07-08",农林牧渔,网站,42
15995,"2024-07-08",科教文体,小程序/公众号,72
15996,"2024-07-08",公卫医疗,小程序/公众号,64
15997,"2024-07-08",城乡建设,小程序/公众号,21
15998,"2024-07-08",交通运输,小程序/公众号,44
15999,"2024-07-08",农林牧渔,小程序/公众号,45
16000,"2024-07-09",科教文体,电话,16
16001,"2024-07-09",公卫医疗,电话,0
16002,"2024-07-09",城乡建设,电话,12
16003,"2024-07-09",交通运输,电话,29
16004,"2024-07-09",农林牧渔,电话,14
16005,"2024-07-09",科教文体,来信,22
16006,"2024-07-09",公卫医疗,来信,20
16007,"2024-07-09",城乡建设,来信,3
16008,"2024-07-09",交通运输,来信,16
16009,"2024-07-09",农林牧渔,来信,20
16010,"2024-07-09",科教文体,网站,4
16011,"2024-07-09",公卫医疗,网站,1
16012,"2024-07-09",城乡建设,网站,3
16013,"2024-07-09",交通运输,网站,3
16014,"2024-07-09",农林牧渔,网站,3
16015,"2024-07-09",科教文体,小程序/公众号,1
16016,"2024-07-09",公卫医疗,小程序/公众号,15
16017,"2024-07-09",城乡建设,小程序/公众号,9
16018,"2024-07-09",交通运输,小程序/公众号,87
16019,"2024-07-09",农林牧渔,小程序/公众号,87
16020,"2024-07-10",科教文体,电话,16
16021,"2024-07-10",公卫医疗,电话,44
16022,"2024-07-10",城乡建设,电话,23
16023,"2024-07-10",交通运输,电话,39
16024,"2024-07-10",农林牧渔,电话,2
16025,"2024-07-10",科教文体,来信,22
16026,"2024-07-10",公卫医疗,来信,27
16027,"2024-07-10",城乡建设,来信,12
16028,"2024-07-10",交通运输,来信,2
16029,"2024-07-10",农林牧渔,来信,18
16030,"2024-07-10",科教文体,网站,10
16031,"2024-07-10",公卫医疗,网站,18
16032,"2024-07-10",城乡建设,网站,13
16033,"2024-07-10",交通运输,网站,47
16034,"2024-07-10",农林牧渔,网站,2
16035,"2024-07-10",科教文体,小程序/公众号,42
16036,"2024-07-10",公卫医疗,小程序/公众号,168
16037,"2024-07-10",城乡建设,小程序/公众号,87
16038,"2024-07-10",交通运输,小程序/公众号,124
16039,"2024-07-10",农林牧渔,小程序/公众号,124
16040,"2024-07-11",科教文体,电话,36
16041,"2024-07-11",公卫医疗,电话,3
16042,"2024-07-11",城乡建设,电话,29
16043,"2024-07-11",交通运输,电话,3
16044,"2024-07-11",农林牧渔,电话,42
16045,"2024-07-11",科教文体,来信,5
16046,"2024-07-11",公卫医疗,来信,2
16047,"2024-07-11",城乡建设,来信,4
16048,"2024-07-11",交通运输,来信,11
16049,"2024-07-11",农林牧渔,来信,5
16050,"2024-07-11",科教文体,网站,17
16051,"2024-07-11",公卫医疗,网站,6
16052,"2024-07-11",城乡建设,网站,95
16053,"2024-07-11",交通运输,网站,53
16054,"2024-07-11",农林牧渔,网站,128
16055,"2024-07-11",科教文体,小程序/公众号,43
16056,"2024-07-11",公卫医疗,小程序/公众号,66
16057,"2024-07-11",城乡建设,小程序/公众号,76
16058,"2024-07-11",交通运输,小程序/公众号,74
16059,"2024-07-11",农林牧渔,小程序/公众号,51
16060,"2024-07-12",科教文体,电话,19
16061,"2024-07-12",公卫医疗,电话,30
16062,"2024-07-12",城乡建设,电话,32
16063,"2024-07-12",交通运输,电话,38
16064,"2024-07-12",农林牧渔,电话,21
16065,"2024-07-12",科教文体,来信,8
16066,"2024-07-12",公卫医疗,来信,33
16067,"2024-07-12",城乡建设,来信,7
16068,"2024-07-12",交通运输,来信,7
16069,"2024-07-12",农林牧渔,来信,2
16070,"2024-07-12",科教文体,网站,7
16071,"2024-07-12",公卫医疗,网站,7
16072,"2024-07-12",城乡建设,网站,5
16073,"2024-07-12",交通运输,网站,3
16074,"2024-07-12",农林牧渔,网站,3
16075,"2024-07-12",科教文体,小程序/公众号,11
16076,"2024-07-12",公卫医疗,小程序/公众号,84
16077,"2024-07-12",城乡建设,小程序/公众号,79
16078,"2024-07-12",交通运输,小程序/公众号,164
16079,"2024-07-12",农林牧渔,小程序/公众号,122
16080,"2024-07-13",科教文体,电话,23
16081,"2024-07-13",公卫医疗,电话,44
16082,"2024-07-13",城乡建设,电话,46
16083,"2024-07-13",交通运输,电话,30
16084,"2024-07-13",农林牧渔,电话,8
16085,"2024-07-13",科教文体,来信,12
16086,"2024-07-13",公卫医疗,来信,47
16087,"2024-07-13",城乡建设,来信,46
16088,"2024-07-13",交通运输,来信,11
16089,"2024-07-13",农林牧渔,来信,48
16090,"2024-07-13",科教文体,网站,34
16091,"2024-07-13",公卫医疗,网站,20
16092,"2024-07-13",城乡建设,网站,28
16093,"2024-07-13",交通运输,网站,20
16094,"2024-07-13",农林牧渔,网站,10
16095,"2024-07-13",科教文体,小程序/公众号,102
16096,"2024-07-13",公卫医疗,小程序/公众号,72
16097,"2024-07-13",城乡建设,小程序/公众号,28
16098,"2024-07-13",交通运输,小程序/公众号,137
16099,"2024-07-13",农林牧渔,小程序/公众号,9
16100,"2024-07-14",科教文体,电话,1
16101,"2024-07-14",公卫医疗,电话,15
16102,"2024-07-14",城乡建设,电话,16
16103,"2024-07-14",交通运输,电话,10
16104,"2024-07-14",农林牧渔,电话,9
16105,"2024-07-14",科教文体,来信,0
16106,"2024-07-14",公卫医疗,来信,5
16107,"2024-07-14",城乡建设,来信,1
16108,"2024-07-14",交通运输,来信,1
16109,"2024-07-14",农林牧渔,来信,6
16110,"2024-07-14",科教文体,网站,20
16111,"2024-07-14",公卫医疗,网站,1
16112,"2024-07-14",城乡建设,网站,38
16113,"2024-07-14",交通运输,网站,3
16114,"2024-07-14",农林牧渔,网站,6
16115,"2024-07-14",科教文体,小程序/公众号,169
16116,"2024-07-14",公卫医疗,小程序/公众号,81
16117,"2024-07-14",城乡建设,小程序/公众号,72
16118,"2024-07-14",交通运输,小程序/公众号,193
16119,"2024-07-14",农林牧渔,小程序/公众号,45
16120,"2024-07-15",科教文体,电话,48
16121,"2024-07-15",公卫医疗,电话,59
16122,"2024-07-15",城乡建设,电话,8
16123,"2024-07-15",交通运输,电话,1
16124,"2024-07-15",农林牧渔,电话,49
16125,"2024-07-15",科教文体,来信,26
16126,"2024-07-15",公卫医疗,来信,0
16127,"2024-07-15",城乡建设,来信,8
16128,"2024-07-15",交通运输,来信,2
16129,"2024-07-15",农林牧渔,来信,35
16130,"2024-07-15",科教文体,网站,4
16131,"2024-07-15",公卫医疗,网站,2
16132,"2024-07-15",城乡建设,网站,3
16133,"2024-07-15",交通运输,网站,4
16134,"2024-07-15",农林牧渔,网站,0
16135,"2024-07-15",科教文体,小程序/公众号,36
16136,"2024-07-15",公卫医疗,小程序/公众号,21
16137,"2024-07-15",城乡建设,小程序/公众号,146
16138,"2024-07-15",交通运输,小程序/公众号,145
16139,"2024-07-15",农林牧渔,小程序/公众号,99
16140,"2024-07-16",科教文体,电话,11
16141,"2024-07-16",公卫医疗,电话,16
16142,"2024-07-16",城乡建设,电话,13
16143,"2024-07-16",交通运输,电话,9
16144,"2024-07-16",农林牧渔,电话,10
16145,"2024-07-16",科教文体,来信,5
16146,"2024-07-16",公卫医疗,来信,4
16147,"2024-07-16",城乡建设,来信,3
16148,"2024-07-16",交通运输,来信,4
16149,"2024-07-16",农林牧渔,来信,3
16150,"2024-07-16",科教文体,网站,44
16151,"2024-07-16",公卫医疗,网站,84
16152,"2024-07-16",城乡建设,网站,18
16153,"2024-07-16",交通运输,网站,13
16154,"2024-07-16",农林牧渔,网站,68
16155,"2024-07-16",科教文体,小程序/公众号,149
16156,"2024-07-16",公卫医疗,小程序/公众号,66
16157,"2024-07-16",城乡建设,小程序/公众号,3
16158,"2024-07-16",交通运输,小程序/公众号,70
16159,"2024-07-16",农林牧渔,小程序/公众号,190
16160,"2024-07-17",科教文体,电话,16
16161,"2024-07-17",公卫医疗,电话,44
16162,"2024-07-17",城乡建设,电话,48
16163,"2024-07-17",交通运输,电话,12
16164,"2024-07-17",农林牧渔,电话,14
16165,"2024-07-17",科教文体,来信,28
16166,"2024-07-17",公卫医疗,来信,30
16167,"2024-07-17",城乡建设,来信,32
16168,"2024-07-17",交通运输,来信,1
16169,"2024-07-17",农林牧渔,来信,17
16170,"2024-07-17",科教文体,网站,14
16171,"2024-07-17",公卫医疗,网站,13
16172,"2024-07-17",城乡建设,网站,15
16173,"2024-07-17",交通运输,网站,19
16174,"2024-07-17",农林牧渔,网站,15
16175,"2024-07-17",科教文体,小程序/公众号,30
16176,"2024-07-17",公卫医疗,小程序/公众号,81
16177,"2024-07-17",城乡建设,小程序/公众号,78
16178,"2024-07-17",交通运输,小程序/公众号,44
16179,"2024-07-17",农林牧渔,小程序/公众号,57
16180,"2024-07-18",科教文体,电话,35
16181,"2024-07-18",公卫医疗,电话,13
16182,"2024-07-18",城乡建设,电话,26
16183,"2024-07-18",交通运输,电话,19
16184,"2024-07-18",农林牧渔,电话,3
16185,"2024-07-18",科教文体,来信,17
16186,"2024-07-18",公卫医疗,来信,7
16187,"2024-07-18",城乡建设,来信,73
16188,"2024-07-18",交通运输,来信,88
16189,"2024-07-18",农林牧渔,来信,28
16190,"2024-07-18",科教文体,网站,13
16191,"2024-07-18",公卫医疗,网站,18
16192,"2024-07-18",城乡建设,网站,41
16193,"2024-07-18",交通运输,网站,43
16194,"2024-07-18",农林牧渔,网站,23
16195,"2024-07-18",科教文体,小程序/公众号,90
16196,"2024-07-18",公卫医疗,小程序/公众号,90
16197,"2024-07-18",城乡建设,小程序/公众号,89
16198,"2024-07-18",交通运输,小程序/公众号,98
16199,"2024-07-18",农林牧渔,小程序/公众号,23
16200,"2024-07-19",科教文体,电话,9
16201,"2024-07-19",公卫医疗,电话,32
16202,"2024-07-19",城乡建设,电话,18
16203,"2024-07-19",交通运输,电话,24
16204,"2024-07-19",农林牧渔,电话,31
16205,"2024-07-19",科教文体,来信,7
16206,"2024-07-19",公卫医疗,来信,43
16207,"2024-07-19",城乡建设,来信,28
16208,"2024-07-19",交通运输,来信,21
16209,"2024-07-19",农林牧渔,来信,40
16210,"2024-07-19",科教文体,网站,38
16211,"2024-07-19",公卫医疗,网站,34
16212,"2024-07-19",城乡建设,网站,25
16213,"2024-07-19",交通运输,网站,15
16214,"2024-07-19",农林牧渔,网站,48
16215,"2024-07-19",科教文体,小程序/公众号,26
16216,"2024-07-19",公卫医疗,小程序/公众号,19
16217,"2024-07-19",城乡建设,小程序/公众号,4
16218,"2024-07-19",交通运输,小程序/公众号,107
16219,"2024-07-19",农林牧渔,小程序/公众号,38
16220,"2024-07-20",科教文体,电话,3
16221,"2024-07-20",公卫医疗,电话,2
16222,"2024-07-20",城乡建设,电话,1
16223,"2024-07-20",交通运输,电话,3
16224,"2024-07-20",农林牧渔,电话,2
16225,"2024-07-20",科教文体,来信,4
16226,"2024-07-20",公卫医疗,来信,5
16227,"2024-07-20",城乡建设,来信,1
16228,"2024-07-20",交通运输,来信,1
16229,"2024-07-20",农林牧渔,来信,5
16230,"2024-07-20",科教文体,网站,37
16231,"2024-07-20",公卫医疗,网站,24
16232,"2024-07-20",城乡建设,网站,4
16233,"2024-07-20",交通运输,网站,15
16234,"2024-07-20",农林牧渔,网站,33
16235,"2024-07-20",科教文体,小程序/公众号,50
16236,"2024-07-20",公卫医疗,小程序/公众号,25
16237,"2024-07-20",城乡建设,小程序/公众号,15
16238,"2024-07-20",交通运输,小程序/公众号,15
16239,"2024-07-20",农林牧渔,小程序/公众号,77
16240,"2024-07-21",科教文体,电话,8
16241,"2024-07-21",公卫医疗,电话,22
16242,"2024-07-21",城乡建设,电话,4
16243,"2024-07-21",交通运输,电话,18
16244,"2024-07-21",农林牧渔,电话,4
16245,"2024-07-21",科教文体,来信,22
16246,"2024-07-21",公卫医疗,来信,10
16247,"2024-07-21",城乡建设,来信,13
16248,"2024-07-21",交通运输,来信,10
16249,"2024-07-21",农林牧渔,来信,0
16250,"2024-07-21",科教文体,网站,24
16251,"2024-07-21",公卫医疗,网站,2
16252,"2024-07-21",城乡建设,网站,5
16253,"2024-07-21",交通运输,网站,1
16254,"2024-07-21",农林牧渔,网站,23
16255,"2024-07-21",科教文体,小程序/公众号,27
16256,"2024-07-21",公卫医疗,小程序/公众号,47
16257,"2024-07-21",城乡建设,小程序/公众号,6
16258,"2024-07-21",交通运输,小程序/公众号,15
16259,"2024-07-21",农林牧渔,小程序/公众号,47
16260,"2024-07-22",科教文体,电话,27
16261,"2024-07-22",公卫医疗,电话,23
16262,"2024-07-22",城乡建设,电话,33
16263,"2024-07-22",交通运输,电话,4
16264,"2024-07-22",农林牧渔,电话,25
16265,"2024-07-22",科教文体,来信,33
16266,"2024-07-22",公卫医疗,来信,13
16267,"2024-07-22",城乡建设,来信,33
16268,"2024-07-22",交通运输,来信,8
16269,"2024-07-22",农林牧渔,来信,16
16270,"2024-07-22",科教文体,网站,3
16271,"2024-07-22",公卫医疗,网站,22
16272,"2024-07-22",城乡建设,网站,186
16273,"2024-07-22",交通运输,网站,6
16274,"2024-07-22",农林牧渔,网站,56
16275,"2024-07-22",科教文体,小程序/公众号,45
16276,"2024-07-22",公卫医疗,小程序/公众号,80
16277,"2024-07-22",城乡建设,小程序/公众号,124
16278,"2024-07-22",交通运输,小程序/公众号,83
16279,"2024-07-22",农林牧渔,小程序/公众号,122
16280,"2024-07-23",科教文体,电话,4
16281,"2024-07-23",公卫医疗,电话,7
16282,"2024-07-23",城乡建设,电话,2
16283,"2024-07-23",交通运输,电话,7
16284,"2024-07-23",农林牧渔,电话,7
16285,"2024-07-23",科教文体,来信,2
16286,"2024-07-23",公卫医疗,来信,3
16287,"2024-07-23",城乡建设,来信,3
16288,"2024-07-23",交通运输,来信,6
16289,"2024-07-23",农林牧渔,来信,6
16290,"2024-07-23",科教文体,网站,32
16291,"2024-07-23",公卫医疗,网站,23
16292,"2024-07-23",城乡建设,网站,7
16293,"2024-07-23",交通运输,网站,22
16294,"2024-07-23",农林牧渔,网站,49
16295,"2024-07-23",科教文体,小程序/公众号,77
16296,"2024-07-23",公卫医疗,小程序/公众号,24
16297,"2024-07-23",城乡建设,小程序/公众号,8
16298,"2024-07-23",交通运输,小程序/公众号,30
16299,"2024-07-23",农林牧渔,小程序/公众号,3
16300,"2024-07-24",科教文体,电话,6
16301,"2024-07-24",公卫医疗,电话,0
16302,"2024-07-24",城乡建设,电话,8
16303,"2024-07-24",交通运输,电话,2
16304,"2024-07-24",农林牧渔,电话,8
16305,"2024-07-24",科教文体,来信,26
16306,"2024-07-24",公卫医疗,来信,9
16307,"2024-07-24",城乡建设,来信,28
16308,"2024-07-24",交通运输,来信,6
16309,"2024-07-24",农林牧渔,来信,19
16310,"2024-07-24",科教文体,网站,9
16311,"2024-07-24",公卫医疗,网站,1
16312,"2024-07-24",城乡建设,网站,7
16313,"2024-07-24",交通运输,网站,6
16314,"2024-07-24",农林牧渔,网站,7
16315,"2024-07-24",科教文体,小程序/公众号,7
16316,"2024-07-24",公卫医疗,小程序/公众号,39
16317,"2024-07-24",城乡建设,小程序/公众号,33
16318,"2024-07-24",交通运输,小程序/公众号,36
16319,"2024-07-24",农林牧渔,小程序/公众号,62
16320,"2024-07-25",科教文体,电话,42
16321,"2024-07-25",公卫医疗,电话,28
16322,"2024-07-25",城乡建设,电话,23
16323,"2024-07-25",交通运输,电话,14
16324,"2024-07-25",农林牧渔,电话,39
16325,"2024-07-25",科教文体,来信,15
16326,"2024-07-25",公卫医疗,来信,11
16327,"2024-07-25",城乡建设,来信,14
16328,"2024-07-25",交通运输,来信,30
16329,"2024-07-25",农林牧渔,来信,26
16330,"2024-07-25",科教文体,网站,37
16331,"2024-07-25",公卫医疗,网站,50
16332,"2024-07-25",城乡建设,网站,25
16333,"2024-07-25",交通运输,网站,52
16334,"2024-07-25",农林牧渔,网站,33
16335,"2024-07-25",科教文体,小程序/公众号,121
16336,"2024-07-25",公卫医疗,小程序/公众号,121
16337,"2024-07-25",城乡建设,小程序/公众号,76
16338,"2024-07-25",交通运输,小程序/公众号,79
16339,"2024-07-25",农林牧渔,小程序/公众号,107
16340,"2024-07-26",科教文体,电话,1
16341,"2024-07-26",公卫医疗,电话,18
16342,"2024-07-26",城乡建设,电话,14
16343,"2024-07-26",交通运输,电话,23
16344,"2024-07-26",农林牧渔,电话,7
16345,"2024-07-26",科教文体,来信,2
16346,"2024-07-26",公卫医疗,来信,4
16347,"2024-07-26",城乡建设,来信,2
16348,"2024-07-26",交通运输,来信,4
16349,"2024-07-26",农林牧渔,来信,1
16350,"2024-07-26",科教文体,网站,24
16351,"2024-07-26",公卫医疗,网站,33
16352,"2024-07-26",城乡建设,网站,44
16353,"2024-07-26",交通运输,网站,47
16354,"2024-07-26",农林牧渔,网站,4
16355,"2024-07-26",科教文体,小程序/公众号,91
16356,"2024-07-26",公卫医疗,小程序/公众号,104
16357,"2024-07-26",城乡建设,小程序/公众号,21
16358,"2024-07-26",交通运输,小程序/公众号,62
16359,"2024-07-26",农林牧渔,小程序/公众号,33
16360,"2024-07-27",科教文体,电话,30
16361,"2024-07-27",公卫医疗,电话,44
16362,"2024-07-27",城乡建设,电话,21
16363,"2024-07-27",交通运输,电话,11
16364,"2024-07-27",农林牧渔,电话,31
16365,"2024-07-27",科教文体,来信,29
16366,"2024-07-27",公卫医疗,来信,41
16367,"2024-07-27",城乡建设,来信,36
16368,"2024-07-27",交通运输,来信,32
16369,"2024-07-27",农林牧渔,来信,63
16370,"2024-07-27",科教文体,网站,19
16371,"2024-07-27",公卫医疗,网站,62
16372,"2024-07-27",城乡建设,网站,17
16373,"2024-07-27",交通运输,网站,42
16374,"2024-07-27",农林牧渔,网站,46
16375,"2024-07-27",科教文体,小程序/公众号,59
16376,"2024-07-27",公卫医疗,小程序/公众号,112
16377,"2024-07-27",城乡建设,小程序/公众号,5
16378,"2024-07-27",交通运输,小程序/公众号,90
16379,"2024-07-27",农林牧渔,小程序/公众号,103
16380,"2024-07-28",科教文体,电话,26
16381,"2024-07-28",公卫医疗,电话,29
16382,"2024-07-28",城乡建设,电话,36
16383,"2024-07-28",交通运输,电话,30
16384,"2024-07-28",农林牧渔,电话,26
16385,"2024-07-28",科教文体,来信,21
16386,"2024-07-28",公卫医疗,来信,14
16387,"2024-07-28",城乡建设,来信,8
16388,"2024-07-28",交通运输,来信,19
16389,"2024-07-28",农林牧渔,来信,11
16390,"2024-07-28",科教文体,网站,18
16391,"2024-07-28",公卫医疗,网站,49
16392,"2024-07-28",城乡建设,网站,5
16393,"2024-07-28",交通运输,网站,29
16394,"2024-07-28",农林牧渔,网站,25
16395,"2024-07-28",科教文体,小程序/公众号,39
16396,"2024-07-28",公卫医疗,小程序/公众号,61
16397,"2024-07-28",城乡建设,小程序/公众号,38
16398,"2024-07-28",交通运输,小程序/公众号,87
16399,"2024-07-28",农林牧渔,小程序/公众号,30
16400,"2024-07-29",科教文体,电话,30
16401,"2024-07-29",公卫医疗,电话,1
16402,"2024-07-29",城乡建设,电话,32
16403,"2024-07-29",交通运输,电话,34
16404,"2024-07-29",农林牧渔,电话,9
16405,"2024-07-29",科教文体,来信,2
16406,"2024-07-29",公卫医疗,来信,57
16407,"2024-07-29",城乡建设,来信,65
16408,"2024-07-29",交通运输,来信,60
16409,"2024-07-29",农林牧渔,来信,66
16410,"2024-07-29",科教文体,网站,1
16411,"2024-07-29",公卫医疗,网站,1
16412,"2024-07-29",城乡建设,网站,42
16413,"2024-07-29",交通运输,网站,45
16414,"2024-07-29",农林牧渔,网站,25
16415,"2024-07-29",科教文体,小程序/公众号,46
16416,"2024-07-29",公卫医疗,小程序/公众号,168
16417,"2024-07-29",城乡建设,小程序/公众号,185
16418,"2024-07-29",交通运输,小程序/公众号,12
16419,"2024-07-29",农林牧渔,小程序/公众号,24
16420,"2024-07-30",科教文体,电话,21
16421,"2024-07-30",公卫医疗,电话,28
16422,"2024-07-30",城乡建设,电话,10
16423,"2024-07-30",交通运输,电话,20
16424,"2024-07-30",农林牧渔,电话,14
16425,"2024-07-30",科教文体,来信,29
16426,"2024-07-30",公卫医疗,来信,18
16427,"2024-07-30",城乡建设,来信,34
16428,"2024-07-30",交通运输,来信,20
16429,"2024-07-30",农林牧渔,来信,14
16430,"2024-07-30",科教文体,网站,24
16431,"2024-07-30",公卫医疗,网站,47
16432,"2024-07-30",城乡建设,网站,30
16433,"2024-07-30",交通运输,网站,21
16434,"2024-07-30",农林牧渔,网站,29
16435,"2024-07-30",科教文体,小程序/公众号,36
16436,"2024-07-30",公卫医疗,小程序/公众号,43
16437,"2024-07-30",城乡建设,小程序/公众号,10
16438,"2024-07-30",交通运输,小程序/公众号,72
16439,"2024-07-30",农林牧渔,小程序/公众号,87
16440,"2024-07-31",科教文体,电话,15
16441,"2024-07-31",公卫医疗,电话,14
16442,"2024-07-31",城乡建设,电话,6
16443,"2024-07-31",交通运输,电话,19
16444,"2024-07-31",农林牧渔,电话,0
16445,"2024-07-31",科教文体,来信,15
16446,"2024-07-31",公卫医疗,来信,8
16447,"2024-07-31",城乡建设,来信,12
16448,"2024-07-31",交通运输,来信,15
16449,"2024-07-31",农林牧渔,来信,34
16450,"2024-07-31",科教文体,网站,5
16451,"2024-07-31",公卫医疗,网站,6
16452,"2024-07-31",城乡建设,网站,18
16453,"2024-07-31",交通运输,网站,22
16454,"2024-07-31",农林牧渔,网站,15
16455,"2024-07-31",科教文体,小程序/公众号,18
16456,"2024-07-31",公卫医疗,小程序/公众号,29
16457,"2024-07-31",城乡建设,小程序/公众号,16
16458,"2024-07-31",交通运输,小程序/公众号,36
16459,"2024-07-31",农林牧渔,小程序/公众号,41
16460,"2024-08-01",科教文体,电话,37
16461,"2024-08-01",公卫医疗,电话,15
16462,"2024-08-01",城乡建设,电话,23
16463,"2024-08-01",交通运输,电话,8
16464,"2024-08-01",农林牧渔,电话,15
16465,"2024-08-01",科教文体,来信,10
16466,"2024-08-01",公卫医疗,来信,10
16467,"2024-08-01",城乡建设,来信,4
16468,"2024-08-01",交通运输,来信,11
16469,"2024-08-01",农林牧渔,来信,12
16470,"2024-08-01",科教文体,网站,3
16471,"2024-08-01",公卫医疗,网站,20
16472,"2024-08-01",城乡建设,网站,42
16473,"2024-08-01",交通运输,网站,24
16474,"2024-08-01",农林牧渔,网站,3
16475,"2024-08-01",科教文体,小程序/公众号,59
16476,"2024-08-01",公卫医疗,小程序/公众号,46
16477,"2024-08-01",城乡建设,小程序/公众号,37
16478,"2024-08-01",交通运输,小程序/公众号,39
16479,"2024-08-01",农林牧渔,小程序/公众号,44
16480,"2024-08-02",科教文体,电话,23
16481,"2024-08-02",公卫医疗,电话,26
16482,"2024-08-02",城乡建设,电话,28
16483,"2024-08-02",交通运输,电话,10
16484,"2024-08-02",农林牧渔,电话,27
16485,"2024-08-02",科教文体,来信,6
16486,"2024-08-02",公卫医疗,来信,15
16487,"2024-08-02",城乡建设,来信,21
16488,"2024-08-02",交通运输,来信,37
16489,"2024-08-02",农林牧渔,来信,22
16490,"2024-08-02",科教文体,网站,2
16491,"2024-08-02",公卫医疗,网站,32
16492,"2024-08-02",城乡建设,网站,19
16493,"2024-08-02",交通运输,网站,45
16494,"2024-08-02",农林牧渔,网站,15
16495,"2024-08-02",科教文体,小程序/公众号,59
16496,"2024-08-02",公卫医疗,小程序/公众号,81
16497,"2024-08-02",城乡建设,小程序/公众号,7
16498,"2024-08-02",交通运输,小程序/公众号,53
16499,"2024-08-02",农林牧渔,小程序/公众号,36
16500,"2024-08-03",科教文体,电话,0
16501,"2024-08-03",公卫医疗,电话,4
16502,"2024-08-03",城乡建设,电话,12
16503,"2024-08-03",交通运输,电话,3
16504,"2024-08-03",农林牧渔,电话,6
16505,"2024-08-03",科教文体,来信,2
16506,"2024-08-03",公卫医疗,来信,10
16507,"2024-08-03",城乡建设,来信,11
16508,"2024-08-03",交通运输,来信,5
16509,"2024-08-03",农林牧渔,来信,13
16510,"2024-08-03",科教文体,网站,19
16511,"2024-08-03",公卫医疗,网站,116
16512,"2024-08-03",城乡建设,网站,115
16513,"2024-08-03",交通运输,网站,57
16514,"2024-08-03",农林牧渔,网站,14
16515,"2024-08-03",科教文体,小程序/公众号,40
16516,"2024-08-03",公卫医疗,小程序/公众号,309
16517,"2024-08-03",城乡建设,小程序/公众号,48
16518,"2024-08-03",交通运输,小程序/公众号,109
16519,"2024-08-03",农林牧渔,小程序/公众号,24
16520,"2024-08-04",科教文体,电话,18
16521,"2024-08-04",公卫医疗,电话,18
16522,"2024-08-04",城乡建设,电话,19
16523,"2024-08-04",交通运输,电话,10
16524,"2024-08-04",农林牧渔,电话,2
16525,"2024-08-04",科教文体,来信,10
16526,"2024-08-04",公卫医疗,来信,20
16527,"2024-08-04",城乡建设,来信,24
16528,"2024-08-04",交通运输,来信,6
16529,"2024-08-04",农林牧渔,来信,31
16530,"2024-08-04",科教文体,网站,17
16531,"2024-08-04",公卫医疗,网站,18
16532,"2024-08-04",城乡建设,网站,18
16533,"2024-08-04",交通运输,网站,22
16534,"2024-08-04",农林牧渔,网站,7
16535,"2024-08-04",科教文体,小程序/公众号,38
16536,"2024-08-04",公卫医疗,小程序/公众号,9
16537,"2024-08-04",城乡建设,小程序/公众号,13
16538,"2024-08-04",交通运输,小程序/公众号,1
16539,"2024-08-04",农林牧渔,小程序/公众号,43
16540,"2024-08-05",科教文体,电话,60
16541,"2024-08-05",公卫医疗,电话,7
16542,"2024-08-05",城乡建设,电话,45
16543,"2024-08-05",交通运输,电话,62
16544,"2024-08-05",农林牧渔,电话,9
16545,"2024-08-05",科教文体,来信,5
16546,"2024-08-05",公卫医疗,来信,69
16547,"2024-08-05",城乡建设,来信,50
16548,"2024-08-05",交通运输,来信,33
16549,"2024-08-05",农林牧渔,来信,53
16550,"2024-08-05",科教文体,网站,9
16551,"2024-08-05",公卫医疗,网站,8
16552,"2024-08-05",城乡建设,网站,4
16553,"2024-08-05",交通运输,网站,5
16554,"2024-08-05",农林牧渔,网站,4
16555,"2024-08-05",科教文体,小程序/公众号,22
16556,"2024-08-05",公卫医疗,小程序/公众号,114
16557,"2024-08-05",城乡建设,小程序/公众号,81
16558,"2024-08-05",交通运输,小程序/公众号,84
16559,"2024-08-05",农林牧渔,小程序/公众号,201
16560,"2024-08-06",科教文体,电话,9
16561,"2024-08-06",公卫医疗,电话,9
16562,"2024-08-06",城乡建设,电话,34
16563,"2024-08-06",交通运输,电话,15
16564,"2024-08-06",农林牧渔,电话,2
16565,"2024-08-06",科教文体,来信,9
16566,"2024-08-06",公卫医疗,来信,2
16567,"2024-08-06",城乡建设,来信,9
16568,"2024-08-06",交通运输,来信,11
16569,"2024-08-06",农林牧渔,来信,18
16570,"2024-08-06",科教文体,网站,9
16571,"2024-08-06",公卫医疗,网站,27
16572,"2024-08-06",城乡建设,网站,25
16573,"2024-08-06",交通运输,网站,15
16574,"2024-08-06",农林牧渔,网站,16
16575,"2024-08-06",科教文体,小程序/公众号,14
16576,"2024-08-06",公卫医疗,小程序/公众号,51
16577,"2024-08-06",城乡建设,小程序/公众号,19
16578,"2024-08-06",交通运输,小程序/公众号,27
16579,"2024-08-06",农林牧渔,小程序/公众号,48
16580,"2024-08-07",科教文体,电话,4
16581,"2024-08-07",公卫医疗,电话,4
16582,"2024-08-07",城乡建设,电话,4
16583,"2024-08-07",交通运输,电话,3
16584,"2024-08-07",农林牧渔,电话,3
16585,"2024-08-07",科教文体,来信,19
16586,"2024-08-07",公卫医疗,来信,13
16587,"2024-08-07",城乡建设,来信,14
16588,"2024-08-07",交通运输,来信,17
16589,"2024-08-07",农林牧渔,来信,13
16590,"2024-08-07",科教文体,网站,6
16591,"2024-08-07",公卫医疗,网站,3
16592,"2024-08-07",城乡建设,网站,6
16593,"2024-08-07",交通运输,网站,6
16594,"2024-08-07",农林牧渔,网站,3
16595,"2024-08-07",科教文体,小程序/公众号,74
16596,"2024-08-07",公卫医疗,小程序/公众号,38
16597,"2024-08-07",城乡建设,小程序/公众号,38
16598,"2024-08-07",交通运输,小程序/公众号,8
16599,"2024-08-07",农林牧渔,小程序/公众号,40
16600,"2024-08-08",科教文体,电话,4
16601,"2024-08-08",公卫医疗,电话,7
16602,"2024-08-08",城乡建设,电话,21
16603,"2024-08-08",交通运输,电话,5
16604,"2024-08-08",农林牧渔,电话,1
16605,"2024-08-08",科教文体,来信,6
16606,"2024-08-08",公卫医疗,来信,11
16607,"2024-08-08",城乡建设,来信,5
16608,"2024-08-08",交通运输,来信,7
16609,"2024-08-08",农林牧渔,来信,10
16610,"2024-08-08",科教文体,网站,11
16611,"2024-08-08",公卫医疗,网站,13
16612,"2024-08-08",城乡建设,网站,34
16613,"2024-08-08",交通运输,网站,39
16614,"2024-08-08",农林牧渔,网站,17
16615,"2024-08-08",科教文体,小程序/公众号,21
16616,"2024-08-08",公卫医疗,小程序/公众号,27
16617,"2024-08-08",城乡建设,小程序/公众号,19
16618,"2024-08-08",交通运输,小程序/公众号,28
16619,"2024-08-08",农林牧渔,小程序/公众号,32
16620,"2024-08-09",科教文体,电话,1
16621,"2024-08-09",公卫医疗,电话,8
16622,"2024-08-09",城乡建设,电话,3
16623,"2024-08-09",交通运输,电话,8
16624,"2024-08-09",农林牧渔,电话,3
16625,"2024-08-09",科教文体,来信,12
16626,"2024-08-09",公卫医疗,来信,8
16627,"2024-08-09",城乡建设,来信,31
16628,"2024-08-09",交通运输,来信,28
16629,"2024-08-09",农林牧渔,来信,21
16630,"2024-08-09",科教文体,网站,14
16631,"2024-08-09",公卫医疗,网站,9
16632,"2024-08-09",城乡建设,网站,9
16633,"2024-08-09",交通运输,网站,1
16634,"2024-08-09",农林牧渔,网站,1
16635,"2024-08-09",科教文体,小程序/公众号,96
16636,"2024-08-09",公卫医疗,小程序/公众号,107
16637,"2024-08-09",城乡建设,小程序/公众号,92
16638,"2024-08-09",交通运输,小程序/公众号,19
16639,"2024-08-09",农林牧渔,小程序/公众号,107
16640,"2024-08-10",科教文体,电话,26
16641,"2024-08-10",公卫医疗,电话,4
16642,"2024-08-10",城乡建设,电话,32
16643,"2024-08-10",交通运输,电话,4
16644,"2024-08-10",农林牧渔,电话,10
16645,"2024-08-10",科教文体,来信,1
16646,"2024-08-10",公卫医疗,来信,29
16647,"2024-08-10",城乡建设,来信,43
16648,"2024-08-10",交通运输,来信,8
16649,"2024-08-10",农林牧渔,来信,60
16650,"2024-08-10",科教文体,网站,5
16651,"2024-08-10",公卫医疗,网站,4
16652,"2024-08-10",城乡建设,网站,35
16653,"2024-08-10",交通运输,网站,13
16654,"2024-08-10",农林牧渔,网站,8
16655,"2024-08-10",科教文体,小程序/公众号,150
16656,"2024-08-10",公卫医疗,小程序/公众号,128
16657,"2024-08-10",城乡建设,小程序/公众号,191
16658,"2024-08-10",交通运输,小程序/公众号,70
16659,"2024-08-10",农林牧渔,小程序/公众号,15
16660,"2024-08-11",科教文体,电话,1
16661,"2024-08-11",公卫医疗,电话,4
16662,"2024-08-11",城乡建设,电话,3
16663,"2024-08-11",交通运输,电话,1
16664,"2024-08-11",农林牧渔,电话,5
16665,"2024-08-11",科教文体,来信,21
16666,"2024-08-11",公卫医疗,来信,19
16667,"2024-08-11",城乡建设,来信,16
16668,"2024-08-11",交通运输,来信,45
16669,"2024-08-11",农林牧渔,来信,65
16670,"2024-08-11",科教文体,网站,18
16671,"2024-08-11",公卫医疗,网站,25
16672,"2024-08-11",城乡建设,网站,21
16673,"2024-08-11",交通运输,网站,10
16674,"2024-08-11",农林牧渔,网站,5
16675,"2024-08-11",科教文体,小程序/公众号,79
16676,"2024-08-11",公卫医疗,小程序/公众号,51
16677,"2024-08-11",城乡建设,小程序/公众号,86
16678,"2024-08-11",交通运输,小程序/公众号,44
16679,"2024-08-11",农林牧渔,小程序/公众号,36
16680,"2024-08-12",科教文体,电话,13
16681,"2024-08-12",公卫医疗,电话,47
16682,"2024-08-12",城乡建设,电话,32
16683,"2024-08-12",交通运输,电话,40
16684,"2024-08-12",农林牧渔,电话,73
16685,"2024-08-12",科教文体,来信,13
16686,"2024-08-12",公卫医疗,来信,30
16687,"2024-08-12",城乡建设,来信,30
16688,"2024-08-12",交通运输,来信,26
16689,"2024-08-12",农林牧渔,来信,23
16690,"2024-08-12",科教文体,网站,57
16691,"2024-08-12",公卫医疗,网站,67
16692,"2024-08-12",城乡建设,网站,28
16693,"2024-08-12",交通运输,网站,45
16694,"2024-08-12",农林牧渔,网站,60
16695,"2024-08-12",科教文体,小程序/公众号,88
16696,"2024-08-12",公卫医疗,小程序/公众号,28
16697,"2024-08-12",城乡建设,小程序/公众号,37
16698,"2024-08-12",交通运输,小程序/公众号,72
16699,"2024-08-12",农林牧渔,小程序/公众号,154
16700,"2024-08-13",科教文体,电话,13
16701,"2024-08-13",公卫医疗,电话,7
16702,"2024-08-13",城乡建设,电话,7
16703,"2024-08-13",交通运输,电话,10
16704,"2024-08-13",农林牧渔,电话,7
16705,"2024-08-13",科教文体,来信,5
16706,"2024-08-13",公卫医疗,来信,7
16707,"2024-08-13",城乡建设,来信,50
16708,"2024-08-13",交通运输,来信,49
16709,"2024-08-13",农林牧渔,来信,37
16710,"2024-08-13",科教文体,网站,12
16711,"2024-08-13",公卫医疗,网站,50
16712,"2024-08-13",城乡建设,网站,18
16713,"2024-08-13",交通运输,网站,38
16714,"2024-08-13",农林牧渔,网站,55
16715,"2024-08-13",科教文体,小程序/公众号,99
16716,"2024-08-13",公卫医疗,小程序/公众号,83
16717,"2024-08-13",城乡建设,小程序/公众号,24
16718,"2024-08-13",交通运输,小程序/公众号,8
16719,"2024-08-13",农林牧渔,小程序/公众号,5
16720,"2024-08-14",科教文体,电话,12
16721,"2024-08-14",公卫医疗,电话,5
16722,"2024-08-14",城乡建设,电话,26
16723,"2024-08-14",交通运输,电话,27
16724,"2024-08-14",农林牧渔,电话,25
16725,"2024-08-14",科教文体,来信,3
16726,"2024-08-14",公卫医疗,来信,24
16727,"2024-08-14",城乡建设,来信,48
16728,"2024-08-14",交通运输,来信,4
16729,"2024-08-14",农林牧渔,来信,2
16730,"2024-08-14",科教文体,网站,4
16731,"2024-08-14",公卫医疗,网站,23
16732,"2024-08-14",城乡建设,网站,15
16733,"2024-08-14",交通运输,网站,23
16734,"2024-08-14",农林牧渔,网站,26
16735,"2024-08-14",科教文体,小程序/公众号,13
16736,"2024-08-14",公卫医疗,小程序/公众号,46
16737,"2024-08-14",城乡建设,小程序/公众号,92
16738,"2024-08-14",交通运输,小程序/公众号,33
16739,"2024-08-14",农林牧渔,小程序/公众号,10
16740,"2024-08-15",科教文体,电话,13
16741,"2024-08-15",公卫医疗,电话,15
16742,"2024-08-15",城乡建设,电话,13
16743,"2024-08-15",交通运输,电话,12
16744,"2024-08-15",农林牧渔,电话,12
16745,"2024-08-15",科教文体,来信,32
16746,"2024-08-15",公卫医疗,来信,50
16747,"2024-08-15",城乡建设,来信,20
16748,"2024-08-15",交通运输,来信,90
16749,"2024-08-15",农林牧渔,来信,17
16750,"2024-08-15",科教文体,网站,17
16751,"2024-08-15",公卫医疗,网站,28
16752,"2024-08-15",城乡建设,网站,108
16753,"2024-08-15",交通运输,网站,97
16754,"2024-08-15",农林牧渔,网站,79
16755,"2024-08-15",科教文体,小程序/公众号,110
16756,"2024-08-15",公卫医疗,小程序/公众号,23
16757,"2024-08-15",城乡建设,小程序/公众号,78
16758,"2024-08-15",交通运输,小程序/公众号,96
16759,"2024-08-15",农林牧渔,小程序/公众号,36
16760,"2024-08-16",科教文体,电话,18
16761,"2024-08-16",公卫医疗,电话,20
16762,"2024-08-16",城乡建设,电话,18
16763,"2024-08-16",交通运输,电话,13
16764,"2024-08-16",农林牧渔,电话,6
16765,"2024-08-16",科教文体,来信,24
16766,"2024-08-16",公卫医疗,来信,9
16767,"2024-08-16",城乡建设,来信,21
16768,"2024-08-16",交通运输,来信,19
16769,"2024-08-16",农林牧渔,来信,7
16770,"2024-08-16",科教文体,网站,11
16771,"2024-08-16",公卫医疗,网站,22
16772,"2024-08-16",城乡建设,网站,20
16773,"2024-08-16",交通运输,网站,16
16774,"2024-08-16",农林牧渔,网站,24
16775,"2024-08-16",科教文体,小程序/公众号,18
16776,"2024-08-16",公卫医疗,小程序/公众号,27
16777,"2024-08-16",城乡建设,小程序/公众号,92
16778,"2024-08-16",交通运输,小程序/公众号,32
16779,"2024-08-16",农林牧渔,小程序/公众号,44
16780,"2024-08-17",科教文体,电话,21
16781,"2024-08-17",公卫医疗,电话,10
16782,"2024-08-17",城乡建设,电话,25
16783,"2024-08-17",交通运输,电话,7
16784,"2024-08-17",农林牧渔,电话,2
16785,"2024-08-17",科教文体,来信,33
16786,"2024-08-17",公卫医疗,来信,34
16787,"2024-08-17",城乡建设,来信,10
16788,"2024-08-17",交通运输,来信,5
16789,"2024-08-17",农林牧渔,来信,31
16790,"2024-08-17",科教文体,网站,2
16791,"2024-08-17",公卫医疗,网站,6
16792,"2024-08-17",城乡建设,网站,57
16793,"2024-08-17",交通运输,网站,2
16794,"2024-08-17",农林牧渔,网站,60
16795,"2024-08-17",科教文体,小程序/公众号,45
16796,"2024-08-17",公卫医疗,小程序/公众号,43
16797,"2024-08-17",城乡建设,小程序/公众号,51
16798,"2024-08-17",交通运输,小程序/公众号,71
16799,"2024-08-17",农林牧渔,小程序/公众号,31
16800,"2024-08-18",科教文体,电话,18
16801,"2024-08-18",公卫医疗,电话,13
16802,"2024-08-18",城乡建设,电话,18
16803,"2024-08-18",交通运输,电话,18
16804,"2024-08-18",农林牧渔,电话,27
16805,"2024-08-18",科教文体,来信,1
16806,"2024-08-18",公卫医疗,来信,9
16807,"2024-08-18",城乡建设,来信,8
16808,"2024-08-18",交通运输,来信,10
16809,"2024-08-18",农林牧渔,来信,10
16810,"2024-08-18",科教文体,网站,2
16811,"2024-08-18",公卫医疗,网站,10
16812,"2024-08-18",城乡建设,网站,15
16813,"2024-08-18",交通运输,网站,17
16814,"2024-08-18",农林牧渔,网站,0
16815,"2024-08-18",科教文体,小程序/公众号,0
16816,"2024-08-18",公卫医疗,小程序/公众号,80
16817,"2024-08-18",城乡建设,小程序/公众号,103
16818,"2024-08-18",交通运输,小程序/公众号,41
16819,"2024-08-18",农林牧渔,小程序/公众号,176
16820,"2024-08-19",科教文体,电话,32
16821,"2024-08-19",公卫医疗,电话,6
16822,"2024-08-19",城乡建设,电话,52
16823,"2024-08-19",交通运输,电话,14
16824,"2024-08-19",农林牧渔,电话,59
16825,"2024-08-19",科教文体,来信,15
16826,"2024-08-19",公卫医疗,来信,19
16827,"2024-08-19",城乡建设,来信,10
16828,"2024-08-19",交通运输,来信,17
16829,"2024-08-19",农林牧渔,来信,19
16830,"2024-08-19",科教文体,网站,20
16831,"2024-08-19",公卫医疗,网站,23
16832,"2024-08-19",城乡建设,网站,20
16833,"2024-08-19",交通运输,网站,21
16834,"2024-08-19",农林牧渔,网站,2
16835,"2024-08-19",科教文体,小程序/公众号,118
16836,"2024-08-19",公卫医疗,小程序/公众号,69
16837,"2024-08-19",城乡建设,小程序/公众号,97
16838,"2024-08-19",交通运输,小程序/公众号,63
16839,"2024-08-19",农林牧渔,小程序/公众号,11
16840,"2024-08-20",科教文体,电话,73
16841,"2024-08-20",公卫医疗,电话,47
16842,"2024-08-20",城乡建设,电话,48
16843,"2024-08-20",交通运输,电话,16
16844,"2024-08-20",农林牧渔,电话,48
16845,"2024-08-20",科教文体,来信,5
16846,"2024-08-20",公卫医疗,来信,4
16847,"2024-08-20",城乡建设,来信,5
16848,"2024-08-20",交通运输,来信,3
16849,"2024-08-20",农林牧渔,来信,2
16850,"2024-08-20",科教文体,网站,12
16851,"2024-08-20",公卫医疗,网站,7
16852,"2024-08-20",城乡建设,网站,20
16853,"2024-08-20",交通运输,网站,18
16854,"2024-08-20",农林牧渔,网站,14
16855,"2024-08-20",科教文体,小程序/公众号,36
16856,"2024-08-20",公卫医疗,小程序/公众号,92
16857,"2024-08-20",城乡建设,小程序/公众号,251
16858,"2024-08-20",交通运输,小程序/公众号,143
16859,"2024-08-20",农林牧渔,小程序/公众号,113
16860,"2024-08-21",科教文体,电话,7
16861,"2024-08-21",公卫医疗,电话,19
16862,"2024-08-21",城乡建设,电话,98
16863,"2024-08-21",交通运输,电话,45
16864,"2024-08-21",农林牧渔,电话,44
16865,"2024-08-21",科教文体,来信,25
16866,"2024-08-21",公卫医疗,来信,21
16867,"2024-08-21",城乡建设,来信,12
16868,"2024-08-21",交通运输,来信,10
16869,"2024-08-21",农林牧渔,来信,21
16870,"2024-08-21",科教文体,网站,67
16871,"2024-08-21",公卫医疗,网站,39
16872,"2024-08-21",城乡建设,网站,87
16873,"2024-08-21",交通运输,网站,59
16874,"2024-08-21",农林牧渔,网站,77
16875,"2024-08-21",科教文体,小程序/公众号,32
16876,"2024-08-21",公卫医疗,小程序/公众号,122
16877,"2024-08-21",城乡建设,小程序/公众号,88
16878,"2024-08-21",交通运输,小程序/公众号,7
16879,"2024-08-21",农林牧渔,小程序/公众号,116
16880,"2024-08-22",科教文体,电话,11
16881,"2024-08-22",公卫医疗,电话,2
16882,"2024-08-22",城乡建设,电话,7
16883,"2024-08-22",交通运输,电话,17
16884,"2024-08-22",农林牧渔,电话,16
16885,"2024-08-22",科教文体,来信,72
16886,"2024-08-22",公卫医疗,来信,47
16887,"2024-08-22",城乡建设,来信,14
16888,"2024-08-22",交通运输,来信,22
16889,"2024-08-22",农林牧渔,来信,15
16890,"2024-08-22",科教文体,网站,62
16891,"2024-08-22",公卫医疗,网站,100
16892,"2024-08-22",城乡建设,网站,80
16893,"2024-08-22",交通运输,网站,5
16894,"2024-08-22",农林牧渔,网站,2
16895,"2024-08-22",科教文体,小程序/公众号,117
16896,"2024-08-22",公卫医疗,小程序/公众号,157
16897,"2024-08-22",城乡建设,小程序/公众号,54
16898,"2024-08-22",交通运输,小程序/公众号,21
16899,"2024-08-22",农林牧渔,小程序/公众号,130
16900,"2024-08-23",科教文体,电话,3
16901,"2024-08-23",公卫医疗,电话,2
16902,"2024-08-23",城乡建设,电话,2
16903,"2024-08-23",交通运输,电话,5
16904,"2024-08-23",农林牧渔,电话,3
16905,"2024-08-23",科教文体,来信,27
16906,"2024-08-23",公卫医疗,来信,3
16907,"2024-08-23",城乡建设,来信,3
16908,"2024-08-23",交通运输,来信,21
16909,"2024-08-23",农林牧渔,来信,4
16910,"2024-08-23",科教文体,网站,16
16911,"2024-08-23",公卫医疗,网站,14
16912,"2024-08-23",城乡建设,网站,8
16913,"2024-08-23",交通运输,网站,12
16914,"2024-08-23",农林牧渔,网站,4
16915,"2024-08-23",科教文体,小程序/公众号,59
16916,"2024-08-23",公卫医疗,小程序/公众号,74
16917,"2024-08-23",城乡建设,小程序/公众号,52
16918,"2024-08-23",交通运输,小程序/公众号,39
16919,"2024-08-23",农林牧渔,小程序/公众号,20
16920,"2024-08-24",科教文体,电话,34
16921,"2024-08-24",公卫医疗,电话,36
16922,"2024-08-24",城乡建设,电话,10
16923,"2024-08-24",交通运输,电话,40
16924,"2024-08-24",农林牧渔,电话,41
16925,"2024-08-24",科教文体,来信,27
16926,"2024-08-24",公卫医疗,来信,21
16927,"2024-08-24",城乡建设,来信,36
16928,"2024-08-24",交通运输,来信,15
16929,"2024-08-24",农林牧渔,来信,18
16930,"2024-08-24",科教文体,网站,7
16931,"2024-08-24",公卫医疗,网站,57
16932,"2024-08-24",城乡建设,网站,78
16933,"2024-08-24",交通运输,网站,39
16934,"2024-08-24",农林牧渔,网站,42
16935,"2024-08-24",科教文体,小程序/公众号,22
16936,"2024-08-24",公卫医疗,小程序/公众号,66
16937,"2024-08-24",城乡建设,小程序/公众号,37
16938,"2024-08-24",交通运输,小程序/公众号,31
16939,"2024-08-24",农林牧渔,小程序/公众号,67
16940,"2024-08-25",科教文体,电话,3
16941,"2024-08-25",公卫医疗,电话,3
16942,"2024-08-25",城乡建设,电话,2
16943,"2024-08-25",交通运输,电话,5
16944,"2024-08-25",农林牧渔,电话,3
16945,"2024-08-25",科教文体,来信,3
16946,"2024-08-25",公卫医疗,来信,22
16947,"2024-08-25",城乡建设,来信,6
16948,"2024-08-25",交通运输,来信,6
16949,"2024-08-25",农林牧渔,来信,54
16950,"2024-08-25",科教文体,网站,26
16951,"2024-08-25",公卫医疗,网站,12
16952,"2024-08-25",城乡建设,网站,22
16953,"2024-08-25",交通运输,网站,84
16954,"2024-08-25",农林牧渔,网站,50
16955,"2024-08-25",科教文体,小程序/公众号,69
16956,"2024-08-25",公卫医疗,小程序/公众号,90
16957,"2024-08-25",城乡建设,小程序/公众号,96
16958,"2024-08-25",交通运输,小程序/公众号,35
16959,"2024-08-25",农林牧渔,小程序/公众号,58
16960,"2024-08-26",科教文体,电话,18
16961,"2024-08-26",公卫医疗,电话,33
16962,"2024-08-26",城乡建设,电话,27
16963,"2024-08-26",交通运输,电话,17
16964,"2024-08-26",农林牧渔,电话,35
16965,"2024-08-26",科教文体,来信,44
16966,"2024-08-26",公卫医疗,来信,9
16967,"2024-08-26",城乡建设,来信,37
16968,"2024-08-26",交通运输,来信,39
16969,"2024-08-26",农林牧渔,来信,38
16970,"2024-08-26",科教文体,网站,30
16971,"2024-08-26",公卫医疗,网站,108
16972,"2024-08-26",城乡建设,网站,4
16973,"2024-08-26",交通运输,网站,30
16974,"2024-08-26",农林牧渔,网站,87
16975,"2024-08-26",科教文体,小程序/公众号,21
16976,"2024-08-26",公卫医疗,小程序/公众号,90
16977,"2024-08-26",城乡建设,小程序/公众号,86
16978,"2024-08-26",交通运输,小程序/公众号,50
16979,"2024-08-26",农林牧渔,小程序/公众号,96
16980,"2024-08-27",科教文体,电话,40
16981,"2024-08-27",公卫医疗,电话,7
16982,"2024-08-27",城乡建设,电话,30
16983,"2024-08-27",交通运输,电话,4
16984,"2024-08-27",农林牧渔,电话,33
16985,"2024-08-27",科教文体,来信,56
16986,"2024-08-27",公卫医疗,来信,23
16987,"2024-08-27",城乡建设,来信,5
16988,"2024-08-27",交通运输,来信,61
16989,"2024-08-27",农林牧渔,来信,18
16990,"2024-08-27",科教文体,网站,13
16991,"2024-08-27",公卫医疗,网站,9
16992,"2024-08-27",城乡建设,网站,63
16993,"2024-08-27",交通运输,网站,8
16994,"2024-08-27",农林牧渔,网站,15
16995,"2024-08-27",科教文体,小程序/公众号,113
16996,"2024-08-27",公卫医疗,小程序/公众号,27
16997,"2024-08-27",城乡建设,小程序/公众号,18
16998,"2024-08-27",交通运输,小程序/公众号,16
16999,"2024-08-27",农林牧渔,小程序/公众号,83
17000,"2024-08-28",科教文体,电话,21
17001,"2024-08-28",公卫医疗,电话,8
17002,"2024-08-28",城乡建设,电话,13
17003,"2024-08-28",交通运输,电话,4
17004,"2024-08-28",农林牧渔,电话,22
17005,"2024-08-28",科教文体,来信,54
17006,"2024-08-28",公卫医疗,来信,37
17007,"2024-08-28",城乡建设,来信,24
17008,"2024-08-28",交通运输,来信,54
17009,"2024-08-28",农林牧渔,来信,30
17010,"2024-08-28",科教文体,网站,2
17011,"2024-08-28",公卫医疗,网站,23
17012,"2024-08-28",城乡建设,网站,63
17013,"2024-08-28",交通运输,网站,2
17014,"2024-08-28",农林牧渔,网站,58
17015,"2024-08-28",科教文体,小程序/公众号,11
17016,"2024-08-28",公卫医疗,小程序/公众号,61
17017,"2024-08-28",城乡建设,小程序/公众号,54
17018,"2024-08-28",交通运输,小程序/公众号,89
17019,"2024-08-28",农林牧渔,小程序/公众号,136
17020,"2024-08-29",科教文体,电话,92
17021,"2024-08-29",公卫医疗,电话,9
17022,"2024-08-29",城乡建设,电话,10
17023,"2024-08-29",交通运输,电话,21
17024,"2024-08-29",农林牧渔,电话,28
17025,"2024-08-29",科教文体,来信,58
17026,"2024-08-29",公卫医疗,来信,27
17027,"2024-08-29",城乡建设,来信,6
17028,"2024-08-29",交通运输,来信,25
17029,"2024-08-29",农林牧渔,来信,34
17030,"2024-08-29",科教文体,网站,16
17031,"2024-08-29",公卫医疗,网站,19
17032,"2024-08-29",城乡建设,网站,56
17033,"2024-08-29",交通运输,网站,2
17034,"2024-08-29",农林牧渔,网站,21
17035,"2024-08-29",科教文体,小程序/公众号,80
17036,"2024-08-29",公卫医疗,小程序/公众号,215
17037,"2024-08-29",城乡建设,小程序/公众号,127
17038,"2024-08-29",交通运输,小程序/公众号,23
17039,"2024-08-29",农林牧渔,小程序/公众号,101
17040,"2024-08-30",科教文体,电话,13
17041,"2024-08-30",公卫医疗,电话,25
17042,"2024-08-30",城乡建设,电话,27
17043,"2024-08-30",交通运输,电话,4
17044,"2024-08-30",农林牧渔,电话,30
17045,"2024-08-30",科教文体,来信,5
17046,"2024-08-30",公卫医疗,来信,5
17047,"2024-08-30",城乡建设,来信,5
17048,"2024-08-30",交通运输,来信,2
17049,"2024-08-30",农林牧渔,来信,3
17050,"2024-08-30",科教文体,网站,24
17051,"2024-08-30",公卫医疗,网站,51
17052,"2024-08-30",城乡建设,网站,41
17053,"2024-08-30",交通运输,网站,43
17054,"2024-08-30",农林牧渔,网站,62
17055,"2024-08-30",科教文体,小程序/公众号,120
17056,"2024-08-30",公卫医疗,小程序/公众号,123
17057,"2024-08-30",城乡建设,小程序/公众号,87
17058,"2024-08-30",交通运输,小程序/公众号,135
17059,"2024-08-30",农林牧渔,小程序/公众号,123
17060,"2024-08-31",科教文体,电话,4
17061,"2024-08-31",公卫医疗,电话,10
17062,"2024-08-31",城乡建设,电话,22
17063,"2024-08-31",交通运输,电话,26
17064,"2024-08-31",农林牧渔,电话,24
17065,"2024-08-31",科教文体,来信,24
17066,"2024-08-31",公卫医疗,来信,22
17067,"2024-08-31",城乡建设,来信,63
17068,"2024-08-31",交通运输,来信,13
17069,"2024-08-31",农林牧渔,来信,11
17070,"2024-08-31",科教文体,网站,7
17071,"2024-08-31",公卫医疗,网站,19
17072,"2024-08-31",城乡建设,网站,1
17073,"2024-08-31",交通运输,网站,20
17074,"2024-08-31",农林牧渔,网站,17
17075,"2024-08-31",科教文体,小程序/公众号,21
17076,"2024-08-31",公卫医疗,小程序/公众号,128
17077,"2024-08-31",城乡建设,小程序/公众号,115
17078,"2024-08-31",交通运输,小程序/公众号,95
17079,"2024-08-31",农林牧渔,小程序/公众号,81
17080,"2024-09-01",科教文体,电话,5
17081,"2024-09-01",公卫医疗,电话,5
17082,"2024-09-01",城乡建设,电话,6
17083,"2024-09-01",交通运输,电话,0
17084,"2024-09-01",农林牧渔,电话,3
17085,"2024-09-01",科教文体,来信,4
17086,"2024-09-01",公卫医疗,来信,9
17087,"2024-09-01",城乡建设,来信,7
17088,"2024-09-01",交通运输,来信,15
17089,"2024-09-01",农林牧渔,来信,3
17090,"2024-09-01",科教文体,网站,58
17091,"2024-09-01",公卫医疗,网站,1
17092,"2024-09-01",城乡建设,网站,28
17093,"2024-09-01",交通运输,网站,30
17094,"2024-09-01",农林牧渔,网站,27
17095,"2024-09-01",科教文体,小程序/公众号,78
17096,"2024-09-01",公卫医疗,小程序/公众号,81
17097,"2024-09-01",城乡建设,小程序/公众号,3
17098,"2024-09-01",交通运输,小程序/公众号,55
17099,"2024-09-01",农林牧渔,小程序/公众号,76
17100,"2024-09-02",科教文体,电话,1
17101,"2024-09-02",公卫医疗,电话,3
17102,"2024-09-02",城乡建设,电话,2
17103,"2024-09-02",交通运输,电话,2
17104,"2024-09-02",农林牧渔,电话,2
17105,"2024-09-02",科教文体,来信,14
17106,"2024-09-02",公卫医疗,来信,38
17107,"2024-09-02",城乡建设,来信,22
17108,"2024-09-02",交通运输,来信,15
17109,"2024-09-02",农林牧渔,来信,30
17110,"2024-09-02",科教文体,网站,1
17111,"2024-09-02",公卫医疗,网站,6
17112,"2024-09-02",城乡建设,网站,4
17113,"2024-09-02",交通运输,网站,9
17114,"2024-09-02",农林牧渔,网站,7
17115,"2024-09-02",科教文体,小程序/公众号,109
17116,"2024-09-02",公卫医疗,小程序/公众号,82
17117,"2024-09-02",城乡建设,小程序/公众号,29
17118,"2024-09-02",交通运输,小程序/公众号,28
17119,"2024-09-02",农林牧渔,小程序/公众号,13
17120,"2024-09-03",科教文体,电话,9
17121,"2024-09-03",公卫医疗,电话,9
17122,"2024-09-03",城乡建设,电话,2
17123,"2024-09-03",交通运输,电话,3
17124,"2024-09-03",农林牧渔,电话,6
17125,"2024-09-03",科教文体,来信,47
17126,"2024-09-03",公卫医疗,来信,33
17127,"2024-09-03",城乡建设,来信,31
17128,"2024-09-03",交通运输,来信,19
17129,"2024-09-03",农林牧渔,来信,10
17130,"2024-09-03",科教文体,网站,15
17131,"2024-09-03",公卫医疗,网站,16
17132,"2024-09-03",城乡建设,网站,0
17133,"2024-09-03",交通运输,网站,7
17134,"2024-09-03",农林牧渔,网站,13
17135,"2024-09-03",科教文体,小程序/公众号,42
17136,"2024-09-03",公卫医疗,小程序/公众号,203
17137,"2024-09-03",城乡建设,小程序/公众号,9
17138,"2024-09-03",交通运输,小程序/公众号,13
17139,"2024-09-03",农林牧渔,小程序/公众号,52
17140,"2024-09-04",科教文体,电话,12
17141,"2024-09-04",公卫医疗,电话,29
17142,"2024-09-04",城乡建设,电话,26
17143,"2024-09-04",交通运输,电话,29
17144,"2024-09-04",农林牧渔,电话,10
17145,"2024-09-04",科教文体,来信,5
17146,"2024-09-04",公卫医疗,来信,5
17147,"2024-09-04",城乡建设,来信,1
17148,"2024-09-04",交通运输,来信,3
17149,"2024-09-04",农林牧渔,来信,6
17150,"2024-09-04",科教文体,网站,1
17151,"2024-09-04",公卫医疗,网站,7
17152,"2024-09-04",城乡建设,网站,17
17153,"2024-09-04",交通运输,网站,17
17154,"2024-09-04",农林牧渔,网站,8
17155,"2024-09-04",科教文体,小程序/公众号,34
17156,"2024-09-04",公卫医疗,小程序/公众号,126
17157,"2024-09-04",城乡建设,小程序/公众号,210
17158,"2024-09-04",交通运输,小程序/公众号,211
17159,"2024-09-04",农林牧渔,小程序/公众号,119
17160,"2024-09-05",科教文体,电话,23
17161,"2024-09-05",公卫医疗,电话,23
17162,"2024-09-05",城乡建设,电话,14
17163,"2024-09-05",交通运输,电话,19
17164,"2024-09-05",农林牧渔,电话,26
17165,"2024-09-05",科教文体,来信,41
17166,"2024-09-05",公卫医疗,来信,32
17167,"2024-09-05",城乡建设,来信,45
17168,"2024-09-05",交通运输,来信,36
17169,"2024-09-05",农林牧渔,来信,18
17170,"2024-09-05",科教文体,网站,53
17171,"2024-09-05",公卫医疗,网站,43
17172,"2024-09-05",城乡建设,网站,63
17173,"2024-09-05",交通运输,网站,55
17174,"2024-09-05",农林牧渔,网站,23
17175,"2024-09-05",科教文体,小程序/公众号,91
17176,"2024-09-05",公卫医疗,小程序/公众号,100
17177,"2024-09-05",城乡建设,小程序/公众号,32
17178,"2024-09-05",交通运输,小程序/公众号,105
17179,"2024-09-05",农林牧渔,小程序/公众号,1
17180,"2024-09-06",科教文体,电话,7
17181,"2024-09-06",公卫医疗,电话,1
17182,"2024-09-06",城乡建设,电话,0
17183,"2024-09-06",交通运输,电话,7
17184,"2024-09-06",农林牧渔,电话,5
17185,"2024-09-06",科教文体,来信,1
17186,"2024-09-06",公卫医疗,来信,34
17187,"2024-09-06",城乡建设,来信,34
17188,"2024-09-06",交通运输,来信,10
17189,"2024-09-06",农林牧渔,来信,18
17190,"2024-09-06",科教文体,网站,9
17191,"2024-09-06",公卫医疗,网站,5
17192,"2024-09-06",城乡建设,网站,17
17193,"2024-09-06",交通运输,网站,31
17194,"2024-09-06",农林牧渔,网站,22
17195,"2024-09-06",科教文体,小程序/公众号,52
17196,"2024-09-06",公卫医疗,小程序/公众号,54
17197,"2024-09-06",城乡建设,小程序/公众号,13
17198,"2024-09-06",交通运输,小程序/公众号,41
17199,"2024-09-06",农林牧渔,小程序/公众号,35
17200,"2024-09-07",科教文体,电话,4
17201,"2024-09-07",公卫医疗,电话,2
17202,"2024-09-07",城乡建设,电话,4
17203,"2024-09-07",交通运输,电话,1
17204,"2024-09-07",农林牧渔,电话,1
17205,"2024-09-07",科教文体,来信,40
17206,"2024-09-07",公卫医疗,来信,48
17207,"2024-09-07",城乡建设,来信,22
17208,"2024-09-07",交通运输,来信,14
17209,"2024-09-07",农林牧渔,来信,96
17210,"2024-09-07",科教文体,网站,7
17211,"2024-09-07",公卫医疗,网站,4
17212,"2024-09-07",城乡建设,网站,13
17213,"2024-09-07",交通运输,网站,12
17214,"2024-09-07",农林牧渔,网站,5
17215,"2024-09-07",科教文体,小程序/公众号,82
17216,"2024-09-07",公卫医疗,小程序/公众号,53
17217,"2024-09-07",城乡建设,小程序/公众号,68
17218,"2024-09-07",交通运输,小程序/公众号,106
17219,"2024-09-07",农林牧渔,小程序/公众号,94
17220,"2024-09-08",科教文体,电话,9
17221,"2024-09-08",公卫医疗,电话,44
17222,"2024-09-08",城乡建设,电话,1
17223,"2024-09-08",交通运输,电话,118
17224,"2024-09-08",农林牧渔,电话,43
17225,"2024-09-08",科教文体,来信,61
17226,"2024-09-08",公卫医疗,来信,35
17227,"2024-09-08",城乡建设,来信,16
17228,"2024-09-08",交通运输,来信,51
17229,"2024-09-08",农林牧渔,来信,41
17230,"2024-09-08",科教文体,网站,29
17231,"2024-09-08",公卫医疗,网站,43
17232,"2024-09-08",城乡建设,网站,32
17233,"2024-09-08",交通运输,网站,14
17234,"2024-09-08",农林牧渔,网站,95
17235,"2024-09-08",科教文体,小程序/公众号,1
17236,"2024-09-08",公卫医疗,小程序/公众号,62
17237,"2024-09-08",城乡建设,小程序/公众号,223
17238,"2024-09-08",交通运输,小程序/公众号,50
17239,"2024-09-08",农林牧渔,小程序/公众号,1
17240,"2024-09-09",科教文体,电话,7
17241,"2024-09-09",公卫医疗,电话,2
17242,"2024-09-09",城乡建设,电话,3
17243,"2024-09-09",交通运输,电话,5
17244,"2024-09-09",农林牧渔,电话,5
17245,"2024-09-09",科教文体,来信,9
17246,"2024-09-09",公卫医疗,来信,1
17247,"2024-09-09",城乡建设,来信,19
17248,"2024-09-09",交通运输,来信,18
17249,"2024-09-09",农林牧渔,来信,4
17250,"2024-09-09",科教文体,网站,7
17251,"2024-09-09",公卫医疗,网站,23
17252,"2024-09-09",城乡建设,网站,1
17253,"2024-09-09",交通运输,网站,4
17254,"2024-09-09",农林牧渔,网站,21
17255,"2024-09-09",科教文体,小程序/公众号,162
17256,"2024-09-09",公卫医疗,小程序/公众号,35
17257,"2024-09-09",城乡建设,小程序/公众号,141
17258,"2024-09-09",交通运输,小程序/公众号,189
17259,"2024-09-09",农林牧渔,小程序/公众号,110
17260,"2024-09-10",科教文体,电话,10
17261,"2024-09-10",公卫医疗,电话,10
17262,"2024-09-10",城乡建设,电话,46
17263,"2024-09-10",交通运输,电话,4
17264,"2024-09-10",农林牧渔,电话,30
17265,"2024-09-10",科教文体,来信,12
17266,"2024-09-10",公卫医疗,来信,6
17267,"2024-09-10",城乡建设,来信,7
17268,"2024-09-10",交通运输,来信,4
17269,"2024-09-10",农林牧渔,来信,9
17270,"2024-09-10",科教文体,网站,6
17271,"2024-09-10",公卫医疗,网站,3
17272,"2024-09-10",城乡建设,网站,3
17273,"2024-09-10",交通运输,网站,7
17274,"2024-09-10",农林牧渔,网站,8
17275,"2024-09-10",科教文体,小程序/公众号,96
17276,"2024-09-10",公卫医疗,小程序/公众号,101
17277,"2024-09-10",城乡建设,小程序/公众号,60
17278,"2024-09-10",交通运输,小程序/公众号,120
17279,"2024-09-10",农林牧渔,小程序/公众号,3
17280,"2024-09-11",科教文体,电话,13
17281,"2024-09-11",公卫医疗,电话,12
17282,"2024-09-11",城乡建设,电话,84
17283,"2024-09-11",交通运输,电话,61
17284,"2024-09-11",农林牧渔,电话,46
17285,"2024-09-11",科教文体,来信,41
17286,"2024-09-11",公卫医疗,来信,35
17287,"2024-09-11",城乡建设,来信,18
17288,"2024-09-11",交通运输,来信,17
17289,"2024-09-11",农林牧渔,来信,28
17290,"2024-09-11",科教文体,网站,35
17291,"2024-09-11",公卫医疗,网站,39
17292,"2024-09-11",城乡建设,网站,35
17293,"2024-09-11",交通运输,网站,27
17294,"2024-09-11",农林牧渔,网站,8
17295,"2024-09-11",科教文体,小程序/公众号,17
17296,"2024-09-11",公卫医疗,小程序/公众号,247
17297,"2024-09-11",城乡建设,小程序/公众号,11
17298,"2024-09-11",交通运输,小程序/公众号,86
17299,"2024-09-11",农林牧渔,小程序/公众号,10
17300,"2024-09-12",科教文体,电话,35
17301,"2024-09-12",公卫医疗,电话,9
17302,"2024-09-12",城乡建设,电话,14
17303,"2024-09-12",交通运输,电话,24
17304,"2024-09-12",农林牧渔,电话,10
17305,"2024-09-12",科教文体,来信,10
17306,"2024-09-12",公卫医疗,来信,0
17307,"2024-09-12",城乡建设,来信,17
17308,"2024-09-12",交通运输,来信,2
17309,"2024-09-12",农林牧渔,来信,5
17310,"2024-09-12",科教文体,网站,28
17311,"2024-09-12",公卫医疗,网站,19
17312,"2024-09-12",城乡建设,网站,24
17313,"2024-09-12",交通运输,网站,11
17314,"2024-09-12",农林牧渔,网站,28
17315,"2024-09-12",科教文体,小程序/公众号,28
17316,"2024-09-12",公卫医疗,小程序/公众号,32
17317,"2024-09-12",城乡建设,小程序/公众号,10
17318,"2024-09-12",交通运输,小程序/公众号,36
17319,"2024-09-12",农林牧渔,小程序/公众号,28
17320,"2024-09-13",科教文体,电话,13
17321,"2024-09-13",公卫医疗,电话,13
17322,"2024-09-13",城乡建设,电话,12
17323,"2024-09-13",交通运输,电话,2
17324,"2024-09-13",农林牧渔,电话,4
17325,"2024-09-13",科教文体,来信,11
17326,"2024-09-13",公卫医疗,来信,28
17327,"2024-09-13",城乡建设,来信,19
17328,"2024-09-13",交通运输,来信,19
17329,"2024-09-13",农林牧渔,来信,28
17330,"2024-09-13",科教文体,网站,55
17331,"2024-09-13",公卫医疗,网站,26
17332,"2024-09-13",城乡建设,网站,17
17333,"2024-09-13",交通运输,网站,10
17334,"2024-09-13",农林牧渔,网站,29
17335,"2024-09-13",科教文体,小程序/公众号,33
17336,"2024-09-13",公卫医疗,小程序/公众号,20
17337,"2024-09-13",城乡建设,小程序/公众号,154
17338,"2024-09-13",交通运输,小程序/公众号,112
17339,"2024-09-13",农林牧渔,小程序/公众号,58
17340,"2024-09-14",科教文体,电话,20
17341,"2024-09-14",公卫医疗,电话,7
17342,"2024-09-14",城乡建设,电话,50
17343,"2024-09-14",交通运输,电话,5
17344,"2024-09-14",农林牧渔,电话,37
17345,"2024-09-14",科教文体,来信,15
17346,"2024-09-14",公卫医疗,来信,1
17347,"2024-09-14",城乡建设,来信,3
17348,"2024-09-14",交通运输,来信,1
17349,"2024-09-14",农林牧渔,来信,16
17350,"2024-09-14",科教文体,网站,33
17351,"2024-09-14",公卫医疗,网站,14
17352,"2024-09-14",城乡建设,网站,5
17353,"2024-09-14",交通运输,网站,21
17354,"2024-09-14",农林牧渔,网站,11
17355,"2024-09-14",科教文体,小程序/公众号,2
17356,"2024-09-14",公卫医疗,小程序/公众号,41
17357,"2024-09-14",城乡建设,小程序/公众号,150
17358,"2024-09-14",交通运输,小程序/公众号,98
17359,"2024-09-14",农林牧渔,小程序/公众号,123
17360,"2024-09-15",科教文体,电话,1
17361,"2024-09-15",公卫医疗,电话,2
17362,"2024-09-15",城乡建设,电话,15
17363,"2024-09-15",交通运输,电话,23
17364,"2024-09-15",农林牧渔,电话,15
17365,"2024-09-15",科教文体,来信,19
17366,"2024-09-15",公卫医疗,来信,24
17367,"2024-09-15",城乡建设,来信,22
17368,"2024-09-15",交通运输,来信,13
17369,"2024-09-15",农林牧渔,来信,11
17370,"2024-09-15",科教文体,网站,4
17371,"2024-09-15",公卫医疗,网站,5
17372,"2024-09-15",城乡建设,网站,5
17373,"2024-09-15",交通运输,网站,4
17374,"2024-09-15",农林牧渔,网站,6
17375,"2024-09-15",科教文体,小程序/公众号,68
17376,"2024-09-15",公卫医疗,小程序/公众号,36
17377,"2024-09-15",城乡建设,小程序/公众号,29
17378,"2024-09-15",交通运输,小程序/公众号,44
17379,"2024-09-15",农林牧渔,小程序/公众号,64
17380,"2024-09-16",科教文体,电话,14
17381,"2024-09-16",公卫医疗,电话,14
17382,"2024-09-16",城乡建设,电话,31
17383,"2024-09-16",交通运输,电话,43
17384,"2024-09-16",农林牧渔,电话,20
17385,"2024-09-16",科教文体,来信,20
17386,"2024-09-16",公卫医疗,来信,11
17387,"2024-09-16",城乡建设,来信,5
17388,"2024-09-16",交通运输,来信,26
17389,"2024-09-16",农林牧渔,来信,20
17390,"2024-09-16",科教文体,网站,17
17391,"2024-09-16",公卫医疗,网站,1
17392,"2024-09-16",城乡建设,网站,10
17393,"2024-09-16",交通运输,网站,7
17394,"2024-09-16",农林牧渔,网站,17
17395,"2024-09-16",科教文体,小程序/公众号,61
17396,"2024-09-16",公卫医疗,小程序/公众号,21
17397,"2024-09-16",城乡建设,小程序/公众号,88
17398,"2024-09-16",交通运输,小程序/公众号,56
17399,"2024-09-16",农林牧渔,小程序/公众号,22
17400,"2024-09-17",科教文体,电话,4
17401,"2024-09-17",公卫医疗,电话,25
17402,"2024-09-17",城乡建设,电话,5
17403,"2024-09-17",交通运输,电话,13
17404,"2024-09-17",农林牧渔,电话,21
17405,"2024-09-17",科教文体,来信,38
17406,"2024-09-17",公卫医疗,来信,34
17407,"2024-09-17",城乡建设,来信,9
17408,"2024-09-17",交通运输,来信,27
17409,"2024-09-17",农林牧渔,来信,31
17410,"2024-09-17",科教文体,网站,19
17411,"2024-09-17",公卫医疗,网站,22
17412,"2024-09-17",城乡建设,网站,22
17413,"2024-09-17",交通运输,网站,3
17414,"2024-09-17",农林牧渔,网站,24
17415,"2024-09-17",科教文体,小程序/公众号,72
17416,"2024-09-17",公卫医疗,小程序/公众号,38
17417,"2024-09-17",城乡建设,小程序/公众号,95
17418,"2024-09-17",交通运输,小程序/公众号,148
17419,"2024-09-17",农林牧渔,小程序/公众号,86
17420,"2024-09-18",科教文体,电话,29
17421,"2024-09-18",公卫医疗,电话,32
17422,"2024-09-18",城乡建设,电话,22
17423,"2024-09-18",交通运输,电话,13
17424,"2024-09-18",农林牧渔,电话,18
17425,"2024-09-18",科教文体,来信,5
17426,"2024-09-18",公卫医疗,来信,3
17427,"2024-09-18",城乡建设,来信,7
17428,"2024-09-18",交通运输,来信,2
17429,"2024-09-18",农林牧渔,来信,1
17430,"2024-09-18",科教文体,网站,17
17431,"2024-09-18",公卫医疗,网站,4
17432,"2024-09-18",城乡建设,网站,17
17433,"2024-09-18",交通运输,网站,13
17434,"2024-09-18",农林牧渔,网站,9
17435,"2024-09-18",科教文体,小程序/公众号,74
17436,"2024-09-18",公卫医疗,小程序/公众号,176
17437,"2024-09-18",城乡建设,小程序/公众号,141
17438,"2024-09-18",交通运输,小程序/公众号,52
17439,"2024-09-18",农林牧渔,小程序/公众号,57
17440,"2024-09-19",科教文体,电话,16
17441,"2024-09-19",公卫医疗,电话,13
17442,"2024-09-19",城乡建设,电话,19
17443,"2024-09-19",交通运输,电话,30
17444,"2024-09-19",农林牧渔,电话,10
17445,"2024-09-19",科教文体,来信,18
17446,"2024-09-19",公卫医疗,来信,23
17447,"2024-09-19",城乡建设,来信,6
17448,"2024-09-19",交通运输,来信,12
17449,"2024-09-19",农林牧渔,来信,20
17450,"2024-09-19",科教文体,网站,12
17451,"2024-09-19",公卫医疗,网站,2
17452,"2024-09-19",城乡建设,网站,17
17453,"2024-09-19",交通运输,网站,12
17454,"2024-09-19",农林牧渔,网站,15
17455,"2024-09-19",科教文体,小程序/公众号,37
17456,"2024-09-19",公卫医疗,小程序/公众号,23
17457,"2024-09-19",城乡建设,小程序/公众号,44
17458,"2024-09-19",交通运输,小程序/公众号,230
17459,"2024-09-19",农林牧渔,小程序/公众号,74
17460,"2024-09-20",科教文体,电话,14
17461,"2024-09-20",公卫医疗,电话,14
17462,"2024-09-20",城乡建设,电话,5
17463,"2024-09-20",交通运输,电话,10
17464,"2024-09-20",农林牧渔,电话,9
17465,"2024-09-20",科教文体,来信,16
17466,"2024-09-20",公卫医疗,来信,4
17467,"2024-09-20",城乡建设,来信,3
17468,"2024-09-20",交通运输,来信,23
17469,"2024-09-20",农林牧渔,来信,6
17470,"2024-09-20",科教文体,网站,28
17471,"2024-09-20",公卫医疗,网站,13
17472,"2024-09-20",城乡建设,网站,56
17473,"2024-09-20",交通运输,网站,31
17474,"2024-09-20",农林牧渔,网站,109
17475,"2024-09-20",科教文体,小程序/公众号,124
17476,"2024-09-20",公卫医疗,小程序/公众号,12
17477,"2024-09-20",城乡建设,小程序/公众号,162
17478,"2024-09-20",交通运输,小程序/公众号,108
17479,"2024-09-20",农林牧渔,小程序/公众号,179
17480,"2024-09-21",科教文体,电话,3
17481,"2024-09-21",公卫医疗,电话,4
17482,"2024-09-21",城乡建设,电话,33
17483,"2024-09-21",交通运输,电话,10
17484,"2024-09-21",农林牧渔,电话,27
17485,"2024-09-21",科教文体,来信,15
17486,"2024-09-21",公卫医疗,来信,18
17487,"2024-09-21",城乡建设,来信,26
17488,"2024-09-21",交通运输,来信,8
17489,"2024-09-21",农林牧渔,来信,5
17490,"2024-09-21",科教文体,网站,18
17491,"2024-09-21",公卫医疗,网站,9
17492,"2024-09-21",城乡建设,网站,38
17493,"2024-09-21",交通运输,网站,12
17494,"2024-09-21",农林牧渔,网站,24
17495,"2024-09-21",科教文体,小程序/公众号,48
17496,"2024-09-21",公卫医疗,小程序/公众号,90
17497,"2024-09-21",城乡建设,小程序/公众号,54
17498,"2024-09-21",交通运输,小程序/公众号,60
17499,"2024-09-21",农林牧渔,小程序/公众号,22
17500,"2024-09-22",科教文体,电话,1
17501,"2024-09-22",公卫医疗,电话,11
17502,"2024-09-22",城乡建设,电话,5
17503,"2024-09-22",交通运输,电话,11
17504,"2024-09-22",农林牧渔,电话,3
17505,"2024-09-22",科教文体,来信,71
17506,"2024-09-22",公卫医疗,来信,8
17507,"2024-09-22",城乡建设,来信,26
17508,"2024-09-22",交通运输,来信,65
17509,"2024-09-22",农林牧渔,来信,73
17510,"2024-09-22",科教文体,网站,19
17511,"2024-09-22",公卫医疗,网站,60
17512,"2024-09-22",城乡建设,网站,3
17513,"2024-09-22",交通运输,网站,50
17514,"2024-09-22",农林牧渔,网站,56
17515,"2024-09-22",科教文体,小程序/公众号,105
17516,"2024-09-22",公卫医疗,小程序/公众号,103
17517,"2024-09-22",城乡建设,小程序/公众号,116
17518,"2024-09-22",交通运输,小程序/公众号,50
17519,"2024-09-22",农林牧渔,小程序/公众号,60
17520,"2024-09-23",科教文体,电话,25
17521,"2024-09-23",公卫医疗,电话,37
17522,"2024-09-23",城乡建设,电话,4
17523,"2024-09-23",交通运输,电话,9
17524,"2024-09-23",农林牧渔,电话,59
17525,"2024-09-23",科教文体,来信,3
17526,"2024-09-23",公卫医疗,来信,36
17527,"2024-09-23",城乡建设,来信,31
17528,"2024-09-23",交通运输,来信,34
17529,"2024-09-23",农林牧渔,来信,34
17530,"2024-09-23",科教文体,网站,15
17531,"2024-09-23",公卫医疗,网站,14
17532,"2024-09-23",城乡建设,网站,40
17533,"2024-09-23",交通运输,网站,34
17534,"2024-09-23",农林牧渔,网站,12
17535,"2024-09-23",科教文体,小程序/公众号,34
17536,"2024-09-23",公卫医疗,小程序/公众号,36
17537,"2024-09-23",城乡建设,小程序/公众号,31
17538,"2024-09-23",交通运输,小程序/公众号,63
17539,"2024-09-23",农林牧渔,小程序/公众号,49
17540,"2024-09-24",科教文体,电话,29
17541,"2024-09-24",公卫医疗,电话,31
17542,"2024-09-24",城乡建设,电话,15
17543,"2024-09-24",交通运输,电话,14
17544,"2024-09-24",农林牧渔,电话,18
17545,"2024-09-24",科教文体,来信,53
17546,"2024-09-24",公卫医疗,来信,43
17547,"2024-09-24",城乡建设,来信,3
17548,"2024-09-24",交通运输,来信,38
17549,"2024-09-24",农林牧渔,来信,60
17550,"2024-09-24",科教文体,网站,13
17551,"2024-09-24",公卫医疗,网站,12
17552,"2024-09-24",城乡建设,网站,16
17553,"2024-09-24",交通运输,网站,5
17554,"2024-09-24",农林牧渔,网站,6
17555,"2024-09-24",科教文体,小程序/公众号,136
17556,"2024-09-24",公卫医疗,小程序/公众号,28
17557,"2024-09-24",城乡建设,小程序/公众号,127
17558,"2024-09-24",交通运输,小程序/公众号,132
17559,"2024-09-24",农林牧渔,小程序/公众号,75
17560,"2024-09-25",科教文体,电话,29
17561,"2024-09-25",公卫医疗,电话,38
17562,"2024-09-25",城乡建设,电话,38
17563,"2024-09-25",交通运输,电话,22
17564,"2024-09-25",农林牧渔,电话,19
17565,"2024-09-25",科教文体,来信,19
17566,"2024-09-25",公卫医疗,来信,25
17567,"2024-09-25",城乡建设,来信,33
17568,"2024-09-25",交通运输,来信,26
17569,"2024-09-25",农林牧渔,来信,21
17570,"2024-09-25",科教文体,网站,7
17571,"2024-09-25",公卫医疗,网站,9
17572,"2024-09-25",城乡建设,网站,7
17573,"2024-09-25",交通运输,网站,11
17574,"2024-09-25",农林牧渔,网站,29
17575,"2024-09-25",科教文体,小程序/公众号,52
17576,"2024-09-25",公卫医疗,小程序/公众号,37
17577,"2024-09-25",城乡建设,小程序/公众号,98
17578,"2024-09-25",交通运输,小程序/公众号,26
17579,"2024-09-25",农林牧渔,小程序/公众号,64
17580,"2024-09-26",科教文体,电话,12
17581,"2024-09-26",公卫医疗,电话,12
17582,"2024-09-26",城乡建设,电话,1
17583,"2024-09-26",交通运输,电话,3
17584,"2024-09-26",农林牧渔,电话,7
17585,"2024-09-26",科教文体,来信,1
17586,"2024-09-26",公卫医疗,来信,8
17587,"2024-09-26",城乡建设,来信,9
17588,"2024-09-26",交通运输,来信,8
17589,"2024-09-26",农林牧渔,来信,6
17590,"2024-09-26",科教文体,网站,23
17591,"2024-09-26",公卫医疗,网站,21
17592,"2024-09-26",城乡建设,网站,48
17593,"2024-09-26",交通运输,网站,25
17594,"2024-09-26",农林牧渔,网站,69
17595,"2024-09-26",科教文体,小程序/公众号,26
17596,"2024-09-26",公卫医疗,小程序/公众号,77
17597,"2024-09-26",城乡建设,小程序/公众号,71
17598,"2024-09-26",交通运输,小程序/公众号,99
17599,"2024-09-26",农林牧渔,小程序/公众号,7
17600,"2024-09-27",科教文体,电话,2
17601,"2024-09-27",公卫医疗,电话,4
17602,"2024-09-27",城乡建设,电话,3
17603,"2024-09-27",交通运输,电话,4
17604,"2024-09-27",农林牧渔,电话,3
17605,"2024-09-27",科教文体,来信,15
17606,"2024-09-27",公卫医疗,来信,15
17607,"2024-09-27",城乡建设,来信,4
17608,"2024-09-27",交通运输,来信,11
17609,"2024-09-27",农林牧渔,来信,13
17610,"2024-09-27",科教文体,网站,14
17611,"2024-09-27",公卫医疗,网站,33
17612,"2024-09-27",城乡建设,网站,3
17613,"2024-09-27",交通运输,网站,24
17614,"2024-09-27",农林牧渔,网站,39
17615,"2024-09-27",科教文体,小程序/公众号,72
17616,"2024-09-27",公卫医疗,小程序/公众号,191
17617,"2024-09-27",城乡建设,小程序/公众号,110
17618,"2024-09-27",交通运输,小程序/公众号,48
17619,"2024-09-27",农林牧渔,小程序/公众号,3
17620,"2024-09-28",科教文体,电话,1
17621,"2024-09-28",公卫医疗,电话,0
17622,"2024-09-28",城乡建设,电话,4
17623,"2024-09-28",交通运输,电话,6
17624,"2024-09-28",农林牧渔,电话,0
17625,"2024-09-28",科教文体,来信,50
17626,"2024-09-28",公卫医疗,来信,20
17627,"2024-09-28",城乡建设,来信,13
17628,"2024-09-28",交通运输,来信,4
17629,"2024-09-28",农林牧渔,来信,30
17630,"2024-09-28",科教文体,网站,52
17631,"2024-09-28",公卫医疗,网站,5
17632,"2024-09-28",城乡建设,网站,31
17633,"2024-09-28",交通运输,网站,40
17634,"2024-09-28",农林牧渔,网站,0
17635,"2024-09-28",科教文体,小程序/公众号,51
17636,"2024-09-28",公卫医疗,小程序/公众号,62
17637,"2024-09-28",城乡建设,小程序/公众号,15
17638,"2024-09-28",交通运输,小程序/公众号,47
17639,"2024-09-28",农林牧渔,小程序/公众号,50
17640,"2024-09-29",科教文体,电话,27
17641,"2024-09-29",公卫医疗,电话,28
17642,"2024-09-29",城乡建设,电话,20
17643,"2024-09-29",交通运输,电话,35
17644,"2024-09-29",农林牧渔,电话,13
17645,"2024-09-29",科教文体,来信,11
17646,"2024-09-29",公卫医疗,来信,3
17647,"2024-09-29",城乡建设,来信,4
17648,"2024-09-29",交通运输,来信,10
17649,"2024-09-29",农林牧渔,来信,7
17650,"2024-09-29",科教文体,网站,20
17651,"2024-09-29",公卫医疗,网站,48
17652,"2024-09-29",城乡建设,网站,36
17653,"2024-09-29",交通运输,网站,8
17654,"2024-09-29",农林牧渔,网站,35
17655,"2024-09-29",科教文体,小程序/公众号,75
17656,"2024-09-29",公卫医疗,小程序/公众号,38
17657,"2024-09-29",城乡建设,小程序/公众号,34
17658,"2024-09-29",交通运输,小程序/公众号,233
17659,"2024-09-29",农林牧渔,小程序/公众号,27
17660,"2024-09-30",科教文体,电话,47
17661,"2024-09-30",公卫医疗,电话,17
17662,"2024-09-30",城乡建设,电话,3
17663,"2024-09-30",交通运输,电话,17
17664,"2024-09-30",农林牧渔,电话,45
17665,"2024-09-30",科教文体,来信,10
17666,"2024-09-30",公卫医疗,来信,61
17667,"2024-09-30",城乡建设,来信,69
17668,"2024-09-30",交通运输,来信,4
17669,"2024-09-30",农林牧渔,来信,5
17670,"2024-09-30",科教文体,网站,15
17671,"2024-09-30",公卫医疗,网站,2
17672,"2024-09-30",城乡建设,网站,28
17673,"2024-09-30",交通运输,网站,7
17674,"2024-09-30",农林牧渔,网站,11
17675,"2024-09-30",科教文体,小程序/公众号,41
17676,"2024-09-30",公卫医疗,小程序/公众号,81
17677,"2024-09-30",城乡建设,小程序/公众号,55
17678,"2024-09-30",交通运输,小程序/公众号,86
17679,"2024-09-30",农林牧渔,小程序/公众号,50
17680,"2024-10-01",科教文体,电话,20
17681,"2024-10-01",公卫医疗,电话,23
17682,"2024-10-01",城乡建设,电话,11
17683,"2024-10-01",交通运输,电话,41
17684,"2024-10-01",农林牧渔,电话,57
17685,"2024-10-01",科教文体,来信,32
17686,"2024-10-01",公卫医疗,来信,22
17687,"2024-10-01",城乡建设,来信,14
17688,"2024-10-01",交通运输,来信,47
17689,"2024-10-01",农林牧渔,来信,51
17690,"2024-10-01",科教文体,网站,8
17691,"2024-10-01",公卫医疗,网站,12
17692,"2024-10-01",城乡建设,网站,4
17693,"2024-10-01",交通运输,网站,11
17694,"2024-10-01",农林牧渔,网站,2
17695,"2024-10-01",科教文体,小程序/公众号,21
17696,"2024-10-01",公卫医疗,小程序/公众号,72
17697,"2024-10-01",城乡建设,小程序/公众号,103
17698,"2024-10-01",交通运输,小程序/公众号,55
17699,"2024-10-01",农林牧渔,小程序/公众号,72
17700,"2024-10-02",科教文体,电话,23
17701,"2024-10-02",公卫医疗,电话,21
17702,"2024-10-02",城乡建设,电话,26
17703,"2024-10-02",交通运输,电话,21
17704,"2024-10-02",农林牧渔,电话,18
17705,"2024-10-02",科教文体,来信,52
17706,"2024-10-02",公卫医疗,来信,4
17707,"2024-10-02",城乡建设,来信,3
17708,"2024-10-02",交通运输,来信,21
17709,"2024-10-02",农林牧渔,来信,50
17710,"2024-10-02",科教文体,网站,16
17711,"2024-10-02",公卫医疗,网站,12
17712,"2024-10-02",城乡建设,网站,22
17713,"2024-10-02",交通运输,网站,25
17714,"2024-10-02",农林牧渔,网站,3
17715,"2024-10-02",科教文体,小程序/公众号,158
17716,"2024-10-02",公卫医疗,小程序/公众号,29
17717,"2024-10-02",城乡建设,小程序/公众号,132
17718,"2024-10-02",交通运输,小程序/公众号,64
17719,"2024-10-02",农林牧渔,小程序/公众号,267
17720,"2024-10-03",科教文体,电话,12
17721,"2024-10-03",公卫医疗,电话,10
17722,"2024-10-03",城乡建设,电话,3
17723,"2024-10-03",交通运输,电话,9
17724,"2024-10-03",农林牧渔,电话,1
17725,"2024-10-03",科教文体,来信,4
17726,"2024-10-03",公卫医疗,来信,19
17727,"2024-10-03",城乡建设,来信,40
17728,"2024-10-03",交通运输,来信,7
17729,"2024-10-03",农林牧渔,来信,28
17730,"2024-10-03",科教文体,网站,12
17731,"2024-10-03",公卫医疗,网站,33
17732,"2024-10-03",城乡建设,网站,24
17733,"2024-10-03",交通运输,网站,15
17734,"2024-10-03",农林牧渔,网站,24
17735,"2024-10-03",科教文体,小程序/公众号,5
17736,"2024-10-03",公卫医疗,小程序/公众号,2
17737,"2024-10-03",城乡建设,小程序/公众号,77
17738,"2024-10-03",交通运输,小程序/公众号,3
17739,"2024-10-03",农林牧渔,小程序/公众号,118
17740,"2024-10-04",科教文体,电话,33
17741,"2024-10-04",公卫医疗,电话,43
17742,"2024-10-04",城乡建设,电话,52
17743,"2024-10-04",交通运输,电话,40
17744,"2024-10-04",农林牧渔,电话,9
17745,"2024-10-04",科教文体,来信,3
17746,"2024-10-04",公卫医疗,来信,3
17747,"2024-10-04",城乡建设,来信,3
17748,"2024-10-04",交通运输,来信,0
17749,"2024-10-04",农林牧渔,来信,1
17750,"2024-10-04",科教文体,网站,7
17751,"2024-10-04",公卫医疗,网站,64
17752,"2024-10-04",城乡建设,网站,5
17753,"2024-10-04",交通运输,网站,20
17754,"2024-10-04",农林牧渔,网站,128
17755,"2024-10-04",科教文体,小程序/公众号,53
17756,"2024-10-04",公卫医疗,小程序/公众号,94
17757,"2024-10-04",城乡建设,小程序/公众号,111
17758,"2024-10-04",交通运输,小程序/公众号,89
17759,"2024-10-04",农林牧渔,小程序/公众号,79
17760,"2024-10-05",科教文体,电话,10
17761,"2024-10-05",公卫医疗,电话,4
17762,"2024-10-05",城乡建设,电话,1
17763,"2024-10-05",交通运输,电话,7
17764,"2024-10-05",农林牧渔,电话,10
17765,"2024-10-05",科教文体,来信,44
17766,"2024-10-05",公卫医疗,来信,24
17767,"2024-10-05",城乡建设,来信,20
17768,"2024-10-05",交通运输,来信,2
17769,"2024-10-05",农林牧渔,来信,17
17770,"2024-10-05",科教文体,网站,13
17771,"2024-10-05",公卫医疗,网站,11
17772,"2024-10-05",城乡建设,网站,52
17773,"2024-10-05",交通运输,网站,45
17774,"2024-10-05",农林牧渔,网站,11
17775,"2024-10-05",科教文体,小程序/公众号,34
17776,"2024-10-05",公卫医疗,小程序/公众号,66
17777,"2024-10-05",城乡建设,小程序/公众号,91
17778,"2024-10-05",交通运输,小程序/公众号,10
17779,"2024-10-05",农林牧渔,小程序/公众号,69
17780,"2024-10-06",科教文体,电话,1
17781,"2024-10-06",公卫医疗,电话,11
17782,"2024-10-06",城乡建设,电话,6
17783,"2024-10-06",交通运输,电话,4
17784,"2024-10-06",农林牧渔,电话,8
17785,"2024-10-06",科教文体,来信,31
17786,"2024-10-06",公卫医疗,来信,30
17787,"2024-10-06",城乡建设,来信,2
17788,"2024-10-06",交通运输,来信,0
17789,"2024-10-06",农林牧渔,来信,31
17790,"2024-10-06",科教文体,网站,23
17791,"2024-10-06",公卫医疗,网站,44
17792,"2024-10-06",城乡建设,网站,32
17793,"2024-10-06",交通运输,网站,4
17794,"2024-10-06",农林牧渔,网站,42
17795,"2024-10-06",科教文体,小程序/公众号,25
17796,"2024-10-06",公卫医疗,小程序/公众号,22
17797,"2024-10-06",城乡建设,小程序/公众号,46
17798,"2024-10-06",交通运输,小程序/公众号,12
17799,"2024-10-06",农林牧渔,小程序/公众号,59
17800,"2024-10-07",科教文体,电话,1
17801,"2024-10-07",公卫医疗,电话,13
17802,"2024-10-07",城乡建设,电话,12
17803,"2024-10-07",交通运输,电话,19
17804,"2024-10-07",农林牧渔,电话,11
17805,"2024-10-07",科教文体,来信,21
17806,"2024-10-07",公卫医疗,来信,13
17807,"2024-10-07",城乡建设,来信,15
17808,"2024-10-07",交通运输,来信,17
17809,"2024-10-07",农林牧渔,来信,5
17810,"2024-10-07",科教文体,网站,28
17811,"2024-10-07",公卫医疗,网站,44
17812,"2024-10-07",城乡建设,网站,62
17813,"2024-10-07",交通运输,网站,19
17814,"2024-10-07",农林牧渔,网站,53
17815,"2024-10-07",科教文体,小程序/公众号,68
17816,"2024-10-07",公卫医疗,小程序/公众号,72
17817,"2024-10-07",城乡建设,小程序/公众号,67
17818,"2024-10-07",交通运输,小程序/公众号,65
17819,"2024-10-07",农林牧渔,小程序/公众号,5
17820,"2024-10-08",科教文体,电话,7
17821,"2024-10-08",公卫医疗,电话,80
17822,"2024-10-08",城乡建设,电话,32
17823,"2024-10-08",交通运输,电话,82
17824,"2024-10-08",农林牧渔,电话,5
17825,"2024-10-08",科教文体,来信,6
17826,"2024-10-08",公卫医疗,来信,5
17827,"2024-10-08",城乡建设,来信,9
17828,"2024-10-08",交通运输,来信,8
17829,"2024-10-08",农林牧渔,来信,4
17830,"2024-10-08",科教文体,网站,0
17831,"2024-10-08",公卫医疗,网站,18
17832,"2024-10-08",城乡建设,网站,12
17833,"2024-10-08",交通运输,网站,4
17834,"2024-10-08",农林牧渔,网站,11
17835,"2024-10-08",科教文体,小程序/公众号,130
17836,"2024-10-08",公卫医疗,小程序/公众号,215
17837,"2024-10-08",城乡建设,小程序/公众号,31
17838,"2024-10-08",交通运输,小程序/公众号,117
17839,"2024-10-08",农林牧渔,小程序/公众号,77
17840,"2024-10-09",科教文体,电话,11
17841,"2024-10-09",公卫医疗,电话,6
17842,"2024-10-09",城乡建设,电话,55
17843,"2024-10-09",交通运输,电话,46
17844,"2024-10-09",农林牧渔,电话,-1
17845,"2024-10-09",科教文体,来信,39
17846,"2024-10-09",公卫医疗,来信,20
17847,"2024-10-09",城乡建设,来信,27
17848,"2024-10-09",交通运输,来信,36
17849,"2024-10-09",农林牧渔,来信,11
17850,"2024-10-09",科教文体,网站,14
17851,"2024-10-09",公卫医疗,网站,10
17852,"2024-10-09",城乡建设,网站,8
17853,"2024-10-09",交通运输,网站,4
17854,"2024-10-09",农林牧渔,网站,13
17855,"2024-10-09",科教文体,小程序/公众号,102
17856,"2024-10-09",公卫医疗,小程序/公众号,22
17857,"2024-10-09",城乡建设,小程序/公众号,95
17858,"2024-10-09",交通运输,小程序/公众号,8
17859,"2024-10-09",农林牧渔,小程序/公众号,125
17860,"2024-10-10",科教文体,电话,4
17861,"2024-10-10",公卫医疗,电话,28
17862,"2024-10-10",城乡建设,电话,19
17863,"2024-10-10",交通运输,电话,14
17864,"2024-10-10",农林牧渔,电话,27
17865,"2024-10-10",科教文体,来信,64
17866,"2024-10-10",公卫医疗,来信,33
17867,"2024-10-10",城乡建设,来信,78
17868,"2024-10-10",交通运输,来信,56
17869,"2024-10-10",农林牧渔,来信,40
17870,"2024-10-10",科教文体,网站,12
17871,"2024-10-10",公卫医疗,网站,10
17872,"2024-10-10",城乡建设,网站,12
17873,"2024-10-10",交通运输,网站,11
17874,"2024-10-10",农林牧渔,网站,6
17875,"2024-10-10",科教文体,小程序/公众号,76
17876,"2024-10-10",公卫医疗,小程序/公众号,186
17877,"2024-10-10",城乡建设,小程序/公众号,89
17878,"2024-10-10",交通运输,小程序/公众号,76
17879,"2024-10-10",农林牧渔,小程序/公众号,101
17880,"2024-10-11",科教文体,电话,2
17881,"2024-10-11",公卫医疗,电话,5
17882,"2024-10-11",城乡建设,电话,6
17883,"2024-10-11",交通运输,电话,2
17884,"2024-10-11",农林牧渔,电话,6
17885,"2024-10-11",科教文体,来信,13
17886,"2024-10-11",公卫医疗,来信,5
17887,"2024-10-11",城乡建设,来信,27
17888,"2024-10-11",交通运输,来信,29
17889,"2024-10-11",农林牧渔,来信,3
17890,"2024-10-11",科教文体,网站,33
17891,"2024-10-11",公卫医疗,网站,31
17892,"2024-10-11",城乡建设,网站,23
17893,"2024-10-11",交通运输,网站,16
17894,"2024-10-11",农林牧渔,网站,25
17895,"2024-10-11",科教文体,小程序/公众号,79
17896,"2024-10-11",公卫医疗,小程序/公众号,88
17897,"2024-10-11",城乡建设,小程序/公众号,4
17898,"2024-10-11",交通运输,小程序/公众号,2
17899,"2024-10-11",农林牧渔,小程序/公众号,0
17900,"2024-10-12",科教文体,电话,19
17901,"2024-10-12",公卫医疗,电话,1
17902,"2024-10-12",城乡建设,电话,15
17903,"2024-10-12",交通运输,电话,12
17904,"2024-10-12",农林牧渔,电话,14
17905,"2024-10-12",科教文体,来信,14
17906,"2024-10-12",公卫医疗,来信,7
17907,"2024-10-12",城乡建设,来信,24
17908,"2024-10-12",交通运输,来信,11
17909,"2024-10-12",农林牧渔,来信,18
17910,"2024-10-12",科教文体,网站,2
17911,"2024-10-12",公卫医疗,网站,6
17912,"2024-10-12",城乡建设,网站,3
17913,"2024-10-12",交通运输,网站,0
17914,"2024-10-12",农林牧渔,网站,6
17915,"2024-10-12",科教文体,小程序/公众号,38
17916,"2024-10-12",公卫医疗,小程序/公众号,42
17917,"2024-10-12",城乡建设,小程序/公众号,1
17918,"2024-10-12",交通运输,小程序/公众号,70
17919,"2024-10-12",农林牧渔,小程序/公众号,1
17920,"2024-10-13",科教文体,电话,26
17921,"2024-10-13",公卫医疗,电话,18
17922,"2024-10-13",城乡建设,电话,11
17923,"2024-10-13",交通运输,电话,18
17924,"2024-10-13",农林牧渔,电话,5
17925,"2024-10-13",科教文体,来信,38
17926,"2024-10-13",公卫医疗,来信,2
17927,"2024-10-13",城乡建设,来信,45
17928,"2024-10-13",交通运输,来信,14
17929,"2024-10-13",农林牧渔,来信,41
17930,"2024-10-13",科教文体,网站,60
17931,"2024-10-13",公卫医疗,网站,51
17932,"2024-10-13",城乡建设,网站,51
17933,"2024-10-13",交通运输,网站,23
17934,"2024-10-13",农林牧渔,网站,15
17935,"2024-10-13",科教文体,小程序/公众号,25
17936,"2024-10-13",公卫医疗,小程序/公众号,88
17937,"2024-10-13",城乡建设,小程序/公众号,32
17938,"2024-10-13",交通运输,小程序/公众号,15
17939,"2024-10-13",农林牧渔,小程序/公众号,45
17940,"2024-10-14",科教文体,电话,7
17941,"2024-10-14",公卫医疗,电话,7
17942,"2024-10-14",城乡建设,电话,12
17943,"2024-10-14",交通运输,电话,4
17944,"2024-10-14",农林牧渔,电话,4
17945,"2024-10-14",科教文体,来信,12
17946,"2024-10-14",公卫医疗,来信,18
17947,"2024-10-14",城乡建设,来信,26
17948,"2024-10-14",交通运输,来信,21
17949,"2024-10-14",农林牧渔,来信,9
17950,"2024-10-14",科教文体,网站,59
17951,"2024-10-14",公卫医疗,网站,31
17952,"2024-10-14",城乡建设,网站,36
17953,"2024-10-14",交通运输,网站,42
17954,"2024-10-14",农林牧渔,网站,76
17955,"2024-10-14",科教文体,小程序/公众号,195
17956,"2024-10-14",公卫医疗,小程序/公众号,88
17957,"2024-10-14",城乡建设,小程序/公众号,161
17958,"2024-10-14",交通运输,小程序/公众号,84
17959,"2024-10-14",农林牧渔,小程序/公众号,84
17960,"2024-10-15",科教文体,电话,35
17961,"2024-10-15",公卫医疗,电话,21
17962,"2024-10-15",城乡建设,电话,13
17963,"2024-10-15",交通运输,电话,26
17964,"2024-10-15",农林牧渔,电话,20
17965,"2024-10-15",科教文体,来信,5
17966,"2024-10-15",公卫医疗,来信,1
17967,"2024-10-15",城乡建设,来信,19
17968,"2024-10-15",交通运输,来信,10
17969,"2024-10-15",农林牧渔,来信,24
17970,"2024-10-15",科教文体,网站,48
17971,"2024-10-15",公卫医疗,网站,49
17972,"2024-10-15",城乡建设,网站,22
17973,"2024-10-15",交通运输,网站,3
17974,"2024-10-15",农林牧渔,网站,13
17975,"2024-10-15",科教文体,小程序/公众号,21
17976,"2024-10-15",公卫医疗,小程序/公众号,6
17977,"2024-10-15",城乡建设,小程序/公众号,89
17978,"2024-10-15",交通运输,小程序/公众号,109
17979,"2024-10-15",农林牧渔,小程序/公众号,26
17980,"2024-10-16",科教文体,电话,5
17981,"2024-10-16",公卫医疗,电话,18
17982,"2024-10-16",城乡建设,电话,21
17983,"2024-10-16",交通运输,电话,15
17984,"2024-10-16",农林牧渔,电话,7
17985,"2024-10-16",科教文体,来信,33
17986,"2024-10-16",公卫医疗,来信,23
17987,"2024-10-16",城乡建设,来信,18
17988,"2024-10-16",交通运输,来信,4
17989,"2024-10-16",农林牧渔,来信,43
17990,"2024-10-16",科教文体,网站,22
17991,"2024-10-16",公卫医疗,网站,43
17992,"2024-10-16",城乡建设,网站,7
17993,"2024-10-16",交通运输,网站,6
17994,"2024-10-16",农林牧渔,网站,14
17995,"2024-10-16",科教文体,小程序/公众号,21
17996,"2024-10-16",公卫医疗,小程序/公众号,32
17997,"2024-10-16",城乡建设,小程序/公众号,27
17998,"2024-10-16",交通运输,小程序/公众号,39
17999,"2024-10-16",农林牧渔,小程序/公众号,44
18000,"2024-10-17",科教文体,电话,20
18001,"2024-10-17",公卫医疗,电话,20
18002,"2024-10-17",城乡建设,电话,19
18003,"2024-10-17",交通运输,电话,36
18004,"2024-10-17",农林牧渔,电话,30
18005,"2024-10-17",科教文体,来信,7
18006,"2024-10-17",公卫医疗,来信,17
18007,"2024-10-17",城乡建设,来信,23
18008,"2024-10-17",交通运输,来信,38
18009,"2024-10-17",农林牧渔,来信,21
18010,"2024-10-17",科教文体,网站,41
18011,"2024-10-17",公卫医疗,网站,62
18012,"2024-10-17",城乡建设,网站,53
18013,"2024-10-17",交通运输,网站,4
18014,"2024-10-17",农林牧渔,网站,55
18015,"2024-10-17",科教文体,小程序/公众号,57
18016,"2024-10-17",公卫医疗,小程序/公众号,135
18017,"2024-10-17",城乡建设,小程序/公众号,106
18018,"2024-10-17",交通运输,小程序/公众号,69
18019,"2024-10-17",农林牧渔,小程序/公众号,124
18020,"2024-10-18",科教文体,电话,12
18021,"2024-10-18",公卫医疗,电话,20
18022,"2024-10-18",城乡建设,电话,20
18023,"2024-10-18",交通运输,电话,5
18024,"2024-10-18",农林牧渔,电话,12
18025,"2024-10-18",科教文体,来信,25
18026,"2024-10-18",公卫医疗,来信,8
18027,"2024-10-18",城乡建设,来信,21
18028,"2024-10-18",交通运输,来信,24
18029,"2024-10-18",农林牧渔,来信,50
18030,"2024-10-18",科教文体,网站,25
18031,"2024-10-18",公卫医疗,网站,56
18032,"2024-10-18",城乡建设,网站,27
18033,"2024-10-18",交通运输,网站,7
18034,"2024-10-18",农林牧渔,网站,57
18035,"2024-10-18",科教文体,小程序/公众号,35
18036,"2024-10-18",公卫医疗,小程序/公众号,98
18037,"2024-10-18",城乡建设,小程序/公众号,76
18038,"2024-10-18",交通运输,小程序/公众号,50
18039,"2024-10-18",农林牧渔,小程序/公众号,22
18040,"2024-10-19",科教文体,电话,51
18041,"2024-10-19",公卫医疗,电话,25
18042,"2024-10-19",城乡建设,电话,38
18043,"2024-10-19",交通运输,电话,10
18044,"2024-10-19",农林牧渔,电话,31
18045,"2024-10-19",科教文体,来信,32
18046,"2024-10-19",公卫医疗,来信,25
18047,"2024-10-19",城乡建设,来信,28
18048,"2024-10-19",交通运输,来信,9
18049,"2024-10-19",农林牧渔,来信,5
18050,"2024-10-19",科教文体,网站,6
18051,"2024-10-19",公卫医疗,网站,5
18052,"2024-10-19",城乡建设,网站,0
18053,"2024-10-19",交通运输,网站,15
18054,"2024-10-19",农林牧渔,网站,4
18055,"2024-10-19",科教文体,小程序/公众号,169
18056,"2024-10-19",公卫医疗,小程序/公众号,7
18057,"2024-10-19",城乡建设,小程序/公众号,153
18058,"2024-10-19",交通运输,小程序/公众号,26
18059,"2024-10-19",农林牧渔,小程序/公众号,121
18060,"2024-10-20",科教文体,电话,51
18061,"2024-10-20",公卫医疗,电话,3
18062,"2024-10-20",城乡建设,电话,12
18063,"2024-10-20",交通运输,电话,5
18064,"2024-10-20",农林牧渔,电话,30
18065,"2024-10-20",科教文体,来信,0
18066,"2024-10-20",公卫医疗,来信,70
18067,"2024-10-20",城乡建设,来信,29
18068,"2024-10-20",交通运输,来信,25
18069,"2024-10-20",农林牧渔,来信,35
18070,"2024-10-20",科教文体,网站,4
18071,"2024-10-20",公卫医疗,网站,38
18072,"2024-10-20",城乡建设,网站,28
18073,"2024-10-20",交通运输,网站,32
18074,"2024-10-20",农林牧渔,网站,14
18075,"2024-10-20",科教文体,小程序/公众号,60
18076,"2024-10-20",公卫医疗,小程序/公众号,93
18077,"2024-10-20",城乡建设,小程序/公众号,30
18078,"2024-10-20",交通运输,小程序/公众号,5
18079,"2024-10-20",农林牧渔,小程序/公众号,140
18080,"2024-10-21",科教文体,电话,18
18081,"2024-10-21",公卫医疗,电话,15
18082,"2024-10-21",城乡建设,电话,28
18083,"2024-10-21",交通运输,电话,17
18084,"2024-10-21",农林牧渔,电话,56
18085,"2024-10-21",科教文体,来信,35
18086,"2024-10-21",公卫医疗,来信,14
18087,"2024-10-21",城乡建设,来信,20
18088,"2024-10-21",交通运输,来信,1
18089,"2024-10-21",农林牧渔,来信,22
18090,"2024-10-21",科教文体,网站,12
18091,"2024-10-21",公卫医疗,网站,18
18092,"2024-10-21",城乡建设,网站,1
18093,"2024-10-21",交通运输,网站,14
18094,"2024-10-21",农林牧渔,网站,14
18095,"2024-10-21",科教文体,小程序/公众号,89
18096,"2024-10-21",公卫医疗,小程序/公众号,59
18097,"2024-10-21",城乡建设,小程序/公众号,20
18098,"2024-10-21",交通运输,小程序/公众号,9
18099,"2024-10-21",农林牧渔,小程序/公众号,92
18100,"2024-10-22",科教文体,电话,3
18101,"2024-10-22",公卫医疗,电话,16
18102,"2024-10-22",城乡建设,电话,22
18103,"2024-10-22",交通运输,电话,16
18104,"2024-10-22",农林牧渔,电话,25
18105,"2024-10-22",科教文体,来信,13
18106,"2024-10-22",公卫医疗,来信,18
18107,"2024-10-22",城乡建设,来信,16
18108,"2024-10-22",交通运输,来信,3
18109,"2024-10-22",农林牧渔,来信,22
18110,"2024-10-22",科教文体,网站,5
18111,"2024-10-22",公卫医疗,网站,1
18112,"2024-10-22",城乡建设,网站,21
18113,"2024-10-22",交通运输,网站,8
18114,"2024-10-22",农林牧渔,网站,20
18115,"2024-10-22",科教文体,小程序/公众号,107
18116,"2024-10-22",公卫医疗,小程序/公众号,34
18117,"2024-10-22",城乡建设,小程序/公众号,97
18118,"2024-10-22",交通运输,小程序/公众号,41
18119,"2024-10-22",农林牧渔,小程序/公众号,121
18120,"2024-10-23",科教文体,电话,6
18121,"2024-10-23",公卫医疗,电话,12
18122,"2024-10-23",城乡建设,电话,9
18123,"2024-10-23",交通运输,电话,20
18124,"2024-10-23",农林牧渔,电话,40
18125,"2024-10-23",科教文体,来信,11
18126,"2024-10-23",公卫医疗,来信,24
18127,"2024-10-23",城乡建设,来信,20
18128,"2024-10-23",交通运输,来信,2
18129,"2024-10-23",农林牧渔,来信,18
18130,"2024-10-23",科教文体,网站,17
18131,"2024-10-23",公卫医疗,网站,1
18132,"2024-10-23",城乡建设,网站,16
18133,"2024-10-23",交通运输,网站,8
18134,"2024-10-23",农林牧渔,网站,11
18135,"2024-10-23",科教文体,小程序/公众号,98
18136,"2024-10-23",公卫医疗,小程序/公众号,14
18137,"2024-10-23",城乡建设,小程序/公众号,27
18138,"2024-10-23",交通运输,小程序/公众号,33
18139,"2024-10-23",农林牧渔,小程序/公众号,8
18140,"2024-10-24",科教文体,电话,29
18141,"2024-10-24",公卫医疗,电话,1
18142,"2024-10-24",城乡建设,电话,31
18143,"2024-10-24",交通运输,电话,10
18144,"2024-10-24",农林牧渔,电话,32
18145,"2024-10-24",科教文体,来信,2
18146,"2024-10-24",公卫医疗,来信,44
18147,"2024-10-24",城乡建设,来信,45
18148,"2024-10-24",交通运输,来信,17
18149,"2024-10-24",农林牧渔,来信,38
18150,"2024-10-24",科教文体,网站,13
18151,"2024-10-24",公卫医疗,网站,30
18152,"2024-10-24",城乡建设,网站,26
18153,"2024-10-24",交通运输,网站,35
18154,"2024-10-24",农林牧渔,网站,35
18155,"2024-10-24",科教文体,小程序/公众号,58
18156,"2024-10-24",公卫医疗,小程序/公众号,1
18157,"2024-10-24",城乡建设,小程序/公众号,61
18158,"2024-10-24",交通运输,小程序/公众号,82
18159,"2024-10-24",农林牧渔,小程序/公众号,46
18160,"2024-10-25",科教文体,电话,36
18161,"2024-10-25",公卫医疗,电话,27
18162,"2024-10-25",城乡建设,电话,39
18163,"2024-10-25",交通运输,电话,28
18164,"2024-10-25",农林牧渔,电话,42
18165,"2024-10-25",科教文体,来信,37
18166,"2024-10-25",公卫医疗,来信,47
18167,"2024-10-25",城乡建设,来信,47
18168,"2024-10-25",交通运输,来信,42
18169,"2024-10-25",农林牧渔,来信,1
18170,"2024-10-25",科教文体,网站,45
18171,"2024-10-25",公卫医疗,网站,49
18172,"2024-10-25",城乡建设,网站,5
18173,"2024-10-25",交通运输,网站,52
18174,"2024-10-25",农林牧渔,网站,65
18175,"2024-10-25",科教文体,小程序/公众号,63
18176,"2024-10-25",公卫医疗,小程序/公众号,89
18177,"2024-10-25",城乡建设,小程序/公众号,93
18178,"2024-10-25",交通运输,小程序/公众号,66
18179,"2024-10-25",农林牧渔,小程序/公众号,55
18180,"2024-10-26",科教文体,电话,18
18181,"2024-10-26",公卫医疗,电话,25
18182,"2024-10-26",城乡建设,电话,6
18183,"2024-10-26",交通运输,电话,8
18184,"2024-10-26",农林牧渔,电话,15
18185,"2024-10-26",科教文体,来信,2
18186,"2024-10-26",公卫医疗,来信,16
18187,"2024-10-26",城乡建设,来信,26
18188,"2024-10-26",交通运输,来信,30
18189,"2024-10-26",农林牧渔,来信,30
18190,"2024-10-26",科教文体,网站,14
18191,"2024-10-26",公卫医疗,网站,34
18192,"2024-10-26",城乡建设,网站,4
18193,"2024-10-26",交通运输,网站,35
18194,"2024-10-26",农林牧渔,网站,27
18195,"2024-10-26",科教文体,小程序/公众号,37
18196,"2024-10-26",公卫医疗,小程序/公众号,23
18197,"2024-10-26",城乡建设,小程序/公众号,83
18198,"2024-10-26",交通运输,小程序/公众号,104
18199,"2024-10-26",农林牧渔,小程序/公众号,109
18200,"2024-10-27",科教文体,电话,2
18201,"2024-10-27",公卫医疗,电话,8
18202,"2024-10-27",城乡建设,电话,6
18203,"2024-10-27",交通运输,电话,6
18204,"2024-10-27",农林牧渔,电话,6
18205,"2024-10-27",科教文体,来信,42
18206,"2024-10-27",公卫医疗,来信,15
18207,"2024-10-27",城乡建设,来信,21
18208,"2024-10-27",交通运输,来信,17
18209,"2024-10-27",农林牧渔,来信,40
18210,"2024-10-27",科教文体,网站,15
18211,"2024-10-27",公卫医疗,网站,10
18212,"2024-10-27",城乡建设,网站,6
18213,"2024-10-27",交通运输,网站,16
18214,"2024-10-27",农林牧渔,网站,28
18215,"2024-10-27",科教文体,小程序/公众号,67
18216,"2024-10-27",公卫医疗,小程序/公众号,104
18217,"2024-10-27",城乡建设,小程序/公众号,110
18218,"2024-10-27",交通运输,小程序/公众号,88
18219,"2024-10-27",农林牧渔,小程序/公众号,111
18220,"2024-10-28",科教文体,电话,15
18221,"2024-10-28",公卫医疗,电话,16
18222,"2024-10-28",城乡建设,电话,23
18223,"2024-10-28",交通运输,电话,13
18224,"2024-10-28",农林牧渔,电话,25
18225,"2024-10-28",科教文体,来信,4
18226,"2024-10-28",公卫医疗,来信,11
18227,"2024-10-28",城乡建设,来信,22
18228,"2024-10-28",交通运输,来信,18
18229,"2024-10-28",农林牧渔,来信,18
18230,"2024-10-28",科教文体,网站,20
18231,"2024-10-28",公卫医疗,网站,10
18232,"2024-10-28",城乡建设,网站,16
18233,"2024-10-28",交通运输,网站,20
18234,"2024-10-28",农林牧渔,网站,8
18235,"2024-10-28",科教文体,小程序/公众号,83
18236,"2024-10-28",公卫医疗,小程序/公众号,50
18237,"2024-10-28",城乡建设,小程序/公众号,74
18238,"2024-10-28",交通运输,小程序/公众号,89
18239,"2024-10-28",农林牧渔,小程序/公众号,40
18240,"2024-10-29",科教文体,电话,14
18241,"2024-10-29",公卫医疗,电话,28
18242,"2024-10-29",城乡建设,电话,21
18243,"2024-10-29",交通运输,电话,0
18244,"2024-10-29",农林牧渔,电话,43
18245,"2024-10-29",科教文体,来信,3
18246,"2024-10-29",公卫医疗,来信,13
18247,"2024-10-29",城乡建设,来信,29
18248,"2024-10-29",交通运输,来信,19
18249,"2024-10-29",农林牧渔,来信,31
18250,"2024-10-29",科教文体,网站,13
18251,"2024-10-29",公卫医疗,网站,11
18252,"2024-10-29",城乡建设,网站,7
18253,"2024-10-29",交通运输,网站,13
18254,"2024-10-29",农林牧渔,网站,9
18255,"2024-10-29",科教文体,小程序/公众号,92
18256,"2024-10-29",公卫医疗,小程序/公众号,52
18257,"2024-10-29",城乡建设,小程序/公众号,5
18258,"2024-10-29",交通运输,小程序/公众号,100
18259,"2024-10-29",农林牧渔,小程序/公众号,14
18260,"2024-10-30",科教文体,电话,8
18261,"2024-10-30",公卫医疗,电话,6
18262,"2024-10-30",城乡建设,电话,5
18263,"2024-10-30",交通运输,电话,3
18264,"2024-10-30",农林牧渔,电话,7
18265,"2024-10-30",科教文体,来信,1
18266,"2024-10-30",公卫医疗,来信,4
18267,"2024-10-30",城乡建设,来信,1
18268,"2024-10-30",交通运输,来信,3
18269,"2024-10-30",农林牧渔,来信,2
18270,"2024-10-30",科教文体,网站,74
18271,"2024-10-30",公卫医疗,网站,67
18272,"2024-10-30",城乡建设,网站,110
18273,"2024-10-30",交通运输,网站,68
18274,"2024-10-30",农林牧渔,网站,27
18275,"2024-10-30",科教文体,小程序/公众号,80
18276,"2024-10-30",公卫医疗,小程序/公众号,113
18277,"2024-10-30",城乡建设,小程序/公众号,90
18278,"2024-10-30",交通运输,小程序/公众号,32
18279,"2024-10-30",农林牧渔,小程序/公众号,32
18280,"2024-10-31",科教文体,电话,21
18281,"2024-10-31",公卫医疗,电话,14
18282,"2024-10-31",城乡建设,电话,2
18283,"2024-10-31",交通运输,电话,25
18284,"2024-10-31",农林牧渔,电话,15
18285,"2024-10-31",科教文体,来信,22
18286,"2024-10-31",公卫医疗,来信,23
18287,"2024-10-31",城乡建设,来信,21
18288,"2024-10-31",交通运输,来信,18
18289,"2024-10-31",农林牧渔,来信,13
18290,"2024-10-31",科教文体,网站,6
18291,"2024-10-31",公卫医疗,网站,50
18292,"2024-10-31",城乡建设,网站,25
18293,"2024-10-31",交通运输,网站,13
18294,"2024-10-31",农林牧渔,网站,29
18295,"2024-10-31",科教文体,小程序/公众号,41
18296,"2024-10-31",公卫医疗,小程序/公众号,34
18297,"2024-10-31",城乡建设,小程序/公众号,22
18298,"2024-10-31",交通运输,小程序/公众号,41
18299,"2024-10-31",农林牧渔,小程序/公众号,31
18300,"2024-11-01",科教文体,电话,8
18301,"2024-11-01",公卫医疗,电话,1
18302,"2024-11-01",城乡建设,电话,0
18303,"2024-11-01",交通运输,电话,6
18304,"2024-11-01",农林牧渔,电话,4
18305,"2024-11-01",科教文体,来信,9
18306,"2024-11-01",公卫医疗,来信,10
18307,"2024-11-01",城乡建设,来信,20
18308,"2024-11-01",交通运输,来信,19
18309,"2024-11-01",农林牧渔,来信,26
18310,"2024-11-01",科教文体,网站,13
18311,"2024-11-01",公卫医疗,网站,11
18312,"2024-11-01",城乡建设,网站,4
18313,"2024-11-01",交通运输,网站,4
18314,"2024-11-01",农林牧渔,网站,12
18315,"2024-11-01",科教文体,小程序/公众号,28
18316,"2024-11-01",公卫医疗,小程序/公众号,45
18317,"2024-11-01",城乡建设,小程序/公众号,96
18318,"2024-11-01",交通运输,小程序/公众号,2
18319,"2024-11-01",农林牧渔,小程序/公众号,20
18320,"2024-11-02",科教文体,电话,29
18321,"2024-11-02",公卫医疗,电话,17
18322,"2024-11-02",城乡建设,电话,11
18323,"2024-11-02",交通运输,电话,6
18324,"2024-11-02",农林牧渔,电话,23
18325,"2024-11-02",科教文体,来信,29
18326,"2024-11-02",公卫医疗,来信,18
18327,"2024-11-02",城乡建设,来信,29
18328,"2024-11-02",交通运输,来信,35
18329,"2024-11-02",农林牧渔,来信,12
18330,"2024-11-02",科教文体,网站,3
18331,"2024-11-02",公卫医疗,网站,2
18332,"2024-11-02",城乡建设,网站,4
18333,"2024-11-02",交通运输,网站,3
18334,"2024-11-02",农林牧渔,网站,5
18335,"2024-11-02",科教文体,小程序/公众号,56
18336,"2024-11-02",公卫医疗,小程序/公众号,40
18337,"2024-11-02",城乡建设,小程序/公众号,86
18338,"2024-11-02",交通运输,小程序/公众号,74
18339,"2024-11-02",农林牧渔,小程序/公众号,19
18340,"2024-11-03",科教文体,电话,15
18341,"2024-11-03",公卫医疗,电话,23
18342,"2024-11-03",城乡建设,电话,27
18343,"2024-11-03",交通运输,电话,10
18344,"2024-11-03",农林牧渔,电话,29
18345,"2024-11-03",科教文体,来信,24
18346,"2024-11-03",公卫医疗,来信,6
18347,"2024-11-03",城乡建设,来信,12
18348,"2024-11-03",交通运输,来信,7
18349,"2024-11-03",农林牧渔,来信,9
18350,"2024-11-03",科教文体,网站,8
18351,"2024-11-03",公卫医疗,网站,4
18352,"2024-11-03",城乡建设,网站,35
18353,"2024-11-03",交通运输,网站,39
18354,"2024-11-03",农林牧渔,网站,32
18355,"2024-11-03",科教文体,小程序/公众号,18
18356,"2024-11-03",公卫医疗,小程序/公众号,30
18357,"2024-11-03",城乡建设,小程序/公众号,38
18358,"2024-11-03",交通运输,小程序/公众号,40
18359,"2024-11-03",农林牧渔,小程序/公众号,56
18360,"2024-11-04",科教文体,电话,5
18361,"2024-11-04",公卫医疗,电话,4
18362,"2024-11-04",城乡建设,电话,0
18363,"2024-11-04",交通运输,电话,11
18364,"2024-11-04",农林牧渔,电话,10
18365,"2024-11-04",科教文体,来信,1
18366,"2024-11-04",公卫医疗,来信,32
18367,"2024-11-04",城乡建设,来信,54
18368,"2024-11-04",交通运输,来信,60
18369,"2024-11-04",农林牧渔,来信,22
18370,"2024-11-04",科教文体,网站,4
18371,"2024-11-04",公卫医疗,网站,3
18372,"2024-11-04",城乡建设,网站,0
18373,"2024-11-04",交通运输,网站,0
18374,"2024-11-04",农林牧渔,网站,3
18375,"2024-11-04",科教文体,小程序/公众号,38
18376,"2024-11-04",公卫医疗,小程序/公众号,134
18377,"2024-11-04",城乡建设,小程序/公众号,127
18378,"2024-11-04",交通运输,小程序/公众号,38
18379,"2024-11-04",农林牧渔,小程序/公众号,54
18380,"2024-11-05",科教文体,电话,35
18381,"2024-11-05",公卫医疗,电话,7
18382,"2024-11-05",城乡建设,电话,34
18383,"2024-11-05",交通运输,电话,48
18384,"2024-11-05",农林牧渔,电话,14
18385,"2024-11-05",科教文体,来信,3
18386,"2024-11-05",公卫医疗,来信,9
18387,"2024-11-05",城乡建设,来信,30
18388,"2024-11-05",交通运输,来信,25
18389,"2024-11-05",农林牧渔,来信,4
18390,"2024-11-05",科教文体,网站,13
18391,"2024-11-05",公卫医疗,网站,38
18392,"2024-11-05",城乡建设,网站,9
18393,"2024-11-05",交通运输,网站,43
18394,"2024-11-05",农林牧渔,网站,45
18395,"2024-11-05",科教文体,小程序/公众号,176
18396,"2024-11-05",公卫医疗,小程序/公众号,43
18397,"2024-11-05",城乡建设,小程序/公众号,38
18398,"2024-11-05",交通运输,小程序/公众号,87
18399,"2024-11-05",农林牧渔,小程序/公众号,12
18400,"2024-11-06",科教文体,电话,18
18401,"2024-11-06",公卫医疗,电话,13
18402,"2024-11-06",城乡建设,电话,69
18403,"2024-11-06",交通运输,电话,31
18404,"2024-11-06",农林牧渔,电话,80
18405,"2024-11-06",科教文体,来信,15
18406,"2024-11-06",公卫医疗,来信,14
18407,"2024-11-06",城乡建设,来信,15
18408,"2024-11-06",交通运输,来信,23
18409,"2024-11-06",农林牧渔,来信,16
18410,"2024-11-06",科教文体,网站,79
18411,"2024-11-06",公卫医疗,网站,124
18412,"2024-11-06",城乡建设,网站,25
18413,"2024-11-06",交通运输,网站,28
18414,"2024-11-06",农林牧渔,网站,4
18415,"2024-11-06",科教文体,小程序/公众号,128
18416,"2024-11-06",公卫医疗,小程序/公众号,45
18417,"2024-11-06",城乡建设,小程序/公众号,48
18418,"2024-11-06",交通运输,小程序/公众号,48
18419,"2024-11-06",农林牧渔,小程序/公众号,49
18420,"2024-11-07",科教文体,电话,1
18421,"2024-11-07",公卫医疗,电话,1
18422,"2024-11-07",城乡建设,电话,3
18423,"2024-11-07",交通运输,电话,2
18424,"2024-11-07",农林牧渔,电话,3
18425,"2024-11-07",科教文体,来信,11
18426,"2024-11-07",公卫医疗,来信,7
18427,"2024-11-07",城乡建设,来信,13
18428,"2024-11-07",交通运输,来信,7
18429,"2024-11-07",农林牧渔,来信,8
18430,"2024-11-07",科教文体,网站,23
18431,"2024-11-07",公卫医疗,网站,27
18432,"2024-11-07",城乡建设,网站,38
18433,"2024-11-07",交通运输,网站,40
18434,"2024-11-07",农林牧渔,网站,30
18435,"2024-11-07",科教文体,小程序/公众号,71
18436,"2024-11-07",公卫医疗,小程序/公众号,2
18437,"2024-11-07",城乡建设,小程序/公众号,27
18438,"2024-11-07",交通运输,小程序/公众号,57
18439,"2024-11-07",农林牧渔,小程序/公众号,38
18440,"2024-11-08",科教文体,电话,31
18441,"2024-11-08",公卫医疗,电话,6
18442,"2024-11-08",城乡建设,电话,28
18443,"2024-11-08",交通运输,电话,6
18444,"2024-11-08",农林牧渔,电话,36
18445,"2024-11-08",科教文体,来信,28
18446,"2024-11-08",公卫医疗,来信,26
18447,"2024-11-08",城乡建设,来信,43
18448,"2024-11-08",交通运输,来信,33
18449,"2024-11-08",农林牧渔,来信,27
18450,"2024-11-08",科教文体,网站,1
18451,"2024-11-08",公卫医疗,网站,10
18452,"2024-11-08",城乡建设,网站,10
18453,"2024-11-08",交通运输,网站,5
18454,"2024-11-08",农林牧渔,网站,9
18455,"2024-11-08",科教文体,小程序/公众号,36
18456,"2024-11-08",公卫医疗,小程序/公众号,24
18457,"2024-11-08",城乡建设,小程序/公众号,11
18458,"2024-11-08",交通运输,小程序/公众号,180
18459,"2024-11-08",农林牧渔,小程序/公众号,171
18460,"2024-11-09",科教文体,电话,37
18461,"2024-11-09",公卫医疗,电话,22
18462,"2024-11-09",城乡建设,电话,6
18463,"2024-11-09",交通运输,电话,37
18464,"2024-11-09",农林牧渔,电话,5
18465,"2024-11-09",科教文体,来信,19
18466,"2024-11-09",公卫医疗,来信,28
18467,"2024-11-09",城乡建设,来信,21
18468,"2024-11-09",交通运输,来信,17
18469,"2024-11-09",农林牧渔,来信,2
18470,"2024-11-09",科教文体,网站,41
18471,"2024-11-09",公卫医疗,网站,9
18472,"2024-11-09",城乡建设,网站,20
18473,"2024-11-09",交通运输,网站,11
18474,"2024-11-09",农林牧渔,网站,13
18475,"2024-11-09",科教文体,小程序/公众号,76
18476,"2024-11-09",公卫医疗,小程序/公众号,46
18477,"2024-11-09",城乡建设,小程序/公众号,9
18478,"2024-11-09",交通运输,小程序/公众号,0
18479,"2024-11-09",农林牧渔,小程序/公众号,18
18480,"2024-11-10",科教文体,电话,4
18481,"2024-11-10",公卫医疗,电话,7
18482,"2024-11-10",城乡建设,电话,1
18483,"2024-11-10",交通运输,电话,4
18484,"2024-11-10",农林牧渔,电话,4
18485,"2024-11-10",科教文体,来信,40
18486,"2024-11-10",公卫医疗,来信,24
18487,"2024-11-10",城乡建设,来信,23
18488,"2024-11-10",交通运输,来信,27
18489,"2024-11-10",农林牧渔,来信,2
18490,"2024-11-10",科教文体,网站,7
18491,"2024-11-10",公卫医疗,网站,7
18492,"2024-11-10",城乡建设,网站,8
18493,"2024-11-10",交通运输,网站,2
18494,"2024-11-10",农林牧渔,网站,8
18495,"2024-11-10",科教文体,小程序/公众号,100
18496,"2024-11-10",公卫医疗,小程序/公众号,109
18497,"2024-11-10",城乡建设,小程序/公众号,4
18498,"2024-11-10",交通运输,小程序/公众号,105
18499,"2024-11-10",农林牧渔,小程序/公众号,5
18500,"2024-11-11",科教文体,电话,11
18501,"2024-11-11",公卫医疗,电话,24
18502,"2024-11-11",城乡建设,电话,0
18503,"2024-11-11",交通运输,电话,23
18504,"2024-11-11",农林牧渔,电话,1
18505,"2024-11-11",科教文体,来信,48
18506,"2024-11-11",公卫医疗,来信,23
18507,"2024-11-11",城乡建设,来信,52
18508,"2024-11-11",交通运输,来信,17
18509,"2024-11-11",农林牧渔,来信,12
18510,"2024-11-11",科教文体,网站,2
18511,"2024-11-11",公卫医疗,网站,8
18512,"2024-11-11",城乡建设,网站,9
18513,"2024-11-11",交通运输,网站,7
18514,"2024-11-11",农林牧渔,网站,2
18515,"2024-11-11",科教文体,小程序/公众号,181
18516,"2024-11-11",公卫医疗,小程序/公众号,28
18517,"2024-11-11",城乡建设,小程序/公众号,73
18518,"2024-11-11",交通运输,小程序/公众号,229
18519,"2024-11-11",农林牧渔,小程序/公众号,35
18520,"2024-11-12",科教文体,电话,11
18521,"2024-11-12",公卫医疗,电话,27
18522,"2024-11-12",城乡建设,电话,14
18523,"2024-11-12",交通运输,电话,40
18524,"2024-11-12",农林牧渔,电话,39
18525,"2024-11-12",科教文体,来信,51
18526,"2024-11-12",公卫医疗,来信,40
18527,"2024-11-12",城乡建设,来信,27
18528,"2024-11-12",交通运输,来信,1
18529,"2024-11-12",农林牧渔,来信,30
18530,"2024-11-12",科教文体,网站,15
18531,"2024-11-12",公卫医疗,网站,18
18532,"2024-11-12",城乡建设,网站,9
18533,"2024-11-12",交通运输,网站,1
18534,"2024-11-12",农林牧渔,网站,6
18535,"2024-11-12",科教文体,小程序/公众号,67
18536,"2024-11-12",公卫医疗,小程序/公众号,68
18537,"2024-11-12",城乡建设,小程序/公众号,22
18538,"2024-11-12",交通运输,小程序/公众号,242
18539,"2024-11-12",农林牧渔,小程序/公众号,101
18540,"2024-11-13",科教文体,电话,32
18541,"2024-11-13",公卫医疗,电话,28
18542,"2024-11-13",城乡建设,电话,31
18543,"2024-11-13",交通运输,电话,16
18544,"2024-11-13",农林牧渔,电话,34
18545,"2024-11-13",科教文体,来信,5
18546,"2024-11-13",公卫医疗,来信,3
18547,"2024-11-13",城乡建设,来信,12
18548,"2024-11-13",交通运输,来信,4
18549,"2024-11-13",农林牧渔,来信,12
18550,"2024-11-13",科教文体,网站,21
18551,"2024-11-13",公卫医疗,网站,77
18552,"2024-11-13",城乡建设,网站,34
18553,"2024-11-13",交通运输,网站,71
18554,"2024-11-13",农林牧渔,网站,45
18555,"2024-11-13",科教文体,小程序/公众号,11
18556,"2024-11-13",公卫医疗,小程序/公众号,12
18557,"2024-11-13",城乡建设,小程序/公众号,196
18558,"2024-11-13",交通运输,小程序/公众号,195
18559,"2024-11-13",农林牧渔,小程序/公众号,121
18560,"2024-11-14",科教文体,电话,19
18561,"2024-11-14",公卫医疗,电话,7
18562,"2024-11-14",城乡建设,电话,7
18563,"2024-11-14",交通运输,电话,11
18564,"2024-11-14",农林牧渔,电话,19
18565,"2024-11-14",科教文体,来信,26
18566,"2024-11-14",公卫医疗,来信,45
18567,"2024-11-14",城乡建设,来信,29
18568,"2024-11-14",交通运输,来信,35
18569,"2024-11-14",农林牧渔,来信,45
18570,"2024-11-14",科教文体,网站,28
18571,"2024-11-14",公卫医疗,网站,39
18572,"2024-11-14",城乡建设,网站,71
18573,"2024-11-14",交通运输,网站,74
18574,"2024-11-14",农林牧渔,网站,100
18575,"2024-11-14",科教文体,小程序/公众号,44
18576,"2024-11-14",公卫医疗,小程序/公众号,20
18577,"2024-11-14",城乡建设,小程序/公众号,141
18578,"2024-11-14",交通运输,小程序/公众号,43
18579,"2024-11-14",农林牧渔,小程序/公众号,116
18580,"2024-11-15",科教文体,电话,35
18581,"2024-11-15",公卫医疗,电话,3
18582,"2024-11-15",城乡建设,电话,26
18583,"2024-11-15",交通运输,电话,2
18584,"2024-11-15",农林牧渔,电话,33
18585,"2024-11-15",科教文体,来信,35
18586,"2024-11-15",公卫医疗,来信,40
18587,"2024-11-15",城乡建设,来信,6
18588,"2024-11-15",交通运输,来信,4
18589,"2024-11-15",农林牧渔,来信,6
18590,"2024-11-15",科教文体,网站,32
18591,"2024-11-15",公卫医疗,网站,16
18592,"2024-11-15",城乡建设,网站,16
18593,"2024-11-15",交通运输,网站,16
18594,"2024-11-15",农林牧渔,网站,42
18595,"2024-11-15",科教文体,小程序/公众号,69
18596,"2024-11-15",公卫医疗,小程序/公众号,11
18597,"2024-11-15",城乡建设,小程序/公众号,77
18598,"2024-11-15",交通运输,小程序/公众号,23
18599,"2024-11-15",农林牧渔,小程序/公众号,9
18600,"2024-11-16",科教文体,电话,46
18601,"2024-11-16",公卫医疗,电话,27
18602,"2024-11-16",城乡建设,电话,45
18603,"2024-11-16",交通运输,电话,45
18604,"2024-11-16",农林牧渔,电话,46
18605,"2024-11-16",科教文体,来信,39
18606,"2024-11-16",公卫医疗,来信,108
18607,"2024-11-16",城乡建设,来信,35
18608,"2024-11-16",交通运输,来信,0
18609,"2024-11-16",农林牧渔,来信,8
18610,"2024-11-16",科教文体,网站,6
18611,"2024-11-16",公卫医疗,网站,4
18612,"2024-11-16",城乡建设,网站,1
18613,"2024-11-16",交通运输,网站,2
18614,"2024-11-16",农林牧渔,网站,4
18615,"2024-11-16",科教文体,小程序/公众号,52
18616,"2024-11-16",公卫医疗,小程序/公众号,135
18617,"2024-11-16",城乡建设,小程序/公众号,30
18618,"2024-11-16",交通运输,小程序/公众号,121
18619,"2024-11-16",农林牧渔,小程序/公众号,91
18620,"2024-11-17",科教文体,电话,13
18621,"2024-11-17",公卫医疗,电话,4
18622,"2024-11-17",城乡建设,电话,2
18623,"2024-11-17",交通运输,电话,2
18624,"2024-11-17",农林牧渔,电话,0
18625,"2024-11-17",科教文体,来信,6
18626,"2024-11-17",公卫医疗,来信,2
18627,"2024-11-17",城乡建设,来信,7
18628,"2024-11-17",交通运输,来信,2
18629,"2024-11-17",农林牧渔,来信,7
18630,"2024-11-17",科教文体,网站,26
18631,"2024-11-17",公卫医疗,网站,9
18632,"2024-11-17",城乡建设,网站,6
18633,"2024-11-17",交通运输,网站,23
18634,"2024-11-17",农林牧渔,网站,31
18635,"2024-11-17",科教文体,小程序/公众号,128
18636,"2024-11-17",公卫医疗,小程序/公众号,41
18637,"2024-11-17",城乡建设,小程序/公众号,32
18638,"2024-11-17",交通运输,小程序/公众号,31
18639,"2024-11-17",农林牧渔,小程序/公众号,141
18640,"2024-11-18",科教文体,电话,7
18641,"2024-11-18",公卫医疗,电话,0
18642,"2024-11-18",城乡建设,电话,7
18643,"2024-11-18",交通运输,电话,8
18644,"2024-11-18",农林牧渔,电话,1
18645,"2024-11-18",科教文体,来信,4
18646,"2024-11-18",公卫医疗,来信,57
18647,"2024-11-18",城乡建设,来信,23
18648,"2024-11-18",交通运输,来信,26
18649,"2024-11-18",农林牧渔,来信,13
18650,"2024-11-18",科教文体,网站,4
18651,"2024-11-18",公卫医疗,网站,141
18652,"2024-11-18",城乡建设,网站,82
18653,"2024-11-18",交通运输,网站,140
18654,"2024-11-18",农林牧渔,网站,42
18655,"2024-11-18",科教文体,小程序/公众号,62
18656,"2024-11-18",公卫医疗,小程序/公众号,89
18657,"2024-11-18",城乡建设,小程序/公众号,101
18658,"2024-11-18",交通运输,小程序/公众号,12
18659,"2024-11-18",农林牧渔,小程序/公众号,158
18660,"2024-11-19",科教文体,电话,39
18661,"2024-11-19",公卫医疗,电话,30
18662,"2024-11-19",城乡建设,电话,27
18663,"2024-11-19",交通运输,电话,0
18664,"2024-11-19",农林牧渔,电话,26
18665,"2024-11-19",科教文体,来信,20
18666,"2024-11-19",公卫医疗,来信,14
18667,"2024-11-19",城乡建设,来信,13
18668,"2024-11-19",交通运输,来信,38
18669,"2024-11-19",农林牧渔,来信,17
18670,"2024-11-19",科教文体,网站,16
18671,"2024-11-19",公卫医疗,网站,20
18672,"2024-11-19",城乡建设,网站,18
18673,"2024-11-19",交通运输,网站,0
18674,"2024-11-19",农林牧渔,网站,19
18675,"2024-11-19",科教文体,小程序/公众号,212
18676,"2024-11-19",公卫医疗,小程序/公众号,98
18677,"2024-11-19",城乡建设,小程序/公众号,139
18678,"2024-11-19",交通运输,小程序/公众号,202
18679,"2024-11-19",农林牧渔,小程序/公众号,7
18680,"2024-11-20",科教文体,电话,6
18681,"2024-11-20",公卫医疗,电话,8
18682,"2024-11-20",城乡建设,电话,5
18683,"2024-11-20",交通运输,电话,7
18684,"2024-11-20",农林牧渔,电话,13
18685,"2024-11-20",科教文体,来信,18
18686,"2024-11-20",公卫医疗,来信,39
18687,"2024-11-20",城乡建设,来信,42
18688,"2024-11-20",交通运输,来信,20
18689,"2024-11-20",农林牧渔,来信,17
18690,"2024-11-20",科教文体,网站,11
18691,"2024-11-20",公卫医疗,网站,13
18692,"2024-11-20",城乡建设,网站,30
18693,"2024-11-20",交通运输,网站,9
18694,"2024-11-20",农林牧渔,网站,26
18695,"2024-11-20",科教文体,小程序/公众号,129
18696,"2024-11-20",公卫医疗,小程序/公众号,114
18697,"2024-11-20",城乡建设,小程序/公众号,108
18698,"2024-11-20",交通运输,小程序/公众号,104
18699,"2024-11-20",农林牧渔,小程序/公众号,18
18700,"2024-11-21",科教文体,电话,4
18701,"2024-11-21",公卫医疗,电话,19
18702,"2024-11-21",城乡建设,电话,5
18703,"2024-11-21",交通运输,电话,7
18704,"2024-11-21",农林牧渔,电话,13
18705,"2024-11-21",科教文体,来信,4
18706,"2024-11-21",公卫医疗,来信,4
18707,"2024-11-21",城乡建设,来信,5
18708,"2024-11-21",交通运输,来信,5
18709,"2024-11-21",农林牧渔,来信,4
18710,"2024-11-21",科教文体,网站,52
18711,"2024-11-21",公卫医疗,网站,33
18712,"2024-11-21",城乡建设,网站,31
18713,"2024-11-21",交通运输,网站,134
18714,"2024-11-21",农林牧渔,网站,83
18715,"2024-11-21",科教文体,小程序/公众号,60
18716,"2024-11-21",公卫医疗,小程序/公众号,230
18717,"2024-11-21",城乡建设,小程序/公众号,64
18718,"2024-11-21",交通运输,小程序/公众号,2
18719,"2024-11-21",农林牧渔,小程序/公众号,200
18720,"2024-11-22",科教文体,电话,8
18721,"2024-11-22",公卫医疗,电话,33
18722,"2024-11-22",城乡建设,电话,67
18723,"2024-11-22",交通运输,电话,26
18724,"2024-11-22",农林牧渔,电话,87
18725,"2024-11-22",科教文体,来信,65
18726,"2024-11-22",公卫医疗,来信,28
18727,"2024-11-22",城乡建设,来信,32
18728,"2024-11-22",交通运输,来信,116
18729,"2024-11-22",农林牧渔,来信,1
18730,"2024-11-22",科教文体,网站,14
18731,"2024-11-22",公卫医疗,网站,28
18732,"2024-11-22",城乡建设,网站,30
18733,"2024-11-22",交通运输,网站,20
18734,"2024-11-22",农林牧渔,网站,30
18735,"2024-11-22",科教文体,小程序/公众号,29
18736,"2024-11-22",公卫医疗,小程序/公众号,87
18737,"2024-11-22",城乡建设,小程序/公众号,28
18738,"2024-11-22",交通运输,小程序/公众号,130
18739,"2024-11-22",农林牧渔,小程序/公众号,109
18740,"2024-11-23",科教文体,电话,13
18741,"2024-11-23",公卫医疗,电话,24
18742,"2024-11-23",城乡建设,电话,9
18743,"2024-11-23",交通运输,电话,22
18744,"2024-11-23",农林牧渔,电话,12
18745,"2024-11-23",科教文体,来信,7
18746,"2024-11-23",公卫医疗,来信,73
18747,"2024-11-23",城乡建设,来信,50
18748,"2024-11-23",交通运输,来信,8
18749,"2024-11-23",农林牧渔,来信,57
18750,"2024-11-23",科教文体,网站,37
18751,"2024-11-23",公卫医疗,网站,43
18752,"2024-11-23",城乡建设,网站,9
18753,"2024-11-23",交通运输,网站,34
18754,"2024-11-23",农林牧渔,网站,92
18755,"2024-11-23",科教文体,小程序/公众号,66
18756,"2024-11-23",公卫医疗,小程序/公众号,3
18757,"2024-11-23",城乡建设,小程序/公众号,76
18758,"2024-11-23",交通运输,小程序/公众号,35
18759,"2024-11-23",农林牧渔,小程序/公众号,94
18760,"2024-11-24",科教文体,电话,10
18761,"2024-11-24",公卫医疗,电话,11
18762,"2024-11-24",城乡建设,电话,14
18763,"2024-11-24",交通运输,电话,8
18764,"2024-11-24",农林牧渔,电话,7
18765,"2024-11-24",科教文体,来信,16
18766,"2024-11-24",公卫医疗,来信,16
18767,"2024-11-24",城乡建设,来信,15
18768,"2024-11-24",交通运输,来信,17
18769,"2024-11-24",农林牧渔,来信,4
18770,"2024-11-24",科教文体,网站,5
18771,"2024-11-24",公卫医疗,网站,2
18772,"2024-11-24",城乡建设,网站,3
18773,"2024-11-24",交通运输,网站,6
18774,"2024-11-24",农林牧渔,网站,7
18775,"2024-11-24",科教文体,小程序/公众号,6
18776,"2024-11-24",公卫医疗,小程序/公众号,42
18777,"2024-11-24",城乡建设,小程序/公众号,40
18778,"2024-11-24",交通运输,小程序/公众号,58
18779,"2024-11-24",农林牧渔,小程序/公众号,51
18780,"2024-11-25",科教文体,电话,37
18781,"2024-11-25",公卫医疗,电话,38
18782,"2024-11-25",城乡建设,电话,5
18783,"2024-11-25",交通运输,电话,33
18784,"2024-11-25",农林牧渔,电话,19
18785,"2024-11-25",科教文体,来信,10
18786,"2024-11-25",公卫医疗,来信,66
18787,"2024-11-25",城乡建设,来信,40
18788,"2024-11-25",交通运输,来信,9
18789,"2024-11-25",农林牧渔,来信,83
18790,"2024-11-25",科教文体,网站,8
18791,"2024-11-25",公卫医疗,网站,2
18792,"2024-11-25",城乡建设,网站,8
18793,"2024-11-25",交通运输,网站,7
18794,"2024-11-25",农林牧渔,网站,5
18795,"2024-11-25",科教文体,小程序/公众号,66
18796,"2024-11-25",公卫医疗,小程序/公众号,140
18797,"2024-11-25",城乡建设,小程序/公众号,48
18798,"2024-11-25",交通运输,小程序/公众号,79
18799,"2024-11-25",农林牧渔,小程序/公众号,95
18800,"2024-11-26",科教文体,电话,5
18801,"2024-11-26",公卫医疗,电话,6
18802,"2024-11-26",城乡建设,电话,8
18803,"2024-11-26",交通运输,电话,6
18804,"2024-11-26",农林牧渔,电话,0
18805,"2024-11-26",科教文体,来信,24
18806,"2024-11-26",公卫医疗,来信,2
18807,"2024-11-26",城乡建设,来信,21
18808,"2024-11-26",交通运输,来信,17
18809,"2024-11-26",农林牧渔,来信,5
18810,"2024-11-26",科教文体,网站,17
18811,"2024-11-26",公卫医疗,网站,1
18812,"2024-11-26",城乡建设,网站,43
18813,"2024-11-26",交通运输,网站,59
18814,"2024-11-26",农林牧渔,网站,21
18815,"2024-11-26",科教文体,小程序/公众号,79
18816,"2024-11-26",公卫医疗,小程序/公众号,70
18817,"2024-11-26",城乡建设,小程序/公众号,84
18818,"2024-11-26",交通运输,小程序/公众号,38
18819,"2024-11-26",农林牧渔,小程序/公众号,14
18820,"2024-11-27",科教文体,电话,33
18821,"2024-11-27",公卫医疗,电话,42
18822,"2024-11-27",城乡建设,电话,34
18823,"2024-11-27",交通运输,电话,33
18824,"2024-11-27",农林牧渔,电话,13
18825,"2024-11-27",科教文体,来信,24
18826,"2024-11-27",公卫医疗,来信,15
18827,"2024-11-27",城乡建设,来信,11
18828,"2024-11-27",交通运输,来信,23
18829,"2024-11-27",农林牧渔,来信,3
18830,"2024-11-27",科教文体,网站,24
18831,"2024-11-27",公卫医疗,网站,59
18832,"2024-11-27",城乡建设,网站,26
18833,"2024-11-27",交通运输,网站,48
18834,"2024-11-27",农林牧渔,网站,34
18835,"2024-11-27",科教文体,小程序/公众号,118
18836,"2024-11-27",公卫医疗,小程序/公众号,68
18837,"2024-11-27",城乡建设,小程序/公众号,20
18838,"2024-11-27",交通运输,小程序/公众号,67
18839,"2024-11-27",农林牧渔,小程序/公众号,8
18840,"2024-11-28",科教文体,电话,22
18841,"2024-11-28",公卫医疗,电话,23
18842,"2024-11-28",城乡建设,电话,24
18843,"2024-11-28",交通运输,电话,14
18844,"2024-11-28",农林牧渔,电话,9
18845,"2024-11-28",科教文体,来信,13
18846,"2024-11-28",公卫医疗,来信,1
18847,"2024-11-28",城乡建设,来信,9
18848,"2024-11-28",交通运输,来信,14
18849,"2024-11-28",农林牧渔,来信,12
18850,"2024-11-28",科教文体,网站,7
18851,"2024-11-28",公卫医疗,网站,29
18852,"2024-11-28",城乡建设,网站,21
18853,"2024-11-28",交通运输,网站,16
18854,"2024-11-28",农林牧渔,网站,5
18855,"2024-11-28",科教文体,小程序/公众号,54
18856,"2024-11-28",公卫医疗,小程序/公众号,12
18857,"2024-11-28",城乡建设,小程序/公众号,62
18858,"2024-11-28",交通运输,小程序/公众号,24
18859,"2024-11-28",农林牧渔,小程序/公众号,24
18860,"2024-11-29",科教文体,电话,25
18861,"2024-11-29",公卫医疗,电话,41
18862,"2024-11-29",城乡建设,电话,23
18863,"2024-11-29",交通运输,电话,29
18864,"2024-11-29",农林牧渔,电话,3
18865,"2024-11-29",科教文体,来信,46
18866,"2024-11-29",公卫医疗,来信,4
18867,"2024-11-29",城乡建设,来信,29
18868,"2024-11-29",交通运输,来信,61
18869,"2024-11-29",农林牧渔,来信,30
18870,"2024-11-29",科教文体,网站,29
18871,"2024-11-29",公卫医疗,网站,4
18872,"2024-11-29",城乡建设,网站,26
18873,"2024-11-29",交通运输,网站,48
18874,"2024-11-29",农林牧渔,网站,15
18875,"2024-11-29",科教文体,小程序/公众号,112
18876,"2024-11-29",公卫医疗,小程序/公众号,36
18877,"2024-11-29",城乡建设,小程序/公众号,4
18878,"2024-11-29",交通运输,小程序/公众号,26
18879,"2024-11-29",农林牧渔,小程序/公众号,118
18880,"2024-11-30",科教文体,电话,5
18881,"2024-11-30",公卫医疗,电话,8
18882,"2024-11-30",城乡建设,电话,8
18883,"2024-11-30",交通运输,电话,5
18884,"2024-11-30",农林牧渔,电话,5
18885,"2024-11-30",科教文体,来信,5
18886,"2024-11-30",公卫医疗,来信,0
18887,"2024-11-30",城乡建设,来信,21
18888,"2024-11-30",交通运输,来信,20
18889,"2024-11-30",农林牧渔,来信,7
18890,"2024-11-30",科教文体,网站,14
18891,"2024-11-30",公卫医疗,网站,25
18892,"2024-11-30",城乡建设,网站,24
18893,"2024-11-30",交通运输,网站,31
18894,"2024-11-30",农林牧渔,网站,3
18895,"2024-11-30",科教文体,小程序/公众号,57
18896,"2024-11-30",公卫医疗,小程序/公众号,20
18897,"2024-11-30",城乡建设,小程序/公众号,44
18898,"2024-11-30",交通运输,小程序/公众号,25
18899,"2024-11-30",农林牧渔,小程序/公众号,34
18900,"2024-12-01",科教文体,电话,19
18901,"2024-12-01",公卫医疗,电话,45
18902,"2024-12-01",城乡建设,电话,35
18903,"2024-12-01",交通运输,电话,56
18904,"2024-12-01",农林牧渔,电话,37
18905,"2024-12-01",科教文体,来信,13
18906,"2024-12-01",公卫医疗,来信,48
18907,"2024-12-01",城乡建设,来信,33
18908,"2024-12-01",交通运输,来信,38
18909,"2024-12-01",农林牧渔,来信,10
18910,"2024-12-01",科教文体,网站,10
18911,"2024-12-01",公卫医疗,网站,15
18912,"2024-12-01",城乡建设,网站,1
18913,"2024-12-01",交通运输,网站,61
18914,"2024-12-01",农林牧渔,网站,52
18915,"2024-12-01",科教文体,小程序/公众号,33
18916,"2024-12-01",公卫医疗,小程序/公众号,68
18917,"2024-12-01",城乡建设,小程序/公众号,82
18918,"2024-12-01",交通运输,小程序/公众号,27
18919,"2024-12-01",农林牧渔,小程序/公众号,104
18920,"2024-12-02",科教文体,电话,15
18921,"2024-12-02",公卫医疗,电话,14
18922,"2024-12-02",城乡建设,电话,20
18923,"2024-12-02",交通运输,电话,7
18924,"2024-12-02",农林牧渔,电话,21
18925,"2024-12-02",科教文体,来信,18
18926,"2024-12-02",公卫医疗,来信,22
18927,"2024-12-02",城乡建设,来信,24
18928,"2024-12-02",交通运输,来信,1
18929,"2024-12-02",农林牧渔,来信,20
18930,"2024-12-02",科教文体,网站,16
18931,"2024-12-02",公卫医疗,网站,27
18932,"2024-12-02",城乡建设,网站,5
18933,"2024-12-02",交通运输,网站,24
18934,"2024-12-02",农林牧渔,网站,16
18935,"2024-12-02",科教文体,小程序/公众号,22
18936,"2024-12-02",公卫医疗,小程序/公众号,14
18937,"2024-12-02",城乡建设,小程序/公众号,44
18938,"2024-12-02",交通运输,小程序/公众号,62
18939,"2024-12-02",农林牧渔,小程序/公众号,8
18940,"2024-12-03",科教文体,电话,13
18941,"2024-12-03",公卫医疗,电话,18
18942,"2024-12-03",城乡建设,电话,10
18943,"2024-12-03",交通运输,电话,15
18944,"2024-12-03",农林牧渔,电话,2
18945,"2024-12-03",科教文体,来信,22
18946,"2024-12-03",公卫医疗,来信,26
18947,"2024-12-03",城乡建设,来信,11
18948,"2024-12-03",交通运输,来信,19
18949,"2024-12-03",农林牧渔,来信,10
18950,"2024-12-03",科教文体,网站,16
18951,"2024-12-03",公卫医疗,网站,24
18952,"2024-12-03",城乡建设,网站,28
18953,"2024-12-03",交通运输,网站,32
18954,"2024-12-03",农林牧渔,网站,33
18955,"2024-12-03",科教文体,小程序/公众号,39
18956,"2024-12-03",公卫医疗,小程序/公众号,47
18957,"2024-12-03",城乡建设,小程序/公众号,58
18958,"2024-12-03",交通运输,小程序/公众号,78
18959,"2024-12-03",农林牧渔,小程序/公众号,80
18960,"2024-12-04",科教文体,电话,36
18961,"2024-12-04",公卫医疗,电话,30
18962,"2024-12-04",城乡建设,电话,7
18963,"2024-12-04",交通运输,电话,32
18964,"2024-12-04",农林牧渔,电话,8
18965,"2024-12-04",科教文体,来信,44
18966,"2024-12-04",公卫医疗,来信,38
18967,"2024-12-04",城乡建设,来信,3
18968,"2024-12-04",交通运输,来信,1
18969,"2024-12-04",农林牧渔,来信,26
18970,"2024-12-04",科教文体,网站,15
18971,"2024-12-04",公卫医疗,网站,9
18972,"2024-12-04",城乡建设,网站,8
18973,"2024-12-04",交通运输,网站,10
18974,"2024-12-04",农林牧渔,网站,25
18975,"2024-12-04",科教文体,小程序/公众号,43
18976,"2024-12-04",公卫医疗,小程序/公众号,303
18977,"2024-12-04",城乡建设,小程序/公众号,88
18978,"2024-12-04",交通运输,小程序/公众号,68
18979,"2024-12-04",农林牧渔,小程序/公众号,69
18980,"2024-12-05",科教文体,电话,8
18981,"2024-12-05",公卫医疗,电话,12
18982,"2024-12-05",城乡建设,电话,12
18983,"2024-12-05",交通运输,电话,1
18984,"2024-12-05",农林牧渔,电话,8
18985,"2024-12-05",科教文体,来信,3
18986,"2024-12-05",公卫医疗,来信,6
18987,"2024-12-05",城乡建设,来信,13
18988,"2024-12-05",交通运输,来信,7
18989,"2024-12-05",农林牧渔,来信,22
18990,"2024-12-05",科教文体,网站,8
18991,"2024-12-05",公卫医疗,网站,34
18992,"2024-12-05",城乡建设,网站,25
18993,"2024-12-05",交通运输,网站,14
18994,"2024-12-05",农林牧渔,网站,22
18995,"2024-12-05",科教文体,小程序/公众号,42
18996,"2024-12-05",公卫医疗,小程序/公众号,55
18997,"2024-12-05",城乡建设,小程序/公众号,88
18998,"2024-12-05",交通运输,小程序/公众号,55
18999,"2024-12-05",农林牧渔,小程序/公众号,9
19000,"2024-12-06",科教文体,电话,34
19001,"2024-12-06",公卫医疗,电话,26
19002,"2024-12-06",城乡建设,电话,5
19003,"2024-12-06",交通运输,电话,35
19004,"2024-12-06",农林牧渔,电话,45
19005,"2024-12-06",科教文体,来信,13
19006,"2024-12-06",公卫医疗,来信,69
19007,"2024-12-06",城乡建设,来信,26
19008,"2024-12-06",交通运输,来信,22
19009,"2024-12-06",农林牧渔,来信,36
19010,"2024-12-06",科教文体,网站,23
19011,"2024-12-06",公卫医疗,网站,9
19012,"2024-12-06",城乡建设,网站,5
19013,"2024-12-06",交通运输,网站,26
19014,"2024-12-06",农林牧渔,网站,18
19015,"2024-12-06",科教文体,小程序/公众号,31
19016,"2024-12-06",公卫医疗,小程序/公众号,142
19017,"2024-12-06",城乡建设,小程序/公众号,82
19018,"2024-12-06",交通运输,小程序/公众号,71
19019,"2024-12-06",农林牧渔,小程序/公众号,48
19020,"2024-12-07",科教文体,电话,38
19021,"2024-12-07",公卫医疗,电话,14
19022,"2024-12-07",城乡建设,电话,15
19023,"2024-12-07",交通运输,电话,43
19024,"2024-12-07",农林牧渔,电话,17
19025,"2024-12-07",科教文体,来信,7
19026,"2024-12-07",公卫医疗,来信,22
19027,"2024-12-07",城乡建设,来信,3
19028,"2024-12-07",交通运输,来信,12
19029,"2024-12-07",农林牧渔,来信,22
19030,"2024-12-07",科教文体,网站,18
19031,"2024-12-07",公卫医疗,网站,58
19032,"2024-12-07",城乡建设,网站,13
19033,"2024-12-07",交通运输,网站,4
19034,"2024-12-07",农林牧渔,网站,39
19035,"2024-12-07",科教文体,小程序/公众号,60
19036,"2024-12-07",公卫医疗,小程序/公众号,43
19037,"2024-12-07",城乡建设,小程序/公众号,139
19038,"2024-12-07",交通运输,小程序/公众号,140
19039,"2024-12-07",农林牧渔,小程序/公众号,34
19040,"2024-12-08",科教文体,电话,3
19041,"2024-12-08",公卫医疗,电话,17
19042,"2024-12-08",城乡建设,电话,12
19043,"2024-12-08",交通运输,电话,24
19044,"2024-12-08",农林牧渔,电话,19
19045,"2024-12-08",科教文体,来信,4
19046,"2024-12-08",公卫医疗,来信,1
19047,"2024-12-08",城乡建设,来信,3
19048,"2024-12-08",交通运输,来信,1
19049,"2024-12-08",农林牧渔,来信,5
19050,"2024-12-08",科教文体,网站,29
19051,"2024-12-08",公卫医疗,网站,21
19052,"2024-12-08",城乡建设,网站,37
19053,"2024-12-08",交通运输,网站,30
19054,"2024-12-08",农林牧渔,网站,47
19055,"2024-12-08",科教文体,小程序/公众号,30
19056,"2024-12-08",公卫医疗,小程序/公众号,56
19057,"2024-12-08",城乡建设,小程序/公众号,72
19058,"2024-12-08",交通运输,小程序/公众号,180
19059,"2024-12-08",农林牧渔,小程序/公众号,100
19060,"2024-12-09",科教文体,电话,1
19061,"2024-12-09",公卫医疗,电话,6
19062,"2024-12-09",城乡建设,电话,8
19063,"2024-12-09",交通运输,电话,0
19064,"2024-12-09",农林牧渔,电话,6
19065,"2024-12-09",科教文体,来信,110
19066,"2024-12-09",公卫医疗,来信,29
19067,"2024-12-09",城乡建设,来信,11
19068,"2024-12-09",交通运输,来信,32
19069,"2024-12-09",农林牧渔,来信,22
19070,"2024-12-09",科教文体,网站,6
19071,"2024-12-09",公卫医疗,网站,3
19072,"2024-12-09",城乡建设,网站,8
19073,"2024-12-09",交通运输,网站,8
19074,"2024-12-09",农林牧渔,网站,4
19075,"2024-12-09",科教文体,小程序/公众号,82
19076,"2024-12-09",公卫医疗,小程序/公众号,188
19077,"2024-12-09",城乡建设,小程序/公众号,52
19078,"2024-12-09",交通运输,小程序/公众号,49
19079,"2024-12-09",农林牧渔,小程序/公众号,213
19080,"2024-12-10",科教文体,电话,17
19081,"2024-12-10",公卫医疗,电话,7
19082,"2024-12-10",城乡建设,电话,12
19083,"2024-12-10",交通运输,电话,12
19084,"2024-12-10",农林牧渔,电话,11
19085,"2024-12-10",科教文体,来信,16
19086,"2024-12-10",公卫医疗,来信,19
19087,"2024-12-10",城乡建设,来信,8
19088,"2024-12-10",交通运输,来信,14
19089,"2024-12-10",农林牧渔,来信,12
19090,"2024-12-10",科教文体,网站,24
19091,"2024-12-10",公卫医疗,网站,93
19092,"2024-12-10",城乡建设,网站,68
19093,"2024-12-10",交通运输,网站,107
19094,"2024-12-10",农林牧渔,网站,46
19095,"2024-12-10",科教文体,小程序/公众号,6
19096,"2024-12-10",公卫医疗,小程序/公众号,137
19097,"2024-12-10",城乡建设,小程序/公众号,48
19098,"2024-12-10",交通运输,小程序/公众号,10
19099,"2024-12-10",农林牧渔,小程序/公众号,205
19100,"2024-12-11",科教文体,电话,29
19101,"2024-12-11",公卫医疗,电话,24
19102,"2024-12-11",城乡建设,电话,29
19103,"2024-12-11",交通运输,电话,5
19104,"2024-12-11",农林牧渔,电话,20
19105,"2024-12-11",科教文体,来信,11
19106,"2024-12-11",公卫医疗,来信,33
19107,"2024-12-11",城乡建设,来信,30
19108,"2024-12-11",交通运输,来信,24
19109,"2024-12-11",农林牧渔,来信,33
19110,"2024-12-11",科教文体,网站,5
19111,"2024-12-11",公卫医疗,网站,1
19112,"2024-12-11",城乡建设,网站,4
19113,"2024-12-11",交通运输,网站,3
19114,"2024-12-11",农林牧渔,网站,4
19115,"2024-12-11",科教文体,小程序/公众号,9
19116,"2024-12-11",公卫医疗,小程序/公众号,62
19117,"2024-12-11",城乡建设,小程序/公众号,54
19118,"2024-12-11",交通运输,小程序/公众号,71
19119,"2024-12-11",农林牧渔,小程序/公众号,52
19120,"2024-12-12",科教文体,电话,3
19121,"2024-12-12",公卫医疗,电话,4
19122,"2024-12-12",城乡建设,电话,2
19123,"2024-12-12",交通运输,电话,4
19124,"2024-12-12",农林牧渔,电话,4
19125,"2024-12-12",科教文体,来信,8
19126,"2024-12-12",公卫医疗,来信,27
19127,"2024-12-12",城乡建设,来信,27
19128,"2024-12-12",交通运输,来信,32
19129,"2024-12-12",农林牧渔,来信,44
19130,"2024-12-12",科教文体,网站,30
19131,"2024-12-12",公卫医疗,网站,20
19132,"2024-12-12",城乡建设,网站,12
19133,"2024-12-12",交通运输,网站,36
19134,"2024-12-12",农林牧渔,网站,42
19135,"2024-12-12",科教文体,小程序/公众号,101
19136,"2024-12-12",公卫医疗,小程序/公众号,51
19137,"2024-12-12",城乡建设,小程序/公众号,84
19138,"2024-12-12",交通运输,小程序/公众号,126
19139,"2024-12-12",农林牧渔,小程序/公众号,33
19140,"2024-12-13",科教文体,电话,5
19141,"2024-12-13",公卫医疗,电话,5
19142,"2024-12-13",城乡建设,电话,4
19143,"2024-12-13",交通运输,电话,0
19144,"2024-12-13",农林牧渔,电话,5
19145,"2024-12-13",科教文体,来信,37
19146,"2024-12-13",公卫医疗,来信,49
19147,"2024-12-13",城乡建设,来信,8
19148,"2024-12-13",交通运输,来信,3
19149,"2024-12-13",农林牧渔,来信,33
19150,"2024-12-13",科教文体,网站,46
19151,"2024-12-13",公卫医疗,网站,23
19152,"2024-12-13",城乡建设,网站,47
19153,"2024-12-13",交通运输,网站,11
19154,"2024-12-13",农林牧渔,网站,14
19155,"2024-12-13",科教文体,小程序/公众号,21
19156,"2024-12-13",公卫医疗,小程序/公众号,62
19157,"2024-12-13",城乡建设,小程序/公众号,145
19158,"2024-12-13",交通运输,小程序/公众号,34
19159,"2024-12-13",农林牧渔,小程序/公众号,93
19160,"2024-12-14",科教文体,电话,21
19161,"2024-12-14",公卫医疗,电话,6
19162,"2024-12-14",城乡建设,电话,38
19163,"2024-12-14",交通运输,电话,36
19164,"2024-12-14",农林牧渔,电话,7
19165,"2024-12-14",科教文体,来信,7
19166,"2024-12-14",公卫医疗,来信,15
19167,"2024-12-14",城乡建设,来信,14
19168,"2024-12-14",交通运输,来信,13
19169,"2024-12-14",农林牧渔,来信,8
19170,"2024-12-14",科教文体,网站,8
19171,"2024-12-14",公卫医疗,网站,4
19172,"2024-12-14",城乡建设,网站,6
19173,"2024-12-14",交通运输,网站,3
19174,"2024-12-14",农林牧渔,网站,11
19175,"2024-12-14",科教文体,小程序/公众号,165
19176,"2024-12-14",公卫医疗,小程序/公众号,45
19177,"2024-12-14",城乡建设,小程序/公众号,96
19178,"2024-12-14",交通运输,小程序/公众号,163
19179,"2024-12-14",农林牧渔,小程序/公众号,275
19180,"2024-12-15",科教文体,电话,3
19181,"2024-12-15",公卫医疗,电话,4
19182,"2024-12-15",城乡建设,电话,1
19183,"2024-12-15",交通运输,电话,5
19184,"2024-12-15",农林牧渔,电话,1
19185,"2024-12-15",科教文体,来信,9
19186,"2024-12-15",公卫医疗,来信,39
19187,"2024-12-15",城乡建设,来信,67
19188,"2024-12-15",交通运输,来信,2
19189,"2024-12-15",农林牧渔,来信,20
19190,"2024-12-15",科教文体,网站,7
19191,"2024-12-15",公卫医疗,网站,94
19192,"2024-12-15",城乡建设,网站,19
19193,"2024-12-15",交通运输,网站,126
19194,"2024-12-15",农林牧渔,网站,52
19195,"2024-12-15",科教文体,小程序/公众号,21
19196,"2024-12-15",公卫医疗,小程序/公众号,26
19197,"2024-12-15",城乡建设,小程序/公众号,62
19198,"2024-12-15",交通运输,小程序/公众号,96
19199,"2024-12-15",农林牧渔,小程序/公众号,102
19200,"2024-12-16",科教文体,电话,11
19201,"2024-12-16",公卫医疗,电话,15
19202,"2024-12-16",城乡建设,电话,19
19203,"2024-12-16",交通运输,电话,5
19204,"2024-12-16",农林牧渔,电话,0
19205,"2024-12-16",科教文体,来信,21
19206,"2024-12-16",公卫医疗,来信,20
19207,"2024-12-16",城乡建设,来信,12
19208,"2024-12-16",交通运输,来信,23
19209,"2024-12-16",农林牧渔,来信,1
19210,"2024-12-16",科教文体,网站,21
19211,"2024-12-16",公卫医疗,网站,3
19212,"2024-12-16",城乡建设,网站,36
19213,"2024-12-16",交通运输,网站,16
19214,"2024-12-16",农林牧渔,网站,27
19215,"2024-12-16",科教文体,小程序/公众号,34
19216,"2024-12-16",公卫医疗,小程序/公众号,45
19217,"2024-12-16",城乡建设,小程序/公众号,61
19218,"2024-12-16",交通运输,小程序/公众号,29
19219,"2024-12-16",农林牧渔,小程序/公众号,7
19220,"2024-12-17",科教文体,电话,35
19221,"2024-12-17",公卫医疗,电话,27
19222,"2024-12-17",城乡建设,电话,25
19223,"2024-12-17",交通运输,电话,8
19224,"2024-12-17",农林牧渔,电话,22
19225,"2024-12-17",科教文体,来信,78
19226,"2024-12-17",公卫医疗,来信,43
19227,"2024-12-17",城乡建设,来信,14
19228,"2024-12-17",交通运输,来信,18
19229,"2024-12-17",农林牧渔,来信,17
19230,"2024-12-17",科教文体,网站,16
19231,"2024-12-17",公卫医疗,网站,64
19232,"2024-12-17",城乡建设,网站,91
19233,"2024-12-17",交通运输,网站,107
19234,"2024-12-17",农林牧渔,网站,54
19235,"2024-12-17",科教文体,小程序/公众号,104
19236,"2024-12-17",公卫医疗,小程序/公众号,125
19237,"2024-12-17",城乡建设,小程序/公众号,34
19238,"2024-12-17",交通运输,小程序/公众号,33
19239,"2024-12-17",农林牧渔,小程序/公众号,63
19240,"2024-12-18",科教文体,电话,3
19241,"2024-12-18",公卫医疗,电话,20
19242,"2024-12-18",城乡建设,电话,15
19243,"2024-12-18",交通运输,电话,18
19244,"2024-12-18",农林牧渔,电话,5
19245,"2024-12-18",科教文体,来信,30
19246,"2024-12-18",公卫医疗,来信,14
19247,"2024-12-18",城乡建设,来信,28
19248,"2024-12-18",交通运输,来信,9
19249,"2024-12-18",农林牧渔,来信,23
19250,"2024-12-18",科教文体,网站,27
19251,"2024-12-18",公卫医疗,网站,12
19252,"2024-12-18",城乡建设,网站,15
19253,"2024-12-18",交通运输,网站,18
19254,"2024-12-18",农林牧渔,网站,21
19255,"2024-12-18",科教文体,小程序/公众号,28
19256,"2024-12-18",公卫医疗,小程序/公众号,3
19257,"2024-12-18",城乡建设,小程序/公众号,33
19258,"2024-12-18",交通运输,小程序/公众号,6
19259,"2024-12-18",农林牧渔,小程序/公众号,157
19260,"2024-12-19",科教文体,电话,33
19261,"2024-12-19",公卫医疗,电话,22
19262,"2024-12-19",城乡建设,电话,47
19263,"2024-12-19",交通运输,电话,11
19264,"2024-12-19",农林牧渔,电话,18
19265,"2024-12-19",科教文体,来信,34
19266,"2024-12-19",公卫医疗,来信,34
19267,"2024-12-19",城乡建设,来信,45
19268,"2024-12-19",交通运输,来信,43
19269,"2024-12-19",农林牧渔,来信,14
19270,"2024-12-19",科教文体,网站,38
19271,"2024-12-19",公卫医疗,网站,12
19272,"2024-12-19",城乡建设,网站,26
19273,"2024-12-19",交通运输,网站,12
19274,"2024-12-19",农林牧渔,网站,12
19275,"2024-12-19",科教文体,小程序/公众号,42
19276,"2024-12-19",公卫医疗,小程序/公众号,127
19277,"2024-12-19",城乡建设,小程序/公众号,86
19278,"2024-12-19",交通运输,小程序/公众号,23
19279,"2024-12-19",农林牧渔,小程序/公众号,29
19280,"2024-12-20",科教文体,电话,22
19281,"2024-12-20",公卫医疗,电话,16
19282,"2024-12-20",城乡建设,电话,4
19283,"2024-12-20",交通运输,电话,11
19284,"2024-12-20",农林牧渔,电话,27
19285,"2024-12-20",科教文体,来信,3
19286,"2024-12-20",公卫医疗,来信,3
19287,"2024-12-20",城乡建设,来信,5
19288,"2024-12-20",交通运输,来信,8
19289,"2024-12-20",农林牧渔,来信,5
19290,"2024-12-20",科教文体,网站,5
19291,"2024-12-20",公卫医疗,网站,1
19292,"2024-12-20",城乡建设,网站,1
19293,"2024-12-20",交通运输,网站,4
19294,"2024-12-20",农林牧渔,网站,6
19295,"2024-12-20",科教文体,小程序/公众号,90
19296,"2024-12-20",公卫医疗,小程序/公众号,115
19297,"2024-12-20",城乡建设,小程序/公众号,60
19298,"2024-12-20",交通运输,小程序/公众号,39
19299,"2024-12-20",农林牧渔,小程序/公众号,77
19300,"2024-12-21",科教文体,电话,8
19301,"2024-12-21",公卫医疗,电话,15
19302,"2024-12-21",城乡建设,电话,28
19303,"2024-12-21",交通运输,电话,29
19304,"2024-12-21",农林牧渔,电话,6
19305,"2024-12-21",科教文体,来信,22
19306,"2024-12-21",公卫医疗,来信,29
19307,"2024-12-21",城乡建设,来信,87
19308,"2024-12-21",交通运输,来信,21
19309,"2024-12-21",农林牧渔,来信,23
19310,"2024-12-21",科教文体,网站,18
19311,"2024-12-21",公卫医疗,网站,54
19312,"2024-12-21",城乡建设,网站,55
19313,"2024-12-21",交通运输,网站,28
19314,"2024-12-21",农林牧渔,网站,24
19315,"2024-12-21",科教文体,小程序/公众号,8
19316,"2024-12-21",公卫医疗,小程序/公众号,115
19317,"2024-12-21",城乡建设,小程序/公众号,18
19318,"2024-12-21",交通运输,小程序/公众号,37
19319,"2024-12-21",农林牧渔,小程序/公众号,191
19320,"2024-12-22",科教文体,电话,29
19321,"2024-12-22",公卫医疗,电话,45
19322,"2024-12-22",城乡建设,电话,3
19323,"2024-12-22",交通运输,电话,47
19324,"2024-12-22",农林牧渔,电话,16
19325,"2024-12-22",科教文体,来信,7
19326,"2024-12-22",公卫医疗,来信,2
19327,"2024-12-22",城乡建设,来信,8
19328,"2024-12-22",交通运输,来信,7
19329,"2024-12-22",农林牧渔,来信,5
19330,"2024-12-22",科教文体,网站,22
19331,"2024-12-22",公卫医疗,网站,3
19332,"2024-12-22",城乡建设,网站,13
19333,"2024-12-22",交通运输,网站,5
19334,"2024-12-22",农林牧渔,网站,24
19335,"2024-12-22",科教文体,小程序/公众号,150
19336,"2024-12-22",公卫医疗,小程序/公众号,48
19337,"2024-12-22",城乡建设,小程序/公众号,11
19338,"2024-12-22",交通运输,小程序/公众号,123
19339,"2024-12-22",农林牧渔,小程序/公众号,63
19340,"2024-12-23",科教文体,电话,40
19341,"2024-12-23",公卫医疗,电话,0
19342,"2024-12-23",城乡建设,电话,20
19343,"2024-12-23",交通运输,电话,51
19344,"2024-12-23",农林牧渔,电话,13
19345,"2024-12-23",科教文体,来信,14
19346,"2024-12-23",公卫医疗,来信,10
19347,"2024-12-23",城乡建设,来信,41
19348,"2024-12-23",交通运输,来信,45
19349,"2024-12-23",农林牧渔,来信,42
19350,"2024-12-23",科教文体,网站,42
19351,"2024-12-23",公卫医疗,网站,11
19352,"2024-12-23",城乡建设,网站,39
19353,"2024-12-23",交通运输,网站,29
19354,"2024-12-23",农林牧渔,网站,36
19355,"2024-12-23",科教文体,小程序/公众号,100
19356,"2024-12-23",公卫医疗,小程序/公众号,21
19357,"2024-12-23",城乡建设,小程序/公众号,47
19358,"2024-12-23",交通运输,小程序/公众号,121
19359,"2024-12-23",农林牧渔,小程序/公众号,36
19360,"2024-12-24",科教文体,电话,31
19361,"2024-12-24",公卫医疗,电话,30
19362,"2024-12-24",城乡建设,电话,4
19363,"2024-12-24",交通运输,电话,28
19364,"2024-12-24",农林牧渔,电话,32
19365,"2024-12-24",科教文体,来信,13
19366,"2024-12-24",公卫医疗,来信,9
19367,"2024-12-24",城乡建设,来信,14
19368,"2024-12-24",交通运输,来信,17
19369,"2024-12-24",农林牧渔,来信,16
19370,"2024-12-24",科教文体,网站,6
19371,"2024-12-24",公卫医疗,网站,8
19372,"2024-12-24",城乡建设,网站,4
19373,"2024-12-24",交通运输,网站,18
19374,"2024-12-24",农林牧渔,网站,15
19375,"2024-12-24",科教文体,小程序/公众号,115
19376,"2024-12-24",公卫医疗,小程序/公众号,6
19377,"2024-12-24",城乡建设,小程序/公众号,25
19378,"2024-12-24",交通运输,小程序/公众号,72
19379,"2024-12-24",农林牧渔,小程序/公众号,42
19380,"2024-12-25",科教文体,电话,25
19381,"2024-12-25",公卫医疗,电话,6
19382,"2024-12-25",城乡建设,电话,15
19383,"2024-12-25",交通运输,电话,16
19384,"2024-12-25",农林牧渔,电话,11
19385,"2024-12-25",科教文体,来信,12
19386,"2024-12-25",公卫医疗,来信,14
19387,"2024-12-25",城乡建设,来信,5
19388,"2024-12-25",交通运输,来信,12
19389,"2024-12-25",农林牧渔,来信,1
19390,"2024-12-25",科教文体,网站,19
19391,"2024-12-25",公卫医疗,网站,13
19392,"2024-12-25",城乡建设,网站,24
19393,"2024-12-25",交通运输,网站,0
19394,"2024-12-25",农林牧渔,网站,2
19395,"2024-12-25",科教文体,小程序/公众号,63
19396,"2024-12-25",公卫医疗,小程序/公众号,2
19397,"2024-12-25",城乡建设,小程序/公众号,11
19398,"2024-12-25",交通运输,小程序/公众号,46
19399,"2024-12-25",农林牧渔,小程序/公众号,82
19400,"2024-12-26",科教文体,电话,20
19401,"2024-12-26",公卫医疗,电话,33
19402,"2024-12-26",城乡建设,电话,12
19403,"2024-12-26",交通运输,电话,3
19404,"2024-12-26",农林牧渔,电话,28
19405,"2024-12-26",科教文体,来信,11
19406,"2024-12-26",公卫医疗,来信,46
19407,"2024-12-26",城乡建设,来信,24
19408,"2024-12-26",交通运输,来信,7
19409,"2024-12-26",农林牧渔,来信,36
19410,"2024-12-26",科教文体,网站,24
19411,"2024-12-26",公卫医疗,网站,53
19412,"2024-12-26",城乡建设,网站,20
19413,"2024-12-26",交通运输,网站,38
19414,"2024-12-26",农林牧渔,网站,16
19415,"2024-12-26",科教文体,小程序/公众号,37
19416,"2024-12-26",公卫医疗,小程序/公众号,49
19417,"2024-12-26",城乡建设,小程序/公众号,4
19418,"2024-12-26",交通运输,小程序/公众号,93
19419,"2024-12-26",农林牧渔,小程序/公众号,22
19420,"2024-12-27",科教文体,电话,19
19421,"2024-12-27",公卫医疗,电话,29
19422,"2024-12-27",城乡建设,电话,11
19423,"2024-12-27",交通运输,电话,25
19424,"2024-12-27",农林牧渔,电话,13
19425,"2024-12-27",科教文体,来信,11
19426,"2024-12-27",公卫医疗,来信,15
19427,"2024-12-27",城乡建设,来信,14
19428,"2024-12-27",交通运输,来信,1
19429,"2024-12-27",农林牧渔,来信,9
19430,"2024-12-27",科教文体,网站,42
19431,"2024-12-27",公卫医疗,网站,51
19432,"2024-12-27",城乡建设,网站,16
19433,"2024-12-27",交通运输,网站,36
19434,"2024-12-27",农林牧渔,网站,76
19435,"2024-12-27",科教文体,小程序/公众号,28
19436,"2024-12-27",公卫医疗,小程序/公众号,70
19437,"2024-12-27",城乡建设,小程序/公众号,57
19438,"2024-12-27",交通运输,小程序/公众号,69
19439,"2024-12-27",农林牧渔,小程序/公众号,19
19440,"2024-12-28",科教文体,电话,40
19441,"2024-12-28",公卫医疗,电话,23
19442,"2024-12-28",城乡建设,电话,34
19443,"2024-12-28",交通运输,电话,5
19444,"2024-12-28",农林牧渔,电话,32
19445,"2024-12-28",科教文体,来信,31
19446,"2024-12-28",公卫医疗,来信,20
19447,"2024-12-28",城乡建设,来信,19
19448,"2024-12-28",交通运输,来信,34
19449,"2024-12-28",农林牧渔,来信,3
19450,"2024-12-28",科教文体,网站,57
19451,"2024-12-28",公卫医疗,网站,75
19452,"2024-12-28",城乡建设,网站,41
19453,"2024-12-28",交通运输,网站,37
19454,"2024-12-28",农林牧渔,网站,34
19455,"2024-12-28",科教文体,小程序/公众号,42
19456,"2024-12-28",公卫医疗,小程序/公众号,77
19457,"2024-12-28",城乡建设,小程序/公众号,98
19458,"2024-12-28",交通运输,小程序/公众号,101
19459,"2024-12-28",农林牧渔,小程序/公众号,59
19460,"2024-12-29",科教文体,电话,0
19461,"2024-12-29",公卫医疗,电话,24
19462,"2024-12-29",城乡建设,电话,21
19463,"2024-12-29",交通运输,电话,4
19464,"2024-12-29",农林牧渔,电话,13
19465,"2024-12-29",科教文体,来信,8
19466,"2024-12-29",公卫医疗,来信,13
19467,"2024-12-29",城乡建设,来信,33
19468,"2024-12-29",交通运输,来信,14
19469,"2024-12-29",农林牧渔,来信,6
19470,"2024-12-29",科教文体,网站,22
19471,"2024-12-29",公卫医疗,网站,8
19472,"2024-12-29",城乡建设,网站,32
19473,"2024-12-29",交通运输,网站,20
19474,"2024-12-29",农林牧渔,网站,24
19475,"2024-12-29",科教文体,小程序/公众号,8
19476,"2024-12-29",公卫医疗,小程序/公众号,57
19477,"2024-12-29",城乡建设,小程序/公众号,47
19478,"2024-12-29",交通运输,小程序/公众号,14
19479,"2024-12-29",农林牧渔,小程序/公众号,12
19480,"2024-12-30",科教文体,电话,22
19481,"2024-12-30",公卫医疗,电话,52
19482,"2024-12-30",城乡建设,电话,4
19483,"2024-12-30",交通运输,电话,2
19484,"2024-12-30",农林牧渔,电话,62
19485,"2024-12-30",科教文体,来信,28
19486,"2024-12-30",公卫医疗,来信,35
19487,"2024-12-30",城乡建设,来信,6
19488,"2024-12-30",交通运输,来信,15
19489,"2024-12-30",农林牧渔,来信,35
19490,"2024-12-30",科教文体,网站,51
19491,"2024-12-30",公卫医疗,网站,26
19492,"2024-12-30",城乡建设,网站,23
19493,"2024-12-30",交通运输,网站,14
19494,"2024-12-30",农林牧渔,网站,45
19495,"2024-12-30",科教文体,小程序/公众号,5
19496,"2024-12-30",公卫医疗,小程序/公众号,39
19497,"2024-12-30",城乡建设,小程序/公众号,37
19498,"2024-12-30",交通运输,小程序/公众号,43
19499,"2024-12-30",农林牧渔,小程序/公众号,43
19500,"2024-12-31",科教文体,电话,16
19501,"2024-12-31",公卫医疗,电话,17
19502,"2024-12-31",城乡建设,电话,8
19503,"2024-12-31",交通运输,电话,20
19504,"2024-12-31",农林牧渔,电话,3
19505,"2024-12-31",科教文体,来信,21
19506,"2024-12-31",公卫医疗,来信,12
19507,"2024-12-31",城乡建设,来信,12
19508,"2024-12-31",交通运输,来信,14
19509,"2024-12-31",农林牧渔,来信,17
19510,"2024-12-31",科教文体,网站,33
19511,"2024-12-31",公卫医疗,网站,11
19512,"2024-12-31",城乡建设,网站,10
19513,"2024-12-31",交通运输,网站,25
19514,"2024-12-31",农林牧渔,网站,54
19515,"2024-12-31",科教文体,小程序/公众号,7
19516,"2024-12-31",公卫医疗,小程序/公众号,14
19517,"2024-12-31",城乡建设,小程序/公众号,49
19518,"2024-12-31",交通运输,小程序/公众号,1
19519,"2024-12-31",农林牧渔,小程序/公众号,94
19520,"2025-01-01",科教文体,电话,45
19521,"2025-01-01",公卫医疗,电话,44
19522,"2025-01-01",城乡建设,电话,35
19523,"2025-01-01",交通运输,电话,31
19524,"2025-01-01",农林牧渔,电话,1
19525,"2025-01-01",科教文体,来信,34
19526,"2025-01-01",公卫医疗,来信,24
19527,"2025-01-01",城乡建设,来信,38
19528,"2025-01-01",交通运输,来信,39
19529,"2025-01-01",农林牧渔,来信,16
19530,"2025-01-01",科教文体,网站,10
19531,"2025-01-01",公卫医疗,网站,51
19532,"2025-01-01",城乡建设,网站,25
19533,"2025-01-01",交通运输,网站,15
19534,"2025-01-01",农林牧渔,网站,43
19535,"2025-01-01",科教文体,小程序/公众号,21
19536,"2025-01-01",公卫医疗,小程序/公众号,97
19537,"2025-01-01",城乡建设,小程序/公众号,97
19538,"2025-01-01",交通运输,小程序/公众号,69
19539,"2025-01-01",农林牧渔,小程序/公众号,1
19540,"2025-01-02",科教文体,电话,32
19541,"2025-01-02",公卫医疗,电话,14
19542,"2025-01-02",城乡建设,电话,1
19543,"2025-01-02",交通运输,电话,26
19544,"2025-01-02",农林牧渔,电话,32
19545,"2025-01-02",科教文体,来信,27
19546,"2025-01-02",公卫医疗,来信,4
19547,"2025-01-02",城乡建设,来信,31
19548,"2025-01-02",交通运输,来信,17
19549,"2025-01-02",农林牧渔,来信,68
19550,"2025-01-02",科教文体,网站,142
19551,"2025-01-02",公卫医疗,网站,56
19552,"2025-01-02",城乡建设,网站,60
19553,"2025-01-02",交通运输,网站,68
19554,"2025-01-02",农林牧渔,网站,20
19555,"2025-01-02",科教文体,小程序/公众号,165
19556,"2025-01-02",公卫医疗,小程序/公众号,1
19557,"2025-01-02",城乡建设,小程序/公众号,47
19558,"2025-01-02",交通运输,小程序/公众号,60
19559,"2025-01-02",农林牧渔,小程序/公众号,89
19560,"2025-01-03",科教文体,电话,10
19561,"2025-01-03",公卫医疗,电话,4
19562,"2025-01-03",城乡建设,电话,12
19563,"2025-01-03",交通运输,电话,10
19564,"2025-01-03",农林牧渔,电话,11
19565,"2025-01-03",科教文体,来信,23
19566,"2025-01-03",公卫医疗,来信,27
19567,"2025-01-03",城乡建设,来信,3
19568,"2025-01-03",交通运输,来信,53
19569,"2025-01-03",农林牧渔,来信,23
19570,"2025-01-03",科教文体,网站,36
19571,"2025-01-03",公卫医疗,网站,13
19572,"2025-01-03",城乡建设,网站,34
19573,"2025-01-03",交通运输,网站,0
19574,"2025-01-03",农林牧渔,网站,5
19575,"2025-01-03",科教文体,小程序/公众号,68
19576,"2025-01-03",公卫医疗,小程序/公众号,17
19577,"2025-01-03",城乡建设,小程序/公众号,44
19578,"2025-01-03",交通运输,小程序/公众号,15
19579,"2025-01-03",农林牧渔,小程序/公众号,32
19580,"2025-01-04",科教文体,电话,7
19581,"2025-01-04",公卫医疗,电话,31
19582,"2025-01-04",城乡建设,电话,27
19583,"2025-01-04",交通运输,电话,21
19584,"2025-01-04",农林牧渔,电话,12
19585,"2025-01-04",科教文体,来信,12
19586,"2025-01-04",公卫医疗,来信,18
19587,"2025-01-04",城乡建设,来信,22
19588,"2025-01-04",交通运输,来信,17
19589,"2025-01-04",农林牧渔,来信,23
19590,"2025-01-04",科教文体,网站,6
19591,"2025-01-04",公卫医疗,网站,0
19592,"2025-01-04",城乡建设,网站,7
19593,"2025-01-04",交通运输,网站,4
19594,"2025-01-04",农林牧渔,网站,5
19595,"2025-01-04",科教文体,小程序/公众号,242
19596,"2025-01-04",公卫医疗,小程序/公众号,75
19597,"2025-01-04",城乡建设,小程序/公众号,215
19598,"2025-01-04",交通运输,小程序/公众号,23
19599,"2025-01-04",农林牧渔,小程序/公众号,162
19600,"2025-01-05",科教文体,电话,1
19601,"2025-01-05",公卫医疗,电话,6
19602,"2025-01-05",城乡建设,电话,20
19603,"2025-01-05",交通运输,电话,5
19604,"2025-01-05",农林牧渔,电话,21
19605,"2025-01-05",科教文体,来信,27
19606,"2025-01-05",公卫医疗,来信,30
19607,"2025-01-05",城乡建设,来信,32
19608,"2025-01-05",交通运输,来信,15
19609,"2025-01-05",农林牧渔,来信,24
19610,"2025-01-05",科教文体,网站,9
19611,"2025-01-05",公卫医疗,网站,30
19612,"2025-01-05",城乡建设,网站,5
19613,"2025-01-05",交通运输,网站,33
19614,"2025-01-05",农林牧渔,网站,36
19615,"2025-01-05",科教文体,小程序/公众号,114
19616,"2025-01-05",公卫医疗,小程序/公众号,16
19617,"2025-01-05",城乡建设,小程序/公众号,90
19618,"2025-01-05",交通运输,小程序/公众号,100
19619,"2025-01-05",农林牧渔,小程序/公众号,69
19620,"2025-01-06",科教文体,电话,10
19621,"2025-01-06",公卫医疗,电话,20
19622,"2025-01-06",城乡建设,电话,2
19623,"2025-01-06",交通运输,电话,23
19624,"2025-01-06",农林牧渔,电话,20
19625,"2025-01-06",科教文体,来信,15
19626,"2025-01-06",公卫医疗,来信,13
19627,"2025-01-06",城乡建设,来信,8
19628,"2025-01-06",交通运输,来信,24
19629,"2025-01-06",农林牧渔,来信,20
19630,"2025-01-06",科教文体,网站,24
19631,"2025-01-06",公卫医疗,网站,21
19632,"2025-01-06",城乡建设,网站,19
19633,"2025-01-06",交通运输,网站,11
19634,"2025-01-06",农林牧渔,网站,40
19635,"2025-01-06",科教文体,小程序/公众号,17
19636,"2025-01-06",公卫医疗,小程序/公众号,55
19637,"2025-01-06",城乡建设,小程序/公众号,14
19638,"2025-01-06",交通运输,小程序/公众号,54
19639,"2025-01-06",农林牧渔,小程序/公众号,44
19640,"2025-01-07",科教文体,电话,50
19641,"2025-01-07",公卫医疗,电话,14
19642,"2025-01-07",城乡建设,电话,45
19643,"2025-01-07",交通运输,电话,38
19644,"2025-01-07",农林牧渔,电话,18
19645,"2025-01-07",科教文体,来信,12
19646,"2025-01-07",公卫医疗,来信,8
19647,"2025-01-07",城乡建设,来信,7
19648,"2025-01-07",交通运输,来信,11
19649,"2025-01-07",农林牧渔,来信,10
19650,"2025-01-07",科教文体,网站,72
19651,"2025-01-07",公卫医疗,网站,20
19652,"2025-01-07",城乡建设,网站,40
19653,"2025-01-07",交通运输,网站,5
19654,"2025-01-07",农林牧渔,网站,90
19655,"2025-01-07",科教文体,小程序/公众号,250
19656,"2025-01-07",公卫医疗,小程序/公众号,205
19657,"2025-01-07",城乡建设,小程序/公众号,20
19658,"2025-01-07",交通运输,小程序/公众号,37
19659,"2025-01-07",农林牧渔,小程序/公众号,44
19660,"2025-01-08",科教文体,电话,5
19661,"2025-01-08",公卫医疗,电话,2
19662,"2025-01-08",城乡建设,电话,5
19663,"2025-01-08",交通运输,电话,2
19664,"2025-01-08",农林牧渔,电话,2
19665,"2025-01-08",科教文体,来信,13
19666,"2025-01-08",公卫医疗,来信,15
19667,"2025-01-08",城乡建设,来信,21
19668,"2025-01-08",交通运输,来信,5
19669,"2025-01-08",农林牧渔,来信,4
19670,"2025-01-08",科教文体,网站,32
19671,"2025-01-08",公卫医疗,网站,55
19672,"2025-01-08",城乡建设,网站,37
19673,"2025-01-08",交通运输,网站,66
19674,"2025-01-08",农林牧渔,网站,26
19675,"2025-01-08",科教文体,小程序/公众号,66
19676,"2025-01-08",公卫医疗,小程序/公众号,97
19677,"2025-01-08",城乡建设,小程序/公众号,69
19678,"2025-01-08",交通运输,小程序/公众号,33
19679,"2025-01-08",农林牧渔,小程序/公众号,21
19680,"2025-01-09",科教文体,电话,15
19681,"2025-01-09",公卫医疗,电话,2
19682,"2025-01-09",城乡建设,电话,32
19683,"2025-01-09",交通运输,电话,25
19684,"2025-01-09",农林牧渔,电话,28
19685,"2025-01-09",科教文体,来信,32
19686,"2025-01-09",公卫医疗,来信,5
19687,"2025-01-09",城乡建设,来信,27
19688,"2025-01-09",交通运输,来信,19
19689,"2025-01-09",农林牧渔,来信,29
19690,"2025-01-09",科教文体,网站,4
19691,"2025-01-09",公卫医疗,网站,4
19692,"2025-01-09",城乡建设,网站,3
19693,"2025-01-09",交通运输,网站,2
19694,"2025-01-09",农林牧渔,网站,3
19695,"2025-01-09",科教文体,小程序/公众号,67
19696,"2025-01-09",公卫医疗,小程序/公众号,103
19697,"2025-01-09",城乡建设,小程序/公众号,41
19698,"2025-01-09",交通运输,小程序/公众号,53
19699,"2025-01-09",农林牧渔,小程序/公众号,48
19700,"2025-01-10",科教文体,电话,19
19701,"2025-01-10",公卫医疗,电话,24
19702,"2025-01-10",城乡建设,电话,27
19703,"2025-01-10",交通运输,电话,14
19704,"2025-01-10",农林牧渔,电话,19
19705,"2025-01-10",科教文体,来信,8
19706,"2025-01-10",公卫医疗,来信,9
19707,"2025-01-10",城乡建设,来信,1
19708,"2025-01-10",交通运输,来信,4
19709,"2025-01-10",农林牧渔,来信,1
19710,"2025-01-10",科教文体,网站,27
19711,"2025-01-10",公卫医疗,网站,39
19712,"2025-01-10",城乡建设,网站,32
19713,"2025-01-10",交通运输,网站,34
19714,"2025-01-10",农林牧渔,网站,39
19715,"2025-01-10",科教文体,小程序/公众号,13
19716,"2025-01-10",公卫医疗,小程序/公众号,13
19717,"2025-01-10",城乡建设,小程序/公众号,169
19718,"2025-01-10",交通运输,小程序/公众号,120
19719,"2025-01-10",农林牧渔,小程序/公众号,97
19720,"2025-01-11",科教文体,电话,4
19721,"2025-01-11",公卫医疗,电话,1
19722,"2025-01-11",城乡建设,电话,14
19723,"2025-01-11",交通运输,电话,3
19724,"2025-01-11",农林牧渔,电话,1
19725,"2025-01-11",科教文体,来信,28
19726,"2025-01-11",公卫医疗,来信,66
19727,"2025-01-11",城乡建设,来信,25
19728,"2025-01-11",交通运输,来信,51
19729,"2025-01-11",农林牧渔,来信,24
19730,"2025-01-11",科教文体,网站,24
19731,"2025-01-11",公卫医疗,网站,7
19732,"2025-01-11",城乡建设,网站,27
19733,"2025-01-11",交通运输,网站,66
19734,"2025-01-11",农林牧渔,网站,71
19735,"2025-01-11",科教文体,小程序/公众号,49
19736,"2025-01-11",公卫医疗,小程序/公众号,21
19737,"2025-01-11",城乡建设,小程序/公众号,68
19738,"2025-01-11",交通运输,小程序/公众号,21
19739,"2025-01-11",农林牧渔,小程序/公众号,42
19740,"2025-01-12",科教文体,电话,2
19741,"2025-01-12",公卫医疗,电话,8
19742,"2025-01-12",城乡建设,电话,3
19743,"2025-01-12",交通运输,电话,1
19744,"2025-01-12",农林牧渔,电话,3
19745,"2025-01-12",科教文体,来信,26
19746,"2025-01-12",公卫医疗,来信,7
19747,"2025-01-12",城乡建设,来信,24
19748,"2025-01-12",交通运输,来信,6
19749,"2025-01-12",农林牧渔,来信,14
19750,"2025-01-12",科教文体,网站,26
19751,"2025-01-12",公卫医疗,网站,11
19752,"2025-01-12",城乡建设,网站,18
19753,"2025-01-12",交通运输,网站,5
19754,"2025-01-12",农林牧渔,网站,16
19755,"2025-01-12",科教文体,小程序/公众号,146
19756,"2025-01-12",公卫医疗,小程序/公众号,171
19757,"2025-01-12",城乡建设,小程序/公众号,152
19758,"2025-01-12",交通运输,小程序/公众号,183
19759,"2025-01-12",农林牧渔,小程序/公众号,97
19760,"2025-01-13",科教文体,电话,8
19761,"2025-01-13",公卫医疗,电话,6
19762,"2025-01-13",城乡建设,电话,5
19763,"2025-01-13",交通运输,电话,9
19764,"2025-01-13",农林牧渔,电话,9
19765,"2025-01-13",科教文体,来信,25
19766,"2025-01-13",公卫医疗,来信,27
19767,"2025-01-13",城乡建设,来信,7
19768,"2025-01-13",交通运输,来信,8
19769,"2025-01-13",农林牧渔,来信,17
19770,"2025-01-13",科教文体,网站,85
19771,"2025-01-13",公卫医疗,网站,19
19772,"2025-01-13",城乡建设,网站,22
19773,"2025-01-13",交通运输,网站,33
19774,"2025-01-13",农林牧渔,网站,38
19775,"2025-01-13",科教文体,小程序/公众号,16
19776,"2025-01-13",公卫医疗,小程序/公众号,55
19777,"2025-01-13",城乡建设,小程序/公众号,154
19778,"2025-01-13",交通运输,小程序/公众号,160
19779,"2025-01-13",农林牧渔,小程序/公众号,103
19780,"2025-01-14",科教文体,电话,16
19781,"2025-01-14",公卫医疗,电话,41
19782,"2025-01-14",城乡建设,电话,66
19783,"2025-01-14",交通运输,电话,58
19784,"2025-01-14",农林牧渔,电话,49
19785,"2025-01-14",科教文体,来信,50
19786,"2025-01-14",公卫医疗,来信,40
19787,"2025-01-14",城乡建设,来信,0
19788,"2025-01-14",交通运输,来信,51
19789,"2025-01-14",农林牧渔,来信,74
19790,"2025-01-14",科教文体,网站,19
19791,"2025-01-14",公卫医疗,网站,17
19792,"2025-01-14",城乡建设,网站,0
19793,"2025-01-14",交通运输,网站,4
19794,"2025-01-14",农林牧渔,网站,17
19795,"2025-01-14",科教文体,小程序/公众号,6
19796,"2025-01-14",公卫医疗,小程序/公众号,86
19797,"2025-01-14",城乡建设,小程序/公众号,178
19798,"2025-01-14",交通运输,小程序/公众号,157
19799,"2025-01-14",农林牧渔,小程序/公众号,12
19800,"2025-01-15",科教文体,电话,31
19801,"2025-01-15",公卫医疗,电话,3
19802,"2025-01-15",城乡建设,电话,15
19803,"2025-01-15",交通运输,电话,30
19804,"2025-01-15",农林牧渔,电话,9
19805,"2025-01-15",科教文体,来信,5
19806,"2025-01-15",公卫医疗,来信,9
19807,"2025-01-15",城乡建设,来信,8
19808,"2025-01-15",交通运输,来信,5
19809,"2025-01-15",农林牧渔,来信,6
19810,"2025-01-15",科教文体,网站,2
19811,"2025-01-15",公卫医疗,网站,11
19812,"2025-01-15",城乡建设,网站,7
19813,"2025-01-15",交通运输,网站,1
19814,"2025-01-15",农林牧渔,网站,2
19815,"2025-01-15",科教文体,小程序/公众号,10
19816,"2025-01-15",公卫医疗,小程序/公众号,62
19817,"2025-01-15",城乡建设,小程序/公众号,39
19818,"2025-01-15",交通运输,小程序/公众号,72
19819,"2025-01-15",农林牧渔,小程序/公众号,80
19820,"2025-01-16",科教文体,电话,72
19821,"2025-01-16",公卫医疗,电话,9
19822,"2025-01-16",城乡建设,电话,12
19823,"2025-01-16",交通运输,电话,26
19824,"2025-01-16",农林牧渔,电话,30
19825,"2025-01-16",科教文体,来信,77
19826,"2025-01-16",公卫医疗,来信,11
19827,"2025-01-16",城乡建设,来信,34
19828,"2025-01-16",交通运输,来信,13
19829,"2025-01-16",农林牧渔,来信,28
19830,"2025-01-16",科教文体,网站,3
19831,"2025-01-16",公卫医疗,网站,2
19832,"2025-01-16",城乡建设,网站,1
19833,"2025-01-16",交通运输,网站,1
19834,"2025-01-16",农林牧渔,网站,3
19835,"2025-01-16",科教文体,小程序/公众号,1
19836,"2025-01-16",公卫医疗,小程序/公众号,26
19837,"2025-01-16",城乡建设,小程序/公众号,80
19838,"2025-01-16",交通运输,小程序/公众号,137
19839,"2025-01-16",农林牧渔,小程序/公众号,172
19840,"2025-01-17",科教文体,电话,22
19841,"2025-01-17",公卫医疗,电话,22
19842,"2025-01-17",城乡建设,电话,17
19843,"2025-01-17",交通运输,电话,18
19844,"2025-01-17",农林牧渔,电话,6
19845,"2025-01-17",科教文体,来信,38
19846,"2025-01-17",公卫医疗,来信,42
19847,"2025-01-17",城乡建设,来信,15
19848,"2025-01-17",交通运输,来信,120
19849,"2025-01-17",农林牧渔,来信,24
19850,"2025-01-17",科教文体,网站,91
19851,"2025-01-17",公卫医疗,网站,54
19852,"2025-01-17",城乡建设,网站,28
19853,"2025-01-17",交通运输,网站,56
19854,"2025-01-17",农林牧渔,网站,3
19855,"2025-01-17",科教文体,小程序/公众号,63
19856,"2025-01-17",公卫医疗,小程序/公众号,35
19857,"2025-01-17",城乡建设,小程序/公众号,75
19858,"2025-01-17",交通运输,小程序/公众号,85
19859,"2025-01-17",农林牧渔,小程序/公众号,65
19860,"2025-01-18",科教文体,电话,1
19861,"2025-01-18",公卫医疗,电话,6
19862,"2025-01-18",城乡建设,电话,6
19863,"2025-01-18",交通运输,电话,5
19864,"2025-01-18",农林牧渔,电话,7
19865,"2025-01-18",科教文体,来信,11
19866,"2025-01-18",公卫医疗,来信,13
19867,"2025-01-18",城乡建设,来信,7
19868,"2025-01-18",交通运输,来信,14
19869,"2025-01-18",农林牧渔,来信,4
19870,"2025-01-18",科教文体,网站,14
19871,"2025-01-18",公卫医疗,网站,4
19872,"2025-01-18",城乡建设,网站,11
19873,"2025-01-18",交通运输,网站,16
19874,"2025-01-18",农林牧渔,网站,12
19875,"2025-01-18",科教文体,小程序/公众号,6
19876,"2025-01-18",公卫医疗,小程序/公众号,51
19877,"2025-01-18",城乡建设,小程序/公众号,37
19878,"2025-01-18",交通运输,小程序/公众号,64
19879,"2025-01-18",农林牧渔,小程序/公众号,56
19880,"2025-01-19",科教文体,电话,2
19881,"2025-01-19",公卫医疗,电话,11
19882,"2025-01-19",城乡建设,电话,7
19883,"2025-01-19",交通运输,电话,11
19884,"2025-01-19",农林牧渔,电话,6
19885,"2025-01-19",科教文体,来信,37
19886,"2025-01-19",公卫医疗,来信,25
19887,"2025-01-19",城乡建设,来信,13
19888,"2025-01-19",交通运输,来信,94
19889,"2025-01-19",农林牧渔,来信,39
19890,"2025-01-19",科教文体,网站,2
19891,"2025-01-19",公卫医疗,网站,25
19892,"2025-01-19",城乡建设,网站,4
19893,"2025-01-19",交通运输,网站,33
19894,"2025-01-19",农林牧渔,网站,8
19895,"2025-01-19",科教文体,小程序/公众号,52
19896,"2025-01-19",公卫医疗,小程序/公众号,56
19897,"2025-01-19",城乡建设,小程序/公众号,97
19898,"2025-01-19",交通运输,小程序/公众号,98
19899,"2025-01-19",农林牧渔,小程序/公众号,151
19900,"2025-01-20",科教文体,电话,16
19901,"2025-01-20",公卫医疗,电话,32
19902,"2025-01-20",城乡建设,电话,23
19903,"2025-01-20",交通运输,电话,6
19904,"2025-01-20",农林牧渔,电话,16
19905,"2025-01-20",科教文体,来信,31
19906,"2025-01-20",公卫医疗,来信,2
19907,"2025-01-20",城乡建设,来信,8
19908,"2025-01-20",交通运输,来信,27
19909,"2025-01-20",农林牧渔,来信,9
19910,"2025-01-20",科教文体,网站,0
19911,"2025-01-20",公卫医疗,网站,10
19912,"2025-01-20",城乡建设,网站,10
19913,"2025-01-20",交通运输,网站,1
19914,"2025-01-20",农林牧渔,网站,6
19915,"2025-01-20",科教文体,小程序/公众号,49
19916,"2025-01-20",公卫医疗,小程序/公众号,24
19917,"2025-01-20",城乡建设,小程序/公众号,20
19918,"2025-01-20",交通运输,小程序/公众号,40
19919,"2025-01-20",农林牧渔,小程序/公众号,48
19920,"2025-01-21",科教文体,电话,10
19921,"2025-01-21",公卫医疗,电话,2
19922,"2025-01-21",城乡建设,电话,20
19923,"2025-01-21",交通运输,电话,5
19924,"2025-01-21",农林牧渔,电话,22
19925,"2025-01-21",科教文体,来信,12
19926,"2025-01-21",公卫医疗,来信,22
19927,"2025-01-21",城乡建设,来信,30
19928,"2025-01-21",交通运输,来信,13
19929,"2025-01-21",农林牧渔,来信,16
19930,"2025-01-21",科教文体,网站,3
19931,"2025-01-21",公卫医疗,网站,13
19932,"2025-01-21",城乡建设,网站,3
19933,"2025-01-21",交通运输,网站,16
19934,"2025-01-21",农林牧渔,网站,7
19935,"2025-01-21",科教文体,小程序/公众号,3
19936,"2025-01-21",公卫医疗,小程序/公众号,62
19937,"2025-01-21",城乡建设,小程序/公众号,7
19938,"2025-01-21",交通运输,小程序/公众号,37
19939,"2025-01-21",农林牧渔,小程序/公众号,65
19940,"2025-01-22",科教文体,电话,3
19941,"2025-01-22",公卫医疗,电话,4
19942,"2025-01-22",城乡建设,电话,4
19943,"2025-01-22",交通运输,电话,1
19944,"2025-01-22",农林牧渔,电话,1
19945,"2025-01-22",科教文体,来信,17
19946,"2025-01-22",公卫医疗,来信,7
19947,"2025-01-22",城乡建设,来信,6
19948,"2025-01-22",交通运输,来信,18
19949,"2025-01-22",农林牧渔,来信,8
19950,"2025-01-22",科教文体,网站,4
19951,"2025-01-22",公卫医疗,网站,6
19952,"2025-01-22",城乡建设,网站,11
19953,"2025-01-22",交通运输,网站,3
19954,"2025-01-22",农林牧渔,网站,4
19955,"2025-01-22",科教文体,小程序/公众号,59
19956,"2025-01-22",公卫医疗,小程序/公众号,53
19957,"2025-01-22",城乡建设,小程序/公众号,67
19958,"2025-01-22",交通运输,小程序/公众号,46
19959,"2025-01-22",农林牧渔,小程序/公众号,38
19960,"2025-01-23",科教文体,电话,46
19961,"2025-01-23",公卫医疗,电话,25
19962,"2025-01-23",城乡建设,电话,47
19963,"2025-01-23",交通运输,电话,1
19964,"2025-01-23",农林牧渔,电话,43
19965,"2025-01-23",科教文体,来信,59
19966,"2025-01-23",公卫医疗,来信,10
19967,"2025-01-23",城乡建设,来信,42
19968,"2025-01-23",交通运输,来信,17
19969,"2025-01-23",农林牧渔,来信,6
19970,"2025-01-23",科教文体,网站,12
19971,"2025-01-23",公卫医疗,网站,30
19972,"2025-01-23",城乡建设,网站,0
19973,"2025-01-23",交通运输,网站,6
19974,"2025-01-23",农林牧渔,网站,48
19975,"2025-01-23",科教文体,小程序/公众号,47
19976,"2025-01-23",公卫医疗,小程序/公众号,76
19977,"2025-01-23",城乡建设,小程序/公众号,98
19978,"2025-01-23",交通运输,小程序/公众号,19
19979,"2025-01-23",农林牧渔,小程序/公众号,24
19980,"2025-01-24",科教文体,电话,9
19981,"2025-01-24",公卫医疗,电话,2
19982,"2025-01-24",城乡建设,电话,12
19983,"2025-01-24",交通运输,电话,10
19984,"2025-01-24",农林牧渔,电话,15
19985,"2025-01-24",科教文体,来信,62
19986,"2025-01-24",公卫医疗,来信,37
19987,"2025-01-24",城乡建设,来信,68
19988,"2025-01-24",交通运输,来信,13
19989,"2025-01-24",农林牧渔,来信,62
19990,"2025-01-24",科教文体,网站,6
19991,"2025-01-24",公卫医疗,网站,37
19992,"2025-01-24",城乡建设,网站,37
19993,"2025-01-24",交通运输,网站,16
19994,"2025-01-24",农林牧渔,网站,3
19995,"2025-01-24",科教文体,小程序/公众号,75
19996,"2025-01-24",公卫医疗,小程序/公众号,111
19997,"2025-01-24",城乡建设,小程序/公众号,73
19998,"2025-01-24",交通运输,小程序/公众号,67
19999,"2025-01-24",农林牧渔,小程序/公众号,126
20000,"2025-01-25",科教文体,电话,1
20001,"2025-01-25",公卫医疗,电话,12
20002,"2025-01-25",城乡建设,电话,10
20003,"2025-01-25",交通运输,电话,1
20004,"2025-01-25",农林牧渔,电话,10
20005,"2025-01-25",科教文体,来信,20
20006,"2025-01-25",公卫医疗,来信,35
20007,"2025-01-25",城乡建设,来信,33
20008,"2025-01-25",交通运输,来信,11
20009,"2025-01-25",农林牧渔,来信,7
20010,"2025-01-25",科教文体,网站,8
20011,"2025-01-25",公卫医疗,网站,6
20012,"2025-01-25",城乡建设,网站,9
20013,"2025-01-25",交通运输,网站,4
20014,"2025-01-25",农林牧渔,网站,5
20015,"2025-01-25",科教文体,小程序/公众号,101
20016,"2025-01-25",公卫医疗,小程序/公众号,62
20017,"2025-01-25",城乡建设,小程序/公众号,131
20018,"2025-01-25",交通运输,小程序/公众号,119
20019,"2025-01-25",农林牧渔,小程序/公众号,97
20020,"2025-01-26",科教文体,电话,28
20021,"2025-01-26",公卫医疗,电话,8
20022,"2025-01-26",城乡建设,电话,19
20023,"2025-01-26",交通运输,电话,11
20024,"2025-01-26",农林牧渔,电话,29
20025,"2025-01-26",科教文体,来信,20
20026,"2025-01-26",公卫医疗,来信,21
20027,"2025-01-26",城乡建设,来信,16
20028,"2025-01-26",交通运输,来信,17
20029,"2025-01-26",农林牧渔,来信,35
20030,"2025-01-26",科教文体,网站,12
20031,"2025-01-26",公卫医疗,网站,61
20032,"2025-01-26",城乡建设,网站,31
20033,"2025-01-26",交通运输,网站,51
20034,"2025-01-26",农林牧渔,网站,34
20035,"2025-01-26",科教文体,小程序/公众号,91
20036,"2025-01-26",公卫医疗,小程序/公众号,88
20037,"2025-01-26",城乡建设,小程序/公众号,70
20038,"2025-01-26",交通运输,小程序/公众号,10
20039,"2025-01-26",农林牧渔,小程序/公众号,81
20040,"2025-01-27",科教文体,电话,25
20041,"2025-01-27",公卫医疗,电话,31
20042,"2025-01-27",城乡建设,电话,15
20043,"2025-01-27",交通运输,电话,15
20044,"2025-01-27",农林牧渔,电话,9
20045,"2025-01-27",科教文体,来信,56
20046,"2025-01-27",公卫医疗,来信,22
20047,"2025-01-27",城乡建设,来信,23
20048,"2025-01-27",交通运输,来信,61
20049,"2025-01-27",农林牧渔,来信,60
20050,"2025-01-27",科教文体,网站,63
20051,"2025-01-27",公卫医疗,网站,41
20052,"2025-01-27",城乡建设,网站,25
20053,"2025-01-27",交通运输,网站,81
20054,"2025-01-27",农林牧渔,网站,63
20055,"2025-01-27",科教文体,小程序/公众号,44
20056,"2025-01-27",公卫医疗,小程序/公众号,26
20057,"2025-01-27",城乡建设,小程序/公众号,177
20058,"2025-01-27",交通运输,小程序/公众号,23
20059,"2025-01-27",农林牧渔,小程序/公众号,89
20060,"2025-01-28",科教文体,电话,29
20061,"2025-01-28",公卫医疗,电话,1
20062,"2025-01-28",城乡建设,电话,16
20063,"2025-01-28",交通运输,电话,24
20064,"2025-01-28",农林牧渔,电话,19
20065,"2025-01-28",科教文体,来信,46
20066,"2025-01-28",公卫医疗,来信,12
20067,"2025-01-28",城乡建设,来信,31
20068,"2025-01-28",交通运输,来信,1
20069,"2025-01-28",农林牧渔,来信,18
20070,"2025-01-28",科教文体,网站,56
20071,"2025-01-28",公卫医疗,网站,21
20072,"2025-01-28",城乡建设,网站,56
20073,"2025-01-28",交通运输,网站,29
20074,"2025-01-28",农林牧渔,网站,10
20075,"2025-01-28",科教文体,小程序/公众号,209
20076,"2025-01-28",公卫医疗,小程序/公众号,150
20077,"2025-01-28",城乡建设,小程序/公众号,92
20078,"2025-01-28",交通运输,小程序/公众号,96
20079,"2025-01-28",农林牧渔,小程序/公众号,33
20080,"2025-01-29",科教文体,电话,40
20081,"2025-01-29",公卫医疗,电话,38
20082,"2025-01-29",城乡建设,电话,1
20083,"2025-01-29",交通运输,电话,44
20084,"2025-01-29",农林牧渔,电话,41
20085,"2025-01-29",科教文体,来信,2
20086,"2025-01-29",公卫医疗,来信,32
20087,"2025-01-29",城乡建设,来信,38
20088,"2025-01-29",交通运输,来信,6
20089,"2025-01-29",农林牧渔,来信,41
20090,"2025-01-29",科教文体,网站,0
20091,"2025-01-29",公卫医疗,网站,23
20092,"2025-01-29",城乡建设,网站,19
20093,"2025-01-29",交通运输,网站,24
20094,"2025-01-29",农林牧渔,网站,3
20095,"2025-01-29",科教文体,小程序/公众号,99
20096,"2025-01-29",公卫医疗,小程序/公众号,74
20097,"2025-01-29",城乡建设,小程序/公众号,21
20098,"2025-01-29",交通运输,小程序/公众号,88
20099,"2025-01-29",农林牧渔,小程序/公众号,45
20100,"2025-01-30",科教文体,电话,9
20101,"2025-01-30",公卫医疗,电话,16
20102,"2025-01-30",城乡建设,电话,13
20103,"2025-01-30",交通运输,电话,7
20104,"2025-01-30",农林牧渔,电话,3
20105,"2025-01-30",科教文体,来信,20
20106,"2025-01-30",公卫医疗,来信,43
20107,"2025-01-30",城乡建设,来信,33
20108,"2025-01-30",交通运输,来信,65
20109,"2025-01-30",农林牧渔,来信,23
20110,"2025-01-30",科教文体,网站,95
20111,"2025-01-30",公卫医疗,网站,101
20112,"2025-01-30",城乡建设,网站,126
20113,"2025-01-30",交通运输,网站,32
20114,"2025-01-30",农林牧渔,网站,5
20115,"2025-01-30",科教文体,小程序/公众号,50
20116,"2025-01-30",公卫医疗,小程序/公众号,232
20117,"2025-01-30",城乡建设,小程序/公众号,70
20118,"2025-01-30",交通运输,小程序/公众号,9
20119,"2025-01-30",农林牧渔,小程序/公众号,30
20120,"2025-01-31",科教文体,电话,19
20121,"2025-01-31",公卫医疗,电话,30
20122,"2025-01-31",城乡建设,电话,15
20123,"2025-01-31",交通运输,电话,38
20124,"2025-01-31",农林牧渔,电话,3
20125,"2025-01-31",科教文体,来信,1
20126,"2025-01-31",公卫医疗,来信,13
20127,"2025-01-31",城乡建设,来信,17
20128,"2025-01-31",交通运输,来信,23
20129,"2025-01-31",农林牧渔,来信,12
20130,"2025-01-31",科教文体,网站,7
20131,"2025-01-31",公卫医疗,网站,5
20132,"2025-01-31",城乡建设,网站,4
20133,"2025-01-31",交通运输,网站,1
20134,"2025-01-31",农林牧渔,网站,4
20135,"2025-01-31",科教文体,小程序/公众号,206
20136,"2025-01-31",公卫医疗,小程序/公众号,194
20137,"2025-01-31",城乡建设,小程序/公众号,4
20138,"2025-01-31",交通运输,小程序/公众号,21
20139,"2025-01-31",农林牧渔,小程序/公众号,222
20140,"2025-02-01",科教文体,电话,10
20141,"2025-02-01",公卫医疗,电话,9
20142,"2025-02-01",城乡建设,电话,11
20143,"2025-02-01",交通运输,电话,4
20144,"2025-02-01",农林牧渔,电话,6
20145,"2025-02-01",科教文体,来信,42
20146,"2025-02-01",公卫医疗,来信,43
20147,"2025-02-01",城乡建设,来信,38
20148,"2025-02-01",交通运输,来信,6
20149,"2025-02-01",农林牧渔,来信,6
20150,"2025-02-01",科教文体,网站,22
20151,"2025-02-01",公卫医疗,网站,27
20152,"2025-02-01",城乡建设,网站,28
20153,"2025-02-01",交通运输,网站,6
20154,"2025-02-01",农林牧渔,网站,31
20155,"2025-02-01",科教文体,小程序/公众号,90
20156,"2025-02-01",公卫医疗,小程序/公众号,21
20157,"2025-02-01",城乡建设,小程序/公众号,36
20158,"2025-02-01",交通运输,小程序/公众号,33
20159,"2025-02-01",农林牧渔,小程序/公众号,61
20160,"2025-02-02",科教文体,电话,4
20161,"2025-02-02",公卫医疗,电话,6
20162,"2025-02-02",城乡建设,电话,5
20163,"2025-02-02",交通运输,电话,5
20164,"2025-02-02",农林牧渔,电话,1
20165,"2025-02-02",科教文体,来信,19
20166,"2025-02-02",公卫医疗,来信,31
20167,"2025-02-02",城乡建设,来信,3
20168,"2025-02-02",交通运输,来信,38
20169,"2025-02-02",农林牧渔,来信,67
20170,"2025-02-02",科教文体,网站,27
20171,"2025-02-02",公卫医疗,网站,56
20172,"2025-02-02",城乡建设,网站,28
20173,"2025-02-02",交通运输,网站,94
20174,"2025-02-02",农林牧渔,网站,4
20175,"2025-02-02",科教文体,小程序/公众号,34
20176,"2025-02-02",公卫医疗,小程序/公众号,105
20177,"2025-02-02",城乡建设,小程序/公众号,28
20178,"2025-02-02",交通运输,小程序/公众号,157
20179,"2025-02-02",农林牧渔,小程序/公众号,29
20180,"2025-02-03",科教文体,电话,69
20181,"2025-02-03",公卫医疗,电话,8
20182,"2025-02-03",城乡建设,电话,68
20183,"2025-02-03",交通运输,电话,5
20184,"2025-02-03",农林牧渔,电话,60
20185,"2025-02-03",科教文体,来信,5
20186,"2025-02-03",公卫医疗,来信,2
20187,"2025-02-03",城乡建设,来信,12
20188,"2025-02-03",交通运输,来信,11
20189,"2025-02-03",农林牧渔,来信,7
20190,"2025-02-03",科教文体,网站,2
20191,"2025-02-03",公卫医疗,网站,2
20192,"2025-02-03",城乡建设,网站,3
20193,"2025-02-03",交通运输,网站,3
20194,"2025-02-03",农林牧渔,网站,3
20195,"2025-02-03",科教文体,小程序/公众号,45
20196,"2025-02-03",公卫医疗,小程序/公众号,144
20197,"2025-02-03",城乡建设,小程序/公众号,177
20198,"2025-02-03",交通运输,小程序/公众号,33
20199,"2025-02-03",农林牧渔,小程序/公众号,194
20200,"2025-02-04",科教文体,电话,10
20201,"2025-02-04",公卫医疗,电话,13
20202,"2025-02-04",城乡建设,电话,4
20203,"2025-02-04",交通运输,电话,2
20204,"2025-02-04",农林牧渔,电话,5
20205,"2025-02-04",科教文体,来信,1
20206,"2025-02-04",公卫医疗,来信,11
20207,"2025-02-04",城乡建设,来信,6
20208,"2025-02-04",交通运输,来信,2
20209,"2025-02-04",农林牧渔,来信,12
20210,"2025-02-04",科教文体,网站,0
20211,"2025-02-04",公卫医疗,网站,41
20212,"2025-02-04",城乡建设,网站,47
20213,"2025-02-04",交通运输,网站,38
20214,"2025-02-04",农林牧渔,网站,1
20215,"2025-02-04",科教文体,小程序/公众号,48
20216,"2025-02-04",公卫医疗,小程序/公众号,9
20217,"2025-02-04",城乡建设,小程序/公众号,46
20218,"2025-02-04",交通运输,小程序/公众号,4
20219,"2025-02-04",农林牧渔,小程序/公众号,45
20220,"2025-02-05",科教文体,电话,11
20221,"2025-02-05",公卫医疗,电话,3
20222,"2025-02-05",城乡建设,电话,18
20223,"2025-02-05",交通运输,电话,18
20224,"2025-02-05",农林牧渔,电话,12
20225,"2025-02-05",科教文体,来信,12
20226,"2025-02-05",公卫医疗,来信,11
20227,"2025-02-05",城乡建设,来信,3
20228,"2025-02-05",交通运输,来信,23
20229,"2025-02-05",农林牧渔,来信,11
20230,"2025-02-05",科教文体,网站,65
20231,"2025-02-05",公卫医疗,网站,11
20232,"2025-02-05",城乡建设,网站,62
20233,"2025-02-05",交通运输,网站,42
20234,"2025-02-05",农林牧渔,网站,72
20235,"2025-02-05",科教文体,小程序/公众号,63
20236,"2025-02-05",公卫医疗,小程序/公众号,27
20237,"2025-02-05",城乡建设,小程序/公众号,163
20238,"2025-02-05",交通运输,小程序/公众号,117
20239,"2025-02-05",农林牧渔,小程序/公众号,51
20240,"2025-02-06",科教文体,电话,12
20241,"2025-02-06",公卫医疗,电话,16
20242,"2025-02-06",城乡建设,电话,16
20243,"2025-02-06",交通运输,电话,6
20244,"2025-02-06",农林牧渔,电话,25
20245,"2025-02-06",科教文体,来信,24
20246,"2025-02-06",公卫医疗,来信,8
20247,"2025-02-06",城乡建设,来信,11
20248,"2025-02-06",交通运输,来信,12
20249,"2025-02-06",农林牧渔,来信,19
20250,"2025-02-06",科教文体,网站,1
20251,"2025-02-06",公卫医疗,网站,10
20252,"2025-02-06",城乡建设,网站,16
20253,"2025-02-06",交通运输,网站,8
20254,"2025-02-06",农林牧渔,网站,33
20255,"2025-02-06",科教文体,小程序/公众号,12
20256,"2025-02-06",公卫医疗,小程序/公众号,19
20257,"2025-02-06",城乡建设,小程序/公众号,25
20258,"2025-02-06",交通运输,小程序/公众号,14
20259,"2025-02-06",农林牧渔,小程序/公众号,13
20260,"2025-02-07",科教文体,电话,3
20261,"2025-02-07",公卫医疗,电话,3
20262,"2025-02-07",城乡建设,电话,1
20263,"2025-02-07",交通运输,电话,2
20264,"2025-02-07",农林牧渔,电话,1
20265,"2025-02-07",科教文体,来信,20
20266,"2025-02-07",公卫医疗,来信,29
20267,"2025-02-07",城乡建设,来信,31
20268,"2025-02-07",交通运输,来信,51
20269,"2025-02-07",农林牧渔,来信,17
20270,"2025-02-07",科教文体,网站,9
20271,"2025-02-07",公卫医疗,网站,43
20272,"2025-02-07",城乡建设,网站,40
20273,"2025-02-07",交通运输,网站,14
20274,"2025-02-07",农林牧渔,网站,41
20275,"2025-02-07",科教文体,小程序/公众号,38
20276,"2025-02-07",公卫医疗,小程序/公众号,72
20277,"2025-02-07",城乡建设,小程序/公众号,140
20278,"2025-02-07",交通运输,小程序/公众号,95
20279,"2025-02-07",农林牧渔,小程序/公众号,87
20280,"2025-02-08",科教文体,电话,8
20281,"2025-02-08",公卫医疗,电话,9
20282,"2025-02-08",城乡建设,电话,2
20283,"2025-02-08",交通运输,电话,1
20284,"2025-02-08",农林牧渔,电话,6
20285,"2025-02-08",科教文体,来信,24
20286,"2025-02-08",公卫医疗,来信,3
20287,"2025-02-08",城乡建设,来信,18
20288,"2025-02-08",交通运输,来信,11
20289,"2025-02-08",农林牧渔,来信,16
20290,"2025-02-08",科教文体,网站,27
20291,"2025-02-08",公卫医疗,网站,12
20292,"2025-02-08",城乡建设,网站,23
20293,"2025-02-08",交通运输,网站,0
20294,"2025-02-08",农林牧渔,网站,36
20295,"2025-02-08",科教文体,小程序/公众号,41
20296,"2025-02-08",公卫医疗,小程序/公众号,50
20297,"2025-02-08",城乡建设,小程序/公众号,7
20298,"2025-02-08",交通运输,小程序/公众号,3
20299,"2025-02-08",农林牧渔,小程序/公众号,48
20300,"2025-02-09",科教文体,电话,38
20301,"2025-02-09",公卫医疗,电话,29
20302,"2025-02-09",城乡建设,电话,51
20303,"2025-02-09",交通运输,电话,36
20304,"2025-02-09",农林牧渔,电话,14
20305,"2025-02-09",科教文体,来信,2
20306,"2025-02-09",公卫医疗,来信,2
20307,"2025-02-09",城乡建设,来信,11
20308,"2025-02-09",交通运输,来信,2
20309,"2025-02-09",农林牧渔,来信,3
20310,"2025-02-09",科教文体,网站,52
20311,"2025-02-09",公卫医疗,网站,75
20312,"2025-02-09",城乡建设,网站,22
20313,"2025-02-09",交通运输,网站,0
20314,"2025-02-09",农林牧渔,网站,51
20315,"2025-02-09",科教文体,小程序/公众号,67
20316,"2025-02-09",公卫医疗,小程序/公众号,292
20317,"2025-02-09",城乡建设,小程序/公众号,110
20318,"2025-02-09",交通运输,小程序/公众号,79
20319,"2025-02-09",农林牧渔,小程序/公众号,25
20320,"2025-02-10",科教文体,电话,19
20321,"2025-02-10",公卫医疗,电话,14
20322,"2025-02-10",城乡建设,电话,1
20323,"2025-02-10",交通运输,电话,31
20324,"2025-02-10",农林牧渔,电话,17
20325,"2025-02-10",科教文体,来信,18
20326,"2025-02-10",公卫医疗,来信,17
20327,"2025-02-10",城乡建设,来信,18
20328,"2025-02-10",交通运输,来信,13
20329,"2025-02-10",农林牧渔,来信,21
20330,"2025-02-10",科教文体,网站,56
20331,"2025-02-10",公卫医疗,网站,56
20332,"2025-02-10",城乡建设,网站,8
20333,"2025-02-10",交通运输,网站,37
20334,"2025-02-10",农林牧渔,网站,70
20335,"2025-02-10",科教文体,小程序/公众号,143
20336,"2025-02-10",公卫医疗,小程序/公众号,16
20337,"2025-02-10",城乡建设,小程序/公众号,47
20338,"2025-02-10",交通运输,小程序/公众号,5
20339,"2025-02-10",农林牧渔,小程序/公众号,196
20340,"2025-02-11",科教文体,电话,29
20341,"2025-02-11",公卫医疗,电话,22
20342,"2025-02-11",城乡建设,电话,43
20343,"2025-02-11",交通运输,电话,11
20344,"2025-02-11",农林牧渔,电话,4
20345,"2025-02-11",科教文体,来信,3
20346,"2025-02-11",公卫医疗,来信,46
20347,"2025-02-11",城乡建设,来信,5
20348,"2025-02-11",交通运输,来信,34
20349,"2025-02-11",农林牧渔,来信,47
20350,"2025-02-11",科教文体,网站,31
20351,"2025-02-11",公卫医疗,网站,8
20352,"2025-02-11",城乡建设,网站,39
20353,"2025-02-11",交通运输,网站,24
20354,"2025-02-11",农林牧渔,网站,7
20355,"2025-02-11",科教文体,小程序/公众号,8
20356,"2025-02-11",公卫医疗,小程序/公众号,1
20357,"2025-02-11",城乡建设,小程序/公众号,110
20358,"2025-02-11",交通运输,小程序/公众号,26
20359,"2025-02-11",农林牧渔,小程序/公众号,65
20360,"2025-02-12",科教文体,电话,24
20361,"2025-02-12",公卫医疗,电话,13
20362,"2025-02-12",城乡建设,电话,14
20363,"2025-02-12",交通运输,电话,13
20364,"2025-02-12",农林牧渔,电话,28
20365,"2025-02-12",科教文体,来信,9
20366,"2025-02-12",公卫医疗,来信,8
20367,"2025-02-12",城乡建设,来信,7
20368,"2025-02-12",交通运输,来信,1
20369,"2025-02-12",农林牧渔,来信,9
20370,"2025-02-12",科教文体,网站,90
20371,"2025-02-12",公卫医疗,网站,17
20372,"2025-02-12",城乡建设,网站,2
20373,"2025-02-12",交通运输,网站,24
20374,"2025-02-12",农林牧渔,网站,80
20375,"2025-02-12",科教文体,小程序/公众号,46
20376,"2025-02-12",公卫医疗,小程序/公众号,40
20377,"2025-02-12",城乡建设,小程序/公众号,176
20378,"2025-02-12",交通运输,小程序/公众号,1
20379,"2025-02-12",农林牧渔,小程序/公众号,12
20380,"2025-02-13",科教文体,电话,14
20381,"2025-02-13",公卫医疗,电话,22
20382,"2025-02-13",城乡建设,电话,18
20383,"2025-02-13",交通运输,电话,55
20384,"2025-02-13",农林牧渔,电话,9
20385,"2025-02-13",科教文体,来信,39
20386,"2025-02-13",公卫医疗,来信,40
20387,"2025-02-13",城乡建设,来信,12
20388,"2025-02-13",交通运输,来信,26
20389,"2025-02-13",农林牧渔,来信,27
20390,"2025-02-13",科教文体,网站,9
20391,"2025-02-13",公卫医疗,网站,10
20392,"2025-02-13",城乡建设,网站,13
20393,"2025-02-13",交通运输,网站,16
20394,"2025-02-13",农林牧渔,网站,5
20395,"2025-02-13",科教文体,小程序/公众号,84
20396,"2025-02-13",公卫医疗,小程序/公众号,81
20397,"2025-02-13",城乡建设,小程序/公众号,56
20398,"2025-02-13",交通运输,小程序/公众号,29
20399,"2025-02-13",农林牧渔,小程序/公众号,4
20400,"2025-02-14",科教文体,电话,4
20401,"2025-02-14",公卫医疗,电话,4
20402,"2025-02-14",城乡建设,电话,3
20403,"2025-02-14",交通运输,电话,2
20404,"2025-02-14",农林牧渔,电话,2
20405,"2025-02-14",科教文体,来信,32
20406,"2025-02-14",公卫医疗,来信,46
20407,"2025-02-14",城乡建设,来信,9
20408,"2025-02-14",交通运输,来信,13
20409,"2025-02-14",农林牧渔,来信,7
20410,"2025-02-14",科教文体,网站,5
20411,"2025-02-14",公卫医疗,网站,7
20412,"2025-02-14",城乡建设,网站,1
20413,"2025-02-14",交通运输,网站,2
20414,"2025-02-14",农林牧渔,网站,3
20415,"2025-02-14",科教文体,小程序/公众号,25
20416,"2025-02-14",公卫医疗,小程序/公众号,38
20417,"2025-02-14",城乡建设,小程序/公众号,18
20418,"2025-02-14",交通运输,小程序/公众号,90
20419,"2025-02-14",农林牧渔,小程序/公众号,78
20420,"2025-02-15",科教文体,电话,57
20421,"2025-02-15",公卫医疗,电话,6
20422,"2025-02-15",城乡建设,电话,27
20423,"2025-02-15",交通运输,电话,1
20424,"2025-02-15",农林牧渔,电话,26
20425,"2025-02-15",科教文体,来信,38
20426,"2025-02-15",公卫医疗,来信,24
20427,"2025-02-15",城乡建设,来信,33
20428,"2025-02-15",交通运输,来信,2
20429,"2025-02-15",农林牧渔,来信,7
20430,"2025-02-15",科教文体,网站,22
20431,"2025-02-15",公卫医疗,网站,35
20432,"2025-02-15",城乡建设,网站,1
20433,"2025-02-15",交通运输,网站,20
20434,"2025-02-15",农林牧渔,网站,15
20435,"2025-02-15",科教文体,小程序/公众号,59
20436,"2025-02-15",公卫医疗,小程序/公众号,34
20437,"2025-02-15",城乡建设,小程序/公众号,32
20438,"2025-02-15",交通运输,小程序/公众号,26
20439,"2025-02-15",农林牧渔,小程序/公众号,46
20440,"2025-02-16",科教文体,电话,7
20441,"2025-02-16",公卫医疗,电话,20
20442,"2025-02-16",城乡建设,电话,33
20443,"2025-02-16",交通运输,电话,29
20444,"2025-02-16",农林牧渔,电话,19
20445,"2025-02-16",科教文体,来信,9
20446,"2025-02-16",公卫医疗,来信,38
20447,"2025-02-16",城乡建设,来信,25
20448,"2025-02-16",交通运输,来信,43
20449,"2025-02-16",农林牧渔,来信,11
20450,"2025-02-16",科教文体,网站,0
20451,"2025-02-16",公卫医疗,网站,62
20452,"2025-02-16",城乡建设,网站,51
20453,"2025-02-16",交通运输,网站,5
20454,"2025-02-16",农林牧渔,网站,12
20455,"2025-02-16",科教文体,小程序/公众号,29
20456,"2025-02-16",公卫医疗,小程序/公众号,46
20457,"2025-02-16",城乡建设,小程序/公众号,17
20458,"2025-02-16",交通运输,小程序/公众号,43
20459,"2025-02-16",农林牧渔,小程序/公众号,15
20460,"2025-02-17",科教文体,电话,28
20461,"2025-02-17",公卫医疗,电话,16
20462,"2025-02-17",城乡建设,电话,8
20463,"2025-02-17",交通运输,电话,29
20464,"2025-02-17",农林牧渔,电话,11
20465,"2025-02-17",科教文体,来信,21
20466,"2025-02-17",公卫医疗,来信,15
20467,"2025-02-17",城乡建设,来信,22
20468,"2025-02-17",交通运输,来信,12
20469,"2025-02-17",农林牧渔,来信,20
20470,"2025-02-17",科教文体,网站,12
20471,"2025-02-17",公卫医疗,网站,1
20472,"2025-02-17",城乡建设,网站,0
20473,"2025-02-17",交通运输,网站,11
20474,"2025-02-17",农林牧渔,网站,10
20475,"2025-02-17",科教文体,小程序/公众号,27
20476,"2025-02-17",公卫医疗,小程序/公众号,77
20477,"2025-02-17",城乡建设,小程序/公众号,40
20478,"2025-02-17",交通运输,小程序/公众号,32
20479,"2025-02-17",农林牧渔,小程序/公众号,6
20480,"2025-02-18",科教文体,电话,4
20481,"2025-02-18",公卫医疗,电话,7
20482,"2025-02-18",城乡建设,电话,9
20483,"2025-02-18",交通运输,电话,6
20484,"2025-02-18",农林牧渔,电话,3
20485,"2025-02-18",科教文体,来信,29
20486,"2025-02-18",公卫医疗,来信,17
20487,"2025-02-18",城乡建设,来信,28
20488,"2025-02-18",交通运输,来信,36
20489,"2025-02-18",农林牧渔,来信,24
20490,"2025-02-18",科教文体,网站,163
20491,"2025-02-18",公卫医疗,网站,57
20492,"2025-02-18",城乡建设,网站,68
20493,"2025-02-18",交通运输,网站,3
20494,"2025-02-18",农林牧渔,网站,83
20495,"2025-02-18",科教文体,小程序/公众号,101
20496,"2025-02-18",公卫医疗,小程序/公众号,107
20497,"2025-02-18",城乡建设,小程序/公众号,65
20498,"2025-02-18",交通运输,小程序/公众号,84
20499,"2025-02-18",农林牧渔,小程序/公众号,27
20500,"2025-02-19",科教文体,电话,34
20501,"2025-02-19",公卫医疗,电话,34
20502,"2025-02-19",城乡建设,电话,26
20503,"2025-02-19",交通运输,电话,3
20504,"2025-02-19",农林牧渔,电话,30
20505,"2025-02-19",科教文体,来信,32
20506,"2025-02-19",公卫医疗,来信,39
20507,"2025-02-19",城乡建设,来信,19
20508,"2025-02-19",交通运输,来信,24
20509,"2025-02-19",农林牧渔,来信,4
20510,"2025-02-19",科教文体,网站,28
20511,"2025-02-19",公卫医疗,网站,19
20512,"2025-02-19",城乡建设,网站,18
20513,"2025-02-19",交通运输,网站,35
20514,"2025-02-19",农林牧渔,网站,42
20515,"2025-02-19",科教文体,小程序/公众号,25
20516,"2025-02-19",公卫医疗,小程序/公众号,39
20517,"2025-02-19",城乡建设,小程序/公众号,45
20518,"2025-02-19",交通运输,小程序/公众号,44
20519,"2025-02-19",农林牧渔,小程序/公众号,35
20520,"2025-02-20",科教文体,电话,1
20521,"2025-02-20",公卫医疗,电话,14
20522,"2025-02-20",城乡建设,电话,21
20523,"2025-02-20",交通运输,电话,27
20524,"2025-02-20",农林牧渔,电话,1
20525,"2025-02-20",科教文体,来信,36
20526,"2025-02-20",公卫医疗,来信,9
20527,"2025-02-20",城乡建设,来信,21
20528,"2025-02-20",交通运输,来信,2
20529,"2025-02-20",农林牧渔,来信,2
20530,"2025-02-20",科教文体,网站,16
20531,"2025-02-20",公卫医疗,网站,32
20532,"2025-02-20",城乡建设,网站,44
20533,"2025-02-20",交通运输,网站,56
20534,"2025-02-20",农林牧渔,网站,9
20535,"2025-02-20",科教文体,小程序/公众号,71
20536,"2025-02-20",公卫医疗,小程序/公众号,29
20537,"2025-02-20",城乡建设,小程序/公众号,118
20538,"2025-02-20",交通运输,小程序/公众号,32
20539,"2025-02-20",农林牧渔,小程序/公众号,89
20540,"2025-02-21",科教文体,电话,2
20541,"2025-02-21",公卫医疗,电话,11
20542,"2025-02-21",城乡建设,电话,5
20543,"2025-02-21",交通运输,电话,15
20544,"2025-02-21",农林牧渔,电话,20
20545,"2025-02-21",科教文体,来信,15
20546,"2025-02-21",公卫医疗,来信,3
20547,"2025-02-21",城乡建设,来信,18
20548,"2025-02-21",交通运输,来信,14
20549,"2025-02-21",农林牧渔,来信,3
20550,"2025-02-21",科教文体,网站,60
20551,"2025-02-21",公卫医疗,网站,11
20552,"2025-02-21",城乡建设,网站,22
20553,"2025-02-21",交通运输,网站,35
20554,"2025-02-21",农林牧渔,网站,40
20555,"2025-02-21",科教文体,小程序/公众号,135
20556,"2025-02-21",公卫医疗,小程序/公众号,72
20557,"2025-02-21",城乡建设,小程序/公众号,102
20558,"2025-02-21",交通运输,小程序/公众号,90
20559,"2025-02-21",农林牧渔,小程序/公众号,90
20560,"2025-02-22",科教文体,电话,28
20561,"2025-02-22",公卫医疗,电话,1
20562,"2025-02-22",城乡建设,电话,42
20563,"2025-02-22",交通运输,电话,0
20564,"2025-02-22",农林牧渔,电话,21
20565,"2025-02-22",科教文体,来信,49
20566,"2025-02-22",公卫医疗,来信,42
20567,"2025-02-22",城乡建设,来信,46
20568,"2025-02-22",交通运输,来信,20
20569,"2025-02-22",农林牧渔,来信,46
20570,"2025-02-22",科教文体,网站,1
20571,"2025-02-22",公卫医疗,网站,4
20572,"2025-02-22",城乡建设,网站,4
20573,"2025-02-22",交通运输,网站,4
20574,"2025-02-22",农林牧渔,网站,3
20575,"2025-02-22",科教文体,小程序/公众号,17
20576,"2025-02-22",公卫医疗,小程序/公众号,19
20577,"2025-02-22",城乡建设,小程序/公众号,67
20578,"2025-02-22",交通运输,小程序/公众号,80
20579,"2025-02-22",农林牧渔,小程序/公众号,209
20580,"2025-02-23",科教文体,电话,28
20581,"2025-02-23",公卫医疗,电话,26
20582,"2025-02-23",城乡建设,电话,25
20583,"2025-02-23",交通运输,电话,28
20584,"2025-02-23",农林牧渔,电话,30
20585,"2025-02-23",科教文体,来信,32
20586,"2025-02-23",公卫医疗,来信,40
20587,"2025-02-23",城乡建设,来信,46
20588,"2025-02-23",交通运输,来信,38
20589,"2025-02-23",农林牧渔,来信,28
20590,"2025-02-23",科教文体,网站,13
20591,"2025-02-23",公卫医疗,网站,20
20592,"2025-02-23",城乡建设,网站,20
20593,"2025-02-23",交通运输,网站,7
20594,"2025-02-23",农林牧渔,网站,2
20595,"2025-02-23",科教文体,小程序/公众号,134
20596,"2025-02-23",公卫医疗,小程序/公众号,71
20597,"2025-02-23",城乡建设,小程序/公众号,136
20598,"2025-02-23",交通运输,小程序/公众号,104
20599,"2025-02-23",农林牧渔,小程序/公众号,125
20600,"2025-02-24",科教文体,电话,55
20601,"2025-02-24",公卫医疗,电话,30
20602,"2025-02-24",城乡建设,电话,82
20603,"2025-02-24",交通运输,电话,29
20604,"2025-02-24",农林牧渔,电话,20
20605,"2025-02-24",科教文体,来信,45
20606,"2025-02-24",公卫医疗,来信,0
20607,"2025-02-24",城乡建设,来信,17
20608,"2025-02-24",交通运输,来信,16
20609,"2025-02-24",农林牧渔,来信,11
20610,"2025-02-24",科教文体,网站,1
20611,"2025-02-24",公卫医疗,网站,6
20612,"2025-02-24",城乡建设,网站,3
20613,"2025-02-24",交通运输,网站,4
20614,"2025-02-24",农林牧渔,网站,2
20615,"2025-02-24",科教文体,小程序/公众号,151
20616,"2025-02-24",公卫医疗,小程序/公众号,100
20617,"2025-02-24",城乡建设,小程序/公众号,120
20618,"2025-02-24",交通运输,小程序/公众号,92
20619,"2025-02-24",农林牧渔,小程序/公众号,93
20620,"2025-02-25",科教文体,电话,18
20621,"2025-02-25",公卫医疗,电话,50
20622,"2025-02-25",城乡建设,电话,55
20623,"2025-02-25",交通运输,电话,42
20624,"2025-02-25",农林牧渔,电话,14
20625,"2025-02-25",科教文体,来信,10
20626,"2025-02-25",公卫医疗,来信,2
20627,"2025-02-25",城乡建设,来信,1
20628,"2025-02-25",交通运输,来信,9
20629,"2025-02-25",农林牧渔,来信,5
20630,"2025-02-25",科教文体,网站,5
20631,"2025-02-25",公卫医疗,网站,7
20632,"2025-02-25",城乡建设,网站,6
20633,"2025-02-25",交通运输,网站,2
20634,"2025-02-25",农林牧渔,网站,1
20635,"2025-02-25",科教文体,小程序/公众号,121
20636,"2025-02-25",公卫医疗,小程序/公众号,183
20637,"2025-02-25",城乡建设,小程序/公众号,197
20638,"2025-02-25",交通运输,小程序/公众号,92
20639,"2025-02-25",农林牧渔,小程序/公众号,119
20640,"2025-02-26",科教文体,电话,13
20641,"2025-02-26",公卫医疗,电话,25
20642,"2025-02-26",城乡建设,电话,15
20643,"2025-02-26",交通运输,电话,9
20644,"2025-02-26",农林牧渔,电话,18
20645,"2025-02-26",科教文体,来信,7
20646,"2025-02-26",公卫医疗,来信,1
20647,"2025-02-26",城乡建设,来信,21
20648,"2025-02-26",交通运输,来信,1
20649,"2025-02-26",农林牧渔,来信,3
20650,"2025-02-26",科教文体,网站,12
20651,"2025-02-26",公卫医疗,网站,0
20652,"2025-02-26",城乡建设,网站,11
20653,"2025-02-26",交通运输,网站,20
20654,"2025-02-26",农林牧渔,网站,10
20655,"2025-02-26",科教文体,小程序/公众号,48
20656,"2025-02-26",公卫医疗,小程序/公众号,56
20657,"2025-02-26",城乡建设,小程序/公众号,55
20658,"2025-02-26",交通运输,小程序/公众号,20
20659,"2025-02-26",农林牧渔,小程序/公众号,47
20660,"2025-02-27",科教文体,电话,6
20661,"2025-02-27",公卫医疗,电话,11
20662,"2025-02-27",城乡建设,电话,9
20663,"2025-02-27",交通运输,电话,15
20664,"2025-02-27",农林牧渔,电话,8
20665,"2025-02-27",科教文体,来信,8
20666,"2025-02-27",公卫医疗,来信,5
20667,"2025-02-27",城乡建设,来信,11
20668,"2025-02-27",交通运输,来信,8
20669,"2025-02-27",农林牧渔,来信,8
20670,"2025-02-27",科教文体,网站,17
20671,"2025-02-27",公卫医疗,网站,25
20672,"2025-02-27",城乡建设,网站,2
20673,"2025-02-27",交通运输,网站,14
20674,"2025-02-27",农林牧渔,网站,14
20675,"2025-02-27",科教文体,小程序/公众号,35
20676,"2025-02-27",公卫医疗,小程序/公众号,32
20677,"2025-02-27",城乡建设,小程序/公众号,24
20678,"2025-02-27",交通运输,小程序/公众号,40
20679,"2025-02-27",农林牧渔,小程序/公众号,49
20680,"2025-02-28",科教文体,电话,30
20681,"2025-02-28",公卫医疗,电话,1
20682,"2025-02-28",城乡建设,电话,7
20683,"2025-02-28",交通运输,电话,5
20684,"2025-02-28",农林牧渔,电话,30
20685,"2025-02-28",科教文体,来信,17
20686,"2025-02-28",公卫医疗,来信,26
20687,"2025-02-28",城乡建设,来信,28
20688,"2025-02-28",交通运输,来信,6
20689,"2025-02-28",农林牧渔,来信,39
20690,"2025-02-28",科教文体,网站,2
20691,"2025-02-28",公卫医疗,网站,31
20692,"2025-02-28",城乡建设,网站,15
20693,"2025-02-28",交通运输,网站,14
20694,"2025-02-28",农林牧渔,网站,30
20695,"2025-02-28",科教文体,小程序/公众号,65
20696,"2025-02-28",公卫医疗,小程序/公众号,49
20697,"2025-02-28",城乡建设,小程序/公众号,54
20698,"2025-02-28",交通运输,小程序/公众号,8
20699,"2025-02-28",农林牧渔,小程序/公众号,46
20700,"2025-03-01",科教文体,电话,8
20701,"2025-03-01",公卫医疗,电话,29
20702,"2025-03-01",城乡建设,电话,2
20703,"2025-03-01",交通运输,电话,3
20704,"2025-03-01",农林牧渔,电话,24
20705,"2025-03-01",科教文体,来信,62
20706,"2025-03-01",公卫医疗,来信,38
20707,"2025-03-01",城乡建设,来信,28
20708,"2025-03-01",交通运输,来信,8
20709,"2025-03-01",农林牧渔,来信,14
20710,"2025-03-01",科教文体,网站,6
20711,"2025-03-01",公卫医疗,网站,15
20712,"2025-03-01",城乡建设,网站,42
20713,"2025-03-01",交通运输,网站,23
20714,"2025-03-01",农林牧渔,网站,7
20715,"2025-03-01",科教文体,小程序/公众号,78
20716,"2025-03-01",公卫医疗,小程序/公众号,103
20717,"2025-03-01",城乡建设,小程序/公众号,143
20718,"2025-03-01",交通运输,小程序/公众号,209
20719,"2025-03-01",农林牧渔,小程序/公众号,13
20720,"2025-03-02",科教文体,电话,31
20721,"2025-03-02",公卫医疗,电话,6
20722,"2025-03-02",城乡建设,电话,6
20723,"2025-03-02",交通运输,电话,29
20724,"2025-03-02",农林牧渔,电话,42
20725,"2025-03-02",科教文体,来信,4
20726,"2025-03-02",公卫医疗,来信,21
20727,"2025-03-02",城乡建设,来信,10
20728,"2025-03-02",交通运输,来信,3
20729,"2025-03-02",农林牧渔,来信,22
20730,"2025-03-02",科教文体,网站,4
20731,"2025-03-02",公卫医疗,网站,6
20732,"2025-03-02",城乡建设,网站,4
20733,"2025-03-02",交通运输,网站,1
20734,"2025-03-02",农林牧渔,网站,3
20735,"2025-03-02",科教文体,小程序/公众号,102
20736,"2025-03-02",公卫医疗,小程序/公众号,65
20737,"2025-03-02",城乡建设,小程序/公众号,104
20738,"2025-03-02",交通运输,小程序/公众号,81
20739,"2025-03-02",农林牧渔,小程序/公众号,24
20740,"2025-03-03",科教文体,电话,14
20741,"2025-03-03",公卫医疗,电话,8
20742,"2025-03-03",城乡建设,电话,48
20743,"2025-03-03",交通运输,电话,0
20744,"2025-03-03",农林牧渔,电话,25
20745,"2025-03-03",科教文体,来信,22
20746,"2025-03-03",公卫医疗,来信,28
20747,"2025-03-03",城乡建设,来信,11
20748,"2025-03-03",交通运输,来信,27
20749,"2025-03-03",农林牧渔,来信,15
20750,"2025-03-03",科教文体,网站,38
20751,"2025-03-03",公卫医疗,网站,36
20752,"2025-03-03",城乡建设,网站,6
20753,"2025-03-03",交通运输,网站,6
20754,"2025-03-03",农林牧渔,网站,50
20755,"2025-03-03",科教文体,小程序/公众号,45
20756,"2025-03-03",公卫医疗,小程序/公众号,22
20757,"2025-03-03",城乡建设,小程序/公众号,42
20758,"2025-03-03",交通运输,小程序/公众号,19
20759,"2025-03-03",农林牧渔,小程序/公众号,53
20760,"2025-03-04",科教文体,电话,14
20761,"2025-03-04",公卫医疗,电话,12
20762,"2025-03-04",城乡建设,电话,24
20763,"2025-03-04",交通运输,电话,4
20764,"2025-03-04",农林牧渔,电话,40
20765,"2025-03-04",科教文体,来信,11
20766,"2025-03-04",公卫医疗,来信,0
20767,"2025-03-04",城乡建设,来信,13
20768,"2025-03-04",交通运输,来信,5
20769,"2025-03-04",农林牧渔,来信,8
20770,"2025-03-04",科教文体,网站,137
20771,"2025-03-04",公卫医疗,网站,96
20772,"2025-03-04",城乡建设,网站,15
20773,"2025-03-04",交通运输,网站,34
20774,"2025-03-04",农林牧渔,网站,57
20775,"2025-03-04",科教文体,小程序/公众号,112
20776,"2025-03-04",公卫医疗,小程序/公众号,82
20777,"2025-03-04",城乡建设,小程序/公众号,20
20778,"2025-03-04",交通运输,小程序/公众号,99
20779,"2025-03-04",农林牧渔,小程序/公众号,67
20780,"2025-03-05",科教文体,电话,20
20781,"2025-03-05",公卫医疗,电话,26
20782,"2025-03-05",城乡建设,电话,20
20783,"2025-03-05",交通运输,电话,1
20784,"2025-03-05",农林牧渔,电话,10
20785,"2025-03-05",科教文体,来信,12
20786,"2025-03-05",公卫医疗,来信,32
20787,"2025-03-05",城乡建设,来信,1
20788,"2025-03-05",交通运输,来信,33
20789,"2025-03-05",农林牧渔,来信,4
20790,"2025-03-05",科教文体,网站,11
20791,"2025-03-05",公卫医疗,网站,30
20792,"2025-03-05",城乡建设,网站,23
20793,"2025-03-05",交通运输,网站,14
20794,"2025-03-05",农林牧渔,网站,20
20795,"2025-03-05",科教文体,小程序/公众号,43
20796,"2025-03-05",公卫医疗,小程序/公众号,56
20797,"2025-03-05",城乡建设,小程序/公众号,16
20798,"2025-03-05",交通运输,小程序/公众号,66
20799,"2025-03-05",农林牧渔,小程序/公众号,9
20800,"2025-03-06",科教文体,电话,5
20801,"2025-03-06",公卫医疗,电话,39
20802,"2025-03-06",城乡建设,电话,8
20803,"2025-03-06",交通运输,电话,7
20804,"2025-03-06",农林牧渔,电话,41
20805,"2025-03-06",科教文体,来信,27
20806,"2025-03-06",公卫医疗,来信,10
20807,"2025-03-06",城乡建设,来信,6
20808,"2025-03-06",交通运输,来信,9
20809,"2025-03-06",农林牧渔,来信,10
20810,"2025-03-06",科教文体,网站,33
20811,"2025-03-06",公卫医疗,网站,36
20812,"2025-03-06",城乡建设,网站,0
20813,"2025-03-06",交通运输,网站,12
20814,"2025-03-06",农林牧渔,网站,23
20815,"2025-03-06",科教文体,小程序/公众号,76
20816,"2025-03-06",公卫医疗,小程序/公众号,71
20817,"2025-03-06",城乡建设,小程序/公众号,84
20818,"2025-03-06",交通运输,小程序/公众号,80
20819,"2025-03-06",农林牧渔,小程序/公众号,41
20820,"2025-03-07",科教文体,电话,23
20821,"2025-03-07",公卫医疗,电话,10
20822,"2025-03-07",城乡建设,电话,29
20823,"2025-03-07",交通运输,电话,24
20824,"2025-03-07",农林牧渔,电话,12
20825,"2025-03-07",科教文体,来信,9
20826,"2025-03-07",公卫医疗,来信,8
20827,"2025-03-07",城乡建设,来信,9
20828,"2025-03-07",交通运输,来信,1
20829,"2025-03-07",农林牧渔,来信,5
20830,"2025-03-07",科教文体,网站,73
20831,"2025-03-07",公卫医疗,网站,25
20832,"2025-03-07",城乡建设,网站,64
20833,"2025-03-07",交通运输,网站,36
20834,"2025-03-07",农林牧渔,网站,23
20835,"2025-03-07",科教文体,小程序/公众号,17
20836,"2025-03-07",公卫医疗,小程序/公众号,4
20837,"2025-03-07",城乡建设,小程序/公众号,23
20838,"2025-03-07",交通运输,小程序/公众号,223
20839,"2025-03-07",农林牧渔,小程序/公众号,241
20840,"2025-03-08",科教文体,电话,11
20841,"2025-03-08",公卫医疗,电话,2
20842,"2025-03-08",城乡建设,电话,22
20843,"2025-03-08",交通运输,电话,4
20844,"2025-03-08",农林牧渔,电话,19
20845,"2025-03-08",科教文体,来信,15
20846,"2025-03-08",公卫医疗,来信,2
20847,"2025-03-08",城乡建设,来信,17
20848,"2025-03-08",交通运输,来信,23
20849,"2025-03-08",农林牧渔,来信,19
20850,"2025-03-08",科教文体,网站,16
20851,"2025-03-08",公卫医疗,网站,18
20852,"2025-03-08",城乡建设,网站,17
20853,"2025-03-08",交通运输,网站,22
20854,"2025-03-08",农林牧渔,网站,7
20855,"2025-03-08",科教文体,小程序/公众号,32
20856,"2025-03-08",公卫医疗,小程序/公众号,92
20857,"2025-03-08",城乡建设,小程序/公众号,42
20858,"2025-03-08",交通运输,小程序/公众号,67
20859,"2025-03-08",农林牧渔,小程序/公众号,22
20860,"2025-03-09",科教文体,电话,0
20861,"2025-03-09",公卫医疗,电话,13
20862,"2025-03-09",城乡建设,电话,15
20863,"2025-03-09",交通运输,电话,4
20864,"2025-03-09",农林牧渔,电话,43
20865,"2025-03-09",科教文体,来信,6
20866,"2025-03-09",公卫医疗,来信,4
20867,"2025-03-09",城乡建设,来信,1
20868,"2025-03-09",交通运输,来信,24
20869,"2025-03-09",农林牧渔,来信,16
20870,"2025-03-09",科教文体,网站,1
20871,"2025-03-09",公卫医疗,网站,5
20872,"2025-03-09",城乡建设,网站,2
20873,"2025-03-09",交通运输,网站,2
20874,"2025-03-09",农林牧渔,网站,2
20875,"2025-03-09",科教文体,小程序/公众号,13
20876,"2025-03-09",公卫医疗,小程序/公众号,92
20877,"2025-03-09",城乡建设,小程序/公众号,25
20878,"2025-03-09",交通运输,小程序/公众号,34
20879,"2025-03-09",农林牧渔,小程序/公众号,17
20880,"2025-03-10",科教文体,电话,7
20881,"2025-03-10",公卫医疗,电话,9
20882,"2025-03-10",城乡建设,电话,2
20883,"2025-03-10",交通运输,电话,0
20884,"2025-03-10",农林牧渔,电话,10
20885,"2025-03-10",科教文体,来信,4
20886,"2025-03-10",公卫医疗,来信,0
20887,"2025-03-10",城乡建设,来信,4
20888,"2025-03-10",交通运输,来信,9
20889,"2025-03-10",农林牧渔,来信,1
20890,"2025-03-10",科教文体,网站,36
20891,"2025-03-10",公卫医疗,网站,59
20892,"2025-03-10",城乡建设,网站,2
20893,"2025-03-10",交通运输,网站,81
20894,"2025-03-10",农林牧渔,网站,85
20895,"2025-03-10",科教文体,小程序/公众号,46
20896,"2025-03-10",公卫医疗,小程序/公众号,120
20897,"2025-03-10",城乡建设,小程序/公众号,5
20898,"2025-03-10",交通运输,小程序/公众号,148
20899,"2025-03-10",农林牧渔,小程序/公众号,43
20900,"2025-03-11",科教文体,电话,7
20901,"2025-03-11",公卫医疗,电话,1
20902,"2025-03-11",城乡建设,电话,6
20903,"2025-03-11",交通运输,电话,26
20904,"2025-03-11",农林牧渔,电话,0
20905,"2025-03-11",科教文体,来信,5
20906,"2025-03-11",公卫医疗,来信,38
20907,"2025-03-11",城乡建设,来信,42
20908,"2025-03-11",交通运输,来信,31
20909,"2025-03-11",农林牧渔,来信,31
20910,"2025-03-11",科教文体,网站,73
20911,"2025-03-11",公卫医疗,网站,27
20912,"2025-03-11",城乡建设,网站,79
20913,"2025-03-11",交通运输,网站,56
20914,"2025-03-11",农林牧渔,网站,74
20915,"2025-03-11",科教文体,小程序/公众号,2
20916,"2025-03-11",公卫医疗,小程序/公众号,27
20917,"2025-03-11",城乡建设,小程序/公众号,110
20918,"2025-03-11",交通运输,小程序/公众号,174
20919,"2025-03-11",农林牧渔,小程序/公众号,106
20920,"2025-03-12",科教文体,电话,51
20921,"2025-03-12",公卫医疗,电话,21
20922,"2025-03-12",城乡建设,电话,39
20923,"2025-03-12",交通运输,电话,34
20924,"2025-03-12",农林牧渔,电话,12
20925,"2025-03-12",科教文体,来信,31
20926,"2025-03-12",公卫医疗,来信,15
20927,"2025-03-12",城乡建设,来信,30
20928,"2025-03-12",交通运输,来信,30
20929,"2025-03-12",农林牧渔,来信,51
20930,"2025-03-12",科教文体,网站,7
20931,"2025-03-12",公卫医疗,网站,6
20932,"2025-03-12",城乡建设,网站,2
20933,"2025-03-12",交通运输,网站,5
20934,"2025-03-12",农林牧渔,网站,1
20935,"2025-03-12",科教文体,小程序/公众号,125
20936,"2025-03-12",公卫医疗,小程序/公众号,87
20937,"2025-03-12",城乡建设,小程序/公众号,117
20938,"2025-03-12",交通运输,小程序/公众号,38
20939,"2025-03-12",农林牧渔,小程序/公众号,131
20940,"2025-03-13",科教文体,电话,12
20941,"2025-03-13",公卫医疗,电话,4
20942,"2025-03-13",城乡建设,电话,13
20943,"2025-03-13",交通运输,电话,12
20944,"2025-03-13",农林牧渔,电话,9
20945,"2025-03-13",科教文体,来信,7
20946,"2025-03-13",公卫医疗,来信,18
20947,"2025-03-13",城乡建设,来信,7
20948,"2025-03-13",交通运输,来信,22
20949,"2025-03-13",农林牧渔,来信,6
20950,"2025-03-13",科教文体,网站,21
20951,"2025-03-13",公卫医疗,网站,29
20952,"2025-03-13",城乡建设,网站,2
20953,"2025-03-13",交通运输,网站,18
20954,"2025-03-13",农林牧渔,网站,45
20955,"2025-03-13",科教文体,小程序/公众号,41
20956,"2025-03-13",公卫医疗,小程序/公众号,24
20957,"2025-03-13",城乡建设,小程序/公众号,0
20958,"2025-03-13",交通运输,小程序/公众号,21
20959,"2025-03-13",农林牧渔,小程序/公众号,41
20960,"2025-03-14",科教文体,电话,25
20961,"2025-03-14",公卫医疗,电话,14
20962,"2025-03-14",城乡建设,电话,1
20963,"2025-03-14",交通运输,电话,13
20964,"2025-03-14",农林牧渔,电话,12
20965,"2025-03-14",科教文体,来信,1
20966,"2025-03-14",公卫医疗,来信,2
20967,"2025-03-14",城乡建设,来信,2
20968,"2025-03-14",交通运输,来信,1
20969,"2025-03-14",农林牧渔,来信,5
20970,"2025-03-14",科教文体,网站,13
20971,"2025-03-14",公卫医疗,网站,19
20972,"2025-03-14",城乡建设,网站,17
20973,"2025-03-14",交通运输,网站,8
20974,"2025-03-14",农林牧渔,网站,12
20975,"2025-03-14",科教文体,小程序/公众号,52
20976,"2025-03-14",公卫医疗,小程序/公众号,49
20977,"2025-03-14",城乡建设,小程序/公众号,62
20978,"2025-03-14",交通运输,小程序/公众号,11
20979,"2025-03-14",农林牧渔,小程序/公众号,45
20980,"2025-03-15",科教文体,电话,17
20981,"2025-03-15",公卫医疗,电话,10
20982,"2025-03-15",城乡建设,电话,15
20983,"2025-03-15",交通运输,电话,19
20984,"2025-03-15",农林牧渔,电话,9
20985,"2025-03-15",科教文体,来信,17
20986,"2025-03-15",公卫医疗,来信,28
20987,"2025-03-15",城乡建设,来信,11
20988,"2025-03-15",交通运输,来信,5
20989,"2025-03-15",农林牧渔,来信,13
20990,"2025-03-15",科教文体,网站,2
20991,"2025-03-15",公卫医疗,网站,11
20992,"2025-03-15",城乡建设,网站,7
20993,"2025-03-15",交通运输,网站,4
20994,"2025-03-15",农林牧渔,网站,20
20995,"2025-03-15",科教文体,小程序/公众号,43
20996,"2025-03-15",公卫医疗,小程序/公众号,25
20997,"2025-03-15",城乡建设,小程序/公众号,45
20998,"2025-03-15",交通运输,小程序/公众号,33
20999,"2025-03-15",农林牧渔,小程序/公众号,9
21000,"2025-03-16",科教文体,电话,1
21001,"2025-03-16",公卫医疗,电话,9
21002,"2025-03-16",城乡建设,电话,28
21003,"2025-03-16",交通运输,电话,90
21004,"2025-03-16",农林牧渔,电话,98
21005,"2025-03-16",科教文体,来信,24
21006,"2025-03-16",公卫医疗,来信,32
21007,"2025-03-16",城乡建设,来信,96
21008,"2025-03-16",交通运输,来信,48
21009,"2025-03-16",农林牧渔,来信,13
21010,"2025-03-16",科教文体,网站,23
21011,"2025-03-16",公卫医疗,网站,26
21012,"2025-03-16",城乡建设,网站,25
21013,"2025-03-16",交通运输,网站,15
21014,"2025-03-16",农林牧渔,网站,5
21015,"2025-03-16",科教文体,小程序/公众号,169
21016,"2025-03-16",公卫医疗,小程序/公众号,5
21017,"2025-03-16",城乡建设,小程序/公众号,136
21018,"2025-03-16",交通运输,小程序/公众号,36
21019,"2025-03-16",农林牧渔,小程序/公众号,102
21020,"2025-03-17",科教文体,电话,3
21021,"2025-03-17",公卫医疗,电话,12
21022,"2025-03-17",城乡建设,电话,36
21023,"2025-03-17",交通运输,电话,35
21024,"2025-03-17",农林牧渔,电话,20
21025,"2025-03-17",科教文体,来信,14
21026,"2025-03-17",公卫医疗,来信,26
21027,"2025-03-17",城乡建设,来信,33
21028,"2025-03-17",交通运输,来信,27
21029,"2025-03-17",农林牧渔,来信,5
21030,"2025-03-17",科教文体,网站,30
21031,"2025-03-17",公卫医疗,网站,3
21032,"2025-03-17",城乡建设,网站,26
21033,"2025-03-17",交通运输,网站,47
21034,"2025-03-17",农林牧渔,网站,34
21035,"2025-03-17",科教文体,小程序/公众号,150
21036,"2025-03-17",公卫医疗,小程序/公众号,102
21037,"2025-03-17",城乡建设,小程序/公众号,32
21038,"2025-03-17",交通运输,小程序/公众号,219
21039,"2025-03-17",农林牧渔,小程序/公众号,73
21040,"2025-03-18",科教文体,电话,0
21041,"2025-03-18",公卫医疗,电话,28
21042,"2025-03-18",城乡建设,电话,23
21043,"2025-03-18",交通运输,电话,20
21044,"2025-03-18",农林牧渔,电话,39
21045,"2025-03-18",科教文体,来信,2
21046,"2025-03-18",公卫医疗,来信,4
21047,"2025-03-18",城乡建设,来信,3
21048,"2025-03-18",交通运输,来信,5
21049,"2025-03-18",农林牧渔,来信,3
21050,"2025-03-18",科教文体,网站,21
21051,"2025-03-18",公卫医疗,网站,40
21052,"2025-03-18",城乡建设,网站,59
21053,"2025-03-18",交通运输,网站,65
21054,"2025-03-18",农林牧渔,网站,28
21055,"2025-03-18",科教文体,小程序/公众号,162
21056,"2025-03-18",公卫医疗,小程序/公众号,137
21057,"2025-03-18",城乡建设,小程序/公众号,123
21058,"2025-03-18",交通运输,小程序/公众号,63
21059,"2025-03-18",农林牧渔,小程序/公众号,136
21060,"2025-03-19",科教文体,电话,12
21061,"2025-03-19",公卫医疗,电话,13
21062,"2025-03-19",城乡建设,电话,13
21063,"2025-03-19",交通运输,电话,51
21064,"2025-03-19",农林牧渔,电话,23
21065,"2025-03-19",科教文体,来信,7
21066,"2025-03-19",公卫医疗,来信,2
21067,"2025-03-19",城乡建设,来信,4
21068,"2025-03-19",交通运输,来信,7
21069,"2025-03-19",农林牧渔,来信,8
21070,"2025-03-19",科教文体,网站,4
21071,"2025-03-19",公卫医疗,网站,10
21072,"2025-03-19",城乡建设,网站,2
21073,"2025-03-19",交通运输,网站,6
21074,"2025-03-19",农林牧渔,网站,10
21075,"2025-03-19",科教文体,小程序/公众号,251
21076,"2025-03-19",公卫医疗,小程序/公众号,102
21077,"2025-03-19",城乡建设,小程序/公众号,39
21078,"2025-03-19",交通运输,小程序/公众号,174
21079,"2025-03-19",农林牧渔,小程序/公众号,54
21080,"2025-03-20",科教文体,电话,16
21081,"2025-03-20",公卫医疗,电话,9
21082,"2025-03-20",城乡建设,电话,34
21083,"2025-03-20",交通运输,电话,0
21084,"2025-03-20",农林牧渔,电话,2
21085,"2025-03-20",科教文体,来信,10
21086,"2025-03-20",公卫医疗,来信,77
21087,"2025-03-20",城乡建设,来信,20
21088,"2025-03-20",交通运输,来信,81
21089,"2025-03-20",农林牧渔,来信,69
21090,"2025-03-20",科教文体,网站,117
21091,"2025-03-20",公卫医疗,网站,109
21092,"2025-03-20",城乡建设,网站,45
21093,"2025-03-20",交通运输,网站,47
21094,"2025-03-20",农林牧渔,网站,8
21095,"2025-03-20",科教文体,小程序/公众号,103
21096,"2025-03-20",公卫医疗,小程序/公众号,73
21097,"2025-03-20",城乡建设,小程序/公众号,116
21098,"2025-03-20",交通运输,小程序/公众号,3
21099,"2025-03-20",农林牧渔,小程序/公众号,56
21100,"2025-03-21",科教文体,电话,20
21101,"2025-03-21",公卫医疗,电话,16
21102,"2025-03-21",城乡建设,电话,6
21103,"2025-03-21",交通运输,电话,7
21104,"2025-03-21",农林牧渔,电话,14
21105,"2025-03-21",科教文体,来信,14
21106,"2025-03-21",公卫医疗,来信,5
21107,"2025-03-21",城乡建设,来信,28
21108,"2025-03-21",交通运输,来信,21
21109,"2025-03-21",农林牧渔,来信,13
21110,"2025-03-21",科教文体,网站,7
21111,"2025-03-21",公卫医疗,网站,6
21112,"2025-03-21",城乡建设,网站,12
21113,"2025-03-21",交通运输,网站,17
21114,"2025-03-21",农林牧渔,网站,8
21115,"2025-03-21",科教文体,小程序/公众号,8
21116,"2025-03-21",公卫医疗,小程序/公众号,54
21117,"2025-03-21",城乡建设,小程序/公众号,2
21118,"2025-03-21",交通运输,小程序/公众号,104
21119,"2025-03-21",农林牧渔,小程序/公众号,2
21120,"2025-03-22",科教文体,电话,26
21121,"2025-03-22",公卫医疗,电话,4
21122,"2025-03-22",城乡建设,电话,18
21123,"2025-03-22",交通运输,电话,13
21124,"2025-03-22",农林牧渔,电话,10
21125,"2025-03-22",科教文体,来信,38
21126,"2025-03-22",公卫医疗,来信,27
21127,"2025-03-22",城乡建设,来信,39
21128,"2025-03-22",交通运输,来信,14
21129,"2025-03-22",农林牧渔,来信,31
21130,"2025-03-22",科教文体,网站,6
21131,"2025-03-22",公卫医疗,网站,7
21132,"2025-03-22",城乡建设,网站,26
21133,"2025-03-22",交通运输,网站,14
21134,"2025-03-22",农林牧渔,网站,25
21135,"2025-03-22",科教文体,小程序/公众号,42
21136,"2025-03-22",公卫医疗,小程序/公众号,69
21137,"2025-03-22",城乡建设,小程序/公众号,24
21138,"2025-03-22",交通运输,小程序/公众号,66
21139,"2025-03-22",农林牧渔,小程序/公众号,34
21140,"2025-03-23",科教文体,电话,5
21141,"2025-03-23",公卫医疗,电话,9
21142,"2025-03-23",城乡建设,电话,6
21143,"2025-03-23",交通运输,电话,41
21144,"2025-03-23",农林牧渔,电话,63
21145,"2025-03-23",科教文体,来信,19
21146,"2025-03-23",公卫医疗,来信,8
21147,"2025-03-23",城乡建设,来信,38
21148,"2025-03-23",交通运输,来信,44
21149,"2025-03-23",农林牧渔,来信,54
21150,"2025-03-23",科教文体,网站,24
21151,"2025-03-23",公卫医疗,网站,37
21152,"2025-03-23",城乡建设,网站,34
21153,"2025-03-23",交通运输,网站,30
21154,"2025-03-23",农林牧渔,网站,22
21155,"2025-03-23",科教文体,小程序/公众号,58
21156,"2025-03-23",公卫医疗,小程序/公众号,40
21157,"2025-03-23",城乡建设,小程序/公众号,69
21158,"2025-03-23",交通运输,小程序/公众号,59
21159,"2025-03-23",农林牧渔,小程序/公众号,40
21160,"2025-03-24",科教文体,电话,3
21161,"2025-03-24",公卫医疗,电话,23
21162,"2025-03-24",城乡建设,电话,21
21163,"2025-03-24",交通运输,电话,12
21164,"2025-03-24",农林牧渔,电话,21
21165,"2025-03-24",科教文体,来信,13
21166,"2025-03-24",公卫医疗,来信,1
21167,"2025-03-24",城乡建设,来信,22
21168,"2025-03-24",交通运输,来信,9
21169,"2025-03-24",农林牧渔,来信,13
21170,"2025-03-24",科教文体,网站,5
21171,"2025-03-24",公卫医疗,网站,2
21172,"2025-03-24",城乡建设,网站,4
21173,"2025-03-24",交通运输,网站,2
21174,"2025-03-24",农林牧渔,网站,0
21175,"2025-03-24",科教文体,小程序/公众号,29
21176,"2025-03-24",公卫医疗,小程序/公众号,40
21177,"2025-03-24",城乡建设,小程序/公众号,47
21178,"2025-03-24",交通运输,小程序/公众号,51
21179,"2025-03-24",农林牧渔,小程序/公众号,7
21180,"2025-03-25",科教文体,电话,6
21181,"2025-03-25",公卫医疗,电话,23
21182,"2025-03-25",城乡建设,电话,36
21183,"2025-03-25",交通运输,电话,20
21184,"2025-03-25",农林牧渔,电话,22
21185,"2025-03-25",科教文体,来信,4
21186,"2025-03-25",公卫医疗,来信,28
21187,"2025-03-25",城乡建设,来信,26
21188,"2025-03-25",交通运输,来信,55
21189,"2025-03-25",农林牧渔,来信,48
21190,"2025-03-25",科教文体,网站,7
21191,"2025-03-25",公卫医疗,网站,10
21192,"2025-03-25",城乡建设,网站,11
21193,"2025-03-25",交通运输,网站,7
21194,"2025-03-25",农林牧渔,网站,6
21195,"2025-03-25",科教文体,小程序/公众号,25
21196,"2025-03-25",公卫医疗,小程序/公众号,112
21197,"2025-03-25",城乡建设,小程序/公众号,19
21198,"2025-03-25",交通运输,小程序/公众号,90
21199,"2025-03-25",农林牧渔,小程序/公众号,52
21200,"2025-03-26",科教文体,电话,26
21201,"2025-03-26",公卫医疗,电话,26
21202,"2025-03-26",城乡建设,电话,3
21203,"2025-03-26",交通运输,电话,17
21204,"2025-03-26",农林牧渔,电话,30
21205,"2025-03-26",科教文体,来信,9
21206,"2025-03-26",公卫医疗,来信,2
21207,"2025-03-26",城乡建设,来信,7
21208,"2025-03-26",交通运输,来信,2
21209,"2025-03-26",农林牧渔,来信,6
21210,"2025-03-26",科教文体,网站,19
21211,"2025-03-26",公卫医疗,网站,38
21212,"2025-03-26",城乡建设,网站,36
21213,"2025-03-26",交通运输,网站,33
21214,"2025-03-26",农林牧渔,网站,0
21215,"2025-03-26",科教文体,小程序/公众号,46
21216,"2025-03-26",公卫医疗,小程序/公众号,32
21217,"2025-03-26",城乡建设,小程序/公众号,58
21218,"2025-03-26",交通运输,小程序/公众号,97
21219,"2025-03-26",农林牧渔,小程序/公众号,38
21220,"2025-03-27",科教文体,电话,8
21221,"2025-03-27",公卫医疗,电话,7
21222,"2025-03-27",城乡建设,电话,3
21223,"2025-03-27",交通运输,电话,6
21224,"2025-03-27",农林牧渔,电话,9
21225,"2025-03-27",科教文体,来信,58
21226,"2025-03-27",公卫医疗,来信,21
21227,"2025-03-27",城乡建设,来信,57
21228,"2025-03-27",交通运输,来信,14
21229,"2025-03-27",农林牧渔,来信,15
21230,"2025-03-27",科教文体,网站,16
21231,"2025-03-27",公卫医疗,网站,61
21232,"2025-03-27",城乡建设,网站,16
21233,"2025-03-27",交通运输,网站,51
21234,"2025-03-27",农林牧渔,网站,50
21235,"2025-03-27",科教文体,小程序/公众号,3
21236,"2025-03-27",公卫医疗,小程序/公众号,103
21237,"2025-03-27",城乡建设,小程序/公众号,79
21238,"2025-03-27",交通运输,小程序/公众号,25
21239,"2025-03-27",农林牧渔,小程序/公众号,7
21240,"2025-03-28",科教文体,电话,3
21241,"2025-03-28",公卫医疗,电话,1
21242,"2025-03-28",城乡建设,电话,3
21243,"2025-03-28",交通运输,电话,11
21244,"2025-03-28",农林牧渔,电话,10
21245,"2025-03-28",科教文体,来信,6
21246,"2025-03-28",公卫医疗,来信,4
21247,"2025-03-28",城乡建设,来信,18
21248,"2025-03-28",交通运输,来信,9
21249,"2025-03-28",农林牧渔,来信,11
21250,"2025-03-28",科教文体,网站,3
21251,"2025-03-28",公卫医疗,网站,16
21252,"2025-03-28",城乡建设,网站,19
21253,"2025-03-28",交通运输,网站,2
21254,"2025-03-28",农林牧渔,网站,25
21255,"2025-03-28",科教文体,小程序/公众号,28
21256,"2025-03-28",公卫医疗,小程序/公众号,59
21257,"2025-03-28",城乡建设,小程序/公众号,102
21258,"2025-03-28",交通运输,小程序/公众号,41
21259,"2025-03-28",农林牧渔,小程序/公众号,75
21260,"2025-03-29",科教文体,电话,3
21261,"2025-03-29",公卫医疗,电话,10
21262,"2025-03-29",城乡建设,电话,13
21263,"2025-03-29",交通运输,电话,18
21264,"2025-03-29",农林牧渔,电话,8
21265,"2025-03-29",科教文体,来信,9
21266,"2025-03-29",公卫医疗,来信,30
21267,"2025-03-29",城乡建设,来信,46
21268,"2025-03-29",交通运输,来信,44
21269,"2025-03-29",农林牧渔,来信,36
21270,"2025-03-29",科教文体,网站,25
21271,"2025-03-29",公卫医疗,网站,32
21272,"2025-03-29",城乡建设,网站,85
21273,"2025-03-29",交通运输,网站,32
21274,"2025-03-29",农林牧渔,网站,71
21275,"2025-03-29",科教文体,小程序/公众号,41
21276,"2025-03-29",公卫医疗,小程序/公众号,15
21277,"2025-03-29",城乡建设,小程序/公众号,95
21278,"2025-03-29",交通运输,小程序/公众号,52
21279,"2025-03-29",农林牧渔,小程序/公众号,119
21280,"2025-03-30",科教文体,电话,46
21281,"2025-03-30",公卫医疗,电话,5
21282,"2025-03-30",城乡建设,电话,18
21283,"2025-03-30",交通运输,电话,53
21284,"2025-03-30",农林牧渔,电话,40
21285,"2025-03-30",科教文体,来信,40
21286,"2025-03-30",公卫医疗,来信,24
21287,"2025-03-30",城乡建设,来信,22
21288,"2025-03-30",交通运输,来信,39
21289,"2025-03-30",农林牧渔,来信,31
21290,"2025-03-30",科教文体,网站,18
21291,"2025-03-30",公卫医疗,网站,18
21292,"2025-03-30",城乡建设,网站,9
21293,"2025-03-30",交通运输,网站,20
21294,"2025-03-30",农林牧渔,网站,3
21295,"2025-03-30",科教文体,小程序/公众号,19
21296,"2025-03-30",公卫医疗,小程序/公众号,203
21297,"2025-03-30",城乡建设,小程序/公众号,51
21298,"2025-03-30",交通运输,小程序/公众号,21
21299,"2025-03-30",农林牧渔,小程序/公众号,186
21300,"2025-03-31",科教文体,电话,27
21301,"2025-03-31",公卫医疗,电话,25
21302,"2025-03-31",城乡建设,电话,21
21303,"2025-03-31",交通运输,电话,15
21304,"2025-03-31",农林牧渔,电话,24
21305,"2025-03-31",科教文体,来信,12
21306,"2025-03-31",公卫医疗,来信,39
21307,"2025-03-31",城乡建设,来信,35
21308,"2025-03-31",交通运输,来信,33
21309,"2025-03-31",农林牧渔,来信,31
21310,"2025-03-31",科教文体,网站,28
21311,"2025-03-31",公卫医疗,网站,9
21312,"2025-03-31",城乡建设,网站,23
21313,"2025-03-31",交通运输,网站,59
21314,"2025-03-31",农林牧渔,网站,40
21315,"2025-03-31",科教文体,小程序/公众号,167
21316,"2025-03-31",公卫医疗,小程序/公众号,36
21317,"2025-03-31",城乡建设,小程序/公众号,10
21318,"2025-03-31",交通运输,小程序/公众号,33
21319,"2025-03-31",农林牧渔,小程序/公众号,81
21320,"2025-04-01",科教文体,电话,6
21321,"2025-04-01",公卫医疗,电话,11
21322,"2025-04-01",城乡建设,电话,14
21323,"2025-04-01",交通运输,电话,5
21324,"2025-04-01",农林牧渔,电话,11
21325,"2025-04-01",科教文体,来信,4
21326,"2025-04-01",公卫医疗,来信,28
21327,"2025-04-01",城乡建设,来信,11
21328,"2025-04-01",交通运输,来信,22
21329,"2025-04-01",农林牧渔,来信,26
21330,"2025-04-01",科教文体,网站,9
21331,"2025-04-01",公卫医疗,网站,16
21332,"2025-04-01",城乡建设,网站,28
21333,"2025-04-01",交通运输,网站,16
21334,"2025-04-01",农林牧渔,网站,25
21335,"2025-04-01",科教文体,小程序/公众号,0
21336,"2025-04-01",公卫医疗,小程序/公众号,25
21337,"2025-04-01",城乡建设,小程序/公众号,20
21338,"2025-04-01",交通运输,小程序/公众号,15
21339,"2025-04-01",农林牧渔,小程序/公众号,60
21340,"2025-04-02",科教文体,电话,10
21341,"2025-04-02",公卫医疗,电话,13
21342,"2025-04-02",城乡建设,电话,13
21343,"2025-04-02",交通运输,电话,16
21344,"2025-04-02",农林牧渔,电话,16
21345,"2025-04-02",科教文体,来信,73
21346,"2025-04-02",公卫医疗,来信,38
21347,"2025-04-02",城乡建设,来信,8
21348,"2025-04-02",交通运输,来信,69
21349,"2025-04-02",农林牧渔,来信,6
21350,"2025-04-02",科教文体,网站,50
21351,"2025-04-02",公卫医疗,网站,7
21352,"2025-04-02",城乡建设,网站,59
21353,"2025-04-02",交通运输,网站,51
21354,"2025-04-02",农林牧渔,网站,7
21355,"2025-04-02",科教文体,小程序/公众号,7
21356,"2025-04-02",公卫医疗,小程序/公众号,91
21357,"2025-04-02",城乡建设,小程序/公众号,114
21358,"2025-04-02",交通运输,小程序/公众号,7
21359,"2025-04-02",农林牧渔,小程序/公众号,254
21360,"2025-04-03",科教文体,电话,4
21361,"2025-04-03",公卫医疗,电话,9
21362,"2025-04-03",城乡建设,电话,2
21363,"2025-04-03",交通运输,电话,12
21364,"2025-04-03",农林牧渔,电话,11
21365,"2025-04-03",科教文体,来信,52
21366,"2025-04-03",公卫医疗,来信,13
21367,"2025-04-03",城乡建设,来信,58
21368,"2025-04-03",交通运输,来信,33
21369,"2025-04-03",农林牧渔,来信,3
21370,"2025-04-03",科教文体,网站,16
21371,"2025-04-03",公卫医疗,网站,21
21372,"2025-04-03",城乡建设,网站,26
21373,"2025-04-03",交通运输,网站,39
21374,"2025-04-03",农林牧渔,网站,37
21375,"2025-04-03",科教文体,小程序/公众号,27
21376,"2025-04-03",公卫医疗,小程序/公众号,65
21377,"2025-04-03",城乡建设,小程序/公众号,27
21378,"2025-04-03",交通运输,小程序/公众号,63
21379,"2025-04-03",农林牧渔,小程序/公众号,41
21380,"2025-04-04",科教文体,电话,16
21381,"2025-04-04",公卫医疗,电话,14
21382,"2025-04-04",城乡建设,电话,5
21383,"2025-04-04",交通运输,电话,2
21384,"2025-04-04",农林牧渔,电话,7
21385,"2025-04-04",科教文体,来信,4
21386,"2025-04-04",公卫医疗,来信,42
21387,"2025-04-04",城乡建设,来信,59
21388,"2025-04-04",交通运输,来信,22
21389,"2025-04-04",农林牧渔,来信,1
21390,"2025-04-04",科教文体,网站,9
21391,"2025-04-04",公卫医疗,网站,4
21392,"2025-04-04",城乡建设,网站,9
21393,"2025-04-04",交通运输,网站,10
21394,"2025-04-04",农林牧渔,网站,11
21395,"2025-04-04",科教文体,小程序/公众号,65
21396,"2025-04-04",公卫医疗,小程序/公众号,47
21397,"2025-04-04",城乡建设,小程序/公众号,3
21398,"2025-04-04",交通运输,小程序/公众号,71
21399,"2025-04-04",农林牧渔,小程序/公众号,50
21400,"2025-04-05",科教文体,电话,52
21401,"2025-04-05",公卫医疗,电话,10
21402,"2025-04-05",城乡建设,电话,21
21403,"2025-04-05",交通运输,电话,3
21404,"2025-04-05",农林牧渔,电话,46
21405,"2025-04-05",科教文体,来信,16
21406,"2025-04-05",公卫医疗,来信,19
21407,"2025-04-05",城乡建设,来信,16
21408,"2025-04-05",交通运输,来信,9
21409,"2025-04-05",农林牧渔,来信,33
21410,"2025-04-05",科教文体,网站,12
21411,"2025-04-05",公卫医疗,网站,9
21412,"2025-04-05",城乡建设,网站,9
21413,"2025-04-05",交通运输,网站,18
21414,"2025-04-05",农林牧渔,网站,13
21415,"2025-04-05",科教文体,小程序/公众号,57
21416,"2025-04-05",公卫医疗,小程序/公众号,67
21417,"2025-04-05",城乡建设,小程序/公众号,34
21418,"2025-04-05",交通运输,小程序/公众号,69
21419,"2025-04-05",农林牧渔,小程序/公众号,54
21420,"2025-04-06",科教文体,电话,25
21421,"2025-04-06",公卫医疗,电话,66
21422,"2025-04-06",城乡建设,电话,29
21423,"2025-04-06",交通运输,电话,41
21424,"2025-04-06",农林牧渔,电话,23
21425,"2025-04-06",科教文体,来信,7
21426,"2025-04-06",公卫医疗,来信,20
21427,"2025-04-06",城乡建设,来信,7
21428,"2025-04-06",交通运输,来信,20
21429,"2025-04-06",农林牧渔,来信,26
21430,"2025-04-06",科教文体,网站,8
21431,"2025-04-06",公卫医疗,网站,65
21432,"2025-04-06",城乡建设,网站,58
21433,"2025-04-06",交通运输,网站,41
21434,"2025-04-06",农林牧渔,网站,39
21435,"2025-04-06",科教文体,小程序/公众号,92
21436,"2025-04-06",公卫医疗,小程序/公众号,113
21437,"2025-04-06",城乡建设,小程序/公众号,58
21438,"2025-04-06",交通运输,小程序/公众号,31
21439,"2025-04-06",农林牧渔,小程序/公众号,41
21440,"2025-04-07",科教文体,电话,10
21441,"2025-04-07",公卫医疗,电话,5
21442,"2025-04-07",城乡建设,电话,10
21443,"2025-04-07",交通运输,电话,32
21444,"2025-04-07",农林牧渔,电话,3
21445,"2025-04-07",科教文体,来信,7
21446,"2025-04-07",公卫医疗,来信,3
21447,"2025-04-07",城乡建设,来信,3
21448,"2025-04-07",交通运输,来信,2
21449,"2025-04-07",农林牧渔,来信,14
21450,"2025-04-07",科教文体,网站,14
21451,"2025-04-07",公卫医疗,网站,5
21452,"2025-04-07",城乡建设,网站,36
21453,"2025-04-07",交通运输,网站,35
21454,"2025-04-07",农林牧渔,网站,21
21455,"2025-04-07",科教文体,小程序/公众号,30
21456,"2025-04-07",公卫医疗,小程序/公众号,64
21457,"2025-04-07",城乡建设,小程序/公众号,42
21458,"2025-04-07",交通运输,小程序/公众号,50
21459,"2025-04-07",农林牧渔,小程序/公众号,21
21460,"2025-04-08",科教文体,电话,21
21461,"2025-04-08",公卫医疗,电话,63
21462,"2025-04-08",城乡建设,电话,36
21463,"2025-04-08",交通运输,电话,46
21464,"2025-04-08",农林牧渔,电话,0
21465,"2025-04-08",科教文体,来信,62
21466,"2025-04-08",公卫医疗,来信,14
21467,"2025-04-08",城乡建设,来信,42
21468,"2025-04-08",交通运输,来信,54
21469,"2025-04-08",农林牧渔,来信,9
21470,"2025-04-08",科教文体,网站,17
21471,"2025-04-08",公卫医疗,网站,73
21472,"2025-04-08",城乡建设,网站,7
21473,"2025-04-08",交通运输,网站,14
21474,"2025-04-08",农林牧渔,网站,89
21475,"2025-04-08",科教文体,小程序/公众号,113
21476,"2025-04-08",公卫医疗,小程序/公众号,85
21477,"2025-04-08",城乡建设,小程序/公众号,46
21478,"2025-04-08",交通运输,小程序/公众号,76
21479,"2025-04-08",农林牧渔,小程序/公众号,37
21480,"2025-04-09",科教文体,电话,29
21481,"2025-04-09",公卫医疗,电话,2
21482,"2025-04-09",城乡建设,电话,41
21483,"2025-04-09",交通运输,电话,5
21484,"2025-04-09",农林牧渔,电话,46
21485,"2025-04-09",科教文体,来信,5
21486,"2025-04-09",公卫医疗,来信,6
21487,"2025-04-09",城乡建设,来信,7
21488,"2025-04-09",交通运输,来信,1
21489,"2025-04-09",农林牧渔,来信,7
21490,"2025-04-09",科教文体,网站,9
21491,"2025-04-09",公卫医疗,网站,9
21492,"2025-04-09",城乡建设,网站,6
21493,"2025-04-09",交通运输,网站,4
21494,"2025-04-09",农林牧渔,网站,11
21495,"2025-04-09",科教文体,小程序/公众号,102
21496,"2025-04-09",公卫医疗,小程序/公众号,139
21497,"2025-04-09",城乡建设,小程序/公众号,22
21498,"2025-04-09",交通运输,小程序/公众号,31
21499,"2025-04-09",农林牧渔,小程序/公众号,81
21500,"2025-04-10",科教文体,电话,18
21501,"2025-04-10",公卫医疗,电话,22
21502,"2025-04-10",城乡建设,电话,15
21503,"2025-04-10",交通运输,电话,21
21504,"2025-04-10",农林牧渔,电话,50
21505,"2025-04-10",科教文体,来信,6
21506,"2025-04-10",公卫医疗,来信,28
21507,"2025-04-10",城乡建设,来信,17
21508,"2025-04-10",交通运输,来信,0
21509,"2025-04-10",农林牧渔,来信,26
21510,"2025-04-10",科教文体,网站,5
21511,"2025-04-10",公卫医疗,网站,21
21512,"2025-04-10",城乡建设,网站,24
21513,"2025-04-10",交通运输,网站,12
21514,"2025-04-10",农林牧渔,网站,10
21515,"2025-04-10",科教文体,小程序/公众号,14
21516,"2025-04-10",公卫医疗,小程序/公众号,93
21517,"2025-04-10",城乡建设,小程序/公众号,136
21518,"2025-04-10",交通运输,小程序/公众号,62
21519,"2025-04-10",农林牧渔,小程序/公众号,105
21520,"2025-04-11",科教文体,电话,11
21521,"2025-04-11",公卫医疗,电话,19
21522,"2025-04-11",城乡建设,电话,1
21523,"2025-04-11",交通运输,电话,24
21524,"2025-04-11",农林牧渔,电话,24
21525,"2025-04-11",科教文体,来信,11
21526,"2025-04-11",公卫医疗,来信,9
21527,"2025-04-11",城乡建设,来信,8
21528,"2025-04-11",交通运输,来信,2
21529,"2025-04-11",农林牧渔,来信,3
21530,"2025-04-11",科教文体,网站,50
21531,"2025-04-11",公卫医疗,网站,53
21532,"2025-04-11",城乡建设,网站,47
21533,"2025-04-11",交通运输,网站,6
21534,"2025-04-11",农林牧渔,网站,14
21535,"2025-04-11",科教文体,小程序/公众号,43
21536,"2025-04-11",公卫医疗,小程序/公众号,38
21537,"2025-04-11",城乡建设,小程序/公众号,46
21538,"2025-04-11",交通运输,小程序/公众号,35
21539,"2025-04-11",农林牧渔,小程序/公众号,19
21540,"2025-04-12",科教文体,电话,10
21541,"2025-04-12",公卫医疗,电话,36
21542,"2025-04-12",城乡建设,电话,41
21543,"2025-04-12",交通运输,电话,28
21544,"2025-04-12",农林牧渔,电话,4
21545,"2025-04-12",科教文体,来信,4
21546,"2025-04-12",公卫医疗,来信,1
21547,"2025-04-12",城乡建设,来信,9
21548,"2025-04-12",交通运输,来信,5
21549,"2025-04-12",农林牧渔,来信,5
21550,"2025-04-12",科教文体,网站,43
21551,"2025-04-12",公卫医疗,网站,46
21552,"2025-04-12",城乡建设,网站,7
21553,"2025-04-12",交通运输,网站,26
21554,"2025-04-12",农林牧渔,网站,31
21555,"2025-04-12",科教文体,小程序/公众号,56
21556,"2025-04-12",公卫医疗,小程序/公众号,86
21557,"2025-04-12",城乡建设,小程序/公众号,78
21558,"2025-04-12",交通运输,小程序/公众号,83
21559,"2025-04-12",农林牧渔,小程序/公众号,61
21560,"2025-04-13",科教文体,电话,23
21561,"2025-04-13",公卫医疗,电话,16
21562,"2025-04-13",城乡建设,电话,23
21563,"2025-04-13",交通运输,电话,12
21564,"2025-04-13",农林牧渔,电话,24
21565,"2025-04-13",科教文体,来信,17
21566,"2025-04-13",公卫医疗,来信,2
21567,"2025-04-13",城乡建设,来信,35
21568,"2025-04-13",交通运输,来信,24
21569,"2025-04-13",农林牧渔,来信,1
21570,"2025-04-13",科教文体,网站,4
21571,"2025-04-13",公卫医疗,网站,15
21572,"2025-04-13",城乡建设,网站,25
21573,"2025-04-13",交通运输,网站,18
21574,"2025-04-13",农林牧渔,网站,22
21575,"2025-04-13",科教文体,小程序/公众号,54
21576,"2025-04-13",公卫医疗,小程序/公众号,68
21577,"2025-04-13",城乡建设,小程序/公众号,27
21578,"2025-04-13",交通运输,小程序/公众号,68
21579,"2025-04-13",农林牧渔,小程序/公众号,29
21580,"2025-04-14",科教文体,电话,8
21581,"2025-04-14",公卫医疗,电话,4
21582,"2025-04-14",城乡建设,电话,3
21583,"2025-04-14",交通运输,电话,23
21584,"2025-04-14",农林牧渔,电话,11
21585,"2025-04-14",科教文体,来信,33
21586,"2025-04-14",公卫医疗,来信,44
21587,"2025-04-14",城乡建设,来信,6
21588,"2025-04-14",交通运输,来信,12
21589,"2025-04-14",农林牧渔,来信,35
21590,"2025-04-14",科教文体,网站,56
21591,"2025-04-14",公卫医疗,网站,16
21592,"2025-04-14",城乡建设,网站,12
21593,"2025-04-14",交通运输,网站,65
21594,"2025-04-14",农林牧渔,网站,12
21595,"2025-04-14",科教文体,小程序/公众号,12
21596,"2025-04-14",公卫医疗,小程序/公众号,41
21597,"2025-04-14",城乡建设,小程序/公众号,67
21598,"2025-04-14",交通运输,小程序/公众号,57
21599,"2025-04-14",农林牧渔,小程序/公众号,54
21600,"2025-04-15",科教文体,电话,20
21601,"2025-04-15",公卫医疗,电话,27
21602,"2025-04-15",城乡建设,电话,1
21603,"2025-04-15",交通运输,电话,13
21604,"2025-04-15",农林牧渔,电话,3
21605,"2025-04-15",科教文体,来信,11
21606,"2025-04-15",公卫医疗,来信,4
21607,"2025-04-15",城乡建设,来信,21
21608,"2025-04-15",交通运输,来信,20
21609,"2025-04-15",农林牧渔,来信,16
21610,"2025-04-15",科教文体,网站,8
21611,"2025-04-15",公卫医疗,网站,9
21612,"2025-04-15",城乡建设,网站,7
21613,"2025-04-15",交通运输,网站,8
21614,"2025-04-15",农林牧渔,网站,5
21615,"2025-04-15",科教文体,小程序/公众号,16
21616,"2025-04-15",公卫医疗,小程序/公众号,10
21617,"2025-04-15",城乡建设,小程序/公众号,46
21618,"2025-04-15",交通运输,小程序/公众号,30
21619,"2025-04-15",农林牧渔,小程序/公众号,47
21620,"2025-04-16",科教文体,电话,2
21621,"2025-04-16",公卫医疗,电话,17
21622,"2025-04-16",城乡建设,电话,17
21623,"2025-04-16",交通运输,电话,20
21624,"2025-04-16",农林牧渔,电话,5
21625,"2025-04-16",科教文体,来信,12
21626,"2025-04-16",公卫医疗,来信,33
21627,"2025-04-16",城乡建设,来信,29
21628,"2025-04-16",交通运输,来信,12
21629,"2025-04-16",农林牧渔,来信,5
21630,"2025-04-16",科教文体,网站,18
21631,"2025-04-16",公卫医疗,网站,38
21632,"2025-04-16",城乡建设,网站,0
21633,"2025-04-16",交通运输,网站,12
21634,"2025-04-16",农林牧渔,网站,12
21635,"2025-04-16",科教文体,小程序/公众号,155
21636,"2025-04-16",公卫医疗,小程序/公众号,46
21637,"2025-04-16",城乡建设,小程序/公众号,37
21638,"2025-04-16",交通运输,小程序/公众号,139
21639,"2025-04-16",农林牧渔,小程序/公众号,153
21640,"2025-04-17",科教文体,电话,19
21641,"2025-04-17",公卫医疗,电话,52
21642,"2025-04-17",城乡建设,电话,5
21643,"2025-04-17",交通运输,电话,12
21644,"2025-04-17",农林牧渔,电话,14
21645,"2025-04-17",科教文体,来信,53
21646,"2025-04-17",公卫医疗,来信,44
21647,"2025-04-17",城乡建设,来信,56
21648,"2025-04-17",交通运输,来信,22
21649,"2025-04-17",农林牧渔,来信,44
21650,"2025-04-17",科教文体,网站,18
21651,"2025-04-17",公卫医疗,网站,5
21652,"2025-04-17",城乡建设,网站,10
21653,"2025-04-17",交通运输,网站,79
21654,"2025-04-17",农林牧渔,网站,88
21655,"2025-04-17",科教文体,小程序/公众号,22
21656,"2025-04-17",公卫医疗,小程序/公众号,53
21657,"2025-04-17",城乡建设,小程序/公众号,50
21658,"2025-04-17",交通运输,小程序/公众号,67
21659,"2025-04-17",农林牧渔,小程序/公众号,65
21660,"2025-04-18",科教文体,电话,21
21661,"2025-04-18",公卫医疗,电话,31
21662,"2025-04-18",城乡建设,电话,4
21663,"2025-04-18",交通运输,电话,43
21664,"2025-04-18",农林牧渔,电话,44
21665,"2025-04-18",科教文体,来信,23
21666,"2025-04-18",公卫医疗,来信,25
21667,"2025-04-18",城乡建设,来信,34
21668,"2025-04-18",交通运输,来信,7
21669,"2025-04-18",农林牧渔,来信,69
21670,"2025-04-18",科教文体,网站,17
21671,"2025-04-18",公卫医疗,网站,11
21672,"2025-04-18",城乡建设,网站,6
21673,"2025-04-18",交通运输,网站,14
21674,"2025-04-18",农林牧渔,网站,21
21675,"2025-04-18",科教文体,小程序/公众号,83
21676,"2025-04-18",公卫医疗,小程序/公众号,64
21677,"2025-04-18",城乡建设,小程序/公众号,44
21678,"2025-04-18",交通运输,小程序/公众号,88
21679,"2025-04-18",农林牧渔,小程序/公众号,27
21680,"2025-04-19",科教文体,电话,1
21681,"2025-04-19",公卫医疗,电话,4
21682,"2025-04-19",城乡建设,电话,0
21683,"2025-04-19",交通运输,电话,4
21684,"2025-04-19",农林牧渔,电话,3
21685,"2025-04-19",科教文体,来信,21
21686,"2025-04-19",公卫医疗,来信,9
21687,"2025-04-19",城乡建设,来信,24
21688,"2025-04-19",交通运输,来信,5
21689,"2025-04-19",农林牧渔,来信,23
21690,"2025-04-19",科教文体,网站,56
21691,"2025-04-19",公卫医疗,网站,35
21692,"2025-04-19",城乡建设,网站,56
21693,"2025-04-19",交通运输,网站,65
21694,"2025-04-19",农林牧渔,网站,23
21695,"2025-04-19",科教文体,小程序/公众号,22
21696,"2025-04-19",公卫医疗,小程序/公众号,118
21697,"2025-04-19",城乡建设,小程序/公众号,19
21698,"2025-04-19",交通运输,小程序/公众号,114
21699,"2025-04-19",农林牧渔,小程序/公众号,58
21700,"2025-04-20",科教文体,电话,21
21701,"2025-04-20",公卫医疗,电话,2
21702,"2025-04-20",城乡建设,电话,42
21703,"2025-04-20",交通运输,电话,22
21704,"2025-04-20",农林牧渔,电话,16
21705,"2025-04-20",科教文体,来信,6
21706,"2025-04-20",公卫医疗,来信,19
21707,"2025-04-20",城乡建设,来信,4
21708,"2025-04-20",交通运输,来信,17
21709,"2025-04-20",农林牧渔,来信,20
21710,"2025-04-20",科教文体,网站,21
21711,"2025-04-20",公卫医疗,网站,27
21712,"2025-04-20",城乡建设,网站,12
21713,"2025-04-20",交通运输,网站,32
21714,"2025-04-20",农林牧渔,网站,24
21715,"2025-04-20",科教文体,小程序/公众号,53
21716,"2025-04-20",公卫医疗,小程序/公众号,58
21717,"2025-04-20",城乡建设,小程序/公众号,21
21718,"2025-04-20",交通运输,小程序/公众号,43
21719,"2025-04-20",农林牧渔,小程序/公众号,32
21720,"2025-04-21",科教文体,电话,7
21721,"2025-04-21",公卫医疗,电话,7
21722,"2025-04-21",城乡建设,电话,11
21723,"2025-04-21",交通运输,电话,15
21724,"2025-04-21",农林牧渔,电话,13
21725,"2025-04-21",科教文体,来信,4
21726,"2025-04-21",公卫医疗,来信,29
21727,"2025-04-21",城乡建设,来信,33
21728,"2025-04-21",交通运输,来信,13
21729,"2025-04-21",农林牧渔,来信,14
21730,"2025-04-21",科教文体,网站,11
21731,"2025-04-21",公卫医疗,网站,8
21732,"2025-04-21",城乡建设,网站,4
21733,"2025-04-21",交通运输,网站,1
21734,"2025-04-21",农林牧渔,网站,12
21735,"2025-04-21",科教文体,小程序/公众号,6
21736,"2025-04-21",公卫医疗,小程序/公众号,56
21737,"2025-04-21",城乡建设,小程序/公众号,56
21738,"2025-04-21",交通运输,小程序/公众号,32
21739,"2025-04-21",农林牧渔,小程序/公众号,62
21740,"2025-04-22",科教文体,电话,12
21741,"2025-04-22",公卫医疗,电话,13
21742,"2025-04-22",城乡建设,电话,6
21743,"2025-04-22",交通运输,电话,13
21744,"2025-04-22",农林牧渔,电话,17
21745,"2025-04-22",科教文体,来信,11
21746,"2025-04-22",公卫医疗,来信,14
21747,"2025-04-22",城乡建设,来信,13
21748,"2025-04-22",交通运输,来信,12
21749,"2025-04-22",农林牧渔,来信,5
21750,"2025-04-22",科教文体,网站,14
21751,"2025-04-22",公卫医疗,网站,9
21752,"2025-04-22",城乡建设,网站,3
21753,"2025-04-22",交通运输,网站,14
21754,"2025-04-22",农林牧渔,网站,11
21755,"2025-04-22",科教文体,小程序/公众号,34
21756,"2025-04-22",公卫医疗,小程序/公众号,26
21757,"2025-04-22",城乡建设,小程序/公众号,31
21758,"2025-04-22",交通运输,小程序/公众号,19
21759,"2025-04-22",农林牧渔,小程序/公众号,33
21760,"2025-04-23",科教文体,电话,12
21761,"2025-04-23",公卫医疗,电话,9
21762,"2025-04-23",城乡建设,电话,7
21763,"2025-04-23",交通运输,电话,6
21764,"2025-04-23",农林牧渔,电话,3
21765,"2025-04-23",科教文体,来信,15
21766,"2025-04-23",公卫医疗,来信,1
21767,"2025-04-23",城乡建设,来信,6
21768,"2025-04-23",交通运输,来信,13
21769,"2025-04-23",农林牧渔,来信,7
21770,"2025-04-23",科教文体,网站,2
21771,"2025-04-23",公卫医疗,网站,15
21772,"2025-04-23",城乡建设,网站,2
21773,"2025-04-23",交通运输,网站,11
21774,"2025-04-23",农林牧渔,网站,8
21775,"2025-04-23",科教文体,小程序/公众号,6
21776,"2025-04-23",公卫医疗,小程序/公众号,61
21777,"2025-04-23",城乡建设,小程序/公众号,50
21778,"2025-04-23",交通运输,小程序/公众号,76
21779,"2025-04-23",农林牧渔,小程序/公众号,52
21780,"2025-04-24",科教文体,电话,41
21781,"2025-04-24",公卫医疗,电话,11
21782,"2025-04-24",城乡建设,电话,60
21783,"2025-04-24",交通运输,电话,27
21784,"2025-04-24",农林牧渔,电话,84
21785,"2025-04-24",科教文体,来信,58
21786,"2025-04-24",公卫医疗,来信,39
21787,"2025-04-24",城乡建设,来信,58
21788,"2025-04-24",交通运输,来信,21
21789,"2025-04-24",农林牧渔,来信,69
21790,"2025-04-24",科教文体,网站,5
21791,"2025-04-24",公卫医疗,网站,3
21792,"2025-04-24",城乡建设,网站,4
21793,"2025-04-24",交通运输,网站,1
21794,"2025-04-24",农林牧渔,网站,6
21795,"2025-04-24",科教文体,小程序/公众号,154
21796,"2025-04-24",公卫医疗,小程序/公众号,97
21797,"2025-04-24",城乡建设,小程序/公众号,95
21798,"2025-04-24",交通运输,小程序/公众号,10
21799,"2025-04-24",农林牧渔,小程序/公众号,150
21800,"2025-04-25",科教文体,电话,13
21801,"2025-04-25",公卫医疗,电话,25
21802,"2025-04-25",城乡建设,电话,7
21803,"2025-04-25",交通运输,电话,26
21804,"2025-04-25",农林牧渔,电话,16
21805,"2025-04-25",科教文体,来信,11
21806,"2025-04-25",公卫医疗,来信,3
21807,"2025-04-25",城乡建设,来信,35
21808,"2025-04-25",交通运输,来信,1
21809,"2025-04-25",农林牧渔,来信,53
21810,"2025-04-25",科教文体,网站,20
21811,"2025-04-25",公卫医疗,网站,46
21812,"2025-04-25",城乡建设,网站,35
21813,"2025-04-25",交通运输,网站,0
21814,"2025-04-25",农林牧渔,网站,17
21815,"2025-04-25",科教文体,小程序/公众号,44
21816,"2025-04-25",公卫医疗,小程序/公众号,27
21817,"2025-04-25",城乡建设,小程序/公众号,73
21818,"2025-04-25",交通运输,小程序/公众号,21
21819,"2025-04-25",农林牧渔,小程序/公众号,43
21820,"2025-04-26",科教文体,电话,5
21821,"2025-04-26",公卫医疗,电话,13
21822,"2025-04-26",城乡建设,电话,31
21823,"2025-04-26",交通运输,电话,27
21824,"2025-04-26",农林牧渔,电话,40
21825,"2025-04-26",科教文体,来信,64
21826,"2025-04-26",公卫医疗,来信,45
21827,"2025-04-26",城乡建设,来信,102
21828,"2025-04-26",交通运输,来信,13
21829,"2025-04-26",农林牧渔,来信,4
21830,"2025-04-26",科教文体,网站,44
21831,"2025-04-26",公卫医疗,网站,40
21832,"2025-04-26",城乡建设,网站,27
21833,"2025-04-26",交通运输,网站,9
21834,"2025-04-26",农林牧渔,网站,48
21835,"2025-04-26",科教文体,小程序/公众号,63
21836,"2025-04-26",公卫医疗,小程序/公众号,47
21837,"2025-04-26",城乡建设,小程序/公众号,30
21838,"2025-04-26",交通运输,小程序/公众号,129
21839,"2025-04-26",农林牧渔,小程序/公众号,140
21840,"2025-04-27",科教文体,电话,62
21841,"2025-04-27",公卫医疗,电话,3
21842,"2025-04-27",城乡建设,电话,61
21843,"2025-04-27",交通运输,电话,31
21844,"2025-04-27",农林牧渔,电话,7
21845,"2025-04-27",科教文体,来信,2
21846,"2025-04-27",公卫医疗,来信,38
21847,"2025-04-27",城乡建设,来信,35
21848,"2025-04-27",交通运输,来信,5
21849,"2025-04-27",农林牧渔,来信,7
21850,"2025-04-27",科教文体,网站,17
21851,"2025-04-27",公卫医疗,网站,16
21852,"2025-04-27",城乡建设,网站,18
21853,"2025-04-27",交通运输,网站,29
21854,"2025-04-27",农林牧渔,网站,18
21855,"2025-04-27",科教文体,小程序/公众号,142
21856,"2025-04-27",公卫医疗,小程序/公众号,96
21857,"2025-04-27",城乡建设,小程序/公众号,161
21858,"2025-04-27",交通运输,小程序/公众号,6
21859,"2025-04-27",农林牧渔,小程序/公众号,37
21860,"2025-04-28",科教文体,电话,11
21861,"2025-04-28",公卫医疗,电话,5
21862,"2025-04-28",城乡建设,电话,0
21863,"2025-04-28",交通运输,电话,13
21864,"2025-04-28",农林牧渔,电话,10
21865,"2025-04-28",科教文体,来信,17
21866,"2025-04-28",公卫医疗,来信,15
21867,"2025-04-28",城乡建设,来信,7
21868,"2025-04-28",交通运输,来信,13
21869,"2025-04-28",农林牧渔,来信,17
21870,"2025-04-28",科教文体,网站,5
21871,"2025-04-28",公卫医疗,网站,0
21872,"2025-04-28",城乡建设,网站,5
21873,"2025-04-28",交通运输,网站,0
21874,"2025-04-28",农林牧渔,网站,8
21875,"2025-04-28",科教文体,小程序/公众号,40
21876,"2025-04-28",公卫医疗,小程序/公众号,5
21877,"2025-04-28",城乡建设,小程序/公众号,71
21878,"2025-04-28",交通运输,小程序/公众号,121
21879,"2025-04-28",农林牧渔,小程序/公众号,9
21880,"2025-04-29",科教文体,电话,89
21881,"2025-04-29",公卫医疗,电话,4
21882,"2025-04-29",城乡建设,电话,21
21883,"2025-04-29",交通运输,电话,8
21884,"2025-04-29",农林牧渔,电话,9
21885,"2025-04-29",科教文体,来信,11
21886,"2025-04-29",公卫医疗,来信,7
21887,"2025-04-29",城乡建设,来信,10
21888,"2025-04-29",交通运输,来信,12
21889,"2025-04-29",农林牧渔,来信,12
21890,"2025-04-29",科教文体,网站,18
21891,"2025-04-29",公卫医疗,网站,21
21892,"2025-04-29",城乡建设,网站,15
21893,"2025-04-29",交通运输,网站,22
21894,"2025-04-29",农林牧渔,网站,15
21895,"2025-04-29",科教文体,小程序/公众号,68
21896,"2025-04-29",公卫医疗,小程序/公众号,178
21897,"2025-04-29",城乡建设,小程序/公众号,38
21898,"2025-04-29",交通运输,小程序/公众号,12
21899,"2025-04-29",农林牧渔,小程序/公众号,108
21900,"2025-04-30",科教文体,电话,13
21901,"2025-04-30",公卫医疗,电话,12
21902,"2025-04-30",城乡建设,电话,1
21903,"2025-04-30",交通运输,电话,3
21904,"2025-04-30",农林牧渔,电话,9
21905,"2025-04-30",科教文体,来信,2
21906,"2025-04-30",公卫医疗,来信,32
21907,"2025-04-30",城乡建设,来信,28
21908,"2025-04-30",交通运输,来信,8
21909,"2025-04-30",农林牧渔,来信,4
21910,"2025-04-30",科教文体,网站,1
21911,"2025-04-30",公卫医疗,网站,7
21912,"2025-04-30",城乡建设,网站,5
21913,"2025-04-30",交通运输,网站,5
21914,"2025-04-30",农林牧渔,网站,3
21915,"2025-04-30",科教文体,小程序/公众号,54
21916,"2025-04-30",公卫医疗,小程序/公众号,47
21917,"2025-04-30",城乡建设,小程序/公众号,36
21918,"2025-04-30",交通运输,小程序/公众号,46
21919,"2025-04-30",农林牧渔,小程序/公众号,27
21920,"2025-05-01",科教文体,电话,30
21921,"2025-05-01",公卫医疗,电话,21
21922,"2025-05-01",城乡建设,电话,3
21923,"2025-05-01",交通运输,电话,4
21924,"2025-05-01",农林牧渔,电话,5
21925,"2025-05-01",科教文体,来信,48
21926,"2025-05-01",公卫医疗,来信,9
21927,"2025-05-01",城乡建设,来信,43
21928,"2025-05-01",交通运输,来信,16
21929,"2025-05-01",农林牧渔,来信,7
21930,"2025-05-01",科教文体,网站,22
21931,"2025-05-01",公卫医疗,网站,15
21932,"2025-05-01",城乡建设,网站,25
21933,"2025-05-01",交通运输,网站,6
21934,"2025-05-01",农林牧渔,网站,12
21935,"2025-05-01",科教文体,小程序/公众号,55
21936,"2025-05-01",公卫医疗,小程序/公众号,24
21937,"2025-05-01",城乡建设,小程序/公众号,72
21938,"2025-05-01",交通运输,小程序/公众号,48
21939,"2025-05-01",农林牧渔,小程序/公众号,140
21940,"2025-05-02",科教文体,电话,7
21941,"2025-05-02",公卫医疗,电话,7
21942,"2025-05-02",城乡建设,电话,4
21943,"2025-05-02",交通运输,电话,20
21944,"2025-05-02",农林牧渔,电话,37
21945,"2025-05-02",科教文体,来信,35
21946,"2025-05-02",公卫医疗,来信,28
21947,"2025-05-02",城乡建设,来信,38
21948,"2025-05-02",交通运输,来信,26
21949,"2025-05-02",农林牧渔,来信,17
21950,"2025-05-02",科教文体,网站,68
21951,"2025-05-02",公卫医疗,网站,0
21952,"2025-05-02",城乡建设,网站,54
21953,"2025-05-02",交通运输,网站,57
21954,"2025-05-02",农林牧渔,网站,9
21955,"2025-05-02",科教文体,小程序/公众号,23
21956,"2025-05-02",公卫医疗,小程序/公众号,23
21957,"2025-05-02",城乡建设,小程序/公众号,14
21958,"2025-05-02",交通运输,小程序/公众号,101
21959,"2025-05-02",农林牧渔,小程序/公众号,66
21960,"2025-05-03",科教文体,电话,39
21961,"2025-05-03",公卫医疗,电话,8
21962,"2025-05-03",城乡建设,电话,43
21963,"2025-05-03",交通运输,电话,39
21964,"2025-05-03",农林牧渔,电话,30
21965,"2025-05-03",科教文体,来信,3
21966,"2025-05-03",公卫医疗,来信,12
21967,"2025-05-03",城乡建设,来信,3
21968,"2025-05-03",交通运输,来信,8
21969,"2025-05-03",农林牧渔,来信,10
21970,"2025-05-03",科教文体,网站,24
21971,"2025-05-03",公卫医疗,网站,4
21972,"2025-05-03",城乡建设,网站,25
21973,"2025-05-03",交通运输,网站,25
21974,"2025-05-03",农林牧渔,网站,21
21975,"2025-05-03",科教文体,小程序/公众号,136
21976,"2025-05-03",公卫医疗,小程序/公众号,9
21977,"2025-05-03",城乡建设,小程序/公众号,117
21978,"2025-05-03",交通运输,小程序/公众号,70
21979,"2025-05-03",农林牧渔,小程序/公众号,38
21980,"2025-05-04",科教文体,电话,21
21981,"2025-05-04",公卫医疗,电话,1
21982,"2025-05-04",城乡建设,电话,20
21983,"2025-05-04",交通运输,电话,16
21984,"2025-05-04",农林牧渔,电话,18
21985,"2025-05-04",科教文体,来信,32
21986,"2025-05-04",公卫医疗,来信,14
21987,"2025-05-04",城乡建设,来信,38
21988,"2025-05-04",交通运输,来信,20
21989,"2025-05-04",农林牧渔,来信,13
21990,"2025-05-04",科教文体,网站,1
21991,"2025-05-04",公卫医疗,网站,9
21992,"2025-05-04",城乡建设,网站,10
21993,"2025-05-04",交通运输,网站,1
21994,"2025-05-04",农林牧渔,网站,9
21995,"2025-05-04",科教文体,小程序/公众号,195
21996,"2025-05-04",公卫医疗,小程序/公众号,198
21997,"2025-05-04",城乡建设,小程序/公众号,19
21998,"2025-05-04",交通运输,小程序/公众号,78
21999,"2025-05-04",农林牧渔,小程序/公众号,69
22000,"2025-05-05",科教文体,电话,22
22001,"2025-05-05",公卫医疗,电话,18
22002,"2025-05-05",城乡建设,电话,22
22003,"2025-05-05",交通运输,电话,4
22004,"2025-05-05",农林牧渔,电话,20
22005,"2025-05-05",科教文体,来信,12
22006,"2025-05-05",公卫医疗,来信,12
22007,"2025-05-05",城乡建设,来信,12
22008,"2025-05-05",交通运输,来信,41
22009,"2025-05-05",农林牧渔,来信,18
22010,"2025-05-05",科教文体,网站,19
22011,"2025-05-05",公卫医疗,网站,22
22012,"2025-05-05",城乡建设,网站,22
22013,"2025-05-05",交通运输,网站,19
22014,"2025-05-05",农林牧渔,网站,22
22015,"2025-05-05",科教文体,小程序/公众号,32
22016,"2025-05-05",公卫医疗,小程序/公众号,50
22017,"2025-05-05",城乡建设,小程序/公众号,3
22018,"2025-05-05",交通运输,小程序/公众号,29
22019,"2025-05-05",农林牧渔,小程序/公众号,28
22020,"2025-05-06",科教文体,电话,8
22021,"2025-05-06",公卫医疗,电话,29
22022,"2025-05-06",城乡建设,电话,40
22023,"2025-05-06",交通运输,电话,17
22024,"2025-05-06",农林牧渔,电话,8
22025,"2025-05-06",科教文体,来信,7
22026,"2025-05-06",公卫医疗,来信,5
22027,"2025-05-06",城乡建设,来信,29
22028,"2025-05-06",交通运输,来信,32
22029,"2025-05-06",农林牧渔,来信,25
22030,"2025-05-06",科教文体,网站,7
22031,"2025-05-06",公卫医疗,网站,4
22032,"2025-05-06",城乡建设,网站,37
22033,"2025-05-06",交通运输,网站,32
22034,"2025-05-06",农林牧渔,网站,16
22035,"2025-05-06",科教文体,小程序/公众号,11
22036,"2025-05-06",公卫医疗,小程序/公众号,56
22037,"2025-05-06",城乡建设,小程序/公众号,43
22038,"2025-05-06",交通运输,小程序/公众号,54
22039,"2025-05-06",农林牧渔,小程序/公众号,32
22040,"2025-05-07",科教文体,电话,1
22041,"2025-05-07",公卫医疗,电话,2
22042,"2025-05-07",城乡建设,电话,1
22043,"2025-05-07",交通运输,电话,0
22044,"2025-05-07",农林牧渔,电话,6
22045,"2025-05-07",科教文体,来信,3
22046,"2025-05-07",公卫医疗,来信,6
22047,"2025-05-07",城乡建设,来信,27
22048,"2025-05-07",交通运输,来信,27
22049,"2025-05-07",农林牧渔,来信,22
22050,"2025-05-07",科教文体,网站,36
22051,"2025-05-07",公卫医疗,网站,21
22052,"2025-05-07",城乡建设,网站,30
22053,"2025-05-07",交通运输,网站,2
22054,"2025-05-07",农林牧渔,网站,10
22055,"2025-05-07",科教文体,小程序/公众号,3
22056,"2025-05-07",公卫医疗,小程序/公众号,199
22057,"2025-05-07",城乡建设,小程序/公众号,39
22058,"2025-05-07",交通运输,小程序/公众号,29
22059,"2025-05-07",农林牧渔,小程序/公众号,85
22060,"2025-05-08",科教文体,电话,15
22061,"2025-05-08",公卫医疗,电话,6
22062,"2025-05-08",城乡建设,电话,3
22063,"2025-05-08",交通运输,电话,7
22064,"2025-05-08",农林牧渔,电话,16
22065,"2025-05-08",科教文体,来信,8
22066,"2025-05-08",公卫医疗,来信,16
22067,"2025-05-08",城乡建设,来信,9
22068,"2025-05-08",交通运输,来信,6
22069,"2025-05-08",农林牧渔,来信,12
22070,"2025-05-08",科教文体,网站,10
22071,"2025-05-08",公卫医疗,网站,8
22072,"2025-05-08",城乡建设,网站,14
22073,"2025-05-08",交通运输,网站,3
22074,"2025-05-08",农林牧渔,网站,2
22075,"2025-05-08",科教文体,小程序/公众号,3
22076,"2025-05-08",公卫医疗,小程序/公众号,8
22077,"2025-05-08",城乡建设,小程序/公众号,71
22078,"2025-05-08",交通运输,小程序/公众号,29
22079,"2025-05-08",农林牧渔,小程序/公众号,71
22080,"2025-05-09",科教文体,电话,11
22081,"2025-05-09",公卫医疗,电话,21
22082,"2025-05-09",城乡建设,电话,14
22083,"2025-05-09",交通运输,电话,15
22084,"2025-05-09",农林牧渔,电话,7
22085,"2025-05-09",科教文体,来信,23
22086,"2025-05-09",公卫医疗,来信,20
22087,"2025-05-09",城乡建设,来信,34
22088,"2025-05-09",交通运输,来信,22
22089,"2025-05-09",农林牧渔,来信,34
22090,"2025-05-09",科教文体,网站,11
22091,"2025-05-09",公卫医疗,网站,16
22092,"2025-05-09",城乡建设,网站,15
22093,"2025-05-09",交通运输,网站,29
22094,"2025-05-09",农林牧渔,网站,62
22095,"2025-05-09",科教文体,小程序/公众号,50
22096,"2025-05-09",公卫医疗,小程序/公众号,115
22097,"2025-05-09",城乡建设,小程序/公众号,131
22098,"2025-05-09",交通运输,小程序/公众号,70
22099,"2025-05-09",农林牧渔,小程序/公众号,128
22100,"2025-05-10",科教文体,电话,7
22101,"2025-05-10",公卫医疗,电话,7
22102,"2025-05-10",城乡建设,电话,4
22103,"2025-05-10",交通运输,电话,2
22104,"2025-05-10",农林牧渔,电话,6
22105,"2025-05-10",科教文体,来信,18
22106,"2025-05-10",公卫医疗,来信,27
22107,"2025-05-10",城乡建设,来信,7
22108,"2025-05-10",交通运输,来信,23
22109,"2025-05-10",农林牧渔,来信,9
22110,"2025-05-10",科教文体,网站,3
22111,"2025-05-10",公卫医疗,网站,50
22112,"2025-05-10",城乡建设,网站,55
22113,"2025-05-10",交通运输,网站,72
22114,"2025-05-10",农林牧渔,网站,39
22115,"2025-05-10",科教文体,小程序/公众号,22
22116,"2025-05-10",公卫医疗,小程序/公众号,113
22117,"2025-05-10",城乡建设,小程序/公众号,79
22118,"2025-05-10",交通运输,小程序/公众号,101
22119,"2025-05-10",农林牧渔,小程序/公众号,102
22120,"2025-05-11",科教文体,电话,4
22121,"2025-05-11",公卫医疗,电话,6
22122,"2025-05-11",城乡建设,电话,9
22123,"2025-05-11",交通运输,电话,5
22124,"2025-05-11",农林牧渔,电话,7
22125,"2025-05-11",科教文体,来信,18
22126,"2025-05-11",公卫医疗,来信,11
22127,"2025-05-11",城乡建设,来信,18
22128,"2025-05-11",交通运输,来信,17
22129,"2025-05-11",农林牧渔,来信,15
22130,"2025-05-11",科教文体,网站,25
22131,"2025-05-11",公卫医疗,网站,19
22132,"2025-05-11",城乡建设,网站,13
22133,"2025-05-11",交通运输,网站,23
22134,"2025-05-11",农林牧渔,网站,13
22135,"2025-05-11",科教文体,小程序/公众号,18
22136,"2025-05-11",公卫医疗,小程序/公众号,25
22137,"2025-05-11",城乡建设,小程序/公众号,28
22138,"2025-05-11",交通运输,小程序/公众号,23
22139,"2025-05-11",农林牧渔,小程序/公众号,9
22140,"2025-05-12",科教文体,电话,19
22141,"2025-05-12",公卫医疗,电话,18
22142,"2025-05-12",城乡建设,电话,29
22143,"2025-05-12",交通运输,电话,10
22144,"2025-05-12",农林牧渔,电话,19
22145,"2025-05-12",科教文体,来信,15
22146,"2025-05-12",公卫医疗,来信,19
22147,"2025-05-12",城乡建设,来信,29
22148,"2025-05-12",交通运输,来信,26
22149,"2025-05-12",农林牧渔,来信,2
22150,"2025-05-12",科教文体,网站,6
22151,"2025-05-12",公卫医疗,网站,7
22152,"2025-05-12",城乡建设,网站,0
22153,"2025-05-12",交通运输,网站,2
22154,"2025-05-12",农林牧渔,网站,1
22155,"2025-05-12",科教文体,小程序/公众号,73
22156,"2025-05-12",公卫医疗,小程序/公众号,11
22157,"2025-05-12",城乡建设,小程序/公众号,152
22158,"2025-05-12",交通运输,小程序/公众号,14
22159,"2025-05-12",农林牧渔,小程序/公众号,227
22160,"2025-05-13",科教文体,电话,71
22161,"2025-05-13",公卫医疗,电话,77
22162,"2025-05-13",城乡建设,电话,21
22163,"2025-05-13",交通运输,电话,22
22164,"2025-05-13",农林牧渔,电话,18
22165,"2025-05-13",科教文体,来信,25
22166,"2025-05-13",公卫医疗,来信,10
22167,"2025-05-13",城乡建设,来信,34
22168,"2025-05-13",交通运输,来信,29
22169,"2025-05-13",农林牧渔,来信,10
22170,"2025-05-13",科教文体,网站,22
22171,"2025-05-13",公卫医疗,网站,42
22172,"2025-05-13",城乡建设,网站,2
22173,"2025-05-13",交通运输,网站,2
22174,"2025-05-13",农林牧渔,网站,65
22175,"2025-05-13",科教文体,小程序/公众号,90
22176,"2025-05-13",公卫医疗,小程序/公众号,22
22177,"2025-05-13",城乡建设,小程序/公众号,112
22178,"2025-05-13",交通运输,小程序/公众号,90
22179,"2025-05-13",农林牧渔,小程序/公众号,133
22180,"2025-05-14",科教文体,电话,7
22181,"2025-05-14",公卫医疗,电话,2
22182,"2025-05-14",城乡建设,电话,4
22183,"2025-05-14",交通运输,电话,6
22184,"2025-05-14",农林牧渔,电话,6
22185,"2025-05-14",科教文体,来信,1
22186,"2025-05-14",公卫医疗,来信,22
22187,"2025-05-14",城乡建设,来信,29
22188,"2025-05-14",交通运输,来信,22
22189,"2025-05-14",农林牧渔,来信,28
22190,"2025-05-14",科教文体,网站,3
22191,"2025-05-14",公卫医疗,网站,22
22192,"2025-05-14",城乡建设,网站,6
22193,"2025-05-14",交通运输,网站,20
22194,"2025-05-14",农林牧渔,网站,15
22195,"2025-05-14",科教文体,小程序/公众号,58
22196,"2025-05-14",公卫医疗,小程序/公众号,62
22197,"2025-05-14",城乡建设,小程序/公众号,64
22198,"2025-05-14",交通运输,小程序/公众号,21
22199,"2025-05-14",农林牧渔,小程序/公众号,95
22200,"2025-05-15",科教文体,电话,16
22201,"2025-05-15",公卫医疗,电话,2
22202,"2025-05-15",城乡建设,电话,8
22203,"2025-05-15",交通运输,电话,0
22204,"2025-05-15",农林牧渔,电话,14
22205,"2025-05-15",科教文体,来信,42
22206,"2025-05-15",公卫医疗,来信,15
22207,"2025-05-15",城乡建设,来信,45
22208,"2025-05-15",交通运输,来信,10
22209,"2025-05-15",农林牧渔,来信,30
22210,"2025-05-15",科教文体,网站,4
22211,"2025-05-15",公卫医疗,网站,73
22212,"2025-05-15",城乡建设,网站,18
22213,"2025-05-15",交通运输,网站,18
22214,"2025-05-15",农林牧渔,网站,59
22215,"2025-05-15",科教文体,小程序/公众号,97
22216,"2025-05-15",公卫医疗,小程序/公众号,94
22217,"2025-05-15",城乡建设,小程序/公众号,12
22218,"2025-05-15",交通运输,小程序/公众号,108
22219,"2025-05-15",农林牧渔,小程序/公众号,3
22220,"2025-05-16",科教文体,电话,2
22221,"2025-05-16",公卫医疗,电话,43
22222,"2025-05-16",城乡建设,电话,63
22223,"2025-05-16",交通运输,电话,15
22224,"2025-05-16",农林牧渔,电话,22
22225,"2025-05-16",科教文体,来信,49
22226,"2025-05-16",公卫医疗,来信,48
22227,"2025-05-16",城乡建设,来信,14
22228,"2025-05-16",交通运输,来信,25
22229,"2025-05-16",农林牧渔,来信,15
22230,"2025-05-16",科教文体,网站,14
22231,"2025-05-16",公卫医疗,网站,9
22232,"2025-05-16",城乡建设,网站,16
22233,"2025-05-16",交通运输,网站,20
22234,"2025-05-16",农林牧渔,网站,12
22235,"2025-05-16",科教文体,小程序/公众号,0
22236,"2025-05-16",公卫医疗,小程序/公众号,46
22237,"2025-05-16",城乡建设,小程序/公众号,59
22238,"2025-05-16",交通运输,小程序/公众号,37
22239,"2025-05-16",农林牧渔,小程序/公众号,118
22240,"2025-05-17",科教文体,电话,6
22241,"2025-05-17",公卫医疗,电话,38
22242,"2025-05-17",城乡建设,电话,27
22243,"2025-05-17",交通运输,电话,17
22244,"2025-05-17",农林牧渔,电话,31
22245,"2025-05-17",科教文体,来信,25
22246,"2025-05-17",公卫医疗,来信,48
22247,"2025-05-17",城乡建设,来信,44
22248,"2025-05-17",交通运输,来信,37
22249,"2025-05-17",农林牧渔,来信,3
22250,"2025-05-17",科教文体,网站,4
22251,"2025-05-17",公卫医疗,网站,1
22252,"2025-05-17",城乡建设,网站,3
22253,"2025-05-17",交通运输,网站,3
22254,"2025-05-17",农林牧渔,网站,5
22255,"2025-05-17",科教文体,小程序/公众号,40
22256,"2025-05-17",公卫医疗,小程序/公众号,2
22257,"2025-05-17",城乡建设,小程序/公众号,110
22258,"2025-05-17",交通运输,小程序/公众号,112
22259,"2025-05-17",农林牧渔,小程序/公众号,44
22260,"2025-05-18",科教文体,电话,26
22261,"2025-05-18",公卫医疗,电话,26
22262,"2025-05-18",城乡建设,电话,26
22263,"2025-05-18",交通运输,电话,20
22264,"2025-05-18",农林牧渔,电话,10
22265,"2025-05-18",科教文体,来信,34
22266,"2025-05-18",公卫医疗,来信,11
22267,"2025-05-18",城乡建设,来信,27
22268,"2025-05-18",交通运输,来信,26
22269,"2025-05-18",农林牧渔,来信,13
22270,"2025-05-18",科教文体,网站,17
22271,"2025-05-18",公卫医疗,网站,9
22272,"2025-05-18",城乡建设,网站,22
22273,"2025-05-18",交通运输,网站,8
22274,"2025-05-18",农林牧渔,网站,9
22275,"2025-05-18",科教文体,小程序/公众号,230
22276,"2025-05-18",公卫医疗,小程序/公众号,44
22277,"2025-05-18",城乡建设,小程序/公众号,122
22278,"2025-05-18",交通运输,小程序/公众号,100
22279,"2025-05-18",农林牧渔,小程序/公众号,38
22280,"2025-05-19",科教文体,电话,4
22281,"2025-05-19",公卫医疗,电话,2
22282,"2025-05-19",城乡建设,电话,5
22283,"2025-05-19",交通运输,电话,2
22284,"2025-05-19",农林牧渔,电话,-1
22285,"2025-05-19",科教文体,来信,10
22286,"2025-05-19",公卫医疗,来信,8
22287,"2025-05-19",城乡建设,来信,6
22288,"2025-05-19",交通运输,来信,10
22289,"2025-05-19",农林牧渔,来信,-1
22290,"2025-05-19",科教文体,网站,15
22291,"2025-05-19",公卫医疗,网站,31
22292,"2025-05-19",城乡建设,网站,33
22293,"2025-05-19",交通运输,网站,31
22294,"2025-05-19",农林牧渔,网站,31
22295,"2025-05-19",科教文体,小程序/公众号,177
22296,"2025-05-19",公卫医疗,小程序/公众号,39
22297,"2025-05-19",城乡建设,小程序/公众号,23
22298,"2025-05-19",交通运输,小程序/公众号,11
22299,"2025-05-19",农林牧渔,小程序/公众号,2
22300,"2025-05-20",科教文体,电话,9
22301,"2025-05-20",公卫医疗,电话,6
22302,"2025-05-20",城乡建设,电话,57
22303,"2025-05-20",交通运输,电话,36
22304,"2025-05-20",农林牧渔,电话,107
22305,"2025-05-20",科教文体,来信,15
22306,"2025-05-20",公卫医疗,来信,44
22307,"2025-05-20",城乡建设,来信,10
22308,"2025-05-20",交通运输,来信,13
22309,"2025-05-20",农林牧渔,来信,15
22310,"2025-05-20",科教文体,网站,39
22311,"2025-05-20",公卫医疗,网站,48
22312,"2025-05-20",城乡建设,网站,21
22313,"2025-05-20",交通运输,网站,44
22314,"2025-05-20",农林牧渔,网站,63
22315,"2025-05-20",科教文体,小程序/公众号,51
22316,"2025-05-20",公卫医疗,小程序/公众号,98
22317,"2025-05-20",城乡建设,小程序/公众号,43
22318,"2025-05-20",交通运输,小程序/公众号,62
22319,"2025-05-20",农林牧渔,小程序/公众号,88
22320,"2025-05-21",科教文体,电话,17
22321,"2025-05-21",公卫医疗,电话,19
22322,"2025-05-21",城乡建设,电话,11
22323,"2025-05-21",交通运输,电话,18
22324,"2025-05-21",农林牧渔,电话,8
22325,"2025-05-21",科教文体,来信,10
22326,"2025-05-21",公卫医疗,来信,8
22327,"2025-05-21",城乡建设,来信,1
22328,"2025-05-21",交通运输,来信,11
22329,"2025-05-21",农林牧渔,来信,4
22330,"2025-05-21",科教文体,网站,14
22331,"2025-05-21",公卫医疗,网站,18
22332,"2025-05-21",城乡建设,网站,11
22333,"2025-05-21",交通运输,网站,8
22334,"2025-05-21",农林牧渔,网站,4
22335,"2025-05-21",科教文体,小程序/公众号,38
22336,"2025-05-21",公卫医疗,小程序/公众号,18
22337,"2025-05-21",城乡建设,小程序/公众号,55
22338,"2025-05-21",交通运输,小程序/公众号,61
22339,"2025-05-21",农林牧渔,小程序/公众号,36
22340,"2025-05-22",科教文体,电话,0
22341,"2025-05-22",公卫医疗,电话,5
22342,"2025-05-22",城乡建设,电话,5
22343,"2025-05-22",交通运输,电话,3
22344,"2025-05-22",农林牧渔,电话,1
22345,"2025-05-22",科教文体,来信,25
22346,"2025-05-22",公卫医疗,来信,35
22347,"2025-05-22",城乡建设,来信,61
22348,"2025-05-22",交通运输,来信,76
22349,"2025-05-22",农林牧渔,来信,48
22350,"2025-05-22",科教文体,网站,58
22351,"2025-05-22",公卫医疗,网站,48
22352,"2025-05-22",城乡建设,网站,13
22353,"2025-05-22",交通运输,网站,43
22354,"2025-05-22",农林牧渔,网站,26
22355,"2025-05-22",科教文体,小程序/公众号,166
22356,"2025-05-22",公卫医疗,小程序/公众号,29
22357,"2025-05-22",城乡建设,小程序/公众号,140
22358,"2025-05-22",交通运输,小程序/公众号,178
22359,"2025-05-22",农林牧渔,小程序/公众号,0
22360,"2025-05-23",科教文体,电话,4
22361,"2025-05-23",公卫医疗,电话,11
22362,"2025-05-23",城乡建设,电话,1
22363,"2025-05-23",交通运输,电话,23
22364,"2025-05-23",农林牧渔,电话,1
22365,"2025-05-23",科教文体,来信,1
22366,"2025-05-23",公卫医疗,来信,7
22367,"2025-05-23",城乡建设,来信,9
22368,"2025-05-23",交通运输,来信,0
22369,"2025-05-23",农林牧渔,来信,18
22370,"2025-05-23",科教文体,网站,1
22371,"2025-05-23",公卫医疗,网站,48
22372,"2025-05-23",城乡建设,网站,48
22373,"2025-05-23",交通运输,网站,8
22374,"2025-05-23",农林牧渔,网站,20
22375,"2025-05-23",科教文体,小程序/公众号,81
22376,"2025-05-23",公卫医疗,小程序/公众号,49
22377,"2025-05-23",城乡建设,小程序/公众号,61
22378,"2025-05-23",交通运输,小程序/公众号,77
22379,"2025-05-23",农林牧渔,小程序/公众号,14
22380,"2025-05-24",科教文体,电话,20
22381,"2025-05-24",公卫医疗,电话,28
22382,"2025-05-24",城乡建设,电话,11
22383,"2025-05-24",交通运输,电话,24
22384,"2025-05-24",农林牧渔,电话,27
22385,"2025-05-24",科教文体,来信,21
22386,"2025-05-24",公卫医疗,来信,5
22387,"2025-05-24",城乡建设,来信,8
22388,"2025-05-24",交通运输,来信,13
22389,"2025-05-24",农林牧渔,来信,24
22390,"2025-05-24",科教文体,网站,2
22391,"2025-05-24",公卫医疗,网站,1
22392,"2025-05-24",城乡建设,网站,3
22393,"2025-05-24",交通运输,网站,5
22394,"2025-05-24",农林牧渔,网站,1
22395,"2025-05-24",科教文体,小程序/公众号,55
22396,"2025-05-24",公卫医疗,小程序/公众号,85
22397,"2025-05-24",城乡建设,小程序/公众号,68
22398,"2025-05-24",交通运输,小程序/公众号,67
22399,"2025-05-24",农林牧渔,小程序/公众号,66
22400,"2025-05-25",科教文体,电话,19
22401,"2025-05-25",公卫医疗,电话,17
22402,"2025-05-25",城乡建设,电话,23
22403,"2025-05-25",交通运输,电话,22
22404,"2025-05-25",农林牧渔,电话,11
22405,"2025-05-25",科教文体,来信,11
22406,"2025-05-25",公卫医疗,来信,12
22407,"2025-05-25",城乡建设,来信,8
22408,"2025-05-25",交通运输,来信,16
22409,"2025-05-25",农林牧渔,来信,13
22410,"2025-05-25",科教文体,网站,3
22411,"2025-05-25",公卫医疗,网站,4
22412,"2025-05-25",城乡建设,网站,8
22413,"2025-05-25",交通运输,网站,4
22414,"2025-05-25",农林牧渔,网站,11
22415,"2025-05-25",科教文体,小程序/公众号,44
22416,"2025-05-25",公卫医疗,小程序/公众号,91
22417,"2025-05-25",城乡建设,小程序/公众号,71
22418,"2025-05-25",交通运输,小程序/公众号,92
22419,"2025-05-25",农林牧渔,小程序/公众号,12
22420,"2025-05-26",科教文体,电话,4
22421,"2025-05-26",公卫医疗,电话,2
22422,"2025-05-26",城乡建设,电话,17
22423,"2025-05-26",交通运输,电话,14
22424,"2025-05-26",农林牧渔,电话,63
22425,"2025-05-26",科教文体,来信,12
22426,"2025-05-26",公卫医疗,来信,13
22427,"2025-05-26",城乡建设,来信,15
22428,"2025-05-26",交通运输,来信,15
22429,"2025-05-26",农林牧渔,来信,13
22430,"2025-05-26",科教文体,网站,44
22431,"2025-05-26",公卫医疗,网站,11
22432,"2025-05-26",城乡建设,网站,31
22433,"2025-05-26",交通运输,网站,23
22434,"2025-05-26",农林牧渔,网站,16
22435,"2025-05-26",科教文体,小程序/公众号,88
22436,"2025-05-26",公卫医疗,小程序/公众号,28
22437,"2025-05-26",城乡建设,小程序/公众号,1
22438,"2025-05-26",交通运输,小程序/公众号,55
22439,"2025-05-26",农林牧渔,小程序/公众号,10
22440,"2025-05-27",科教文体,电话,19
22441,"2025-05-27",公卫医疗,电话,5
22442,"2025-05-27",城乡建设,电话,0
22443,"2025-05-27",交通运输,电话,16
22444,"2025-05-27",农林牧渔,电话,13
22445,"2025-05-27",科教文体,来信,5
22446,"2025-05-27",公卫医疗,来信,12
22447,"2025-05-27",城乡建设,来信,3
22448,"2025-05-27",交通运输,来信,21
22449,"2025-05-27",农林牧渔,来信,3
22450,"2025-05-27",科教文体,网站,33
22451,"2025-05-27",公卫医疗,网站,30
22452,"2025-05-27",城乡建设,网站,34
22453,"2025-05-27",交通运输,网站,9
22454,"2025-05-27",农林牧渔,网站,13
22455,"2025-05-27",科教文体,小程序/公众号,39
22456,"2025-05-27",公卫医疗,小程序/公众号,53
22457,"2025-05-27",城乡建设,小程序/公众号,32
22458,"2025-05-27",交通运输,小程序/公众号,8
22459,"2025-05-27",农林牧渔,小程序/公众号,18
22460,"2025-05-28",科教文体,电话,2
22461,"2025-05-28",公卫医疗,电话,3
22462,"2025-05-28",城乡建设,电话,3
22463,"2025-05-28",交通运输,电话,0
22464,"2025-05-28",农林牧渔,电话,4
22465,"2025-05-28",科教文体,来信,16
22466,"2025-05-28",公卫医疗,来信,8
22467,"2025-05-28",城乡建设,来信,7
22468,"2025-05-28",交通运输,来信,15
22469,"2025-05-28",农林牧渔,来信,15
22470,"2025-05-28",科教文体,网站,6
22471,"2025-05-28",公卫医疗,网站,3
22472,"2025-05-28",城乡建设,网站,6
22473,"2025-05-28",交通运输,网站,1
22474,"2025-05-28",农林牧渔,网站,6
22475,"2025-05-28",科教文体,小程序/公众号,77
22476,"2025-05-28",公卫医疗,小程序/公众号,17
22477,"2025-05-28",城乡建设,小程序/公众号,199
22478,"2025-05-28",交通运输,小程序/公众号,364
22479,"2025-05-28",农林牧渔,小程序/公众号,216
22480,"2025-05-29",科教文体,电话,17
22481,"2025-05-29",公卫医疗,电话,18
22482,"2025-05-29",城乡建设,电话,16
22483,"2025-05-29",交通运输,电话,16
22484,"2025-05-29",农林牧渔,电话,4
22485,"2025-05-29",科教文体,来信,30
22486,"2025-05-29",公卫医疗,来信,17
22487,"2025-05-29",城乡建设,来信,34
22488,"2025-05-29",交通运输,来信,28
22489,"2025-05-29",农林牧渔,来信,22
22490,"2025-05-29",科教文体,网站,8
22491,"2025-05-29",公卫医疗,网站,5
22492,"2025-05-29",城乡建设,网站,6
22493,"2025-05-29",交通运输,网站,3
22494,"2025-05-29",农林牧渔,网站,0
22495,"2025-05-29",科教文体,小程序/公众号,67
22496,"2025-05-29",公卫医疗,小程序/公众号,65
22497,"2025-05-29",城乡建设,小程序/公众号,116
22498,"2025-05-29",交通运输,小程序/公众号,205
22499,"2025-05-29",农林牧渔,小程序/公众号,36
22500,"2025-05-30",科教文体,电话,1
22501,"2025-05-30",公卫医疗,电话,20
22502,"2025-05-30",城乡建设,电话,16
22503,"2025-05-30",交通运输,电话,2
22504,"2025-05-30",农林牧渔,电话,22
22505,"2025-05-30",科教文体,来信,12
22506,"2025-05-30",公卫医疗,来信,16
22507,"2025-05-30",城乡建设,来信,24
22508,"2025-05-30",交通运输,来信,3
22509,"2025-05-30",农林牧渔,来信,23
22510,"2025-05-30",科教文体,网站,43
22511,"2025-05-30",公卫医疗,网站,1
22512,"2025-05-30",城乡建设,网站,3
22513,"2025-05-30",交通运输,网站,51
22514,"2025-05-30",农林牧渔,网站,18
22515,"2025-05-30",科教文体,小程序/公众号,39
22516,"2025-05-30",公卫医疗,小程序/公众号,5
22517,"2025-05-30",城乡建设,小程序/公众号,40
22518,"2025-05-30",交通运输,小程序/公众号,43
22519,"2025-05-30",农林牧渔,小程序/公众号,10
22520,"2025-05-31",科教文体,电话,4
22521,"2025-05-31",公卫医疗,电话,20
22522,"2025-05-31",城乡建设,电话,9
22523,"2025-05-31",交通运输,电话,9
22524,"2025-05-31",农林牧渔,电话,8
22525,"2025-05-31",科教文体,来信,40
22526,"2025-05-31",公卫医疗,来信,11
22527,"2025-05-31",城乡建设,来信,51
22528,"2025-05-31",交通运输,来信,42
22529,"2025-05-31",农林牧渔,来信,12
22530,"2025-05-31",科教文体,网站,6
22531,"2025-05-31",公卫医疗,网站,20
22532,"2025-05-31",城乡建设,网站,34
22533,"2025-05-31",交通运输,网站,13
22534,"2025-05-31",农林牧渔,网站,27
22535,"2025-05-31",科教文体,小程序/公众号,101
22536,"2025-05-31",公卫医疗,小程序/公众号,11
22537,"2025-05-31",城乡建设,小程序/公众号,2
22538,"2025-05-31",交通运输,小程序/公众号,87
22539,"2025-05-31",农林牧渔,小程序/公众号,41
22540,"2025-06-01",科教文体,电话,34
22541,"2025-06-01",公卫医疗,电话,8
22542,"2025-06-01",城乡建设,电话,24
22543,"2025-06-01",交通运输,电话,9
22544,"2025-06-01",农林牧渔,电话,23
22545,"2025-06-01",科教文体,来信,24
22546,"2025-06-01",公卫医疗,来信,7
22547,"2025-06-01",城乡建设,来信,48
22548,"2025-06-01",交通运输,来信,72
22549,"2025-06-01",农林牧渔,来信,13
22550,"2025-06-01",科教文体,网站,50
22551,"2025-06-01",公卫医疗,网站,6
22552,"2025-06-01",城乡建设,网站,45
22553,"2025-06-01",交通运输,网站,22
22554,"2025-06-01",农林牧渔,网站,23
22555,"2025-06-01",科教文体,小程序/公众号,94
22556,"2025-06-01",公卫医疗,小程序/公众号,137
22557,"2025-06-01",城乡建设,小程序/公众号,52
22558,"2025-06-01",交通运输,小程序/公众号,113
22559,"2025-06-01",农林牧渔,小程序/公众号,125
22560,"2025-06-02",科教文体,电话,1
22561,"2025-06-02",公卫医疗,电话,29
22562,"2025-06-02",城乡建设,电话,14
22563,"2025-06-02",交通运输,电话,18
22564,"2025-06-02",农林牧渔,电话,3
22565,"2025-06-02",科教文体,来信,4
22566,"2025-06-02",公卫医疗,来信,2
22567,"2025-06-02",城乡建设,来信,2
22568,"2025-06-02",交通运输,来信,6
22569,"2025-06-02",农林牧渔,来信,5
22570,"2025-06-02",科教文体,网站,14
22571,"2025-06-02",公卫医疗,网站,11
22572,"2025-06-02",城乡建设,网站,13
22573,"2025-06-02",交通运输,网站,9
22574,"2025-06-02",农林牧渔,网站,11
22575,"2025-06-02",科教文体,小程序/公众号,86
22576,"2025-06-02",公卫医疗,小程序/公众号,72
22577,"2025-06-02",城乡建设,小程序/公众号,13
22578,"2025-06-02",交通运输,小程序/公众号,49
22579,"2025-06-02",农林牧渔,小程序/公众号,28
22580,"2025-06-03",科教文体,电话,8
22581,"2025-06-03",公卫医疗,电话,9
22582,"2025-06-03",城乡建设,电话,0
22583,"2025-06-03",交通运输,电话,1
22584,"2025-06-03",农林牧渔,电话,9
22585,"2025-06-03",科教文体,来信,43
22586,"2025-06-03",公卫医疗,来信,16
22587,"2025-06-03",城乡建设,来信,34
22588,"2025-06-03",交通运输,来信,4
22589,"2025-06-03",农林牧渔,来信,25
22590,"2025-06-03",科教文体,网站,44
22591,"2025-06-03",公卫医疗,网站,49
22592,"2025-06-03",城乡建设,网站,45
22593,"2025-06-03",交通运输,网站,45
22594,"2025-06-03",农林牧渔,网站,43
22595,"2025-06-03",科教文体,小程序/公众号,68
22596,"2025-06-03",公卫医疗,小程序/公众号,115
22597,"2025-06-03",城乡建设,小程序/公众号,52
22598,"2025-06-03",交通运输,小程序/公众号,21
22599,"2025-06-03",农林牧渔,小程序/公众号,78
22600,"2025-06-04",科教文体,电话,8
22601,"2025-06-04",公卫医疗,电话,12
22602,"2025-06-04",城乡建设,电话,5
22603,"2025-06-04",交通运输,电话,12
22604,"2025-06-04",农林牧渔,电话,1
22605,"2025-06-04",科教文体,来信,7
22606,"2025-06-04",公卫医疗,来信,1
22607,"2025-06-04",城乡建设,来信,8
22608,"2025-06-04",交通运输,来信,3
22609,"2025-06-04",农林牧渔,来信,6
22610,"2025-06-04",科教文体,网站,11
22611,"2025-06-04",公卫医疗,网站,2
22612,"2025-06-04",城乡建设,网站,6
22613,"2025-06-04",交通运输,网站,1
22614,"2025-06-04",农林牧渔,网站,8
22615,"2025-06-04",科教文体,小程序/公众号,40
22616,"2025-06-04",公卫医疗,小程序/公众号,62
22617,"2025-06-04",城乡建设,小程序/公众号,95
22618,"2025-06-04",交通运输,小程序/公众号,19
22619,"2025-06-04",农林牧渔,小程序/公众号,58
22620,"2025-06-05",科教文体,电话,4
22621,"2025-06-05",公卫医疗,电话,8
22622,"2025-06-05",城乡建设,电话,8
22623,"2025-06-05",交通运输,电话,6
22624,"2025-06-05",农林牧渔,电话,7
22625,"2025-06-05",科教文体,来信,5
22626,"2025-06-05",公卫医疗,来信,2
22627,"2025-06-05",城乡建设,来信,1
22628,"2025-06-05",交通运输,来信,6
22629,"2025-06-05",农林牧渔,来信,2
22630,"2025-06-05",科教文体,网站,25
22631,"2025-06-05",公卫医疗,网站,2
22632,"2025-06-05",城乡建设,网站,112
22633,"2025-06-05",交通运输,网站,41
22634,"2025-06-05",农林牧渔,网站,116
22635,"2025-06-05",科教文体,小程序/公众号,6
22636,"2025-06-05",公卫医疗,小程序/公众号,52
22637,"2025-06-05",城乡建设,小程序/公众号,111
22638,"2025-06-05",交通运输,小程序/公众号,66
22639,"2025-06-05",农林牧渔,小程序/公众号,128
22640,"2025-06-06",科教文体,电话,34
22641,"2025-06-06",公卫医疗,电话,27
22642,"2025-06-06",城乡建设,电话,14
22643,"2025-06-06",交通运输,电话,9
22644,"2025-06-06",农林牧渔,电话,31
22645,"2025-06-06",科教文体,来信,15
22646,"2025-06-06",公卫医疗,来信,38
22647,"2025-06-06",城乡建设,来信,6
22648,"2025-06-06",交通运输,来信,29
22649,"2025-06-06",农林牧渔,来信,49
22650,"2025-06-06",科教文体,网站,49
22651,"2025-06-06",公卫医疗,网站,4
22652,"2025-06-06",城乡建设,网站,11
22653,"2025-06-06",交通运输,网站,62
22654,"2025-06-06",农林牧渔,网站,56
22655,"2025-06-06",科教文体,小程序/公众号,9
22656,"2025-06-06",公卫医疗,小程序/公众号,36
22657,"2025-06-06",城乡建设,小程序/公众号,66
22658,"2025-06-06",交通运输,小程序/公众号,25
22659,"2025-06-06",农林牧渔,小程序/公众号,71
22660,"2025-06-07",科教文体,电话,19
22661,"2025-06-07",公卫医疗,电话,15
22662,"2025-06-07",城乡建设,电话,2
22663,"2025-06-07",交通运输,电话,5
22664,"2025-06-07",农林牧渔,电话,6
22665,"2025-06-07",科教文体,来信,6
22666,"2025-06-07",公卫医疗,来信,0
22667,"2025-06-07",城乡建设,来信,9
22668,"2025-06-07",交通运输,来信,9
22669,"2025-06-07",农林牧渔,来信,9
22670,"2025-06-07",科教文体,网站,26
22671,"2025-06-07",公卫医疗,网站,23
22672,"2025-06-07",城乡建设,网站,19
22673,"2025-06-07",交通运输,网站,5
22674,"2025-06-07",农林牧渔,网站,100
22675,"2025-06-07",科教文体,小程序/公众号,37
22676,"2025-06-07",公卫医疗,小程序/公众号,89
22677,"2025-06-07",城乡建设,小程序/公众号,42
22678,"2025-06-07",交通运输,小程序/公众号,76
22679,"2025-06-07",农林牧渔,小程序/公众号,75
22680,"2025-06-08",科教文体,电话,7
22681,"2025-06-08",公卫医疗,电话,36
22682,"2025-06-08",城乡建设,电话,26
22683,"2025-06-08",交通运输,电话,13
22684,"2025-06-08",农林牧渔,电话,48
22685,"2025-06-08",科教文体,来信,11
22686,"2025-06-08",公卫医疗,来信,14
22687,"2025-06-08",城乡建设,来信,13
22688,"2025-06-08",交通运输,来信,5
22689,"2025-06-08",农林牧渔,来信,10
22690,"2025-06-08",科教文体,网站,33
22691,"2025-06-08",公卫医疗,网站,31
22692,"2025-06-08",城乡建设,网站,5
22693,"2025-06-08",交通运输,网站,27
22694,"2025-06-08",农林牧渔,网站,22
22695,"2025-06-08",科教文体,小程序/公众号,149
22696,"2025-06-08",公卫医疗,小程序/公众号,121
22697,"2025-06-08",城乡建设,小程序/公众号,113
22698,"2025-06-08",交通运输,小程序/公众号,179
22699,"2025-06-08",农林牧渔,小程序/公众号,53
22700,"2025-06-09",科教文体,电话,8
22701,"2025-06-09",公卫医疗,电话,8
22702,"2025-06-09",城乡建设,电话,12
22703,"2025-06-09",交通运输,电话,1
22704,"2025-06-09",农林牧渔,电话,8
22705,"2025-06-09",科教文体,来信,2
22706,"2025-06-09",公卫医疗,来信,6
22707,"2025-06-09",城乡建设,来信,2
22708,"2025-06-09",交通运输,来信,5
22709,"2025-06-09",农林牧渔,来信,10
22710,"2025-06-09",科教文体,网站,19
22711,"2025-06-09",公卫医疗,网站,13
22712,"2025-06-09",城乡建设,网站,43
22713,"2025-06-09",交通运输,网站,8
22714,"2025-06-09",农林牧渔,网站,18
22715,"2025-06-09",科教文体,小程序/公众号,9
22716,"2025-06-09",公卫医疗,小程序/公众号,122
22717,"2025-06-09",城乡建设,小程序/公众号,51
22718,"2025-06-09",交通运输,小程序/公众号,222
22719,"2025-06-09",农林牧渔,小程序/公众号,183
22720,"2025-06-10",科教文体,电话,19
22721,"2025-06-10",公卫医疗,电话,33
22722,"2025-06-10",城乡建设,电话,32
22723,"2025-06-10",交通运输,电话,18
22724,"2025-06-10",农林牧渔,电话,31
22725,"2025-06-10",科教文体,来信,5
22726,"2025-06-10",公卫医疗,来信,4
22727,"2025-06-10",城乡建设,来信,6
22728,"2025-06-10",交通运输,来信,3
22729,"2025-06-10",农林牧渔,来信,6
22730,"2025-06-10",科教文体,网站,28
22731,"2025-06-10",公卫医疗,网站,33
22732,"2025-06-10",城乡建设,网站,67
22733,"2025-06-10",交通运输,网站,49
22734,"2025-06-10",农林牧渔,网站,57
22735,"2025-06-10",科教文体,小程序/公众号,54
22736,"2025-06-10",公卫医疗,小程序/公众号,60
22737,"2025-06-10",城乡建设,小程序/公众号,49
22738,"2025-06-10",交通运输,小程序/公众号,46
22739,"2025-06-10",农林牧渔,小程序/公众号,54
22740,"2025-06-11",科教文体,电话,6
22741,"2025-06-11",公卫医疗,电话,14
22742,"2025-06-11",城乡建设,电话,15
22743,"2025-06-11",交通运输,电话,9
22744,"2025-06-11",农林牧渔,电话,16
22745,"2025-06-11",科教文体,来信,3
22746,"2025-06-11",公卫医疗,来信,9
22747,"2025-06-11",城乡建设,来信,4
22748,"2025-06-11",交通运输,来信,6
22749,"2025-06-11",农林牧渔,来信,4
22750,"2025-06-11",科教文体,网站,10
22751,"2025-06-11",公卫医疗,网站,4
22752,"2025-06-11",城乡建设,网站,8
22753,"2025-06-11",交通运输,网站,3
22754,"2025-06-11",农林牧渔,网站,12
22755,"2025-06-11",科教文体,小程序/公众号,197
22756,"2025-06-11",公卫医疗,小程序/公众号,299
22757,"2025-06-11",城乡建设,小程序/公众号,60
22758,"2025-06-11",交通运输,小程序/公众号,36
22759,"2025-06-11",农林牧渔,小程序/公众号,123
22760,"2025-06-12",科教文体,电话,6
22761,"2025-06-12",公卫医疗,电话,19
22762,"2025-06-12",城乡建设,电话,27
22763,"2025-06-12",交通运输,电话,3
22764,"2025-06-12",农林牧渔,电话,10
22765,"2025-06-12",科教文体,来信,14
22766,"2025-06-12",公卫医疗,来信,5
22767,"2025-06-12",城乡建设,来信,6
22768,"2025-06-12",交通运输,来信,11
22769,"2025-06-12",农林牧渔,来信,9
22770,"2025-06-12",科教文体,网站,33
22771,"2025-06-12",公卫医疗,网站,24
22772,"2025-06-12",城乡建设,网站,0
22773,"2025-06-12",交通运输,网站,36
22774,"2025-06-12",农林牧渔,网站,10
22775,"2025-06-12",科教文体,小程序/公众号,154
22776,"2025-06-12",公卫医疗,小程序/公众号,61
22777,"2025-06-12",城乡建设,小程序/公众号,126
22778,"2025-06-12",交通运输,小程序/公众号,116
22779,"2025-06-12",农林牧渔,小程序/公众号,142
22780,"2025-06-13",科教文体,电话,15
22781,"2025-06-13",公卫医疗,电话,41
22782,"2025-06-13",城乡建设,电话,53
22783,"2025-06-13",交通运输,电话,30
22784,"2025-06-13",农林牧渔,电话,74
22785,"2025-06-13",科教文体,来信,18
22786,"2025-06-13",公卫医疗,来信,41
22787,"2025-06-13",城乡建设,来信,17
22788,"2025-06-13",交通运输,来信,42
22789,"2025-06-13",农林牧渔,来信,17
22790,"2025-06-13",科教文体,网站,48
22791,"2025-06-13",公卫医疗,网站,40
22792,"2025-06-13",城乡建设,网站,7
22793,"2025-06-13",交通运输,网站,14
22794,"2025-06-13",农林牧渔,网站,48
22795,"2025-06-13",科教文体,小程序/公众号,26
22796,"2025-06-13",公卫医疗,小程序/公众号,25
22797,"2025-06-13",城乡建设,小程序/公众号,104
22798,"2025-06-13",交通运输,小程序/公众号,105
22799,"2025-06-13",农林牧渔,小程序/公众号,107
22800,"2025-06-14",科教文体,电话,41
22801,"2025-06-14",公卫医疗,电话,8
22802,"2025-06-14",城乡建设,电话,36
22803,"2025-06-14",交通运输,电话,30
22804,"2025-06-14",农林牧渔,电话,21
22805,"2025-06-14",科教文体,来信,5
22806,"2025-06-14",公卫医疗,来信,9
22807,"2025-06-14",城乡建设,来信,8
22808,"2025-06-14",交通运输,来信,4
22809,"2025-06-14",农林牧渔,来信,6
22810,"2025-06-14",科教文体,网站,66
22811,"2025-06-14",公卫医疗,网站,62
22812,"2025-06-14",城乡建设,网站,31
22813,"2025-06-14",交通运输,网站,5
22814,"2025-06-14",农林牧渔,网站,77
22815,"2025-06-14",科教文体,小程序/公众号,80
22816,"2025-06-14",公卫医疗,小程序/公众号,76
22817,"2025-06-14",城乡建设,小程序/公众号,21
22818,"2025-06-14",交通运输,小程序/公众号,29
22819,"2025-06-14",农林牧渔,小程序/公众号,84
22820,"2025-06-15",科教文体,电话,37
22821,"2025-06-15",公卫医疗,电话,31
22822,"2025-06-15",城乡建设,电话,12
22823,"2025-06-15",交通运输,电话,37
22824,"2025-06-15",农林牧渔,电话,5
22825,"2025-06-15",科教文体,来信,6
22826,"2025-06-15",公卫医疗,来信,2
22827,"2025-06-15",城乡建设,来信,1
22828,"2025-06-15",交通运输,来信,19
22829,"2025-06-15",农林牧渔,来信,13
22830,"2025-06-15",科教文体,网站,25
22831,"2025-06-15",公卫医疗,网站,27
22832,"2025-06-15",城乡建设,网站,66
22833,"2025-06-15",交通运输,网站,42
22834,"2025-06-15",农林牧渔,网站,32
22835,"2025-06-15",科教文体,小程序/公众号,84
22836,"2025-06-15",公卫医疗,小程序/公众号,78
22837,"2025-06-15",城乡建设,小程序/公众号,135
22838,"2025-06-15",交通运输,小程序/公众号,2
22839,"2025-06-15",农林牧渔,小程序/公众号,254
22840,"2025-06-16",科教文体,电话,7
22841,"2025-06-16",公卫医疗,电话,20
22842,"2025-06-16",城乡建设,电话,15
22843,"2025-06-16",交通运输,电话,1
22844,"2025-06-16",农林牧渔,电话,15
22845,"2025-06-16",科教文体,来信,12
22846,"2025-06-16",公卫医疗,来信,17
22847,"2025-06-16",城乡建设,来信,9
22848,"2025-06-16",交通运输,来信,12
22849,"2025-06-16",农林牧渔,来信,14
22850,"2025-06-16",科教文体,网站,15
22851,"2025-06-16",公卫医疗,网站,4
22852,"2025-06-16",城乡建设,网站,24
22853,"2025-06-16",交通运输,网站,10
22854,"2025-06-16",农林牧渔,网站,10
22855,"2025-06-16",科教文体,小程序/公众号,16
22856,"2025-06-16",公卫医疗,小程序/公众号,36
22857,"2025-06-16",城乡建设,小程序/公众号,27
22858,"2025-06-16",交通运输,小程序/公众号,63
22859,"2025-06-16",农林牧渔,小程序/公众号,43
22860,"2025-06-17",科教文体,电话,9
22861,"2025-06-17",公卫医疗,电话,6
22862,"2025-06-17",城乡建设,电话,17
22863,"2025-06-17",交通运输,电话,3
22864,"2025-06-17",农林牧渔,电话,21
22865,"2025-06-17",科教文体,来信,22
22866,"2025-06-17",公卫医疗,来信,5
22867,"2025-06-17",城乡建设,来信,43
22868,"2025-06-17",交通运输,来信,3
22869,"2025-06-17",农林牧渔,来信,20
22870,"2025-06-17",科教文体,网站,23
22871,"2025-06-17",公卫医疗,网站,13
22872,"2025-06-17",城乡建设,网站,5
22873,"2025-06-17",交通运输,网站,7
22874,"2025-06-17",农林牧渔,网站,25
22875,"2025-06-17",科教文体,小程序/公众号,38
22876,"2025-06-17",公卫医疗,小程序/公众号,48
22877,"2025-06-17",城乡建设,小程序/公众号,44
22878,"2025-06-17",交通运输,小程序/公众号,51
22879,"2025-06-17",农林牧渔,小程序/公众号,31
22880,"2025-06-18",科教文体,电话,34
22881,"2025-06-18",公卫医疗,电话,39
22882,"2025-06-18",城乡建设,电话,39
22883,"2025-06-18",交通运输,电话,49
22884,"2025-06-18",农林牧渔,电话,0
22885,"2025-06-18",科教文体,来信,35
22886,"2025-06-18",公卫医疗,来信,37
22887,"2025-06-18",城乡建设,来信,5
22888,"2025-06-18",交通运输,来信,4
22889,"2025-06-18",农林牧渔,来信,16
22890,"2025-06-18",科教文体,网站,6
22891,"2025-06-18",公卫医疗,网站,14
22892,"2025-06-18",城乡建设,网站,8
22893,"2025-06-18",交通运输,网站,9
22894,"2025-06-18",农林牧渔,网站,5
22895,"2025-06-18",科教文体,小程序/公众号,117
22896,"2025-06-18",公卫医疗,小程序/公众号,71
22897,"2025-06-18",城乡建设,小程序/公众号,62
22898,"2025-06-18",交通运输,小程序/公众号,105
22899,"2025-06-18",农林牧渔,小程序/公众号,94
22900,"2025-06-19",科教文体,电话,19
22901,"2025-06-19",公卫医疗,电话,27
22902,"2025-06-19",城乡建设,电话,2
22903,"2025-06-19",交通运输,电话,24
22904,"2025-06-19",农林牧渔,电话,6
22905,"2025-06-19",科教文体,来信,11
22906,"2025-06-19",公卫医疗,来信,1
22907,"2025-06-19",城乡建设,来信,7
22908,"2025-06-19",交通运输,来信,12
22909,"2025-06-19",农林牧渔,来信,29
22910,"2025-06-19",科教文体,网站,82
22911,"2025-06-19",公卫医疗,网站,68
22912,"2025-06-19",城乡建设,网站,32
22913,"2025-06-19",交通运输,网站,67
22914,"2025-06-19",农林牧渔,网站,105
22915,"2025-06-19",科教文体,小程序/公众号,37
22916,"2025-06-19",公卫医疗,小程序/公众号,101
22917,"2025-06-19",城乡建设,小程序/公众号,75
22918,"2025-06-19",交通运输,小程序/公众号,136
22919,"2025-06-19",农林牧渔,小程序/公众号,98
22920,"2025-06-20",科教文体,电话,26
22921,"2025-06-20",公卫医疗,电话,19
22922,"2025-06-20",城乡建设,电话,18
22923,"2025-06-20",交通运输,电话,40
22924,"2025-06-20",农林牧渔,电话,45
22925,"2025-06-20",科教文体,来信,25
22926,"2025-06-20",公卫医疗,来信,65
22927,"2025-06-20",城乡建设,来信,49
22928,"2025-06-20",交通运输,来信,44
22929,"2025-06-20",农林牧渔,来信,67
22930,"2025-06-20",科教文体,网站,12
22931,"2025-06-20",公卫医疗,网站,8
22932,"2025-06-20",城乡建设,网站,6
22933,"2025-06-20",交通运输,网站,0
22934,"2025-06-20",农林牧渔,网站,18
22935,"2025-06-20",科教文体,小程序/公众号,3
22936,"2025-06-20",公卫医疗,小程序/公众号,157
22937,"2025-06-20",城乡建设,小程序/公众号,162
22938,"2025-06-20",交通运输,小程序/公众号,165
22939,"2025-06-20",农林牧渔,小程序/公众号,33
22940,"2025-06-21",科教文体,电话,41
22941,"2025-06-21",公卫医疗,电话,16
22942,"2025-06-21",城乡建设,电话,23
22943,"2025-06-21",交通运输,电话,20
22944,"2025-06-21",农林牧渔,电话,32
22945,"2025-06-21",科教文体,来信,4
22946,"2025-06-21",公卫医疗,来信,52
22947,"2025-06-21",城乡建设,来信,33
22948,"2025-06-21",交通运输,来信,42
22949,"2025-06-21",农林牧渔,来信,31
22950,"2025-06-21",科教文体,网站,59
22951,"2025-06-21",公卫医疗,网站,74
22952,"2025-06-21",城乡建设,网站,13
22953,"2025-06-21",交通运输,网站,8
22954,"2025-06-21",农林牧渔,网站,37
22955,"2025-06-21",科教文体,小程序/公众号,29
22956,"2025-06-21",公卫医疗,小程序/公众号,118
22957,"2025-06-21",城乡建设,小程序/公众号,55
22958,"2025-06-21",交通运输,小程序/公众号,191
22959,"2025-06-21",农林牧渔,小程序/公众号,28
22960,"2025-06-22",科教文体,电话,24
22961,"2025-06-22",公卫医疗,电话,25
22962,"2025-06-22",城乡建设,电话,15
22963,"2025-06-22",交通运输,电话,13
22964,"2025-06-22",农林牧渔,电话,34
22965,"2025-06-22",科教文体,来信,28
22966,"2025-06-22",公卫医疗,来信,14
22967,"2025-06-22",城乡建设,来信,15
22968,"2025-06-22",交通运输,来信,49
22969,"2025-06-22",农林牧渔,来信,69
22970,"2025-06-22",科教文体,网站,39
22971,"2025-06-22",公卫医疗,网站,11
22972,"2025-06-22",城乡建设,网站,11
22973,"2025-06-22",交通运输,网站,32
22974,"2025-06-22",农林牧渔,网站,53
22975,"2025-06-22",科教文体,小程序/公众号,97
22976,"2025-06-22",公卫医疗,小程序/公众号,93
22977,"2025-06-22",城乡建设,小程序/公众号,80
22978,"2025-06-22",交通运输,小程序/公众号,93
22979,"2025-06-22",农林牧渔,小程序/公众号,93
22980,"2025-06-23",科教文体,电话,14
22981,"2025-06-23",公卫医疗,电话,11
22982,"2025-06-23",城乡建设,电话,12
22983,"2025-06-23",交通运输,电话,7
22984,"2025-06-23",农林牧渔,电话,13
22985,"2025-06-23",科教文体,来信,49
22986,"2025-06-23",公卫医疗,来信,5
22987,"2025-06-23",城乡建设,来信,2
22988,"2025-06-23",交通运输,来信,48
22989,"2025-06-23",农林牧渔,来信,53
22990,"2025-06-23",科教文体,网站,22
22991,"2025-06-23",公卫医疗,网站,36
22992,"2025-06-23",城乡建设,网站,74
22993,"2025-06-23",交通运输,网站,10
22994,"2025-06-23",农林牧渔,网站,4
22995,"2025-06-23",科教文体,小程序/公众号,112
22996,"2025-06-23",公卫医疗,小程序/公众号,60
22997,"2025-06-23",城乡建设,小程序/公众号,134
22998,"2025-06-23",交通运输,小程序/公众号,133
22999,"2025-06-23",农林牧渔,小程序/公众号,100
23000,"2025-06-24",科教文体,电话,16
23001,"2025-06-24",公卫医疗,电话,18
23002,"2025-06-24",城乡建设,电话,3
23003,"2025-06-24",交通运输,电话,20
23004,"2025-06-24",农林牧渔,电话,5
23005,"2025-06-24",科教文体,来信,21
23006,"2025-06-24",公卫医疗,来信,23
23007,"2025-06-24",城乡建设,来信,25
23008,"2025-06-24",交通运输,来信,13
23009,"2025-06-24",农林牧渔,来信,3
23010,"2025-06-24",科教文体,网站,5
23011,"2025-06-24",公卫医疗,网站,7
23012,"2025-06-24",城乡建设,网站,8
23013,"2025-06-24",交通运输,网站,2
23014,"2025-06-24",农林牧渔,网站,0
23015,"2025-06-24",科教文体,小程序/公众号,20
23016,"2025-06-24",公卫医疗,小程序/公众号,148
23017,"2025-06-24",城乡建设,小程序/公众号,166
23018,"2025-06-24",交通运输,小程序/公众号,10
23019,"2025-06-24",农林牧渔,小程序/公众号,87
23020,"2025-06-25",科教文体,电话,7
23021,"2025-06-25",公卫医疗,电话,30
23022,"2025-06-25",城乡建设,电话,6
23023,"2025-06-25",交通运输,电话,41
23024,"2025-06-25",农林牧渔,电话,43
23025,"2025-06-25",科教文体,来信,3
23026,"2025-06-25",公卫医疗,来信,10
23027,"2025-06-25",城乡建设,来信,6
23028,"2025-06-25",交通运输,来信,10
23029,"2025-06-25",农林牧渔,来信,4
23030,"2025-06-25",科教文体,网站,14
23031,"2025-06-25",公卫医疗,网站,28
23032,"2025-06-25",城乡建设,网站,29
23033,"2025-06-25",交通运输,网站,47
23034,"2025-06-25",农林牧渔,网站,18
23035,"2025-06-25",科教文体,小程序/公众号,20
23036,"2025-06-25",公卫医疗,小程序/公众号,91
23037,"2025-06-25",城乡建设,小程序/公众号,10
23038,"2025-06-25",交通运输,小程序/公众号,71
23039,"2025-06-25",农林牧渔,小程序/公众号,118
23040,"2025-06-26",科教文体,电话,21
23041,"2025-06-26",公卫医疗,电话,22
23042,"2025-06-26",城乡建设,电话,18
23043,"2025-06-26",交通运输,电话,18
23044,"2025-06-26",农林牧渔,电话,17
23045,"2025-06-26",科教文体,来信,44
23046,"2025-06-26",公卫医疗,来信,75
23047,"2025-06-26",城乡建设,来信,49
23048,"2025-06-26",交通运输,来信,4
23049,"2025-06-26",农林牧渔,来信,16
23050,"2025-06-26",科教文体,网站,66
23051,"2025-06-26",公卫医疗,网站,65
23052,"2025-06-26",城乡建设,网站,20
23053,"2025-06-26",交通运输,网站,26
23054,"2025-06-26",农林牧渔,网站,13
23055,"2025-06-26",科教文体,小程序/公众号,112
23056,"2025-06-26",公卫医疗,小程序/公众号,67
23057,"2025-06-26",城乡建设,小程序/公众号,6
23058,"2025-06-26",交通运输,小程序/公众号,90
23059,"2025-06-26",农林牧渔,小程序/公众号,32
23060,"2025-06-27",科教文体,电话,16
23061,"2025-06-27",公卫医疗,电话,58
23062,"2025-06-27",城乡建设,电话,19
23063,"2025-06-27",交通运输,电话,14
23064,"2025-06-27",农林牧渔,电话,58
23065,"2025-06-27",科教文体,来信,44
23066,"2025-06-27",公卫医疗,来信,29
23067,"2025-06-27",城乡建设,来信,12
23068,"2025-06-27",交通运输,来信,14
23069,"2025-06-27",农林牧渔,来信,49
23070,"2025-06-27",科教文体,网站,53
23071,"2025-06-27",公卫医疗,网站,55
23072,"2025-06-27",城乡建设,网站,8
23073,"2025-06-27",交通运输,网站,56
23074,"2025-06-27",农林牧渔,网站,108
23075,"2025-06-27",科教文体,小程序/公众号,41
23076,"2025-06-27",公卫医疗,小程序/公众号,140
23077,"2025-06-27",城乡建设,小程序/公众号,77
23078,"2025-06-27",交通运输,小程序/公众号,48
23079,"2025-06-27",农林牧渔,小程序/公众号,48
23080,"2025-06-28",科教文体,电话,8
23081,"2025-06-28",公卫医疗,电话,9
23082,"2025-06-28",城乡建设,电话,30
23083,"2025-06-28",交通运输,电话,14
23084,"2025-06-28",农林牧渔,电话,6
23085,"2025-06-28",科教文体,来信,1
23086,"2025-06-28",公卫医疗,来信,4
23087,"2025-06-28",城乡建设,来信,7
23088,"2025-06-28",交通运输,来信,3
23089,"2025-06-28",农林牧渔,来信,8
23090,"2025-06-28",科教文体,网站,22
23091,"2025-06-28",公卫医疗,网站,26
23092,"2025-06-28",城乡建设,网站,45
23093,"2025-06-28",交通运输,网站,29
23094,"2025-06-28",农林牧渔,网站,36
23095,"2025-06-28",科教文体,小程序/公众号,72
23096,"2025-06-28",公卫医疗,小程序/公众号,123
23097,"2025-06-28",城乡建设,小程序/公众号,154
23098,"2025-06-28",交通运输,小程序/公众号,56
23099,"2025-06-28",农林牧渔,小程序/公众号,181
23100,"2025-06-29",科教文体,电话,15
23101,"2025-06-29",公卫医疗,电话,13
23102,"2025-06-29",城乡建设,电话,5
23103,"2025-06-29",交通运输,电话,9
23104,"2025-06-29",农林牧渔,电话,17
23105,"2025-06-29",科教文体,来信,22
23106,"2025-06-29",公卫医疗,来信,10
23107,"2025-06-29",城乡建设,来信,11
23108,"2025-06-29",交通运输,来信,27
23109,"2025-06-29",农林牧渔,来信,27
23110,"2025-06-29",科教文体,网站,43
23111,"2025-06-29",公卫医疗,网站,6
23112,"2025-06-29",城乡建设,网站,3
23113,"2025-06-29",交通运输,网站,24
23114,"2025-06-29",农林牧渔,网站,34
23115,"2025-06-29",科教文体,小程序/公众号,67
23116,"2025-06-29",公卫医疗,小程序/公众号,60
23117,"2025-06-29",城乡建设,小程序/公众号,0
23118,"2025-06-29",交通运输,小程序/公众号,54
23119,"2025-06-29",农林牧渔,小程序/公众号,48
23120,"2025-06-30",科教文体,电话,6
23121,"2025-06-30",公卫医疗,电话,4
23122,"2025-06-30",城乡建设,电话,2
23123,"2025-06-30",交通运输,电话,8
23124,"2025-06-30",农林牧渔,电话,1
23125,"2025-06-30",科教文体,来信,0
23126,"2025-06-30",公卫医疗,来信,24
23127,"2025-06-30",城乡建设,来信,11
23128,"2025-06-30",交通运输,来信,57
23129,"2025-06-30",农林牧渔,来信,8
23130,"2025-06-30",科教文体,网站,9
23131,"2025-06-30",公卫医疗,网站,28
23132,"2025-06-30",城乡建设,网站,14
23133,"2025-06-30",交通运输,网站,28
23134,"2025-06-30",农林牧渔,网站,8
23135,"2025-06-30",科教文体,小程序/公众号,147
23136,"2025-06-30",公卫医疗,小程序/公众号,10
23137,"2025-06-30",城乡建设,小程序/公众号,147
23138,"2025-06-30",交通运输,小程序/公众号,3
23139,"2025-06-30",农林牧渔,小程序/公众号,73
23140,"2025-07-01",科教文体,电话,15
23141,"2025-07-01",公卫医疗,电话,39
23142,"2025-07-01",城乡建设,电话,60
23143,"2025-07-01",交通运输,电话,33
23144,"2025-07-01",农林牧渔,电话,0
23145,"2025-07-01",科教文体,来信,2
23146,"2025-07-01",公卫医疗,来信,9
23147,"2025-07-01",城乡建设,来信,8
23148,"2025-07-01",交通运输,来信,7
23149,"2025-07-01",农林牧渔,来信,6
23150,"2025-07-01",科教文体,网站,24
23151,"2025-07-01",公卫医疗,网站,4
23152,"2025-07-01",城乡建设,网站,32
23153,"2025-07-01",交通运输,网站,2
23154,"2025-07-01",农林牧渔,网站,20
23155,"2025-07-01",科教文体,小程序/公众号,84
23156,"2025-07-01",公卫医疗,小程序/公众号,32
23157,"2025-07-01",城乡建设,小程序/公众号,63
23158,"2025-07-01",交通运输,小程序/公众号,64
23159,"2025-07-01",农林牧渔,小程序/公众号,97
23160,"2025-07-02",科教文体,电话,14
23161,"2025-07-02",公卫医疗,电话,33
23162,"2025-07-02",城乡建设,电话,32
23163,"2025-07-02",交通运输,电话,13
23164,"2025-07-02",农林牧渔,电话,6
23165,"2025-07-02",科教文体,来信,19
23166,"2025-07-02",公卫医疗,来信,15
23167,"2025-07-02",城乡建设,来信,18
23168,"2025-07-02",交通运输,来信,24
23169,"2025-07-02",农林牧渔,来信,5
23170,"2025-07-02",科教文体,网站,10
23171,"2025-07-02",公卫医疗,网站,36
23172,"2025-07-02",城乡建设,网站,8
23173,"2025-07-02",交通运输,网站,9
23174,"2025-07-02",农林牧渔,网站,17
23175,"2025-07-02",科教文体,小程序/公众号,204
23176,"2025-07-02",公卫医疗,小程序/公众号,23
23177,"2025-07-02",城乡建设,小程序/公众号,67
23178,"2025-07-02",交通运输,小程序/公众号,206
23179,"2025-07-02",农林牧渔,小程序/公众号,123
23180,"2025-07-03",科教文体,电话,7
23181,"2025-07-03",公卫医疗,电话,29
23182,"2025-07-03",城乡建设,电话,10
23183,"2025-07-03",交通运输,电话,45
23184,"2025-07-03",农林牧渔,电话,8
23185,"2025-07-03",科教文体,来信,5
23186,"2025-07-03",公卫医疗,来信,20
23187,"2025-07-03",城乡建设,来信,19
23188,"2025-07-03",交通运输,来信,10
23189,"2025-07-03",农林牧渔,来信,2
23190,"2025-07-03",科教文体,网站,13
23191,"2025-07-03",公卫医疗,网站,72
23192,"2025-07-03",城乡建设,网站,46
23193,"2025-07-03",交通运输,网站,4
23194,"2025-07-03",农林牧渔,网站,7
23195,"2025-07-03",科教文体,小程序/公众号,125
23196,"2025-07-03",公卫医疗,小程序/公众号,31
23197,"2025-07-03",城乡建设,小程序/公众号,85
23198,"2025-07-03",交通运输,小程序/公众号,252
23199,"2025-07-03",农林牧渔,小程序/公众号,99
23200,"2025-07-04",科教文体,电话,12
23201,"2025-07-04",公卫医疗,电话,10
23202,"2025-07-04",城乡建设,电话,21
23203,"2025-07-04",交通运输,电话,19
23204,"2025-07-04",农林牧渔,电话,17
23205,"2025-07-04",科教文体,来信,3
23206,"2025-07-04",公卫医疗,来信,53
23207,"2025-07-04",城乡建设,来信,9
23208,"2025-07-04",交通运输,来信,2
23209,"2025-07-04",农林牧渔,来信,8
23210,"2025-07-04",科教文体,网站,50
23211,"2025-07-04",公卫医疗,网站,88
23212,"2025-07-04",城乡建设,网站,47
23213,"2025-07-04",交通运输,网站,76
23214,"2025-07-04",农林牧渔,网站,53
23215,"2025-07-04",科教文体,小程序/公众号,129
23216,"2025-07-04",公卫医疗,小程序/公众号,99
23217,"2025-07-04",城乡建设,小程序/公众号,95
23218,"2025-07-04",交通运输,小程序/公众号,38
23219,"2025-07-04",农林牧渔,小程序/公众号,96
23220,"2025-07-05",科教文体,电话,4
23221,"2025-07-05",公卫医疗,电话,6
23222,"2025-07-05",城乡建设,电话,5
23223,"2025-07-05",交通运输,电话,5
23224,"2025-07-05",农林牧渔,电话,5
23225,"2025-07-05",科教文体,来信,9
23226,"2025-07-05",公卫医疗,来信,1
23227,"2025-07-05",城乡建设,来信,21
23228,"2025-07-05",交通运输,来信,1
23229,"2025-07-05",农林牧渔,来信,2
23230,"2025-07-05",科教文体,网站,15
23231,"2025-07-05",公卫医疗,网站,16
23232,"2025-07-05",城乡建设,网站,10
23233,"2025-07-05",交通运输,网站,4
23234,"2025-07-05",农林牧渔,网站,19
23235,"2025-07-05",科教文体,小程序/公众号,108
23236,"2025-07-05",公卫医疗,小程序/公众号,54
23237,"2025-07-05",城乡建设,小程序/公众号,23
23238,"2025-07-05",交通运输,小程序/公众号,20
23239,"2025-07-05",农林牧渔,小程序/公众号,228
23240,"2025-07-06",科教文体,电话,58
23241,"2025-07-06",公卫医疗,电话,10
23242,"2025-07-06",城乡建设,电话,28
23243,"2025-07-06",交通运输,电话,28
23244,"2025-07-06",农林牧渔,电话,52
23245,"2025-07-06",科教文体,来信,5
23246,"2025-07-06",公卫医疗,来信,2
23247,"2025-07-06",城乡建设,来信,29
23248,"2025-07-06",交通运输,来信,0
23249,"2025-07-06",农林牧渔,来信,13
23250,"2025-07-06",科教文体,网站,40
23251,"2025-07-06",公卫医疗,网站,25
23252,"2025-07-06",城乡建设,网站,8
23253,"2025-07-06",交通运输,网站,29
23254,"2025-07-06",农林牧渔,网站,70
23255,"2025-07-06",科教文体,小程序/公众号,7
23256,"2025-07-06",公卫医疗,小程序/公众号,154
23257,"2025-07-06",城乡建设,小程序/公众号,256
23258,"2025-07-06",交通运输,小程序/公众号,33
23259,"2025-07-06",农林牧渔,小程序/公众号,142
23260,"2025-07-07",科教文体,电话,6
23261,"2025-07-07",公卫医疗,电话,16
23262,"2025-07-07",城乡建设,电话,39
23263,"2025-07-07",交通运输,电话,10
23264,"2025-07-07",农林牧渔,电话,32
23265,"2025-07-07",科教文体,来信,11
23266,"2025-07-07",公卫医疗,来信,8
23267,"2025-07-07",城乡建设,来信,6
23268,"2025-07-07",交通运输,来信,13
23269,"2025-07-07",农林牧渔,来信,2
23270,"2025-07-07",科教文体,网站,32
23271,"2025-07-07",公卫医疗,网站,40
23272,"2025-07-07",城乡建设,网站,10
23273,"2025-07-07",交通运输,网站,46
23274,"2025-07-07",农林牧渔,网站,46
23275,"2025-07-07",科教文体,小程序/公众号,71
23276,"2025-07-07",公卫医疗,小程序/公众号,65
23277,"2025-07-07",城乡建设,小程序/公众号,33
23278,"2025-07-07",交通运输,小程序/公众号,60
23279,"2025-07-07",农林牧渔,小程序/公众号,50
23280,"2025-07-08",科教文体,电话,2
23281,"2025-07-08",公卫医疗,电话,3
23282,"2025-07-08",城乡建设,电话,2
23283,"2025-07-08",交通运输,电话,1
23284,"2025-07-08",农林牧渔,电话,3
23285,"2025-07-08",科教文体,来信,13
23286,"2025-07-08",公卫医疗,来信,10
23287,"2025-07-08",城乡建设,来信,3
23288,"2025-07-08",交通运输,来信,8
23289,"2025-07-08",农林牧渔,来信,14
23290,"2025-07-08",科教文体,网站,9
23291,"2025-07-08",公卫医疗,网站,1
23292,"2025-07-08",城乡建设,网站,10
23293,"2025-07-08",交通运输,网站,7
23294,"2025-07-08",农林牧渔,网站,12
23295,"2025-07-08",科教文体,小程序/公众号,50
23296,"2025-07-08",公卫医疗,小程序/公众号,89
23297,"2025-07-08",城乡建设,小程序/公众号,50
23298,"2025-07-08",交通运输,小程序/公众号,33
23299,"2025-07-08",农林牧渔,小程序/公众号,30
23300,"2025-07-09",科教文体,电话,50
23301,"2025-07-09",公卫医疗,电话,29
23302,"2025-07-09",城乡建设,电话,20
23303,"2025-07-09",交通运输,电话,49
23304,"2025-07-09",农林牧渔,电话,3
23305,"2025-07-09",科教文体,来信,15
23306,"2025-07-09",公卫医疗,来信,10
23307,"2025-07-09",城乡建设,来信,34
23308,"2025-07-09",交通运输,来信,33
23309,"2025-07-09",农林牧渔,来信,30
23310,"2025-07-09",科教文体,网站,12
23311,"2025-07-09",公卫医疗,网站,19
23312,"2025-07-09",城乡建设,网站,75
23313,"2025-07-09",交通运输,网站,12
23314,"2025-07-09",农林牧渔,网站,116
23315,"2025-07-09",科教文体,小程序/公众号,41
23316,"2025-07-09",公卫医疗,小程序/公众号,10
23317,"2025-07-09",城乡建设,小程序/公众号,13
23318,"2025-07-09",交通运输,小程序/公众号,137
23319,"2025-07-09",农林牧渔,小程序/公众号,90
23320,"2025-07-10",科教文体,电话,3
23321,"2025-07-10",公卫医疗,电话,3
23322,"2025-07-10",城乡建设,电话,5
23323,"2025-07-10",交通运输,电话,3
23324,"2025-07-10",农林牧渔,电话,6
23325,"2025-07-10",科教文体,来信,5
23326,"2025-07-10",公卫医疗,来信,2
23327,"2025-07-10",城乡建设,来信,11
23328,"2025-07-10",交通运输,来信,15
23329,"2025-07-10",农林牧渔,来信,19
23330,"2025-07-10",科教文体,网站,6
23331,"2025-07-10",公卫医疗,网站,8
23332,"2025-07-10",城乡建设,网站,4
23333,"2025-07-10",交通运输,网站,8
23334,"2025-07-10",农林牧渔,网站,9
23335,"2025-07-10",科教文体,小程序/公众号,104
23336,"2025-07-10",公卫医疗,小程序/公众号,42
23337,"2025-07-10",城乡建设,小程序/公众号,53
23338,"2025-07-10",交通运输,小程序/公众号,54
23339,"2025-07-10",农林牧渔,小程序/公众号,43
23340,"2025-07-11",科教文体,电话,12
23341,"2025-07-11",公卫医疗,电话,18
23342,"2025-07-11",城乡建设,电话,6
23343,"2025-07-11",交通运输,电话,18
23344,"2025-07-11",农林牧渔,电话,12
23345,"2025-07-11",科教文体,来信,0
23346,"2025-07-11",公卫医疗,来信,4
23347,"2025-07-11",城乡建设,来信,1
23348,"2025-07-11",交通运输,来信,3
23349,"2025-07-11",农林牧渔,来信,3
23350,"2025-07-11",科教文体,网站,11
23351,"2025-07-11",公卫医疗,网站,59
23352,"2025-07-11",城乡建设,网站,45
23353,"2025-07-11",交通运输,网站,54
23354,"2025-07-11",农林牧渔,网站,9
23355,"2025-07-11",科教文体,小程序/公众号,142
23356,"2025-07-11",公卫医疗,小程序/公众号,124
23357,"2025-07-11",城乡建设,小程序/公众号,166
23358,"2025-07-11",交通运输,小程序/公众号,48
23359,"2025-07-11",农林牧渔,小程序/公众号,156
23360,"2025-07-12",科教文体,电话,7
23361,"2025-07-12",公卫医疗,电话,1
23362,"2025-07-12",城乡建设,电话,10
23363,"2025-07-12",交通运输,电话,10
23364,"2025-07-12",农林牧渔,电话,15
23365,"2025-07-12",科教文体,来信,12
23366,"2025-07-12",公卫医疗,来信,8
23367,"2025-07-12",城乡建设,来信,2
23368,"2025-07-12",交通运输,来信,4
23369,"2025-07-12",农林牧渔,来信,2
23370,"2025-07-12",科教文体,网站,57
23371,"2025-07-12",公卫医疗,网站,15
23372,"2025-07-12",城乡建设,网站,66
23373,"2025-07-12",交通运输,网站,94
23374,"2025-07-12",农林牧渔,网站,53
23375,"2025-07-12",科教文体,小程序/公众号,41
23376,"2025-07-12",公卫医疗,小程序/公众号,159
23377,"2025-07-12",城乡建设,小程序/公众号,93
23378,"2025-07-12",交通运输,小程序/公众号,210
23379,"2025-07-12",农林牧渔,小程序/公众号,87
23380,"2025-07-13",科教文体,电话,6
23381,"2025-07-13",公卫医疗,电话,4
23382,"2025-07-13",城乡建设,电话,10
23383,"2025-07-13",交通运输,电话,20
23384,"2025-07-13",农林牧渔,电话,24
23385,"2025-07-13",科教文体,来信,7
23386,"2025-07-13",公卫医疗,来信,1
23387,"2025-07-13",城乡建设,来信,10
23388,"2025-07-13",交通运输,来信,18
23389,"2025-07-13",农林牧渔,来信,33
23390,"2025-07-13",科教文体,网站,7
23391,"2025-07-13",公卫医疗,网站,37
23392,"2025-07-13",城乡建设,网站,11
23393,"2025-07-13",交通运输,网站,50
23394,"2025-07-13",农林牧渔,网站,29
23395,"2025-07-13",科教文体,小程序/公众号,51
23396,"2025-07-13",公卫医疗,小程序/公众号,13
23397,"2025-07-13",城乡建设,小程序/公众号,52
23398,"2025-07-13",交通运输,小程序/公众号,64
23399,"2025-07-13",农林牧渔,小程序/公众号,73
23400,"2025-07-14",科教文体,电话,14
23401,"2025-07-14",公卫医疗,电话,8
23402,"2025-07-14",城乡建设,电话,11
23403,"2025-07-14",交通运输,电话,3
23404,"2025-07-14",农林牧渔,电话,8
23405,"2025-07-14",科教文体,来信,21
23406,"2025-07-14",公卫医疗,来信,21
23407,"2025-07-14",城乡建设,来信,0
23408,"2025-07-14",交通运输,来信,19
23409,"2025-07-14",农林牧渔,来信,10
23410,"2025-07-14",科教文体,网站,62
23411,"2025-07-14",公卫医疗,网站,33
23412,"2025-07-14",城乡建设,网站,11
23413,"2025-07-14",交通运输,网站,15
23414,"2025-07-14",农林牧渔,网站,9
23415,"2025-07-14",科教文体,小程序/公众号,1
23416,"2025-07-14",公卫医疗,小程序/公众号,69
23417,"2025-07-14",城乡建设,小程序/公众号,7
23418,"2025-07-14",交通运输,小程序/公众号,14
23419,"2025-07-14",农林牧渔,小程序/公众号,101
23420,"2025-07-15",科教文体,电话,11
23421,"2025-07-15",公卫医疗,电话,38
23422,"2025-07-15",城乡建设,电话,16
23423,"2025-07-15",交通运输,电话,25
23424,"2025-07-15",农林牧渔,电话,7
23425,"2025-07-15",科教文体,来信,2
23426,"2025-07-15",公卫医疗,来信,18
23427,"2025-07-15",城乡建设,来信,7
23428,"2025-07-15",交通运输,来信,13
23429,"2025-07-15",农林牧渔,来信,18
23430,"2025-07-15",科教文体,网站,3
23431,"2025-07-15",公卫医疗,网站,7
23432,"2025-07-15",城乡建设,网站,10
23433,"2025-07-15",交通运输,网站,11
23434,"2025-07-15",农林牧渔,网站,7
23435,"2025-07-15",科教文体,小程序/公众号,26
23436,"2025-07-15",公卫医疗,小程序/公众号,38
23437,"2025-07-15",城乡建设,小程序/公众号,52
23438,"2025-07-15",交通运输,小程序/公众号,79
23439,"2025-07-15",农林牧渔,小程序/公众号,25
23440,"2025-07-16",科教文体,电话,2
23441,"2025-07-16",公卫医疗,电话,50
23442,"2025-07-16",城乡建设,电话,26
23443,"2025-07-16",交通运输,电话,45
23444,"2025-07-16",农林牧渔,电话,39
23445,"2025-07-16",科教文体,来信,10
23446,"2025-07-16",公卫医疗,来信,11
23447,"2025-07-16",城乡建设,来信,2
23448,"2025-07-16",交通运输,来信,2
23449,"2025-07-16",农林牧渔,来信,5
23450,"2025-07-16",科教文体,网站,39
23451,"2025-07-16",公卫医疗,网站,10
23452,"2025-07-16",城乡建设,网站,19
23453,"2025-07-16",交通运输,网站,40
23454,"2025-07-16",农林牧渔,网站,52
23455,"2025-07-16",科教文体,小程序/公众号,99
23456,"2025-07-16",公卫医疗,小程序/公众号,108
23457,"2025-07-16",城乡建设,小程序/公众号,89
23458,"2025-07-16",交通运输,小程序/公众号,57
23459,"2025-07-16",农林牧渔,小程序/公众号,39
23460,"2025-07-17",科教文体,电话,4
23461,"2025-07-17",公卫医疗,电话,0
23462,"2025-07-17",城乡建设,电话,5
23463,"2025-07-17",交通运输,电话,3
23464,"2025-07-17",农林牧渔,电话,2
23465,"2025-07-17",科教文体,来信,49
23466,"2025-07-17",公卫医疗,来信,31
23467,"2025-07-17",城乡建设,来信,25
23468,"2025-07-17",交通运输,来信,52
23469,"2025-07-17",农林牧渔,来信,47
23470,"2025-07-17",科教文体,网站,25
23471,"2025-07-17",公卫医疗,网站,81
23472,"2025-07-17",城乡建设,网站,47
23473,"2025-07-17",交通运输,网站,45
23474,"2025-07-17",农林牧渔,网站,8
23475,"2025-07-17",科教文体,小程序/公众号,74
23476,"2025-07-17",公卫医疗,小程序/公众号,88
23477,"2025-07-17",城乡建设,小程序/公众号,72
23478,"2025-07-17",交通运输,小程序/公众号,43
23479,"2025-07-17",农林牧渔,小程序/公众号,48
23480,"2025-07-18",科教文体,电话,7
23481,"2025-07-18",公卫医疗,电话,9
23482,"2025-07-18",城乡建设,电话,9
23483,"2025-07-18",交通运输,电话,3
23484,"2025-07-18",农林牧渔,电话,6
23485,"2025-07-18",科教文体,来信,2
23486,"2025-07-18",公卫医疗,来信,3
23487,"2025-07-18",城乡建设,来信,2
23488,"2025-07-18",交通运输,来信,2
23489,"2025-07-18",农林牧渔,来信,1
23490,"2025-07-18",科教文体,网站,20
23491,"2025-07-18",公卫医疗,网站,16
23492,"2025-07-18",城乡建设,网站,5
23493,"2025-07-18",交通运输,网站,7
23494,"2025-07-18",农林牧渔,网站,21
23495,"2025-07-18",科教文体,小程序/公众号,12
23496,"2025-07-18",公卫医疗,小程序/公众号,256
23497,"2025-07-18",城乡建设,小程序/公众号,188
23498,"2025-07-18",交通运输,小程序/公众号,160
23499,"2025-07-18",农林牧渔,小程序/公众号,4
23500,"2025-07-19",科教文体,电话,37
23501,"2025-07-19",公卫医疗,电话,5
23502,"2025-07-19",城乡建设,电话,81
23503,"2025-07-19",交通运输,电话,21
23504,"2025-07-19",农林牧渔,电话,69
23505,"2025-07-19",科教文体,来信,59
23506,"2025-07-19",公卫医疗,来信,1
23507,"2025-07-19",城乡建设,来信,16
23508,"2025-07-19",交通运输,来信,48
23509,"2025-07-19",农林牧渔,来信,26
23510,"2025-07-19",科教文体,网站,16
23511,"2025-07-19",公卫医疗,网站,5
23512,"2025-07-19",城乡建设,网站,10
23513,"2025-07-19",交通运输,网站,0
23514,"2025-07-19",农林牧渔,网站,12
23515,"2025-07-19",科教文体,小程序/公众号,154
23516,"2025-07-19",公卫医疗,小程序/公众号,52
23517,"2025-07-19",城乡建设,小程序/公众号,51
23518,"2025-07-19",交通运输,小程序/公众号,151
23519,"2025-07-19",农林牧渔,小程序/公众号,45
23520,"2025-07-20",科教文体,电话,9
23521,"2025-07-20",公卫医疗,电话,9
23522,"2025-07-20",城乡建设,电话,41
23523,"2025-07-20",交通运输,电话,7
23524,"2025-07-20",农林牧渔,电话,61
23525,"2025-07-20",科教文体,来信,3
23526,"2025-07-20",公卫医疗,来信,7
23527,"2025-07-20",城乡建设,来信,9
23528,"2025-07-20",交通运输,来信,6
23529,"2025-07-20",农林牧渔,来信,8
23530,"2025-07-20",科教文体,网站,23
23531,"2025-07-20",公卫医疗,网站,1
23532,"2025-07-20",城乡建设,网站,18
23533,"2025-07-20",交通运输,网站,3
23534,"2025-07-20",农林牧渔,网站,19
23535,"2025-07-20",科教文体,小程序/公众号,150
23536,"2025-07-20",公卫医疗,小程序/公众号,131
23537,"2025-07-20",城乡建设,小程序/公众号,61
23538,"2025-07-20",交通运输,小程序/公众号,137
23539,"2025-07-20",农林牧渔,小程序/公众号,155
23540,"2025-07-21",科教文体,电话,1
23541,"2025-07-21",公卫医疗,电话,2
23542,"2025-07-21",城乡建设,电话,2
23543,"2025-07-21",交通运输,电话,2
23544,"2025-07-21",农林牧渔,电话,3
23545,"2025-07-21",科教文体,来信,6
23546,"2025-07-21",公卫医疗,来信,16
23547,"2025-07-21",城乡建设,来信,18
23548,"2025-07-21",交通运输,来信,4
23549,"2025-07-21",农林牧渔,来信,20
23550,"2025-07-21",科教文体,网站,9
23551,"2025-07-21",公卫医疗,网站,3
23552,"2025-07-21",城乡建设,网站,13
23553,"2025-07-21",交通运输,网站,13
23554,"2025-07-21",农林牧渔,网站,8
23555,"2025-07-21",科教文体,小程序/公众号,22
23556,"2025-07-21",公卫医疗,小程序/公众号,127
23557,"2025-07-21",城乡建设,小程序/公众号,150
23558,"2025-07-21",交通运输,小程序/公众号,134
23559,"2025-07-21",农林牧渔,小程序/公众号,161
23560,"2025-07-22",科教文体,电话,28
23561,"2025-07-22",公卫医疗,电话,27
23562,"2025-07-22",城乡建设,电话,17
23563,"2025-07-22",交通运输,电话,16
23564,"2025-07-22",农林牧渔,电话,10
23565,"2025-07-22",科教文体,来信,11
23566,"2025-07-22",公卫医疗,来信,9
23567,"2025-07-22",城乡建设,来信,6
23568,"2025-07-22",交通运输,来信,9
23569,"2025-07-22",农林牧渔,来信,2
23570,"2025-07-22",科教文体,网站,18
23571,"2025-07-22",公卫医疗,网站,35
23572,"2025-07-22",城乡建设,网站,23
23573,"2025-07-22",交通运输,网站,7
23574,"2025-07-22",农林牧渔,网站,90
23575,"2025-07-22",科教文体,小程序/公众号,48
23576,"2025-07-22",公卫医疗,小程序/公众号,31
23577,"2025-07-22",城乡建设,小程序/公众号,94
23578,"2025-07-22",交通运输,小程序/公众号,58
23579,"2025-07-22",农林牧渔,小程序/公众号,112
23580,"2025-07-23",科教文体,电话,24
23581,"2025-07-23",公卫医疗,电话,16
23582,"2025-07-23",城乡建设,电话,13
23583,"2025-07-23",交通运输,电话,21
23584,"2025-07-23",农林牧渔,电话,19
23585,"2025-07-23",科教文体,来信,15
23586,"2025-07-23",公卫医疗,来信,3
23587,"2025-07-23",城乡建设,来信,15
23588,"2025-07-23",交通运输,来信,1
23589,"2025-07-23",农林牧渔,来信,1
23590,"2025-07-23",科教文体,网站,8
23591,"2025-07-23",公卫医疗,网站,31
23592,"2025-07-23",城乡建设,网站,46
23593,"2025-07-23",交通运输,网站,49
23594,"2025-07-23",农林牧渔,网站,22
23595,"2025-07-23",科教文体,小程序/公众号,80
23596,"2025-07-23",公卫医疗,小程序/公众号,174
23597,"2025-07-23",城乡建设,小程序/公众号,84
23598,"2025-07-23",交通运输,小程序/公众号,10
23599,"2025-07-23",农林牧渔,小程序/公众号,91
23600,"2025-07-24",科教文体,电话,16
23601,"2025-07-24",公卫医疗,电话,23
23602,"2025-07-24",城乡建设,电话,33
23603,"2025-07-24",交通运输,电话,34
23604,"2025-07-24",农林牧渔,电话,3
23605,"2025-07-24",科教文体,来信,76
23606,"2025-07-24",公卫医疗,来信,23
23607,"2025-07-24",城乡建设,来信,44
23608,"2025-07-24",交通运输,来信,74
23609,"2025-07-24",农林牧渔,来信,55
23610,"2025-07-24",科教文体,网站,49
23611,"2025-07-24",公卫医疗,网站,38
23612,"2025-07-24",城乡建设,网站,11
23613,"2025-07-24",交通运输,网站,46
23614,"2025-07-24",农林牧渔,网站,31
23615,"2025-07-24",科教文体,小程序/公众号,51
23616,"2025-07-24",公卫医疗,小程序/公众号,74
23617,"2025-07-24",城乡建设,小程序/公众号,112
23618,"2025-07-24",交通运输,小程序/公众号,51
23619,"2025-07-24",农林牧渔,小程序/公众号,108
23620,"2025-07-25",科教文体,电话,24
23621,"2025-07-25",公卫医疗,电话,1
23622,"2025-07-25",城乡建设,电话,26
23623,"2025-07-25",交通运输,电话,36
23624,"2025-07-25",农林牧渔,电话,48
23625,"2025-07-25",科教文体,来信,33
23626,"2025-07-25",公卫医疗,来信,45
23627,"2025-07-25",城乡建设,来信,8
23628,"2025-07-25",交通运输,来信,30
23629,"2025-07-25",农林牧渔,来信,30
23630,"2025-07-25",科教文体,网站,60
23631,"2025-07-25",公卫医疗,网站,28
23632,"2025-07-25",城乡建设,网站,1
23633,"2025-07-25",交通运输,网站,4
23634,"2025-07-25",农林牧渔,网站,15
23635,"2025-07-25",科教文体,小程序/公众号,63
23636,"2025-07-25",公卫医疗,小程序/公众号,11
23637,"2025-07-25",城乡建设,小程序/公众号,96
23638,"2025-07-25",交通运输,小程序/公众号,73
23639,"2025-07-25",农林牧渔,小程序/公众号,37
23640,"2025-07-26",科教文体,电话,14
23641,"2025-07-26",公卫医疗,电话,11
23642,"2025-07-26",城乡建设,电话,14
23643,"2025-07-26",交通运输,电话,13
23644,"2025-07-26",农林牧渔,电话,1
23645,"2025-07-26",科教文体,来信,0
23646,"2025-07-26",公卫医疗,来信,21
23647,"2025-07-26",城乡建设,来信,23
23648,"2025-07-26",交通运输,来信,16
23649,"2025-07-26",农林牧渔,来信,12
23650,"2025-07-26",科教文体,网站,64
23651,"2025-07-26",公卫医疗,网站,50
23652,"2025-07-26",城乡建设,网站,41
23653,"2025-07-26",交通运输,网站,30
23654,"2025-07-26",农林牧渔,网站,3
23655,"2025-07-26",科教文体,小程序/公众号,1
23656,"2025-07-26",公卫医疗,小程序/公众号,110
23657,"2025-07-26",城乡建设,小程序/公众号,47
23658,"2025-07-26",交通运输,小程序/公众号,3
23659,"2025-07-26",农林牧渔,小程序/公众号,79
23660,"2025-07-27",科教文体,电话,10
23661,"2025-07-27",公卫医疗,电话,12
23662,"2025-07-27",城乡建设,电话,2
23663,"2025-07-27",交通运输,电话,24
23664,"2025-07-27",农林牧渔,电话,7
23665,"2025-07-27",科教文体,来信,1
23666,"2025-07-27",公卫医疗,来信,10
23667,"2025-07-27",城乡建设,来信,2
23668,"2025-07-27",交通运输,来信,13
23669,"2025-07-27",农林牧渔,来信,8
23670,"2025-07-27",科教文体,网站,36
23671,"2025-07-27",公卫医疗,网站,19
23672,"2025-07-27",城乡建设,网站,37
23673,"2025-07-27",交通运输,网站,38
23674,"2025-07-27",农林牧渔,网站,7
23675,"2025-07-27",科教文体,小程序/公众号,8
23676,"2025-07-27",公卫医疗,小程序/公众号,36
23677,"2025-07-27",城乡建设,小程序/公众号,20
23678,"2025-07-27",交通运输,小程序/公众号,56
23679,"2025-07-27",农林牧渔,小程序/公众号,46
23680,"2025-07-28",科教文体,电话,10
23681,"2025-07-28",公卫医疗,电话,17
23682,"2025-07-28",城乡建设,电话,15
23683,"2025-07-28",交通运输,电话,6
23684,"2025-07-28",农林牧渔,电话,25
23685,"2025-07-28",科教文体,来信,10
23686,"2025-07-28",公卫医疗,来信,14
23687,"2025-07-28",城乡建设,来信,9
23688,"2025-07-28",交通运输,来信,4
23689,"2025-07-28",农林牧渔,来信,13
23690,"2025-07-28",科教文体,网站,14
23691,"2025-07-28",公卫医疗,网站,11
23692,"2025-07-28",城乡建设,网站,22
23693,"2025-07-28",交通运输,网站,21
23694,"2025-07-28",农林牧渔,网站,5
23695,"2025-07-28",科教文体,小程序/公众号,7
23696,"2025-07-28",公卫医疗,小程序/公众号,17
23697,"2025-07-28",城乡建设,小程序/公众号,43
23698,"2025-07-28",交通运输,小程序/公众号,54
23699,"2025-07-28",农林牧渔,小程序/公众号,31
23700,"2025-07-29",科教文体,电话,29
23701,"2025-07-29",公卫医疗,电话,45
23702,"2025-07-29",城乡建设,电话,9
23703,"2025-07-29",交通运输,电话,31
23704,"2025-07-29",农林牧渔,电话,45
23705,"2025-07-29",科教文体,来信,20
23706,"2025-07-29",公卫医疗,来信,26
23707,"2025-07-29",城乡建设,来信,14
23708,"2025-07-29",交通运输,来信,114
23709,"2025-07-29",农林牧渔,来信,51
23710,"2025-07-29",科教文体,网站,64
23711,"2025-07-29",公卫医疗,网站,17
23712,"2025-07-29",城乡建设,网站,39
23713,"2025-07-29",交通运输,网站,10
23714,"2025-07-29",农林牧渔,网站,68
23715,"2025-07-29",科教文体,小程序/公众号,96
23716,"2025-07-29",公卫医疗,小程序/公众号,122
23717,"2025-07-29",城乡建设,小程序/公众号,10
23718,"2025-07-29",交通运输,小程序/公众号,85
23719,"2025-07-29",农林牧渔,小程序/公众号,10
23720,"2025-07-30",科教文体,电话,34
23721,"2025-07-30",公卫医疗,电话,41
23722,"2025-07-30",城乡建设,电话,18
23723,"2025-07-30",交通运输,电话,56
23724,"2025-07-30",农林牧渔,电话,61
23725,"2025-07-30",科教文体,来信,30
23726,"2025-07-30",公卫医疗,来信,20
23727,"2025-07-30",城乡建设,来信,13
23728,"2025-07-30",交通运输,来信,64
23729,"2025-07-30",农林牧渔,来信,55
23730,"2025-07-30",科教文体,网站,4
23731,"2025-07-30",公卫医疗,网站,21
23732,"2025-07-30",城乡建设,网站,40
23733,"2025-07-30",交通运输,网站,47
23734,"2025-07-30",农林牧渔,网站,23
23735,"2025-07-30",科教文体,小程序/公众号,99
23736,"2025-07-30",公卫医疗,小程序/公众号,51
23737,"2025-07-30",城乡建设,小程序/公众号,1
23738,"2025-07-30",交通运输,小程序/公众号,100
23739,"2025-07-30",农林牧渔,小程序/公众号,70
23740,"2025-07-31",科教文体,电话,9
23741,"2025-07-31",公卫医疗,电话,6
23742,"2025-07-31",城乡建设,电话,12
23743,"2025-07-31",交通运输,电话,6
23744,"2025-07-31",农林牧渔,电话,3
23745,"2025-07-31",科教文体,来信,10
23746,"2025-07-31",公卫医疗,来信,18
23747,"2025-07-31",城乡建设,来信,17
23748,"2025-07-31",交通运输,来信,9
23749,"2025-07-31",农林牧渔,来信,6
23750,"2025-07-31",科教文体,网站,4
23751,"2025-07-31",公卫医疗,网站,10
23752,"2025-07-31",城乡建设,网站,3
23753,"2025-07-31",交通运输,网站,12
23754,"2025-07-31",农林牧渔,网站,5
23755,"2025-07-31",科教文体,小程序/公众号,56
23756,"2025-07-31",公卫医疗,小程序/公众号,45
23757,"2025-07-31",城乡建设,小程序/公众号,41
23758,"2025-07-31",交通运输,小程序/公众号,29
23759,"2025-07-31",农林牧渔,小程序/公众号,6
23760,"2025-08-01",科教文体,电话,18
23761,"2025-08-01",公卫医疗,电话,54
23762,"2025-08-01",城乡建设,电话,30
23763,"2025-08-01",交通运输,电话,17
23764,"2025-08-01",农林牧渔,电话,21
23765,"2025-08-01",科教文体,来信,22
23766,"2025-08-01",公卫医疗,来信,65
23767,"2025-08-01",城乡建设,来信,15
23768,"2025-08-01",交通运输,来信,7
23769,"2025-08-01",农林牧渔,来信,24
23770,"2025-08-01",科教文体,网站,3
23771,"2025-08-01",公卫医疗,网站,4
23772,"2025-08-01",城乡建设,网站,13
23773,"2025-08-01",交通运输,网站,0
23774,"2025-08-01",农林牧渔,网站,12
23775,"2025-08-01",科教文体,小程序/公众号,21
23776,"2025-08-01",公卫医疗,小程序/公众号,94
23777,"2025-08-01",城乡建设,小程序/公众号,102
23778,"2025-08-01",交通运输,小程序/公众号,30
23779,"2025-08-01",农林牧渔,小程序/公众号,12
